ISO-10303-21;
HEADER;
FILE_DESCRIPTION (( 'STEP AP203' ),
    '1' );
FILE_NAME ('000545.step',
    '2026-06-28T20:07:46',
    ( '' ),
    ( '' ),
    'SwSTEP 2.0',
    'SolidWorks 2025',
    '' );
FILE_SCHEMA (( 'CONFIG_CONTROL_DESIGN' ));
ENDSEC;

DATA;
#1 = ADVANCED_FACE ( 'NONE', ( #53, #1794, #1480 ), #392, .F. ) ;
#2 = VERTEX_POINT ( 'NONE', #1194 ) ;
#3 = LINE ( 'NONE', #493, #1504 ) ;
#4 = CARTESIAN_POINT ( 'NONE',  ( 0.1975752729248345663, 0.008099999999999997827, 0.8099999999999999423 ) ) ;
#5 = CARTESIAN_POINT ( 'NONE',  ( -0.02120235783353380948, -0.003600000000000011177, 0.4499995773168325996 ) ) ;
#6 = ORIENTED_EDGE ( 'NONE', *, *, #236, .T. ) ;
#7 = ADVANCED_FACE ( 'NONE', ( #1173 ), #274, .T. ) ;
#8 = VERTEX_POINT ( 'NONE', #435 ) ;
#9 = FACE_OUTER_BOUND ( 'NONE', #645, .T. ) ;
#10 = LINE ( 'NONE', #798, #1908 ) ;
#11 = VERTEX_POINT ( 'NONE', #1408 ) ;
#12 = CYLINDRICAL_SURFACE ( 'NONE', #1814, 0.1619999999999999774 ) ;
#13 = CARTESIAN_POINT ( 'NONE',  ( -0.01842472707516540006, -0.2078999999999999737, 0.3334730299493183781 ) ) ;
#14 = AXIS2_PLACEMENT_3D ( 'NONE', #1953, #539, #252 ) ;
#15 = EDGE_CURVE ( 'NONE', #247, #1047, #1931, .T. ) ;
#16 = CARTESIAN_POINT ( 'NONE',  ( -0.07242472707516539598, 0.003599999999999999901, 0.6300000000000000044 ) ) ;
#17 = ORIENTED_EDGE ( 'NONE', *, *, #82, .F. ) ;
#18 = AXIS2_PLACEMENT_3D ( 'NONE', #902, #281, #1357 ) ;
#19 = ORIENTED_EDGE ( 'NONE', *, *, #89, .T. ) ;
#20 = AXIS2_PLACEMENT_3D ( 'NONE', #924, #476, #467 ) ;
#21 = DIRECTION ( 'NONE',  ( 1.000000000000000000, -1.176434648964306163E-16, 0.000000000000000000 ) ) ;
#22 = APPLICATION_PROTOCOL_DEFINITION ( 'international standard', 'config_control_design', 1994, #1964 ) ;
#23 = AXIS2_PLACEMENT_3D ( 'NONE', #1552, #1082, #1073 ) ;
#24 = CARTESIAN_POINT ( 'NONE',  ( -0.03615823905948755551, -0.003124679232776870260, -0.5384766068079279711 ) ) ;
#25 = CARTESIAN_POINT ( 'NONE',  ( -0.1174247270751653804, 0.003599999999999999901, -0.7019999999999999574 ) ) ;
#26 = ADVANCED_FACE ( 'NONE', ( #1553 ), #931, .F. ) ;
#27 = DIRECTION ( 'NONE',  ( 2.267116354625794968E-16, -1.000000000000000000, 3.486781572442120134E-16 ) ) ;
#28 = AXIS2_PLACEMENT_3D ( 'NONE', #205, #1012, #1020 ) ;
#29 = ORIENTED_EDGE ( 'NONE', *, *, #236, .F. ) ;
#30 = VERTEX_POINT ( 'NONE', #1007 ) ;
#31 = DIRECTION ( 'NONE',  ( 0.000000000000000000, 0.000000000000000000, -1.000000000000000000 ) ) ;
#32 = SECURITY_CLASSIFICATION_LEVEL ( 'unclassified' ) ;
#33 = DIRECTION ( 'NONE',  ( -0.9364049428148745191, -0.3509213345920588201, 0.000000000000000000 ) ) ;
#34 = DIRECTION ( 'NONE',  ( 0.000000000000000000, 0.000000000000000000, 1.000000000000000000 ) ) ;
#35 = EDGE_CURVE ( 'NONE', #1904, #1278, #676, .T. ) ;
#36 = DIRECTION ( 'NONE',  ( 0.000000000000000000, 0.000000000000000000, 1.000000000000000000 ) ) ;
#37 = EDGE_LOOP ( 'NONE', ( #1731, #1664 ) ) ;
#38 = VERTEX_POINT ( 'NONE', #1750 ) ;
#39 = CARTESIAN_POINT ( 'NONE',  ( -0.1012247270751653883, -0.2078999999999999737, -0.6300000000000000044 ) ) ;
#40 = EDGE_CURVE ( 'NONE', #394, #1904, #1065, .T. ) ;
#41 = DIRECTION ( 'NONE',  ( 1.000000000000000000, 0.000000000000000000, 0.000000000000000000 ) ) ;
#42 = ADVANCED_FACE ( 'NONE', ( #9 ), #575, .F. ) ;
#43 = LINE ( 'NONE', #1447, #1746 ) ;
#44 = DIRECTION ( 'NONE',  ( 0.000000000000000000, 0.000000000000000000, -1.000000000000000000 ) ) ;
#45 = ORIENTED_EDGE ( 'NONE', *, *, #182, .F. ) ;
#46 = LINE ( 'NONE', #189, #1101 ) ;
#47 = AXIS2_PLACEMENT_3D ( 'NONE', #1514, #1723, #1970 ) ;
#48 = VECTOR ( 'NONE', #1579, 1000.000000000000000 ) ;
#49 = CARTESIAN_POINT ( 'NONE',  ( 0.1125502766002241944, -0.0009000000000000252373, -0.8279999999999999583 ) ) ;
#50 = AXIS2_PLACEMENT_3D ( 'NONE', #1537, #900, #1401 ) ;
#51 = CARTESIAN_POINT ( 'NONE',  ( -0.03638421372634811912, 0.003599999999999999901, -0.4859999999999999321 ) ) ;
#52 = CYLINDRICAL_SURFACE ( 'NONE', #1239, 0.004500000000000001395 ) ;
#53 = FACE_BOUND ( 'NONE', #1697, .T. ) ;
#54 = DIRECTION ( 'NONE',  ( 0.000000000000000000, 0.000000000000000000, 1.000000000000000000 ) ) ;
#55 = EDGE_CURVE ( 'NONE', #1364, #1673, #1337, .T. ) ;
#56 = CARTESIAN_POINT ( 'NONE',  ( 0.1155601288434939256, 0.002445263737537600474, 0.9000000000000000222 ) ) ;
#57 = VECTOR ( 'NONE', #1102, 1000.000000000000000 ) ;
#58 = EDGE_CURVE ( 'NONE', #319, #1041, #176, .T. ) ;
#59 = DIRECTION ( 'NONE',  ( 1.221245327087670025E-15, 7.026920955971140900E-31, 1.000000000000000000 ) ) ;
#60 = ORIENTED_EDGE ( 'NONE', *, *, #1992, .F. ) ;
#61 = CARTESIAN_POINT ( 'NONE',  ( 0.1975749700413186039, -0.003599999999999999901, 0.000000000000000000 ) ) ;
#62 = EDGE_CURVE ( 'NONE', #362, #1825, #1346, .T. ) ;
#63 = DIRECTION ( 'NONE',  ( -0.9902105881584567504, -0.1395814855161079671, 0.000000000000000000 ) ) ;
#64 = DIRECTION ( 'NONE',  ( 5.208675535610450032E-17, -1.000000000000000000, 3.021291494821685250E-16 ) ) ;
#65 = ORIENTED_EDGE ( 'NONE', *, *, #1045, .F. ) ;
#66 = CYLINDRICAL_SURFACE ( 'NONE', #237, 0.02879999999999999574 ) ;
#67 = AXIS2_PLACEMENT_3D ( 'NONE', #1812, #1675, #553 ) ;
#68 = AXIS2_PLACEMENT_3D ( 'NONE', #908, #1210, #1536 ) ;
#69 = CARTESIAN_POINT ( 'NONE',  ( 0.1975751214830765989, -0.003599999999999999901, 0.8279999999999999583 ) ) ;
#70 = ORIENTED_EDGE ( 'NONE', *, *, #1521, .T. ) ;
#71 = CARTESIAN_POINT ( 'NONE',  ( -0.1174247270751653804, -0.003599999999999999901, 0.4500000000000000111 ) ) ;
#72 = CARTESIAN_POINT ( 'NONE',  ( -0.1174247270751646588, 0.003599999999999999901, 0.1619999999999999774 ) ) ;
#73 = VECTOR ( 'NONE', #1307, 1000.000000000000000 ) ;
#74 = ORIENTED_EDGE ( 'NONE', *, *, #1138, .T. ) ;
#75 = CIRCLE ( 'NONE', #1270, 0.004500000000000002262 ) ;
#76 = EDGE_LOOP ( 'NONE', ( #1530, #597, #1241, #1686, #1483, #754 ) ) ;
#77 = VECTOR ( 'NONE', #776, 1000.000000000000000 ) ;
#78 = AXIS2_PLACEMENT_3D ( 'NONE', #833, #521, #1891 ) ;
#79 = LINE ( 'NONE', #708, #142 ) ;
#80 = AXIS2_PLACEMENT_3D ( 'NONE', #1676, #381, #1172 ) ;
#81 = CARTESIAN_POINT ( 'NONE',  ( -0.04362472707516540371, -0.003600000000000003371, -0.6300000000000000044 ) ) ;
#82 = EDGE_CURVE ( 'NONE', #987, #1825, #1437, .T. ) ;
#83 = ORIENTED_EDGE ( 'NONE', *, *, #456, .F. ) ;
#84 = DIRECTION ( 'NONE',  ( 0.000000000000000000, 0.000000000000000000, 1.000000000000000000 ) ) ;
#85 = ORIENTED_EDGE ( 'NONE', *, *, #87, .F. ) ;
#86 = DIRECTION ( 'NONE',  ( 0.000000000000000000, 0.000000000000000000, 1.000000000000000000 ) ) ;
#87 = EDGE_CURVE ( 'NONE', #588, #1569, #334, .T. ) ;
#88 = ADVANCED_FACE ( 'NONE', ( #982 ), #1444, .T. ) ;
#89 = EDGE_CURVE ( 'NONE', #588, #987, #669, .T. ) ;
#90 = CARTESIAN_POINT ( 'NONE',  ( 0.08057527292483460113, -0.1539000000000000090, -0.7019999999999999574 ) ) ;
#91 = CARTESIAN_POINT ( 'NONE',  ( 0.09417314058884099226, 0.003599999999999999901, -0.4500000000000000111 ) ) ;
#92 = EDGE_LOOP ( 'NONE', ( #1457, #1945, #618, #1245 ) ) ;
#93 = DIRECTION ( 'NONE',  ( -0.7071067811865481278, 8.555888356104046954E-17, -0.7071067811865470176 ) ) ;
#94 = EDGE_CURVE ( 'NONE', #665, #613, #1926, .T. ) ;
#95 = CARTESIAN_POINT ( 'NONE',  ( 0.1076879652636394263, 0.003599999999999912732, -0.4444075846324097578 ) ) ;
#96 = CARTESIAN_POINT ( 'NONE',  ( -0.04362472707516540371, -0.003600000000000003371, 0.6300000000000000044 ) ) ;
#97 = CIRCLE ( 'NONE', #1900, 0.1035000046938659435 ) ;
#98 = LINE ( 'NONE', #729, #1743 ) ;
#99 = VERTEX_POINT ( 'NONE', #269 ) ;
#100 = EDGE_LOOP ( 'NONE', ( #617, #1211, #1164, #568 ) ) ;
#101 = DIRECTION ( 'NONE',  ( 0.6725927091345461628, 0.7400128699009577149, 0.000000000000000000 ) ) ;
#102 = EDGE_LOOP ( 'NONE', ( #654, #1654, #1476, #1117 ) ) ;
#103 = VECTOR ( 'NONE', #1754, 1000.000000000000000 ) ;
#104 = FACE_OUTER_BOUND ( 'NONE', #731, .T. ) ;
#105 = LOCAL_TIME ( 4, 7, 46.00000000000000000, #1705 ) ;
#106 = AXIS2_PLACEMENT_3D ( 'NONE', #1996, #1240, #1370 ) ;
#107 = CIRCLE ( 'NONE', #606, 0.02879999999999999574 ) ;
#108 = DIRECTION ( 'NONE',  ( -0.7071067811865481278, 1.368942136976647463E-16, -0.7071067811865470176 ) ) ;
#109 = CIRCLE ( 'NONE', #50, 0.004500000000000001395 ) ;
#110 = CARTESIAN_POINT ( 'NONE',  ( 0.08057527292483460113, -0.2078999999999999737, 0.1619999999999999774 ) ) ;
#111 = ORIENTED_EDGE ( 'NONE', *, *, #947, .T. ) ;
#112 = EDGE_LOOP ( 'NONE', ( #531, #442 ) ) ;
#113 = DIRECTION ( 'NONE',  ( 1.727445884434309864E-16, 1.000000000000000000, -5.027990852869619570E-17 ) ) ;
#114 = EDGE_CURVE ( 'NONE', #601, #1628, #649, .T. ) ;
#115 = CARTESIAN_POINT ( 'NONE',  ( -0.1174247270751646588, -0.003599999999999999901, 0.1619999999999999774 ) ) ;
#116 = ORIENTED_EDGE ( 'NONE', *, *, #1776, .F. ) ;
#117 = CARTESIAN_POINT ( 'NONE',  ( 0.08057527292483460113, -0.2078999999999999737, 0.5049460598986384996 ) ) ;
#118 =( BOUNDED_CURVE ( )  B_SPLINE_CURVE ( 3, ( #1507, #1531, #95, #1212 ),
 .UNSPECIFIED., .F., .F. ) 
 B_SPLINE_CURVE_WITH_KNOTS ( ( 4, 4 ),
 ( 4.579670518942640101, 6.150781033131419662 ),
 .UNSPECIFIED. ) 
 CURVE ( )  GEOMETRIC_REPRESENTATION_ITEM ( )  RATIONAL_B_SPLINE_CURVE ( ( 1.000000000000000000, 0.8046637936289819937, 0.8046637936289819937, 1.000000000000000000 ) ) 
 REPRESENTATION_ITEM ( '' )  );
#119 = DIRECTION ( 'NONE',  ( 0.000000000000000000, 0.000000000000000000, 1.000000000000000000 ) ) ;
#120 = CARTESIAN_POINT ( 'NONE',  ( 0.02258241559977109195, -0.003600000000000016815, -0.3020071426749364463 ) ) ;
#121 = EDGE_LOOP ( 'NONE', ( #488, #1815, #277, #161 ) ) ;
#122 = ORIENTED_EDGE ( 'NONE', *, *, #915, .F. ) ;
#123 = EDGE_CURVE ( 'NONE', #795, #1185, #580, .T. ) ;
#124 = CARTESIAN_POINT ( 'NONE',  ( -0.02120235783353311212, -0.003600000000000012912, -0.4499995773168338209 ) ) ;
#125 = CARTESIAN_POINT ( 'NONE',  ( 0.08057527292483460113, 0.003599999999999999901, 0.5049460598986384996 ) ) ;
#126 = ORIENTED_EDGE ( 'NONE', *, *, #1639, .T. ) ;
#127 = ORIENTED_EDGE ( 'NONE', *, *, #1091, .F. ) ;
#128 = CARTESIAN_POINT ( 'NONE',  ( 0.08057527292483460113, -0.2078999999999999737, 0.5049460598986384996 ) ) ;
#129 = CARTESIAN_POINT ( 'NONE',  ( 0.1125502766002241944, -0.0009000000000000252373, 0.8279999999999999583 ) ) ;
#130 = CARTESIAN_POINT ( 'NONE',  ( 0.09857527292483458936, 0.003599999999999999901, -0.9000000000000000222 ) ) ;
#131 = ORIENTED_EDGE ( 'NONE', *, *, #585, .F. ) ;
#132 = VERTEX_POINT ( 'NONE', #1126 ) ;
#133 = AXIS2_PLACEMENT_3D ( 'NONE', #416, #1810, #1954 ) ;
#134 = LINE ( 'NONE', #1896, #497 ) ;
#135 = CARTESIAN_POINT ( 'NONE',  ( -0.1174247270751653804, -0.003599999999999999901, 0.7019999999999999574 ) ) ;
#136 = EDGE_LOOP ( 'NONE', ( #326, #1781, #285, #1534 ) ) ;
#137 = LINE ( 'NONE', #1655, #1319 ) ;
#138 = CC_DESIGN_APPROVAL ( #1482, ( #525 ) ) ;
#139 = CLOSED_SHELL ( 'NONE', ( #1542, #7, #1331, #1984, #243, #1342, #890, #1906, #1124, #1548, #958, #1090, #1275, #1249, #620, #475, #1, #323, #1784, #26, #983, #1753, #1626, #1551, #1587, #299, #146, #1445, #1135, #1458, #1023, #411, #1809, #208, #650, #42, #720, #1465, #633, #663, #1099, #144, #1694, #380, #691, #218, #1882, #1032, #302, #483, #1406, #873, #949, #210, #1685, #672, #901, #88 ) ) ;
#140 = DIRECTION ( 'NONE',  ( 0.000000000000000000, 0.000000000000000000, 1.000000000000000000 ) ) ;
#141 = CIRCLE ( 'NONE', #670, 0.004500000000000001395 ) ;
#142 = VECTOR ( 'NONE', #1024, 1000.000000000000000 ) ;
#143 = PLANE ( 'NONE',  #342 ) ;
#144 = ADVANCED_FACE ( 'NONE', ( #251 ), #1544, .F. ) ;
#145 = ORIENTED_EDGE ( 'NONE', *, *, #1639, .F. ) ;
#146 = ADVANCED_FACE ( 'NONE', ( #1567 ), #1149, .F. ) ;
#147 = EDGE_LOOP ( 'NONE', ( #781, #1395 ) ) ;
#148 = AXIS2_PLACEMENT_3D ( 'NONE', #1025, #1647, #567 ) ;
#149 = CARTESIAN_POINT ( 'NONE',  ( -0.03613480686224891658, -0.003599999999999999901, 0.7154335412664101224 ) ) ;
#150 = COORDINATED_UNIVERSAL_TIME_OFFSET ( 8, 0, .AHEAD. ) ;
#151 = ORIENTED_EDGE ( 'NONE', *, *, #1807, .T. ) ;
#152 = FACE_OUTER_BOUND ( 'NONE', #722, .T. ) ;
#153 = CC_DESIGN_DATE_AND_TIME_ASSIGNMENT ( #1715, #1288, ( #525 ) ) ;
#154 = EDGE_CURVE ( 'NONE', #394, #377, #578, .T. ) ;
#155 = CARTESIAN_POINT ( 'NONE',  ( -0.1174247270751652139, 0.003599999999999999901, -0.1619999999999999774 ) ) ;
#156 = CIRCLE ( 'NONE', #28, 0.004500000000000001395 ) ;
#157 = DIRECTION ( 'NONE',  ( 1.000000000000000000, 5.753897927067920032E-16, 0.000000000000000000 ) ) ;
#158 = EDGE_LOOP ( 'NONE', ( #1808, #1188, #1707, #886 ) ) ;
#159 = CARTESIAN_POINT ( 'NONE',  ( 0.1170252764067833823, -0.0004263157894752251840, 0.8099999999999999423 ) ) ;
#160 = PERSON_AND_ORGANIZATION_ROLE ( 'creator' ) ;
#161 = ORIENTED_EDGE ( 'NONE', *, *, #1606, .T. ) ;
#162 = CYLINDRICAL_SURFACE ( 'NONE', #1737, 0.1979999999999999261 ) ;
#163 = EDGE_CURVE ( 'NONE', #362, #1645, #1853, .T. ) ;
#164 = DIRECTION ( 'NONE',  ( -1.000000000000000000, 1.375507369312020275E-16, 0.000000000000000000 ) ) ;
#165 = LINE ( 'NONE', #794, #1840 ) ;
#166 = ORIENTED_EDGE ( 'NONE', *, *, #939, .F. ) ;
#167 = EDGE_LOOP ( 'NONE', ( #60, #1174, #1783, #1943 ) ) ;
#168 = CARTESIAN_POINT ( 'NONE',  ( -0.03613480686224891658, -0.003599999999999999901, 0.7245664587335898243 ) ) ;
#169 = PERSON_AND_ORGANIZATION_ROLE ( 'design_owner' ) ;
#170 = CIRCLE ( 'NONE', #962, 0.1979999999999999816 ) ;
#171 = DIRECTION ( 'NONE',  ( 0.000000000000000000, 0.000000000000000000, -1.000000000000000000 ) ) ;
#172 = EDGE_CURVE ( 'NONE', #1044, #795, #118, .T. ) ;
#173 = DIRECTION ( 'NONE',  ( 0.000000000000000000, 0.000000000000000000, 1.000000000000000000 ) ) ;
#174 = CIRCLE ( 'NONE', #1646, 0.02879999999999999574 ) ;
#175 = CARTESIAN_POINT ( 'NONE',  ( -0.03613480686224909699, -0.003599999999999999901, 0.7739999999999997993 ) ) ;
#176 = CIRCLE ( 'NONE', #641, 0.08999999999999999667 ) ;
#177 = VERTEX_POINT ( 'NONE', #400 ) ;
#178 = ORIENTED_EDGE ( 'NONE', *, *, #154, .T. ) ;
#179 = CIRCLE ( 'NONE', #20, 0.1980027593728002910 ) ;
#180 = DIRECTION ( 'NONE',  ( 0.000000000000000000, 0.000000000000000000, 1.000000000000000000 ) ) ;
#181 = AXIS2_PLACEMENT_3D ( 'NONE', #1292, #209, #1765 ) ;
#182 = EDGE_CURVE ( 'NONE', #795, #1703, #1711, .T. ) ;
#183 = CARTESIAN_POINT ( 'NONE',  ( -0.04362472707516540371, -0.2078999999999999737, 0.6300000000000000044 ) ) ;
#184 = CARTESIAN_POINT ( 'NONE',  ( 0.1083398852128418660, -0.003600000000000006407, 0.4444044696166143393 ) ) ;
#185 = CARTESIAN_POINT ( 'NONE',  ( 0.03599832531163121851, -0.003599999999999999901, -0.8279999999999999583 ) ) ;
#186 = CARTESIAN_POINT ( 'NONE',  ( 0.1083390134783525915, -0.003599999999999999901, 0.9000000000000000222 ) ) ;
#187 = ORIENTED_EDGE ( 'NONE', *, *, #1912, .F. ) ;
#188 = EDGE_CURVE ( 'NONE', #715, #845, #75, .T. ) ;
#189 = CARTESIAN_POINT ( 'NONE',  ( -0.1174247270751653804, 0.003599999999999999901, 0.4500000000000000111 ) ) ;
#190 = PERSON_AND_ORGANIZATION ( #1227, #496 ) ;
#191 = ORIENTED_EDGE ( 'NONE', *, *, #260, .T. ) ;
#192 = DIRECTION ( 'NONE',  ( 1.000000000000000000, -1.176434648964306163E-16, 0.000000000000000000 ) ) ;
#193 = CARTESIAN_POINT ( 'NONE',  ( 0.1065314877942894617, 0.002430057914554284524, -0.8820000000000000062 ) ) ;
#194 = ORIENTED_EDGE ( 'NONE', *, *, #1922, .T. ) ;
#195 = FACE_OUTER_BOUND ( 'NONE', #1788, .T. ) ;
#196 = CARTESIAN_POINT ( 'NONE',  ( 0.1975752729248345663, 0.008099999999999997827, -0.7739999999999997993 ) ) ;
#197 = AXIS2_PLACEMENT_3D ( 'NONE', #117, #1833, #724 ) ;
#198 = LINE ( 'NONE', #1282, #704 ) ;
#199 = DIRECTION ( 'NONE',  ( -1.000000000000000000, -6.344131569286609929E-16, -3.362609845924909827E-47 ) ) ;
#200 = VECTOR ( 'NONE', #674, 1000.000000000000000 ) ;
#201 = EDGE_CURVE ( 'NONE', #632, #1987, #1983, .T. ) ;
#202 = FACE_OUTER_BOUND ( 'NONE', #349, .T. ) ;
#203 = VECTOR ( 'NONE', #814, 1000.000000000000000 ) ;
#204 = VECTOR ( 'NONE', #1400, 1000.000000000000000 ) ;
#205 = CARTESIAN_POINT ( 'NONE',  ( 0.1035048206031840001, -0.0009000000000000252373, -0.9000000000000000222 ) ) ;
#206 = CIRCLE ( 'NONE', #1910, 0.1979999999999998428 ) ;
#207 = VERTEX_POINT ( 'NONE', #443 ) ;
#208 = ADVANCED_FACE ( 'NONE', ( #1072 ), #1081, .F. ) ;
#209 = DIRECTION ( 'NONE',  ( 2.267116354625794968E-16, -1.000000000000000000, 3.486781572442120134E-16 ) ) ;
#210 = ADVANCED_FACE ( 'NONE', ( #1222 ), #564, .T. ) ;
#211 = DIRECTION ( 'NONE',  ( 1.727445884434309864E-16, 1.000000000000000000, 5.027990852869599232E-17 ) ) ;
#212 = ORIENTED_EDGE ( 'NONE', *, *, #1257, .T. ) ;
#213 = FACE_OUTER_BOUND ( 'NONE', #100, .T. ) ;
#214 = CARTESIAN_POINT ( 'NONE',  ( 0.08057527292483460113, 0.003599999999999999901, 0.9000000000000000222 ) ) ;
#215 = AXIS2_PLACEMENT_3D ( 'NONE', #1338, #1790, #1315 ) ;
#216 = ORIENTED_EDGE ( 'NONE', *, *, #570, .F. ) ;
#217 = CARTESIAN_POINT ( 'NONE',  ( 0.03563778498581537252, 0.003599999999999999901, 0.8279999999999999583 ) ) ;
#218 = ADVANCED_FACE ( 'NONE', ( #1540 ), #913, .T. ) ;
#219 = DIRECTION ( 'NONE',  ( -1.000000000000000000, -5.753897927067920032E-16, 0.000000000000000000 ) ) ;
#220 = EDGE_LOOP ( 'NONE', ( #1797, #549, #256, #1269, #116, #907, #777, #680, #427, #1850, #928, #477, #1334, #231, #1422, #1877, #1939, #759, #388, #2003, #1381, #1411, #240, #1562, #1995, #1712, #166, #1108, #1421, #717, #918, #478, #131, #855, #1681, #702, #288, #996, #1169, #1415 ) ) ;
#221 = CARTESIAN_POINT ( 'NONE',  ( 0.08057527292483460113, -0.2078999999999999737, -0.5049460598986384996 ) ) ;
#222 = DIRECTION ( 'NONE',  ( 0.000000000000000000, 0.000000000000000000, -1.000000000000000000 ) ) ;
#223 = DIRECTION ( 'NONE',  ( 0.000000000000000000, 0.000000000000000000, 1.000000000000000000 ) ) ;
#224 = ORIENTED_EDGE ( 'NONE', *, *, #459, .T. ) ;
#225 = EDGE_CURVE ( 'NONE', #917, #956, #1687, .T. ) ;
#226 = DIRECTION ( 'NONE',  ( 0.7071067811865479058, -1.368942136976647217E-16, 0.7071067811865470176 ) ) ;
#227 = AXIS2_PLACEMENT_3D ( 'NONE', #1190, #1800, #257 ) ;
#228 = AXIS2_PLACEMENT_3D ( 'NONE', #560, #1078, #93 ) ;
#229 = CARTESIAN_POINT ( 'NONE',  ( -0.02120235783353348683, -0.003600000000000013346, -0.8100004226831672982 ) ) ;
#230 = CYLINDRICAL_SURFACE ( 'NONE', #14, 0.02879999999999999574 ) ;
#231 = ORIENTED_EDGE ( 'NONE', *, *, #1177, .F. ) ;
#232 = AXIS2_PLACEMENT_3D ( 'NONE', #1672, #1529, #955 ) ;
#233 = CARTESIAN_POINT ( 'NONE',  ( -0.1174247270751652139, -0.2078999999999999737, -0.1619999999999999774 ) ) ;
#234 = CIRCLE ( 'NONE', #561, 0.004500000000000002262 ) ;
#235 = ORIENTED_EDGE ( 'NONE', *, *, #1264, .T. ) ;
#236 = EDGE_CURVE ( 'NONE', #1645, #787, #897, .T. ) ;
#237 = AXIS2_PLACEMENT_3D ( 'NONE', #1849, #745, #1325 ) ;
#238 = AXIS2_PLACEMENT_3D ( 'NONE', #1813, #119, #923 ) ;
#239 = DIRECTION ( 'NONE',  ( 0.000000000000000000, 0.000000000000000000, -1.000000000000000000 ) ) ;
#240 = ORIENTED_EDGE ( 'NONE', *, *, #1198, .F. ) ;
#241 = LINE ( 'NONE', #1668, #1160 ) ;
#242 = ORIENTED_EDGE ( 'NONE', *, *, #312, .F. ) ;
#243 = ADVANCED_FACE ( 'NONE', ( #1048 ), #1851, .T. ) ;
#244 = CARTESIAN_POINT ( 'NONE',  ( 0.1975752729248345663, 0.008099999999999997827, 0.9000000000000000222 ) ) ;
#245 = CYLINDRICAL_SURFACE ( 'NONE', #1584, 0.05400000000000001327 ) ;
#246 = ORIENTED_EDGE ( 'NONE', *, *, #832, .T. ) ;
#247 = VERTEX_POINT ( 'NONE', #1038 ) ;
#248 = AXIS2_PLACEMENT_3D ( 'NONE', #196, #386, #376 ) ;
#249 = DIRECTION ( 'NONE',  ( 1.000000000000000000, -1.254863625561926657E-16, 0.000000000000000000 ) ) ;
#250 = DIRECTION ( 'NONE',  ( 0.7071067811865479058, -8.555888356104044489E-17, 0.7071067811865470176 ) ) ;
#251 = FACE_OUTER_BOUND ( 'NONE', #1316, .T. ) ;
#252 = DIRECTION ( 'NONE',  ( 1.000000000000000000, 0.000000000000000000, 0.000000000000000000 ) ) ;
#253 = ORIENTED_EDGE ( 'NONE', *, *, #740, .F. ) ;
#254 = ORIENTED_EDGE ( 'NONE', *, *, #456, .T. ) ;
#255 = DIRECTION ( 'NONE',  ( -0.9364049428148747412, -0.3509213345920579874, 0.000000000000000000 ) ) ;
#256 = ORIENTED_EDGE ( 'NONE', *, *, #172, .F. ) ;
#257 = DIRECTION ( 'NONE',  ( -1.000000000000000000, 1.254863625561926657E-16, 0.000000000000000000 ) ) ;
#258 = EDGE_CURVE ( 'NONE', #1863, #1044, #97, .T. ) ;
#259 = CARTESIAN_POINT ( 'NONE',  ( -0.03613480686224891658, -0.003599999999999999901, 0.7245664587335898243 ) ) ;
#260 = EDGE_CURVE ( 'NONE', #956, #132, #793, .T. ) ;
#261 = CARTESIAN_POINT ( 'NONE',  ( -0.03613480686224909699, -0.003599999999999999901, 0.9000000000000000222 ) ) ;
#262 = ORIENTED_EDGE ( 'NONE', *, *, #536, .T. ) ;
#263 = FACE_OUTER_BOUND ( 'NONE', #1130, .T. ) ;
#264 = CARTESIAN_POINT ( 'NONE',  ( 0.09473869882967038414, -0.003599999999999999901, 0.4500000000000000111 ) ) ;
#265 = EDGE_LOOP ( 'NONE', ( #912, #1070, #1180, #1631, #753, #925 ) ) ;
#266 = VECTOR ( 'NONE', #1042, 1000.000000000000000 ) ;
#267 = DIRECTION ( 'NONE',  ( 0.000000000000000000, 0.000000000000000000, -1.000000000000000000 ) ) ;
#268 = VECTOR ( 'NONE', #484, 1000.000000000000000 ) ;
#269 = CARTESIAN_POINT ( 'NONE',  ( 0.03599832531163085769, -0.003599999999999999901, 0.8279999999999999583 ) ) ;
#270 = CIRCLE ( 'NONE', #899, 0.1979999999999999261 ) ;
#271 = LINE ( 'NONE', #784, #1595 ) ;
#272 = VECTOR ( 'NONE', #985, 1000.000000000000000 ) ;
#273 = EDGE_CURVE ( 'NONE', #38, #1971, #137, .T. ) ;
#274 = CYLINDRICAL_SURFACE ( 'NONE', #395, 0.1979999999999999816 ) ;
#275 = CARTESIAN_POINT ( 'NONE',  ( -0.03613480686224891658, -0.003599999999999999901, -0.5354335412664119609 ) ) ;
#276 = EDGE_LOOP ( 'NONE', ( #807, #885, #746, #1021, #953, #1845 ) ) ;
#277 = ORIENTED_EDGE ( 'NONE', *, *, #517, .T. ) ;
#278 = PLANE ( 'NONE',  #693 ) ;
#279 = CARTESIAN_POINT ( 'NONE',  ( -0.01842472707516540006, 0.003599999999999999901, -0.3334730299493183781 ) ) ;
#280 = VERTEX_POINT ( 'NONE', #1057 ) ;
#281 = DIRECTION ( 'NONE',  ( -5.208675535610450032E-17, 1.000000000000000000, -3.021291494821685250E-16 ) ) ;
#282 = DIRECTION ( 'NONE',  ( 1.224646799147350002E-16, 1.000000000000000000, 0.000000000000000000 ) ) ;
#283 = DIRECTION ( 'NONE',  ( -6.344131569286609929E-16, 1.000000000000000000, 0.000000000000000000 ) ) ;
#284 = ORIENTED_EDGE ( 'NONE', *, *, #668, .T. ) ;
#285 = ORIENTED_EDGE ( 'NONE', *, *, #1700, .T. ) ;
#286 = CARTESIAN_POINT ( 'NONE',  ( -0.03615823905948765959, -0.003124679232775849809, 0.7184766068079260215 ) ) ;
#287 = CARTESIAN_POINT ( 'NONE',  ( 0.03599832531163085769, -0.003599999999999999901, 0.8820000000000000062 ) ) ;
#288 = ORIENTED_EDGE ( 'NONE', *, *, #94, .F. ) ;
#289 = DIRECTION ( 'NONE',  ( 0.000000000000000000, 0.000000000000000000, -1.000000000000000000 ) ) ;
#290 = EDGE_CURVE ( 'NONE', #132, #8, #772, .T. ) ;
#291 = DIRECTION ( 'NONE',  ( 1.727445884434309864E-16, 1.000000000000000000, 5.027990852869599232E-17 ) ) ;
#292 = FACE_OUTER_BOUND ( 'NONE', #1261, .T. ) ;
#293 = EDGE_LOOP ( 'NONE', ( #357, #406, #1538, #321 ) ) ;
#294 = ORIENTED_EDGE ( 'NONE', *, *, #1304, .T. ) ;
#295 = EDGE_CURVE ( 'NONE', #1673, #588, #1828, .T. ) ;
#296 = CARTESIAN_POINT ( 'NONE',  ( -0.03638413014603635726, 0.003600000000000048474, 0.4649113482761390026 ) ) ;
#297 = PERSON_AND_ORGANIZATION_ROLE ( 'classification_officer' ) ;
#298 = ORIENTED_EDGE ( 'NONE', *, *, #1755, .T. ) ;
#299 = ADVANCED_FACE ( 'NONE', ( #104 ), #410, .F. ) ;
#300 = ORIENTED_EDGE ( 'NONE', *, *, #1045, .T. ) ;
#301 = DIRECTION ( 'NONE',  ( -1.000000000000000000, 1.129377204104120679E-16, 0.000000000000000000 ) ) ;
#302 = ADVANCED_FACE ( 'NONE', ( #891 ), #162, .T. ) ;
#303 = CIRCLE ( 'NONE', #232, 0.1979999999999999261 ) ;
#304 = AXIS2_PLACEMENT_3D ( 'NONE', #61, #1952, #699 ) ;
#305 = DIRECTION ( 'NONE',  ( 0.000000000000000000, 0.000000000000000000, 1.000000000000000000 ) ) ;
#306 = AXIS2_PLACEMENT_3D ( 'NONE', #1267, #180, #1865 ) ;
#307 = AXIS2_PLACEMENT_3D ( 'NONE', #1543, #305, #1242 ) ;
#308 = DIRECTION ( 'NONE',  ( -1.000000000000000000, -6.344131569286609929E-16, 1.105646901589159886E-47 ) ) ;
#309 = ORIENTED_EDGE ( 'NONE', *, *, #336, .T. ) ;
#310 = ORIENTED_EDGE ( 'NONE', *, *, #824, .F. ) ;
#311 = CIRCLE ( 'NONE', #1105, 0.1619999999999999774 ) ;
#312 = EDGE_CURVE ( 'NONE', #1205, #665, #1218, .T. ) ;
#313 = ORIENTED_EDGE ( 'NONE', *, *, #1498, .T. ) ;
#314 = CARTESIAN_POINT ( 'NONE',  ( -0.1174247270751653804, 0.003599999999999999901, 0.5049460598986384996 ) ) ;
#315 = CARTESIAN_POINT ( 'NONE',  ( -0.1174247270751648531, -0.2078999999999999737, 0.1619999999999999774 ) ) ;
#316 = CIRCLE ( 'NONE', #577, 0.1979999999999999261 ) ;
#317 = DIRECTION ( 'NONE',  ( 0.000000000000000000, 0.000000000000000000, 1.000000000000000000 ) ) ;
#318 = ORIENTED_EDGE ( 'NONE', *, *, #1578, .F. ) ;
#319 = VERTEX_POINT ( 'NONE', #1718 ) ;
#320 = PLANE ( 'NONE',  #306 ) ;
#321 = ORIENTED_EDGE ( 'NONE', *, *, #55, .T. ) ;
#322 = CARTESIAN_POINT ( 'NONE',  ( -8.150717451668380951E-05, -0.003599999999999999901, 0.8099999999999999423 ) ) ;
#323 = ADVANCED_FACE ( 'NONE', ( #1251 ), #551, .F. ) ;
#324 = CARTESIAN_POINT ( 'NONE',  ( -0.03638413014603763401, 0.003600000000000051076, -0.4649113482761394467 ) ) ;
#325 = CARTESIAN_POINT ( 'NONE',  ( -0.09089775702448428529, -0.2078999999999999460, -0.4059460598986385227 ) ) ;
#326 = ORIENTED_EDGE ( 'NONE', *, *, #725, .F. ) ;
#327 = ORIENTED_EDGE ( 'NONE', *, *, #353, .F. ) ;
#328 = EDGE_CURVE ( 'NONE', #1967, #1010, #1593, .T. ) ;
#329 = CARTESIAN_POINT ( 'NONE',  ( 0.1125502766002241944, -0.0009000000000000252373, 0.8279999999999999583 ) ) ;
#330 = DATE_AND_TIME ( #451, #1026 ) ;
#331 = CARTESIAN_POINT ( 'NONE',  ( 0.1035048206031840001, 0.003599999999999999901, 0.9000000000000000222 ) ) ;
#332 = AXIS2_PLACEMENT_3D ( 'NONE', #1528, #1671, #1386 ) ;
#333 = DIRECTION ( 'NONE',  ( 0.000000000000000000, 0.000000000000000000, -1.000000000000000000 ) ) ;
#334 = LINE ( 'NONE', #971, #203 ) ;
#335 = DIRECTION ( 'NONE',  ( 0.000000000000000000, 0.000000000000000000, 1.000000000000000000 ) ) ;
#336 = EDGE_CURVE ( 'NONE', #1013, #1224, #532, .T. ) ;
#337 = VECTOR ( 'NONE', #1590, 1000.000000000000000 ) ;
#338 = DIRECTION ( 'NONE',  ( 0.7071067811865471286, -1.368942136976647463E-16, -0.7071067811865481278 ) ) ;
#339 = AXIS2_PLACEMENT_3D ( 'NONE', #244, #222, #1354 ) ;
#340 = ORIENTED_EDGE ( 'NONE', *, *, #1283, .T. ) ;
#341 = ORIENTED_EDGE ( 'NONE', *, *, #391, .T. ) ;
#342 = AXIS2_PLACEMENT_3D ( 'NONE', #1311, #199, #1001 ) ;
#343 = CIRCLE ( 'NONE', #1804, 0.02879999999999999574 ) ;
#344 = DIRECTION ( 'NONE',  ( 0.000000000000000000, 0.000000000000000000, 1.000000000000000000 ) ) ;
#345 = CALENDAR_DATE ( 2026, 29, 6 ) ;
#346 = DIRECTION ( 'NONE',  ( 0.000000000000000000, 0.000000000000000000, 1.000000000000000000 ) ) ;
#347 = LINE ( 'NONE', #506, #1527 ) ;
#348 = CARTESIAN_POINT ( 'NONE',  ( 0.1083390087443129868, -0.003599999999999999901, 0.4364999999999999991 ) ) ;
#349 = EDGE_LOOP ( 'NONE', ( #636, #562, #1118, #1058 ) ) ;
#350 = CYLINDRICAL_SURFACE ( 'NONE', #1617, 0.004500000000000002262 ) ;
#351 = LINE ( 'NONE', #692, #409 ) ;
#352 = DIRECTION ( 'NONE',  ( -0.7071067811865481278, 8.555888356104046954E-17, 0.7071067811865470176 ) ) ;
#353 = EDGE_CURVE ( 'NONE', #1549, #550, #1113, .T. ) ;
#354 = DIRECTION ( 'NONE',  ( 0.000000000000000000, 0.000000000000000000, 1.000000000000000000 ) ) ;
#355 = CARTESIAN_POINT ( 'NONE',  ( 0.1975752729248345663, 0.008099999999999997827, -0.4859999999999999321 ) ) ;
#356 = CARTESIAN_POINT ( 'NONE',  ( -0.03613480686224895128, -0.003083889881337622055, 0.7215257964669051782 ) ) ;
#357 = ORIENTED_EDGE ( 'NONE', *, *, #295, .T. ) ;
#358 = EDGE_CURVE ( 'NONE', #2, #1696, #1603, .T. ) ;
#359 = CARTESIAN_POINT ( 'NONE',  ( -0.01842472707516540006, -0.2078999999999999737, -0.3334730299493183781 ) ) ;
#360 = DIRECTION ( 'NONE',  ( 0.000000000000000000, 0.000000000000000000, -1.000000000000000000 ) ) ;
#361 = DIRECTION ( 'NONE',  ( 0.6725927091345461628, 0.7400128699009577149, 0.000000000000000000 ) ) ;
#362 = VERTEX_POINT ( 'NONE', #453 ) ;
#363 = CIRCLE ( 'NONE', #1998, 0.004500000000000001395 ) ;
#364 =( GEOMETRIC_REPRESENTATION_CONTEXT ( 3 ) GLOBAL_UNCERTAINTY_ASSIGNED_CONTEXT ( ( #379 ) ) GLOBAL_UNIT_ASSIGNED_CONTEXT ( ( #780, #1110, #981 ) ) REPRESENTATION_CONTEXT ( 'NONE', 'WORKASPACE' ) );
#365 = CARTESIAN_POINT ( 'NONE',  ( -0.1174247270751653804, -0.003599999999999999901, -0.7019999999999999574 ) ) ;
#366 = AXIS2_PLACEMENT_3D ( 'NONE', #760, #747, #579 ) ;
#367 = CARTESIAN_POINT ( 'NONE',  ( -0.1174247270751652139, -0.003599999999999999901, -0.1619999999999999774 ) ) ;
#368 = AXIS2_PLACEMENT_3D ( 'NONE', #155, #1709, #608 ) ;
#369 = EDGE_CURVE ( 'NONE', #1224, #1013, #3, .T. ) ;
#370 = ORIENTED_EDGE ( 'NONE', *, *, #1184, .T. ) ;
#371 = DIRECTION ( 'NONE',  ( 0.6688560540599390869, 0.7433919416750275344, 0.000000000000000000 ) ) ;
#372 = DIRECTION ( 'NONE',  ( -5.208675535610499953E-17, 1.000000000000000000, 3.021291494821690181E-16 ) ) ;
#373 = EDGE_LOOP ( 'NONE', ( #6, #1085, #262, #1385 ) ) ;
#374 = DIRECTION ( 'NONE',  ( 0.000000000000000000, 0.000000000000000000, -1.000000000000000000 ) ) ;
#375 = EDGE_CURVE ( 'NONE', #736, #1205, #750, .T. ) ;
#376 = DIRECTION ( 'NONE',  ( -0.9364049428148747412, -0.3509213345920579874, 0.000000000000000000 ) ) ;
#377 = VERTEX_POINT ( 'NONE', #1435 ) ;
#378 = FACE_OUTER_BOUND ( 'NONE', #1345, .T. ) ;
#379 = UNCERTAINTY_MEASURE_WITH_UNIT (LENGTH_MEASURE( 1.000000000000000082E-05 ), #780, 'distance_accuracy_value', 'NONE');
#380 = ADVANCED_FACE ( 'NONE', ( #152 ), #12, .F. ) ;
#381 = DIRECTION ( 'NONE',  ( 0.000000000000000000, 0.000000000000000000, 1.000000000000000000 ) ) ;
#382 = VERTEX_POINT ( 'NONE', #1405 ) ;
#383 = LINE ( 'NONE', #1017, #428 ) ;
#384 = ORIENTED_EDGE ( 'NONE', *, *, #419, .T. ) ;
#385 = EDGE_CURVE ( 'NONE', #845, #1688, #1573, .T. ) ;
#386 = DIRECTION ( 'NONE',  ( 0.000000000000000000, 0.000000000000000000, 1.000000000000000000 ) ) ;
#387 = EDGE_LOOP ( 'NONE', ( #85, #19, #1844, #765 ) ) ;
#388 = ORIENTED_EDGE ( 'NONE', *, *, #450, .F. ) ;
#389 = LINE ( 'NONE', #850, #1622 ) ;
#390 = CARTESIAN_POINT ( 'NONE',  ( 0.09857527292483458936, 0.003599999999999999901, -0.4500000000000000111 ) ) ;
#391 = EDGE_CURVE ( 'NONE', #415, #964, #1414, .T. ) ;
#392 = PLANE ( 'NONE',  #304 ) ;
#393 = DIRECTION ( 'NONE',  ( -1.000000000000000000, -5.753897927067920032E-16, 0.000000000000000000 ) ) ;
#394 = VERTEX_POINT ( 'NONE', #1446 ) ;
#395 = AXIS2_PLACEMENT_3D ( 'NONE', #905, #593, #728 ) ;
#396 = DIRECTION ( 'NONE',  ( 0.7071067811865471286, -1.368942136976647463E-16, -0.7071067811865481278 ) ) ;
#397 = AXIS2_PLACEMENT_3D ( 'NONE', #1546, #1714, #1423 ) ;
#398 = ORIENTED_EDGE ( 'NONE', *, *, #1158, .F. ) ;
#399 = CIRCLE ( 'NONE', #78, 0.1979999999999999261 ) ;
#400 = CARTESIAN_POINT ( 'NONE',  ( -0.1174247270751653804, -0.003599999999999999901, 0.5049460598986384996 ) ) ;
#401 = CIRCLE ( 'NONE', #1846, 0.1979999999999999816 ) ;
#402 = DIRECTION ( 'NONE',  ( 1.727445884434309864E-16, 1.000000000000000000, 5.027990852869599232E-17 ) ) ;
#403 = CARTESIAN_POINT ( 'NONE',  ( -0.03613480686224891658, -0.003599999999999999901, 0.4859999999999999321 ) ) ;
#404 = EDGE_CURVE ( 'NONE', #1660, #1084, #1975, .T. ) ;
#405 = VERTEX_POINT ( 'NONE', #1089 ) ;
#406 = ORIENTED_EDGE ( 'NONE', *, *, #87, .T. ) ;
#407 = DIRECTION ( 'NONE',  ( 0.000000000000000000, 0.000000000000000000, 1.000000000000000000 ) ) ;
#408 = EDGE_LOOP ( 'NONE', ( #1379, #45, #1956, #1589 ) ) ;
#409 = VECTOR ( 'NONE', #995, 1000.000000000000000 ) ;
#410 = CYLINDRICAL_SURFACE ( 'NONE', #227, 0.1619999999999999774 ) ;
#411 = ADVANCED_FACE ( 'NONE', ( #658 ), #1708, .F. ) ;
#412 = CARTESIAN_POINT ( 'NONE',  ( -0.03613423930221672936, -0.003600000000000013346, -0.7950906158824450065 ) ) ;
#413 = CARTESIAN_POINT ( 'NONE',  ( 0.1079843659518330001, -0.0004714285714290143768, -0.8820000000000000062 ) ) ;
#414 = ORIENTED_EDGE ( 'NONE', *, *, #1477, .T. ) ;
#415 = VERTEX_POINT ( 'NONE', #630 ) ;
#416 = CARTESIAN_POINT ( 'NONE',  ( 0.1975752729248345663, 0.008099999999999997827, -0.4500000000000000111 ) ) ;
#417 = ORIENTED_EDGE ( 'NONE', *, *, #1819, .T. ) ;
#418 = DIRECTION ( 'NONE',  ( -1.671902244093344758E-16, -1.000000000000000000, -2.582230515360974798E-17 ) ) ;
#419 = EDGE_CURVE ( 'NONE', #1412, #415, #1869, .T. ) ;
#420 = DIRECTION ( 'NONE',  ( 1.000000000000000000, 5.753897927067920032E-16, 0.000000000000000000 ) ) ;
#421 = VECTOR ( 'NONE', #1366, 1000.000000000000000 ) ;
#422 = FACE_OUTER_BOUND ( 'NONE', #1077, .T. ) ;
#423 = ORIENTED_EDGE ( 'NONE', *, *, #459, .F. ) ;
#424 = VERTEX_POINT ( 'NONE', #314 ) ;
#425 = CARTESIAN_POINT ( 'NONE',  ( 0.1125502766002241944, 0.003599999999999999901, 0.9000000000000000222 ) ) ;
#426 = CARTESIAN_POINT ( 'NONE',  ( 0.08057527292483460113, -0.003599999999999999901, 0.7019999999999999574 ) ) ;
#427 = ORIENTED_EDGE ( 'NONE', *, *, #1801, .F. ) ;
#428 = VECTOR ( 'NONE', #1352, 1000.000000000000000 ) ;
#429 = CARTESIAN_POINT ( 'NONE',  ( 0.1975752729248345663, 0.008099999999999997827, -0.4500000000000000111 ) ) ;
#430 = VECTOR ( 'NONE', #1049, 1000.000000000000000 ) ;
#431 = AXIS2_PLACEMENT_3D ( 'NONE', #688, #44, #827 ) ;
#432 = CIRCLE ( 'NONE', #1961, 0.08099999999999998868 ) ;
#433 = DIRECTION ( 'NONE',  ( 0.000000000000000000, 0.000000000000000000, -1.000000000000000000 ) ) ;
#434 = AXIS2_PLACEMENT_3D ( 'NONE', #1145, #960, #352 ) ;
#435 = CARTESIAN_POINT ( 'NONE',  ( 0.1170252764067833823, -0.0004263157894752251840, -0.8279999999999999583 ) ) ;
#436 = CARTESIAN_POINT ( 'NONE',  ( -0.1174247270751646588, 0.003599999999999999901, 0.1619999999999999774 ) ) ;
#437 = VERTEX_POINT ( 'NONE', #1763 ) ;
#438 = ORIENTED_EDGE ( 'NONE', *, *, #1472, .F. ) ;
#439 = CARTESIAN_POINT ( 'NONE',  ( 0.1083390087443129868, -0.003599999999999999901, -0.4364999999999999991 ) ) ;
#440 = DIRECTION ( 'NONE',  ( 0.000000000000000000, 0.000000000000000000, 1.000000000000000000 ) ) ;
#441 = EDGE_CURVE ( 'NONE', #1506, #853, #468, .T. ) ;
#442 = ORIENTED_EDGE ( 'NONE', *, *, #832, .F. ) ;
#443 = CARTESIAN_POINT ( 'NONE',  ( 0.1170252764067833823, -0.0004263157894752251840, 0.8279999999999999583 ) ) ;
#444 = DIRECTION ( 'NONE',  ( 1.000000000000000000, 5.753897927067920032E-16, 0.000000000000000000 ) ) ;
#445 = EDGE_CURVE ( 'NONE', #1971, #1022, #948, .T. ) ;
#446 = DIRECTION ( 'NONE',  ( 0.7071067811865479058, -8.555888356104044489E-17, 0.7071067811865470176 ) ) ;
#447 = ORIENTED_EDGE ( 'NONE', *, *, #748, .T. ) ;
#448 = EDGE_CURVE ( 'NONE', #1013, #1224, #1330, .T. ) ;
#449 = FACE_OUTER_BOUND ( 'NONE', #743, .T. ) ;
#450 = EDGE_CURVE ( 'NONE', #1982, #30, #1209, .T. ) ;
#451 = CALENDAR_DATE ( 2026, 29, 6 ) ;
#452 = VERTEX_POINT ( 'NONE', #1167 ) ;
#453 = CARTESIAN_POINT ( 'NONE',  ( -0.1174247270751653804, 0.003599999999999999901, -0.5049460598986384996 ) ) ;
#454 = CARTESIAN_POINT ( 'NONE',  ( 0.09857527292483458936, 0.003599999999999999901, 0.8099999999999999423 ) ) ;
#455 =( BOUNDED_CURVE ( )  B_SPLINE_CURVE ( 3, ( #1960, #412, #229, #1667 ),
 .UNSPECIFIED., .F., .F. ) 
 B_SPLINE_CURVE_WITH_KNOTS ( ( 4, 4 ),
 ( 2.997932132450525256, 4.568297578670440728 ),
 .UNSPECIFIED. ) 
 CURVE ( )  GEOMETRIC_REPRESENTATION_ITEM ( )  RATIONAL_B_SPLINE_CURVE ( ( 1.000000000000000000, 0.8048394027090570724, 0.8048394027090570724, 1.000000000000000000 ) ) 
 REPRESENTATION_ITEM ( '' )  );
#456 = EDGE_CURVE ( 'NONE', #534, #1904, #351, .T. ) ;
#457 = CARTESIAN_POINT ( 'NONE',  ( 0.1125502766002241944, -0.0009000000000000252373, -0.8099999999999999423 ) ) ;
#458 = ORIENTED_EDGE ( 'NONE', *, *, #1561, .T. ) ;
#459 = EDGE_CURVE ( 'NONE', #1112, #1208, #316, .T. ) ;
#460 = VERTEX_POINT ( 'NONE', #214 ) ;
#461 = ORIENTED_EDGE ( 'NONE', *, *, #1393, .T. ) ;
#462 = CARTESIAN_POINT ( 'NONE',  ( -0.04362472707516540371, -0.2078999999999999737, -0.6300000000000000044 ) ) ;
#463 = LOCAL_TIME ( 4, 7, 46.00000000000000000, #150 ) ;
#464 = DIRECTION ( 'NONE',  ( -1.185846126156019735E-16, -1.000000000000000000, 0.000000000000000000 ) ) ;
#465 = CIRCLE ( 'NONE', #431, 0.1619999999999999774 ) ;
#466 = AXIS2_PLACEMENT_3D ( 'NONE', #1605, #173, #678 ) ;
#467 = DIRECTION ( 'NONE',  ( -0.9364049428148745191, -0.3509213345920588201, 0.000000000000000000 ) ) ;
#468 =( BOUNDED_CURVE ( )  B_SPLINE_CURVE ( 3, ( #1475, #356, #1144, #841 ),
 .UNSPECIFIED., .F., .F. ) 
 B_SPLINE_CURVE_WITH_KNOTS ( ( 4, 4 ),
 ( 3.056927489885265192, 3.226257817294325037 ),
 .UNSPECIFIED. ) 
 CURVE ( )  GEOMETRIC_REPRESENTATION_ITEM ( )  RATIONAL_B_SPLINE_CURVE ( ( 1.000000000000000000, 0.9976120303147180124, 0.9976120303147180124, 1.000000000000000000 ) ) 
 REPRESENTATION_ITEM ( '' )  );
#469 = ORIENTED_EDGE ( 'NONE', *, *, #89, .F. ) ;
#470 = APPLICATION_CONTEXT ( 'configuration controlled 3d designs of mechanical parts and assemblies' ) ;
#471 = CARTESIAN_POINT ( 'NONE',  ( -0.03613480686224909699, -0.003599999999999999901, 0.9000000000000000222 ) ) ;
#472 = EDGE_LOOP ( 'NONE', ( #1353, #544, #662, #584 ) ) ;
#473 = CARTESIAN_POINT ( 'NONE',  ( -0.03613480686224891658, -0.003599999999999999901, -0.5354335412664119609 ) ) ;
#474 = DIRECTION ( 'NONE',  ( 0.000000000000000000, 0.000000000000000000, -1.000000000000000000 ) ) ;
#475 = ADVANCED_FACE ( 'NONE', ( #991 ), #1299, .T. ) ;
#476 = DIRECTION ( 'NONE',  ( 0.000000000000000000, 0.000000000000000000, -1.000000000000000000 ) ) ;
#477 = ORIENTED_EDGE ( 'NONE', *, *, #1463, .F. ) ;
#478 = ORIENTED_EDGE ( 'NONE', *, *, #748, .F. ) ;
#479 = CARTESIAN_POINT ( 'NONE',  ( 0.1155601288434939256, 0.002445263737537598740, 0.8099999999999999423 ) ) ;
#480 = DIRECTION ( 'NONE',  ( 1.000000000000000000, 0.000000000000000000, 0.000000000000000000 ) ) ;
#481 = DIRECTION ( 'NONE',  ( 0.000000000000000000, 1.000000000000000000, 0.000000000000000000 ) ) ;
#482 = ORIENTED_EDGE ( 'NONE', *, *, #260, .F. ) ;
#483 = ADVANCED_FACE ( 'NONE', ( #1616 ), #849, .T. ) ;
#484 = DIRECTION ( 'NONE',  ( 1.224646799147350002E-16, 1.000000000000000000, 0.000000000000000000 ) ) ;
#485 = DIRECTION ( 'NONE',  ( 1.224646799147350002E-16, 1.000000000000000000, 0.000000000000000000 ) ) ;
#486 = DESIGN_CONTEXT ( 'detailed design', #470, 'design' ) ;
#487 = CARTESIAN_POINT ( 'NONE',  ( 0.02258241559977169910, 0.003599999999999982988, 0.3020071426749363352 ) ) ;
#488 = ORIENTED_EDGE ( 'NONE', *, *, #565, .T. ) ;
#489 = ORIENTED_EDGE ( 'NONE', *, *, #1158, .T. ) ;
#490 = DIRECTION ( 'NONE',  ( 1.224646799147350002E-16, 1.000000000000000000, 0.000000000000000000 ) ) ;
#491 = DATE_AND_TIME ( #1742, #105 ) ;
#492 = AXIS2_PLACEMENT_3D ( 'NONE', #1460, #1643, #677 ) ;
#493 = CARTESIAN_POINT ( 'NONE',  ( -0.03613480686224891658, -0.003599999999999999901, -0.3043836056128662038 ) ) ;
#494 = ORIENTED_EDGE ( 'NONE', *, *, #1393, .F. ) ;
#495 = DIRECTION ( 'NONE',  ( 0.000000000000000000, 0.000000000000000000, -1.000000000000000000 ) ) ;
#496 = ORGANIZATION ( '未', '未', '' ) ;
#497 = VECTOR ( 'NONE', #490, 1000.000000000000000 ) ;
#498 = CARTESIAN_POINT ( 'NONE',  ( 0.08057527292483460113, 0.003599999999999999901, -0.9000000000000000222 ) ) ;
#499 = ORIENTED_EDGE ( 'NONE', *, *, #375, .F. ) ;
#500 = VERTEX_POINT ( 'NONE', #1610 ) ;
#501 = TOROIDAL_SURFACE ( 'NONE', #1333, 0.1980027593728002078, 0.03600000000000000422 ) ;
#502 = DIRECTION ( 'NONE',  ( -0.8660254037844388186, 1.368942136976647217E-16, 0.4999999999999998335 ) ) ;
#503 = CIRCLE ( 'NONE', #775, 0.02879999999999999574 ) ;
#504 = DIRECTION ( 'NONE',  ( 0.000000000000000000, 0.000000000000000000, 1.000000000000000000 ) ) ;
#505 = EDGE_CURVE ( 'NONE', #280, #1948, #1920, .T. ) ;
#506 = CARTESIAN_POINT ( 'NONE',  ( 0.08057527292483460113, 0.003599999999999999901, 0.1799999999999999933 ) ) ;
#507 = LINE ( 'NONE', #1154, #840 ) ;
#508 = APPROVAL ( #1280, '未' ) ;
#509 = ORIENTED_EDGE ( 'NONE', *, *, #172, .T. ) ;
#510 = AXIS2_PLACEMENT_3D ( 'NONE', #1005, #1627, #504 ) ;
#511 = EDGE_CURVE ( 'NONE', #1202, #1555, #1146, .T. ) ;
#512 = DIRECTION ( 'NONE',  ( 0.000000000000000000, 0.000000000000000000, -1.000000000000000000 ) ) ;
#513 = DIRECTION ( 'NONE',  ( -2.267116354625794968E-16, 1.000000000000000000, 3.486781572442120134E-16 ) ) ;
#514 = VECTOR ( 'NONE', #481, 1000.000000000000000 ) ;
#515 = CARTESIAN_POINT ( 'NONE',  ( 0.03563778498581574028, 0.003599999999999999901, -0.8279999999999999583 ) ) ;
#516 = CARTESIAN_POINT ( 'NONE',  ( 0.1035048206031840001, -0.0009000000000000252373, -0.9000000000000000222 ) ) ;
#517 = EDGE_CURVE ( 'NONE', #1887, #1795, #156, .T. ) ;
#518 = CYLINDRICAL_SURFACE ( 'NONE', #1677, 0.1979999999999999816 ) ;
#519 = DIRECTION ( 'NONE',  ( -0.8660254037844388186, 1.069486044513005592E-16, 0.4999999999999998335 ) ) ;
#520 = ORIENTED_EDGE ( 'NONE', *, *, #58, .F. ) ;
#521 = DIRECTION ( 'NONE',  ( -2.267116354625804828E-16, 1.000000000000000000, -3.486781572442120134E-16 ) ) ;
#522 = LINE ( 'NONE', #1630, #1034 ) ;
#523 = EDGE_CURVE ( 'NONE', #845, #1968, #1635, .T. ) ;
#524 = VECTOR ( 'NONE', #582, 1000.000000000000000 ) ;
#525 = SECURITY_CLASSIFICATION ( '', '', #32 ) ;
#526 = CARTESIAN_POINT ( 'NONE',  ( 0.1174247270751653804, -0.003599999999999999901, -0.8099999999999999423 ) ) ;
#527 = VECTOR ( 'NONE', #541, 1000.000000000000000 ) ;
#528 = CIRCLE ( 'NONE', #1491, 0.004500000000000002262 ) ;
#529 = CARTESIAN_POINT ( 'NONE',  ( -0.03613480686224900679, -0.003083889881337447281, -0.5384742035330954968 ) ) ;
#530 = VECTOR ( 'NONE', #444, 1000.000000000000000 ) ;
#531 = ORIENTED_EDGE ( 'NONE', *, *, #1819, .F. ) ;
#532 =( BOUNDED_CURVE ( )  B_SPLINE_CURVE ( 3, ( #473, #24, #1727, #813 ),
 .UNSPECIFIED., .F., .F. ) 
 B_SPLINE_CURVE_WITH_KNOTS ( ( 4, 4 ),
 ( 3.092166267902070054, 3.191019039277720015 ),
 .UNSPECIFIED. ) 
 CURVE ( )  GEOMETRIC_REPRESENTATION_ITEM ( )  RATIONAL_B_SPLINE_CURVE ( ( 1.000000000000000000, 0.9991858432327440642, 0.9991858432327440642, 1.000000000000000000 ) ) 
 REPRESENTATION_ITEM ( '' )  );
#533 = CC_DESIGN_PERSON_AND_ORGANIZATION_ASSIGNMENT ( #190, #160, ( #878 ) ) ;
#534 = VERTEX_POINT ( 'NONE', #684 ) ;
#535 = CARTESIAN_POINT ( 'NONE',  ( 0.1125502766002241944, -0.0009000000000000252373, -0.8099999999999999423 ) ) ;
#536 = EDGE_CURVE ( 'NONE', #30, #362, #170, .T. ) ;
#537 = DIRECTION ( 'NONE',  ( -1.224646799147350002E-16, -1.000000000000000000, 0.000000000000000000 ) ) ;
#538 = EDGE_LOOP ( 'NONE', ( #1141, #309, #628, #590, #194, #1129 ) ) ;
#539 = DIRECTION ( 'NONE',  ( 0.000000000000000000, 1.000000000000000000, 0.000000000000000000 ) ) ;
#540 = ORIENTED_EDGE ( 'NONE', *, *, #1434, .F. ) ;
#541 = DIRECTION ( 'NONE',  ( -1.224646799147350002E-16, -1.000000000000000000, 0.000000000000000000 ) ) ;
#542 = DIRECTION ( 'NONE',  ( -0.8660254037844388186, 1.069486044513005592E-16, 0.4999999999999998335 ) ) ;
#543 = ORIENTED_EDGE ( 'NONE', *, *, #35, .T. ) ;
#544 = ORIENTED_EDGE ( 'NONE', *, *, #385, .T. ) ;
#545 = EDGE_CURVE ( 'NONE', #1047, #1375, #1829, .T. ) ;
#546 = DIRECTION ( 'NONE',  ( 0.000000000000000000, 0.000000000000000000, -1.000000000000000000 ) ) ;
#547 = CARTESIAN_POINT ( 'NONE',  ( 0.1155601288434939256, 0.002445263737537598740, -0.8099999999999999423 ) ) ;
#548 = CARTESIAN_POINT ( 'NONE',  ( 0.1975751214830765989, -0.003599999999999999901, -0.8279999999999999583 ) ) ;
#549 = ORIENTED_EDGE ( 'NONE', *, *, #123, .F. ) ;
#550 = VERTEX_POINT ( 'NONE', #1938 ) ;
#551 = TOROIDAL_SURFACE ( 'NONE', #1418, 0.1980027593728002078, 0.03600000000000000422 ) ;
#552 = ORIENTED_EDGE ( 'NONE', *, *, #761, .F. ) ;
#553 = DIRECTION ( 'NONE',  ( -0.7071067811865481278, 8.555888356104046954E-17, -0.7071067811865470176 ) ) ;
#554 = CARTESIAN_POINT ( 'NONE',  ( 0.1170252764067833823, -0.0004263157894752251840, 0.9000000000000000222 ) ) ;
#555 = DIRECTION ( 'NONE',  ( 0.000000000000000000, 0.000000000000000000, 1.000000000000000000 ) ) ;
#556 = LINE ( 'NONE', #1362, #1772 ) ;
#557 = ORIENTED_EDGE ( 'NONE', *, *, #545, .T. ) ;
#558 = CARTESIAN_POINT ( 'NONE',  ( 0.1975752729248345663, 0.008099999999999997827, -0.8820000000000000062 ) ) ;
#559 = AXIS2_PLACEMENT_3D ( 'NONE', #1572, #1133, #480 ) ;
#560 = CARTESIAN_POINT ( 'NONE',  ( 0.08057527292483460113, 0.003599999999999999901, -0.7019999999999999574 ) ) ;
#561 = AXIS2_PLACEMENT_3D ( 'NONE', #329, #1246, #943 ) ;
#562 = ORIENTED_EDGE ( 'NONE', *, *, #328, .T. ) ;
#563 = CIRCLE ( 'NONE', #1716, 0.1979999999999999261 ) ;
#564 = CYLINDRICAL_SURFACE ( 'NONE', #1958, 0.1979999999999998428 ) ;
#565 = EDGE_CURVE ( 'NONE', #1894, #1295, #1642, .T. ) ;
#566 = CIRCLE ( 'NONE', #869, 0.1979999999999999816 ) ;
#567 = DIRECTION ( 'NONE',  ( -1.000000000000000000, 1.254863625561926657E-16, 0.000000000000000000 ) ) ;
#568 = ORIENTED_EDGE ( 'NONE', *, *, #450, .T. ) ;
#569 = LINE ( 'NONE', #110, #524 ) ;
#570 = EDGE_CURVE ( 'NONE', #1669, #870, #1128, .T. ) ;
#571 = ORIENTED_EDGE ( 'NONE', *, *, #605, .T. ) ;
#572 = ORIENTED_EDGE ( 'NONE', *, *, #273, .T. ) ;
#573 = EDGE_CURVE ( 'NONE', #1084, #1929, #1662, .T. ) ;
#574 = LINE ( 'NONE', #1377, #421 ) ;
#575 = CYLINDRICAL_SURFACE ( 'NONE', #339, 0.08099999999999998868 ) ;
#576 = ORIENTED_EDGE ( 'NONE', *, *, #1872, .F. ) ;
#577 = AXIS2_PLACEMENT_3D ( 'NONE', #367, #1909, #1323 ) ;
#578 = LINE ( 'NONE', #1803, #1461 ) ;
#579 = DIRECTION ( 'NONE',  ( 1.000000000000000000, 0.000000000000000000, 0.000000000000000000 ) ) ;
#580 = LINE ( 'NONE', #1760, #430 ) ;
#581 = LINE ( 'NONE', #861, #609 ) ;
#582 = DIRECTION ( 'NONE',  ( -1.224646799147350002E-16, -1.000000000000000000, 0.000000000000000000 ) ) ;
#583 = ORIENTED_EDGE ( 'NONE', *, *, #1951, .T. ) ;
#584 = ORIENTED_EDGE ( 'NONE', *, *, #1611, .T. ) ;
#585 = EDGE_CURVE ( 'NONE', #1948, #1428, #1150, .T. ) ;
#586 = CARTESIAN_POINT ( 'NONE',  ( -0.0003763441921854401156, 0.003599999999999999901, 0.8099999999999999423 ) ) ;
#587 = CARTESIAN_POINT ( 'NONE',  ( 0.1079843659518330001, -0.0004714285714290143768, -0.9000000000000000222 ) ) ;
#588 = VERTEX_POINT ( 'NONE', #1347 ) ;
#589 = DIRECTION ( 'NONE',  ( 1.000000000000000000, 0.000000000000000000, 0.000000000000000000 ) ) ;
#590 = ORIENTED_EDGE ( 'NONE', *, *, #511, .F. ) ;
#591 = CARTESIAN_POINT ( 'NONE',  ( 0.1975752729248345663, 0.008099999999999997827, 0.7739999999999997993 ) ) ;
#592 = AXIS2_PLACEMENT_3D ( 'NONE', #233, #113, #396 ) ;
#593 = DIRECTION ( 'NONE',  ( 1.671902244093344758E-16, 1.000000000000000000, -2.582230515360964629E-17 ) ) ;
#594 = CARTESIAN_POINT ( 'NONE',  ( -0.03613480686224891658, -0.003599999999999999901, -0.6087672112257341839 ) ) ;
#595 = ORIENTED_EDGE ( 'NONE', *, *, #755, .T. ) ;
#596 = EDGE_CURVE ( 'NONE', #1688, #280, #734, .T. ) ;
#597 = ORIENTED_EDGE ( 'NONE', *, *, #1228, .T. ) ;
#598 = CYLINDRICAL_SURFACE ( 'NONE', #592, 0.1979999999999999261 ) ;
#599 = DIRECTION ( 'NONE',  ( 0.000000000000000000, 0.000000000000000000, -1.000000000000000000 ) ) ;
#600 = DIRECTION ( 'NONE',  ( 0.000000000000000000, 0.000000000000000000, -1.000000000000000000 ) ) ;
#601 = VERTEX_POINT ( 'NONE', #1066 ) ;
#602 = ORIENTED_EDGE ( 'NONE', *, *, #1060, .F. ) ;
#603 = AXIS2_PLACEMENT_3D ( 'NONE', #718, #1524, #1373 ) ;
#604 = CARTESIAN_POINT ( 'NONE',  ( 0.09857527292483458936, 0.003599999999999999901, -0.8099999999999999423 ) ) ;
#605 = EDGE_CURVE ( 'NONE', #1703, #1863, #1171, .T. ) ;
#606 = AXIS2_PLACEMENT_3D ( 'NONE', #16, #916, #644 ) ;
#607 = AXIS2_PLACEMENT_3D ( 'NONE', #1757, #1309, #997 ) ;
#608 = DIRECTION ( 'NONE',  ( 0.7071067811865471286, -8.555888356104046954E-17, -0.7071067811865481278 ) ) ;
#609 = VECTOR ( 'NONE', #1351, 1000.000000000000000 ) ;
#610 =( BOUNDED_CURVE ( )  B_SPLINE_CURVE ( 3, ( #168, #1693, #286, #149 ),
 .UNSPECIFIED., .F., .F. ) 
 B_SPLINE_CURVE_WITH_KNOTS ( ( 4, 4 ),
 ( 3.092166267878305064, 3.191019039301300264 ),
 .UNSPECIFIED. ) 
 CURVE ( )  GEOMETRIC_REPRESENTATION_ITEM ( )  RATIONAL_B_SPLINE_CURVE ( ( 1.000000000000000000, 0.9991858432319640215, 0.9991858432319640215, 1.000000000000000000 ) ) 
 REPRESENTATION_ITEM ( '' )  );
#611 = EDGE_CURVE ( 'NONE', #1569, #1364, #1391, .T. ) ;
#612 = LINE ( 'NONE', #325, #77 ) ;
#613 = VERTEX_POINT ( 'NONE', #586 ) ;
#614 = ORIENTED_EDGE ( 'NONE', *, *, #1000, .F. ) ;
#615 = DIRECTION ( 'NONE',  ( -0.8660254037844384856, 1.069486044513006331E-16, -0.5000000000000002220 ) ) ;
#616 = COORDINATED_UNIVERSAL_TIME_OFFSET ( 8, 0, .AHEAD. ) ;
#617 = ORIENTED_EDGE ( 'NONE', *, *, #1153, .F. ) ;
#618 = ORIENTED_EDGE ( 'NONE', *, *, #852, .T. ) ;
#619 = DIRECTION ( 'NONE',  ( -0.7071067811865481278, 1.368942136976647463E-16, 0.7071067811865470176 ) ) ;
#620 = ADVANCED_FACE ( 'NONE', ( #1200 ), #245, .T. ) ;
#621 = FACE_OUTER_BOUND ( 'NONE', #1556, .T. ) ;
#622 = CARTESIAN_POINT ( 'NONE',  ( 0.1125502766002241944, -0.0009000000000000252373, -0.8279999999999999583 ) ) ;
#623 = VECTOR ( 'NONE', #333, 1000.000000000000000 ) ;
#624 = ORIENTED_EDGE ( 'NONE', *, *, #1008, .T. ) ;
#625 = ORIENTED_EDGE ( 'NONE', *, *, #1728, .T. ) ;
#626 = DIRECTION ( 'NONE',  ( 1.000000000000000000, -1.176434648964306163E-16, 0.000000000000000000 ) ) ;
#627 = APPROVAL_ROLE ( '' ) ;
#628 = ORIENTED_EDGE ( 'NONE', *, *, #1060, .T. ) ;
#629 = EDGE_LOOP ( 'NONE', ( #1036, #298, #1094, #482 ) ) ;
#630 = CARTESIAN_POINT ( 'NONE',  ( -0.04362472707516540371, 0.003599999999999996432, -0.6300000000000000044 ) ) ;
#631 = CARTESIAN_POINT ( 'NONE',  ( 0.1083390134783525915, -0.003599999999999999901, -0.9000000000000000222 ) ) ;
#632 = VERTEX_POINT ( 'NONE', #744 ) ;
#633 = ADVANCED_FACE ( 'NONE', ( #1683 ), #1820, .F. ) ;
#634 = CARTESIAN_POINT ( 'NONE',  ( -0.07242472707516539598, -0.003599999999999999901, -0.6300000000000000044 ) ) ;
#635 = PERSON_AND_ORGANIZATION ( #1227, #496 ) ;
#636 = ORIENTED_EDGE ( 'NONE', *, *, #909, .T. ) ;
#637 = EDGE_CURVE ( 'NONE', #319, #1574, #574, .T. ) ;
#638 = CARTESIAN_POINT ( 'NONE',  ( 0.1975752729248345663, 0.008099999999999997827, 0.8820000000000000062 ) ) ;
#639 = AXIS2_PLACEMENT_3D ( 'NONE', #355, #994, #1195 ) ;
#640 = LOCAL_TIME ( 4, 7, 46.00000000000000000, #616 ) ;
#641 = AXIS2_PLACEMENT_3D ( 'NONE', #558, #1019, #712 ) ;
#642 = CARTESIAN_POINT ( 'NONE',  ( 0.1035048206031840001, 0.003599999999999999901, 0.9000000000000000222 ) ) ;
#643 = AXIS2_PLACEMENT_3D ( 'NONE', #1467, #671, #338 ) ;
#644 = DIRECTION ( 'NONE',  ( 1.000000000000000000, -1.176434648964306163E-16, 0.000000000000000000 ) ) ;
#645 = EDGE_LOOP ( 'NONE', ( #1258, #318, #1636, #70 ) ) ;
#646 = ORIENTED_EDGE ( 'NONE', *, *, #358, .F. ) ;
#647 = CARTESIAN_POINT ( 'NONE',  ( -0.02146945983971596666, 0.003600000000000060183, 0.4499999375769275778 ) ) ;
#648 = APPROVAL_DATE_TIME ( #330, #904 ) ;
#649 = LINE ( 'NONE', #331, #733 ) ;
#650 = ADVANCED_FACE ( 'NONE', ( #1054 ), #278, .F. ) ;
#651 = DIRECTION ( 'NONE',  ( -0.9364049428148744081, -0.3509213345920590976, 0.000000000000000000 ) ) ;
#652 = LINE ( 'NONE', #359, #1103 ) ;
#653 = CARTESIAN_POINT ( 'NONE',  ( 0.1076879652636389822, 0.003599999999999912298, 0.4444075846324095913 ) ) ;
#654 = ORIENTED_EDGE ( 'NONE', *, *, #1973, .F. ) ;
#655 = EDGE_LOOP ( 'NONE', ( #300, #1486, #552, #1361, #1161, #1864 ) ) ;
#656 = DIRECTION ( 'NONE',  ( -1.185846126156019735E-16, -1.000000000000000000, 0.000000000000000000 ) ) ;
#657 = PERSON_AND_ORGANIZATION_ROLE ( 'design_supplier' ) ;
#658 = FACE_OUTER_BOUND ( 'NONE', #408, .T. ) ;
#659 = CARTESIAN_POINT ( 'NONE',  ( -0.07242472707516539598, -0.003599999999999999901, 0.6300000000000000044 ) ) ;
#660 = CARTESIAN_POINT ( 'NONE',  ( 0.1020894788134466130, 0.003599999999999890614, 0.4499999823960830758 ) ) ;
#661 = ORIENTED_EDGE ( 'NONE', *, *, #1962, .F. ) ;
#662 = ORIENTED_EDGE ( 'NONE', *, *, #596, .T. ) ;
#663 = ADVANCED_FACE ( 'NONE', ( #1663 ), #1187, .T. ) ;
#664 = DIRECTION ( 'NONE',  ( 1.185846126156019735E-16, 1.000000000000000000, 0.000000000000000000 ) ) ;
#665 = VERTEX_POINT ( 'NONE', #756 ) ;
#666 = CARTESIAN_POINT ( 'NONE',  ( 0.1975752729248345663, 0.008099999999999997827, 0.4859999999999999321 ) ) ;
#667 = PRODUCT_DEFINITION_SHAPE ( 'NONE', 'NONE',  #878 ) ;
#668 = EDGE_CURVE ( 'NONE', #964, #415, #1225, .T. ) ;
#669 = CIRCLE ( 'NONE', #1619, 0.1979999999999999261 ) ;
#670 = AXIS2_PLACEMENT_3D ( 'NONE', #1297, #374, #854 ) ;
#671 = DIRECTION ( 'NONE',  ( 1.727445884434309864E-16, 1.000000000000000000, -5.027990852869619570E-17 ) ) ;
#672 = ADVANCED_FACE ( 'NONE', ( #263 ), #598, .F. ) ;
#673 = CIRCLE ( 'NONE', #1493, 0.2340027593728000732 ) ;
#674 = DIRECTION ( 'NONE',  ( 0.000000000000000000, 0.000000000000000000, 1.000000000000000000 ) ) ;
#675 = CIRCLE ( 'NONE', #148, 0.08099999999999998868 ) ;
#676 =( BOUNDED_CURVE ( )  B_SPLINE_CURVE ( 3, ( #1252, #859, #184, #941 ),
 .UNSPECIFIED., .F., .T. ) 
 B_SPLINE_CURVE_WITH_KNOTS ( ( 4, 4 ),
 ( 4.577933768076639431, 6.150883401749979384 ),
 .UNSPECIFIED. ) 
 CURVE ( )  GEOMETRIC_REPRESENTATION_ITEM ( )  RATIONAL_B_SPLINE_CURVE ( ( 1.000000000000000000, 0.8042300417019059289, 0.8042300417019059289, 1.000000000000000000 ) ) 
 REPRESENTATION_ITEM ( '' )  );
#677 = DIRECTION ( 'NONE',  ( 0.6725927091345461628, 0.7400128699009577149, 0.000000000000000000 ) ) ;
#678 = DIRECTION ( 'NONE',  ( 1.000000000000000000, 0.000000000000000000, 0.000000000000000000 ) ) ;
#679 = EDGE_CURVE ( 'NONE', #917, #1987, #1484, .T. ) ;
#680 = ORIENTED_EDGE ( 'NONE', *, *, #201, .F. ) ;
#681 = DIRECTION ( 'NONE',  ( -1.000000000000000000, 1.254863625561926657E-16, 0.000000000000000000 ) ) ;
#682 = AXIS2_PLACEMENT_3D ( 'NONE', #1861, #1890, #1134 ) ;
#683 = CARTESIAN_POINT ( 'NONE',  ( -0.07242472707516539598, -0.2078999999999999737, 0.6300000000000000044 ) ) ;
#684 = CARTESIAN_POINT ( 'NONE',  ( -8.150717451668380951E-05, -0.003599999999999999901, 0.4500000000000000111 ) ) ;
#685 = ORIENTED_EDGE ( 'NONE', *, *, #1999, .F. ) ;
#686 = DIRECTION ( 'NONE',  ( -1.000000000000000000, 1.230717119910755165E-16, 0.000000000000000000 ) ) ;
#687 = DIRECTION ( 'NONE',  ( 1.000000000000000000, -1.375507369312020275E-16, 0.000000000000000000 ) ) ;
#688 = CARTESIAN_POINT ( 'NONE',  ( 0.1975752729248345663, 0.008099999999999997827, -0.8820000000000000062 ) ) ;
#689 = ORIENTED_EDGE ( 'NONE', *, *, #1339, .T. ) ;
#690 = LINE ( 'NONE', #839, #771 ) ;
#691 = ADVANCED_FACE ( 'NONE', ( #868 ), #721, .T. ) ;
#692 = CARTESIAN_POINT ( 'NONE',  ( 0.1975751214830765989, -0.003599999999999999901, 0.4500000000000000111 ) ) ;
#693 = AXIS2_PLACEMENT_3D ( 'NONE', #876, #407, #1798 ) ;
#694 = ORIENTED_EDGE ( 'NONE', *, *, #369, .T. ) ;
#695 = EDGE_CURVE ( 'NONE', #879, #1887, #363, .T. ) ;
#696 = DIRECTION ( 'NONE',  ( -1.000000000000000000, -5.753897927067920032E-16, 0.000000000000000000 ) ) ;
#697 = CARTESIAN_POINT ( 'NONE',  ( 0.1975752729248345663, 0.008099999999999997827, -0.9000000000000000222 ) ) ;
#698 = ORIENTED_EDGE ( 'NONE', *, *, #1434, .T. ) ;
#699 = DIRECTION ( 'NONE',  ( 1.000000000000000000, 5.753897927067920032E-16, 0.000000000000000000 ) ) ;
#700 = CIRCLE ( 'NONE', #1326, 0.1979999999999998428 ) ;
#701 = CARTESIAN_POINT ( 'NONE',  ( -0.1012247270751653883, 0.003600000000000003371, -0.6300000000000000044 ) ) ;
#702 = ORIENTED_EDGE ( 'NONE', *, *, #1666, .F. ) ;
#703 = AXIS2_PLACEMENT_3D ( 'NONE', #1875, #317, #937 ) ;
#704 = VECTOR ( 'NONE', #1916, 1000.000000000000000 ) ;
#705 = DIRECTION ( 'NONE',  ( 0.7071067811865479058, -8.555888356104044489E-17, 0.7071067811865470176 ) ) ;
#706 = ORIENTED_EDGE ( 'NONE', *, *, #1283, .F. ) ;
#707 = ORIENTED_EDGE ( 'NONE', *, *, #585, .T. ) ;
#708 = CARTESIAN_POINT ( 'NONE',  ( 0.1065314877942894617, 0.002430057914554285391, -0.9000000000000000222 ) ) ;
#709 = CARTESIAN_POINT ( 'NONE',  ( 0.1975752729248345663, 0.008099999999999997827, 0.4364999999999999991 ) ) ;
#710 = FACE_BOUND ( 'NONE', #714, .T. ) ;
#711 = EDGE_LOOP ( 'NONE', ( #543, #1899, #1835, #1449 ) ) ;
#712 = DIRECTION ( 'NONE',  ( -1.000000000000000000, 0.000000000000000000, 0.000000000000000000 ) ) ;
#713 = DIRECTION ( 'NONE',  ( 0.000000000000000000, 0.000000000000000000, 1.000000000000000000 ) ) ;
#714 = EDGE_LOOP ( 'NONE', ( #1248, #1608 ) ) ;
#715 = VERTEX_POINT ( 'NONE', #159 ) ;
#716 = FACE_OUTER_BOUND ( 'NONE', #1817, .T. ) ;
#717 = ORIENTED_EDGE ( 'NONE', *, *, #848, .F. ) ;
#718 = CARTESIAN_POINT ( 'NONE',  ( -0.0004247270751653819628, 0.003599999999999999901, 0.000000000000000000 ) ) ;
#719 = ORIENTED_EDGE ( 'NONE', *, *, #637, .F. ) ;
#720 = ADVANCED_FACE ( 'NONE', ( #1704 ), #320, .F. ) ;
#721 = PLANE ( 'NONE',  #1301 ) ;
#722 = EDGE_LOOP ( 'NONE', ( #1250, #689, #707, #1965 ) ) ;
#723 = EDGE_LOOP ( 'NONE', ( #1441, #940, #384, #341 ) ) ;
#724 = DIRECTION ( 'NONE',  ( -0.8660254037844384856, 1.368942136976648203E-16, -0.5000000000000002220 ) ) ;
#725 = EDGE_CURVE ( 'NONE', #247, #819, #1279, .T. ) ;
#726 = FACE_OUTER_BOUND ( 'NONE', #629, .T. ) ;
#727 = EDGE_CURVE ( 'NONE', #1893, #736, #10, .T. ) ;
#728 = DIRECTION ( 'NONE',  ( -0.8660254037844388186, 1.368942136976647217E-16, 0.4999999999999998335 ) ) ;
#729 = CARTESIAN_POINT ( 'NONE',  ( 0.1975751214830765989, -0.003599999999999999901, 0.9000000000000000222 ) ) ;
#730 = ORIENTED_EDGE ( 'NONE', *, *, #1895, .T. ) ;
#731 = EDGE_LOOP ( 'NONE', ( #235, #1976, #1860, #758 ) ) ;
#732 = CIRCLE ( 'NONE', #1959, 0.09000000469386595925 ) ;
#733 = VECTOR ( 'NONE', #555, 1000.000000000000000 ) ;
#734 = LINE ( 'NONE', #425, #1901 ) ;
#735 = AXIS2_PLACEMENT_3D ( 'NONE', #436, #1855, #446 ) ;
#736 = VERTEX_POINT ( 'NONE', #1571 ) ;
#737 = AXIS2_PLACEMENT_3D ( 'NONE', #774, #1226, #1566 ) ;
#738 = DIRECTION ( 'NONE',  ( -1.000000000000000000, -5.753897927067920032E-16, 0.000000000000000000 ) ) ;
#739 = LINE ( 'NONE', #1492, #1963 ) ;
#740 = EDGE_CURVE ( 'NONE', #879, #1574, #801, .T. ) ;
#741 = PLANE ( 'NONE',  #603 ) ;
#742 = EDGE_LOOP ( 'NONE', ( #952, #858, #1856, #889 ) ) ;
#743 = EDGE_LOOP ( 'NONE', ( #895, #1221, #572, #874 ) ) ;
#744 = CARTESIAN_POINT ( 'NONE',  ( 0.1125502766002241944, 0.003599999999999999901, -0.8099999999999999423 ) ) ;
#745 = DIRECTION ( 'NONE',  ( 0.000000000000000000, 1.000000000000000000, 0.000000000000000000 ) ) ;
#746 = ORIENTED_EDGE ( 'NONE', *, *, #1666, .T. ) ;
#747 = DIRECTION ( 'NONE',  ( 0.000000000000000000, 0.000000000000000000, 1.000000000000000000 ) ) ;
#748 = EDGE_CURVE ( 'NONE', #1428, #601, #2013, .T. ) ;
#749 = CARTESIAN_POINT ( 'NONE',  ( -0.1174247270751653804, -0.003599999999999999901, -0.5049460598986384996 ) ) ;
#750 =( BOUNDED_CURVE ( )  B_SPLINE_CURVE ( 3, ( #322, #1575, #1272, #1565 ),
 .UNSPECIFIED., .F., .T. ) 
 B_SPLINE_CURVE_WITH_KNOTS ( ( 4, 4 ),
 ( 1.714889525520169933, 3.285254964159309843 ),
 .UNSPECIFIED. ) 
 CURVE ( )  GEOMETRIC_REPRESENTATION_ITEM ( )  RATIONAL_B_SPLINE_CURVE ( ( 1.000000000000000000, 0.8048394044954769733, 0.8048394044954769733, 1.000000000000000000 ) ) 
 REPRESENTATION_ITEM ( '' )  );
#751 = CARTESIAN_POINT ( 'NONE',  ( -0.03638421372634811912, 0.003599999999999999901, 0.7739999999999997993 ) ) ;
#752 = CARTESIAN_POINT ( 'NONE',  ( 0.1975751214830765989, -0.003599999999999999901, -0.4500000000000000111 ) ) ;
#753 = ORIENTED_EDGE ( 'NONE', *, *, #695, .F. ) ;
#754 = ORIENTED_EDGE ( 'NONE', *, *, #826, .F. ) ;
#755 = EDGE_CURVE ( 'NONE', #382, #665, #1429, .T. ) ;
#756 = CARTESIAN_POINT ( 'NONE',  ( -0.03638421372634811912, 0.003599999999999999901, 0.7739999999999997993 ) ) ;
#757 = DIRECTION ( 'NONE',  ( -2.267116354625794968E-16, 1.000000000000000000, -3.486781572442120134E-16 ) ) ;
#758 = ORIENTED_EDGE ( 'NONE', *, *, #1634, .T. ) ;
#759 = ORIENTED_EDGE ( 'NONE', *, *, #536, .F. ) ;
#760 = CARTESIAN_POINT ( 'NONE',  ( 0.1975752729248345663, -0.09990000000000000269, 0.9000000000000000222 ) ) ;
#761 = EDGE_CURVE ( 'NONE', #1295, #1041, #1557, .T. ) ;
#762 = CYLINDRICAL_SURFACE ( 'NONE', #1594, 0.1979999999999999816 ) ;
#763 = AXIS2_PLACEMENT_3D ( 'NONE', #49, #823, #1453 ) ;
#764 = CARTESIAN_POINT ( 'NONE',  ( 0.03599832531163121851, -0.003599999999999999901, -0.8820000000000000062 ) ) ;
#765 = ORIENTED_EDGE ( 'NONE', *, *, #1213, .T. ) ;
#766 = ORIENTED_EDGE ( 'NONE', *, *, #1841, .F. ) ;
#767 = CARTESIAN_POINT ( 'NONE',  ( 0.09857527292483458936, 0.003599999999999999901, 0.9000000000000000222 ) ) ;
#768 = CYLINDRICAL_SURFACE ( 'NONE', #1402, 0.004500000000000001395 ) ;
#769 = EDGE_CURVE ( 'NONE', #1374, #1412, #174, .T. ) ;
#770 = ORIENTED_EDGE ( 'NONE', *, *, #1138, .F. ) ;
#771 = VECTOR ( 'NONE', #512, 1000.000000000000000 ) ;
#772 = LINE ( 'NONE', #1203, #1582 ) ;
#773 = VECTOR ( 'NONE', #1079, 1000.000000000000000 ) ;
#774 = CARTESIAN_POINT ( 'NONE',  ( 0.1975752729248345663, 0.008099999999999997827, -0.8279999999999999583 ) ) ;
#775 = AXIS2_PLACEMENT_3D ( 'NONE', #1689, #464, #914 ) ;
#776 = DIRECTION ( 'NONE',  ( 1.671902244093344758E-16, 1.000000000000000000, -2.582230515360964629E-17 ) ) ;
#777 = ORIENTED_EDGE ( 'NONE', *, *, #1186, .F. ) ;
#778 = ORIENTED_EDGE ( 'NONE', *, *, #824, .T. ) ;
#779 = CARTESIAN_POINT ( 'NONE',  ( -0.09089775702448422978, -0.003599999999999978651, -0.4059460598986385227 ) ) ;
#780 =( LENGTH_UNIT ( ) NAMED_UNIT ( * ) SI_UNIT ( .MILLI., .METRE. ) );
#781 = ORIENTED_EDGE ( 'NONE', *, *, #441, .T. ) ;
#782 = CARTESIAN_POINT ( 'NONE',  ( 0.1975752729248345663, 0.008099999999999997827, -0.4859999999999999321 ) ) ;
#783 = AXIS2_PLACEMENT_3D ( 'NONE', #1178, #223, #41 ) ;
#784 = CARTESIAN_POINT ( 'NONE',  ( -0.1174247270751653804, -0.2078999999999999737, 0.5049460598986384996 ) ) ;
#785 = CARTESIAN_POINT ( 'NONE',  ( -0.02146945983971733363, 0.003600000000000065821, -0.8100000624230715429 ) ) ;
#786 = ORIENTED_EDGE ( 'NONE', *, *, #947, .F. ) ;
#787 = VERTEX_POINT ( 'NONE', #779 ) ;
#788 = DIRECTION ( 'NONE',  ( -1.000000000000000000, -5.753897927067920032E-16, 0.000000000000000000 ) ) ;
#789 = MECHANICAL_CONTEXT ( 'NONE', #1964, 'mechanical' ) ;
#790 = ORIENTED_EDGE ( 'NONE', *, *, #1618, .T. ) ;
#791 = DIRECTION ( 'NONE',  ( -1.727445884434309864E-16, -1.000000000000000000, 5.027990852869609093E-17 ) ) ;
#792 = CARTESIAN_POINT ( 'NONE',  ( -0.05943186975010187473, 0.003600000000000016815, -0.8420071426749361487 ) ) ;
#793 = CIRCLE ( 'NONE', #1706, 0.08099999999999998868 ) ;
#794 = CARTESIAN_POINT ( 'NONE',  ( -0.03613480686224909699, -0.003599999999999999901, 0.9000000000000000222 ) ) ;
#795 = VERTEX_POINT ( 'NONE', #927 ) ;
#796 = EDGE_CURVE ( 'NONE', #377, #382, #967, .T. ) ;
#797 = ORIENTED_EDGE ( 'NONE', *, *, #969, .T. ) ;
#798 = CARTESIAN_POINT ( 'NONE',  ( 0.1975751214830765989, -0.003599999999999999901, 0.8099999999999999423 ) ) ;
#799 = APPLICATION_PROTOCOL_DEFINITION ( 'international standard', 'config_control_design', 1994, #470 ) ;
#800 = DIRECTION ( 'NONE',  ( 1.105646901589159886E-47, 6.361779415122939341E-63, 1.000000000000000000 ) ) ;
#801 = CIRCLE ( 'NONE', #397, 0.08999999999999999667 ) ;
#802 = LOCAL_TIME ( 4, 7, 46.00000000000000000, #1247 ) ;
#803 = DIRECTION ( 'NONE',  ( -1.185846126156019735E-16, -1.000000000000000000, 0.000000000000000000 ) ) ;
#804 = CIRCLE ( 'NONE', #974, 0.08999999999999999667 ) ;
#805 = AXIS2_PLACEMENT_3D ( 'NONE', #1997, #433, #1092 ) ;
#806 = CARTESIAN_POINT ( 'NONE',  ( 0.02258241559977106419, -0.2079000000000000015, -0.3020071426749364463 ) ) ;
#807 = ORIENTED_EDGE ( 'NONE', *, *, #727, .T. ) ;
#808 = EDGE_LOOP ( 'NONE', ( #1535, #1722, #1691, #216, #770, #1425 ) ) ;
#809 = DIRECTION ( 'NONE',  ( -0.7071067811865481278, 8.555888356104046954E-17, -0.7071067811865470176 ) ) ;
#810 = CARTESIAN_POINT ( 'NONE',  ( -0.02146945983971643157, 0.003600000000000063219, 0.8100000624230726531 ) ) ;
#811 = CARTESIAN_POINT ( 'NONE',  ( 0.09857527292483458936, 0.003599999999999999901, 0.8820000000000000062 ) ) ;
#812 = PERSON_AND_ORGANIZATION ( #1227, #496 ) ;
#813 = CARTESIAN_POINT ( 'NONE',  ( -0.03613480686224891658, -0.003599999999999999901, -0.5445664587335897755 ) ) ;
#814 = DIRECTION ( 'NONE',  ( 1.727445884434309864E-16, 1.000000000000000000, 5.027990852869599232E-17 ) ) ;
#815 = CARTESIAN_POINT ( 'NONE',  ( 0.09473869882967038414, -0.003599999999999999901, -0.4500000000000000111 ) ) ;
#816 = EDGE_CURVE ( 'NONE', #896, #819, #700, .T. ) ;
#817 = CARTESIAN_POINT ( 'NONE',  ( 0.1975752729248345663, 0.008099999999999997827, 0.8279999999999999583 ) ) ;
#818 = ORIENTED_EDGE ( 'NONE', *, *, #1747, .F. ) ;
#819 = VERTEX_POINT ( 'NONE', #1724 ) ;
#820 = LINE ( 'NONE', #39, #103 ) ;
#821 = APPROVAL_STATUS ( 'not_yet_approved' ) ;
#822 =( BOUNDED_CURVE ( )  B_SPLINE_CURVE ( 3, ( #51, #324, #844, #1621 ),
 .UNSPECIFIED., .F., .F. ) 
 B_SPLINE_CURVE_WITH_KNOTS ( ( 4, 4 ),
 ( 2.997956693045620291, 4.568689470043759471 ),
 .UNSPECIFIED. ) 
 CURVE ( )  GEOMETRIC_REPRESENTATION_ITEM ( )  RATIONAL_B_SPLINE_CURVE ( ( 1.000000000000000000, 0.8047528327171310503, 0.8047528327171310503, 1.000000000000000000 ) ) 
 REPRESENTATION_ITEM ( '' )  );
#823 = DIRECTION ( 'NONE',  ( 0.000000000000000000, 0.000000000000000000, 1.000000000000000000 ) ) ;
#824 = EDGE_CURVE ( 'NONE', #1205, #1506, #954, .T. ) ;
#825 = DIRECTION ( 'NONE',  ( 1.000000000000000000, -1.254863625561926657E-16, 0.000000000000000000 ) ) ;
#826 = EDGE_CURVE ( 'NONE', #1277, #460, #134, .T. ) ;
#827 = DIRECTION ( 'NONE',  ( -1.000000000000000000, 1.254863625561926657E-16, 0.000000000000000000 ) ) ;
#828 = ORIENTED_EDGE ( 'NONE', *, *, #511, .T. ) ;
#829 = CARTESIAN_POINT ( 'NONE',  ( -0.07242472707516539598, 0.003599999999999999901, 0.6300000000000000044 ) ) ;
#830 = EDGE_CURVE ( 'NONE', #1506, #853, #610, .T. ) ;
#831 = DIRECTION ( 'NONE',  ( 0.000000000000000000, 0.000000000000000000, 1.000000000000000000 ) ) ;
#832 = EDGE_CURVE ( 'NONE', #2, #1549, #1462, .T. ) ;
#833 = CARTESIAN_POINT ( 'NONE',  ( -0.1174247270751652139, 0.003599999999999999901, -0.1619999999999999774 ) ) ;
#834 = APPROVAL_PERSON_ORGANIZATION ( #1087, #508, #1260 ) ;
#835 = AXIS2_PLACEMENT_3D ( 'NONE', #1665, #1972, #589 ) ;
#836 = VECTOR ( 'NONE', #1481, 1000.000000000000000 ) ;
#837 = LINE ( 'NONE', #1751, #1878 ) ;
#838 = VECTOR ( 'NONE', #1470, 1000.000000000000000 ) ;
#839 = CARTESIAN_POINT ( 'NONE',  ( 0.1174247270751653804, -0.003599999999999999901, 0.9000000000000000222 ) ) ;
#840 = VECTOR ( 'NONE', #1758, 1000.000000000000000 ) ;
#841 = CARTESIAN_POINT ( 'NONE',  ( -0.03613480686224891658, -0.003599999999999999901, 0.7154335412664101224 ) ) ;
#842 = ORIENTED_EDGE ( 'NONE', *, *, #1182, .F. ) ;
#843 = CARTESIAN_POINT ( 'NONE',  ( -0.1174247270751653804, -0.2078999999999999737, -0.5049460598986384996 ) ) ;
#844 = CARTESIAN_POINT ( 'NONE',  ( -0.02146945983971626157, 0.003600000000000061050, -0.4499999375769258569 ) ) ;
#845 = VERTEX_POINT ( 'NONE', #479 ) ;
#846 = AXIS2_PLACEMENT_3D ( 'NONE', #1898, #984, #301 ) ;
#847 = DIRECTION ( 'NONE',  ( 0.000000000000000000, 0.000000000000000000, -1.000000000000000000 ) ) ;
#848 = EDGE_CURVE ( 'NONE', #1628, #460, #1733, .T. ) ;
#849 = CYLINDRICAL_SURFACE ( 'NONE', #215, 0.004500000000000002262 ) ;
#850 = CARTESIAN_POINT ( 'NONE',  ( -0.1174247270751653804, -0.003599999999999999901, 0.4500000000000000111 ) ) ;
#851 = LINE ( 'NONE', #390, #1139 ) ;
#852 = EDGE_CURVE ( 'NONE', #1968, #207, #234, .T. ) ;
#853 = VERTEX_POINT ( 'NONE', #1858 ) ;
#854 = DIRECTION ( 'NONE',  ( 0.6725927091345461628, 0.7400128699009577149, 0.000000000000000000 ) ) ;
#855 = ORIENTED_EDGE ( 'NONE', *, *, #505, .F. ) ;
#856 = CARTESIAN_POINT ( 'NONE',  ( 0.08057527292483460113, 0.003599999999999999901, -0.5049460598986384996 ) ) ;
#857 = ORIENTED_EDGE ( 'NONE', *, *, #1852, .F. ) ;
#858 = ORIENTED_EDGE ( 'NONE', *, *, #445, .F. ) ;
#859 = CARTESIAN_POINT ( 'NONE',  ( 0.1027028952931161865, -0.003600000000000006407, 0.4499998835736411795 ) ) ;
#860 = FACE_OUTER_BOUND ( 'NONE', #121, .T. ) ;
#861 = CARTESIAN_POINT ( 'NONE',  ( 0.1083390087443129868, -0.003599999999999999901, 0.9000000000000000222 ) ) ;
#862 = PRODUCT_DEFINITION_FORMATION_WITH_SPECIFIED_SOURCE ( '�', '', #1416, .NOT_KNOWN. ) ;
#863 = ORIENTED_EDGE ( 'NONE', *, *, #1895, .F. ) ;
#864 = CYLINDRICAL_SURFACE ( 'NONE', #1162, 0.004500000000000002262 ) ;
#865 = ORIENTED_EDGE ( 'NONE', *, *, #404, .T. ) ;
#866 = AXIS2_PLACEMENT_3D ( 'NONE', #457, #1075, #1710 ) ;
#867 = AXIS2_PLACEMENT_3D ( 'NONE', #115, #1341, #1941 ) ;
#868 = FACE_OUTER_BOUND ( 'NONE', #1356, .T. ) ;
#869 = AXIS2_PLACEMENT_3D ( 'NONE', #986, #1892, #1306 ) ;
#870 = VERTEX_POINT ( 'NONE', #965 ) ;
#871 = CARTESIAN_POINT ( 'NONE',  ( -0.0003763441921854401156, 0.003599999999999999901, 0.8099999999999999423 ) ) ;
#872 = CARTESIAN_POINT ( 'NONE',  ( 0.03599832531163121851, -0.003599999999999999901, -0.8820000000000000062 ) ) ;
#873 = ADVANCED_FACE ( 'NONE', ( #449 ), #1413, .T. ) ;
#874 = ORIENTED_EDGE ( 'NONE', *, *, #1192, .T. ) ;
#875 = CARTESIAN_POINT ( 'NONE',  ( -0.07242472707516539598, -0.2078999999999999737, -0.6300000000000000044 ) ) ;
#876 = CARTESIAN_POINT ( 'NONE',  ( 0.1975752729248345663, 0.008099999999999997827, 0.8820000000000000062 ) ) ;
#877 = VERTEX_POINT ( 'NONE', #1769 ) ;
#878 = PRODUCT_DEFINITION ( '�', '', #862, #486 ) ;
#879 = VERTEX_POINT ( 'NONE', #1601 ) ;
#880 = DIRECTION ( 'NONE',  ( 0.6688560540599390869, 0.7433919416750275344, 0.000000000000000000 ) ) ;
#881 = EDGE_CURVE ( 'NONE', #405, #1893, #690, .T. ) ;
#882 = DIRECTION ( 'NONE',  ( -0.7071067811865481278, 1.368942136976647463E-16, 0.7071067811865470176 ) ) ;
#883 = ORIENTED_EDGE ( 'NONE', *, *, #1030, .T. ) ;
#884 = LINE ( 'NONE', #261, #266 ) ;
#885 = ORIENTED_EDGE ( 'NONE', *, *, #1291, .F. ) ;
#886 = ORIENTED_EDGE ( 'NONE', *, *, #1930, .T. ) ;
#887 = DIRECTION ( 'NONE',  ( -1.000000000000000000, 1.224646799147350002E-16, 0.000000000000000000 ) ) ;
#888 = DIRECTION ( 'NONE',  ( -1.224646799147350002E-16, -1.000000000000000000, 0.000000000000000000 ) ) ;
#889 = ORIENTED_EDGE ( 'NONE', *, *, #1228, .F. ) ;
#890 = ADVANCED_FACE ( 'NONE', ( #202 ), #1614, .T. ) ;
#891 = FACE_OUTER_BOUND ( 'NONE', #158, .T. ) ;
#892 = DIRECTION ( 'NONE',  ( 0.000000000000000000, 0.000000000000000000, 1.000000000000000000 ) ) ;
#893 = ORIENTED_EDGE ( 'NONE', *, *, #375, .T. ) ;
#894 = DIRECTION ( 'NONE',  ( 0.000000000000000000, 1.000000000000000000, 0.000000000000000000 ) ) ;
#895 = ORIENTED_EDGE ( 'NONE', *, *, #328, .F. ) ;
#896 = VERTEX_POINT ( 'NONE', #1632 ) ;
#897 = CIRCLE ( 'NONE', #18, 0.1979999999999999816 ) ;
#898 = CARTESIAN_POINT ( 'NONE',  ( 0.03563778498581537252, 0.003599999999999999901, 0.8820000000000000062 ) ) ;
#899 = AXIS2_PLACEMENT_3D ( 'NONE', #2001, #1554, #1545 ) ;
#900 = DIRECTION ( 'NONE',  ( 0.000000000000000000, 0.000000000000000000, -1.000000000000000000 ) ) ;
#901 = ADVANCED_FACE ( 'NONE', ( #213 ), #518, .T. ) ;
#902 = CARTESIAN_POINT ( 'NONE',  ( 0.08057527292483460113, -0.003599999999999999901, -0.5049460598986384996 ) ) ;
#903 = DIRECTION ( 'NONE',  ( 0.000000000000000000, 0.000000000000000000, -1.000000000000000000 ) ) ;
#904 = APPROVAL ( #1443, '未' ) ;
#905 = CARTESIAN_POINT ( 'NONE',  ( 0.08057527292483460113, -0.2078999999999999737, -0.5049460598986384996 ) ) ;
#906 = ORIENTED_EDGE ( 'NONE', *, *, #725, .T. ) ;
#907 = ORIENTED_EDGE ( 'NONE', *, *, #1922, .F. ) ;
#908 = CARTESIAN_POINT ( 'NONE',  ( 0.1975752729248345663, 0.008099999999999997827, 0.4500000000000000111 ) ) ;
#909 = EDGE_CURVE ( 'NONE', #1628, #1967, #141, .T. ) ;
#910 = CYLINDRICAL_SURFACE ( 'NONE', #1303, 0.1979999999999999816 ) ;
#911 = EDGE_LOOP ( 'NONE', ( #1644, #370, #151, #1179 ) ) ;
#912 = ORIENTED_EDGE ( 'NONE', *, *, #1350, .T. ) ;
#913 = PLANE ( 'NONE',  #366 ) ;
#914 = DIRECTION ( 'NONE',  ( 1.000000000000000000, -1.176434648964306163E-16, 0.000000000000000000 ) ) ;
#915 = EDGE_CURVE ( 'NONE', #853, #1506, #1914, .T. ) ;
#916 = DIRECTION ( 'NONE',  ( 1.185846126156019735E-16, 1.000000000000000000, 0.000000000000000000 ) ) ;
#917 = VERTEX_POINT ( 'NONE', #1011 ) ;
#918 = ORIENTED_EDGE ( 'NONE', *, *, #114, .F. ) ;
#919 = CARTESIAN_POINT ( 'NONE',  ( 0.08057527292483460113, -0.003599999999999999901, 0.5049460598986384996 ) ) ;
#920 = CARTESIAN_POINT ( 'NONE',  ( 0.1065314877942894617, 0.002430057914554284524, 0.9000000000000000222 ) ) ;
#921 = EDGE_LOOP ( 'NONE', ( #706, #1062, #1035, #557 ) ) ;
#922 = DIRECTION ( 'NONE',  ( -0.9902105881391427555, -0.1395814856531229775, 0.000000000000000000 ) ) ;
#923 = DIRECTION ( 'NONE',  ( 1.000000000000000000, -1.254863625561926657E-16, 0.000000000000000000 ) ) ;
#924 = CARTESIAN_POINT ( 'NONE',  ( 0.1975752729248345663, 0.008099999999999997827, 0.4500000000000000111 ) ) ;
#925 = ORIENTED_EDGE ( 'NONE', *, *, #740, .T. ) ;
#926 = ORIENTED_EDGE ( 'NONE', *, *, #830, .T. ) ;
#927 = CARTESIAN_POINT ( 'NONE',  ( 0.1076878386256193976, 0.003599999999999999901, -0.4364999999999999991 ) ) ;
#928 = ORIENTED_EDGE ( 'NONE', *, *, #1870, .F. ) ;
#929 = EDGE_CURVE ( 'NONE', #1278, #1185, #732, .T. ) ;
#930 = ORIENTED_EDGE ( 'NONE', *, *, #1091, .T. ) ;
#931 = TOROIDAL_SURFACE ( 'NONE', #1432, 0.1980027593728002078, 0.03600000000000000422 ) ;
#932 = VECTOR ( 'NONE', #1558, 1000.000000000000000 ) ;
#933 = CARTESIAN_POINT ( 'NONE',  ( 0.08057527292483460113, -0.1539000000000000090, 0.7019999999999999574 ) ) ;
#934 = CIRCLE ( 'NONE', #867, 0.1979999999999999816 ) ;
#935 = CARTESIAN_POINT ( 'NONE',  ( 0.1155601288434939256, 0.002445263737537598740, -0.8279999999999999583 ) ) ;
#936 = VECTOR ( 'NONE', #239, 1000.000000000000000 ) ;
#937 = DIRECTION ( 'NONE',  ( 1.000000000000000000, 0.000000000000000000, 0.000000000000000000 ) ) ;
#938 = ORIENTED_EDGE ( 'NONE', *, *, #1759, .F. ) ;
#939 = EDGE_CURVE ( 'NONE', #1500, #424, #46, .T. ) ;
#940 = ORIENTED_EDGE ( 'NONE', *, *, #769, .T. ) ;
#941 = CARTESIAN_POINT ( 'NONE',  ( 0.1083390087443129868, -0.003599999999999999901, 0.4364999999999999991 ) ) ;
#942 = DIRECTION ( 'NONE',  ( -2.267116354625794968E-16, 1.000000000000000000, 3.486781572442120134E-16 ) ) ;
#943 = DIRECTION ( 'NONE',  ( 0.6688560540599390869, 0.7433919416750275344, 0.000000000000000000 ) ) ;
#944 = PERSON_AND_ORGANIZATION ( #1227, #496 ) ;
#945 = ORIENTED_EDGE ( 'NONE', *, *, #353, .T. ) ;
#946 = DIRECTION ( 'NONE',  ( 0.000000000000000000, 0.000000000000000000, 1.000000000000000000 ) ) ;
#947 = EDGE_CURVE ( 'NONE', #177, #1888, #1321, .T. ) ;
#948 = CIRCLE ( 'NONE', #783, 0.08999999999999999667 ) ;
#949 = ADVANCED_FACE ( 'NONE', ( #1155 ), #350, .T. ) ;
#950 = CARTESIAN_POINT ( 'NONE',  ( -0.1012247270751653883, 0.003600000000000003371, 0.6300000000000000044 ) ) ;
#951 = CARTESIAN_POINT ( 'NONE',  ( -0.0003763441921854401156, 0.003599999999999999901, -0.8099999999999999423 ) ) ;
#952 = ORIENTED_EDGE ( 'NONE', *, *, #1841, .T. ) ;
#953 = ORIENTED_EDGE ( 'NONE', *, *, #188, .F. ) ;
#954 = LINE ( 'NONE', #471, #48 ) ;
#955 = DIRECTION ( 'NONE',  ( 0.7071067811865471286, -8.555888356104046954E-17, -0.7071067811865481278 ) ) ;
#956 = VERTEX_POINT ( 'NONE', #526 ) ;
#957 = CARTESIAN_POINT ( 'NONE',  ( 0.1065314877942894617, 0.002430057914554285391, 0.9000000000000000222 ) ) ;
#958 = ADVANCED_FACE ( 'NONE', ( #195 ), #1927, .F. ) ;
#959 = DIRECTION ( 'NONE',  ( 0.000000000000000000, 0.000000000000000000, -1.000000000000000000 ) ) ;
#960 = DIRECTION ( 'NONE',  ( -2.267116354625794968E-16, 1.000000000000000000, -3.486781572442120134E-16 ) ) ;
#961 = CARTESIAN_POINT ( 'NONE',  ( 0.1076878386256193976, 0.003599999999999999901, 0.4364999999999999991 ) ) ;
#962 = AXIS2_PLACEMENT_3D ( 'NONE', #856, #1485, #519 ) ;
#963 = ORIENTED_EDGE ( 'NONE', *, *, #679, .T. ) ;
#964 = VERTEX_POINT ( 'NONE', #701 ) ;
#965 = CARTESIAN_POINT ( 'NONE',  ( 0.1125502766002241944, 0.003599999999999999901, -0.8279999999999999583 ) ) ;
#966 = CARTESIAN_POINT ( 'NONE',  ( 0.08057527292483460113, 0.003599999999999999901, -0.1619999999999999774 ) ) ;
#967 =( BOUNDED_CURVE ( )  B_SPLINE_CURVE ( 3, ( #1880, #647, #296, #1096 ),
 .UNSPECIFIED., .F., .T. ) 
 B_SPLINE_CURVE_WITH_KNOTS ( ( 4, 4 ),
 ( 1.714495837436849968, 3.285228614434759997 ),
 .UNSPECIFIED. ) 
 CURVE ( )  GEOMETRIC_REPRESENTATION_ITEM ( )  RATIONAL_B_SPLINE_CURVE ( ( 1.000000000000000000, 0.8047528327171840079, 0.8047528327171840079, 1.000000000000000000 ) ) 
 REPRESENTATION_ITEM ( '' )  );
#968 = DIRECTION ( 'NONE',  ( 0.000000000000000000, 1.000000000000000000, 0.000000000000000000 ) ) ;
#969 = EDGE_CURVE ( 'NONE', #550, #1696, #1874, .T. ) ;
#970 = AXIS2_PLACEMENT_3D ( 'NONE', #1824, #1533, #1206 ) ;
#971 = CARTESIAN_POINT ( 'NONE',  ( -0.05943186975010187473, -0.1538999999999999813, -0.8420071426749361487 ) ) ;
#972 = VECTOR ( 'NONE', #888, 1000.000000000000000 ) ;
#973 = DIRECTION ( 'NONE',  ( -0.9364049428148744081, -0.3509213345920590976, 0.000000000000000000 ) ) ;
#974 = AXIS2_PLACEMENT_3D ( 'NONE', #1862, #1093, #1568 ) ;
#975 = AXIS2_PLACEMENT_3D ( 'NONE', #992, #1302, #686 ) ;
#976 = AXIS2_PLACEMENT_3D ( 'NONE', #709, #892, #1343 ) ;
#977 = DIRECTION ( 'NONE',  ( -0.9364049428148742971, -0.3509213345920590976, 0.000000000000000000 ) ) ;
#978 = ORIENTED_EDGE ( 'NONE', *, *, #1611, .F. ) ;
#979 = ORIENTED_EDGE ( 'NONE', *, *, #182, .T. ) ;
#980 = CARTESIAN_POINT ( 'NONE',  ( 0.1035048206031840001, -0.0009000000000000252373, 0.9000000000000000222 ) ) ;
#981 =( NAMED_UNIT ( * ) SI_UNIT ( $, .STERADIAN. ) SOLID_ANGLE_UNIT ( ) );
#982 = FACE_OUTER_BOUND ( 'NONE', #387, .T. ) ;
#983 = ADVANCED_FACE ( 'NONE', ( #1936 ), #1314, .T. ) ;
#984 = DIRECTION ( 'NONE',  ( 0.000000000000000000, 0.000000000000000000, -1.000000000000000000 ) ) ;
#985 = DIRECTION ( 'NONE',  ( 0.000000000000000000, 0.000000000000000000, 1.000000000000000000 ) ) ;
#986 = CARTESIAN_POINT ( 'NONE',  ( 0.08057527292483460113, -0.003599999999999999901, -0.5049460598986384996 ) ) ;
#987 = VERTEX_POINT ( 'NONE', #365 ) ;
#988 = EDGE_CURVE ( 'NONE', #1374, #964, #820, .T. ) ;
#989 = DIRECTION ( 'NONE',  ( 0.6725927091345461628, 0.7400128699009577149, 0.000000000000000000 ) ) ;
#990 = DIRECTION ( 'NONE',  ( -0.7071067811865481278, 1.368942136976647463E-16, -0.7071067811865470176 ) ) ;
#991 = FACE_OUTER_BOUND ( 'NONE', #1764, .T. ) ;
#992 = CARTESIAN_POINT ( 'NONE',  ( 0.1975752729248345663, 0.008099999999999997827, 0.9000000000000000222 ) ) ;
#993 = DIRECTION ( 'NONE',  ( -0.8660254037844384856, 1.069486044513006331E-16, -0.5000000000000002220 ) ) ;
#994 = DIRECTION ( 'NONE',  ( 0.000000000000000000, 0.000000000000000000, -1.000000000000000000 ) ) ;
#995 = DIRECTION ( 'NONE',  ( 1.000000000000000000, 5.753897927067920032E-16, 0.000000000000000000 ) ) ;
#996 = ORIENTED_EDGE ( 'NONE', *, *, #755, .F. ) ;
#997 = DIRECTION ( 'NONE',  ( -1.221245327087670025E-15, 0.000000000000000000, -1.000000000000000000 ) ) ;
#998 = AXIS2_PLACEMENT_3D ( 'NONE', #829, #664, #1918 ) ;
#999 = VECTOR ( 'NONE', #1107, 1000.000000000000000 ) ;
#1000 = EDGE_CURVE ( 'NONE', #853, #1053, #1907, .T. ) ;
#1001 = DIRECTION ( 'NONE',  ( -6.344131569286609929E-16, 1.000000000000000000, 0.000000000000000000 ) ) ;
#1002 = VECTOR ( 'NONE', #1159, 1000.000000000000000 ) ;
#1003 = DIRECTION ( 'NONE',  ( 0.000000000000000000, 0.000000000000000000, -1.000000000000000000 ) ) ;
#1004 = CALENDAR_DATE ( 2026, 29, 6 ) ;
#1005 = CARTESIAN_POINT ( 'NONE',  ( -0.05564317793426314801, -0.1450026387806227224, -0.5399999999999999245 ) ) ;
#1006 = CARTESIAN_POINT ( 'NONE',  ( 0.1174247270751653804, -0.003599999999999999901, 0.8099999999999999423 ) ) ;
#1007 = CARTESIAN_POINT ( 'NONE',  ( -0.09089775702448422978, 0.003600000000000021152, -0.4059460598986385227 ) ) ;
#1008 = EDGE_CURVE ( 'NONE', #1929, #1979, #1268, .T. ) ;
#1009 = DIRECTION ( 'NONE',  ( 0.000000000000000000, 0.000000000000000000, 1.000000000000000000 ) ) ;
#1010 = VERTEX_POINT ( 'NONE', #1679 ) ;
#1011 = CARTESIAN_POINT ( 'NONE',  ( -8.150717451668380951E-05, -0.003599999999999999901, -0.8099999999999999423 ) ) ;
#1012 = DIRECTION ( 'NONE',  ( 0.000000000000000000, 0.000000000000000000, 1.000000000000000000 ) ) ;
#1013 = VERTEX_POINT ( 'NONE', #275 ) ;
#1014 = CARTESIAN_POINT ( 'NONE',  ( -0.0003763441921854401156, 0.003599999999999999901, -0.8099999999999999423 ) ) ;
#1015 = CARTESIAN_POINT ( 'NONE',  ( 0.03563778498581537252, 0.003599999999999999901, 0.8820000000000000062 ) ) ;
#1016 = ORIENTED_EDGE ( 'NONE', *, *, #1776, .T. ) ;
#1017 = CARTESIAN_POINT ( 'NONE',  ( -0.05943186975010187473, -0.1538999999999999813, 0.8420071426749361487 ) ) ;
#1018 = ORIENTED_EDGE ( 'NONE', *, *, #1131, .F. ) ;
#1019 = DIRECTION ( 'NONE',  ( 0.000000000000000000, 0.000000000000000000, -1.000000000000000000 ) ) ;
#1020 = DIRECTION ( 'NONE',  ( 0.6725927091345461628, 0.7400128699009577149, 0.000000000000000000 ) ) ;
#1021 = ORIENTED_EDGE ( 'NONE', *, *, #385, .F. ) ;
#1022 = VERTEX_POINT ( 'NONE', #1816 ) ;
#1023 = ADVANCED_FACE ( 'NONE', ( #1383, #710, #1806 ), #741, .T. ) ;
#1024 = DIRECTION ( 'NONE',  ( 0.000000000000000000, 0.000000000000000000, -1.000000000000000000 ) ) ;
#1025 = CARTESIAN_POINT ( 'NONE',  ( 0.1975752729248345663, 0.008099999999999997827, 0.8279999999999999583 ) ) ;
#1026 = LOCAL_TIME ( 4, 7, 46.00000000000000000, #1430 ) ;
#1027 = VECTOR ( 'NONE', #738, 1000.000000000000000 ) ;
#1028 = AXIS2_PLACEMENT_3D ( 'NONE', #1889, #1109, #626 ) ;
#1029 = FACE_OUTER_BOUND ( 'NONE', #265, .T. ) ;
#1030 = EDGE_CURVE ( 'NONE', #1791, #452, #383, .T. ) ;
#1031 = AXIS2_PLACEMENT_3D ( 'NONE', #535, #546, #371 ) ;
#1032 = ADVANCED_FACE ( 'NONE', ( #422 ), #230, .F. ) ;
#1033 = CARTESIAN_POINT ( 'NONE',  ( 0.1975752729248345663, 0.008099999999999997827, -0.8099999999999999423 ) ) ;
#1034 = VECTOR ( 'NONE', #219, 1000.000000000000000 ) ;
#1035 = ORIENTED_EDGE ( 'NONE', *, *, #1700, .F. ) ;
#1036 = ORIENTED_EDGE ( 'NONE', *, *, #1759, .T. ) ;
#1037 = EDGE_CURVE ( 'NONE', #1799, #870, #556, .T. ) ;
#1038 = CARTESIAN_POINT ( 'NONE',  ( -0.09089775702448420203, 0.003600000000000021152, 0.4059460598986384672 ) ) ;
#1039 = DIRECTION ( 'NONE',  ( -1.727445884434309864E-16, -1.000000000000000000, 5.027990852869609093E-17 ) ) ;
#1040 =( BOUNDED_CURVE ( )  B_SPLINE_CURVE ( 3, ( #951, #785, #1116, #1586 ),
 .UNSPECIFIED., .F., .F. ) 
 B_SPLINE_CURVE_WITH_KNOTS ( ( 4, 4 ),
 ( 1.714495837863285077, 3.285228614860939977 ),
 .UNSPECIFIED. ) 
 CURVE ( )  GEOMETRIC_REPRESENTATION_ITEM ( )  RATIONAL_B_SPLINE_CURVE ( ( 1.000000000000000000, 0.8047528327172450702, 0.8047528327172450702, 1.000000000000000000 ) ) 
 REPRESENTATION_ITEM ( '' )  );
#1041 = VERTEX_POINT ( 'NONE', #413 ) ;
#1042 = DIRECTION ( 'NONE',  ( 0.000000000000000000, 0.000000000000000000, -1.000000000000000000 ) ) ;
#1043 = EDGE_LOOP ( 'NONE', ( #1230, #127, #625, #494 ) ) ;
#1044 = VERTEX_POINT ( 'NONE', #91 ) ;
#1045 = EDGE_CURVE ( 'NONE', #1525, #319, #241, .T. ) ;
#1046 = DIRECTION ( 'NONE',  ( 0.4999999999999998890, 0.8660254037844387076, 0.000000000000000000 ) ) ;
#1047 = VERTEX_POINT ( 'NONE', #1344 ) ;
#1048 = FACE_OUTER_BOUND ( 'NONE', #1563, .T. ) ;
#1049 = DIRECTION ( 'NONE',  ( 0.000000000000000000, 0.000000000000000000, 1.000000000000000000 ) ) ;
#1050 = LINE ( 'NONE', #554, #936 ) ;
#1051 = FACE_OUTER_BOUND ( 'NONE', #1069, .T. ) ;
#1052 = ORIENTED_EDGE ( 'NONE', *, *, #1095, .T. ) ;
#1053 = VERTEX_POINT ( 'NONE', #403 ) ;
#1054 = FACE_OUTER_BOUND ( 'NONE', #1600, .T. ) ;
#1055 = ORIENTED_EDGE ( 'NONE', *, *, #727, .F. ) ;
#1056 = ORIENTED_EDGE ( 'NONE', *, *, #1477, .F. ) ;
#1057 = CARTESIAN_POINT ( 'NONE',  ( 0.1125502766002241944, 0.003599999999999999901, 0.8279999999999999583 ) ) ;
#1058 = ORIENTED_EDGE ( 'NONE', *, *, #114, .T. ) ;
#1059 = CARTESIAN_POINT ( 'NONE',  ( 0.09857527292483458936, 0.003599999999999999901, -0.8820000000000000062 ) ) ;
#1060 = EDGE_CURVE ( 'NONE', #1224, #1555, #884, .T. ) ;
#1061 = LINE ( 'NONE', #548, #1232 ) ;
#1062 = ORIENTED_EDGE ( 'NONE', *, *, #1872, .T. ) ;
#1063 = ORIENTED_EDGE ( 'NONE', *, *, #1409, .F. ) ;
#1064 = AXIS2_PLACEMENT_3D ( 'NONE', #875, #894, #1977 ) ;
#1065 = CIRCLE ( 'NONE', #47, 0.1035000046938659574 ) ;
#1066 = CARTESIAN_POINT ( 'NONE',  ( 0.1035048206031840001, 0.003599999999999999901, 0.8820000000000000062 ) ) ;
#1067 = CIRCLE ( 'NONE', #1327, 0.1979999999999998428 ) ;
#1068 = DIRECTION ( 'NONE',  ( -0.8660254037844384856, 1.069486044513006331E-16, -0.5000000000000002220 ) ) ;
#1069 = EDGE_LOOP ( 'NONE', ( #458, #1827, #284, #1752 ) ) ;
#1070 = ORIENTED_EDGE ( 'NONE', *, *, #55, .F. ) ;
#1071 = CIRCLE ( 'NONE', #181, 0.1979999999999999261 ) ;
#1072 = FACE_OUTER_BOUND ( 'NONE', #742, .T. ) ;
#1073 = DIRECTION ( 'NONE',  ( -1.000000000000000000, 1.254863625561926657E-16, 0.000000000000000000 ) ) ;
#1074 = CARTESIAN_POINT ( 'NONE',  ( 0.08057527292483460113, 0.003599999999999999901, 0.5049460598986384996 ) ) ;
#1075 = DIRECTION ( 'NONE',  ( 0.000000000000000000, 0.000000000000000000, -1.000000000000000000 ) ) ;
#1076 = ORIENTED_EDGE ( 'NONE', *, *, #679, .F. ) ;
#1077 = EDGE_LOOP ( 'NONE', ( #646, #246, #945, #797 ) ) ;
#1078 = DIRECTION ( 'NONE',  ( 2.267116354625794968E-16, -1.000000000000000000, -3.486781572442120134E-16 ) ) ;
#1079 = DIRECTION ( 'NONE',  ( 0.000000000000000000, 0.000000000000000000, 1.000000000000000000 ) ) ;
#1080 = ORIENTED_EDGE ( 'NONE', *, *, #1192, .F. ) ;
#1081 = CYLINDRICAL_SURFACE ( 'NONE', #835, 0.08999999999999999667 ) ;
#1082 = DIRECTION ( 'NONE',  ( 0.000000000000000000, 0.000000000000000000, 1.000000000000000000 ) ) ;
#1083 = FACE_OUTER_BOUND ( 'NONE', #37, .T. ) ;
#1084 = VERTEX_POINT ( 'NONE', #1944 ) ;
#1085 = ORIENTED_EDGE ( 'NONE', *, *, #1153, .T. ) ;
#1086 = CARTESIAN_POINT ( 'NONE',  ( 0.1035048206031840001, -0.0009000000000000252373, -0.8820000000000000062 ) ) ;
#1087 = PERSON_AND_ORGANIZATION ( #1227, #496 ) ;
#1088 = ORIENTED_EDGE ( 'NONE', *, *, #1304, .F. ) ;
#1089 = CARTESIAN_POINT ( 'NONE',  ( 0.1174247270751653804, -0.003599999999999999901, 0.8279999999999999583 ) ) ;
#1090 = ADVANCED_FACE ( 'NONE', ( #1051 ), #1658, .F. ) ;
#1091 = EDGE_CURVE ( 'NONE', #11, #877, #569, .T. ) ;
#1092 = DIRECTION ( 'NONE',  ( 0.000000000000000000, -1.000000000000000000, 0.000000000000000000 ) ) ;
#1093 = DIRECTION ( 'NONE',  ( 0.000000000000000000, 0.000000000000000000, -1.000000000000000000 ) ) ;
#1094 = ORIENTED_EDGE ( 'NONE', *, *, #290, .F. ) ;
#1095 = EDGE_CURVE ( 'NONE', #1863, #1084, #1787, .T. ) ;
#1096 = CARTESIAN_POINT ( 'NONE',  ( -0.03638421372634811912, 0.003599999999999999901, 0.4859999999999999321 ) ) ;
#1097 = PERSON_AND_ORGANIZATION ( #1227, #496 ) ;
#1098 = AXIS2_PLACEMENT_3D ( 'NONE', #1086, #31, #1121 ) ;
#1099 = ADVANCED_FACE ( 'NONE', ( #1215 ), #1837, .F. ) ;
#1100 = EDGE_LOOP ( 'NONE', ( #1372, #963, #1868, #828 ) ) ;
#1101 = VECTOR ( 'NONE', #1003, 1000.000000000000000 ) ;
#1102 = DIRECTION ( 'NONE',  ( 0.000000000000000000, 1.000000000000000000, 0.000000000000000000 ) ) ;
#1103 = VECTOR ( 'NONE', #485, 1000.000000000000000 ) ;
#1104 = PLANE ( 'NONE',  #805 ) ;
#1105 = AXIS2_PLACEMENT_3D ( 'NONE', #1127, #354, #681 ) ;
#1106 = ADVANCED_BREP_SHAPE_REPRESENTATION ( '000545', ( #1189, #559 ), #364 ) ;
#1107 = DIRECTION ( 'NONE',  ( 1.727445884434309864E-16, 1.000000000000000000, -5.027990852869619570E-17 ) ) ;
#1108 = ORIENTED_EDGE ( 'NONE', *, *, #1368, .F. ) ;
#1109 = DIRECTION ( 'NONE',  ( -1.185846126156019735E-16, -1.000000000000000000, 0.000000000000000000 ) ) ;
#1110 =( NAMED_UNIT ( * ) PLANE_ANGLE_UNIT ( ) SI_UNIT ( $, .RADIAN. ) );
#1111 = EDGE_CURVE ( 'NONE', #1244, #1857, #1061, .T. ) ;
#1112 = VERTEX_POINT ( 'NONE', #120 ) ;
#1113 = LINE ( 'NONE', #183, #514 ) ;
#1114 = AXIS2_PLACEMENT_3D ( 'NONE', #1469, #64, #542 ) ;
#1115 = DIRECTION ( 'NONE',  ( 0.6688560540599390869, 0.7433919416750275344, 0.000000000000000000 ) ) ;
#1116 = CARTESIAN_POINT ( 'NONE',  ( -0.03638413014603660706, 0.003600000000000043703, -0.7950886517238615614 ) ) ;
#1117 = ORIENTED_EDGE ( 'NONE', *, *, #1962, .T. ) ;
#1118 = ORIENTED_EDGE ( 'NONE', *, *, #1657, .T. ) ;
#1119 = ORIENTED_EDGE ( 'NONE', *, *, #1000, .T. ) ;
#1120 = EDGE_CURVE ( 'NONE', #1277, #1296, #98, .T. ) ;
#1121 = DIRECTION ( 'NONE',  ( 0.6725927091345461628, 0.7400128699009577149, 0.000000000000000000 ) ) ;
#1122 = PERSON_AND_ORGANIZATION ( #1227, #496 ) ;
#1123 = DIRECTION ( 'NONE',  ( -1.000000000000000000, 1.375507369312020275E-16, 0.000000000000000000 ) ) ;
#1124 = ADVANCED_FACE ( 'NONE', ( #1640 ), #864, .T. ) ;
#1125 = DIRECTION ( 'NONE',  ( -1.221245327087670025E-15, -7.026920955971140900E-31, -1.000000000000000000 ) ) ;
#1126 = CARTESIAN_POINT ( 'NONE',  ( 0.1170252764067833823, -0.0004263157894752251840, -0.8099999999999999423 ) ) ;
#1127 = CARTESIAN_POINT ( 'NONE',  ( 0.1975752729248345663, 0.008099999999999997827, 0.8820000000000000062 ) ) ;
#1128 = CIRCLE ( 'NONE', #763, 0.004500000000000002262 ) ;
#1129 = ORIENTED_EDGE ( 'NONE', *, *, #1008, .F. ) ;
#1130 = EDGE_LOOP ( 'NONE', ( #2012, #224, #461, #790 ) ) ;
#1131 = EDGE_CURVE ( 'NONE', #1053, #534, #1454, .T. ) ;
#1132 = CARTESIAN_POINT ( 'NONE',  ( -0.1174247270751653804, -0.2078999999999999737, 0.9000000000000000222 ) ) ;
#1133 = DIRECTION ( 'NONE',  ( 0.000000000000000000, 0.000000000000000000, 1.000000000000000000 ) ) ;
#1134 = DIRECTION ( 'NONE',  ( 0.6688560540599390869, 0.7433919416750275344, 0.000000000000000000 ) ) ;
#1135 = ADVANCED_FACE ( 'NONE', ( #1029 ), #1243, .F. ) ;
#1136 = FACE_OUTER_BOUND ( 'NONE', #538, .T. ) ;
#1137 = VECTOR ( 'NONE', #696, 1000.000000000000000 ) ;
#1138 = EDGE_CURVE ( 'NONE', #8, #1669, #528, .T. ) ;
#1139 = VECTOR ( 'NONE', #1942, 1000.000000000000000 ) ;
#1140 = FACE_OUTER_BOUND ( 'NONE', #92, .T. ) ;
#1141 = ORIENTED_EDGE ( 'NONE', *, *, #1223, .T. ) ;
#1142 = ORIENTED_EDGE ( 'NONE', *, *, #445, .T. ) ;
#1143 = DIRECTION ( 'NONE',  ( 1.000000000000000000, 0.000000000000000000, 0.000000000000000000 ) ) ;
#1144 = CARTESIAN_POINT ( 'NONE',  ( -0.03613480686224895128, -0.003083889881337622055, 0.7184742035330946575 ) ) ;
#1145 = CARTESIAN_POINT ( 'NONE',  ( 0.08057527292483460113, -0.003599999999999999901, 0.7019999999999999574 ) ) ;
#1146 = CIRCLE ( 'NONE', #248, 0.2340027593728002120 ) ;
#1147 = CARTESIAN_POINT ( 'NONE',  ( 0.1076878386256193976, 0.003599999999999999901, 0.4364999999999999991 ) ) ;
#1148 = CARTESIAN_POINT ( 'NONE',  ( 0.1125502766002241944, -0.0009000000000000252373, 0.9000000000000000222 ) ) ;
#1149 = PLANE ( 'NONE',  #1773 ) ;
#1150 = LINE ( 'NONE', #898, #1322 ) ;
#1151 = LINE ( 'NONE', #1596, #272 ) ;
#1152 = EDGE_LOOP ( 'NONE', ( #1336, #624, #1016, #865 ) ) ;
#1153 = EDGE_CURVE ( 'NONE', #787, #30, #612, .T. ) ;
#1154 = CARTESIAN_POINT ( 'NONE',  ( 0.08057527292483460113, -0.2078999999999999737, -0.1619999999999999774 ) ) ;
#1155 = FACE_OUTER_BOUND ( 'NONE', #472, .T. ) ;
#1156 = AXIS2_PLACEMENT_3D ( 'NONE', #1290, #1884, #651 ) ;
#1157 = DIRECTION ( 'NONE',  ( -1.000000000000000000, -5.753897927067920032E-16, 0.000000000000000000 ) ) ;
#1158 = EDGE_CURVE ( 'NONE', #1511, #132, #1744, .T. ) ;
#1159 = DIRECTION ( 'NONE',  ( 0.000000000000000000, 0.000000000000000000, 1.000000000000000000 ) ) ;
#1160 = VECTOR ( 'NONE', #1966, 1000.000000000000000 ) ;
#1161 = ORIENTED_EDGE ( 'NONE', *, *, #1463, .T. ) ;
#1162 = AXIS2_PLACEMENT_3D ( 'NONE', #1496, #84, #1503 ) ;
#1163 = DIRECTION ( 'NONE',  ( 0.000000000000000000, 0.000000000000000000, -1.000000000000000000 ) ) ;
#1164 = ORIENTED_EDGE ( 'NONE', *, *, #1826, .T. ) ;
#1165 = CIRCLE ( 'NONE', #1197, 0.004500000000000002262 ) ;
#1166 = DIRECTION ( 'NONE',  ( 0.000000000000000000, 1.000000000000000000, 0.000000000000000000 ) ) ;
#1167 = CARTESIAN_POINT ( 'NONE',  ( -0.05943186975010187473, -0.003599999999999982988, 0.8420071426749361487 ) ) ;
#1168 = ORIENTED_EDGE ( 'NONE', *, *, #1657, .F. ) ;
#1169 = ORIENTED_EDGE ( 'NONE', *, *, #796, .F. ) ;
#1170 = LINE ( 'NONE', #1478, #1002 ) ;
#1171 =( BOUNDED_CURVE ( )  B_SPLINE_CURVE ( 3, ( #439, #1653, #1219, #1234 ),
 .UNSPECIFIED., .F., .F. ) 
 B_SPLINE_CURVE_WITH_KNOTS ( ( 4, 4 ),
 ( 0.1323019054542620143, 1.705251539128145088 ),
 .UNSPECIFIED. ) 
 CURVE ( )  GEOMETRIC_REPRESENTATION_ITEM ( )  RATIONAL_B_SPLINE_CURVE ( ( 1.000000000000000000, 0.8042300417017779202, 0.8042300417017779202, 1.000000000000000000 ) ) 
 REPRESENTATION_ITEM ( '' )  );
#1172 = DIRECTION ( 'NONE',  ( 1.000000000000000000, 0.000000000000000000, 0.000000000000000000 ) ) ;
#1173 = FACE_OUTER_BOUND ( 'NONE', #373, .T. ) ;
#1174 = ORIENTED_EDGE ( 'NONE', *, *, #761, .T. ) ;
#1175 = DIRECTION ( 'NONE',  ( 1.000000000000000000, 5.753897927067920032E-16, 0.000000000000000000 ) ) ;
#1176 = ORIENTED_EDGE ( 'NONE', *, *, #1339, .F. ) ;
#1177 = EDGE_CURVE ( 'NONE', #1364, #1795, #1410, .T. ) ;
#1178 = CARTESIAN_POINT ( 'NONE',  ( 0.1975752729248345663, 0.008099999999999997827, 0.8820000000000000062 ) ) ;
#1179 = ORIENTED_EDGE ( 'NONE', *, *, #1826, .F. ) ;
#1180 = ORIENTED_EDGE ( 'NONE', *, *, #1177, .T. ) ;
#1181 = DIRECTION ( 'NONE',  ( 1.727445884434309864E-16, 1.000000000000000000, 5.027990852869599232E-17 ) ) ;
#1182 = EDGE_CURVE ( 'NONE', #534, #377, #179, .T. ) ;
#1183 = FACE_OUTER_BOUND ( 'NONE', #1726, .T. ) ;
#1184 = EDGE_CURVE ( 'NONE', #1112, #437, #1229, .T. ) ;
#1185 = VERTEX_POINT ( 'NONE', #961 ) ;
#1186 = EDGE_CURVE ( 'NONE', #1987, #1202, #1040, .T. ) ;
#1187 = PLANE ( 'NONE',  #68 ) ;
#1188 = ORIENTED_EDGE ( 'NONE', *, *, #1368, .T. ) ;
#1189 = MANIFOLD_SOLID_BREP ( 'NONE', #139 ) ;
#1190 = CARTESIAN_POINT ( 'NONE',  ( 0.1975752729248345663, 0.008099999999999997827, -0.8820000000000000062 ) ) ;
#1191 = CYLINDRICAL_SURFACE ( 'NONE', #1494, 0.1979999999999999261 ) ;
#1192 = EDGE_CURVE ( 'NONE', #1971, #1010, #1235, .T. ) ;
#1193 = AXIS2_PLACEMENT_3D ( 'NONE', #1597, #1624, #1518 ) ;
#1194 = CARTESIAN_POINT ( 'NONE',  ( -0.1012247270751653883, -0.003599999999999996432, 0.6300000000000000044 ) ) ;
#1195 = DIRECTION ( 'NONE',  ( -0.9364049428148744081, -0.3509213345920590976, 0.000000000000000000 ) ) ;
#1196 = ORIENTED_EDGE ( 'NONE', *, *, #258, .F. ) ;
#1197 = AXIS2_PLACEMENT_3D ( 'NONE', #129, #474, #1115 ) ;
#1198 = EDGE_CURVE ( 'NONE', #1375, #11, #1678, .T. ) ;
#1199 = CARTESIAN_POINT ( 'NONE',  ( -0.1174247270751653804, 0.003599999999999999901, 0.4500000000000000111 ) ) ;
#1200 = FACE_OUTER_BOUND ( 'NONE', #147, .T. ) ;
#1201 = VECTOR ( 'NONE', #1934, 1000.000000000000000 ) ;
#1202 = VERTEX_POINT ( 'NONE', #1721 ) ;
#1203 = CARTESIAN_POINT ( 'NONE',  ( 0.1170252764067833823, -0.0004263157894752251840, -0.9000000000000000222 ) ) ;
#1204 = CARTESIAN_POINT ( 'NONE',  ( 0.08057527292483460113, -0.1539000000000000090, 0.7019999999999999574 ) ) ;
#1205 = VERTEX_POINT ( 'NONE', #175 ) ;
#1206 = DIRECTION ( 'NONE',  ( 1.000000000000000000, -1.375507369312020275E-16, 0.000000000000000000 ) ) ;
#1207 = ORIENTED_EDGE ( 'NONE', *, *, #258, .T. ) ;
#1208 = VERTEX_POINT ( 'NONE', #1690 ) ;
#1209 = CIRCLE ( 'NONE', #1114, 0.1979999999999999816 ) ;
#1210 = DIRECTION ( 'NONE',  ( 0.000000000000000000, 0.000000000000000000, 1.000000000000000000 ) ) ;
#1211 = ORIENTED_EDGE ( 'NONE', *, *, #1376, .T. ) ;
#1212 = CARTESIAN_POINT ( 'NONE',  ( 0.1076878386256193976, 0.003599999999999999901, -0.4364999999999999991 ) ) ;
#1213 = EDGE_CURVE ( 'NONE', #1825, #1569, #270, .T. ) ;
#1214 = PLANE ( 'NONE',  #80 ) ;
#1215 = FACE_OUTER_BOUND ( 'NONE', #1732, .T. ) ;
#1216 = ORIENTED_EDGE ( 'NONE', *, *, #448, .T. ) ;
#1217 = ORIENTED_EDGE ( 'NONE', *, *, #881, .F. ) ;
#1218 = CIRCLE ( 'NONE', #1156, 0.2340027593728000732 ) ;
#1219 = CARTESIAN_POINT ( 'NONE',  ( 0.1027028952931157840, -0.003600000000000010310, -0.4499998835736424563 ) ) ;
#1220 = DIRECTION ( 'NONE',  ( 0.000000000000000000, 0.000000000000000000, -1.000000000000000000 ) ) ;
#1221 = ORIENTED_EDGE ( 'NONE', *, *, #1919, .T. ) ;
#1222 = FACE_OUTER_BOUND ( 'NONE', #136, .T. ) ;
#1223 = EDGE_CURVE ( 'NONE', #1929, #1013, #165, .T. ) ;
#1224 = VERTEX_POINT ( 'NONE', #1427 ) ;
#1225 = CIRCLE ( 'NONE', #332, 0.02879999999999999574 ) ;
#1226 = DIRECTION ( 'NONE',  ( 0.000000000000000000, 0.000000000000000000, -1.000000000000000000 ) ) ;
#1227 = PERSON ( '未', '未', '未', ('未'), ('未'), ('未') ) ;
#1228 = EDGE_CURVE ( 'NONE', #1296, #38, #804, .T. ) ;
#1229 = LINE ( 'NONE', #806, #999 ) ;
#1230 = ORIENTED_EDGE ( 'NONE', *, *, #1313, .T. ) ;
#1231 = ORIENTED_EDGE ( 'NONE', *, *, #1396, .F. ) ;
#1232 = VECTOR ( 'NONE', #1510, 1000.000000000000000 ) ;
#1233 = AXIS2_PLACEMENT_3D ( 'NONE', #1289, #1298, #990 ) ;
#1234 = CARTESIAN_POINT ( 'NONE',  ( 0.09473869882967038414, -0.003599999999999999901, -0.4500000000000000111 ) ) ;
#1235 = CIRCLE ( 'NONE', #2000, 0.004500000000000001395 ) ;
#1236 = LINE ( 'NONE', #1637, #773 ) ;
#1237 = CIRCLE ( 'NONE', #434, 0.1979999999999999261 ) ;
#1238 = ORIENTED_EDGE ( 'NONE', *, *, #441, .F. ) ;
#1239 = AXIS2_PLACEMENT_3D ( 'NONE', #516, #1768, #361 ) ;
#1240 = DIRECTION ( 'NONE',  ( 0.000000000000000000, 0.000000000000000000, 1.000000000000000000 ) ) ;
#1241 = ORIENTED_EDGE ( 'NONE', *, *, #1919, .F. ) ;
#1242 = DIRECTION ( 'NONE',  ( 0.6725927091345461628, 0.7400128699009577149, 0.000000000000000000 ) ) ;
#1243 = PLANE ( 'NONE',  #703 ) ;
#1244 = VERTEX_POINT ( 'NONE', #1420 ) ;
#1245 = ORIENTED_EDGE ( 'NONE', *, *, #1488, .T. ) ;
#1246 = DIRECTION ( 'NONE',  ( 0.000000000000000000, 0.000000000000000000, -1.000000000000000000 ) ) ;
#1247 = COORDINATED_UNIVERSAL_TIME_OFFSET ( 8, 0, .AHEAD. ) ;
#1248 = ORIENTED_EDGE ( 'NONE', *, *, #391, .F. ) ;
#1249 = ADVANCED_FACE ( 'NONE', ( #1083 ), #1986, .F. ) ;
#1250 = ORIENTED_EDGE ( 'NONE', *, *, #1674, .T. ) ;
#1251 = FACE_OUTER_BOUND ( 'NONE', #1152, .T. ) ;
#1252 = CARTESIAN_POINT ( 'NONE',  ( 0.09473869882967038414, -0.003599999999999999901, 0.4500000000000000111 ) ) ;
#1253 = CARTESIAN_POINT ( 'NONE',  ( 0.03599832531163085769, -0.003599999999999999901, 0.8820000000000000062 ) ) ;
#1254 = CC_DESIGN_PERSON_AND_ORGANIZATION_ASSIGNMENT ( #812, #169, ( #1416 ) ) ;
#1255 = CARTESIAN_POINT ( 'NONE',  ( 0.1035048206031840001, -0.0009000000000000252373, 0.8820000000000000062 ) ) ;
#1256 = ORIENTED_EDGE ( 'NONE', *, *, #1111, .F. ) ;
#1257 = EDGE_CURVE ( 'NONE', #1696, #550, #107, .T. ) ;
#1258 = ORIENTED_EDGE ( 'NONE', *, *, #881, .T. ) ;
#1259 = DIRECTION ( 'NONE',  ( 0.000000000000000000, 0.000000000000000000, 1.000000000000000000 ) ) ;
#1260 = APPROVAL_ROLE ( '' ) ;
#1261 = EDGE_LOOP ( 'NONE', ( #1238, #122 ) ) ;
#1262 = DIRECTION ( 'NONE',  ( 1.185846126156019735E-16, 1.000000000000000000, 0.000000000000000000 ) ) ;
#1263 = FACE_OUTER_BOUND ( 'NONE', #808, .T. ) ;
#1264 = EDGE_CURVE ( 'NONE', #1857, #1525, #1276, .T. ) ;
#1265 = DIRECTION ( 'NONE',  ( 0.000000000000000000, 0.000000000000000000, 1.000000000000000000 ) ) ;
#1266 = EDGE_LOOP ( 'NONE', ( #1978, #1811 ) ) ;
#1267 = CARTESIAN_POINT ( 'NONE',  ( 0.1975752729248345663, -0.06879435324902404003, 0.8099999999999999423 ) ) ;
#1268 = CIRCLE ( 'NONE', #639, 0.2340027593728000732 ) ;
#1269 = ORIENTED_EDGE ( 'NONE', *, *, #1498, .F. ) ;
#1270 = AXIS2_PLACEMENT_3D ( 'NONE', #1957, #1380, #880 ) ;
#1271 = CIRCLE ( 'NONE', #1360, 0.1980027593728001245 ) ;
#1272 = CARTESIAN_POINT ( 'NONE',  ( -0.03613423928067018009, -0.003600000000000013346, 0.7950906158947950164 ) ) ;
#1273 = VECTOR ( 'NONE', #903, 1000.000000000000000 ) ;
#1274 = PLANE ( 'NONE',  #737 ) ;
#1275 = ADVANCED_FACE ( 'NONE', ( #292 ), #143, .F. ) ;
#1276 = LINE ( 'NONE', #764, #1592 ) ;
#1277 = VERTEX_POINT ( 'NONE', #1913 ) ;
#1278 = VERTEX_POINT ( 'NONE', #348 ) ;
#1279 = LINE ( 'NONE', #2005, #337 ) ;
#1280 = APPROVAL_STATUS ( 'not_yet_approved' ) ;
#1281 = DIRECTION ( 'NONE',  ( -1.000000000000000000, 1.254863625561926657E-16, 0.000000000000000000 ) ) ;
#1282 = CARTESIAN_POINT ( 'NONE',  ( 0.1174247270751653804, -0.003599999999999999901, -0.9000000000000000222 ) ) ;
#1283 = EDGE_CURVE ( 'NONE', #2007, #1375, #1607, .T. ) ;
#1284 = DIRECTION ( 'NONE',  ( -0.7071067811865481278, 8.555888356104046954E-17, 0.7071067811865470176 ) ) ;
#1285 = EDGE_LOOP ( 'NONE', ( #1780, #191, #398, #661, #1599, #1076 ) ) ;
#1286 = VERTEX_POINT ( 'NONE', #1738 ) ;
#1287 = DIRECTION ( 'NONE',  ( -5.208675535610499953E-17, 1.000000000000000000, 3.021291494821690181E-16 ) ) ;
#1288 = DATE_TIME_ROLE ( 'classification_date' ) ;
#1289 = CARTESIAN_POINT ( 'NONE',  ( 0.08057527292483460113, -0.1539000000000000090, -0.7019999999999999574 ) ) ;
#1290 = CARTESIAN_POINT ( 'NONE',  ( 0.1975752729248345663, 0.008099999999999997827, 0.7739999999999997993 ) ) ;
#1291 = EDGE_CURVE ( 'NONE', #613, #736, #1271, .T. ) ;
#1292 = CARTESIAN_POINT ( 'NONE',  ( 0.08057527292483460113, 0.003599999999999999901, 0.7019999999999999574 ) ) ;
#1293 = CARTESIAN_POINT ( 'NONE',  ( 0.09417314058884099226, 0.003599999999999999901, 0.4500000000000000111 ) ) ;
#1294 = AXIS2_PLACEMENT_3D ( 'NONE', #72, #513, #705 ) ;
#1295 = VERTEX_POINT ( 'NONE', #193 ) ;
#1296 = VERTEX_POINT ( 'NONE', #186 ) ;
#1297 = CARTESIAN_POINT ( 'NONE',  ( 0.1035048206031840001, -0.0009000000000000252373, 0.9000000000000000222 ) ) ;
#1298 = DIRECTION ( 'NONE',  ( 1.727445884434309864E-16, 1.000000000000000000, 5.027990852869599232E-17 ) ) ;
#1299 = CYLINDRICAL_SURFACE ( 'NONE', #510, 0.05400000000000001327 ) ;
#1300 = VECTOR ( 'NONE', #1516, 1000.000000000000000 ) ;
#1301 = AXIS2_PLACEMENT_3D ( 'NONE', #1499, #887, #86 ) ;
#1302 = DIRECTION ( 'NONE',  ( 0.000000000000000000, 0.000000000000000000, -1.000000000000000000 ) ) ;
#1303 = AXIS2_PLACEMENT_3D ( 'NONE', #1775, #1181, #226 ) ;
#1304 = EDGE_CURVE ( 'NONE', #819, #177, #1067, .T. ) ;
#1305 = AXIS2_PLACEMENT_3D ( 'NONE', #4, #140, #1885 ) ;
#1306 = DIRECTION ( 'NONE',  ( -0.8660254037844388186, 1.069486044513005592E-16, 0.4999999999999998335 ) ) ;
#1307 = DIRECTION ( 'NONE',  ( 0.000000000000000000, 0.000000000000000000, -1.000000000000000000 ) ) ;
#1308 = EDGE_CURVE ( 'NONE', #1525, #500, #465, .T. ) ;
#1309 = DIRECTION ( 'NONE',  ( 1.000000000000000000, -1.224646799147350002E-16, -1.221245327087670025E-15 ) ) ;
#1310 = DIRECTION ( 'NONE',  ( 5.208675535610499953E-17, -1.000000000000000000, -3.021291494821690181E-16 ) ) ;
#1311 = CARTESIAN_POINT ( 'NONE',  ( -0.03613480686224909699, -0.003599999999999999901, 0.6559499725176058949 ) ) ;
#1312 = CC_DESIGN_PERSON_AND_ORGANIZATION_ASSIGNMENT ( #1097, #297, ( #525 ) ) ;
#1313 = EDGE_CURVE ( 'NONE', #1208, #877, #837, .T. ) ;
#1314 = PLANE ( 'NONE',  #1490 ) ;
#1315 = DIRECTION ( 'NONE',  ( 0.6688560540599390869, 0.7433919416750275344, 0.000000000000000000 ) ) ;
#1316 = EDGE_LOOP ( 'NONE', ( #1119, #857, #595, #242, #778, #926 ) ) ;
#1317 = FACE_OUTER_BOUND ( 'NONE', #1043, .T. ) ;
#1318 = CYLINDRICAL_SURFACE ( 'NONE', #1805, 0.004500000000000002262 ) ;
#1319 = VECTOR ( 'NONE', #267, 1000.000000000000000 ) ;
#1320 = EDGE_CURVE ( 'NONE', #1185, #394, #1649, .T. ) ;
#1321 = LINE ( 'NONE', #71, #200 ) ;
#1322 = VECTOR ( 'NONE', #1980, 1000.000000000000000 ) ;
#1323 = DIRECTION ( 'NONE',  ( 0.7071067811865471286, -8.555888356104046954E-17, -0.7071067811865481278 ) ) ;
#1324 = ORIENTED_EDGE ( 'NONE', *, *, #1131, .T. ) ;
#1325 = DIRECTION ( 'NONE',  ( 1.000000000000000000, 0.000000000000000000, 0.000000000000000000 ) ) ;
#1326 = AXIS2_PLACEMENT_3D ( 'NONE', #919, #1287, #615 ) ;
#1327 = AXIS2_PLACEMENT_3D ( 'NONE', #1777, #372, #993 ) ;
#1328 = CARTESIAN_POINT ( 'NONE',  ( -0.03638413014603662093, 0.003600000000000042402, 0.7950886517238614504 ) ) ;
#1329 = FACE_OUTER_BOUND ( 'NONE', #711, .T. ) ;
#1330 =( BOUNDED_CURVE ( )  B_SPLINE_CURVE ( 3, ( #1756, #529, #1771, #1928 ),
 .UNSPECIFIED., .F., .F. ) 
 B_SPLINE_CURVE_WITH_KNOTS ( ( 4, 4 ),
 ( 3.056927489885290061, 3.226257817294319707 ),
 .UNSPECIFIED. ) 
 CURVE ( )  GEOMETRIC_REPRESENTATION_ITEM ( )  RATIONAL_B_SPLINE_CURVE ( ( 1.000000000000000000, 0.9976120303147190116, 0.9976120303147190116, 1.000000000000000000 ) ) 
 REPRESENTATION_ITEM ( '' )  );
#1331 = ADVANCED_FACE ( 'NONE', ( #1924 ), #1473, .F. ) ;
#1332 = ORIENTED_EDGE ( 'NONE', *, *, #404, .F. ) ;
#1333 = AXIS2_PLACEMENT_3D ( 'NONE', #591, #1576, #164 ) ;
#1334 = ORIENTED_EDGE ( 'NONE', *, *, #1606, .F. ) ;
#1335 = DIRECTION ( 'NONE',  ( 0.000000000000000000, 0.000000000000000000, -1.000000000000000000 ) ) ;
#1336 = ORIENTED_EDGE ( 'NONE', *, *, #573, .T. ) ;
#1337 = LINE ( 'NONE', #1770, #527 ) ;
#1338 = CARTESIAN_POINT ( 'NONE',  ( 0.1125502766002241944, -0.0009000000000000252373, -0.9000000000000000222 ) ) ;
#1339 = EDGE_CURVE ( 'NONE', #99, #1948, #1523, .T. ) ;
#1340 = ORIENTED_EDGE ( 'NONE', *, *, #1720, .T. ) ;
#1341 = DIRECTION ( 'NONE',  ( 2.267116354625794968E-16, -1.000000000000000000, -3.486781572442120134E-16 ) ) ;
#1342 = ADVANCED_FACE ( 'NONE', ( #1140 ), #1318, .T. ) ;
#1343 = DIRECTION ( 'NONE',  ( 1.000000000000000000, 0.000000000000000000, 0.000000000000000000 ) ) ;
#1344 = CARTESIAN_POINT ( 'NONE',  ( -0.01842472707516540006, 0.003599999999999999901, 0.3334730299493183781 ) ) ;
#1345 = EDGE_LOOP ( 'NONE', ( #698, #340, #1680, #930 ) ) ;
#1346 = LINE ( 'NONE', #1199, #1839 ) ;
#1347 = CARTESIAN_POINT ( 'NONE',  ( -0.05943186975010187473, -0.003599999999999982988, -0.8420071426749361487 ) ) ;
#1348 = ORIENTED_EDGE ( 'NONE', *, *, #1182, .T. ) ;
#1349 = ORIENTED_EDGE ( 'NONE', *, *, #1852, .T. ) ;
#1350 = EDGE_CURVE ( 'NONE', #1574, #1673, #522, .T. ) ;
#1351 = DIRECTION ( 'NONE',  ( 0.000000000000000000, 0.000000000000000000, -1.000000000000000000 ) ) ;
#1352 = DIRECTION ( 'NONE',  ( -1.727445884434309864E-16, -1.000000000000000000, 5.027990852869609093E-17 ) ) ;
#1353 = ORIENTED_EDGE ( 'NONE', *, *, #523, .F. ) ;
#1354 = DIRECTION ( 'NONE',  ( -1.000000000000000000, 1.254863625561926657E-16, 0.000000000000000000 ) ) ;
#1355 = CARTESIAN_POINT ( 'NONE',  ( -0.05564317793426314801, -0.1450026387806227224, 0.7199999999999999734 ) ) ;
#1356 = EDGE_LOOP ( 'NONE', ( #111, #438, #1641, #145 ) ) ;
#1357 = DIRECTION ( 'NONE',  ( -0.8660254037844388186, 1.069486044513005592E-16, 0.4999999999999998335 ) ) ;
#1358 = CYLINDRICAL_SURFACE ( 'NONE', #238, 0.08099999999999998868 ) ;
#1359 = CC_DESIGN_APPROVAL ( #508, ( #862 ) ) ;
#1360 = AXIS2_PLACEMENT_3D ( 'NONE', #1623, #36, #977 ) ;
#1361 = ORIENTED_EDGE ( 'NONE', *, *, #565, .F. ) ;
#1362 = CARTESIAN_POINT ( 'NONE',  ( 0.09857527292483458936, 0.003599999999999999901, -0.8279999999999999583 ) ) ;
#1363 = ORIENTED_EDGE ( 'NONE', *, *, #1291, .T. ) ;
#1364 = VERTEX_POINT ( 'NONE', #498 ) ;
#1365 = CIRCLE ( 'NONE', #307, 0.004500000000000001395 ) ;
#1366 = DIRECTION ( 'NONE',  ( 0.000000000000000000, 0.000000000000000000, -1.000000000000000000 ) ) ;
#1367 = CIRCLE ( 'NONE', #1748, 0.1979999999999999261 ) ;
#1368 = EDGE_CURVE ( 'NONE', #1791, #1500, #1367, .T. ) ;
#1369 = ORIENTED_EDGE ( 'NONE', *, *, #769, .F. ) ;
#1370 = DIRECTION ( 'NONE',  ( -0.9902105881391426445, -0.1395814856531229775, 0.000000000000000000 ) ) ;
#1371 = FACE_OUTER_BOUND ( 'NONE', #1867, .T. ) ;
#1372 = ORIENTED_EDGE ( 'NONE', *, *, #1409, .T. ) ;
#1373 = DIRECTION ( 'NONE',  ( 1.000000000000000000, 5.753897927067920032E-16, 0.000000000000000000 ) ) ;
#1374 = VERTEX_POINT ( 'NONE', #1456 ) ;
#1375 = VERTEX_POINT ( 'NONE', #487 ) ;
#1376 = EDGE_CURVE ( 'NONE', #787, #1286, #566, .T. ) ;
#1377 = CARTESIAN_POINT ( 'NONE',  ( 0.1083390134783525915, -0.003599999999999999901, -0.9000000000000000222 ) ) ;
#1378 = CARTESIAN_POINT ( 'NONE',  ( 0.1035048206031840001, 0.003599999999999999901, -0.8820000000000000062 ) ) ;
#1379 = ORIENTED_EDGE ( 'NONE', *, *, #1417, .T. ) ;
#1380 = DIRECTION ( 'NONE',  ( 0.000000000000000000, 0.000000000000000000, 1.000000000000000000 ) ) ;
#1381 = ORIENTED_EDGE ( 'NONE', *, *, #1618, .F. ) ;
#1382 = LINE ( 'NONE', #454, #530 ) ;
#1383 = FACE_BOUND ( 'NONE', #1266, .T. ) ;
#1384 = ORIENTED_EDGE ( 'NONE', *, *, #62, .T. ) ;
#1385 = ORIENTED_EDGE ( 'NONE', *, *, #163, .T. ) ;
#1386 = DIRECTION ( 'NONE',  ( 1.000000000000000000, -1.176434648964306163E-16, 0.000000000000000000 ) ) ;
#1387 = LINE ( 'NONE', #1695, #1137 ) ;
#1388 = ORIENTED_EDGE ( 'NONE', *, *, #1264, .F. ) ;
#1389 = ORIENTED_EDGE ( 'NONE', *, *, #295, .F. ) ;
#1390 = DIRECTION ( 'NONE',  ( -0.8660254037844384856, 1.368942136976648203E-16, -0.5000000000000002220 ) ) ;
#1391 = CIRCLE ( 'NONE', #228, 0.1979999999999999261 ) ;
#1392 = DIRECTION ( 'NONE',  ( 0.000000000000000000, 0.000000000000000000, 1.000000000000000000 ) ) ;
#1393 = EDGE_CURVE ( 'NONE', #1208, #2002, #507, .T. ) ;
#1394 = CARTESIAN_POINT ( 'NONE',  ( -8.150717451668380951E-05, -0.003599999999999999901, 0.4500000000000000111 ) ) ;
#1395 = ORIENTED_EDGE ( 'NONE', *, *, #830, .F. ) ;
#1396 = EDGE_CURVE ( 'NONE', #1428, #1915, #311, .T. ) ;
#1397 = CC_DESIGN_SECURITY_CLASSIFICATION ( #525, ( #862 ) ) ;
#1398 = ORIENTED_EDGE ( 'NONE', *, *, #94, .T. ) ;
#1399 = AXIS2_PLACEMENT_3D ( 'NONE', #1459, #1335, #989 ) ;
#1400 = DIRECTION ( 'NONE',  ( -1.000000000000000000, -5.753897927067920032E-16, 0.000000000000000000 ) ) ;
#1401 = DIRECTION ( 'NONE',  ( 0.6725927091345461628, 0.7400128699009577149, 0.000000000000000000 ) ) ;
#1402 = AXIS2_PLACEMENT_3D ( 'NONE', #1981, #600, #1629 ) ;
#1403 = ORIENTED_EDGE ( 'NONE', *, *, #816, .F. ) ;
#1404 = TOROIDAL_SURFACE ( 'NONE', #976, 0.1035000046938659296, 0.01349999999999999985 ) ;
#1405 = CARTESIAN_POINT ( 'NONE',  ( -0.03638421372634811912, 0.003599999999999999901, 0.4859999999999999321 ) ) ;
#1406 = ADVANCED_FACE ( 'NONE', ( #1613 ), #52, .T. ) ;
#1407 = DIRECTION ( 'NONE',  ( 0.7071067811865479058, -1.368942136976647217E-16, 0.7071067811865470176 ) ) ;
#1408 = CARTESIAN_POINT ( 'NONE',  ( 0.08057527292483460113, 0.003599999999999999901, 0.1619999999999999774 ) ) ;
#1409 = EDGE_CURVE ( 'NONE', #1555, #917, #455, .T. ) ;
#1410 = LINE ( 'NONE', #130, #1620 ) ;
#1411 = ORIENTED_EDGE ( 'NONE', *, *, #1728, .F. ) ;
#1412 = VERTEX_POINT ( 'NONE', #81 ) ;
#1413 = CYLINDRICAL_SURFACE ( 'NONE', #1399, 0.004500000000000001395 ) ;
#1414 = CIRCLE ( 'NONE', #1471, 0.02879999999999999574 ) ;
#1415 = ORIENTED_EDGE ( 'NONE', *, *, #154, .F. ) ;
#1416 = PRODUCT ( '000545', '000545', '', ( #789 ) ) ;
#1417 = EDGE_CURVE ( 'NONE', #1278, #1703, #581, .T. ) ;
#1418 = AXIS2_PLACEMENT_3D ( 'NONE', #782, #946, #1123 ) ;
#1419 = CARTESIAN_POINT ( 'NONE',  ( -0.0003763441921854401156, 0.003599999999999999901, -0.4500000000000000111 ) ) ;
#1420 = CARTESIAN_POINT ( 'NONE',  ( 0.1174247270751653804, -0.003599999999999999901, -0.8279999999999999583 ) ) ;
#1421 = ORIENTED_EDGE ( 'NONE', *, *, #1720, .F. ) ;
#1422 = ORIENTED_EDGE ( 'NONE', *, *, #611, .F. ) ;
#1423 = DIRECTION ( 'NONE',  ( -1.000000000000000000, 0.000000000000000000, 0.000000000000000000 ) ) ;
#1424 = APPROVAL_DATE_TIME ( #491, #508 ) ;
#1425 = ORIENTED_EDGE ( 'NONE', *, *, #1755, .F. ) ;
#1426 = LINE ( 'NONE', #13, #838 ) ;
#1427 = CARTESIAN_POINT ( 'NONE',  ( -0.03613480686224891658, -0.003599999999999999901, -0.5445664587335897755 ) ) ;
#1428 = VERTEX_POINT ( 'NONE', #1015 ) ;
#1429 = LINE ( 'NONE', #1442, #1802 ) ;
#1430 = COORDINATED_UNIVERSAL_TIME_OFFSET ( 8, 0, .AHEAD. ) ;
#1431 = CC_DESIGN_APPROVAL ( #904, ( #878 ) ) ;
#1432 = AXIS2_PLACEMENT_3D ( 'NONE', #1766, #360, #687 ) ;
#1433 = VECTOR ( 'NONE', #211, 1000.000000000000000 ) ;
#1434 = EDGE_CURVE ( 'NONE', #877, #2007, #401, .T. ) ;
#1435 = CARTESIAN_POINT ( 'NONE',  ( -0.0003763441921854401156, 0.003599999999999999901, 0.4500000000000000111 ) ) ;
#1436 = CIRCLE ( 'NONE', #23, 0.1619999999999999774 ) ;
#1437 = LINE ( 'NONE', #1583, #268 ) ;
#1438 = CARTESIAN_POINT ( 'NONE',  ( 0.1083390087443129868, -0.003599999999999999901, -0.4364999999999999991 ) ) ;
#1439 = CARTESIAN_POINT ( 'NONE',  ( 0.08057527292483460113, 0.003599999999999999901, 0.7019999999999999574 ) ) ;
#1440 = ORIENTED_EDGE ( 'NONE', *, *, #1930, .F. ) ;
#1441 = ORIENTED_EDGE ( 'NONE', *, *, #988, .F. ) ;
#1442 = CARTESIAN_POINT ( 'NONE',  ( -0.03638421372634811912, 0.003599999999999999901, 0.9000000000000000222 ) ) ;
#1443 = APPROVAL_STATUS ( 'not_yet_approved' ) ;
#1444 = CYLINDRICAL_SURFACE ( 'NONE', #1233, 0.1979999999999999261 ) ;
#1445 = ADVANCED_FACE ( 'NONE', ( #1183 ), #1793, .F. ) ;
#1446 = CARTESIAN_POINT ( 'NONE',  ( 0.09417314058884099226, 0.003599999999999999901, 0.4500000000000000111 ) ) ;
#1447 = CARTESIAN_POINT ( 'NONE',  ( 0.03563778498581574028, 0.003599999999999999901, -0.8820000000000000062 ) ) ;
#1448 = CARTESIAN_POINT ( 'NONE',  ( 0.1125502766002241944, -0.0009000000000000252373, 0.9000000000000000222 ) ) ;
#1449 = ORIENTED_EDGE ( 'NONE', *, *, #40, .T. ) ;
#1450 = ORIENTED_EDGE ( 'NONE', *, *, #1376, .F. ) ;
#1451 = DIRECTION ( 'NONE',  ( 0.6688560540599390869, 0.7433919416750275344, 0.000000000000000000 ) ) ;
#1452 = DATE_TIME_ROLE ( 'creation_date' ) ;
#1453 = DIRECTION ( 'NONE',  ( 0.6688560540599390869, 0.7433919416750275344, 0.000000000000000000 ) ) ;
#1454 =( BOUNDED_CURVE ( )  B_SPLINE_CURVE ( 3, ( #1651, #1843, #5, #1394 ),
 .UNSPECIFIED., .F., .F. ) 
 B_SPLINE_CURVE_WITH_KNOTS ( ( 4, 4 ),
 ( 2.997932132445485287, 4.568297578665410086 ),
 .UNSPECIFIED. ) 
 CURVE ( )  GEOMETRIC_REPRESENTATION_ITEM ( )  RATIONAL_B_SPLINE_CURVE ( ( 1.000000000000000000, 0.8048394027090550740, 0.8048394027090550740, 1.000000000000000000 ) ) 
 REPRESENTATION_ITEM ( '' )  );
#1455 = CARTESIAN_POINT ( 'NONE',  ( 0.1083390134783525915, -0.003599999999999999901, 0.9000000000000000222 ) ) ;
#1456 = CARTESIAN_POINT ( 'NONE',  ( -0.1012247270751653883, -0.003599999999999996432, -0.6300000000000000044 ) ) ;
#1457 = ORIENTED_EDGE ( 'NONE', *, *, #188, .T. ) ;
#1458 = ADVANCED_FACE ( 'NONE', ( #1329 ), #1404, .T. ) ;
#1459 = CARTESIAN_POINT ( 'NONE',  ( 0.1035048206031840001, -0.0009000000000000252373, 0.9000000000000000222 ) ) ;
#1460 = CARTESIAN_POINT ( 'NONE',  ( 0.1035048206031840001, -0.0009000000000000252373, -0.8820000000000000062 ) ) ;
#1461 = VECTOR ( 'NONE', #1871, 1000.000000000000000 ) ;
#1462 = CIRCLE ( 'NONE', #1028, 0.02879999999999999574 ) ;
#1463 = EDGE_CURVE ( 'NONE', #1894, #500, #1823, .T. ) ;
#1464 = TOROIDAL_SURFACE ( 'NONE', #466, 0.1035000046938659296, 0.01349999999999999985 ) ;
#1465 = ADVANCED_FACE ( 'NONE', ( #1371 ), #1214, .T. ) ;
#1466 = AXIS2_PLACEMENT_3D ( 'NONE', #697, #1950, #1638 ) ;
#1467 = CARTESIAN_POINT ( 'NONE',  ( -0.1174247270751652139, -0.2078999999999999737, -0.1619999999999999774 ) ) ;
#1468 = CARTESIAN_POINT ( 'NONE',  ( 0.1975752729248345663, 0.008099999999999997827, 0.4364999999999999991 ) ) ;
#1469 = CARTESIAN_POINT ( 'NONE',  ( 0.08057527292483460113, 0.003599999999999999901, -0.5049460598986384996 ) ) ;
#1470 = DIRECTION ( 'NONE',  ( -1.224646799147350002E-16, -1.000000000000000000, 0.000000000000000000 ) ) ;
#1471 = AXIS2_PLACEMENT_3D ( 'NONE', #2008, #1262, #1734 ) ;
#1472 = EDGE_CURVE ( 'NONE', #1500, #1888, #739, .T. ) ;
#1473 = CYLINDRICAL_SURFACE ( 'NONE', #643, 0.1979999999999999261 ) ;
#1474 = DIRECTION ( 'NONE',  ( 0.000000000000000000, 0.000000000000000000, -1.000000000000000000 ) ) ;
#1475 = CARTESIAN_POINT ( 'NONE',  ( -0.03613480686224891658, -0.003599999999999999901, 0.7245664587335898243 ) ) ;
#1476 = ORIENTED_EDGE ( 'NONE', *, *, #1801, .T. ) ;
#1477 = EDGE_CURVE ( 'NONE', #99, #405, #1785, .T. ) ;
#1478 = CARTESIAN_POINT ( 'NONE',  ( 0.1155601288434939256, 0.002445263737537600474, -0.9000000000000000222 ) ) ;
#1479 = CARTESIAN_POINT ( 'NONE',  ( -0.1174247270751646588, -0.003599999999999999901, 0.1619999999999999774 ) ) ;
#1480 = FACE_OUTER_BOUND ( 'NONE', #1487, .T. ) ;
#1481 = DIRECTION ( 'NONE',  ( -3.362609845924909827E-47, -1.934811382200549978E-62, 1.000000000000000000 ) ) ;
#1482 = APPROVAL ( #821, '未' ) ;
#1483 = ORIENTED_EDGE ( 'NONE', *, *, #848, .T. ) ;
#1484 = CIRCLE ( 'NONE', #1989, 0.1980027593728002355 ) ;
#1485 = DIRECTION ( 'NONE',  ( 5.208675535610450032E-17, -1.000000000000000000, 3.021291494821685250E-16 ) ) ;
#1486 = ORIENTED_EDGE ( 'NONE', *, *, #58, .T. ) ;
#1487 = EDGE_LOOP ( 'NONE', ( #1883, #310, #499, #1055, #1217, #1056, #1604, #863, #766, #1905, #818, #1440, #786, #1088, #1403, #576, #540, #1739, #423, #685, #1450, #29, #2011, #469, #1389, #1512, #719, #65, #1388, #1256, #938, #1935, #1063, #602, #694, #1541, #1659, #1988, #1832, #1692, #1994, #83, #1018, #614 ) ) ;
#1488 = EDGE_CURVE ( 'NONE', #207, #715, #1050, .T. ) ;
#1489 = CARTESIAN_POINT ( 'NONE',  ( -0.03613480686224891658, -0.003599999999999999901, -0.4859999999999999321 ) ) ;
#1490 = AXIS2_PLACEMENT_3D ( 'NONE', #1132, #1741, #344 ) ;
#1491 = AXIS2_PLACEMENT_3D ( 'NONE', #622, #1265, #1730 ) ;
#1492 = CARTESIAN_POINT ( 'NONE',  ( -0.1174247270751653804, -0.1539000000000000090, 0.7019999999999999574 ) ) ;
#1493 = AXIS2_PLACEMENT_3D ( 'NONE', #666, #335, #973 ) ;
#1494 = AXIS2_PLACEMENT_3D ( 'NONE', #1204, #1039, #882 ) ;
#1495 = ORIENTED_EDGE ( 'NONE', *, *, #1973, .T. ) ;
#1496 = CARTESIAN_POINT ( 'NONE',  ( 0.1125502766002241944, -0.0009000000000000252373, -0.9000000000000000222 ) ) ;
#1497 = ORIENTED_EDGE ( 'NONE', *, *, #826, .T. ) ;
#1498 = EDGE_CURVE ( 'NONE', #1660, #1044, #851, .T. ) ;
#1499 = CARTESIAN_POINT ( 'NONE',  ( -0.1174247270751653804, -0.2078999999999999737, 0.9000000000000000222 ) ) ;
#1500 = VERTEX_POINT ( 'NONE', #1519 ) ;
#1501 = CYLINDRICAL_SURFACE ( 'NONE', #1717, 0.1979999999999999261 ) ;
#1502 = ORIENTED_EDGE ( 'NONE', *, *, #336, .F. ) ;
#1503 = DIRECTION ( 'NONE',  ( 0.6688560540599390869, 0.7433919416750275344, 0.000000000000000000 ) ) ;
#1504 = VECTOR ( 'NONE', #800, 1000.000000000000000 ) ;
#1505 = DIRECTION ( 'NONE',  ( 0.000000000000000000, 0.000000000000000000, -1.000000000000000000 ) ) ;
#1506 = VERTEX_POINT ( 'NONE', #259 ) ;
#1507 = CARTESIAN_POINT ( 'NONE',  ( 0.09417314058884099226, 0.003599999999999999901, -0.4500000000000000111 ) ) ;
#1508 = DIRECTION ( 'NONE',  ( 2.267116354625794968E-16, -1.000000000000000000, -3.486781572442120134E-16 ) ) ;
#1509 = EDGE_LOOP ( 'NONE', ( #583, #1515, #1384, #17 ) ) ;
#1510 = DIRECTION ( 'NONE',  ( -1.000000000000000000, -5.753897927067920032E-16, 0.000000000000000000 ) ) ;
#1511 = VERTEX_POINT ( 'NONE', #547 ) ;
#1512 = ORIENTED_EDGE ( 'NONE', *, *, #1350, .F. ) ;
#1513 = CARTESIAN_POINT ( 'NONE',  ( 0.1035048206031840001, -0.0009000000000000252373, -0.9000000000000000222 ) ) ;
#1514 = CARTESIAN_POINT ( 'NONE',  ( 0.1975752729248345663, 0.008099999999999997827, 0.4500000000000000111 ) ) ;
#1515 = ORIENTED_EDGE ( 'NONE', *, *, #163, .F. ) ;
#1516 = DIRECTION ( 'NONE',  ( 1.000000000000000000, 5.753897927067920032E-16, 0.000000000000000000 ) ) ;
#1517 = CC_DESIGN_PERSON_AND_ORGANIZATION_ASSIGNMENT ( #1122, #657, ( #862 ) ) ;
#1518 = DIRECTION ( 'NONE',  ( -1.000000000000000000, 1.230717119910755165E-16, 0.000000000000000000 ) ) ;
#1519 = CARTESIAN_POINT ( 'NONE',  ( -0.1174247270751653804, 0.003599999999999999901, 0.7019999999999999574 ) ) ;
#1520 = AXIS2_PLACEMENT_3D ( 'NONE', #683, #1166, #1143 ) ;
#1521 = EDGE_CURVE ( 'NONE', #207, #405, #675, .T. ) ;
#1522 = AXIS2_PLACEMENT_3D ( 'NONE', #1074, #1310, #1767 ) ;
#1523 = CIRCLE ( 'NONE', #1774, 0.1619999999999999774 ) ;
#1524 = DIRECTION ( 'NONE',  ( -5.753897927067920032E-16, 1.000000000000000000, 0.000000000000000000 ) ) ;
#1525 = VERTEX_POINT ( 'NONE', #872 ) ;
#1526 = ORIENTED_EDGE ( 'NONE', *, *, #312, .T. ) ;
#1527 = VECTOR ( 'NONE', #1125, 1000.000000000000000 ) ;
#1528 = CARTESIAN_POINT ( 'NONE',  ( -0.07242472707516539598, 0.003599999999999999901, -0.6300000000000000044 ) ) ;
#1529 = DIRECTION ( 'NONE',  ( 2.267116354625804828E-16, -1.000000000000000000, 3.486781572442120134E-16 ) ) ;
#1530 = ORIENTED_EDGE ( 'NONE', *, *, #1120, .T. ) ;
#1531 = CARTESIAN_POINT ( 'NONE',  ( 0.1020894788134467240, 0.003599999999999890180, -0.4499999823960836864 ) ) ;
#1532 = FACE_OUTER_BOUND ( 'NONE', #921, .T. ) ;
#1533 = DIRECTION ( 'NONE',  ( 0.000000000000000000, 0.000000000000000000, -1.000000000000000000 ) ) ;
#1534 = ORIENTED_EDGE ( 'NONE', *, *, #816, .T. ) ;
#1535 = ORIENTED_EDGE ( 'NONE', *, *, #1111, .T. ) ;
#1536 = DIRECTION ( 'NONE',  ( 1.000000000000000000, 0.000000000000000000, 0.000000000000000000 ) ) ;
#1537 = CARTESIAN_POINT ( 'NONE',  ( 0.1035048206031840001, -0.0009000000000000252373, 0.9000000000000000222 ) ) ;
#1538 = ORIENTED_EDGE ( 'NONE', *, *, #611, .T. ) ;
#1539 = ORIENTED_EDGE ( 'NONE', *, *, #505, .T. ) ;
#1540 = FACE_OUTER_BOUND ( 'NONE', #76, .T. ) ;
#1541 = ORIENTED_EDGE ( 'NONE', *, *, #1223, .F. ) ;
#1542 = ADVANCED_FACE ( 'NONE', ( #1974 ), #1501, .T. ) ;
#1543 = CARTESIAN_POINT ( 'NONE',  ( 0.1035048206031840001, -0.0009000000000000252373, 0.8820000000000000062 ) ) ;
#1544 = CYLINDRICAL_SURFACE ( 'NONE', #1193, 0.2340027593728001842 ) ;
#1545 = DIRECTION ( 'NONE',  ( -0.7071067811865481278, 8.555888356104046954E-17, -0.7071067811865470176 ) ) ;
#1546 = CARTESIAN_POINT ( 'NONE',  ( 0.1975752729248345663, 0.008099999999999997827, -0.9000000000000000222 ) ) ;
#1547 = CARTESIAN_POINT ( 'NONE',  ( 0.1065314877942894617, 0.002430057914554284524, -0.9000000000000000222 ) ) ;
#1548 = ADVANCED_FACE ( 'NONE', ( #716 ), #1191, .T. ) ;
#1549 = VERTEX_POINT ( 'NONE', #96 ) ;
#1550 = DIRECTION ( 'NONE',  ( 0.000000000000000000, 0.000000000000000000, -1.000000000000000000 ) ) ;
#1551 = ADVANCED_FACE ( 'NONE', ( #726 ), #1358, .F. ) ;
#1552 = CARTESIAN_POINT ( 'NONE',  ( 0.1975752729248345663, 0.008099999999999997827, -0.8279999999999999583 ) ) ;
#1553 = FACE_OUTER_BOUND ( 'NONE', #1100, .T. ) ;
#1554 = DIRECTION ( 'NONE',  ( 2.267116354625794968E-16, -1.000000000000000000, -3.486781572442120134E-16 ) ) ;
#1555 = VERTEX_POINT ( 'NONE', #1836 ) ;
#1556 = EDGE_LOOP ( 'NONE', ( #893, #1526, #1398, #1363 ) ) ;
#1557 = CIRCLE ( 'NONE', #1098, 0.004500000000000001395 ) ;
#1558 = DIRECTION ( 'NONE',  ( 1.000000000000000000, 5.753897927067920032E-16, 0.000000000000000000 ) ) ;
#1559 = PERSON_AND_ORGANIZATION ( #1227, #496 ) ;
#1560 = VECTOR ( 'NONE', #1736, 1000.000000000000000 ) ;
#1561 = EDGE_CURVE ( 'NONE', #1412, #1374, #503, .T. ) ;
#1562 = ORIENTED_EDGE ( 'NONE', *, *, #545, .F. ) ;
#1563 = EDGE_LOOP ( 'NONE', ( #1702, #906, #294, #126 ) ) ;
#1564 = CIRCLE ( 'NONE', #1305, 0.08099999999999998868 ) ;
#1565 = CARTESIAN_POINT ( 'NONE',  ( -0.03613480686224909699, -0.003599999999999999901, 0.7739999999999997993 ) ) ;
#1566 = DIRECTION ( 'NONE',  ( 0.000000000000000000, -1.000000000000000000, 0.000000000000000000 ) ) ;
#1567 = FACE_OUTER_BOUND ( 'NONE', #655, .T. ) ;
#1568 = DIRECTION ( 'NONE',  ( 1.000000000000000000, 0.000000000000000000, 0.000000000000000000 ) ) ;
#1569 = VERTEX_POINT ( 'NONE', #792 ) ;
#1570 = ORIENTED_EDGE ( 'NONE', *, *, #290, .T. ) ;
#1571 = CARTESIAN_POINT ( 'NONE',  ( -8.150717451668380951E-05, -0.003599999999999999901, 0.8099999999999999423 ) ) ;
#1572 = CARTESIAN_POINT ( 'NONE',  ( 0.000000000000000000, 0.000000000000000000, 0.000000000000000000 ) ) ;
#1573 = CIRCLE ( 'NONE', #682, 0.004500000000000002262 ) ;
#1574 = VERTEX_POINT ( 'NONE', #631 ) ;
#1575 = CARTESIAN_POINT ( 'NONE',  ( -0.02120235784512979754, -0.003600000000000013346, 0.8100004226624221149 ) ) ;
#1576 = DIRECTION ( 'NONE',  ( 0.000000000000000000, 0.000000000000000000, 1.000000000000000000 ) ) ;
#1577 = DIRECTION ( 'NONE',  ( 0.6725927091345461628, 0.7400128699009577149, 0.000000000000000000 ) ) ;
#1578 = EDGE_CURVE ( 'NONE', #715, #1893, #1564, .T. ) ;
#1579 = DIRECTION ( 'NONE',  ( 0.000000000000000000, 0.000000000000000000, -1.000000000000000000 ) ) ;
#1580 = CARTESIAN_POINT ( 'NONE',  ( 0.02258241559977169910, -0.003600000000000016815, 0.3020071426749363352 ) ) ;
#1581 = CARTESIAN_POINT ( 'NONE',  ( -0.1012247270751653883, -0.2078999999999999737, 0.6300000000000000044 ) ) ;
#1582 = VECTOR ( 'NONE', #1949, 1000.000000000000000 ) ;
#1583 = CARTESIAN_POINT ( 'NONE',  ( -0.1174247270751653804, -0.1539000000000000090, -0.7019999999999999574 ) ) ;
#1584 = AXIS2_PLACEMENT_3D ( 'NONE', #1355, #1046, #1847 ) ;
#1585 = FACE_OUTER_BOUND ( 'NONE', #1652, .T. ) ;
#1586 = CARTESIAN_POINT ( 'NONE',  ( -0.03638421372634811912, 0.003599999999999999901, -0.7739999999999997993 ) ) ;
#1587 = ADVANCED_FACE ( 'NONE', ( #1263 ), #1274, .T. ) ;
#1588 = EDGE_LOOP ( 'NONE', ( #74, #1495, #489, #1570 ) ) ;
#1589 = ORIENTED_EDGE ( 'NONE', *, *, #929, .F. ) ;
#1590 = DIRECTION ( 'NONE',  ( -1.671902244093344758E-16, -1.000000000000000000, -2.582230515360974798E-17 ) ) ;
#1591 = VECTOR ( 'NONE', #393, 1000.000000000000000 ) ;
#1592 = VECTOR ( 'NONE', #1886, 1000.000000000000000 ) ;
#1593 = LINE ( 'NONE', #957, #623 ) ;
#1594 = AXIS2_PLACEMENT_3D ( 'NONE', #315, #291, #1407 ) ;
#1595 = VECTOR ( 'NONE', #282, 1000.000000000000000 ) ;
#1596 = CARTESIAN_POINT ( 'NONE',  ( 0.1125502766002241944, 0.003599999999999999901, -0.9000000000000000222 ) ) ;
#1597 = CARTESIAN_POINT ( 'NONE',  ( 0.1975752729248345663, 0.008099999999999997827, 0.9000000000000000222 ) ) ;
#1598 = CARTESIAN_POINT ( 'NONE',  ( 0.02258241559977161930, -0.2079000000000000015, 0.3020071426749362797 ) ) ;
#1599 = ORIENTED_EDGE ( 'NONE', *, *, #201, .T. ) ;
#1600 = EDGE_LOOP ( 'NONE', ( #730, #1231, #447, #1168, #1080, #1142 ) ) ;
#1601 = CARTESIAN_POINT ( 'NONE',  ( 0.1079843659518330001, -0.0004714285714290143768, -0.9000000000000000222 ) ) ;
#1602 = CALENDAR_DATE ( 2026, 29, 6 ) ;
#1603 = LINE ( 'NONE', #1581, #1661 ) ;
#1604 = ORIENTED_EDGE ( 'NONE', *, *, #1674, .F. ) ;
#1605 = CARTESIAN_POINT ( 'NONE',  ( 0.1975752729248345663, 0.008099999999999997827, -0.4364999999999999991 ) ) ;
#1606 = EDGE_CURVE ( 'NONE', #1795, #1894, #1854, .T. ) ;
#1607 = LINE ( 'NONE', #1598, #1433 ) ;
#1608 = ORIENTED_EDGE ( 'NONE', *, *, #668, .F. ) ;
#1609 = DIRECTION ( 'NONE',  ( 0.6725927091345461628, 0.7400128699009577149, 0.000000000000000000 ) ) ;
#1610 = CARTESIAN_POINT ( 'NONE',  ( 0.03563778498581574028, 0.003599999999999999901, -0.8820000000000000062 ) ) ;
#1611 = EDGE_CURVE ( 'NONE', #280, #1968, #1165, .T. ) ;
#1612 = PLANE ( 'NONE',  #607 ) ;
#1613 = FACE_OUTER_BOUND ( 'NONE', #167, .T. ) ;
#1614 = CYLINDRICAL_SURFACE ( 'NONE', #1713, 0.004500000000000001395 ) ;
#1615 = DATE_AND_TIME ( #1004, #640 ) ;
#1616 = FACE_OUTER_BOUND ( 'NONE', #102, .T. ) ;
#1617 = AXIS2_PLACEMENT_3D ( 'NONE', #1148, #54, #1451 ) ;
#1618 = EDGE_CURVE ( 'NONE', #2002, #437, #1682, .T. ) ;
#1619 = AXIS2_PLACEMENT_3D ( 'NONE', #1762, #942, #809 ) ;
#1620 = VECTOR ( 'NONE', #157, 1000.000000000000000 ) ;
#1621 = CARTESIAN_POINT ( 'NONE',  ( -0.0003763441921854401156, 0.003599999999999999901, -0.4500000000000000111 ) ) ;
#1622 = VECTOR ( 'NONE', #440, 1000.000000000000000 ) ;
#1623 = CARTESIAN_POINT ( 'NONE',  ( 0.1975752729248345663, 0.008099999999999997827, 0.8099999999999999423 ) ) ;
#1624 = DIRECTION ( 'NONE',  ( 0.000000000000000000, 0.000000000000000000, -1.000000000000000000 ) ) ;
#1625 = CARTESIAN_POINT ( 'NONE',  ( -0.03613480686224909699, -0.003599999999999999901, 0.3279749862588029474 ) ) ;
#1626 = ADVANCED_FACE ( 'NONE', ( #2009 ), #1104, .F. ) ;
#1627 = DIRECTION ( 'NONE',  ( 0.4999999999999998890, 0.8660254037844387076, 0.000000000000000000 ) ) ;
#1628 = VERTEX_POINT ( 'NONE', #642 ) ;
#1629 = DIRECTION ( 'NONE',  ( 0.6725927091345461628, 0.7400128699009577149, 0.000000000000000000 ) ) ;
#1630 = CARTESIAN_POINT ( 'NONE',  ( 0.1975751214830765989, -0.003599999999999999901, -0.9000000000000000222 ) ) ;
#1631 = ORIENTED_EDGE ( 'NONE', *, *, #517, .F. ) ;
#1632 = CARTESIAN_POINT ( 'NONE',  ( -0.01842472707516540006, -0.003599999999999999901, 0.3334730299493183781 ) ) ;
#1633 = APPROVAL_DATE_TIME ( #1615, #1482 ) ;
#1634 = EDGE_CURVE ( 'NONE', #1799, #1857, #1436, .T. ) ;
#1635 = LINE ( 'NONE', #56, #1735 ) ;
#1636 = ORIENTED_EDGE ( 'NONE', *, *, #1488, .F. ) ;
#1637 = CARTESIAN_POINT ( 'NONE',  ( -0.03638421372634811912, 0.003599999999999999901, 0.9000000000000000222 ) ) ;
#1638 = DIRECTION ( 'NONE',  ( -1.000000000000000000, 0.000000000000000000, 0.000000000000000000 ) ) ;
#1639 = EDGE_CURVE ( 'NONE', #177, #424, #271, .T. ) ;
#1640 = FACE_OUTER_BOUND ( 'NONE', #1588, .T. ) ;
#1641 = ORIENTED_EDGE ( 'NONE', *, *, #939, .T. ) ;
#1642 = CIRCLE ( 'NONE', #492, 0.004500000000000001395 ) ;
#1643 = DIRECTION ( 'NONE',  ( 0.000000000000000000, 0.000000000000000000, -1.000000000000000000 ) ) ;
#1644 = ORIENTED_EDGE ( 'NONE', *, *, #1999, .T. ) ;
#1645 = VERTEX_POINT ( 'NONE', #749 ) ;
#1646 = AXIS2_PLACEMENT_3D ( 'NONE', #634, #656, #21 ) ;
#1647 = DIRECTION ( 'NONE',  ( 0.000000000000000000, 0.000000000000000000, 1.000000000000000000 ) ) ;
#1648 = VECTOR ( 'NONE', #1220, 1000.000000000000000 ) ;
#1649 =( BOUNDED_CURVE ( )  B_SPLINE_CURVE ( 3, ( #1147, #653, #660, #1293 ),
 .UNSPECIFIED., .F., .T. ) 
 B_SPLINE_CURVE_WITH_KNOTS ( ( 4, 4 ),
 ( 0.1324042740074933833, 1.703514788196079932 ),
 .UNSPECIFIED. ) 
 CURVE ( )  GEOMETRIC_REPRESENTATION_ITEM ( )  RATIONAL_B_SPLINE_CURVE ( ( 1.000000000000000000, 0.8046637936290270687, 0.8046637936290270687, 1.000000000000000000 ) ) 
 REPRESENTATION_ITEM ( '' )  );
#1650 = ORIENTED_EDGE ( 'NONE', *, *, #1521, .F. ) ;
#1651 = CARTESIAN_POINT ( 'NONE',  ( -0.03613480686224891658, -0.003599999999999999901, 0.4859999999999999321 ) ) ;
#1652 = EDGE_LOOP ( 'NONE', ( #571, #1207, #509, #979 ) ) ;
#1653 = CARTESIAN_POINT ( 'NONE',  ( 0.1083398852128421297, -0.003600000000000010310, -0.4444044696166135622 ) ) ;
#1654 = ORIENTED_EDGE ( 'NONE', *, *, #570, .T. ) ;
#1655 = CARTESIAN_POINT ( 'NONE',  ( 0.1079843659518330001, -0.0004714285714290143768, 0.9000000000000000222 ) ) ;
#1656 = AXIS2_PLACEMENT_3D ( 'NONE', #1745, #346, #33 ) ;
#1657 = EDGE_CURVE ( 'NONE', #1010, #601, #1365, .T. ) ;
#1658 = CYLINDRICAL_SURFACE ( 'NONE', #1064, 0.02879999999999999574 ) ;
#1659 = ORIENTED_EDGE ( 'NONE', *, *, #573, .F. ) ;
#1660 = VERTEX_POINT ( 'NONE', #1419 ) ;
#1661 = VECTOR ( 'NONE', #968, 1000.000000000000000 ) ;
#1662 =( BOUNDED_CURVE ( )  B_SPLINE_CURVE ( 3, ( #1990, #124, #1830, #1947 ),
 .UNSPECIFIED., .F., .T. ) 
 B_SPLINE_CURVE_WITH_KNOTS ( ( 4, 4 ),
 ( 1.714887728518934784, 3.285253174738804738 ),
 .UNSPECIFIED. ) 
 CURVE ( )  GEOMETRIC_REPRESENTATION_ITEM ( )  RATIONAL_B_SPLINE_CURVE ( ( 1.000000000000000000, 0.8048394027090670644, 0.8048394027090670644, 1.000000000000000000 ) ) 
 REPRESENTATION_ITEM ( '' )  );
#1663 = FACE_OUTER_BOUND ( 'NONE', #1821, .T. ) ;
#1664 = ORIENTED_EDGE ( 'NONE', *, *, #369, .F. ) ;
#1665 = CARTESIAN_POINT ( 'NONE',  ( 0.1975752729248345663, 0.008099999999999997827, 0.9000000000000000222 ) ) ;
#1666 = EDGE_CURVE ( 'NONE', #613, #1688, #1382, .T. ) ;
#1667 = CARTESIAN_POINT ( 'NONE',  ( -8.150717451668380951E-05, -0.003599999999999999901, -0.8099999999999999423 ) ) ;
#1668 = CARTESIAN_POINT ( 'NONE',  ( 0.1975751214830765989, -0.003599999999999999901, -0.8820000000000000062 ) ) ;
#1669 = VERTEX_POINT ( 'NONE', #935 ) ;
#1670 = ORIENTED_EDGE ( 'NONE', *, *, #1561, .F. ) ;
#1671 = DIRECTION ( 'NONE',  ( 1.185846126156019735E-16, 1.000000000000000000, 0.000000000000000000 ) ) ;
#1672 = CARTESIAN_POINT ( 'NONE',  ( -0.1174247270751652139, -0.003599999999999999901, -0.1619999999999999774 ) ) ;
#1673 = VERTEX_POINT ( 'NONE', #1699 ) ;
#1674 = EDGE_CURVE ( 'NONE', #1915, #99, #1719, .T. ) ;
#1675 = DIRECTION ( 'NONE',  ( -2.267116354625794968E-16, 1.000000000000000000, 3.486781572442120134E-16 ) ) ;
#1676 = CARTESIAN_POINT ( 'NONE',  ( 0.1975752729248345663, 0.008099999999999997827, 0.8279999999999999583 ) ) ;
#1677 = AXIS2_PLACEMENT_3D ( 'NONE', #221, #1778, #502 ) ;
#1678 = CIRCLE ( 'NONE', #735, 0.1979999999999999816 ) ;
#1679 = CARTESIAN_POINT ( 'NONE',  ( 0.1065314877942894617, 0.002430057914554284524, 0.8820000000000000062 ) ) ;
#1680 = ORIENTED_EDGE ( 'NONE', *, *, #1198, .T. ) ;
#1681 = ORIENTED_EDGE ( 'NONE', *, *, #596, .F. ) ;
#1682 = CIRCLE ( 'NONE', #368, 0.1979999999999999261 ) ;
#1683 = FACE_OUTER_BOUND ( 'NONE', #1818, .T. ) ;
#1684 = CARTESIAN_POINT ( 'NONE',  ( 0.1079843659518330001, -0.0004714285714290143768, 0.8820000000000000062 ) ) ;
#1685 = ADVANCED_FACE ( 'NONE', ( #1532 ), #762, .F. ) ;
#1686 = ORIENTED_EDGE ( 'NONE', *, *, #909, .F. ) ;
#1687 = LINE ( 'NONE', #1698, #1300 ) ;
#1688 = VERTEX_POINT ( 'NONE', #1985 ) ;
#1689 = CARTESIAN_POINT ( 'NONE',  ( -0.07242472707516539598, -0.003599999999999999901, -0.6300000000000000044 ) ) ;
#1690 = CARTESIAN_POINT ( 'NONE',  ( 0.08057527292483460113, -0.003599999999999999901, -0.1619999999999999774 ) ) ;
#1691 = ORIENTED_EDGE ( 'NONE', *, *, #1037, .T. ) ;
#1692 = ORIENTED_EDGE ( 'NONE', *, *, #1417, .F. ) ;
#1693 = CARTESIAN_POINT ( 'NONE',  ( -0.03615823905948765959, -0.003124679232775868024, 0.7215233931920742583 ) ) ;
#1694 = ADVANCED_FACE ( 'NONE', ( #621 ), #501, .F. ) ;
#1695 = CARTESIAN_POINT ( 'NONE',  ( 0.1975751214830765989, -0.003599999999999999901, 0.8820000000000000062 ) ) ;
#1696 = VERTEX_POINT ( 'NONE', #950 ) ;
#1697 = EDGE_LOOP ( 'NONE', ( #1670, #1369 ) ) ;
#1698 = CARTESIAN_POINT ( 'NONE',  ( 0.1975751214830765989, -0.003599999999999999901, -0.8099999999999999423 ) ) ;
#1699 = CARTESIAN_POINT ( 'NONE',  ( 0.08057527292483460113, -0.003599999999999999901, -0.9000000000000000222 ) ) ;
#1700 = EDGE_CURVE ( 'NONE', #1047, #896, #1426, .T. ) ;
#1701 = DIRECTION ( 'NONE',  ( 0.000000000000000000, 0.000000000000000000, 1.000000000000000000 ) ) ;
#1702 = ORIENTED_EDGE ( 'NONE', *, *, #1946, .T. ) ;
#1703 = VERTEX_POINT ( 'NONE', #1438 ) ;
#1704 = FACE_OUTER_BOUND ( 'NONE', #276, .T. ) ;
#1705 = COORDINATED_UNIVERSAL_TIME_OFFSET ( 8, 0, .AHEAD. ) ;
#1706 = AXIS2_PLACEMENT_3D ( 'NONE', #1822, #1550, #249 ) ;
#1707 = ORIENTED_EDGE ( 'NONE', *, *, #1472, .T. ) ;
#1708 = CYLINDRICAL_SURFACE ( 'NONE', #846, 0.09000000469386593149 ) ;
#1709 = DIRECTION ( 'NONE',  ( -2.267116354625804828E-16, 1.000000000000000000, -3.486781572442120134E-16 ) ) ;
#1710 = DIRECTION ( 'NONE',  ( 0.6688560540599390869, 0.7433919416750275344, 0.000000000000000000 ) ) ;
#1711 = CIRCLE ( 'NONE', #106, 0.09000000469386595925 ) ;
#1712 = ORIENTED_EDGE ( 'NONE', *, *, #1946, .F. ) ;
#1713 = AXIS2_PLACEMENT_3D ( 'NONE', #980, #847, #1609 ) ;
#1714 = DIRECTION ( 'NONE',  ( 0.000000000000000000, 0.000000000000000000, 1.000000000000000000 ) ) ;
#1715 = DATE_AND_TIME ( #345, #463 ) ;
#1716 = AXIS2_PLACEMENT_3D ( 'NONE', #426, #757, #1933 ) ;
#1717 = AXIS2_PLACEMENT_3D ( 'NONE', #90, #402, #108 ) ;
#1718 = CARTESIAN_POINT ( 'NONE',  ( 0.1083390134783525915, -0.003599999999999999901, -0.8820000000000000062 ) ) ;
#1719 = LINE ( 'NONE', #1253, #1273 ) ;
#1720 = EDGE_CURVE ( 'NONE', #460, #1791, #1071, .T. ) ;
#1721 = CARTESIAN_POINT ( 'NONE',  ( -0.03638421372634811912, 0.003599999999999999901, -0.7739999999999997993 ) ) ;
#1722 = ORIENTED_EDGE ( 'NONE', *, *, #1634, .F. ) ;
#1723 = DIRECTION ( 'NONE',  ( 0.000000000000000000, 0.000000000000000000, 1.000000000000000000 ) ) ;
#1724 = CARTESIAN_POINT ( 'NONE',  ( -0.09089775702448420203, -0.003599999999999978651, 0.4059460598986384672 ) ) ;
#1725 = VECTOR ( 'NONE', #1157, 1000.000000000000000 ) ;
#1726 = EDGE_LOOP ( 'NONE', ( #1921, #253, #187, #520 ) ) ;
#1727 = CARTESIAN_POINT ( 'NONE',  ( -0.03615823905948755551, -0.003124679232776816050, -0.5415233931920739874 ) ) ;
#1728 = EDGE_CURVE ( 'NONE', #11, #2002, #347, .T. ) ;
#1729 = CARTESIAN_POINT ( 'NONE',  ( -0.05943186975010187473, 0.003600000000000016815, 0.8420071426749361487 ) ) ;
#1730 = DIRECTION ( 'NONE',  ( 0.6688560540599390869, 0.7433919416750275344, 0.000000000000000000 ) ) ;
#1731 = ORIENTED_EDGE ( 'NONE', *, *, #448, .F. ) ;
#1732 = EDGE_LOOP ( 'NONE', ( #1324, #1348, #1940, #1349 ) ) ;
#1733 = LINE ( 'NONE', #767, #204 ) ;
#1734 = DIRECTION ( 'NONE',  ( 1.000000000000000000, -1.176434648964306163E-16, 0.000000000000000000 ) ) ;
#1735 = VECTOR ( 'NONE', #831, 1000.000000000000000 ) ;
#1736 = DIRECTION ( 'NONE',  ( 0.000000000000000000, 0.000000000000000000, -1.000000000000000000 ) ) ;
#1737 = AXIS2_PLACEMENT_3D ( 'NONE', #933, #791, #619 ) ;
#1738 = CARTESIAN_POINT ( 'NONE',  ( -0.01842472707516540006, -0.003599999999999999901, -0.3334730299493183781 ) ) ;
#1739 = ORIENTED_EDGE ( 'NONE', *, *, #1313, .F. ) ;
#1740 = APPROVAL_PERSON_ORGANIZATION ( #944, #1482, #1897 ) ;
#1741 = DIRECTION ( 'NONE',  ( -1.000000000000000000, 1.224646799147350002E-16, 0.000000000000000000 ) ) ;
#1742 = CALENDAR_DATE ( 2026, 29, 6 ) ;
#1743 = VECTOR ( 'NONE', #1175, 1000.000000000000000 ) ;
#1744 = CIRCLE ( 'NONE', #866, 0.004500000000000002262 ) ;
#1745 = CARTESIAN_POINT ( 'NONE',  ( 0.1975752729248345663, 0.008099999999999997827, -0.4500000000000000111 ) ) ;
#1746 = VECTOR ( 'NONE', #34, 1000.000000000000000 ) ;
#1747 = EDGE_CURVE ( 'NONE', #452, #1277, #1237, .T. ) ;
#1748 = AXIS2_PLACEMENT_3D ( 'NONE', #1439, #27, #1284 ) ;
#1749 = CYLINDRICAL_SURFACE ( 'NONE', #975, 0.2340027593728001842 ) ;
#1750 = CARTESIAN_POINT ( 'NONE',  ( 0.1079843659518330001, -0.0004714285714290143768, 0.9000000000000000222 ) ) ;
#1751 = CARTESIAN_POINT ( 'NONE',  ( 0.08057527292483460113, -0.003599999999999999901, 0.1799999999999999933 ) ) ;
#1752 = ORIENTED_EDGE ( 'NONE', *, *, #419, .F. ) ;
#1753 = ADVANCED_FACE ( 'NONE', ( #1317 ), #1612, .F. ) ;
#1754 = DIRECTION ( 'NONE',  ( 0.000000000000000000, 1.000000000000000000, 0.000000000000000000 ) ) ;
#1755 = EDGE_CURVE ( 'NONE', #1244, #8, #432, .T. ) ;
#1756 = CARTESIAN_POINT ( 'NONE',  ( -0.03613480686224891658, -0.003599999999999999901, -0.5354335412664119609 ) ) ;
#1757 = CARTESIAN_POINT ( 'NONE',  ( 0.08057527292483460113, -0.2078999999999999737, 0.3599999999999999867 ) ) ;
#1758 = DIRECTION ( 'NONE',  ( 1.224646799147350002E-16, 1.000000000000000000, 0.000000000000000000 ) ) ;
#1759 = EDGE_CURVE ( 'NONE', #956, #1244, #198, .T. ) ;
#1760 = CARTESIAN_POINT ( 'NONE',  ( 0.1076878386256193976, 0.003599999999999999901, 0.9000000000000000222 ) ) ;
#1761 = CARTESIAN_POINT ( 'NONE',  ( -0.03613480686224909699, -0.003599999999999999901, 0.9000000000000000222 ) ) ;
#1762 = CARTESIAN_POINT ( 'NONE',  ( 0.08057527292483460113, -0.003599999999999999901, -0.7019999999999999574 ) ) ;
#1763 = CARTESIAN_POINT ( 'NONE',  ( 0.02258241559977109195, 0.003599999999999982988, -0.3020071426749364463 ) ) ;
#1764 = EDGE_LOOP ( 'NONE', ( #1216, #1502 ) ) ;
#1765 = DIRECTION ( 'NONE',  ( -0.7071067811865481278, 8.555888356104046954E-17, 0.7071067811865470176 ) ) ;
#1766 = CARTESIAN_POINT ( 'NONE',  ( 0.1975752729248345663, 0.008099999999999997827, -0.7739999999999997993 ) ) ;
#1767 = DIRECTION ( 'NONE',  ( -0.8660254037844384856, 1.069486044513006331E-16, -0.5000000000000002220 ) ) ;
#1768 = DIRECTION ( 'NONE',  ( 0.000000000000000000, 0.000000000000000000, -1.000000000000000000 ) ) ;
#1769 = CARTESIAN_POINT ( 'NONE',  ( 0.08057527292483460113, -0.003599999999999999901, 0.1619999999999999774 ) ) ;
#1770 = CARTESIAN_POINT ( 'NONE',  ( 0.08057527292483460113, -0.1539000000000000090, -0.9000000000000000222 ) ) ;
#1771 = CARTESIAN_POINT ( 'NONE',  ( -0.03613480686224900679, -0.003083889881337528380, -0.5415257964669061286 ) ) ;
#1772 = VECTOR ( 'NONE', #1796, 1000.000000000000000 ) ;
#1773 = AXIS2_PLACEMENT_3D ( 'NONE', #1925, #599, #1848 ) ;
#1774 = AXIS2_PLACEMENT_3D ( 'NONE', #817, #1163, #1917 ) ;
#1775 = CARTESIAN_POINT ( 'NONE',  ( -0.1174247270751648531, -0.2078999999999999737, 0.1619999999999999774 ) ) ;
#1776 = EDGE_CURVE ( 'NONE', #1979, #1660, #822, .T. ) ;
#1777 = CARTESIAN_POINT ( 'NONE',  ( 0.08057527292483460113, -0.003599999999999999901, 0.5049460598986384996 ) ) ;
#1778 = DIRECTION ( 'NONE',  ( 1.671902244093344758E-16, 1.000000000000000000, -2.582230515360964629E-17 ) ) ;
#1779 = CARTESIAN_POINT ( 'NONE',  ( 0.09857527292483458936, 0.003599999999999999901, 0.8279999999999999583 ) ) ;
#1780 = ORIENTED_EDGE ( 'NONE', *, *, #225, .T. ) ;
#1781 = ORIENTED_EDGE ( 'NONE', *, *, #15, .T. ) ;
#1782 = CARTESIAN_POINT ( 'NONE',  ( -0.03638421372634811912, 0.003599999999999999901, -0.4859999999999999321 ) ) ;
#1783 = ORIENTED_EDGE ( 'NONE', *, *, #1912, .T. ) ;
#1784 = ADVANCED_FACE ( 'NONE', ( #1136 ), #1749, .F. ) ;
#1785 = LINE ( 'NONE', #69, #2004 ) ;
#1786 = ORIENTED_EDGE ( 'NONE', *, *, #852, .F. ) ;
#1787 = LINE ( 'NONE', #752, #1591 ) ;
#1788 = EDGE_LOOP ( 'NONE', ( #417, #1955, #212, #327 ) ) ;
#1789 = SHAPE_DEFINITION_REPRESENTATION ( #667, #1106 ) ;
#1790 = DIRECTION ( 'NONE',  ( 0.000000000000000000, 0.000000000000000000, 1.000000000000000000 ) ) ;
#1791 = VERTEX_POINT ( 'NONE', #1729 ) ;
#1792 = LINE ( 'NONE', #587, #1648 ) ;
#1793 = CYLINDRICAL_SURFACE ( 'NONE', #1466, 0.08999999999999999667 ) ;
#1794 = FACE_BOUND ( 'NONE', #112, .T. ) ;
#1795 = VERTEX_POINT ( 'NONE', #1923 ) ;
#1796 = DIRECTION ( 'NONE',  ( 1.000000000000000000, 5.753897927067920032E-16, 0.000000000000000000 ) ) ;
#1797 = ORIENTED_EDGE ( 'NONE', *, *, #1320, .F. ) ;
#1798 = DIRECTION ( 'NONE',  ( 1.000000000000000000, 0.000000000000000000, 0.000000000000000000 ) ) ;
#1799 = VERTEX_POINT ( 'NONE', #515 ) ;
#1800 = DIRECTION ( 'NONE',  ( 0.000000000000000000, 0.000000000000000000, 1.000000000000000000 ) ) ;
#1801 = EDGE_CURVE ( 'NONE', #870, #632, #1151, .T. ) ;
#1802 = VECTOR ( 'NONE', #1259, 1000.000000000000000 ) ;
#1803 = CARTESIAN_POINT ( 'NONE',  ( 0.09857527292483458936, 0.003599999999999999901, 0.4500000000000000111 ) ) ;
#1804 = AXIS2_PLACEMENT_3D ( 'NONE', #659, #803, #192 ) ;
#1805 = AXIS2_PLACEMENT_3D ( 'NONE', #1448, #1009, #1903 ) ;
#1806 = FACE_OUTER_BOUND ( 'NONE', #220, .T. ) ;
#1807 = EDGE_CURVE ( 'NONE', #437, #1982, #399, .T. ) ;
#1808 = ORIENTED_EDGE ( 'NONE', *, *, #1030, .F. ) ;
#1809 = ADVANCED_FACE ( 'NONE', ( #1585 ), #1464, .T. ) ;
#1810 = DIRECTION ( 'NONE',  ( 0.000000000000000000, 0.000000000000000000, 1.000000000000000000 ) ) ;
#1811 = ORIENTED_EDGE ( 'NONE', *, *, #1257, .F. ) ;
#1812 = CARTESIAN_POINT ( 'NONE',  ( 0.08057527292483460113, -0.003599999999999999901, -0.7019999999999999574 ) ) ;
#1813 = CARTESIAN_POINT ( 'NONE',  ( 0.1975752729248345663, 0.008099999999999997827, -0.9000000000000000222 ) ) ;
#1814 = AXIS2_PLACEMENT_3D ( 'NONE', #638, #171, #1281 ) ;
#1815 = ORIENTED_EDGE ( 'NONE', *, *, #1992, .T. ) ;
#1816 = CARTESIAN_POINT ( 'NONE',  ( 0.1083390134783525915, -0.003599999999999999901, 0.8820000000000000062 ) ) ;
#1817 = EDGE_LOOP ( 'NONE', ( #1340, #883, #1876, #1497 ) ) ;
#1818 = EDGE_LOOP ( 'NONE', ( #1052, #1332, #313, #1196 ) ) ;
#1819 = EDGE_CURVE ( 'NONE', #1549, #2, #343, .T. ) ;
#1820 = PLANE ( 'NONE',  #133 ) ;
#1821 = EDGE_LOOP ( 'NONE', ( #254, #1937, #178, #842 ) ) ;
#1822 = CARTESIAN_POINT ( 'NONE',  ( 0.1975752729248345663, 0.008099999999999997827, -0.8099999999999999423 ) ) ;
#1823 = LINE ( 'NONE', #1059, #1201 ) ;
#1824 = CARTESIAN_POINT ( 'NONE',  ( 0.1975752729248345663, 0.008099999999999997827, 0.4859999999999999321 ) ) ;
#1825 = VERTEX_POINT ( 'NONE', #25 ) ;
#1826 = EDGE_CURVE ( 'NONE', #1286, #1982, #652, .T. ) ;
#1827 = ORIENTED_EDGE ( 'NONE', *, *, #988, .T. ) ;
#1828 = CIRCLE ( 'NONE', #67, 0.1979999999999999261 ) ;
#1829 = CIRCLE ( 'NONE', #1294, 0.1979999999999999816 ) ;
#1830 = CARTESIAN_POINT ( 'NONE',  ( -0.03613423930221616731, -0.003600000000000012912, -0.4649093841175545583 ) ) ;
#1831 = FACE_OUTER_BOUND ( 'NONE', #723, .T. ) ;
#1832 = ORIENTED_EDGE ( 'NONE', *, *, #605, .F. ) ;
#1833 = DIRECTION ( 'NONE',  ( -1.671902244093344758E-16, -1.000000000000000000, -2.582230515360974798E-17 ) ) ;
#1835 = ORIENTED_EDGE ( 'NONE', *, *, #1320, .T. ) ;
#1834 = CC_DESIGN_PERSON_AND_ORGANIZATION_ASSIGNMENT ( #635, #1866, ( #862 ) ) ;
#1836 = CARTESIAN_POINT ( 'NONE',  ( -0.03613480686224909699, -0.003599999999999999901, -0.7739999999999997993 ) ) ;
#1837 = TOROIDAL_SURFACE ( 'NONE', #970, 0.1980027593728002078, 0.03600000000000000422 ) ;
#1838 = APPROVAL_PERSON_ORGANIZATION ( #1559, #904, #627 ) ;
#1839 = VECTOR ( 'NONE', #959, 1000.000000000000000 ) ;
#1840 = VECTOR ( 'NONE', #2010, 1000.000000000000000 ) ;
#1841 = EDGE_CURVE ( 'NONE', #1296, #1022, #1911, .T. ) ;
#1842 = VECTOR ( 'NONE', #1392, 1000.000000000000000 ) ;
#1843 = CARTESIAN_POINT ( 'NONE',  ( -0.03613423930221715263, -0.003600000000000011177, 0.4649093841175536701 ) ) ;
#1844 = ORIENTED_EDGE ( 'NONE', *, *, #82, .T. ) ;
#1845 = ORIENTED_EDGE ( 'NONE', *, *, #1578, .T. ) ;
#1846 = AXIS2_PLACEMENT_3D ( 'NONE', #1479, #1508, #250 ) ;
#1847 = DIRECTION ( 'NONE',  ( 0.000000000000000000, 0.000000000000000000, 1.000000000000000000 ) ) ;
#1848 = DIRECTION ( 'NONE',  ( 0.000000000000000000, -1.000000000000000000, 0.000000000000000000 ) ) ;
#1849 = CARTESIAN_POINT ( 'NONE',  ( -0.07242472707516539598, -0.2078999999999999737, -0.6300000000000000044 ) ) ;
#1850 = ORIENTED_EDGE ( 'NONE', *, *, #1037, .F. ) ;
#1851 = CYLINDRICAL_SURFACE ( 'NONE', #197, 0.1979999999999998428 ) ;
#1852 = EDGE_CURVE ( 'NONE', #382, #1053, #673, .T. ) ;
#1853 = LINE ( 'NONE', #843, #972 ) ;
#1854 = LINE ( 'NONE', #1873, #1842 ) ;
#1855 = DIRECTION ( 'NONE',  ( -2.267116354625794968E-16, 1.000000000000000000, 3.486781572442120134E-16 ) ) ;
#1856 = ORIENTED_EDGE ( 'NONE', *, *, #273, .F. ) ;
#1857 = VERTEX_POINT ( 'NONE', #185 ) ;
#1858 = CARTESIAN_POINT ( 'NONE',  ( -0.03613480686224891658, -0.003599999999999999901, 0.7154335412664101224 ) ) ;
#1859 = DATE_AND_TIME ( #1602, #802 ) ;
#1860 = ORIENTED_EDGE ( 'NONE', *, *, #1870, .T. ) ;
#1861 = CARTESIAN_POINT ( 'NONE',  ( 0.1125502766002241944, -0.0009000000000000252373, 0.8099999999999999423 ) ) ;
#1862 = CARTESIAN_POINT ( 'NONE',  ( 0.1975752729248345663, 0.008099999999999997827, 0.9000000000000000222 ) ) ;
#1863 = VERTEX_POINT ( 'NONE', #815 ) ;
#1864 = ORIENTED_EDGE ( 'NONE', *, *, #1308, .F. ) ;
#1865 = DIRECTION ( 'NONE',  ( 1.000000000000000000, 0.000000000000000000, 0.000000000000000000 ) ) ;
#1866 = PERSON_AND_ORGANIZATION_ROLE ( 'creator' ) ;
#1867 = EDGE_LOOP ( 'NONE', ( #414, #1650, #1786, #978, #1539, #1176 ) ) ;
#1868 = ORIENTED_EDGE ( 'NONE', *, *, #1186, .T. ) ;
#1869 = LINE ( 'NONE', #462, #57 ) ;
#1870 = EDGE_CURVE ( 'NONE', #500, #1799, #43, .T. ) ;
#1871 = DIRECTION ( 'NONE',  ( -1.000000000000000000, -5.753897927067920032E-16, 0.000000000000000000 ) ) ;
#1872 = EDGE_CURVE ( 'NONE', #2007, #896, #934, .T. ) ;
#1873 = CARTESIAN_POINT ( 'NONE',  ( 0.1035048206031840001, 0.003599999999999999901, -0.9000000000000000222 ) ) ;
#1874 = CIRCLE ( 'NONE', #998, 0.02879999999999999574 ) ;
#1875 = CARTESIAN_POINT ( 'NONE',  ( 0.1975752729248345663, -0.09990000000000000269, -0.9000000000000000222 ) ) ;
#1876 = ORIENTED_EDGE ( 'NONE', *, *, #1747, .T. ) ;
#1877 = ORIENTED_EDGE ( 'NONE', *, *, #1213, .F. ) ;
#1878 = VECTOR ( 'NONE', #59, 1000.000000000000000 ) ;
#1879 = CC_DESIGN_DATE_AND_TIME_ASSIGNMENT ( #1859, #1452, ( #878 ) ) ;
#1880 = CARTESIAN_POINT ( 'NONE',  ( -0.0003763441921854401156, 0.003599999999999999901, 0.4500000000000000111 ) ) ;
#1881 = CIRCLE ( 'NONE', #1031, 0.004500000000000002262 ) ;
#1882 = ADVANCED_FACE ( 'NONE', ( #1831 ), #66, .F. ) ;
#1883 = ORIENTED_EDGE ( 'NONE', *, *, #915, .T. ) ;
#1884 = DIRECTION ( 'NONE',  ( 0.000000000000000000, 0.000000000000000000, -1.000000000000000000 ) ) ;
#1885 = DIRECTION ( 'NONE',  ( -1.000000000000000000, 1.254863625561926657E-16, 0.000000000000000000 ) ) ;
#1886 = DIRECTION ( 'NONE',  ( 0.000000000000000000, 0.000000000000000000, -1.000000000000000000 ) ) ;
#1887 = VERTEX_POINT ( 'NONE', #1547 ) ;
#1888 = VERTEX_POINT ( 'NONE', #135 ) ;
#1889 = CARTESIAN_POINT ( 'NONE',  ( -0.07242472707516539598, -0.003599999999999999901, 0.6300000000000000044 ) ) ;
#1890 = DIRECTION ( 'NONE',  ( 0.000000000000000000, 0.000000000000000000, 1.000000000000000000 ) ) ;
#1891 = DIRECTION ( 'NONE',  ( 0.7071067811865471286, -8.555888356104046954E-17, -0.7071067811865481278 ) ) ;
#1892 = DIRECTION ( 'NONE',  ( -5.208675535610450032E-17, 1.000000000000000000, -3.021291494821685250E-16 ) ) ;
#1893 = VERTEX_POINT ( 'NONE', #1006 ) ;
#1894 = VERTEX_POINT ( 'NONE', #1378 ) ;
#1895 = EDGE_CURVE ( 'NONE', #1022, #1915, #1387, .T. ) ;
#1896 = CARTESIAN_POINT ( 'NONE',  ( 0.08057527292483460113, -0.1539000000000000090, 0.9000000000000000222 ) ) ;
#1897 = APPROVAL_ROLE ( '' ) ;
#1898 = CARTESIAN_POINT ( 'NONE',  ( 0.1975752729248345663, 0.008099999999999997827, 0.9000000000000000222 ) ) ;
#1899 = ORIENTED_EDGE ( 'NONE', *, *, #929, .T. ) ;
#1900 = AXIS2_PLACEMENT_3D ( 'NONE', #429, #289, #922 ) ;
#1901 = VECTOR ( 'NONE', #1969, 1000.000000000000000 ) ;
#1902 = CARTESIAN_POINT ( 'NONE',  ( 0.1975752729248345663, 0.008099999999999997827, -0.8279999999999999583 ) ) ;
#1903 = DIRECTION ( 'NONE',  ( 0.6688560540599390869, 0.7433919416750275344, 0.000000000000000000 ) ) ;
#1904 = VERTEX_POINT ( 'NONE', #264 ) ;
#1905 = ORIENTED_EDGE ( 'NONE', *, *, #1120, .F. ) ;
#1906 = ADVANCED_FACE ( 'NONE', ( #860 ), #768, .T. ) ;
#1907 = LINE ( 'NONE', #1761, #73 ) ;
#1908 = VECTOR ( 'NONE', #788, 1000.000000000000000 ) ;
#1909 = DIRECTION ( 'NONE',  ( 2.267116354625804828E-16, -1.000000000000000000, 3.486781572442120134E-16 ) ) ;
#1910 = AXIS2_PLACEMENT_3D ( 'NONE', #125, #1991, #1068 ) ;
#1911 = LINE ( 'NONE', #1455, #1560 ) ;
#1912 = EDGE_CURVE ( 'NONE', #1041, #879, #1792, .T. ) ;
#1913 = CARTESIAN_POINT ( 'NONE',  ( 0.08057527292483460113, -0.003599999999999999901, 0.9000000000000000222 ) ) ;
#1914 = LINE ( 'NONE', #1625, #836 ) ;
#1915 = VERTEX_POINT ( 'NONE', #287 ) ;
#1916 = DIRECTION ( 'NONE',  ( 0.000000000000000000, 0.000000000000000000, -1.000000000000000000 ) ) ;
#1917 = DIRECTION ( 'NONE',  ( -1.000000000000000000, 1.254863625561926657E-16, 0.000000000000000000 ) ) ;
#1918 = DIRECTION ( 'NONE',  ( 1.000000000000000000, -1.176434648964306163E-16, 0.000000000000000000 ) ) ;
#1919 = EDGE_CURVE ( 'NONE', #1967, #38, #109, .T. ) ;
#1920 = LINE ( 'NONE', #1779, #1725 ) ;
#1921 = ORIENTED_EDGE ( 'NONE', *, *, #637, .T. ) ;
#1922 = EDGE_CURVE ( 'NONE', #1202, #1979, #1236, .T. ) ;
#1923 = CARTESIAN_POINT ( 'NONE',  ( 0.1035048206031840001, 0.003599999999999999901, -0.9000000000000000222 ) ) ;
#1924 = FACE_OUTER_BOUND ( 'NONE', #911, .T. ) ;
#1925 = CARTESIAN_POINT ( 'NONE',  ( 0.1975752729248345663, 0.008099999999999997827, -0.8820000000000000062 ) ) ;
#1926 =( BOUNDED_CURVE ( )  B_SPLINE_CURVE ( 3, ( #751, #1328, #810, #871 ),
 .UNSPECIFIED., .F., .T. ) 
 B_SPLINE_CURVE_WITH_KNOTS ( ( 4, 4 ),
 ( 2.997956692652915311, 4.568689469650790258 ),
 .UNSPECIFIED. ) 
 CURVE ( )  GEOMETRIC_REPRESENTATION_ITEM ( )  RATIONAL_B_SPLINE_CURVE ( ( 1.000000000000000000, 0.8047528327171930007, 0.8047528327171930007, 1.000000000000000000 ) ) 
 REPRESENTATION_ITEM ( '' )  );
#1927 = CYLINDRICAL_SURFACE ( 'NONE', #1520, 0.02879999999999999574 ) ;
#1928 = CARTESIAN_POINT ( 'NONE',  ( -0.03613480686224891658, -0.003599999999999999901, -0.5445664587335897755 ) ) ;
#1929 = VERTEX_POINT ( 'NONE', #1489 ) ;
#1930 = EDGE_CURVE ( 'NONE', #1888, #452, #563, .T. ) ;
#1931 = CIRCLE ( 'NONE', #1522, 0.1979999999999998428 ) ;
#1932 = AXIS2_PLACEMENT_3D ( 'NONE', #594, #308, #283 ) ;
#1933 = DIRECTION ( 'NONE',  ( -0.7071067811865481278, 8.555888356104046954E-17, 0.7071067811865470176 ) ) ;
#1934 = DIRECTION ( 'NONE',  ( -1.000000000000000000, -5.753897927067920032E-16, 0.000000000000000000 ) ) ;
#1935 = ORIENTED_EDGE ( 'NONE', *, *, #225, .F. ) ;
#1936 = FACE_OUTER_BOUND ( 'NONE', #1509, .T. ) ;
#1937 = ORIENTED_EDGE ( 'NONE', *, *, #40, .F. ) ;
#1938 = CARTESIAN_POINT ( 'NONE',  ( -0.04362472707516540371, 0.003599999999999996432, 0.6300000000000000044 ) ) ;
#1939 = ORIENTED_EDGE ( 'NONE', *, *, #62, .F. ) ;
#1940 = ORIENTED_EDGE ( 'NONE', *, *, #796, .T. ) ;
#1941 = DIRECTION ( 'NONE',  ( 0.7071067811865479058, -8.555888356104044489E-17, 0.7071067811865470176 ) ) ;
#1942 = DIRECTION ( 'NONE',  ( 1.000000000000000000, 5.753897927067920032E-16, 0.000000000000000000 ) ) ;
#1943 = ORIENTED_EDGE ( 'NONE', *, *, #695, .T. ) ;
#1944 = CARTESIAN_POINT ( 'NONE',  ( -8.150717451668380951E-05, -0.003599999999999999901, -0.4500000000000000111 ) ) ;
#1945 = ORIENTED_EDGE ( 'NONE', *, *, #523, .T. ) ;
#1946 = EDGE_CURVE ( 'NONE', #424, #247, #206, .T. ) ;
#1947 = CARTESIAN_POINT ( 'NONE',  ( -0.03613480686224891658, -0.003599999999999999901, -0.4859999999999999321 ) ) ;
#1948 = VERTEX_POINT ( 'NONE', #217 ) ;
#1949 = DIRECTION ( 'NONE',  ( 0.000000000000000000, 0.000000000000000000, -1.000000000000000000 ) ) ;
#1950 = DIRECTION ( 'NONE',  ( 0.000000000000000000, 0.000000000000000000, 1.000000000000000000 ) ) ;
#1951 = EDGE_CURVE ( 'NONE', #987, #1645, #389, .T. ) ;
#1952 = DIRECTION ( 'NONE',  ( -5.753897927067920032E-16, 1.000000000000000000, 0.000000000000000000 ) ) ;
#1953 = CARTESIAN_POINT ( 'NONE',  ( -0.07242472707516539598, -0.2078999999999999737, 0.6300000000000000044 ) ) ;
#1954 = DIRECTION ( 'NONE',  ( 1.000000000000000000, 0.000000000000000000, 0.000000000000000000 ) ) ;
#1955 = ORIENTED_EDGE ( 'NONE', *, *, #358, .T. ) ;
#1956 = ORIENTED_EDGE ( 'NONE', *, *, #123, .T. ) ;
#1957 = CARTESIAN_POINT ( 'NONE',  ( 0.1125502766002241944, -0.0009000000000000252373, 0.8099999999999999423 ) ) ;
#1958 = AXIS2_PLACEMENT_3D ( 'NONE', #128, #418, #1390 ) ;
#1959 = AXIS2_PLACEMENT_3D ( 'NONE', #1468, #1474, #63 ) ;
#1960 = CARTESIAN_POINT ( 'NONE',  ( -0.03613480686224909699, -0.003599999999999999901, -0.7739999999999997993 ) ) ;
#1961 = AXIS2_PLACEMENT_3D ( 'NONE', #1902, #495, #825 ) ;
#1962 = EDGE_CURVE ( 'NONE', #632, #1511, #1881, .T. ) ;
#1963 = VECTOR ( 'NONE', #537, 1000.000000000000000 ) ;
#1964 = APPLICATION_CONTEXT ( 'configuration controlled 3d designs of mechanical parts and assemblies' ) ;
#1965 = ORIENTED_EDGE ( 'NONE', *, *, #1396, .T. ) ;
#1966 = DIRECTION ( 'NONE',  ( 1.000000000000000000, 5.753897927067920032E-16, 0.000000000000000000 ) ) ;
#1967 = VERTEX_POINT ( 'NONE', #920 ) ;
#1968 = VERTEX_POINT ( 'NONE', #2006 ) ;
#1969 = DIRECTION ( 'NONE',  ( 0.000000000000000000, 0.000000000000000000, 1.000000000000000000 ) ) ;
#1970 = DIRECTION ( 'NONE',  ( -0.9902105881584565283, -0.1395814855161079671, 0.000000000000000000 ) ) ;
#1971 = VERTEX_POINT ( 'NONE', #1684 ) ;
#1972 = DIRECTION ( 'NONE',  ( 0.000000000000000000, 0.000000000000000000, -1.000000000000000000 ) ) ;
#1973 = EDGE_CURVE ( 'NONE', #1669, #1511, #1170, .T. ) ;
#1974 = FACE_OUTER_BOUND ( 'NONE', #293, .T. ) ;
#1975 = CIRCLE ( 'NONE', #1656, 0.1980027593728002910 ) ;
#1976 = ORIENTED_EDGE ( 'NONE', *, *, #1308, .T. ) ;
#1977 = DIRECTION ( 'NONE',  ( 1.000000000000000000, 0.000000000000000000, 0.000000000000000000 ) ) ;
#1978 = ORIENTED_EDGE ( 'NONE', *, *, #969, .F. ) ;
#1979 = VERTEX_POINT ( 'NONE', #1782 ) ;
#1980 = DIRECTION ( 'NONE',  ( 0.000000000000000000, 0.000000000000000000, 1.000000000000000000 ) ) ;
#1981 = CARTESIAN_POINT ( 'NONE',  ( 0.1035048206031840001, -0.0009000000000000252373, -0.9000000000000000222 ) ) ;
#1982 = VERTEX_POINT ( 'NONE', #279 ) ;
#1983 = LINE ( 'NONE', #604, #1027 ) ;
#1984 = ADVANCED_FACE ( 'NONE', ( #378 ), #910, .F. ) ;
#1985 = CARTESIAN_POINT ( 'NONE',  ( 0.1125502766002241944, 0.003599999999999999901, 0.8099999999999999423 ) ) ;
#1986 = PLANE ( 'NONE',  #1932 ) ;
#1987 = VERTEX_POINT ( 'NONE', #1014 ) ;
#1988 = ORIENTED_EDGE ( 'NONE', *, *, #1095, .F. ) ;
#1989 = AXIS2_PLACEMENT_3D ( 'NONE', #1033, #1505, #255 ) ;
#1990 = CARTESIAN_POINT ( 'NONE',  ( -8.150717451668380951E-05, -0.003599999999999999901, -0.4500000000000000111 ) ) ;
#1991 = DIRECTION ( 'NONE',  ( 5.208675535610499953E-17, -1.000000000000000000, -3.021291494821690181E-16 ) ) ;
#1992 = EDGE_CURVE ( 'NONE', #1295, #1887, #79, .T. ) ;
#1993 = PRODUCT_RELATED_PRODUCT_CATEGORY ( 'detail', '', ( #1416 ) ) ;
#1994 = ORIENTED_EDGE ( 'NONE', *, *, #35, .F. ) ;
#1995 = ORIENTED_EDGE ( 'NONE', *, *, #15, .F. ) ;
#1996 = CARTESIAN_POINT ( 'NONE',  ( 0.1975752729248345663, 0.008099999999999997827, -0.4364999999999999991 ) ) ;
#1997 = CARTESIAN_POINT ( 'NONE',  ( 0.1975752729248345663, -0.06879435324902404003, -0.8099999999999999423 ) ) ;
#1998 = AXIS2_PLACEMENT_3D ( 'NONE', #1513, #713, #101 ) ;
#1999 = EDGE_CURVE ( 'NONE', #1286, #1112, #303, .T. ) ;
#2000 = AXIS2_PLACEMENT_3D ( 'NONE', #1255, #1701, #1577 ) ;
#2001 = CARTESIAN_POINT ( 'NONE',  ( 0.08057527292483460113, 0.003599999999999999901, -0.7019999999999999574 ) ) ;
#2002 = VERTEX_POINT ( 'NONE', #966 ) ;
#2003 = ORIENTED_EDGE ( 'NONE', *, *, #1807, .F. ) ;
#2004 = VECTOR ( 'NONE', #420, 1000.000000000000000 ) ;
#2005 = CARTESIAN_POINT ( 'NONE',  ( -0.09089775702448409100, -0.2078999999999999460, 0.4059460598986385227 ) ) ;
#2006 = CARTESIAN_POINT ( 'NONE',  ( 0.1155601288434939256, 0.002445263737537598740, 0.8279999999999999583 ) ) ;
#2007 = VERTEX_POINT ( 'NONE', #1580 ) ;
#2008 = CARTESIAN_POINT ( 'NONE',  ( -0.07242472707516539598, 0.003599999999999999901, -0.6300000000000000044 ) ) ;
#2009 = FACE_OUTER_BOUND ( 'NONE', #1285, .T. ) ;
#2010 = DIRECTION ( 'NONE',  ( 0.000000000000000000, 0.000000000000000000, -1.000000000000000000 ) ) ;
#2011 = ORIENTED_EDGE ( 'NONE', *, *, #1951, .F. ) ;
#2012 = ORIENTED_EDGE ( 'NONE', *, *, #1184, .F. ) ;
#2013 = LINE ( 'NONE', #811, #932 ) ;
ENDSEC;
END-ISO-10303-21;
