ISO-10303-21;
HEADER;
FILE_DESCRIPTION (( 'STEP AP203' ),
    '1' );
FILE_NAME ('003105.step',
    '2026-06-28T23:34:31',
    ( '' ),
    ( '' ),
    'SwSTEP 2.0',
    'SolidWorks 2025',
    '' );
FILE_SCHEMA (( 'CONFIG_CONTROL_DESIGN' ));
ENDSEC;

DATA;
#1 = CARTESIAN_POINT ( 'NONE',  ( 0.5624300454483410761, -0.2274944769396431699, -0.3375699545516588906 ) ) ;
#2 = ORIENTED_EDGE ( 'NONE', *, *, #550, .T. ) ;
#3 = CARTESIAN_POINT ( 'NONE',  ( -0.2867735548989132632, -0.4354978682436342341, 0.8334019029714415661 ) ) ;
#4 = VERTEX_POINT ( 'NONE', #1419 ) ;
#5 = CIRCLE ( 'NONE', #1383, 0.5624300454483410761 ) ;
#6 = EDGE_CURVE ( 'NONE', #1193, #1395, #866, .T. ) ;
#7 = CARTESIAN_POINT ( 'NONE',  ( 0.000000000000000000, -0.3184922677155003212, -0.3375699545516588906 ) ) ;
#8 = CARTESIAN_POINT ( 'NONE',  ( 0.3502960716650096451, -0.3830859140134149632, 0.8024727560272678639 ) ) ;
#9 = EDGE_CURVE ( 'NONE', #706, #295, #1360, .T. ) ;
#10 = CIRCLE ( 'NONE', #872, 0.07461818843620293684 ) ;
#11 = CARTESIAN_POINT ( 'NONE',  ( -0.5624300454483410761, -0.5004878492672153456, 0.6634057439827709679 ) ) ;
#12 = AXIS2_PLACEMENT_3D ( 'NONE', #227, #567, #687 ) ;
#13 = PERSON_AND_ORGANIZATION_ROLE ( 'creator' ) ;
#14 = ORIENTED_EDGE ( 'NONE', *, *, #259, .F. ) ;
#15 = VECTOR ( 'NONE', #625, 1000.000000000000000 ) ;
#16 = FACE_OUTER_BOUND ( 'NONE', #465, .T. ) ;
#17 = ORIENTED_EDGE ( 'NONE', *, *, #1182, .F. ) ;
#18 = CARTESIAN_POINT ( 'NONE',  ( 0.2821700846638240945, -0.4434619774213316989, 0.8365596226663769563 ) ) ;
#19 = EDGE_CURVE ( 'NONE', #1207, #1302, #469, .T. ) ;
#20 = DATE_TIME_ROLE ( 'classification_date' ) ;
#21 = ORIENTED_EDGE ( 'NONE', *, *, #785, .T. ) ;
#22 = ORIENTED_EDGE ( 'NONE', *, *, #965, .F. ) ;
#23 = LINE ( 'NONE', #482, #1303 ) ;
#24 = DIRECTION ( 'NONE',  ( 0.000000000000000000, 1.000000000000000000, 0.000000000000000000 ) ) ;
#25 = ORIENTED_EDGE ( 'NONE', *, *, #296, .T. ) ;
#26 = CARTESIAN_POINT ( 'NONE',  ( 0.4003916688597329854, -0.2274944769396431699, -0.5687361923491043303 ) ) ;
#27 = ORIENTED_EDGE ( 'NONE', *, *, #1196, .T. ) ;
#28 = CARTESIAN_POINT ( 'NONE',  ( 0.3440353475862836241, -0.5004878492672153456, 0.9000000000000000222 ) ) ;
#29 = VERTEX_POINT ( 'NONE', #951 ) ;
#30 = ORIENTED_EDGE ( 'NONE', *, *, #634, .F. ) ;
#31 = AXIS2_PLACEMENT_3D ( 'NONE', #1344, #891, #1451 ) ;
#32 = DIRECTION ( 'NONE',  ( -1.000000000000000000, 0.000000000000000000, 0.000000000000000000 ) ) ;
#33 = AXIS2_PLACEMENT_3D ( 'NONE', #1463, #685, #1349 ) ;
#34 = VECTOR ( 'NONE', #127, 1000.000000000000000 ) ;
#35 = VECTOR ( 'NONE', #548, 1000.000000000000000 ) ;
#36 = ADVANCED_FACE ( 'NONE', ( #641 ), #1284, .F. ) ;
#37 = CARTESIAN_POINT ( 'NONE',  ( 0.4003916688597329854, -0.2274944769396431699, -0.5687361923491043303 ) ) ;
#38 = ORIENTED_EDGE ( 'NONE', *, *, #1266, .T. ) ;
#39 = DIRECTION ( 'NONE',  ( 0.000000000000000000, 0.000000000000000000, -1.000000000000000000 ) ) ;
#40 = ORIENTED_EDGE ( 'NONE', *, *, #978, .T. ) ;
#41 = ORIENTED_EDGE ( 'NONE', *, *, #933, .F. ) ;
#42 = DIRECTION ( 'NONE',  ( -1.000000000000000000, 0.000000000000000000, 0.000000000000000000 ) ) ;
#43 = FACE_OUTER_BOUND ( 'NONE', #1273, .T. ) ;
#44 = EDGE_LOOP ( 'NONE', ( #1131, #762 ) ) ;
#45 = LINE ( 'NONE', #504, #1118 ) ;
#46 = CARTESIAN_POINT ( 'NONE',  ( 0.3440353475862836241, -0.5004878492672153456, 0.8454013255344851041 ) ) ;
#47 = DIRECTION ( 'NONE',  ( 0.000000000000000000, 0.000000000000000000, -1.000000000000000000 ) ) ;
#48 = LINE ( 'NONE', #949, #860 ) ;
#49 = DIRECTION ( 'NONE',  ( 0.000000000000000000, 0.000000000000000000, -1.000000000000000000 ) ) ;
#50 = ADVANCED_FACE ( 'NONE', ( #615 ), #942, .F. ) ;
#51 = DIRECTION ( 'NONE',  ( 0.000000000000000000, -1.000000000000000000, 0.000000000000000000 ) ) ;
#52 = DIRECTION ( 'NONE',  ( 0.000000000000000000, 1.000000000000000000, 0.000000000000000000 ) ) ;
#53 = EDGE_CURVE ( 'NONE', #828, #142, #1181, .T. ) ;
#54 = EDGE_CURVE ( 'NONE', #498, #1377, #733, .T. ) ;
#55 = LINE ( 'NONE', #984, #888 ) ;
#56 = LINE ( 'NONE', #287, #509 ) ;
#57 = CIRCLE ( 'NONE', #245, 0.1273969070862001340 ) ;
#58 = CIRCLE ( 'NONE', #610, 0.1819955815517145525 ) ;
#59 = LINE ( 'NONE', #529, #1068 ) ;
#60 = VERTEX_POINT ( 'NONE', #1437 ) ;
#61 = VECTOR ( 'NONE', #756, 1000.000000000000000 ) ;
#62 = VERTEX_POINT ( 'NONE', #886 ) ;
#63 = DIRECTION ( 'NONE',  ( 0.000000000000000000, 0.000000000000000000, -1.000000000000000000 ) ) ;
#64 = EDGE_CURVE ( 'NONE', #267, #1310, #1268, .T. ) ;
#65 = DIRECTION ( 'NONE',  ( 1.000000000000000000, 0.000000000000000000, -1.020425574104003999E-16 ) ) ;
#66 = VERTEX_POINT ( 'NONE', #718 ) ;
#67 = CARTESIAN_POINT ( 'NONE',  ( -0.3795244859888679545, 0.5004878492672153456, 0.8090022092241428986 ) ) ;
#68 = LINE ( 'NONE', #264, #439 ) ;
#69 = ORIENTED_EDGE ( 'NONE', *, *, #671, .F. ) ;
#70 = CARTESIAN_POINT ( 'NONE',  ( -0.3440353475862836241, -0.5004878492672153456, 0.8454013255344851041 ) ) ;
#71 = ORIENTED_EDGE ( 'NONE', *, *, #1201, .F. ) ;
#72 = FACE_OUTER_BOUND ( 'NONE', #1077, .T. ) ;
#73 = ORIENTED_EDGE ( 'NONE', *, *, #1073, .F. ) ;
#74 = APPROVAL_PERSON_ORGANIZATION ( #927, #896, #1160 ) ;
#75 = ORIENTED_EDGE ( 'NONE', *, *, #751, .T. ) ;
#76 = DIRECTION ( 'NONE',  ( 0.000000000000000000, 0.000000000000000000, 1.000000000000000000 ) ) ;
#77 = EDGE_CURVE ( 'NONE', #714, #102, #48, .T. ) ;
#78 = LINE ( 'NONE', #67, #707 ) ;
#79 = CARTESIAN_POINT ( 'NONE',  ( 0.4003916688597329854, -0.2274944769396431699, -0.6233348668146186933 ) ) ;
#80 = CARTESIAN_POINT ( 'NONE',  ( -0.5624300454483410761, -0.2274944769396431699, -0.3375699545516588906 ) ) ;
#81 = AXIS2_PLACEMENT_3D ( 'NONE', #300, #656, #539 ) ;
#82 = ORIENTED_EDGE ( 'NONE', *, *, #1093, .T. ) ;
#83 = AXIS2_PLACEMENT_3D ( 'NONE', #1026, #903, #565 ) ;
#84 = CARTESIAN_POINT ( 'NONE',  ( -0.3913297250980625197, -0.4181554573394450358, 0.8265635699255188262 ) ) ;
#85 = EDGE_CURVE ( 'NONE', #1165, #669, #493, .T. ) ;
#86 = CIRCLE ( 'NONE', #1128, 0.07461818843620293684 ) ;
#87 = CARTESIAN_POINT ( 'NONE',  ( -0.4003916688597302653, -0.2274944769396431699, -0.5687361923491078830 ) ) ;
#88 = VERTEX_POINT ( 'NONE', #596 ) ;
#89 = FACE_OUTER_BOUND ( 'NONE', #479, .T. ) ;
#90 = AXIS2_PLACEMENT_3D ( 'NONE', #990, #1340, #1231 ) ;
#91 = DESIGN_CONTEXT ( 'detailed design', #395, 'design' ) ;
#92 = DIRECTION ( 'NONE',  ( -1.000000000000000000, 0.000000000000000000, 0.000000000000000000 ) ) ;
#93 = CYLINDRICAL_SURFACE ( 'NONE', #81, 0.03548913840258435121 ) ;
#94 = ORIENTED_EDGE ( 'NONE', *, *, #998, .T. ) ;
#95 = CARTESIAN_POINT ( 'NONE',  ( 0.3935715192714008270, -0.4216195542154632103, 0.8280961868264644643 ) ) ;
#96 = LINE ( 'NONE', #1123, #979 ) ;
#97 = ORIENTED_EDGE ( 'NONE', *, *, #1093, .F. ) ;
#98 = CARTESIAN_POINT ( 'NONE',  ( -0.07461818843620289521, 0.04549889538792863120, 0.8090022092241428986 ) ) ;
#99 = CARTESIAN_POINT ( 'NONE',  ( 0.2878329685794900894, -0.4336267559166626095, 0.8326747189909378122 ) ) ;
#100 = ADVANCED_FACE ( 'NONE', ( #1289 ), #724, .F. ) ;
#101 = DIRECTION ( 'NONE',  ( 0.000000000000000000, 0.000000000000000000, 1.000000000000000000 ) ) ;
#102 = VERTEX_POINT ( 'NONE', #614 ) ;
#103 = CONICAL_SURFACE ( 'NONE', #312, 0.07461818843620293684, 0.7853981633974503884 ) ;
#104 = PLANE ( 'NONE',  #1326 ) ;
#105 = EDGE_LOOP ( 'NONE', ( #356, #982, #905, #220 ) ) ;
#106 = AXIS2_PLACEMENT_3D ( 'NONE', #1168, #147, #1092 ) ;
#107 = EDGE_CURVE ( 'NONE', #1399, #1431, #701, .T. ) ;
#108 = CARTESIAN_POINT ( 'NONE',  ( -0.3085462091836992382, -0.5004878492672153456, 0.8454013255344851041 ) ) ;
#109 = CIRCLE ( 'NONE', #831, 0.03548913840258435121 ) ;
#110 = CIRCLE ( 'NONE', #1057, 0.5624300454483410761 ) ;
#111 = CARTESIAN_POINT ( 'NONE',  ( 0.4003916688597329854, -0.3184922677155003212, -0.5687361923491043303 ) ) ;
#112 = CARTESIAN_POINT ( 'NONE',  ( 0.000000000000000000, -0.2274944769396431699, -0.3375699545516588906 ) ) ;
#113 = CARTESIAN_POINT ( 'NONE',  ( -0.3440353475862836241, 0.5004878492672153456, 0.8481312592577621157 ) ) ;
#114 = ORIENTED_EDGE ( 'NONE', *, *, #365, .T. ) ;
#115 = CARTESIAN_POINT ( 'NONE',  ( -0.3468193345575285580, -0.3822512770163879470, 0.8017622583678126746 ) ) ;
#116 = DIRECTION ( 'NONE',  ( 0.000000000000000000, 0.000000000000000000, -1.000000000000000000 ) ) ;
#117 = EDGE_CURVE ( 'NONE', #822, #160, #140, .T. ) ;
#118 = DIRECTION ( 'NONE',  ( 0.000000000000000000, -1.000000000000000000, 0.000000000000000000 ) ) ;
#119 = DIRECTION ( 'NONE',  ( 0.000000000000000000, 1.000000000000000000, 0.000000000000000000 ) ) ;
#120 = VERTEX_POINT ( 'NONE', #841 ) ;
#121 = CARTESIAN_POINT ( 'NONE',  ( -0.3356590868360438962, -0.3839687860807208808, 0.8032177165634951654 ) ) ;
#122 = ORIENTED_EDGE ( 'NONE', *, *, #542, .F. ) ;
#123 = DIRECTION ( 'NONE',  ( -0.7071067811865495711, 0.000000000000000000, -0.7071067811865455743 ) ) ;
#124 = CIRCLE ( 'NONE', #665, 0.1819955815517145525 ) ;
#125 = DIRECTION ( 'NONE',  ( 0.000000000000000000, 1.000000000000000000, 0.000000000000000000 ) ) ;
#126 = ORIENTED_EDGE ( 'NONE', *, *, #1017, .F. ) ;
#127 = DIRECTION ( 'NONE',  ( 1.000000000000000000, 0.000000000000000000, -1.020425574104003999E-16 ) ) ;
#128 = ORIENTED_EDGE ( 'NONE', *, *, #107, .F. ) ;
#129 = VECTOR ( 'NONE', #858, 1000.000000000000000 ) ;
#130 = CARTESIAN_POINT ( 'NONE',  ( 0.2742739505473950623, -0.4656214029875562210, 0.8420302737321152531 ) ) ;
#131 = AXIS2_PLACEMENT_3D ( 'NONE', #834, #159, #621 ) ;
#132 = EDGE_CURVE ( 'NONE', #1452, #29, #1166, .T. ) ;
#133 = AXIS2_PLACEMENT_3D ( 'NONE', #448, #595, #948 ) ;
#134 = CALENDAR_DATE ( 2026, 29, 6 ) ;
#135 = ORIENTED_EDGE ( 'NONE', *, *, #1226, .F. ) ;
#136 = DIRECTION ( 'NONE',  ( -1.000000000000000000, 0.000000000000000000, 0.000000000000000000 ) ) ;
#137 = ORIENTED_EDGE ( 'NONE', *, *, #117, .T. ) ;
#138 = EDGE_LOOP ( 'NONE', ( #847, #1413, #1146, #1330 ) ) ;
#139 = LINE ( 'NONE', #824, #491 ) ;
#140 = LINE ( 'NONE', #1402, #772 ) ;
#141 = PERSON_AND_ORGANIZATION ( #547, #999 ) ;
#142 = VERTEX_POINT ( 'NONE', #738 ) ;
#143 = CARTESIAN_POINT ( 'NONE',  ( 0.3440353475862836241, -0.5004878492672153456, 0.9000000000000000222 ) ) ;
#144 = EDGE_LOOP ( 'NONE', ( #71, #1406, #211, #490 ) ) ;
#145 = CARTESIAN_POINT ( 'NONE',  ( 0.000000000000000000, -0.3184922677155003212, -0.3375699545516588906 ) ) ;
#146 = EDGE_CURVE ( 'NONE', #60, #1177, #833, .T. ) ;
#147 = DIRECTION ( 'NONE',  ( 0.000000000000000000, 0.000000000000000000, -1.000000000000000000 ) ) ;
#148 = ORIENTED_EDGE ( 'NONE', *, *, #9, .T. ) ;
#149 = FACE_OUTER_BOUND ( 'NONE', #629, .T. ) ;
#150 = FACE_OUTER_BOUND ( 'NONE', #486, .T. ) ;
#151 = ORIENTED_EDGE ( 'NONE', *, *, #1358, .F. ) ;
#152 = DIRECTION ( 'NONE',  ( -0.7071067811865489050, 0.000000000000000000, -0.7071067811865460184 ) ) ;
#153 = EDGE_CURVE ( 'NONE', #966, #622, #57, .T. ) ;
#154 = CIRCLE ( 'NONE', #83, 0.03548913840258435121 ) ;
#155 = CYLINDRICAL_SURFACE ( 'NONE', #1052, 0.5624300454483410761 ) ;
#156 = EDGE_LOOP ( 'NONE', ( #314, #835, #82, #122 ) ) ;
#157 = EDGE_CURVE ( 'NONE', #142, #876, #508, .T. ) ;
#158 = DIRECTION ( 'NONE',  ( 0.000000000000000000, 0.000000000000000000, -1.000000000000000000 ) ) ;
#159 = DIRECTION ( 'NONE',  ( 0.000000000000000000, 0.000000000000000000, -1.000000000000000000 ) ) ;
#160 = VERTEX_POINT ( 'NONE', #277 ) ;
#161 = EDGE_CURVE ( 'NONE', #928, #781, #1186, .T. ) ;
#162 = DIRECTION ( 'NONE',  ( 0.000000000000000000, -1.000000000000000000, 0.000000000000000000 ) ) ;
#163 = CARTESIAN_POINT ( 'NONE',  ( -0.3795244859888679545, -0.5004878492672153456, 0.8454013255344851041 ) ) ;
#164 = CARTESIAN_POINT ( 'NONE',  ( 6.686409192188048742E-18, -0.2274944769396431699, 0.1793611955087534571 ) ) ;
#165 = ORIENTED_EDGE ( 'NONE', *, *, #526, .F. ) ;
#166 = DIRECTION ( 'NONE',  ( 0.000000000000000000, 0.000000000000000000, -1.000000000000000000 ) ) ;
#167 = DIRECTION ( 'NONE',  ( 0.000000000000000000, 0.000000000000000000, 1.000000000000000000 ) ) ;
#168 = AXIS2_PLACEMENT_3D ( 'NONE', #667, #1418, #753 ) ;
#169 = DIRECTION ( 'NONE',  ( -1.000000000000000000, 0.000000000000000000, 0.000000000000000000 ) ) ;
#170 = ORIENTED_EDGE ( 'NONE', *, *, #950, .T. ) ;
#171 = DIRECTION ( 'NONE',  ( 0.000000000000000000, 1.000000000000000000, 0.000000000000000000 ) ) ;
#172 = ADVANCED_FACE ( 'NONE', ( #1050 ), #103, .F. ) ;
#173 = CIRCLE ( 'NONE', #1007, 0.05459867446551432829 ) ;
#174 = ORIENTED_EDGE ( 'NONE', *, *, #809, .F. ) ;
#175 = CARTESIAN_POINT ( 'NONE',  ( 1.169991558472593485E-16, 0.04549889538792863120, 0.8090022092241428986 ) ) ;
#176 = CIRCLE ( 'NONE', #1033, 0.03548913840258435121 ) ;
#177 = CARTESIAN_POINT ( 'NONE',  ( 1.930426803958967819, -0.6824834308189295928, 0.8454013255344851041 ) ) ;
#178 = VERTEX_POINT ( 'NONE', #1260 ) ;
#179 = EDGE_CURVE ( 'NONE', #796, #88, #1275, .T. ) ;
#180 = FACE_OUTER_BOUND ( 'NONE', #1368, .T. ) ;
#181 = CARTESIAN_POINT ( 'NONE',  ( 0.3247501184397104113, -0.3906014993583858397, 0.8085284779338436367 ) ) ;
#182 = ORIENTED_EDGE ( 'NONE', *, *, #153, .T. ) ;
#183 = EDGE_CURVE ( 'NONE', #1193, #1420, #1148, .T. ) ;
#184 = CARTESIAN_POINT ( 'NONE',  ( 0.2694171591500806873, -0.5004878492672153456, 0.8454013255344851041 ) ) ;
#185 = CARTESIAN_POINT ( 'NONE',  ( 0.000000000000000000, -0.3184922677155003212, 0.07016384657772477274 ) ) ;
#186 = CARTESIAN_POINT ( 'NONE',  ( 6.686409192188048742E-18, -0.3184922677155003212, 0.1793611955087534571 ) ) ;
#187 = FACE_OUTER_BOUND ( 'NONE', #918, .T. ) ;
#188 = EDGE_CURVE ( 'NONE', #160, #1452, #1214, .T. ) ;
#189 = EDGE_LOOP ( 'NONE', ( #720, #786 ) ) ;
#190 = CARTESIAN_POINT ( 'NONE',  ( -0.4003916688597302653, -0.3184922677155003212, -0.6233348668146222460 ) ) ;
#191 = EDGE_LOOP ( 'NONE', ( #126, #607, #265, #367 ) ) ;
#192 = SECURITY_CLASSIFICATION ( '', '', #353 ) ;
#193 = DIRECTION ( 'NONE',  ( 0.000000000000000000, 0.000000000000000000, -1.000000000000000000 ) ) ;
#194 = AXIS2_PLACEMENT_3D ( 'NONE', #373, #1203, #273 ) ;
#195 = ORIENTED_EDGE ( 'NONE', *, *, #279, .T. ) ;
#196 = CONICAL_SURFACE ( 'NONE', #106, 0.07461818843620293684, 0.7853981633974503884 ) ;
#197 = CIRCLE ( 'NONE', #895, 0.03548913840258433733 ) ;
#198 = DIRECTION ( 'NONE',  ( -0.000000000000000000, 1.000000000000000000, 0.000000000000000000 ) ) ;
#199 = EDGE_LOOP ( 'NONE', ( #603, #182 ) ) ;
#200 = VECTOR ( 'NONE', #1091, 1000.000000000000000 ) ;
#201 = DIRECTION ( 'NONE',  ( 0.000000000000000000, 0.000000000000000000, -1.000000000000000000 ) ) ;
#202 = CARTESIAN_POINT ( 'NONE',  ( 0.3440353475862836241, -0.5004878492672153456, 0.8454013255344851041 ) ) ;
#203 = FACE_BOUND ( 'NONE', #44, .T. ) ;
#204 = ORIENTED_EDGE ( 'NONE', *, *, #1201, .T. ) ;
#205 = CC_DESIGN_DATE_AND_TIME_ASSIGNMENT ( #712, #20, ( #192 ) ) ;
#206 = EDGE_CURVE ( 'NONE', #511, #530, #288, .T. ) ;
#207 = ORIENTED_EDGE ( 'NONE', *, *, #751, .F. ) ;
#208 = EDGE_CURVE ( 'NONE', #1230, #852, #556, .T. ) ;
#209 = ADVANCED_FACE ( 'NONE', ( #1365 ), #351, .F. ) ;
#210 = FACE_BOUND ( 'NONE', #793, .T. ) ;
#211 = ORIENTED_EDGE ( 'NONE', *, *, #1013, .T. ) ;
#212 = CARTESIAN_POINT ( 'NONE',  ( 0.5624300454483410761, -0.5004878492672153456, 0.6634057439827709679 ) ) ;
#213 = CIRCLE ( 'NONE', #1209, 0.5624300454483410761 ) ;
#214 = ORIENTED_EDGE ( 'NONE', *, *, #809, .T. ) ;
#215 = CARTESIAN_POINT ( 'NONE',  ( 0.4003916688597329854, -0.3184922677155003212, -0.5141375178835899673 ) ) ;
#216 = CARTESIAN_POINT ( 'NONE',  ( -0.5624300454483410761, -0.04549889538792863120, 0.8090022092241428986 ) ) ;
#217 = CIRCLE ( 'NONE', #1237, 0.05459867446551435605 ) ;
#218 = DIRECTION ( 'NONE',  ( 0.000000000000000000, 0.000000000000000000, -1.000000000000000000 ) ) ;
#219 = VECTOR ( 'NONE', #797, 1000.000000000000114 ) ;
#220 = ORIENTED_EDGE ( 'NONE', *, *, #53, .F. ) ;
#221 = ORIENTED_EDGE ( 'NONE', *, *, #1438, .T. ) ;
#222 = AXIS2_PLACEMENT_3D ( 'NONE', #1112, #333, #167 ) ;
#223 = CIRCLE ( 'NONE', #1287, 0.03548913840258435121 ) ;
#224 = EDGE_CURVE ( 'NONE', #1294, #885, #1457, .T. ) ;
#225 = FACE_BOUND ( 'NONE', #987, .T. ) ;
#226 = APPROVAL_DATE_TIME ( #812, #896 ) ;
#227 = CARTESIAN_POINT ( 'NONE',  ( -0.3440353475862836241, 0.5004878492672153456, 0.8090022092241428986 ) ) ;
#228 = EDGE_LOOP ( 'NONE', ( #73, #540, #114, #593 ) ) ;
#229 = EDGE_CURVE ( 'NONE', #582, #1230, #96, .T. ) ;
#230 = CARTESIAN_POINT ( 'NONE',  ( 0.3440353475862836241, 0.5004878492672153456, 0.8090022092241428986 ) ) ;
#231 = CARTESIAN_POINT ( 'NONE',  ( -0.5624300454483410761, -0.2274944769396431699, 0.9000000000000000222 ) ) ;
#232 = EDGE_CURVE ( 'NONE', #852, #377, #1115, .T. ) ;
#233 = CALENDAR_DATE ( 2026, 29, 6 ) ;
#234 = CARTESIAN_POINT ( 'NONE',  ( 0.3085462091836992382, 0.5004878492672153456, 0.8090022092241428986 ) ) ;
#235 = ORIENTED_EDGE ( 'NONE', *, *, #107, .T. ) ;
#236 = CARTESIAN_POINT ( 'NONE',  ( -0.3400323930809892037, -0.3825712408915590834, 0.8020349803419564161 ) ) ;
#237 = EDGE_LOOP ( 'NONE', ( #349, #1204 ) ) ;
#238 = CARTESIAN_POINT ( 'NONE',  ( 0.2694171591500810758, -0.4886998068837770104, 0.8454013255344854372 ) ) ;
#239 = CIRCLE ( 'NONE', #1375, 0.05459867446551435605 ) ;
#240 = DIRECTION ( 'NONE',  ( -1.000000000000000000, 0.000000000000000000, 0.000000000000000000 ) ) ;
#241 = DATE_TIME_ROLE ( 'creation_date' ) ;
#242 = ORIENTED_EDGE ( 'NONE', *, *, #296, .F. ) ;
#243 = CARTESIAN_POINT ( 'NONE',  ( -0.3440353475862836241, 0.5004878492672153456, 0.8090022092241428986 ) ) ;
#244 = VERTEX_POINT ( 'NONE', #1004 ) ;
#245 = AXIS2_PLACEMENT_3D ( 'NONE', #145, #24, #387 ) ;
#246 = CIRCLE ( 'NONE', #131, 0.07461818843620293684 ) ;
#247 = AXIS2_PLACEMENT_3D ( 'NONE', #1380, #698, #829 ) ;
#248 = DIRECTION ( 'NONE',  ( -0.7071067811865489050, 0.000000000000000000, -0.7071067811865460184 ) ) ;
#249 = VECTOR ( 'NONE', #1130, 1000.000000000000000 ) ;
#250 = APPROVAL_STATUS ( 'not_yet_approved' ) ;
#251 = ORIENTED_EDGE ( 'NONE', *, *, #1153, .F. ) ;
#252 = EDGE_LOOP ( 'NONE', ( #601, #713, #1199, #777 ) ) ;
#253 = ADVANCED_FACE ( 'NONE', ( #72 ), #1430, .F. ) ;
#254 = CYLINDRICAL_SURFACE ( 'NONE', #799, 0.05459867446551434217 ) ;
#255 = DIRECTION ( 'NONE',  ( 0.000000000000000000, -1.000000000000000000, 0.000000000000000000 ) ) ;
#256 = DIRECTION ( 'NONE',  ( 0.000000000000000000, 0.000000000000000000, -1.000000000000000000 ) ) ;
#257 = ORIENTED_EDGE ( 'NONE', *, *, #425, .F. ) ;
#258 = DIRECTION ( 'NONE',  ( 0.000000000000000000, 0.000000000000000000, -1.000000000000000000 ) ) ;
#259 = EDGE_CURVE ( 'NONE', #377, #62, #5, .T. ) ;
#260 = VERTEX_POINT ( 'NONE', #1224 ) ;
#261 = ORIENTED_EDGE ( 'NONE', *, *, #1073, .T. ) ;
#262 = CARTESIAN_POINT ( 'NONE',  ( 0.5624300454483410761, -0.6824834308189295928, 0.8454013255344851041 ) ) ;
#263 = VECTOR ( 'NONE', #162, 1000.000000000000000 ) ;
#264 = CARTESIAN_POINT ( 'NONE',  ( 0.07461818843620313113, 0.04549889538792863813, 0.8090022092241428986 ) ) ;
#265 = ORIENTED_EDGE ( 'NONE', *, *, #6, .T. ) ;
#266 = CYLINDRICAL_SURFACE ( 'NONE', #292, 0.03548913840258435121 ) ;
#267 = VERTEX_POINT ( 'NONE', #1229 ) ;
#268 = AXIS2_PLACEMENT_3D ( 'NONE', #952, #881, #527 ) ;
#269 = DIRECTION ( 'NONE',  ( 0.000000000000000000, 0.000000000000000000, -1.000000000000000000 ) ) ;
#270 = AXIS2_PLACEMENT_3D ( 'NONE', #924, #1133, #358 ) ;
#271 = AXIS2_PLACEMENT_3D ( 'NONE', #887, #399, #310 ) ;
#272 = ADVANCED_FACE ( 'NONE', ( #423, #203, #210, #544, #442 ), #104, .F. ) ;
#273 = DIRECTION ( 'NONE',  ( 0.000000000000000000, 0.000000000000000000, 1.000000000000000000 ) ) ;
#274 = VERTEX_POINT ( 'NONE', #1336 ) ;
#275 = DIRECTION ( 'NONE',  ( 0.000000000000000000, 0.000000000000000000, -1.000000000000000000 ) ) ;
#276 =( NAMED_UNIT ( * ) PLANE_ANGLE_UNIT ( ) SI_UNIT ( $, .RADIAN. ) );
#277 = CARTESIAN_POINT ( 'NONE',  ( -0.5624300454483410761, -0.3184922677155003212, 0.6634057439827709679 ) ) ;
#278 = ORIENTED_EDGE ( 'NONE', *, *, #206, .T. ) ;
#279 = EDGE_CURVE ( 'NONE', #1395, #1005, #173, .T. ) ;
#280 = CARTESIAN_POINT ( 'NONE',  ( -0.5624300454483410761, -0.04549889538792863120, 0.6270066276724287624 ) ) ;
#281 = CC_DESIGN_APPROVAL ( #1110, ( #1190 ) ) ;
#282 = ORIENTED_EDGE ( 'NONE', *, *, #361, .F. ) ;
#283 = ORIENTED_EDGE ( 'NONE', *, *, #6, .F. ) ;
#284 = LINE ( 'NONE', #618, #263 ) ;
#285 = CARTESIAN_POINT ( 'NONE',  ( -0.03548913840258422631, 0.04549889538792863120, 0.8481312592577621157 ) ) ;
#286 = CARTESIAN_POINT ( 'NONE',  ( 0.3361119096122423544, -0.3837643139358829503, 0.8030434481091532906 ) ) ;
#287 = CARTESIAN_POINT ( 'NONE',  ( -0.4003916688597302653, -0.2274944769396431699, -0.5141375178835935200 ) ) ;
#288 = CIRCLE ( 'NONE', #1450, 0.07461818843620293684 ) ;
#289 = CARTESIAN_POINT ( 'NONE',  ( 0.3085462091836992382, -0.5004878492672153456, 0.8454013255344851041 ) ) ;
#290 = EDGE_CURVE ( 'NONE', #511, #1177, #1327, .T. ) ;
#291 = VECTOR ( 'NONE', #275, 1000.000000000000000 ) ;
#292 = AXIS2_PLACEMENT_3D ( 'NONE', #1279, #39, #136 ) ;
#293 = ORIENTED_EDGE ( 'NONE', *, *, #496, .T. ) ;
#294 = CARTESIAN_POINT ( 'NONE',  ( -0.3800447691718386589, -0.4044732563688301918, 0.8186024923385240015 ) ) ;
#295 = VERTEX_POINT ( 'NONE', #190 ) ;
#296 = EDGE_CURVE ( 'NONE', #688, #1216, #1125, .T. ) ;
#297 = CARTESIAN_POINT ( 'NONE',  ( 0.5624300454483410761, 0.6824834308189295928, 0.8090022092241428986 ) ) ;
#298 = CARTESIAN_POINT ( 'NONE',  ( 0.000000000000000000, -0.2274944769396431699, -0.3375699545516588906 ) ) ;
#299 = ORIENTED_EDGE ( 'NONE', *, *, #863, .F. ) ;
#300 = CARTESIAN_POINT ( 'NONE',  ( 0.3440353475862836241, 0.5004878492672153456, 0.8090022092241428986 ) ) ;
#301 = ORIENTED_EDGE ( 'NONE', *, *, #496, .F. ) ;
#302 = DIRECTION ( 'NONE',  ( 1.000000000000000000, 0.000000000000000000, 0.000000000000000000 ) ) ;
#303 = DIRECTION ( 'NONE',  ( -1.000000000000000000, 0.000000000000000000, 0.000000000000000000 ) ) ;
#304 = DIRECTION ( 'NONE',  ( 0.000000000000000000, -1.000000000000000000, 0.000000000000000000 ) ) ;
#305 = ORIENTED_EDGE ( 'NONE', *, *, #85, .T. ) ;
#306 = CARTESIAN_POINT ( 'NONE',  ( -0.3795244859888679545, -0.5004878492672153456, 0.8845303755681034330 ) ) ;
#307 = DIRECTION ( 'NONE',  ( 0.000000000000000000, 0.000000000000000000, 1.000000000000000000 ) ) ;
#308 = ORIENTED_EDGE ( 'NONE', *, *, #1119, .F. ) ;
#309 = DIRECTION ( 'NONE',  ( 0.000000000000000000, 1.000000000000000000, 0.000000000000000000 ) ) ;
#310 = DIRECTION ( 'NONE',  ( -1.000000000000000000, 0.000000000000000000, 0.000000000000000000 ) ) ;
#311 = LINE ( 'NONE', #774, #1053 ) ;
#312 = AXIS2_PLACEMENT_3D ( 'NONE', #964, #396, #1408 ) ;
#313 = EDGE_CURVE ( 'NONE', #1399, #530, #993, .T. ) ;
#314 = ORIENTED_EDGE ( 'NONE', *, *, #1240, .F. ) ;
#315 = VECTOR ( 'NONE', #258, 1000.000000000000000 ) ;
#316 = DIRECTION ( 'NONE',  ( 0.000000000000000000, 0.000000000000000000, 1.000000000000000000 ) ) ;
#317 = ORIENTED_EDGE ( 'NONE', *, *, #1013, .F. ) ;
#318 = CARTESIAN_POINT ( 'NONE',  ( -0.2805737507615904125, -0.4466352031848431214, 0.8376597355647689147 ) ) ;
#319 = DIRECTION ( 'NONE',  ( 0.000000000000000000, 0.000000000000000000, -1.000000000000000000 ) ) ;
#320 = CARTESIAN_POINT ( 'NONE',  ( 0.000000000000000000, -0.3184922677155003212, 0.1247625210432391218 ) ) ;
#321 = ORIENTED_EDGE ( 'NONE', *, *, #740, .T. ) ;
#322 = CARTESIAN_POINT ( 'NONE',  ( -0.2694171591500811314, -0.4908949429505523598, 0.8454013255344855482 ) ) ;
#323 = EDGE_CURVE ( 'NONE', #1339, #1323, #1298, .T. ) ;
#324 = DIRECTION ( 'NONE',  ( 0.000000000000000000, 1.000000000000000000, 0.000000000000000000 ) ) ;
#325 = CARTESIAN_POINT ( 'NONE',  ( 0.3446445843007991394, -0.3820334805395084188, 0.8015758382221939149 ) ) ;
#326 = DIRECTION ( 'NONE',  ( 0.000000000000000000, 0.000000000000000000, -1.000000000000000000 ) ) ;
#327 = FACE_BOUND ( 'NONE', #237, .T. ) ;
#328 = PERSON_AND_ORGANIZATION ( #547, #999 ) ;
#329 = ORIENTED_EDGE ( 'NONE', *, *, #1412, .F. ) ;
#330 = CARTESIAN_POINT ( 'NONE',  ( -0.3085462091836992382, 0.5004878492672153456, 0.8481312592577621157 ) ) ;
#331 = B_SPLINE_CURVE_WITH_KNOTS ( 'NONE', 3,
 ( #1250, #238, #700, #130, #588, #18, #99, #974, #554, #1006, #181, #447, #1297, #871, #286, #1426, #409, #757, #341, #325, #577, #1238, #8, #925, #1134, #460, #562, #1363, #1373, #95, #985, #533, #749, #521, #765, #1439, #417 ),
 .UNSPECIFIED., .F., .F.,
 ( 4, 3, 3, 3, 3, 3, 3, 3, 3, 3, 3, 3, 4 ),
 ( 0.000000000000000000, 3.536412715031493062E-05, 7.125752768736897877E-05, 0.0001280796653486012380, 0.0001431973073393890100, 0.0001493767998946935870, 0.0001544346897144408394, 0.0001595515963385260225, 0.0001665904391668873339, 0.0001918626379969499485, 0.0002425091231978964291, 0.0002831308086138439417, 0.0003119759053769497153 ),
 .UNSPECIFIED. ) ;
#332 = MANIFOLD_SOLID_BREP ( 'NONE', #344 ) ;
#333 = DIRECTION ( 'NONE',  ( 0.000000000000000000, 1.000000000000000000, 0.000000000000000000 ) ) ;
#334 = CYLINDRICAL_SURFACE ( 'NONE', #818, 0.03548913840258435121 ) ;
#335 = AXIS2_PLACEMENT_3D ( 'NONE', #1180, #711, #1159 ) ;
#336 = CALENDAR_DATE ( 2026, 29, 6 ) ;
#337 = AXIS2_PLACEMENT_3D ( 'NONE', #1003, #118, #1449 ) ;
#338 = EDGE_LOOP ( 'NONE', ( #1035, #937, #94, #827 ) ) ;
#339 = CONICAL_SURFACE ( 'NONE', #1218, 0.07461818843620293684, 0.7853981633974503884 ) ;
#340 = CARTESIAN_POINT ( 'NONE',  ( 0.3085462091836992382, 0.5004878492672153456, 0.8481312592577621157 ) ) ;
#341 = CARTESIAN_POINT ( 'NONE',  ( 0.3429413169683512286, -0.3821428059652818843, 0.8016694139406101982 ) ) ;
#342 = ADVANCED_FACE ( 'NONE', ( #875 ), #93, .F. ) ;
#343 = DIRECTION ( 'NONE',  ( 0.000000000000000000, 0.000000000000000000, -1.000000000000000000 ) ) ;
#344 = CLOSED_SHELL ( 'NONE', ( #934, #564, #488, #725, #1157, #693, #172, #1043, #1158, #1211, #820, #597, #971, #407, #505, #681, #272, #36, #1252, #50, #957, #1468, #405, #631, #1295, #1366, #1030, #253, #483, #695, #100, #1122, #941, #342, #1136, #1293, #1270, #209, #1098, #1324, #1156 ) ) ;
#345 = PLANE ( 'NONE',  #1239 ) ;
#346 = DIRECTION ( 'NONE',  ( 0.000000000000000000, 0.000000000000000000, -1.000000000000000000 ) ) ;
#347 = ORIENTED_EDGE ( 'NONE', *, *, #229, .F. ) ;
#348 = LINE ( 'NONE', #815, #703 ) ;
#349 = ORIENTED_EDGE ( 'NONE', *, *, #412, .F. ) ;
#350 = CYLINDRICAL_SURFACE ( 'NONE', #270, 0.1273969070862001063 ) ;
#351 = CYLINDRICAL_SURFACE ( 'NONE', #649, 0.03548913840258435121 ) ;
#352 = DIRECTION ( 'NONE',  ( 0.000000000000000000, -1.000000000000000000, 0.000000000000000000 ) ) ;
#353 = SECURITY_CLASSIFICATION_LEVEL ( 'unclassified' ) ;
#354 = VERTEX_POINT ( 'NONE', #988 ) ;
#355 = CARTESIAN_POINT ( 'NONE',  ( -0.3440353475862836241, 0.5004878492672153456, 0.8090022092241428986 ) ) ;
#356 = ORIENTED_EDGE ( 'NONE', *, *, #978, .F. ) ;
#357 = LOCAL_TIME ( 7, 34, 31.00000000000000000, #826 ) ;
#358 = DIRECTION ( 'NONE',  ( 0.000000000000000000, 0.000000000000000000, -1.000000000000000000 ) ) ;
#359 = DIRECTION ( 'NONE',  ( 1.000000000000000000, 0.000000000000000000, 0.000000000000000000 ) ) ;
#360 = COORDINATED_UNIVERSAL_TIME_OFFSET ( 8, 0, .AHEAD. ) ;
#361 = EDGE_CURVE ( 'NONE', #295, #706, #217, .T. ) ;
#362 = ORIENTED_EDGE ( 'NONE', *, *, #965, .T. ) ;
#363 = CARTESIAN_POINT ( 'NONE',  ( 0.2694171591500808538, -0.5004878492672153456, 0.8454013255344852151 ) ) ;
#364 = CIRCLE ( 'NONE', #388, 0.1819955815517145525 ) ;
#365 = EDGE_CURVE ( 'NONE', #1323, #796, #1108, .T. ) ;
#366 = DIRECTION ( 'NONE',  ( 0.000000000000000000, -1.000000000000000000, 0.000000000000000000 ) ) ;
#367 = ORIENTED_EDGE ( 'NONE', *, *, #522, .F. ) ;
#368 = DIRECTION ( 'NONE',  ( 0.000000000000000000, 0.000000000000000000, -1.000000000000000000 ) ) ;
#369 = ORIENTED_EDGE ( 'NONE', *, *, #313, .F. ) ;
#370 = ORIENTED_EDGE ( 'NONE', *, *, #1461, .T. ) ;
#371 = CARTESIAN_POINT ( 'NONE',  ( -0.3085462091836992382, -0.5004878492672153456, 0.8845303755681034330 ) ) ;
#372 = DIRECTION ( 'NONE',  ( 0.000000000000000000, -1.000000000000000000, 0.000000000000000000 ) ) ;
#373 = CARTESIAN_POINT ( 'NONE',  ( 0.000000000000000000, -0.2274944769396431699, 0.1247625210432391218 ) ) ;
#374 = ORIENTED_EDGE ( 'NONE', *, *, #743, .T. ) ;
#375 = DIRECTION ( 'NONE',  ( 0.000000000000000000, 0.000000000000000000, -1.000000000000000000 ) ) ;
#376 = CARTESIAN_POINT ( 'NONE',  ( -0.3440353475862836241, 0.5004878492672153456, 0.9000000000000000222 ) ) ;
#377 = VERTEX_POINT ( 'NONE', #494 ) ;
#378 = CC_DESIGN_PERSON_AND_ORGANIZATION_ASSIGNMENT ( #674, #13, ( #1432 ) ) ;
#379 = LINE ( 'NONE', #1267, #750 ) ;
#380 = DIRECTION ( 'NONE',  ( -0.7071067811865489050, 0.000000000000000000, -0.7071067811865460184 ) ) ;
#381 = DIRECTION ( 'NONE',  ( 0.000000000000000000, 0.000000000000000000, -1.000000000000000000 ) ) ;
#382 = EDGE_LOOP ( 'NONE', ( #1228, #916, #746, #708 ) ) ;
#383 = DIRECTION ( 'NONE',  ( 0.000000000000000000, 0.000000000000000000, -1.000000000000000000 ) ) ;
#384 = AXIS2_PLACEMENT_3D ( 'NONE', #449, #810, #692 ) ;
#385 = CARTESIAN_POINT ( 'NONE',  ( 0.000000000000000000, -0.2274944769396431699, 0.1247625210432391218 ) ) ;
#386 =( LENGTH_UNIT ( ) NAMED_UNIT ( * ) SI_UNIT ( .MILLI., .METRE. ) );
#387 = DIRECTION ( 'NONE',  ( 0.000000000000000000, 0.000000000000000000, 1.000000000000000000 ) ) ;
#388 = AXIS2_PLACEMENT_3D ( 'NONE', #1425, #1210, #1321 ) ;
#389 = CARTESIAN_POINT ( 'NONE',  ( 1.169991558472593485E-16, 0.04549889538792863120, 0.9000000000000000222 ) ) ;
#390 = DIRECTION ( 'NONE',  ( 0.000000000000000000, 0.000000000000000000, 1.000000000000000000 ) ) ;
#391 = VERTEX_POINT ( 'NONE', #1277 ) ;
#392 = AXIS2_PLACEMENT_3D ( 'NONE', #1085, #65, #734 ) ;
#393 = CARTESIAN_POINT ( 'NONE',  ( 0.4186535360224865054, -0.5004878492672153456, 0.8454013255344852151 ) ) ;
#394 = CARTESIAN_POINT ( 'NONE',  ( 0.3795244859888679545, -0.5004878492672153456, 0.9000000000000000222 ) ) ;
#395 = APPLICATION_CONTEXT ( 'configuration controlled 3d designs of mechanical parts and assemblies' ) ;
#396 = DIRECTION ( 'NONE',  ( 0.000000000000000000, 0.000000000000000000, -1.000000000000000000 ) ) ;
#397 = LINE ( 'NONE', #289, #963 ) ;
#398 = ORIENTED_EDGE ( 'NONE', *, *, #933, .T. ) ;
#399 = DIRECTION ( 'NONE',  ( 0.000000000000000000, 0.000000000000000000, -1.000000000000000000 ) ) ;
#400 = CARTESIAN_POINT ( 'NONE',  ( 1.169991558472593485E-16, 0.04549889538792863120, 0.8090022092241428986 ) ) ;
#401 = CIRCLE ( 'NONE', #431, 0.03548913840258433733 ) ;
#402 = DIRECTION ( 'NONE',  ( -1.020425574104003999E-16, 0.000000000000000000, -1.000000000000000000 ) ) ;
#403 = CARTESIAN_POINT ( 'NONE',  ( -0.4003916688597302653, -0.3184922677155003212, -0.5687361923491078830 ) ) ;
#404 = EDGE_LOOP ( 'NONE', ( #251, #137, #174, #14, #1443 ) ) ;
#405 = ADVANCED_FACE ( 'NONE', ( #1173, #606, #1099, #735 ), #1400, .T. ) ;
#406 = CARTESIAN_POINT ( 'NONE',  ( -0.4002377265930770478, -0.4336267559166626095, 0.8326747189909379232 ) ) ;
#407 = ADVANCED_FACE ( 'NONE', ( #43 ), #1054, .F. ) ;
#408 = CARTESIAN_POINT ( 'NONE',  ( 1.930426803958967819, -0.6824834308189295928, 0.9000000000000000222 ) ) ;
#409 = CARTESIAN_POINT ( 'NONE',  ( 0.3395794519976150783, -0.3826199990605307355, 0.8020780683076288442 ) ) ;
#410 = VECTOR ( 'NONE', #1372, 1000.000000000000000 ) ;
#411 = DIRECTION ( 'NONE',  ( 0.000000000000000000, 0.000000000000000000, -1.000000000000000000 ) ) ;
#412 = EDGE_CURVE ( 'NONE', #1165, #1294, #912, .T. ) ;
#413 = DIRECTION ( 'NONE',  ( 0.000000000000000000, 1.000000000000000000, 0.000000000000000000 ) ) ;
#414 = ORIENTED_EDGE ( 'NONE', *, *, #1396, .T. ) ;
#415 = LINE ( 'NONE', #1292, #633 ) ;
#416 = DIRECTION ( 'NONE',  ( 0.000000000000000000, 0.000000000000000000, -1.000000000000000000 ) ) ;
#417 = CARTESIAN_POINT ( 'NONE',  ( 0.4186535360224865054, -0.5004878492672153456, 0.8454013255344852151 ) ) ;
#418 = DIRECTION ( 'NONE',  ( 0.000000000000000000, 0.000000000000000000, 1.000000000000000000 ) ) ;
#419 = CARTESIAN_POINT ( 'NONE',  ( -0.5624300454483410761, -0.5004878492672153456, 0.8454013255344851041 ) ) ;
#420 = EDGE_CURVE ( 'NONE', #861, #832, #485, .T. ) ;
#421 = VERTEX_POINT ( 'NONE', #1392 ) ;
#422 = CARTESIAN_POINT ( 'NONE',  ( -0.4059006105087429872, -0.4434619774213316989, 0.8365596226663770674 ) ) ;
#423 = FACE_BOUND ( 'NONE', #1264, .T. ) ;
#424 = ORIENTED_EDGE ( 'NONE', *, *, #910, .T. ) ;
#425 = EDGE_CURVE ( 'NONE', #1216, #295, #1427, .T. ) ;
#426 = DIRECTION ( 'NONE',  ( 0.000000000000000000, 0.000000000000000000, -1.000000000000000000 ) ) ;
#427 = EDGE_CURVE ( 'NONE', #1420, #1193, #853, .T. ) ;
#428 = EDGE_CURVE ( 'NONE', #1076, #796, #730, .T. ) ;
#429 = DIRECTION ( 'NONE',  ( -1.000000000000000000, 0.000000000000000000, 0.000000000000000000 ) ) ;
#430 = ORIENTED_EDGE ( 'NONE', *, *, #132, .F. ) ;
#431 = AXIS2_PLACEMENT_3D ( 'NONE', #1082, #520, #889 ) ;
#432 = CARTESIAN_POINT ( 'NONE',  ( -0.3440353475862836241, -0.5004878492672153456, 0.8454013255344851041 ) ) ;
#433 = ORIENTED_EDGE ( 'NONE', *, *, #1364, .F. ) ;
#434 = LOCAL_TIME ( 7, 34, 31.00000000000000000, #360 ) ;
#435 = CARTESIAN_POINT ( 'NONE',  ( -0.3042268448465933472, -0.4092182140996251660, 0.8213626462352022761 ) ) ;
#436 = CARTESIAN_POINT ( 'NONE',  ( 6.686409192188047201E-18, -0.2274944769396431699, 0.1793611955087534571 ) ) ;
#437 = AXIS2_PLACEMENT_3D ( 'NONE', #11, #1141, #343 ) ;
#438 = ORIENTED_EDGE ( 'NONE', *, *, #587, .F. ) ;
#439 = VECTOR ( 'NONE', #975, 1000.000000000000114 ) ;
#440 = EDGE_CURVE ( 'NONE', #1386, #1431, #851, .T. ) ;
#441 = CARTESIAN_POINT ( 'NONE',  ( -0.4003916688597302653, -0.2274944769396431699, -0.5141375178835935200 ) ) ;
#442 = FACE_OUTER_BOUND ( 'NONE', #404, .T. ) ;
#443 = ORIENTED_EDGE ( 'NONE', *, *, #420, .T. ) ;
#444 = CARTESIAN_POINT ( 'NONE',  ( -0.2756121786675962415, -0.4590327166466420250, 0.8411013023386916254 ) ) ;
#445 = AXIS2_PLACEMENT_3D ( 'NONE', #389, #218, #804 ) ;
#446 = CARTESIAN_POINT ( 'NONE',  ( 0.5624300454483410761, -0.3184922677155003212, 0.6634057439827709679 ) ) ;
#447 = CARTESIAN_POINT ( 'NONE',  ( 0.3284693781307189142, -0.3878137628154064154, 0.8063586524892745189 ) ) ;
#448 = CARTESIAN_POINT ( 'NONE',  ( 1.169991558472593485E-16, 0.04549889538792863120, 0.8090022092241428986 ) ) ;
#449 = CARTESIAN_POINT ( 'NONE',  ( 0.000000000000000000, -0.2274944769396431699, -0.3375699545516588906 ) ) ;
#450 = CARTESIAN_POINT ( 'NONE',  ( 0.000000000000000000, -0.2274944769396431699, -0.3375699545516588906 ) ) ;
#451 = DIRECTION ( 'NONE',  ( 0.000000000000000000, 0.000000000000000000, 1.000000000000000000 ) ) ;
#452 = EDGE_LOOP ( 'NONE', ( #1221, #242 ) ) ;
#453 = LINE ( 'NONE', #1341, #1105 ) ;
#454 = CARTESIAN_POINT ( 'NONE',  ( 0.000000000000000000, -0.2274944769396431699, -0.4649668616378589414 ) ) ;
#455 = FACE_BOUND ( 'NONE', #545, .T. ) ;
#456 = ORIENTED_EDGE ( 'NONE', *, *, #1379, .T. ) ;
#457 = DIRECTION ( 'NONE',  ( 0.000000000000000000, 0.000000000000000000, 1.000000000000000000 ) ) ;
#458 = EDGE_CURVE ( 'NONE', #1207, #966, #943, .T. ) ;
#459 = CARTESIAN_POINT ( 'NONE',  ( 0.5624300454483410761, 0.6824834308189295928, 0.9000000000000000222 ) ) ;
#460 = CARTESIAN_POINT ( 'NONE',  ( 0.3613894392673027145, -0.3885530728112371879, 0.8069831239907410136 ) ) ;
#461 = MECHANICAL_CONTEXT ( 'NONE', #1322, 'mechanical' ) ;
#462 = VECTOR ( 'NONE', #936, 1000.000000000000000 ) ;
#463 = DIRECTION ( 'NONE',  ( -1.000000000000000000, 0.000000000000000000, 0.000000000000000000 ) ) ;
#464 = CIRCLE ( 'NONE', #1283, 0.07461818843620300623 ) ;
#465 = EDGE_LOOP ( 'NONE', ( #764, #1225, #424, #1319 ) ) ;
#466 = CARTESIAN_POINT ( 'NONE',  ( -0.3451293782042155200, -0.3821428059652822729, 0.8016694139406105313 ) ) ;
#467 = ORIENTED_EDGE ( 'NONE', *, *, #54, .F. ) ;
#468 = DIRECTION ( 'NONE',  ( 0.000000000000000000, 0.000000000000000000, -1.000000000000000000 ) ) ;
#469 = CIRCLE ( 'NONE', #658, 0.1273969070862001340 ) ;
#470 = ORIENTED_EDGE ( 'NONE', *, *, #1351, .T. ) ;
#471 = CYLINDRICAL_SURFACE ( 'NONE', #612, 0.03548913840258435121 ) ;
#472 = ORIENTED_EDGE ( 'NONE', *, *, #1358, .T. ) ;
#473 = DIRECTION ( 'NONE',  ( -1.000000000000000000, 0.000000000000000000, 1.020425574104003999E-16 ) ) ;
#474 = FACE_OUTER_BOUND ( 'NONE', #105, .T. ) ;
#475 =( NAMED_UNIT ( * ) SI_UNIT ( $, .STERADIAN. ) SOLID_ANGLE_UNIT ( ) );
#476 = CC_DESIGN_PERSON_AND_ORGANIZATION_ASSIGNMENT ( #141, #1242, ( #1190 ) ) ;
#477 = EDGE_CURVE ( 'NONE', #354, #102, #246, .T. ) ;
#478 = COORDINATED_UNIVERSAL_TIME_OFFSET ( 8, 0, .AHEAD. ) ;
#479 = EDGE_LOOP ( 'NONE', ( #537, #481, #662, #580 ) ) ;
#480 = DIRECTION ( 'NONE',  ( 0.7071067811865489050, 8.659560562354951347E-17, -0.7071067811865460184 ) ) ;
#481 = ORIENTED_EDGE ( 'NONE', *, *, #224, .T. ) ;
#482 = CARTESIAN_POINT ( 'NONE',  ( 0.03548913840258445529, 0.04549889538792863813, 0.8090022092241428986 ) ) ;
#483 = ADVANCED_FACE ( 'NONE', ( #187 ), #842, .F. ) ;
#484 = CARTESIAN_POINT ( 'NONE',  ( 0.2694171591500806873, 0.5004878492672153456, 0.8090022092241428986 ) ) ;
#485 = LINE ( 'NONE', #80, #462 ) ;
#486 = EDGE_LOOP ( 'NONE', ( #1309, #41, #1278, #739, #207, #1345, #931, #308 ) ) ;
#487 = VECTOR ( 'NONE', #904, 1000.000000000000114 ) ;
#488 = ADVANCED_FACE ( 'NONE', ( #874 ), #196, .F. ) ;
#489 = DIRECTION ( 'NONE',  ( -1.000000000000000000, 0.000000000000000000, 0.000000000000000000 ) ) ;
#490 = ORIENTED_EDGE ( 'NONE', *, *, #1456, .F. ) ;
#491 = VECTOR ( 'NONE', #152, 1000.000000000000114 ) ;
#492 = AXIS2_PLACEMENT_3D ( 'NONE', #28, #368, #1394 ) ;
#493 = LINE ( 'NONE', #959, #15 ) ;
#494 = CARTESIAN_POINT ( 'NONE',  ( 0.000000000000000000, -0.3184922677155003212, -0.9000000000000000222 ) ) ;
#495 = EDGE_LOOP ( 'NONE', ( #909, #1448, #647, #1154 ) ) ;
#496 = EDGE_CURVE ( 'NONE', #1458, #391, #68, .T. ) ;
#497 = CARTESIAN_POINT ( 'NONE',  ( 1.021421201841151009E-16, -0.5004878492672153456, 0.6634057439827709679 ) ) ;
#498 = VERTEX_POINT ( 'NONE', #726 ) ;
#499 = ADVANCED_BREP_SHAPE_REPRESENTATION ( '003105', ( #332, #168 ), #1251 ) ;
#500 = FACE_OUTER_BOUND ( 'NONE', #1258, .T. ) ;
#501 = DIRECTION ( 'NONE',  ( -1.020425574104003999E-16, 0.000000000000000000, 1.000000000000000000 ) ) ;
#502 = CARTESIAN_POINT ( 'NONE',  ( 1.930426803958967819, -0.2808045283184189556, 0.8090022092241428986 ) ) ;
#503 = ORIENTED_EDGE ( 'NONE', *, *, #1351, .F. ) ;
#504 = CARTESIAN_POINT ( 'NONE',  ( 1.930426803958967819, -0.6824834308189295928, 0.9000000000000000222 ) ) ;
#505 = ADVANCED_FACE ( 'NONE', ( #1308 ), #155, .T. ) ;
#506 = CARTESIAN_POINT ( 'NONE',  ( 0.5624300454483410761, -0.6824834308189295928, 0.9000000000000000222 ) ) ;
#507 = LINE ( 'NONE', #958, #1232 ) ;
#508 = LINE ( 'NONE', #605, #129 ) ;
#509 = VECTOR ( 'NONE', #352, 1000.000000000000000 ) ;
#510 = DIRECTION ( 'NONE',  ( -1.000000000000000000, 0.000000000000000000, 1.020425574104003999E-16 ) ) ;
#511 = VERTEX_POINT ( 'NONE', #393 ) ;
#512 = DIRECTION ( 'NONE',  ( -1.000000000000000000, 0.000000000000000000, 0.000000000000000000 ) ) ;
#513 = VECTOR ( 'NONE', #661, 1000.000000000000000 ) ;
#514 = CIRCLE ( 'NONE', #1149, 0.05459867446551435605 ) ;
#515 = CARTESIAN_POINT ( 'NONE',  ( -0.3085462091836992382, 0.5004878492672153456, 0.8090022092241428986 ) ) ;
#516 = AXIS2_PLACEMENT_3D ( 'NONE', #1332, #319, #1083 ) ;
#517 = AXIS2_PLACEMENT_3D ( 'NONE', #578, #468, #996 ) ;
#518 = ORIENTED_EDGE ( 'NONE', *, *, #671, .T. ) ;
#519 = CYLINDRICAL_SURFACE ( 'NONE', #558, 0.03548913840258435121 ) ;
#520 = DIRECTION ( 'NONE',  ( 0.000000000000000000, 0.000000000000000000, -1.000000000000000000 ) ) ;
#521 = CARTESIAN_POINT ( 'NONE',  ( 0.4154181049327165254, -0.4719799663599009154, 0.8431547142621291790 ) ) ;
#522 = EDGE_CURVE ( 'NONE', #1005, #1395, #1080, .T. ) ;
#523 = ORIENTED_EDGE ( 'NONE', *, *, #616, .F. ) ;
#524 = CARTESIAN_POINT ( 'NONE',  ( -0.4186535360224860614, -0.4886998068837770104, 0.8454013255344855482 ) ) ;
#525 = CARTESIAN_POINT ( 'NONE',  ( 0.5624300454483410761, -0.6824834308189295928, 0.9000000000000000222 ) ) ;
#526 = EDGE_CURVE ( 'NONE', #1230, #421, #415, .T. ) ;
#527 = DIRECTION ( 'NONE',  ( 0.000000000000000000, 0.000000000000000000, -1.000000000000000000 ) ) ;
#528 = CC_DESIGN_APPROVAL ( #1411, ( #1432 ) ) ;
#529 = CARTESIAN_POINT ( 'NONE',  ( 1.930426803958967819, -0.6824834308189295928, 0.8454013255344851041 ) ) ;
#530 = VERTEX_POINT ( 'NONE', #363 ) ;
#531 = DIRECTION ( 'NONE',  ( -1.000000000000000000, 0.000000000000000000, 0.000000000000000000 ) ) ;
#532 = ORIENTED_EDGE ( 'NONE', *, *, #1255, .F. ) ;
#533 = CARTESIAN_POINT ( 'NONE',  ( 0.4074969444109735606, -0.4466352031848355719, 0.8376597355647664722 ) ) ;
#534 = CYLINDRICAL_SURFACE ( 'NONE', #1069, 0.03548913840258433733 ) ;
#535 = CIRCLE ( 'NONE', #1285, 0.03548913840258433733 ) ;
#536 = CIRCLE ( 'NONE', #939, 0.03548913840258435121 ) ;
#537 = ORIENTED_EDGE ( 'NONE', *, *, #412, .T. ) ;
#538 = CARTESIAN_POINT ( 'NONE',  ( -0.3668683254974024477, -0.3935441531801138759, 0.8106655062112102517 ) ) ;
#539 = DIRECTION ( 'NONE',  ( -1.000000000000000000, 0.000000000000000000, 0.000000000000000000 ) ) ;
#540 = ORIENTED_EDGE ( 'NONE', *, *, #1023, .F. ) ;
#541 = VECTOR ( 'NONE', #51, 1000.000000000000000 ) ;
#542 = EDGE_CURVE ( 'NONE', #627, #498, #139, .T. ) ;
#543 = CARTESIAN_POINT ( 'NONE',  ( 0.4003916688597329854, -0.2274944769396431699, -0.5687361923491043303 ) ) ;
#544 = FACE_BOUND ( 'NONE', #199, .T. ) ;
#545 = EDGE_LOOP ( 'NONE', ( #643, #1169 ) ) ;
#546 = CARTESIAN_POINT ( 'NONE',  ( -0.3440353475862836241, -0.5004878492672153456, 0.8845303755681034330 ) ) ;
#547 = PERSON ( '未', '未', '未', ('未'), ('未'), ('未') ) ;
#548 = DIRECTION ( 'NONE',  ( 1.000000000000000000, 0.000000000000000000, -1.020425574104003999E-16 ) ) ;
#549 = DIRECTION ( 'NONE',  ( 0.000000000000000000, 0.000000000000000000, -1.000000000000000000 ) ) ;
#550 = EDGE_CURVE ( 'NONE', #244, #867, #176, .T. ) ;
#551 = ORIENTED_EDGE ( 'NONE', *, *, #279, .F. ) ;
#552 = CARTESIAN_POINT ( 'NONE',  ( -0.3266812559052630349, -0.3885530728112385201, 0.8069831239907421239 ) ) ;
#553 = FACE_OUTER_BOUND ( 'NONE', #1155, .T. ) ;
#554 = CARTESIAN_POINT ( 'NONE',  ( 0.3080259260007284228, -0.4044732563688301918, 0.8186024923385238905 ) ) ;
#555 = CARTESIAN_POINT ( 'NONE',  ( 0.3440353475862836241, -0.5004878492672153456, 0.8454013255344851041 ) ) ;
#556 = CIRCLE ( 'NONE', #384, 0.5624300454483410761 ) ;
#557 = ORIENTED_EDGE ( 'NONE', *, *, #1049, .F. ) ;
#558 = AXIS2_PLACEMENT_3D ( 'NONE', #70, #883, #92 ) ;
#559 = ORIENTED_EDGE ( 'NONE', *, *, #9, .F. ) ;
#560 = DIRECTION ( 'NONE',  ( 0.000000000000000000, -1.000000000000000000, 0.000000000000000000 ) ) ;
#561 = CARTESIAN_POINT ( 'NONE',  ( -0.5624300454483410761, -0.2274944769396431699, -0.3375699545516588906 ) ) ;
#562 = CARTESIAN_POINT ( 'NONE',  ( 0.3672346460550853231, -0.3935558575768984824, 0.8108091617884908286 ) ) ;
#563 = CARTESIAN_POINT ( 'NONE',  ( 0.3440353475862836241, 0.5004878492672153456, 0.8481312592577621157 ) ) ;
#564 = ADVANCED_FACE ( 'NONE', ( #1259 ), #1058, .F. ) ;
#565 = DIRECTION ( 'NONE',  ( -1.000000000000000000, 0.000000000000000000, 0.000000000000000000 ) ) ;
#566 = APPROVAL_STATUS ( 'not_yet_approved' ) ;
#567 = DIRECTION ( 'NONE',  ( 0.000000000000000000, 0.000000000000000000, -1.000000000000000000 ) ) ;
#568 = DIRECTION ( 'NONE',  ( 0.000000000000000000, 0.000000000000000000, -1.000000000000000000 ) ) ;
#569 = ORIENTED_EDGE ( 'NONE', *, *, #1153, .T. ) ;
#570 = DIRECTION ( 'NONE',  ( 0.7071067811865489050, 8.659560562354951347E-17, -0.7071067811865460184 ) ) ;
#571 = CARTESIAN_POINT ( 'NONE',  ( -0.4003916688597302653, -0.3184922677155003212, -0.5141375178835935200 ) ) ;
#572 = CARTESIAN_POINT ( 'NONE',  ( 0.000000000000000000, -0.3184922677155003212, -0.3375699545516588906 ) ) ;
#573 = EDGE_LOOP ( 'NONE', ( #1046, #21, #278, #369 ) ) ;
#574 = CARTESIAN_POINT ( 'NONE',  ( -0.3152860435285493312, -0.3987894717115227916, 0.8143356340207953403 ) ) ;
#575 = CIRCLE ( 'NONE', #1096, 0.03548913840258435121 ) ;
#576 = CARTESIAN_POINT ( 'NONE',  ( -0.5624300454483410761, -0.6824834308189295928, 0.9000000000000000222 ) ) ;
#577 = CARTESIAN_POINT ( 'NONE',  ( 0.3464007252662205660, -0.3821979447027429311, 0.8017174584276705041 ) ) ;
#578 = CARTESIAN_POINT ( 'NONE',  ( -0.3440353475862836241, 0.5004878492672153456, 0.8090022092241428986 ) ) ;
#579 = EDGE_CURVE ( 'NONE', #627, #781, #913, .T. ) ;
#580 = ORIENTED_EDGE ( 'NONE', *, *, #85, .F. ) ;
#581 = VECTOR ( 'NONE', #741, 1000.000000000000000 ) ;
#582 = VERTEX_POINT ( 'NONE', #594 ) ;
#583 = APPLICATION_PROTOCOL_DEFINITION ( 'international standard', 'config_control_design', 1994, #1322 ) ;
#584 = VERTEX_POINT ( 'NONE', #506 ) ;
#585 = CONICAL_SURFACE ( 'NONE', #133, 0.07461818843620300623, 0.7853981633974511656 ) ;
#586 = EDGE_LOOP ( 'NONE', ( #821, #1020, #551, #283 ) ) ;
#587 = EDGE_CURVE ( 'NONE', #670, #354, #379, .T. ) ;
#588 = CARTESIAN_POINT ( 'NONE',  ( 0.2774693011396987541, -0.4542734690645422457, 0.8398152244941011757 ) ) ;
#589 = PERSON_AND_ORGANIZATION_ROLE ( 'creator' ) ;
#590 = ORIENTED_EDGE ( 'NONE', *, *, #290, .T. ) ;
#591 = LINE ( 'NONE', #836, #315 ) ;
#592 = ORIENTED_EDGE ( 'NONE', *, *, #863, .T. ) ;
#593 = ORIENTED_EDGE ( 'NONE', *, *, #1312, .T. ) ;
#594 = CARTESIAN_POINT ( 'NONE',  ( 0.5624300454483410761, -0.2274944769396431699, 0.6270066276724287624 ) ) ;
#595 = DIRECTION ( 'NONE',  ( 0.000000000000000000, 0.000000000000000000, -1.000000000000000000 ) ) ;
#596 = CARTESIAN_POINT ( 'NONE',  ( 0.2694171591500806873, 0.5004878492672153456, 0.8090022092241428986 ) ) ;
#597 = ADVANCED_FACE ( 'NONE', ( #1401 ), #254, .F. ) ;
#598 = ORIENTED_EDGE ( 'NONE', *, *, #1087, .F. ) ;
#599 = DIRECTION ( 'NONE',  ( -1.000000000000000000, 0.000000000000000000, 0.000000000000000000 ) ) ;
#600 = PRODUCT_DEFINITION_SHAPE ( 'NONE', 'NONE',  #1432 ) ;
#601 = ORIENTED_EDGE ( 'NONE', *, *, #742, .F. ) ;
#602 = EDGE_CURVE ( 'NONE', #120, #928, #773, .T. ) ;
#603 = ORIENTED_EDGE ( 'NONE', *, *, #897, .T. ) ;
#604 = AXIS2_PLACEMENT_3D ( 'NONE', #177, #402, #1390 ) ;
#605 = CARTESIAN_POINT ( 'NONE',  ( -0.5624300454483410761, -0.2274944769396431699, 0.9000000000000000222 ) ) ;
#606 = FACE_BOUND ( 'NONE', #1388, .T. ) ;
#607 = ORIENTED_EDGE ( 'NONE', *, *, #427, .T. ) ;
#608 = VECTOR ( 'NONE', #568, 1000.000000000000000 ) ;
#609 = LINE ( 'NONE', #1175, #34 ) ;
#610 = AXIS2_PLACEMENT_3D ( 'NONE', #212, #1117, #1361 ) ;
#611 = EDGE_LOOP ( 'NONE', ( #30, #1145 ) ) ;
#612 = AXIS2_PLACEMENT_3D ( 'NONE', #355, #1447, #1467 ) ;
#613 = DIRECTION ( 'NONE',  ( 0.000000000000000000, 0.000000000000000000, -1.000000000000000000 ) ) ;
#614 = CARTESIAN_POINT ( 'NONE',  ( -0.4186535360224864499, -0.5004878492672153456, 0.8454013255344853262 ) ) ;
#615 = FACE_OUTER_BOUND ( 'NONE', #981, .T. ) ;
#616 = EDGE_CURVE ( 'NONE', #867, #714, #1288, .T. ) ;
#617 = DIRECTION ( 'NONE',  ( -1.020425574104003999E-16, 0.000000000000000000, -1.000000000000000000 ) ) ;
#618 = CARTESIAN_POINT ( 'NONE',  ( 0.000000000000000000, -0.2274944769396431699, -0.4649668616378589414 ) ) ;
#619 = DIRECTION ( 'NONE',  ( -1.000000000000000000, 0.000000000000000000, 0.000000000000000000 ) ) ;
#620 = CARTESIAN_POINT ( 'NONE',  ( 0.5624300454483410761, -0.2274944769396431699, 0.9000000000000000222 ) ) ;
#621 = DIRECTION ( 'NONE',  ( -1.000000000000000000, 0.000000000000000000, 0.000000000000000000 ) ) ;
#622 = VERTEX_POINT ( 'NONE', #1070 ) ;
#623 = CIRCLE ( 'NONE', #1398, 0.03548913840258435121 ) ;
#624 = ORIENTED_EDGE ( 'NONE', *, *, #361, .T. ) ;
#625 = DIRECTION ( 'NONE',  ( 0.000000000000000000, -1.000000000000000000, 0.000000000000000000 ) ) ;
#626 = DIRECTION ( 'NONE',  ( 0.000000000000000000, 0.000000000000000000, 1.000000000000000000 ) ) ;
#627 = VERTEX_POINT ( 'NONE', #717 ) ;
#628 = CARTESIAN_POINT ( 'NONE',  ( -0.3554515557478195587, -0.3855411745092606757, 0.8045073161442310994 ) ) ;
#629 = EDGE_LOOP ( 'NONE', ( #438, #17, #1071, #321 ) ) ;
#630 = CARTESIAN_POINT ( 'NONE',  ( 0.3795244859888679545, -0.5004878492672153456, 0.8845303755681034330 ) ) ;
#631 = ADVANCED_FACE ( 'NONE', ( #474 ), #926, .T. ) ;
#632 = CARTESIAN_POINT ( 'NONE',  ( 1.169991558472593485E-16, 0.04549889538792863120, 0.8481312592577621157 ) ) ;
#633 = VECTOR ( 'NONE', #1048, 1000.000000000000000 ) ;
#634 = EDGE_CURVE ( 'NONE', #66, #391, #1194, .T. ) ;
#635 = AXIS2_PLACEMENT_3D ( 'NONE', #1032, #324, #1015 ) ;
#636 = CARTESIAN_POINT ( 'NONE',  ( 0.4003916688597329854, -0.2274944769396431699, -0.5141375178835899673 ) ) ;
#637 = DIRECTION ( 'NONE',  ( 0.000000000000000000, 1.000000000000000000, 0.000000000000000000 ) ) ;
#638 = ORIENTED_EDGE ( 'NONE', *, *, #146, .F. ) ;
#639 = EDGE_CURVE ( 'NONE', #260, #1458, #23, .T. ) ;
#640 = DIRECTION ( 'NONE',  ( -1.000000000000000000, 0.000000000000000000, 0.000000000000000000 ) ) ;
#641 = FACE_OUTER_BOUND ( 'NONE', #1337, .T. ) ;
#642 = ORIENTED_EDGE ( 'NONE', *, *, #161, .T. ) ;
#643 = ORIENTED_EDGE ( 'NONE', *, *, #1023, .T. ) ;
#644 = CC_DESIGN_PERSON_AND_ORGANIZATION_ASSIGNMENT ( #795, #1027, ( #691 ) ) ;
#645 = ORIENTED_EDGE ( 'NONE', *, *, #846, .F. ) ;
#646 = CARTESIAN_POINT ( 'NONE',  ( 0.4003916688597329854, -0.2274944769396431699, -0.5141375178835899673 ) ) ;
#647 = ORIENTED_EDGE ( 'NONE', *, *, #259, .T. ) ;
#648 = DIRECTION ( 'NONE',  ( 0.000000000000000000, -1.000000000000000000, 0.000000000000000000 ) ) ;
#649 = AXIS2_PLACEMENT_3D ( 'NONE', #432, #1215, #1442 ) ;
#650 = VECTOR ( 'NONE', #123, 1000.000000000000114 ) ;
#651 = CARTESIAN_POINT ( 'NONE',  ( -0.5624300454483410761, -0.04549889538792863120, 0.8090022092241428986 ) ) ;
#652 = AXIS2_PLACEMENT_3D ( 'NONE', #991, #968, #779 ) ;
#653 = UNCERTAINTY_MEASURE_WITH_UNIT (LENGTH_MEASURE( 1.000000000000000082E-05 ), #386, 'distance_accuracy_value', 'NONE');
#654 = VECTOR ( 'NONE', #510, 1000.000000000000000 ) ;
#655 = ORIENTED_EDGE ( 'NONE', *, *, #1208, .T. ) ;
#656 = DIRECTION ( 'NONE',  ( 0.000000000000000000, 0.000000000000000000, -1.000000000000000000 ) ) ;
#657 = ORIENTED_EDGE ( 'NONE', *, *, #208, .F. ) ;
#658 = AXIS2_PLACEMENT_3D ( 'NONE', #1301, #637, #390 ) ;
#659 = LINE ( 'NONE', #436, #1261 ) ;
#660 = DIRECTION ( 'NONE',  ( 0.000000000000000000, 0.000000000000000000, -1.000000000000000000 ) ) ;
#661 = DIRECTION ( 'NONE',  ( 0.000000000000000000, -1.000000000000000000, 0.000000000000000000 ) ) ;
#662 = ORIENTED_EDGE ( 'NONE', *, *, #1300, .F. ) ;
#663 = DIRECTION ( 'NONE',  ( 0.000000000000000000, 0.000000000000000000, -1.000000000000000000 ) ) ;
#664 = DIRECTION ( 'NONE',  ( 0.000000000000000000, -1.000000000000000000, 0.000000000000000000 ) ) ;
#665 = AXIS2_PLACEMENT_3D ( 'NONE', #280, #302, #47 ) ;
#666 = ORIENTED_EDGE ( 'NONE', *, *, #146, .T. ) ;
#667 = CARTESIAN_POINT ( 'NONE',  ( 0.000000000000000000, 0.000000000000000000, 0.000000000000000000 ) ) ;
#668 = CARTESIAN_POINT ( 'NONE',  ( 0.000000000000000000, -0.2274944769396431699, -0.9000000000000000222 ) ) ;
#669 = VERTEX_POINT ( 'NONE', #840 ) ;
#670 = VERTEX_POINT ( 'NONE', #371 ) ;
#671 = EDGE_CURVE ( 'NONE', #867, #244, #154, .T. ) ;
#672 = AXIS2_PLACEMENT_3D ( 'NONE', #1095, #783, #531 ) ;
#673 = AXIS2_PLACEMENT_3D ( 'NONE', #986, #381, #1271 ) ;
#674 = PERSON_AND_ORGANIZATION ( #547, #999 ) ;
#675 = CARTESIAN_POINT ( 'NONE',  ( -0.5624300454483410761, -0.6824834308189295928, 0.9000000000000000222 ) ) ;
#676 = VECTOR ( 'NONE', #480, 1000.000000000000114 ) ;
#677 = ORIENTED_EDGE ( 'NONE', *, *, #1410, .T. ) ;
#678 = CARTESIAN_POINT ( 'NONE',  ( -0.4003916688597302653, -0.2274944769396431699, -0.5687361923491078830 ) ) ;
#679 = AXIS2_PLACEMENT_3D ( 'NONE', #231, #1010, #664 ) ;
#680 = ORIENTED_EDGE ( 'NONE', *, *, #616, .T. ) ;
#681 = ADVANCED_FACE ( 'NONE', ( #1114, #1121, #327, #225, #790 ), #345, .T. ) ;
#682 = LINE ( 'NONE', #108, #983 ) ;
#683 = CARTESIAN_POINT ( 'NONE',  ( 0.000000000000000000, -0.2274944769396431699, 0.1247625210432391218 ) ) ;
#684 = FACE_OUTER_BOUND ( 'NONE', #1248, .T. ) ;
#685 = DIRECTION ( 'NONE',  ( 0.000000000000000000, 0.000000000000000000, -1.000000000000000000 ) ) ;
#686 = SHAPE_DEFINITION_REPRESENTATION ( #600, #499 ) ;
#687 = DIRECTION ( 'NONE',  ( -1.000000000000000000, 0.000000000000000000, 0.000000000000000000 ) ) ;
#688 = VERTEX_POINT ( 'NONE', #441 ) ;
#689 = ORIENTED_EDGE ( 'NONE', *, *, #458, .F. ) ;
#690 = DIRECTION ( 'NONE',  ( 0.000000000000000000, 0.000000000000000000, -1.000000000000000000 ) ) ;
#691 = PRODUCT ( '003105', '003105', '', ( #461 ) ) ;
#692 = DIRECTION ( 'NONE',  ( 0.000000000000000000, 0.000000000000000000, 1.000000000000000000 ) ) ;
#693 = ADVANCED_FACE ( 'NONE', ( #1325 ), #1335, .F. ) ;
#694 = PERSON_AND_ORGANIZATION ( #547, #999 ) ;
#695 = ADVANCED_FACE ( 'NONE', ( #802 ), #1222, .F. ) ;
#696 = ORIENTED_EDGE ( 'NONE', *, *, #229, .T. ) ;
#697 = AXIS2_PLACEMENT_3D ( 'NONE', #563, #1016, #1462 ) ;
#698 = DIRECTION ( 'NONE',  ( 0.000000000000000000, 0.000000000000000000, -1.000000000000000000 ) ) ;
#699 = EDGE_LOOP ( 'NONE', ( #518, #2 ) ) ;
#700 = CARTESIAN_POINT ( 'NONE',  ( 0.2711338655226716576, -0.4767730673648651329, 0.8442070123216350863 ) ) ;
#701 = CIRCLE ( 'NONE', #1404, 0.03548913840258435121 ) ;
#702 = PERSON_AND_ORGANIZATION ( #547, #999 ) ;
#703 = VECTOR ( 'NONE', #560, 1000.000000000000000 ) ;
#704 = ORIENTED_EDGE ( 'NONE', *, *, #1412, .T. ) ;
#705 = FACE_OUTER_BOUND ( 'NONE', #819, .T. ) ;
#706 = VERTEX_POINT ( 'NONE', #571 ) ;
#707 = VECTOR ( 'NONE', #63, 1000.000000000000000 ) ;
#708 = ORIENTED_EDGE ( 'NONE', *, *, #54, .T. ) ;
#709 = EDGE_CURVE ( 'NONE', #832, #582, #782, .T. ) ;
#710 = DIRECTION ( 'NONE',  ( 0.000000000000000000, 0.000000000000000000, -1.000000000000000000 ) ) ;
#711 = DIRECTION ( 'NONE',  ( 0.000000000000000000, -1.000000000000000000, 0.000000000000000000 ) ) ;
#712 = DATE_AND_TIME ( #1356, #865 ) ;
#713 = ORIENTED_EDGE ( 'NONE', *, *, #587, .T. ) ;
#714 = VERTEX_POINT ( 'NONE', #306 ) ;
#715 = ORIENTED_EDGE ( 'NONE', *, *, #206, .F. ) ;
#716 = ORIENTED_EDGE ( 'NONE', *, *, #477, .F. ) ;
#717 = CARTESIAN_POINT ( 'NONE',  ( -0.3795244859888679545, 0.5004878492672153456, 0.8481312592577621157 ) ) ;
#718 = CARTESIAN_POINT ( 'NONE',  ( -0.07461818843620289521, 0.04549889538792863120, 0.8090022092241428986 ) ) ;
#719 = DIRECTION ( 'NONE',  ( 0.000000000000000000, 1.000000000000000000, 0.000000000000000000 ) ) ;
#720 = ORIENTED_EDGE ( 'NONE', *, *, #183, .F. ) ;
#721 = ORIENTED_EDGE ( 'NONE', *, *, #224, .F. ) ;
#722 = ORIENTED_EDGE ( 'NONE', *, *, #1281, .T. ) ;
#723 = FACE_OUTER_BOUND ( 'NONE', #156, .T. ) ;
#724 = CYLINDRICAL_SURFACE ( 'NONE', #335, 0.1273969070862001063 ) ;
#725 = ADVANCED_FACE ( 'NONE', ( #1088 ), #519, .F. ) ;
#726 = CARTESIAN_POINT ( 'NONE',  ( -0.4186535360224865610, 0.5004878492672153456, 0.8090022092241428986 ) ) ;
#727 = ORIENTED_EDGE ( 'NONE', *, *, #1438, .F. ) ;
#728 = DIRECTION ( 'NONE',  ( 0.000000000000000000, 0.000000000000000000, -1.000000000000000000 ) ) ;
#729 = ORIENTED_EDGE ( 'NONE', *, *, #1119, .T. ) ;
#730 = CIRCLE ( 'NONE', #673, 0.03548913840258435121 ) ;
#731 = CIRCLE ( 'NONE', #492, 0.03548913840258435121 ) ;
#732 = FACE_OUTER_BOUND ( 'NONE', #892, .T. ) ;
#733 = CIRCLE ( 'NONE', #90, 0.07461818843620293684 ) ;
#734 = DIRECTION ( 'NONE',  ( -1.020425574104003999E-16, 0.000000000000000000, -1.000000000000000000 ) ) ;
#735 = FACE_OUTER_BOUND ( 'NONE', #1002, .T. ) ;
#736 = EDGE_LOOP ( 'NONE', ( #433, #642, #1263, #922 ) ) ;
#737 = DIRECTION ( 'NONE',  ( 0.000000000000000000, 0.000000000000000000, -1.000000000000000000 ) ) ;
#738 = CARTESIAN_POINT ( 'NONE',  ( -0.5624300454483410761, 0.6824834308189295928, 0.9000000000000000222 ) ) ;
#739 = ORIENTED_EDGE ( 'NONE', *, *, #117, .F. ) ;
#740 = EDGE_CURVE ( 'NONE', #102, #354, #1065, .T. ) ;
#741 = DIRECTION ( 'NONE',  ( 1.000000000000000000, 0.000000000000000000, -1.020425574104003999E-16 ) ) ;
#742 = EDGE_CURVE ( 'NONE', #670, #714, #868, .T. ) ;
#743 = EDGE_CURVE ( 'NONE', #1216, #688, #514, .T. ) ;
#744 = DIRECTION ( 'NONE',  ( 0.000000000000000000, 1.000000000000000000, 0.000000000000000000 ) ) ;
#745 = CARTESIAN_POINT ( 'NONE',  ( 0.000000000000000000, -0.2274944769396431699, 0.07016384657772477274 ) ) ;
#746 = ORIENTED_EDGE ( 'NONE', *, *, #542, .T. ) ;
#747 = LINE ( 'NONE', #823, #219 ) ;
#748 = VECTOR ( 'NONE', #372, 1000.000000000000000 ) ;
#749 = CARTESIAN_POINT ( 'NONE',  ( 0.4124585165049687308, -0.4590327166466346420, 0.8411013023386900711 ) ) ;
#750 = VECTOR ( 'NONE', #1274, 1000.000000000000114 ) ;
#751 = EDGE_CURVE ( 'NONE', #1177, #822, #58, .T. ) ;
#752 = CIRCLE ( 'NONE', #271, 0.07461818843620293684 ) ;
#753 = DIRECTION ( 'NONE',  ( 1.000000000000000000, 0.000000000000000000, 0.000000000000000000 ) ) ;
#754 = ORIENTED_EDGE ( 'NONE', *, *, #1417, .T. ) ;
#755 = DIRECTION ( 'NONE',  ( 0.000000000000000000, -1.000000000000000000, 0.000000000000000000 ) ) ;
#756 = DIRECTION ( 'NONE',  ( -1.020425574104003999E-16, 0.000000000000000000, 1.000000000000000000 ) ) ;
#757 = CARTESIAN_POINT ( 'NONE',  ( 0.3412513606150382461, -0.3822512770163876139, 0.8017622583678123416 ) ) ;
#758 = PRODUCT_RELATED_PRODUCT_CATEGORY ( 'detail', '', ( #691 ) ) ;
#759 = DIRECTION ( 'NONE',  ( 0.000000000000000000, 0.000000000000000000, -1.000000000000000000 ) ) ;
#760 = DIRECTION ( 'NONE',  ( 0.000000000000000000, 0.000000000000000000, -1.000000000000000000 ) ) ;
#761 = ORIENTED_EDGE ( 'NONE', *, *, #208, .T. ) ;
#762 = ORIENTED_EDGE ( 'NONE', *, *, #1255, .T. ) ;
#763 = CARTESIAN_POINT ( 'NONE',  ( -0.4003916688597302653, -0.3184922677155003212, -0.5687361923491078830 ) ) ;
#764 = ORIENTED_EDGE ( 'NONE', *, *, #161, .F. ) ;
#765 = CARTESIAN_POINT ( 'NONE',  ( 0.4175306904943659192, -0.4812218503160869409, 0.8446204614386302323 ) ) ;
#766 = LINE ( 'NONE', #651, #654 ) ;
#767 = EDGE_CURVE ( 'NONE', #861, #62, #348, .T. ) ;
#768 = ORIENTED_EDGE ( 'NONE', *, *, #19, .F. ) ;
#769 = DIRECTION ( 'NONE',  ( 0.000000000000000000, 1.000000000000000000, 0.000000000000000000 ) ) ;
#770 = ORIENTED_EDGE ( 'NONE', *, *, #550, .F. ) ;
#771 = DIRECTION ( 'NONE',  ( 0.000000000000000000, 0.000000000000000000, -1.000000000000000000 ) ) ;
#772 = VECTOR ( 'NONE', #1391, 1000.000000000000000 ) ;
#773 = CIRCLE ( 'NONE', #1453, 0.03548913840258435121 ) ;
#774 = CARTESIAN_POINT ( 'NONE',  ( 0.5624300454483410761, -0.3184922677155003212, 0.9000000000000000222 ) ) ;
#775 = EDGE_LOOP ( 'NONE', ( #472, #899 ) ) ;
#776 = DIRECTION ( 'NONE',  ( 1.000000000000000000, 0.000000000000000000, -1.020425574104003999E-16 ) ) ;
#777 = ORIENTED_EDGE ( 'NONE', *, *, #77, .F. ) ;
#778 = CARTESIAN_POINT ( 'NONE',  ( -0.2726525902398492796, -0.4719799663599079653, 0.8431547142621302893 ) ) ;
#779 = DIRECTION ( 'NONE',  ( -1.000000000000000000, 0.000000000000000000, 0.000000000000000000 ) ) ;
#780 = FACE_OUTER_BOUND ( 'NONE', #1061, .T. ) ;
#781 = VERTEX_POINT ( 'NONE', #330 ) ;
#782 = LINE ( 'NONE', #1079, #581 ) ;
#783 = DIRECTION ( 'NONE',  ( 0.000000000000000000, 0.000000000000000000, -1.000000000000000000 ) ) ;
#784 = DIRECTION ( 'NONE',  ( 0.000000000000000000, 1.000000000000000000, 0.000000000000000000 ) ) ;
#785 = EDGE_CURVE ( 'NONE', #1431, #511, #794, .T. ) ;
#786 = ORIENTED_EDGE ( 'NONE', *, *, #427, .F. ) ;
#787 = DIRECTION ( 'NONE',  ( -1.000000000000000000, 0.000000000000000000, 0.000000000000000000 ) ) ;
#788 = VECTOR ( 'NONE', #1187, 1000.000000000000000 ) ;
#789 = DIRECTION ( 'NONE',  ( 0.000000000000000000, 1.000000000000000000, 0.000000000000000000 ) ) ;
#790 = FACE_OUTER_BOUND ( 'NONE', #1393, .T. ) ;
#791 = EDGE_CURVE ( 'NONE', #781, #1377, #747, .T. ) ;
#792 = FACE_OUTER_BOUND ( 'NONE', #138, .T. ) ;
#793 = EDGE_LOOP ( 'NONE', ( #195, #944 ) ) ;
#794 = LINE ( 'NONE', #1236, #1172 ) ;
#795 = PERSON_AND_ORGANIZATION ( #547, #999 ) ;
#796 = VERTEX_POINT ( 'NONE', #340 ) ;
#797 = DIRECTION ( 'NONE',  ( 0.7071067811865489050, 8.659560562354951347E-17, -0.7071067811865460184 ) ) ;
#798 = AXIS2_PLACEMENT_3D ( 'NONE', #502, #617, #1045 ) ;
#799 = AXIS2_PLACEMENT_3D ( 'NONE', #385, #1185, #849 ) ;
#800 = CARTESIAN_POINT ( 'NONE',  ( 0.3440353475862836241, -0.5004878492672153456, 0.8454013255344851041 ) ) ;
#801 = CIRCLE ( 'NONE', #1241, 0.1273969070862001340 ) ;
#802 = FACE_OUTER_BOUND ( 'NONE', #191, .T. ) ;
#803 = APPROVAL_STATUS ( 'not_yet_approved' ) ;
#804 = DIRECTION ( 'NONE',  ( -1.000000000000000000, 0.000000000000000000, 0.000000000000000000 ) ) ;
#805 = ORIENTED_EDGE ( 'NONE', *, *, #458, .T. ) ;
#806 = ORIENTED_EDGE ( 'NONE', *, *, #1163, .F. ) ;
#807 = DIRECTION ( 'NONE',  ( -1.000000000000000000, 0.000000000000000000, 1.020425574104003999E-16 ) ) ;
#808 = CARTESIAN_POINT ( 'NONE',  ( 0.000000000000000000, -0.2274944769396431699, -0.9000000000000000222 ) ) ;
#809 = EDGE_CURVE ( 'NONE', #62, #160, #1246, .T. ) ;
#810 = DIRECTION ( 'NONE',  ( 0.000000000000000000, 1.000000000000000000, 0.000000000000000000 ) ) ;
#811 = EDGE_CURVE ( 'NONE', #244, #670, #682, .T. ) ;
#812 = DATE_AND_TIME ( #1376, #1233 ) ;
#813 = FACE_BOUND ( 'NONE', #699, .T. ) ;
#814 = EDGE_LOOP ( 'NONE', ( #1249, #69, #680, #1459 ) ) ;
#815 = CARTESIAN_POINT ( 'NONE',  ( -0.5624300454483410761, -0.2274944769396431699, -0.3375699545516588906 ) ) ;
#816 = VERTEX_POINT ( 'NONE', #1037 ) ;
#817 = CARTESIAN_POINT ( 'NONE',  ( 0.5624300454483410761, -0.2274944769396431699, 0.9000000000000000222 ) ) ;
#818 = AXIS2_PLACEMENT_3D ( 'NONE', #800, #116, #1025 ) ;
#819 = EDGE_LOOP ( 'NONE', ( #1257, #261, #1184, #843 ) ) ;
#820 = ADVANCED_FACE ( 'NONE', ( #553 ), #350, .F. ) ;
#821 = ORIENTED_EDGE ( 'NONE', *, *, #183, .T. ) ;
#822 = VERTEX_POINT ( 'NONE', #446 ) ;
#823 = CARTESIAN_POINT ( 'NONE',  ( -0.2694171591500806873, 0.5004878492672153456, 0.8090022092241428986 ) ) ;
#824 = CARTESIAN_POINT ( 'NONE',  ( -0.4186535360224865610, 0.5004878492672153456, 0.8090022092241428986 ) ) ;
#825 = VECTOR ( 'NONE', #755, 1000.000000000000000 ) ;
#826 = COORDINATED_UNIVERSAL_TIME_OFFSET ( 8, 0, .AHEAD. ) ;
#827 = ORIENTED_EDGE ( 'NONE', *, *, #179, .F. ) ;
#828 = VERTEX_POINT ( 'NONE', #459 ) ;
#829 = DIRECTION ( 'NONE',  ( -1.000000000000000000, 0.000000000000000000, 0.000000000000000000 ) ) ;
#830 = ORIENTED_EDGE ( 'NONE', *, *, #1312, .F. ) ;
#831 = AXIS2_PLACEMENT_3D ( 'NONE', #1217, #1296, #1202 ) ;
#832 = VERTEX_POINT ( 'NONE', #1126 ) ;
#833 = LINE ( 'NONE', #262, #1051 ) ;
#834 = CARTESIAN_POINT ( 'NONE',  ( -0.3440353475862836241, -0.5004878492672153456, 0.8454013255344851041 ) ) ;
#835 = ORIENTED_EDGE ( 'NONE', *, *, #791, .T. ) ;
#836 = CARTESIAN_POINT ( 'NONE',  ( 0.3795244859888679545, 0.5004878492672153456, 0.8090022092241428986 ) ) ;
#837 = DIRECTION ( 'NONE',  ( 0.000000000000000000, 0.000000000000000000, 1.000000000000000000 ) ) ;
#838 = ORIENTED_EDGE ( 'NONE', *, *, #878, .T. ) ;
#839 = EDGE_CURVE ( 'NONE', #828, #584, #1353, .T. ) ;
#840 = CARTESIAN_POINT ( 'NONE',  ( 0.4003916688597329854, -0.3184922677155003212, -0.6233348668146186933 ) ) ;
#841 = CARTESIAN_POINT ( 'NONE',  ( -0.3795244859888679545, 0.5004878492672153456, 0.9000000000000000222 ) ) ;
#842 = CYLINDRICAL_SURFACE ( 'NONE', #1331, 0.05459867446551435605 ) ;
#843 = ORIENTED_EDGE ( 'NONE', *, *, #365, .F. ) ;
#844 = CYLINDRICAL_SURFACE ( 'NONE', #914, 0.5624300454483410761 ) ;
#845 = DIRECTION ( 'NONE',  ( 1.020425574104004615E-16, 0.000000000000000000, 1.000000000000000000 ) ) ;
#846 = EDGE_CURVE ( 'NONE', #1269, #267, #453, .T. ) ;
#847 = ORIENTED_EDGE ( 'NONE', *, *, #157, .T. ) ;
#848 = AXIS2_PLACEMENT_3D ( 'NONE', #400, #49, #1403 ) ;
#849 = DIRECTION ( 'NONE',  ( 0.000000000000000000, 0.000000000000000000, -1.000000000000000000 ) ) ;
#850 = CC_DESIGN_APPROVAL ( #896, ( #192 ) ) ;
#851 = LINE ( 'NONE', #1433, #1405 ) ;
#852 = VERTEX_POINT ( 'NONE', #808 ) ;
#853 = CIRCLE ( 'NONE', #194, 0.05459867446551432829 ) ;
#854 = EDGE_CURVE ( 'NONE', #391, #66, #464, .T. ) ;
#855 = CONICAL_SURFACE ( 'NONE', #1034, 0.07461818843620293684, 0.7853981633974503884 ) ;
#856 = DIRECTION ( 'NONE',  ( 0.000000000000000000, 0.000000000000000000, 1.000000000000000000 ) ) ;
#857 = CIRCLE ( 'NONE', #222, 0.05459867446551435605 ) ;
#858 = DIRECTION ( 'NONE',  ( 0.000000000000000000, -1.000000000000000000, 0.000000000000000000 ) ) ;
#859 = CC_DESIGN_PERSON_AND_ORGANIZATION_ASSIGNMENT ( #1151, #589, ( #1190 ) ) ;
#860 = VECTOR ( 'NONE', #380, 1000.000000000000114 ) ;
#861 = VERTEX_POINT ( 'NONE', #561 ) ;
#862 = ORIENTED_EDGE ( 'NONE', *, *, #313, .T. ) ;
#863 = EDGE_CURVE ( 'NONE', #956, #66, #1140, .T. ) ;
#864 = FACE_OUTER_BOUND ( 'NONE', #573, .T. ) ;
#865 = LOCAL_TIME ( 7, 34, 31.00000000000000000, #478 ) ;
#866 = LINE ( 'NONE', #745, #541 ) ;
#867 = VERTEX_POINT ( 'NONE', #901 ) ;
#868 = CIRCLE ( 'NONE', #1384, 0.03548913840258435121 ) ;
#869 = DIRECTION ( 'NONE',  ( -1.000000000000000000, 0.000000000000000000, 0.000000000000000000 ) ) ;
#870 = CONICAL_SURFACE ( 'NONE', #247, 0.07461818843620293684, 0.7853981633974503884 ) ;
#871 = CARTESIAN_POINT ( 'NONE',  ( 0.3343188347243657987, -0.3846103480379925998, 0.8037490297126206329 ) ) ;
#872 = AXIS2_PLACEMENT_3D ( 'NONE', #243, #728, #929 ) ;
#873 = CARTESIAN_POINT ( 'NONE',  ( 0.5624300454483410761, -0.5004878492672153456, 0.8454013255344851041 ) ) ;
#874 = FACE_OUTER_BOUND ( 'NONE', #252, .T. ) ;
#875 = FACE_OUTER_BOUND ( 'NONE', #228, .T. ) ;
#876 = VERTEX_POINT ( 'NONE', #576 ) ;
#877 = CARTESIAN_POINT ( 'NONE',  ( 0.3085462091836992382, -0.5004878492672153456, 0.8845303755681034330 ) ) ;
#878 = EDGE_CURVE ( 'NONE', #1302, #1207, #1011, .T. ) ;
#879 = CARTESIAN_POINT ( 'NONE',  ( -0.3085462091836992382, 0.5004878492672153456, 0.9000000000000000222 ) ) ;
#880 = DIRECTION ( 'NONE',  ( -1.000000000000000000, 0.000000000000000000, 0.000000000000000000 ) ) ;
#881 = DIRECTION ( 'NONE',  ( 0.000000000000000000, -1.000000000000000000, 0.000000000000000000 ) ) ;
#882 = ORIENTED_EDGE ( 'NONE', *, *, #839, .T. ) ;
#883 = DIRECTION ( 'NONE',  ( 0.000000000000000000, 0.000000000000000000, -1.000000000000000000 ) ) ;
#884 = CARTESIAN_POINT ( 'NONE',  ( 0.000000000000000000, -0.3184922677155003212, -0.3375699545516588906 ) ) ;
#885 = VERTEX_POINT ( 'NONE', #215 ) ;
#886 = CARTESIAN_POINT ( 'NONE',  ( -0.5624300454483410761, -0.3184922677155003212, -0.3375699545516588906 ) ) ;
#887 = CARTESIAN_POINT ( 'NONE',  ( 0.3440353475862836241, 0.5004878492672153456, 0.8090022092241428986 ) ) ;
#888 = VECTOR ( 'NONE', #416, 1000.000000000000000 ) ;
#889 = DIRECTION ( 'NONE',  ( -1.000000000000000000, 0.000000000000000000, 0.000000000000000000 ) ) ;
#890 = ORIENTED_EDGE ( 'NONE', *, *, #1000, .T. ) ;
#891 = DIRECTION ( 'NONE',  ( 0.000000000000000000, -1.000000000000000000, 0.000000000000000000 ) ) ;
#892 = EDGE_LOOP ( 'NONE', ( #301, #557, #592, #1272 ) ) ;
#893 = DIRECTION ( 'NONE',  ( 0.000000000000000000, -1.000000000000000000, 0.000000000000000000 ) ) ;
#894 = VECTOR ( 'NONE', #1385, 1000.000000000000000 ) ;
#895 = AXIS2_PLACEMENT_3D ( 'NONE', #632, #201, #640 ) ;
#896 = APPROVAL ( #803, '未' ) ;
#897 = EDGE_CURVE ( 'NONE', #622, #966, #801, .T. ) ;
#898 = CARTESIAN_POINT ( 'NONE',  ( 1.930426803958967819, -0.5004878492672153456, 0.8454013255344851041 ) ) ;
#899 = ORIENTED_EDGE ( 'NONE', *, *, #1063, .T. ) ;
#900 = CARTESIAN_POINT ( 'NONE',  ( -0.2944991759011623134, -0.4216195542154688169, 0.8280961868264674619 ) ) ;
#901 = CARTESIAN_POINT ( 'NONE',  ( -0.3795244859888679545, -0.5004878492672153456, 0.9000000000000000222 ) ) ;
#902 = EDGE_CURVE ( 'NONE', #530, #511, #331, .T. ) ;
#903 = DIRECTION ( 'NONE',  ( 0.000000000000000000, 0.000000000000000000, -1.000000000000000000 ) ) ;
#904 = DIRECTION ( 'NONE',  ( -0.7071067811865489050, 0.000000000000000000, -0.7071067811865460184 ) ) ;
#905 = ORIENTED_EDGE ( 'NONE', *, *, #1396, .F. ) ;
#906 = CARTESIAN_POINT ( 'NONE',  ( 0.3085462091836992382, 0.5004878492672153456, 0.9000000000000000222 ) ) ;
#907 = APPLICATION_PROTOCOL_DEFINITION ( 'international standard', 'config_control_design', 1994, #395 ) ;
#908 = LINE ( 'NONE', #675, #249 ) ;
#909 = ORIENTED_EDGE ( 'NONE', *, *, #1347, .F. ) ;
#910 = EDGE_CURVE ( 'NONE', #120, #627, #78, .T. ) ;
#911 = DIRECTION ( 'NONE',  ( 0.000000000000000000, -1.000000000000000000, 0.000000000000000000 ) ) ;
#912 = CIRCLE ( 'NONE', #1102, 0.05459867446551435605 ) ;
#913 = CIRCLE ( 'NONE', #1429, 0.03548913840258435121 ) ;
#914 = AXIS2_PLACEMENT_3D ( 'NONE', #1144, #923, #375 ) ;
#915 = FACE_BOUND ( 'NONE', #775, .T. ) ;
#916 = ORIENTED_EDGE ( 'NONE', *, *, #579, .F. ) ;
#917 = CARTESIAN_POINT ( 'NONE',  ( -0.2694171591500809093, -0.5004878492672153456, 0.8454013255344852151 ) ) ;
#918 = EDGE_LOOP ( 'NONE', ( #721, #754, #305, #532 ) ) ;
#919 = DIRECTION ( 'NONE',  ( 0.000000000000000000, 1.000000000000000000, 0.000000000000000000 ) ) ;
#920 = VECTOR ( 'NONE', #807, 1000.000000000000000 ) ;
#921 = APPROVAL_ROLE ( '' ) ;
#922 = ORIENTED_EDGE ( 'NONE', *, *, #910, .F. ) ;
#923 = DIRECTION ( 'NONE',  ( 0.000000000000000000, -1.000000000000000000, 0.000000000000000000 ) ) ;
#924 = CARTESIAN_POINT ( 'NONE',  ( 0.000000000000000000, -0.2274944769396431699, -0.3375699545516588906 ) ) ;
#925 = CARTESIAN_POINT ( 'NONE',  ( 0.3524116083365225194, -0.3839687860807201591, 0.8032177165634943883 ) ) ;
#926 = PLANE ( 'NONE',  #1304 ) ;
#927 = PERSON_AND_ORGANIZATION ( #547, #999 ) ;
#928 = VERTEX_POINT ( 'NONE', #879 ) ;
#929 = DIRECTION ( 'NONE',  ( -1.000000000000000000, 0.000000000000000000, 0.000000000000000000 ) ) ;
#930 = EDGE_LOOP ( 'NONE', ( #430, #398, #716, #729, #715, #590, #638, #370 ) ) ;
#931 = ORIENTED_EDGE ( 'NONE', *, *, #902, .F. ) ;
#932 = CARTESIAN_POINT ( 'NONE',  ( 1.930426803958967819, 0.6824834308189295928, 0.8090022092241428986 ) ) ;
#933 = EDGE_CURVE ( 'NONE', #1452, #102, #1311, .T. ) ;
#934 = ADVANCED_FACE ( 'NONE', ( #864 ), #938, .F. ) ;
#935 = AXIS2_PLACEMENT_3D ( 'NONE', #1424, #309, #76 ) ;
#936 = DIRECTION ( 'NONE',  ( 1.020425574104003999E-16, 0.000000000000000000, 1.000000000000000000 ) ) ;
#937 = ORIENTED_EDGE ( 'NONE', *, *, #1087, .T. ) ;
#938 = CONICAL_SURFACE ( 'NONE', #1355, 0.07461818843620293684, 0.7853981633974503884 ) ;
#939 = AXIS2_PLACEMENT_3D ( 'NONE', #113, #346, #463 ) ;
#940 = CARTESIAN_POINT ( 'NONE',  ( 1.169991558472593485E-16, 0.04549889538792863120, 0.8090022092241428986 ) ) ;
#941 = ADVANCED_FACE ( 'NONE', ( #1111 ), #1150, .F. ) ;
#942 = PLANE ( 'NONE',  #1290 ) ;
#943 = LINE ( 'NONE', #1183, #894 ) ;
#944 = ORIENTED_EDGE ( 'NONE', *, *, #522, .T. ) ;
#945 = CARTESIAN_POINT ( 'NONE',  ( 1.169991558472593485E-16, 0.04549889538792863120, 0.8481312592577621157 ) ) ;
#946 = EDGE_LOOP ( 'NONE', ( #1188, #989 ) ) ;
#947 = DIRECTION ( 'NONE',  ( -1.000000000000000000, 0.000000000000000000, 0.000000000000000000 ) ) ;
#948 = DIRECTION ( 'NONE',  ( -1.000000000000000000, 0.000000000000000000, 0.000000000000000000 ) ) ;
#949 = CARTESIAN_POINT ( 'NONE',  ( -0.4186535360224865610, -0.5004878492672153456, 0.8454013255344851041 ) ) ;
#950 = EDGE_CURVE ( 'NONE', #582, #274, #364, .T. ) ;
#951 = CARTESIAN_POINT ( 'NONE',  ( -0.5624300454483410761, -0.6824834308189295928, 0.8454013255344851041 ) ) ;
#952 = CARTESIAN_POINT ( 'NONE',  ( -0.4003916688597302653, -0.2274944769396431699, -0.5687361923491078830 ) ) ;
#953 = EDGE_LOOP ( 'NONE', ( #1244, #456, #135, #977 ) ) ;
#954 = DIRECTION ( 'NONE',  ( -1.000000000000000000, 0.000000000000000000, 1.020425574104003999E-16 ) ) ;
#955 = AXIS2_PLACEMENT_3D ( 'NONE', #497, #1062, #845 ) ;
#956 = VERTEX_POINT ( 'NONE', #285 ) ;
#957 = ADVANCED_FACE ( 'NONE', ( #1446 ), #1415, .T. ) ;
#958 = CARTESIAN_POINT ( 'NONE',  ( 0.5624300454483410761, -0.2808045283184189556, 0.8090022092241428986 ) ) ;
#959 = CARTESIAN_POINT ( 'NONE',  ( 0.4003916688597329854, -0.2274944769396431699, -0.6233348668146186933 ) ) ;
#960 = ORIENTED_EDGE ( 'NONE', *, *, #1163, .T. ) ;
#961 = VECTOR ( 'NONE', #166, 1000.000000000000000 ) ;
#962 = AXIS2_PLACEMENT_3D ( 'NONE', #46, #1397, #947 ) ;
#963 = VECTOR ( 'NONE', #1198, 1000.000000000000000 ) ;
#964 = CARTESIAN_POINT ( 'NONE',  ( 0.3440353475862836241, 0.5004878492672153456, 0.8090022092241428986 ) ) ;
#965 = EDGE_CURVE ( 'NONE', #88, #4, #86, .T. ) ;
#966 = VERTEX_POINT ( 'NONE', #1106 ) ;
#967 = CARTESIAN_POINT ( 'NONE',  ( -0.3537518604482013385, -0.3846103480379929884, 0.8037490297126208549 ) ) ;
#968 = DIRECTION ( 'NONE',  ( 0.000000000000000000, 0.000000000000000000, -1.000000000000000000 ) ) ;
#969 = ORIENTED_EDGE ( 'NONE', *, *, #767, .T. ) ;
#970 = CARTESIAN_POINT ( 'NONE',  ( -0.4106013940328683831, -0.4542734690645422457, 0.8398152244941012867 ) ) ;
#971 = ADVANCED_FACE ( 'NONE', ( #89 ), #1197, .F. ) ;
#972 = AXIS2_PLACEMENT_3D ( 'NONE', #1191, #171, #856 ) ;
#973 = CARTESIAN_POINT ( 'NONE',  ( 0.3440353475862836241, -0.5004878492672153456, 0.8454013255344851041 ) ) ;
#974 = CARTESIAN_POINT ( 'NONE',  ( 0.2967409700745045620, -0.4181554573394449803, 0.8265635699255187152 ) ) ;
#975 = DIRECTION ( 'NONE',  ( 0.7071067811865495711, 8.659560562354957510E-17, -0.7071067811865455743 ) ) ;
#976 = DIRECTION ( 'NONE',  ( -1.000000000000000000, 0.000000000000000000, 1.020425574104003999E-16 ) ) ;
#977 = ORIENTED_EDGE ( 'NONE', *, *, #1461, .F. ) ;
#978 = EDGE_CURVE ( 'NONE', #1269, #828, #1090, .T. ) ;
#979 = VECTOR ( 'NONE', #1435, 1000.000000000000000 ) ;
#980 = CARTESIAN_POINT ( 'NONE',  ( 0.000000000000000000, -0.3184922677155003212, -0.3375699545516588906 ) ) ;
#981 = EDGE_LOOP ( 'NONE', ( #882, #38, #666, #75, #569, #165, #347, #170, #704, #40 ) ) ;
#982 = ORIENTED_EDGE ( 'NONE', *, *, #846, .T. ) ;
#983 = VECTOR ( 'NONE', #1460, 1000.000000000000000 ) ;
#984 = CARTESIAN_POINT ( 'NONE',  ( -0.5624300454483410761, 0.6824834308189295928, 0.8090022092241428986 ) ) ;
#985 = CARTESIAN_POINT ( 'NONE',  ( 0.4012971402736498772, -0.4354978682436266291, 0.8334019029714384574 ) ) ;
#986 = CARTESIAN_POINT ( 'NONE',  ( 0.3440353475862836241, 0.5004878492672153456, 0.8481312592577621157 ) ) ;
#987 = EDGE_LOOP ( 'NONE', ( #1152, #768 ) ) ;
#988 = CARTESIAN_POINT ( 'NONE',  ( -0.2694171591500809093, -0.5004878492672153456, 0.8454013255344852151 ) ) ;
#989 = ORIENTED_EDGE ( 'NONE', *, *, #1364, .T. ) ;
#990 = CARTESIAN_POINT ( 'NONE',  ( -0.3440353475862836241, 0.5004878492672153456, 0.8090022092241428986 ) ) ;
#991 = CARTESIAN_POINT ( 'NONE',  ( -0.3440353475862836241, 0.5004878492672153456, 0.8090022092241428986 ) ) ;
#992 = CARTESIAN_POINT ( 'NONE',  ( -0.3633205767328566149, -0.3906014993583860617, 0.8085284779338439698 ) ) ;
#993 = LINE ( 'NONE', #184, #487 ) ;
#994 = EDGE_LOOP ( 'NONE', ( #1109, #1047, #890, #806 ) ) ;
#995 = ORIENTED_EDGE ( 'NONE', *, *, #902, .T. ) ;
#996 = DIRECTION ( 'NONE',  ( -1.000000000000000000, 0.000000000000000000, 0.000000000000000000 ) ) ;
#997 = CARTESIAN_POINT ( 'NONE',  ( 0.3440353475862836241, 0.5004878492672153456, 0.8090022092241428986 ) ) ;
#998 = EDGE_CURVE ( 'NONE', #4, #88, #752, .T. ) ;
#999 = ORGANIZATION ( '未', '未', '' ) ;
#1000 = EDGE_CURVE ( 'NONE', #1431, #1399, #109, .T. ) ;
#1001 = DIRECTION ( 'NONE',  ( 1.020425574104003999E-16, 0.000000000000000000, -1.000000000000000000 ) ) ;
#1002 = EDGE_LOOP ( 'NONE', ( #329, #27, #1434, #645 ) ) ;
#1003 = CARTESIAN_POINT ( 'NONE',  ( 0.000000000000000000, -0.2274944769396431699, 0.1247625210432391218 ) ) ;
#1004 = CARTESIAN_POINT ( 'NONE',  ( -0.3085462091836992382, -0.5004878492672153456, 0.9000000000000000222 ) ) ;
#1005 = VERTEX_POINT ( 'NONE', #186 ) ;
#1006 = CARTESIAN_POINT ( 'NONE',  ( 0.3212023696751645230, -0.3935441531801137649, 0.8106655062112100296 ) ) ;
#1007 = AXIS2_PLACEMENT_3D ( 'NONE', #320, #769, #1200 ) ;
#1008 = AXIS2_PLACEMENT_3D ( 'NONE', #940, #710, #1041 ) ;
#1009 = DIRECTION ( 'NONE',  ( 0.000000000000000000, 0.000000000000000000, -1.000000000000000000 ) ) ;
#1010 = DIRECTION ( 'NONE',  ( 0.000000000000000000, 0.000000000000000000, -1.000000000000000000 ) ) ;
#1011 = CIRCLE ( 'NONE', #635, 0.1273969070862001340 ) ;
#1012 = EDGE_LOOP ( 'NONE', ( #770, #1029, #1116, #523 ) ) ;
#1013 = EDGE_CURVE ( 'NONE', #1458, #956, #197, .T. ) ;
#1014 = EDGE_LOOP ( 'NONE', ( #1094, #128, #862, #995 ) ) ;
#1015 = DIRECTION ( 'NONE',  ( 0.000000000000000000, 0.000000000000000000, 1.000000000000000000 ) ) ;
#1016 = DIRECTION ( 'NONE',  ( 0.000000000000000000, 0.000000000000000000, -1.000000000000000000 ) ) ;
#1017 = EDGE_CURVE ( 'NONE', #1420, #1005, #659, .T. ) ;
#1018 = DIRECTION ( 'NONE',  ( 1.000000000000000000, 0.000000000000000000, 0.000000000000000000 ) ) ;
#1019 = DIRECTION ( 'NONE',  ( 0.000000000000000000, 0.000000000000000000, 1.000000000000000000 ) ) ;
#1020 = ORIENTED_EDGE ( 'NONE', *, *, #1017, .T. ) ;
#1021 = CARTESIAN_POINT ( 'NONE',  ( -0.3484912431749518369, -0.3826199990605311241, 0.8020780683076293993 ) ) ;
#1022 = CARTESIAN_POINT ( 'NONE',  ( 1.930426803958967819, 0.6824834308189295928, 0.9000000000000000222 ) ) ;
#1023 = EDGE_CURVE ( 'NONE', #1323, #1339, #1305, .T. ) ;
#1024 = CIRCLE ( 'NONE', #697, 0.03548913840258435121 ) ;
#1025 = DIRECTION ( 'NONE',  ( -1.000000000000000000, 0.000000000000000000, 0.000000000000000000 ) ) ;
#1026 = CARTESIAN_POINT ( 'NONE',  ( -0.3440353475862836241, -0.5004878492672153456, 0.9000000000000000222 ) ) ;
#1027 = PERSON_AND_ORGANIZATION_ROLE ( 'design_owner' ) ;
#1028 = CARTESIAN_POINT ( 'NONE',  ( 1.560162144843877834E-17, -0.2274944769396431699, -0.2101730474654587566 ) ) ;
#1029 = ORIENTED_EDGE ( 'NONE', *, *, #811, .T. ) ;
#1030 = ADVANCED_FACE ( 'NONE', ( #180 ), #844, .T. ) ;
#1031 = ORIENTED_EDGE ( 'NONE', *, *, #526, .T. ) ;
#1032 = CARTESIAN_POINT ( 'NONE',  ( 0.000000000000000000, -0.2274944769396431699, -0.3375699545516588906 ) ) ;
#1033 = AXIS2_PLACEMENT_3D ( 'NONE', #1382, #613, #1179 ) ;
#1034 = AXIS2_PLACEMENT_3D ( 'NONE', #230, #549, #429 ) ;
#1035 = ORIENTED_EDGE ( 'NONE', *, *, #428, .F. ) ;
#1036 = CARTESIAN_POINT ( 'NONE',  ( 0.3795244859888679545, 0.5004878492672153456, 0.8481312592577621157 ) ) ;
#1037 = CARTESIAN_POINT ( 'NONE',  ( -0.03548913840258422631, 0.04549889538792863120, 0.9000000000000000222 ) ) ;
#1038 = AXIS2_PLACEMENT_3D ( 'NONE', #403, #1291, #626 ) ;
#1039 = PERSON_AND_ORGANIZATION_ROLE ( 'classification_officer' ) ;
#1040 = ORIENTED_EDGE ( 'NONE', *, *, #1410, .F. ) ;
#1041 = DIRECTION ( 'NONE',  ( -1.000000000000000000, 0.000000000000000000, 0.000000000000000000 ) ) ;
#1042 = CARTESIAN_POINT ( 'NONE',  ( 0.3440353475862836241, -0.5004878492672153456, 0.8845303755681034330 ) ) ;
#1043 = ADVANCED_FACE ( 'NONE', ( #705 ), #266, .F. ) ;
#1044 = CIRCLE ( 'NONE', #972, 0.05459867446551435605 ) ;
#1045 = DIRECTION ( 'NONE',  ( -1.000000000000000000, 0.000000000000000000, 1.020425574104003999E-16 ) ) ;
#1046 = ORIENTED_EDGE ( 'NONE', *, *, #1000, .F. ) ;
#1047 = ORIENTED_EDGE ( 'NONE', *, *, #440, .T. ) ;
#1048 = DIRECTION ( 'NONE',  ( 0.000000000000000000, -1.000000000000000000, 0.000000000000000000 ) ) ;
#1049 = EDGE_CURVE ( 'NONE', #956, #1458, #535, .T. ) ;
#1050 = FACE_OUTER_BOUND ( 'NONE', #338, .T. ) ;
#1051 = VECTOR ( 'NONE', #1066, 1000.000000000000000 ) ;
#1052 = AXIS2_PLACEMENT_3D ( 'NONE', #298, #1060, #760 ) ;
#1053 = VECTOR ( 'NONE', #1001, 1000.000000000000000 ) ;
#1054 = CYLINDRICAL_SURFACE ( 'NONE', #268, 0.05459867446551435605 ) ;
#1055 = ORIENTED_EDGE ( 'NONE', *, *, #1281, .F. ) ;
#1056 = CYLINDRICAL_SURFACE ( 'NONE', #955, 0.1819955815517145525 ) ;
#1057 = AXIS2_PLACEMENT_3D ( 'NONE', #572, #119, #1019 ) ;
#1058 = CYLINDRICAL_SURFACE ( 'NONE', #962, 0.03548913840258435121 ) ;
#1059 = CARTESIAN_POINT ( 'NONE',  ( -0.5624300454483410761, -0.6824834308189295928, 0.8454013255344851041 ) ) ;
#1060 = DIRECTION ( 'NONE',  ( 0.000000000000000000, -1.000000000000000000, 0.000000000000000000 ) ) ;
#1061 = EDGE_LOOP ( 'NONE', ( #317, #293, #1387, #299 ) ) ;
#1062 = DIRECTION ( 'NONE',  ( -1.000000000000000000, 0.000000000000000000, 1.020425574104003999E-16 ) ) ;
#1063 = EDGE_CURVE ( 'NONE', #1386, #178, #731, .T. ) ;
#1064 = CARTESIAN_POINT ( 'NONE',  ( -0.3440353475862836241, 0.5004878492672153456, 0.8481312592577621157 ) ) ;
#1065 = B_SPLINE_CURVE_WITH_KNOTS ( 'NONE', 3,
 ( #1205, #524, #1212, #1101, #970, #422, #406, #84, #294, #538, #992, #1189, #628, #967, #1414, #1421, #1021, #115, #466, #1444, #1245, #236, #1346, #121, #1465, #552, #1329, #574, #435, #900, #3, #318, #444, #778, #1338, #322, #917 ),
 .UNSPECIFIED., .F., .F.,
 ( 4, 3, 3, 3, 3, 3, 3, 3, 3, 3, 3, 3, 4 ),
 ( 0.000000000000000000, 3.536412715031493062E-05, 7.125752768736900587E-05, 0.0001280796653486012109, 0.0001431973073393886305, 0.0001493767998946933702, 0.0001544346897144407852, 0.0001595515963385260225, 0.0001665904391668877405, 0.0001918626379969526590, 0.0002425091231979038559, 0.0002831308086138489290, 0.0003119759053769468964 ),
 .UNSPECIFIED. ) ;
#1066 = DIRECTION ( 'NONE',  ( 0.000000000000000000, 1.000000000000000000, 0.000000000000000000 ) ) ;
#1067 = EDGE_LOOP ( 'NONE', ( #598, #830, #1124, #362 ) ) ;
#1068 = VECTOR ( 'NONE', #976, 1000.000000000000000 ) ;
#1069 = AXIS2_PLACEMENT_3D ( 'NONE', #175, #1316, #169 ) ;
#1070 = CARTESIAN_POINT ( 'NONE',  ( 0.000000000000000000, -0.3184922677155003212, -0.4649668616378589414 ) ) ;
#1071 = ORIENTED_EDGE ( 'NONE', *, *, #77, .T. ) ;
#1072 = CARTESIAN_POINT ( 'NONE',  ( -0.5624300454483410761, -0.2808045283184189556, 0.8090022092241428986 ) ) ;
#1073 = EDGE_CURVE ( 'NONE', #1339, #1076, #591, .T. ) ;
#1074 = CARTESIAN_POINT ( 'NONE',  ( 0.5624300454483410761, 0.6824834308189295928, 0.8090022092241428986 ) ) ;
#1075 = CARTESIAN_POINT ( 'NONE',  ( 0.03548913840258445529, 0.04549889538792863813, 0.8481312592577621157 ) ) ;
#1076 = VERTEX_POINT ( 'NONE', #1036 ) ;
#1077 = EDGE_LOOP ( 'NONE', ( #1055, #25, #1328, #559 ) ) ;
#1078 = VECTOR ( 'NONE', #248, 1000.000000000000114 ) ;
#1079 = CARTESIAN_POINT ( 'NONE',  ( 0.5624300454483410761, -0.2274944769396431699, 0.6270066276724287624 ) ) ;
#1080 = CIRCLE ( 'NONE', #935, 0.05459867446551432829 ) ;
#1081 = ORIENTED_EDGE ( 'NONE', *, *, #132, .T. ) ;
#1082 = CARTESIAN_POINT ( 'NONE',  ( 1.169991558472593485E-16, 0.04549889538792863120, 0.9000000000000000222 ) ) ;
#1083 = DIRECTION ( 'NONE',  ( -1.000000000000000000, 0.000000000000000000, 0.000000000000000000 ) ) ;
#1084 = PLANE ( 'NONE',  #604 ) ;
#1085 = CARTESIAN_POINT ( 'NONE',  ( -0.5624300454483410761, -0.2274944769396431699, -0.3375699545516588906 ) ) ;
#1086 = ORIENTED_EDGE ( 'NONE', *, *, #1049, .T. ) ;
#1087 = EDGE_CURVE ( 'NONE', #1076, #4, #1369, .T. ) ;
#1088 = FACE_OUTER_BOUND ( 'NONE', #1012, .T. ) ;
#1089 = ORIENTED_EDGE ( 'NONE', *, *, #157, .F. ) ;
#1090 = LINE ( 'NONE', #297, #61 ) ;
#1091 = DIRECTION ( 'NONE',  ( 1.020425574104003999E-16, 0.000000000000000000, -1.000000000000000000 ) ) ;
#1092 = DIRECTION ( 'NONE',  ( -1.000000000000000000, 0.000000000000000000, 0.000000000000000000 ) ) ;
#1093 = EDGE_CURVE ( 'NONE', #1377, #498, #10, .T. ) ;
#1094 = ORIENTED_EDGE ( 'NONE', *, *, #785, .F. ) ;
#1095 = CARTESIAN_POINT ( 'NONE',  ( 0.3440353475862836241, 0.5004878492672153456, 0.9000000000000000222 ) ) ;
#1096 = AXIS2_PLACEMENT_3D ( 'NONE', #143, #383, #512 ) ;
#1097 = DIRECTION ( 'NONE',  ( 0.000000000000000000, 0.000000000000000000, -1.000000000000000000 ) ) ;
#1098 = ADVANCED_FACE ( 'NONE', ( #149 ), #870, .F. ) ;
#1099 = FACE_BOUND ( 'NONE', #1436, .T. ) ;
#1100 = EDGE_LOOP ( 'NONE', ( #221, #204 ) ) ;
#1101 = CARTESIAN_POINT ( 'NONE',  ( -0.4137967446251721304, -0.4656214029875562210, 0.8420302737321153641 ) ) ;
#1102 = AXIS2_PLACEMENT_3D ( 'NONE', #26, #719, #418 ) ;
#1103 = DIRECTION ( 'NONE',  ( 0.000000000000000000, 1.000000000000000000, 0.000000000000000000 ) ) ;
#1104 = ORIENTED_EDGE ( 'NONE', *, *, #709, .T. ) ;
#1105 = VECTOR ( 'NONE', #473, 1000.000000000000000 ) ;
#1106 = CARTESIAN_POINT ( 'NONE',  ( 1.560162144843877834E-17, -0.3184922677155003212, -0.2101730474654587566 ) ) ;
#1107 = CONICAL_SURFACE ( 'NONE', #517, 0.07461818843620293684, 0.7853981633974503884 ) ;
#1108 = LINE ( 'NONE', #234, #608 ) ;
#1109 = ORIENTED_EDGE ( 'NONE', *, *, #1063, .F. ) ;
#1110 = APPROVAL ( #566, '未' ) ;
#1111 = FACE_OUTER_BOUND ( 'NONE', #382, .T. ) ;
#1112 = CARTESIAN_POINT ( 'NONE',  ( 0.4003916688597329854, -0.3184922677155003212, -0.5687361923491043303 ) ) ;
#1113 = ORIENTED_EDGE ( 'NONE', *, *, #709, .F. ) ;
#1114 = FACE_BOUND ( 'NONE', #189, .T. ) ;
#1115 = LINE ( 'NONE', #668, #825 ) ;
#1116 = ORIENTED_EDGE ( 'NONE', *, *, #742, .T. ) ;
#1117 = DIRECTION ( 'NONE',  ( -1.000000000000000000, 0.000000000000000000, 0.000000000000000000 ) ) ;
#1118 = VECTOR ( 'NONE', #954, 1000.000000000000000 ) ;
#1119 = EDGE_CURVE ( 'NONE', #354, #530, #609, .T. ) ;
#1120 = ORIENTED_EDGE ( 'NONE', *, *, #64, .T. ) ;
#1121 = FACE_BOUND ( 'NONE', #452, .T. ) ;
#1122 = ADVANCED_FACE ( 'NONE', ( #16 ), #471, .F. ) ;
#1123 = CARTESIAN_POINT ( 'NONE',  ( 0.5624300454483410761, -0.2274944769396431699, 0.9000000000000000222 ) ) ;
#1124 = ORIENTED_EDGE ( 'NONE', *, *, #179, .T. ) ;
#1125 = CIRCLE ( 'NONE', #1428, 0.05459867446551435605 ) ;
#1126 = CARTESIAN_POINT ( 'NONE',  ( -0.5624300454483410761, -0.2274944769396431699, 0.6270066276724287624 ) ) ;
#1127 = AXIS2_PLACEMENT_3D ( 'NONE', #683, #125, #101 ) ;
#1128 = AXIS2_PLACEMENT_3D ( 'NONE', #997, #1097, #869 ) ;
#1129 = CARTESIAN_POINT ( 'NONE',  ( 1.930426803958967819, -0.04549889538792863120, 0.6270066276724287624 ) ) ;
#1130 = DIRECTION ( 'NONE',  ( 0.000000000000000000, 0.000000000000000000, 1.000000000000000000 ) ) ;
#1131 = ORIENTED_EDGE ( 'NONE', *, *, #1300, .T. ) ;
#1132 = DIRECTION ( 'NONE',  ( -1.000000000000000000, 0.000000000000000000, 0.000000000000000000 ) ) ;
#1133 = DIRECTION ( 'NONE',  ( 0.000000000000000000, -1.000000000000000000, 0.000000000000000000 ) ) ;
#1134 = CARTESIAN_POINT ( 'NONE',  ( 0.3543778232269872430, -0.3849727805757378052, 0.8040423701139122192 ) ) ;
#1135 = DIRECTION ( 'NONE',  ( 1.000000000000000000, 0.000000000000000000, 0.000000000000000000 ) ) ;
#1136 = ADVANCED_FACE ( 'NONE', ( #1440 ), #855, .F. ) ;
#1137 = COORDINATED_UNIVERSAL_TIME_OFFSET ( 8, 0, .AHEAD. ) ;
#1138 = FACE_OUTER_BOUND ( 'NONE', #736, .T. ) ;
#1139 = ORIENTED_EDGE ( 'NONE', *, *, #639, .F. ) ;
#1140 = LINE ( 'NONE', #98, #650 ) ;
#1141 = DIRECTION ( 'NONE',  ( 1.000000000000000000, 0.000000000000000000, 0.000000000000000000 ) ) ;
#1142 = DIRECTION ( 'NONE',  ( -0.000000000000000000, 1.000000000000000000, 0.000000000000000000 ) ) ;
#1143 = DATE_AND_TIME ( #336, #1253 ) ;
#1144 = CARTESIAN_POINT ( 'NONE',  ( 0.000000000000000000, -0.2274944769396431699, -0.3375699545516588906 ) ) ;
#1145 = ORIENTED_EDGE ( 'NONE', *, *, #854, .F. ) ;
#1146 = ORIENTED_EDGE ( 'NONE', *, *, #839, .F. ) ;
#1147 = CARTESIAN_POINT ( 'NONE',  ( 1.169991558472593485E-16, 0.04549889538792863120, 0.8090022092241428986 ) ) ;
#1148 = CIRCLE ( 'NONE', #1127, 0.05459867446551432829 ) ;
#1149 = AXIS2_PLACEMENT_3D ( 'NONE', #678, #784, #457 ) ;
#1150 = CONICAL_SURFACE ( 'NONE', #652, 0.07461818843620293684, 0.7853981633974503884 ) ;
#1151 = PERSON_AND_ORGANIZATION ( #547, #999 ) ;
#1152 = ORIENTED_EDGE ( 'NONE', *, *, #878, .F. ) ;
#1153 = EDGE_CURVE ( 'NONE', #822, #421, #311, .T. ) ;
#1154 = ORIENTED_EDGE ( 'NONE', *, *, #767, .F. ) ;
#1155 = EDGE_LOOP ( 'NONE', ( #838, #805, #1359, #503 ) ) ;
#1156 = ADVANCED_FACE ( 'NONE', ( #1219 ), #339, .F. ) ;
#1157 = ADVANCED_FACE ( 'NONE', ( #780 ), #585, .F. ) ;
#1158 = ADVANCED_FACE ( 'NONE', ( #723 ), #1107, .F. ) ;
#1159 = DIRECTION ( 'NONE',  ( 0.000000000000000000, 0.000000000000000000, -1.000000000000000000 ) ) ;
#1160 = APPROVAL_ROLE ( '' ) ;
#1161 = ORIENTED_EDGE ( 'NONE', *, *, #950, .F. ) ;
#1162 = DIRECTION ( 'NONE',  ( 0.000000000000000000, 0.000000000000000000, -1.000000000000000000 ) ) ;
#1163 = EDGE_CURVE ( 'NONE', #178, #1399, #397, .T. ) ;
#1164 = EDGE_LOOP ( 'NONE', ( #689, #1265, #470, #1370 ) ) ;
#1165 = VERTEX_POINT ( 'NONE', #79 ) ;
#1166 = LINE ( 'NONE', #1059, #748 ) ;
#1167 = APPROVAL_PERSON_ORGANIZATION ( #702, #1411, #1350 ) ;
#1168 = CARTESIAN_POINT ( 'NONE',  ( -0.3440353475862836241, -0.5004878492672153456, 0.8454013255344851041 ) ) ;
#1169 = ORIENTED_EDGE ( 'NONE', *, *, #323, .T. ) ;
#1170 = CARTESIAN_POINT ( 'NONE',  ( 0.4186535360224865610, 0.5004878492672153456, 0.8090022092241428986 ) ) ;
#1171 = VECTOR ( 'NONE', #776, 1000.000000000000000 ) ;
#1172 = VECTOR ( 'NONE', #570, 1000.000000000000114 ) ;
#1173 = FACE_BOUND ( 'NONE', #611, .T. ) ;
#1174 = ORIENTED_EDGE ( 'NONE', *, *, #1456, .T. ) ;
#1175 = CARTESIAN_POINT ( 'NONE',  ( 1.930426803958967819, -0.5004878492672153456, 0.8454013255344851041 ) ) ;
#1176 = CARTESIAN_POINT ( 'NONE',  ( -0.2694171591500806873, 0.5004878492672153456, 0.8090022092241428986 ) ) ;
#1177 = VERTEX_POINT ( 'NONE', #873 ) ;
#1178 = CIRCLE ( 'NONE', #445, 0.03548913840258433733 ) ;
#1179 = DIRECTION ( 'NONE',  ( -1.000000000000000000, 0.000000000000000000, 0.000000000000000000 ) ) ;
#1180 = CARTESIAN_POINT ( 'NONE',  ( 0.000000000000000000, -0.2274944769396431699, -0.3375699545516588906 ) ) ;
#1181 = LINE ( 'NONE', #1022, #920 ) ;
#1182 = EDGE_CURVE ( 'NONE', #714, #670, #223, .T. ) ;
#1183 = CARTESIAN_POINT ( 'NONE',  ( 1.560162144843877526E-17, -0.2274944769396431699, -0.2101730474654587566 ) ) ;
#1184 = ORIENTED_EDGE ( 'NONE', *, *, #428, .T. ) ;
#1185 = DIRECTION ( 'NONE',  ( 0.000000000000000000, -1.000000000000000000, 0.000000000000000000 ) ) ;
#1186 = LINE ( 'NONE', #515, #961 ) ;
#1187 = DIRECTION ( 'NONE',  ( 0.000000000000000000, 0.000000000000000000, -1.000000000000000000 ) ) ;
#1188 = ORIENTED_EDGE ( 'NONE', *, *, #602, .T. ) ;
#1189 = CARTESIAN_POINT ( 'NONE',  ( -0.3596013170418482230, -0.3878137628154066929, 0.8063586524892747409 ) ) ;
#1190 = PRODUCT_DEFINITION_FORMATION_WITH_SPECIFIED_SOURCE ( '�', '', #691, .NOT_KNOWN. ) ;
#1191 = CARTESIAN_POINT ( 'NONE',  ( 0.4003916688597329854, -0.2274944769396431699, -0.5687361923491043303 ) ) ;
#1192 = FACE_OUTER_BOUND ( 'NONE', #930, .T. ) ;
#1193 = VERTEX_POINT ( 'NONE', #1313 ) ;
#1194 = CIRCLE ( 'NONE', #1008, 0.07461818843620300623 ) ;
#1195 = AXIS2_PLACEMENT_3D ( 'NONE', #408, #648, #771 ) ;
#1196 = EDGE_CURVE ( 'NONE', #274, #1310, #766, .T. ) ;
#1197 = CYLINDRICAL_SURFACE ( 'NONE', #1454, 0.05459867446551435605 ) ;
#1198 = DIRECTION ( 'NONE',  ( 0.000000000000000000, 0.000000000000000000, -1.000000000000000000 ) ) ;
#1199 = ORIENTED_EDGE ( 'NONE', *, *, #477, .T. ) ;
#1200 = DIRECTION ( 'NONE',  ( 0.000000000000000000, 0.000000000000000000, 1.000000000000000000 ) ) ;
#1201 = EDGE_CURVE ( 'NONE', #260, #816, #1178, .T. ) ;
#1202 = DIRECTION ( 'NONE',  ( -1.000000000000000000, 0.000000000000000000, 0.000000000000000000 ) ) ;
#1203 = DIRECTION ( 'NONE',  ( 0.000000000000000000, 1.000000000000000000, 0.000000000000000000 ) ) ;
#1204 = ORIENTED_EDGE ( 'NONE', *, *, #1417, .F. ) ;
#1205 = CARTESIAN_POINT ( 'NONE',  ( -0.4186535360224864499, -0.5004878492672153456, 0.8454013255344853262 ) ) ;
#1206 = DIRECTION ( 'NONE',  ( 1.000000000000000000, 0.000000000000000000, 0.000000000000000000 ) ) ;
#1207 = VERTEX_POINT ( 'NONE', #1028 ) ;
#1208 = EDGE_CURVE ( 'NONE', #421, #377, #110, .T. ) ;
#1209 = AXIS2_PLACEMENT_3D ( 'NONE', #450, #52, #837 ) ;
#1210 = DIRECTION ( 'NONE',  ( -1.000000000000000000, 0.000000000000000000, 0.000000000000000000 ) ) ;
#1211 = ADVANCED_FACE ( 'NONE', ( #1138 ), #1243, .F. ) ;
#1212 = CARTESIAN_POINT ( 'NONE',  ( -0.4169368296498955351, -0.4767730673648651329, 0.8442070123216351973 ) ) ;
#1213 = CC_DESIGN_DATE_AND_TIME_ASSIGNMENT ( #1343, #241, ( #1432 ) ) ;
#1214 = CIRCLE ( 'NONE', #437, 0.1819955815517145525 ) ;
#1215 = DIRECTION ( 'NONE',  ( 0.000000000000000000, 0.000000000000000000, -1.000000000000000000 ) ) ;
#1216 = VERTEX_POINT ( 'NONE', #1357 ) ;
#1217 = CARTESIAN_POINT ( 'NONE',  ( 0.3440353475862836241, -0.5004878492672153456, 0.8845303755681034330 ) ) ;
#1218 = AXIS2_PLACEMENT_3D ( 'NONE', #202, #660, #1333 ) ;
#1219 = FACE_OUTER_BOUND ( 'NONE', #1014, .T. ) ;
#1220 = CONICAL_SURFACE ( 'NONE', #848, 0.07461818843620300623, 0.7853981633974511656 ) ;
#1221 = ORIENTED_EDGE ( 'NONE', *, *, #743, .F. ) ;
#1222 = CYLINDRICAL_SURFACE ( 'NONE', #337, 0.05459867446551434217 ) ;
#1223 = ORIENTED_EDGE ( 'NONE', *, *, #440, .F. ) ;
#1224 = CARTESIAN_POINT ( 'NONE',  ( 0.03548913840258445529, 0.04549889538792863813, 0.9000000000000000222 ) ) ;
#1225 = ORIENTED_EDGE ( 'NONE', *, *, #602, .F. ) ;
#1226 = EDGE_CURVE ( 'NONE', #29, #876, #908, .T. ) ;
#1227 = CARTESIAN_POINT ( 'NONE',  ( 1.930426803958967819, -0.5004878492672153456, 0.8454013255344851041 ) ) ;
#1228 = ORIENTED_EDGE ( 'NONE', *, *, #791, .F. ) ;
#1229 = CARTESIAN_POINT ( 'NONE',  ( -0.5624300454483410761, 0.6824834308189295928, 0.8090022092241428986 ) ) ;
#1230 = VERTEX_POINT ( 'NONE', #1 ) ;
#1231 = DIRECTION ( 'NONE',  ( -1.000000000000000000, 0.000000000000000000, 0.000000000000000000 ) ) ;
#1232 = VECTOR ( 'NONE', #744, 1000.000000000000000 ) ;
#1233 = LOCAL_TIME ( 7, 34, 31.00000000000000000, #1137 ) ;
#1234 = DIRECTION ( 'NONE',  ( 0.000000000000000000, 0.000000000000000000, 1.000000000000000000 ) ) ;
#1235 = FACE_BOUND ( 'NONE', #1100, .T. ) ;
#1236 = CARTESIAN_POINT ( 'NONE',  ( 0.4186535360224865610, -0.5004878492672153456, 0.8454013255344851041 ) ) ;
#1237 = AXIS2_PLACEMENT_3D ( 'NONE', #763, #1318, #307 ) ;
#1238 = CARTESIAN_POINT ( 'NONE',  ( 0.3480383020915774894, -0.3825712408915585283, 0.8020349803419558610 ) ) ;
#1239 = AXIS2_PLACEMENT_3D ( 'NONE', #112, #1142, #1018 ) ;
#1240 = EDGE_CURVE ( 'NONE', #781, #627, #536, .T. ) ;
#1241 = AXIS2_PLACEMENT_3D ( 'NONE', #7, #919, #1362 ) ;
#1242 = PERSON_AND_ORGANIZATION_ROLE ( 'design_supplier' ) ;
#1243 = CYLINDRICAL_SURFACE ( 'NONE', #12, 0.03548913840258435121 ) ;
#1244 = ORIENTED_EDGE ( 'NONE', *, *, #1266, .F. ) ;
#1245 = CARTESIAN_POINT ( 'NONE',  ( -0.3416699699063461271, -0.3821979447027434307, 0.8017174584276710592 ) ) ;
#1246 = LINE ( 'NONE', #1466, #410 ) ;
#1247 = APPROVAL_DATE_TIME ( #1262, #1411 ) ;
#1248 = EDGE_LOOP ( 'NONE', ( #1161, #1113, #1040, #1441 ) ) ;
#1249 = ORIENTED_EDGE ( 'NONE', *, *, #811, .F. ) ;
#1250 = CARTESIAN_POINT ( 'NONE',  ( 0.2694171591500808538, -0.5004878492672153456, 0.8454013255344852151 ) ) ;
#1251 =( GEOMETRIC_REPRESENTATION_CONTEXT ( 3 ) GLOBAL_UNCERTAINTY_ASSIGNED_CONTEXT ( ( #653 ) ) GLOBAL_UNIT_ASSIGNED_CONTEXT ( ( #386, #276, #475 ) ) REPRESENTATION_CONTEXT ( 'NONE', 'WORKASPACE' ) );
#1252 = ADVANCED_FACE ( 'NONE', ( #915, #813, #1235, #455, #1352, #792 ), #1334, .F. ) ;
#1253 = LOCAL_TIME ( 7, 34, 31.00000000000000000, #1367 ) ;
#1254 = APPROVAL_DATE_TIME ( #1143, #1110 ) ;
#1255 = EDGE_CURVE ( 'NONE', #885, #669, #857, .T. ) ;
#1256 = EDGE_LOOP ( 'NONE', ( #1223, #151, #960, #235 ) ) ;
#1257 = ORIENTED_EDGE ( 'NONE', *, *, #323, .F. ) ;
#1258 = EDGE_LOOP ( 'NONE', ( #1139, #727, #1174, #1086 ) ) ;
#1259 = FACE_OUTER_BOUND ( 'NONE', #994, .T. ) ;
#1260 = CARTESIAN_POINT ( 'NONE',  ( 0.3085462091836992382, -0.5004878492672153456, 0.9000000000000000222 ) ) ;
#1261 = VECTOR ( 'NONE', #893, 1000.000000000000000 ) ;
#1262 = DATE_AND_TIME ( #233, #357 ) ;
#1263 = ORIENTED_EDGE ( 'NONE', *, *, #1240, .T. ) ;
#1264 = EDGE_LOOP ( 'NONE', ( #624, #148 ) ) ;
#1265 = ORIENTED_EDGE ( 'NONE', *, *, #19, .T. ) ;
#1266 = EDGE_CURVE ( 'NONE', #584, #60, #1416, .T. ) ;
#1267 = CARTESIAN_POINT ( 'NONE',  ( -0.2694171591500806873, -0.5004878492672153456, 0.8454013255344851041 ) ) ;
#1268 = LINE ( 'NONE', #1072, #1409 ) ;
#1269 = VERTEX_POINT ( 'NONE', #1074 ) ;
#1270 = ADVANCED_FACE ( 'NONE', ( #732 ), #1220, .F. ) ;
#1271 = DIRECTION ( 'NONE',  ( -1.000000000000000000, 0.000000000000000000, 0.000000000000000000 ) ) ;
#1272 = ORIENTED_EDGE ( 'NONE', *, *, #634, .T. ) ;
#1273 = EDGE_LOOP ( 'NONE', ( #374, #722, #282, #257 ) ) ;
#1274 = DIRECTION ( 'NONE',  ( 0.7071067811865489050, 8.659560562354951347E-17, -0.7071067811865460184 ) ) ;
#1275 = LINE ( 'NONE', #484, #1078 ) ;
#1276 = DIRECTION ( 'NONE',  ( -1.000000000000000000, 0.000000000000000000, -1.020425574104003999E-16 ) ) ;
#1277 = CARTESIAN_POINT ( 'NONE',  ( 0.07461818843620313113, 0.04549889538792863813, 0.8090022092241428986 ) ) ;
#1278 = ORIENTED_EDGE ( 'NONE', *, *, #188, .F. ) ;
#1279 = CARTESIAN_POINT ( 'NONE',  ( 0.3440353475862836241, 0.5004878492672153456, 0.8090022092241428986 ) ) ;
#1280 = CARTESIAN_POINT ( 'NONE',  ( -0.3440353475862836241, 0.5004878492672153456, 0.9000000000000000222 ) ) ;
#1281 = EDGE_CURVE ( 'NONE', #688, #706, #56, .T. ) ;
#1282 = VECTOR ( 'NONE', #304, 1000.000000000000000 ) ;
#1283 = AXIS2_PLACEMENT_3D ( 'NONE', #1147, #690, #787 ) ;
#1284 = PLANE ( 'NONE',  #392 ) ;
#1285 = AXIS2_PLACEMENT_3D ( 'NONE', #945, #1162, #599 ) ;
#1286 = ORIENTED_EDGE ( 'NONE', *, *, #188, .T. ) ;
#1287 = AXIS2_PLACEMENT_3D ( 'NONE', #1307, #759, #880 ) ;
#1288 = LINE ( 'NONE', #163, #291 ) ;
#1289 = FACE_OUTER_BOUND ( 'NONE', #1164, .T. ) ;
#1290 = AXIS2_PLACEMENT_3D ( 'NONE', #620, #1276, #501 ) ;
#1291 = DIRECTION ( 'NONE',  ( 0.000000000000000000, 1.000000000000000000, 0.000000000000000000 ) ) ;
#1292 = CARTESIAN_POINT ( 'NONE',  ( 0.5624300454483410761, -0.2274944769396431699, -0.3375699545516588906 ) ) ;
#1293 = ADVANCED_FACE ( 'NONE', ( #500 ), #534, .F. ) ;
#1294 = VERTEX_POINT ( 'NONE', #636 ) ;
#1295 = ADVANCED_FACE ( 'NONE', ( #684 ), #1342, .F. ) ;
#1296 = DIRECTION ( 'NONE',  ( 0.000000000000000000, 0.000000000000000000, -1.000000000000000000 ) ) ;
#1297 = CARTESIAN_POINT ( 'NONE',  ( 0.3326191394247476341, -0.3855411745092602871, 0.8045073161442307663 ) ) ;
#1298 = CIRCLE ( 'NONE', #672, 0.03548913840258435121 ) ;
#1299 = CARTESIAN_POINT ( 'NONE',  ( -0.03548913840258422631, 0.04549889538792863120, 0.8090022092241428986 ) ) ;
#1300 = EDGE_CURVE ( 'NONE', #669, #885, #239, .T. ) ;
#1301 = CARTESIAN_POINT ( 'NONE',  ( 0.000000000000000000, -0.2274944769396431699, -0.3375699545516588906 ) ) ;
#1302 = VERTEX_POINT ( 'NONE', #454 ) ;
#1303 = VECTOR ( 'NONE', #1389, 1000.000000000000000 ) ;
#1304 = AXIS2_PLACEMENT_3D ( 'NONE', #932, #1374, #359 ) ;
#1305 = CIRCLE ( 'NONE', #516, 0.03548913840258435121 ) ;
#1306 = DIRECTION ( 'NONE',  ( 0.000000000000000000, -1.000000000000000000, 0.000000000000000000 ) ) ;
#1307 = CARTESIAN_POINT ( 'NONE',  ( -0.3440353475862836241, -0.5004878492672153456, 0.8845303755681034330 ) ) ;
#1308 = FACE_OUTER_BOUND ( 'NONE', #495, .T. ) ;
#1309 = ORIENTED_EDGE ( 'NONE', *, *, #740, .F. ) ;
#1310 = VERTEX_POINT ( 'NONE', #216 ) ;
#1311 = LINE ( 'NONE', #1227, #35 ) ;
#1312 = EDGE_CURVE ( 'NONE', #796, #1076, #1024, .T. ) ;
#1313 = CARTESIAN_POINT ( 'NONE',  ( 0.000000000000000000, -0.2274944769396431699, 0.07016384657772477274 ) ) ;
#1314 = CARTESIAN_POINT ( 'NONE',  ( -0.4003916688597302653, -0.2274944769396431699, -0.6233348668146222460 ) ) ;
#1315 = CC_DESIGN_PERSON_AND_ORGANIZATION_ASSIGNMENT ( #328, #1039, ( #192 ) ) ;
#1316 = DIRECTION ( 'NONE',  ( 0.000000000000000000, 0.000000000000000000, -1.000000000000000000 ) ) ;
#1317 = LINE ( 'NONE', #1299, #788 ) ;
#1318 = DIRECTION ( 'NONE',  ( 0.000000000000000000, 1.000000000000000000, 0.000000000000000000 ) ) ;
#1319 = ORIENTED_EDGE ( 'NONE', *, *, #579, .T. ) ;
#1320 = AXIS2_PLACEMENT_3D ( 'NONE', #1129, #1135, #326 ) ;
#1321 = DIRECTION ( 'NONE',  ( 0.000000000000000000, 0.000000000000000000, 1.000000000000000000 ) ) ;
#1322 = APPLICATION_CONTEXT ( 'configuration controlled 3d designs of mechanical parts and assemblies' ) ;
#1323 = VERTEX_POINT ( 'NONE', #906 ) ;
#1324 = ADVANCED_FACE ( 'NONE', ( #1348 ), #334, .F. ) ;
#1325 = FACE_OUTER_BOUND ( 'NONE', #144, .T. ) ;
#1326 = AXIS2_PLACEMENT_3D ( 'NONE', #884, #198, #1206 ) ;
#1327 = LINE ( 'NONE', #898, #1171 ) ;
#1328 = ORIENTED_EDGE ( 'NONE', *, *, #425, .T. ) ;
#1329 = CARTESIAN_POINT ( 'NONE',  ( -0.3208360491174797602, -0.3935558575769002587, 0.8108091617884922719 ) ) ;
#1330 = ORIENTED_EDGE ( 'NONE', *, *, #53, .T. ) ;
#1331 = AXIS2_PLACEMENT_3D ( 'NONE', #37, #366, #256 ) ;
#1332 = CARTESIAN_POINT ( 'NONE',  ( 0.3440353475862836241, 0.5004878492672153456, 0.9000000000000000222 ) ) ;
#1333 = DIRECTION ( 'NONE',  ( -1.000000000000000000, 0.000000000000000000, 0.000000000000000000 ) ) ;
#1334 = PLANE ( 'NONE',  #679 ) ;
#1335 = CYLINDRICAL_SURFACE ( 'NONE', #33, 0.03548913840258433733 ) ;
#1336 = CARTESIAN_POINT ( 'NONE',  ( 0.5624300454483410761, -0.04549889538792863120, 0.8090022092241428986 ) ) ;
#1337 = EDGE_LOOP ( 'NONE', ( #214, #1286, #1081, #1381, #1089, #414, #1120, #677, #1371, #969 ) ) ;
#1338 = CARTESIAN_POINT ( 'NONE',  ( -0.2705400046782007739, -0.4812218503160918814, 0.8446204614386305654 ) ) ;
#1339 = VERTEX_POINT ( 'NONE', #1455 ) ;
#1340 = DIRECTION ( 'NONE',  ( 0.000000000000000000, 0.000000000000000000, -1.000000000000000000 ) ) ;
#1341 = CARTESIAN_POINT ( 'NONE',  ( 1.930426803958967819, 0.6824834308189295928, 0.8090022092241428986 ) ) ;
#1342 = CYLINDRICAL_SURFACE ( 'NONE', #1320, 0.1819955815517145525 ) ;
#1343 = DATE_AND_TIME ( #134, #434 ) ;
#1344 = CARTESIAN_POINT ( 'NONE',  ( -0.4003916688597302653, -0.2274944769396431699, -0.5687361923491078830 ) ) ;
#1345 = ORIENTED_EDGE ( 'NONE', *, *, #290, .F. ) ;
#1346 = CARTESIAN_POINT ( 'NONE',  ( -0.3377746235075568815, -0.3830859140134155738, 0.8024727560272685301 ) ) ;
#1347 = EDGE_CURVE ( 'NONE', #852, #861, #213, .T. ) ;
#1348 = FACE_OUTER_BOUND ( 'NONE', #1256, .T. ) ;
#1349 = DIRECTION ( 'NONE',  ( -1.000000000000000000, 0.000000000000000000, 0.000000000000000000 ) ) ;
#1350 = APPROVAL_ROLE ( '' ) ;
#1351 = EDGE_CURVE ( 'NONE', #1302, #622, #284, .T. ) ;
#1352 = FACE_BOUND ( 'NONE', #946, .T. ) ;
#1353 = LINE ( 'NONE', #817, #1354 ) ;
#1354 = VECTOR ( 'NONE', #911, 1000.000000000000000 ) ;
#1355 = AXIS2_PLACEMENT_3D ( 'NONE', #973, #193, #303 ) ;
#1356 = CALENDAR_DATE ( 2026, 29, 6 ) ;
#1357 = CARTESIAN_POINT ( 'NONE',  ( -0.4003916688597302653, -0.2274944769396431699, -0.6233348668146222460 ) ) ;
#1358 = EDGE_CURVE ( 'NONE', #178, #1386, #575, .T. ) ;
#1359 = ORIENTED_EDGE ( 'NONE', *, *, #897, .F. ) ;
#1360 = CIRCLE ( 'NONE', #1038, 0.05459867446551435605 ) ;
#1361 = DIRECTION ( 'NONE',  ( 0.000000000000000000, 0.000000000000000000, 1.000000000000000000 ) ) ;
#1362 = DIRECTION ( 'NONE',  ( 0.000000000000000000, 0.000000000000000000, 1.000000000000000000 ) ) ;
#1363 = CARTESIAN_POINT ( 'NONE',  ( 0.3727846516440153080, -0.3987894717115202936, 0.8143356340207935640 ) ) ;
#1364 = EDGE_CURVE ( 'NONE', #928, #120, #623, .T. ) ;
#1365 = FACE_OUTER_BOUND ( 'NONE', #814, .T. ) ;
#1366 = ADVANCED_FACE ( 'NONE', ( #150 ), #1056, .F. ) ;
#1367 = COORDINATED_UNIVERSAL_TIME_OFFSET ( 8, 0, .AHEAD. ) ;
#1368 = EDGE_LOOP ( 'NONE', ( #1423, #657, #1031, #655 ) ) ;
#1369 = LINE ( 'NONE', #1170, #676 ) ;
#1370 = ORIENTED_EDGE ( 'NONE', *, *, #153, .F. ) ;
#1371 = ORIENTED_EDGE ( 'NONE', *, *, #420, .F. ) ;
#1372 = DIRECTION ( 'NONE',  ( 1.020425574104003999E-16, 0.000000000000000000, 1.000000000000000000 ) ) ;
#1373 = CARTESIAN_POINT ( 'NONE',  ( 0.3838438503259704038, -0.4092182140996213358, 0.8213626462351998336 ) ) ;
#1374 = DIRECTION ( 'NONE',  ( -0.000000000000000000, 1.000000000000000000, 0.000000000000000000 ) ) ;
#1375 = AXIS2_PLACEMENT_3D ( 'NONE', #111, #789, #1234 ) ;
#1376 = CALENDAR_DATE ( 2026, 29, 6 ) ;
#1377 = VERTEX_POINT ( 'NONE', #1176 ) ;
#1378 = ORIENTED_EDGE ( 'NONE', *, *, #998, .F. ) ;
#1379 = EDGE_CURVE ( 'NONE', #584, #876, #45, .T. ) ;
#1380 = CARTESIAN_POINT ( 'NONE',  ( -0.3440353475862836241, -0.5004878492672153456, 0.8454013255344851041 ) ) ;
#1381 = ORIENTED_EDGE ( 'NONE', *, *, #1226, .T. ) ;
#1382 = CARTESIAN_POINT ( 'NONE',  ( -0.3440353475862836241, -0.5004878492672153456, 0.9000000000000000222 ) ) ;
#1383 = AXIS2_PLACEMENT_3D ( 'NONE', #980, #413, #316 ) ;
#1384 = AXIS2_PLACEMENT_3D ( 'NONE', #546, #663, #1132 ) ;
#1385 = DIRECTION ( 'NONE',  ( 0.000000000000000000, -1.000000000000000000, 0.000000000000000000 ) ) ;
#1386 = VERTEX_POINT ( 'NONE', #394 ) ;
#1387 = ORIENTED_EDGE ( 'NONE', *, *, #854, .T. ) ;
#1388 = EDGE_LOOP ( 'NONE', ( #22, #1378 ) ) ;
#1389 = DIRECTION ( 'NONE',  ( 0.000000000000000000, 0.000000000000000000, -1.000000000000000000 ) ) ;
#1390 = DIRECTION ( 'NONE',  ( -1.000000000000000000, 0.000000000000000000, 1.020425574104003999E-16 ) ) ;
#1391 = DIRECTION ( 'NONE',  ( -1.000000000000000000, 0.000000000000000000, 1.020425574104003999E-16 ) ) ;
#1392 = CARTESIAN_POINT ( 'NONE',  ( 0.5624300454483410761, -0.3184922677155003212, -0.3375699545516588906 ) ) ;
#1393 = EDGE_LOOP ( 'NONE', ( #443, #1104, #696, #761, #1464 ) ) ;
#1394 = DIRECTION ( 'NONE',  ( -1.000000000000000000, 0.000000000000000000, 0.000000000000000000 ) ) ;
#1395 = VERTEX_POINT ( 'NONE', #185 ) ;
#1396 = EDGE_CURVE ( 'NONE', #142, #267, #55, .T. ) ;
#1397 = DIRECTION ( 'NONE',  ( 0.000000000000000000, 0.000000000000000000, -1.000000000000000000 ) ) ;
#1398 = AXIS2_PLACEMENT_3D ( 'NONE', #376, #1407, #489 ) ;
#1399 = VERTEX_POINT ( 'NONE', #877 ) ;
#1400 = PLANE ( 'NONE',  #798 ) ;
#1401 = FACE_OUTER_BOUND ( 'NONE', #586, .T. ) ;
#1402 = CARTESIAN_POINT ( 'NONE',  ( 1.021421201841151009E-16, -0.3184922677155003212, 0.6634057439827709679 ) ) ;
#1403 = DIRECTION ( 'NONE',  ( -1.000000000000000000, 0.000000000000000000, 0.000000000000000000 ) ) ;
#1404 = AXIS2_PLACEMENT_3D ( 'NONE', #1042, #158, #619 ) ;
#1405 = VECTOR ( 'NONE', #411, 1000.000000000000000 ) ;
#1406 = ORIENTED_EDGE ( 'NONE', *, *, #639, .T. ) ;
#1407 = DIRECTION ( 'NONE',  ( 0.000000000000000000, 0.000000000000000000, -1.000000000000000000 ) ) ;
#1408 = DIRECTION ( 'NONE',  ( -1.000000000000000000, 0.000000000000000000, 0.000000000000000000 ) ) ;
#1409 = VECTOR ( 'NONE', #255, 1000.000000000000000 ) ;
#1410 = EDGE_CURVE ( 'NONE', #1310, #832, #124, .T. ) ;
#1411 = APPROVAL ( #250, '未' ) ;
#1412 = EDGE_CURVE ( 'NONE', #274, #1269, #507, .T. ) ;
#1413 = ORIENTED_EDGE ( 'NONE', *, *, #1379, .F. ) ;
#1414 = CARTESIAN_POINT ( 'NONE',  ( -0.3519587855603246718, -0.3837643139358832833, 0.8030434481091538457 ) ) ;
#1415 = PLANE ( 'NONE',  #1195 ) ;
#1416 = LINE ( 'NONE', #525, #200 ) ;
#1417 = EDGE_CURVE ( 'NONE', #1294, #1165, #1044, .T. ) ;
#1418 = DIRECTION ( 'NONE',  ( 0.000000000000000000, 0.000000000000000000, 1.000000000000000000 ) ) ;
#1419 = CARTESIAN_POINT ( 'NONE',  ( 0.4186535360224865610, 0.5004878492672153456, 0.8090022092241428986 ) ) ;
#1420 = VERTEX_POINT ( 'NONE', #164 ) ;
#1421 = CARTESIAN_POINT ( 'NONE',  ( -0.3500482906615223211, -0.3831338363557948434, 0.8025115575130938872 ) ) ;
#1422 = APPROVAL_PERSON_ORGANIZATION ( #694, #1110, #921 ) ;
#1423 = ORIENTED_EDGE ( 'NONE', *, *, #232, .F. ) ;
#1424 = CARTESIAN_POINT ( 'NONE',  ( 0.000000000000000000, -0.3184922677155003212, 0.1247625210432391218 ) ) ;
#1425 = CARTESIAN_POINT ( 'NONE',  ( 0.5624300454483410761, -0.04549889538792863120, 0.6270066276724287624 ) ) ;
#1426 = CARTESIAN_POINT ( 'NONE',  ( 0.3380224045110446496, -0.3831338363557944549, 0.8025115575130933321 ) ) ;
#1427 = LINE ( 'NONE', #1314, #1282 ) ;
#1428 = AXIS2_PLACEMENT_3D ( 'NONE', #87, #1103, #451 ) ;
#1429 = AXIS2_PLACEMENT_3D ( 'NONE', #1064, #737, #42 ) ;
#1430 = CYLINDRICAL_SURFACE ( 'NONE', #31, 0.05459867446551435605 ) ;
#1431 = VERTEX_POINT ( 'NONE', #630 ) ;
#1432 = PRODUCT_DEFINITION ( '�', '', #1190, #91 ) ;
#1433 = CARTESIAN_POINT ( 'NONE',  ( 0.3795244859888679545, -0.5004878492672153456, 0.8454013255344851041 ) ) ;
#1434 = ORIENTED_EDGE ( 'NONE', *, *, #64, .F. ) ;
#1435 = DIRECTION ( 'NONE',  ( 1.020425574104003999E-16, 0.000000000000000000, -1.000000000000000000 ) ) ;
#1436 = EDGE_LOOP ( 'NONE', ( #467, #97 ) ) ;
#1437 = CARTESIAN_POINT ( 'NONE',  ( 0.5624300454483410761, -0.6824834308189295928, 0.8454013255344851041 ) ) ;
#1438 = EDGE_CURVE ( 'NONE', #816, #260, #401, .T. ) ;
#1439 = CARTESIAN_POINT ( 'NONE',  ( 0.4186535360224862279, -0.4908949429505498618, 0.8454013255344854372 ) ) ;
#1440 = FACE_OUTER_BOUND ( 'NONE', #1067, .T. ) ;
#1441 = ORIENTED_EDGE ( 'NONE', *, *, #1196, .F. ) ;
#1442 = DIRECTION ( 'NONE',  ( -1.000000000000000000, 0.000000000000000000, 0.000000000000000000 ) ) ;
#1443 = ORIENTED_EDGE ( 'NONE', *, *, #1208, .F. ) ;
#1444 = CARTESIAN_POINT ( 'NONE',  ( -0.3434261108717675537, -0.3820334805395088629, 0.8015758382221943590 ) ) ;
#1445 = CC_DESIGN_SECURITY_CLASSIFICATION ( #192, ( #1190 ) ) ;
#1446 = FACE_OUTER_BOUND ( 'NONE', #953, .T. ) ;
#1447 = DIRECTION ( 'NONE',  ( 0.000000000000000000, 0.000000000000000000, -1.000000000000000000 ) ) ;
#1448 = ORIENTED_EDGE ( 'NONE', *, *, #232, .T. ) ;
#1449 = DIRECTION ( 'NONE',  ( 0.000000000000000000, 0.000000000000000000, -1.000000000000000000 ) ) ;
#1450 = AXIS2_PLACEMENT_3D ( 'NONE', #555, #1009, #240 ) ;
#1451 = DIRECTION ( 'NONE',  ( 0.000000000000000000, 0.000000000000000000, -1.000000000000000000 ) ) ;
#1452 = VERTEX_POINT ( 'NONE', #419 ) ;
#1453 = AXIS2_PLACEMENT_3D ( 'NONE', #1280, #269, #32 ) ;
#1454 = AXIS2_PLACEMENT_3D ( 'NONE', #543, #1306, #426 ) ;
#1455 = CARTESIAN_POINT ( 'NONE',  ( 0.3795244859888679545, 0.5004878492672153456, 0.9000000000000000222 ) ) ;
#1456 = EDGE_CURVE ( 'NONE', #816, #956, #1317, .T. ) ;
#1457 = LINE ( 'NONE', #646, #513 ) ;
#1458 = VERTEX_POINT ( 'NONE', #1075 ) ;
#1459 = ORIENTED_EDGE ( 'NONE', *, *, #1182, .T. ) ;
#1460 = DIRECTION ( 'NONE',  ( 0.000000000000000000, 0.000000000000000000, -1.000000000000000000 ) ) ;
#1461 = EDGE_CURVE ( 'NONE', #60, #29, #59, .T. ) ;
#1462 = DIRECTION ( 'NONE',  ( -1.000000000000000000, 0.000000000000000000, 0.000000000000000000 ) ) ;
#1463 = CARTESIAN_POINT ( 'NONE',  ( 1.169991558472593485E-16, 0.04549889538792863120, 0.8090022092241428986 ) ) ;
#1464 = ORIENTED_EDGE ( 'NONE', *, *, #1347, .T. ) ;
#1465 = CARTESIAN_POINT ( 'NONE',  ( -0.3336928719455790615, -0.3849727805757386379, 0.8040423701139129964 ) ) ;
#1466 = CARTESIAN_POINT ( 'NONE',  ( -0.5624300454483410761, -0.3184922677155003212, -0.3375699545516588906 ) ) ;
#1467 = DIRECTION ( 'NONE',  ( -1.000000000000000000, 0.000000000000000000, 0.000000000000000000 ) ) ;
#1468 = ADVANCED_FACE ( 'NONE', ( #1192 ), #1084, .T. ) ;
ENDSEC;
END-ISO-10303-21;
