ISO-10303-21;
HEADER;
FILE_DESCRIPTION (( 'STEP AP203' ),
    '1' );
FILE_NAME ('003513.step',
    '2026-06-29T00:12:00',
    ( '' ),
    ( '' ),
    'SwSTEP 2.0',
    'SolidWorks 2025',
    '' );
FILE_SCHEMA (( 'CONFIG_CONTROL_DESIGN' ));
ENDSEC;

DATA;
#1 = EDGE_CURVE ( 'NONE', #1354, #2156, #1931, .T. ) ;
#2 = CARTESIAN_POINT ( 'NONE',  ( -0.3360777172603459095, 0.2455249484842763619, -0.5720514552177227152 ) ) ;
#3 = CARTESIAN_POINT ( 'NONE',  ( 0.1465049725217261456, -0.3035235529908216767, -0.8990973648624754899 ) ) ;
#4 = CARTESIAN_POINT ( 'NONE',  ( -0.6327211605859723864, 0.2472984807472898561, 0.8724013123799301272 ) ) ;
#5 = ORIENTED_EDGE ( 'NONE', *, *, #1374, .F. ) ;
#6 = CARTESIAN_POINT ( 'NONE',  ( 0.6067653475712527777, -0.2517323314816826141, 0.8996551381836606076 ) ) ;
#7 = CARTESIAN_POINT ( 'NONE',  ( 0.005040375318093883415, 0.2180098872636526686, 0.2183094930904271314 ) ) ;
#8 = CIRCLE ( 'NONE', #1961, 0.1362691290186463788 ) ;
#9 = ORIENTED_EDGE ( 'NONE', *, *, #702, .F. ) ;
#10 = FACE_OUTER_BOUND ( 'NONE', #2048, .T. ) ;
#11 = CARTESIAN_POINT ( 'NONE',  ( -0.2795684377545120669, -0.2027617640752763795, 0.8724013123799301272 ) ) ;
#12 = VECTOR ( 'NONE', #541, 1000.000000000000000 ) ;
#13 = CARTESIAN_POINT ( 'NONE',  ( 0.5864526461229245813, 0.2558049079728097475, 0.8996551381836606076 ) ) ;
#14 = CARTESIAN_POINT ( 'NONE',  ( 0.7358532967006909953, -0.1140893241806869990, 0.08204036407178053047 ) ) ;
#15 = CIRCLE ( 'NONE', #646, 0.1362691290186464066 ) ;
#16 = CARTESIAN_POINT ( 'NONE',  ( -0.4034207791023214917, 0.2967695381695545920, 0.08204036407178053047 ) ) ;
#17 = EDGE_CURVE ( 'NONE', #1934, #2374, #1069, .T. ) ;
#18 = CARTESIAN_POINT ( 'NONE',  ( -0.4119874959438983297, -0.1852989156868622422, -0.5720514552177227152 ) ) ;
#19 = LINE ( 'NONE', #2354, #1523 ) ;
#20 = ORIENTED_EDGE ( 'NONE', *, *, #1767, .F. ) ;
#21 = CARTESIAN_POINT ( 'NONE',  ( 0.3837930623525531160, 0.1821096974314186101, 0.08204036407178053047 ) ) ;
#22 = CARTESIAN_POINT ( 'NONE',  ( 0.005042183609315107479, 0.2182824208996239357, 0.2185820313484644895 ) ) ;
#23 = ORIENTED_EDGE ( 'NONE', *, *, #1357, .T. ) ;
#24 = LINE ( 'NONE', #782, #2286 ) ;
#25 = DIRECTION ( 'NONE',  ( 0.000000000000000000, 0.000000000000000000, -1.000000000000000000 ) ) ;
#26 = CARTESIAN_POINT ( 'NONE',  ( -0.6062115662620048973, 0.1415555011041050026, 0.8996551381836606076 ) ) ;
#27 = CARTESIAN_POINT ( 'NONE',  ( -0.3517885878682384115, 0.2245404997862908147, 0.8999276764416982433 ) ) ;
#28 = CARTESIAN_POINT ( 'NONE',  ( 0.2778945086541789733, -0.2948140028339015783, 0.8905705295824152268 ) ) ;
#29 = CARTESIAN_POINT ( 'NONE',  ( -0.3166450415098827076, 0.1967631444479767400, 0.8724176681212186812 ) ) ;
#30 = LINE ( 'NONE', #1929, #2081 ) ;
#31 = ORIENTED_EDGE ( 'NONE', *, *, #1420, .F. ) ;
#32 = CARTESIAN_POINT ( 'NONE',  ( 0.3052080216320142148, -0.1423232538380072854, -0.8990889136766405665 ) ) ;
#33 = CARTESIAN_POINT ( 'NONE',  ( 0.005040978081834290858, 0.2181007318089764335, 0.2184003391764395841 ) ) ;
#34 = EDGE_CURVE ( 'NONE', #781, #59, #1023, .T. ) ;
#35 = VERTEX_POINT ( 'NONE', #1055 ) ;
#36 = CARTESIAN_POINT ( 'NONE',  ( 0.6050727477897901441, -0.1407847640410992973, 0.8724013123799301272 ) ) ;
#37 = B_SPLINE_CURVE_WITH_KNOTS ( 'NONE', 3,
 ( #397, #1458, #1146, #873, #546, #696, #1339, #575, #2217, #490, #950, #1120 ),
 .UNSPECIFIED., .F., .F.,
 ( 4, 1, 1, 1, 1, 1, 1, 1, 1, 4 ),
 ( -1.072474643067140132, -0.9192639797715550509, -0.8426586481237610116, -0.8043559822998640474, -0.7660533164759660840, -0.6894479848281719336, -0.6128426531803780053, -0.4596319898847890384, -0.3064213265891999605, 1.976863117647553736E-12 ),
 .UNSPECIFIED. ) ;
#38 = CARTESIAN_POINT ( 'NONE',  ( 0.3269871908233198954, 0.1942640441250558236, 0.8721021001496437330 ) ) ;
#39 = CARTESIAN_POINT ( 'NONE',  ( -0.3517754074175188927, 0.2244504735707522625, 0.8998368303556857351 ) ) ;
#40 = CARTESIAN_POINT ( 'NONE',  ( -0.004299247447884861975, -0.3309590745361997710, 0.8724013123799301272 ) ) ;
#41 = B_SPLINE_CURVE_WITH_KNOTS ( 'NONE', 3,
 ( #1261, #507, #1635, #2381, #2369, #2025, #2200, #1056, #470, #322 ),
 .UNSPECIFIED., .F., .F.,
 ( 4, 3, 3, 4 ),
 ( 0.000000000000000000, 0.1903121907010299485, 0.8985009929839163911, 1.000000000000000000 ),
 .UNSPECIFIED. ) ;
#42 = CARTESIAN_POINT ( 'NONE',  ( 0.3772605383159189363, -0.2059538468721908988, -0.5720514552177227152 ) ) ;
#43 = CARTESIAN_POINT ( 'NONE',  ( -0.5995841676820451438, 0.1151197561930499269, 0.8996551381836606076 ) ) ;
#44 = CALENDAR_DATE ( 2026, 29, 6 ) ;
#45 = ORIENTED_EDGE ( 'NONE', *, *, #1262, .T. ) ;
#46 = CARTESIAN_POINT ( 'NONE',  ( -0.3270462252981803375, -0.08029033044017344634, -0.8990965965728541232 ) ) ;
#47 = CARTESIAN_POINT ( 'NONE',  ( 0.004922553868943565190, 0.1998410054517433809, 0.2001402758879408106 ) ) ;
#48 = ORIENTED_EDGE ( 'NONE', *, *, #974, .T. ) ;
#49 = EDGE_CURVE ( 'NONE', #1491, #508, #81, .T. ) ;
#50 = CONICAL_SURFACE ( 'NONE', #372, 0.1226422161167818742, 0.7853981633974560506 ) ;
#51 = EDGE_CURVE ( 'NONE', #1811, #1145, #2062, .T. ) ;
#52 = CARTESIAN_POINT ( 'NONE',  ( -0.002155109578342826425, 0.2179384271541450480, 0.8723015749698346255 ) ) ;
#53 = CARTESIAN_POINT ( 'NONE',  ( 0.4259467301829681363, -0.1497891661911644745, 0.1910556672866977057 ) ) ;
#54 = CARTESIAN_POINT ( 'NONE',  ( -0.5226407590457446961, -0.2561636310424126872, 0.8905705295824152268 ) ) ;
#55 = AXIS2_PLACEMENT_3D ( 'NONE', #585, #999, #2301 ) ;
#56 = CARTESIAN_POINT ( 'NONE',  ( -0.3791598439475234450, 0.1870079849043362052, 0.8723656067736981212 ) ) ;
#57 = CARTESIAN_POINT ( 'NONE',  ( -0.2014080469021475028, 0.0001335668615007436287, -0.8990973648624754899 ) ) ;
#58 = CIRCLE ( 'NONE', #768, 0.1090153032149171614 ) ;
#59 = VERTEX_POINT ( 'NONE', #1249 ) ;
#60 = CARTESIAN_POINT ( 'NONE',  ( -0.6327211605861791099, 0.2472984807472378699, 0.8724013123799301272 ) ) ;
#61 = CARTESIAN_POINT ( 'NONE',  ( -0.5995841676820451438, -0.1151197031233048701, 0.8724013123799301272 ) ) ;
#62 = ORIENTED_EDGE ( 'NONE', *, *, #1541, .F. ) ;
#63 = ADVANCED_FACE ( 'NONE', ( #1405 ), #1191, .F. ) ;
#64 = CARTESIAN_POINT ( 'NONE',  ( -3.791911958400201925E-06, 0.2180297108642180182, 0.08204036407178053047 ) ) ;
#65 = CARTESIAN_POINT ( 'NONE',  ( 0.6051275875293186113, 0.1410517827189361195, 0.2185820313484644895 ) ) ;
#66 = LINE ( 'NONE', #1659, #804 ) ;
#67 = CARTESIAN_POINT ( 'NONE',  ( -0.1400067735521919876, -0.3169826706118792359, 0.8814859209811752860 ) ) ;
#68 = EDGE_CURVE ( 'NONE', #1529, #1811, #450, .T. ) ;
#69 = LINE ( 'NONE', #465, #1795 ) ;
#70 = CARTESIAN_POINT ( 'NONE',  ( 2.862389116021504281E-06, 0.2180296847243810843, 0.8724013123799301272 ) ) ;
#71 = ORIENTED_EDGE ( 'NONE', *, *, #1029, .F. ) ;
#72 = CARTESIAN_POINT ( 'NONE',  ( 7.861060919782408450E-05, 0.2180293870352137675, 0.08204036407178053047 ) ) ;
#73 = VERTEX_POINT ( 'NONE', #457 ) ;
#74 = CARTESIAN_POINT ( 'NONE',  ( -0.4034269716303394704, -0.2967476171704321319, 0.08204036407178053047 ) ) ;
#75 = CARTESIAN_POINT ( 'NONE',  ( 0.4273480190806526191, 0.1758601479472220730, 0.2185820313484644895 ) ) ;
#76 = CARTESIAN_POINT ( 'NONE',  ( 0.004294473169441107019, 0.2177402747636170699, 0.8721287741218926026 ) ) ;
#77 = CARTESIAN_POINT ( 'NONE',  ( -0.6128389648440534243, 0.1679912460146364139, 0.8996551381836606076 ) ) ;
#78 = FACE_OUTER_BOUND ( 'NONE', #2060, .T. ) ;
#79 = EDGE_CURVE ( 'NONE', #1773, #1491, #1208, .T. ) ;
#80 = DIRECTION ( 'NONE',  ( 0.000000000000000000, 0.000000000000000000, 1.000000000000000000 ) ) ;
#81 = LINE ( 'NONE', #106, #686 ) ;
#82 = DIRECTION ( 'NONE',  ( -2.121693181423879920E-15, 1.000000000000000000, 0.000000000000000000 ) ) ;
#83 = ORIENTED_EDGE ( 'NONE', *, *, #1325, .F. ) ;
#84 = CARTESIAN_POINT ( 'NONE',  ( -0.2708275769394665189, 0.2022194389969904915, 0.08204036407178053047 ) ) ;
#85 = CARTESIAN_POINT ( 'NONE',  ( 0.004296179663954176157, 0.2180128120633140210, 0.8724013123799301272 ) ) ;
#86 = FACE_OUTER_BOUND ( 'NONE', #1148, .T. ) ;
#87 = LINE ( 'NONE', #1229, #2038 ) ;
#88 = B_SPLINE_CURVE_WITH_KNOTS ( 'NONE', 3,
 ( #2402, #866, #1632, #688 ),
 .UNSPECIFIED., .F., .F.,
 ( 4, 4 ),
 ( 0.000000000000000000, 1.000000000000000000 ),
 .UNSPECIFIED. ) ;
#89 = VECTOR ( 'NONE', #1728, 1000.000000000000114 ) ;
#90 = APPROVAL ( #905, '未' ) ;
#91 = CARTESIAN_POINT ( 'NONE',  ( 0.4450338127955751899, -0.1716322925329045179, 0.8996551381836606076 ) ) ;
#92 = CARTESIAN_POINT ( 'NONE',  ( 0.6050727021842959852, 0.1407848282265675433, 0.08204036407178053047 ) ) ;
#93 = SECURITY_CLASSIFICATION ( '', '', #2129 ) ;
#94 = ADVANCED_FACE ( 'NONE', ( #1784 ), #526, .T. ) ;
#95 = ORIENTED_EDGE ( 'NONE', *, *, #202, .T. ) ;
#96 = CARTESIAN_POINT ( 'NONE',  ( 0.5995475774520295786, 0.1139114093281318185, 0.1908739751146727726 ) ) ;
#97 = EDGE_LOOP ( 'NONE', ( #1289, #2203, #1104, #377 ) ) ;
#98 = CARTESIAN_POINT ( 'NONE',  ( -0.004299247447884861975, -0.3309590745361997710, 0.8996551381836606076 ) ) ;
#99 = CARTESIAN_POINT ( 'NONE',  ( 0.001550416658678740881, 0.1905878728958607105, 0.1908739751146727726 ) ) ;
#100 = CARTESIAN_POINT ( 'NONE',  ( 0.5489418206101263076, 0.1525107366429053202, 0.2184911852624520368 ) ) ;
#101 = CARTESIAN_POINT ( 'NONE',  ( 2.148347602933040594E-06, 0.2178479939554360534, 0.8722196202079051108 ) ) ;
#102 = CARTESIAN_POINT ( 'NONE',  ( 0.3208462707705009853, -0.06356271956805882584, -0.8990973648624754899 ) ) ;
#103 = CARTESIAN_POINT ( 'NONE',  ( -0.2657834002591792366, 0.2846734411010238275, 0.8996551381836606076 ) ) ;
#104 = CARTESIAN_POINT ( 'NONE',  ( 0.5360358411391344946, 0.2095392373221618143, -0.2450055455729709952 ) ) ;
#105 = DATE_AND_TIME ( #615, #2206 ) ;
#106 = CARTESIAN_POINT ( 'NONE',  ( -0.7358532967006913283, -0.1151197031233048701, 0.8724013123799301272 ) ) ;
#107 = CARTESIAN_POINT ( 'NONE',  ( -0.7358532967006913283, 0.1151197561930499269, 0.08204036407178053047 ) ) ;
#108 = ORIENTED_EDGE ( 'NONE', *, *, #1292, .F. ) ;
#109 = EDGE_CURVE ( 'NONE', #1533, #936, #369, .T. ) ;
#110 = CARTESIAN_POINT ( 'NONE',  ( 0.08623545139843204199, 0.1901643058535295028, 0.1907831290286603476 ) ) ;
#111 = EDGE_LOOP ( 'NONE', ( #1943, #2280, #694, #2277 ) ) ;
#112 = CARTESIAN_POINT ( 'NONE',  ( -0.2688025215327519146, -0.3117592532392812754, 0.8996551381836606076 ) ) ;
#113 = CARTESIAN_POINT ( 'NONE',  ( -0.09470371018045692368, 0.1911478459410866082, 0.1910556672866977057 ) ) ;
#114 = CARTESIAN_POINT ( 'NONE',  ( -2.087865092633769944E-16, 3.190043935469580643E-07, 0.8996551381836606076 ) ) ;
#115 = CARTESIAN_POINT ( 'NONE',  ( 0.4240651026586753636, -0.2875177233923882913, 0.8724013123799301272 ) ) ;
#116 = CARTESIAN_POINT ( 'NONE',  ( -0.05035200705522877712, 0.1745580520053682805, -0.8990973648624754899 ) ) ;
#117 = DIRECTION ( 'NONE',  ( 0.000000000000000000, 0.000000000000000000, -1.000000000000000000 ) ) ;
#118 = CARTESIAN_POINT ( 'NONE',  ( 0.1910811062288594875, 0.3066416263669433651, -0.5720514552177227152 ) ) ;
#119 = B_SPLINE_SURFACE_WITH_KNOTS ( 'NONE', 3, 3, ( 
 ( #144, #503, #1087, #1293, #1267, #1672, #2466, #889 ),
 ( #2221, #153, #332, #931, #178, #2427, #130, #538 ),
 ( #2053, #1475, #2257, #164, #2246, #745, #710, #912 ),
 ( #1279, #879, #354, #1508, #1696, #1064, #1485, #699 ),
 ( #1098, #2440, #344, #366, #1684, #2030, #1647, #2231 ),
 ( #514, #734, #2043, #527, #1854, #1304, #2067, #2414 ),
 ( #1462, #1111, #1882, #2270, #1318, #319, #1830, #806 ),
 ( #241, #2308, #52, #2121, #1520, #1175, #1948, #1756 ),
 ( #566, #2322, #1897, #581, #191, #944, #1140, #621 ),
 ( #1127, #984, #1746, #1561, #1345, #38, #1708, #995 ) ),
 .UNSPECIFIED., .F., .F., .F.,
 ( 4, 3, 3, 4 ),
 ( 4, 3, 1, 4 ),
 ( -0.01000000000000000021, 0.000000000000000000, 1.000000000000000000, 1.010978723957559167 ),
 ( 0.4948955670930765827, 0.4997178099135130003, 0.7752745425098810372, 0.9819420919571569817 ),
 .UNSPECIFIED. ) ;
#120 = CARTESIAN_POINT ( 'NONE',  ( 0.2598510234972283284, -0.2004434499093865341, 0.8996551381836606076 ) ) ;
#121 = DIRECTION ( 'NONE',  ( -0.7071067811865490160, -1.500263636182088525E-15, 0.7071067811865461294 ) ) ;
#122 = ORIENTED_EDGE ( 'NONE', *, *, #1925, .T. ) ;
#123 = EDGE_CURVE ( 'NONE', #1946, #1591, #1380, .T. ) ;
#124 = ORIENTED_EDGE ( 'NONE', *, *, #277, .F. ) ;
#125 = CARTESIAN_POINT ( 'NONE',  ( 0.6270270682207621515, -0.2475665234827495731, 0.8996551381836606076 ) ) ;
#126 = CARTESIAN_POINT ( 'NONE',  ( -0.3270459051775013171, 4.639845717239876615E-08, -0.8990973648624754899 ) ) ;
#127 = CARTESIAN_POINT ( 'NONE',  ( 0.3331758212839913691, 0.1901790812392383234, 0.8723938036799649964 ) ) ;
#128 = FACE_OUTER_BOUND ( 'NONE', #2331, .T. ) ;
#129 = B_SPLINE_CURVE_WITH_KNOTS ( 'NONE', 3,
 ( #556, #2047, #348, #935 ),
 .UNSPECIFIED., .F., .F.,
 ( 4, 4 ),
 ( 8.824766327896537836E-19, 0.0006111739254961322167 ),
 .UNSPECIFIED. ) ;
#130 = CARTESIAN_POINT ( 'NONE',  ( 0.5271303869037187173, 0.1848189456605963121, 0.8998368303556857351 ) ) ;
#131 = CARTESIAN_POINT ( 'NONE',  ( -0.5262241098029395436, -0.2739972714828165512, 0.8724013123799301272 ) ) ;
#132 = CARTESIAN_POINT ( 'NONE',  ( 0.3291147868763608653, 0.02172881296817980035, -0.8990973648624754899 ) ) ;
#133 = VECTOR ( 'NONE', #1821, 1000.000000000000000 ) ;
#134 = VECTOR ( 'NONE', #895, 1000.000000000000000 ) ;
#135 = CARTESIAN_POINT ( 'NONE',  ( -0.1389461416663610727, -0.2988164753611328717, 0.8996551381836606076 ) ) ;
#136 = CARTESIAN_POINT ( 'NONE',  ( 0.7358532967006909953, 0.1140893789897108740, 0.08204036407178053047 ) ) ;
#137 = VECTOR ( 'NONE', #1896, 1000.000000000000000 ) ;
#138 = ORIENTED_EDGE ( 'NONE', *, *, #958, .F. ) ;
#139 = AXIS2_PLACEMENT_3D ( 'NONE', #1995, #1242, #1644 ) ;
#140 = CARTESIAN_POINT ( 'NONE',  ( 0.5436131918319376810, 0.1253186510777915819, 0.1907831290286603476 ) ) ;
#141 = ORIENTED_EDGE ( 'NONE', *, *, #777, .F. ) ;
#142 = CARTESIAN_POINT ( 'NONE',  ( -0.0001045539727021471812, 0.1906852238138955491, 0.1909648212006852253 ) ) ;
#143 = CARTESIAN_POINT ( 'NONE',  ( 0.5864560406425237682, 0.2558522627870388200, 0.08203649075778814137 ) ) ;
#144 = CARTESIAN_POINT ( 'NONE',  ( -0.006454160052768146208, 0.2455816382478477888, 0.8999276764416982433 ) ) ;
#145 = CARTESIAN_POINT ( 'NONE',  ( 0.2388052667800268092, -0.1965868572969721728, 0.2092248844891836101 ) ) ;
#146 = EDGE_CURVE ( 'NONE', #1582, #1605, #916, .T. ) ;
#147 = CARTESIAN_POINT ( 'NONE',  ( -0.7150686520549044412, -0.2052491894334990685, 0.08204036407178053047 ) ) ;
#148 = CARTESIAN_POINT ( 'NONE',  ( 0.08625111334939485064, 0.1904366901266172363, 0.1910556672866977057 ) ) ;
#149 = ORIENTED_EDGE ( 'NONE', *, *, #1956, .T. ) ;
#150 = CARTESIAN_POINT ( 'NONE',  ( -0.4602831583447921093, -0.2025834584621152290, 0.8996551381836606076 ) ) ;
#151 = ORIENTED_EDGE ( 'NONE', *, *, #1058, .T. ) ;
#152 = LINE ( 'NONE', #1484, #482 ) ;
#153 = CARTESIAN_POINT ( 'NONE',  ( -0.004265916289906702616, 0.2454821911609046947, 0.8998368303556857351 ) ) ;
#154 = CARTESIAN_POINT ( 'NONE',  ( 0.6270270682207621515, -0.2475665234827495731, 0.8724013123799301272 ) ) ;
#155 = CARTESIAN_POINT ( 'NONE',  ( -0.3270459051775013171, 4.639845717239876615E-08, -0.8990973648624754899 ) ) ;
#156 = EDGE_CURVE ( 'NONE', #1274, #1701, #2236, .T. ) ;
#157 = CARTESIAN_POINT ( 'NONE',  ( -0.3040986709959628831, -0.1246338168117382544, -0.8990973648624754899 ) ) ;
#158 = CARTESIAN_POINT ( 'NONE',  ( 0.5660919013130820687, 0.2597811244987421331, 0.8724013123799301272 ) ) ;
#159 = ORIENTED_EDGE ( 'NONE', *, *, #2339, .F. ) ;
#160 = B_SPLINE_SURFACE_WITH_KNOTS ( 'NONE', 3, 1, ( 
 ( #1549, #608 ),
 ( #2476, #594 ),
 ( #391, #13 ),
 ( #2137, #956 ),
 ( #1573, #1936 ),
 ( #756, #2284 ),
 ( #784, #1910 ),
 ( #1333, #425 ),
 ( #2337, #2082 ),
 ( #2096, #203 ),
 ( #795, #1372 ),
 ( #1358, #380 ),
 ( #1163, #1721 ) ),
 .UNSPECIFIED., .F., .F., .F.,
 ( 4, 3, 3, 3, 4 ),
 ( 2, 2 ),
 ( -0.9819420919571569817, -0.9324140687695230412, -0.5869097865125659785, -0.3102856487690560106, -0.01995065515235179901 ),
 ( 0.000000000000000000, 1.500000000000000000 ),
 .UNSPECIFIED. ) ;
#161 = CARTESIAN_POINT ( 'NONE',  ( -0.2806654268477640768, -0.2117831066121340644, 0.8814859209811752860 ) ) ;
#162 = EDGE_LOOP ( 'NONE', ( #629, #151, #224, #1990 ) ) ;
#163 = CARTESIAN_POINT ( 'NONE',  ( 0.2822267942649611672, 0.1976446493502829471, 0.8724538008039234294 ) ) ;
#164 = CARTESIAN_POINT ( 'NONE',  ( 0.0001102787465224442341, 0.2453741456348828009, 0.8997459842696732268 ) ) ;
#165 = CARTESIAN_POINT ( 'NONE',  ( 0.5864600368989882906, -0.2558034336014622934, 0.8724013123799301272 ) ) ;
#166 = CARTESIAN_POINT ( 'NONE',  ( -0.7358830764592864115, 0.1452108485793157655, 0.08204036407178053047 ) ) ;
#167 = CARTESIAN_POINT ( 'NONE',  ( -0.5830585316366503346, -0.1472901959415055251, 0.08204036407178053047 ) ) ;
#168 = DIRECTION ( 'NONE',  ( 0.2013875096755058658, -0.9795116492143919329, 0.000000000000000000 ) ) ;
#169 = VECTOR ( 'NONE', #1890, 1000.000000000000000 ) ;
#170 = ORIENTED_EDGE ( 'NONE', *, *, #1118, .F. ) ;
#171 = CARTESIAN_POINT ( 'NONE',  ( -0.1394765578611290857, 0.3078961695207429461, 0.8905705295824152268 ) ) ;
#172 = CONICAL_SURFACE ( 'NONE', #917, 0.1226422161167818742, 0.7853981633974476129 ) ;
#173 = CARTESIAN_POINT ( 'NONE',  ( -0.6084207629804309070, -0.1503673469954422970, 0.8814859209811752860 ) ) ;
#174 = EDGE_LOOP ( 'NONE', ( #452, #753, #2229 ) ) ;
#175 = CARTESIAN_POINT ( 'NONE',  ( 0.6050727021842959852, 0.1407848282265677375, 0.8724013123799301272 ) ) ;
#176 = CARTESIAN_POINT ( 'NONE',  ( 0.02573182605665663356, 0.2179285703515097539, 0.8724013124261101870 ) ) ;
#177 = VECTOR ( 'NONE', #1138, 1000.000000000000000 ) ;
#178 = CARTESIAN_POINT ( 'NONE',  ( 0.1251549801940705919, 0.2449735584039104686, 0.8998368303556857351 ) ) ;
#179 = CARTESIAN_POINT ( 'NONE',  ( 0.1002236486564760387, -0.1973189778047041154, 0.2001402758879408106 ) ) ;
#180 = CARTESIAN_POINT ( 'NONE',  ( -0.7358532967006913283, -0.1151197031233048701, 0.08204036407178053047 ) ) ;
#181 = CARTESIAN_POINT ( 'NONE',  ( -0.7358532967006913283, 7.645503975375351133E-08, 0.08204036407178053047 ) ) ;
#182 = CARTESIAN_POINT ( 'NONE',  ( 0.4240566641082706423, 0.2875189534786310452, 0.8724013123799301272 ) ) ;
#183 = DATE_AND_TIME ( #359, #693 ) ;
#184 = ORIENTED_EDGE ( 'NONE', *, *, #2013, .T. ) ;
#185 = CARTESIAN_POINT ( 'NONE',  ( 0.6049611582039959856, 0.2428286609249342420, 0.8814859209811752860 ) ) ;
#186 = CARTESIAN_POINT ( 'NONE',  ( -0.09116127564872594791, -0.2283046638204376255, 0.8814859209811752860 ) ) ;
#187 = ORIENTED_EDGE ( 'NONE', *, *, #1810, .T. ) ;
#188 = EDGE_CURVE ( 'NONE', #1605, #1119, #2249, .T. ) ;
#189 = DIRECTION ( 'NONE',  ( 0.000000000000000000, 0.000000000000000000, -1.000000000000000000 ) ) ;
#190 = PLANE ( 'NONE',  #2040 ) ;
#191 = CARTESIAN_POINT ( 'NONE',  ( 0.1232828850265543785, 0.2173457378645981541, 0.8722018375597392348 ) ) ;
#192 = CARTESIAN_POINT ( 'NONE',  ( -0.1638961749335472173, -0.1947096652260534022, 0.2001402758879408106 ) ) ;
#193 = CARTESIAN_POINT ( 'NONE',  ( -0.5956542793475451125, 0.1264463691163265902, -0.2450055455729709952 ) ) ;
#194 = CARTESIAN_POINT ( 'NONE',  ( -0.7358571388719240547, -0.07674598003119782741, 0.08204036407178053047 ) ) ;
#195 = FACE_OUTER_BOUND ( 'NONE', #97, .T. ) ;
#196 = APPROVAL_DATE_TIME ( #183, #90 ) ;
#197 = EDGE_LOOP ( 'NONE', ( #524, #616, #860, #884 ) ) ;
#198 = CARTESIAN_POINT ( 'NONE',  ( -0.004096221452628373734, 0.3036377801851692371, 0.8996551381836606076 ) ) ;
#199 = CARTESIAN_POINT ( 'NONE',  ( 0.001682504007594192450, 0.2181139305509526838, 0.2184003391764395841 ) ) ;
#200 = EDGE_LOOP ( 'NONE', ( #2302, #850, #2171, #1170 ) ) ;
#201 = CARTESIAN_POINT ( 'NONE',  ( -0.05035201172553699367, 0.1745580520053682805, -0.02697493914313670374 ) ) ;
#202 = EDGE_CURVE ( 'NONE', #1850, #2050, #518, .T. ) ;
#203 = CARTESIAN_POINT ( 'NONE',  ( -0.2688037489387165579, 0.3117593879147139146, 0.8996551381836606076 ) ) ;
#204 = CARTESIAN_POINT ( 'NONE',  ( -0.01127852587258332782, -0.1910516854847150447, 0.1910556672866977057 ) ) ;
#205 = CARTESIAN_POINT ( 'NONE',  ( -0.2587981642595612586, 0.2837413580068228192, -0.5720514552177227152 ) ) ;
#206 = CARTESIAN_POINT ( 'NONE',  ( -0.4311743284245692642, -0.2598650250675924034, -0.2450055455729709952 ) ) ;
#207 = CARTESIAN_POINT ( 'NONE',  ( 2.862389116021504281E-06, 0.2180296847243810843, 0.8724013123799301272 ) ) ;
#208 = VERTEX_POINT ( 'NONE', #506 ) ;
#209 = CARTESIAN_POINT ( 'NONE',  ( -0.3270462252981965467, 0.09095048608677511193, -0.8990965965728152653 ) ) ;
#210 = CARTESIAN_POINT ( 'NONE',  ( -0.09596178265706206689, 0.2186793595717119176, 0.2185820313484644895 ) ) ;
#211 = AXIS2_PLACEMENT_3D ( 'NONE', #1052, #2162, #2353 ) ;
#212 = EDGE_LOOP ( 'NONE', ( #459, #71, #1482, #871, #2473 ) ) ;
#213 = VECTOR ( 'NONE', #242, 1000.000000000000000 ) ;
#214 = CARTESIAN_POINT ( 'NONE',  ( 0.5995841676820446997, -0.1140893241806864716, 0.8996551381836606076 ) ) ;
#215 = CARTESIAN_POINT ( 'NONE',  ( -0.6062116141558243632, -0.1415554360274107470, 0.8724013123799301272 ) ) ;
#216 = AXIS2_PLACEMENT_3D ( 'NONE', #592, #25, #2135 ) ;
#217 = CARTESIAN_POINT ( 'NONE',  ( -0.6268379934857738478, -0.1151197031233048701, 0.2183094930904271314 ) ) ;
#218 = CARTESIAN_POINT ( 'NONE',  ( 0.006641375192714410111, 0.2453484803629522593, 0.8997459842696732268 ) ) ;
#219 = VECTOR ( 'NONE', #1459, 1000.000000000000000 ) ;
#220 = CARTESIAN_POINT ( 'NONE',  ( 0.6215384881130158190, -0.2208710836223369001, 0.8996551381836606076 ) ) ;
#221 = CARTESIAN_POINT ( 'NONE',  ( 0.2872169180717696335, -0.2666461214567084070, -0.5720514552177227152 ) ) ;
#222 = ADVANCED_FACE ( 'NONE', ( #1307 ), #1352, .F. ) ;
#223 = CARTESIAN_POINT ( 'NONE',  ( -0.6268379934857738478, -0.1151197031233048701, 0.8724013123799301272 ) ) ;
#224 = ORIENTED_EDGE ( 'NONE', *, *, #1981, .T. ) ;
#225 = CARTESIAN_POINT ( 'NONE',  ( 0.5775838129438698454, 0.1464037675524340054, 0.08204036407178053047 ) ) ;
#226 = B_SPLINE_SURFACE_WITH_KNOTS ( 'NONE', 3, 3, ( 
 ( #2272, #1079, #1099, #1498, #1847, #1463, #2222, #333, #504, #1128, #2477, #2258 ),
 ( #1268, #2031, #145, #891, #1898, #2428, #1280, #2044, #1476, #528, #2068, #345 ),
 ( #1486, #902, #367, #179, #356, #1697, #1112, #192, #1883, #2467, #1319, #945 ),
 ( #1709, #53, #1334, #1574, #2148, #204, #2285, #972, #796, #622, #1141, #2338 ) ),
 .UNSPECIFIED., .F., .F., .F.,
 ( 4, 4 ),
 ( 4, 1, 1, 1, 1, 1, 1, 1, 1, 4 ),
 ( 0.000000000000000000, 1.000000000000000000 ),
 ( -1.072474643067140132, -0.9192639797715550509, -0.8426586481237610116, -0.8043559822998640474, -0.7660533164759660840, -0.6894479848281719336, -0.6128426531803780053, -0.4596319898847890384, -0.3064213265892000160, 1.976950615517169883E-12 ),
 .UNSPECIFIED. ) ;
#227 = CARTESIAN_POINT ( 'NONE',  ( -0.5122815818201732485, 0.1463690944169936670, 0.2001402758879408106 ) ) ;
#228 = ORIENTED_EDGE ( 'NONE', *, *, #2290, .F. ) ;
#229 = CARTESIAN_POINT ( 'NONE',  ( -0.5583300356081208893, -0.1535593626844095616, 0.8724013123799301272 ) ) ;
#230 = DIRECTION ( 'NONE',  ( -0.4999999999999998890, 0.8660254037844387076, 0.000000000000000000 ) ) ;
#231 = CARTESIAN_POINT ( 'NONE',  ( 0.0001110396783600580865, 0.2455558362195503219, 0.8999276764416982433 ) ) ;
#232 = CARTESIAN_POINT ( 'NONE',  ( -0.2688025215327515816, -0.3117592532392812754, 0.8724013123799301272 ) ) ;
#233 = CARTESIAN_POINT ( 'NONE',  ( -0.5262102134387470764, -0.2740144634736849105, 0.08204036407178053047 ) ) ;
#234 = CARTESIAN_POINT ( 'NONE',  ( 0.6105613278975309255, -0.1674802039015119426, 0.8996551381836606076 ) ) ;
#235 = PERSON_AND_ORGANIZATION ( #1725, #1645 ) ;
#236 = ADVANCED_FACE ( 'NONE', ( #394 ), #2036, .F. ) ;
#237 = ORIENTED_EDGE ( 'NONE', *, *, #1450, .T. ) ;
#238 = CARTESIAN_POINT ( 'NONE',  ( -0.004236090148933743457, 0.3218554528533394410, 0.8814859209811752860 ) ) ;
#239 = CARTESIAN_POINT ( 'NONE',  ( -0.5159450363653710347, 0.1643724288733006966, 0.2184911852624520368 ) ) ;
#240 = EDGE_LOOP ( 'NONE', ( #1059, #1714, #739 ) ) ;
#241 = CARTESIAN_POINT ( 'NONE',  ( -0.006470177118448887550, 0.2179553849300634172, 0.8723015749698346255 ) ) ;
#242 = DIRECTION ( 'NONE',  ( -2.121693181423879920E-15, 1.000000000000000000, 0.000000000000000000 ) ) ;
#243 = CARTESIAN_POINT ( 'NONE',  ( -0.2657822345116034324, -0.2846732995501471408, 0.8996551381836606076 ) ) ;
#244 = CARTESIAN_POINT ( 'NONE',  ( 0.5995841676820446997, -0.1140893241806864716, 0.2183094930904271314 ) ) ;
#245 = DIRECTION ( 'NONE',  ( 0.000000000000000000, 0.000000000000000000, 1.000000000000000000 ) ) ;
#246 = CARTESIAN_POINT ( 'NONE',  ( 0.7085994708969615141, -0.05704450258814595942, 0.8996551381836606076 ) ) ;
#247 = CARTESIAN_POINT ( 'NONE',  ( -0.4034277858379735626, 0.2967474876522089855, 0.8724013123799301272 ) ) ;
#248 = EDGE_CURVE ( 'NONE', #548, #1145, #1411, .T. ) ;
#249 = CARTESIAN_POINT ( 'NONE',  ( -0.2837764669170020349, 0.1882167460766456246, 0.2001402758879408106 ) ) ;
#250 = ORIENTED_EDGE ( 'NONE', *, *, #1, .T. ) ;
#251 = EDGE_CURVE ( 'NONE', #2372, #1582, #1385, .T. ) ;
#252 = VECTOR ( 'NONE', #836, 1000.000000000000000 ) ;
#253 = AXIS2_PLACEMENT_3D ( 'NONE', #648, #80, #1818 ) ;
#254 = CARTESIAN_POINT ( 'NONE',  ( -0.5550552658608228773, 0.1538952527710280294, 0.08204036407178053047 ) ) ;
#255 = CARTESIAN_POINT ( 'NONE',  ( -0.5383702276896419336, 0.1772963055230782070, 0.8905705295824152268 ) ) ;
#256 = CARTESIAN_POINT ( 'NONE',  ( -0.7222263837988269763, 0.05756003759872151126, 0.8860282252817943682 ) ) ;
#257 = CIRCLE ( 'NONE', #216, 0.1090153032149173973 ) ;
#258 = VECTOR ( 'NONE', #698, 1000.000000000000000 ) ;
#259 = CARTESIAN_POINT ( 'NONE',  ( 0.4818507110142229988, -0.2308977944840304997, -0.2450055455729709952 ) ) ;
#260 = LINE ( 'NONE', #812, #1035 ) ;
#261 = APPROVAL_PERSON_ORGANIZATION ( #2143, #1391, #627 ) ;
#262 = ORIENTED_EDGE ( 'NONE', *, *, #1859, .T. ) ;
#263 = DIRECTION ( 'NONE',  ( 1.000000000000000000, 1.768073354860303325E-15, 0.000000000000000000 ) ) ;
#264 = ORIENTED_EDGE ( 'NONE', *, *, #1643, .T. ) ;
#265 = EDGE_CURVE ( 'NONE', #1877, #408, #69, .T. ) ;
#266 = FACE_OUTER_BOUND ( 'NONE', #1677, .T. ) ;
#267 = CARTESIAN_POINT ( 'NONE',  ( -0.5345349538447408122, 0.1593374294947643433, 0.8722196202079051108 ) ) ;
#268 = CARTESIAN_POINT ( 'NONE',  ( -0.6327214000500448465, -0.2472983676440576872, 0.8724013123799301272 ) ) ;
#269 = LINE ( 'NONE', #832, #1922 ) ;
#270 = CARTESIAN_POINT ( 'NONE',  ( 0.2766905838948939822, 0.2857887050019032316, 0.8996551381836606076 ) ) ;
#271 = ADVANCED_BREP_SHAPE_REPRESENTATION ( '003513', ( #1978, #2085 ), #2245 ) ;
#272 = CARTESIAN_POINT ( 'NONE',  ( -0.7358532967006913283, 0.05756003759872151126, 0.8724013123799301272 ) ) ;
#273 = CARTESIAN_POINT ( 'NONE',  ( 0.3221183662938514880, 0.1917838997019720992, 0.08204036407178053047 ) ) ;
#274 = ORIENTED_EDGE ( 'NONE', *, *, #1420, .T. ) ;
#275 = CARTESIAN_POINT ( 'NONE',  ( -0.5999298030410098459, 0.1431303290046402610, 0.8996551381836606076 ) ) ;
#276 = CARTESIAN_POINT ( 'NONE',  ( -0.3477332360217839646, 0.1969946324166350904, 0.8721287741218926026 ) ) ;
#277 = EDGE_CURVE ( 'NONE', #2374, #508, #838, .T. ) ;
#278 = CARTESIAN_POINT ( 'NONE',  ( -0.007789049044982028665, -0.3267749426955736669, 0.08204036407178053047 ) ) ;
#279 = CARTESIAN_POINT ( 'NONE',  ( -0.5522084651834423541, -0.1550940422967429788, 0.2183094930904270481 ) ) ;
#280 = CARTESIAN_POINT ( 'NONE',  ( 0.5995841676820446997, 0.1140893789897108740, 0.8996551381836606076 ) ) ;
#281 = EDGE_CURVE ( 'NONE', #1591, #315, #1228, .T. ) ;
#282 = CARTESIAN_POINT ( 'NONE',  ( 0.6050727477897901441, -0.1407847640410992973, 0.8996551381836606076 ) ) ;
#283 = CARTESIAN_POINT ( 'NONE',  ( 0.7358867724246513919, -0.03802749094992737000, 0.08201688765445096230 ) ) ;
#284 = ORIENTED_EDGE ( 'NONE', *, *, #2027, .F. ) ;
#285 = CARTESIAN_POINT ( 'NONE',  ( 0.4225404719090172234, 0.1485716696958882810, 0.1908739751146727726 ) ) ;
#286 = EDGE_LOOP ( 'NONE', ( #1979, #1916, #1301, #2227 ) ) ;
#287 = CARTESIAN_POINT ( 'NONE',  ( -0.2688025215327519146, -0.3117592532392812754, 0.08204036407178053047 ) ) ;
#288 = DIRECTION ( 'NONE',  ( -1.000000000000000000, -1.491811893163386792E-15, 0.000000000000000000 ) ) ;
#289 = LINE ( 'NONE', #672, #299 ) ;
#290 = VECTOR ( 'NONE', #478, 1000.000000000000000 ) ;
#291 = LINE ( 'NONE', #687, #2078 ) ;
#292 = LINE ( 'NONE', #674, #2164 ) ;
#293 = VECTOR ( 'NONE', #1426, 1000.000000000000114 ) ;
#294 = CARTESIAN_POINT ( 'NONE',  ( 0.4569330653857776037, 0.1021578049208533567, -0.5720514552177227152 ) ) ;
#295 = PERSON_AND_ORGANIZATION ( #1725, #1645 ) ;
#296 = ADVANCED_FACE ( 'NONE', ( #86 ), #557, .F. ) ;
#297 = CARTESIAN_POINT ( 'NONE',  ( -0.2034611980534910547, -0.2092698889052672373, 0.08204036407178053047 ) ) ;
#298 = CARTESIAN_POINT ( 'NONE',  ( 0.7358532967006909953, -0.1140893241806869990, 0.08204036407178053047 ) ) ;
#299 = VECTOR ( 'NONE', #2009, 1000.000000000000000 ) ;
#300 = ORIENTED_EDGE ( 'NONE', *, *, #2152, .T. ) ;
#301 = B_SPLINE_CURVE_WITH_KNOTS ( 'NONE', 3,
 ( #1160, #1753, #2133, #1386 ),
 .UNSPECIFIED., .F., .F.,
 ( 4, 4 ),
 ( 0.000000000000000000, 1.000000000000000000 ),
 .UNSPECIFIED. ) ;
#302 = ORIENTED_EDGE ( 'NONE', *, *, #371, .T. ) ;
#303 = CARTESIAN_POINT ( 'NONE',  ( 0.1222349421435648537, -0.3229154916140041798, 0.08204036407178053047 ) ) ;
#304 = CARTESIAN_POINT ( 'NONE',  ( 0.003205744313050279230, 0.1905813673622896165, 0.1908739751146727726 ) ) ;
#305 = CARTESIAN_POINT ( 'NONE',  ( 3.856446477044527308E-05, 0.2271142231716316018, 0.8814859209811752860 ) ) ;
#306 = CARTESIAN_POINT ( 'NONE',  ( 0.6540918192895032179, 0.1140893789897108740, 0.8996551381836606076 ) ) ;
#307 = CARTESIAN_POINT ( 'NONE',  ( -0.5995841676820451438, -0.1151197031233048701, 0.8860282252817943682 ) ) ;
#308 = DIRECTION ( 'NONE',  ( 0.000000000000000000, 0.000000000000000000, 1.000000000000000000 ) ) ;
#309 = CARTESIAN_POINT ( 'NONE',  ( 0.4818448574041154231, 0.2309002442508955311, -0.2450055455729709952 ) ) ;
#310 = DIRECTION ( 'NONE',  ( 0.7071067811865480168, 1.570092458683769990E-15, 0.7071067811865470176 ) ) ;
#311 = DIRECTION ( 'NONE',  ( 0.4999999999999998890, 0.8660254037844387076, 0.000000000000000000 ) ) ;
#312 = EDGE_CURVE ( 'NONE', #1274, #1354, #291, .T. ) ;
#313 = ORIENTED_EDGE ( 'NONE', *, *, #1604, .F. ) ;
#314 = ADVANCED_FACE ( 'NONE', ( #1041 ), #1805, .T. ) ;
#315 = VERTEX_POINT ( 'NONE', #2401 ) ;
#316 = CARTESIAN_POINT ( 'NONE',  ( 0.3167865887378756296, 0.1219250310138635107, -0.8990896819658740213 ) ) ;
#317 = CARTESIAN_POINT ( 'NONE',  ( -0.1226633454634027121, 0.2185117607548677232, 0.8724013123799301272 ) ) ;
#318 = CYLINDRICAL_SURFACE ( 'NONE', #139, 0.1362691290186464066 ) ;
#319 = CARTESIAN_POINT ( 'NONE',  ( 0.3270367398039235596, 0.1945594216812678023, 0.8724013123799301272 ) ) ;
#320 = CARTESIAN_POINT ( 'NONE',  ( -0.6327214000498355695, -0.2472983676441100620, 0.8724013123799301272 ) ) ;
#321 = CARTESIAN_POINT ( 'NONE',  ( -0.06702300948602300801, -0.2177154984995886278, 0.08204036407178053047 ) ) ;
#322 = CARTESIAN_POINT ( 'NONE',  ( 0.6270270682207621515, -0.2475665234827495731, 0.08204036407178053047 ) ) ;
#323 = CARTESIAN_POINT ( 'NONE',  ( 0.000000000000000000, 0.000000000000000000, 0.000000000000000000 ) ) ;
#324 = ORIENTED_EDGE ( 'NONE', *, *, #2172, .T. ) ;
#325 = PRODUCT_RELATED_PRODUCT_CATEGORY ( 'detail', '', ( #2311 ) ) ;
#326 = DIRECTION ( 'NONE',  ( 0.000000000000000000, 0.000000000000000000, 1.000000000000000000 ) ) ;
#327 = VERTEX_POINT ( 'NONE', #102 ) ;
#328 = ADVANCED_FACE ( 'NONE', ( #78 ), #854, .F. ) ;
#329 = CARTESIAN_POINT ( 'NONE',  ( 0.004862277494902635284, 0.1907565509193660802, 0.1910556672866977057 ) ) ;
#330 = CARTESIAN_POINT ( 'NONE',  ( 0.6268379934857735147, -0.1140893241806864716, 0.2183094930904271314 ) ) ;
#331 = CARTESIAN_POINT ( 'NONE',  ( -0.6327214000498355695, -0.2472983676441100620, 0.08204036407178053047 ) ) ;
#332 = CARTESIAN_POINT ( 'NONE',  ( -0.002077640262399840093, 0.2454735910901343077, 0.8998368303556857351 ) ) ;
#333 = CARTESIAN_POINT ( 'NONE',  ( -0.1652745539032777766, -0.2128337847476736711, 0.2183094930904271314 ) ) ;
#334 = VECTOR ( 'NONE', #1294, 1000.000000000000000 ) ;
#335 = DIRECTION ( 'NONE',  ( 0.2013875096755058658, -0.9795116492143919329, 0.000000000000000000 ) ) ;
#336 = CARTESIAN_POINT ( 'NONE',  ( 0.6132110805839091627, 0.05711147292560655314, 0.2046825801885623630 ) ) ;
#337 = VECTOR ( 'NONE', #1335, 1000.000000000000000 ) ;
#338 = ORIENTED_EDGE ( 'NONE', *, *, #1465, .T. ) ;
#339 = AXIS2_PLACEMENT_3D ( 'NONE', #61, #1532, #1135 ) ;
#340 = CARTESIAN_POINT ( 'NONE',  ( -0.4553992906601953550, -0.1757530188197242438, 0.8724013123799301272 ) ) ;
#341 = VERTEX_POINT ( 'NONE', #673 ) ;
#342 = DIRECTION ( 'NONE',  ( 0.000000000000000000, 0.000000000000000000, -1.000000000000000000 ) ) ;
#343 = EDGE_CURVE ( 'NONE', #1542, #1624, #2207, .T. ) ;
#344 = CARTESIAN_POINT ( 'NONE',  ( -0.002103014524095412740, 0.2362073063955559271, 0.8905705295824152268 ) ) ;
#345 = CARTESIAN_POINT ( 'NONE',  ( -0.6040024653312349168, -0.1327435250593742011, 0.2092248844891836101 ) ) ;
#346 = CARTESIAN_POINT ( 'NONE',  ( -0.5369112617876571347, 0.2126564572155266175, -0.2450055455729709952 ) ) ;
#347 = CARTESIAN_POINT ( 'NONE',  ( -0.4411055267656810996, -0.1515162247898857173, -0.5720514552177227152 ) ) ;
#348 = CARTESIAN_POINT ( 'NONE',  ( 0.2038078843122979877, 0.2172287345870865527, 0.2183094940397024564 ) ) ;
#349 = DATE_AND_TIME ( #1915, #2409 ) ;
#350 = VERTEX_POINT ( 'NONE', #2197 ) ;
#351 = CARTESIAN_POINT ( 'NONE',  ( -0.5603285357862611837, -0.1624240833337279311, 0.8814859209811752860 ) ) ;
#352 = VERTEX_POINT ( 'NONE', #2365 ) ;
#353 = CARTESIAN_POINT ( 'NONE',  ( 0.2802738009734201952, 0.3128851576347768115, 0.08203649075778814137 ) ) ;
#354 = CARTESIAN_POINT ( 'NONE',  ( -0.002078137796942890886, 0.2452918992333778248, 0.8996551381836606076 ) ) ;
#355 = EDGE_CURVE ( 'NONE', #420, #1274, #1402, .T. ) ;
#356 = CARTESIAN_POINT ( 'NONE',  ( 0.03846813852665364325, -0.1994744189042090832, 0.2001402758879408106 ) ) ;
#357 = CARTESIAN_POINT ( 'NONE',  ( -0.3366432218512637742, -0.1936925951081403530, 0.8996551381836606076 ) ) ;
#358 = CARTESIAN_POINT ( 'NONE',  ( 0.7358532967006912173, -0.1451591870597018219, 0.08204036407178053047 ) ) ;
#359 = CALENDAR_DATE ( 2026, 29, 6 ) ;
#360 = VERTEX_POINT ( 'NONE', #1245 ) ;
#361 = CARTESIAN_POINT ( 'NONE',  ( 0.1210786290222286704, 0.3047836016698194928, 0.8905705295824152268 ) ) ;
#362 = DIRECTION ( 'NONE',  ( 0.000000000000000000, 0.000000000000000000, 1.000000000000000000 ) ) ;
#363 = ORIENTED_EDGE ( 'NONE', *, *, #1925, .F. ) ;
#364 = DIRECTION ( 'NONE',  ( -0.7071067811865470176, -1.177569344012829958E-15, 0.7071067811865480168 ) ) ;
#365 = CARTESIAN_POINT ( 'NONE',  ( -0.7358532967006913283, 0.1151197561930499269, 0.08204036407178053047 ) ) ;
#366 = CARTESIAN_POINT ( 'NONE',  ( 7.421986948006684538E-05, 0.2361987618022980406, 0.8905705295824152268 ) ) ;
#367 = CARTESIAN_POINT ( 'NONE',  ( 0.2376269057943072860, -0.1875662212982056043, 0.2001402758879408106 ) ) ;
#368 = CARTESIAN_POINT ( 'NONE',  ( -0.1762320410393790893, 0.04373968814746762718, -0.02697493914313670374 ) ) ;
#369 = LINE ( 'NONE', #1871, #1878 ) ;
#370 = DIRECTION ( 'NONE',  ( 0.000000000000000000, 0.000000000000000000, 1.000000000000000000 ) ) ;
#371 = EDGE_CURVE ( 'NONE', #1286, #695, #269, .T. ) ;
#372 = AXIS2_PLACEMENT_3D ( 'NONE', #1193, #1954, #263 ) ;
#373 = ORIENTED_EDGE ( 'NONE', *, *, #343, .F. ) ;
#374 = CARTESIAN_POINT ( 'NONE',  ( -0.1007040234510738208, -0.1742909182823668413, 0.08204036407178053047 ) ) ;
#375 = CONICAL_SURFACE ( 'NONE', #2448, 0.02725382580372919666, 0.7853981633974469467 ) ;
#376 = CARTESIAN_POINT ( 'NONE',  ( 0.6105613278975309255, -0.1674802039015119426, 0.8996551381836606076 ) ) ;
#377 = ORIENTED_EDGE ( 'NONE', *, *, #1374, .T. ) ;
#378 = DIRECTION ( 'NONE',  ( 0.000000000000000000, 0.000000000000000000, -1.000000000000000000 ) ) ;
#379 = FACE_OUTER_BOUND ( 'NONE', #1571, .T. ) ;
#380 = CARTESIAN_POINT ( 'NONE',  ( -0.5262243525893510743, 0.2739970586227611360, 0.8996551381836606076 ) ) ;
#381 = CARTESIAN_POINT ( 'NONE',  ( 0.2014080469021471698, 0.0001335668615007436287, 0.08204036407178053047 ) ) ;
#382 = CARTESIAN_POINT ( 'NONE',  ( -0.4633150356852319685, 5.641731837955581803E-08, -0.5720514552177227152 ) ) ;
#383 = CARTESIAN_POINT ( 'NONE',  ( 0.5864526461229245813, 0.2558049079728097475, 0.8724013123799301272 ) ) ;
#384 = EDGE_LOOP ( 'NONE', ( #95, #23, #396, #563 ) ) ;
#385 = CARTESIAN_POINT ( 'NONE',  ( 0.1205023012577353808, 0.2957172926222706444, 0.8996551381836606076 ) ) ;
#386 = EDGE_CURVE ( 'NONE', #1382, #2343, #647, .T. ) ;
#387 = CARTESIAN_POINT ( 'NONE',  ( 0.005041580845574699168, 0.2181915763543001985, 0.2184911852624520368 ) ) ;
#388 = ORIENTED_EDGE ( 'NONE', *, *, #202, .F. ) ;
#389 = DIRECTION ( 'NONE',  ( 0.000000000000000000, 0.000000000000000000, -1.000000000000000000 ) ) ;
#390 = CARTESIAN_POINT ( 'NONE',  ( -0.1007040234510738208, -0.1742909182823668413, 0.08204036407178053047 ) ) ;
#391 = CARTESIAN_POINT ( 'NONE',  ( 0.5864526461229245813, 0.2558049079728097475, 0.08204036407178053047 ) ) ;
#392 = CARTESIAN_POINT ( 'NONE',  ( 0.6270270682207621515, -0.2475665234827495731, 0.08204036407178053047 ) ) ;
#393 = CARTESIAN_POINT ( 'NONE',  ( -0.4615562949486904376, 0.05726756023967288084, -0.5720514552177227152 ) ) ;
#394 = FACE_OUTER_BOUND ( 'NONE', #240, .T. ) ;
#395 = CARTESIAN_POINT ( 'NONE',  ( 0.2014080469021471698, 0.0001335668615007436287, -0.02697493914313670374 ) ) ;
#396 = ORIENTED_EDGE ( 'NONE', *, *, #1794, .F. ) ;
#397 = CARTESIAN_POINT ( 'NONE',  ( 0.5995841676820446997, -0.1140893241806864716, 0.1910556672866977057 ) ) ;
#398 = FACE_OUTER_BOUND ( 'NONE', #430, .T. ) ;
#399 = ORIENTED_EDGE ( 'NONE', *, *, #906, .F. ) ;
#400 = CYLINDRICAL_SURFACE ( 'NONE', #487, 0.1362691290186466286 ) ;
#401 = LINE ( 'NONE', #1150, #2165 ) ;
#402 = ADVANCED_FACE ( 'NONE', ( #455 ), #822, .F. ) ;
#403 = LINE ( 'NONE', #772, #604 ) ;
#404 = CARTESIAN_POINT ( 'NONE',  ( -0.6128831475012637142, 0.1681674843140411602, 0.8998368303556857351 ) ) ;
#405 = CARTESIAN_POINT ( 'NONE',  ( 0.1205059484128129521, -0.2957165651348388491, 0.8996551381836606076 ) ) ;
#406 = CARTESIAN_POINT ( 'NONE',  ( -0.001605517995296973626, -0.3317849024957989501, -0.2450055455729709952 ) ) ;
#407 = CARTESIAN_POINT ( 'NONE',  ( -0.5402545781319072482, 0.1861880346098685746, 0.8996551381836606076 ) ) ;
#408 = VERTEX_POINT ( 'NONE', #1868 ) ;
#409 = CARTESIAN_POINT ( 'NONE',  ( 0.5456721759403054817, 0.1527766808164481849, 0.08204036407178053047 ) ) ;
#410 = CARTESIAN_POINT ( 'NONE',  ( 0.004980098944053064532, 0.2089254327312757287, 0.2092248844891836101 ) ) ;
#411 = ORIENTED_EDGE ( 'NONE', *, *, #1089, .T. ) ;
#412 = CARTESIAN_POINT ( 'NONE',  ( -0.7358532967006913283, 0.1151197561930499269, 0.08204036407178053047 ) ) ;
#413 = FACE_OUTER_BOUND ( 'NONE', #800, .T. ) ;
#414 = CARTESIAN_POINT ( 'NONE',  ( -0.7358532967006913283, -0.1151197031233048701, 0.8724013123799301272 ) ) ;
#415 = APPROVAL_PERSON_ORGANIZATION ( #295, #1227, #1022 ) ;
#416 = EDGE_CURVE ( 'NONE', #420, #499, #567, .T. ) ;
#417 = CARTESIAN_POINT ( 'NONE',  ( -0.6327108883031863362, 0.2473505763372270405, 0.08203263404436390849 ) ) ;
#418 = CARTESIAN_POINT ( 'NONE',  ( 0.4974825585004420958, -0.2249582373957436376, -0.2450055455729709952 ) ) ;
#419 = LINE ( 'NONE', #960, #2124 ) ;
#420 = VERTEX_POINT ( 'NONE', #720 ) ;
#421 = CARTESIAN_POINT ( 'NONE',  ( 0.04797263158824369156, -0.3332586243152523831, -0.8990919868351263666 ) ) ;
#422 = CARTESIAN_POINT ( 'NONE',  ( -0.5141005371653832867, 0.1552848665709944953, 0.2092248844891836101 ) ) ;
#423 = ORIENTED_EDGE ( 'NONE', *, *, #1230, .T. ) ;
#424 = DIRECTION ( 'NONE',  ( 0.2013875096755060878, -0.9795116492143919329, 0.000000000000000000 ) ) ;
#425 = CARTESIAN_POINT ( 'NONE',  ( -0.004302253929804109381, 0.3309597125449879607, 0.8996551381836606076 ) ) ;
#426 = CARTESIAN_POINT ( 'NONE',  ( -0.1242849235695446253, 0.2457721697955185247, 0.8996551381836606076 ) ) ;
#427 = PLANE ( 'NONE',  #965 ) ;
#428 = CARTESIAN_POINT ( 'NONE',  ( 0.3208211473626547128, -0.06355774460641751278, -0.8990973648624754899 ) ) ;
#429 = CARTESIAN_POINT ( 'NONE',  ( -0.6128389648440534243, 0.1679912460146364139, 0.8996551381836606076 ) ) ;
#430 = EDGE_LOOP ( 'NONE', ( #1637, #432, #460, #501 ) ) ;
#431 = CARTESIAN_POINT ( 'NONE',  ( -0.6305120277258482453, 0.2384865657769728586, 0.8814859209811752860 ) ) ;
#432 = ORIENTED_EDGE ( 'NONE', *, *, #1727, .T. ) ;
#433 = CARTESIAN_POINT ( 'NONE',  ( 0.5864600368989882906, -0.2558034336014622934, 0.8996551381836606076 ) ) ;
#434 = DIRECTION ( 'NONE',  ( 0.000000000000000000, 0.000000000000000000, 1.000000000000000000 ) ) ;
#435 = CARTESIAN_POINT ( 'NONE',  ( 0.5829181033842940618, -0.2379826921206514567, 0.8905705295824152268 ) ) ;
#436 = CARTESIAN_POINT ( 'NONE',  ( 0.5783975179409729384, -0.1761553873740636655, -0.2450055455729709952 ) ) ;
#437 = LINE ( 'NONE', #1772, #1195 ) ;
#438 = COORDINATED_UNIVERSAL_TIME_OFFSET ( 8, 0, .AHEAD. ) ;
#439 = ORIENTED_EDGE ( 'NONE', *, *, #2155, .F. ) ;
#440 = CARTESIAN_POINT ( 'NONE',  ( -0.2677969660455374323, 0.3027307389768165713, 0.8814859209811752860 ) ) ;
#441 = ADVANCED_FACE ( 'NONE', ( #1846 ), #119, .T. ) ;
#442 = ORIENTED_EDGE ( 'NONE', *, *, #1019, .F. ) ;
#443 = CIRCLE ( 'NONE', #764, 0.05450765160745858068 ) ;
#444 = CARTESIAN_POINT ( 'NONE',  ( 0.002572175678324515810, 0.2180195962207892579, 0.08204036407178053047 ) ) ;
#445 = CARTESIAN_POINT ( 'NONE',  ( 0.4273006986780683580, 0.1755917309175993590, 0.2183094930904271314 ) ) ;
#446 = CARTESIAN_POINT ( 'NONE',  ( 0.002149521026535098495, 0.2180212483938475387, 0.8724013123799301272 ) ) ;
#447 = CARTESIAN_POINT ( 'NONE',  ( 0.5643616515297881220, -0.2508628273456812163, 0.8814859209811752860 ) ) ;
#448 = DIRECTION ( 'NONE',  ( 0.000000000000000000, 0.000000000000000000, -1.000000000000000000 ) ) ;
#449 = DIRECTION ( 'NONE',  ( -0.2431731467256269819, 0.9699828971232207220, 0.000000000000000000 ) ) ;
#450 = LINE ( 'NONE', #1453, #1114 ) ;
#451 = CARTESIAN_POINT ( 'NONE',  ( -0.5262243525895099472, 0.2739970586227313265, 0.8724013123799301272 ) ) ;
#452 = ORIENTED_EDGE ( 'NONE', *, *, #34, .F. ) ;
#453 = CARTESIAN_POINT ( 'NONE',  ( 0.4240651026586753636, -0.2875177233923882913, 0.08204036407178053047 ) ) ;
#454 = CARTESIAN_POINT ( 'NONE',  ( -0.1226462613187170592, 0.2182392573522914381, 0.8721287741218926026 ) ) ;
#455 = FACE_OUTER_BOUND ( 'NONE', #886, .T. ) ;
#456 = CARTESIAN_POINT ( 'NONE',  ( 9.340616345819978458E-09, 4.639845717239876615E-08, -0.8990973648624754899 ) ) ;
#457 = CARTESIAN_POINT ( 'NONE',  ( -0.6128389648440534243, 0.1679912460146364139, 0.8996551381836606076 ) ) ;
#458 = CARTESIAN_POINT ( 'NONE',  ( -0.7358543670456335617, -0.07674578313385375938, 0.08203375244546114164 ) ) ;
#459 = ORIENTED_EDGE ( 'NONE', *, *, #2070, .F. ) ;
#460 = ORIENTED_EDGE ( 'NONE', *, *, #34, .T. ) ;
#461 = CARTESIAN_POINT ( 'NONE',  ( -0.08083068156838162099, 0.2170718712125854211, 0.08204036407178053047 ) ) ;
#462 = CARTESIAN_POINT ( 'NONE',  ( 0.002195813639580125425, 0.2271058059457554956, 0.8814859209811752860 ) ) ;
#463 = CARTESIAN_POINT ( 'NONE',  ( -0.5262241098027797825, -0.2739972714828454170, 0.08204036407178054435 ) ) ;
#464 = ADVANCED_FACE ( 'NONE', ( #413 ), #160, .T. ) ;
#465 = CARTESIAN_POINT ( 'NONE',  ( 0.6268379934857735147, -0.1140893241806864716, 0.8724013123799301272 ) ) ;
#466 = DIRECTION ( 'NONE',  ( 1.000000000000000000, 1.740447208690611218E-15, 0.000000000000000000 ) ) ;
#467 = CARTESIAN_POINT ( 'NONE',  ( 0.6003301040055671889, 0.03260056913165484266, -0.2450055455729709952 ) ) ;
#468 = B_SPLINE_CURVE_WITH_KNOTS ( 'NONE', 3,
 ( #1162, #955, #1126, #771, #2118, #942 ),
 .UNSPECIFIED., .F., .F.,
 ( 4, 2, 4 ),
 ( 5.258242397392401112E-19, 0.0003063131935453975428, 0.0006126263870907945434 ),
 .UNSPECIFIED. ) ;
#469 = CARTESIAN_POINT ( 'NONE',  ( 0.06725157931957650992, -0.2171577602592056344, 0.8996551381836606076 ) ) ;
#470 = CARTESIAN_POINT ( 'NONE',  ( 0.6067653475712527777, -0.2517323314816826141, 0.08204036407178053047 ) ) ;
#471 = ORIENTED_EDGE ( 'NONE', *, *, #1693, .T. ) ;
#472 = CARTESIAN_POINT ( 'NONE',  ( -0.0001085712526150526565, 0.1905035460238388156, 0.1907831290286603476 ) ) ;
#473 = ORIENTED_EDGE ( 'NONE', *, *, #188, .F. ) ;
#474 = CARTESIAN_POINT ( 'NONE',  ( -0.04021918298310285522, 0.2179566933599421386, 0.08204036407178053047 ) ) ;
#475 = CARTESIAN_POINT ( 'NONE',  ( -0.09469938642726169475, 0.1910569845730047678, 0.1909648212006852253 ) ) ;
#476 = CARTESIAN_POINT ( 'NONE',  ( -0.6062115662630510604, 0.1415555011038429067, 0.8724013123799301272 ) ) ;
#477 = VECTOR ( 'NONE', #1603, 1000.000000000000000 ) ;
#478 = DIRECTION ( 'NONE',  ( 0.000000000000000000, 0.000000000000000000, 1.000000000000000000 ) ) ;
#479 = EDGE_CURVE ( 'NONE', #1173, #1729, #403, .T. ) ;
#480 = CARTESIAN_POINT ( 'NONE',  ( 0.6050727477897901441, -0.1407847640410992973, 0.2183094930904271314 ) ) ;
#481 = CARTESIAN_POINT ( 'NONE',  ( 0.4146233952310596771, 0.1778015744872058213, -0.5720514552177227152 ) ) ;
#482 = VECTOR ( 'NONE', #1097, 1000.000000000000114 ) ;
#483 = CARTESIAN_POINT ( 'NONE',  ( -0.2657822345116034324, -0.2846732995501471408, 0.8996551381836606076 ) ) ;
#484 = ADVANCED_FACE ( 'NONE', ( #1536 ), #2297, .T. ) ;
#485 = LINE ( 'NONE', #664, #133 ) ;
#486 = MECHANICAL_CONTEXT ( 'NONE', #1404, 'mechanical' ) ;
#487 = AXIS2_PLACEMENT_3D ( 'NONE', #1494, #2474, #1331 ) ;
#488 = VERTEX_POINT ( 'NONE', #217 ) ;
#489 = ORIENTED_EDGE ( 'NONE', *, *, #51, .F. ) ;
#490 = CARTESIAN_POINT ( 'NONE',  ( -0.4430886666835944232, -0.1506935815064243955, 0.1910556672866977057 ) ) ;
#491 = DIRECTION ( 'NONE',  ( 1.659164075107389983E-15, -1.000000000000000000, 0.000000000000000000 ) ) ;
#492 = DIRECTION ( 'NONE',  ( 0.000000000000000000, 0.000000000000000000, 1.000000000000000000 ) ) ;
#493 = CARTESIAN_POINT ( 'NONE',  ( 0.4191629674249419679, 0.2607059753889179876, 0.8996551381836606076 ) ) ;
#494 = CARTESIAN_POINT ( 'NONE',  ( 0.001114692477801758471, 0.3326046382309090776, -0.5720514552177227152 ) ) ;
#495 = CC_DESIGN_PERSON_AND_ORGANIZATION_ASSIGNMENT ( #235, #2329, ( #93 ) ) ;
#496 = CARTESIAN_POINT ( 'NONE',  ( 0.5775838425849951774, -0.1464037527655085713, 0.8996551381836606076 ) ) ;
#497 = CARTESIAN_POINT ( 'NONE',  ( -0.6327214000498355695, -0.2472983676441100620, 0.8724013123799301272 ) ) ;
#498 = ADVANCED_FACE ( 'NONE', ( #971 ), #2248, .T. ) ;
#499 = VERTEX_POINT ( 'NONE', #1802 ) ;
#500 = CARTESIAN_POINT ( 'NONE',  ( 0.5995658725670371947, 0.1140003941589213393, 0.1909648212006852253 ) ) ;
#501 = ORIENTED_EDGE ( 'NONE', *, *, #2070, .T. ) ;
#502 = CARTESIAN_POINT ( 'NONE',  ( -0.6619141639860868231, 0.2399798419135719119, 0.08204036407178054435 ) ) ;
#503 = CARTESIAN_POINT ( 'NONE',  ( -0.004265775773948230452, 0.2455730376331801135, 0.8999276764416982433 ) ) ;
#504 = CARTESIAN_POINT ( 'NONE',  ( -0.2790833677404180868, -0.2018724732993279480, 0.2183094930904271314 ) ) ;
#505 = CARTESIAN_POINT ( 'NONE',  ( 0.4240601558247181213, 0.2875505206363245247, 0.08204036407178053047 ) ) ;
#506 = CARTESIAN_POINT ( 'NONE',  ( -0.7085994708969626243, 0.1151197561930499269, 0.8996551381836606076 ) ) ;
#507 = CARTESIAN_POINT ( 'NONE',  ( 0.03619981509411793197, -0.3268572397124361872, 0.08204036407178053047 ) ) ;
#508 = VERTEX_POINT ( 'NONE', #1971 ) ;
#509 = ADVANCED_FACE ( 'NONE', ( #266 ), #1867, .T. ) ;
#510 = CARTESIAN_POINT ( 'NONE',  ( 0.1579197389026627540, -0.2358876890030651985, 0.8905705295824152268 ) ) ;
#511 = ORIENTED_EDGE ( 'NONE', *, *, #146, .F. ) ;
#512 = CARTESIAN_POINT ( 'NONE',  ( 0.5995841676820446997, -0.1140893241806864716, 0.8724013123799301272 ) ) ;
#513 = CARTESIAN_POINT ( 'NONE',  ( -0.6327214000498355695, -0.2472983676441100620, 0.08204036407178053047 ) ) ;
#514 = CARTESIAN_POINT ( 'NONE',  ( -0.006466915231443068866, 0.2271398249786148460, 0.8814859209811752860 ) ) ;
#515 = LINE ( 'NONE', #381, #2367 ) ;
#516 = VECTOR ( 'NONE', #1834, 1000.000000000000000 ) ;
#517 = AXIS2_PLACEMENT_3D ( 'NONE', #1831, #2163, #1987 ) ;
#518 = LINE ( 'NONE', #1080, #1483 ) ;
#519 = DIRECTION ( 'NONE',  ( -0.2431731467175752837, 0.9699828971252392185, 0.000000000000000000 ) ) ;
#520 = ORIENTED_EDGE ( 'NONE', *, *, #925, .F. ) ;
#521 = AXIS2_PLACEMENT_3D ( 'NONE', #1694, #389, #591 ) ;
#522 = DIRECTION ( 'NONE',  ( 0.8660254037844387076, -0.4999999999999998890, 0.000000000000000000 ) ) ;
#523 = EDGE_CURVE ( 'NONE', #327, #2241, #810, .T. ) ;
#524 = ORIENTED_EDGE ( 'NONE', *, *, #1003, .T. ) ;
#525 = CARTESIAN_POINT ( 'NONE',  ( 0.05146391348882587563, 0.2173100262899050894, 0.8724374124410355646 ) ) ;
#526 = B_SPLINE_SURFACE_WITH_KNOTS ( 'NONE', 5, 1, ( 
 ( #1220, #282 ),
 ( #2190, #2199 ),
 ( #2024, #496 ),
 ( #1260, #1820 ),
 ( #868, #1796 ),
 ( #856, #91 ),
 ( #1622, #2392 ),
 ( #2405, #2368 ),
 ( #845, #120 ),
 ( #1634, #1612 ),
 ( #2211, #663 ),
 ( #1427, #469 ),
 ( #676, #1437 ),
 ( #321, #1067 ),
 ( #1232, #2000 ),
 ( #297, #903 ),
 ( #1687, #1131 ),
 ( #703, #357 ),
 ( #1466, #737 ),
 ( #1116, #2443 ),
 ( #2233, #1269 ),
 ( #1664, #542 ),
 ( #167, #713 ),
 ( #725, #2033 ),
 ( #1102, #1699 ) ),
 .UNSPECIFIED., .F., .F., .F.,
 ( 6, 1, 1, 1, 1, 1, 1, 1, 1, 1, 1, 1, 1, 1, 1, 1, 1, 1, 1, 1, 6 ),
 ( 2, 2 ),
 ( -0.9819421285966740687, -0.9499999999999999556, -0.9000000000000000222, -0.8499999999999999778, -0.8000000000000000444, -0.7500000000000000000, -0.6999999999999999556, -0.6500000000000000222, -0.5999999999999999778, -0.5500000000000000444, -0.5000000000000000000, -0.4500000000000000111, -0.4000000000000000222, -0.3499999999999999778, -0.2999999999999999889, -0.2500000000000000000, -0.2000000000000000111, -0.1499999999999999944, -0.1000000000000000056, -0.05000000000000000278, -0.01995061059806790132 ),
 ( 0.000000000000000000, 1.500000000000000000 ),
 .UNSPECIFIED. ) ;
#527 = CARTESIAN_POINT ( 'NONE',  ( 3.851801101678322900E-05, 0.2271142233541935673, 0.8814859209811752860 ) ) ;
#528 = CARTESIAN_POINT ( 'NONE',  ( -0.4463023688951743839, -0.1685889235451784873, 0.2092248844891836101 ) ) ;
#529 = CARTESIAN_POINT ( 'NONE',  ( -0.7358532967006913283, 0.03837330303437666568, 0.08204036407178053047 ) ) ;
#530 = CARTESIAN_POINT ( 'NONE',  ( -0.6618946569374067890, -0.2400455890334399212, 0.08204036407178053047 ) ) ;
#531 = DIRECTION ( 'NONE',  ( -0.7071067811865490160, -1.500263636182088525E-15, 0.7071067811865461294 ) ) ;
#532 = ORIENTED_EDGE ( 'NONE', *, *, #277, .T. ) ;
#533 = FACE_OUTER_BOUND ( 'NONE', #2251, .T. ) ;
#534 = CARTESIAN_POINT ( 'NONE',  ( -0.6062116141558379079, -0.1415554360274067780, 0.8724013123799301272 ) ) ;
#535 = ORIENTED_EDGE ( 'NONE', *, *, #1855, .T. ) ;
#536 = CARTESIAN_POINT ( 'NONE',  ( -0.1762609479000327162, 0.04368961999612854669, -0.8990973648624754899 ) ) ;
#537 = CARTESIAN_POINT ( 'NONE',  ( 0.5995841676820446997, 0.1140893789897108740, 0.8724013123799301272 ) ) ;
#538 = CARTESIAN_POINT ( 'NONE',  ( 0.6105978269165667216, 0.1676582471250032402, 0.8998368303556857351 ) ) ;
#539 = CARTESIAN_POINT ( 'NONE',  ( 0.7358532967006909953, -0.1140893241806869990, 0.8724013123799301272 ) ) ;
#540 = EDGE_CURVE ( 'NONE', #1070, #707, #37, .T. ) ;
#541 = DIRECTION ( 'NONE',  ( 0.000000000000000000, 0.000000000000000000, -1.000000000000000000 ) ) ;
#542 = CARTESIAN_POINT ( 'NONE',  ( -0.5550552898535445756, -0.1538952722873876133, 0.8996551381836606076 ) ) ;
#543 = CARTESIAN_POINT ( 'NONE',  ( 0.6270268401933104530, 0.2475666251739945534, 0.8724013123799301272 ) ) ;
#544 = CARTESIAN_POINT ( 'NONE',  ( -0.5104732492711646641, 0.1374597196108110486, 0.1910556672866977057 ) ) ;
#545 = ORIENTED_EDGE ( 'NONE', *, *, #2242, .T. ) ;
#546 = CARTESIAN_POINT ( 'NONE',  ( 0.03824594356581643290, -0.1903921473619002713, 0.1910556672866977057 ) ) ;
#547 = CARTESIAN_POINT ( 'NONE',  ( 0.1587633814206976246, -0.2449653963801686207, 0.8996551381836606076 ) ) ;
#548 = VERTEX_POINT ( 'NONE', #1515 ) ;
#549 = PLANE ( 'NONE',  #1930 ) ;
#550 = DIRECTION ( 'NONE',  ( 0.000000000000000000, 0.000000000000000000, 1.000000000000000000 ) ) ;
#551 = CARTESIAN_POINT ( 'NONE',  ( 0.6574601815167003815, 0.2413095870402569842, 0.08204036407178053047 ) ) ;
#552 = CARTESIAN_POINT ( 'NONE',  ( -0.2688025215327515816, -0.3117592532392812754, 0.8724013123799301272 ) ) ;
#553 = CARTESIAN_POINT ( 'NONE',  ( 0.003805946261805793346, 0.3334180251427727448, -0.8990973648624754899 ) ) ;
#554 = EDGE_CURVE ( 'NONE', #1533, #1966, #937, .T. ) ;
#555 = CARTESIAN_POINT ( 'NONE',  ( -0.3270459051775013171, 4.639845717239876615E-08, -0.8990973648624754899 ) ) ;
#556 = CARTESIAN_POINT ( 'NONE',  ( 0.6050727021842969844, 0.1407848282265678763, 0.2183094930904271314 ) ) ;
#557 = CONICAL_SURFACE ( 'NONE', #2120, 0.04088073870559395806, 0.7853981633974476129 ) ;
#558 = CIRCLE ( 'NONE', #2325, 0.05450765160745860843 ) ;
#559 = VERTEX_POINT ( 'NONE', #1503 ) ;
#560 = CARTESIAN_POINT ( 'NONE',  ( 0.5811398080285953283, 0.2290737833231680509, 0.8996551381836606076 ) ) ;
#561 = CARTESIAN_POINT ( 'NONE',  ( 0.2208241661683459645, 0.1798602504277343472, 0.1907831290286603476 ) ) ;
#562 = VECTOR ( 'NONE', #1839, 1000.000000000000000 ) ;
#563 = ORIENTED_EDGE ( 'NONE', *, *, #1663, .T. ) ;
#564 = CARTESIAN_POINT ( 'NONE',  ( -0.6062116141558234750, -0.1415554360274107470, 0.2183094930904271314 ) ) ;
#565 = CARTESIAN_POINT ( 'NONE',  ( -0.6327211605859723864, 0.2472984807472898561, 0.08204036407178053047 ) ) ;
#566 = CARTESIAN_POINT ( 'NONE',  ( -0.006470212540912455811, 0.2178556464987707331, 0.8722018375597392348 ) ) ;
#567 = B_SPLINE_CURVE_WITH_KNOTS ( 'NONE', 3,
 ( #1660, #1078, #1497, #2454, #551, #901 ),
 .UNSPECIFIED., .F., .F.,
 ( 4, 2, 4 ),
 ( 0.000000000000000000, 0.5000000000000000000, 1.000000000000000000 ),
 .UNSPECIFIED. ) ;
#568 = FACE_OUTER_BOUND ( 'NONE', #1421, .T. ) ;
#569 = CARTESIAN_POINT ( 'NONE',  ( -0.7358532967006913283, 7.645503975375351133E-08, 0.08204036407178053047 ) ) ;
#570 = CARTESIAN_POINT ( 'NONE',  ( 0.7136743266890225312, -0.2071006778644734758, 0.08204036407178053047 ) ) ;
#571 = CARTESIAN_POINT ( 'NONE',  ( 0.5995841676820446997, 0.1140893789897108740, 0.08204036407178053047 ) ) ;
#572 = COORDINATED_UNIVERSAL_TIME_OFFSET ( 8, 0, .AHEAD. ) ;
#573 = ADVANCED_FACE ( 'NONE', ( #533 ), #2136, .T. ) ;
#574 = ORIENTED_EDGE ( 'NONE', *, *, #49, .T. ) ;
#575 = CARTESIAN_POINT ( 'NONE',  ( -0.1632069854486815352, -0.1856476054652432817, 0.1910556672866977057 ) ) ;
#576 = CARTESIAN_POINT ( 'NONE',  ( -0.6062557489202567984, 0.1417317394032481803, 0.2184911852624520368 ) ) ;
#577 = ADVANCED_FACE ( 'NONE', ( #1351 ), #50, .T. ) ;
#578 = ORIENTED_EDGE ( 'NONE', *, *, #1465, .F. ) ;
#579 = DIRECTION ( 'NONE',  ( 1.659164075107389983E-15, -1.000000000000000000, 0.000000000000000000 ) ) ;
#580 = LINE ( 'NONE', #565, #1243 ) ;
#581 = CARTESIAN_POINT ( 'NONE',  ( 2.032230861423768287E-06, 0.2178302116262822996, 0.8722018375597392348 ) ) ;
#582 = CARTESIAN_POINT ( 'NONE',  ( -0.1243020077142303198, 0.2460446731980948099, 0.8999276764416982433 ) ) ;
#583 = CARTESIAN_POINT ( 'NONE',  ( -0.1389461416663610727, -0.2988164753611328717, 0.8996551381836606076 ) ) ;
#584 = CARTESIAN_POINT ( 'NONE',  ( 0.5360361123465333666, -0.2095388018032599275, -0.2450055455729709952 ) ) ;
#585 = CARTESIAN_POINT ( 'NONE',  ( -2.087865092633769944E-16, 0.0001335668615007436287, 0.1910556672866977057 ) ) ;
#586 = ORIENTED_EDGE ( 'NONE', *, *, #906, .T. ) ;
#587 = CARTESIAN_POINT ( 'NONE',  ( 0.5015380984208239745, 0.1612883117661655652, 0.8996551381836606076 ) ) ;
#588 = CARTESIAN_POINT ( 'NONE',  ( 0.001682065071020290075, 0.2180230854462022749, 0.2183094930904271314 ) ) ;
#589 = ORIENTED_EDGE ( 'NONE', *, *, #1272, .F. ) ;
#590 = EDGE_CURVE ( 'NONE', #2241, #327, #921, .T. ) ;
#591 = DIRECTION ( 'NONE',  ( -0.2431731467175751726, 0.9699828971252393295, 0.000000000000000000 ) ) ;
#592 = CARTESIAN_POINT ( 'NONE',  ( -0.5995841676820451438, 0.1151197561930499269, 0.8996551381836606076 ) ) ;
#593 = B_SPLINE_SURFACE_WITH_KNOTS ( 'NONE', 3, 3, ( 
 ( #1008, #1926, #1748, #243, #583, #797, #405, #1575, #1781, #2160, #1347, #1758, #220 ),
 ( #1390, #54, #2324, #2351, #809, #1551, #1153, #28, #2310, #596, #435, #2123, #2340 ),
 ( #2149, #611, #973, #1960, #67, #1587, #821, #1401, #1165, #447, #2299, #1204, #1973 ),
 ( #268, #2111, #1938, #232, #986, #40, #1375, #1563, #115, #659, #1217, #1424, #2187 ) ),
 .UNSPECIFIED., .F., .F., .F.,
 ( 4, 4 ),
 ( 4, 2, 1, 2, 1, 2, 1, 4 ),
 ( 0.000000000000000000, 1.000000000000000000 ),
 ( 0.01995061059787820237, 0.3102863884395540284, 0.3102866650657274961, 0.5869125621830739714, 0.5869129076934199718, 0.9324229086300430680, 0.9324229581492630148, 0.9819421285966750679 ),
 .UNSPECIFIED. ) ;
#594 = CARTESIAN_POINT ( 'NONE',  ( 0.6067615456587269751, 0.2517331318794829853, 0.8996551381836606076 ) ) ;
#595 = CARTESIAN_POINT ( 'NONE',  ( 0.002286879229338870285, 0.2452747448458685586, 0.8996551381836606076 ) ) ;
#596 = CARTESIAN_POINT ( 'NONE',  ( 0.5626204018127949347, -0.2419466531178615099, 0.8905705295824152268 ) ) ;
#597 = CARTESIAN_POINT ( 'NONE',  ( -0.3360776195916035380, -0.2455250343231564769, -0.5720514552177227152 ) ) ;
#598 = CARTESIAN_POINT ( 'NONE',  ( -0.09200956625637279895, -0.2464849345759206611, 0.8996551381836606076 ) ) ;
#599 = APPROVAL_STATUS ( 'not_yet_approved' ) ;
#600 = CLOSED_SHELL ( 'NONE', ( #1524, #441, #1198, #993, #2275, #2125, #296, #1572, #1275, #653, #402, #625, #498, #1545, #2400, #1970, #1905, #1985, #1086, #2415, #577, #573, #509, #1997, #1823, #1101, #1468, #314, #1559, #2183, #2088, #63, #639, #1510, #236, #1072, #894, #2352, #2106, #1707, #761, #1845, #1630, #1340, #1891, #929, #94, #328, #484, #2092, #464, #877, #1480, #2320, #222 ) ) ;
#601 = ORIENTED_EDGE ( 'NONE', *, *, #1292, .T. ) ;
#602 = CARTESIAN_POINT ( 'NONE',  ( 0.5660919013130820687, 0.2597811244987421331, 0.8724013123799301272 ) ) ;
#603 = CARTESIAN_POINT ( 'NONE',  ( -0.09513608549997985830, 0.2002339827492714275, 0.2001402758879408106 ) ) ;
#604 = VECTOR ( 'NONE', #230, 1000.000000000000000 ) ;
#605 = ORIENTED_EDGE ( 'NONE', *, *, #958, .T. ) ;
#606 = VECTOR ( 'NONE', #613, 1000.000000000000000 ) ;
#607 = CARTESIAN_POINT ( 'NONE',  ( -0.7358532967006913283, 0.1151197561930499269, 0.8724013123799301272 ) ) ;
#608 = CARTESIAN_POINT ( 'NONE',  ( 0.6270268401933104530, 0.2475666251739945534, 0.8996551381836606076 ) ) ;
#609 = CARTESIAN_POINT ( 'NONE',  ( -0.5402734216363298536, 0.1862769519007364816, 0.8997459842696732268 ) ) ;
#610 = CONICAL_SURFACE ( 'NONE', #521, 0.1226422161167818048, 0.7853981633974476129 ) ;
#611 = CARTESIAN_POINT ( 'NONE',  ( -0.5244310554556805837, -0.2650815425581261042, 0.8814859209811752860 ) ) ;
#612 = CARTESIAN_POINT ( 'NONE',  ( -0.4300179296356719805, 0.1790718046617940373, 0.8723232529571618432 ) ) ;
#613 = DIRECTION ( 'NONE',  ( 0.000000000000000000, 0.000000000000000000, 1.000000000000000000 ) ) ;
#614 = DATE_AND_TIME ( #44, #1488 ) ;
#615 = CALENDAR_DATE ( 2026, 29, 6 ) ;
#616 = ORIENTED_EDGE ( 'NONE', *, *, #554, .T. ) ;
#617 = CARTESIAN_POINT ( 'NONE',  ( 0.01357719930368824456, 0.2179756768932273048, 0.08204036407178053047 ) ) ;
#618 = B_SPLINE_SURFACE_WITH_KNOTS ( 'NONE', 3, 3, ( 
 ( #1147, #815, #1570, #210, #802, #1368, #2293, #22 ),
 ( #576, #239, #1341, #631, #951, #2091, #1918, #387 ),
 ( #966, #2335, #1904, #1172, #1731, #199, #619, #33 ),
 ( #780, #1183, #1945, #1544, #1716, #588, #1933, #7 ),
 ( #767, #422, #2104, #1955, #1353, #792, #2116, #410 ),
 ( #981, #227, #249, #603, #1557, #2317, #992, #47 ),
 ( #2170, #544, #1265, #113, #2218, #1827, #670, #329 ),
 ( #899, #1075, #1842, #475, #142, #1290, #887, #2438 ),
 ( #1658, #2243, #862, #718, #1803, #99, #304, #1049 ),
 ( #2397, #852, #2019, #2387, #1240, #1445, #874, #2007 ) ),
 .UNSPECIFIED., .F., .F., .F.,
 ( 4, 3, 3, 4 ),
 ( 4, 1, 3, 4 ),
 ( -0.01000000000000000021, 0.000000000000000000, 1.000000000000000000, 1.010000000000000009 ),
 ( -0.9241718262913780624, -0.5280929170095600700, 1.229536619781080041E-05, 0.009254136582773570333 ),
 .UNSPECIFIED. ) ;
#619 = CARTESIAN_POINT ( 'NONE',  ( 0.003361741044714241979, 0.2181073311799645864, 0.2184003391764395841 ) ) ;
#620 = ORIENTED_EDGE ( 'NONE', *, *, #689, .F. ) ;
#621 = CARTESIAN_POINT ( 'NONE',  ( 0.6050325307808082087, 0.1405894402478378713, 0.8722018375597392348 ) ) ;
#622 = CARTESIAN_POINT ( 'NONE',  ( -0.4430886666835944232, -0.1506935815064243955, 0.1910556672866977057 ) ) ;
#623 = DIRECTION ( 'NONE',  ( -1.642736708027120158E-15, 1.000000000000000000, 0.000000000000000000 ) ) ;
#624 = CARTESIAN_POINT ( 'NONE',  ( -0.4034199649740460303, -0.2967696674840783477, 0.08204036407178053047 ) ) ;
#625 = ADVANCED_FACE ( 'NONE', ( #1171 ), #1210, .T. ) ;
#626 = FACE_OUTER_BOUND ( 'NONE', #922, .T. ) ;
#627 = APPROVAL_ROLE ( '' ) ;
#628 = B_SPLINE_CURVE_WITH_KNOTS ( 'NONE', 3,
 ( #1418, #704, #1467, #107 ),
 .UNSPECIFIED., .F., .F.,
 ( 4, 4 ),
 ( 0.000000000000000000, 1.000000000000000000 ),
 .UNSPECIFIED. ) ;
#629 = ORIENTED_EDGE ( 'NONE', *, *, #1137, .T. ) ;
#630 = CARTESIAN_POINT ( 'NONE',  ( 0.1967601879794761699, 0.2077841060590670252, 0.8996551381836606076 ) ) ;
#631 = CARTESIAN_POINT ( 'NONE',  ( -0.09595745890386683796, 0.2185884982036300495, 0.2184911852624520368 ) ) ;
#632 = ORIENTED_EDGE ( 'NONE', *, *, #2419, .T. ) ;
#633 = CARTESIAN_POINT ( 'NONE',  ( -0.5149464667985543809, 0.1626927594119736697, 0.08204036407178053047 ) ) ;
#634 = CARTESIAN_POINT ( 'NONE',  ( -4.409819076903396386E-07, 0.2180296977037497475, 0.2183094930904271314 ) ) ;
#635 = DIRECTION ( 'NONE',  ( -1.659164075107389983E-15, 1.000000000000000000, 0.000000000000000000 ) ) ;
#636 = CARTESIAN_POINT ( 'NONE',  ( -0.007788414374511478701, 0.3267755233578321650, 0.08204036407178053047 ) ) ;
#637 = CARTESIAN_POINT ( 'NONE',  ( -0.6540918192895035510, -0.05755969205945597744, 0.8996551381836606076 ) ) ;
#638 = DIRECTION ( 'NONE',  ( 0.000000000000000000, 0.000000000000000000, 1.000000000000000000 ) ) ;
#639 = ADVANCED_FACE ( 'NONE', ( #1068 ), #846, .T. ) ;
#640 = CARTESIAN_POINT ( 'NONE',  ( 2.862389116021504281E-06, 0.2180296847243810843, 0.8724013123799301272 ) ) ;
#641 = CARTESIAN_POINT ( 'NONE',  ( -0.2688037489387165579, 0.3117593879147139146, 0.8724013123799301272 ) ) ;
#642 = ORIENTED_EDGE ( 'NONE', *, *, #156, .T. ) ;
#643 = CARTESIAN_POINT ( 'NONE',  ( 0.2802780914648750898, -0.3128689328068120501, 0.08204036407178053047 ) ) ;
#644 = CARTESIAN_POINT ( 'NONE',  ( -0.1007040234510738208, -0.1742909182823668413, -0.02697493914313670374 ) ) ;
#645 = VECTOR ( 'NONE', #1113, 1000.000000000000000 ) ;
#646 = AXIS2_PLACEMENT_3D ( 'NONE', #1051, #1816, #864 ) ;
#647 = LINE ( 'NONE', #116, #1680 ) ;
#648 = CARTESIAN_POINT ( 'NONE',  ( -0.5995841676820451438, 0.1151197561930499269, 0.8860282252817943682 ) ) ;
#649 = COORDINATED_UNIVERSAL_TIME_OFFSET ( 8, 0, .AHEAD. ) ;
#650 = CARTESIAN_POINT ( 'NONE',  ( -0.6062115662630501722, 0.1415555011038434063, 0.2183094930904271314 ) ) ;
#651 = FACE_OUTER_BOUND ( 'NONE', #963, .T. ) ;
#652 = EDGE_LOOP ( 'NONE', ( #2028, #1251, #1314, #2134, #1469, #2192 ) ) ;
#653 = ADVANCED_FACE ( 'NONE', ( #651 ), #883, .T. ) ;
#654 = CARTESIAN_POINT ( 'NONE',  ( 0.2208577650334398734, 0.1801309715906871389, 0.1910556672866977057 ) ) ;
#655 = EDGE_LOOP ( 'NONE', ( #2093, #489, #520, #545 ) ) ;
#656 = CARTESIAN_POINT ( 'NONE',  ( -0.2034611908428765603, 0.2092702663750769798, 0.8996551381836606076 ) ) ;
#657 = CARTESIAN_POINT ( 'NONE',  ( 0.2231018272040795614, 0.1981796440691469818, 0.2092248844891836101 ) ) ;
#658 = DIRECTION ( 'NONE',  ( 1.000000000000000000, 0.000000000000000000, 0.000000000000000000 ) ) ;
#659 = CARTESIAN_POINT ( 'NONE',  ( 0.5661029012467865273, -0.2597790015735012559, 0.8724013123799301272 ) ) ;
#660 = DIRECTION ( 'NONE',  ( -1.000000000000000000, -1.740447208690611218E-15, 0.000000000000000000 ) ) ;
#661 = CARTESIAN_POINT ( 'NONE',  ( 0.6270268401933104530, 0.2475666251739945534, 0.8724013123799301272 ) ) ;
#662 = SHAPE_DEFINITION_REPRESENTATION ( #2359, #271 ) ;
#663 = CARTESIAN_POINT ( 'NONE',  ( 0.1326150031409376040, -0.2134634046445925692, 0.8996551381836606076 ) ) ;
#664 = CARTESIAN_POINT ( 'NONE',  ( 0.6270270682207621515, -0.2475665234827495731, 0.8724013123799301272 ) ) ;
#665 = ORIENTED_EDGE ( 'NONE', *, *, #847, .F. ) ;
#666 = CARTESIAN_POINT ( 'NONE',  ( 0.4225720188440733049, 0.1487506143823033866, 0.1910556672866977057 ) ) ;
#667 = EDGE_CURVE ( 'NONE', #1679, #1616, #869, .T. ) ;
#668 = ORIENTED_EDGE ( 'NONE', *, *, #2433, .T. ) ;
#669 = CARTESIAN_POINT ( 'NONE',  ( -0.3366432131659008453, 0.1936927128981761892, 0.8996551381836606076 ) ) ;
#670 = CARTESIAN_POINT ( 'NONE',  ( 0.003206786013364591650, 0.1907630570123638181, 0.1910556672866977057 ) ) ;
#671 = CARTESIAN_POINT ( 'NONE',  ( 0.002149058100404648702, 0.2179304028183284281, 0.8723104662939176190 ) ) ;
#672 = CARTESIAN_POINT ( 'NONE',  ( 0.6268379934857735147, 0.05704484899705269951, 0.8724013123799301272 ) ) ;
#673 = CARTESIAN_POINT ( 'NONE',  ( 0.5995841676820446997, 0.1140893789897108740, 0.1910556672866977057 ) ) ;
#674 = CARTESIAN_POINT ( 'NONE',  ( 0.5995841676820446997, 0.05711147292560655314, 0.1910556672866977057 ) ) ;
#675 = CARTESIAN_POINT ( 'NONE',  ( 0.2789014834010354882, 0.1712254629337420786, -0.8990973648624754899 ) ) ;
#676 = CARTESIAN_POINT ( 'NONE',  ( 0.0006440917898949139733, -0.2186152982536784251, 0.08204036407178053047 ) ) ;
#677 = LINE ( 'NONE', #1428, #516 ) ;
#678 = ORIENTED_EDGE ( 'NONE', *, *, #2055, .F. ) ;
#679 = ORIENTED_EDGE ( 'NONE', *, *, #2339, .T. ) ;
#680 = VECTOR ( 'NONE', #1792, 1000.000000000000000 ) ;
#681 = CARTESIAN_POINT ( 'NONE',  ( 0.6013603833818561561, 0.2250197190762775745, 0.8996551381836606076 ) ) ;
#682 = CARTESIAN_POINT ( 'NONE',  ( 0.3315509966413147658, 0.2214677236159623419, 0.8996551381836606076 ) ) ;
#683 = CARTESIAN_POINT ( 'NONE',  ( -0.6404649063876391990, -0.05755969205945597744, 0.8860282252817943682 ) ) ;
#684 = EDGE_CURVE ( 'NONE', #936, #1173, #2406, .T. ) ;
#685 = CARTESIAN_POINT ( 'NONE',  ( -0.7358532967006913283, 7.645503975375351133E-08, 0.08204036407178053047 ) ) ;
#686 = VECTOR ( 'NONE', #310, 1000.000000000000000 ) ;
#687 = CARTESIAN_POINT ( 'NONE',  ( 0.7358532967006909953, 0.1140893789897108740, 0.8724013123799301272 ) ) ;
#688 = CARTESIAN_POINT ( 'NONE',  ( 0.3208462707705009853, -0.06356271956805882584, -0.8990973648624754899 ) ) ;
#689 = EDGE_CURVE ( 'NONE', #559, #1493, #41, .T. ) ;
#690 = CARTESIAN_POINT ( 'NONE',  ( 0.5964277208894048776, 0.1236315178590967484, -0.2450055455729709952 ) ) ;
#691 = CARTESIAN_POINT ( 'NONE',  ( 0.2766966741709521171, -0.2857877620313466482, 0.8996551381836606076 ) ) ;
#692 = CARTESIAN_POINT ( 'NONE',  ( 0.7358867724339301919, 0.03802754601476703022, 0.08201688765445096230 ) ) ;
#693 = LOCAL_TIME ( 8, 12, 0.000000000000000000, #1324 ) ;
#694 = ORIENTED_EDGE ( 'NONE', *, *, #667, .F. ) ;
#695 = VERTEX_POINT ( 'NONE', #1032 ) ;
#696 = CARTESIAN_POINT ( 'NONE',  ( -0.01127852587258332782, -0.1910516854847150447, 0.1910556672866977057 ) ) ;
#697 = CARTESIAN_POINT ( 'NONE',  ( 0.6050727021842959852, 0.1407848282265675433, 0.08204036407178053047 ) ) ;
#698 = DIRECTION ( 'NONE',  ( 0.000000000000000000, 0.000000000000000000, 1.000000000000000000 ) ) ;
#699 = CARTESIAN_POINT ( 'NONE',  ( 0.6105612366865516005, 0.1674802774634241986, 0.8996551381836606076 ) ) ;
#700 = LINE ( 'NONE', #1053, #2407 ) ;
#701 = CARTESIAN_POINT ( 'NONE',  ( 0.5783973667943734798, 0.1761558371317206162, -0.2450055455729709952 ) ) ;
#702 = EDGE_CURVE ( 'NONE', #1046, #1934, #485, .T. ) ;
#703 = CARTESIAN_POINT ( 'NONE',  ( -0.3366432218512637742, -0.1936925951081403530, 0.08204036407178053047 ) ) ;
#704 = CARTESIAN_POINT ( 'NONE',  ( -0.7358532967006913283, 0.03837330303437666568, 0.08204036407178053047 ) ) ;
#705 = ORIENTED_EDGE ( 'NONE', *, *, #523, .T. ) ;
#706 = DIRECTION ( 'NONE',  ( 1.000000000000000000, 0.000000000000000000, 0.000000000000000000 ) ) ;
#707 = VERTEX_POINT ( 'NONE', #1454 ) ;
#708 = CARTESIAN_POINT ( 'NONE',  ( 0.0001065945774715724623, 0.2452833133202401428, 0.8996551381836606076 ) ) ;
#709 = LINE ( 'NONE', #2066, #258 ) ;
#710 = CARTESIAN_POINT ( 'NONE',  ( 0.5271135608220921531, 0.1847296844160002671, 0.8997459842696732268 ) ) ;
#711 = CARTESIAN_POINT ( 'NONE',  ( 0.0001065945774715724623, 0.2452833133202401428, 0.8996551381836606076 ) ) ;
#712 = CARTESIAN_POINT ( 'NONE',  ( 0.2802743289489421641, 0.3128851945451833205, 0.08204036407178053047 ) ) ;
#713 = CARTESIAN_POINT ( 'NONE',  ( -0.5830585316366503346, -0.1472901959415055251, 0.8996551381836606076 ) ) ;
#714 = CARTESIAN_POINT ( 'NONE',  ( -2.087865092633769944E-16, 0.0001335668615007436287, -0.02697493914313670374 ) ) ;
#715 = ORIENTED_EDGE ( 'NONE', *, *, #17, .T. ) ;
#716 = CARTESIAN_POINT ( 'NONE',  ( -0.2828594050342699284, -0.2298257916858494621, 0.8996551381836606076 ) ) ;
#717 = ORIENTED_EDGE ( 'NONE', *, *, #1600, .T. ) ;
#718 = CARTESIAN_POINT ( 'NONE',  ( -0.09469506267406645195, 0.1909661232049229274, 0.1908739751146727726 ) ) ;
#719 = LINE ( 'NONE', #2080, #1762 ) ;
#720 = CARTESIAN_POINT ( 'NONE',  ( 0.7358532967006909953, 0.1140893789897108740, 0.08204036407178053047 ) ) ;
#721 = CARTESIAN_POINT ( 'NONE',  ( -0.6268379934857738478, -0.1151197031233048701, 0.2183094930904271314 ) ) ;
#722 = CARTESIAN_POINT ( 'NONE',  ( -0.08917581507914722205, 0.3269091717708268452, -0.5720514552177227152 ) ) ;
#723 = AXIS2_PLACEMENT_3D ( 'NONE', #1598, #448, #660 ) ;
#724 = AXIS2_PLACEMENT_3D ( 'NONE', #1806, #117, #466 ) ;
#725 = CARTESIAN_POINT ( 'NONE',  ( -0.5999298423069318043, -0.1431302781866934659, 0.08204036407178053047 ) ) ;
#726 = CARTESIAN_POINT ( 'NONE',  ( -0.7358532967006913283, 0.1151197561930499269, 0.08204036407178053047 ) ) ;
#727 = ORIENTED_EDGE ( 'NONE', *, *, #281, .T. ) ;
#728 = AXIS2_PLACEMENT_3D ( 'NONE', #2451, #1920, #2282 ) ;
#729 = PLANE ( 'NONE',  #2004 ) ;
#730 = ORIENTED_EDGE ( 'NONE', *, *, #2210, .T. ) ;
#731 = EDGE_CURVE ( 'NONE', #315, #2374, #2001, .T. ) ;
#732 = LINE ( 'NONE', #2267, #177 ) ;
#733 = DIRECTION ( 'NONE',  ( 6.009258394948630209E-16, 1.000000000000000000, 0.000000000000000000 ) ) ;
#734 = CARTESIAN_POINT ( 'NONE',  ( -0.004298437483956450873, 0.2271312911038077531, 0.8814859209811752860 ) ) ;
#735 = LINE ( 'NONE', #539, #1724 ) ;
#736 = DIRECTION ( 'NONE',  ( -1.000000000000000000, -1.657568770181534306E-15, 0.000000000000000000 ) ) ;
#737 = CARTESIAN_POINT ( 'NONE',  ( -0.4002787477726574838, -0.1839816133342329352, 0.8996551381836606076 ) ) ;
#738 = CARTESIAN_POINT ( 'NONE',  ( 0.6574603608502506136, -0.2413094411715845655, 0.08204036407178054435 ) ) ;
#739 = ORIENTED_EDGE ( 'NONE', *, *, #1625, .F. ) ;
#740 = CARTESIAN_POINT ( 'NONE',  ( -0.2870378259211350258, 0.1811822376423689041, -0.8990958282831551518 ) ) ;
#741 = ORIENTED_EDGE ( 'NONE', *, *, #1625, .T. ) ;
#742 = DIRECTION ( 'NONE',  ( 1.000000000000000000, -3.004629197474320035E-16, 0.000000000000000000 ) ) ;
#743 = CARTESIAN_POINT ( 'NONE',  ( 0.6270268401933104530, 0.2475666251739945534, 0.8724013123799301272 ) ) ;
#744 = EDGE_CURVE ( 'NONE', #1717, #1274, #677, .T. ) ;
#745 = CARTESIAN_POINT ( 'NONE',  ( 0.3315660405816959755, 0.2215574054276051030, 0.8997459842696732268 ) ) ;
#746 = DIRECTION ( 'NONE',  ( -0.4999999999999998890, 0.8660254037844387076, 0.000000000000000000 ) ) ;
#747 = CARTESIAN_POINT ( 'NONE',  ( -0.3040986447235287105, 0.1246339895563802758, -0.8990973648624754899 ) ) ;
#748 = CARTESIAN_POINT ( 'NONE',  ( -0.3270459051775013171, -0.02376373349324531828, -0.8990973648624754899 ) ) ;
#749 = CARTESIAN_POINT ( 'NONE',  ( -0.4034277858379735626, 0.2967474876522089855, 0.8724013123799301272 ) ) ;
#750 = EDGE_LOOP ( 'NONE', ( #2305, #2237, #1238, #1751 ) ) ;
#751 = CARTESIAN_POINT ( 'NONE',  ( 0.5626094493616160541, 0.2419487667702522049, 0.8905705295824152268 ) ) ;
#752 = CARTESIAN_POINT ( 'NONE',  ( -0.2795684377545120669, -0.2027617640752763795, 0.8724013123799301272 ) ) ;
#753 = ORIENTED_EDGE ( 'NONE', *, *, #2256, .T. ) ;
#754 = LINE ( 'NONE', #941, #1885 ) ;
#755 = CARTESIAN_POINT ( 'NONE',  ( 0.5498147298249118631, -0.1521458077167683609, 0.8724013123799301272 ) ) ;
#756 = CARTESIAN_POINT ( 'NONE',  ( 0.2802720099590925162, 0.3128698759335805657, 0.08204036407178053047 ) ) ;
#757 = EDGE_CURVE ( 'NONE', #420, #1161, #858, .T. ) ;
#758 = CARTESIAN_POINT ( 'NONE',  ( 0.002240586616288266220, 0.2361901872939609071, 0.8905705295824152268 ) ) ;
#759 = CARTESIAN_POINT ( 'NONE',  ( -0.4119873851350007721, 0.1852991205701684518, -0.5720514552177227152 ) ) ;
#760 = CARTESIAN_POINT ( 'NONE',  ( 0.2931943118422044581, -0.1459680952881465266, -0.8990973648624754899 ) ) ;
#761 = ADVANCED_FACE ( 'NONE', ( #1045 ), #1809, .F. ) ;
#762 = CARTESIAN_POINT ( 'NONE',  ( 0.1007040234510735016, 0.1745580520053682805, 0.08204036407178053047 ) ) ;
#763 = PERSON_AND_ORGANIZATION ( #1725, #1645 ) ;
#764 = AXIS2_PLACEMENT_3D ( 'NONE', #43, #2416, #449 ) ;
#765 = ORIENTED_EDGE ( 'NONE', *, *, #2290, .T. ) ;
#766 = CARTESIAN_POINT ( 'NONE',  ( 0.5846817000633645067, 0.2468945330688679662, 0.8814859209811752860 ) ) ;
#767 = CARTESIAN_POINT ( 'NONE',  ( -0.6040024334027193076, 0.1327435861335777290, 0.2092248844891836101 ) ) ;
#768 = AXIS2_PLACEMENT_3D ( 'NONE', #214, #189, #1734 ) ;
#769 = ORIENTED_EDGE ( 'NONE', *, *, #1272, .T. ) ;
#770 = CARTESIAN_POINT ( 'NONE',  ( -0.6260939535762773955, -0.2208626347399488821, 0.8996551381836606076 ) ) ;
#771 = CARTESIAN_POINT ( 'NONE',  ( -0.4065844343668912342, 0.1844345343731073894, 0.2183378311230901592 ) ) ;
#772 = CARTESIAN_POINT ( 'NONE',  ( 0.1258800293138419568, 0.1309519307194014492, -0.02697493914313670374 ) ) ;
#773 = CARTESIAN_POINT ( 'NONE',  ( 0.6540918192895032179, 0.05704484899705269951, 0.8996551381836606076 ) ) ;
#774 = CARTESIAN_POINT ( 'NONE',  ( -0.2410417594867614866, 0.2313755718413504636, -0.8990973648624754899 ) ) ;
#775 = CARTESIAN_POINT ( 'NONE',  ( -0.1148388697048104007, -0.3265232245493924212, -0.2450055455729709952 ) ) ;
#776 = CARTESIAN_POINT ( 'NONE',  ( -0.6128390606296026943, -0.1679911689315163048, 0.8996551381836606076 ) ) ;
#777 = EDGE_CURVE ( 'NONE', #2005, #968, #628, .T. ) ;
#778 = VERTEX_POINT ( 'NONE', #2212 ) ;
#779 = CARTESIAN_POINT ( 'NONE',  ( 0.4450338046573428241, 0.1716322366478860717, 0.08204036407178053047 ) ) ;
#780 = CARTESIAN_POINT ( 'NONE',  ( -0.6062115662630501722, 0.1415555011038429067, 0.2183094930904271314 ) ) ;
#781 = VERTEX_POINT ( 'NONE', #857 ) ;
#782 = CARTESIAN_POINT ( 'NONE',  ( 0.7358532967006909953, -0.1140893241806869990, 0.08204036407178053047 ) ) ;
#783 = CARTESIAN_POINT ( 'NONE',  ( 2.862389116021504281E-06, 0.2180296847243810843, 0.2183094930904271314 ) ) ;
#784 = CARTESIAN_POINT ( 'NONE',  ( 0.1222312845512096291, 0.3229162197649152466, 0.08204036407178053047 ) ) ;
#785 = CARTESIAN_POINT ( 'NONE',  ( -0.1242963129993350790, 0.2459538387305694185, 0.8998368303556857351 ) ) ;
#786 = CARTESIAN_POINT ( 'NONE',  ( -0.1007040234510738208, -0.1742909182823668413, -0.8990973648624754899 ) ) ;
#787 = CARTESIAN_POINT ( 'NONE',  ( 0.5964277971401968914, -0.1236311219085936552, -0.2450055455729709952 ) ) ;
#788 = CARTESIAN_POINT ( 'NONE',  ( 0.5995841676820446997, -0.1140893241806864716, 0.8860282252817943682 ) ) ;
#789 = APPROVAL_DATE_TIME ( #2314, #1391 ) ;
#790 = ORIENTED_EDGE ( 'NONE', *, *, #1213, .T. ) ;
#791 = CARTESIAN_POINT ( 'NONE',  ( 0.5775838129438698454, 0.1464037675524340054, 0.8996551381836606076 ) ) ;
#792 = CARTESIAN_POINT ( 'NONE',  ( 0.001638171413630040273, 0.2089385749711618612, 0.2092248844891836101 ) ) ;
#793 = ORIENTED_EDGE ( 'NONE', *, *, #667, .T. ) ;
#794 = DIRECTION ( 'NONE',  ( 0.1424012904928950163, 0.6926195726847140799, 0.7071067811865491270 ) ) ;
#795 = CARTESIAN_POINT ( 'NONE',  ( -0.4034277858378869097, 0.2967474876522188665, 0.08204036407178053047 ) ) ;
#796 = CARTESIAN_POINT ( 'NONE',  ( -0.2758050202899046677, -0.1748070677650739035, 0.1910556672866977057 ) ) ;
#797 = CARTESIAN_POINT ( 'NONE',  ( -0.004093266290355424518, -0.3036371446931490081, 0.8996551381836606076 ) ) ;
#798 = CARTESIAN_POINT ( 'NONE',  ( 0.003807899044232964953, -0.3334180251427727448, -0.8990973648624754899 ) ) ;
#799 = CYLINDRICAL_SURFACE ( 'NONE', #2281, 0.1362691290186463788 ) ;
#800 = EDGE_LOOP ( 'NONE', ( #138, #5, #313, #1874, #535 ) ) ;
#801 = CARTESIAN_POINT ( 'NONE',  ( -0.1882565909362381718, -0.2790458662479454732, -0.8990942917039902449 ) ) ;
#802 = CARTESIAN_POINT ( 'NONE',  ( 3.981016455442230562E-06, 0.2183022206908682150, 0.2185820313484644895 ) ) ;
#803 = EDGE_LOOP ( 'NONE', ( #411, #765, #1479, #1889 ) ) ;
#804 = VECTOR ( 'NONE', #1085, 1000.000000000000000 ) ;
#805 = EDGE_CURVE ( 'NONE', #508, #208, #2180, .T. ) ;
#806 = CARTESIAN_POINT ( 'NONE',  ( 0.6050727021842959852, 0.1407848282265675433, 0.8724013123799301272 ) ) ;
#807 = CARTESIAN_POINT ( 'NONE',  ( -0.6106298319837216715, 0.1591793310443712361, 0.8905705295824152268 ) ) ;
#808 = VECTOR ( 'NONE', #2464, 1000.000000000000000 ) ;
#809 = CARTESIAN_POINT ( 'NONE',  ( -0.1394743822811806977, -0.3078958472562883797, 0.8905705295824152268 ) ) ;
#810 = B_SPLINE_CURVE_WITH_KNOTS ( 'NONE', 3,
 ( #1690, #1134, #316, #2102, #964, #2411, #1060, #740, #209, #2471 ),
 .UNSPECIFIED., .F., .F.,
 ( 4, 2, 2, 2, 4 ),
 ( 0.000000000000000000, 0.2500000000000000000, 0.5000000000000000000, 0.7500000000000000000, 1.000000000000000000 ),
 .UNSPECIFIED. ) ;
#811 = CARTESIAN_POINT ( 'NONE',  ( -0.1907343073284764878, 0.2099250148853173681, 0.8725212794508311331 ) ) ;
#812 = CARTESIAN_POINT ( 'NONE',  ( -0.6062115662630501722, 0.1415555011038429067, 0.08204036407178053047 ) ) ;
#813 = ORIENTED_EDGE ( 'NONE', *, *, #684, .T. ) ;
#814 = CARTESIAN_POINT ( 'NONE',  ( 0.1326149993189591203, 0.2134638837886576046, 0.8996551381836606076 ) ) ;
#815 = CARTESIAN_POINT ( 'NONE',  ( -0.5159631196908611717, 0.1644615226213625159, 0.2185820313484644895 ) ) ;
#816 = ORIENTED_EDGE ( 'NONE', *, *, #1649, .F. ) ;
#817 = CARTESIAN_POINT ( 'NONE',  ( -0.5550552658608228773, 0.1538952527710280294, 0.8996551381836606076 ) ) ;
#818 = CARTESIAN_POINT ( 'NONE',  ( -8.411632777995821336E-08, 0.2181205430888319419, 0.2184003391764395841 ) ) ;
#819 = CARTESIAN_POINT ( 'NONE',  ( -0.1226576507485074852, 0.2184209262873422763, 0.8723104662939176190 ) ) ;
#820 = EDGE_CURVE ( 'NONE', #1946, #2005, #1014, .T. ) ;
#821 = CARTESIAN_POINT ( 'NONE',  ( 0.1216586108999790916, -0.3138491827876154217, 0.8814859209811752860 ) ) ;
#822 = CYLINDRICAL_SURFACE ( 'NONE', #1236, 0.02725382580372919666 ) ;
#823 = CARTESIAN_POINT ( 'NONE',  ( 0.7358532967006909953, -0.1140893241806869990, 0.08204036407178053047 ) ) ;
#824 = ORIENTED_EDGE ( 'NONE', *, *, #2304, .T. ) ;
#825 = CARTESIAN_POINT ( 'NONE',  ( -0.1405372328605770937, 0.3260623622626366291, 0.8724013123799301272 ) ) ;
#826 = ORIENTED_EDGE ( 'NONE', *, *, #2152, .F. ) ;
#827 = CARTESIAN_POINT ( 'NONE',  ( -0.4034269716303394704, -0.2967476171704321319, 0.8996551381836606076 ) ) ;
#828 = CARTESIAN_POINT ( 'NONE',  ( 2.727492521304231590E-07, 0.2182113884739141363, 0.2184911852624520368 ) ) ;
#829 = CARTESIAN_POINT ( 'NONE',  ( 0.006573226768004093203, 0.2361730386441176222, 0.8905705295824152268 ) ) ;
#830 = DIRECTION ( 'NONE',  ( 0.1719493810521779409, -0.6858814841907996396, -0.7071067811865465735 ) ) ;
#831 = CC_DESIGN_DATE_AND_TIME_ASSIGNMENT ( #614, #2355, ( #93 ) ) ;
#832 = CARTESIAN_POINT ( 'NONE',  ( -0.6268379934857747360, 0.1151197561930499269, 0.08204036407178053047 ) ) ;
#833 = CARTESIAN_POINT ( 'NONE',  ( -0.6268379934857747360, 0.1151197561930499269, 0.2183094930904271314 ) ) ;
#834 = EDGE_CURVE ( 'NONE', #1529, #341, #1786, .T. ) ;
#835 = CARTESIAN_POINT ( 'NONE',  ( 0.4191713973166647511, -0.2607047460813841644, 0.8996551381836606076 ) ) ;
#836 = DIRECTION ( 'NONE',  ( -1.642736708027120158E-15, 1.000000000000000000, 0.000000000000000000 ) ) ;
#837 = VERTEX_POINT ( 'NONE', #2058 ) ;
#838 = CIRCLE ( 'NONE', #723, 0.1090153032149172169 ) ;
#839 = AXIS2_PLACEMENT_3D ( 'NONE', #114, #863, #658 ) ;
#840 = CARTESIAN_POINT ( 'NONE',  ( 0.006436127063748900944, 0.2180044242556457568, 0.08204036407178053047 ) ) ;
#841 = CARTESIAN_POINT ( 'NONE',  ( 0.002148132248143748684, 0.2177487116672902623, 0.8721287741218926026 ) ) ;
#842 = AXIS2_PLACEMENT_3D ( 'NONE', #1518, #1343, #1506 ) ;
#843 = CARTESIAN_POINT ( 'NONE',  ( -0.06363308662765601587, 0.2182795539251712602, 0.8724010934266340778 ) ) ;
#844 = CARTESIAN_POINT ( 'NONE',  ( -0.5208479306507592943, 0.2472476958868419783, 0.8996551381836606076 ) ) ;
#845 = CARTESIAN_POINT ( 'NONE',  ( 0.2598510234972283284, -0.2004434499093865341, 0.08204036407178053047 ) ) ;
#846 = PLANE ( 'NONE',  #2076 ) ;
#847 = EDGE_CURVE ( 'NONE', #778, #1773, #8, .T. ) ;
#848 = VERTEX_POINT ( 'NONE', #1501 ) ;
#849 = CARTESIAN_POINT ( 'NONE',  ( 0.2219777272032377735, 0.1891550103557785856, 0.2001402758879408106 ) ) ;
#850 = ORIENTED_EDGE ( 'NONE', *, *, #371, .F. ) ;
#851 = CARTESIAN_POINT ( 'NONE',  ( 0.1222349421435648537, -0.3229154916140041798, 0.8996551381836606076 ) ) ;
#852 = CARTESIAN_POINT ( 'NONE',  ( -0.5104189992946942533, 0.1371924383666255909, 0.1907831290286603476 ) ) ;
#853 = CARTESIAN_POINT ( 'NONE',  ( -0.0001075006562459798369, 0.1907760821762241044, 0.1910556672866977057 ) ) ;
#854 = CYLINDRICAL_SURFACE ( 'NONE', #211, 0.02725382580372919666 ) ;
#855 = FACE_OUTER_BOUND ( 'NONE', #1654, .T. ) ;
#856 = CARTESIAN_POINT ( 'NONE',  ( 0.4450338127955751899, -0.1716322925329045179, 0.08204036407178053047 ) ) ;
#857 = CARTESIAN_POINT ( 'NONE',  ( -0.6062115662627889368, 0.1415555011039084377, 0.2183094930904271869 ) ) ;
#858 = B_SPLINE_CURVE_WITH_KNOTS ( 'NONE', 3,
 ( #136, #1233, #1652, #692, #283, #298 ),
 .UNSPECIFIED., .F., .F.,
 ( 4, 2, 4 ),
 ( 0.000000000000000000, 5.734073818279811463E-05, 1.000000000000000000 ),
 .UNSPECIFIED. ) ;
#859 = ORIENTED_EDGE ( 'NONE', *, *, #1, .F. ) ;
#860 = ORIENTED_EDGE ( 'NONE', *, *, #1589, .F. ) ;
#861 = CARTESIAN_POINT ( 'NONE',  ( 0.4240651026586753636, -0.2875177233923882913, 0.8996551381836606076 ) ) ;
#862 = CARTESIAN_POINT ( 'NONE',  ( -0.2825986419964420793, 0.1790077228500395190, 0.1908739751146727726 ) ) ;
#863 = DIRECTION ( 'NONE',  ( 0.000000000000000000, 0.000000000000000000, 1.000000000000000000 ) ) ;
#864 = DIRECTION ( 'NONE',  ( -1.000000000000000000, -1.591266019374274393E-15, 0.000000000000000000 ) ) ;
#865 = DIRECTION ( 'NONE',  ( 0.000000000000000000, -1.000000000000000000, 1.659164075107404971E-15 ) ) ;
#866 = CARTESIAN_POINT ( 'NONE',  ( 0.5975542346335739330, -0.09722952835758161272, -0.2450181233004756209 ) ) ;
#867 = CARTESIAN_POINT ( 'NONE',  ( 0.1465011329274445995, 0.3035250710592178880, -0.8990973648624754899 ) ) ;
#868 = CARTESIAN_POINT ( 'NONE',  ( 0.5015381139358601192, -0.1612883712697847360, 0.08204036407178053047 ) ) ;
#869 = LINE ( 'NONE', #1785, #477 ) ;
#870 = EDGE_LOOP ( 'NONE', ( #813, #338, #2184, #826 ) ) ;
#871 = ORIENTED_EDGE ( 'NONE', *, *, #1213, .F. ) ;
#872 = VECTOR ( 'NONE', #1808, 999.9999999999998863 ) ;
#873 = CARTESIAN_POINT ( 'NONE',  ( 0.09971570475004944145, -0.1882452963695044890, 0.1910556672866977057 ) ) ;
#874 = CARTESIAN_POINT ( 'NONE',  ( 0.003205223462893122804, 0.1904905225372525157, 0.1907831290286603476 ) ) ;
#875 = CARTESIAN_POINT ( 'NONE',  ( 0.6270268401933104530, 0.2475666251739945534, 0.08204036407178053047 ) ) ;
#876 = CARTESIAN_POINT ( 'NONE',  ( 6.296148320408045313E-07, 0.2183022338589963862, 0.2185820313484644895 ) ) ;
#877 = ADVANCED_FACE ( 'NONE', ( #195 ), #1103, .T. ) ;
#878 = AXIS2_PLACEMENT_3D ( 'NONE', #2458, #1513, #168 ) ;
#879 = CARTESIAN_POINT ( 'NONE',  ( -0.004266197321823647810, 0.2453004982163539127, 0.8996551381836606076 ) ) ;
#880 = CARTESIAN_POINT ( 'NONE',  ( -0.4034269716304270115, -0.2967476171704223065, 0.8724013123799301272 ) ) ;
#881 = CARTESIAN_POINT ( 'NONE',  ( 0.6067660949819649874, 0.2517763545402138536, 0.08204036407178053047 ) ) ;
#882 = CARTESIAN_POINT ( 'NONE',  ( -0.004093266290355424518, -0.3036371446931490081, 0.8996551381836606076 ) ) ;
#883 = PLANE ( 'NONE',  #1761 ) ;
#884 = ORIENTED_EDGE ( 'NONE', *, *, #978, .F. ) ;
#885 = CARTESIAN_POINT ( 'NONE',  ( 0.08759498858852070302, 0.2177764646858321440, 0.2184003391764395841 ) ) ;
#886 = EDGE_LOOP ( 'NONE', ( #2114, #2382, #1754, #1224 ) ) ;
#887 = CARTESIAN_POINT ( 'NONE',  ( 0.003206265163207435657, 0.1906722121873266895, 0.1909648212006852253 ) ) ;
#888 = CARTESIAN_POINT ( 'NONE',  ( 0.2311068172050023684, 0.2035899033249886358, 0.8724969007743998972 ) ) ;
#889 = CARTESIAN_POINT ( 'NONE',  ( 0.6106161220315742266, 0.1677472319557927749, 0.8999276764416982433 ) ) ;
#890 = CC_DESIGN_PERSON_AND_ORGANIZATION_ASSIGNMENT ( #1941, #1964, ( #1328 ) ) ;
#891 = CARTESIAN_POINT ( 'NONE',  ( 0.1007315925629028441, -0.2063926592399032978, 0.2092248844891836101 ) ) ;
#892 = CARTESIAN_POINT ( 'NONE',  ( 0.7359277934776812247, 0.1451433083621357090, 0.08204036407178053047 ) ) ;
#893 = CARTESIAN_POINT ( 'NONE',  ( -0.7358532967006913283, -0.1151197031233048701, 0.08204036407178053047 ) ) ;
#894 = ADVANCED_FACE ( 'NONE', ( #1284 ), #1132, .T. ) ;
#895 = DIRECTION ( 'NONE',  ( 0.000000000000000000, 0.000000000000000000, -1.000000000000000000 ) ) ;
#896 = ORIENTED_EDGE ( 'NONE', *, *, #540, .T. ) ;
#897 = CARTESIAN_POINT ( 'NONE',  ( -0.5995841676820451438, 0.1151197561930499269, 0.08204036407178053047 ) ) ;
#898 = EDGE_LOOP ( 'NONE', ( #2037, #715, #2194, #1264 ) ) ;
#899 = CARTESIAN_POINT ( 'NONE',  ( -0.5995620763534543762, 0.1150316370433440288, 0.1909648212006852253 ) ) ;
#900 = PLANE ( 'NONE',  #2084 ) ;
#901 = CARTESIAN_POINT ( 'NONE',  ( 0.6270268401933104530, 0.2475666251739945534, 0.08204036407178053047 ) ) ;
#902 = CARTESIAN_POINT ( 'NONE',  ( 0.4275203492617974943, -0.1587402607297672963, 0.2001402758879408106 ) ) ;
#903 = CARTESIAN_POINT ( 'NONE',  ( -0.2034611980534910547, -0.2092698889052672373, 0.8996551381836606076 ) ) ;
#904 = LINE ( 'NONE', #762, #1365 ) ;
#905 = APPROVAL_STATUS ( 'not_yet_approved' ) ;
#906 = EDGE_CURVE ( 'NONE', #1773, #208, #919, .T. ) ;
#907 = EDGE_LOOP ( 'NONE', ( #586, #1370, #2357, #1124 ) ) ;
#908 = CARTESIAN_POINT ( 'NONE',  ( 0.1570760963846335179, -0.2268099816259620538, 0.8814859209811752860 ) ) ;
#909 = ORIENTED_EDGE ( 'NONE', *, *, #1167, .T. ) ;
#910 = CARTESIAN_POINT ( 'NONE',  ( -0.6268379934857738478, -0.1151197031233048701, 0.8724013123799301272 ) ) ;
#911 = CARTESIAN_POINT ( 'NONE',  ( 0.4579426106385764972, 0.1697481987057107289, 0.8722664323995814595 ) ) ;
#912 = CARTESIAN_POINT ( 'NONE',  ( 0.6105795318015591056, 0.1675692622942137333, 0.8997459842696732268 ) ) ;
#913 = CARTESIAN_POINT ( 'NONE',  ( -0.004299247447884861975, -0.3309590745361997710, 0.8724013123799301272 ) ) ;
#914 = CARTESIAN_POINT ( 'NONE',  ( -0.1405330648382636105, 0.3260738903002894928, 0.08204036407178053047 ) ) ;
#915 = B_SPLINE_CURVE_WITH_KNOTS ( 'NONE', 3,
 ( #1474, #176, #525, #1853, #2439, #2255, #888, #163, #127, #1866, #911, #1460, #930 ),
 .UNSPECIFIED., .F., .F.,
 ( 4, 3, 3, 3, 4 ),
 ( 1.491125403024840868E-19, 7.718748706687052403E-05, 0.0002317175367805493621, 0.0003861482433165880183, 0.0006110957604903627166 ),
 .UNSPECIFIED. ) ;
#916 = CIRCLE ( 'NONE', #2321, 0.02725382580372932503 ) ;
#917 = AXIS2_PLACEMENT_3D ( 'NONE', #788, #1590, #1952 ) ;
#918 = DIRECTION ( 'NONE',  ( 0.000000000000000000, 0.000000000000000000, 1.000000000000000000 ) ) ;
#919 = LINE ( 'NONE', #1081, #2404 ) ;
#920 = AXIS2_PLACEMENT_3D ( 'NONE', #1507, #1828, #342 ) ;
#921 = B_SPLINE_CURVE_WITH_KNOTS ( 'NONE', 3,
 ( #1967, #46, #1580, #801, #1406, #421, #980, #1752, #32, #1001 ),
 .UNSPECIFIED., .F., .F.,
 ( 4, 2, 2, 2, 4 ),
 ( 0.000000000000000000, 0.2499999999999999445, 0.4999999999999998890, 0.7499999999999997780, 1.000000000000000000 ),
 .UNSPECIFIED. ) ;
#922 = EDGE_LOOP ( 'NONE', ( #237, #668, #9, #1546 ) ) ;
#923 = CARTESIAN_POINT ( 'NONE',  ( -0.5226409904668543049, 0.2561634227438351341, 0.8905705295824152268 ) ) ;
#924 = CONICAL_SURFACE ( 'NONE', #728, 0.04088073870559395112, 0.7853981633974490562 ) ;
#925 = EDGE_CURVE ( 'NONE', #350, #1811, #129, .T. ) ;
#926 = CARTESIAN_POINT ( 'NONE',  ( 0.2014080469021471698, 0.0001335668615007436287, 0.08204036407178053047 ) ) ;
#927 = ORIENTED_EDGE ( 'NONE', *, *, #1262, .F. ) ;
#928 = FACE_OUTER_BOUND ( 'NONE', #1457, .T. ) ;
#929 = ADVANCED_FACE ( 'NONE', ( #1308 ), #1901, .F. ) ;
#930 = CARTESIAN_POINT ( 'NONE',  ( 0.6050727021842959852, 0.1407848282265677375, 0.8724013123799301272 ) ) ;
#931 = CARTESIAN_POINT ( 'NONE',  ( 0.0001106357651070222399, 0.2454649910193638374, 0.8998368303556857351 ) ) ;
#932 = LINE ( 'NONE', #721, #1237 ) ;
#933 = CARTESIAN_POINT ( 'NONE',  ( -0.2870041764619457036, 0.1579098324132885700, -0.8990973648624754899 ) ) ;
#934 = CARTESIAN_POINT ( 'NONE',  ( -0.5995678257152613488, -0.03350331389585895631, -0.2450055455729709952 ) ) ;
#935 = CARTESIAN_POINT ( 'NONE',  ( 2.862389116021504281E-06, 0.2180296847243810843, 0.2183094930904271314 ) ) ;
#936 = VERTEX_POINT ( 'NONE', #1323 ) ;
#937 = LINE ( 'NONE', #374, #169 ) ;
#938 = CARTESIAN_POINT ( 'NONE',  ( 0.6268379934857735147, 0.1140893789897108740, 0.2183094930904271314 ) ) ;
#939 = CC_DESIGN_PERSON_AND_ORGANIZATION_ASSIGNMENT ( #2459, #1285, ( #2311 ) ) ;
#940 = ORIENTED_EDGE ( 'NONE', *, *, #1981, .F. ) ;
#941 = CARTESIAN_POINT ( 'NONE',  ( 0.05035201639584489103, -0.1742909182823668413, -0.8990973648624754899 ) ) ;
#942 = CARTESIAN_POINT ( 'NONE',  ( -0.6062115662627889368, 0.1415555011039084377, 0.2183094930904271869 ) ) ;
#943 = EDGE_CURVE ( 'NONE', #1493, #1161, #1309, .T. ) ;
#944 = CARTESIAN_POINT ( 'NONE',  ( 0.3270037071501878390, 0.1943625033104598443, 0.8722018375597392348 ) ) ;
#945 = CARTESIAN_POINT ( 'NONE',  ( -0.6017933165066472467, -0.1239316140913376552, 0.2001402758879408106 ) ) ;
#946 = CARTESIAN_POINT ( 'NONE',  ( -0.1007040234510738208, 0.1745580520053682805, 0.08204036407178053047 ) ) ;
#947 = CARTESIAN_POINT ( 'NONE',  ( -0.7358830762764378974, -0.1452107544072758494, 0.08204036407178053047 ) ) ;
#948 = CARTESIAN_POINT ( 'NONE',  ( 0.5436655794025933019, 0.1255861362971470718, 0.1910556672866977057 ) ) ;
#949 = ORIENTED_EDGE ( 'NONE', *, *, #2447, .T. ) ;
#950 = CARTESIAN_POINT ( 'NONE',  ( -0.5462937577575694981, -0.1284796254913104785, 0.1910556672866977057 ) ) ;
#951 = CARTESIAN_POINT ( 'NONE',  ( 3.623993464792574612E-06, 0.2182113753064044981, 0.2184911852624520368 ) ) ;
#952 = B_SPLINE_CURVE_WITH_KNOTS ( 'NONE', 3,
 ( #2465, #502, #2244, #1843, #2230, #365 ),
 .UNSPECIFIED., .F., .F.,
 ( 4, 2, 4 ),
 ( 0.000000000000000000, 0.5000000000000000000, 1.000000000000000000 ),
 .UNSPECIFIED. ) ;
#953 = ORIENTED_EDGE ( 'NONE', *, *, #1434, .F. ) ;
#954 = CARTESIAN_POINT ( 'NONE',  ( -0.6268379934857747360, -0.05749306813090266505, 0.2183094930904271314 ) ) ;
#955 = CARTESIAN_POINT ( 'NONE',  ( -0.1021202905665692523, 0.2184306755254142307, 0.2183091417842361603 ) ) ;
#956 = CARTESIAN_POINT ( 'NONE',  ( 0.5660919013130820687, 0.2597811244987421331, 0.8996551381836606076 ) ) ;
#957 = DIRECTION ( 'NONE',  ( -1.060846590711940157E-15, 1.000000000000000000, 0.000000000000000000 ) ) ;
#958 = EDGE_CURVE ( 'NONE', #1701, #778, #1583, .T. ) ;
#959 = CARTESIAN_POINT ( 'NONE',  ( 0.6067698970642115830, -0.2517755549762097367, 0.08204036407178053047 ) ) ;
#960 = CARTESIAN_POINT ( 'NONE',  ( -0.1258800293138422344, -0.1306847969963998712, -0.02697493914313670374 ) ) ;
#961 = VECTOR ( 'NONE', #311, 1000.000000000000000 ) ;
#962 = CIRCLE ( 'NONE', #724, 0.1090153032149172169 ) ;
#963 = EDGE_LOOP ( 'NONE', ( #284, #816, #473, #1342 ) ) ;
#964 = CARTESIAN_POINT ( 'NONE',  ( 0.1224657653243613475, 0.3167882744105240955, -0.8990919868348545840 ) ) ;
#965 = AXIS2_PLACEMENT_3D ( 'NONE', #256, #1360, #623 ) ;
#966 = CARTESIAN_POINT ( 'NONE',  ( -0.6062336575916534853, 0.1416436202535455435, 0.2184003391764395841 ) ) ;
#967 = AXIS2_PLACEMENT_3D ( 'NONE', #1300, #326, #706 ) ;
#968 = VERTEX_POINT ( 'NONE', #726 ) ;
#969 = LINE ( 'NONE', #536, #808 ) ;
#970 = DIRECTION ( 'NONE',  ( 0.000000000000000000, 0.000000000000000000, 1.000000000000000000 ) ) ;
#971 = FACE_OUTER_BOUND ( 'NONE', #2424, .T. ) ;
#972 = CARTESIAN_POINT ( 'NONE',  ( -0.1632069854486815352, -0.1856476054652432817, 0.1910556672866977057 ) ) ;
#973 = CARTESIAN_POINT ( 'NONE',  ( -0.4020194931019928641, -0.2877641458046883982, 0.8814859209811752860 ) ) ;
#974 = EDGE_CURVE ( 'NONE', #1729, #1382, #904, .T. ) ;
#975 = B_SPLINE_SURFACE_WITH_KNOTS ( 'NONE', 3, 3, ( 
 ( #2264, #2214, #1837, #2422 ),
 ( #1471, #1892, #2103, #1650 ),
 ( #1066, #467, #1832, #132 ),
 ( #892, #690, #294, #1231 ),
 ( #2429, #701, #1807, #2417 ),
 ( #1043, #104, #481, #1621 ),
 ( #881, #2012, #1464, #675 ),
 ( #2403, #309, #1819, #2223 ),
 ( #505, #1054, #2032, #1662 ),
 ( #712, #1452, #118, #867 ),
 ( #1633, #2209, #494, #553 ),
 ( #914, #1295, #722, #1129 ),
 ( #16, #1857, #205, #2056 ),
 ( #2442, #1100, #2, #774 ),
 ( #1870, #346, #759, #933 ),
 ( #1686, #1522, #1899, #747 ),
 ( #166, #193, #1281, #1499 ),
 ( #2273, #1538, #393, #2045 ),
 ( #529, #1090, #1320, #1884 ),
 ( #569, #1511, #2456, #155 ) ),
 .UNSPECIFIED., .F., .F., .F.,
 ( 4, 2, 1, 2, 2, 2, 2, 2, 1, 2, 4 ),
 ( 4, 4 ),
 ( 0.4688741338071120146, 0.5311263096497220726, 0.5565559701197380083, 0.5819856305897540549, 0.5989190180171570788, 0.7170452320822530146, 0.8116216636599110634, 0.9108857693969519831, 0.9380961377713450400, 0.9653065061457379858, 1.000000000000000000 ),
 ( 0.000000000000000000, 1.000000000000000000 ),
 .UNSPECIFIED. ) ;
#976 = DIRECTION ( 'NONE',  ( 0.2013875096755058658, -0.9795116492143919329, 0.000000000000000000 ) ) ;
#977 = CARTESIAN_POINT ( 'NONE',  ( -0.4602831583447921093, -0.2025834584621152290, 0.8996551381836606076 ) ) ;
#978 = EDGE_CURVE ( 'NONE', #35, #1025, #2289, .T. ) ;
#979 = ORIENTED_EDGE ( 'NONE', *, *, #109, .T. ) ;
#980 = CARTESIAN_POINT ( 'NONE',  ( 0.1304020537601414675, -0.3102480581390176240, -0.8990912185455048888 ) ) ;
#981 = CARTESIAN_POINT ( 'NONE',  ( -0.6017933005423885540, 0.1239316711633123708, 0.2001402758879408106 ) ) ;
#982 = ORIENTED_EDGE ( 'NONE', *, *, #1434, .T. ) ;
#983 = CARTESIAN_POINT ( 'NONE',  ( 0.5995841676820446997, -0.1140893241806864716, 0.8996551381836606076 ) ) ;
#984 = CARTESIAN_POINT ( 'NONE',  ( -0.004312951885579801962, 0.2177474303737782502, 0.8721021001496437330 ) ) ;
#985 = CARTESIAN_POINT ( 'NONE',  ( 0.002288268007730387930, 0.2455472815724257241, 0.8999276764416982433 ) ) ;
#986 = CARTESIAN_POINT ( 'NONE',  ( -0.1405350141670112796, -0.3260620425070338557, 0.8724013123799301272 ) ) ;
#987 = CARTESIAN_POINT ( 'NONE',  ( -0.004296419819192112688, -0.3309713039056640382, 0.08204036407178053047 ) ) ;
#988 = CARTESIAN_POINT ( 'NONE',  ( -0.6327211605859723864, 0.2472984807472898561, 0.08204036407178053047 ) ) ;
#989 = COORDINATED_UNIVERSAL_TIME_OFFSET ( 8, 0, .AHEAD. ) ;
#990 = VERTEX_POINT ( 'NONE', #1665 ) ;
#991 = CARTESIAN_POINT ( 'NONE',  ( -0.4020202919491599469, 0.2877640188276718858, 0.8814859209811752860 ) ) ;
#992 = CARTESIAN_POINT ( 'NONE',  ( 0.003258871029080231269, 0.1998475395160728418, 0.2001402758879408106 ) ) ;
#993 = ADVANCED_FACE ( 'NONE', ( #2444 ), #1490, .T. ) ;
#994 = ORIENTED_EDGE ( 'NONE', *, *, #2433, .F. ) ;
#995 = CARTESIAN_POINT ( 'NONE',  ( 0.6050124450790643760, 0.1404917462584730492, 0.8721021001496437330 ) ) ;
#996 = CARTESIAN_POINT ( 'NONE',  ( -0.6128389648440569770, 0.1679912460146358588, 0.8996551381836606076 ) ) ;
#997 = FACE_OUTER_BOUND ( 'NONE', #1514, .T. ) ;
#998 = CARTESIAN_POINT ( 'NONE',  ( -0.5561773348837238951, 0.1536063163969553502, 0.8723798033283000075 ) ) ;
#999 = DIRECTION ( 'NONE',  ( 0.000000000000000000, 0.000000000000000000, 1.000000000000000000 ) ) ;
#1000 = ORIENTED_EDGE ( 'NONE', *, *, #1379, .T. ) ;
#1001 = CARTESIAN_POINT ( 'NONE',  ( 0.3208462707705009853, -0.06356271956805882584, -0.8990973648624754899 ) ) ;
#1002 = VERTEX_POINT ( 'NONE', #1349 ) ;
#1003 = EDGE_CURVE ( 'NONE', #35, #1533, #419, .T. ) ;
#1004 = VECTOR ( 'NONE', #1021, 1000.000000000000114 ) ;
#1005 = CARTESIAN_POINT ( 'NONE',  ( -0.4002787393745681488, 0.1839816316133353336, 0.8996551381836606076 ) ) ;
#1006 = CARTESIAN_POINT ( 'NONE',  ( -0.1237154520800218954, 0.2366887230429757794, 0.8905705295824152268 ) ) ;
#1007 = CC_DESIGN_APPROVAL ( #90, ( #1676 ) ) ;
#1008 = CARTESIAN_POINT ( 'NONE',  ( -0.6260939535762773955, -0.2208626347399488821, 0.8996551381836606076 ) ) ;
#1009 = CARTESIAN_POINT ( 'NONE',  ( -0.6327214000498355695, -0.2472983676441100620, 0.08204036407178053047 ) ) ;
#1010 = LINE ( 'NONE', #1403, #1077 ) ;
#1011 = B_SPLINE_CURVE_WITH_KNOTS ( 'NONE', 3,
 ( #36, #755, #1745, #1174, #1735, #11, #1908, #229, #215 ),
 .UNSPECIFIED., .F., .F.,
 ( 4, 1, 1, 1, 1, 1, 4 ),
 ( 0.000000000000000000, 0.1428571428571434321, 0.4285714285714282146, 0.5714285714285716189, 0.7142857142857140795, 0.8571428571428574283, 1.000000000000000000 ),
 .UNSPECIFIED. ) ;
#1012 = CARTESIAN_POINT ( 'NONE',  ( 0.6215384881130158190, -0.2208710836223369001, 0.8996551381836606076 ) ) ;
#1013 = CARTESIAN_POINT ( 'NONE',  ( 7.861060919782408450E-05, 0.2180293870352137675, 0.8996551381836606076 ) ) ;
#1014 = B_SPLINE_CURVE_WITH_KNOTS ( 'NONE', 3,
 ( #2225, #458, #1623, #1797 ),
 .UNSPECIFIED., .F., .F.,
 ( 4, 4 ),
 ( 0.000000000000000000, 1.000000000000000000 ),
 .UNSPECIFIED. ) ;
#1015 = ORIENTED_EDGE ( 'NONE', *, *, #79, .T. ) ;
#1016 = CARTESIAN_POINT ( 'NONE',  ( -0.6327214000498355695, -0.2472983676441100620, 0.08204036407178053047 ) ) ;
#1017 = CARTESIAN_POINT ( 'NONE',  ( -0.3477464164725034279, 0.1970846586321736704, 0.8722196202079051108 ) ) ;
#1018 = CARTESIAN_POINT ( 'NONE',  ( -0.09485441382464215865, 0.3266249257679184614, 0.08203263404436390849 ) ) ;
#1019 = EDGE_CURVE ( 'NONE', #1605, #1877, #2328, .T. ) ;
#1020 = CARTESIAN_POINT ( 'NONE',  ( -0.4479092200009641700, -0.1775365945645555055, 0.2183094930904270481 ) ) ;
#1021 = DIRECTION ( 'NONE',  ( -0.1424024737378280225, 0.6926193294107132470, -0.7071067811865482389 ) ) ;
#1022 = APPROVAL_ROLE ( '' ) ;
#1023 = LINE ( 'NONE', #650, #872 ) ;
#1024 = CARTESIAN_POINT ( 'NONE',  ( 0.3221183662938514880, 0.1917838997019720992, 0.8996551381836606076 ) ) ;
#1025 = VERTEX_POINT ( 'NONE', #57 ) ;
#1026 = CARTESIAN_POINT ( 'NONE',  ( -0.6327214000498355695, -0.2472983676441100620, 0.8996551381836606076 ) ) ;
#1027 = CARTESIAN_POINT ( 'NONE',  ( -0.6268379934857747360, -0.05755969205945597744, 0.8724013123799301272 ) ) ;
#1028 = CARTESIAN_POINT ( 'NONE',  ( 0.4306675874194452192, -0.1766424498069726345, 0.2183094930904270481 ) ) ;
#1029 = EDGE_CURVE ( 'NONE', #707, #59, #1010, .T. ) ;
#1030 = DIRECTION ( 'NONE',  ( 0.000000000000000000, 0.000000000000000000, 1.000000000000000000 ) ) ;
#1031 = CARTESIAN_POINT ( 'NONE',  ( 0.5608791520957964183, -0.2330304788900411095, 0.8996551381836606076 ) ) ;
#1032 = CARTESIAN_POINT ( 'NONE',  ( -0.6268379934857747360, 0.1151197561930499269, 0.8724013123799301272 ) ) ;
#1033 = EDGE_LOOP ( 'NONE', ( #2073, #1775, #1429 ) ) ;
#1034 = CARTESIAN_POINT ( 'NONE',  ( 0.5436306543554895176, 0.1254078128175767359, 0.1908739751146727726 ) ) ;
#1035 = VECTOR ( 'NONE', #1578, 1000.000000000000000 ) ;
#1036 = ORIENTED_EDGE ( 'NONE', *, *, #1194, .T. ) ;
#1037 = CARTESIAN_POINT ( 'NONE',  ( -0.004299247447884861975, -0.3309590745361997710, 0.08204036407178053047 ) ) ;
#1038 = CARTESIAN_POINT ( 'NONE',  ( 0.4273322456131245506, 0.1757706756040144647, 0.2184911852624520368 ) ) ;
#1039 = DIRECTION ( 'NONE',  ( 0.000000000000000000, 0.000000000000000000, 1.000000000000000000 ) ) ;
#1040 = AXIS2_PLACEMENT_3D ( 'NONE', #897, #2228, #1678 ) ;
#1041 = FACE_OUTER_BOUND ( 'NONE', #803, .T. ) ;
#1042 = CARTESIAN_POINT ( 'NONE',  ( 0.1007040234510735016, 0.1745580520053682805, -0.8990973648624754899 ) ) ;
#1043 = CARTESIAN_POINT ( 'NONE',  ( 0.6574653794038374244, 0.2413717096714937393, 0.08204036407178053047 ) ) ;
#1044 = DIRECTION ( 'NONE',  ( -0.2431731467256265655, 0.9699828971232208330, 0.000000000000000000 ) ) ;
#1045 = FACE_OUTER_BOUND ( 'NONE', #286, .T. ) ;
#1046 = VERTEX_POINT ( 'NONE', #2342 ) ;
#1047 = ORIENTED_EDGE ( 'NONE', *, *, #731, .T. ) ;
#1048 = CARTESIAN_POINT ( 'NONE',  ( -0.04021918298310285522, 0.2179566933599421386, 0.8996551381836606076 ) ) ;
#1049 = CARTESIAN_POINT ( 'NONE',  ( 0.004861071967421816062, 0.1905748618287185225, 0.1908739751146727726 ) ) ;
#1050 = CARTESIAN_POINT ( 'NONE',  ( -0.5345161103403182068, 0.1592485122038964085, 0.8721287741218926026 ) ) ;
#1051 = CARTESIAN_POINT ( 'NONE',  ( -0.5995841676820451438, -0.1151197031233048701, 0.8724013123799301272 ) ) ;
#1052 = CARTESIAN_POINT ( 'NONE',  ( -0.5995841676820451438, -0.1151197031233048701, 0.08204036407178053047 ) ) ;
#1053 = CARTESIAN_POINT ( 'NONE',  ( -0.6268379934857738478, -0.1151197031233048701, 0.08204036407178053047 ) ) ;
#1054 = CARTESIAN_POINT ( 'NONE',  ( 0.3556967540429530894, 0.2772303890909132429, -0.2450055455729709952 ) ) ;
#1055 = CARTESIAN_POINT ( 'NONE',  ( -0.2014080469021475028, 0.0001335668615007436287, -0.02697493914313670374 ) ) ;
#1056 = CARTESIAN_POINT ( 'NONE',  ( 0.5864600368989882906, -0.2558034336014622934, 0.08204036407178053047 ) ) ;
#1057 = EDGE_LOOP ( 'NONE', ( #2089, #1555, #2253, #717 ) ) ;
#1058 = EDGE_CURVE ( 'NONE', #1419, #73, #2269, .T. ) ;
#1059 = ORIENTED_EDGE ( 'NONE', *, *, #1247, .F. ) ;
#1060 = CARTESIAN_POINT ( 'NONE',  ( -0.1522339101254608085, 0.3032847822868279808, -0.8990942917038348137 ) ) ;
#1061 = DIRECTION ( 'NONE',  ( 0.000000000000000000, 0.000000000000000000, -1.000000000000000000 ) ) ;
#1062 = CARTESIAN_POINT ( 'NONE',  ( 0.006441488827616727308, 0.2178226838175560121, 0.8722196202079051108 ) ) ;
#1063 = CARTESIAN_POINT ( 'NONE',  ( -0.09470871031876677837, 0.1911475277154705277, 0.1910556672866977057 ) ) ;
#1064 = CARTESIAN_POINT ( 'NONE',  ( 0.3315509966413147658, 0.2214677236159623419, 0.8996551381836606076 ) ) ;
#1065 = CARTESIAN_POINT ( 'NONE',  ( 0.5608682233858821586, 0.2330325879060070049, 0.8996551381836606076 ) ) ;
#1066 = CARTESIAN_POINT ( 'NONE',  ( 0.7358965038304424722, 0.03802793560878494489, 0.08204036407178053047 ) ) ;
#1067 = CARTESIAN_POINT ( 'NONE',  ( -0.06702300948602300801, -0.2177154984995886278, 0.8996551381836606076 ) ) ;
#1068 = FACE_OUTER_BOUND ( 'NONE', #1330, .T. ) ;
#1069 = B_SPLINE_CURVE_WITH_KNOTS ( 'NONE', 3,
 ( #1012, #1742, #1417, #1031, #835, #691, #1988, #882, #135, #483, #1602, #2166, #2014 ),
 .UNSPECIFIED., .F., .F.,
 ( 4, 3, 3, 3, 4 ),
 ( -0.9819421285966750679, -0.9324229086300430680, -0.5869125621830739714, -0.3102863884395540284, -0.01995061059787817115 ),
 .UNSPECIFIED. ) ;
#1070 = VERTEX_POINT ( 'NONE', #2128 ) ;
#1071 = LINE ( 'NONE', #1472, #562 ) ;
#1072 = ADVANCED_FACE ( 'NONE', ( #1914 ), #1155, .T. ) ;
#1073 = ORIENTED_EDGE ( 'NONE', *, *, #312, .T. ) ;
#1074 = AXIS2_PLACEMENT_3D ( 'NONE', #2109, #1151, #1923 ) ;
#1075 = CARTESIAN_POINT ( 'NONE',  ( -0.5104551659456745272, 0.1373706258627492294, 0.1909648212006852253 ) ) ;
#1076 = FACE_OUTER_BOUND ( 'NONE', #2437, .T. ) ;
#1077 = VECTOR ( 'NONE', #2113, 1000.000000000000000 ) ;
#1078 = CARTESIAN_POINT ( 'NONE',  ( 0.7358532967006909953, 0.1451592806682323045, 0.08204036407178054435 ) ) ;
#1079 = CARTESIAN_POINT ( 'NONE',  ( 0.4306675874194453857, -0.1766424498069726345, 0.2183094930904271314 ) ) ;
#1080 = CARTESIAN_POINT ( 'NONE',  ( 0.6268379934857735147, 0.1140893789897108740, 0.8724013123799301272 ) ) ;
#1081 = CARTESIAN_POINT ( 'NONE',  ( -0.7358532967006913283, 0.1151197561930499269, 0.8724013123799301272 ) ) ;
#1082 = ORIENTED_EDGE ( 'NONE', *, *, #1180, .F. ) ;
#1083 = LINE ( 'NONE', #938, #2453 ) ;
#1084 = ORIENTED_EDGE ( 'NONE', *, *, #312, .F. ) ;
#1085 = DIRECTION ( 'NONE',  ( 0.1424012904928879664, 0.6926195726847218515, 0.7071067811865429098 ) ) ;
#1086 = ADVANCED_FACE ( 'NONE', ( #626 ), #172, .T. ) ;
#1087 = CARTESIAN_POINT ( 'NONE',  ( -0.002077391495128314697, 0.2455644370185124936, 0.8999276764416982433 ) ) ;
#1088 = CARTESIAN_POINT ( 'NONE',  ( 0.1222349421435648537, -0.3229154916140041798, 0.8724013123799301272 ) ) ;
#1089 = EDGE_CURVE ( 'NONE', #59, #1286, #30, .T. ) ;
#1090 = CARTESIAN_POINT ( 'NONE',  ( -0.5995678256291842034, 0.03350343598083498770, -0.2450055455729709952 ) ) ;
#1091 = CARTESIAN_POINT ( 'NONE',  ( -0.4615562939573424894, -0.05726747977907904741, -0.5720514552177227152 ) ) ;
#1092 = CARTESIAN_POINT ( 'NONE',  ( -0.1405372328605770937, 0.3260623622626366291, 0.8724013123799301272 ) ) ;
#1093 = ORIENTED_EDGE ( 'NONE', *, *, #1615, .F. ) ;
#1094 = DIRECTION ( 'NONE',  ( -0.1719506236411849354, -0.6858811726745437376, 0.7071067811865477948 ) ) ;
#1095 = CARTESIAN_POINT ( 'NONE',  ( 0.3829125782557978308, -0.1837717675431195796, 0.8724013123799301272 ) ) ;
#1096 = ORIENTED_EDGE ( 'NONE', *, *, #744, .T. ) ;
#1097 = DIRECTION ( 'NONE',  ( 0.7071067811865460184, 1.177569344012829958E-15, 0.7071067811865489050 ) ) ;
#1098 = CARTESIAN_POINT ( 'NONE',  ( -0.006457483311246371531, 0.2362243955820716723, 0.8905705295824152268 ) ) ;
#1099 = CARTESIAN_POINT ( 'NONE',  ( 0.2399836277657405592, -0.2056074932957391299, 0.2183094930904271314 ) ) ;
#1100 = CARTESIAN_POINT ( 'NONE',  ( -0.4311744983680698695, 0.2598648742087260044, -0.2450055455729709952 ) ) ;
#1101 = ADVANCED_FACE ( 'NONE', ( #1144 ), #799, .T. ) ;
#1102 = CARTESIAN_POINT ( 'NONE',  ( -0.6062116141547783110, -0.1415554360276728707, 0.08204036407178053047 ) ) ;
#1103 = CYLINDRICAL_SURFACE ( 'NONE', #1720, 0.1362691290186464066 ) ;
#1104 = ORIENTED_EDGE ( 'NONE', *, *, #416, .T. ) ;
#1105 = CARTESIAN_POINT ( 'NONE',  ( -0.004162385233498749199, 0.3127420398768169796, 0.8905705295824152268 ) ) ;
#1106 = FACE_OUTER_BOUND ( 'NONE', #2181, .T. ) ;
#1107 = CARTESIAN_POINT ( 'NONE',  ( -0.09158542095254965099, -0.2373947991981793515, 0.8905705295824152268 ) ) ;
#1108 = VERTEX_POINT ( 'NONE', #223 ) ;
#1109 = LINE ( 'NONE', #910, #1199 ) ;
#1110 = CARTESIAN_POINT ( 'NONE',  ( -0.6540918192895035510, -0.1151197031233048701, 0.8996551381836606076 ) ) ;
#1111 = CARTESIAN_POINT ( 'NONE',  ( -0.004312489079803884934, 0.2180466438762672099, 0.8724013123799301272 ) ) ;
#1112 = CARTESIAN_POINT ( 'NONE',  ( -0.06976536887567634515, -0.1992908352241431758, 0.2001402758879408106 ) ) ;
#1113 = DIRECTION ( 'NONE',  ( -0.4999999999999998890, -0.8660254037844387076, 0.000000000000000000 ) ) ;
#1114 = VECTOR ( 'NONE', #1833, 1000.000000000000114 ) ;
#1115 = VECTOR ( 'NONE', #1266, 1000.000000000000000 ) ;
#1116 = CARTESIAN_POINT ( 'NONE',  ( -0.4613302832532535369, -0.1732978568156460508, 0.08204036407178053047 ) ) ;
#1117 = CARTESIAN_POINT ( 'NONE',  ( 0.4225720188440733049, 0.1487506143823033866, 0.1910556672866977057 ) ) ;
#1118 = EDGE_CURVE ( 'NONE', #781, #548, #260, .T. ) ;
#1119 = VERTEX_POINT ( 'NONE', #1393 ) ;
#1120 = CARTESIAN_POINT ( 'NONE',  ( -0.5995841676820586885, -0.1151197031233010815, 0.1910556672866977057 ) ) ;
#1121 = AXIS2_PLACEMENT_3D ( 'NONE', #1149, #378, #1125 ) ;
#1122 = CARTESIAN_POINT ( 'NONE',  ( 0.6069022744923703305, -0.1496832439945701976, 0.8814859209811752860 ) ) ;
#1123 = EDGE_CURVE ( 'NONE', #695, #1542, #437, .T. ) ;
#1124 = ORIENTED_EDGE ( 'NONE', *, *, #847, .T. ) ;
#1125 = DIRECTION ( 'NONE',  ( -0.2431731467256265655, 0.9699828971232208330, 0.000000000000000000 ) ) ;
#1126 = CARTESIAN_POINT ( 'NONE',  ( -0.2041285560636901808, 0.2106658057021904285, 0.2182851866733260260 ) ) ;
#1127 = CARTESIAN_POINT ( 'NONE',  ( -0.006470247963376024938, 0.2177559080674780767, 0.8721021001496437330 ) ) ;
#1128 = CARTESIAN_POINT ( 'NONE',  ( -0.4479092200009643365, -0.1775365945645555055, 0.2183094930904271314 ) ) ;
#1129 = CARTESIAN_POINT ( 'NONE',  ( -0.06348352042155984420, 0.3273586278455840048, -0.8990973648624754899 ) ) ;
#1130 = B_SPLINE_CURVE_WITH_KNOTS ( 'NONE', 3,
 ( #776, #1540, #977, #1740, #598, #1362, #1168, #1940, #234 ),
 .UNSPECIFIED., .F., .F.,
 ( 4, 1, 1, 1, 1, 1, 4 ),
 ( 0.01995061059705370218, 0.1573779703112850037, 0.2948053300255169540, 0.4322326897397479883, 0.5696600494539799664, 0.8445147688824420351, 0.9819421285966740687 ),
 .UNSPECIFIED. ) ;
#1131 = CARTESIAN_POINT ( 'NONE',  ( -0.2708275852127715044, -0.2022191946083049807, 0.8996551381836606076 ) ) ;
#1132 = PLANE ( 'NONE',  #1835 ) ;
#1133 = ORIENTED_EDGE ( 'NONE', *, *, #590, .T. ) ;
#1134 = CARTESIAN_POINT ( 'NONE',  ( 0.3385146942938408454, 0.02566414114123000481, -0.8990889136762135747 ) ) ;
#1135 = DIRECTION ( 'NONE',  ( -1.000000000000000000, -1.491811893163386792E-15, 0.000000000000000000 ) ) ;
#1136 = EDGE_LOOP ( 'NONE', ( #1047, #532, #1350, #2266 ) ) ;
#1137 = EDGE_CURVE ( 'NONE', #1145, #1419, #1190, .T. ) ;
#1138 = DIRECTION ( 'NONE',  ( 0.4999999999999998890, 0.8660254037844387076, 0.000000000000000000 ) ) ;
#1139 = LINE ( 'NONE', #201, #1840 ) ;
#1140 = CARTESIAN_POINT ( 'NONE',  ( 0.5219370202671377301, 0.1576737782542669830, 0.8722018375597392348 ) ) ;
#1141 = CARTESIAN_POINT ( 'NONE',  ( -0.5462937577575694981, -0.1284796254913104785, 0.1910556672866977057 ) ) ;
#1142 = CARTESIAN_POINT ( 'NONE',  ( 0.6050727477897901441, -0.1407847640410992973, 0.08204036407178053047 ) ) ;
#1143 = CARTESIAN_POINT ( 'NONE',  ( -0.3311126861955001610, -0.2902294220027338278, -0.2450055455729709952 ) ) ;
#1144 = FACE_OUTER_BOUND ( 'NONE', #1338, .T. ) ;
#1145 = VERTEX_POINT ( 'NONE', #70 ) ;
#1146 = CARTESIAN_POINT ( 'NONE',  ( 0.2364485448085935637, -0.1785455852994388970, 0.1910556672866977057 ) ) ;
#1147 = CARTESIAN_POINT ( 'NONE',  ( -0.6062778402488603335, 0.1418198585529508171, 0.2185820313484644895 ) ) ;
#1148 = EDGE_LOOP ( 'NONE', ( #1836, #1841, #1473, #324 ) ) ;
#1149 = CARTESIAN_POINT ( 'NONE',  ( -0.5995841676820451438, 0.1151197561930499269, 0.8724013123799301272 ) ) ;
#1150 = CARTESIAN_POINT ( 'NONE',  ( -0.6062116141558243632, -0.1415554360274107470, 0.8724013123799301272 ) ) ;
#1151 = DIRECTION ( 'NONE',  ( 1.000000000000000000, 1.659164075107389983E-15, 0.000000000000000000 ) ) ;
#1152 = LINE ( 'NONE', #773, #213 ) ;
#1153 = CARTESIAN_POINT ( 'NONE',  ( 0.1210822796563933018, -0.3047828739612276072, 0.8905705295824152268 ) ) ;
#1154 = CARTESIAN_POINT ( 'NONE',  ( 0.3174332221377914043, -0.08064501662130083015, -0.8990973648624754899 ) ) ;
#1155 = PLANE ( 'NONE',  #55 ) ;
#1156 = AXIS2_PLACEMENT_3D ( 'NONE', #1994, #1039, #288 ) ;
#1157 = ORIENTED_EDGE ( 'NONE', *, *, #2119, .T. ) ;
#1158 = CARTESIAN_POINT ( 'NONE',  ( 0.5456721759403054817, 0.1527766808164481849, 0.8996551381836606076 ) ) ;
#1159 = AXIS2_PLACEMENT_3D ( 'NONE', #983, #1719, #424 ) ;
#1160 = CARTESIAN_POINT ( 'NONE',  ( -0.7358532967006913283, 7.645503975375351133E-08, 0.08204036407178053047 ) ) ;
#1161 = VERTEX_POINT ( 'NONE', #823 ) ;
#1162 = CARTESIAN_POINT ( 'NONE',  ( 2.862389116021504281E-06, 0.2180296847243810843, 0.2183094930904271314 ) ) ;
#1163 = CARTESIAN_POINT ( 'NONE',  ( -0.6327211605859723864, 0.2472984807472898561, 0.08204036407178053047 ) ) ;
#1164 = FACE_OUTER_BOUND ( 'NONE', #162, .T. ) ;
#1165 = CARTESIAN_POINT ( 'NONE',  ( 0.4224296722278541583, -0.2785820787524866393, 0.8814859209811752860 ) ) ;
#1166 = CARTESIAN_POINT ( 'NONE',  ( 0.2726465787618926884, -0.1810005570912983641, -0.8990973648624754899 ) ) ;
#1167 = EDGE_CURVE ( 'NONE', #1493, #1046, #19, .T. ) ;
#1168 = CARTESIAN_POINT ( 'NONE',  ( 0.3875964707203310988, -0.2106170082560606671, 0.8996551381836606076 ) ) ;
#1169 = CALENDAR_DATE ( 2026, 29, 6 ) ;
#1170 = ORIENTED_EDGE ( 'NONE', *, *, #1118, .T. ) ;
#1171 = FACE_OUTER_BOUND ( 'NONE', #655, .T. ) ;
#1172 = CARTESIAN_POINT ( 'NONE',  ( -0.09595313515067159515, 0.2184976368355482090, 0.2184003391764395841 ) ) ;
#1173 = VERTEX_POINT ( 'NONE', #395 ) ;
#1174 = CARTESIAN_POINT ( 'NONE',  ( 0.1562324538666040596, -0.2177322742488585761, 0.8724013123799301272 ) ) ;
#1175 = CARTESIAN_POINT ( 'NONE',  ( 0.3270202234770556715, 0.1944609624958638094, 0.8723015749698346255 ) ) ;
#1176 = CARTESIAN_POINT ( 'NONE',  ( 0.002287805081599881760, 0.2454564359969066689, 0.8998368303556857351 ) ) ;
#1177 = CARTESIAN_POINT ( 'NONE',  ( -0.4034190700501867899, 0.2967693835843758232, 0.08203263404436390849 ) ) ;
#1178 = CARTESIAN_POINT ( 'NONE',  ( 0.001116997220337829361, -0.3326044265526387211, -0.5720514552177227152 ) ) ;
#1179 = CARTESIAN_POINT ( 'NONE',  ( 0.0001065945774715724623, 0.2452833133202401428, 0.8996551381836606076 ) ) ;
#1180 = EDGE_CURVE ( 'NONE', #2463, #1616, #1130, .T. ) ;
#1181 = ORIENTED_EDGE ( 'NONE', *, *, #1741, .F. ) ;
#1182 = CARTESIAN_POINT ( 'NONE',  ( 0.5864526461229245813, 0.2558049079728097475, 0.8724013123799301272 ) ) ;
#1183 = CARTESIAN_POINT ( 'NONE',  ( -0.5159088697143909830, 0.1641942413771770581, 0.2183094930904271314 ) ) ;
#1184 = VERTEX_POINT ( 'NONE', #988 ) ;
#1185 = B_SPLINE_SURFACE_WITH_KNOTS ( 'NONE', 3, 3, ( 
 ( #1924, #2298, #27, #582, #231, #985, #1373, #1737 ),
 ( #404, #1389, #39, #785, #1359, #1176, #1346, #1562 ),
 ( #2323, #609, #1911, #1187, #2138, #2110, #1521, #218 ),
 ( #996, #1550, #1949, #426, #2309, #595, #2122, #1757 ),
 ( #807, #255, #1959, #1006, #1769, #758, #1972, #829 ),
 ( #1256, #1618, #1597, #2350, #305, #462, #1804, #1216 ),
 ( #476, #2159, #1446, #317, #1779, #446, #85, #2020 ),
 ( #1400, #1241, #2175, #819, #1983, #671, #1586, #2363 ),
 ( #2008, #267, #1017, #2388, #101, #2377, #1202, #1062 ),
 ( #2186, #1050, #276, #454, #1226, #841, #76, #1815 ) ),
 .UNSPECIFIED., .F., .F., .F.,
 ( 4, 3, 3, 4 ),
 ( 4, 1, 3, 4 ),
 ( -0.01000000000000000021, 0.000000000000000000, 1.000000000000000000, 1.010000000000000009 ),
 ( 0.01995065515135099887, 0.2255651648117530106, 0.4997178443589559982, 0.5045155162510320812 ),
 .UNSPECIFIED. ) ;
#1186 = CARTESIAN_POINT ( 'NONE',  ( 0.6067653475712527777, -0.2517323314816826141, 0.08204036407178053047 ) ) ;
#1187 = CARTESIAN_POINT ( 'NONE',  ( -0.1242906182844398522, 0.2458630042630439438, 0.8997459842696732268 ) ) ;
#1188 = CARTESIAN_POINT ( 'NONE',  ( -0.1835842346570509820, 0.3212748298105860822, 0.08203263404436390849 ) ) ;
#1189 = CARTESIAN_POINT ( 'NONE',  ( 0.4240685945133540469, -0.2875492909837664146, 0.08204036407178053047 ) ) ;
#1190 = LINE ( 'NONE', #207, #89 ) ;
#1191 = CONICAL_SURFACE ( 'NONE', #2161, 0.02725382580372933891, 0.7853981633974476129 ) ;
#1192 = ORIENTED_EDGE ( 'NONE', *, *, #820, .F. ) ;
#1193 = CARTESIAN_POINT ( 'NONE',  ( 0.5995841676820446997, 0.1140893789897108740, 0.8860282252817943682 ) ) ;
#1194 = EDGE_CURVE ( 'NONE', #73, #1542, #443, .T. ) ;
#1195 = VECTOR ( 'NONE', #2313, 1000.000000000000000 ) ;
#1196 = ORIENTED_EDGE ( 'NONE', *, *, #1643, .F. ) ;
#1197 = VECTOR ( 'NONE', #794, 1000.000000000000000 ) ;
#1198 = ADVANCED_FACE ( 'NONE', ( #1206 ), #1838, .F. ) ;
#1199 = VECTOR ( 'NONE', #364, 1000.000000000000000 ) ;
#1200 = CARTESIAN_POINT ( 'NONE',  ( 0.005148143268607434028, 0.2180094815773601091, 0.08204036407178053047 ) ) ;
#1201 = CARTESIAN_POINT ( 'NONE',  ( 0.2242553882389654585, 0.2074744039971911647, 0.2185820313484644895 ) ) ;
#1202 = CARTESIAN_POINT ( 'NONE',  ( 0.004295042000945463109, 0.2178311205301827203, 0.8722196202079051108 ) ) ;
#1203 = CC_DESIGN_SECURITY_CLASSIFICATION ( #93, ( #1328 ) ) ;
#1204 = CARTESIAN_POINT ( 'NONE',  ( 0.6049649422300816815, -0.2428278641527296944, 0.8814859209811752860 ) ) ;
#1205 = CARTESIAN_POINT ( 'NONE',  ( -0.1273287968689386929, 0.2153414136455614747, 0.8725388796249956558 ) ) ;
#1206 = FACE_OUTER_BOUND ( 'NONE', #384, .T. ) ;
#1207 = APPROVAL_STATUS ( 'not_yet_approved' ) ;
#1208 = LINE ( 'NONE', #272, #1276 ) ;
#1209 = CARTESIAN_POINT ( 'NONE',  ( -0.004302253929804109381, 0.3309597125449879607, 0.8724013123799301272 ) ) ;
#1210 = B_SPLINE_SURFACE_WITH_KNOTS ( 'NONE', 5, 1, ( 
 ( #1569, #2154 ),
 ( #72, #1013 ),
 ( #617, #1592 ),
 ( #2358, #2333 ),
 ( #1764, #2167 ),
 ( #1743, #814 ),
 ( #2344, #630 ),
 ( #1977, #1944 ),
 ( #273, #1024 ),
 ( #21, #1556 ),
 ( #779, #1543 ),
 ( #2303, #587 ),
 ( #409, #1158 ),
 ( #225, #791 ),
 ( #2316, #1367 ),
 ( #92, #1989 ) ),
 .UNSPECIFIED., .F., .F., .F.,
 ( 6, 1, 1, 1, 1, 1, 1, 1, 1, 1, 1, 6 ),
 ( 2, 2 ),
 ( 0.4997178443589559982, 0.5000000000000000000, 0.5500000000000000444, 0.5999999999999999778, 0.6500000000000000222, 0.6999999999999999556, 0.7500000000000000000, 0.8000000000000000444, 0.8499999999999999778, 0.9000000000000000222, 0.9499999999999999556, 0.9819420919571569817 ),
 ( 0.000000000000000000, 1.500000000000000000 ),
 .UNSPECIFIED. ) ;
#1211 = ORIENTED_EDGE ( 'NONE', *, *, #777, .T. ) ;
#1212 = CARTESIAN_POINT ( 'NONE',  ( 0.6032431906835455937, 0.1318863451476154358, 0.2092248844891836101 ) ) ;
#1213 = EDGE_CURVE ( 'NONE', #341, #1070, #292, .T. ) ;
#1214 = B_SPLINE_CURVE_WITH_KNOTS ( 'NONE', 3,
 ( #331, #463, #2176, #2389, #2399, #2220, #278 ),
 .UNSPECIFIED., .F., .F.,
 ( 4, 3, 4 ),
 ( 0.000000000000000000, 0.6123771929364995037, 1.000000000000000000 ),
 .UNSPECIFIED. ) ;
#1215 = CARTESIAN_POINT ( 'NONE',  ( 0.5661029012467865273, -0.2597790015735012559, 0.8996551381836606076 ) ) ;
#1216 = CARTESIAN_POINT ( 'NONE',  ( 0.006510311989199485741, 0.2270889714940032278, 0.8814859209811752860 ) ) ;
#1217 = CARTESIAN_POINT ( 'NONE',  ( 0.5864600368989882906, -0.2558034336014622934, 0.8724013123799301272 ) ) ;
#1218 = CARTESIAN_POINT ( 'NONE',  ( 0.5995841676820446997, 0.1140893789897108740, 0.08204036407178053047 ) ) ;
#1219 = CARTESIAN_POINT ( 'NONE',  ( 0.7085994708969615141, 0.1140893789897108740, 0.8996551381836606076 ) ) ;
#1220 = CARTESIAN_POINT ( 'NONE',  ( 0.6050727477897901441, -0.1407847640410992973, 0.08204036407178053047 ) ) ;
#1221 = DIRECTION ( 'NONE',  ( 0.000000000000000000, 0.000000000000000000, 1.000000000000000000 ) ) ;
#1222 = ORIENTED_EDGE ( 'NONE', *, *, #554, .F. ) ;
#1223 = CARTESIAN_POINT ( 'NONE',  ( 0.6014136791827952022, 0.1229878620686627871, 0.2001402758879408106 ) ) ;
#1224 = ORIENTED_EDGE ( 'NONE', *, *, #1649, .T. ) ;
#1225 = CARTESIAN_POINT ( 'NONE',  ( -0.01334985974325052227, 0.2180821147522955805, 0.8996551381836606076 ) ) ;
#1226 = CARTESIAN_POINT ( 'NONE',  ( 1.791326846388808750E-06, 0.2177571485709635102, 0.8721287741218926026 ) ) ;
#1227 = APPROVAL ( #1207, '未' ) ;
#1228 = LINE ( 'NONE', #1009, #680 ) ;
#1229 = CARTESIAN_POINT ( 'NONE',  ( 0.6270268401933104530, 0.2475666251739945534, 0.08204036407178053047 ) ) ;
#1230 = EDGE_CURVE ( 'NONE', #848, #837, #2235, .T. ) ;
#1231 = CARTESIAN_POINT ( 'NONE',  ( 0.3174329927975012566, 0.08064601441781450719, -0.8990973648624754899 ) ) ;
#1232 = CARTESIAN_POINT ( 'NONE',  ( -0.1352775198771793697, -0.2145311626328023080, 0.08204036407178053047 ) ) ;
#1233 = CARTESIAN_POINT ( 'NONE',  ( 0.7359087892231684913, 0.1140850075728063601, 0.08201688765445096230 ) ) ;
#1234 = DIRECTION ( 'NONE',  ( 0.000000000000000000, 0.000000000000000000, 1.000000000000000000 ) ) ;
#1235 = ORIENTED_EDGE ( 'NONE', *, *, #1693, .F. ) ;
#1236 = AXIS2_PLACEMENT_3D ( 'NONE', #1218, #1588, #1986 ) ;
#1237 = VECTOR ( 'NONE', #1685, 1000.000000000000000 ) ;
#1238 = ORIENTED_EDGE ( 'NONE', *, *, #2383, .F. ) ;
#1239 = CARTESIAN_POINT ( 'NONE',  ( 0.001284191883183059303, 0.2180246535425036658, 0.08204036407178053047 ) ) ;
#1240 = CARTESIAN_POINT ( 'NONE',  ( -0.0001052680186834483659, 0.1905035330449680875, 0.1907831290286603476 ) ) ;
#1241 = CARTESIAN_POINT ( 'NONE',  ( -0.5345537973491635286, 0.1594263467856322503, 0.8723104662939176190 ) ) ;
#1242 = DIRECTION ( 'NONE',  ( 0.000000000000000000, 0.000000000000000000, 1.000000000000000000 ) ) ;
#1243 = VECTOR ( 'NONE', #2095, 1000.000000000000000 ) ;
#1244 = CIRCLE ( 'NONE', #1282, 0.02725382580372932503 ) ;
#1245 = CARTESIAN_POINT ( 'NONE',  ( 0.6105612366865516005, 0.1674802774634241986, 0.8996551381836606076 ) ) ;
#1246 = DIRECTION ( 'NONE',  ( 1.000000000000000000, 0.000000000000000000, 0.000000000000000000 ) ) ;
#1247 = EDGE_CURVE ( 'NONE', #1582, #1070, #1648, .T. ) ;
#1248 = B_SPLINE_CURVE_WITH_KNOTS ( 'NONE', 3,
 ( #1912, #1950, #417, #1738, #1177, #1188, #1018, #636 ),
 .UNSPECIFIED., .F., .F.,
 ( 4, 2, 2, 4 ),
 ( 0.000000000000000000, 6.311229500471418066E-05, 0.6124024735915620798, 1.000000000000000000 ),
 .UNSPECIFIED. ) ;
#1249 = CARTESIAN_POINT ( 'NONE',  ( -0.5995841676820451438, 0.1151197561930504681, 0.1910556672866977057 ) ) ;
#1250 = DIRECTION ( 'NONE',  ( -2.121693181423879920E-15, 1.000000000000000000, 0.000000000000000000 ) ) ;
#1251 = ORIENTED_EDGE ( 'NONE', *, *, #479, .F. ) ;
#1252 = CARTESIAN_POINT ( 'NONE',  ( 0.5471606432078346405, 0.1434162391848180507, 0.2092248844891836101 ) ) ;
#1253 = EDGE_LOOP ( 'NONE', ( #1181, #363, #1298, #982 ) ) ;
#1254 = CARTESIAN_POINT ( 'NONE',  ( 0.5829107540881546257, 0.2379841582271094436, 0.8905705295824152268 ) ) ;
#1255 = CARTESIAN_POINT ( 'NONE',  ( 0.6105612366865516005, 0.1674802774634241986, 0.8996551381836606076 ) ) ;
#1256 = CARTESIAN_POINT ( 'NONE',  ( -0.6084206991233863659, 0.1503674160741070298, 0.8814859209811752860 ) ) ;
#1257 = CARTESIAN_POINT ( 'NONE',  ( -0.5104732492711646641, 0.1374597196108110486, 0.1910556672866977057 ) ) ;
#1258 = CARTESIAN_POINT ( 'NONE',  ( 0.03891252844832254060, -0.2176389619888269567, 0.2183094930904270481 ) ) ;
#1259 = CARTESIAN_POINT ( 'NONE',  ( -0.004096221452628373734, 0.3036377801851692371, 0.8996551381836606076 ) ) ;
#1260 = CARTESIAN_POINT ( 'NONE',  ( 0.5456721984509733669, -0.1527767081914848946, 0.08204036407178053047 ) ) ;
#1261 = CARTESIAN_POINT ( 'NONE',  ( -0.007789049044982028665, -0.3267749426955736669, 0.08204036407178053047 ) ) ;
#1262 = EDGE_CURVE ( 'NONE', #488, #1108, #700, .T. ) ;
#1263 = ORIENTED_EDGE ( 'NONE', *, *, #1058, .F. ) ;
#1264 = ORIENTED_EDGE ( 'NONE', *, *, #1394, .T. ) ;
#1265 = CARTESIAN_POINT ( 'NONE',  ( -0.2826217366027276023, 0.1791882919329141621, 0.1910556672866977057 ) ) ;
#1266 = DIRECTION ( 'NONE',  ( 0.4999999999999998890, -0.8660254037844387076, 0.000000000000000000 ) ) ;
#1267 = CARTESIAN_POINT ( 'NONE',  ( 0.1251615230019724745, 0.2450643727085525247, 0.8999276764416982433 ) ) ;
#1268 = CARTESIAN_POINT ( 'NONE',  ( 0.6032432210872044065, -0.1318862840876285913, 0.2092248844891836101 ) ) ;
#1269 = CARTESIAN_POINT ( 'NONE',  ( -0.5149464830114719449, -0.1626928072043357654, 0.8996551381836606076 ) ) ;
#1270 = CARTESIAN_POINT ( 'NONE',  ( -0.7085994708969626243, 0.05756003759872151126, 0.8996551381836606076 ) ) ;
#1271 = ORIENTED_EDGE ( 'NONE', *, *, #757, .F. ) ;
#1272 = EDGE_CURVE ( 'NONE', #1701, #837, #2178, .T. ) ;
#1273 = CARTESIAN_POINT ( 'NONE',  ( 0.1562324538666040596, -0.2177322742488585761, 0.8724013123799301272 ) ) ;
#1274 = VERTEX_POINT ( 'NONE', #2189 ) ;
#1275 = ADVANCED_FACE ( 'NONE', ( #855 ), #1683, .F. ) ;
#1276 = VECTOR ( 'NONE', #1976, 1000.000000000000000 ) ;
#1277 = CARTESIAN_POINT ( 'NONE',  ( -0.007788414374511478701, 0.3267755233578321650, 0.08204036407178053047 ) ) ;
#1278 = AXIS2_PLACEMENT_3D ( 'NONE', #14, #2097, #957 ) ;
#1279 = CARTESIAN_POINT ( 'NONE',  ( -0.006454256846704404735, 0.2453090971993300007, 0.8996551381836606076 ) ) ;
#1280 = CARTESIAN_POINT ( 'NONE',  ( -0.07005495343217173210, -0.2083725067668594499, 0.2092248844891836101 ) ) ;
#1281 = CARTESIAN_POINT ( 'NONE',  ( -0.4555053188175932077, 0.1076916383154533918, -0.5720514552177227152 ) ) ;
#1282 = AXIS2_PLACEMENT_3D ( 'NONE', #512, #1061, #2051 ) ;
#1283 = CARTESIAN_POINT ( 'NONE',  ( -0.5995841661929617317, 6.643617906665896602E-08, -0.2450055455729709952 ) ) ;
#1284 = FACE_OUTER_BOUND ( 'NONE', #652, .T. ) ;
#1285 = PERSON_AND_ORGANIZATION_ROLE ( 'design_owner' ) ;
#1286 = VERTEX_POINT ( 'NONE', #833 ) ;
#1287 = CARTESIAN_POINT ( 'NONE',  ( 0.08760403715337465591, 0.2179581608319464958, 0.2185820313484644895 ) ) ;
#1288 = CARTESIAN_POINT ( 'NONE',  ( 0.5995292823370220736, 0.1138224244973422838, 0.1907831290286603476 ) ) ;
#1289 = ORIENTED_EDGE ( 'NONE', *, *, #156, .F. ) ;
#1290 = CARTESIAN_POINT ( 'NONE',  ( 0.001550855595252644123, 0.1906787180006111193, 0.1909648212006852253 ) ) ;
#1291 = CARTESIAN_POINT ( 'NONE',  ( 0.6050727477897901441, -0.1407847640410992973, 0.2183094930904271314 ) ) ;
#1292 = EDGE_CURVE ( 'NONE', #837, #1354, #962, .T. ) ;
#1293 = CARTESIAN_POINT ( 'NONE',  ( 0.0001109927836916002321, 0.2455558364038448460, 0.8999276764416982433 ) ) ;
#1294 = DIRECTION ( 'NONE',  ( 0.000000000000000000, 0.000000000000000000, 1.000000000000000000 ) ) ;
#1295 = CARTESIAN_POINT ( 'NONE',  ( -0.1148407701806767878, 0.3265233463750493725, -0.2450055455729709952 ) ) ;
#1296 = CARTESIAN_POINT ( 'NONE',  ( -0.4633313761629314076, -0.02863358217936162742, -0.5720514552177227152 ) ) ;
#1297 = CARTESIAN_POINT ( 'NONE',  ( 0.2208588830935994118, 0.1801307976558932655, 0.1910556672866977057 ) ) ;
#1298 = ORIENTED_EDGE ( 'NONE', *, *, #251, .F. ) ;
#1299 = CARTESIAN_POINT ( 'NONE',  ( 0.6270270682207621515, -0.2475665234827495731, 0.08204036407178053047 ) ) ;
#1300 = CARTESIAN_POINT ( 'NONE',  ( 0.5995841676820446997, 0.1140893789897108740, 0.2183094930904271314 ) ) ;
#1301 = ORIENTED_EDGE ( 'NONE', *, *, #2356, .F. ) ;
#1302 = DIRECTION ( 'NONE',  ( 0.2013875096755114447, -0.9795116492143907116, 0.000000000000000000 ) ) ;
#1303 = CARTESIAN_POINT ( 'NONE',  ( 0.03619970487551043420, 0.3268706309075604111, 0.08203649075778814137 ) ) ;
#1304 = CARTESIAN_POINT ( 'NONE',  ( 0.3285411338420409222, 0.2035276028455446085, 0.8814859209811752860 ) ) ;
#1305 = FACE_OUTER_BOUND ( 'NONE', #2315, .T. ) ;
#1306 = LINE ( 'NONE', #1142, #337 ) ;
#1307 = FACE_OUTER_BOUND ( 'NONE', #2201, .T. ) ;
#1308 = FACE_OUTER_BOUND ( 'NONE', #1440, .T. ) ;
#1309 = B_SPLINE_CURVE_WITH_KNOTS ( 'NONE', 3,
 ( #1887, #738, #2234, #2100, #358, #2261 ),
 .UNSPECIFIED., .F., .F.,
 ( 4, 2, 4 ),
 ( 0.000000000000000000, 0.5000000000000000000, 1.000000000000000000 ),
 .UNSPECIFIED. ) ;
#1310 = PERSON_AND_ORGANIZATION ( #1725, #1645 ) ;
#1311 = ORIENTED_EDGE ( 'NONE', *, *, #820, .T. ) ;
#1312 = CARTESIAN_POINT ( 'NONE',  ( -0.6283028948655166035, 0.2296746508067075421, 0.8905705295824152268 ) ) ;
#1313 = CARTESIAN_POINT ( 'NONE',  ( 0.3860351732321490315, -0.2016685946850799716, 0.8905705295824152268 ) ) ;
#1314 = ORIENTED_EDGE ( 'NONE', *, *, #684, .F. ) ;
#1315 = CARTESIAN_POINT ( 'NONE',  ( -0.1007040234510738208, 0.1745580520053682805, -0.02697493914313670374 ) ) ;
#1316 = CARTESIAN_POINT ( 'NONE',  ( -0.5995841676820586885, -0.1151197031233010815, 0.1910556672866977057 ) ) ;
#1317 = VECTOR ( 'NONE', #2191, 1000.000000000000000 ) ;
#1318 = CARTESIAN_POINT ( 'NONE',  ( 0.1232972513629266714, 0.2175451429010107074, 0.8724013123799301272 ) ) ;
#1319 = CARTESIAN_POINT ( 'NONE',  ( -0.5482653268995273388, -0.1373510977597880434, 0.2001402758879408106 ) ) ;
#1320 = CARTESIAN_POINT ( 'NONE',  ( -0.4633313762490093857, 0.02863368562891134214, -0.5720514552177227152 ) ) ;
#1321 = AXIS2_PLACEMENT_3D ( 'NONE', #537, #1695, #2219 ) ;
#1322 = CARTESIAN_POINT ( 'NONE',  ( -0.6619143502803266355, -0.2399796859279933747, 0.08204036407178053047 ) ) ;
#1323 = CARTESIAN_POINT ( 'NONE',  ( 0.1007040234510735016, -0.1742909182823668413, -0.02697493914313670374 ) ) ;
#1324 = COORDINATED_UNIVERSAL_TIME_OFFSET ( 8, 0, .AHEAD. ) ;
#1325 = EDGE_CURVE ( 'NONE', #1624, #2463, #1638, .T. ) ;
#1326 = ORIENTED_EDGE ( 'NONE', *, *, #1123, .F. ) ;
#1327 = CARTESIAN_POINT ( 'NONE',  ( -0.2667901831523583622, 0.2937020900389201716, 0.8905705295824152268 ) ) ;
#1328 = PRODUCT_DEFINITION_FORMATION_WITH_SPECIFIED_SOURCE ( '�', '', #2311, .NOT_KNOWN. ) ;
#1329 = CARTESIAN_POINT ( 'NONE',  ( 0.6050727477897901441, -0.1407847640410992973, 0.8724013123799301272 ) ) ;
#1330 = EDGE_LOOP ( 'NONE', ( #741, #1666, #1157, #790 ) ) ;
#1331 = DIRECTION ( 'NONE',  ( 0.2013875096755114447, -0.9795116492143907116, 0.000000000000000000 ) ) ;
#1332 = CARTESIAN_POINT ( 'NONE',  ( -0.7358532967006913283, 0.1151197561930499269, 0.08204036407178053047 ) ) ;
#1333 = CARTESIAN_POINT ( 'NONE',  ( -0.004302253929804109381, 0.3309597125449879607, 0.08204036407178053047 ) ) ;
#1334 = CARTESIAN_POINT ( 'NONE',  ( 0.2364485448085935637, -0.1785455852994388970, 0.1910556672866977057 ) ) ;
#1335 = DIRECTION ( 'NONE',  ( 0.000000000000000000, 0.000000000000000000, 1.000000000000000000 ) ) ;
#1336 = CARTESIAN_POINT ( 'NONE',  ( 0.4432054089120159857, -0.1452218528313420909, -0.5720514552177227152 ) ) ;
#1337 = DIRECTION ( 'NONE',  ( 0.000000000000000000, -1.000000000000000000, 0.000000000000000000 ) ) ;
#1338 = EDGE_LOOP ( 'NONE', ( #665, #1579, #471, #187 ) ) ;
#1339 = CARTESIAN_POINT ( 'NONE',  ( -0.06947578431917544872, -0.1902091636814268460, 0.1910556672866977057 ) ) ;
#1340 = ADVANCED_FACE ( 'NONE', ( #2366, #2391 ), #1416, .F. ) ;
#1341 = CARTESIAN_POINT ( 'NONE',  ( -0.2861267745590144185, 0.2064513892371012960, 0.2184911852624520368 ) ) ;
#1342 = ORIENTED_EDGE ( 'NONE', *, *, #1019, .T. ) ;
#1343 = DIRECTION ( 'NONE',  ( -3.004629197474320035E-16, -1.000000000000000000, 0.000000000000000000 ) ) ;
#1344 = DIRECTION ( 'NONE',  ( -1.000000000000000000, 6.009258394948630209E-16, 0.000000000000000000 ) ) ;
#1345 = CARTESIAN_POINT ( 'NONE',  ( 0.1232757018583682251, 0.2172460353463918636, 0.8721021001496437330 ) ) ;
#1346 = CARTESIAN_POINT ( 'NONE',  ( 0.004464927505596305753, 0.2454478811587355869, 0.8998368303556857351 ) ) ;
#1347 = CARTESIAN_POINT ( 'NONE',  ( 0.5811471365848067672, -0.2290723213491708543, 0.8996551381836606076 ) ) ;
#1348 = CARTESIAN_POINT ( 'NONE',  ( 0.3079286001639608972, -0.1142765623409323084, -0.8990973648624754899 ) ) ;
#1349 = CARTESIAN_POINT ( 'NONE',  ( -0.6062116141558243632, -0.1415554360274107470, 0.8724013123799301272 ) ) ;
#1350 = ORIENTED_EDGE ( 'NONE', *, *, #49, .F. ) ;
#1351 = FACE_OUTER_BOUND ( 'NONE', #1744, .T. ) ;
#1352 = B_SPLINE_SURFACE_WITH_KNOTS ( 'NONE', 3, 3, ( 
 ( #181, #1283, #382, #555 ),
 ( #1900, #934, #1296, #748 ),
 ( #194, #1512, #1091, #1858 ),
 ( #947, #2418, #2224, #1848 ),
 ( #147, #2046, #347, #157 ),
 ( #530, #2057, #18, #1913 ),
 ( #233, #206, #597, #1392 ),
 ( #624, #1143, #1552, #1726 ),
 ( #1577, #775, #1526, #1951 ),
 ( #987, #406, #1178, #798 ),
 ( #2150, #1539, #1564, #3 ),
 ( #1189, #1749, #221, #2288 ),
 ( #2300, #259, #42, #1166 ),
 ( #959, #418, #1759, #1939 ),
 ( #2140, #584, #1711, #760 ),
 ( #570, #436, #1336, #1348 ),
 ( #2112, #787, #2327, #1154 ),
 ( #2341, #1962, #2099, #428 ) ),
 .UNSPECIFIED., .F., .F., .F.,
 ( 4, 2, 1, 2, 2, 2, 2, 2, 1, 4 ),
 ( 4, 4 ),
 ( 0.000000000000000000, 0.03469350511733249737, 0.06190382152631539875, 0.08911413793529830707, 0.1883786843914129761, 0.2829559765139589844, 0.4010844692919949828, 0.4180148763792399524, 0.4434445050931760113, 0.4688741338071120146 ),
 ( 0.000000000000000000, 1.000000000000000000 ),
 .UNSPECIFIED. ) ;
#1353 = CARTESIAN_POINT ( 'NONE',  ( -3.279235158147180844E-05, 0.2089451460911049274, 0.2092248844891836101 ) ) ;
#1354 = VERTEX_POINT ( 'NONE', #1219 ) ;
#1355 = FACE_OUTER_BOUND ( 'NONE', #2077, .T. ) ;
#1356 = FACE_OUTER_BOUND ( 'NONE', #2026, .T. ) ;
#1357 = EDGE_CURVE ( 'NONE', #2050, #360, #558, .T. ) ;
#1358 = CARTESIAN_POINT ( 'NONE',  ( -0.5262243525893510743, 0.2739970586227611360, 0.08204036407178053047 ) ) ;
#1359 = CARTESIAN_POINT ( 'NONE',  ( 0.0001106826576034590270, 0.2454649908350778065, 0.8998368303556857351 ) ) ;
#1360 = DIRECTION ( 'NONE',  ( -0.7071067811865470176, -1.161590265950041517E-15, 0.7071067811865480168 ) ) ;
#1361 = CARTESIAN_POINT ( 'NONE',  ( -0.5310206413627992506, 0.1590068265250737800, 0.8723620326206056319 ) ) ;
#1362 = CARTESIAN_POINT ( 'NONE',  ( 0.1587633814206976246, -0.2449653963801686207, 0.8996551381836606076 ) ) ;
#1363 = PERSON_AND_ORGANIZATION_ROLE ( 'design_supplier' ) ;
#1364 = VECTOR ( 'NONE', #1477, 1000.000000000000000 ) ;
#1365 = VECTOR ( 'NONE', #1527, 1000.000000000000000 ) ;
#1366 = ORIENTED_EDGE ( 'NONE', *, *, #1230, .F. ) ;
#1367 = CARTESIAN_POINT ( 'NONE',  ( 0.5973665650235837621, 0.1423691956335513265, 0.8996551381836606076 ) ) ;
#1368 = CARTESIAN_POINT ( 'NONE',  ( 0.001683381880741997199, 0.2182956207604535015, 0.2185820313484644895 ) ) ;
#1369 = CIRCLE ( 'NONE', #1844, 0.1362691290186466286 ) ;
#1370 = ORIENTED_EDGE ( 'NONE', *, *, #1780, .T. ) ;
#1371 = PLANE ( 'NONE',  #2326 ) ;
#1372 = CARTESIAN_POINT ( 'NONE',  ( -0.4034277858378869097, 0.2967474876522188665, 0.8996551381836606076 ) ) ;
#1373 = CARTESIAN_POINT ( 'NONE',  ( 0.004465496337100718222, 0.2455387269253012095, 0.8999276764416982433 ) ) ;
#1374 = EDGE_CURVE ( 'NONE', #499, #1701, #87, .T. ) ;
#1375 = CARTESIAN_POINT ( 'NONE',  ( 0.1222349421435648537, -0.3229154916140041798, 0.8724013123799301272 ) ) ;
#1376 = B_SPLINE_SURFACE_WITH_KNOTS ( 'NONE', 3, 3, ( 
 ( #376, #1504, #2472, #547, #2049, #716, #150, #2265, #1492 ),
 ( #2436, #1851, #1313, #510, #1107, #2039, #1516, #1863, #2075 ),
 ( #1122, #1893, #1481, #908, #186, #161, #1703, #351, #173 ),
 ( #1329, #2239, #1095, #1273, #2252, #752, #340, #2279, #534 ) ),
 .UNSPECIFIED., .F., .F., .F.,
 ( 4, 4 ),
 ( 4, 1, 1, 1, 1, 1, 4 ),
 ( 0.000000000000000000, 1.000000000000000000 ),
 ( -0.9819421285966740687, -0.8445147688824420351, -0.5696600494539799664, -0.4322326897397479883, -0.2948053300255169540, -0.1573779703112850037, -0.01995061059705370218 ),
 .UNSPECIFIED. ) ;
#1377 = CARTESIAN_POINT ( 'NONE',  ( -0.4806936768674773819, 0.1698107615194868469, 0.8723264816140934297 ) ) ;
#1378 = CARTESIAN_POINT ( 'NONE',  ( -0.1242896242464105599, 0.2457717254473585355, 0.8996551381836606076 ) ) ;
#1379 = EDGE_CURVE ( 'NONE', #1161, #327, #88, .T. ) ;
#1380 = B_SPLINE_CURVE_WITH_KNOTS ( 'NONE', 3,
 ( #893, #1489, #1500, #2431, #1322, #2274 ),
 .UNSPECIFIED., .F., .F.,
 ( 4, 2, 4 ),
 ( 0.000000000000000000, 0.5000000000000000000, 1.000000000000000000 ),
 .UNSPECIFIED. ) ;
#1381 = APPROVAL_DATE_TIME ( #105, #1227 ) ;
#1382 = VERTEX_POINT ( 'NONE', #1042 ) ;
#1383 = UNCERTAINTY_MEASURE_WITH_UNIT (LENGTH_MEASURE( 1.000000000000000082E-05 ), #1865, 'distance_accuracy_value', 'NONE');
#1384 = CARTESIAN_POINT ( 'NONE',  ( 0.2802720099590925162, 0.3128698759335805657, 0.8724013123799301272 ) ) ;
#1385 = B_SPLINE_CURVE_WITH_KNOTS ( 'NONE', 3,
 ( #1974, #279, #1020, #1425, #1619, #2010, #1610, #1258, #1449, #2188, #1028, #2378 ),
 .UNSPECIFIED., .F., .F.,
 ( 4, 1, 1, 1, 1, 1, 1, 1, 1, 4 ),
 ( 0.000000000000000000, 0.2857142857142863646, 0.4285714285714300464, 0.5714285714285737283, 0.6428571428571450141, 0.7142857142857165220, 0.7500000000000031086, 0.7857142857142886960, 0.8571428571428600929, 1.000000000000000000 ),
 .UNSPECIFIED. ) ;
#1386 = CARTESIAN_POINT ( 'NONE',  ( -0.3270459051775013171, 4.639845717239876615E-08, -0.8990973648624754899 ) ) ;
#1387 = ORIENTED_EDGE ( 'NONE', *, *, #523, .F. ) ;
#1388 = CARTESIAN_POINT ( 'NONE',  ( 0.5661029012467865273, -0.2597790015735012559, 0.08204036407178053047 ) ) ;
#1389 = CARTESIAN_POINT ( 'NONE',  ( -0.5402922651407524590, 0.1863658691916043886, 0.8998368303556857351 ) ) ;
#1390 = CARTESIAN_POINT ( 'NONE',  ( -0.6283031024008668419, -0.2296745457079849562, 0.8905705295824152268 ) ) ;
#1391 = APPROVAL ( #599, '未' ) ;
#1392 = CARTESIAN_POINT ( 'NONE',  ( -0.2410417345774255593, -0.2313755959170638588, -0.8990973648624754899 ) ) ;
#1393 = CARTESIAN_POINT ( 'NONE',  ( 0.6268379934857735147, 0.1140893789897108740, 0.2183094930904271314 ) ) ;
#1394 = EDGE_CURVE ( 'NONE', #315, #1046, #1732, .T. ) ;
#1395 = ORIENTED_EDGE ( 'NONE', *, *, #386, .F. ) ;
#1396 = CARTESIAN_POINT ( 'NONE',  ( 0.1222312845512096291, 0.3229162197649152466, 0.8724013123799301272 ) ) ;
#1397 = ORIENTED_EDGE ( 'NONE', *, *, #355, .T. ) ;
#1398 = CARTESIAN_POINT ( 'NONE',  ( -0.01334985974325052227, 0.2180821147522955805, 0.08204036407178053047 ) ) ;
#1399 = CARTESIAN_POINT ( 'NONE',  ( 0.6050909972993036012, 0.1408738130573570502, 0.2184003391764395841 ) ) ;
#1400 = CARTESIAN_POINT ( 'NONE',  ( -0.6061894749344477473, 0.1414673819541402700, 0.8723104662939176190 ) ) ;
#1401 = CARTESIAN_POINT ( 'NONE',  ( 0.2790802569816472900, -0.3038426920042571200, 0.8814859209811752860 ) ) ;
#1402 = LINE ( 'NONE', #2022, #290 ) ;
#1403 = CARTESIAN_POINT ( 'NONE',  ( -0.5995841676820451438, -0.05749306813090266505, 0.1910556672866977057 ) ) ;
#1404 = APPLICATION_CONTEXT ( 'configuration controlled 3d designs of mechanical parts and assemblies' ) ;
#1405 = FACE_OUTER_BOUND ( 'NONE', #174, .T. ) ;
#1406 = CARTESIAN_POINT ( 'NONE',  ( -0.1118229554935784575, -0.3176033516254643252, -0.8990935234143691002 ) ) ;
#1407 = EDGE_CURVE ( 'NONE', #488, #707, #932, .T. ) ;
#1408 = AXIS2_PLACEMENT_3D ( 'NONE', #456, #2011, #1246 ) ;
#1409 = ORIENTED_EDGE ( 'NONE', *, *, #123, .T. ) ;
#1410 = CONICAL_SURFACE ( 'NONE', #1799, 0.1226422161167818742, 0.7853981633974476129 ) ;
#1411 = B_SPLINE_CURVE_WITH_KNOTS ( 'NONE', 3,
 ( #1739, #2312, #998, #1361, #1377, #612, #56, #29, #2127, #811, #1205, #843, #1435 ),
 .UNSPECIFIED., .F., .F.,
 ( 4, 3, 3, 3, 4 ),
 ( 2.691296112569254769E-16, 7.718954261510594631E-05, 0.0002316545892684430160, 0.0004215593488579009074, 0.0006126119957881627498 ),
 .UNSPECIFIED. ) ;
#1412 = CC_DESIGN_APPROVAL ( #1391, ( #1328 ) ) ;
#1413 = CARTESIAN_POINT ( 'NONE',  ( 0.2802780914648750898, -0.3128689328068120501, 0.8996551381836606076 ) ) ;
#1414 = LINE ( 'NONE', #1027, #1927 ) ;
#1415 = DIRECTION ( 'NONE',  ( -0.7071067811865460184, -1.570092458683779851E-15, 0.7071067811865489050 ) ) ;
#1416 = PLANE ( 'NONE',  #1408 ) ;
#1417 = CARTESIAN_POINT ( 'NONE',  ( 0.5811471365848067672, -0.2290723213491708543, 0.8996551381836606076 ) ) ;
#1418 = CARTESIAN_POINT ( 'NONE',  ( -0.7358532967006913283, 7.645503975375351133E-08, 0.08204036407178053047 ) ) ;
#1419 = VERTEX_POINT ( 'NONE', #711 ) ;
#1420 = EDGE_CURVE ( 'NONE', #1824, #1382, #2247, .T. ) ;
#1421 = EDGE_LOOP ( 'NONE', ( #1657, #2213, #1271, #1397 ) ) ;
#1422 = CARTESIAN_POINT ( 'NONE',  ( -0.1353558199686621943, 0.2145256144361014083, 0.8996551381836606076 ) ) ;
#1423 = FACE_OUTER_BOUND ( 'NONE', #1733, .T. ) ;
#1424 = CARTESIAN_POINT ( 'NONE',  ( 0.6067653475712527777, -0.2517323314816826141, 0.8724013123799301272 ) ) ;
#1425 = CARTESIAN_POINT ( 'NONE',  ( -0.2790833677404180868, -0.2018724732993279480, 0.2183094930904270481 ) ) ;
#1426 = DIRECTION ( 'NONE',  ( -0.1424012904928869949, -0.6926195726847219625, 0.7071067811865429098 ) ) ;
#1427 = CARTESIAN_POINT ( 'NONE',  ( 0.06725157931957650992, -0.2171577602592056344, 0.08204036407178053047 ) ) ;
#1428 = CARTESIAN_POINT ( 'NONE',  ( 0.7358532967006909953, -0.05704450258814595942, 0.8724013123799301272 ) ) ;
#1429 = ORIENTED_EDGE ( 'NONE', *, *, #1576, .F. ) ;
#1430 = CARTESIAN_POINT ( 'NONE',  ( -0.0001078575214552318802, 0.1906852367940032600, 0.1909648212006852253 ) ) ;
#1431 = ORIENTED_EDGE ( 'NONE', *, *, #386, .T. ) ;
#1432 = CARTESIAN_POINT ( 'NONE',  ( -0.5830585001668113776, 0.1472902152334359671, 0.08204036407178053047 ) ) ;
#1433 = FACE_BOUND ( 'NONE', #2470, .T. ) ;
#1434 = EDGE_CURVE ( 'NONE', #2372, #1002, #2054, .T. ) ;
#1435 = CARTESIAN_POINT ( 'NONE',  ( 2.862389116021504281E-06, 0.2180296847243810843, 0.8724013123799301272 ) ) ;
#1436 = CARTESIAN_POINT ( 'NONE',  ( -0.1389482958651205302, 0.2988167990094831583, 0.8996551381836606076 ) ) ;
#1437 = CARTESIAN_POINT ( 'NONE',  ( 0.0006440917898949139733, -0.2186152982536784251, 0.8996551381836606076 ) ) ;
#1438 = CARTESIAN_POINT ( 'NONE',  ( -0.0001075006562459798369, 0.1907760821762241044, 0.1910556672866977057 ) ) ;
#1439 = APPLICATION_PROTOCOL_DEFINITION ( 'international standard', 'config_control_design', 1994, #1404 ) ;
#1440 = EDGE_LOOP ( 'NONE', ( #1689, #442, #511, #122 ) ) ;
#1441 = CARTESIAN_POINT ( 'NONE',  ( -7.181409788428309057E-05, 0.1998606206873065061, 0.2001402758879408106 ) ) ;
#1442 = AXIS2_PLACEMENT_3D ( 'NONE', #2198, #2208, #1783 ) ;
#1443 = ORIENTED_EDGE ( 'NONE', *, *, #805, .F. ) ;
#1444 = CARTESIAN_POINT ( 'NONE',  ( 0.6215383056910537274, 0.2208711759371380923, 0.8996551381836606076 ) ) ;
#1445 = CARTESIAN_POINT ( 'NONE',  ( 0.001549977722104837639, 0.1904970277911103294, 0.1907831290286603476 ) ) ;
#1446 = CARTESIAN_POINT ( 'NONE',  ( -0.3477727773739424655, 0.1972647110632507750, 0.8724013123799301272 ) ) ;
#1447 = CARTESIAN_POINT ( 'NONE',  ( -0.5995841676820451438, 0.1151197561930504681, 0.1910556672866977057 ) ) ;
#1448 = CIRCLE ( 'NONE', #339, 0.02725382580372919666 ) ;
#1449 = CARTESIAN_POINT ( 'NONE',  ( 0.1012395364693294136, -0.2154663406751024246, 0.2183094930904270481 ) ) ;
#1450 = EDGE_CURVE ( 'NONE', #1717, #2156, #735, .T. ) ;
#1451 = CARTESIAN_POINT ( 'NONE',  ( 0.1205023012577353808, 0.2957172926222706444, 0.8996551381836606076 ) ) ;
#1452 = CARTESIAN_POINT ( 'NONE',  ( 0.2356943556475221968, 0.3097686392374579545, -0.2450055455729709952 ) ) ;
#1453 = CARTESIAN_POINT ( 'NONE',  ( -0.0001041969497114965686, 0.1907760691984003998, 0.1910556672866977057 ) ) ;
#1454 = CARTESIAN_POINT ( 'NONE',  ( -0.5995841676820586885, -0.1151197031233010815, 0.1910556672866977057 ) ) ;
#1455 = ORIENTED_EDGE ( 'NONE', *, *, #1394, .F. ) ;
#1456 = CARTESIAN_POINT ( 'NONE',  ( -0.0001075006558753214989, 0.1907760821790854544, 0.1910556672866977057 ) ) ;
#1457 = EDGE_LOOP ( 'NONE', ( #1626, #2291, #2064, #949 ) ) ;
#1458 = CARTESIAN_POINT ( 'NONE',  ( 0.4259467301829681363, -0.1497891661911644745, 0.1910556672866977057 ) ) ;
#1459 = DIRECTION ( 'NONE',  ( 0.000000000000000000, 0.000000000000000000, 1.000000000000000000 ) ) ;
#1460 = CARTESIAN_POINT ( 'NONE',  ( 0.5316445243247058805, 0.1558815244478674311, 0.8724013123799311265 ) ) ;
#1461 = B_SPLINE_CURVE_WITH_KNOTS ( 'NONE', 3,
 ( #1447, #1257, #2021, #1063, #1829 ),
 .UNSPECIFIED., .F., .F.,
 ( 4, 1, 4 ),
 ( -0.9241718262913780624, -0.5280929170095600700, -2.220446049250313081E-16 ),
 .UNSPECIFIED. ) ;
#1462 = CARTESIAN_POINT ( 'NONE',  ( -0.006470141695985319290, 0.2180551233613560735, 0.8724013123799301272 ) ) ;
#1463 = CARTESIAN_POINT ( 'NONE',  ( -0.01133794379028991821, -0.2183098572236973900, 0.2183094930904271314 ) ) ;
#1464 = CARTESIAN_POINT ( 'NONE',  ( 0.3881880711497472380, 0.1980421255072393749, -0.5720514552177227152 ) ) ;
#1465 = EDGE_CURVE ( 'NONE', #1173, #1824, #515, .T. ) ;
#1466 = CARTESIAN_POINT ( 'NONE',  ( -0.4002787477726574838, -0.1839816133342329352, 0.08204036407178053047 ) ) ;
#1467 = CARTESIAN_POINT ( 'NONE',  ( -0.7358571388958565773, 0.07674606637094005812, 0.08204036407178053047 ) ) ;
#1468 = ADVANCED_FACE ( 'NONE', ( #1305 ), #226, .T. ) ;
#1469 = ORIENTED_EDGE ( 'NONE', *, *, #1003, .F. ) ;
#1470 = CARTESIAN_POINT ( 'NONE',  ( -3.612753989872884115E-05, 0.2089451591955279464, 0.2092248844891836101 ) ) ;
#1471 = CARTESIAN_POINT ( 'NONE',  ( 0.7358965038197364805, -0.03802788056677912365, 0.08204036407178053047 ) ) ;
#1472 = CARTESIAN_POINT ( 'NONE',  ( 0.1007040234510735016, -0.1742909182823668413, 0.08204036407178053047 ) ) ;
#1473 = ORIENTED_EDGE ( 'NONE', *, *, #1873, .F. ) ;
#1474 = CARTESIAN_POINT ( 'NONE',  ( 2.862389116021504281E-06, 0.2180296847243810843, 0.8724013123799301272 ) ) ;
#1475 = CARTESIAN_POINT ( 'NONE',  ( -0.004266056805865174779, 0.2453913446886292760, 0.8997459842696732268 ) ) ;
#1476 = CARTESIAN_POINT ( 'NONE',  ( -0.2779905852569139468, -0.1928506714545766831, 0.2092248844891836101 ) ) ;
#1477 = DIRECTION ( 'NONE',  ( -2.121693181423879920E-15, 1.000000000000000000, 0.000000000000000000 ) ) ;
#1478 = CARTESIAN_POINT ( 'NONE',  ( 0.5995841676820446997, 0.1140893789897108740, 0.1910556672866977057 ) ) ;
#1479 = ORIENTED_EDGE ( 'NONE', *, *, #1407, .T. ) ;
#1480 = ADVANCED_FACE ( 'NONE', ( #568 ), #1747, .T. ) ;
#1481 = CARTESIAN_POINT ( 'NONE',  ( 0.3844738757439734034, -0.1927201811140999421, 0.8814859209811752860 ) ) ;
#1482 = ORIENTED_EDGE ( 'NONE', *, *, #540, .F. ) ;
#1483 = VECTOR ( 'NONE', #2086, 1000.000000000000114 ) ;
#1484 = CARTESIAN_POINT ( 'NONE',  ( 0.5995841676820446997, -0.1140893241806864716, 0.1910556672866977057 ) ) ;
#1485 = CARTESIAN_POINT ( 'NONE',  ( 0.5270967347404657000, 0.1846404231714042499, 0.8996551381836606076 ) ) ;
#1486 = CARTESIAN_POINT ( 'NONE',  ( 0.6014136943846242200, -0.1229878041341578854, 0.2001402758879408106 ) ) ;
#1487 = CIRCLE ( 'NONE', #1159, 0.05450765160745859456 ) ;
#1488 = LOCAL_TIME ( 8, 12, 0.000000000000000000, #989 ) ;
#1489 = CARTESIAN_POINT ( 'NONE',  ( -0.7358532967006913283, -0.1452160724262908931, 0.08204036407178054435 ) ) ;
#1490 = PLANE ( 'NONE',  #1965 ) ;
#1491 = VERTEX_POINT ( 'NONE', #414 ) ;
#1492 = CARTESIAN_POINT ( 'NONE',  ( -0.6128390606296162391, -0.1679911689315126966, 0.8996551381836606076 ) ) ;
#1493 = VERTEX_POINT ( 'NONE', #392 ) ;
#1494 = CARTESIAN_POINT ( 'NONE',  ( 0.5995841676820446997, -0.1140893241806864716, 0.08204036407178053047 ) ) ;
#1495 = CARTESIAN_POINT ( 'NONE',  ( -0.1007040234510738208, 0.1745580520053682805, 0.08204036407178053047 ) ) ;
#1496 = EDGE_CURVE ( 'NONE', #408, #2050, #1152, .T. ) ;
#1497 = CARTESIAN_POINT ( 'NONE',  ( 0.7248320172958895302, 0.1761183277227112431, 0.08204036407178054435 ) ) ;
#1498 = CARTESIAN_POINT ( 'NONE',  ( 0.1012395364693294136, -0.2154663406751025079, 0.2183094930904271314 ) ) ;
#1499 = CARTESIAN_POINT ( 'NONE',  ( -0.3152765217058519642, 0.08892715885246417484, -0.8990973648624754899 ) ) ;
#1500 = CARTESIAN_POINT ( 'NONE',  ( -0.7255337187265359367, -0.1752177693185946461, 0.08204036407178054435 ) ) ;
#1501 = CARTESIAN_POINT ( 'NONE',  ( -0.6260937620051876262, 0.2208627358364418647, 0.8996551381836606076 ) ) ;
#1502 = ORIENTED_EDGE ( 'NONE', *, *, #1247, .T. ) ;
#1503 = CARTESIAN_POINT ( 'NONE',  ( -0.007789049044982028665, -0.3267749426955736669, 0.08204036407178053047 ) ) ;
#1504 = CARTESIAN_POINT ( 'NONE',  ( 0.5550600668765304224, -0.1788912583283117919, 0.8996551381836606076 ) ) ;
#1505 = ORIENTED_EDGE ( 'NONE', *, *, #51, .T. ) ;
#1506 = DIRECTION ( 'NONE',  ( -1.000000000000000000, 3.004629197474320035E-16, 0.000000000000000000 ) ) ;
#1507 = CARTESIAN_POINT ( 'NONE',  ( 0.1007040234510735016, 0.1745580520053682805, 0.08204036407178053047 ) ) ;
#1508 = CARTESIAN_POINT ( 'NONE',  ( 0.0001099217279378662419, 0.2452833002504017923, 0.8996551381836606076 ) ) ;
#1509 = CARTESIAN_POINT ( 'NONE',  ( 0.2802780914648750898, -0.3128689328068120501, 0.8724013123799301272 ) ) ;
#1510 = ADVANCED_FACE ( 'NONE', ( #1937 ), #375, .F. ) ;
#1511 = CARTESIAN_POINT ( 'NONE',  ( -0.5995841661929617317, 6.643617906665896602E-08, -0.2450055455729709952 ) ) ;
#1512 = CARTESIAN_POINT ( 'NONE',  ( -0.5987479915794187146, -0.06700639888860963900, -0.2450055455729709952 ) ) ;
#1513 = DIRECTION ( 'NONE',  ( 0.000000000000000000, 0.000000000000000000, 1.000000000000000000 ) ) ;
#1514 = EDGE_LOOP ( 'NONE', ( #574, #2385, #399, #1015 ) ) ;
#1515 = CARTESIAN_POINT ( 'NONE',  ( -0.6062115662627889368, 0.1415555011039084377, 0.8724013123799301272 ) ) ;
#1516 = CARTESIAN_POINT ( 'NONE',  ( -0.4586552024499259694, -0.1936399785813183727, 0.8905705295824152268 ) ) ;
#1517 = EDGE_LOOP ( 'NONE', ( #2460, #1443, #124, #1568, #994, #859, #108, #1366 ) ) ;
#1518 = CARTESIAN_POINT ( 'NONE',  ( 0.1007040234510735016, -0.1742909182823668413, 0.08204036407178053047 ) ) ;
#1519 = CARTESIAN_POINT ( 'NONE',  ( -0.6260937620051876262, 0.2208627358364418647, 0.8996551381836606076 ) ) ;
#1520 = CARTESIAN_POINT ( 'NONE',  ( 0.1232900681947405042, 0.2174454403828044446, 0.8723015749698346255 ) ) ;
#1521 = CARTESIAN_POINT ( 'NONE',  ( 0.004464358674091892416, 0.2453570353921699088, 0.8997459842696732268 ) ) ;
#1522 = CARTESIAN_POINT ( 'NONE',  ( -0.5780617480610200642, 0.1783669555084895775, -0.2450055455729709952 ) ) ;
#1523 = VECTOR ( 'NONE', #638, 1000.000000000000000 ) ;
#1524 = ADVANCED_FACE ( 'NONE', ( #1164 ), #1185, .T. ) ;
#1525 = CIRCLE ( 'NONE', #1321, 0.02725382580372919666 ) ;
#1526 = CARTESIAN_POINT ( 'NONE',  ( -0.08917423419967948628, -0.3269092451750244543, -0.5720514552177227152 ) ) ;
#1527 = DIRECTION ( 'NONE',  ( 0.000000000000000000, 0.000000000000000000, -1.000000000000000000 ) ) ;
#1528 = AXIS2_PLACEMENT_3D ( 'NONE', #2254, #1705, #1718 ) ;
#1529 = VERTEX_POINT ( 'NONE', #853 ) ;
#1530 = CARTESIAN_POINT ( 'NONE',  ( 0.2790741724314171890, 0.3038436353093347808, 0.8814859209811752860 ) ) ;
#1531 =( NAMED_UNIT ( * ) PLANE_ANGLE_UNIT ( ) SI_UNIT ( $, .RADIAN. ) );
#1532 = DIRECTION ( 'NONE',  ( 0.000000000000000000, 0.000000000000000000, -1.000000000000000000 ) ) ;
#1533 = VERTEX_POINT ( 'NONE', #644 ) ;
#1534 = FACE_OUTER_BOUND ( 'NONE', #2131, .T. ) ;
#1535 = FACE_OUTER_BOUND ( 'NONE', #197, .T. ) ;
#1536 = FACE_OUTER_BOUND ( 'NONE', #1969, .T. ) ;
#1537 = CARTESIAN_POINT ( 'NONE',  ( 0.5995841676820446997, 0.1140893789897108740, 0.2183094930904271314 ) ) ;
#1538 = CARTESIAN_POINT ( 'NONE',  ( -0.5987479922942037236, 0.06700648210094264923, -0.2450055455729709952 ) ) ;
#1539 = CARTESIAN_POINT ( 'NONE',  ( 0.2356996903831386769, -0.3097675048455660329, -0.2450055455729709952 ) ) ;
#1540 = CARTESIAN_POINT ( 'NONE',  ( -0.5643255361425408845, -0.1801535246323639483, 0.8996551381836606076 ) ) ;
#1541 = EDGE_CURVE ( 'NONE', #1108, #695, #1414, .T. ) ;
#1542 = VERTEX_POINT ( 'NONE', #1609 ) ;
#1543 = CARTESIAN_POINT ( 'NONE',  ( 0.4450338046573428241, 0.1716322366478860717, 0.8996551381836606076 ) ) ;
#1544 = CARTESIAN_POINT ( 'NONE',  ( -0.09594881139747636623, 0.2184067754674663131, 0.2183094930904271314 ) ) ;
#1545 = ADVANCED_FACE ( 'NONE', ( #1433, #2196 ), #1791, .T. ) ;
#1546 = ORIENTED_EDGE ( 'NONE', *, *, #2371, .T. ) ;
#1547 = DIRECTION ( 'NONE',  ( 0.000000000000000000, 0.000000000000000000, 1.000000000000000000 ) ) ;
#1548 = LINE ( 'NONE', #2108, #1197 ) ;
#1549 = CARTESIAN_POINT ( 'NONE',  ( 0.6270268401933104530, 0.2475666251739945534, 0.08204036407178053047 ) ) ;
#1550 = CARTESIAN_POINT ( 'NONE',  ( -0.5402545781319072482, 0.1861880346098685746, 0.8996551381836606076 ) ) ;
#1551 = CARTESIAN_POINT ( 'NONE',  ( -0.004159413095035681407, -0.3127414036853727319, 0.8905705295824152268 ) ) ;
#1552 = CARTESIAN_POINT ( 'NONE',  ( -0.2587976753617888259, -0.2837415365485450036, -0.5720514552177227152 ) ) ;
#1553 = DIRECTION ( 'NONE',  ( -0.7071067811865470176, -1.570092458683780048E-15, 0.7071067811865480168 ) ) ;
#1554 = PERSON_AND_ORGANIZATION ( #1725, #1645 ) ;
#1555 = ORIENTED_EDGE ( 'NONE', *, *, #2226, .T. ) ;
#1556 = CARTESIAN_POINT ( 'NONE',  ( 0.3837930623525531160, 0.1821096974314186101, 0.8996551381836606076 ) ) ;
#1557 = CARTESIAN_POINT ( 'NONE',  ( -6.849465064643692745E-05, 0.1998606076447317359, 0.2001402758879408106 ) ) ;
#1558 = EDGE_LOOP ( 'NONE', ( #1992, #2146, #388, #1763 ) ) ;
#1559 = ADVANCED_FACE ( 'NONE', ( #1423 ), #2238, .F. ) ;
#1560 = CARTESIAN_POINT ( 'NONE',  ( 0.2014080469021471698, 0.0001335668615007436287, -0.8990973648624754899 ) ) ;
#1561 = CARTESIAN_POINT ( 'NONE',  ( 1.640270012643732599E-06, 0.2177304749863787636, 0.8721021001496437330 ) ) ;
#1562 = CARTESIAN_POINT ( 'NONE',  ( 0.006642049929592730613, 0.2454393263205645048, 0.8998368303556857351 ) ) ;
#1563 = CARTESIAN_POINT ( 'NONE',  ( 0.2802780914648750898, -0.3128689328068120501, 0.8724013123799301272 ) ) ;
#1564 = CARTESIAN_POINT ( 'NONE',  ( 0.1910856925921129712, -0.3066402993160018964, -0.5720514552177227152 ) ) ;
#1565 = DIRECTION ( 'NONE',  ( -2.121693181423879920E-15, 1.000000000000000000, 0.000000000000000000 ) ) ;
#1566 = AXIS2_PLACEMENT_3D ( 'NONE', #1782, #1631, #865 ) ;
#1567 = AXIS2_PLACEMENT_3D ( 'NONE', #683, #2205, #491 ) ;
#1568 = ORIENTED_EDGE ( 'NONE', *, *, #17, .F. ) ;
#1569 = CARTESIAN_POINT ( 'NONE',  ( 2.862389116021504281E-06, 0.2180296847243810843, 0.08204036407178053047 ) ) ;
#1570 = CARTESIAN_POINT ( 'NONE',  ( -0.2861383218621571523, 0.2065416737785386037, 0.2185820313484644895 ) ) ;
#1571 = EDGE_LOOP ( 'NONE', ( #2216, #48, #31, #578 ) ) ;
#1572 = ADVANCED_FACE ( 'NONE', ( #1629 ), #2398, .T. ) ;
#1573 = CARTESIAN_POINT ( 'NONE',  ( 0.4240566641082706423, 0.2875189534786310452, 0.08204036407178053047 ) ) ;
#1574 = CARTESIAN_POINT ( 'NONE',  ( 0.09971570475004944145, -0.1882452963695044890, 0.1910556672866977057 ) ) ;
#1575 = CARTESIAN_POINT ( 'NONE',  ( 0.2766966741709521171, -0.2857877620313466482, 0.8996551381836606076 ) ) ;
#1576 = EDGE_CURVE ( 'NONE', #341, #350, #66, .T. ) ;
#1577 = CARTESIAN_POINT ( 'NONE',  ( -0.1405308461880544202, -0.3260735703351436698, 0.08204036407178053047 ) ) ;
#1578 = DIRECTION ( 'NONE',  ( 0.000000000000000000, 0.000000000000000000, 1.000000000000000000 ) ) ;
#1579 = ORIENTED_EDGE ( 'NONE', *, *, #1855, .F. ) ;
#1580 = CARTESIAN_POINT ( 'NONE',  ( -0.2962640568590454992, -0.1602667495175262857, -0.8990958282832332005 ) ) ;
#1581 = B_SPLINE_CURVE_WITH_KNOTS ( 'NONE', 3,
 ( #1277, #1303, #1682, #353, #2268, #143, #2452, #875 ),
 .UNSPECIFIED., .F., .F.,
 ( 4, 2, 2, 4 ),
 ( 0.000000000000000000, 0.1903070283746669256, 0.8984715439676707049, 1.000000000000000000 ),
 .UNSPECIFIED. ) ;
#1582 = VERTEX_POINT ( 'NONE', #1291 ) ;
#1583 = B_SPLINE_CURVE_WITH_KNOTS ( 'NONE', 3,
 ( #543, #2072, #383, #158, #182, #1849, #1700, #2469, #1092, #1712, #749, #1860, #4 ),
 .UNSPECIFIED., .F., .F.,
 ( 4, 3, 3, 3, 4 ),
 ( -0.9819420919571569817, -0.9324140687695230412, -0.5869097865125658675, -0.3102856487690560661, -0.01995065515216409846 ),
 .UNSPECIFIED. ) ;
#1584 = CARTESIAN_POINT ( 'NONE',  ( -0.1353558199686621943, 0.2145256144361014083, 0.08204036407178053047 ) ) ;
#1585 = CARTESIAN_POINT ( 'NONE',  ( 0.08759951287094766559, 0.2178673127588893199, 0.2184911852624520368 ) ) ;
#1586 = CARTESIAN_POINT ( 'NONE',  ( 0.004295610832449820067, 0.2179219662967483706, 0.8723104662939176190 ) ) ;
#1587 = CARTESIAN_POINT ( 'NONE',  ( -0.004233100643204605086, -0.3218548155439761582, 0.8814859209811752860 ) ) ;
#1588 = DIRECTION ( 'NONE',  ( 0.000000000000000000, 0.000000000000000000, 1.000000000000000000 ) ) ;
#1589 = EDGE_CURVE ( 'NONE', #1025, #1966, #2029, .T. ) ;
#1590 = DIRECTION ( 'NONE',  ( 0.000000000000000000, 0.000000000000000000, -1.000000000000000000 ) ) ;
#1591 = VERTEX_POINT ( 'NONE', #513 ) ;
#1592 = CARTESIAN_POINT ( 'NONE',  ( 0.01357719930368824456, 0.2179756768932273048, 0.8996551381836606076 ) ) ;
#1593 = ORIENTED_EDGE ( 'NONE', *, *, #1825, .F. ) ;
#1594 = B_SPLINE_SURFACE_WITH_KNOTS ( 'NONE', 3, 3, ( 
 ( #876, #1287, #1201, #75, #1667, #65 ),
 ( #828, #1585, #2435, #1038, #100, #1790 ),
 ( #818, #885, #1608, #1778, #2349, #1399 ),
 ( #634, #1655, #2158, #445, #2174, #1596 ),
 ( #1470, #2376, #657, #2384, #1252, #1212 ),
 ( #1441, #1812, #849, #1980, #1776, #1223 ),
 ( #1456, #1991, #654, #666, #1800, #1788 ),
 ( #1430, #1606, #2373, #2193, #2215, #500 ),
 ( #2361, #2003, #2182, #285, #1034, #96 ),
 ( #472, #110, #561, #1669, #140, #1288 ) ),
 .UNSPECIFIED., .F., .F., .F.,
 ( 4, 3, 3, 4 ),
 ( 4, 1, 1, 4 ),
 ( -0.01000000000000000021, 0.000000000000000000, 1.000000000000000000, 1.010000000000000009 ),
 ( -1.104572101954240049, -0.6311840582595670268, -0.3155920291297830138, 5.946042398442140367E-16 ),
 .UNSPECIFIED. ) ;
#1595 = CARTESIAN_POINT ( 'NONE',  ( -0.1405350141670112796, -0.3260620425070338557, 0.08204036407178053047 ) ) ;
#1596 = CARTESIAN_POINT ( 'NONE',  ( 0.6050727021842959852, 0.1407848282265675433, 0.2183094930904271314 ) ) ;
#1597 = CARTESIAN_POINT ( 'NONE',  ( -0.3490908224458905140, 0.2062673326171058641, 0.8814859209811752860 ) ) ;
#1598 = CARTESIAN_POINT ( 'NONE',  ( -0.5995841676820451438, -0.1151197031233048701, 0.8996551381836606076 ) ) ;
#1599 = CARTESIAN_POINT ( 'NONE',  ( 0.5811398080285953283, 0.2290737833231680509, 0.8996551381836606076 ) ) ;
#1600 = EDGE_CURVE ( 'NONE', #1145, #2395, #915, .T. ) ;
#1601 = AXIS2_PLACEMENT_3D ( 'NONE', #2393, #2420, #1221 ) ;
#1602 = CARTESIAN_POINT ( 'NONE',  ( -0.3992067082886162077, -0.2697954698426436315, 0.8996551381836606076 ) ) ;
#1603 = DIRECTION ( 'NONE',  ( 0.1424024737378210004, -0.6926193294107160225, 0.7071067811865470176 ) ) ;
#1604 = EDGE_CURVE ( 'NONE', #352, #499, #1581, .T. ) ;
#1605 = VERTEX_POINT ( 'NONE', #330 ) ;
#1606 = CARTESIAN_POINT ( 'NONE',  ( 0.08624449996328609203, 0.1903460019996438823, 0.1909648212006852253 ) ) ;
#1607 = CARTESIAN_POINT ( 'NONE',  ( -0.4613302758524008840, 0.1732978164742104421, 0.08204036407178053047 ) ) ;
#1608 = CARTESIAN_POINT ( 'NONE',  ( 0.2242329889955696209, 0.2072939232218893035, 0.2184003391764395841 ) ) ;
#1609 = CARTESIAN_POINT ( 'NONE',  ( -0.6540918192895044392, 0.1151197561930499269, 0.8996551381836606076 ) ) ;
#1610 = CARTESIAN_POINT ( 'NONE',  ( -0.01133794379028991821, -0.2183098572236973067, 0.2183094930904270481 ) ) ;
#1611 = CARTESIAN_POINT ( 'NONE',  ( -0.3992074760797043598, 0.2697953482658387858, 0.8996551381836606076 ) ) ;
#1612 = CARTESIAN_POINT ( 'NONE',  ( 0.1967601939594397220, -0.2077837486853010007, 0.8996551381836606076 ) ) ;
#1613 = DIRECTION ( 'NONE',  ( -1.000000000000000000, -2.121693181423879920E-15, 0.000000000000000000 ) ) ;
#1614 = ORIENTED_EDGE ( 'NONE', *, *, #281, .F. ) ;
#1615 = EDGE_CURVE ( 'NONE', #1946, #1491, #719, .T. ) ;
#1616 = VERTEX_POINT ( 'NONE', #2413 ) ;
#1617 = CARTESIAN_POINT ( 'NONE',  ( 0.002572175678324515810, 0.2180195962207892579, 0.8996551381836606076 ) ) ;
#1618 = CARTESIAN_POINT ( 'NONE',  ( -0.5364569912958523368, 0.1684069931632903583, 0.8814859209811752860 ) ) ;
#1619 = CARTESIAN_POINT ( 'NONE',  ( -0.1652745539032777766, -0.2128337847476736711, 0.2183094930904270481 ) ) ;
#1620 = CARTESIAN_POINT ( 'NONE',  ( -0.6260937620051876262, 0.2208627358364418647, 0.8996551381836606076 ) ) ;
#1621 = CARTESIAN_POINT ( 'NONE',  ( 0.2931938569663558591, 0.1459691021378740627, -0.8990973648624754899 ) ) ;
#1622 = CARTESIAN_POINT ( 'NONE',  ( 0.3837930712081114581, -0.1821096985742879648, 0.08204036407178053047 ) ) ;
#1623 = CARTESIAN_POINT ( 'NONE',  ( -0.7358505415260259142, -0.03837306413212827894, 0.08203375244546114164 ) ) ;
#1624 = VERTEX_POINT ( 'NONE', #1110 ) ;
#1625 = EDGE_CURVE ( 'NONE', #1070, #1605, #152, .T. ) ;
#1626 = ORIENTED_EDGE ( 'NONE', *, *, #2371, .F. ) ;
#1627 = CARTESIAN_POINT ( 'NONE',  ( -0.2034611908428765603, 0.2092702663750769798, 0.08204036407178053047 ) ) ;
#1628 = CARTESIAN_POINT ( 'NONE',  ( 0.1251418945782668546, 0.2447919297946263284, 0.8996551381836606076 ) ) ;
#1629 = FACE_OUTER_BOUND ( 'NONE', #750, .T. ) ;
#1630 = ADVANCED_FACE ( 'NONE', ( #1076 ), #900, .F. ) ;
#1631 = DIRECTION ( 'NONE',  ( 0.7071067811865480168, 1.173206168609551487E-15, 0.7071067811865470176 ) ) ;
#1632 = CARTESIAN_POINT ( 'NONE',  ( 0.4591795992688074146, -0.08040492244056375581, -0.5720531343434487326 ) ) ;
#1633 = CARTESIAN_POINT ( 'NONE',  ( -0.004299426274958571825, 0.3309719421059579836, 0.08204036407178053047 ) ) ;
#1634 = CARTESIAN_POINT ( 'NONE',  ( 0.1967601939594397220, -0.2077837486853010007, 0.08204036407178053047 ) ) ;
#1635 = CARTESIAN_POINT ( 'NONE',  ( 0.07976386963342220471, -0.3256153120706959392, 0.08204036407178053047 ) ) ;
#1636 = AXIS2_PLACEMENT_3D ( 'NONE', #2468, #918, #2457 ) ;
#1637 = ORIENTED_EDGE ( 'NONE', *, *, #68, .T. ) ;
#1638 = CIRCLE ( 'NONE', #517, 0.05450765160745871946 ) ;
#1639 = VECTOR ( 'NONE', #970, 1000.000000000000000 ) ;
#1640 = ORIENTED_EDGE ( 'NONE', *, *, #2168, .T. ) ;
#1641 = CARTESIAN_POINT ( 'NONE',  ( 0.5608682233858821586, 0.2330325879060070049, 0.8996551381836606076 ) ) ;
#1642 = DIRECTION ( 'NONE',  ( -0.1719506236408260558, -0.6858811726746342208, 0.7071067811865472397 ) ) ;
#1643 = EDGE_CURVE ( 'NONE', #707, #2372, #2426, .T. ) ;
#1644 = DIRECTION ( 'NONE',  ( -1.000000000000000000, -1.591266019374274393E-15, 0.000000000000000000 ) ) ;
#1645 = ORGANIZATION ( '未', '未', '' ) ;
#1646 = LOCAL_TIME ( 8, 12, 0.000000000000000000, #438 ) ;
#1647 = CARTESIAN_POINT ( 'NONE',  ( 0.5254141265778171643, 0.1757142987118001931, 0.8905705295824152268 ) ) ;
#1648 = LINE ( 'NONE', #480, #1004 ) ;
#1649 = EDGE_CURVE ( 'NONE', #1119, #1850, #709, .T. ) ;
#1650 = CARTESIAN_POINT ( 'NONE',  ( 0.3291148475661608286, -0.02172780386654092968, -0.8990973648624754899 ) ) ;
#1651 = CARTESIAN_POINT ( 'NONE',  ( 2.862389116021504281E-06, 0.2180296847243810843, 0.2183094930904271314 ) ) ;
#1652 = CARTESIAN_POINT ( 'NONE',  ( 0.7359087881802105491, 0.1140806466335911734, 0.08201688765445096230 ) ) ;
#1653 = DIRECTION ( 'NONE',  ( 1.000000000000000000, 0.000000000000000000, 0.000000000000000000 ) ) ;
#1654 = EDGE_LOOP ( 'NONE', ( #940, #1036, #1326, #632 ) ) ;
#1655 = CARTESIAN_POINT ( 'NONE',  ( 0.08759046430609371270, 0.2176856166127749403, 0.2183094930904271314 ) ) ;
#1656 = FACE_OUTER_BOUND ( 'NONE', #870, .T. ) ;
#1657 = ORIENTED_EDGE ( 'NONE', *, *, #744, .F. ) ;
#1658 = CARTESIAN_POINT ( 'NONE',  ( -0.5995399850248510631, 0.1149435178936413643, 0.1908739751146727726 ) ) ;
#1659 = CARTESIAN_POINT ( 'NONE',  ( 0.5995841676820446997, 0.1140893789897108740, 0.1910556672866977057 ) ) ;
#1660 = CARTESIAN_POINT ( 'NONE',  ( 0.7358532967006909953, 0.1140893789897108740, 0.08204036407178053047 ) ) ;
#1661 = DIRECTION ( 'NONE',  ( 0.000000000000000000, 0.000000000000000000, -1.000000000000000000 ) ) ;
#1662 = CARTESIAN_POINT ( 'NONE',  ( 0.2188475668495469262, 0.2563288118332621712, -0.8990973648624754899 ) ) ;
#1663 = EDGE_CURVE ( 'NONE', #2395, #1850, #1525, .T. ) ;
#1664 = CARTESIAN_POINT ( 'NONE',  ( -0.5550552898535445756, -0.1538952722873876133, 0.08204036407178053047 ) ) ;
#1665 = CARTESIAN_POINT ( 'NONE',  ( 0.1007040234510735016, -0.1742909182823668413, -0.8990973648624754899 ) ) ;
#1666 = ORIENTED_EDGE ( 'NONE', *, *, #188, .T. ) ;
#1667 = CARTESIAN_POINT ( 'NONE',  ( 0.5489592831336781442, 0.1525998983826904742, 0.2185820313484644895 ) ) ;
#1668 = CARTESIAN_POINT ( 'NONE',  ( 0.6268379934857735147, -0.1140893241806864716, 0.8724013123799301272 ) ) ;
#1669 = CARTESIAN_POINT ( 'NONE',  ( 0.4225246984414892104, 0.1484821973526807004, 0.1907831290286603476 ) ) ;
#1670 = ORIENTED_EDGE ( 'NONE', *, *, #974, .F. ) ;
#1671 = CARTESIAN_POINT ( 'NONE',  ( 0.6050727477897901441, -0.1407847640410992973, 0.8724013123799301272 ) ) ;
#1672 = CARTESIAN_POINT ( 'NONE',  ( 0.3315961284624582839, 0.2217367690508906253, 0.8999276764416982433 ) ) ;
#1673 = DIRECTION ( 'NONE',  ( -0.7071067811865489050, 7.850462293418848963E-16, 0.7071067811865460184 ) ) ;
#1674 = CARTESIAN_POINT ( 'NONE',  ( 0.5995841676820446997, -0.1140893241806864716, 0.2183094930904271314 ) ) ;
#1675 = CARTESIAN_POINT ( 'NONE',  ( -0.2014080469021475028, 0.0001335668615007436287, 0.08204036407178053047 ) ) ;
#1676 = PRODUCT_DEFINITION ( '�', '', #1328, #2332 ) ;
#1677 = EDGE_LOOP ( 'NONE', ( #1455, #1614, #184, #1894, #909 ) ) ;
#1678 = DIRECTION ( 'NONE',  ( -0.2431731467256265655, 0.9699828971232208330, 0.000000000000000000 ) ) ;
#1679 = VERTEX_POINT ( 'NONE', #1671 ) ;
#1680 = VECTOR ( 'NONE', #2177, 1000.000000000000000 ) ;
#1681 = DIRECTION ( 'NONE',  ( 0.000000000000000000, 0.000000000000000000, 1.000000000000000000 ) ) ;
#1682 = CARTESIAN_POINT ( 'NONE',  ( 0.07976310285173278392, 0.3256291397511418828, 0.08203649075778814137 ) ) ;
#1683 = CONICAL_SURFACE ( 'NONE', #253, 0.04088073870559395806, 0.7853981633974476129 ) ;
#1684 = CARTESIAN_POINT ( 'NONE',  ( 0.1244876137880788769, 0.2357104993304198759, 0.8905705295824152268 ) ) ;
#1685 = DIRECTION ( 'NONE',  ( 0.7071067811865470176, 7.850462293418889392E-16, -0.7071067811865480168 ) ) ;
#1686 = CARTESIAN_POINT ( 'NONE',  ( -0.7150685929430685706, 0.2052493647953752831, 0.08204036407178053047 ) ) ;
#1687 = CARTESIAN_POINT ( 'NONE',  ( -0.2708275852127715044, -0.2022191946083049807, 0.08204036407178053047 ) ) ;
#1688 = CARTESIAN_POINT ( 'NONE',  ( -0.5995841676820451438, 0.1151197561930499269, 0.8724013123799301272 ) ) ;
#1689 = ORIENTED_EDGE ( 'NONE', *, *, #2210, .F. ) ;
#1690 = CARTESIAN_POINT ( 'NONE',  ( 0.3208462707705009853, -0.06356271956805882584, -0.8990973648624754899 ) ) ;
#1691 = DIRECTION ( 'NONE',  ( -0.7071067811865460184, -1.570092458683779851E-15, -0.7071067811865489050 ) ) ;
#1692 = ORIENTED_EDGE ( 'NONE', *, *, #757, .T. ) ;
#1693 = EDGE_CURVE ( 'NONE', #1184, #968, #952, .T. ) ;
#1694 = CARTESIAN_POINT ( 'NONE',  ( -0.5995841676820451438, 0.1151197561930499269, 0.8860282252817943682 ) ) ;
#1695 = DIRECTION ( 'NONE',  ( 0.000000000000000000, 0.000000000000000000, -1.000000000000000000 ) ) ;
#1696 = CARTESIAN_POINT ( 'NONE',  ( 0.1251418945782668546, 0.2447919297946263284, 0.8996551381836606076 ) ) ;
#1697 = CARTESIAN_POINT ( 'NONE',  ( -0.01129833184514857786, -0.2001377427310427337, 0.2001402758879408106 ) ) ;
#1698 = FACE_OUTER_BOUND ( 'NONE', #1136, .T. ) ;
#1699 = CARTESIAN_POINT ( 'NONE',  ( -0.6062116141547783110, -0.1415554360276728707, 0.8996551381836606076 ) ) ;
#1700 = CARTESIAN_POINT ( 'NONE',  ( 0.1222312845512096291, 0.3229162197649152466, 0.8724013123799301272 ) ) ;
#1701 = VERTEX_POINT ( 'NONE', #743 ) ;
#1702 = CARTESIAN_POINT ( 'NONE',  ( 0.4224212364967165345, 0.2785833088647549638, 0.8814859209811752860 ) ) ;
#1703 = CARTESIAN_POINT ( 'NONE',  ( -0.4570272465550607177, -0.1846964987005211556, 0.8814859209811752860 ) ) ;
#1704 = ORIENTED_EDGE ( 'NONE', *, *, #1909, .T. ) ;
#1705 = DIRECTION ( 'NONE',  ( 0.000000000000000000, 0.000000000000000000, 1.000000000000000000 ) ) ;
#1706 = LINE ( 'NONE', #1332, #1639 ) ;
#1707 = ADVANCED_FACE ( 'NONE', ( #379 ), #2041, .F. ) ;
#1708 = CARTESIAN_POINT ( 'NONE',  ( 0.5219185473765914907, 0.1575757807978141745, 0.8721021001496437330 ) ) ;
#1709 = CARTESIAN_POINT ( 'NONE',  ( 0.5995841676820446997, -0.1140893241806864716, 0.1910556672866977057 ) ) ;
#1710 = DIRECTION ( 'NONE',  ( 0.000000000000000000, 0.000000000000000000, -1.000000000000000000 ) ) ;
#1711 = CARTESIAN_POINT ( 'NONE',  ( 0.4146237583775881919, -0.1778008565197928548, -0.5720514552177227152 ) ) ;
#1712 = CARTESIAN_POINT ( 'NONE',  ( -0.2688037489387165579, 0.3117593879147139146, 0.8724013123799301272 ) ) ;
#1713 = PERSON_AND_ORGANIZATION_ROLE ( 'creator' ) ;
#1714 = ORIENTED_EDGE ( 'NONE', *, *, #146, .T. ) ;
#1715 = CARTESIAN_POINT ( 'NONE',  ( 0.2778884214225701421, 0.2948149456261498491, 0.8905705295824152268 ) ) ;
#1716 = CARTESIAN_POINT ( 'NONE',  ( 2.909947483493263134E-06, 0.2180296845374770920, 0.2183094930904271314 ) ) ;
#1717 = VERTEX_POINT ( 'NONE', #1921 ) ;
#1718 = DIRECTION ( 'NONE',  ( -0.2431731467256265655, 0.9699828971232208330, 0.000000000000000000 ) ) ;
#1719 = DIRECTION ( 'NONE',  ( 0.000000000000000000, 0.000000000000000000, 1.000000000000000000 ) ) ;
#1720 = AXIS2_PLACEMENT_3D ( 'NONE', #571, #370, #2432 ) ;
#1721 = CARTESIAN_POINT ( 'NONE',  ( -0.6327211605859723864, 0.2472984807472898561, 0.8996551381836606076 ) ) ;
#1722 = CC_DESIGN_PERSON_AND_ORGANIZATION_ASSIGNMENT ( #1554, #1363, ( #1328 ) ) ;
#1723 = DIRECTION ( 'NONE',  ( 1.000000000000000000, 0.000000000000000000, 0.000000000000000000 ) ) ;
#1724 = VECTOR ( 'NONE', #1673, 1000.000000000000114 ) ;
#1725 = PERSON ( '未', '未', '未', ('未'), ('未'), ('未') ) ;
#1726 = CARTESIAN_POINT ( 'NONE',  ( -0.1864903965832429011, -0.2772012910672022601, -0.8990973648624754899 ) ) ;
#1727 = EDGE_CURVE ( 'NONE', #1811, #781, #468, .T. ) ;
#1728 = DIRECTION ( 'NONE',  ( 0.002777679178631029585, 0.7071013254819848992, 0.7071067811865479058 ) ) ;
#1729 = VERTEX_POINT ( 'NONE', #2307 ) ;
#1730 = CARTESIAN_POINT ( 'NONE',  ( -0.6260937620051850727, 0.2208627358364421978, 0.8996551381836606076 ) ) ;
#1731 = CARTESIAN_POINT ( 'NONE',  ( 3.266970474142919085E-06, 0.2181205299219408089, 0.2184003391764395841 ) ) ;
#1732 = B_SPLINE_CURVE_WITH_KNOTS ( 'NONE', 3,
 ( #320, #131, #880, #552, #2083, #913, #1088, #1509, #1856, #2441, #165, #2232, #154 ),
 .UNSPECIFIED., .F., .F.,
 ( 4, 3, 3, 3, 4 ),
 ( 0.01995061059787820237, 0.3102863884395540284, 0.5869125621830739714, 0.9324229086300430680, 0.9819421285966750679 ),
 .UNSPECIFIED. ) ;
#1733 = EDGE_LOOP ( 'NONE', ( #1801, #1862, #1196 ) ) ;
#1734 = DIRECTION ( 'NONE',  ( 0.2013875096755111116, -0.9795116492143909337, 0.000000000000000000 ) ) ;
#1735 = CARTESIAN_POINT ( 'NONE',  ( -0.09073713034490261953, -0.2192145284426959551, 0.8724013123799301272 ) ) ;
#1736 = CARTESIAN_POINT ( 'NONE',  ( -0.6062115662620048973, 0.1415555011041050026, 0.08204036407178053047 ) ) ;
#1737 = CARTESIAN_POINT ( 'NONE',  ( 0.006642724666471049380, 0.2455301722781766949, 0.8999276764416982433 ) ) ;
#1738 = CARTESIAN_POINT ( 'NONE',  ( -0.5262082098803765318, 0.2740139164182358589, 0.08203263404436390849 ) ) ;
#1739 = CARTESIAN_POINT ( 'NONE',  ( -0.6062115662627889368, 0.1415555011039084377, 0.8724013123799301272 ) ) ;
#1740 = CARTESIAN_POINT ( 'NONE',  ( -0.2828594050342699284, -0.2298257916858494621, 0.8996551381836606076 ) ) ;
#1741 = EDGE_CURVE ( 'NONE', #1679, #1002, #1011, .T. ) ;
#1742 = CARTESIAN_POINT ( 'NONE',  ( 0.6013641316349784827, -0.2250189295552331714, 0.8996551381836606076 ) ) ;
#1743 = CARTESIAN_POINT ( 'NONE',  ( 0.1326149993189591203, 0.2134638837886576046, 0.08204036407178053047 ) ) ;
#1744 = EDGE_LOOP ( 'NONE', ( #769, #601, #1084, #642 ) ) ;
#1745 = CARTESIAN_POINT ( 'NONE',  ( 0.3829125782557978308, -0.1837717675431195796, 0.8724013123799301272 ) ) ;
#1746 = CARTESIAN_POINT ( 'NONE',  ( -0.002155655807783578987, 0.2177389526800785069, 0.8721021001496437330 ) ) ;
#1747 = PLANE ( 'NONE',  #1278 ) ;
#1748 = CARTESIAN_POINT ( 'NONE',  ( -0.3992067082886162077, -0.2697954698426436315, 0.8996551381836606076 ) ) ;
#1749 = CARTESIAN_POINT ( 'NONE',  ( 0.3557039554923357438, -0.2772283709236903482, -0.2450055455729709952 ) ) ;
#1750 = CARTESIAN_POINT ( 'NONE',  ( 0.6268379934857735147, -0.1140893241806864716, 0.08204036407178053047 ) ) ;
#1751 = ORIENTED_EDGE ( 'NONE', *, *, #1541, .T. ) ;
#1752 = CARTESIAN_POINT ( 'NONE',  ( 0.2594017599854229195, -0.2146692043341241196, -0.8990896819662624884 ) ) ;
#1753 = CARTESIAN_POINT ( 'NONE',  ( -0.5995841661929617317, 6.643617906665896602E-08, -0.2450055455729709952 ) ) ;
#1754 = ORIENTED_EDGE ( 'NONE', *, *, #2141, .F. ) ;
#1755 = B_SPLINE_CURVE_WITH_KNOTS ( 'NONE', 3,
 ( #1255, #2425, #682, #1628, #708 ),
 .UNSPECIFIED., .F., .F.,
 ( 4, 1, 4 ),
 ( -0.9819420919571569817, -0.7752745425098810372, -0.4997178099135130003 ),
 .UNSPECIFIED. ) ;
#1756 = CARTESIAN_POINT ( 'NONE',  ( 0.6050526164825520414, 0.1406871342372026934, 0.8723015749698346255 ) ) ;
#1757 = CARTESIAN_POINT ( 'NONE',  ( 0.006640700455836089609, 0.2452576344053400415, 0.8996551381836606076 ) ) ;
#1758 = CARTESIAN_POINT ( 'NONE',  ( 0.6013641316349784827, -0.2250189295552331714, 0.8996551381836606076 ) ) ;
#1759 = CARTESIAN_POINT ( 'NONE',  ( 0.3881903737095839801, -0.1980400235904229977, -0.5720514552177227152 ) ) ;
#1760 = DIRECTION ( 'NONE',  ( -0.2431731467175752837, 0.9699828971252392185, 0.000000000000000000 ) ) ;
#1761 = AXIS2_PLACEMENT_3D ( 'NONE', #2015, #1613, #82 ) ;
#1762 = VECTOR ( 'NONE', #550, 1000.000000000000000 ) ;
#1763 = ORIENTED_EDGE ( 'NONE', *, *, #2027, .T. ) ;
#1764 = CARTESIAN_POINT ( 'NONE',  ( 0.08025049157962120538, 0.2164236068619102560, 0.08204036407178053047 ) ) ;
#1765 = CARTESIAN_POINT ( 'NONE',  ( 0.7085994708969615141, -0.1140893241806864716, 0.8996551381836606076 ) ) ;
#1766 = ORIENTED_EDGE ( 'NONE', *, *, #123, .F. ) ;
#1767 = EDGE_CURVE ( 'NONE', #1616, #408, #1487, .T. ) ;
#1768 = CARTESIAN_POINT ( 'NONE',  ( -0.2708275769394665189, 0.2022194389969904915, 0.8996551381836606076 ) ) ;
#1769 = CARTESIAN_POINT ( 'NONE',  ( 7.426654043035328375E-05, 0.2361987616188825634, 0.8905705295824152268 ) ) ;
#1770 = LINE ( 'NONE', #77, #2240 ) ;
#1771 = DIRECTION ( 'NONE',  ( 1.659164075107389983E-15, -1.000000000000000000, 0.000000000000000000 ) ) ;
#1772 = CARTESIAN_POINT ( 'NONE',  ( -0.6268379934857747360, 0.1151197561930499269, 0.8724013123799301272 ) ) ;
#1773 = VERTEX_POINT ( 'NONE', #607 ) ;
#1774 = CARTESIAN_POINT ( 'NONE',  ( 0.6067615456587269751, 0.2517331318794829853, 0.8724013123799301272 ) ) ;
#1775 = ORIENTED_EDGE ( 'NONE', *, *, #2141, .T. ) ;
#1776 = CARTESIAN_POINT ( 'NONE',  ( 0.5454118317577811847, 0.1345023102756639777, 0.2001402758879408106 ) ) ;
#1777 = CARTESIAN_POINT ( 'NONE',  ( -0.5262241098027797825, -0.2739972714828454170, 0.08204036407178053047 ) ) ;
#1778 = CARTESIAN_POINT ( 'NONE',  ( 0.4273164721455964266, 0.1756812032608069118, 0.2184003391764395841 ) ) ;
#1779 = CARTESIAN_POINT ( 'NONE',  ( 2.862389116021504281E-06, 0.2180296847243810843, 0.8724013123799301272 ) ) ;
#1780 = EDGE_CURVE ( 'NONE', #208, #848, #257, .T. ) ;
#1781 = CARTESIAN_POINT ( 'NONE',  ( 0.4191713973166647511, -0.2607047460813841644, 0.8996551381836606076 ) ) ;
#1782 = CARTESIAN_POINT ( 'NONE',  ( -0.6132110805839096068, -0.05749306813090266505, 0.2046825801885623630 ) ) ;
#1783 = DIRECTION ( 'NONE',  ( 1.000000000000000000, 0.000000000000000000, 0.000000000000000000 ) ) ;
#1784 = FACE_OUTER_BOUND ( 'NONE', #1253, .T. ) ;
#1785 = CARTESIAN_POINT ( 'NONE',  ( 0.6050727477897901441, -0.1407847640410992973, 0.8724013123799301272 ) ) ;
#1786 = B_SPLINE_CURVE_WITH_KNOTS ( 'NONE', 3,
 ( #1438, #148, #1297, #1117, #948, #1478 ),
 .UNSPECIFIED., .F., .F.,
 ( 4, 1, 1, 4 ),
 ( -1.104565979540810039, -0.6311840582595670268, -0.3155920291297830138, 6.661338147750939243E-16 ),
 .UNSPECIFIED. ) ;
#1787 = ORIENTED_EDGE ( 'NONE', *, *, #79, .F. ) ;
#1788 = CARTESIAN_POINT ( 'NONE',  ( 0.5995841676820446997, 0.1140893789897108740, 0.1910556672866977057 ) ) ;
#1789 = CARTESIAN_POINT ( 'NONE',  ( -0.3366432131659008453, 0.1936927128981761892, 0.08204036407178053047 ) ) ;
#1790 = CARTESIAN_POINT ( 'NONE',  ( 0.6051092924143111063, 0.1409627978881465848, 0.2184911852624520368 ) ) ;
#1791 = PLANE ( 'NONE',  #839 ) ;
#1792 = DIRECTION ( 'NONE',  ( 0.000000000000000000, 0.000000000000000000, 1.000000000000000000 ) ) ;
#1793 = DIRECTION ( 'NONE',  ( 1.000000000000000000, 0.000000000000000000, 0.000000000000000000 ) ) ;
#1794 = EDGE_CURVE ( 'NONE', #2395, #360, #1548, .T. ) ;
#1795 = VECTOR ( 'NONE', #2390, 1000.000000000000114 ) ;
#1796 = CARTESIAN_POINT ( 'NONE',  ( 0.5015381139358601192, -0.1612883712697847360, 0.8996551381836606076 ) ) ;
#1797 = CARTESIAN_POINT ( 'NONE',  ( -0.7358532967006913283, 7.645503975375351133E-08, 0.08204036407178053047 ) ) ;
#1798 = ORIENTED_EDGE ( 'NONE', *, *, #1496, .F. ) ;
#1799 = AXIS2_PLACEMENT_3D ( 'NONE', #2287, #1710, #736 ) ;
#1800 = CARTESIAN_POINT ( 'NONE',  ( 0.5436655794025933019, 0.1255861362971470718, 0.1910556672866977057 ) ) ;
#1801 = ORIENTED_EDGE ( 'NONE', *, *, #1407, .F. ) ;
#1802 = CARTESIAN_POINT ( 'NONE',  ( 0.6270268401933104530, 0.2475666251739945534, 0.08204036407178053047 ) ) ;
#1803 = CARTESIAN_POINT ( 'NONE',  ( -0.0001049109956927977804, 0.1905943784294318322, 0.1908739751146727726 ) ) ;
#1804 = CARTESIAN_POINT ( 'NONE',  ( 0.004353062814389806016, 0.2270973887198793617, 0.8814859209811752860 ) ) ;
#1805 = PLANE ( 'NONE',  #1566 ) ;
#1806 = CARTESIAN_POINT ( 'NONE',  ( 0.5995841676820446997, 0.1140893789897108740, 0.8996551381836606076 ) ) ;
#1807 = CARTESIAN_POINT ( 'NONE',  ( 0.4432051638328209364, 0.1452225859309557165, -0.5720514552177227152 ) ) ;
#1808 = DIRECTION ( 'NONE',  ( 0.1719493810518270549, -0.6858814841908901228, -0.7071067811865442421 ) ) ;
#1809 = PLANE ( 'NONE',  #1601 ) ;
#1810 = EDGE_CURVE ( 'NONE', #968, #1773, #1706, .T. ) ;
#1811 = VERTEX_POINT ( 'NONE', #783 ) ;
#1812 = CARTESIAN_POINT ( 'NONE',  ( 0.08670145248841633345, 0.1995216573784204528, 0.2001402758879408106 ) ) ;
#1813 = ORIENTED_EDGE ( 'NONE', *, *, #248, .F. ) ;
#1814 = CARTESIAN_POINT ( 'NONE',  ( 0.001284191883183059303, 0.2180246535425036658, 0.8996551381836606076 ) ) ;
#1815 = CARTESIAN_POINT ( 'NONE',  ( 0.006440814090738465787, 0.2177318378599437942, 0.8721287741218926026 ) ) ;
#1816 = DIRECTION ( 'NONE',  ( 0.000000000000000000, 0.000000000000000000, 1.000000000000000000 ) ) ;
#1817 = DIRECTION ( 'NONE',  ( 0.000000000000000000, 0.000000000000000000, 1.000000000000000000 ) ) ;
#1818 = DIRECTION ( 'NONE',  ( -0.2431731467256268708, 0.9699828971232208330, 0.000000000000000000 ) ) ;
#1819 = CARTESIAN_POINT ( 'NONE',  ( 0.3772562225371900446, 0.2059572763930540840, -0.5720514552177227152 ) ) ;
#1820 = CARTESIAN_POINT ( 'NONE',  ( 0.5456721984509733669, -0.1527767081914848946, 0.8996551381836606076 ) ) ;
#1821 = DIRECTION ( 'NONE',  ( -0.1424024737378150329, 0.6926193294107161336, 0.7071067811865481278 ) ) ;
#1822 = ORIENTED_EDGE ( 'NONE', *, *, #925, .T. ) ;
#1823 = ADVANCED_FACE ( 'NONE', ( #1356 ), #1371, .T. ) ;
#1824 = VERTEX_POINT ( 'NONE', #1560 ) ;
#1825 = EDGE_CURVE ( 'NONE', #848, #778, #2319, .T. ) ;
#1826 = CARTESIAN_POINT ( 'NONE',  ( -0.3992074760797043598, 0.2697953482658387858, 0.8996551381836606076 ) ) ;
#1827 = CARTESIAN_POINT ( 'NONE',  ( 0.001551294531826547581, 0.1907695631053615282, 0.1910556672866977057 ) ) ;
#1828 = DIRECTION ( 'NONE',  ( 0.8660254037844387076, 0.4999999999999998890, 0.000000000000000000 ) ) ;
#1829 = CARTESIAN_POINT ( 'NONE',  ( -0.0001075006562459798369, 0.1907760821762241044, 0.1910556672866977057 ) ) ;
#1830 = CARTESIAN_POINT ( 'NONE',  ( 0.5219739660482306531, 0.1578697731671725724, 0.8724013123799301272 ) ) ;
#1831 = CARTESIAN_POINT ( 'NONE',  ( -0.5995841676820451438, -0.1151197031233048701, 0.8996551381836606076 ) ) ;
#1832 = CARTESIAN_POINT ( 'NONE',  ( 0.4646811867012361486, 0.02715617944531047503, -0.5720514552177227152 ) ) ;
#1833 = DIRECTION ( 'NONE',  ( 0.002777679178631039993, 0.7071013254819848992, 0.7071067811865479058 ) ) ;
#1834 = DIRECTION ( 'NONE',  ( -1.060846590711940157E-15, 1.000000000000000000, 0.000000000000000000 ) ) ;
#1835 = AXIS2_PLACEMENT_3D ( 'NONE', #714, #2087, #1337 ) ;
#1836 = ORIENTED_EDGE ( 'NONE', *, *, #2383, .T. ) ;
#1837 = CARTESIAN_POINT ( 'NONE',  ( 0.4591803092577499967, -0.08040500935343326827, -0.5720514552177227152 ) ) ;
#1838 = CONICAL_SURFACE ( 'NONE', #1442, 0.04088073870559395806, 0.7853981633974447263 ) ;
#1839 = DIRECTION ( 'NONE',  ( 0.000000000000000000, 0.000000000000000000, -1.000000000000000000 ) ) ;
#1840 = VECTOR ( 'NONE', #1344, 1000.000000000000000 ) ;
#1841 = ORIENTED_EDGE ( 'NONE', *, *, #1325, .T. ) ;
#1842 = CARTESIAN_POINT ( 'NONE',  ( -0.2826101892995848130, 0.1790980073914768544, 0.1909648212006852253 ) ) ;
#1843 = CARTESIAN_POINT ( 'NONE',  ( -0.7255336895985488033, 0.1752179040380719144, 0.08204036407178051660 ) ) ;
#1844 = AXIS2_PLACEMENT_3D ( 'NONE', #2065, #1681, #1302 ) ;
#1845 = ADVANCED_FACE ( 'NONE', ( #1535 ), #190, .F. ) ;
#1846 = FACE_OUTER_BOUND ( 'NONE', #1057, .T. ) ;
#1847 = CARTESIAN_POINT ( 'NONE',  ( 0.03891252844832256141, -0.2176389619888270399, 0.2183094930904271314 ) ) ;
#1848 = CARTESIAN_POINT ( 'NONE',  ( -0.3152765231283535252, -0.08892705367928879778, -0.8990973648624754899 ) ) ;
#1849 = CARTESIAN_POINT ( 'NONE',  ( 0.2802720099590925162, 0.3128698759335805657, 0.8724013123799301272 ) ) ;
#1850 = VERTEX_POINT ( 'NONE', #2283 ) ;
#1851 = CARTESIAN_POINT ( 'NONE',  ( 0.5533116211926594197, -0.1699761081244638428, 0.8905705295824152268 ) ) ;
#1852 = ORIENTED_EDGE ( 'NONE', *, *, #1604, .T. ) ;
#1853 = CARTESIAN_POINT ( 'NONE',  ( 0.07716806515914256814, 0.2161762323944831643, 0.8724673094993035116 ) ) ;
#1854 = CARTESIAN_POINT ( 'NONE',  ( 0.1239515321531092229, 0.2266265733652172432, 0.8814859209811752860 ) ) ;
#1855 = EDGE_CURVE ( 'NONE', #1184, #778, #580, .T. ) ;
#1856 = CARTESIAN_POINT ( 'NONE',  ( 0.4240651026586753636, -0.2875177233923882913, 0.8724013123799301272 ) ) ;
#1857 = CARTESIAN_POINT ( 'NONE',  ( -0.3311133370445286106, 0.2902292698269949289, -0.2450055455729709952 ) ) ;
#1858 = CARTESIAN_POINT ( 'NONE',  ( -0.3244471466648389812, -0.04752789863649088675, -0.8990973648624754899 ) ) ;
#1859 = EDGE_CURVE ( 'NONE', #1729, #2360, #1139, .T. ) ;
#1860 = CARTESIAN_POINT ( 'NONE',  ( -0.5262243525895099472, 0.2739970586227313265, 0.8724013123799301272 ) ) ;
#1861 = DATE_TIME_ROLE ( 'creation_date' ) ;
#1862 = ORIENTED_EDGE ( 'NONE', *, *, #2155, .T. ) ;
#1863 = CARTESIAN_POINT ( 'NONE',  ( -0.5623270359644015892, -0.1712888039830458009, 0.8905705295824152268 ) ) ;
#1864 = ORIENTED_EDGE ( 'NONE', *, *, #1194, .F. ) ;
#1865 =( LENGTH_UNIT ( ) NAMED_UNIT ( * ) SI_UNIT ( .MILLI., .METRE. ) );
#1866 = CARTESIAN_POINT ( 'NONE',  ( 0.3839639113942542870, 0.1818624009069743919, 0.8723419553948641436 ) ) ;
#1867 = B_SPLINE_SURFACE_WITH_KNOTS ( 'NONE', 3, 1, ( 
 ( #1016, #1026 ),
 ( #1777, #2195 ),
 ( #74, #827 ),
 ( #287, #112 ),
 ( #1595, #2147 ),
 ( #1037, #98 ),
 ( #303, #851 ),
 ( #643, #1413 ),
 ( #453, #861 ),
 ( #1388, #1215 ),
 ( #1982, #433 ),
 ( #1186, #6 ),
 ( #1299, #125 ) ),
 .UNSPECIFIED., .F., .F., .F.,
 ( 4, 3, 3, 3, 4 ),
 ( 2, 2 ),
 ( 0.01995061059806790132, 0.3102863884395540284, 0.5869125621830739714, 0.9324229086300440672, 0.9819421285966740687 ),
 ( 0.000000000000000000, 1.500000000000000000 ),
 .UNSPECIFIED. ) ;
#1868 = CARTESIAN_POINT ( 'NONE',  ( 0.6540918192895032179, -0.1140893241806864716, 0.8996551381836606076 ) ) ;
#1869 = CARTESIAN_POINT ( 'NONE',  ( 0.1259089385096511249, 0.1309018585234577869, -0.8990973648624754899 ) ) ;
#1870 = CARTESIAN_POINT ( 'NONE',  ( -0.6618944704607130358, 0.2400457453724063051, 0.08204036407178053047 ) ) ;
#1871 = CARTESIAN_POINT ( 'NONE',  ( 0.05035201172553658427, -0.1742909182823668413, -0.02697493914313670374 ) ) ;
#1872 = DIRECTION ( 'NONE',  ( 0.7071067811865489050, -1.570092458683769793E-15, 0.7071067811865460184 ) ) ;
#1873 = EDGE_CURVE ( 'NONE', #1002, #2463, #401, .T. ) ;
#1874 = ORIENTED_EDGE ( 'NONE', *, *, #1956, .F. ) ;
#1875 = CARTESIAN_POINT ( 'NONE',  ( -0.4006149699685189747, 0.2787788170903761631, 0.8905705295824152268 ) ) ;
#1876 = DIRECTION ( 'NONE',  ( 0.000000000000000000, 0.000000000000000000, -1.000000000000000000 ) ) ;
#1877 = VERTEX_POINT ( 'NONE', #1668 ) ;
#1878 = VECTOR ( 'NONE', #2071, 1000.000000000000000 ) ;
#1879 = LINE ( 'NONE', #954, #2169 ) ;
#1880 = DIRECTION ( 'NONE',  ( 1.000000000000000000, -6.009258394948630209E-16, 0.000000000000000000 ) ) ;
#1881 = VECTOR ( 'NONE', #746, 1000.000000000000000 ) ;
#1882 = CARTESIAN_POINT ( 'NONE',  ( -0.002154836463622450578, 0.2180381643911783462, 0.8724013123799301272 ) ) ;
#1883 = CARTESIAN_POINT ( 'NONE',  ( -0.2768978027734088632, -0.1838288696098250297, 0.2001402758879408106 ) ) ;
#1884 = CARTESIAN_POINT ( 'NONE',  ( -0.3270459051775013171, 0.02376381857536963293, -0.8990973648624754899 ) ) ;
#1885 = VECTOR ( 'NONE', #742, 1000.000000000000000 ) ;
#1886 = DIRECTION ( 'NONE',  ( 0.000000000000000000, 0.000000000000000000, 1.000000000000000000 ) ) ;
#1887 = CARTESIAN_POINT ( 'NONE',  ( 0.6270270682207621515, -0.2475665234827495731, 0.08204036407178053047 ) ) ;
#1888 = APPROVAL_ROLE ( '' ) ;
#1889 = ORIENTED_EDGE ( 'NONE', *, *, #1029, .T. ) ;
#1890 = DIRECTION ( 'NONE',  ( 0.000000000000000000, 0.000000000000000000, -1.000000000000000000 ) ) ;
#1891 = ADVANCED_FACE ( 'NONE', ( #1106 ), #975, .F. ) ;
#1892 = CARTESIAN_POINT ( 'NONE',  ( 0.6003301238765662573, -0.03260019599536035512, -0.2450055455729709952 ) ) ;
#1893 = CARTESIAN_POINT ( 'NONE',  ( 0.5515631755087829768, -0.1610609579206159492, 0.8814859209811752860 ) ) ;
#1894 = ORIENTED_EDGE ( 'NONE', *, *, #689, .T. ) ;
#1895 = DIRECTION ( 'NONE',  ( 0.7071067811865490160, 7.501318180910440654E-16, 0.7071067811865461294 ) ) ;
#1896 = DIRECTION ( 'NONE',  ( -0.1719493810464679806, 0.6858814841922299399, -0.7071067811865479058 ) ) ;
#1897 = CARTESIAN_POINT ( 'NONE',  ( -0.002155382693063202706, 0.2178386899171117497, 0.8722018375597392348 ) ) ;
#1898 = CARTESIAN_POINT ( 'NONE',  ( 0.03869033348748534412, -0.2085566904465178673, 0.2092248844891836101 ) ) ;
#1899 = CARTESIAN_POINT ( 'NONE',  ( -0.4411054896055771612, 0.1515163988432663422, -0.5720514552177227152 ) ) ;
#1900 = CARTESIAN_POINT ( 'NONE',  ( -0.7358532967006913283, -0.03837316258197519259, 0.08204036407178053047 ) ) ;
#1901 = CYLINDRICAL_SURFACE ( 'NONE', #878, 0.02725382580372932503 ) ;
#1902 = ORIENTED_EDGE ( 'NONE', *, *, #68, .F. ) ;
#1903 = CARTESIAN_POINT ( 'NONE',  ( -0.2657834002591792366, 0.2846734411010238275, 0.8996551381836606076 ) ) ;
#1904 = CARTESIAN_POINT ( 'NONE',  ( -0.2861152272558716292, 0.2063611046956639883, 0.2184003391764395841 ) ) ;
#1905 = ADVANCED_FACE ( 'NONE', ( #1698 ), #1410, .T. ) ;
#1906 = ORIENTED_EDGE ( 'NONE', *, *, #265, .F. ) ;
#1907 = CARTESIAN_POINT ( 'NONE',  ( -0.1007040234510738208, 0.1745580520053682805, -0.8990973648624754899 ) ) ;
#1908 = CARTESIAN_POINT ( 'NONE',  ( -0.4553992906601953550, -0.1757530188197242438, 0.8724013123799301272 ) ) ;
#1909 = EDGE_CURVE ( 'NONE', #2360, #2343, #2259, .T. ) ;
#1910 = CARTESIAN_POINT ( 'NONE',  ( 0.1222312845512096291, 0.3229162197649152466, 0.8996551381836606076 ) ) ;
#1911 = CARTESIAN_POINT ( 'NONE',  ( -0.3517622269667994295, 0.2243604473552136824, 0.8997459842696732268 ) ) ;
#1912 = CARTESIAN_POINT ( 'NONE',  ( -0.6327211605859723864, 0.2472984807472898561, 0.08204036407178053047 ) ) ;
#1913 = CARTESIAN_POINT ( 'NONE',  ( -0.2870042495072672728, -0.1579096027402223934, -0.8990973648624754899 ) ) ;
#1914 = FACE_OUTER_BOUND ( 'NONE', #212, .T. ) ;
#1915 = CALENDAR_DATE ( 2026, 29, 6 ) ;
#1916 = ORIENTED_EDGE ( 'NONE', *, *, #978, .T. ) ;
#1917 = CARTESIAN_POINT ( 'NONE',  ( -0.5208479306507592943, 0.2472476958868419783, 0.8996551381836606076 ) ) ;
#1918 = CARTESIAN_POINT ( 'NONE',  ( 0.003362261894871397538, 0.2181981760050016872, 0.2184911852624520368 ) ) ;
#1919 = ORIENTED_EDGE ( 'NONE', *, *, #1767, .T. ) ;
#1920 = DIRECTION ( 'NONE',  ( 0.000000000000000000, 0.000000000000000000, 1.000000000000000000 ) ) ;
#1921 = CARTESIAN_POINT ( 'NONE',  ( 0.7358532967006909953, -0.1140893241806869990, 0.8724013123799301272 ) ) ;
#1922 = VECTOR ( 'NONE', #1817, 1000.000000000000000 ) ;
#1923 = DIRECTION ( 'NONE',  ( -1.659164075107389983E-15, 1.000000000000000000, 0.000000000000000000 ) ) ;
#1924 = CARTESIAN_POINT ( 'NONE',  ( -0.6129052388298671383, 0.1682556034637438247, 0.8999276764416982433 ) ) ;
#1925 = EDGE_CURVE ( 'NONE', #1582, #1679, #1306, .T. ) ;
#1926 = CARTESIAN_POINT ( 'NONE',  ( -0.5208477046984849590, -0.2472479021177229341, 0.8996551381836606076 ) ) ;
#1927 = VECTOR ( 'NONE', #635, 1000.000000000000000 ) ;
#1928 = DIRECTION ( 'NONE',  ( 0.000000000000000000, 0.000000000000000000, 1.000000000000000000 ) ) ;
#1929 = CARTESIAN_POINT ( 'NONE',  ( -0.5995841676820451438, 0.1151197561930504681, 0.1910556672866977057 ) ) ;
#1930 = AXIS2_PLACEMENT_3D ( 'NONE', #2079, #1895, #2107 ) ;
#1931 = LINE ( 'NONE', #246, #2364 ) ;
#1932 = CARTESIAN_POINT ( 'NONE',  ( 0.4240566641082706423, 0.2875189534786310452, 0.8724013123799301272 ) ) ;
#1933 = CARTESIAN_POINT ( 'NONE',  ( 0.003361220194557086854, 0.2180164863549274856, 0.2183094930904271314 ) ) ;
#1934 = VERTEX_POINT ( 'NONE', #2098 ) ;
#1935 = DIRECTION ( 'NONE',  ( -1.642736708027120158E-15, 1.000000000000000000, 0.000000000000000000 ) ) ;
#1936 = CARTESIAN_POINT ( 'NONE',  ( 0.4240566641082706423, 0.2875189534786310452, 0.8996551381836606076 ) ) ;
#1937 = FACE_OUTER_BOUND ( 'NONE', #1033, .T. ) ;
#1938 = CARTESIAN_POINT ( 'NONE',  ( -0.4034269716304270115, -0.2967476171704223065, 0.8724013123799301272 ) ) ;
#1939 = CARTESIAN_POINT ( 'NONE',  ( 0.2789030351458136048, -0.1712227060099568432, -0.8990973648624754899 ) ) ;
#1940 = CARTESIAN_POINT ( 'NONE',  ( 0.5550600668765304224, -0.1788912583283117919, 0.8996551381836606076 ) ) ;
#1941 = PERSON_AND_ORGANIZATION ( #1725, #1645 ) ;
#1942 = EDGE_CURVE ( 'NONE', #2360, #35, #2069, .T. ) ;
#1943 = ORIENTED_EDGE ( 'NONE', *, *, #1873, .T. ) ;
#1944 = CARTESIAN_POINT ( 'NONE',  ( 0.2598510158424678362, 0.2004436718253733429, 0.8996551381836606076 ) ) ;
#1945 = CARTESIAN_POINT ( 'NONE',  ( -0.2861036799527289509, 0.2062708201542266528, 0.2183094930904271314 ) ) ;
#1946 = VERTEX_POINT ( 'NONE', #180 ) ;
#1947 = DIRECTION ( 'NONE',  ( -1.000000000000000000, -1.642736708027120158E-15, 0.000000000000000000 ) ) ;
#1948 = CARTESIAN_POINT ( 'NONE',  ( 0.5219554931576841916, 0.1577717757107197916, 0.8723015749698346255 ) ) ;
#1949 = CARTESIAN_POINT ( 'NONE',  ( -0.3517490465160799107, 0.2242704211396751302, 0.8996551381836606076 ) ) ;
#1950 = CARTESIAN_POINT ( 'NONE',  ( -0.6327218637698880377, 0.2473478270698692139, 0.08203263404436389461 ) ) ;
#1951 = CARTESIAN_POINT ( 'NONE',  ( -0.06348225771643484228, -0.3273588993892722621, -0.8990973648624754899 ) ) ;
#1952 = DIRECTION ( 'NONE',  ( 0.2013875096755108896, -0.9795116492143909337, 0.000000000000000000 ) ) ;
#1953 = ORIENTED_EDGE ( 'NONE', *, *, #1450, .F. ) ;
#1954 = DIRECTION ( 'NONE',  ( 0.000000000000000000, 0.000000000000000000, -1.000000000000000000 ) ) ;
#1955 = CARTESIAN_POINT ( 'NONE',  ( -0.09551643607795362589, 0.2093206386592811608, 0.2092248844891836101 ) ) ;
#1956 = EDGE_CURVE ( 'NONE', #1184, #352, #1248, .T. ) ;
#1957 = ORIENTED_EDGE ( 'NONE', *, *, #2013, .F. ) ;
#1958 = CARTESIAN_POINT ( 'NONE',  ( 0.003860159473465974486, 0.2180145388990748778, 0.8996551381836606076 ) ) ;
#1959 = CARTESIAN_POINT ( 'NONE',  ( -0.3504310014441318621, 0.2152677995858196802, 0.8905705295824152268 ) ) ;
#1960 = CARTESIAN_POINT ( 'NONE',  ( -0.2677957591923687541, -0.3027306020095698602, 0.8814859209811752860 ) ) ;
#1961 = AXIS2_PLACEMENT_3D ( 'NONE', #1688, #2276, #519 ) ;
#1962 = CARTESIAN_POINT ( 'NONE',  ( 0.5975595566942835113, -0.09723017522225506359, -0.2450055455729709952 ) ) ;
#1963 = CARTESIAN_POINT ( 'NONE',  ( -0.3517509943053936383, 0.2242700276421219774, 0.8996551381836606076 ) ) ;
#1964 = PERSON_AND_ORGANIZATION_ROLE ( 'creator' ) ;
#1965 = AXIS2_PLACEMENT_3D ( 'NONE', #2250, #531, #1565 ) ;
#1966 = VERTEX_POINT ( 'NONE', #786 ) ;
#1967 = CARTESIAN_POINT ( 'NONE',  ( -0.3270459051775013171, 4.639845717239876615E-08, -0.8990973648624754899 ) ) ;
#1968 = CIRCLE ( 'NONE', #2370, 0.02725382580372919666 ) ;
#1969 = EDGE_LOOP ( 'NONE', ( #62, #927, #228, #302 ) ) ;
#1970 = ADVANCED_FACE ( 'NONE', ( #997 ), #427, .T. ) ;
#1971 = CARTESIAN_POINT ( 'NONE',  ( -0.7085994708969626243, -0.1151197031233048701, 0.8996551381836606076 ) ) ;
#1972 = CARTESIAN_POINT ( 'NONE',  ( 0.004406906692146179277, 0.2361816129690392507, 0.8905705295824152268 ) ) ;
#1973 = CARTESIAN_POINT ( 'NONE',  ( 0.6251975415181817430, -0.2386680435292786728, 0.8814859209811752860 ) ) ;
#1974 = CARTESIAN_POINT ( 'NONE',  ( -0.6062116141558234750, -0.1415554360274107470, 0.2183094930904271314 ) ) ;
#1975 = CARTESIAN_POINT ( 'NONE',  ( 0.6013603833818561561, 0.2250197190762775745, 0.8996551381836606076 ) ) ;
#1976 = DIRECTION ( 'NONE',  ( 1.642736708027120158E-15, -1.000000000000000000, 0.000000000000000000 ) ) ;
#1977 = CARTESIAN_POINT ( 'NONE',  ( 0.2598510158424678362, 0.2004436718253733429, 0.08204036407178053047 ) ) ;
#1978 = MANIFOLD_SOLID_BREP ( 'NONE', #600 ) ;
#1979 = ORIENTED_EDGE ( 'NONE', *, *, #1942, .T. ) ;
#1980 = CARTESIAN_POINT ( 'NONE',  ( 0.4241493655968790466, 0.1576978487030614995, 0.2001402758879408106 ) ) ;
#1981 = EDGE_CURVE ( 'NONE', #73, #548, #1770, .T. ) ;
#1982 = CARTESIAN_POINT ( 'NONE',  ( 0.5864600368989882906, -0.2558034336014622934, 0.08204036407178053047 ) ) ;
#1983 = CARTESIAN_POINT ( 'NONE',  ( 2.505368359477272437E-06, 0.2179388393399085411, 0.8723104662939176190 ) ) ;
#1984 = FACE_OUTER_BOUND ( 'NONE', #2016, .T. ) ;
#1985 = ADVANCED_FACE ( 'NONE', ( #2139 ), #593, .T. ) ;
#1986 = DIRECTION ( 'NONE',  ( 1.000000000000000000, 0.000000000000000000, 0.000000000000000000 ) ) ;
#1987 = DIRECTION ( 'NONE',  ( -1.000000000000000000, -1.740447208690607668E-15, 0.000000000000000000 ) ) ;
#1988 = CARTESIAN_POINT ( 'NONE',  ( 0.1205059484128129521, -0.2957165651348388491, 0.8996551381836606076 ) ) ;
#1989 = CARTESIAN_POINT ( 'NONE',  ( 0.6050727021842959852, 0.1407848282265675433, 0.8996551381836606076 ) ) ;
#1990 = ORIENTED_EDGE ( 'NONE', *, *, #248, .T. ) ;
#1991 = CARTESIAN_POINT ( 'NONE',  ( 0.08624902424571311010, 0.1904368500727010582, 0.1910556672866977057 ) ) ;
#1992 = ORIENTED_EDGE ( 'NONE', *, *, #265, .T. ) ;
#1993 = CARTESIAN_POINT ( 'NONE',  ( -0.5149464667985543809, 0.1626927594119736697, 0.8996551381836606076 ) ) ;
#1994 = CARTESIAN_POINT ( 'NONE',  ( -0.5995841676820451438, -0.1151197031233048701, 0.2183094930904271314 ) ) ;
#1995 = CARTESIAN_POINT ( 'NONE',  ( -0.5995841676820451438, -0.1151197031233048701, 0.08204036407178053047 ) ) ;
#1996 = DIRECTION ( 'NONE',  ( -1.000000000000000000, -1.657568770181534306E-15, 0.000000000000000000 ) ) ;
#1997 = ADVANCED_FACE ( 'NONE', ( #1984 ), #318, .T. ) ;
#1998 = DIRECTION ( 'NONE',  ( 2.121693181423879920E-15, -1.000000000000000000, 0.000000000000000000 ) ) ;
#1999 = VECTOR ( 'NONE', #1771, 1000.000000000000000 ) ;
#2000 = CARTESIAN_POINT ( 'NONE',  ( -0.1352775198771793697, -0.2145311626328023080, 0.8996551381836606076 ) ) ;
#2001 = LINE ( 'NONE', #497, #1317 ) ;
#2002 = ORIENTED_EDGE ( 'NONE', *, *, #2356, .T. ) ;
#2003 = CARTESIAN_POINT ( 'NONE',  ( 0.08623997568085906007, 0.1902551539265866787, 0.1908739751146727726 ) ) ;
#2004 = AXIS2_PLACEMENT_3D ( 'NONE', #926, #522, #1876 ) ;
#2005 = VERTEX_POINT ( 'NONE', #685 ) ;
#2006 = CARTESIAN_POINT ( 'NONE',  ( 0.006436127063748900944, 0.2180044242556457568, 0.8996551381836606076 ) ) ;
#2007 = CARTESIAN_POINT ( 'NONE',  ( 0.004860469203681406017, 0.1904840172833947298, 0.1907831290286603476 ) ) ;
#2008 = CARTESIAN_POINT ( 'NONE',  ( -0.6061673836058442122, 0.1413792628044376054, 0.8722196202079051108 ) ) ;
#2009 = DIRECTION ( 'NONE',  ( 2.121693181423879920E-15, -1.000000000000000000, 0.000000000000000000 ) ) ;
#2010 = CARTESIAN_POINT ( 'NONE',  ( -0.07034453798867262853, -0.2174541783095753078, 0.2183094930904270481 ) ) ;
#2011 = DIRECTION ( 'NONE',  ( 0.000000000000000000, 0.000000000000000000, 1.000000000000000000 ) ) ;
#2012 = CARTESIAN_POINT ( 'NONE',  ( 0.4974795072332532375, 0.2249596919667166406, -0.2450055455729709952 ) ) ;
#2013 = EDGE_CURVE ( 'NONE', #1591, #559, #1214, .T. ) ;
#2014 = CARTESIAN_POINT ( 'NONE',  ( -0.6260939535762773955, -0.2208626347399488821, 0.8996551381836606076 ) ) ;
#2015 = CARTESIAN_POINT ( 'NONE',  ( 0.6268379934857735147, 0.1140893789897108740, 0.08204036407178053047 ) ) ;
#2016 = EDGE_LOOP ( 'NONE', ( #678, #1093, #1409, #727 ) ) ;
#2017 = ORIENTED_EDGE ( 'NONE', *, *, #416, .F. ) ;
#2018 = CARTESIAN_POINT ( 'NONE',  ( 0.4207983950365023484, 0.2696416200027952348, 0.8905705295824152268 ) ) ;
#2019 = CARTESIAN_POINT ( 'NONE',  ( -0.2825870946932992900, 0.1789174383086022113, 0.1907831290286603476 ) ) ;
#2020 = CARTESIAN_POINT ( 'NONE',  ( 0.006442838301373252086, 0.2180043757327804754, 0.8724013123799301272 ) ) ;
#2021 = CARTESIAN_POINT ( 'NONE',  ( -0.2826247679443413818, 0.1791877367750557282, 0.1910556672866977057 ) ) ;
#2022 = CARTESIAN_POINT ( 'NONE',  ( 0.7358532967006909953, 0.1140893789897108740, 0.08204036407178053047 ) ) ;
#2023 = DIRECTION ( 'NONE',  ( 0.000000000000000000, 0.000000000000000000, 1.000000000000000000 ) ) ;
#2024 = CARTESIAN_POINT ( 'NONE',  ( 0.5775838425849951774, -0.1464037527655085713, 0.08204036407178053047 ) ) ;
#2025 = CARTESIAN_POINT ( 'NONE',  ( 0.4240651026586753636, -0.2875177233923882913, 0.08204036407178053047 ) ) ;
#2026 = EDGE_LOOP ( 'NONE', ( #1787, #2394, #141, #1192, #2346 ) ) ;
#2027 = EDGE_CURVE ( 'NONE', #1850, #1877, #289, .T. ) ;
#2028 = ORIENTED_EDGE ( 'NONE', *, *, #1859, .F. ) ;
#2029 = LINE ( 'NONE', #2052, #1115 ) ;
#2030 = CARTESIAN_POINT ( 'NONE',  ( 0.3300466026031975142, 0.2124995424516858966, 0.8905705295824152268 ) ) ;
#2031 = CARTESIAN_POINT ( 'NONE',  ( 0.4290939683406214122, -0.1676913552683697850, 0.2092248844891836101 ) ) ;
#2032 = CARTESIAN_POINT ( 'NONE',  ( 0.2872109686313057408, 0.2666489433786736751, -0.5720514552177227152 ) ) ;
#2033 = CARTESIAN_POINT ( 'NONE',  ( -0.5999298423069318043, -0.1431302781866934659, 0.8996551381836606076 ) ) ;
#2034 = CARTESIAN_POINT ( 'NONE',  ( 0.1762320410393785619, -0.04347255442446611856, -0.02697493914313670374 ) ) ;
#2035 =( NAMED_UNIT ( * ) SI_UNIT ( $, .STERADIAN. ) SOLID_ANGLE_UNIT ( ) );
#2036 = CONICAL_SURFACE ( 'NONE', #2445, 0.02725382580372932503, 0.7853981633974476129 ) ;
#2037 = ORIENTED_EDGE ( 'NONE', *, *, #702, .T. ) ;
#2038 = VECTOR ( 'NONE', #308, 1000.000000000000000 ) ;
#2039 = CARTESIAN_POINT ( 'NONE',  ( -0.2817624159410170304, -0.2208044491489913885, 0.8905705295824152268 ) ) ;
#2040 = AXIS2_PLACEMENT_3D ( 'NONE', #390, #2296, #2475 ) ;
#2041 = PLANE ( 'NONE',  #920 ) ;
#2042 = CIRCLE ( 'NONE', #1528, 0.02725382580372933891 ) ;
#2043 = CARTESIAN_POINT ( 'NONE',  ( -0.002129959736469833748, 0.2271227572290006602, 0.8814859209811752860 ) ) ;
#2044 = CARTESIAN_POINT ( 'NONE',  ( -0.1645853644184126496, -0.2037717249868635228, 0.2092248844891836101 ) ) ;
#2045 = CARTESIAN_POINT ( 'NONE',  ( -0.3244471483470384721, 0.04752797596967546501, -0.8990973648624754899 ) ) ;
#2046 = CARTESIAN_POINT ( 'NONE',  ( -0.5780617962851860581, -0.1783667814553517861, -0.2450055455729709952 ) ) ;
#2047 = CARTESIAN_POINT ( 'NONE',  ( 0.4055180656966212993, 0.1818128887671286997, 0.2183094930904249109 ) ) ;
#2048 = EDGE_LOOP ( 'NONE', ( #979, #300, #159, #1222 ) ) ;
#2049 = CARTESIAN_POINT ( 'NONE',  ( -0.09200956625637279895, -0.2464849345759206611, 0.8996551381836606076 ) ) ;
#2050 = VERTEX_POINT ( 'NONE', #306 ) ;
#2051 = DIRECTION ( 'NONE',  ( 0.2013875096755058658, -0.9795116492143919329, 0.000000000000000000 ) ) ;
#2052 = CARTESIAN_POINT ( 'NONE',  ( -0.1258511201180352035, -0.1307348691923435613, -0.8990973648624754899 ) ) ;
#2053 = CARTESIAN_POINT ( 'NONE',  ( -0.006454224582058984937, 0.2453999442155025967, 0.8997459842696732268 ) ) ;
#2054 = LINE ( 'NONE', #2455, #334 ) ;
#2055 = EDGE_CURVE ( 'NONE', #1491, #315, #15, .T. ) ;
#2056 = CARTESIAN_POINT ( 'NONE',  ( -0.1864907222017693766, 0.2772010896642630451, -0.8990973648624754899 ) ) ;
#2057 = CARTESIAN_POINT ( 'NONE',  ( -0.5369114105007756210, -0.2126562760868004054, -0.2450055455729709952 ) ) ;
#2058 = CARTESIAN_POINT ( 'NONE',  ( 0.6215383056910537274, 0.2208711759371373706, 0.8996551381836606076 ) ) ;
#2059 = APPLICATION_PROTOCOL_DEFINITION ( 'international standard', 'config_control_design', 1994, #2347 ) ;
#2060 = EDGE_LOOP ( 'NONE', ( #2410, #953, #439, #45 ) ) ;
#2061 = CARTESIAN_POINT ( 'NONE',  ( 0.6233678171918096700, 0.2297696590160900054, 0.8905705295824152268 ) ) ;
#2062 = B_SPLINE_CURVE_WITH_KNOTS ( 'NONE', 1,
 ( #1651, #640 ),
 .UNSPECIFIED., .F., .F.,
 ( 2, 2 ),
 ( 0.000000000000000000, 1.000000000000000000 ),
 .UNSPECIFIED. ) ;
#2063 = CARTESIAN_POINT ( 'NONE',  ( -0.5995841676820451438, -0.1151197031233048701, 0.2183094930904271314 ) ) ;
#2064 = ORIENTED_EDGE ( 'NONE', *, *, #943, .T. ) ;
#2065 = CARTESIAN_POINT ( 'NONE',  ( 0.5995841676820446997, -0.1140893241806864716, 0.8724013123799301272 ) ) ;
#2066 = CARTESIAN_POINT ( 'NONE',  ( 0.6268379934857735147, 0.1140893789897108740, 0.08204036407178053047 ) ) ;
#2067 = CARTESIAN_POINT ( 'NONE',  ( 0.5236565742108780785, 0.1667958976267766569, 0.8814859209811752860 ) ) ;
#2068 = CARTESIAN_POINT ( 'NONE',  ( -0.5502368960414842913, -0.1462225700282652752, 0.2092248844891836101 ) ) ;
#2069 = LINE ( 'NONE', #368, #645 ) ;
#2070 = EDGE_CURVE ( 'NONE', #59, #1529, #1461, .T. ) ;
#2071 = DIRECTION ( 'NONE',  ( 1.000000000000000000, -3.004629197474320035E-16, 0.000000000000000000 ) ) ;
#2072 = CARTESIAN_POINT ( 'NONE',  ( 0.6067615456587269751, 0.2517331318794829853, 0.8724013123799301272 ) ) ;
#2073 = ORIENTED_EDGE ( 'NONE', *, *, #2119, .F. ) ;
#2074 = CARTESIAN_POINT ( 'NONE',  ( 0.6251973286925601725, 0.2386681420950426402, 0.8814859209811752860 ) ) ;
#2075 = CARTESIAN_POINT ( 'NONE',  ( -0.6106299118050241281, -0.1591792579634777882, 0.8905705295824152268 ) ) ;
#2076 = AXIS2_PLACEMENT_3D ( 'NONE', #336, #121, #1250 ) ;
#2077 = EDGE_LOOP ( 'NONE', ( #1073, #250, #1953, #1096 ) ) ;
#2078 = VECTOR ( 'NONE', #1415, 1000.000000000000114 ) ;
#2079 = CARTESIAN_POINT ( 'NONE',  ( 0.7222263837988266433, -0.05704450258814595942, 0.8860282252817943682 ) ) ;
#2080 = CARTESIAN_POINT ( 'NONE',  ( -0.7358532967006913283, -0.1151197031233048701, 0.08204036407178053047 ) ) ;
#2081 = VECTOR ( 'NONE', #1553, 1000.000000000000000 ) ;
#2082 = CARTESIAN_POINT ( 'NONE',  ( -0.1405372328605765664, 0.3260623622626366291, 0.8996551381836606076 ) ) ;
#2083 = CARTESIAN_POINT ( 'NONE',  ( -0.1405350141670112796, -0.3260620425070338557, 0.8724013123799301272 ) ) ;
#2084 = AXIS2_PLACEMENT_3D ( 'NONE', #1495, #733, #1880 ) ;
#2085 = AXIS2_PLACEMENT_3D ( 'NONE', #323, #1234, #1653 ) ;
#2086 = DIRECTION ( 'NONE',  ( 0.7071067811865460184, 0.000000000000000000, 0.7071067811865489050 ) ) ;
#2087 = DIRECTION ( 'NONE',  ( 0.000000000000000000, 0.000000000000000000, -1.000000000000000000 ) ) ;
#2088 = ADVANCED_FACE ( 'NONE', ( #128 ), #1594, .T. ) ;
#2089 = ORIENTED_EDGE ( 'NONE', *, *, #1794, .T. ) ;
#2090 = CARTESIAN_POINT ( 'NONE',  ( 0.2766905838948939822, 0.2857887050019032316, 0.8996551381836606076 ) ) ;
#2091 = CARTESIAN_POINT ( 'NONE',  ( 0.001682942944168094607, 0.2182047756557030649, 0.2184911852624520368 ) ) ;
#2092 = ADVANCED_FACE ( 'NONE', ( #2423 ), #2449, .F. ) ;
#2093 = ORIENTED_EDGE ( 'NONE', *, *, #1600, .F. ) ;
#2094 = FACE_OUTER_BOUND ( 'NONE', #907, .T. ) ;
#2095 = DIRECTION ( 'NONE',  ( 0.000000000000000000, 0.000000000000000000, 1.000000000000000000 ) ) ;
#2096 = CARTESIAN_POINT ( 'NONE',  ( -0.2688037489387165579, 0.3117593879147139146, 0.08204036407178053047 ) ) ;
#2097 = DIRECTION ( 'NONE',  ( 1.000000000000000000, 1.060846590711940157E-15, 0.000000000000000000 ) ) ;
#2098 = CARTESIAN_POINT ( 'NONE',  ( 0.6215384881130158190, -0.2208710836223369001, 0.8996551381836606076 ) ) ;
#2099 = CARTESIAN_POINT ( 'NONE',  ( 0.4591803092577499967, -0.08040500935343326827, -0.5720514552177227152 ) ) ;
#2100 = CARTESIAN_POINT ( 'NONE',  ( 0.7248320457621284518, -0.1761181960006525105, 0.08204036407178051660 ) ) ;
#2101 = ORIENTED_EDGE ( 'NONE', *, *, #251, .T. ) ;
#2102 = CARTESIAN_POINT ( 'NONE',  ( 0.2083943910143100098, 0.2680704388578377118, -0.8990912185451940264 ) ) ;
#2103 = CARTESIAN_POINT ( 'NONE',  ( 0.4646812275093328837, -0.02715548843795910494, -0.5720514552177227152 ) ) ;
#2104 = CARTESIAN_POINT ( 'NONE',  ( -0.2849489496384544074, 0.1972423660104953846, 0.2092248844891836101 ) ) ;
#2105 = ORIENTED_EDGE ( 'NONE', *, *, #1727, .F. ) ;
#2106 = ADVANCED_FACE ( 'NONE', ( #1656 ), #729, .F. ) ;
#2107 = DIRECTION ( 'NONE',  ( 0.000000000000000000, -1.000000000000000000, 1.060846590711944102E-15 ) ) ;
#2108 = CARTESIAN_POINT ( 'NONE',  ( 0.6050727021842959852, 0.1407848282265675433, 0.8724013123799301272 ) ) ;
#2109 = CARTESIAN_POINT ( 'NONE',  ( -0.6268379934857738478, -0.1151197031233048701, 0.08204036407178053047 ) ) ;
#2110 = CARTESIAN_POINT ( 'NONE',  ( 0.002287342155469376456, 0.2453655904213876138, 0.8997459842696732268 ) ) ;
#2111 = CARTESIAN_POINT ( 'NONE',  ( -0.5262241098029395436, -0.2739972714828165512, 0.8724013123799301272 ) ) ;
#2112 = CARTESIAN_POINT ( 'NONE',  ( 0.7359277931853457355, -0.1451432145110830851, 0.08204036407178053047 ) ) ;
#2113 = DIRECTION ( 'NONE',  ( -1.659164075107389983E-15, 1.000000000000000000, 0.000000000000000000 ) ) ;
#2114 = ORIENTED_EDGE ( 'NONE', *, *, #1663, .F. ) ;
#2115 = CARTESIAN_POINT ( 'NONE',  ( 0.6270268401933104530, 0.2475666251739945534, 0.8724013123799301272 ) ) ;
#2116 = CARTESIAN_POINT ( 'NONE',  ( 0.003309135178841552186, 0.2089320038512187949, 0.2092248844891836101 ) ) ;
#2117 = ORIENTED_EDGE ( 'NONE', *, *, #834, .T. ) ;
#2118 = CARTESIAN_POINT ( 'NONE',  ( -0.5071423302883504292, 0.1663919986617613256, 0.2183094930903770881 ) ) ;
#2119 = EDGE_CURVE ( 'NONE', #1119, #341, #1083, .T. ) ;
#2120 = AXIS2_PLACEMENT_3D ( 'NONE', #307, #492, #1996 ) ;
#2121 = CARTESIAN_POINT ( 'NONE',  ( 2.424191710203803975E-06, 0.2179299482661858633, 0.8723015749698346255 ) ) ;
#2122 = CARTESIAN_POINT ( 'NONE',  ( 0.004463789842587479947, 0.2452661896256042862, 0.8996551381836606076 ) ) ;
#2123 = CARTESIAN_POINT ( 'NONE',  ( 0.6031645369761503561, -0.2339233968841864519, 0.8905705295824152268 ) ) ;
#2124 = VECTOR ( 'NONE', #2142, 1000.000000000000000 ) ;
#2125 = ADVANCED_FACE ( 'NONE', ( #2462 ), #1376, .T. ) ;
#2126 = VECTOR ( 'NONE', #1642, 1000.000000000000114 ) ;
#2127 = CARTESIAN_POINT ( 'NONE',  ( -0.2537760738742425581, 0.2045396888515495504, 0.8725037802451184321 ) ) ;
#2128 = CARTESIAN_POINT ( 'NONE',  ( 0.5995841676820446997, -0.1140893241806864716, 0.1910556672866977057 ) ) ;
#2129 = SECURITY_CLASSIFICATION_LEVEL ( 'unclassified' ) ;
#2130 = APPROVAL_PERSON_ORGANIZATION ( #1310, #90, #1888 ) ;
#2131 = EDGE_LOOP ( 'NONE', ( #793, #1919, #1906, #730 ) ) ;
#2132 = CARTESIAN_POINT ( 'NONE',  ( -0.5244312927734141594, 0.2650813317657380597, 0.8814859209811752860 ) ) ;
#2133 = CARTESIAN_POINT ( 'NONE',  ( -0.4633150356852319685, 5.641731837955581803E-08, -0.5720514552177227152 ) ) ;
#2134 = ORIENTED_EDGE ( 'NONE', *, *, #109, .F. ) ;
#2135 = DIRECTION ( 'NONE',  ( -0.2431731467175746730, 0.9699828971252394405, 0.000000000000000000 ) ) ;
#2136 = B_SPLINE_SURFACE_WITH_KNOTS ( 'NONE', 3, 3, ( 
 ( #1444, #681, #560, #1641, #2204, #2090, #385, #198, #2461, #1903, #1826, #1917, #1730 ),
 ( #2061, #2263, #1254, #751, #2018, #1715, #361, #1105, #171, #1327, #1875, #923, #1312 ),
 ( #2074, #185, #766, #2278, #1702, #1530, #2292, #238, #2145, #440, #991, #2132, #431 ),
 ( #2115, #1774, #1182, #602, #1932, #1384, #1396, #1209, #825, #641, #247, #451, #60 ) ),
 .UNSPECIFIED., .F., .F., .F.,
 ( 4, 4 ),
 ( 4, 2, 1, 2, 1, 2, 1, 4 ),
 ( 0.000000000000000000, 1.000000000000000000 ),
 ( -0.9819420919571569817, -0.9324140687695230412, -0.9324137232652410789, -0.5869097865125659785, -0.5869095098884280493, -0.3102856487690560106, -0.3102853584340625193, -0.01995065515216409846 ),
 .UNSPECIFIED. ) ;
#2137 = CARTESIAN_POINT ( 'NONE',  ( 0.5660919013130820687, 0.2597811244987421331, 0.08204036407178053047 ) ) ;
#2138 = CARTESIAN_POINT ( 'NONE',  ( 0.0001103256368468599676, 0.2453741454506052633, 0.8997459842696732268 ) ) ;
#2139 = FACE_OUTER_BOUND ( 'NONE', #898, .T. ) ;
#2140 = CARTESIAN_POINT ( 'NONE',  ( 0.6574655588819180441, -0.2413715630349065888, 0.08204036407178053047 ) ) ;
#2141 = EDGE_CURVE ( 'NONE', #1119, #350, #2330, .T. ) ;
#2142 = DIRECTION ( 'NONE',  ( 0.4999999999999998890, -0.8660254037844387076, 0.000000000000000000 ) ) ;
#2143 = PERSON_AND_ORGANIZATION ( #1725, #1645 ) ;
#2144 = DIRECTION ( 'NONE',  ( 1.060846590711940157E-15, -1.000000000000000000, 0.000000000000000000 ) ) ;
#2145 = CARTESIAN_POINT ( 'NONE',  ( -0.1400089708645683162, 0.3169829917513768969, 0.8814859209811752860 ) ) ;
#2146 = ORIENTED_EDGE ( 'NONE', *, *, #1496, .T. ) ;
#2147 = CARTESIAN_POINT ( 'NONE',  ( -0.1405350141670112796, -0.3260620425070338557, 0.8996551381836606076 ) ) ;
#2148 = CARTESIAN_POINT ( 'NONE',  ( 0.03824594356581643290, -0.1903921473619002713, 0.1910556672866977057 ) ) ;
#2149 = CARTESIAN_POINT ( 'NONE',  ( -0.6305122512254554001, -0.2384864566760216409, 0.8814859209811752860 ) ) ;
#2150 = CARTESIAN_POINT ( 'NONE',  ( 0.2802804104535251417, -0.3128842511707462526, 0.08204036407178053047 ) ) ;
#2151 = CARTESIAN_POINT ( 'NONE',  ( -0.5995841676820451438, 0.1151197561930499269, 0.08204036407178053047 ) ) ;
#2152 = EDGE_CURVE ( 'NONE', #936, #990, #1071, .T. ) ;
#2153 = ORIENTED_EDGE ( 'NONE', *, *, #1357, .F. ) ;
#2154 = CARTESIAN_POINT ( 'NONE',  ( 2.862389116021504281E-06, 0.2180296847243810843, 0.8996551381836606076 ) ) ;
#2155 = EDGE_CURVE ( 'NONE', #488, #2372, #1968, .T. ) ;
#2156 = VERTEX_POINT ( 'NONE', #1765 ) ;
#2157 = CARTESIAN_POINT ( 'NONE',  ( -0.4613302758524008840, 0.1732978164742104421, 0.8996551381836606076 ) ) ;
#2158 = CARTESIAN_POINT ( 'NONE',  ( 0.2242217893738717160, 0.2072036828342383730, 0.2183094930904271314 ) ) ;
#2159 = CARTESIAN_POINT ( 'NONE',  ( -0.5345726408535861340, 0.1595152640765001850, 0.8724013123799301272 ) ) ;
#2160 = CARTESIAN_POINT ( 'NONE',  ( 0.5608791520957964183, -0.2330304788900411095, 0.8996551381836606076 ) ) ;
#2161 = AXIS2_PLACEMENT_3D ( 'NONE', #2380, #2179, #1044 ) ;
#2162 = DIRECTION ( 'NONE',  ( 0.000000000000000000, 0.000000000000000000, 1.000000000000000000 ) ) ;
#2163 = DIRECTION ( 'NONE',  ( 0.000000000000000000, 0.000000000000000000, 1.000000000000000000 ) ) ;
#2164 = VECTOR ( 'NONE', #1998, 1000.000000000000000 ) ;
#2165 = VECTOR ( 'NONE', #1094, 999.9999999999998863 ) ;
#2166 = CARTESIAN_POINT ( 'NONE',  ( -0.5208477046984849590, -0.2472479021177229341, 0.8996551381836606076 ) ) ;
#2167 = CARTESIAN_POINT ( 'NONE',  ( 0.08025049157962120538, 0.2164236068619102560, 0.8996551381836606076 ) ) ;
#2168 = EDGE_CURVE ( 'NONE', #2005, #2241, #301, .T. ) ;
#2169 = VECTOR ( 'NONE', #579, 1000.000000000000000 ) ;
#2170 = CARTESIAN_POINT ( 'NONE',  ( -0.5995841676820578003, 0.1151197561930466934, 0.1910556672866977057 ) ) ;
#2171 = ORIENTED_EDGE ( 'NONE', *, *, #2256, .F. ) ;
#2172 = EDGE_CURVE ( 'NONE', #1002, #1108, #1448, .T. ) ;
#2173 = CARTESIAN_POINT ( 'NONE',  ( -0.4002787393745681488, 0.1839816316133353336, 0.08204036407178053047 ) ) ;
#2174 = CARTESIAN_POINT ( 'NONE',  ( 0.5489068955630226343, 0.1523324131633350120, 0.2183094930904271314 ) ) ;
#2175 = CARTESIAN_POINT ( 'NONE',  ( -0.3477595969232229467, 0.1971746848477122227, 0.8723104662939176190 ) ) ;
#2176 = CARTESIAN_POINT ( 'NONE',  ( -0.4034269716303394704, -0.2967476171704321319, 0.08204036407178054435 ) ) ;
#2177 = DIRECTION ( 'NONE',  ( -1.000000000000000000, 6.009258394948630209E-16, 0.000000000000000000 ) ) ;
#2178 = LINE ( 'NONE', #661, #293 ) ;
#2179 = DIRECTION ( 'NONE',  ( 0.000000000000000000, 0.000000000000000000, 1.000000000000000000 ) ) ;
#2180 = LINE ( 'NONE', #1270, #252 ) ;
#2181 = EDGE_LOOP ( 'NONE', ( #1692, #1000, #705, #2318, #1211, #1235, #149, #1852, #2017 ) ) ;
#2182 = CARTESIAN_POINT ( 'NONE',  ( 0.2208353657900438971, 0.1799504908153852778, 0.1908739751146727726 ) ) ;
#2183 = ADVANCED_FACE ( 'NONE', ( #398 ), #618, .T. ) ;
#2184 = ORIENTED_EDGE ( 'NONE', *, *, #2304, .F. ) ;
#2185 = CARTESIAN_POINT ( 'NONE',  ( -0.5999298030410098459, 0.1431303290046402610, 0.08204036407178053047 ) ) ;
#2186 = CARTESIAN_POINT ( 'NONE',  ( -0.6061452922772408991, 0.1412911436547349686, 0.8721287741218926026 ) ) ;
#2187 = CARTESIAN_POINT ( 'NONE',  ( 0.6270270682207621515, -0.2475665234827492400, 0.8724013123799301272 ) ) ;
#2188 = CARTESIAN_POINT ( 'NONE',  ( 0.2399836277657405592, -0.2056074932957391299, 0.2183094930904270481 ) ) ;
#2189 = CARTESIAN_POINT ( 'NONE',  ( 0.7358532967006909953, 0.1140893789897108740, 0.8724013123799301272 ) ) ;
#2190 = CARTESIAN_POINT ( 'NONE',  ( 0.5973666022908079576, -0.1423691468837964547, 0.08204036407178053047 ) ) ;
#2191 = DIRECTION ( 'NONE',  ( 0.1719506236354750028, 0.6858811726759760363, 0.7071067811865470176 ) ) ;
#2192 = ORIENTED_EDGE ( 'NONE', *, *, #1942, .F. ) ;
#2193 = CARTESIAN_POINT ( 'NONE',  ( 0.4225562453765452919, 0.1486611420390958338, 0.1909648212006852253 ) ) ;
#2194 = ORIENTED_EDGE ( 'NONE', *, *, #731, .F. ) ;
#2195 = CARTESIAN_POINT ( 'NONE',  ( -0.5262241098027797825, -0.2739972714828454170, 0.8996551381836606076 ) ) ;
#2196 = FACE_OUTER_BOUND ( 'NONE', #1517, .T. ) ;
#2197 = CARTESIAN_POINT ( 'NONE',  ( 0.6050727021842969844, 0.1407848282265678763, 0.2183094930904271314 ) ) ;
#2198 = CARTESIAN_POINT ( 'NONE',  ( 0.5995841676820446997, 0.1140893789897108740, 0.8860282252817943682 ) ) ;
#2199 = CARTESIAN_POINT ( 'NONE',  ( 0.5973666022908079576, -0.1423691468837964547, 0.8996551381836606076 ) ) ;
#2200 = CARTESIAN_POINT ( 'NONE',  ( 0.5661029012467865273, -0.2597790015735012559, 0.08204036407178053047 ) ) ;
#2201 = EDGE_LOOP ( 'NONE', ( #2421, #2294, #620, #1957, #1766, #1311, #1640, #1133 ) ) ;
#2202 = CIRCLE ( 'NONE', #1121, 0.02725382580372933891 ) ;
#2203 = ORIENTED_EDGE ( 'NONE', *, *, #355, .F. ) ;
#2204 = CARTESIAN_POINT ( 'NONE',  ( 0.4191629674249419679, 0.2607059753889179876, 0.8996551381836606076 ) ) ;
#2205 = DIRECTION ( 'NONE',  ( 0.7071067811865470176, 1.173206168609540837E-15, 0.7071067811865480168 ) ) ;
#2206 = LOCAL_TIME ( 8, 12, 0.000000000000000000, #649 ) ;
#2207 = LINE ( 'NONE', #637, #1999 ) ;
#2208 = DIRECTION ( 'NONE',  ( 0.000000000000000000, 0.000000000000000000, 1.000000000000000000 ) ) ;
#2209 = CARTESIAN_POINT ( 'NONE',  ( -0.001608172490949053707, 0.3317853290178216508, -0.2450055455729709952 ) ) ;
#2210 = EDGE_CURVE ( 'NONE', #1877, #1679, #1244, .T. ) ;
#2211 = CARTESIAN_POINT ( 'NONE',  ( 0.1326150031409376040, -0.2134634046445925692, 0.08204036407178053047 ) ) ;
#2212 = CARTESIAN_POINT ( 'NONE',  ( -0.6327211605859723864, 0.2472984807472898561, 0.8724013123799301272 ) ) ;
#2213 = ORIENTED_EDGE ( 'NONE', *, *, #2447, .F. ) ;
#2214 = CARTESIAN_POINT ( 'NONE',  ( 0.5975595566942835113, -0.09723017522225506359, -0.2450055455729709952 ) ) ;
#2215 = CARTESIAN_POINT ( 'NONE',  ( 0.5436481168790413543, 0.1254969745573619178, 0.1909648212006852253 ) ) ;
#2216 = ORIENTED_EDGE ( 'NONE', *, *, #479, .T. ) ;
#2217 = CARTESIAN_POINT ( 'NONE',  ( -0.2758050202899046677, -0.1748070677650739035, 0.1910556672866977057 ) ) ;
#2218 = CARTESIAN_POINT ( 'NONE',  ( -0.0001041969497114965686, 0.1907760691983592660, 0.1910556672866977057 ) ) ;
#2219 = DIRECTION ( 'NONE',  ( 1.000000000000000000, 0.000000000000000000, 0.000000000000000000 ) ) ;
#2220 = CARTESIAN_POINT ( 'NONE',  ( -0.09485633550250446855, -0.3266120519712507608, 0.08204036407178054435 ) ) ;
#2221 = CARTESIAN_POINT ( 'NONE',  ( -0.006454192317413566006, 0.2454907912316751928, 0.8998368303556857351 ) ) ;
#2222 = CARTESIAN_POINT ( 'NONE',  ( -0.07034453798867262853, -0.2174541783095753911, 0.2183094930904271314 ) ) ;
#2223 = CARTESIAN_POINT ( 'NONE',  ( 0.2726438003389088371, 0.1810049623383183648, -0.8990973648624754899 ) ) ;
#2224 = CARTESIAN_POINT ( 'NONE',  ( -0.4555053195467363980, -0.1076915369890257129, -0.5720514552177227152 ) ) ;
#2225 = CARTESIAN_POINT ( 'NONE',  ( -0.7358532967006913283, -0.1151197031233048701, 0.08204036407178053047 ) ) ;
#2226 = EDGE_CURVE ( 'NONE', #360, #1419, #1755, .T. ) ;
#2227 = ORIENTED_EDGE ( 'NONE', *, *, #1909, .F. ) ;
#2228 = DIRECTION ( 'NONE',  ( 0.000000000000000000, 0.000000000000000000, 1.000000000000000000 ) ) ;
#2229 = ORIENTED_EDGE ( 'NONE', *, *, #1089, .F. ) ;
#2230 = CARTESIAN_POINT ( 'NONE',  ( -0.7358532967006916614, 0.1452161666417642327, 0.08204036407178053047 ) ) ;
#2231 = CARTESIAN_POINT ( 'NONE',  ( 0.6087317251858013201, 0.1585817943844721190, 0.8905705295824152268 ) ) ;
#2232 = CARTESIAN_POINT ( 'NONE',  ( 0.6067653475712527777, -0.2517323314816826141, 0.8724013123799301272 ) ) ;
#2233 = CARTESIAN_POINT ( 'NONE',  ( -0.5149464830114719449, -0.1626928072043357654, 0.08204036407178053047 ) ) ;
#2234 = CARTESIAN_POINT ( 'NONE',  ( 0.6855655284760187040, -0.2242792397757074063, 0.08204036407178054435 ) ) ;
#2235 = B_SPLINE_CURVE_WITH_KNOTS ( 'NONE', 3,
 ( #1620, #844, #1611, #103, #1436, #1259, #1451, #270, #493, #1065, #1599, #1975, #2379 ),
 .UNSPECIFIED., .F., .F.,
 ( 4, 3, 3, 3, 4 ),
 ( 0.01995065515216409846, 0.3102856487690560106, 0.5869097865125659785, 0.9324140687695230412, 0.9819420919571569817 ),
 .UNSPECIFIED. ) ;
#2236 = CIRCLE ( 'NONE', #1636, 0.1362691290186464066 ) ;
#2237 = ORIENTED_EDGE ( 'NONE', *, *, #343, .T. ) ;
#2238 = CONICAL_SURFACE ( 'NONE', #1156, 0.02725382580372919666, 0.7853981633974476129 ) ;
#2239 = CARTESIAN_POINT ( 'NONE',  ( 0.5498147298249118631, -0.1521458077167683609, 0.8724013123799301272 ) ) ;
#2240 = VECTOR ( 'NONE', #830, 1000.000000000000114 ) ;
#2241 = VERTEX_POINT ( 'NONE', #126 ) ;
#2242 = EDGE_CURVE ( 'NONE', #350, #2395, #2412, .T. ) ;
#2243 = CARTESIAN_POINT ( 'NONE',  ( -0.5104370826201843903, 0.1372815321146874101, 0.1908739751146727726 ) ) ;
#2244 = CARTESIAN_POINT ( 'NONE',  ( -0.6885058848126310860, 0.2226743826297868656, 0.08204036407178054435 ) ) ;
#2245 =( GEOMETRIC_REPRESENTATION_CONTEXT ( 3 ) GLOBAL_UNCERTAINTY_ASSIGNED_CONTEXT ( ( #1383 ) ) GLOBAL_UNIT_ASSIGNED_CONTEXT ( ( #1865, #1531, #2035 ) ) REPRESENTATION_CONTEXT ( 'NONE', 'WORKASPACE' ) );
#2246 = CARTESIAN_POINT ( 'NONE',  ( 0.1251484373861687371, 0.2448827440992684124, 0.8997459842696732268 ) ) ;
#2247 = LINE ( 'NONE', #1869, #1881 ) ;
#2248 = B_SPLINE_SURFACE_WITH_KNOTS ( 'NONE', 5, 1, ( 
 ( #1736, #26 ),
 ( #2185, #275 ),
 ( #1432, #2375 ),
 ( #254, #817 ),
 ( #633, #1993 ),
 ( #1607, #2157 ),
 ( #2173, #1005 ),
 ( #1789, #669 ),
 ( #84, #1768 ),
 ( #1627, #656 ),
 ( #1584, #1422 ),
 ( #461, #2348 ),
 ( #474, #1048 ),
 ( #1398, #1225 ),
 ( #64, #2386 ),
 ( #1239, #1814 ),
 ( #444, #1617 ),
 ( #2362, #1958 ),
 ( #1200, #2396 ),
 ( #840, #2006 ) ),
 .UNSPECIFIED., .F., .F., .F.,
 ( 6, 1, 1, 1, 1, 1, 1, 1, 1, 1, 5, 6 ),
 ( 2, 2 ),
 ( 0.01995065515235179901, 0.05000000000000000278, 0.1000000000000000056, 0.1499999999999999944, 0.2000000000000000111, 0.2500000000000000000, 0.2999999999999999889, 0.3499999999999999778, 0.4000000000000000222, 0.4500000000000000111, 0.4997128870221819730, 0.5045105093408800423 ),
 ( 0.000000000000000000, 1.500000000000000000 ),
 .UNSPECIFIED. ) ;
#2249 = LINE ( 'NONE', #2260, #1364 ) ;
#2250 = CARTESIAN_POINT ( 'NONE',  ( 0.6404649063876387549, 0.05704484899705269951, 0.8860282252817943682 ) ) ;
#2251 = EDGE_LOOP ( 'NONE', ( #1593, #423, #589, #605 ) ) ;
#2252 = CARTESIAN_POINT ( 'NONE',  ( -0.09073713034490261953, -0.2192145284426959551, 0.8724013123799301272 ) ) ;
#2253 = ORIENTED_EDGE ( 'NONE', *, *, #1137, .F. ) ;
#2254 = CARTESIAN_POINT ( 'NONE',  ( -0.5995841676820451438, 0.1151197561930499269, 0.2183094930904271314 ) ) ;
#2255 = CARTESIAN_POINT ( 'NONE',  ( 0.1799673754767464884, 0.2095374210408619264, 0.8725400171558116424 ) ) ;
#2256 = EDGE_CURVE ( 'NONE', #781, #1286, #2042, .T. ) ;
#2257 = CARTESIAN_POINT ( 'NONE',  ( -0.002077889029671365489, 0.2453827451617560662, 0.8997459842696732268 ) ) ;
#2258 = CARTESIAN_POINT ( 'NONE',  ( -0.6062116141558234750, -0.1415554360274107470, 0.2183094930904271314 ) ) ;
#2259 = LINE ( 'NONE', #946, #12 ) ;
#2260 = CARTESIAN_POINT ( 'NONE',  ( 0.6268379934857735147, 0.05711147292560655314, 0.2183094930904271314 ) ) ;
#2261 = CARTESIAN_POINT ( 'NONE',  ( 0.7358532967006909953, -0.1140893241806869990, 0.08204036407178053047 ) ) ;
#2262 = ORIENTED_EDGE ( 'NONE', *, *, #1576, .T. ) ;
#2263 = CARTESIAN_POINT ( 'NONE',  ( 0.6031607708365870346, 0.2339241900308263178, 0.8905705295824152268 ) ) ;
#2264 = CARTESIAN_POINT ( 'NONE',  ( 0.7359187185893787397, -0.1140774399692707358, 0.08204036407178053047 ) ) ;
#2265 = CARTESIAN_POINT ( 'NONE',  ( -0.5643255361425408845, -0.1801535246323639483, 0.8996551381836606076 ) ) ;
#2266 = ORIENTED_EDGE ( 'NONE', *, *, #2055, .T. ) ;
#2267 = CARTESIAN_POINT ( 'NONE',  ( 0.1762031341787263505, -0.04352262257580519211, -0.8990973648624754899 ) ) ;
#2268 = CARTESIAN_POINT ( 'NONE',  ( 0.4240593461741010706, 0.2875503984115458933, 0.08203649075778814137 ) ) ;
#2269 = B_SPLINE_CURVE_WITH_KNOTS ( 'NONE', 3,
 ( #1179, #1378, #1963, #407, #429 ),
 .UNSPECIFIED., .F., .F.,
 ( 4, 1, 4 ),
 ( -0.4997128870221819730, -0.2255651648117530383, -0.01995065515135097112 ),
 .UNSPECIFIED. ) ;
#2270 = CARTESIAN_POINT ( 'NONE',  ( 2.816152558983840510E-06, 0.2180296849060894548, 0.8724013123799301272 ) ) ;
#2271 = CC_DESIGN_PERSON_AND_ORGANIZATION_ASSIGNMENT ( #763, #1713, ( #1676 ) ) ;
#2272 = CARTESIAN_POINT ( 'NONE',  ( 0.6050727477897901441, -0.1407847640410992973, 0.2183094930904271314 ) ) ;
#2273 = CARTESIAN_POINT ( 'NONE',  ( -0.7358571388958565773, 0.07674606637094005812, 0.08204036407178053047 ) ) ;
#2274 = CARTESIAN_POINT ( 'NONE',  ( -0.6327214000498355695, -0.2472983676441100620, 0.08204036407178053047 ) ) ;
#2275 = ADVANCED_FACE ( 'NONE', ( #1534 ), #924, .F. ) ;
#2276 = DIRECTION ( 'NONE',  ( 0.000000000000000000, 0.000000000000000000, 1.000000000000000000 ) ) ;
#2277 = ORIENTED_EDGE ( 'NONE', *, *, #1741, .T. ) ;
#2278 = CARTESIAN_POINT ( 'NONE',  ( 0.5643506753373490614, 0.2508649456344973494, 0.8814859209811752860 ) ) ;
#2279 = CARTESIAN_POINT ( 'NONE',  ( -0.5583300356081208893, -0.1535593626844095616, 0.8724013123799301272 ) ) ;
#2280 = ORIENTED_EDGE ( 'NONE', *, *, #1180, .T. ) ;
#2281 = AXIS2_PLACEMENT_3D ( 'NONE', #2151, #245, #1760 ) ;
#2282 = DIRECTION ( 'NONE',  ( 0.2013875096755047278, -0.9795116492143921549, 0.000000000000000000 ) ) ;
#2283 = CARTESIAN_POINT ( 'NONE',  ( 0.6268379934857735147, 0.1140893789897108740, 0.8724013123799301272 ) ) ;
#2284 = CARTESIAN_POINT ( 'NONE',  ( 0.2802720099590925162, 0.3128698759335805657, 0.8996551381836606076 ) ) ;
#2285 = CARTESIAN_POINT ( 'NONE',  ( -0.06947578431917544872, -0.1902091636814268460, 0.1910556672866977057 ) ) ;
#2286 = VECTOR ( 'NONE', #1547, 1000.000000000000000 ) ;
#2287 = CARTESIAN_POINT ( 'NONE',  ( -0.5995841676820451438, -0.1151197031233048701, 0.8860282252817943682 ) ) ;
#2288 = CARTESIAN_POINT ( 'NONE',  ( 0.2188522790507510252, -0.2563252013966325071, -0.8990973648624754899 ) ) ;
#2289 = LINE ( 'NONE', #1675, #134 ) ;
#2290 = EDGE_CURVE ( 'NONE', #1286, #488, #1879, .T. ) ;
#2291 = ORIENTED_EDGE ( 'NONE', *, *, #1167, .F. ) ;
#2292 = CARTESIAN_POINT ( 'NONE',  ( 0.1216549567867163256, 0.3138499107173673419, 0.8814859209811752860 ) ) ;
#2293 = CARTESIAN_POINT ( 'NONE',  ( 0.003362782745028552664, 0.2182890208300387602, 0.2185820313484644895 ) ) ;
#2294 = ORIENTED_EDGE ( 'NONE', *, *, #943, .F. ) ;
#2295 = PLANE ( 'NONE',  #842 ) ;
#2296 = DIRECTION ( 'NONE',  ( -0.8660254037844387076, -0.4999999999999998890, 0.000000000000000000 ) ) ;
#2297 = PLANE ( 'NONE',  #1074 ) ;
#2298 = CARTESIAN_POINT ( 'NONE',  ( -0.5403111086451751754, 0.1864547864824723233, 0.8999276764416982433 ) ) ;
#2299 = CARTESIAN_POINT ( 'NONE',  ( 0.5846890700995013290, -0.2468930628299813301, 0.8814859209811752860 ) ) ;
#2300 = CARTESIAN_POINT ( 'NONE',  ( 0.5864646705682493577, -0.2558510842649234229, 0.08204036407178053047 ) ) ;
#2301 = DIRECTION ( 'NONE',  ( 1.000000000000000000, 0.000000000000000000, 0.000000000000000000 ) ) ;
#2302 = ORIENTED_EDGE ( 'NONE', *, *, #2419, .F. ) ;
#2303 = CARTESIAN_POINT ( 'NONE',  ( 0.5015380984208239745, 0.1612883117661655652, 0.08204036407178053047 ) ) ;
#2304 = EDGE_CURVE ( 'NONE', #990, #1824, #732, .T. ) ;
#2305 = ORIENTED_EDGE ( 'NONE', *, *, #1123, .T. ) ;
#2306 = CARTESIAN_POINT ( 'NONE',  ( -0.6128390606296026943, -0.1679911689315163048, 0.8996551381836606076 ) ) ;
#2307 = CARTESIAN_POINT ( 'NONE',  ( 0.1007040234510735016, 0.1745580520053682805, -0.02697493914313670374 ) ) ;
#2308 = CARTESIAN_POINT ( 'NONE',  ( -0.004312643348395856988, 0.2179469060421042326, 0.8723015749698346255 ) ) ;
#2309 = CARTESIAN_POINT ( 'NONE',  ( 0.0001099686160902608946, 0.2452833000661327478, 0.8996551381836606076 ) ) ;
#2310 = CARTESIAN_POINT ( 'NONE',  ( 0.4208068277474859564, -0.2696403907212858719, 0.8905705295824152268 ) ) ;
#2311 = PRODUCT ( '003513', '003513', '', ( #486 ) ) ;
#2312 = CARTESIAN_POINT ( 'NONE',  ( -0.5812540542047194281, 0.1478123090946380780, 0.8724013123799173597 ) ) ;
#2313 = DIRECTION ( 'NONE',  ( -0.7071067811865480168, -1.570092458683769990E-15, 0.7071067811865470176 ) ) ;
#2314 = DATE_AND_TIME ( #1169, #1646 ) ;
#2315 = EDGE_LOOP ( 'NONE', ( #264, #2101, #1502, #896 ) ) ;
#2316 = CARTESIAN_POINT ( 'NONE',  ( 0.5973665650235837621, 0.1423691956335513265, 0.08204036407178053047 ) ) ;
#2317 = CARTESIAN_POINT ( 'NONE',  ( 0.001595188189216896913, 0.1998540735804022750, 0.2001402758879408106 ) ) ;
#2318 = ORIENTED_EDGE ( 'NONE', *, *, #2168, .F. ) ;
#2319 = LINE ( 'NONE', #1519, #137 ) ;
#2320 = ADVANCED_FACE ( 'NONE', ( #928 ), #400, .T. ) ;
#2321 = AXIS2_PLACEMENT_3D ( 'NONE', #1674, #1886, #335 ) ;
#2322 = CARTESIAN_POINT ( 'NONE',  ( -0.004312797616987829041, 0.2178471682079412275, 0.8722018375597392348 ) ) ;
#2323 = CARTESIAN_POINT ( 'NONE',  ( -0.6128610561726602901, 0.1680793651643384956, 0.8997459842696732268 ) ) ;
#2324 = CARTESIAN_POINT ( 'NONE',  ( -0.4006141868170504106, -0.2787789412083779839, 0.8905705295824152268 ) ) ;
#2325 = AXIS2_PLACEMENT_3D ( 'NONE', #280, #1030, #1793 ) ;
#2326 = AXIS2_PLACEMENT_3D ( 'NONE', #412, #1947, #1935 ) ;
#2327 = CARTESIAN_POINT ( 'NONE',  ( 0.4569332181829401929, -0.1021571092237900796, -0.5720514552177227152 ) ) ;
#2328 = LINE ( 'NONE', #1750, #606 ) ;
#2329 = PERSON_AND_ORGANIZATION_ROLE ( 'classification_officer' ) ;
#2330 = CIRCLE ( 'NONE', #967, 0.02725382580372919666 ) ;
#2331 = EDGE_LOOP ( 'NONE', ( #2262, #1822, #1902, #2117 ) ) ;
#2332 = DESIGN_CONTEXT ( 'detailed design', #2347, 'design' ) ;
#2333 = CARTESIAN_POINT ( 'NONE',  ( 0.04039673138210417291, 0.2176340596801210059, 0.8996551381836606076 ) ) ;
#2334 = CC_DESIGN_APPROVAL ( #1227, ( #93 ) ) ;
#2335 = CARTESIAN_POINT ( 'NONE',  ( -0.5159269530398810089, 0.1642833351252388774, 0.2184003391764395841 ) ) ;
#2336 = EDGE_LOOP ( 'NONE', ( #2450, #1387 ) ) ;
#2337 = CARTESIAN_POINT ( 'NONE',  ( -0.1405372328605765664, 0.3260623622626366291, 0.08204036407178053047 ) ) ;
#2338 = CARTESIAN_POINT ( 'NONE',  ( -0.5995841676820586885, -0.1151197031233010815, 0.1910556672866977057 ) ) ;
#2339 = EDGE_CURVE ( 'NONE', #1966, #990, #754, .T. ) ;
#2340 = CARTESIAN_POINT ( 'NONE',  ( 0.6233680148156015566, -0.2297695635758078281, 0.8905705295824152268 ) ) ;
#2341 = CARTESIAN_POINT ( 'NONE',  ( 0.7359187185893787397, -0.1140774399692707358, 0.08204036407178053047 ) ) ;
#2342 = CARTESIAN_POINT ( 'NONE',  ( 0.6270270682207621515, -0.2475665234827495731, 0.8724013123799301272 ) ) ;
#2343 = VERTEX_POINT ( 'NONE', #1907 ) ;
#2344 = CARTESIAN_POINT ( 'NONE',  ( 0.1967601879794761699, 0.2077841060590670252, 0.08204036407178053047 ) ) ;
#2345 = DIRECTION ( 'NONE',  ( -1.000000000000000000, -1.491811893163386792E-15, 0.000000000000000000 ) ) ;
#2346 = ORIENTED_EDGE ( 'NONE', *, *, #1615, .T. ) ;
#2347 = APPLICATION_CONTEXT ( 'configuration controlled 3d designs of mechanical parts and assemblies' ) ;
#2348 = CARTESIAN_POINT ( 'NONE',  ( -0.08083068156838162099, 0.2170718712125854211, 0.8996551381836606076 ) ) ;
#2349 = CARTESIAN_POINT ( 'NONE',  ( 0.5489243580865744709, 0.1524215749031201661, 0.2184003391764395841 ) ) ;
#2350 = CARTESIAN_POINT ( 'NONE',  ( -0.1232328169529256362, 0.2275952075074104963, 0.8814859209811752860 ) ) ;
#2351 = CARTESIAN_POINT ( 'NONE',  ( -0.2667889968519862043, -0.2937019507798585560, 0.8905705295824152268 ) ) ;
#2352 = ADVANCED_FACE ( 'NONE', ( #10 ), #2295, .F. ) ;
#2353 = DIRECTION ( 'NONE',  ( -1.000000000000000000, -1.491811893163386792E-15, 0.000000000000000000 ) ) ;
#2354 = CARTESIAN_POINT ( 'NONE',  ( 0.6270270682207621515, -0.2475665234827495731, 0.08204036407178053047 ) ) ;
#2355 = DATE_TIME_ROLE ( 'classification_date' ) ;
#2356 = EDGE_CURVE ( 'NONE', #2343, #1025, #969, .T. ) ;
#2357 = ORIENTED_EDGE ( 'NONE', *, *, #1825, .T. ) ;
#2358 = CARTESIAN_POINT ( 'NONE',  ( 0.04039673138210417291, 0.2176340596801210059, 0.08204036407178053047 ) ) ;
#2359 = PRODUCT_DEFINITION_SHAPE ( 'NONE', 'NONE',  #1676 ) ;
#2360 = VERTEX_POINT ( 'NONE', #1315 ) ;
#2361 = CARTESIAN_POINT ( 'NONE',  ( -0.0001082143870351422616, 0.1905943914089210101, 0.1908739751146727726 ) ) ;
#2362 = CARTESIAN_POINT ( 'NONE',  ( 0.003860159473465974486, 0.2180145388990748778, 0.08204036407178053047 ) ) ;
#2363 = CARTESIAN_POINT ( 'NONE',  ( 0.006442163564494990564, 0.2179135297751682299, 0.8723104662939176190 ) ) ;
#2364 = VECTOR ( 'NONE', #2144, 1000.000000000000000 ) ;
#2365 = CARTESIAN_POINT ( 'NONE',  ( -0.007788414374511478701, 0.3267755233578321650, 0.08204036407178053047 ) ) ;
#2366 = FACE_BOUND ( 'NONE', #2446, .T. ) ;
#2367 = VECTOR ( 'NONE', #1661, 1000.000000000000000 ) ;
#2368 = CARTESIAN_POINT ( 'NONE',  ( 0.3221183749571667754, -0.1917838039806580575, 0.8996551381836606076 ) ) ;
#2369 = CARTESIAN_POINT ( 'NONE',  ( 0.2802780914648750898, -0.3128689328068120501, 0.08204036407178053047 ) ) ;
#2370 = AXIS2_PLACEMENT_3D ( 'NONE', #2063, #362, #2345 ) ;
#2371 = EDGE_CURVE ( 'NONE', #1046, #1717, #1369, .T. ) ;
#2372 = VERTEX_POINT ( 'NONE', #564 ) ;
#2373 = CARTESIAN_POINT ( 'NONE',  ( 0.2208465654117418853, 0.1800407312030362084, 0.1909648212006852253 ) ) ;
#2374 = VERTEX_POINT ( 'NONE', #770 ) ;
#2375 = CARTESIAN_POINT ( 'NONE',  ( -0.5830585001668113776, 0.1472902152334359671, 0.8996551381836606076 ) ) ;
#2376 = CARTESIAN_POINT ( 'NONE',  ( 0.08713803606339627639, 0.2086008093070562674, 0.2092248844891836101 ) ) ;
#2377 = CARTESIAN_POINT ( 'NONE',  ( 0.002148595174274198476, 0.2178395572428093452, 0.8722196202079051108 ) ) ;
#2378 = CARTESIAN_POINT ( 'NONE',  ( 0.6050727477897901441, -0.1407847640410992973, 0.2183094930904271314 ) ) ;
#2379 = CARTESIAN_POINT ( 'NONE',  ( 0.6215383056910537274, 0.2208711759371373706, 0.8996551381836606076 ) ) ;
#2380 = CARTESIAN_POINT ( 'NONE',  ( -0.5995841676820451438, 0.1151197561930499269, 0.2183094930904271314 ) ) ;
#2381 = CARTESIAN_POINT ( 'NONE',  ( 0.1222349421435648537, -0.3229154916140041798, 0.08204036407178053047 ) ) ;
#2382 = ORIENTED_EDGE ( 'NONE', *, *, #2242, .F. ) ;
#2383 = EDGE_CURVE ( 'NONE', #1108, #1624, #1109, .T. ) ;
#2384 = CARTESIAN_POINT ( 'NONE',  ( 0.4257233519252569542, 0.1666444965968412739, 0.2092248844891836101 ) ) ;
#2385 = ORIENTED_EDGE ( 'NONE', *, *, #805, .T. ) ;
#2386 = CARTESIAN_POINT ( 'NONE',  ( -3.791911958400201925E-06, 0.2180297108642180182, 0.8996551381836606076 ) ) ;
#2387 = CARTESIAN_POINT ( 'NONE',  ( -0.09469073892087123689, 0.1908752618368410592, 0.1907831290286603476 ) ) ;
#2388 = CARTESIAN_POINT ( 'NONE',  ( -0.1226519560336122583, 0.2183300918198168572, 0.8722196202079051108 ) ) ;
#2389 = CARTESIAN_POINT ( 'NONE',  ( -0.2688025215327519146, -0.3117592532392812754, 0.08204036407178054435 ) ) ;
#2390 = DIRECTION ( 'NONE',  ( 0.7071067811865460184, 1.962615573354720080E-15, 0.7071067811865489050 ) ) ;
#2391 = FACE_OUTER_BOUND ( 'NONE', #2336, .T. ) ;
#2392 = CARTESIAN_POINT ( 'NONE',  ( 0.3837930712081114581, -0.1821096985742879648, 0.8996551381836606076 ) ) ;
#2393 = CARTESIAN_POINT ( 'NONE',  ( -0.2014080469021475028, 0.0001335668615007436287, 0.08204036407178053047 ) ) ;
#2394 = ORIENTED_EDGE ( 'NONE', *, *, #1810, .F. ) ;
#2395 = VERTEX_POINT ( 'NONE', #175 ) ;
#2396 = CARTESIAN_POINT ( 'NONE',  ( 0.005148143268607434028, 0.2180094815773601091, 0.8996551381836606076 ) ) ;
#2397 = CARTESIAN_POINT ( 'NONE',  ( -0.5995178936962476390, 0.1148553987439386997, 0.1907831290286603476 ) ) ;
#2398 = PLANE ( 'NONE',  #1567 ) ;
#2399 = CARTESIAN_POINT ( 'NONE',  ( -0.1835878730315986529, -0.3212613257833614178, 0.08204036407178054435 ) ) ;
#2400 = ADVANCED_FACE ( 'NONE', ( #2094 ), #610, .T. ) ;
#2401 = CARTESIAN_POINT ( 'NONE',  ( -0.6327214000498355695, -0.2472983676441100620, 0.8724013123799301272 ) ) ;
#2402 = CARTESIAN_POINT ( 'NONE',  ( 0.7358532967006909953, -0.1140893241806869990, 0.08204036407178053047 ) ) ;
#2403 = CARTESIAN_POINT ( 'NONE',  ( 0.5864572796023956869, 0.2558525583056316388, 0.08204036407178053047 ) ) ;
#2404 = VECTOR ( 'NONE', #1872, 1000.000000000000114 ) ;
#2405 = CARTESIAN_POINT ( 'NONE',  ( 0.3221183749571667754, -0.1917838039806580575, 0.08204036407178053047 ) ) ;
#2406 = LINE ( 'NONE', #2034, #961 ) ;
#2407 = VECTOR ( 'NONE', #2023, 1000.000000000000000 ) ;
#2408 = ORIENTED_EDGE ( 'NONE', *, *, #2226, .F. ) ;
#2409 = LOCAL_TIME ( 8, 12, 0.000000000000000000, #572 ) ;
#2410 = ORIENTED_EDGE ( 'NONE', *, *, #2172, .F. ) ;
#2411 = CARTESIAN_POINT ( 'NONE',  ( -0.05860407214411247900, 0.3342152319787984882, -0.8990935234141750332 ) ) ;
#2412 = LINE ( 'NONE', #697, #219 ) ;
#2413 = CARTESIAN_POINT ( 'NONE',  ( 0.6105613278975309255, -0.1674802039015119426, 0.8996551381836606076 ) ) ;
#2414 = CARTESIAN_POINT ( 'NONE',  ( 0.6069022136850455995, 0.1496833113055194564, 0.8814859209811752860 ) ) ;
#2415 = ADVANCED_FACE ( 'NONE', ( #1355 ), #549, .T. ) ;
#2416 = DIRECTION ( 'NONE',  ( 0.000000000000000000, 0.000000000000000000, 1.000000000000000000 ) ) ;
#2417 = CARTESIAN_POINT ( 'NONE',  ( 0.3079282617338282568, 0.1142775749577151223, -0.8990973648624754899 ) ) ;
#2418 = CARTESIAN_POINT ( 'NONE',  ( -0.5956542798580548581, -0.1264462710975383930, -0.2450055455729709952 ) ) ;
#2419 = EDGE_CURVE ( 'NONE', #695, #548, #2202, .T. ) ;
#2420 = DIRECTION ( 'NONE',  ( -0.8660254037844387076, 0.4999999999999998890, 0.000000000000000000 ) ) ;
#2421 = ORIENTED_EDGE ( 'NONE', *, *, #1379, .F. ) ;
#2422 = CARTESIAN_POINT ( 'NONE',  ( 0.3208211473626547128, -0.06355774460641751278, -0.8990973648624754899 ) ) ;
#2423 = FACE_OUTER_BOUND ( 'NONE', #200, .T. ) ;
#2424 = EDGE_LOOP ( 'NONE', ( #1813, #170, #2105, #1505 ) ) ;
#2425 = CARTESIAN_POINT ( 'NONE',  ( 0.5270967347404657000, 0.1846404231714042499, 0.8996551381836606076 ) ) ;
#2426 = LINE ( 'NONE', #1316, #2126 ) ;
#2427 = CARTESIAN_POINT ( 'NONE',  ( 0.3315810845220771297, 0.2216470872392478642, 0.8998368303556857351 ) ) ;
#2428 = CARTESIAN_POINT ( 'NONE',  ( -0.01131813781771919339, -0.2092237999773700619, 0.2092248844891836101 ) ) ;
#2429 = CARTESIAN_POINT ( 'NONE',  ( 0.7136742688933659373, 0.2071008481049615435, 0.08204036407178053047 ) ) ;
#2430 = CC_DESIGN_DATE_AND_TIME_ASSIGNMENT ( #349, #1861, ( #1676 ) ) ;
#2431 = CARTESIAN_POINT ( 'NONE',  ( -0.6885060075501082677, -0.2226742165720702604, 0.08204036407178051660 ) ) ;
#2432 = DIRECTION ( 'NONE',  ( 1.000000000000000000, 1.690720145585166530E-15, 0.000000000000000000 ) ) ;
#2433 = EDGE_CURVE ( 'NONE', #2156, #1934, #58, .T. ) ;
#2434 = ORIENTED_EDGE ( 'NONE', *, *, #1589, .T. ) ;
#2435 = CARTESIAN_POINT ( 'NONE',  ( 0.2242441886172675536, 0.2073841636095402341, 0.2184911852624520368 ) ) ;
#2436 = CARTESIAN_POINT ( 'NONE',  ( 0.6087318011949506280, -0.1585817239480409035, 0.8905705295824152268 ) ) ;
#2437 = EDGE_LOOP ( 'NONE', ( #262, #1704, #1395, #1670 ) ) ;
#2438 = CARTESIAN_POINT ( 'NONE',  ( 0.004861674731162226107, 0.1906657063740423153, 0.1909648212006852253 ) ) ;
#2439 = CARTESIAN_POINT ( 'NONE',  ( 0.1286021650466082633, 0.2139075067342516567, 0.8725271336203646033 ) ) ;
#2440 = CARTESIAN_POINT ( 'NONE',  ( -0.004280248917670891919, 0.2362158509888138136, 0.8905705295824152268 ) ) ;
#2441 = CARTESIAN_POINT ( 'NONE',  ( 0.5661029012467865273, -0.2597790015735012559, 0.8724013123799301272 ) ) ;
#2442 = CARTESIAN_POINT ( 'NONE',  ( -0.5262104561416540704, 0.2740142508516525965, 0.08204036407178053047 ) ) ;
#2443 = CARTESIAN_POINT ( 'NONE',  ( -0.4613302832532535369, -0.1732978568156460508, 0.8996551381836606076 ) ) ;
#2444 = FACE_OUTER_BOUND ( 'NONE', #1558, .T. ) ;
#2445 = AXIS2_PLACEMENT_3D ( 'NONE', #244, #1928, #976 ) ;
#2446 = EDGE_LOOP ( 'NONE', ( #2002, #2434, #679, #824, #274, #1431 ) ) ;
#2447 = EDGE_CURVE ( 'NONE', #1161, #1717, #24, .T. ) ;
#2448 = AXIS2_PLACEMENT_3D ( 'NONE', #1537, #434, #1723 ) ;
#2449 = CYLINDRICAL_SURFACE ( 'NONE', #1040, 0.02725382580372933891 ) ;
#2450 = ORIENTED_EDGE ( 'NONE', *, *, #590, .F. ) ;
#2451 = CARTESIAN_POINT ( 'NONE',  ( 0.5995841676820446997, -0.1140893241806864716, 0.8860282252817943682 ) ) ;
#2452 = CARTESIAN_POINT ( 'NONE',  ( 0.6067648006643872050, 0.2517760369415133481, 0.08203649075778814137 ) ) ;
#2453 = VECTOR ( 'NONE', #1691, 1000.000000000000114 ) ;
#2454 = CARTESIAN_POINT ( 'NONE',  ( 0.6855654098361410043, 0.2242793980996653225, 0.08204036407178051660 ) ) ;
#2455 = CARTESIAN_POINT ( 'NONE',  ( -0.6062116141558234750, -0.1415554360274107470, 0.08204036407178053047 ) ) ;
#2456 = CARTESIAN_POINT ( 'NONE',  ( -0.4633150356852319685, 5.641731837955581803E-08, -0.5720514552177227152 ) ) ;
#2457 = DIRECTION ( 'NONE',  ( 1.000000000000000000, 1.690720145585166530E-15, 0.000000000000000000 ) ) ;
#2458 = CARTESIAN_POINT ( 'NONE',  ( 0.5995841676820446997, -0.1140893241806864716, 0.08204036407178053047 ) ) ;
#2459 = PERSON_AND_ORGANIZATION ( #1725, #1645 ) ;
#2460 = ORIENTED_EDGE ( 'NONE', *, *, #1780, .F. ) ;
#2461 = CARTESIAN_POINT ( 'NONE',  ( -0.1389482958651205302, 0.2988167990094831583, 0.8996551381836606076 ) ) ;
#2462 = FACE_OUTER_BOUND ( 'NONE', #111, .T. ) ;
#2463 = VERTEX_POINT ( 'NONE', #2306 ) ;
#2464 = DIRECTION ( 'NONE',  ( -0.4999999999999998890, -0.8660254037844387076, 0.000000000000000000 ) ) ;
#2465 = CARTESIAN_POINT ( 'NONE',  ( -0.6327211605859723864, 0.2472984807472898561, 0.08204036407178053047 ) ) ;
#2466 = CARTESIAN_POINT ( 'NONE',  ( 0.5271472129853452815, 0.1849082069051923294, 0.8999276764416982433 ) ) ;
#2467 = CARTESIAN_POINT ( 'NONE',  ( -0.4446955177893844313, -0.1596412525258012749, 0.2001402758879408106 ) ) ;
#2468 = CARTESIAN_POINT ( 'NONE',  ( 0.5995841676820446997, 0.1140893789897108740, 0.8724013123799301272 ) ) ;
#2469 = CARTESIAN_POINT ( 'NONE',  ( -0.004302253929804109381, 0.3309597125449879607, 0.8724013123799301272 ) ) ;
#2470 = EDGE_LOOP ( 'NONE', ( #2408, #2153, #1798, #20, #1082, #83, #373, #1864, #1263 ) ) ;
#2471 = CARTESIAN_POINT ( 'NONE',  ( -0.3270459051775013171, 4.639845717239876615E-08, -0.8990973648624754899 ) ) ;
#2472 = CARTESIAN_POINT ( 'NONE',  ( 0.3875964707203310988, -0.2106170082560606671, 0.8996551381836606076 ) ) ;
#2473 = ORIENTED_EDGE ( 'NONE', *, *, #834, .F. ) ;
#2474 = DIRECTION ( 'NONE',  ( 0.000000000000000000, 0.000000000000000000, 1.000000000000000000 ) ) ;
#2475 = DIRECTION ( 'NONE',  ( -0.4999999999999998890, 0.8660254037844387076, 0.000000000000000000 ) ) ;
#2476 = CARTESIAN_POINT ( 'NONE',  ( 0.6067615456587269751, 0.2517331318794829853, 0.08204036407178053047 ) ) ;
#2477 = CARTESIAN_POINT ( 'NONE',  ( -0.5522084651834423541, -0.1550940422967430621, 0.2183094930904271314 ) ) ;
ENDSEC;
END-ISO-10303-21;
