ISO-10303-21;
HEADER;
FILE_DESCRIPTION (( 'STEP AP203' ),
    '1' );
FILE_NAME ('003617.step',
    '2026-06-29T00:17:56',
    ( '' ),
    ( '' ),
    'SwSTEP 2.0',
    'SolidWorks 2025',
    '' );
FILE_SCHEMA (( 'CONFIG_CONTROL_DESIGN' ));
ENDSEC;

DATA;
#1 = ORIENTED_EDGE ( 'NONE', *, *, #719, .T. ) ;
#2 = DIRECTION ( 'NONE',  ( 7.905969700482683735E-05, 0.9999999968744934797, 7.596842307341838881E-07 ) ) ;
#3 = ORIENTED_EDGE ( 'NONE', *, *, #254, .F. ) ;
#4 = CIRCLE ( 'NONE', #373, 0.09919318009946520576 ) ;
#5 = ADVANCED_FACE ( 'NONE', ( #700 ), #809, .F. ) ;
#6 = AXIS2_PLACEMENT_3D ( 'NONE', #671, #228, #422 ) ;
#7 = CARTESIAN_POINT ( 'NONE',  ( 0.2032910174602053088, -0.4409070654916836252, 0.6777586419809523699 ) ) ;
#8 = AXIS2_PLACEMENT_3D ( 'NONE', #192, #1060, #1280 ) ;
#9 = CARTESIAN_POINT ( 'NONE',  ( 0.1834255600756095061, 0.5936054426069612422, 0.3935257180553703438 ) ) ;
#10 = CALENDAR_DATE ( 2026, 29, 6 ) ;
#11 = ORIENTED_EDGE ( 'NONE', *, *, #291, .F. ) ;
#12 = CYLINDRICAL_SURFACE ( 'NONE', #1349, 0.3004329751166671669 ) ;
#13 = ADVANCED_FACE ( 'NONE', ( #629 ), #1059, .T. ) ;
#14 = ORIENTED_EDGE ( 'NONE', *, *, #1247, .T. ) ;
#15 = CARTESIAN_POINT ( 'NONE',  ( 0.2032812477149375519, -0.5513574280876599731, 0.4633234381134919699 ) ) ;
#16 = FACE_OUTER_BOUND ( 'NONE', #805, .T. ) ;
#17 = FACE_OUTER_BOUND ( 'NONE', #1195, .T. ) ;
#18 = ORIENTED_EDGE ( 'NONE', *, *, #351, .F. ) ;
#19 = DIRECTION ( 'NONE',  ( -0.9999999968747822487, 7.905969700294100319E-05, 3.049584353959550504E-09 ) ) ;
#20 = ADVANCED_FACE ( 'NONE', ( #71 ), #177, .F. ) ;
#21 = ORIENTED_EDGE ( 'NONE', *, *, #832, .F. ) ;
#22 = LINE ( 'NONE', #1307, #276 ) ;
#23 = DIRECTION ( 'NONE',  ( 7.905969700196161627E-05, 0.9999999968747822487, -6.940271672317912128E-16 ) ) ;
#24 = ORIENTED_EDGE ( 'NONE', *, *, #1069, .F. ) ;
#25 = CARTESIAN_POINT ( 'NONE',  ( 0.1873001073274321859, -0.5895448598237641447, -0.4475704887490832840 ) ) ;
#26 = ORIENTED_EDGE ( 'NONE', *, *, #232, .T. ) ;
#27 = EDGE_CURVE ( 'NONE', #277, #406, #1350, .T. ) ;
#28 = DIRECTION ( 'NONE',  ( -0.9999999968747821377, 7.905969700224299384E-05, 3.049584309614920229E-09 ) ) ;
#29 = B_SPLINE_CURVE_WITH_KNOTS ( 'NONE', 3,
 ( #500, #735, #934, #1260 ),
 .UNSPECIFIED., .F., .F.,
 ( 4, 4 ),
 ( 0.002214577302051789955, 0.002278637841248409932 ),
 .UNSPECIFIED. ) ;
#30 = CIRCLE ( 'NONE', #1049, 0.09919318009946520576 ) ;
#31 = EDGE_CURVE ( 'NONE', #286, #434, #731, .T. ) ;
#32 = CARTESIAN_POINT ( 'NONE',  ( -0.1339787856466354010, -0.6054986150537172707, -0.6619359164292850650 ) ) ;
#33 = AXIS2_PLACEMENT_3D ( 'NONE', #1016, #1028, #1224 ) ;
#34 = ORIENTED_EDGE ( 'NONE', *, *, #365, .T. ) ;
#35 = LINE ( 'NONE', #1335, #1299 ) ;
#36 = ORIENTED_EDGE ( 'NONE', *, *, #1181, .F. ) ;
#37 = DIRECTION ( 'NONE',  ( -7.905969700285611016E-05, -0.9999999968747821377, 5.680749891386061041E-18 ) ) ;
#38 = EDGE_CURVE ( 'NONE', #1161, #644, #1242, .T. ) ;
#39 = ORIENTED_EDGE ( 'NONE', *, *, #1160, .F. ) ;
#40 = CARTESIAN_POINT ( 'NONE',  ( -0.1339700288595239985, -0.4944512932409259043, 0.7030123684790852145 ) ) ;
#41 = ORIENTED_EDGE ( 'NONE', *, *, #1365, .T. ) ;
#42 = CC_DESIGN_PERSON_AND_ORGANIZATION_ASSIGNMENT ( #152, #566, ( #353 ) ) ;
#43 = CARTESIAN_POINT ( 'NONE',  ( 0.1926165012566234958, -0.4773281645611845425, 0.8999991840662472375 ) ) ;
#44 = SHAPE_DEFINITION_REPRESENTATION ( #1382, #761 ) ;
#45 = ADVANCED_FACE ( 'NONE', ( #491 ), #931, .T. ) ;
#46 = EDGE_LOOP ( 'NONE', ( #1293, #783, #281, #976 ) ) ;
#47 = LINE ( 'NONE', #148, #1254 ) ;
#48 = ORIENTED_EDGE ( 'NONE', *, *, #652, .T. ) ;
#49 = AXIS2_PLACEMENT_3D ( 'NONE', #1291, #1179, #517 ) ;
#50 = LINE ( 'NONE', #1032, #818 ) ;
#51 = EDGE_LOOP ( 'NONE', ( #120, #259, #386, #309 ) ) ;
#52 = CARTESIAN_POINT ( 'NONE',  ( 0.5847720261015937337, 0.6055847783972988507, 0.3544367966299685202 ) ) ;
#53 = AXIS2_PLACEMENT_3D ( 'NONE', #1308, #851, #952 ) ;
#54 = VECTOR ( 'NONE', #270, 1000.000000000000000 ) ;
#55 = ORIENTED_EDGE ( 'NONE', *, *, #175, .F. ) ;
#56 = CARTESIAN_POINT ( 'NONE',  ( 0.1041805743972401416, 0.6056227738119711601, 0.3544367980943779473 ) ) ;
#57 = ADVANCED_FACE ( 'NONE', ( #171 ), #1366, .F. ) ;
#58 = CARTESIAN_POINT ( 'NONE',  ( 0.8579530156850150302, -0.6055770368816246751, 0.4651056595078431055 ) ) ;
#59 = CARTESIAN_POINT ( 'NONE',  ( 0.1487456887000030703, -0.3027357906933632603, -0.4089933080377865515 ) ) ;
#60 = CARTESIAN_POINT ( 'NONE',  ( 0.2012192129341781044, 0.5662975191825759813, 0.4330083863303088032 ) ) ;
#61 = EDGE_LOOP ( 'NONE', ( #213, #252, #921, #1191, #1238 ) ) ;
#62 = CYLINDRICAL_SURFACE ( 'NONE', #457, 0.04959659004973254043 ) ;
#63 = EDGE_CURVE ( 'NONE', #1220, #179, #122, .T. ) ;
#64 = CARTESIAN_POINT ( 'NONE',  ( -0.1934474952096744971, -0.008156927702074696571, -0.7364551587504376551 ) ) ;
#65 = CARTESIAN_POINT ( 'NONE',  ( -0.1339866473035197791, -0.7046915086160842057, -0.1884747190485854540 ) ) ;
#66 = DIRECTION ( 'NONE',  ( 3.049584722695815184E-09, -2.407652529932589961E-13, 1.000000000000000000 ) ) ;
#67 = ORIENTED_EDGE ( 'NONE', *, *, #268, .F. ) ;
#68 = DIRECTION ( 'NONE',  ( 0.9999999968747822487, -7.905969700272730695E-05, -3.049605033777891193E-09 ) ) ;
#69 = CARTESIAN_POINT ( 'NONE',  ( 0.01481096819064021790, -0.6055103783266110318, 0.08955155558455565878 ) ) ;
#70 = VECTOR ( 'NONE', #1222, 1000.000000000000114 ) ;
#71 = FACE_OUTER_BOUND ( 'NONE', #1062, .T. ) ;
#72 = CARTESIAN_POINT ( 'NONE',  ( 0.3025748242974062863, 0.7048009349003745427, -0.8999995499989850156 ) ) ;
#73 = VECTOR ( 'NONE', #169, 1000.000000000000114 ) ;
#74 = VERTEX_POINT ( 'NONE', #65 ) ;
#75 = DIRECTION ( 'NONE',  ( 0.9999999968747822487, -7.905969700272730695E-05, -3.049605033777891193E-09 ) ) ;
#76 = LOCAL_TIME ( 8, 17, 56.00000000000000000, #102 ) ;
#77 = DIRECTION ( 'NONE',  ( 7.905969700212988444E-05, 0.9999999968747821377, 0.000000000000000000 ) ) ;
#78 = EDGE_CURVE ( 'NONE', #631, #277, #484, .T. ) ;
#79 = DIRECTION ( 'NONE',  ( 0.2898115436391828781, -2.291241289962242828E-05, -0.9570837312630987581 ) ) ;
#80 = PLANE ( 'NONE',  #8 ) ;
#81 = ORIENTED_EDGE ( 'NONE', *, *, #858, .F. ) ;
#82 = CARTESIAN_POINT ( 'NONE',  ( 0.1928732408128145670, -0.4770672293150967080, 0.6884864079791026548 ) ) ;
#83 = CC_DESIGN_PERSON_AND_ORGANIZATION_ASSIGNMENT ( #219, #1066, ( #778 ) ) ;
#84 = CARTESIAN_POINT ( 'NONE',  ( -0.1338752174734628986, 0.7048354405085477392, -0.5627427363298118657 ) ) ;
#85 = FACE_OUTER_BOUND ( 'NONE', #1041, .T. ) ;
#86 = CARTESIAN_POINT ( 'NONE',  ( 0.1964477166106007588, 0.5788579878600483841, 0.4156522090806855085 ) ) ;
#87 = ADVANCED_FACE ( 'NONE', ( #391 ), #823, .T. ) ;
#88 = EDGE_LOOP ( 'NONE', ( #39, #1111, #1036, #1306, #1214 ) ) ;
#89 = DIRECTION ( 'NONE',  ( -7.905969700244813844E-05, -0.9999999968745993950, 6.045385738673326715E-07 ) ) ;
#90 = DIRECTION ( 'NONE',  ( -3.049605024340556565E-09, 2.399201462938908123E-13, -1.000000000000000000 ) ) ;
#91 = DIRECTION ( 'NONE',  ( 3.049584394358690143E-09, -2.410935382062149981E-13, 1.000000000000000000 ) ) ;
#92 = APPROVAL_STATUS ( 'not_yet_approved' ) ;
#93 = VERTEX_POINT ( 'NONE', #504 ) ;
#94 = DIRECTION ( 'NONE',  ( 7.905969700414480642E-05, 0.9999999968747822487, 5.988168392600560763E-16 ) ) ;
#95 = CIRCLE ( 'NONE', #798, 0.3051284025954697499 ) ;
#96 = EDGE_CURVE ( 'NONE', #927, #1220, #601, .T. ) ;
#97 = ORIENTED_EDGE ( 'NONE', *, *, #772, .T. ) ;
#98 = AXIS2_PLACEMENT_3D ( 'NONE', #1304, #1318, #323 ) ;
#99 = CIRCLE ( 'NONE', #280, 0.3004329751166671669 ) ;
#100 = DIRECTION ( 'NONE',  ( 7.905969700219615630E-05, 0.9999999968745995060, -6.045385738673317186E-07 ) ) ;
#101 = DIRECTION ( 'NONE',  ( 3.097379030844550920E-09, 6.045383310100970757E-07, 0.9999999999998172573 ) ) ;
#102 = COORDINATED_UNIVERSAL_TIME_OFFSET ( 8, 0, .AHEAD. ) ;
#103 = ORIENTED_EDGE ( 'NONE', *, *, #1181, .T. ) ;
#104 = CARTESIAN_POINT ( 'NONE',  ( -0.1338830239934988287, 0.6056415950479835386, -0.4635495562303738049 ) ) ;
#105 = VERTEX_POINT ( 'NONE', #1359 ) ;
#106 = ADVANCED_FACE ( 'NONE', ( #732 ), #1353, .F. ) ;
#107 = DIRECTION ( 'NONE',  ( 0.9999999968747821377, -7.905969700285611016E-05, -3.049584403888850979E-09 ) ) ;
#108 = CARTESIAN_POINT ( 'NONE',  ( -0.1934474952096744971, -0.008156927702074696571, -0.7364551587504376551 ) ) ;
#109 = DIRECTION ( 'NONE',  ( 0.9999999968747822487, -7.905969700285611016E-05, -3.049584412122775955E-09 ) ) ;
#110 = ORIENTED_EDGE ( 'NONE', *, *, #1305, .F. ) ;
#111 = DIRECTION ( 'NONE',  ( 0.9999999968747821377, -7.905969700285611016E-05, -3.049584403888850979E-09 ) ) ;
#112 = ADVANCED_FACE ( 'NONE', ( #828 ), #721, .F. ) ;
#113 = VERTEX_POINT ( 'NONE', #548 ) ;
#114 = FACE_OUTER_BOUND ( 'NONE', #593, .T. ) ;
#115 = CARTESIAN_POINT ( 'NONE',  ( -0.3026150229102985145, -0.7046780940034461649, -0.05133819920459418290 ) ) ;
#116 = ADVANCED_FACE ( 'NONE', ( #307 ), #210, .F. ) ;
#117 = ORIENTED_EDGE ( 'NONE', *, *, #1147, .F. ) ;
#118 = CARTESIAN_POINT ( 'NONE',  ( -0.1288269848523407590, -0.4944104579810147948, 0.8345950423478460944 ) ) ;
#119 = AXIS2_PLACEMENT_3D ( 'NONE', #497, #1054, #299 ) ;
#120 = ORIENTED_EDGE ( 'NONE', *, *, #857, .T. ) ;
#121 = CARTESIAN_POINT ( 'NONE',  ( 0.2695068141688294894, 0.7048035492472514152, 0.5995667268157683916 ) ) ;
#122 = CIRCLE ( 'NONE', #273, 0.1091124981094117180 ) ;
#123 = DIRECTION ( 'NONE',  ( 3.049587270209651046E-09, -2.398081733192032474E-13, 1.000000000000000000 ) ) ;
#124 = ADVANCED_FACE ( 'NONE', ( #969 ), #1384, .F. ) ;
#125 = VERTEX_POINT ( 'NONE', #1301 ) ;
#126 = DIRECTION ( 'NONE',  ( -3.019545453566209483E-09, 3.799528824159148655E-07, -0.9999999999999278355 ) ) ;
#127 = ORIENTED_EDGE ( 'NONE', *, *, #468, .F. ) ;
#128 = DIRECTION ( 'NONE',  ( -3.049584394358690143E-09, 2.410935382062149981E-13, -1.000000000000000000 ) ) ;
#129 = EDGE_CURVE ( 'NONE', #133, #1161, #665, .T. ) ;
#130 = CARTESIAN_POINT ( 'NONE',  ( 0.4116951905634353426, 0.8049773235128261373, -0.8999995503317391732 ) ) ;
#131 = ORIENTED_EDGE ( 'NONE', *, *, #1217, .F. ) ;
#132 = CARTESIAN_POINT ( 'NONE',  ( 0.05449713240858480856, -0.4929510375693439417, 0.7044171110275738723 ) ) ;
#133 = VERTEX_POINT ( 'NONE', #314 ) ;
#134 = CARTESIAN_POINT ( 'NONE',  ( -0.1339866528724832362, -0.7046914267644508456, -0.05308023662405788462 ) ) ;
#135 = CARTESIAN_POINT ( 'NONE',  ( -0.1339700288595239985, -0.4944512932409259043, 0.7030123684790852145 ) ) ;
#136 = VERTEX_POINT ( 'NONE', #333 ) ;
#137 = FACE_OUTER_BOUND ( 'NONE', #1347, .T. ) ;
#138 = ORIENTED_EDGE ( 'NONE', *, *, #475, .T. ) ;
#139 = ADVANCED_FACE ( 'NONE', ( #426 ), #1065, .F. ) ;
#140 = CARTESIAN_POINT ( 'NONE',  ( -0.08613288257469821352, -0.7046952406107844791, -0.1036009777205224303 ) ) ;
#141 = VECTOR ( 'NONE', #319, 1000.000000000000114 ) ;
#142 =( BOUNDED_CURVE ( )  B_SPLINE_CURVE ( 3, ( #395, #1177, #955, #1388 ),
 .UNSPECIFIED., .F., .F. ) 
 B_SPLINE_CURVE_WITH_KNOTS ( ( 4, 4 ),
 ( 1.570796326794960063, 2.356194490192375035 ),
 .UNSPECIFIED. ) 
 CURVE ( )  GEOMETRIC_REPRESENTATION_ITEM ( )  RATIONAL_B_SPLINE_CURVE ( ( 1.000000000000000000, 0.9492530216741950078, 0.9492530216741950078, 1.000000000000000000 ) ) 
 REPRESENTATION_ITEM ( '' )  );
#143 = CARTESIAN_POINT ( 'NONE',  ( 0.3025270330528259111, 0.1009555700663366945, -0.7364551587504376551 ) ) ;
#144 = DATE_TIME_ROLE ( 'classification_date' ) ;
#145 = AXIS2_PLACEMENT_3D ( 'NONE', #329, #221, #987 ) ;
#146 = LOCAL_TIME ( 8, 17, 56.00000000000000000, #904 ) ;
#147 = ORIENTED_EDGE ( 'NONE', *, *, #1000, .F. ) ;
#148 = CARTESIAN_POINT ( 'NONE',  ( 0.1488175036212103231, 0.6056192448298520770, -0.1968021362063760160 ) ) ;
#149 = ORIENTED_EDGE ( 'NONE', *, *, #589, .T. ) ;
#150 = EDGE_CURVE ( 'NONE', #340, #631, #414, .T. ) ;
#151 = DIRECTION ( 'NONE',  ( -7.863627151134802902E-05, -0.9999999969081684315, 0.000000000000000000 ) ) ;
#152 = PERSON_AND_ORGANIZATION ( #1300, #756 ) ;
#153 = ORIENTED_EDGE ( 'NONE', *, *, #916, .F. ) ;
#154 = CARTESIAN_POINT ( 'NONE',  ( -0.1339504069972446421, -0.2465320933652671020, 0.4423881773229600967 ) ) ;
#155 = EDGE_LOOP ( 'NONE', ( #764, #603, #697, #681 ) ) ;
#156 = CARTESIAN_POINT ( 'NONE',  ( 0.4116103893386200974, -0.2681671675041503167, 0.8999992629080700857 ) ) ;
#157 = EDGE_CURVE ( 'NONE', #1182, #900, #974, .T. ) ;
#158 = EDGE_LOOP ( 'NONE', ( #1067, #1283, #1218, #476 ) ) ;
#159 = DIRECTION ( 'NONE',  ( -0.9999999968747821377, 7.905969700244809778E-05, 3.047097872632100472E-09 ) ) ;
#160 = ORIENTED_EDGE ( 'NONE', *, *, #772, .F. ) ;
#161 = TOROIDAL_SURFACE ( 'NONE', #1136, 0.3051284025954696388, 0.05455624905470667779 ) ;
#162 = CARTESIAN_POINT ( 'NONE',  ( 0.1998560967026410951, -0.4657533394439729024, 0.8509799721219688529 ) ) ;
#163 = AXIS2_PLACEMENT_3D ( 'NONE', #191, #815, #1167 ) ;
#164 = DIRECTION ( 'NONE',  ( 0.7071067768203030957, -5.590364768603114703E-05, -0.7071067833429290905 ) ) ;
#165 = CARTESIAN_POINT ( 'NONE',  ( 0.1517306493474626372, -0.4921800815155396025, 0.7051451208807888449 ) ) ;
#166 = ADVANCED_FACE ( 'NONE', ( #327 ), #877, .F. ) ;
#167 = VECTOR ( 'NONE', #623, 1000.000000000000000 ) ;
#168 = EDGE_LOOP ( 'NONE', ( #110, #577, #651, #519 ) ) ;
#169 = DIRECTION ( 'NONE',  ( -4.113138742219916580E-08, 6.045418277229822150E-07, 0.9999999999998163691 ) ) ;
#170 = CARTESIAN_POINT ( 'NONE',  ( 0.1933688964243547581, -0.4765467760529010222, 0.8450225902241896847 ) ) ;
#171 = FACE_OUTER_BOUND ( 'NONE', #1126, .T. ) ;
#172 = CARTESIAN_POINT ( 'NONE',  ( 0.1487307128038770077, -0.4922039298699860121, 0.7051226015813349957 ) ) ;
#173 = ORIENTED_EDGE ( 'NONE', *, *, #939, .F. ) ;
#174 = CARTESIAN_POINT ( 'NONE',  ( 0.1926164996427115750, -0.4773282349664546009, 0.6887181725545140631 ) ) ;
#175 = EDGE_CURVE ( 'NONE', #205, #762, #346, .T. ) ;
#176 = CARTESIAN_POINT ( 'NONE',  ( 0.2033815963166301644, 0.7048087770869562174, 0.3199329099449041425 ) ) ;
#177 = PLANE ( 'NONE',  #345 ) ;
#178 = CARTESIAN_POINT ( 'NONE',  ( 0.3025747761060972874, 0.7048009349041933769, 0.3199329096424062269 ) ) ;
#179 = VERTEX_POINT ( 'NONE', #649 ) ;
#180 = CARTESIAN_POINT ( 'NONE',  ( 0.8579530171879105049, -0.6055770368817434690, -0.4635495592553598443 ) ) ;
#181 = EDGE_CURVE ( 'NONE', #277, #136, #478, .T. ) ;
#182 = LINE ( 'NONE', #945, #1322 ) ;
#183 = AXIS2_PLACEMENT_3D ( 'NONE', #64, #821, #77 ) ;
#184 = DIRECTION ( 'NONE',  ( -3.047097862960040111E-09, 2.427900599709390032E-13, -1.000000000000000000 ) ) ;
#185 = CARTESIAN_POINT ( 'NONE',  ( 0.2033050782151164804, -0.2630487509155022274, 0.4581923692724300667 ) ) ;
#186 = ORIENTED_EDGE ( 'NONE', *, *, #1011, .F. ) ;
#187 = CARTESIAN_POINT ( 'NONE',  ( -0.3025599575651423123, -0.008148301303842512069, -0.7364551584176844967 ) ) ;
#188 = VECTOR ( 'NONE', #66, 1000.000000000000000 ) ;
#189 = CC_DESIGN_APPROVAL ( #1262, ( #556 ) ) ;
#190 = FACE_OUTER_BOUND ( 'NONE', #208, .T. ) ;
#191 = CARTESIAN_POINT ( 'NONE',  ( 0.1487456887000030703, -0.3027357906933632603, -0.4089933080377865515 ) ) ;
#192 = CARTESIAN_POINT ( 'NONE',  ( -0.1339309338205817712, 7.146864546979213176E-05, 0.1190318172990994933 ) ) ;
#193 = ORIENTED_EDGE ( 'NONE', *, *, #589, .F. ) ;
#194 = CARTESIAN_POINT ( 'NONE',  ( -0.3025599575651423123, -0.008148301303842512069, -0.7364551584176844967 ) ) ;
#195 = CARTESIAN_POINT ( 'NONE',  ( 0.1933688808531226488, -0.4765467362235370485, 0.6880195149208552241 ) ) ;
#196 = DIRECTION ( 'NONE',  ( -3.020481891872759074E-09, 3.799528827148038876E-07, -0.9999999999999278355 ) ) ;
#197 =( NAMED_UNIT ( * ) PLANE_ANGLE_UNIT ( ) SI_UNIT ( $, .RADIAN. ) );
#198 = EDGE_CURVE ( 'NONE', #908, #249, #1279, .T. ) ;
#199 = ORIENTED_EDGE ( 'NONE', *, *, #646, .T. ) ;
#200 = LINE ( 'NONE', #294, #1275 ) ;
#201 = CARTESIAN_POINT ( 'NONE',  ( 0.1872113788743051399, -0.5896335770361255113, 0.4645976650465330482 ) ) ;
#202 = DIRECTION ( 'NONE',  ( 0.7071626826245539510, 0.7070508753288157200, -2.156382146490885824E-09 ) ) ;
#203 = APPLICATION_PROTOCOL_DEFINITION ( 'international standard', 'config_control_design', 1994, #639 ) ;
#204 = VECTOR ( 'NONE', #620, 1000.000000000000114 ) ;
#205 = VERTEX_POINT ( 'NONE', #1405 ) ;
#206 = DIRECTION ( 'NONE',  ( -7.905969700400880681E-05, -0.9999999968747100842, -3.798359953665550125E-07 ) ) ;
#207 = EDGE_CURVE ( 'NONE', #1093, #670, #541, .T. ) ;
#208 = EDGE_LOOP ( 'NONE', ( #255, #311, #1281, #227, #683, #672, #1240, #570, #788, #401 ) ) ;
#209 = DIRECTION ( 'NONE',  ( 0.2898115435934880413, -2.349100693223823332E-05, -0.9570837312629091320 ) ) ;
#210 = CYLINDRICAL_SURFACE ( 'NONE', #370, 0.05455624905470656677 ) ;
#211 = PRODUCT_RELATED_PRODUCT_CATEGORY ( 'detail', '', ( #485 ) ) ;
#212 = CARTESIAN_POINT ( 'NONE',  ( 0.1576629984986257504, -0.4921329212130437503, 0.7041811393470536196 ) ) ;
#213 = ORIENTED_EDGE ( 'NONE', *, *, #1276, .F. ) ;
#214 = CARTESIAN_POINT ( 'NONE',  ( 0.2032910279473061632, -0.4407829901613735668, 0.8999991979194597036 ) ) ;
#215 = ORIENTED_EDGE ( 'NONE', *, *, #1018, .F. ) ;
#216 = EDGE_CURVE ( 'NONE', #616, #1145, #760, .T. ) ;
#217 = CARTESIAN_POINT ( 'NONE',  ( -0.1934474922955474741, -0.008117716788260332522, -0.7364551572379500755 ) ) ;
#218 = CARTESIAN_POINT ( 'NONE',  ( -0.1339866531059640820, -0.7046915086156170238, -0.1884747190485854540 ) ) ;
#219 = PERSON_AND_ORGANIZATION ( #1300, #756 ) ;
#220 = ORIENTED_EDGE ( 'NONE', *, *, #361, .F. ) ;
#221 = DIRECTION ( 'NONE',  ( 7.905969700219615630E-05, 0.9999999968745995060, -6.045385739986307193E-07 ) ) ;
#222 = ORIENTED_EDGE ( 'NONE', *, *, #27, .F. ) ;
#223 = CARTESIAN_POINT ( 'NONE',  ( 0.2364431451933718120, 0.7048061632509106111, 0.5995666508490470337 ) ) ;
#224 = EDGE_CURVE ( 'NONE', #725, #769, #751, .T. ) ;
#225 = CARTESIAN_POINT ( 'NONE',  ( -0.03479347331650704811, -0.7046993507983797533, -0.1884747193510851460 ) ) ;
#226 = CARTESIAN_POINT ( 'NONE',  ( 0.1041805746994921289, 0.6056227738119416282, 0.4536299781938435416 ) ) ;
#227 = ORIENTED_EDGE ( 'NONE', *, *, #1122, .F. ) ;
#228 = DIRECTION ( 'NONE',  ( 7.905969699928886818E-05, 0.9999999968745995060, -6.045385757710045980E-07 ) ) ;
#229 = VECTOR ( 'NONE', #524, 1000.000000000000000 ) ;
#230 = VECTOR ( 'NONE', #720, 1000.000000000000114 ) ;
#231 = ORIENTED_EDGE ( 'NONE', *, *, #685, .T. ) ;
#232 = EDGE_CURVE ( 'NONE', #543, #74, #1193, .T. ) ;
#233 = VECTOR ( 'NONE', #765, 1000.000000000000114 ) ;
#234 = CARTESIAN_POINT ( 'NONE',  ( 0.1873001099897789179, -0.5895448599524275579, 0.4645947958311582027 ) ) ;
#235 = CARTESIAN_POINT ( 'NONE',  ( 0.3025748242974062863, 0.7048009349003745427, -0.8999995499989850156 ) ) ;
#236 = CALENDAR_DATE ( 2026, 29, 6 ) ;
#237 = VECTOR ( 'NONE', #860, 1000.000000000000114 ) ;
#238 = ADVANCED_FACE ( 'NONE', ( #85 ), #411, .F. ) ;
#239 = B_SPLINE_CURVE_WITH_KNOTS ( 'NONE', 3,
 ( #608, #1386, #1271, #1055 ),
 .UNSPECIFIED., .F., .F.,
 ( 4, 4 ),
 ( 0.000000000000000000, 1.000000000000000000 ),
 .UNSPECIFIED. ) ;
#240 = VERTEX_POINT ( 'NONE', #1392 ) ;
#241 = CARTESIAN_POINT ( 'NONE',  ( 0.1487217532614158733, -0.6055209652727306935, 0.4651056616707035518 ) ) ;
#242 = ORIENTED_EDGE ( 'NONE', *, *, #939, .T. ) ;
#243 = CARTESIAN_POINT ( 'NONE',  ( -0.1339866275268992990, -0.7046917948432129819, -0.5627427363298097562 ) ) ;
#244 = DIRECTION ( 'NONE',  ( -6.626247026013314819E-06, -0.08385164756558212418, 0.9964782492140157322 ) ) ;
#245 = COORDINATED_UNIVERSAL_TIME_OFFSET ( 8, 0, .AHEAD. ) ;
#246 = ORIENTED_EDGE ( 'NONE', *, *, #899, .F. ) ;
#247 = CARTESIAN_POINT ( 'NONE',  ( 0.01480312604379512183, -0.7047031038128597213, 0.08955161555036104948 ) ) ;
#248 = ADVANCED_FACE ( 'NONE', ( #419 ), #898, .F. ) ;
#249 = VERTEX_POINT ( 'NONE', #581 ) ;
#250 = FACE_OUTER_BOUND ( 'NONE', #702, .T. ) ;
#251 = PERSON_AND_ORGANIZATION ( #1300, #756 ) ;
#252 = ORIENTED_EDGE ( 'NONE', *, *, #1404, .T. ) ;
#253 = CARTESIAN_POINT ( 'NONE',  ( 0.4115758359695741442, -0.7047345587696470792, -0.05308023828779533798 ) ) ;
#254 = EDGE_CURVE ( 'NONE', #1161, #133, #1295, .T. ) ;
#255 = ORIENTED_EDGE ( 'NONE', *, *, #1258, .T. ) ;
#256 = EDGE_CURVE ( 'NONE', #1017, #846, #781, .T. ) ;
#257 = CARTESIAN_POINT ( 'NONE',  ( 0.1873001073274321859, -0.5895448598237641447, -0.4475704887490832840 ) ) ;
#258 = EDGE_CURVE ( 'NONE', #583, #746, #680, .T. ) ;
#259 = ORIENTED_EDGE ( 'NONE', *, *, #400, .F. ) ;
#260 = CARTESIAN_POINT ( 'NONE',  ( 0.3025510311719697976, 0.4042303942450584664, 0.8999995186383384915 ) ) ;
#261 = VERTEX_POINT ( 'NONE', #143 ) ;
#262 = EDGE_CURVE ( 'NONE', #543, #846, #1116, .T. ) ;
#263 = CARTESIAN_POINT ( 'NONE',  ( 0.1873227821244823621, -0.3027388405866894838, -0.4475704018181158594 ) ) ;
#264 = VERTEX_POINT ( 'NONE', #996 ) ;
#265 = DIRECTION ( 'NONE',  ( -6.599288411378033413E-06, -0.08385164756771365524, 0.9964782492140155101 ) ) ;
#266 = ORIENTED_EDGE ( 'NONE', *, *, #1088, .T. ) ;
#267 = DIRECTION ( 'NONE',  ( 0.9999999968747822487, -7.905969700285611016E-05, -3.049584257103905517E-09 ) ) ;
#268 = EDGE_CURVE ( 'NONE', #567, #777, #1315, .T. ) ;
#269 = DIRECTION ( 'NONE',  ( -7.905969699955196339E-05, -0.9999999968745995060, 6.045385761107106555E-07 ) ) ;
#270 = DIRECTION ( 'NONE',  ( -3.049584323645920084E-09, 2.410228142519304952E-13, -1.000000000000000000 ) ) ;
#271 = ORIENTED_EDGE ( 'NONE', *, *, #38, .T. ) ;
#272 = CARTESIAN_POINT ( 'NONE',  ( -0.3026150331689968498, -0.7046784631325160309, -0.5627427358155727699 ) ) ;
#273 = AXIS2_PLACEMENT_3D ( 'NONE', #1045, #1039, #919 ) ;
#274 = CIRCLE ( 'NONE', #618, 0.09919318009948013826 ) ;
#275 = CARTESIAN_POINT ( 'NONE',  ( 0.1576630005973887194, -0.4921329712842481552, 0.8359993687042613919 ) ) ;
#276 = VECTOR ( 'NONE', #444, 1000.000000000000000 ) ;
#277 = VERTEX_POINT ( 'NONE', #467 ) ;
#278 = CYLINDRICAL_SURFACE ( 'NONE', #530, 0.06943522606962559962 ) ;
#279 = VECTOR ( 'NONE', #617, 1000.000000000000114 ) ;
#280 = AXIS2_PLACEMENT_3D ( 'NONE', #655, #962, #1200 ) ;
#281 = ORIENTED_EDGE ( 'NONE', *, *, #807, .F. ) ;
#282 = CARTESIAN_POINT ( 'NONE',  ( 0.1933688808531226488, -0.4765467362235370485, 0.6880195149208552241 ) ) ;
#283 = CARTESIAN_POINT ( 'NONE',  ( -0.1338752146764462525, 0.7048354405083275820, 0.3544367988197808517 ) ) ;
#284 = ORIENTED_EDGE ( 'NONE', *, *, #1012, .F. ) ;
#285 = CARTESIAN_POINT ( 'NONE',  ( 0.2016494060269413136, 0.5647642430439370198, 0.4351070747364727542 ) ) ;
#286 = VERTEX_POINT ( 'NONE', #802 ) ;
#287 = CARTESIAN_POINT ( 'NONE',  ( 0.3024633788311121285, -0.7047263004485698756, -0.8999995499989850156 ) ) ;
#288 = ADVANCED_FACE ( 'NONE', ( #250 ), #675, .F. ) ;
#289 = CARTESIAN_POINT ( 'NONE',  ( 0.1926165010892621487, -0.4773281435084094082, 0.8445902752875208419 ) ) ;
#290 = DIRECTION ( 'NONE',  ( -7.905969700246491647E-05, -0.9999999968747822487, 6.063574835241420137E-17 ) ) ;
#291 = EDGE_CURVE ( 'NONE', #1093, #908, #1326, .T. ) ;
#292 = CARTESIAN_POINT ( 'NONE',  ( 0.1576630007906924258, -0.4921329956011545326, 0.8999991785466858740 ) ) ;
#293 = ORIENTED_EDGE ( 'NONE', *, *, #1174, .F. ) ;
#294 = CARTESIAN_POINT ( 'NONE',  ( 0.3025270330528259111, 0.1009555700663366945, -0.7364551587504376551 ) ) ;
#295 = ADVANCED_FACE ( 'NONE', ( #1013 ), #903, .F. ) ;
#296 = ORIENTED_EDGE ( 'NONE', *, *, #1373, .F. ) ;
#297 = CARTESIAN_POINT ( 'NONE',  ( -0.3025593045639885514, 8.480035340979380823E-05, -0.04959658835574021901 ) ) ;
#298 = VECTOR ( 'NONE', #91, 1000.000000000000000 ) ;
#299 = DIRECTION ( 'NONE',  ( -0.9999999968747821377, 7.905969700244820620E-05, 0.000000000000000000 ) ) ;
#300 = PLANE ( 'NONE',  #845 ) ;
#301 = VECTOR ( 'NONE', #1371, 1000.000000000000114 ) ;
#302 = ORIENTED_EDGE ( 'NONE', *, *, #646, .F. ) ;
#303 = DIRECTION ( 'NONE',  ( 0.7071067768211828364, -5.590364769825384602E-05, -0.7071067833420495718 ) ) ;
#304 = CC_DESIGN_APPROVAL ( #509, ( #778 ) ) ;
#305 = CARTESIAN_POINT ( 'NONE',  ( 0.1628551971559891454, -0.6041358080928856955, 0.4650619591675309583 ) ) ;
#306 = ADVANCED_FACE ( 'NONE', ( #16 ), #1337, .F. ) ;
#307 = FACE_OUTER_BOUND ( 'NONE', #954, .T. ) ;
#308 = CARTESIAN_POINT ( 'NONE',  ( 0.2002038359513182153, 0.5694875076662146984, 0.4286187642801297382 ) ) ;
#309 = ORIENTED_EDGE ( 'NONE', *, *, #495, .T. ) ;
#310 = LINE ( 'NONE', #180, #279 ) ;
#311 = ORIENTED_EDGE ( 'NONE', *, *, #351, .T. ) ;
#312 = CARTESIAN_POINT ( 'NONE',  ( 0.2015772521381484217, -0.4584623711648397881, 0.6832826993200188381 ) ) ;
#313 = EDGE_CURVE ( 'NONE', #825, #1334, #30, .T. ) ;
#314 = CARTESIAN_POINT ( 'NONE',  ( -0.1934525926284602348, -0.07263249456522684333, -0.7364551585840526382 ) ) ;
#315 = APPROVAL_ROLE ( '' ) ;
#316 = ORIENTED_EDGE ( 'NONE', *, *, #378, .F. ) ;
#317 = LINE ( 'NONE', #214, #578 ) ;
#318 = VERTEX_POINT ( 'NONE', #135 ) ;
#319 = DIRECTION ( 'NONE',  ( -0.9999999968747821377, 7.905969700255771062E-05, 3.049584405260980247E-09 ) ) ;
#320 = DIRECTION ( 'NONE',  ( -7.905969700285611016E-05, -0.9999999968747821377, 1.291272996791880221E-15 ) ) ;
#321 = PERSON_AND_ORGANIZATION_ROLE ( 'design_owner' ) ;
#322 = ORIENTED_EDGE ( 'NONE', *, *, #361, .T. ) ;
#323 = DIRECTION ( 'NONE',  ( 0.000000000000000000, 0.000000000000000000, -1.000000000000000000 ) ) ;
#324 = EDGE_LOOP ( 'NONE', ( #456, #879, #596, #103 ) ) ;
#325 = AXIS2_PLACEMENT_3D ( 'NONE', #1130, #368, #568 ) ;
#326 = CYLINDRICAL_SURFACE ( 'NONE', #344, 0.2101075873891971590 ) ;
#327 = FACE_OUTER_BOUND ( 'NONE', #155, .T. ) ;
#328 = ORIENTED_EDGE ( 'NONE', *, *, #198, .T. ) ;
#329 = CARTESIAN_POINT ( 'NONE',  ( -0.1339866436404051342, -0.7046913405387259521, 0.08955161600413129308 ) ) ;
#330 = EDGE_CURVE ( 'NONE', #93, #889, #1237, .T. ) ;
#331 = EDGE_LOOP ( 'NONE', ( #1379, #882 ) ) ;
#332 = DIRECTION ( 'NONE',  ( -8.293440952548291395E-07, -0.01154714406140203500, 0.9999333295091915597 ) ) ;
#333 = CARTESIAN_POINT ( 'NONE',  ( -0.1211920214987872862, -0.6054996259714148232, -0.1397590463390965543 ) ) ;
#334 = PERSON_AND_ORGANIZATION ( #1300, #756 ) ;
#335 = ORIENTED_EDGE ( 'NONE', *, *, #661, .T. ) ;
#336 = CARTESIAN_POINT ( 'NONE',  ( 0.2033794761523838590, 0.7048079483893970876, 0.5995665748823251207 ) ) ;
#337 = ORIENTED_EDGE ( 'NONE', *, *, #31, .T. ) ;
#338 = DIRECTION ( 'NONE',  ( -0.7905694007527128697, 6.213197470597672974E-05, -0.6123724509913179848 ) ) ;
#339 = DIRECTION ( 'NONE',  ( 3.049587270209651046E-09, -2.398081733192032474E-13, 1.000000000000000000 ) ) ;
#340 = VERTEX_POINT ( 'NONE', #366 ) ;
#341 = DIRECTION ( 'NONE',  ( -3.049584394358690143E-09, 2.410935382062149981E-13, -1.000000000000000000 ) ) ;
#342 = AXIS2_PLACEMENT_3D ( 'NONE', #461, #472, #892 ) ;
#343 = ORIENTED_EDGE ( 'NONE', *, *, #850, .T. ) ;
#344 = AXIS2_PLACEMENT_3D ( 'NONE', #533, #951, #209 ) ;
#345 = AXIS2_PLACEMENT_3D ( 'NONE', #715, #1150, #1270 ) ;
#346 = B_SPLINE_CURVE_WITH_KNOTS ( 'NONE', 3,
 ( #534, #9, #660, #1075 ),
 .UNSPECIFIED., .F., .F.,
 ( 4, 4 ),
 ( 0.000000000000000000, 1.000000000000000000 ),
 .UNSPECIFIED. ) ;
#347 = VECTOR ( 'NONE', #826, 999.9999999999998863 ) ;
#348 = DIRECTION ( 'NONE',  ( -0.9999999968748521928, 7.905876722407970570E-05, 8.356445309441310655E-08 ) ) ;
#349 = CIRCLE ( 'NONE', #1234, 0.1091124981094117180 ) ;
#350 = DIRECTION ( 'NONE',  ( 7.905969700212988444E-05, 0.9999999968747821377, 0.000000000000000000 ) ) ;
#351 = EDGE_CURVE ( 'NONE', #1310, #105, #477, .T. ) ;
#352 = SECURITY_CLASSIFICATION_LEVEL ( 'unclassified' ) ;
#353 = SECURITY_CLASSIFICATION ( '', '', #352 ) ;
#354 = ORIENTED_EDGE ( 'NONE', *, *, #1012, .T. ) ;
#355 = LINE ( 'NONE', #804, #1277 ) ;
#356 = ORIENTED_EDGE ( 'NONE', *, *, #1373, .T. ) ;
#357 = CARTESIAN_POINT ( 'NONE',  ( 0.1933688964243547581, -0.4765467760529010222, 0.8450225902241896847 ) ) ;
#358 = CARTESIAN_POINT ( 'NONE',  ( -0.1008107843883209592, 0.7048328264444780888, -0.8999995487688315920 ) ) ;
#359 = PERSON_AND_ORGANIZATION_ROLE ( 'creator' ) ;
#360 = EDGE_CURVE ( 'NONE', #136, #543, #274, .T. ) ;
#361 = EDGE_CURVE ( 'NONE', #1330, #837, #1103, .T. ) ;
#362 = ORIENTED_EDGE ( 'NONE', *, *, #1043, .T. ) ;
#363 = FACE_OUTER_BOUND ( 'NONE', #51, .T. ) ;
#364 = ORIENTED_EDGE ( 'NONE', *, *, #291, .T. ) ;
#365 = EDGE_CURVE ( 'NONE', #1330, #1145, #572, .T. ) ;
#366 = CARTESIAN_POINT ( 'NONE',  ( -0.1211979977003268677, -0.7046924902303013383, -0.1397556769017160860 ) ) ;
#367 = ORIENTED_EDGE ( 'NONE', *, *, #224, .F. ) ;
#368 = DIRECTION ( 'NONE',  ( -3.019554677025801945E-09, 3.798362352787039022E-07, -0.9999999999999278355 ) ) ;
#369 = VERTEX_POINT ( 'NONE', #445 ) ;
#370 = AXIS2_PLACEMENT_3D ( 'NONE', #1285, #1199, #202 ) ;
#371 = ADVANCED_FACE ( 'NONE', ( #1376 ), #490, .F. ) ;
#372 = AXIS2_PLACEMENT_3D ( 'NONE', #58, #924, #1255 ) ;
#373 = AXIS2_PLACEMENT_3D ( 'NONE', #416, #742, #303 ) ;
#374 = DIRECTION ( 'NONE',  ( -3.049584394358690143E-09, 2.410935382062149981E-13, -1.000000000000000000 ) ) ;
#375 = ORIENTED_EDGE ( 'NONE', *, *, #408, .F. ) ;
#376 = DIRECTION ( 'NONE',  ( 0.9999999968756427826, -7.904880718658897833E-05, -2.918711983413774425E-08 ) ) ;
#377 = ORIENTED_EDGE ( 'NONE', *, *, #562, .F. ) ;
#378 = EDGE_CURVE ( 'NONE', #340, #136, #1358, .T. ) ;
#379 = DIRECTION ( 'NONE',  ( 7.905969700414480642E-05, 0.9999999968747822487, 5.988168392600560763E-16 ) ) ;
#380 = DIRECTION ( 'NONE',  ( 7.905969692250800135E-05, 0.9999999968747821377, 3.423586392521150013E-14 ) ) ;
#381 = ORIENTED_EDGE ( 'NONE', *, *, #1029, .T. ) ;
#382 = CARTESIAN_POINT ( 'NONE',  ( -0.1339517330690692398, -0.2630220874941091580, 0.4581923703009236348 ) ) ;
#383 = DIRECTION ( 'NONE',  ( -3.049584266634520475E-09, -2.512115354164744916E-21, -1.000000000000000000 ) ) ;
#384 = CARTESIAN_POINT ( 'NONE',  ( 0.3115133147012786874, 0.8337743644574269197, 0.3544367974626692064 ) ) ;
#385 = LINE ( 'NONE', #816, #985 ) ;
#386 = ORIENTED_EDGE ( 'NONE', *, *, #957, .T. ) ;
#387 = CARTESIAN_POINT ( 'NONE',  ( -0.1235981231868367308, -0.7046920640901009891, 0.2512648828704804882 ) ) ;
#388 = VECTOR ( 'NONE', #90, 1000.000000000000000 ) ;
#389 = DIRECTION ( 'NONE',  ( -0.8710826422960882276, 6.916444090851522756E-05, 0.4911364632225400095 ) ) ;
#390 = EDGE_CURVE ( 'NONE', #1005, #1022, #50, .T. ) ;
#391 = FACE_OUTER_BOUND ( 'NONE', #88, .T. ) ;
#392 = CARTESIAN_POINT ( 'NONE',  ( 0.1873933338561448170, 0.5896370395944363629, -0.1968021363240201604 ) ) ;
#393 = CIRCLE ( 'NONE', #869, 0.4418363517173091171 ) ;
#394 = VERTEX_POINT ( 'NONE', #1352 ) ;
#395 = CARTESIAN_POINT ( 'NONE',  ( 0.2033694386578013824, 0.5510586827451846581, -0.4089933082041627421 ) ) ;
#396 = CC_DESIGN_SECURITY_CLASSIFICATION ( #353, ( #556 ) ) ;
#397 = LINE ( 'NONE', #156, #230 ) ;
#398 = DIRECTION ( 'NONE',  ( 0.7071067768211828364, -5.590364769934687088E-05, -0.7071067833420495718 ) ) ;
#399 = FACE_OUTER_BOUND ( 'NONE', #1148, .T. ) ;
#400 = EDGE_CURVE ( 'NONE', #929, #1203, #182, .T. ) ;
#401 = ORIENTED_EDGE ( 'NONE', *, *, #727, .T. ) ;
#402 = CARTESIAN_POINT ( 'NONE',  ( 0.4116873217858402212, 0.7047923084993642506, 0.3544367988197812958 ) ) ;
#403 = PLANE ( 'NONE',  #372 ) ;
#404 = DIRECTION ( 'NONE',  ( 7.905969699349811727E-05, 0.9999999968747822487, 8.066842498830312836E-15 ) ) ;
#405 = CARTESIAN_POINT ( 'NONE',  ( -0.1288269848523407590, -0.4944104579810147948, 0.8345950423478460944 ) ) ;
#406 = VERTEX_POINT ( 'NONE', #69 ) ;
#407 = LINE ( 'NONE', #1153, #1389 ) ;
#408 = EDGE_CURVE ( 'NONE', #1017, #616, #1132, .T. ) ;
#409 = PLANE ( 'NONE',  #1004 ) ;
#410 = VECTOR ( 'NONE', #439, 1000.000000000000000 ) ;
#411 = CYLINDRICAL_SURFACE ( 'NONE', #935, 0.1091124981094117180 ) ;
#412 = CARTESIAN_POINT ( 'NONE',  ( 0.1576629984986257504, -0.4921329212130437503, 0.7041811393470536196 ) ) ;
#413 = CIRCLE ( 'NONE', #914, 0.04959659004973260982 ) ;
#414 = CIRCLE ( 'NONE', #910, 0.09919318009946516412 ) ;
#415 = ORIENTED_EDGE ( 'NONE', *, *, #423, .T. ) ;
#416 = CARTESIAN_POINT ( 'NONE',  ( 0.1041884169348872707, 0.7048166192696786458, 0.4536299781938435416 ) ) ;
#417 = ADVANCED_FACE ( 'NONE', ( #918 ), #161, .F. ) ;
#418 = PLANE ( 'NONE',  #552 ) ;
#419 = FACE_OUTER_BOUND ( 'NONE', #723, .T. ) ;
#420 = COORDINATED_UNIVERSAL_TIME_OFFSET ( 8, 0, .AHEAD. ) ;
#421 = ORIENTED_EDGE ( 'NONE', *, *, #198, .F. ) ;
#422 = DIRECTION ( 'NONE',  ( -0.7905694007527128697, 6.213197470597672974E-05, -0.6123724509913179848 ) ) ;
#423 = EDGE_CURVE ( 'NONE', #767, #769, #1074, .T. ) ;
#424 = VERTEX_POINT ( 'NONE', #1156 ) ;
#425 = DIRECTION ( 'NONE',  ( -7.905969700285611016E-05, -0.9999999968747821377, 1.291272996791880221E-15 ) ) ;
#426 = FACE_OUTER_BOUND ( 'NONE', #1289, .T. ) ;
#427 = APPLICATION_PROTOCOL_DEFINITION ( 'international standard', 'config_control_design', 1994, #956 ) ;
#428 = VERTEX_POINT ( 'NONE', #501 ) ;
#429 = DIRECTION ( 'NONE',  ( -6.814008800580190011E-05, -0.8619010285730978049, 0.5070765349546006995 ) ) ;
#430 = ORIENTED_EDGE ( 'NONE', *, *, #150, .T. ) ;
#431 = LINE ( 'NONE', #959, #388 ) ;
#432 = CARTESIAN_POINT ( 'NONE',  ( 0.1487456885336362333, -0.3027357906933543230, -0.4635495570924920150 ) ) ;
#433 = ADVANCED_FACE ( 'NONE', ( #599 ), #403, .T. ) ;
#434 = VERTEX_POINT ( 'NONE', #834 ) ;
#435 = LINE ( 'NONE', #854, #643 ) ;
#436 = ORIENTED_EDGE ( 'NONE', *, *, #63, .T. ) ;
#437 = AXIS2_PLACEMENT_3D ( 'NONE', #518, #932, #709 ) ;
#438 = FACE_OUTER_BOUND ( 'NONE', #1024, .T. ) ;
#439 = DIRECTION ( 'NONE',  ( 3.020481663396058917E-09, -3.799528824899308809E-07, 0.9999999999999278355 ) ) ;
#440 = DATE_AND_TIME ( #10, #76 ) ;
#441 = VERTEX_POINT ( 'NONE', #606 ) ;
#442 = CARTESIAN_POINT ( 'NONE',  ( 0.2033578513825040068, 0.4042382364278213069, 0.8999995189408382945 ) ) ;
#443 = VERTEX_POINT ( 'NONE', #1246 ) ;
#444 = DIRECTION ( 'NONE',  ( -3.019545452971949282E-09, 3.799528899324508817E-07, -0.9999999999999278355 ) ) ;
#445 = CARTESIAN_POINT ( 'NONE',  ( 0.3025704830685204683, 0.7047999768998713943, 0.5995668027824888613 ) ) ;
#446 = DATE_AND_TIME ( #1180, #600 ) ;
#447 = VERTEX_POINT ( 'NONE', #283 ) ;
#448 = CARTESIAN_POINT ( 'NONE',  ( -0.1322557282961213942, -0.4944377151905634538, 0.8345781187127970790 ) ) ;
#449 = ORIENTED_EDGE ( 'NONE', *, *, #181, .F. ) ;
#450 = EDGE_CURVE ( 'NONE', #424, #93, #749, .T. ) ;
#451 = CARTESIAN_POINT ( 'NONE',  ( 0.1572687390809847097, -0.4425379726425484606, 0.8999991973916482424 ) ) ;
#452 = CARTESIAN_POINT ( 'NONE',  ( 0.4115758332524743213, -0.7047350707648276646, -0.8999995503317391732 ) ) ;
#453 = VERTEX_POINT ( 'NONE', #937 ) ;
#454 = CARTESIAN_POINT ( 'NONE',  ( 0.2033694386578013824, 0.5510586827451846581, -0.4089933082041627421 ) ) ;
#455 = AXIS2_PLACEMENT_3D ( 'NONE', #217, #1058, #1186 ) ;
#456 = ORIENTED_EDGE ( 'NONE', *, *, #1043, .F. ) ;
#457 = AXIS2_PLACEMENT_3D ( 'NONE', #451, #897, #1037 ) ;
#458 = CIRCLE ( 'NONE', #6, 0.04959659004973260982 ) ;
#459 = CARTESIAN_POINT ( 'NONE',  ( 0.1922337069174686330, -0.5846120432147631218, 0.4644352627059168404 ) ) ;
#460 = ADVANCED_FACE ( 'NONE', ( #930 ), #713, .T. ) ;
#461 = CARTESIAN_POINT ( 'NONE',  ( 0.1487260660106396459, -0.5509647163884890952, 0.3171220632249595051 ) ) ;
#462 = AXIS2_PLACEMENT_3D ( 'NONE', #1406, #123, #535 ) ;
#463 = ORIENTED_EDGE ( 'NONE', *, *, #719, .F. ) ;
#464 = CYLINDRICAL_SURFACE ( 'NONE', #33, 0.09919318009946516412 ) ;
#465 = ORIENTED_EDGE ( 'NONE', *, *, #1340, .T. ) ;
#466 = CC_DESIGN_DATE_AND_TIME_ASSIGNMENT ( #1020, #144, ( #353 ) ) ;
#467 = CARTESIAN_POINT ( 'NONE',  ( -0.08612504041861913928, -0.6055023983563273537, -0.1036010376864302390 ) ) ;
#468 = EDGE_CURVE ( 'NONE', #825, #964, #1149, .T. ) ;
#469 = EDGE_LOOP ( 'NONE', ( #915, #343, #666, #625, #449, #591, #1086, #377, #1098, #1355, #1078 ) ) ;
#470 = CARTESIAN_POINT ( 'NONE',  ( 0.1976689492265810699, -0.5791776573416315133, -0.4372024665734694504 ) ) ;
#471 = ORIENTED_EDGE ( 'NONE', *, *, #858, .T. ) ;
#472 = DIRECTION ( 'NONE',  ( -3.049584323645920084E-09, 2.410228142519304952E-13, -1.000000000000000000 ) ) ;
#473 = EDGE_LOOP ( 'NONE', ( #1230, #499, #367, #1184 ) ) ;
#474 = CARTESIAN_POINT ( 'NONE',  ( 0.1487217528101269504, -0.6055209652727009395, 0.3171220632249595051 ) ) ;
#475 = EDGE_CURVE ( 'NONE', #900, #825, #1127, .T. ) ;
#476 = ORIENTED_EDGE ( 'NONE', *, *, #400, .T. ) ;
#477 = B_SPLINE_CURVE_WITH_KNOTS ( 'NONE', 3,
 ( #235, #1333, #358, #787 ),
 .UNSPECIFIED., .F., .F.,
 ( 4, 4 ),
 ( 0.000000000000000000, 1.000000000000000000 ),
 .UNSPECIFIED. ) ;
#478 = CIRCLE ( 'NONE', #49, 0.09919318009948013826 ) ;
#479 = VECTOR ( 'NONE', #612, 1000.000000000000000 ) ;
#480 = VECTOR ( 'NONE', #89, 1000.000000000000114 ) ;
#481 = DIRECTION ( 'NONE',  ( 0.9999999968747821377, -7.905969700343499281E-05, -3.049584309614920229E-09 ) ) ;
#482 = PERSON_AND_ORGANIZATION_ROLE ( 'design_supplier' ) ;
#483 = CIRCLE ( 'NONE', #145, 0.1487897701491977254 ) ;
#484 = LINE ( 'NONE', #1377, #1233 ) ;
#485 = PRODUCT ( '003617', '003617', '', ( #1076 ) ) ;
#486 = CARTESIAN_POINT ( 'NONE',  ( 0.2032823126805048397, -0.5509690295888349798, -0.4089933082041627421 ) ) ;
#487 = VERTEX_POINT ( 'NONE', #1370 ) ;
#488 = CARTESIAN_POINT ( 'NONE',  ( 0.1873933330913945539, 0.5896370395944887655, -0.4475704018181086985 ) ) ;
#489 = MANIFOLD_SOLID_BREP ( 'NONE', #730 ) ;
#490 = CYLINDRICAL_SURFACE ( 'NONE', #183, 0.06447556706465232268 ) ;
#491 = FACE_OUTER_BOUND ( 'NONE', #911, .T. ) ;
#492 = CARTESIAN_POINT ( 'NONE',  ( 0.1743285867976593628, 0.7048110740090842707, 0.3834898076842422343 ) ) ;
#493 = ORIENTED_EDGE ( 'NONE', *, *, #1217, .T. ) ;
#494 = DIRECTION ( 'NONE',  ( 7.905969699928886818E-05, 0.9999999968745995060, -6.045385757710045980E-07 ) ) ;
#495 = EDGE_CURVE ( 'NONE', #545, #972, #397, .T. ) ;
#496 = CARTESIAN_POINT ( 'NONE',  ( 0.1487217504294001680, -0.6055209652725119795, -0.4635495570924920150 ) ) ;
#497 = CARTESIAN_POINT ( 'NONE',  ( 0.8580487735986594977, 0.6055631732203713424, -0.5627427393548254386 ) ) ;
#498 = LINE ( 'NONE', #926, #963 ) ;
#499 = ORIENTED_EDGE ( 'NONE', *, *, #899, .T. ) ;
#500 = CARTESIAN_POINT ( 'NONE',  ( 0.1926165010892621487, -0.4773281435084094082, 0.8445902752875208419 ) ) ;
#501 = CARTESIAN_POINT ( 'NONE',  ( -0.09678920722643931385, -0.7046941942638867973, 0.2336166930253731622 ) ) ;
#502 = ADVANCED_FACE ( 'NONE', ( #595 ), #827, .F. ) ;
#503 = AXIS2_PLACEMENT_3D ( 'NONE', #515, #94, #712 ) ;
#504 = CARTESIAN_POINT ( 'NONE',  ( 0.1926165010892621487, -0.4773281435084094082, 0.8445902752875208419 ) ) ;
#505 = PLANE ( 'NONE',  #437 ) ;
#506 = VECTOR ( 'NONE', #159, 1000.000000000000114 ) ;
#507 = ORIENTED_EDGE ( 'NONE', *, *, #594, .T. ) ;
#508 = FACE_OUTER_BOUND ( 'NONE', #992, .T. ) ;
#509 = APPROVAL ( #1286, '未' ) ;
#510 = CARTESIAN_POINT ( 'NONE',  ( -0.1211989307353009138, -0.7046924901575362110, -0.1397573317012373861 ) ) ;
#511 = CARTESIAN_POINT ( 'NONE',  ( -0.08438221961745445698, -0.6055025361432125885, 0.2816383254000280334 ) ) ;
#512 = CARTESIAN_POINT ( 'NONE',  ( 0.2033698056247071340, 0.5556672915746329044, 0.4474157145986099038 ) ) ;
#513 = EDGE_CURVE ( 'NONE', #179, #1220, #1163, .T. ) ;
#514 = ORIENTED_EDGE ( 'NONE', *, *, #1029, .F. ) ;
#515 = CARTESIAN_POINT ( 'NONE',  ( 0.1041656560603025083, 0.4169218337813785369, 0.4536299781938435416 ) ) ;
#516 = FACE_BOUND ( 'NONE', #1402, .T. ) ;
#517 = DIRECTION ( 'NONE',  ( 0.4911364616876539024, -3.882909996849655157E-05, 0.8710826450419228983 ) ) ;
#518 = CARTESIAN_POINT ( 'NONE',  ( -0.1339866275269095686, -0.7046917948432129819, -0.5627427363298591612 ) ) ;
#519 = ORIENTED_EDGE ( 'NONE', *, *, #1112, .F. ) ;
#520 = DIRECTION ( 'NONE',  ( 3.049584394358690143E-09, -2.410935382062149981E-13, 1.000000000000000000 ) ) ;
#521 = ADVANCED_FACE ( 'NONE', ( #190 ), #418, .F. ) ;
#522 = CARTESIAN_POINT ( 'NONE',  ( 0.1558224596140159179, -0.6055215266524266449, 0.4651056616490432671 ) ) ;
#523 = AXIS2_PLACEMENT_3D ( 'NONE', #384, #184, #622 ) ;
#524 = DIRECTION ( 'NONE',  ( 3.097399660684950433E-09, 6.045383310084661138E-07, 0.9999999999998172573 ) ) ;
#525 = ADVANCED_FACE ( 'NONE', ( #1298 ), #326, .F. ) ;
#526 = COORDINATED_UNIVERSAL_TIME_OFFSET ( 8, 0, .AHEAD. ) ;
#527 = AXIS2_PLACEMENT_3D ( 'NONE', #1212, #111, #529 ) ;
#528 = EDGE_LOOP ( 'NONE', ( #362, #966, #153, #656, #1223, #231, #855, #149 ) ) ;
#529 = DIRECTION ( 'NONE',  ( 0.000000000000000000, 3.857318605091488649E-05, -0.9999999992560545392 ) ) ;
#530 = AXIS2_PLACEMENT_3D ( 'NONE', #1265, #722, #829 ) ;
#531 = ORIENTED_EDGE ( 'NONE', *, *, #330, .T. ) ;
#532 = APPROVAL_PERSON_ORGANIZATION ( #251, #944, #590 ) ;
#533 = CARTESIAN_POINT ( 'NONE',  ( -0.1948782560611662940, -0.7046865345525529234, 0.07617566689162143245 ) ) ;
#534 = CARTESIAN_POINT ( 'NONE',  ( 0.1873933356750512313, 0.5896370395942943654, 0.3996418952714555495 ) ) ;
#535 = DIRECTION ( 'NONE',  ( -7.863627151134802902E-05, -0.9999999969081684315, 0.000000000000000000 ) ) ;
#536 = EDGE_LOOP ( 'NONE', ( #902, #711 ) ) ;
#537 = CARTESIAN_POINT ( 'NONE',  ( -0.1339700132956418155, -0.4944513431059286979, 0.8345696557628055068 ) ) ;
#538 = ORIENTED_EDGE ( 'NONE', *, *, #1147, .T. ) ;
#539 = CARTESIAN_POINT ( 'NONE',  ( 0.1952765884563370524, -0.4733726875006870616, 0.6872731090684545130 ) ) ;
#540 = EDGE_CURVE ( 'NONE', #249, #487, #876, .T. ) ;
#541 = LINE ( 'NONE', #115, #229 ) ;
#542 = PLANE ( 'NONE',  #462 ) ;
#543 = VERTEX_POINT ( 'NONE', #743 ) ;
#544 = CARTESIAN_POINT ( 'NONE',  ( 0.3024979078830679069, -0.2681585411044011824, 0.8999992632408169158 ) ) ;
#545 = VERTEX_POINT ( 'NONE', #1178 ) ;
#546 = CC_DESIGN_PERSON_AND_ORGANIZATION_ASSIGNMENT ( #1316, #359, ( #556 ) ) ;
#547 = CARTESIAN_POINT ( 'NONE',  ( 0.1759955732295657438, -0.5987475253673637532, 0.4648906200979489034 ) ) ;
#548 = CARTESIAN_POINT ( 'NONE',  ( -0.1339866666399204542, -0.7046912244130516534, 0.2816383855170370709 ) ) ;
#549 = DIRECTION ( 'NONE',  ( 1.000000000000000000, 0.000000000000000000, 0.000000000000000000 ) ) ;
#550 = ORIENTED_EDGE ( 'NONE', *, *, #850, .F. ) ;
#551 = DIRECTION ( 'NONE',  ( 0.9999999968747822487, -7.905969700251870645E-05, -3.049584403888595794E-09 ) ) ;
#552 = AXIS2_PLACEMENT_3D ( 'NONE', #865, #759, #1278 ) ;
#553 = CIRCLE ( 'NONE', #1097, 0.3004329751166671114 ) ;
#554 = AXIS2_PLACEMENT_3D ( 'NONE', #1143, #290, #79 ) ;
#555 = ORIENTED_EDGE ( 'NONE', *, *, #78, .F. ) ;
#556 = PRODUCT_DEFINITION_FORMATION_WITH_SPECIFIED_SOURCE ( '�', '', #485, .NOT_KNOWN. ) ;
#557 = CARTESIAN_POINT ( 'NONE',  ( 0.2032823153406682071, -0.5509690295890429246, 0.4633101098228359360 ) ) ;
#558 = DIRECTION ( 'NONE',  ( -3.020481891872759074E-09, 3.799528827148038876E-07, -0.9999999999999278355 ) ) ;
#559 = CARTESIAN_POINT ( 'NONE',  ( 0.000000000000000000, 0.000000000000000000, 0.000000000000000000 ) ) ;
#560 = EDGE_LOOP ( 'NONE', ( #316, #430, #758, #887 ) ) ;
#561 = CARTESIAN_POINT ( 'NONE',  ( -0.3026150341974912505, -0.7046784631324258807, -0.8999995481537540476 ) ) ;
#562 = EDGE_CURVE ( 'NONE', #434, #441, #642, .T. ) ;
#563 = ORIENTED_EDGE ( 'NONE', *, *, #258, .T. ) ;
#564 = CARTESIAN_POINT ( 'NONE',  ( -0.1339787856466354010, -0.6054986150537172707, -0.6619359164292850650 ) ) ;
#565 = CARTESIAN_POINT ( 'NONE',  ( 0.1769312654282904629, -0.5999120623059049917, -0.4579385109247052776 ) ) ;
#566 = PERSON_AND_ORGANIZATION_ROLE ( 'classification_officer' ) ;
#567 = VERTEX_POINT ( 'NONE', #1383 ) ;
#568 = DIRECTION ( 'NONE',  ( -1.000000000000000000, 0.000000000000000000, 3.019554677026019907E-09 ) ) ;
#569 = ADVANCED_FACE ( 'NONE', ( #653, #114 ), #737, .T. ) ;
#570 = ORIENTED_EDGE ( 'NONE', *, *, #313, .F. ) ;
#571 = EDGE_CURVE ( 'NONE', #1310, #908, #1397, .T. ) ;
#572 =( BOUNDED_CURVE ( )  B_SPLINE_CURVE ( 3, ( #257, #565, #1025, #496 ),
 .UNSPECIFIED., .F., .F. ) 
 B_SPLINE_CURVE_WITH_KNOTS ( ( 4, 4 ),
 ( 2.356198337031684797, 3.141596500429129968 ),
 .UNSPECIFIED. ) 
 CURVE ( )  GEOMETRIC_REPRESENTATION_ITEM ( )  RATIONAL_B_SPLINE_CURVE ( ( 1.000000000000000000, 0.9492530216741910110, 0.9492530216741910110, 1.000000000000000000 ) ) 
 REPRESENTATION_ITEM ( '' )  );
#573 = CARTESIAN_POINT ( 'NONE',  ( -0.1339700132956418155, -0.4944513431059286979, 0.8345696557628055068 ) ) ;
#574 = DIRECTION ( 'NONE',  ( -7.905969700285611016E-05, -0.9999999968747821377, -1.887425428496199997E-15 ) ) ;
#575 = ORIENTED_EDGE ( 'NONE', *, *, #562, .T. ) ;
#576 = DIRECTION ( 'NONE',  ( -0.9999999968747821377, 7.905969700159151030E-05, 0.000000000000000000 ) ) ;
#577 = ORIENTED_EDGE ( 'NONE', *, *, #258, .F. ) ;
#578 = VECTOR ( 'NONE', #126, 1000.000000000000000 ) ;
#579 = CARTESIAN_POINT ( 'NONE',  ( -0.08439006175511441776, -0.7046951455056134073, 0.2816383853657872249 ) ) ;
#580 = CIRCLE ( 'NONE', #870, 0.3596846516501758795 ) ;
#581 = CARTESIAN_POINT ( 'NONE',  ( 0.3024633397471137575, -0.7047256306348175237, 0.4460341716892753383 ) ) ;
#582 = APPROVAL_STATUS ( 'not_yet_approved' ) ;
#583 = VERTEX_POINT ( 'NONE', #84 ) ;
#584 =( BOUNDED_CURVE ( )  B_SPLINE_CURVE ( 3, ( #118, #872, #448, #537 ),
 .UNSPECIFIED., .F., .F. ) 
 B_SPLINE_CURVE_WITH_KNOTS ( ( 4, 4 ),
 ( 2.121979743582581790, 2.122089448232930220 ),
 .UNSPECIFIED. ) 
 CURVE ( )  GEOMETRIC_REPRESENTATION_ITEM ( )  RATIONAL_B_SPLINE_CURVE ( ( 1.000000000000000000, 0.9999999989970740355, 0.9999999989970740355, 1.000000000000000000 ) ) 
 REPRESENTATION_ITEM ( '' )  );
#585 = FACE_OUTER_BOUND ( 'NONE', #970, .T. ) ;
#586 = ORIENTED_EDGE ( 'NONE', *, *, #814, .F. ) ;
#587 = DESIGN_CONTEXT ( 'detailed design', #956, 'design' ) ;
#588 = DIRECTION ( 'NONE',  ( 7.905969700209159855E-05, 0.9999999968747821377, 0.000000000000000000 ) ) ;
#589 = EDGE_CURVE ( 'NONE', #736, #1005, #757, .T. ) ;
#590 = APPROVAL_ROLE ( '' ) ;
#591 = ORIENTED_EDGE ( 'NONE', *, *, #27, .T. ) ;
#592 = DIRECTION ( 'NONE',  ( -7.905969700244813844E-05, -0.9999999968745993950, 6.045385742003994730E-07 ) ) ;
#593 = EDGE_LOOP ( 'NONE', ( #1201, #803, #1113, #1400 ) ) ;
#594 = EDGE_CURVE ( 'NONE', #264, #725, #980, .T. ) ;
#595 = FACE_OUTER_BOUND ( 'NONE', #46, .T. ) ;
#596 = ORIENTED_EDGE ( 'NONE', *, *, #1225, .F. ) ;
#597 = CARTESIAN_POINT ( 'NONE',  ( 0.1488131904206852485, 0.5510629959456492255, -0.1968021362063760160 ) ) ;
#598 = ORIENTED_EDGE ( 'NONE', *, *, #232, .F. ) ;
#599 = FACE_OUTER_BOUND ( 'NONE', #469, .T. ) ;
#600 = LOCAL_TIME ( 8, 17, 56.00000000000000000, #526 ) ;
#601 = LINE ( 'NONE', #940, #301 ) ;
#602 = CARTESIAN_POINT ( 'NONE',  ( 0.1873001073274321859, -0.5895448598237641447, -0.4475704887490832840 ) ) ;
#603 = ORIENTED_EDGE ( 'NONE', *, *, #738, .F. ) ;
#604 = DIRECTION ( 'NONE',  ( 0.9999999968747822487, -7.905969700282790735E-05, -3.049584420520290786E-09 ) ) ;
#605 = ADVANCED_FACE ( 'NONE', ( #516, #438 ), #409, .T. ) ;
#606 = CARTESIAN_POINT ( 'NONE',  ( -0.09678136508647856850, -0.6055015558705193479, 0.2336166330595972895 ) ) ;
#607 = DIRECTION ( 'NONE',  ( -0.7905694007527128697, 6.213197470597672974E-05, -0.6123724509913179848 ) ) ;
#608 = CARTESIAN_POINT ( 'NONE',  ( 0.1743202442766789428, 0.5992892813590023904, 0.3834898076842420123 ) ) ;
#609 = ORIENTED_EDGE ( 'NONE', *, *, #423, .F. ) ;
#610 = CARTESIAN_POINT ( 'NONE',  ( 0.1488175028077370898, 0.6056192448299204667, -0.4635495570924920150 ) ) ;
#611 = EDGE_CURVE ( 'NONE', #447, #583, #633, .T. ) ;
#612 = DIRECTION ( 'NONE',  ( 3.049584394451580044E-09, -2.399185153011140111E-13, 1.000000000000000000 ) ) ;
#613 = DIRECTION ( 'NONE',  ( 0.6123724490775619422, -4.841398042887255391E-05, -0.7905694031942012145 ) ) ;
#614 = DIRECTION ( 'NONE',  ( 0.000000000000000000, 3.799768941788814481E-07, -0.9999999999999278355 ) ) ;
#615 = EDGE_CURVE ( 'NONE', #240, #105, #431, .T. ) ;
#616 = VERTEX_POINT ( 'NONE', #1391 ) ;
#617 = DIRECTION ( 'NONE',  ( -0.9999999968747821377, 7.905969700244819265E-05, 3.049587279638190263E-09 ) ) ;
#618 = AXIS2_PLACEMENT_3D ( 'NONE', #1208, #1110, #793 ) ;
#619 = VECTOR ( 'NONE', #1162, 1000.000000000000114 ) ;
#620 = DIRECTION ( 'NONE',  ( 7.905969699475645586E-05, 0.9999999968745993950, -6.045385698636596045E-07 ) ) ;
#621 = VECTOR ( 'NONE', #206, 999.9999999999998863 ) ;
#622 = DIRECTION ( 'NONE',  ( -1.000000000000000000, 0.000000000000000000, 3.047097862960040111E-09 ) ) ;
#623 = DIRECTION ( 'NONE',  ( -3.049584394451580044E-09, 2.399185153011140111E-13, -1.000000000000000000 ) ) ;
#624 = VECTOR ( 'NONE', #1046, 1000.000000000000114 ) ;
#625 = ORIENTED_EDGE ( 'NONE', *, *, #360, .F. ) ;
#626 = CARTESIAN_POINT ( 'NONE',  ( -0.09678920722643931385, -0.7046941942638957901, 0.2336166930253731622 ) ) ;
#627 = CARTESIAN_POINT ( 'NONE',  ( 0.3025508734816547696, 0.4025115892082363200, -0.8999995499989850156 ) ) ;
#628 = EDGE_CURVE ( 'NONE', #1022, #286, #1284, .T. ) ;
#629 = FACE_OUTER_BOUND ( 'NONE', #1031, .T. ) ;
#630 = CARTESIAN_POINT ( 'NONE',  ( 0.2027943205630624857, 0.5596910581926359818, 0.4420082058987434559 ) ) ;
#631 = VERTEX_POINT ( 'NONE', #140 ) ;
#632 = CARTESIAN_POINT ( 'NONE',  ( 0.1926164996427115750, -0.4773282349664546009, 0.6887181725545140631 ) ) ;
#633 = LINE ( 'NONE', #1403, #1137 ) ;
#634 = DIRECTION ( 'NONE',  ( 7.905969699463266708E-05, 0.9999999968745995060, -6.045385700832627428E-07 ) ) ;
#635 = ORIENTED_EDGE ( 'NONE', *, *, #150, .F. ) ;
#636 = CARTESIAN_POINT ( 'NONE',  ( -0.3025650549839384862, -0.07262386816698687686, -0.7364551584176900478 ) ) ;
#637 = CARTESIAN_POINT ( 'NONE',  ( 0.1487217532614158733, -0.6055209652727306935, 0.4651056616707035518 ) ) ;
#638 = AXIS2_PLACEMENT_3D ( 'NONE', #925, #269, #1034 ) ;
#639 = APPLICATION_CONTEXT ( 'configuration controlled 3d designs of mechanical parts and assemblies' ) ;
#640 = DIRECTION ( 'NONE',  ( -0.8710826422960882276, 6.916444090851522756E-05, 0.4911364632225400095 ) ) ;
#641 = DATE_AND_TIME ( #1194, #938 ) ;
#642 = CIRCLE ( 'NONE', #1117, 0.04959659004973799440 ) ;
#643 = VECTOR ( 'NONE', #1183, 1000.000000000000114 ) ;
#644 = VERTEX_POINT ( 'NONE', #703 ) ;
#645 = PLANE ( 'NONE',  #527 ) ;
#646 = EDGE_CURVE ( 'NONE', #261, #927, #728, .T. ) ;
#647 = EDGE_LOOP ( 'NONE', ( #1273, #531, #799, #41 ) ) ;
#648 = CARTESIAN_POINT ( 'NONE',  ( 0.3025190572409767187, 3.722850236774263025E-05, 0.1691384643103435725 ) ) ;
#649 = CARTESIAN_POINT ( 'NONE',  ( -0.1934388658945077055, 0.1009947809801534785, -0.7364551572379476330 ) ) ;
#650 = ORIENTED_EDGE ( 'NONE', *, *, #157, .T. ) ;
#651 = ORIENTED_EDGE ( 'NONE', *, *, #1122, .T. ) ;
#652 = EDGE_CURVE ( 'NONE', #487, #676, #1297, .T. ) ;
#653 = FACE_BOUND ( 'NONE', #1197, .T. ) ;
#654 = CARTESIAN_POINT ( 'NONE',  ( 0.1572687390809847097, -0.4425379726425484606, 0.8999991973916482424 ) ) ;
#655 = CARTESIAN_POINT ( 'NONE',  ( 0.3025510247431121846, 0.4043670023827362070, 0.5995665745798210988 ) ) ;
#656 = ORIENTED_EDGE ( 'NONE', *, *, #881, .F. ) ;
#657 = FACE_OUTER_BOUND ( 'NONE', #158, .T. ) ;
#658 = ORIENTED_EDGE ( 'NONE', *, *, #207, .F. ) ;
#659 = FACE_OUTER_BOUND ( 'NONE', #695, .T. ) ;
#660 = CARTESIAN_POINT ( 'NONE',  ( 0.1789719309852043916, 0.5968289878948760396, 0.3881416888599250048 ) ) ;
#661 = EDGE_CURVE ( 'NONE', #113, #487, #922, .T. ) ;
#662 = CARTESIAN_POINT ( 'NONE',  ( 0.1743058259230784446, 0.4169162885207840508, 0.3834898076842420678 ) ) ;
#663 = ORIENTED_EDGE ( 'NONE', *, *, #1225, .T. ) ;
#664 = CARTESIAN_POINT ( 'NONE',  ( -0.2696480030210473555, -0.2630113593880879508, 0.4581923707147409486 ) ) ;
#665 = CIRCLE ( 'NONE', #53, 0.06447556706465232268 ) ;
#666 = ORIENTED_EDGE ( 'NONE', *, *, #262, .F. ) ;
#667 = LINE ( 'NONE', #1102, #1207 ) ;
#668 = CARTESIAN_POINT ( 'NONE',  ( 0.3025184066517862536, -0.008156927702074696571, -0.7364551587504376551 ) ) ;
#669 = EDGE_CURVE ( 'NONE', #125, #447, #1245, .T. ) ;
#670 = VERTEX_POINT ( 'NONE', #272 ) ;
#671 = CARTESIAN_POINT ( 'NONE',  ( -0.08439006175511441776, -0.7046951455056134073, 0.2816383853657872249 ) ) ;
#672 = ORIENTED_EDGE ( 'NONE', *, *, #790, .T. ) ;
#673 = LINE ( 'NONE', #1010, #1051 ) ;
#674 = ADVANCED_FACE ( 'NONE', ( #659 ), #1094, .F. ) ;
#675 = PLANE ( 'NONE',  #958 ) ;
#676 = VERTEX_POINT ( 'NONE', #573 ) ;
#677 = DIRECTION ( 'NONE',  ( 3.049584394358690143E-09, -2.410935382062149981E-13, 1.000000000000000000 ) ) ;
#678 = ORIENTED_EDGE ( 'NONE', *, *, #873, .F. ) ;
#679 = DIRECTION ( 'NONE',  ( 7.905969700209159855E-05, 0.9999999968747821377, 0.000000000000000000 ) ) ;
#680 = LINE ( 'NONE', #990, #893 ) ;
#681 = ORIENTED_EDGE ( 'NONE', *, *, #1174, .T. ) ;
#682 = CARTESIAN_POINT ( 'NONE',  ( 0.1487307128038770077, -0.4922039298699860121, 0.7051226015813349957 ) ) ;
#683 = ORIENTED_EDGE ( 'NONE', *, *, #611, .F. ) ;
#684 = AXIS2_PLACEMENT_3D ( 'NONE', #187, #68, #1282 ) ;
#685 = EDGE_CURVE ( 'NONE', #264, #394, #95, .T. ) ;
#686 = VECTOR ( 'NONE', #592, 1000.000000000000114 ) ;
#687 = AXIS2_PLACEMENT_3D ( 'NONE', #559, #878, #549 ) ;
#688 = DIRECTION ( 'NONE',  ( -7.905969700285611016E-05, -0.9999999968747821377, -3.423586368018310513E-14 ) ) ;
#689 = APPROVAL_DATE_TIME ( #1014, #944 ) ;
#690 = ORIENTED_EDGE ( 'NONE', *, *, #1313, .T. ) ;
#691 = LINE ( 'NONE', #247, #686 ) ;
#692 = ORIENTED_EDGE ( 'NONE', *, *, #313, .T. ) ;
#693 = B_SPLINE_CURVE_WITH_KNOTS ( 'NONE', 3,
 ( #412, #1372, #165, #172 ),
 .UNSPECIFIED., .F., .F.,
 ( 4, 4 ),
 ( 0.000000000000000000, 1.000000000000000000 ),
 .UNSPECIFIED. ) ;
#694 = DIRECTION ( 'NONE',  ( -0.9999999968747821377, 7.905969700244819265E-05, 3.049584383629790743E-09 ) ) ;
#695 = EDGE_LOOP ( 'NONE', ( #1266, #335, #48, #1, #663, #1091 ) ) ;
#696 = CARTESIAN_POINT ( 'NONE',  ( 0.2033694412884385627, 0.5510586827449749370, 0.4536299778913447378 ) ) ;
#697 = ORIENTED_EDGE ( 'NONE', *, *, #923, .T. ) ;
#698 = CARTESIAN_POINT ( 'NONE',  ( 0.2032900318907700787, -0.4533801281876708722, 0.8571693761142767931 ) ) ;
#699 = ADVANCED_FACE ( 'NONE', ( #780 ), #62, .F. ) ;
#700 = FACE_OUTER_BOUND ( 'NONE', #1363, .T. ) ;
#701 = FACE_OUTER_BOUND ( 'NONE', #1124, .T. ) ;
#702 = EDGE_LOOP ( 'NONE', ( #999, #11, #848, #18 ) ) ;
#703 = CARTESIAN_POINT ( 'NONE',  ( -0.3025548601463460829, 0.05632726555930961387, -0.7364551584176844967 ) ) ;
#704 = VECTOR ( 'NONE', #128, 1000.000000000000000 ) ;
#705 = CIRCLE ( 'NONE', #98, 0.1487897701492254809 ) ;
#706 = CARTESIAN_POINT ( 'NONE',  ( 0.1705465568999034454, -0.4920305518991950344, 0.8360620895156299914 ) ) ;
#707 = AXIS2_PLACEMENT_3D ( 'NONE', #185, #109, #975 ) ;
#708 = DIRECTION ( 'NONE',  ( -0.9999999968747821377, 7.905969700224299384E-05, 3.049584309614920229E-09 ) ) ;
#709 = DIRECTION ( 'NONE',  ( -9.028608942418330473E-05, -0.9999999959242110714, 0.000000000000000000 ) ) ;
#710 = EDGE_CURVE ( 'NONE', #428, #853, #413, .T. ) ;
#711 = ORIENTED_EDGE ( 'NONE', *, *, #63, .F. ) ;
#712 = DIRECTION ( 'NONE',  ( 0.7071067768211828364, -5.590364769934687088E-05, -0.7071067833420495718 ) ) ;
#713 = CYLINDRICAL_SURFACE ( 'NONE', #1343, 0.09919318009946516412 ) ;
#714 = CC_DESIGN_PERSON_AND_ORGANIZATION_ASSIGNMENT ( #1003, #482, ( #556 ) ) ;
#715 = CARTESIAN_POINT ( 'NONE',  ( 0.2033258774515108724, 4.507068513199117323E-05, 0.1691384646128420433 ) ) ;
#716 = CARTESIAN_POINT ( 'NONE',  ( 0.1487307128038770077, -0.4922039298699860121, 0.7051226015813349957 ) ) ;
#717 = ORIENTED_EDGE ( 'NONE', *, *, #832, .T. ) ;
#718 = CARTESIAN_POINT ( 'NONE',  ( 0.1926164996427115750, -0.4773282349664546009, 0.6887181725545140631 ) ) ;
#719 = EDGE_CURVE ( 'NONE', #676, #318, #22, .T. ) ;
#720 = DIRECTION ( 'NONE',  ( 0.9999999968747821377, -7.905969700343499281E-05, -3.049584309614920229E-09 ) ) ;
#721 = PLANE ( 'NONE',  #523 ) ;
#722 = DIRECTION ( 'NONE',  ( 3.019546221185559193E-09, -3.799528828772793653E-07, 0.9999999999999278355 ) ) ;
#723 = EDGE_LOOP ( 'NONE', ( #193, #1121, #34, #748 ) ) ;
#724 = CARTESIAN_POINT ( 'NONE',  ( -0.1339787850416463144, -0.6054986150537666756, -0.4635495562303738049 ) ) ;
#725 = VERTEX_POINT ( 'NONE', #1109 ) ;
#726 = VECTOR ( 'NONE', #1229, 1000.000000000000114 ) ;
#727 = EDGE_CURVE ( 'NONE', #964, #369, #839, .T. ) ;
#728 = CIRCLE ( 'NONE', #1185, 0.1091124981094117180 ) ;
#729 = CARTESIAN_POINT ( 'NONE',  ( 0.1873001099897789179, -0.5895448599524275579, 0.4645947958311582027 ) ) ;
#730 = CLOSED_SHELL ( 'NONE', ( #45, #1173, #699, #106, #1128, #57, #248, #238, #371, #1190, #674, #502, #1292, #1323, #525, #1236, #112, #1021, #1155, #569, #288, #521, #1061, #605, #20, #1357, #87, #1398, #433, #295, #417, #967, #139, #306, #166, #5, #116, #886, #124, #460, #13 ) ) ;
#731 = CIRCLE ( 'NONE', #891, 0.04959659004973799440 ) ;
#732 = FACE_OUTER_BOUND ( 'NONE', #61, .T. ) ;
#733 = CARTESIAN_POINT ( 'NONE',  ( 0.1387946034343927326, -0.7047133008786384822, -0.5627427371617328422 ) ) ;
#734 = ORIENTED_EDGE ( 'NONE', *, *, #224, .T. ) ;
#735 = CARTESIAN_POINT ( 'NONE',  ( 0.1928701853793004795, -0.4770703935635947635, 0.8447332238272846627 ) ) ;
#736 = VERTEX_POINT ( 'NONE', #1001 ) ;
#737 = PLANE ( 'NONE',  #820 ) ;
#738 = EDGE_CURVE ( 'NONE', #394, #736, #1263, .T. ) ;
#739 = DIRECTION ( 'NONE',  ( -0.9999999968747822487, 7.905969700228701244E-05, 3.049584605674390705E-09 ) ) ;
#740 = LINE ( 'NONE', #662, #237 ) ;
#741 = ORIENTED_EDGE ( 'NONE', *, *, #175, .T. ) ;
#742 = DIRECTION ( 'NONE',  ( 7.905969700196161627E-05, 0.9999999968747822487, -6.940271672317912128E-16 ) ) ;
#743 = CARTESIAN_POINT ( 'NONE',  ( -0.1339787842027799769, -0.6054986150538350653, -0.1884747790145132884 ) ) ;
#744 = CARTESIAN_POINT ( 'NONE',  ( 0.1487260660106396459, -0.5509647163884890952, 0.3171220632249595051 ) ) ;
#745 = EDGE_CURVE ( 'NONE', #113, #286, #667, .T. ) ;
#746 = VERTEX_POINT ( 'NONE', #243 ) ;
#747 = CARTESIAN_POINT ( 'NONE',  ( -0.1288269848523407590, -0.4944104579810147948, 0.8345950423478460944 ) ) ;
#748 = ORIENTED_EDGE ( 'NONE', *, *, #1209, .T. ) ;
#749 = B_SPLINE_CURVE_WITH_KNOTS ( 'NONE', 3,
 ( #275, #706, #1142, #289 ),
 .UNSPECIFIED., .F., .F.,
 ( 4, 4 ),
 ( 0.000000000000000000, 1.000000000000000000 ),
 .UNSPECIFIED. ) ;
#750 = CARTESIAN_POINT ( 'NONE',  ( 0.1969221561951841892, -0.4700594990917499882, 0.6864269572170824674 ) ) ;
#751 = LINE ( 'NONE', #1187, #410 ) ;
#752 =( NAMED_UNIT ( * ) SI_UNIT ( $, .STERADIAN. ) SOLID_ANGLE_UNIT ( ) );
#753 = ORIENTED_EDGE ( 'NONE', *, *, #1332, .F. ) ;
#754 = DIRECTION ( 'NONE',  ( 7.905969700482685090E-05, 0.9999999968744934797, 7.596842307341840999E-07 ) ) ;
#755 = EDGE_CURVE ( 'NONE', #133, #875, #673, .T. ) ;
#756 = ORGANIZATION ( '未', '未', '' ) ;
#757 = B_SPLINE_CURVE_WITH_KNOTS ( 'NONE', 3,
 ( #729, #201, #849, #1087, #547, #305, #522, #637 ),
 .UNSPECIFIED., .F., .F.,
 ( 4, 2, 2, 4 ),
 ( -0.1294391210601619768, -0.1290594047442759906, -0.1075780618100179997, -0.08610215097669439432 ),
 .UNSPECIFIED. ) ;
#758 = ORIENTED_EDGE ( 'NONE', *, *, #78, .T. ) ;
#759 = DIRECTION ( 'NONE',  ( -7.905969700244820620E-05, -0.9999999968747821377, 1.180703657419980088E-15 ) ) ;
#760 = LINE ( 'NONE', #432, #1026 ) ;
#761 = ADVANCED_BREP_SHAPE_REPRESENTATION ( '003617', ( #489, #687 ), #1213 ) ;
#762 = VERTEX_POINT ( 'NONE', #786 ) ;
#763 = CARTESIAN_POINT ( 'NONE',  ( 0.3025097802507465405, -0.1172694254704860911, -0.7364551587504376551 ) ) ;
#764 = ORIENTED_EDGE ( 'NONE', *, *, #1154, .F. ) ;
#765 = DIRECTION ( 'NONE',  ( 7.905969700285611016E-05, 0.9999999968747821377, 1.887425428496250090E-15 ) ) ;
#766 = DIRECTION ( 'NONE',  ( -7.905969700099815356E-05, -0.9999999968745993950, 6.045385742003994730E-07 ) ) ;
#767 = VERTEX_POINT ( 'NONE', #1331 ) ;
#768 = DIRECTION ( 'NONE',  ( -0.9999999968747822487, 7.905969700285690976E-05, 3.049584341456195662E-09 ) ) ;
#769 = VERTEX_POINT ( 'NONE', #357 ) ;
#770 = B_SPLINE_CURVE_WITH_KNOTS ( 'NONE', 3,
 ( #282, #943, #82, #632 ),
 .UNSPECIFIED., .F., .F.,
 ( 4, 4 ),
 ( 0.000000000000000000, 0.03253173635162835003 ),
 .UNSPECIFIED. ) ;
#771 = CARTESIAN_POINT ( 'NONE',  ( 0.2017184803831252593, -0.5657766879261493242, 0.4638134604052441823 ) ) ;
#772 = EDGE_CURVE ( 'NONE', #837, #616, #819, .T. ) ;
#773 = DIRECTION ( 'NONE',  ( -0.9999999968747822487, 7.905969700224300739E-05, 3.049584403888850565E-09 ) ) ;
#774 = VECTOR ( 'NONE', #37, 1000.000000000000114 ) ;
#775 = ORIENTED_EDGE ( 'NONE', *, *, #923, .F. ) ;
#776 = CARTESIAN_POINT ( 'NONE',  ( 0.2033152779311876435, -0.1340529529199304126, 0.8999993144784672605 ) ) ;
#777 = VERTEX_POINT ( 'NONE', #56 ) ;
#778 = PRODUCT_DEFINITION ( '�', '', #556, #587 ) ;
#779 = VECTOR ( 'NONE', #677, 1000.000000000000000 ) ;
#780 = FACE_OUTER_BOUND ( 'NONE', #647, .T. ) ;
#781 = LINE ( 'NONE', #1344, #774 ) ;
#782 = EDGE_CURVE ( 'NONE', #1017, #125, #407, .T. ) ;
#783 = ORIENTED_EDGE ( 'NONE', *, *, #1088, .F. ) ;
#784 = LINE ( 'NONE', #1239, #54 ) ;
#785 = ORIENTED_EDGE ( 'NONE', *, *, #905, .F. ) ;
#786 = CARTESIAN_POINT ( 'NONE',  ( 0.1743202442766789428, 0.5992892813590023904, 0.3834898076842420123 ) ) ;
#787 = CARTESIAN_POINT ( 'NONE',  ( -0.3025035887311900984, 0.7048487722165220903, -0.8999995481537497177 ) ) ;
#788 = ORIENTED_EDGE ( 'NONE', *, *, #468, .T. ) ;
#789 = CYLINDRICAL_SURFACE ( 'NONE', #1390, 0.05455624905470656677 ) ;
#790 = EDGE_CURVE ( 'NONE', #447, #567, #1362, .T. ) ;
#791 = ORIENTED_EDGE ( 'NONE', *, *, #540, .F. ) ;
#792 = B_SPLINE_CURVE_WITH_KNOTS ( 'NONE', 3,
 ( #696, #512, #630, #285, #60, #836, #308, #86, #947, #1257 ),
 .UNSPECIFIED., .F., .F.,
 ( 4, 2, 2, 2, 4 ),
 ( 0.000000000000000000, 0.2499999999999981126, 0.3749999999999971134, 0.4999999999999961142, 1.000000000000000000 ),
 .UNSPECIFIED. ) ;
#793 = DIRECTION ( 'NONE',  ( 0.4911364616876539024, -3.882909996849655157E-05, 0.8710826450419228983 ) ) ;
#794 = EDGE_CURVE ( 'NONE', #1334, #567, #4, .T. ) ;
#795 = ORIENTED_EDGE ( 'NONE', *, *, #1332, .T. ) ;
#796 = DIRECTION ( 'NONE',  ( 7.905969699463266708E-05, 0.9999999968745995060, -6.045385700832627428E-07 ) ) ;
#797 = VECTOR ( 'NONE', #1241, 1000.000000000000114 ) ;
#798 = AXIS2_PLACEMENT_3D ( 'NONE', #989, #604, #890 ) ;
#799 = ORIENTED_EDGE ( 'NONE', *, *, #916, .T. ) ;
#800 = AXIS2_PLACEMENT_3D ( 'NONE', #1085, #19, #429 ) ;
#801 = AXIS2_PLACEMENT_3D ( 'NONE', #253, #1023, #576 ) ;
#802 = CARTESIAN_POINT ( 'NONE',  ( -0.1339787827691305555, -0.6054986150539440892, 0.2816383255512778239 ) ) ;
#803 = ORIENTED_EDGE ( 'NONE', *, *, #1346, .T. ) ;
#804 = CARTESIAN_POINT ( 'NONE',  ( -0.3025871653139741713, -0.3522968313898314219, -0.5627427358156025239 ) ) ;
#805 = EDGE_LOOP ( 'NONE', ( #1070, #302, #988, #1387 ) ) ;
#806 = UNCERTAINTY_MEASURE_WITH_UNIT (LENGTH_MEASURE( 1.000000000000000082E-05 ), #1090, 'distance_accuracy_value', 'NONE');
#807 = EDGE_CURVE ( 'NONE', #441, #428, #1369, .T. ) ;
#808 = CARTESIAN_POINT ( 'NONE',  ( 0.1487501329766569014, -0.2465544435843718407, 0.4423881764608400546 ) ) ;
#809 = CYLINDRICAL_SURFACE ( 'NONE', #163, 0.05455624905470658759 ) ;
#810 = DIRECTION ( 'NONE',  ( 0.7071626826245539510, 0.7070508753288157200, -2.156382146490885824E-09 ) ) ;
#811 = ORIENTED_EDGE ( 'NONE', *, *, #669, .T. ) ;
#812 = CARTESIAN_POINT ( 'NONE',  ( 0.3025184066517862536, -0.008156927702074696571, -0.7364551587504376551 ) ) ;
#813 = CARTESIAN_POINT ( 'NONE',  ( 0.8580487739011589676, 0.6055631732203424766, -0.4635495592553598443 ) ) ;
#814 = EDGE_CURVE ( 'NONE', #1182, #837, #142, .T. ) ;
#815 = DIRECTION ( 'NONE',  ( 7.905969699349811727E-05, 0.9999999968747822487, 8.066842498830312836E-15 ) ) ;
#816 = CARTESIAN_POINT ( 'NONE',  ( -0.3025274876458116102, 0.4025592937897209955, -0.8999995481537450548 ) ) ;
#817 = ORIENTED_EDGE ( 'NONE', *, *, #755, .T. ) ;
#818 = VECTOR ( 'NONE', #694, 1000.000000000000114 ) ;
#819 =( BOUNDED_CURVE ( )  B_SPLINE_CURVE ( 3, ( #488, #1063, #838, #610 ),
 .UNSPECIFIED., .F., .F. ) 
 B_SPLINE_CURVE_WITH_KNOTS ( ( 4, 4 ),
 ( 2.356194490192375035, 3.141592653589745154 ),
 .UNSPECIFIED. ) 
 CURVE ( )  GEOMETRIC_REPRESENTATION_ITEM ( )  RATIONAL_B_SPLINE_CURVE ( ( 1.000000000000000000, 0.9492530216742010030, 0.9492530216742010030, 1.000000000000000000 ) ) 
 REPRESENTATION_ITEM ( '' )  );
#820 = AXIS2_PLACEMENT_3D ( 'NONE', #297, #1081, #981 ) ;
#821 = DIRECTION ( 'NONE',  ( -0.9999999968747822487, 7.905969700224300739E-05, 3.049584309614920643E-09 ) ) ;
#822 = AXIS2_PLACEMENT_3D ( 'NONE', #1119, #796, #1348 ) ;
#823 = PLANE ( 'NONE',  #119 ) ;
#824 = LINE ( 'NONE', #292, #1141 ) ;
#825 = VERTEX_POINT ( 'NONE', #847 ) ;
#826 = DIRECTION ( 'NONE',  ( 7.905969700400880681E-05, 0.9999999968747100842, 3.798359953665550125E-07 ) ) ;
#827 = CYLINDRICAL_SURFACE ( 'NONE', #1095, 0.1487897701491977254 ) ;
#828 = FACE_OUTER_BOUND ( 'NONE', #1336, .T. ) ;
#829 = DIRECTION ( 'NONE',  ( 0.8571021324939070984, -0.5151465174825097249, -1.983194639968475084E-07 ) ) ;
#830 = ORIENTED_EDGE ( 'NONE', *, *, #1381, .F. ) ;
#831 = CARTESIAN_POINT ( 'NONE',  ( 0.2033019375842163301, -0.3027401038938881683, -0.4089933082041627421 ) ) ;
#832 = EDGE_CURVE ( 'NONE', #875, #644, #1007, .T. ) ;
#833 = ORIENTED_EDGE ( 'NONE', *, *, #256, .F. ) ;
#834 = CARTESIAN_POINT ( 'NONE',  ( -0.1235932508370183036, -0.6054994361309555817, 0.2512686568860306724 ) ) ;
#835 = CARTESIAN_POINT ( 'NONE',  ( -0.08439006175511441776, -0.7046951455056134073, 0.2816383853657872249 ) ) ;
#836 = CARTESIAN_POINT ( 'NONE',  ( 0.2003371538615327796, 0.5690564136506334192, 0.4292143868136037432 ) ) ;
#837 = VERTEX_POINT ( 'NONE', #1057 ) ;
#838 = CARTESIAN_POINT ( 'NONE',  ( 0.1634801003823705967, 0.6056180856093940079, -0.4635495571372073020 ) ) ;
#839 = B_SPLINE_CURVE_WITH_KNOTS ( 'NONE', 3,
 ( #1115, #223, #121, #883 ),
 .UNSPECIFIED., .F., .F.,
 ( 4, 4 ),
 ( 0.000000000000000000, 1.000000000000000000 ),
 .UNSPECIFIED. ) ;
#840 = VECTOR ( 'NONE', #101, 1000.000000000000000 ) ;
#841 = VECTOR ( 'NONE', #574, 1000.000000000000114 ) ;
#842 = DIRECTION ( 'NONE',  ( -7.905969700277281633E-05, -0.9999999968747822487, 4.247191778975205954E-16 ) ) ;
#843 = CARTESIAN_POINT ( 'NONE',  ( 0.3025184066517862536, -0.008156927702074696571, -0.7364551587504376551 ) ) ;
#844 = FACE_OUTER_BOUND ( 'NONE', #994, .T. ) ;
#845 = AXIS2_PLACEMENT_3D ( 'NONE', #1367, #1135, #614 ) ;
#846 = VERTEX_POINT ( 'NONE', #724 ) ;
#847 = CARTESIAN_POINT ( 'NONE',  ( 0.2033815967243530198, 0.7048087770869158053, 0.4536299778913456260 ) ) ;
#848 = ORIENTED_EDGE ( 'NONE', *, *, #1346, .F. ) ;
#849 = CARTESIAN_POINT ( 'NONE',  ( 0.1871223270977809550, -0.5897220026000156157, 0.4646005242742621832 ) ) ;
#850 = EDGE_CURVE ( 'NONE', #1145, #846, #310, .T. ) ;
#851 = DIRECTION ( 'NONE',  ( -0.9999999968747822487, 7.905969700224300739E-05, 3.049584403888850565E-09 ) ) ;
#852 = APPROVAL_DATE_TIME ( #641, #509 ) ;
#853 = VERTEX_POINT ( 'NONE', #387 ) ;
#854 = CARTESIAN_POINT ( 'NONE',  ( -0.1235996082301094867, -0.7046920639715349433, 0.2512667999562208099 ) ) ;
#855 = ORIENTED_EDGE ( 'NONE', *, *, #738, .T. ) ;
#856 = CARTESIAN_POINT ( 'NONE',  ( 0.2032910272761152548, -0.4407829057051443344, 0.6777184161934303175 ) ) ;
#857 = EDGE_CURVE ( 'NONE', #972, #1203, #1170, .T. ) ;
#858 = EDGE_CURVE ( 'NONE', #644, #875, #917, .T. ) ;
#859 = DIRECTION ( 'NONE',  ( 7.905969700212988444E-05, 0.9999999968747821377, 0.000000000000000000 ) ) ;
#860 = DIRECTION ( 'NONE',  ( 7.905969700414479287E-05, 0.9999999968747821377, 5.988168392600560763E-16 ) ) ;
#861 = ORIENTED_EDGE ( 'NONE', *, *, #1018, .T. ) ;
#862 = CARTESIAN_POINT ( 'NONE',  ( -0.2695952362825176363, 0.4044122360929134352, 0.5995665763246289526 ) ) ;
#863 = B_SPLINE_CURVE_WITH_KNOTS ( 'NONE', 3,
 ( #40, #1354, #132, #682 ),
 .UNSPECIFIED., .F., .F.,
 ( 4, 4 ),
 ( 0.000000000000000000, 1.000000000000000000 ),
 .UNSPECIFIED. ) ;
#864 = ORIENTED_EDGE ( 'NONE', *, *, #782, .T. ) ;
#865 = CARTESIAN_POINT ( 'NONE',  ( 0.4116873217858402212, 0.7047923084993643617, 0.4707273546417223287 ) ) ;
#866 = AXIS2_PLACEMENT_3D ( 'NONE', #668, #1002, #588 ) ;
#867 = CARTESIAN_POINT ( 'NONE',  ( 0.2033694393048884608, 0.5510586827451351422, -0.1968021363727428252 ) ) ;
#868 = PERSON_AND_ORGANIZATION ( #1300, #756 ) ;
#869 = AXIS2_PLACEMENT_3D ( 'NONE', #1092, #768, #1105 ) ;
#870 = AXIS2_PLACEMENT_3D ( 'NONE', #154, #376, #265 ) ;
#871 = VERTEX_POINT ( 'NONE', #1146 ) ;
#872 = CARTESIAN_POINT ( 'NONE',  ( -0.1305413854799644946, -0.4944240868155787560, 0.8345865809078188979 ) ) ;
#873 = EDGE_CURVE ( 'NONE', #261, #179, #200, .T. ) ;
#874 = APPROVAL_PERSON_ORGANIZATION ( #1309, #1262, #315 ) ;
#875 = VERTEX_POINT ( 'NONE', #636 ) ;
#876 = LINE ( 'NONE', #1172, #141 ) ;
#877 = CYLINDRICAL_SURFACE ( 'NONE', #1272, 0.05455624905470665004 ) ;
#878 = DIRECTION ( 'NONE',  ( 0.000000000000000000, 0.000000000000000000, 1.000000000000000000 ) ) ;
#879 = ORIENTED_EDGE ( 'NONE', *, *, #390, .T. ) ;
#880 = CARTESIAN_POINT ( 'NONE',  ( 0.01415128994320054290, -0.4932738349408111733, 0.8353007129347280735 ) ) ;
#881 = EDGE_CURVE ( 'NONE', #725, #889, #770, .T. ) ;
#882 = ORIENTED_EDGE ( 'NONE', *, *, #129, .T. ) ;
#883 = CARTESIAN_POINT ( 'NONE',  ( 0.3025704830685204683, 0.7047999768998713943, 0.5995668027824888613 ) ) ;
#884 = DIRECTION ( 'NONE',  ( 0.7071067768211828364, -5.590364769825384602E-05, -0.7071067833420495718 ) ) ;
#885 = APPROVAL_DATE_TIME ( #446, #1262 ) ;
#886 = ADVANCED_FACE ( 'NONE', ( #508 ), #1068, .F. ) ;
#887 = ORIENTED_EDGE ( 'NONE', *, *, #181, .T. ) ;
#888 = LINE ( 'NONE', #52, #506 ) ;
#889 = VERTEX_POINT ( 'NONE', #174 ) ;
#890 = DIRECTION ( 'NONE',  ( -6.814008800565599360E-05, -0.8619010285730979160, 0.5070765349546005885 ) ) ;
#891 = AXIS2_PLACEMENT_3D ( 'NONE', #511, #946, #613 ) ;
#892 = DIRECTION ( 'NONE',  ( 0.7070508753288151649, -0.7071626826245543951, -2.156382146490882515E-09 ) ) ;
#893 = VECTOR ( 'NONE', #688, 1000.000000000000114 ) ;
#894 = ORIENTED_EDGE ( 'NONE', *, *, #256, .T. ) ;
#895 = CARTESIAN_POINT ( 'NONE',  ( 0.2032811534152580701, -0.5656316271634692638, -0.4236559622294923111 ) ) ;
#896 = ORIENTED_EDGE ( 'NONE', *, *, #475, .F. ) ;
#897 = DIRECTION ( 'NONE',  ( -3.020481891872759074E-09, 3.799528827148038876E-07, -0.9999999999999278355 ) ) ;
#898 = CYLINDRICAL_SURFACE ( 'NONE', #342, 0.05455624905470665004 ) ;
#899 = EDGE_CURVE ( 'NONE', #93, #769, #29, .T. ) ;
#900 = VERTEX_POINT ( 'NONE', #1042 ) ;
#901 = DIRECTION ( 'NONE',  ( -3.049584394358690143E-09, 2.410935382062149981E-13, -1.000000000000000000 ) ) ;
#902 = ORIENTED_EDGE ( 'NONE', *, *, #513, .F. ) ;
#903 = CYLINDRICAL_SURFACE ( 'NONE', #1250, 0.3596846516501769897 ) ;
#904 = COORDINATED_UNIVERSAL_TIME_OFFSET ( 8, 0, .AHEAD. ) ;
#905 = EDGE_CURVE ( 'NONE', #443, #1182, #949, .T. ) ;
#906 = ORIENTED_EDGE ( 'NONE', *, *, #1011, .T. ) ;
#907 = DIRECTION ( 'NONE',  ( 7.905969700172175009E-05, 0.9999999968745995060, -6.045385744769846353E-07 ) ) ;
#908 = VERTEX_POINT ( 'NONE', #287 ) ;
#909 = DIRECTION ( 'NONE',  ( -0.9999999968747822487, 7.905969700244870764E-05, 3.049584377775750830E-09 ) ) ;
#910 = AXIS2_PLACEMENT_3D ( 'NONE', #225, #634, #640 ) ;
#911 = EDGE_LOOP ( 'NONE', ( #337, #354, #906, #1394 ) ) ;
#912 = PLANE ( 'NONE',  #801 ) ;
#913 = VECTOR ( 'NONE', #1044, 1000.000000000000114 ) ;
#914 = AXIS2_PLACEMENT_3D ( 'NONE', #579, #494, #338 ) ;
#915 = ORIENTED_EDGE ( 'NONE', *, *, #1209, .F. ) ;
#916 = EDGE_CURVE ( 'NONE', #889, #1396, #977, .T. ) ;
#917 = CIRCLE ( 'NONE', #1120, 0.06447556706465232268 ) ;
#918 = FACE_OUTER_BOUND ( 'NONE', #528, .T. ) ;
#919 = DIRECTION ( 'NONE',  ( 7.905969700283683847E-05, 0.9999999968747821377, 0.000000000000000000 ) ) ;
#920 = DIRECTION ( 'NONE',  ( 0.2898115435934880413, -2.349100693223823332E-05, -0.9570837312629091320 ) ) ;
#921 = ORIENTED_EDGE ( 'NONE', *, *, #794, .T. ) ;
#922 = LINE ( 'NONE', #134, #73 ) ;
#923 = EDGE_CURVE ( 'NONE', #394, #443, #1048, .T. ) ;
#924 = DIRECTION ( 'NONE',  ( 7.905969700244820620E-05, 0.9999999968747821377, -5.680748647214702583E-18 ) ) ;
#925 = CARTESIAN_POINT ( 'NONE',  ( -0.08439006175511441776, -0.7046951455056134073, 0.2816383853657872249 ) ) ;
#926 = CARTESIAN_POINT ( 'NONE',  ( -0.1339866528724832362, -0.7046914267644508456, -0.05308023662405788462 ) ) ;
#927 = VERTEX_POINT ( 'NONE', #763 ) ;
#928 = DIRECTION ( 'NONE',  ( -0.9999999968747821377, 7.905969700228701244E-05, 3.049584605674390292E-09 ) ) ;
#929 = VERTEX_POINT ( 'NONE', #442 ) ;
#930 = FACE_OUTER_BOUND ( 'NONE', #560, .T. ) ;
#931 = CYLINDRICAL_SURFACE ( 'NONE', #638, 0.04959659004973260982 ) ;
#932 = DIRECTION ( 'NONE',  ( 3.049587270209650633E-09, -2.753353101072081558E-13, 1.000000000000000000 ) ) ;
#933 = ORIENTED_EDGE ( 'NONE', *, *, #957, .F. ) ;
#934 = CARTESIAN_POINT ( 'NONE',  ( 0.1931209825994146534, -0.4768099385643757571, 0.8448773351110142604 ) ) ;
#935 = AXIS2_PLACEMENT_3D ( 'NONE', #843, #739, #961 ) ;
#936 = AXIS2_PLACEMENT_3D ( 'NONE', #1339, #907, #920 ) ;
#937 = CARTESIAN_POINT ( 'NONE',  ( 0.1488175053346183774, 0.6056192448297215147, 0.3650476357701597507 ) ) ;
#938 = LOCAL_TIME ( 8, 17, 56.00000000000000000, #420 ) ;
#939 = EDGE_CURVE ( 'NONE', #249, #972, #393, .T. ) ;
#940 = CARTESIAN_POINT ( 'NONE',  ( 0.3025097802507465405, -0.1172694254704860911, -0.7364551587504376551 ) ) ;
#941 = LINE ( 'NONE', #178, #167 ) ;
#942 = ORIENTED_EDGE ( 'NONE', *, *, #216, .F. ) ;
#943 = CARTESIAN_POINT ( 'NONE',  ( 0.1931239843443261217, -0.4768066919497008227, 0.6882534651634434342 ) ) ;
#944 = APPROVAL ( #582, '未' ) ;
#945 = CARTESIAN_POINT ( 'NONE',  ( 0.4116635126275218770, 0.4042217678453082219, 0.8999995183055915504 ) ) ;
#946 = DIRECTION ( 'NONE',  ( -7.905969700277281633E-05, -0.9999999968747822487, 4.247191778975205954E-16 ) ) ;
#947 = CARTESIAN_POINT ( 'NONE',  ( 0.1920744710127114951, 0.5849551640418317877, 0.4068576897588352392 ) ) ;
#948 = ORIENTED_EDGE ( 'NONE', *, *, #905, .T. ) ;
#949 = LINE ( 'NONE', #831, #1140 ) ;
#950 = ORIENTED_EDGE ( 'NONE', *, *, #540, .T. ) ;
#951 = DIRECTION ( 'NONE',  ( 7.905969700246395424E-05, 0.9999999968745995060, -6.045385742522636180E-07 ) ) ;
#952 = DIRECTION ( 'NONE',  ( 7.905969700212988444E-05, 0.9999999968747821377, 0.000000000000000000 ) ) ;
#953 = DIRECTION ( 'NONE',  ( 7.905969700209159855E-05, 0.9999999968747821377, 0.000000000000000000 ) ) ;
#954 = EDGE_LOOP ( 'NONE', ( #753, #586, #650, #1152 ) ) ;
#955 = CARTESIAN_POINT ( 'NONE',  ( 0.1977605356051603536, 0.5792681977269683591, -0.4372023796425002495 ) ) ;
#956 = APPLICATION_CONTEXT ( 'configuration controlled 3d designs of mechanical parts and assemblies' ) ;
#957 = EDGE_CURVE ( 'NONE', #929, #545, #1079, .T. ) ;
#958 = AXIS2_PLACEMENT_3D ( 'NONE', #130, #339, #151 ) ;
#959 = CARTESIAN_POINT ( 'NONE',  ( -0.3025035845510145593, 0.7048487722161977942, 0.4707273568197225533 ) ) ;
#960 = VECTOR ( 'NONE', #708, 1000.000000000000114 ) ;
#961 = DIRECTION ( 'NONE',  ( 7.905969700209159855E-05, 0.9999999968747821377, 0.000000000000000000 ) ) ;
#962 = DIRECTION ( 'NONE',  ( -0.9999999968747822487, 7.905969700262261367E-05, 3.049584403888675617E-09 ) ) ;
#963 = VECTOR ( 'NONE', #1360, 1000.000000000000114 ) ;
#964 = VERTEX_POINT ( 'NONE', #336 ) ;
#965 = CARTESIAN_POINT ( 'NONE',  ( 0.1576629984986257504, -0.4921329212130437503, 0.7041811393470536196 ) ) ;
#966 = ORIENTED_EDGE ( 'NONE', *, *, #1313, .F. ) ;
#967 = ADVANCED_FACE ( 'NONE', ( #1196, #1202 ), #645, .T. ) ;
#968 = CARTESIAN_POINT ( 'NONE',  ( -0.08438221961745445698, -0.6055025361432125885, 0.2816383254000280334 ) ) ;
#969 = FACE_OUTER_BOUND ( 'NONE', #473, .T. ) ;
#970 = EDGE_LOOP ( 'NONE', ( #493, #1176, #1080, #26 ) ) ;
#971 = FACE_OUTER_BOUND ( 'NONE', #1169, .T. ) ;
#972 = VERTEX_POINT ( 'NONE', #544 ) ;
#973 = DIRECTION ( 'NONE',  ( 0.000000000000000000, 3.857318605091488649E-05, -0.9999999992560545392 ) ) ;
#974 = LINE ( 'NONE', #867, #298 ) ;
#975 = DIRECTION ( 'NONE',  ( -9.098643319781137940E-07, -0.01154714405503642037, 0.9999333295091950014 ) ) ;
#976 = ORIENTED_EDGE ( 'NONE', *, *, #984, .F. ) ;
#977 = B_SPLINE_CURVE_WITH_KNOTS ( 'NONE', 3,
 ( #718, #1267, #1380, #965 ),
 .UNSPECIFIED., .F., .F.,
 ( 4, 4 ),
 ( 0.000000000000000000, 1.000000000000000000 ),
 .UNSPECIFIED. ) ;
#978 = DIRECTION ( 'NONE',  ( 0.9999999968747822487, -7.905969700251870645E-05, -3.049584405260950882E-09 ) ) ;
#979 = ORIENTED_EDGE ( 'NONE', *, *, #1000, .T. ) ;
#980 = B_SPLINE_CURVE_WITH_KNOTS ( 'NONE', 3,
 ( #856, #7, #1290, #1164, #312, #750, #539, #195 ),
 .UNSPECIFIED., .F., .F.,
 ( 4, 2, 2, 4 ),
 ( -0.6977782653172269756, -0.6972669934196719099, -0.6616290607893510201, -0.6467443180576120110 ),
 .UNSPECIFIED. ) ;
#981 = DIRECTION ( 'NONE',  ( 3.049605043308569845E-09, 0.000000000000000000, 1.000000000000000000 ) ) ;
#982 = DIRECTION ( 'NONE',  ( -3.049584323645920084E-09, 2.410228142519304952E-13, -1.000000000000000000 ) ) ;
#983 = DATE_TIME_ROLE ( 'creation_date' ) ;
#984 = EDGE_CURVE ( 'NONE', #406, #441, #705, .T. ) ;
#985 = VECTOR ( 'NONE', #1249, 1000.000000000000114 ) ;
#986 = ORIENTED_EDGE ( 'NONE', *, *, #710, .F. ) ;
#987 = DIRECTION ( 'NONE',  ( 0.9999999968747822487, -7.905969700215788396E-05, 0.000000000000000000 ) ) ;
#988 = ORIENTED_EDGE ( 'NONE', *, *, #873, .T. ) ;
#989 = CARTESIAN_POINT ( 'NONE',  ( 0.2033063818608700224, -0.2465587567848954997, 0.4423881762944665841 ) ) ;
#990 = CARTESIAN_POINT ( 'NONE',  ( -0.1339587950848336873, -0.3523101630977214516, -0.5627427363298492802 ) ) ;
#991 = APPROVAL_ROLE ( '' ) ;
#992 = EDGE_LOOP ( 'NONE', ( #1108, #55, #1008, #138, #692 ) ) ;
#993 = DIRECTION ( 'NONE',  ( -9.098643319781137940E-07, -0.01154714405503629894, 0.9999333295091950014 ) ) ;
#994 = EDGE_LOOP ( 'NONE', ( #563, #465, #598, #1341, #833, #864, #811, #1189 ) ) ;
#995 = DIRECTION ( 'NONE',  ( 0.9999999968747821377, -7.905969700285611016E-05, -3.049584403888850979E-09 ) ) ;
#996 = CARTESIAN_POINT ( 'NONE',  ( 0.2032910272761152548, -0.4407829057051443344, 0.6777184161934303175 ) ) ;
#997 = ORIENTED_EDGE ( 'NONE', *, *, #669, .F. ) ;
#998 = CARTESIAN_POINT ( 'NONE',  ( -0.1934423977908678871, 0.05631863916107743284, -0.7364551587504376551 ) ) ;
#999 = ORIENTED_EDGE ( 'NONE', *, *, #571, .T. ) ;
#1000 = EDGE_CURVE ( 'NONE', #424, #1338, #1107, .T. ) ;
#1001 = CARTESIAN_POINT ( 'NONE',  ( 0.1873001099897789179, -0.5895448599524275579, 0.4645947958311582027 ) ) ;
#1002 = DIRECTION ( 'NONE',  ( -0.9999999968747822487, 7.905969700228701244E-05, 3.049584605674390705E-09 ) ) ;
#1003 = PERSON_AND_ORGANIZATION ( #1300, #756 ) ;
#1004 = AXIS2_PLACEMENT_3D ( 'NONE', #648, #107, #973 ) ;
#1005 = VERTEX_POINT ( 'NONE', #241 ) ;
#1006 = DIRECTION ( 'NONE',  ( -0.9999999968747821377, 7.905969700244819265E-05, 3.049587282446951929E-09 ) ) ;
#1007 = CIRCLE ( 'NONE', #684, 0.06447556706465232268 ) ;
#1008 = ORIENTED_EDGE ( 'NONE', *, *, #1227, .F. ) ;
#1009 = CIRCLE ( 'NONE', #822, 0.09919318009946516412 ) ;
#1010 = CARTESIAN_POINT ( 'NONE',  ( -0.1934525926284706709, -0.07263249456522682945, -0.7364551587504376551 ) ) ;
#1011 = EDGE_CURVE ( 'NONE', #853, #113, #458, .T. ) ;
#1012 = EDGE_CURVE ( 'NONE', #434, #853, #435, .T. ) ;
#1013 = FACE_OUTER_BOUND ( 'NONE', #324, .T. ) ;
#1014 = DATE_AND_TIME ( #236, #1188 ) ;
#1015 = ORIENTED_EDGE ( 'NONE', *, *, #157, .F. ) ;
#1016 = CARTESIAN_POINT ( 'NONE',  ( -0.03479347331650704811, -0.7046993507983797533, -0.1884747193510851460 ) ) ;
#1017 = VERTEX_POINT ( 'NONE', #104 ) ;
#1018 = EDGE_CURVE ( 'NONE', #1338, #676, #584, .T. ) ;
#1019 = CARTESIAN_POINT ( 'NONE',  ( -0.1934474952096640610, -0.008156927702074696571, -0.7364551587504376551 ) ) ;
#1020 = DATE_AND_TIME ( #1345, #146 ) ;
#1021 = ADVANCED_FACE ( 'NONE', ( #971 ), #1288, .T. ) ;
#1022 = VERTEX_POINT ( 'NONE', #1099 ) ;
#1023 = DIRECTION ( 'NONE',  ( -7.905969700157706331E-05, -0.9999999968745993950, 6.045385739986307193E-07 ) ) ;
#1024 = EDGE_LOOP ( 'NONE', ( #1328, #1319, #830, #1027, #173, #421 ) ) ;
#1025 = CARTESIAN_POINT ( 'NONE',  ( 0.1633843480040349516, -0.6055221244930372171, -0.4635496135420822950 ) ) ;
#1026 = VECTOR ( 'NONE', #320, 1000.000000000000114 ) ;
#1027 = ORIENTED_EDGE ( 'NONE', *, *, #857, .F. ) ;
#1028 = DIRECTION ( 'NONE',  ( 7.905969699475646941E-05, 0.9999999968745995060, -6.045385698636597104E-07 ) ) ;
#1029 = EDGE_CURVE ( 'NONE', #767, #264, #317, .T. ) ;
#1030 = AXIS2_PLACEMENT_3D ( 'NONE', #1198, #995, #1356 ) ;
#1031 = EDGE_LOOP ( 'NONE', ( #284, #575, #1047, #1084 ) ) ;
#1032 = CARTESIAN_POINT ( 'NONE',  ( 0.8579530156850150302, -0.6055770368816246751, 0.4651056595078431055 ) ) ;
#1033 = CC_DESIGN_PERSON_AND_ORGANIZATION_ASSIGNMENT ( #868, #321, ( #485 ) ) ;
#1034 = DIRECTION ( 'NONE',  ( -0.7905694007527128697, 6.213197470597672974E-05, -0.6123724509913179848 ) ) ;
#1035 = FACE_OUTER_BOUND ( 'NONE', #1101, .T. ) ;
#1036 = ORIENTED_EDGE ( 'NONE', *, *, #1106, .T. ) ;
#1037 = DIRECTION ( 'NONE',  ( 0.7127054932646404994, -0.7014633845542711521, -2.686757494944637210E-07 ) ) ;
#1038 = CARTESIAN_POINT ( 'NONE',  ( -0.03479347331650704811, -0.7046993507983797533, -0.1884747193510851460 ) ) ;
#1039 = DIRECTION ( 'NONE',  ( -0.9999999968747822487, 7.905969700285930856E-05, 3.049584403888850565E-09 ) ) ;
#1040 = LINE ( 'NONE', #392, #188 ) ;
#1041 = EDGE_LOOP ( 'NONE', ( #1351, #1287, #436, #678 ) ) ;
#1042 = CARTESIAN_POINT ( 'NONE',  ( 0.2033694412884385627, 0.5510586827449749370, 0.4536299778913447378 ) ) ;
#1043 = EDGE_CURVE ( 'NONE', #1005, #1244, #1232, .T. ) ;
#1044 = DIRECTION ( 'NONE',  ( 7.905969700285611016E-05, 0.9999999968747821377, 1.887425428496300182E-15 ) ) ;
#1045 = CARTESIAN_POINT ( 'NONE',  ( -0.1934474922955474741, -0.008117716788260332522, -0.7364551572379500755 ) ) ;
#1046 = DIRECTION ( 'NONE',  ( -0.9999999968747821377, 7.905969700343499281E-05, 3.049587282446950275E-09 ) ) ;
#1047 = ORIENTED_EDGE ( 'NONE', *, *, #807, .T. ) ;
#1048 = LINE ( 'NONE', #1311, #1073 ) ;
#1049 = AXIS2_PLACEMENT_3D ( 'NONE', #1216, #23, #884 ) ;
#1050 = CC_DESIGN_DATE_AND_TIME_ASSIGNMENT ( #440, #983, ( #778 ) ) ;
#1051 = VECTOR ( 'NONE', #28, 1000.000000000000114 ) ;
#1052 = AXIS2_PLACEMENT_3D ( 'NONE', #664, #1401, #993 ) ;
#1053 = CARTESIAN_POINT ( 'NONE',  ( 0.2032910278346881927, -0.4407829759910728562, 0.8627043057319564445 ) ) ;
#1054 = DIRECTION ( 'NONE',  ( -7.905969700244820620E-05, -0.9999999968747821377, 5.680748647214699501E-18 ) ) ;
#1055 = CARTESIAN_POINT ( 'NONE',  ( 0.1488175053346183774, 0.6056192448297215147, 0.3650476357701597507 ) ) ;
#1056 = ORIENTED_EDGE ( 'NONE', *, *, #1106, .F. ) ;
#1057 = CARTESIAN_POINT ( 'NONE',  ( 0.1873933330913945539, 0.5896370395944887655, -0.4475704018181086985 ) ) ;
#1058 = DIRECTION ( 'NONE',  ( -0.9999999968747822487, 7.905969700285930856E-05, 3.049584403888850565E-09 ) ) ;
#1059 = CYLINDRICAL_SURFACE ( 'NONE', #1325, 0.04959659004973260982 ) ;
#1060 = DIRECTION ( 'NONE',  ( 0.9999999968747821377, -7.905969700285611016E-05, -3.049584403888850979E-09 ) ) ;
#1061 = ADVANCED_FACE ( 'NONE', ( #657 ), #12, .T. ) ;
#1062 = EDGE_LOOP ( 'NONE', ( #514, #296, #933, #24, #127, #896, #1015, #785, #775, #1312 ) ) ;
#1063 = CARTESIAN_POINT ( 'NONE',  ( 0.1770261305776458793, 0.6000058814620270464, -0.4579384239937333012 ) ) ;
#1064 = DIRECTION ( 'NONE',  ( -3.049584394451580458E-09, 2.399185153011141121E-13, -1.000000000000000000 ) ) ;
#1065 = CYLINDRICAL_SURFACE ( 'NONE', #1159, 0.06447556706465232268 ) ;
#1066 = PERSON_AND_ORGANIZATION_ROLE ( 'creator' ) ;
#1067 = ORIENTED_EDGE ( 'NONE', *, *, #1381, .T. ) ;
#1068 = CYLINDRICAL_SURFACE ( 'NONE', #503, 0.09919318009946520576 ) ;
#1069 = EDGE_CURVE ( 'NONE', #964, #929, #553, .T. ) ;
#1070 = ORIENTED_EDGE ( 'NONE', *, *, #96, .F. ) ;
#1071 = AXIS2_PLACEMENT_3D ( 'NONE', #1019, #773, #350 ) ;
#1072 = DIRECTION ( 'NONE',  ( 0.9999999968747822487, -7.905969700215788396E-05, 0.000000000000000000 ) ) ;
#1073 = VECTOR ( 'NONE', #341, 1000.000000000000000 ) ;
#1074 = B_SPLINE_CURVE_WITH_KNOTS ( 'NONE', 3,
 ( #1053, #698, #162, #170 ),
 .UNSPECIFIED., .F., .F.,
 ( 4, 4 ),
 ( 0.000000000000000000, 1.000000000000000000 ),
 .UNSPECIFIED. ) ;
#1075 = CARTESIAN_POINT ( 'NONE',  ( 0.1743202442766789428, 0.5992892813590023904, 0.3834898076842420123 ) ) ;
#1076 = MECHANICAL_CONTEXT ( 'NONE', #639, 'mechanical' ) ;
#1077 = CIRCLE ( 'NONE', #1302, 0.09919318009946520576 ) ;
#1078 = ORIENTED_EDGE ( 'NONE', *, *, #390, .F. ) ;
#1079 = LINE ( 'NONE', #776, #621 ) ;
#1080 = ORIENTED_EDGE ( 'NONE', *, *, #360, .T. ) ;
#1081 = DIRECTION ( 'NONE',  ( -0.9999999968747821377, 7.905969692250812333E-05, 3.049605033777889539E-09 ) ) ;
#1082 = DIRECTION ( 'NONE',  ( -0.9999999968747822487, 7.905969700224300739E-05, 3.049584309614920643E-09 ) ) ;
#1083 = DIRECTION ( 'NONE',  ( 0.7071067768211828364, -5.590364769825384602E-05, -0.7071067833420495718 ) ) ;
#1084 = ORIENTED_EDGE ( 'NONE', *, *, #710, .T. ) ;
#1085 = CARTESIAN_POINT ( 'NONE',  ( 0.1487501329766569014, -0.2465544435843718407, 0.4423881764608400546 ) ) ;
#1086 = ORIENTED_EDGE ( 'NONE', *, *, #984, .T. ) ;
#1087 = CARTESIAN_POINT ( 'NONE',  ( 0.1819770415876342251, -0.5947959570401307738, 0.4647645581766892131 ) ) ;
#1088 = EDGE_CURVE ( 'NONE', #428, #871, #483, .T. ) ;
#1089 = CARTESIAN_POINT ( 'NONE',  ( 0.3024633385453184276, -0.7047258651986267886, 0.05802932620586730150 ) ) ;
#1090 =( LENGTH_UNIT ( ) NAMED_UNIT ( * ) SI_UNIT ( .MILLI., .METRE. ) );
#1091 = ORIENTED_EDGE ( 'NONE', *, *, #628, .T. ) ;
#1092 = CARTESIAN_POINT ( 'NONE',  ( 0.3024982580045809666, -0.2630565930982666778, 0.4581923689699330948 ) ) ;
#1093 = VERTEX_POINT ( 'NONE', #561 ) ;
#1094 = PLANE ( 'NONE',  #1030 ) ;
#1095 = AXIS2_PLACEMENT_3D ( 'NONE', #1261, #100, #1072 ) ;
#1096 = CARTESIAN_POINT ( 'NONE',  ( 0.8579813908974125436, -0.2466105151928983941, 0.4423881742979794418 ) ) ;
#1097 = AXIS2_PLACEMENT_3D ( 'NONE', #1294, #551, #754 ) ;
#1098 = ORIENTED_EDGE ( 'NONE', *, *, #31, .F. ) ;
#1099 = CARTESIAN_POINT ( 'NONE',  ( -0.1339787822096318859, -0.6054986150539845013, 0.4651056625328218175 ) ) ;
#1100 = CC_DESIGN_APPROVAL ( #944, ( #353 ) ) ;
#1101 = EDGE_LOOP ( 'NONE', ( #1317, #690, #36, #463, #215, #147 ) ) ;
#1102 = CARTESIAN_POINT ( 'NONE',  ( -0.1339866516498479099, -0.7046912244142324866, 0.2816383855170370709 ) ) ;
#1103 = LINE ( 'NONE', #263, #726 ) ;
#1104 = ORIENTED_EDGE ( 'NONE', *, *, #216, .T. ) ;
#1105 = DIRECTION ( 'NONE',  ( -9.098643321008066223E-07, -0.01154714405503642037, 0.9999333295091950014 ) ) ;
#1106 = EDGE_CURVE ( 'NONE', #777, #125, #888, .T. ) ;
#1107 =( BOUNDED_CURVE ( )  B_SPLINE_CURVE ( 2, ( #1395, #880, #747 ),
 .UNSPECIFIED., .F., .F. ) 
 B_SPLINE_CURVE_WITH_KNOTS ( ( 3, 3 ),
 ( 0.09981293871096530435, 0.3888211375657499858 ),
 .UNSPECIFIED. ) 
 CURVE ( )  GEOMETRIC_REPRESENTATION_ITEM ( )  RATIONAL_B_SPLINE_CURVE ( ( 0.9999967298853630338, 0.9999936016328999644, 0.9999997740297549287 ) ) 
 REPRESENTATION_ITEM ( '' )  );
#1108 = ORIENTED_EDGE ( 'NONE', *, *, #1404, .F. ) ;
#1109 = CARTESIAN_POINT ( 'NONE',  ( 0.1933688808531226488, -0.4765467362235370485, 0.6880195149208552241 ) ) ;
#1110 = DIRECTION ( 'NONE',  ( -7.905969700227580450E-05, -0.9999999968747822487, 3.115578401372025565E-16 ) ) ;
#1111 = ORIENTED_EDGE ( 'NONE', *, *, #1385, .F. ) ;
#1112 = EDGE_CURVE ( 'NONE', #670, #240, #355, .T. ) ;
#1113 = ORIENTED_EDGE ( 'NONE', *, *, #207, .T. ) ;
#1114 =( BOUNDED_CURVE ( )  B_SPLINE_CURVE ( 3, ( #486, #895, #470, #25 ),
 .UNSPECIFIED., .F., .F. ) 
 B_SPLINE_CURVE_WITH_KNOTS ( ( 4, 4 ),
 ( 1.570800173634265162, 2.356198337031684797 ),
 .UNSPECIFIED. ) 
 CURVE ( )  GEOMETRIC_REPRESENTATION_ITEM ( )  RATIONAL_B_SPLINE_CURVE ( ( 1.000000000000000000, 0.9492530216741950078, 0.9492530216741950078, 1.000000000000000000 ) ) 
 REPRESENTATION_ITEM ( '' )  );
#1115 = CARTESIAN_POINT ( 'NONE',  ( 0.2033794761523838590, 0.7048079483893970876, 0.5995665748823251207 ) ) ;
#1116 = LINE ( 'NONE', #32, #1206 ) ;
#1117 = AXIS2_PLACEMENT_3D ( 'NONE', #968, #842, #1192 ) ;
#1118 = ORIENTED_EDGE ( 'NONE', *, *, #1165, .F. ) ;
#1119 = CARTESIAN_POINT ( 'NONE',  ( -0.03479347331650704811, -0.7046993507983797533, -0.1884747193510851460 ) ) ;
#1120 = AXIS2_PLACEMENT_3D ( 'NONE', #194, #75, #1375 ) ;
#1121 = ORIENTED_EDGE ( 'NONE', *, *, #1154, .T. ) ;
#1122 = EDGE_CURVE ( 'NONE', #583, #240, #35, .T. ) ;
#1123 = CARTESIAN_POINT ( 'NONE',  ( 0.1041656557580505071, 0.4169218337814091235, 0.3544367980943770591 ) ) ;
#1124 = EDGE_LOOP ( 'NONE', ( #328, #950, #1361, #186, #986, #266, #538, #635, #131, #1171, #1268, #658, #364 ) ) ;
#1125 = PLANE ( 'NONE',  #325 ) ;
#1126 = EDGE_LOOP ( 'NONE', ( #1259, #322, #97, #1104 ) ) ;
#1127 = LINE ( 'NONE', #1269, #913 ) ;
#1128 = ADVANCED_FACE ( 'NONE', ( #137 ), #789, .F. ) ;
#1129 = ORIENTED_EDGE ( 'NONE', *, *, #814, .T. ) ;
#1130 = CARTESIAN_POINT ( 'NONE',  ( -0.2696484050321885650, -0.2681133073901273423, 0.8999992649856256577 ) ) ;
#1131 = ORIENTED_EDGE ( 'NONE', *, *, #652, .F. ) ;
#1132 = LINE ( 'NONE', #813, #797 ) ;
#1133 = AXIS2_PLACEMENT_3D ( 'NONE', #59, #404, #164 ) ;
#1134 = DIRECTION ( 'NONE',  ( 7.905969700244813844E-05, 0.9999999968745993950, -6.045385742003994730E-07 ) ) ;
#1135 = DIRECTION ( 'NONE',  ( 0.007949371303904370634, -0.9999684032486868546, -3.799648881434787707E-07 ) ) ;
#1136 = AXIS2_PLACEMENT_3D ( 'NONE', #808, #267, #383 ) ;
#1137 = VECTOR ( 'NONE', #1064, 1000.000000000000000 ) ;
#1138 = ORIENTED_EDGE ( 'NONE', *, *, #38, .F. ) ;
#1139 = DIRECTION ( 'NONE',  ( -0.9999999968747822487, 7.905969700228701244E-05, 3.049584403888850565E-09 ) ) ;
#1140 = VECTOR ( 'NONE', #1274, 1000.000000000000114 ) ;
#1141 = VECTOR ( 'NONE', #1158, 1000.000000000000000 ) ;
#1142 = CARTESIAN_POINT ( 'NONE',  ( 0.1829229499648026558, -0.4871770476995647137, 0.8391280569603807304 ) ) ;
#1143 = CARTESIAN_POINT ( 'NONE',  ( -0.1948704139136865909, -0.6054938009800153731, 0.07617560692578803638 ) ) ;
#1144 = CARTESIAN_POINT ( 'NONE',  ( 0.3025184066517862536, -0.008156927702074696571, -0.7364551587504376551 ) ) ;
#1145 = VERTEX_POINT ( 'NONE', #1243 ) ;
#1146 = CARTESIAN_POINT ( 'NONE',  ( 0.01480312604379512183, -0.7047031038128697134, 0.08955161555038410048 ) ) ;
#1147 = EDGE_CURVE ( 'NONE', #871, #631, #1210, .T. ) ;
#1148 = EDGE_LOOP ( 'NONE', ( #609, #381, #507, #734 ) ) ;
#1149 = LINE ( 'NONE', #176, #479 ) ;
#1150 = DIRECTION ( 'NONE',  ( 0.9999999968747821377, -7.905969700285611016E-05, -3.049584403888850979E-09 ) ) ;
#1151 = FACE_OUTER_BOUND ( 'NONE', #168, .T. ) ;
#1152 = ORIENTED_EDGE ( 'NONE', *, *, #1227, .T. ) ;
#1153 = CARTESIAN_POINT ( 'NONE',  ( -0.1338830219263131560, 0.6056415950478152288, 0.2143074645018560043 ) ) ;
#1154 = EDGE_CURVE ( 'NONE', #736, #1330, #784, .T. ) ;
#1155 = ADVANCED_FACE ( 'NONE', ( #701 ), #912, .T. ) ;
#1156 = CARTESIAN_POINT ( 'NONE',  ( 0.1576630005973887194, -0.4921329712842481552, 0.8359993687042613919 ) ) ;
#1157 = CARTESIAN_POINT ( 'NONE',  ( -0.1934423977908783232, 0.05631863916107743284, -0.7364551587504376551 ) ) ;
#1158 = DIRECTION ( 'NONE',  ( 3.020481663396058917E-09, -3.799528824899308809E-07, 0.9999999999999278355 ) ) ;
#1159 = AXIS2_PLACEMENT_3D ( 'NONE', #108, #1082, #859 ) ;
#1160 = EDGE_CURVE ( 'NONE', #453, #616, #47, .T. ) ;
#1161 = VERTEX_POINT ( 'NONE', #998 ) ;
#1162 = DIRECTION ( 'NONE',  ( 0.9999999968747821377, -7.905969700244819265E-05, -0.000000000000000000 ) ) ;
#1163 = CIRCLE ( 'NONE', #455, 0.1091124981094117180 ) ;
#1164 = CARTESIAN_POINT ( 'NONE',  ( 0.2032428778179476703, -0.4498110749084758275, 0.6806389054855858101 ) ) ;
#1165 = EDGE_CURVE ( 'NONE', #406, #871, #691, .T. ) ;
#1166 = APPROVAL_PERSON_ORGANIZATION ( #334, #509, #991 ) ;
#1167 = DIRECTION ( 'NONE',  ( 0.7071067768203030957, -5.590364768603114703E-05, -0.7071067833429290905 ) ) ;
#1168 = LINE ( 'NONE', #733, #624 ) ;
#1169 = EDGE_LOOP ( 'NONE', ( #242, #1252, #356, #415, #246, #1256, #979, #861, #1131, #791 ) ) ;
#1170 = LINE ( 'NONE', #1253, #347 ) ;
#1171 = ORIENTED_EDGE ( 'NONE', *, *, #1340, .F. ) ;
#1172 = CARTESIAN_POINT ( 'NONE',  ( -0.2696829212785148977, -0.7046803969246403510, 0.4460341734340841358 ) ) ;
#1173 = ADVANCED_FACE ( 'NONE', ( #585 ), #464, .T. ) ;
#1174 = EDGE_CURVE ( 'NONE', #443, #1330, #1114, .T. ) ;
#1175 = DIRECTION ( 'NONE',  ( 0.7070508753288151649, -0.7071626826245543951, -2.156382146490882515E-09 ) ) ;
#1176 = ORIENTED_EDGE ( 'NONE', *, *, #378, .T. ) ;
#1177 = CARTESIAN_POINT ( 'NONE',  ( 0.2033705978336045883, 0.5657212803198210516, -0.4236559058246222587 ) ) ;
#1178 = CARTESIAN_POINT ( 'NONE',  ( 0.2033047280936117196, -0.2681506989216385639, 0.8999992635433167187 ) ) ;
#1179 = DIRECTION ( 'NONE',  ( -7.905969700227580450E-05, -0.9999999968747822487, 3.115578401372025565E-16 ) ) ;
#1180 = CALENDAR_DATE ( 2026, 29, 6 ) ;
#1181 = EDGE_CURVE ( 'NONE', #318, #1244, #863, .T. ) ;
#1182 = VERTEX_POINT ( 'NONE', #454 ) ;
#1183 = DIRECTION ( 'NONE',  ( -7.905969699955196339E-05, -0.9999999968745993950, 6.045385761107105496E-07 ) ) ;
#1184 = ORIENTED_EDGE ( 'NONE', *, *, #881, .T. ) ;
#1185 = AXIS2_PLACEMENT_3D ( 'NONE', #812, #1139, #679 ) ;
#1186 = DIRECTION ( 'NONE',  ( 7.905969700283683847E-05, 0.9999999968747821377, 0.000000000000000000 ) ) ;
#1187 = CARTESIAN_POINT ( 'NONE',  ( 0.1933688824291547315, -0.4765468155338111189, 0.8999991843608879938 ) ) ;
#1188 = LOCAL_TIME ( 8, 17, 56.00000000000000000, #245 ) ;
#1189 = ORIENTED_EDGE ( 'NONE', *, *, #611, .T. ) ;
#1190 = ADVANCED_FACE ( 'NONE', ( #363 ), #1125, .F. ) ;
#1191 = ORIENTED_EDGE ( 'NONE', *, *, #268, .T. ) ;
#1192 = DIRECTION ( 'NONE',  ( 0.6123724490775619422, -4.841398042887255391E-05, -0.7905694031942012145 ) ) ;
#1193 = LINE ( 'NONE', #218, #1204 ) ;
#1194 = CALENDAR_DATE ( 2026, 29, 6 ) ;
#1195 = EDGE_LOOP ( 'NONE', ( #942, #375, #894, #550 ) ) ;
#1196 = FACE_BOUND ( 'NONE', #331, .T. ) ;
#1197 = EDGE_LOOP ( 'NONE', ( #471, #717 ) ) ;
#1198 = CARTESIAN_POINT ( 'NONE',  ( -0.1339309338205817712, 7.146864546979213176E-05, 0.1190318172990994933 ) ) ;
#1199 = DIRECTION ( 'NONE',  ( 3.049584722695815184E-09, -2.407652529932589961E-13, 1.000000000000000000 ) ) ;
#1200 = DIRECTION ( 'NONE',  ( 7.905969700482683735E-05, 0.9999999968744934797, 7.596842307341838881E-07 ) ) ;
#1201 = ORIENTED_EDGE ( 'NONE', *, *, #615, .T. ) ;
#1202 = FACE_OUTER_BOUND ( 'NONE', #536, .T. ) ;
#1203 = VERTEX_POINT ( 'NONE', #260 ) ;
#1204 = VECTOR ( 'NONE', #766, 1000.000000000000114 ) ;
#1205 = CARTESIAN_POINT ( 'NONE',  ( 0.1961759660647366954, -0.5787779801353633014, 0.4642448523333491117 ) ) ;
#1206 = VECTOR ( 'NONE', #374, 1000.000000000000000 ) ;
#1207 = VECTOR ( 'NONE', #1215, 1000.000000000000114 ) ;
#1208 = CARTESIAN_POINT ( 'NONE',  ( -0.03478563115637034464, -0.6055064572344757146, -0.1884747793170125918 ) ) ;
#1209 = EDGE_CURVE ( 'NONE', #1145, #1005, #1329, .T. ) ;
#1210 = CIRCLE ( 'NONE', #936, 0.2101075873891971590 ) ;
#1211 = EDGE_LOOP ( 'NONE', ( #1374, #817, #81, #1138 ) ) ;
#1212 = CARTESIAN_POINT ( 'NONE',  ( -0.1934468486166287249, -6.793351377402251029E-06, 9.609699274318022110E-07 ) ) ;
#1213 =( GEOMETRIC_REPRESENTATION_CONTEXT ( 3 ) GLOBAL_UNCERTAINTY_ASSIGNED_CONTEXT ( ( #806 ) ) GLOBAL_UNIT_ASSIGNED_CONTEXT ( ( #1090, #197, #752 ) ) REPRESENTATION_CONTEXT ( 'NONE', 'WORKASPACE' ) );
#1214 = ORIENTED_EDGE ( 'NONE', *, *, #408, .T. ) ;
#1215 = DIRECTION ( 'NONE',  ( 7.905969700099815356E-05, 0.9999999968745993950, -6.045385738673326715E-07 ) ) ;
#1216 = CARTESIAN_POINT ( 'NONE',  ( 0.1041884169348872707, 0.7048166192696786458, 0.4536299781938435416 ) ) ;
#1217 = EDGE_CURVE ( 'NONE', #74, #340, #1009, .T. ) ;
#1218 = ORIENTED_EDGE ( 'NONE', *, *, #1069, .T. ) ;
#1219 = DIRECTION ( 'NONE',  ( 3.049584722695815184E-09, -2.407652529932589961E-13, 1.000000000000000000 ) ) ;
#1220 = VERTEX_POINT ( 'NONE', #1231 ) ;
#1221 = CARTESIAN_POINT ( 'NONE',  ( -0.1338979755615213596, 0.4169405222894970175, 0.3544367988197805186 ) ) ;
#1222 = DIRECTION ( 'NONE',  ( 0.9999999968747821377, -7.905969700343499281E-05, -3.049587279638190263E-09 ) ) ;
#1223 = ORIENTED_EDGE ( 'NONE', *, *, #594, .F. ) ;
#1224 = DIRECTION ( 'NONE',  ( -0.8710826422960882276, 6.916444090851522756E-05, 0.4911364632225400095 ) ) ;
#1225 = EDGE_CURVE ( 'NONE', #318, #1022, #580, .T. ) ;
#1226 = ORIENTED_EDGE ( 'NONE', *, *, #755, .F. ) ;
#1227 = EDGE_CURVE ( 'NONE', #900, #205, #792, .T. ) ;
#1228 = VECTOR ( 'NONE', #558, 1000.000000000000000 ) ;
#1229 = DIRECTION ( 'NONE',  ( 7.905969699349810371E-05, 0.9999999968747821377, 8.066842498830311258E-15 ) ) ;
#1230 = ORIENTED_EDGE ( 'NONE', *, *, #330, .F. ) ;
#1231 = CARTESIAN_POINT ( 'NONE',  ( -0.1934561186965872426, -0.1172302145566693071, -0.7364551572379476330 ) ) ;
#1232 = CIRCLE ( 'NONE', #800, 0.3596846516501770452 ) ;
#1233 = VECTOR ( 'NONE', #1134, 1000.000000000000114 ) ;
#1234 = AXIS2_PLACEMENT_3D ( 'NONE', #1144, #1378, #953 ) ;
#1235 = ORIENTED_EDGE ( 'NONE', *, *, #1276, .T. ) ;
#1236 = ADVANCED_FACE ( 'NONE', ( #1151 ), #505, .T. ) ;
#1237 = LINE ( 'NONE', #43, #1228 ) ;
#1238 = ORIENTED_EDGE ( 'NONE', *, *, #1385, .T. ) ;
#1239 = CARTESIAN_POINT ( 'NONE',  ( 0.1873001096594268389, -0.5895448598239487747, 0.3171220631073153884 ) ) ;
#1240 = ORIENTED_EDGE ( 'NONE', *, *, #794, .F. ) ;
#1241 = DIRECTION ( 'NONE',  ( 0.9999999968747821377, -7.905969700244819265E-05, -3.049587279638190263E-09 ) ) ;
#1242 = LINE ( 'NONE', #1157, #960 ) ;
#1243 = CARTESIAN_POINT ( 'NONE',  ( 0.1487217504294001680, -0.6055209652725119795, -0.4635495570924920150 ) ) ;
#1244 = VERTEX_POINT ( 'NONE', #716 ) ;
#1245 = LINE ( 'NONE', #1221, #233 ) ;
#1246 = CARTESIAN_POINT ( 'NONE',  ( 0.2032823126805048397, -0.5509690295888349798, -0.4089933082041627421 ) ) ;
#1247 = EDGE_CURVE ( 'NONE', #927, #261, #349, .T. ) ;
#1248 = CARTESIAN_POINT ( 'NONE',  ( 0.1041656560603025083, 0.4169218337813785369, 0.4536299781938435416 ) ) ;
#1249 = DIRECTION ( 'NONE',  ( -7.905969692250800135E-05, -0.9999999968747821377, 1.291272751763349927E-15 ) ) ;
#1250 = AXIS2_PLACEMENT_3D ( 'NONE', #1096, #909, #244 ) ;
#1251 = AXIS2_PLACEMENT_3D ( 'NONE', #382, #348, #332 ) ;
#1252 = ORIENTED_EDGE ( 'NONE', *, *, #495, .F. ) ;
#1253 = CARTESIAN_POINT ( 'NONE',  ( 0.3025084577206442749, -0.1340607951026932532, 0.8999993141759692339 ) ) ;
#1254 = VECTOR ( 'NONE', #901, 1000.000000000000000 ) ;
#1255 = DIRECTION ( 'NONE',  ( -7.185391372090370665E-14, 0.000000000000000000, -1.000000000000000000 ) ) ;
#1256 = ORIENTED_EDGE ( 'NONE', *, *, #450, .F. ) ;
#1257 = CARTESIAN_POINT ( 'NONE',  ( 0.1873933356750512313, 0.5896370395942943654, 0.3996418952714555495 ) ) ;
#1258 = EDGE_CURVE ( 'NONE', #369, #1310, #941, .T. ) ;
#1259 = ORIENTED_EDGE ( 'NONE', *, *, #365, .F. ) ;
#1260 = CARTESIAN_POINT ( 'NONE',  ( 0.1933688964243547581, -0.4765467760529010222, 0.8450225902241896847 ) ) ;
#1261 = CARTESIAN_POINT ( 'NONE',  ( -0.1339866436404051342, -0.7046913405387259521, 0.08955161600413129308 ) ) ;
#1262 = APPROVAL ( #92, '未' ) ;
#1263 = B_SPLINE_CURVE_WITH_KNOTS ( 'NONE', 3,
 ( #557, #1321, #15, #1314, #771, #1205, #459, #234 ),
 .UNSPECIFIED., .F., .F.,
 ( 4, 2, 2, 4 ),
 ( -0.1727919863743710149, -0.1722043019483570081, -0.1505519768992579777, -0.1294391210601619768 ),
 .UNSPECIFIED. ) ;
#1264 = DIRECTION ( 'NONE',  ( -7.905969699955196339E-05, -0.9999999968745995060, 6.045385761107106555E-07 ) ) ;
#1265 = CARTESIAN_POINT ( 'NONE',  ( 0.1338558020946749028, -0.4407775006334382906, 0.8999991981312086553 ) ) ;
#1266 = ORIENTED_EDGE ( 'NONE', *, *, #745, .F. ) ;
#1267 = CARTESIAN_POINT ( 'NONE',  ( 0.1848971597198453276, -0.4851711430353086163, 0.6956926824155038602 ) ) ;
#1268 = ORIENTED_EDGE ( 'NONE', *, *, #1305, .T. ) ;
#1269 = CARTESIAN_POINT ( 'NONE',  ( 0.2033588358497697146, 0.4169139915986156963, 0.4536299778913447378 ) ) ;
#1270 = DIRECTION ( 'NONE',  ( 0.000000000000000000, 3.857318605091488649E-05, -0.9999999992560545392 ) ) ;
#1271 = CARTESIAN_POINT ( 'NONE',  ( 0.1576171049798446577, 0.6056185491360357442, 0.3694817826970693275 ) ) ;
#1272 = AXIS2_PLACEMENT_3D ( 'NONE', #744, #982, #1175 ) ;
#1273 = ORIENTED_EDGE ( 'NONE', *, *, #450, .T. ) ;
#1274 = DIRECTION ( 'NONE',  ( 7.905969700285611016E-05, 0.9999999968747821377, -1.291272996791880221E-15 ) ) ;
#1275 = VECTOR ( 'NONE', #928, 1000.000000000000114 ) ;
#1276 = EDGE_CURVE ( 'NONE', #762, #453, #239, .T. ) ;
#1277 = VECTOR ( 'NONE', #380, 1000.000000000000114 ) ;
#1278 = DIRECTION ( 'NONE',  ( -0.9999999968747821377, 7.905969700244820620E-05, 0.000000000000000000 ) ) ;
#1279 = LINE ( 'NONE', #1089, #840 ) ;
#1280 = DIRECTION ( 'NONE',  ( 0.000000000000000000, 3.857318605091488649E-05, -0.9999999992560545392 ) ) ;
#1281 = ORIENTED_EDGE ( 'NONE', *, *, #615, .F. ) ;
#1282 = DIRECTION ( 'NONE',  ( 7.905969700255028384E-05, 0.9999999968747821377, 0.000000000000000000 ) ) ;
#1283 = ORIENTED_EDGE ( 'NONE', *, *, #727, .F. ) ;
#1284 = LINE ( 'NONE', #564, #704 ) ;
#1285 = CARTESIAN_POINT ( 'NONE',  ( 0.1488131904206852485, 0.5510629959456492255, -0.1968021362063760160 ) ) ;
#1286 = APPROVAL_STATUS ( 'not_yet_approved' ) ;
#1287 = ORIENTED_EDGE ( 'NONE', *, *, #96, .T. ) ;
#1288 = CYLINDRICAL_SURFACE ( 'NONE', #1052, 0.4418363517173091171 ) ;
#1289 = EDGE_LOOP ( 'NONE', ( #1226, #3, #271, #21 ) ) ;
#1290 = CARTESIAN_POINT ( 'NONE',  ( 0.2032906746213268834, -0.4410312343662524670, 0.6777988393515358423 ) ) ;
#1291 = CARTESIAN_POINT ( 'NONE',  ( -0.03478563115637034464, -0.6055064572344757146, -0.1884747793170125918 ) ) ;
#1292 = ADVANCED_FACE ( 'NONE', ( #1035 ), #300, .F. ) ;
#1293 = ORIENTED_EDGE ( 'NONE', *, *, #1165, .T. ) ;
#1294 = CARTESIAN_POINT ( 'NONE',  ( 0.2033578449536448118, 0.4043748445654990475, 0.5995665748823180152 ) ) ;
#1295 = CIRCLE ( 'NONE', #1071, 0.06447556706465232268 ) ;
#1296 = ORIENTED_EDGE ( 'NONE', *, *, #1160, .T. ) ;
#1297 = CIRCLE ( 'NONE', #1251, 0.4418363517173111710 ) ;
#1298 = FACE_OUTER_BOUND ( 'NONE', #1368, .T. ) ;
#1299 = VECTOR ( 'NONE', #1006, 1000.000000000000114 ) ;
#1300 = PERSON ( '未', '未', '未', ('未'), ('未'), ('未') ) ;
#1301 = CARTESIAN_POINT ( 'NONE',  ( -0.1338830568899649631, 0.6056418717559098885, 0.3544367988197805186 ) ) ;
#1302 = AXIS2_PLACEMENT_3D ( 'NONE', #226, #1393, #1083 ) ;
#1303 = ORIENTED_EDGE ( 'NONE', *, *, #790, .F. ) ;
#1304 = CARTESIAN_POINT ( 'NONE',  ( -0.1339788014935599236, -0.6054986150524670485, 0.08955155603830194933 ) ) ;
#1305 = EDGE_CURVE ( 'NONE', #746, #670, #1168, .T. ) ;
#1306 = ORIENTED_EDGE ( 'NONE', *, *, #782, .F. ) ;
#1307 = CARTESIAN_POINT ( 'NONE',  ( -0.1339700297412020069, -0.4944511822983425620, 0.4110219989415153097 ) ) ;
#1308 = CARTESIAN_POINT ( 'NONE',  ( -0.1934474952096640610, -0.008156927702074696571, -0.7364551587504376551 ) ) ;
#1309 = PERSON_AND_ORGANIZATION ( #1300, #756 ) ;
#1310 = VERTEX_POINT ( 'NONE', #72 ) ;
#1311 = CARTESIAN_POINT ( 'NONE',  ( 0.2032823148948536274, -0.5509690295890140588, 0.3171220630585852018 ) ) ;
#1312 = ORIENTED_EDGE ( 'NONE', *, *, #685, .F. ) ;
#1313 = EDGE_CURVE ( 'NONE', #1396, #1244, #693, .T. ) ;
#1314 = CARTESIAN_POINT ( 'NONE',  ( 0.2032021870573471056, -0.5587062078331431758, 0.4635754386262742610 ) ) ;
#1315 = LINE ( 'NONE', #1123, #841 ) ;
#1316 = PERSON_AND_ORGANIZATION ( #1300, #756 ) ;
#1317 = ORIENTED_EDGE ( 'NONE', *, *, #1365, .F. ) ;
#1318 = DIRECTION ( 'NONE',  ( -7.905969700244820620E-05, -0.9999999968747822487, 0.000000000000000000 ) ) ;
#1319 = ORIENTED_EDGE ( 'NONE', *, *, #1258, .F. ) ;
#1320 = AXIS2_PLACEMENT_3D ( 'NONE', #1248, #379, #398 ) ;
#1321 = CARTESIAN_POINT ( 'NONE',  ( 0.2032822999872977709, -0.5511632295141597471, 0.4633167755818738409 ) ) ;
#1322 = VECTOR ( 'NONE', #481, 1000.000000000000114 ) ;
#1323 = ADVANCED_FACE ( 'NONE', ( #844 ), #80, .F. ) ;
#1324 = VECTOR ( 'NONE', #425, 1000.000000000000114 ) ;
#1325 = AXIS2_PLACEMENT_3D ( 'NONE', #835, #1264, #607 ) ;
#1326 = LINE ( 'NONE', #452, #70 ) ;
#1327 = CIRCLE ( 'NONE', #707, 0.4418363517173091171 ) ;
#1328 = ORIENTED_EDGE ( 'NONE', *, *, #571, .F. ) ;
#1329 = LINE ( 'NONE', #474, #779 ) ;
#1330 = VERTEX_POINT ( 'NONE', #602 ) ;
#1331 = CARTESIAN_POINT ( 'NONE',  ( 0.2032910278346881927, -0.4407829759910728562, 0.8627043057319564445 ) ) ;
#1332 = EDGE_CURVE ( 'NONE', #837, #205, #1040, .T. ) ;
#1333 = CARTESIAN_POINT ( 'NONE',  ( 0.1008820199545428370, 0.7048168806724286473, -0.8999995493839110239 ) ) ;
#1334 = VERTEX_POINT ( 'NONE', #492 ) ;
#1335 = CARTESIAN_POINT ( 'NONE',  ( 0.4116873186341829527, 0.7047923084996123855, -0.5627427379935513452 ) ) ;
#1336 = EDGE_LOOP ( 'NONE', ( #67, #1303, #997, #1056 ) ) ;
#1337 = CYLINDRICAL_SURFACE ( 'NONE', #866, 0.1091124981094117180 ) ;
#1338 = VERTEX_POINT ( 'NONE', #405 ) ;
#1339 = CARTESIAN_POINT ( 'NONE',  ( -0.1948782560611662940, -0.7046865345525626934, 0.07617566689162143245 ) ) ;
#1340 = EDGE_CURVE ( 'NONE', #746, #74, #498, .T. ) ;
#1341 = ORIENTED_EDGE ( 'NONE', *, *, #262, .T. ) ;
#1342 = AXIS2_PLACEMENT_3D ( 'NONE', #654, #196, #1399 ) ;
#1343 = AXIS2_PLACEMENT_3D ( 'NONE', #1038, #1364, #389 ) ;
#1344 = CARTESIAN_POINT ( 'NONE',  ( -0.1338751817640656538, 0.7048353651502292649, -0.4635495562303738049 ) ) ;
#1345 = CALENDAR_DATE ( 2026, 29, 6 ) ;
#1346 = EDGE_CURVE ( 'NONE', #105, #1093, #385, .T. ) ;
#1347 = EDGE_LOOP ( 'NONE', ( #160, #795, #741, #1235, #1296 ) ) ;
#1348 = DIRECTION ( 'NONE',  ( -0.8710826422960882276, 6.916444090851522756E-05, 0.4911364632225400095 ) ) ;
#1349 = AXIS2_PLACEMENT_3D ( 'NONE', #862, #978, #2 ) ;
#1350 = CIRCLE ( 'NONE', #554, 0.2101075873892328527 ) ;
#1351 = ORIENTED_EDGE ( 'NONE', *, *, #1247, .F. ) ;
#1352 = CARTESIAN_POINT ( 'NONE',  ( 0.2032823153406682071, -0.5509690295890429246, 0.4633101098228359360 ) ) ;
#1353 = CYLINDRICAL_SURFACE ( 'NONE', #1320, 0.09919318009946520576 ) ;
#1354 = CARTESIAN_POINT ( 'NONE',  ( -0.03973644774643875915, -0.4936951060579118367, 0.7037083698858390690 ) ) ;
#1355 = ORIENTED_EDGE ( 'NONE', *, *, #628, .F. ) ;
#1356 = DIRECTION ( 'NONE',  ( 0.000000000000000000, 3.857318605091488649E-05, -0.9999999992560545392 ) ) ;
#1357 = ADVANCED_FACE ( 'NONE', ( #399 ), #278, .F. ) ;
#1358 = LINE ( 'NONE', #510, #204 ) ;
#1359 = CARTESIAN_POINT ( 'NONE',  ( -0.3025035887311900984, 0.7048487722165220903, -0.8999995481537497177 ) ) ;
#1360 = DIRECTION ( 'NONE',  ( -4.113138742219916580E-08, 6.045418277229822150E-07, 0.9999999999998163691 ) ) ;
#1361 = ORIENTED_EDGE ( 'NONE', *, *, #661, .F. ) ;
#1362 = LINE ( 'NONE', #402, #619 ) ;
#1363 = EDGE_LOOP ( 'NONE', ( #220, #293, #948, #1129 ) ) ;
#1364 = DIRECTION ( 'NONE',  ( 7.905969699475646941E-05, 0.9999999968745995060, -6.045385698636597104E-07 ) ) ;
#1365 = EDGE_CURVE ( 'NONE', #1396, #424, #824, .T. ) ;
#1366 = CYLINDRICAL_SURFACE ( 'NONE', #1133, 0.05455624905470658759 ) ;
#1367 = CARTESIAN_POINT ( 'NONE',  ( 0.2072579782517579294, -0.4917387342531257532, 0.8999991785466858740 ) ) ;
#1368 = EDGE_LOOP ( 'NONE', ( #555, #117, #1118, #222 ) ) ;
#1369 = LINE ( 'NONE', #626, #480 ) ;
#1370 = CARTESIAN_POINT ( 'NONE',  ( -0.1339866511406496152, -0.7046911250306686636, 0.4460341730202667665 ) ) ;
#1371 = DIRECTION ( 'NONE',  ( -0.9999999968747821377, 7.905969700228701244E-05, 3.049584605674390292E-09 ) ) ;
#1372 = CARTESIAN_POINT ( 'NONE',  ( 0.1547080779123788941, -0.4921564119632242940, 0.7048313001360283492 ) ) ;
#1373 = EDGE_CURVE ( 'NONE', #545, #767, #1327, .T. ) ;
#1374 = ORIENTED_EDGE ( 'NONE', *, *, #129, .F. ) ;
#1375 = DIRECTION ( 'NONE',  ( 7.905969700255028384E-05, 0.9999999968747821377, 0.000000000000000000 ) ) ;
#1376 = FACE_OUTER_BOUND ( 'NONE', #1211, .T. ) ;
#1377 = CARTESIAN_POINT ( 'NONE',  ( -0.08613288257469821352, -0.7046952406107747091, -0.1036009777205224303 ) ) ;
#1378 = DIRECTION ( 'NONE',  ( -0.9999999968747822487, 7.905969700228701244E-05, 3.049584403888850565E-09 ) ) ;
#1379 = ORIENTED_EDGE ( 'NONE', *, *, #254, .T. ) ;
#1380 = CARTESIAN_POINT ( 'NONE',  ( 0.1719668624852873084, -0.4920192101888969938, 0.7010339099771955018 ) ) ;
#1381 = EDGE_CURVE ( 'NONE', #1203, #369, #99, .T. ) ;
#1382 = PRODUCT_DEFINITION_SHAPE ( 'NONE', 'NONE',  #778 ) ;
#1383 = CARTESIAN_POINT ( 'NONE',  ( 0.1041884167837591746, 0.7048166192696904142, 0.3544367984570794272 ) ) ;
#1384 = CYLINDRICAL_SURFACE ( 'NONE', #1342, 0.04959659004973254043 ) ;
#1385 = EDGE_CURVE ( 'NONE', #777, #453, #1077, .T. ) ;
#1386 = CARTESIAN_POINT ( 'NONE',  ( 0.1664599385323080327, 0.6034466247186636156, 0.3756291733340541006 ) ) ;
#1387 = ORIENTED_EDGE ( 'NONE', *, *, #513, .T. ) ;
#1388 = CARTESIAN_POINT ( 'NONE',  ( 0.1873933330913945539, 0.5896370395944887655, -0.4475704018181086985 ) ) ;
#1389 = VECTOR ( 'NONE', #520, 1000.000000000000000 ) ;
#1390 = AXIS2_PLACEMENT_3D ( 'NONE', #597, #1219, #810 ) ;
#1391 = CARTESIAN_POINT ( 'NONE',  ( 0.1488175028077370898, 0.6056192448299204667, -0.4635495570924920150 ) ) ;
#1392 = CARTESIAN_POINT ( 'NONE',  ( -0.3025033598805952906, 0.7048479433332494049, -0.5627427358155232540 ) ) ;
#1393 = DIRECTION ( 'NONE',  ( -7.905969700254910477E-05, -0.9999999968747822487, 1.065207494137046138E-16 ) ) ;
#1394 = ORIENTED_EDGE ( 'NONE', *, *, #745, .T. ) ;
#1395 = CARTESIAN_POINT ( 'NONE',  ( 0.1576630005973887194, -0.4921329712842481552, 0.8359993687042613919 ) ) ;
#1396 = VERTEX_POINT ( 'NONE', #212 ) ;
#1397 = LINE ( 'NONE', #627, #1324 ) ;
#1398 = ADVANCED_FACE ( 'NONE', ( #17 ), #542, .T. ) ;
#1399 = DIRECTION ( 'NONE',  ( 0.7127054932646404994, -0.7014633845542711521, -2.686757494944637210E-07 ) ) ;
#1400 = ORIENTED_EDGE ( 'NONE', *, *, #1112, .T. ) ;
#1401 = DIRECTION ( 'NONE',  ( 0.9999999968747822487, -7.905969700255771062E-05, -3.049584408676870563E-09 ) ) ;
#1402 = EDGE_LOOP ( 'NONE', ( #199, #14 ) ) ;
#1403 = CARTESIAN_POINT ( 'NONE',  ( -0.1338752153943336132, 0.7048354405083842034, 0.1190318172990986745 ) ) ;
#1404 = EDGE_CURVE ( 'NONE', #762, #1334, #740, .T. ) ;
#1405 = CARTESIAN_POINT ( 'NONE',  ( 0.1873933356750512313, 0.5896370395942943654, 0.3996418952714555495 ) ) ;
#1406 = CARTESIAN_POINT ( 'NONE',  ( 0.8579530215228117207, -0.6055770368820808658, -0.4635495592553598443 ) ) ;
ENDSEC;
END-ISO-10303-21;
