ISO-10303-21;
HEADER;
FILE_DESCRIPTION (( 'STEP AP203' ),
    '1' );
FILE_NAME ('004619.step',
    '2026-06-29T01:50:49',
    ( '' ),
    ( '' ),
    'SwSTEP 2.0',
    'SolidWorks 2025',
    '' );
FILE_SCHEMA (( 'CONFIG_CONTROL_DESIGN' ));
ENDSEC;

DATA;
#1 = ORIENTED_EDGE ( 'NONE', *, *, #1792, .F. ) ;
#2 = CARTESIAN_POINT ( 'NONE',  ( -0.01176883416316467854, -0.03434608774197842745, -0.4499910136074742328 ) ) ;
#3 = AXIS2_PLACEMENT_3D ( 'NONE', #1364, #1357, #489 ) ;
#4 = CARTESIAN_POINT ( 'NONE',  ( 0.5249850805330734671, -0.03434608782726665532, 4.274981916900240788E-06 ) ) ;
#5 = AXIS2_PLACEMENT_3D ( 'NONE', #1634, #1080, #341 ) ;
#6 = CARTESIAN_POINT ( 'NONE',  ( -0.4500047114106083268, -0.03177252164346834606, -0.4499910136074742328 ) ) ;
#7 = CIRCLE ( 'NONE', #433, 0.3449963879185334870 ) ;
#8 = EDGE_CURVE ( 'NONE', #1299, #527, #797, .T. ) ;
#9 = CIRCLE ( 'NONE', #379, 0.4049957597304519874 ) ;
#10 = CARTESIAN_POINT ( 'NONE',  ( 0.1415364550983911340, 0.01065344103167252011, -0.1348837735863357701 ) ) ;
#11 = ORIENTED_EDGE ( 'NONE', *, *, #1707, .T. ) ;
#12 = DIRECTION ( 'NONE',  ( 0.000000000000000000, 0.000000000000000000, 1.000000000000000000 ) ) ;
#13 = DIRECTION ( 'NONE',  ( -1.000000000000000000, 0.000000000000000000, 0.000000000000000000 ) ) ;
#14 = ORIENTED_EDGE ( 'NONE', *, *, #1553, .T. ) ;
#15 = FACE_OUTER_BOUND ( 'NONE', #620, .T. ) ;
#16 = CARTESIAN_POINT ( 'NONE',  ( 0.1360147213493896612, 0.01065344104201986636, 0.4322041224014910865 ) ) ;
#17 = CARTESIAN_POINT ( 'NONE',  ( 0.1536711926058781374, 0.01065343907880812215, -0.4084405519542099738 ) ) ;
#18 = DIRECTION ( 'NONE',  ( 0.000000000000000000, 1.000000000000000000, 0.000000000000000000 ) ) ;
#19 = ORIENTED_EDGE ( 'NONE', *, *, #1508, .F. ) ;
#20 = CARTESIAN_POINT ( 'NONE',  ( -0.008407502590836932188, 0.01065344102468583284, -0.4119993997789956897 ) ) ;
#21 = ADVANCED_FACE ( 'NONE', ( #654 ), #1303, .T. ) ;
#22 = DIRECTION ( 'NONE',  ( 0.8333333333333348136, 0.000000000000000000, -0.5527707983925643775 ) ) ;
#23 = DESIGN_CONTEXT ( 'detailed design', #1520, 'design' ) ;
#24 = EDGE_LOOP ( 'NONE', ( #1219, #852, #1016, #142 ) ) ;
#25 = LINE ( 'NONE', #597, #726 ) ;
#26 = CARTESIAN_POINT ( 'NONE',  ( 0.07391476281132663972, 0.006413750330272935049, -0.1366831450518679880 ) ) ;
#27 = FACE_OUTER_BOUND ( 'NONE', #1833, .T. ) ;
#28 = FACE_OUTER_BOUND ( 'NONE', #1377, .T. ) ;
#29 = EDGE_LOOP ( 'NONE', ( #629, #1614, #75, #69 ) ) ;
#30 = CARTESIAN_POINT ( 'NONE',  ( -0.3387628987960483173, -0.03434608782726665532, -0.4499910136074742328 ) ) ;
#31 = DIRECTION ( 'NONE',  ( -1.000000000000000000, 0.000000000000000000, 0.000000000000000000 ) ) ;
#32 = EDGE_CURVE ( 'NONE', #1805, #1572, #38, .T. ) ;
#33 = ORIENTED_EDGE ( 'NONE', *, *, #1084, .F. ) ;
#34 = CARTESIAN_POINT ( 'NONE',  ( -0.3387628987960483173, 0.01065344103167252011, 0.4050000347123693389 ) ) ;
#35 = CARTESIAN_POINT ( 'NONE',  ( -0.02837943592203911666, 0.01065344103167252011, 0.4050000347123693389 ) ) ;
#36 = CARTESIAN_POINT ( 'NONE',  ( 0.4499858657681749530, 0.01065344103167252011, 4.274981916882062614E-06 ) ) ;
#37 = AXIS2_PLACEMENT_3D ( 'NONE', #1465, #1046, #168 ) ;
#38 = B_SPLINE_CURVE_WITH_KNOTS ( 'NONE', 3,
 ( #1336, #1474, #145, #582, #313, #889, #590, #49, #1166, #35 ),
 .UNSPECIFIED., .F., .F.,
 ( 4, 2, 2, 2, 4 ),
 ( 0.000000000000000000, 0.2500000000000000000, 0.5000000000000000000, 0.7500000000000000000, 1.000000000000000000 ),
 .UNSPECIFIED. ) ;
#39 = CARTESIAN_POINT ( 'NONE',  ( 0.2040179960976716000, 0.01065344103167252011, -0.3573086519478777534 ) ) ;
#40 = CIRCLE ( 'NONE', #551, 0.08249913624138849322 ) ;
#41 = CIRCLE ( 'NONE', #1000, 0.1574983510062870906 ) ;
#42 = CIRCLE ( 'NONE', #1345, 0.08249913624138849322 ) ;
#43 = ORIENTED_EDGE ( 'NONE', *, *, #144, .F. ) ;
#44 = CARTESIAN_POINT ( 'NONE',  ( -0.4500047114106083268, -0.03434608782726665532, -0.3749917988425762738 ) ) ;
#45 = AXIS2_PLACEMENT_3D ( 'NONE', #1875, #1264, #1559 ) ;
#46 = AXIS2_PLACEMENT_3D ( 'NONE', #1394, #91, #1519 ) ;
#47 = ORIENTED_EDGE ( 'NONE', *, *, #606, .T. ) ;
#48 = CARTESIAN_POINT ( 'NONE',  ( -0.01929077683236351745, 0.01065344103167242991, -0.4499910136074747879 ) ) ;
#49 = CARTESIAN_POINT ( 'NONE',  ( -0.01505340507971839915, 0.01065344102467861639, 0.4136479770051402216 ) ) ;
#50 = CARTESIAN_POINT ( 'NONE',  ( 0.2569800994098089819, -0.03434608782726665532, -0.4499910136074742328 ) ) ;
#51 = ORIENTED_EDGE ( 'NONE', *, *, #1399, .T. ) ;
#52 = CARTESIAN_POINT ( 'NONE',  ( -0.3742995142823619670, 0.01065344103200769645, 0.4132234390521435929 ) ) ;
#53 = ORIENTED_EDGE ( 'NONE', *, *, #1571, .F. ) ;
#54 = CARTESIAN_POINT ( 'NONE',  ( 0.5249850805330734671, 0.01065344103167252011, 4.274981916900240788E-06 ) ) ;
#55 = B_SPLINE_CURVE_WITH_KNOTS ( 'NONE', 3,
 ( #1115, #1143, #1258, #402, #1274, #1283 ),
 .UNSPECIFIED., .F., .F.,
 ( 4, 2, 4 ),
 ( -2.140052436511579787E-07, 4.935230100719048421E-05, 9.891860725803212548E-05 ),
 .UNSPECIFIED. ) ;
#56 = CARTESIAN_POINT ( 'NONE',  ( 0.2381286731394805511, 0.007254162593004639947, 0.1587235117741641888 ) ) ;
#57 = EDGE_CURVE ( 'NONE', #945, #586, #381, .T. ) ;
#58 = CARTESIAN_POINT ( 'NONE',  ( -0.03767607760108939580, 0.01065344103167252011, -0.07987941555748422073 ) ) ;
#59 = ORIENTED_EDGE ( 'NONE', *, *, #1754, .F. ) ;
#60 = CARTESIAN_POINT ( 'NONE',  ( 0.09335873756939484791, 0.01065344102847726529, 0.4394737289782493783 ) ) ;
#61 = ORIENTED_EDGE ( 'NONE', *, *, #959, .T. ) ;
#62 = CARTESIAN_POINT ( 'NONE',  ( 0.2721959143673334802, 0.01065344103173208531, -0.4083523856312525346 ) ) ;
#63 = CARTESIAN_POINT ( 'NONE',  ( 0.8967159598161014156, 0.0003470376906936882967, 0.05521627328577540655 ) ) ;
#64 = CARTESIAN_POINT ( 'NONE',  ( -0.4500047114106083268, -0.03434608782726665532, 0.4499995635713080477 ) ) ;
#65 = CIRCLE ( 'NONE', #1307, 0.04499952885893916676 ) ;
#66 = ORIENTED_EDGE ( 'NONE', *, *, #1674, .T. ) ;
#67 = CARTESIAN_POINT ( 'NONE',  ( 0.1805298159895357690, 0.01065344103167252011, 0.01931951262158541210 ) ) ;
#68 = CIRCLE ( 'NONE', #1039, 0.1199987436238376809 ) ;
#69 = ORIENTED_EDGE ( 'NONE', *, *, #791, .T. ) ;
#70 = CARTESIAN_POINT ( 'NONE',  ( 0.8553216856404746160, 0.01065344103164343227, 0.1015721062186706047 ) ) ;
#71 = DIRECTION ( 'NONE',  ( 0.000000000000000000, -1.000000000000000000, 0.000000000000000000 ) ) ;
#72 = CIRCLE ( 'NONE', #613, 0.4049957597304519874 ) ;
#73 = CARTESIAN_POINT ( 'NONE',  ( 0.2772778042486022110, 0.01065344103167252011, 0.2401367653961961335 ) ) ;
#74 = CARTESIAN_POINT ( 'NONE',  ( -0.4500047114106083268, 0.01065344103167252011, -0.4499910136074742328 ) ) ;
#75 = ORIENTED_EDGE ( 'NONE', *, *, #882, .F. ) ;
#76 = CARTESIAN_POINT ( 'NONE',  ( 0.03609465773257832660, -0.02462022672564709302, 0.4499995635713080477 ) ) ;
#77 = ORIENTED_EDGE ( 'NONE', *, *, #1537, .F. ) ;
#78 = DIRECTION ( 'NONE',  ( 0.000000000000000000, 0.000000000000000000, -1.000000000000000000 ) ) ;
#79 = CARTESIAN_POINT ( 'NONE',  ( 0.4499858657681749530, 0.01065344103167252011, 4.274981916882062614E-06 ) ) ;
#80 = CARTESIAN_POINT ( 'NONE',  ( 0.8918586974755507990, 0.0008166330755556851749, 0.08794540975412255823 ) ) ;
#81 = DIRECTION ( 'NONE',  ( 0.000000000000000000, -1.000000000000000000, 0.000000000000000000 ) ) ;
#82 = CARTESIAN_POINT ( 'NONE',  ( -0.3387628987960483173, 0.01065344103167252011, -0.4049914847485355240 ) ) ;
#83 = CARTESIAN_POINT ( 'NONE',  ( -0.1125201081072611381, 0.01065337885082367868, 0.2498794767601018318 ) ) ;
#84 = EDGE_LOOP ( 'NONE', ( #627, #780, #637, #77, #555, #773, #1862 ) ) ;
#85 = CARTESIAN_POINT ( 'NONE',  ( 0.8765203052553180996, -0.03317091085371403486, -0.1435454275832010462 ) ) ;
#86 = DIRECTION ( 'NONE',  ( 0.000000000000000000, -1.000000000000000000, 0.000000000000000000 ) ) ;
#87 = CARTESIAN_POINT ( 'NONE',  ( 0.8680907407544877774, 0.01065344103188882625, -0.04148425391649378929 ) ) ;
#88 = EDGE_CURVE ( 'NONE', #1006, #588, #65, .T. ) ;
#89 = CARTESIAN_POINT ( 'NONE',  ( -0.02237778663121099340, 0.006514328850206887317, 0.4499995635713077147 ) ) ;
#90 = CARTESIAN_POINT ( 'NONE',  ( -0.3835144408112480252, 0.01065344103125740773, -0.4148021242229702477 ) ) ;
#91 = DIRECTION ( 'NONE',  ( 0.000000000000000000, 0.000000000000000000, -1.000000000000000000 ) ) ;
#92 = VERTEX_POINT ( 'NONE', #608 ) ;
#93 = FACE_OUTER_BOUND ( 'NONE', #934, .T. ) ;
#94 = CARTESIAN_POINT ( 'NONE',  ( 0.7874823322102179057, 0.01065344103167252011, -0.2238655544698890110 ) ) ;
#95 = AXIS2_PLACEMENT_3D ( 'NONE', #327, #900, #1370 ) ;
#96 = AXIS2_PLACEMENT_3D ( 'NONE', #894, #1312, #744 ) ;
#97 = CIRCLE ( 'NONE', #1044, 0.04499952885893916676 ) ;
#98 = CARTESIAN_POINT ( 'NONE',  ( 0.8615635843356448387, 0.004477360129247975710, -0.1822497839616258331 ) ) ;
#99 = CIRCLE ( 'NONE', #584, 0.4499952885893915844 ) ;
#100 = FACE_OUTER_BOUND ( 'NONE', #84, .T. ) ;
#101 = CARTESIAN_POINT ( 'NONE',  ( -0.09272546791413681377, 0.008071652805822357099, 0.1930123284920348958 ) ) ;
#102 = ORIENTED_EDGE ( 'NONE', *, *, #476, .F. ) ;
#103 = CARTESIAN_POINT ( 'NONE',  ( 0.8565543584378109143, -0.03391250316061651671, -0.1928709700262039584 ) ) ;
#104 = CARTESIAN_POINT ( 'NONE',  ( -0.4500047114106083268, -0.03434608782726665532, -0.4499910136074742328 ) ) ;
#105 = CARTESIAN_POINT ( 'NONE',  ( 0.1285183930184500001, 0.01065344102028816312, -0.4213736869911602345 ) ) ;
#106 = EDGE_CURVE ( 'NONE', #800, #1805, #966, .T. ) ;
#107 = CARTESIAN_POINT ( 'NONE',  ( 0.002978041589572540376, 0.01065340538335383946, -0.1324582523219970109 ) ) ;
#108 = CC_DESIGN_PERSON_AND_ORGANIZATION_ASSIGNMENT ( #1856, #816, ( #450 ) ) ;
#109 =( NAMED_UNIT ( * ) SI_UNIT ( $, .STERADIAN. ) SOLID_ANGLE_UNIT ( ) );
#110 = CARTESIAN_POINT ( 'NONE',  ( -0.04050665966873733675, 0.01065342025609352858, 0.09309424766094816228 ) ) ;
#111 = VERTEX_POINT ( 'NONE', #453 ) ;
#112 = CARTESIAN_POINT ( 'NONE',  ( 0.8355042020206802089, -0.03434608782726663451, 0.2328856224650180107 ) ) ;
#113 = DIRECTION ( 'NONE',  ( 0.000000000000000000, 0.000000000000000000, -1.000000000000000000 ) ) ;
#114 = CARTESIAN_POINT ( 'NONE',  ( 0.07756984060994799590, -0.02494282796244707764, -0.4499910136074742328 ) ) ;
#115 = COORDINATED_UNIVERSAL_TIME_OFFSET ( 8, 0, .AHEAD. ) ;
#116 = CARTESIAN_POINT ( 'NONE',  ( 0.3035892745619582778, 0.01065344103167252011, -0.4049914847485355240 ) ) ;
#117 = ADVANCED_FACE ( 'NONE', ( #1206 ), #1305, .T. ) ;
#118 = VERTEX_POINT ( 'NONE', #1199 ) ;
#119 = CARTESIAN_POINT ( 'NONE',  ( 0.8478947668605650856, -0.03412345031646585314, -0.2102933448341596512 ) ) ;
#120 = CARTESIAN_POINT ( 'NONE',  ( 0.7874823322102179057, 0.01065344103167252011, 0.2238741044337229646 ) ) ;
#121 = CARTESIAN_POINT ( 'NONE',  ( 0.08817487187554262640, 0.01065344104082888328, -0.4317018993775121882 ) ) ;
#122 = CIRCLE ( 'NONE', #154, 0.08249913624138849322 ) ;
#123 = AXIS2_PLACEMENT_3D ( 'NONE', #1284, #1850, #421 ) ;
#124 = CARTESIAN_POINT ( 'NONE',  ( -0.3387628987960483173, -0.03434608782726665532, -0.4499910136074742328 ) ) ;
#125 = CIRCLE ( 'NONE', #549, 0.1199987436238376809 ) ;
#126 =( LENGTH_UNIT ( ) NAMED_UNIT ( * ) SI_UNIT ( .MILLI., .METRE. ) );
#127 = DIRECTION ( 'NONE',  ( 0.000000000000000000, 0.000000000000000000, 1.000000000000000000 ) ) ;
#128 = ADVANCED_FACE ( 'NONE', ( #1349 ), #632, .T. ) ;
#129 = ORIENTED_EDGE ( 'NONE', *, *, #1429, .F. ) ;
#130 = DIRECTION ( 'NONE',  ( 0.000000000000000000, -1.000000000000000000, 0.000000000000000000 ) ) ;
#131 = DIRECTION ( 'NONE',  ( -1.000000000000000000, 0.000000000000000000, 0.000000000000000000 ) ) ;
#132 = EDGE_CURVE ( 'NONE', #1746, #1572, #1764, .T. ) ;
#133 = ORIENTED_EDGE ( 'NONE', *, *, #1012, .F. ) ;
#134 = CARTESIAN_POINT ( 'NONE',  ( 0.8618349860489780134, -0.03376221047056116031, -0.1816430932224504524 ) ) ;
#135 = CARTESIAN_POINT ( 'NONE',  ( -0.3473824771376071152, 0.01065344103167252011, -0.4073590589716363231 ) ) ;
#136 = CARTESIAN_POINT ( 'NONE',  ( 0.07391476281132663972, -0.03434608782726665532, -0.03575252118058273865 ) ) ;
#137 = PERSON_AND_ORGANIZATION ( #400, #1671 ) ;
#138 = DIRECTION ( 'NONE',  ( 0.000000000000000000, -1.000000000000000000, 0.000000000000000000 ) ) ;
#139 = ORIENTED_EDGE ( 'NONE', *, *, #1754, .T. ) ;
#140 = CARTESIAN_POINT ( 'NONE',  ( 0.4499858657681749530, -0.03434608782726665532, 0.4499995635713080477 ) ) ;
#141 = CARTESIAN_POINT ( 'NONE',  ( 0.07391476281132663972, 0.01065344103167252011, -0.03575252118058273865 ) ) ;
#142 = ORIENTED_EDGE ( 'NONE', *, *, #1208, .T. ) ;
#143 = CARTESIAN_POINT ( 'NONE',  ( -0.01929077683236348623, -0.03434608782726665532, -0.4499910136074742328 ) ) ;
#144 = EDGE_CURVE ( 'NONE', #269, #502, #1191, .T. ) ;
#145 = CARTESIAN_POINT ( 'NONE',  ( 0.05980467700085811966, 0.01065344104002893116, 0.4384731828472425708 ) ) ;
#146 = CARTESIAN_POINT ( 'NONE',  ( -0.4500047114106083268, -0.03434608782726665532, 4.274981916986144329E-06 ) ) ;
#147 = APPROVAL_PERSON_ORGANIZATION ( #398, #1652, #1864 ) ;
#148 = FACE_BOUND ( 'NONE', #466, .T. ) ;
#149 = ORIENTED_EDGE ( 'NONE', *, *, #1577, .T. ) ;
#150 = CARTESIAN_POINT ( 'NONE',  ( -0.4500047114106083268, -0.03177252164346825586, 0.4499995635713080477 ) ) ;
#151 = DIRECTION ( 'NONE',  ( 0.000000000000000000, 0.000000000000000000, -1.000000000000000000 ) ) ;
#152 = VERTEX_POINT ( 'NONE', #186 ) ;
#153 = CARTESIAN_POINT ( 'NONE',  ( 0.03304472004737613045, -0.02831244561773152077, -0.4499910136074742328 ) ) ;
#154 = AXIS2_PLACEMENT_3D ( 'NONE', #1147, #1176, #1288 ) ;
#155 = CARTESIAN_POINT ( 'NONE',  ( 0.08232812661428665080, 0.007231708918613693679, 0.06668956444139696738 ) ) ;
#156 = CIRCLE ( 'NONE', #1372, 0.04499952885893916676 ) ;
#157 = CARTESIAN_POINT ( 'NONE',  ( 0.08232812661426762435, 0.01065344103167252011, 0.2444757705868327025 ) ) ;
#158 = CIRCLE ( 'NONE', #1458, 0.03749960738244932645 ) ;
#159 = AXIS2_PLACEMENT_3D ( 'NONE', #1747, #308, #12 ) ;
#160 =( GEOMETRIC_REPRESENTATION_CONTEXT ( 3 ) GLOBAL_UNCERTAINTY_ASSIGNED_CONTEXT ( ( #737 ) ) GLOBAL_UNIT_ASSIGNED_CONTEXT ( ( #126, #408, #109 ) ) REPRESENTATION_CONTEXT ( 'NONE', 'WORKASPACE' ) );
#161 = CARTESIAN_POINT ( 'NONE',  ( 0.2802846869858837131, 0.01065344103167252011, -0.4083514797355214387 ) ) ;
#162 = CIRCLE ( 'NONE', #732, 0.04499952885893916676 ) ;
#163 = VERTEX_POINT ( 'NONE', #864 ) ;
#164 = CARTESIAN_POINT ( 'NONE',  ( -0.4500047114106083268, -0.03434608782726665532, 0.4499995635713080477 ) ) ;
#165 = CARTESIAN_POINT ( 'NONE',  ( 0.05535615100874713423, -0.02539835141027252732, -0.4499910136074742328 ) ) ;
#166 = ORIENTED_EDGE ( 'NONE', *, *, #200, .F. ) ;
#167 = CARTESIAN_POINT ( 'NONE',  ( -0.3480331452151643190, -0.03434608780015957485, 0.4499995635713080477 ) ) ;
#168 = DIRECTION ( 'NONE',  ( 2.258778174970257801E-16, -1.000000000000000000, 0.000000000000000000 ) ) ;
#169 = DIRECTION ( 'NONE',  ( 0.000000000000000000, -1.000000000000000000, 0.000000000000000000 ) ) ;
#170 = B_SPLINE_CURVE_WITH_KNOTS ( 'NONE', 3,
 ( #1272, #799, #110, #268, #1846, #837, #542, #101, #1702, #83, #1415, #655, #1247 ),
 .UNSPECIFIED., .F., .F.,
 ( 4, 3, 3, 3, 4 ),
 ( -2.288974096666988547E-07, 2.646977960169688560E-23, 8.267081596222883419E-05, 0.0001729403895759338032, 0.0001731692869856005213 ),
 .UNSPECIFIED. ) ;
#171 = DIRECTION ( 'NONE',  ( 0.000000000000000000, 0.000000000000000000, 1.000000000000000000 ) ) ;
#172 = EDGE_CURVE ( 'NONE', #1325, #1805, #1495, .T. ) ;
#173 = ORIENTED_EDGE ( 'NONE', *, *, #801, .T. ) ;
#174 = DIRECTION ( 'NONE',  ( 0.000000000000000000, -1.000000000000000000, 0.000000000000000000 ) ) ;
#175 = EDGE_CURVE ( 'NONE', #340, #366, #1165, .T. ) ;
#176 = EDGE_CURVE ( 'NONE', #321, #1486, #720, .T. ) ;
#177 = ORIENTED_EDGE ( 'NONE', *, *, #1792, .T. ) ;
#178 = CYLINDRICAL_SURFACE ( 'NONE', #190, 0.04499952885893916676 ) ;
#179 = CARTESIAN_POINT ( 'NONE',  ( 0.1898627532966137288, 0.01065344103167249236, 0.08184075783664787607 ) ) ;
#180 = CARTESIAN_POINT ( 'NONE',  ( 0.002850605130816476554, 0.01065344103167250624, -0.1324457679171523461 ) ) ;
#181 = PLANE ( 'NONE',  #1735 ) ;
#182 = ORIENTED_EDGE ( 'NONE', *, *, #106, .T. ) ;
#183 = CARTESIAN_POINT ( 'NONE',  ( 0.09250939428227619721, -0.001892570514733195406, 0.4499995635713078257 ) ) ;
#184 = ORIENTED_EDGE ( 'NONE', *, *, #791, .F. ) ;
#185 = CARTESIAN_POINT ( 'NONE',  ( -0.01929077683236348623, 0.01065344103167252011, -0.4049914847485355240 ) ) ;
#186 = CARTESIAN_POINT ( 'NONE',  ( -0.01929077683236359378, -0.03434608782726665532, -0.4499910136074742328 ) ) ;
#187 = VECTOR ( 'NONE', #705, 1000.000000000000000 ) ;
#188 = CARTESIAN_POINT ( 'NONE',  ( 0.2076738903449322216, 0.009105011541056582877, -0.3248782163688769264 ) ) ;
#189 = CIRCLE ( 'NONE', #1767, 0.03749960738244932645 ) ;
#190 = AXIS2_PLACEMENT_3D ( 'NONE', #605, #1195, #1061 ) ;
#191 = CIRCLE ( 'NONE', #404, 0.1199987436238376809 ) ;
#192 = EDGE_LOOP ( 'NONE', ( #1395, #909, #1509, #1052, #1807, #1025, #1477, #1605, #1001, #1239 ) ) ;
#193 = DIRECTION ( 'NONE',  ( 0.000000000000000000, 0.000000000000000000, -1.000000000000000000 ) ) ;
#194 = CIRCLE ( 'NONE', #1549, 0.3449963879185334870 ) ;
#195 = AXIS2_PLACEMENT_3D ( 'NONE', #1712, #1230, #1765 ) ;
#196 = ORIENTED_EDGE ( 'NONE', *, *, #32, .F. ) ;
#197 = CARTESIAN_POINT ( 'NONE',  ( 0.2883919279306282890, 0.01065344103161304859, -0.4083505728062059026 ) ) ;
#198 = ADVANCED_FACE ( 'NONE', ( #1373 ), #1491, .T. ) ;
#199 = CARTESIAN_POINT ( 'NONE',  ( 0.8919614226513211674, -0.03232168341698220260, -0.08735396557235040882 ) ) ;
#200 = EDGE_CURVE ( 'NONE', #1703, #1684, #1836, .T. ) ;
#201 = CARTESIAN_POINT ( 'NONE',  ( 0.2958209658547256704, -0.03434608782726665532, -0.4499910136074742328 ) ) ;
#202 = ORIENTED_EDGE ( 'NONE', *, *, #1595, .T. ) ;
#203 = DIRECTION ( 'NONE',  ( 0.000000000000000000, 1.000000000000000000, 0.000000000000000000 ) ) ;
#204 = ORIENTED_EDGE ( 'NONE', *, *, #231, .F. ) ;
#205 = FACE_OUTER_BOUND ( 'NONE', #223, .T. ) ;
#206 = CARTESIAN_POINT ( 'NONE',  ( 0.8774946541381869469, 0.002402778058970914902, 0.1409115942083927209 ) ) ;
#207 = DIRECTION ( 'NONE',  ( 0.000000000000000000, 1.000000000000000000, 0.000000000000000000 ) ) ;
#208 = ORIENTED_EDGE ( 'NONE', *, *, #1136, .F. ) ;
#209 = B_SPLINE_CURVE_WITH_KNOTS ( 'NONE', 3,
 ( #39, #1201, #188, #931, #1507, #1483 ),
 .UNSPECIFIED., .F., .F.,
 ( 4, 2, 4 ),
 ( -2.002478201761307238E-07, 4.879739884584053755E-05, 9.779504551185720337E-05 ),
 .UNSPECIFIED. ) ;
#210 = CARTESIAN_POINT ( 'NONE',  ( 0.08232812661426870682, -0.01826924904677517877, 0.4499995635713080477 ) ) ;
#211 = ORIENTED_EDGE ( 'NONE', *, *, #1123, .T. ) ;
#212 = CARTESIAN_POINT ( 'NONE',  ( 0.8662633789031162213, 0.01065344103191485405, 0.05155008874673971259 ) ) ;
#213 = DIRECTION ( 'NONE',  ( 0.000000000000000000, -1.000000000000000000, 0.000000000000000000 ) ) ;
#214 = CARTESIAN_POINT ( 'NONE',  ( 0.8607627383378749775, 0.01065344103145623306, -0.08182577222666620465 ) ) ;
#215 = CARTESIAN_POINT ( 'NONE',  ( 0.08232812661426762435, -0.03434608782726665532, 0.09447734105703561869 ) ) ;
#216 = ORIENTED_EDGE ( 'NONE', *, *, #1182, .F. ) ;
#217 = AXIS2_PLACEMENT_3D ( 'NONE', #388, #958, #1536 ) ;
#218 = CARTESIAN_POINT ( 'NONE',  ( 0.1464675511534298813, -0.02856738353295461275, 0.4499995635713080477 ) ) ;
#219 = AXIS2_PLACEMENT_3D ( 'NONE', #1180, #1331, #322 ) ;
#220 = ADVANCED_FACE ( 'NONE', ( #1844 ), #1607, .T. ) ;
#221 = AXIS2_PLACEMENT_3D ( 'NONE', #234, #1622, #1629 ) ;
#222 = AXIS2_PLACEMENT_3D ( 'NONE', #1409, #1129, #516 ) ;
#223 = EDGE_LOOP ( 'NONE', ( #848, #990, #477, #1433, #1360 ) ) ;
#224 = CARTESIAN_POINT ( 'NONE',  ( 0.2569800994098091484, 0.01065344103167254614, -0.4499910136074747879 ) ) ;
#225 = CARTESIAN_POINT ( 'NONE',  ( 0.06970808090985608496, 0.01065344103167252011, -0.2750494442447798948 ) ) ;
#226 = AXIS2_PLACEMENT_3D ( 'NONE', #1290, #138, #866 ) ;
#227 = CARTESIAN_POINT ( 'NONE',  ( 0.8249819395926681898, -0.03434608782726665532, 0.2487485299283685725 ) ) ;
#228 = CARTESIAN_POINT ( 'NONE',  ( 0.02819511652190732215, 0.01065344104219648376, 0.4320747061792935551 ) ) ;
#229 = CARTESIAN_POINT ( 'NONE',  ( -0.4115529821557941115, 0.01065344103250276571, -0.4186528225474521747 ) ) ;
#230 = LINE ( 'NONE', #817, #761 ) ;
#231 = EDGE_CURVE ( 'NONE', #1780, #296, #1444, .T. ) ;
#232 = ORIENTED_EDGE ( 'NONE', *, *, #473, .T. ) ;
#233 = CARTESIAN_POINT ( 'NONE',  ( 0.2569800994098089819, 0.01065344103167252011, -0.4049914847485355240 ) ) ;
#234 = CARTESIAN_POINT ( 'NONE',  ( 0.08232812661426762435, 0.01065344103167252011, 0.2444757705868327025 ) ) ;
#235 = ADVANCED_FACE ( 'NONE', ( #863 ), #1726, .T. ) ;
#236 = CARTESIAN_POINT ( 'NONE',  ( 0.2655900701930803409, 0.01063398558493871410, 0.2122040982086493000 ) ) ;
#237 = CARTESIAN_POINT ( 'NONE',  ( 0.009331138702236729809, 0.01065344102114855820, 0.4255701746555388132 ) ) ;
#238 = ADVANCED_FACE ( 'NONE', ( #432 ), #714, .F. ) ;
#239 = CARTESIAN_POINT ( 'NONE',  ( -0.4129213796416404958, -0.03228240819265903311, -0.4499910136074742328 ) ) ;
#240 = CARTESIAN_POINT ( 'NONE',  ( -0.3573105846889675363, -0.03434608782726665532, -0.4499910136074742328 ) ) ;
#241 = ORIENTED_EDGE ( 'NONE', *, *, #746, .F. ) ;
#242 = CARTESIAN_POINT ( 'NONE',  ( 0.8700586204463752749, -0.03345096984934794321, -0.1614420592284370737 ) ) ;
#243 = CARTESIAN_POINT ( 'NONE',  ( 0.07391476281132663972, 0.007201489243763099270, 0.06696165021674785334 ) ) ;
#244 = ADVANCED_FACE ( 'NONE', ( #15 ), #264, .T. ) ;
#245 = CARTESIAN_POINT ( 'NONE',  ( 0.8737930212100899485, 0.002852383672540324214, -0.1516622452473791460 ) ) ;
#246 = DIRECTION ( 'NONE',  ( 1.000000000000000000, 0.000000000000000000, 0.000000000000000000 ) ) ;
#247 = APPROVAL_STATUS ( 'not_yet_approved' ) ;
#248 = EDGE_CURVE ( 'NONE', #710, #1572, #25, .T. ) ;
#249 = CARTESIAN_POINT ( 'NONE',  ( -0.4500047114106083268, -0.03434608782726665532, -0.4499910136074742328 ) ) ;
#250 = AXIS2_PLACEMENT_3D ( 'NONE', #1407, #796, #81 ) ;
#251 = ORIENTED_EDGE ( 'NONE', *, *, #132, .T. ) ;
#252 = CARTESIAN_POINT ( 'NONE',  ( 0.8922628078385682615, -0.03230245522008956538, 0.08370733932612055284 ) ) ;
#253 = CARTESIAN_POINT ( 'NONE',  ( -0.4500047114106083268, -0.03434608782726665532, 4.274981916986144329E-06 ) ) ;
#254 = AXIS2_PLACEMENT_3D ( 'NONE', #996, #1692, #1271 ) ;
#255 = CARTESIAN_POINT ( 'NONE',  ( 0.8776202469030139897, -0.03311937496157318916, -0.1405192677747680030 ) ) ;
#256 = ADVANCED_FACE ( 'NONE', ( #1473 ), #178, .T. ) ;
#257 = CIRCLE ( 'NONE', #1316, 0.4499952885893915844 ) ;
#258 = CARTESIAN_POINT ( 'NONE',  ( 0.01778775221247699129, -0.02865365812951490426, 0.4499995635713080477 ) ) ;
#259 = CARTESIAN_POINT ( 'NONE',  ( 0.2802846869858837131, -0.03434608782726665532, -0.3633519508765827855 ) ) ;
#260 = ORIENTED_EDGE ( 'NONE', *, *, #1710, .T. ) ;
#261 = CARTESIAN_POINT ( 'NONE',  ( 0.8605664811590434393, -0.03379041480985180840, 0.1841870736257708863 ) ) ;
#262 = CARTESIAN_POINT ( 'NONE',  ( -0.03767607760108939580, 0.01065344103167252011, -0.07987941555748422073 ) ) ;
#263 = CARTESIAN_POINT ( 'NONE',  ( 0.1538449886567279934, 0.007323433448864107194, -0.4499910136074737887 ) ) ;
#264 =( BOUNDED_SURFACE ( )  B_SPLINE_SURFACE ( 3, 2, ( 
 ( #1740, #442, #886 ),
 ( #1021, #303, #749 ),
 ( #873, #1453, #1463 ),
 ( #1773, #728, #1334 ),
 ( #1315, #589, #1620 ),
 ( #1174, #1750, #452 ),
 ( #167, #325, #739 ),
 ( #1041, #1326, #34 ) ),
 .UNSPECIFIED., .F., .F., .T. ) 
 B_SPLINE_SURFACE_WITH_KNOTS ( ( 4, 2, 2, 4 ),
 ( 3, 3 ),
 ( 0.01058221269179960081, 0.01428529806797449939, 0.01613684075606190010, 0.01798838344414934939 ),
 ( 0.000000000000000000, 1.000000000000000000 ),
 .UNSPECIFIED. ) 
 GEOMETRIC_REPRESENTATION_ITEM ( )  RATIONAL_B_SPLINE_SURFACE ( (
 ( 1.000000000000000000, 0.8164965809277260345, 1.000000000000000000),
 ( 1.000000000000000000, 0.8164861135774059697, 1.000000000000000000),
 ( 1.000000000000000000, 0.8075398330419509829, 1.000000000000000000),
 ( 1.000000000000000000, 0.7804420760920470768, 1.000000000000000000),
 ( 1.000000000000000000, 0.7691289558979950147, 1.000000000000000000),
 ( 1.000000000000000000, 0.7417622048455250194, 1.000000000000000000),
 ( 1.000000000000000000, 0.7257047711944759616, 1.000000000000000000),
 ( 1.000000000000000000, 0.7071067811865480168, 1.000000000000000000) ) ) 
 REPRESENTATION_ITEM ( '' )  SURFACE ( )  );
#265 = EDGE_CURVE ( 'NONE', #321, #92, #609, .T. ) ;
#266 = DIRECTION ( 'NONE',  ( 0.000000000000000000, -1.000000000000000000, 0.000000000000000000 ) ) ;
#267 = DATE_AND_TIME ( #573, #1583 ) ;
#268 = CARTESIAN_POINT ( 'NONE',  ( -0.04054694463184778386, 0.01065337885086080523, 0.09315904486990082833 ) ) ;
#269 = VERTEX_POINT ( 'NONE', #1651 ) ;
#270 = CARTESIAN_POINT ( 'NONE',  ( 0.8467151725610366775, -0.03419399900789357738, 0.2138454041485037538 ) ) ;
#271 = CARTESIAN_POINT ( 'NONE',  ( 0.1743514518682976744, -0.03341361855643244089, 0.4499995635713080477 ) ) ;
#272 = CARTESIAN_POINT ( 'NONE',  ( 0.8270150426935688470, 0.01065344103186841203, -0.1670291074124501951 ) ) ;
#273 = ADVANCED_FACE ( 'NONE', ( #480 ), #377, .T. ) ;
#274 = CARTESIAN_POINT ( 'NONE',  ( -0.3387628987960477067, 0.01065344103167261032, -0.4499910136074741773 ) ) ;
#275 = CARTESIAN_POINT ( 'NONE',  ( 0.06970808090985608496, -0.03434608782726665532, -0.2750494442447798948 ) ) ;
#276 = PERSON_AND_ORGANIZATION_ROLE ( 'creator' ) ;
#277 = CARTESIAN_POINT ( 'NONE',  ( 0.06970808090985608496, 0.006419306052810079717, -0.1366073326190393733 ) ) ;
#278 = ADVANCED_FACE ( 'NONE', ( #1665 ), #1808, .F. ) ;
#279 = EDGE_LOOP ( 'NONE', ( #1820, #614 ) ) ;
#280 = CARTESIAN_POINT ( 'NONE',  ( 0.8760325528872737744, -0.03320177067317995473, 0.1458536854547871076 ) ) ;
#281 = CARTESIAN_POINT ( 'NONE',  ( 0.1284887087276848083, -0.02460377273637217796, 0.4499995635713080477 ) ) ;
#282 = ADVANCED_FACE ( 'NONE', ( #205 ), #1687, .T. ) ;
#283 = EDGE_LOOP ( 'NONE', ( #1403, #700, #1493, #510, #738, #925, #1114 ) ) ;
#284 = CARTESIAN_POINT ( 'NONE',  ( 0.1477312819562693891, 0.004644575454626476835, -0.4499910136074752876 ) ) ;
#285 = AXIS2_PLACEMENT_3D ( 'NONE', #532, #266, #397 ) ;
#286 = CIRCLE ( 'NONE', #96, 0.04499952885893916676 ) ;
#287 = AXIS2_PLACEMENT_3D ( 'NONE', #275, #1590, #1456 ) ;
#288 = ORIENTED_EDGE ( 'NONE', *, *, #370, .T. ) ;
#289 = DIRECTION ( 'NONE',  ( -1.000000000000000000, -0.000000000000000000, -0.000000000000000000 ) ) ;
#290 = CARTESIAN_POINT ( 'NONE',  ( -0.01929077683236348623, -0.03434608782726665532, -0.4049914847485355240 ) ) ;
#291 = ORIENTED_EDGE ( 'NONE', *, *, #231, .T. ) ;
#292 = DIRECTION ( 'NONE',  ( 1.000000000000000000, 0.000000000000000000, 0.000000000000000000 ) ) ;
#293 = DIRECTION ( 'NONE',  ( 0.000000000000000000, -1.000000000000000000, 0.000000000000000000 ) ) ;
#294 = ORIENTED_EDGE ( 'NONE', *, *, #1482, .F. ) ;
#295 = CARTESIAN_POINT ( 'NONE',  ( 0.004383651705974590113, 0.01065344103865922820, -0.4185417912152146758 ) ) ;
#296 = VERTEX_POINT ( 'NONE', #1646 ) ;
#297 = CARTESIAN_POINT ( 'NONE',  ( 0.07007919473143085776, 0.01065343134177365592, -0.4325474798251640607 ) ) ;
#298 = CARTESIAN_POINT ( 'NONE',  ( 0.4499858657681749530, 0.01065344103167252011, 4.274981916882062614E-06 ) ) ;
#299 = ORIENTED_EDGE ( 'NONE', *, *, #88, .F. ) ;
#300 = LINE ( 'NONE', #1450, #1643 ) ;
#301 = CARTESIAN_POINT ( 'NONE',  ( 0.06970808090985608496, -0.03434608782726665532, -0.2750494442447798948 ) ) ;
#302 = EDGE_LOOP ( 'NONE', ( #479, #33, #1587, #1103, #1248, #1739, #1340, #535, #641, #129 ) ) ;
#303 = CARTESIAN_POINT ( 'NONE',  ( -0.4309571887279884383, 4.695036283506223007E-05, 0.4499995635713084363 ) ) ;
#304 = CARTESIAN_POINT ( 'NONE',  ( 0.1549351842084363828, 0.01065344102132526408, 0.4257280801684446003 ) ) ;
#305 = CARTESIAN_POINT ( 'NONE',  ( 0.2802846869858837131, -0.03434608782726665532, -0.2883527361116841603 ) ) ;
#306 = CARTESIAN_POINT ( 'NONE',  ( 0.4499858657681749530, 0.01065344103167252011, 4.274981916882062614E-06 ) ) ;
#307 = VERTEX_POINT ( 'NONE', #630 ) ;
#308 = DIRECTION ( 'NONE',  ( 0.000000000000000000, 1.000000000000000000, 0.000000000000000000 ) ) ;
#309 = CARTESIAN_POINT ( 'NONE',  ( 0.4499858657681749530, -0.03434608782726665532, -0.4499910136074742328 ) ) ;
#310 = ORIENTED_EDGE ( 'NONE', *, *, #982, .F. ) ;
#311 = CARTESIAN_POINT ( 'NONE',  ( 0.4499858657681749530, -0.03434608782726665532, -0.4049914847485355240 ) ) ;
#312 = CIRCLE ( 'NONE', #1371, 0.07499921476489854189 ) ;
#313 = CARTESIAN_POINT ( 'NONE',  ( 0.02819511652190732215, 0.01065344104219648376, 0.4320747061792935551 ) ) ;
#314 = TOROIDAL_SURFACE ( 'NONE', #1580, 0.1199987436238376948, 0.04499952885893915983 ) ;
#315 = EDGE_CURVE ( 'NONE', #588, #354, #503, .T. ) ;
#316 = DIRECTION ( 'NONE',  ( 0.000000000000000000, -1.000000000000000000, 0.000000000000000000 ) ) ;
#317 = CIRCLE ( 'NONE', #547, 0.3449963879185334870 ) ;
#318 = AXIS2_PLACEMENT_3D ( 'NONE', #1594, #1313, #429 ) ;
#319 = CARTESIAN_POINT ( 'NONE',  ( 0.07391476281132663972, -0.03434608782726665532, -0.03575252118058273865 ) ) ;
#320 = CIRCLE ( 'NONE', #1550, 0.07499921476489854189 ) ;
#321 = VERTEX_POINT ( 'NONE', #1815 ) ;
#322 = DIRECTION ( 'NONE',  ( 0.8333333333333350357, 0.000000000000000000, 0.5527707983925639335 ) ) ;
#323 = CARTESIAN_POINT ( 'NONE',  ( 0.5249850805330734671, -0.03434608782726665532, 0.3000011340415115191 ) ) ;
#324 = ORIENTED_EDGE ( 'NONE', *, *, #924, .T. ) ;
#325 = CARTESIAN_POINT ( 'NONE',  ( -0.3471643865473103552, 0.008345770694368271833, 0.4499995635713076036 ) ) ;
#326 = CARTESIAN_POINT ( 'NONE',  ( 0.1188596590332093306, 0.01062832271378119815, -0.1363001142743081318 ) ) ;
#327 = CARTESIAN_POINT ( 'NONE',  ( 0.1930356891505743966, -0.03434608782726665532, 0.4050000347123693389 ) ) ;
#328 = EDGE_CURVE ( 'NONE', #1624, #1650, #911, .T. ) ;
#329 = FACE_OUTER_BOUND ( 'NONE', #1064, .T. ) ;
#330 = EDGE_LOOP ( 'NONE', ( #43, #11, #469, #1087, #854, #1077, #1714, #974, #431 ) ) ;
#331 = DIRECTION ( 'NONE',  ( -1.000000000000000000, 0.000000000000000000, 0.000000000000000000 ) ) ;
#332 = ORIENTED_EDGE ( 'NONE', *, *, #1873, .F. ) ;
#333 = CARTESIAN_POINT ( 'NONE',  ( 0.02674524874398259700, 0.01065344104319661256, -0.4267904532780961158 ) ) ;
#334 = B_SPLINE_CURVE_WITH_KNOTS ( 'NONE', 3,
 ( #1352, #494, #1078, #52, #1478, #365, #1641, #919 ),
 .UNSPECIFIED., .F., .F.,
 ( 4, 2, 2, 4 ),
 ( 0.000000000000000000, 0.2500000000000000000, 0.5000000000000000000, 1.000000000000000000 ),
 .UNSPECIFIED. ) ;
#335 = CARTESIAN_POINT ( 'NONE',  ( 0.1247722964377849797, 0.01063278978681358837, 0.06350417536187272227 ) ) ;
#336 = CARTESIAN_POINT ( 'NONE',  ( 0.07391476281132663972, 0.01065344103167252011, -0.03575252118058273865 ) ) ;
#337 = VERTEX_POINT ( 'NONE', #809 ) ;
#338 = CARTESIAN_POINT ( 'NONE',  ( 0.2802846869858837131, -0.03434608782726665532, -0.2433532072527450074 ) ) ;
#339 = ADVANCED_FACE ( 'NONE', ( #93 ), #1834, .T. ) ;
#340 = VERTEX_POINT ( 'NONE', #1685 ) ;
#341 = DIRECTION ( 'NONE',  ( 0.000000000000000000, 0.000000000000000000, -1.000000000000000000 ) ) ;
#342 = ADVANCED_FACE ( 'NONE', ( #1404 ), #314, .T. ) ;
#343 = CARTESIAN_POINT ( 'NONE',  ( 0.8406278971154892421, 0.01065344103211344692, 0.1396334221084229998 ) ) ;
#344 = PRODUCT_DEFINITION_SHAPE ( 'NONE', 'NONE',  #450 ) ;
#345 = EDGE_CURVE ( 'NONE', #604, #1221, #55, .T. ) ;
#346 = CYLINDRICAL_SURFACE ( 'NONE', #1514, 0.04499952885893916676 ) ;
#347 = AXIS2_PLACEMENT_3D ( 'NONE', #1523, #599, #1055 ) ;
#348 = VECTOR ( 'NONE', #1593, 1000.000000000000000 ) ;
#349 = CIRCLE ( 'NONE', #818, 0.1499984295297970838 ) ;
#350 = ORIENTED_EDGE ( 'NONE', *, *, #1182, .T. ) ;
#351 = CARTESIAN_POINT ( 'NONE',  ( 0.1636510769056325476, 0.01065344103804483425, 0.4219317619624761151 ) ) ;
#352 = AXIS2_PLACEMENT_3D ( 'NONE', #600, #1308, #1024 ) ;
#353 = EDGE_CURVE ( 'NONE', #118, #1496, #1558, .T. ) ;
#354 = VERTEX_POINT ( 'NONE', #1106 ) ;
#355 = CARTESIAN_POINT ( 'NONE',  ( 0.2239452615398817015, 0.007240668969939191915, 0.1330219744647798685 ) ) ;
#356 = LINE ( 'NONE', #64, #1825 ) ;
#357 = ORIENTED_EDGE ( 'NONE', *, *, #979, .F. ) ;
#358 = CARTESIAN_POINT ( 'NONE',  ( 0.09140668818999322931, -0.01826924904046879627, 0.4499995635713080477 ) ) ;
#359 = VERTEX_POINT ( 'NONE', #840 ) ;
#360 = CARTESIAN_POINT ( 'NONE',  ( 0.2647492888554321966, -0.03434608770529277988, -0.4499910136074742328 ) ) ;
#361 = CARTESIAN_POINT ( 'NONE',  ( 0.07391476281132665360, -0.03434608782726665532, 0.03924669358431579630 ) ) ;
#362 = CARTESIAN_POINT ( 'NONE',  ( 0.8995720335561945280, 8.356140360147603328E-05, 0.02214854810675985150 ) ) ;
#363 = DIRECTION ( 'NONE',  ( 0.000000000000000000, 0.000000000000000000, 1.000000000000000000 ) ) ;
#364 = EDGE_LOOP ( 'NONE', ( #495, #288, #1529 ) ) ;
#365 = CARTESIAN_POINT ( 'NONE',  ( -0.4115529821558255863, 0.01065344103250381175, 0.4186613725112859341 ) ) ;
#366 = VERTEX_POINT ( 'NONE', #1417 ) ;
#367 = CARTESIAN_POINT ( 'NONE',  ( 0.8270536447166050298, 0.01065344103191874156, 0.1669701899800055123 ) ) ;
#368 = CARTESIAN_POINT ( 'NONE',  ( 0.2802846869858837131, 0.01065344103167252011, -0.4083514797355214387 ) ) ;
#369 = CARTESIAN_POINT ( 'NONE',  ( 0.8999848442182138974, -0.03177225480126617124, 0.01089731743562489391 ) ) ;
#370 = EDGE_CURVE ( 'NONE', #307, #1799, #68, .T. ) ;
#371 = DIRECTION ( 'NONE',  ( 0.000000000000000000, 0.000000000000000000, -1.000000000000000000 ) ) ;
#372 = ORIENTED_EDGE ( 'NONE', *, *, #1848, .F. ) ;
#373 = AXIS2_PLACEMENT_3D ( 'NONE', #157, #1139, #1743 ) ;
#374 = CARTESIAN_POINT ( 'NONE',  ( 0.08232812661426765211, -0.03434608782726665532, 0.3944742001166297585 ) ) ;
#375 = AXIS2_PLACEMENT_3D ( 'NONE', #1023, #1752, #1567 ) ;
#376 = VERTEX_POINT ( 'NONE', #30 ) ;
#377 = CYLINDRICAL_SURFACE ( 'NONE', #5, 0.4499952885893915844 ) ;
#378 = DIRECTION ( 'NONE',  ( 0.000000000000000000, -1.000000000000000000, 0.000000000000000000 ) ) ;
#379 = AXIS2_PLACEMENT_3D ( 'NONE', #1027, #723, #860 ) ;
#380 = CARTESIAN_POINT ( 'NONE',  ( 0.8662633789031162213, 0.01065344103191485405, 0.05155008874673971259 ) ) ;
#381 = B_SPLINE_CURVE_WITH_KNOTS ( 'NONE', 3,
 ( #1185, #481, #471, #1054, #326, #715, #26 ),
 .UNSPECIFIED., .F., .F.,
 ( 4, 3, 4 ),
 ( -1.920697655559533240E-07, 0.000000000000000000, 6.758678357441306377E-05 ),
 .UNSPECIFIED. ) ;
#382 = CARTESIAN_POINT ( 'NONE',  ( 0.07189283715622529769, -0.001892570517691432794, 0.4499995635713238684 ) ) ;
#383 = VERTEX_POINT ( 'NONE', #1002 ) ;
#384 = DIRECTION ( 'NONE',  ( 0.000000000000000000, 0.000000000000000000, 1.000000000000000000 ) ) ;
#385 = ORIENTED_EDGE ( 'NONE', *, *, #565, .F. ) ;
#386 = CARTESIAN_POINT ( 'NONE',  ( 0.2772778042486022110, 0.01065344103167252011, 0.2401367653961961335 ) ) ;
#387 = CARTESIAN_POINT ( 'NONE',  ( 0.1070724636934675816, -0.02842609929086330894, -0.4499910136074742328 ) ) ;
#388 = CARTESIAN_POINT ( 'NONE',  ( 0.5249850805330734671, -0.03434608782726665532, 4.274981916900240788E-06 ) ) ;
#389 = DIRECTION ( 'NONE',  ( 0.000000000000000000, 0.000000000000000000, -1.000000000000000000 ) ) ;
#390 = ORIENTED_EDGE ( 'NONE', *, *, #509, .F. ) ;
#391 = ADVANCED_FACE ( 'NONE', ( #735 ), #1150, .F. ) ;
#392 = CARTESIAN_POINT ( 'NONE',  ( 0.8721889759765203420, -0.03336361972320119745, -0.1558247303590171440 ) ) ;
#393 = CARTESIAN_POINT ( 'NONE',  ( 0.1558798644364825514, -0.03055765635385312984, 0.4499995635713080477 ) ) ;
#394 = EDGE_CURVE ( 'NONE', #1650, #163, #1797, .T. ) ;
#395 = CARTESIAN_POINT ( 'NONE',  ( 0.1513050121360511868, -0.03434608774785585100, -0.4499910136074742328 ) ) ;
#396 = SECURITY_CLASSIFICATION ( '', '', #1437 ) ;
#397 = DIRECTION ( 'NONE',  ( 0.000000000000000000, 0.000000000000000000, -1.000000000000000000 ) ) ;
#398 = PERSON_AND_ORGANIZATION ( #400, #1671 ) ;
#399 = DIRECTION ( 'NONE',  ( 0.000000000000000000, 0.000000000000000000, -1.000000000000000000 ) ) ;
#400 = PERSON ( '未', '未', '未', ('未'), ('未'), ('未') ) ;
#401 = EDGE_LOOP ( 'NONE', ( #1596, #427, #727 ) ) ;
#402 = CARTESIAN_POINT ( 'NONE',  ( 0.3107541116990496510, 0.009522452953191621813, -0.2580372934564245657 ) ) ;
#403 = CARTESIAN_POINT ( 'NONE',  ( 0.1836722313510277260, -0.03434608782726665532, 0.4499995635713080477 ) ) ;
#404 = AXIS2_PLACEMENT_3D ( 'NONE', #1243, #1724, #113 ) ;
#405 = CARTESIAN_POINT ( 'NONE',  ( 0.08704494943015830821, -0.002824971879558043058, -0.4499910136074740663 ) ) ;
#406 = AXIS2_PLACEMENT_3D ( 'NONE', #554, #946, #807 ) ;
#407 = CARTESIAN_POINT ( 'NONE',  ( 0.07391476281132663972, -0.03434608782726665532, -0.1107517359454812805 ) ) ;
#408 =( NAMED_UNIT ( * ) PLANE_ANGLE_UNIT ( ) SI_UNIT ( $, .RADIAN. ) );
#409 = CARTESIAN_POINT ( 'NONE',  ( 0.2881636673426441475, 0.01065344474279623921, -0.4083514800134216416 ) ) ;
#410 = ORIENTED_EDGE ( 'NONE', *, *, #1084, .T. ) ;
#411 = CARTESIAN_POINT ( 'NONE',  ( 0.8939259097382086239, -0.03219041838674883971, 0.07407904803130190008 ) ) ;
#412 = CARTESIAN_POINT ( 'NONE',  ( 0.1587069386520757741, 0.01065344103167252011, -0.4049914847485355240 ) ) ;
#413 = CARTESIAN_POINT ( 'NONE',  ( 0.05534604224360487046, -0.02539917989947161614, -0.4499910136074742328 ) ) ;
#414 = CARTESIAN_POINT ( 'NONE',  ( -0.3562345047900056794, 0.01065344103133781216, -0.4094935916563723355 ) ) ;
#415 = CARTESIAN_POINT ( 'NONE',  ( -0.01929077683236359378, 0.01065344103167252011, -0.4049914847485355240 ) ) ;
#416 = APPROVAL_DATE_TIME ( #1711, #1652 ) ;
#417 = CARTESIAN_POINT ( 'NONE',  ( 0.05186852779004929442, 0.007418714564806461013, 0.06748380290005161208 ) ) ;
#418 = B_SPLINE_CURVE_WITH_KNOTS ( 'NONE', 3,
 ( #1839, #409, #981, #116 ),
 .UNSPECIFIED., .F., .F.,
 ( 4, 4 ),
 ( 0.000000000000000000, 1.000000000000000000 ),
 .UNSPECIFIED. ) ;
#419 = VERTEX_POINT ( 'NONE', #140 ) ;
#420 = CARTESIAN_POINT ( 'NONE',  ( 0.8920055885328891376, -0.03231603339295647387, -0.08505024119603966926 ) ) ;
#421 = DIRECTION ( 'NONE',  ( 0.000000000000000000, -1.000000000000000000, 0.000000000000000000 ) ) ;
#422 = CARTESIAN_POINT ( 'NONE',  ( 0.7874823322102179057, 0.01065344103167252011, -0.2238655544698890110 ) ) ;
#423 = CARTESIAN_POINT ( 'NONE',  ( -0.4314668821958134726, -0.03177252164340398782, -0.4499910136074742328 ) ) ;
#424 = CARTESIAN_POINT ( 'NONE',  ( -0.4500047114106082713, -0.03434608782726665532, 0.4199998776653488530 ) ) ;
#425 = DIRECTION ( 'NONE',  ( -1.000000000000000000, 0.000000000000000000, 0.000000000000000000 ) ) ;
#426 = PLANE ( 'NONE',  #226 ) ;
#427 = ORIENTED_EDGE ( 'NONE', *, *, #200, .T. ) ;
#428 = DIRECTION ( 'NONE',  ( 0.000000000000000000, 0.000000000000000000, 1.000000000000000000 ) ) ;
#429 = DIRECTION ( 'NONE',  ( 0.000000000000000000, 0.000000000000000000, -1.000000000000000000 ) ) ;
#430 = B_SPLINE_CURVE_WITH_KNOTS ( 'NONE', 3,
 ( #50, #1787, #777, #1637, #1492, #201, #769 ),
 .UNSPECIFIED., .F., .F.,
 ( 4, 3, 4 ),
 ( 0.000000000000000000, 0.001553678008146529635, 0.003107356016293059270 ),
 .UNSPECIFIED. ) ;
#431 = ORIENTED_EDGE ( 'NONE', *, *, #1278, .F. ) ;
#432 = FACE_OUTER_BOUND ( 'NONE', #1783, .T. ) ;
#433 = AXIS2_PLACEMENT_3D ( 'NONE', #1504, #213, #658 ) ;
#434 = EDGE_LOOP ( 'NONE', ( #499, #310, #649, #1068, #350, #682, #1869, #906, #324 ) ) ;
#435 = CARTESIAN_POINT ( 'NONE',  ( -0.4500047114106083268, -0.03434608782726665532, -0.4499910136074742328 ) ) ;
#436 = CIRCLE ( 'NONE', #1198, 0.4499952885893915844 ) ;
#437 = DIRECTION ( 'NONE',  ( 0.000000000000000000, 1.000000000000000000, 0.000000000000000000 ) ) ;
#438 = ORIENTED_EDGE ( 'NONE', *, *, #353, .F. ) ;
#439 = DIRECTION ( 'NONE',  ( 0.000000000000000000, -9.035112699881029233E-16, -1.000000000000000000 ) ) ;
#440 = CARTESIAN_POINT ( 'NONE',  ( 0.1587069386520757741, -0.03434608782726665532, -0.4499910136074742328 ) ) ;
#441 = ORIENTED_EDGE ( 'NONE', *, *, #982, .T. ) ;
#442 = CARTESIAN_POINT ( 'NONE',  ( -0.4500047114106083268, 4.695036288727580750E-05, 0.4499995635713082698 ) ) ;
#443 = DIRECTION ( 'NONE',  ( 0.000000000000000000, 1.000000000000000000, 0.000000000000000000 ) ) ;
#444 = DIRECTION ( 'NONE',  ( -1.000000000000000000, 0.000000000000000000, 0.000000000000000000 ) ) ;
#445 = B_SPLINE_CURVE_WITH_KNOTS ( 'NONE', 3,
 ( #557, #1563, #956, #1418 ),
 .UNSPECIFIED., .F., .F.,
 ( 4, 4 ),
 ( 0.004505108807831229717, 0.004785257737082390141 ),
 .UNSPECIFIED. ) ;
#446 = DIRECTION ( 'NONE',  ( 0.000000000000000000, 0.000000000000000000, -1.000000000000000000 ) ) ;
#447 = ORIENTED_EDGE ( 'NONE', *, *, #1208, .F. ) ;
#448 = CARTESIAN_POINT ( 'NONE',  ( 0.08232812661426762435, -0.01826924904677517877, 0.4499995635713080477 ) ) ;
#449 = DIRECTION ( 'NONE',  ( 0.5527707983925647106, 0.000000000000000000, 0.8333333333333347026 ) ) ;
#450 = PRODUCT_DEFINITION ( '�', '', #1007, #23 ) ;
#451 = VERTEX_POINT ( 'NONE', #594 ) ;
#452 = CARTESIAN_POINT ( 'NONE',  ( -0.3562345047899903583, 0.01065344103133736287, 0.4095021416202060394 ) ) ;
#453 = CARTESIAN_POINT ( 'NONE',  ( 0.4499858657681749530, 0.01065344103167252011, 0.4050000347123693389 ) ) ;
#454 = CARTESIAN_POINT ( 'NONE',  ( 0.06970808090985608496, -0.03434608782726665532, -0.4325477952510669577 ) ) ;
#455 = CARTESIAN_POINT ( 'NONE',  ( 0.02984908990867250062, 0.01063206707987700457, 0.06644797228393728439 ) ) ;
#456 = ORIENTED_EDGE ( 'NONE', *, *, #1335, .F. ) ;
#457 = DIRECTION ( 'NONE',  ( 0.000000000000000000, 0.000000000000000000, -1.000000000000000000 ) ) ;
#458 = CARTESIAN_POINT ( 'NONE',  ( 0.1439024879758824538, -0.03434608782726665532, -0.4499910136074742328 ) ) ;
#459 = ORIENTED_EDGE ( 'NONE', *, *, #562, .T. ) ;
#460 = DIRECTION ( 'NONE',  ( 0.000000000000000000, -1.000000000000000000, 0.000000000000000000 ) ) ;
#461 = CARTESIAN_POINT ( 'NONE',  ( 0.1460145240223373331, 0.01065344103167252011, 0.06017100515479952005 ) ) ;
#462 = CARTESIAN_POINT ( 'NONE',  ( -0.4500047114106083268, 0.01065344103167252011, -0.4499910136074742328 ) ) ;
#463 = AXIS2_PLACEMENT_3D ( 'NONE', #225, #794, #651 ) ;
#464 = AXIS2_PLACEMENT_3D ( 'NONE', #1586, #449, #22 ) ;
#465 = DIRECTION ( 'NONE',  ( 0.000000000000000000, 1.000000000000000000, 0.000000000000000000 ) ) ;
#466 = EDGE_LOOP ( 'NONE', ( #260, #47 ) ) ;
#467 = DIRECTION ( 'NONE',  ( 1.000000000000000000, 0.000000000000000000, 0.000000000000000000 ) ) ;
#468 = CARTESIAN_POINT ( 'NONE',  ( 0.08232812661426762435, -0.03434608782726665532, 0.04947781219809637560 ) ) ;
#469 = ORIENTED_EDGE ( 'NONE', *, *, #1618, .F. ) ;
#470 = DIRECTION ( 'NONE',  ( 1.000000000000000000, 0.000000000000000000, 0.000000000000000000 ) ) ;
#471 = CARTESIAN_POINT ( 'NONE',  ( 0.1414086585799692042, 0.01065340538339426893, -0.1348917711666418884 ) ) ;
#472 = LINE ( 'NONE', #1466, #1669 ) ;
#473 = EDGE_CURVE ( 'NONE', #1325, #111, #1723, .T. ) ;
#474 = CARTESIAN_POINT ( 'NONE',  ( -0.3758465133228481303, -0.03357850276438920090, 0.4499995635713080477 ) ) ;
#475 = COORDINATED_UNIVERSAL_TIME_OFFSET ( 8, 0, .AHEAD. ) ;
#476 = EDGE_CURVE ( 'NONE', #451, #710, #156, .T. ) ;
#477 = ORIENTED_EDGE ( 'NONE', *, *, #524, .F. ) ;
#478 = CARTESIAN_POINT ( 'NONE',  ( 0.1028788044303355909, -0.002146714076888307440, 0.4499995635713087139 ) ) ;
#479 = ORIENTED_EDGE ( 'NONE', *, *, #1123, .F. ) ;
#480 = FACE_OUTER_BOUND ( 'NONE', #1589, .T. ) ;
#481 = CARTESIAN_POINT ( 'NONE',  ( 0.1414725566802189360, 0.01065344103167249409, -0.1348877697544548782 ) ) ;
#482 = CARTESIAN_POINT ( 'NONE',  ( -0.4314577860190387804, -0.03177252164346834606, 0.4499995635713080477 ) ) ;
#483 = ORIENTED_EDGE ( 'NONE', *, *, #1506, .F. ) ;
#484 = CARTESIAN_POINT ( 'NONE',  ( 0.2802846869858837131, 0.01065344103167252011, -0.3258523434941335006 ) ) ;
#485 = ORIENTED_EDGE ( 'NONE', *, *, #660, .F. ) ;
#486 = CARTESIAN_POINT ( 'NONE',  ( 0.8405113704127566976, 0.01065344103204114191, -0.1398825799253486935 ) ) ;
#487 = CARTESIAN_POINT ( 'NONE',  ( 0.8478467335660382354, -0.03416029110563643945, 0.2113926994826319516 ) ) ;
#488 = VECTOR ( 'NONE', #246, 1000.000000000000000 ) ;
#489 = DIRECTION ( 'NONE',  ( 0.000000000000000000, 0.000000000000000000, -1.000000000000000000 ) ) ;
#490 = AXIS2_PLACEMENT_3D ( 'NONE', #1809, #504, #1107 ) ;
#491 = CIRCLE ( 'NONE', #1228, 0.04499952885893916676 ) ;
#492 = CIRCLE ( 'NONE', #1348, 0.04499952885893916676 ) ;
#493 = ORIENTED_EDGE ( 'NONE', *, *, #1577, .F. ) ;
#494 = CARTESIAN_POINT ( 'NONE',  ( -0.3473824771376359810, 0.01065344103167252011, 0.4073676089354062446 ) ) ;
#495 = ORIENTED_EDGE ( 'NONE', *, *, #1508, .T. ) ;
#496 = CARTESIAN_POINT ( 'NONE',  ( 0.2964529946791067960, 0.01065344103167252011, -0.4070929489311722604 ) ) ;
#497 = CARTESIAN_POINT ( 'NONE',  ( 0.8270536447166050298, 0.01065344103191874156, 0.1669701899800055123 ) ) ;
#498 = CARTESIAN_POINT ( 'NONE',  ( 0.4499858657681749530, -0.03434608782726665532, 4.274981916882062614E-06 ) ) ;
#499 = ORIENTED_EDGE ( 'NONE', *, *, #1525, .F. ) ;
#500 = CARTESIAN_POINT ( 'NONE',  ( 0.08232812661426762435, 0.01065344103167252011, 0.2444757705868327025 ) ) ;
#501 = EDGE_CURVE ( 'NONE', #1351, #359, #1229, .T. ) ;
#502 = VERTEX_POINT ( 'NONE', #1323 ) ;
#503 = LINE ( 'NONE', #1354, #1342 ) ;
#504 = DIRECTION ( 'NONE',  ( 0.000000000000000000, -1.000000000000000000, 0.000000000000000000 ) ) ;
#505 = CARTESIAN_POINT ( 'NONE',  ( 0.8117440899769705620, 0.01065344103118007896, 0.1928614356879291558 ) ) ;
#506 = CARTESIAN_POINT ( 'NONE',  ( -0.01912537410153431275, -0.03434608774481719834, 0.4499995635713080477 ) ) ;
#507 = ORIENTED_EDGE ( 'NONE', *, *, #1710, .F. ) ;
#508 = CARTESIAN_POINT ( 'NONE',  ( 0.1869907079327285115, 0.01065344103167249409, -0.01098400603366817864 ) ) ;
#509 = EDGE_CURVE ( 'NONE', #1496, #1650, #1730, .T. ) ;
#510 = ORIENTED_EDGE ( 'NONE', *, *, #345, .F. ) ;
#511 = CARTESIAN_POINT ( 'NONE',  ( 0.4499858657681749530, 0.01065344103167252011, 4.274981916882062614E-06 ) ) ;
#512 = DIRECTION ( 'NONE',  ( 1.000000000000000000, 0.000000000000000000, -1.224646799147353207E-16 ) ) ;
#513 = CARTESIAN_POINT ( 'NONE',  ( 0.8699857293245388812, 0.01065344103207077099, 0.01025363716252985016 ) ) ;
#514 = CARTESIAN_POINT ( 'NONE',  ( 0.06140104308334796979, -0.002156663804836611055, 0.4499995635713081588 ) ) ;
#515 = CARTESIAN_POINT ( 'NONE',  ( -0.3562345047900056794, 0.01065344103133781216, -0.4094935916563723355 ) ) ;
#516 = DIRECTION ( 'NONE',  ( 0.000000000000000000, 0.000000000000000000, -1.000000000000000000 ) ) ;
#517 = TOROIDAL_SURFACE ( 'NONE', #490, 0.4049957597304519874, 0.04499952885893915983 ) ;
#518 = VECTOR ( 'NONE', #960, 1000.000000000000000 ) ;
#519 = ORIENTED_EDGE ( 'NONE', *, *, #944, .F. ) ;
#520 = DIRECTION ( 'NONE',  ( 0.000000000000000000, 0.000000000000000000, -1.000000000000000000 ) ) ;
#521 = CARTESIAN_POINT ( 'NONE',  ( 0.5249850805330734671, 0.01065344103167252011, 4.274981916900240788E-06 ) ) ;
#522 = CARTESIAN_POINT ( 'NONE',  ( 0.1909559190892401725, 0.01064883120870509757, 0.08339728731902647241 ) ) ;
#523 = CARTESIAN_POINT ( 'NONE',  ( 0.003041760542309339486, 0.01065333430480608010, -0.1324644866790433140 ) ) ;
#524 = EDGE_CURVE ( 'NONE', #1703, #920, #915, .T. ) ;
#525 = CARTESIAN_POINT ( 'NONE',  ( -0.3561579008752459030, 0.006542190328090444380, -0.4499910136074746769 ) ) ;
#526 = FACE_OUTER_BOUND ( 'NONE', #1439, .T. ) ;
#527 = VERTEX_POINT ( 'NONE', #602 ) ;
#528 = CARTESIAN_POINT ( 'NONE',  ( 0.8790980698850680009, -0.03304566595266932028, -0.1356314564275655221 ) ) ;
#529 = CARTESIAN_POINT ( 'NONE',  ( 0.1467395261593633926, -0.02862558903505954544, 0.4499995635713080477 ) ) ;
#530 = ADVANCED_FACE ( 'NONE', ( #1430 ), #1292, .F. ) ;
#531 = CARTESIAN_POINT ( 'NONE',  ( 0.8445354939660575377, 0.01065344103179416586, -0.1304385505159359748 ) ) ;
#532 = CARTESIAN_POINT ( 'NONE',  ( 0.2802846869858837131, -0.03434608782726665532, -0.3258523434941335006 ) ) ;
#533 = DATE_AND_TIME ( #1838, #1347 ) ;
#534 = DIRECTION ( 'NONE',  ( 0.000000000000000000, -1.000000000000000000, 0.000000000000000000 ) ) ;
#535 = ORIENTED_EDGE ( 'NONE', *, *, #265, .F. ) ;
#536 = CARTESIAN_POINT ( 'NONE',  ( 0.8935091657781579766, -0.03221827360050297934, -0.07689205784457545101 ) ) ;
#537 = DIRECTION ( 'NONE',  ( 0.000000000000000000, 1.000000000000000000, 0.000000000000000000 ) ) ;
#538 = CARTESIAN_POINT ( 'NONE',  ( 0.08495607609097184654, -0.02547834972271656451, -0.4499910136074742328 ) ) ;
#539 = CC_DESIGN_APPROVAL ( #1652, ( #1007 ) ) ;
#540 = CARTESIAN_POINT ( 'NONE',  ( 0.07302355590812363573, -0.01826924905333744339, 0.4499995635713080477 ) ) ;
#541 = APPLICATION_PROTOCOL_DEFINITION ( 'international standard', 'config_control_design', 1994, #1520 ) ;
#542 = CARTESIAN_POINT ( 'NONE',  ( -0.08001688034506958258, 0.008227544712521387207, 0.1657586544789621807 ) ) ;
#543 = VECTOR ( 'NONE', #444, 1000.000000000000000 ) ;
#544 = ORIENTED_EDGE ( 'NONE', *, *, #1391, .T. ) ;
#545 = CARTESIAN_POINT ( 'NONE',  ( 0.8598223228098405002, -0.03381453147840155632, 0.1858333705955918513 ) ) ;
#546 = DIRECTION ( 'NONE',  ( 0.000000000000000000, 0.000000000000000000, -1.000000000000000000 ) ) ;
#547 = AXIS2_PLACEMENT_3D ( 'NONE', #521, #86, #1327 ) ;
#548 = EDGE_CURVE ( 'NONE', #665, #1299, #286, .T. ) ;
#549 = AXIS2_PLACEMENT_3D ( 'NONE', #141, #293, #151 ) ;
#550 = CARTESIAN_POINT ( 'NONE',  ( 0.06276485349084930110, -0.02490229847304870070, -0.4499910136074742328 ) ) ;
#551 = AXIS2_PLACEMENT_3D ( 'NONE', #901, #1654, #1476 ) ;
#552 = DIRECTION ( 'NONE',  ( 0.000000000000000000, 0.000000000000000000, -1.000000000000000000 ) ) ;
#553 = DATE_TIME_ROLE ( 'creation_date' ) ;
#554 = CARTESIAN_POINT ( 'NONE',  ( 0.08232812661426762435, -0.03434608782726665532, 0.2444757705868327025 ) ) ;
#555 = ORIENTED_EDGE ( 'NONE', *, *, #1066, .F. ) ;
#556 = DIRECTION ( 'NONE',  ( 0.000000000000000000, -1.000000000000000000, 0.000000000000000000 ) ) ;
#557 = CARTESIAN_POINT ( 'NONE',  ( 0.07391476281132663972, 0.006413750330272935049, -0.1366831450518679880 ) ) ;
#558 = CARTESIAN_POINT ( 'NONE',  ( 0.03684908328011089751, -0.002480761497357827829, -0.4499910136074748990 ) ) ;
#559 = CC_DESIGN_PERSON_AND_ORGANIZATION_ASSIGNMENT ( #845, #563, ( #1007 ) ) ;
#560 = CARTESIAN_POINT ( 'NONE',  ( -0.3480331452151643190, -0.03434608780015957485, -0.4499910136074742328 ) ) ;
#561 = CARTESIAN_POINT ( 'NONE',  ( -0.4500047114106083268, 0.01065344103167252011, 4.274981916986144329E-06 ) ) ;
#562 = EDGE_CURVE ( 'NONE', #1746, #713, #1017, .T. ) ;
#563 = PERSON_AND_ORGANIZATION_ROLE ( 'design_supplier' ) ;
#564 = DIRECTION ( 'NONE',  ( 1.873949300716067718E-15, 0.000000000000000000, -1.000000000000000000 ) ) ;
#565 = EDGE_CURVE ( 'NONE', #451, #1746, #300, .T. ) ;
#566 = EDGE_LOOP ( 'NONE', ( #53, #173, #1212 ) ) ;
#567 = DIRECTION ( 'NONE',  ( 0.000000000000000000, 0.000000000000000000, -1.000000000000000000 ) ) ;
#568 = CARTESIAN_POINT ( 'NONE',  ( 0.06970808090985609884, -0.03434608782726665532, -0.1175510932384927765 ) ) ;
#569 = ORIENTED_EDGE ( 'NONE', *, *, #501, .F. ) ;
#570 = CARTESIAN_POINT ( 'NONE',  ( 0.8478634133562534814, -0.03415966129966463427, -0.2113438616881975207 ) ) ;
#571 = EDGE_LOOP ( 'NONE', ( #1035, #1146 ) ) ;
#572 = DIRECTION ( 'NONE',  ( 0.000000000000000000, 0.000000000000000000, -1.000000000000000000 ) ) ;
#573 = CALENDAR_DATE ( 2026, 29, 6 ) ;
#574 = CARTESIAN_POINT ( 'NONE',  ( 0.007896341940816268071, 0.01065334555096184889, 0.06434257142789304162 ) ) ;
#575 = ORIENTED_EDGE ( 'NONE', *, *, #1263, .T. ) ;
#576 = CARTESIAN_POINT ( 'NONE',  ( 0.5249850805330734671, 0.01065344103167252011, 4.274981916900240788E-06 ) ) ;
#577 = CARTESIAN_POINT ( 'NONE',  ( 0.1070768351026663984, -0.02842680953744662273, -0.4499910136074742328 ) ) ;
#578 = ORIENTED_EDGE ( 'NONE', *, *, #524, .T. ) ;
#579 = DIRECTION ( 'NONE',  ( 0.000000000000000000, 0.000000000000000000, -1.000000000000000000 ) ) ;
#580 = CIRCLE ( 'NONE', #1310, 0.04499952885893915983 ) ;
#581 = AXIS2_PLACEMENT_3D ( 'NONE', #1003, #31, #603 ) ;
#582 = CARTESIAN_POINT ( 'NONE',  ( 0.03838804672284758940, 0.01065344102331611080, 0.4347691523208438436 ) ) ;
#583 = DIRECTION ( 'NONE',  ( 0.000000000000000000, 0.000000000000000000, -1.000000000000000000 ) ) ;
#584 = AXIS2_PLACEMENT_3D ( 'NONE', #498, #207, #1075 ) ;
#585 = CARTESIAN_POINT ( 'NONE',  ( 0.1878749755149472234, 0.01065344103167252011, -0.07333933258890876217 ) ) ;
#586 = VERTEX_POINT ( 'NONE', #587 ) ;
#587 = CARTESIAN_POINT ( 'NONE',  ( 0.07391476281132663972, 0.006413750330272935049, -0.1366831450518679880 ) ) ;
#588 = VERTEX_POINT ( 'NONE', #150 ) ;
#589 = CARTESIAN_POINT ( 'NONE',  ( -0.3743709626795795886, 0.003782395782698781250, 0.4499995635713237019 ) ) ;
#590 = CARTESIAN_POINT ( 'NONE',  ( 0.0006580279964047174631, 0.01065344103866635445, 0.4217676009541200810 ) ) ;
#591 = CARTESIAN_POINT ( 'NONE',  ( 0.06970808090985608496, 0.01065344103167252011, -0.4325477952510661805 ) ) ;
#592 = DIRECTION ( 'NONE',  ( 0.000000000000000000, 0.000000000000000000, 1.000000000000000000 ) ) ;
#593 = ORIENTED_EDGE ( 'NONE', *, *, #1432, .T. ) ;
#594 = CARTESIAN_POINT ( 'NONE',  ( -0.3387628987960483173, -0.03434608782726665532, 0.4499995635713080477 ) ) ;
#595 = CARTESIAN_POINT ( 'NONE',  ( 0.5249850805330734671, 0.01065344103167251144, -0.3449921129366165795 ) ) ;
#596 = ORIENTED_EDGE ( 'NONE', *, *, #959, .F. ) ;
#597 = CARTESIAN_POINT ( 'NONE',  ( 0.4499858657681749530, 0.01065344103167252011, 0.4050000347123693389 ) ) ;
#598 = CARTESIAN_POINT ( 'NONE',  ( 0.06970808090985608496, -0.03434608782726665532, -0.2750494442447798948 ) ) ;
#599 = DIRECTION ( 'NONE',  ( 0.000000000000000000, -1.000000000000000000, 0.000000000000000000 ) ) ;
#600 = CARTESIAN_POINT ( 'NONE',  ( 0.07391476281132663972, -0.03434608782726665532, -0.1557512648044204195 ) ) ;
#601 = VERTEX_POINT ( 'NONE', #1770 ) ;
#602 = CARTESIAN_POINT ( 'NONE',  ( -0.3387628987960483173, 0.01065344103167252011, -0.4049914847485355240 ) ) ;
#603 = DIRECTION ( 'NONE',  ( 0.000000000000000000, 0.000000000000000000, 1.000000000000000000 ) ) ;
#604 = VERTEX_POINT ( 'NONE', #1625 ) ;
#605 = CARTESIAN_POINT ( 'NONE',  ( 0.4499858657681749530, -0.03434608782726665532, -0.4049914847485355240 ) ) ;
#606 = EDGE_CURVE ( 'NONE', #903, #665, #971, .T. ) ;
#607 = CIRCLE ( 'NONE', #784, 0.04499952885893916676 ) ;
#608 = CARTESIAN_POINT ( 'NONE',  ( 0.1805298159895357690, 0.01065344103167252011, 0.01931951262158541210 ) ) ;
#609 = CIRCLE ( 'NONE', #1224, 0.3449963879185334870 ) ;
#610 = DIRECTION ( 'NONE',  ( 0.000000000000000000, -1.000000000000000000, 0.000000000000000000 ) ) ;
#611 = AXIS2_PLACEMENT_3D ( 'NONE', #1200, #71, #1816 ) ;
#612 = DIRECTION ( 'NONE',  ( 0.000000000000000000, -1.000000000000000000, 0.000000000000000000 ) ) ;
#613 = AXIS2_PLACEMENT_3D ( 'NONE', #298, #846, #564 ) ;
#614 = ORIENTED_EDGE ( 'NONE', *, *, #1098, .T. ) ;
#615 = DIRECTION ( 'NONE',  ( 1.000000000000000000, 0.000000000000000000, -1.224646799147353207E-16 ) ) ;
#616 = EDGE_LOOP ( 'NONE', ( #1795, #1619 ) ) ;
#617 = CARTESIAN_POINT ( 'NONE',  ( 0.8607627383378749775, 0.01065344103145623306, -0.08182577222666620465 ) ) ;
#618 = CARTESIAN_POINT ( 'NONE',  ( 0.08232812661426765211, -0.03434608782726665532, 0.4394737289755690224 ) ) ;
#619 = DIRECTION ( 'NONE',  ( 1.000000000000000000, 0.000000000000000000, 0.000000000000000000 ) ) ;
#620 = EDGE_LOOP ( 'NONE', ( #912, #1435, #1722, #1343 ) ) ;
#621 = CARTESIAN_POINT ( 'NONE',  ( 0.1332253960887080924, -0.002695942635341815833, 0.4499995635713081588 ) ) ;
#622 = ORIENTED_EDGE ( 'NONE', *, *, #724, .T. ) ;
#623 = CARTESIAN_POINT ( 'NONE',  ( 0.3035892745619582778, 0.01065344103167252011, -0.4049914847485355240 ) ) ;
#624 = EDGE_CURVE ( 'NONE', #839, #1746, #1045, .T. ) ;
#625 = CARTESIAN_POINT ( 'NONE',  ( 0.8918596469592576792, 0.0008165515659587974009, -0.08792495740935156456 ) ) ;
#626 = CARTESIAN_POINT ( 'NONE',  ( -0.04087963820397075287, 0.01065344103167249409, -0.04525028711976628037 ) ) ;
#627 = ORIENTED_EDGE ( 'NONE', *, *, #639, .F. ) ;
#628 = CARTESIAN_POINT ( 'NONE',  ( 0.1930356891505743966, 0.01065344103167252011, 0.4050000347123693389 ) ) ;
#629 = ORIENTED_EDGE ( 'NONE', *, *, #509, .T. ) ;
#630 = CARTESIAN_POINT ( 'NONE',  ( 0.007699549941063872638, 0.01065344103167250624, 0.06432367007310818563 ) ) ;
#631 = CARTESIAN_POINT ( 'NONE',  ( 0.8738976387536719903, 0.002839199580199605524, 0.1513838809850495126 ) ) ;
#632 = TOROIDAL_SURFACE ( 'NONE', #1037, 0.3449963879185334870, 0.04499952885893915983 ) ;
#633 = CIRCLE ( 'NONE', #1126, 0.4199956026834318901 ) ;
#634 = CARTESIAN_POINT ( 'NONE',  ( -0.03064606764857094601, 0.01065344103167250624, 0.02312643265553834468 ) ) ;
#635 = TOROIDAL_SURFACE ( 'NONE', #693, 0.4049957597304519874, 0.04499952885893915983 ) ;
#636 = CIRCLE ( 'NONE', #1699, 0.04499952885893916676 ) ;
#637 = ORIENTED_EDGE ( 'NONE', *, *, #1880, .T. ) ;
#638 = FACE_OUTER_BOUND ( 'NONE', #1194, .T. ) ;
#639 = EDGE_CURVE ( 'NONE', #1291, #337, #636, .T. ) ;
#640 = CIRCLE ( 'NONE', #373, 0.1949979583887363199 ) ;
#641 = ORIENTED_EDGE ( 'NONE', *, *, #176, .T. ) ;
#642 = CARTESIAN_POINT ( 'NONE',  ( 0.8002324363486895686, 0.01065344103167252011, -0.2089154948635978115 ) ) ;
#643 =( BOUNDED_SURFACE ( )  B_SPLINE_SURFACE ( 3, 2, ( 
 ( #210, #1510, #1240 ),
 ( #358, #183, #60 ),
 ( #755, #478, #1663 ),
 ( #1232, #1367, #1086 ),
 ( #933, #621, #1781 ),
 ( #218, #1059, #1813 ),
 ( #910, #1789, #351 ),
 ( #1485, #1203, #1378 ),
 ( #779, #1806, #1220 ),
 ( #1065, #1092, #628 ) ),
 .UNSPECIFIED., .F., .F., .F. ) 
 B_SPLINE_SURFACE_WITH_KNOTS ( ( 4, 2, 2, 2, 4 ),
 ( 3, 3 ),
 ( 0.01340880345083700007, 0.01521623854742024974, 0.01702367364400349942, 0.01883110874058675083, 0.02063854383717000224 ),
 ( 0.000000000000000000, 1.000000000000000000 ),
 .UNSPECIFIED. ) 
 GEOMETRIC_REPRESENTATION_ITEM ( )  RATIONAL_B_SPLINE_SURFACE ( (
 ( 1.000000000000000000, 0.9397047716035860088, 1.000000000000000000),
 ( 1.000000000000000000, 0.9397340106817919647, 1.000000000000000000),
 ( 1.000000000000000000, 0.9340947621057860140, 1.000000000000000000),
 ( 1.000000000000000000, 0.9121904938459619583, 1.000000000000000000),
 ( 1.000000000000000000, 0.8959314222606730160, 1.000000000000000000),
 ( 1.000000000000000000, 0.8548311734251440308, 1.000000000000000000),
 ( 1.000000000000000000, 0.8300216267259709069, 1.000000000000000000),
 ( 1.000000000000000000, 0.7733249532281610827, 1.000000000000000000),
 ( 1.000000000000000000, 0.7413971334822929693, 1.000000000000000000),
 ( 1.000000000000000000, 0.7071067811865470176, 1.000000000000000000) ) ) 
 REPRESENTATION_ITEM ( '' )  SURFACE ( )  );
#644 = CARTESIAN_POINT ( 'NONE',  ( 0.8474628996217180577, 0.006565800828672753789, 0.2121474465708760027 ) ) ;
#645 = CARTESIAN_POINT ( 'NONE',  ( 0.06970808090985608496, 0.006419306052810079717, -0.1366073326190393733 ) ) ;
#646 = ORIENTED_EDGE ( 'NONE', *, *, #1346, .F. ) ;
#647 = CARTESIAN_POINT ( 'NONE',  ( -0.02837943592203920687, -0.03434608782726665532, 0.4499995635713080477 ) ) ;
#648 = ADVANCED_FACE ( 'NONE', ( #638 ), #643, .T. ) ;
#649 = ORIENTED_EDGE ( 'NONE', *, *, #905, .T. ) ;
#650 = CARTESIAN_POINT ( 'NONE',  ( 0.3035892745619582778, -0.03434608782726665532, -0.4499910136074742328 ) ) ;
#651 = DIRECTION ( 'NONE',  ( 0.000000000000000000, 0.000000000000000000, -1.000000000000000000 ) ) ;
#652 = CARTESIAN_POINT ( 'NONE',  ( 0.8615985123635805376, 0.004472303886242312565, 0.1821819330820180771 ) ) ;
#653 = CARTESIAN_POINT ( 'NONE',  ( 0.03616701996033590272, -0.02460423813223039033, 0.4499995635713080477 ) ) ;
#654 = FACE_OUTER_BOUND ( 'NONE', #1858, .T. ) ;
#655 = CARTESIAN_POINT ( 'NONE',  ( -0.1125658820134050886, 0.01065344103167249930, 0.2500250479794248193 ) ) ;
#656 = ORIENTED_EDGE ( 'NONE', *, *, #1429, .T. ) ;
#657 = CARTESIAN_POINT ( 'NONE',  ( 0.8875224629160474166, -0.03258997509295605971, 0.1053322617901086694 ) ) ;
#658 = DIRECTION ( 'NONE',  ( 0.000000000000000000, 0.000000000000000000, -1.000000000000000000 ) ) ;
#659 = CARTESIAN_POINT ( 'NONE',  ( 0.8553216856404746160, 0.01065344103164343227, 0.1015721062186706047 ) ) ;
#660 = EDGE_CURVE ( 'NONE', #947, #92, #1782, .T. ) ;
#661 = CARTESIAN_POINT ( 'NONE',  ( 0.08232812661426870682, -0.01826924904677514408, 0.4499995635713080477 ) ) ;
#662 = CARTESIAN_POINT ( 'NONE',  ( -0.3836948509486968195, 0.002777926868082902009, -0.4499910136074743439 ) ) ;
#663 = CARTESIAN_POINT ( 'NONE',  ( -0.3758465133228481303, -0.03357850276438920090, -0.4499910136074742328 ) ) ;
#664 = AXIS2_PLACEMENT_3D ( 'NONE', #1134, #556, #520 ) ;
#665 = VERTEX_POINT ( 'NONE', #44 ) ;
#666 = CARTESIAN_POINT ( 'NONE',  ( 0.8639485698072609798, -0.03368600730199765997, -0.1767773773982661834 ) ) ;
#667 = DIRECTION ( 'NONE',  ( 0.000000000000000000, 1.000000000000000000, 0.000000000000000000 ) ) ;
#668 = CARTESIAN_POINT ( 'NONE',  ( 0.8405113704127566976, 0.01065344103204114191, -0.1398825799253486935 ) ) ;
#669 = B_SPLINE_CURVE_WITH_KNOTS ( 'NONE', 3,
 ( #58, #626, #1794, #634 ),
 .UNSPECIFIED., .F., .F.,
 ( 4, 4 ),
 ( -2.454272377540786292E-07, 0.0001040855534804294608 ),
 .UNSPECIFIED. ) ;
#670 = EDGE_CURVE ( 'NONE', #1486, #1325, #1227, .T. ) ;
#671 = CARTESIAN_POINT ( 'NONE',  ( -0.02211242191823437758, 0.01065344103167252011, 0.4093221592059342884 ) ) ;
#672 = APPLICATION_PROTOCOL_DEFINITION ( 'international standard', 'config_control_design', 1994, #868 ) ;
#673 = CARTESIAN_POINT ( 'NONE',  ( 0.1930356891505743966, -0.03434608782726665532, 0.4499995635713080477 ) ) ;
#674 = ORIENTED_EDGE ( 'NONE', *, *, #32, .T. ) ;
#675 = CARTESIAN_POINT ( 'NONE',  ( 0.8648722551445722218, -0.03364260417409197651, 0.1743470549647365142 ) ) ;
#676 = DIRECTION ( 'NONE',  ( 0.000000000000000000, 0.000000000000000000, -1.000000000000000000 ) ) ;
#677 = CARTESIAN_POINT ( 'NONE',  ( 0.1034198283375121208, -0.002448423005128087110, -0.4499910136074748435 ) ) ;
#678 = EDGE_CURVE ( 'NONE', #1221, #337, #42, .T. ) ;
#679 = EDGE_CURVE ( 'NONE', #710, #1006, #334, .T. ) ;
#680 = CARTESIAN_POINT ( 'NONE',  ( 0.08232812661426870682, 0.01065344103167252011, 0.4394737289755691889 ) ) ;
#681 = CARTESIAN_POINT ( 'NONE',  ( -0.4500047114106083268, 0.01065344103167252011, 4.274981916986144329E-06 ) ) ;
#682 = ORIENTED_EDGE ( 'NONE', *, *, #1070, .F. ) ;
#683 = CARTESIAN_POINT ( 'NONE',  ( 0.8710890864608925588, -0.03340714651942323921, 0.1590303179810308720 ) ) ;
#684 = CARTESIAN_POINT ( 'NONE',  ( 0.07672223205112124744, 0.007173826769588004769, 0.06689515688600732035 ) ) ;
#685 = CARTESIAN_POINT ( 'NONE',  ( 0.07860562019566598446, -0.002855883581310724416, -0.4499910136074737887 ) ) ;
#686 = CARTESIAN_POINT ( 'NONE',  ( 0.07391476281132663972, -0.03434608782726665532, -0.03575252118058273865 ) ) ;
#687 = PERSON_AND_ORGANIZATION ( #400, #1671 ) ;
#688 = CARTESIAN_POINT ( 'NONE',  ( -0.4314577860190387804, -0.03177252164346834606, -0.4499910136074742328 ) ) ;
#689 = EDGE_LOOP ( 'NONE', ( #1179, #674, #1091, #1633 ) ) ;
#690 = EDGE_CURVE ( 'NONE', #1790, #1814, #1613, .T. ) ;
#691 = CARTESIAN_POINT ( 'NONE',  ( 0.07391476281132663972, -0.03434608782726665532, -0.03575252118058273865 ) ) ;
#692 = CARTESIAN_POINT ( 'NONE',  ( 0.1010070567842123040, -0.01931393297189314823, 0.4499995635713080477 ) ) ;
#693 = AXIS2_PLACEMENT_3D ( 'NONE', #1696, #985, #676 ) ;
#694 = CIRCLE ( 'NONE', #1768, 0.4199956026834318901 ) ;
#695 = CARTESIAN_POINT ( 'NONE',  ( 0.05229712252243800402, 0.01065344103981383239, -0.4318273697114736742 ) ) ;
#696 = CIRCLE ( 'NONE', #352, 0.04499952885893916676 ) ;
#697 = CARTESIAN_POINT ( 'NONE',  ( -0.4500047114106083268, -0.03177252164346834606, -0.4499910136074742328 ) ) ;
#698 = CARTESIAN_POINT ( 'NONE',  ( 0.08817487106988682044, 0.01065343143046856497, -0.4317019124179874989 ) ) ;
#699 = DIRECTION ( 'NONE',  ( 0.000000000000000000, -1.000000000000000000, 0.000000000000000000 ) ) ;
#700 = ORIENTED_EDGE ( 'NONE', *, *, #639, .T. ) ;
#701 = CARTESIAN_POINT ( 'NONE',  ( 0.2569800994098089819, -0.03434608782726665532, -0.4049914847485355240 ) ) ;
#702 = DIRECTION ( 'NONE',  ( 0.000000000000000000, -1.000000000000000000, 0.000000000000000000 ) ) ;
#703 = EDGE_CURVE ( 'NONE', #1006, #1299, #1130, .T. ) ;
#704 = EDGE_LOOP ( 'NONE', ( #757, #1333, #961 ) ) ;
#705 = DIRECTION ( 'NONE',  ( -1.000000000000000000, 0.000000000000000000, 0.000000000000000000 ) ) ;
#706 = CARTESIAN_POINT ( 'NONE',  ( -0.3851156911423869733, -0.03325445689453962461, -0.4499910136074742328 ) ) ;
#707 = DIRECTION ( 'NONE',  ( 0.000000000000000000, -1.000000000000000000, 0.000000000000000000 ) ) ;
#708 = DIRECTION ( 'NONE',  ( -1.000000000000000000, -0.000000000000000000, -0.000000000000000000 ) ) ;
#709 = CARTESIAN_POINT ( 'NONE',  ( -0.4500047114106082713, -0.03434608782726665532, 0.3750003488064102553 ) ) ;
#710 = VERTEX_POINT ( 'NONE', #1104 ) ;
#711 = CARTESIAN_POINT ( 'NONE',  ( 0.004383651705974590113, 0.01065344103865922820, -0.4185417912152146758 ) ) ;
#712 = CARTESIAN_POINT ( 'NONE',  ( 0.09971212648738335405, -0.02722948731629611790, -0.4499910136074742328 ) ) ;
#713 = VERTEX_POINT ( 'NONE', #673 ) ;
#714 = PLANE ( 'NONE',  #884 ) ;
#715 = CARTESIAN_POINT ( 'NONE',  ( 0.09644052016815266026, 0.006573902878209042337, -0.1370254856716619785 ) ) ;
#716 = EDGE_CURVE ( 'NONE', #1561, #1159, #1386, .T. ) ;
#717 = CARTESIAN_POINT ( 'NONE',  ( 0.1354608787344433185, 0.01065343469524969271, -0.4183403333599611251 ) ) ;
#718 = ADVANCED_FACE ( 'NONE', ( #526 ), #1043, .T. ) ;
#719 = DIRECTION ( 'NONE',  ( -1.000000000000000000, -6.071570051621180514E-16, 0.000000000000000000 ) ) ;
#720 = B_SPLINE_CURVE_WITH_KNOTS ( 'NONE', 3,
 ( #1621, #179, #750, #1498, #1081, #522, #937, #1237, #355, #56, #1516, #236, #775, #1670, #1793, #73 ),
 .UNSPECIFIED., .F., .F.,
 ( 4, 3, 3, 3, 3, 4 ),
 ( -2.182973968313264614E-07, 0.000000000000000000, 2.634771685575837402E-06, 9.085621040846101183E-05, 0.0001811984062548390232, 0.0001814167036516704042 ),
 .UNSPECIFIED. ) ;
#721 = ORIENTED_EDGE ( 'NONE', *, *, #1774, .T. ) ;
#722 = DIRECTION ( 'NONE',  ( 0.000000000000000000, 0.000000000000000000, 1.000000000000000000 ) ) ;
#723 = DIRECTION ( 'NONE',  ( 0.000000000000000000, 1.000000000000000000, 0.000000000000000000 ) ) ;
#724 = EDGE_CURVE ( 'NONE', #527, #1736, #694, .T. ) ;
#725 = CIRCLE ( 'NONE', #1423, 0.2999968590595946116 ) ;
#726 = VECTOR ( 'NONE', #470, 1000.000000000000000 ) ;
#727 = ORIENTED_EDGE ( 'NONE', *, *, #1686, .T. ) ;
#728 = CARTESIAN_POINT ( 'NONE',  ( -0.3836948509486656778, 0.002777926868080881490, 0.4499995635713078257 ) ) ;
#729 = CIRCLE ( 'NONE', #1102, 0.04499952885893915983 ) ;
#730 = CARTESIAN_POINT ( 'NONE',  ( 0.1458192204159401151, 0.01065334555095422998, 0.06020167849309081276 ) ) ;
#731 = DIRECTION ( 'NONE',  ( 0.000000000000000000, 0.000000000000000000, 1.000000000000000000 ) ) ;
#732 = AXIS2_PLACEMENT_3D ( 'NONE', #454, #1863, #1032 ) ;
#733 = CARTESIAN_POINT ( 'NONE',  ( 0.007830743748676457019, 0.01065340913431080810, 0.06433628016585657416 ) ) ;
#734 = VERTEX_POINT ( 'NONE', #259 ) ;
#735 = FACE_OUTER_BOUND ( 'NONE', #566, .T. ) ;
#736 = FACE_OUTER_BOUND ( 'NONE', #1173, .T. ) ;
#737 = UNCERTAINTY_MEASURE_WITH_UNIT (LENGTH_MEASURE( 1.000000000000000082E-05 ), #126, 'distance_accuracy_value', 'NONE');
#738 = ORIENTED_EDGE ( 'NONE', *, *, #1233, .F. ) ;
#739 = CARTESIAN_POINT ( 'NONE',  ( -0.3473824771376359810, 0.01065344103167252011, 0.4073676089354062446 ) ) ;
#740 = EDGE_CURVE ( 'NONE', #376, #918, #1265, .T. ) ;
#741 = CARTESIAN_POINT ( 'NONE',  ( 0.4499858657681749530, -0.03434608782726665532, -0.4049914847485355240 ) ) ;
#742 = DIRECTION ( 'NONE',  ( 0.000000000000000000, 0.000000000000000000, -1.000000000000000000 ) ) ;
#743 = ORIENTED_EDGE ( 'NONE', *, *, #1818, .T. ) ;
#744 = DIRECTION ( 'NONE',  ( 0.000000000000000000, 0.000000000000000000, 1.000000000000000000 ) ) ;
#745 = EDGE_CURVE ( 'NONE', #754, #383, #170, .T. ) ;
#746 = EDGE_CURVE ( 'NONE', #1502, #152, #230, .T. ) ;
#747 = CARTESIAN_POINT ( 'NONE',  ( 0.08496252690599236101, -0.02547894969637956239, -0.4499910136074742328 ) ) ;
#748 = ORIENTED_EDGE ( 'NONE', *, *, #172, .F. ) ;
#749 = CARTESIAN_POINT ( 'NONE',  ( -0.4307779742243997290, 0.01065344103162422715, 0.4199998776654850219 ) ) ;
#750 = CARTESIAN_POINT ( 'NONE',  ( 0.1899046246013324779, 0.01065341749666211257, 0.08190026965077039367 ) ) ;
#751 = DIRECTION ( 'NONE',  ( -1.000000000000000000, 0.000000000000000000, 0.000000000000000000 ) ) ;
#752 = LOCAL_TIME ( 9, 50, 49.00000000000000000, #1289 ) ;
#753 = FACE_OUTER_BOUND ( 'NONE', #819, .T. ) ;
#754 = VERTEX_POINT ( 'NONE', #1821 ) ;
#755 = CARTESIAN_POINT ( 'NONE',  ( 0.1005429827090552342, -0.01925234018537430244, 0.4499995635713080477 ) ) ;
#756 = EDGE_CURVE ( 'NONE', #872, #1159, #418, .T. ) ;
#757 = ORIENTED_EDGE ( 'NONE', *, *, #1136, .T. ) ;
#758 = DIRECTION ( 'NONE',  ( -1.000000000000000000, 0.000000000000000000, 0.000000000000000000 ) ) ;
#759 = B_SPLINE_CURVE_WITH_KNOTS ( 'NONE', 3,
 ( #881, #1161, #1879, #871, #1461, #1758, #1181, #165, #895, #1471, #747, #712, #577, #1738, #458, #440 ),
 .UNSPECIFIED., .F., .F.,
 ( 4, 2, 2, 2, 2, 2, 2, 4 ),
 ( 1.735373224969190013E-18, 0.001509122857724534954, 0.003018245715449069909, 0.004527368573173609634, 0.006036491430898139818, 0.007545614288622670869, 0.009054737146347208859, 0.01207298286179625882 ),
 .UNSPECIFIED. ) ;
#760 = DIRECTION ( 'NONE',  ( 0.000000000000000000, 0.000000000000000000, -1.000000000000000000 ) ) ;
#761 = VECTOR ( 'NONE', #1141, 1000.000000000000000 ) ;
#762 = CC_DESIGN_APPROVAL ( #902, ( #450 ) ) ;
#763 = CARTESIAN_POINT ( 'NONE',  ( 0.4499858657681749530, 0.01065344103167252011, 4.274981916882062614E-06 ) ) ;
#764 = ORIENTED_EDGE ( 'NONE', *, *, #670, .T. ) ;
#765 = DIRECTION ( 'NONE',  ( 0.000000000000000000, 0.000000000000000000, -1.000000000000000000 ) ) ;
#766 = ORIENTED_EDGE ( 'NONE', *, *, #1734, .F. ) ;
#767 = CARTESIAN_POINT ( 'NONE',  ( 0.2641180950618333134, 0.01065344103167252011, -0.4070934541829942521 ) ) ;
#768 = CARTESIAN_POINT ( 'NONE',  ( 0.8607616927296346532, 0.01065344103118787307, 0.08184518831059005295 ) ) ;
#769 = CARTESIAN_POINT ( 'NONE',  ( 0.3035892745619582778, -0.03434608782726665532, -0.4499910136074742328 ) ) ;
#770 = ORIENTED_EDGE ( 'NONE', *, *, #745, .T. ) ;
#771 = DIRECTION ( 'NONE',  ( 0.000000000000000000, 0.000000000000000000, -1.000000000000000000 ) ) ;
#772 = ADVANCED_FACE ( 'NONE', ( #1675 ), #1005, .T. ) ;
#773 = ORIENTED_EDGE ( 'NONE', *, *, #1015, .T. ) ;
#774 = CARTESIAN_POINT ( 'NONE',  ( 0.2958220958393009692, -0.03434608770551976498, -0.4499910136074742328 ) ) ;
#775 = CARTESIAN_POINT ( 'NONE',  ( 0.2771935647132960368, 0.01065337057331336261, 0.2399353765951409978 ) ) ;
#776 = CC_DESIGN_PERSON_AND_ORGANIZATION_ASSIGNMENT ( #687, #1013, ( #1638 ) ) ;
#777 = CARTESIAN_POINT ( 'NONE',  ( 0.2725163782786509947, -0.03422047155920734246, -0.4499910136074742328 ) ) ;
#778 = VERTEX_POINT ( 'NONE', #1560 ) ;
#779 = CARTESIAN_POINT ( 'NONE',  ( 0.1836959058177437265, -0.03434608773506339641, 0.4499995635713080477 ) ) ;
#780 = ORIENTED_EDGE ( 'NONE', *, *, #1575, .F. ) ;
#781 = CARTESIAN_POINT ( 'NONE',  ( 0.8317578197413826313, 0.01065344103130390005, -0.1581591160484490111 ) ) ;
#782 = FACE_OUTER_BOUND ( 'NONE', #1872, .T. ) ;
#783 = CARTESIAN_POINT ( 'NONE',  ( 0.8871989430110904795, -0.03262639184375654144, -0.1087595325079636077 ) ) ;
#784 = AXIS2_PLACEMENT_3D ( 'NONE', #424, #995, #1422 ) ;
#785 = CARTESIAN_POINT ( 'NONE',  ( -0.4500047114106083268, -0.03177252164346825586, 0.4499995635713080477 ) ) ;
#786 = VECTOR ( 'NONE', #828, 1000.000000000000000 ) ;
#787 = CIRCLE ( 'NONE', #1855, 0.04499952885893916676 ) ;
#788 = ORIENTED_EDGE ( 'NONE', *, *, #924, .F. ) ;
#789 = B_SPLINE_CURVE_WITH_KNOTS ( 'NONE', 3,
 ( #1298, #1876, #733, #574, #455, #417, #1157 ),
 .UNSPECIFIED., .F., .F.,
 ( 4, 3, 4 ),
 ( -1.976976517204693694E-07, 0.000000000000000000, 6.616046236162210982E-05 ),
 .UNSPECIFIED. ) ;
#790 = CARTESIAN_POINT ( 'NONE',  ( 0.008700800454089307676, -0.03057121903960461837, 0.4499995635713080477 ) ) ;
#791 = EDGE_CURVE ( 'NONE', #419, #1496, #822, .T. ) ;
#792 = ORIENTED_EDGE ( 'NONE', *, *, #1818, .F. ) ;
#793 = CARTESIAN_POINT ( 'NONE',  ( 0.8001988720334406446, 0.01065344103167252011, 0.2089634004699502112 ) ) ;
#794 = DIRECTION ( 'NONE',  ( 0.000000000000000000, -1.000000000000000000, 0.000000000000000000 ) ) ;
#795 = CARTESIAN_POINT ( 'NONE',  ( 0.8371067019662825626, -0.03434608782224107815, 0.2304697628985948876 ) ) ;
#796 = DIRECTION ( 'NONE',  ( 0.000000000000000000, 0.000000000000000000, -1.000000000000000000 ) ) ;
#797 = B_SPLINE_CURVE_WITH_KNOTS ( 'NONE', 3,
 ( #1662, #1153, #229, #1727, #798, #515, #1385, #82 ),
 .UNSPECIFIED., .F., .F.,
 ( 4, 2, 2, 4 ),
 ( 0.000000000000000000, 0.5000000000000000000, 0.7500000000000000000, 1.000000000000000000 ),
 .UNSPECIFIED. ) ;
#798 = CARTESIAN_POINT ( 'NONE',  ( -0.3742995142823457577, 0.01065344103200724715, -0.4132148890883098336 ) ) ;
#799 = CARTESIAN_POINT ( 'NONE',  ( -0.04046635543238773225, 0.01065344103167249756, 0.09302946241980133979 ) ) ;
#800 = VERTEX_POINT ( 'NONE', #374 ) ;
#801 = EDGE_CURVE ( 'NONE', #1366, #376, #1320, .T. ) ;
#802 = CARTESIAN_POINT ( 'NONE',  ( 0.2880617394387691155, -0.03422053670101900258, -0.4499910136074742328 ) ) ;
#803 = FACE_OUTER_BOUND ( 'NONE', #364, .T. ) ;
#804 = CARTESIAN_POINT ( 'NONE',  ( 0.8366443934595646503, 0.008358363936902700117, 0.2311667191972110735 ) ) ;
#805 = CARTESIAN_POINT ( 'NONE',  ( 0.05980467700085811966, 0.01065344104002893116, 0.4384731828472425708 ) ) ;
#806 = CARTESIAN_POINT ( 'NONE',  ( -0.4500047114106083268, 4.695036288727580750E-05, -0.4499910136074747324 ) ) ;
#807 = DIRECTION ( 'NONE',  ( 0.000000000000000000, 0.000000000000000000, 1.000000000000000000 ) ) ;
#808 = ORIENTED_EDGE ( 'NONE', *, *, #501, .T. ) ;
#809 = CARTESIAN_POINT ( 'NONE',  ( 0.2802846869858837131, 0.01065344103167251144, -0.2433532072527450074 ) ) ;
#810 = CARTESIAN_POINT ( 'NONE',  ( -0.02837943592203911666, 0.01065344103167252011, 0.4050000347123693389 ) ) ;
#811 = EDGE_CURVE ( 'NONE', #1020, #800, #1701, .T. ) ;
#812 = CARTESIAN_POINT ( 'NONE',  ( 0.8474808896445337192, 0.006563376877402378289, -0.2120958994761330541 ) ) ;
#813 = CALENDAR_DATE ( 2026, 29, 6 ) ;
#814 = CARTESIAN_POINT ( 'NONE',  ( -0.02837943592203902646, 0.01065344103167252011, 0.4050000347123693389 ) ) ;
#815 = AXIS2_PLACEMENT_3D ( 'NONE', #1216, #1209, #1647 ) ;
#816 = PERSON_AND_ORGANIZATION_ROLE ( 'creator' ) ;
#817 = CARTESIAN_POINT ( 'NONE',  ( -0.4500047114106083268, -0.03434608782726665532, -0.4499910136074742328 ) ) ;
#818 = AXIS2_PLACEMENT_3D ( 'NONE', #1405, #537, #1121 ) ;
#819 = EDGE_LOOP ( 'NONE', ( #251, #1812, #102, #1877 ) ) ;
#820 = CARTESIAN_POINT ( 'NONE',  ( 0.8888258860477734613, -0.03251280794089068948, 0.09972904889705701270 ) ) ;
#821 = DIRECTION ( 'NONE',  ( 0.000000000000000000, 0.000000000000000000, 1.000000000000000000 ) ) ;
#822 = CIRCLE ( 'NONE', #1076, 0.4499952885893915844 ) ;
#823 = CARTESIAN_POINT ( 'NONE',  ( 0.1354608795142678013, 0.01065344103884379931, -0.4183403129960453493 ) ) ;
#824 = SHAPE_DEFINITION_REPRESENTATION ( #344, #898 ) ;
#825 = ADVANCED_FACE ( 'NONE', ( #1538 ), #970, .F. ) ;
#826 = DIRECTION ( 'NONE',  ( 0.000000000000000000, -1.000000000000000000, 0.000000000000000000 ) ) ;
#827 = CARTESIAN_POINT ( 'NONE',  ( 0.5249850805330734671, 0.01065344103167252011, 4.274981916900240788E-06 ) ) ;
#828 = DIRECTION ( 'NONE',  ( -1.000000000000000000, 0.000000000000000000, 0.000000000000000000 ) ) ;
#829 = ORIENTED_EDGE ( 'NONE', *, *, #716, .T. ) ;
#830 = CARTESIAN_POINT ( 'NONE',  ( 0.8584762880765173243, -0.03385671430594303782, 0.1887738413304500817 ) ) ;
#831 = CARTESIAN_POINT ( 'NONE',  ( 0.1587069386520757741, -0.03434608782726665532, -0.4049914847485355240 ) ) ;
#832 = CARTESIAN_POINT ( 'NONE',  ( 0.1115062650985088333, -0.002074206349343853204, -0.4499910136074615763 ) ) ;
#833 = ADVANCED_FACE ( 'NONE', ( #1721 ), #1164, .T. ) ;
#834 = CARTESIAN_POINT ( 'NONE',  ( -0.02837943592203893972, -0.03434608782726665532, 0.4499995635713080477 ) ) ;
#835 = CC_DESIGN_DATE_AND_TIME_ASSIGNMENT ( #533, #553, ( #450 ) ) ;
#836 = APPROVAL_DATE_TIME ( #267, #902 ) ;
#837 = CARTESIAN_POINT ( 'NONE',  ( -0.06837097835043236260, 0.008370401017937496510, 0.1407839187087517041 ) ) ;
#838 = ADVANCED_FACE ( 'NONE', ( #1744, #1148, #148, #1610, #1569, #1591, #891 ), #426, .T. ) ;
#839 = VERTEX_POINT ( 'NONE', #1865 ) ;
#840 = CARTESIAN_POINT ( 'NONE',  ( 0.06970808090985608496, 0.01065344103167252011, -0.4325477952510661805 ) ) ;
#841 = DIRECTION ( 'NONE',  ( 0.000000000000000000, 0.000000000000000000, 1.000000000000000000 ) ) ;
#842 = CARTESIAN_POINT ( 'NONE',  ( 0.05336870335599199627, -0.002833950316292346925, -0.4499910136074747324 ) ) ;
#843 = VERTEX_POINT ( 'NONE', #277 ) ;
#844 = DIRECTION ( 'NONE',  ( 0.000000000000000000, -1.000000000000000000, 0.000000000000000000 ) ) ;
#845 = PERSON_AND_ORGANIZATION ( #400, #1671 ) ;
#846 = DIRECTION ( 'NONE',  ( 0.000000000000000000, 1.000000000000000000, 0.000000000000000000 ) ) ;
#847 = AXIS2_PLACEMENT_3D ( 'NONE', #1277, #289, #731 ) ;
#848 = ORIENTED_EDGE ( 'NONE', *, *, #1873, .T. ) ;
#849 = CARTESIAN_POINT ( 'NONE',  ( 0.8958067731619617780, -0.03206466060752768965, 0.06130677905537437050 ) ) ;
#850 = CARTESIAN_POINT ( 'NONE',  ( 0.4499858657681749530, 0.01065344103167252011, 4.274981916882062614E-06 ) ) ;
#851 = CIRCLE ( 'NONE', #1547, 0.3449963879185334870 ) ;
#852 = ORIENTED_EDGE ( 'NONE', *, *, #473, .F. ) ;
#853 = CARTESIAN_POINT ( 'NONE',  ( 0.8740249089146731043, -0.03328861757442753283, -0.1510178640932889893 ) ) ;
#854 = ORIENTED_EDGE ( 'NONE', *, *, #1553, .F. ) ;
#855 = LINE ( 'NONE', #435, #543 ) ;
#856 = CALENDAR_DATE ( 2026, 29, 6 ) ;
#857 = CARTESIAN_POINT ( 'NONE',  ( 0.2569800994098089819, -0.03434608782726665532, -0.4499910136074742328 ) ) ;
#858 = ORIENTED_EDGE ( 'NONE', *, *, #1278, .T. ) ;
#859 = CARTESIAN_POINT ( 'NONE',  ( -0.3387628987960483173, -0.03434608782726665532, 0.4050000347123693389 ) ) ;
#860 = DIRECTION ( 'NONE',  ( 9.369746503580338591E-16, 0.000000000000000000, -1.000000000000000000 ) ) ;
#861 = EDGE_CURVE ( 'NONE', #111, #1650, #72, .T. ) ;
#862 = EDGE_LOOP ( 'NONE', ( #410, #1416 ) ) ;
#863 = FACE_OUTER_BOUND ( 'NONE', #879, .T. ) ;
#864 = CARTESIAN_POINT ( 'NONE',  ( 0.5249850805330734671, 0.01065344103167251144, 0.3450006629004503944 ) ) ;
#865 = CARTESIAN_POINT ( 'NONE',  ( 0.1134243945174929907, 0.01065343229754268581, -0.4265694940650638922 ) ) ;
#866 = DIRECTION ( 'NONE',  ( 0.000000000000000000, 0.000000000000000000, -1.000000000000000000 ) ) ;
#867 = ORIENTED_EDGE ( 'NONE', *, *, #1379, .F. ) ;
#868 = APPLICATION_CONTEXT ( 'configuration controlled 3d designs of mechanical parts and assemblies' ) ;
#869 = B_SPLINE_CURVE_WITH_KNOTS ( 'NONE', 3,
 ( #1268, #403, #271, #393, #529, #281, #1860, #692, #1716, #1275 ),
 .UNSPECIFIED., .F., .F.,
 ( 4, 2, 2, 2, 4 ),
 ( 0.000000000000000000, 0.001868487457829619974, 0.003736974915659239949, 0.005605462373488859923, 0.007473949831318469489 ),
 .UNSPECIFIED. ) ;
#870 = CARTESIAN_POINT ( 'NONE',  ( -0.01417443871849981621, 0.01065344103167252011, -0.4084957259862357359 ) ) ;
#871 = CARTESIAN_POINT ( 'NONE',  ( 0.01073991325099163743, -0.03193330116503972915, -0.4499910136074742328 ) ) ;
#872 = VERTEX_POINT ( 'NONE', #161 ) ;
#873 = CARTESIAN_POINT ( 'NONE',  ( -0.4129213796416404958, -0.03228240819265903311, 0.4499995635713080477 ) ) ;
#874 = EDGE_CURVE ( 'NONE', #1351, #152, #729, .T. ) ;
#875 = PRODUCT_RELATED_PRODUCT_CATEGORY ( 'detail', '', ( #1638 ) ) ;
#876 = CARTESIAN_POINT ( 'NONE',  ( 0.09335873756939484791, 0.01065344102847726529, 0.4394737289782493783 ) ) ;
#877 = FACE_OUTER_BOUND ( 'NONE', #434, .T. ) ;
#878 = CARTESIAN_POINT ( 'NONE',  ( -0.4500047114106083268, -0.03434608782726665532, 4.274981916986144329E-06 ) ) ;
#879 = EDGE_LOOP ( 'NONE', ( #1282, #202, #792, #483 ) ) ;
#880 = CARTESIAN_POINT ( 'NONE',  ( 0.06359140210294449147, -0.01932146653094284419, 0.4499995635713080477 ) ) ;
#881 = CARTESIAN_POINT ( 'NONE',  ( -0.01929077683236359378, -0.03434608782726665532, -0.4499910136074742328 ) ) ;
#882 = EDGE_CURVE ( 'NONE', #419, #111, #1552, .T. ) ;
#883 = TOROIDAL_SURFACE ( 'NONE', #217, 0.3449963879185334870, 0.04499952885893915983 ) ;
#884 = AXIS2_PLACEMENT_3D ( 'NONE', #1304, #460, #579 ) ;
#885 = EDGE_LOOP ( 'NONE', ( #459, #66, #1694 ) ) ;
#886 = CARTESIAN_POINT ( 'NONE',  ( -0.4500047114106083268, 0.01065344103167252011, 0.4199998776653491861 ) ) ;
#887 = CIRCLE ( 'NONE', #375, 0.4499952885893915844 ) ;
#888 = AXIS2_PLACEMENT_3D ( 'NONE', #500, #1656, #193 ) ;
#889 = CARTESIAN_POINT ( 'NONE',  ( 0.009331138702236729809, 0.01065344102114855820, 0.4255701746555388132 ) ) ;
#890 = DIRECTION ( 'NONE',  ( 1.000000000000000000, 0.000000000000000000, 0.000000000000000000 ) ) ;
#891 = FACE_OUTER_BOUND ( 'NONE', #1449, .T. ) ;
#892 = ADVANCED_FACE ( 'NONE', ( #28 ), #997, .F. ) ;
#893 = ORIENTED_EDGE ( 'NONE', *, *, #1674, .F. ) ;
#894 = CARTESIAN_POINT ( 'NONE',  ( -0.4500047114106083268, -0.03434608782726665532, -0.4199913277015149271 ) ) ;
#895 = CARTESIAN_POINT ( 'NONE',  ( 0.06277393009601009433, -0.02490196345038528727, -0.4499910136074742328 ) ) ;
#896 = ORIENTED_EDGE ( 'NONE', *, *, #248, .T. ) ;
#897 = CARTESIAN_POINT ( 'NONE',  ( -0.4500047114106083268, -0.03434608782726665532, -0.4499910136074742328 ) ) ;
#898 = ADVANCED_BREP_SHAPE_REPRESENTATION ( '004619', ( #1679, #45 ), #160 ) ;
#899 = CARTESIAN_POINT ( 'NONE',  ( 0.1636510769056325476, 0.01065344103804483425, 0.4219317619624761151 ) ) ;
#900 = DIRECTION ( 'NONE',  ( -1.000000000000000000, 0.000000000000000000, 0.000000000000000000 ) ) ;
#901 = CARTESIAN_POINT ( 'NONE',  ( 0.2802846869858837131, 0.01065344103167252011, -0.3258523434941335006 ) ) ;
#902 = APPROVAL ( #247, '未' ) ;
#903 = VERTEX_POINT ( 'NONE', #709 ) ;
#904 = DIRECTION ( 'NONE',  ( 0.000000000000000000, -1.000000000000000000, 0.000000000000000000 ) ) ;
#905 = EDGE_CURVE ( 'NONE', #1188, #586, #696, .T. ) ;
#906 = ORIENTED_EDGE ( 'NONE', *, *, #370, .F. ) ;
#907 = CARTESIAN_POINT ( 'NONE',  ( 0.02865978675478823151, -0.002124486802249213758, -0.4499910136074751210 ) ) ;
#908 = DIRECTION ( 'NONE',  ( -2.409363386634941392E-15, 0.000000000000000000, -1.000000000000000000 ) ) ;
#909 = ORIENTED_EDGE ( 'NONE', *, *, #1329, .T. ) ;
#910 = CARTESIAN_POINT ( 'NONE',  ( 0.1556772303939494007, -0.03052136556278234325, 0.4499995635713080477 ) ) ;
#911 = B_SPLINE_CURVE_WITH_KNOTS ( 'NONE', 3,
 ( #1388, #642, #928, #1791, #781, #486, #921, #1497, #617, #1205, #1361, #1222, #1800, #1503, #212, #1369, #70, #1235, #1088, #1658, #367, #1512, #793, #1859 ),
 .UNSPECIFIED., .F., .F.,
 ( 4, 2, 2, 2, 2, 2, 2, 2, 2, 2, 2, 4 ),
 ( 0.000000000000000000, 0.1249999999999975991, 0.1875000000000000000, 0.2500000000000000000, 0.3750000000000000000, 0.5000000000000000000, 0.5625000000000000000, 0.6250000000000000000, 0.7500000000000000000, 0.8125000000000000000, 0.8750000000000000000, 1.000000000000000000 ),
 .UNSPECIFIED. ) ;
#912 = ORIENTED_EDGE ( 'NONE', *, *, #88, .T. ) ;
#913 = CARTESIAN_POINT ( 'NONE',  ( 0.3035892745619575006, 0.01065344103167254614, -0.4499910136074747879 ) ) ;
#914 = CARTESIAN_POINT ( 'NONE',  ( 0.8995778187805028026, -0.03180197013547828716, 0.02200816821424838796 ) ) ;
#915 = CIRCLE ( 'NONE', #1280, 0.04499952885893916676 ) ;
#916 = VECTOR ( 'NONE', #13, 1000.000000000000000 ) ;
#917 = DIRECTION ( 'NONE',  ( 0.000000000000000000, 0.000000000000000000, -1.000000000000000000 ) ) ;
#918 = VERTEX_POINT ( 'NONE', #1319 ) ;
#919 = CARTESIAN_POINT ( 'NONE',  ( -0.4500047114106083268, 0.01065344103167252011, 0.4199998776653491861 ) ) ;
#920 = VERTEX_POINT ( 'NONE', #857 ) ;
#921 = CARTESIAN_POINT ( 'NONE',  ( 0.8445354939660575377, 0.01065344103179416586, -0.1304385505159359748 ) ) ;
#922 = CARTESIAN_POINT ( 'NONE',  ( 0.7874823322102179057, 0.01065344103167252011, 0.2238741044337229646 ) ) ;
#923 = FACE_OUTER_BOUND ( 'NONE', #283, .T. ) ;
#924 = EDGE_CURVE ( 'NONE', #307, #1822, #789, .T. ) ;
#925 = ORIENTED_EDGE ( 'NONE', *, *, #756, .F. ) ;
#926 = CARTESIAN_POINT ( 'NONE',  ( -0.009721313932439436950, -0.03341577027337087197, 0.4499995635713080477 ) ) ;
#927 = EDGE_LOOP ( 'NONE', ( #575, #1040, #1511 ) ) ;
#928 = CARTESIAN_POINT ( 'NONE',  ( 0.8117625316120360424, 0.01065344103128073629, -0.1928173162233289828 ) ) ;
#929 = DIRECTION ( 'NONE',  ( 1.000000000000000000, 0.000000000000000000, 0.000000000000000000 ) ) ;
#930 = CARTESIAN_POINT ( 'NONE',  ( 0.8983488412866535988, -0.03189477689898038287, -0.04409217906055727665 ) ) ;
#931 = CARTESIAN_POINT ( 'NONE',  ( 0.2152633295036196215, 0.009112202664857080650, -0.2934596659282591169 ) ) ;
#932 = ORIENTED_EDGE ( 'NONE', *, *, #1285, .T. ) ;
#933 = CARTESIAN_POINT ( 'NONE',  ( 0.1280762800699484227, -0.02451109403306298701, 0.4499995635713080477 ) ) ;
#934 = EDGE_LOOP ( 'NONE', ( #1725, #1592, #1462, #1539 ) ) ;
#935 = CARTESIAN_POINT ( 'NONE',  ( 0.2639666616950266387, 0.008596065347042191815, -0.4499910136074739553 ) ) ;
#936 = FACE_OUTER_BOUND ( 'NONE', #1311, .T. ) ;
#937 = CARTESIAN_POINT ( 'NONE',  ( 0.1914591317722578734, 0.01064170616440425661, 0.08411705255078662236 ) ) ;
#938 = AXIS2_PLACEMENT_3D ( 'NONE', #741, #1031, #1636 ) ;
#939 = TOROIDAL_SURFACE ( 'NONE', #815, 0.08249913624138849322, 0.04499952885893915983 ) ;
#940 = VECTOR ( 'NONE', #1152, 1000.000000000000000 ) ;
#941 = CARTESIAN_POINT ( 'NONE',  ( -0.01505340507971839915, 0.01065344102467861639, 0.4136479770051402216 ) ) ;
#942 = CIRCLE ( 'NONE', #123, 0.04499952885893916676 ) ;
#943 = AXIS2_PLACEMENT_3D ( 'NONE', #1494, #203, #1649 ) ;
#944 = EDGE_CURVE ( 'NONE', #118, #1780, #257, .T. ) ;
#945 = VERTEX_POINT ( 'NONE', #10 ) ;
#946 = DIRECTION ( 'NONE',  ( 0.000000000000000000, 1.000000000000000000, 0.000000000000000000 ) ) ;
#947 = VERTEX_POINT ( 'NONE', #585 ) ;
#948 = CARTESIAN_POINT ( 'NONE',  ( 0.2722188790910519129, 0.007534846863428030020, -0.4499910136074746769 ) ) ;
#949 = CARTESIAN_POINT ( 'NONE',  ( 0.1587069386520757741, 0.01065344103167252011, -0.4049914847485355240 ) ) ;
#950 = CARTESIAN_POINT ( 'NONE',  ( 0.8999848861233137320, 4.661344285405821634E-05, 0.01095913872645054403 ) ) ;
#951 = CARTESIAN_POINT ( 'NONE',  ( 0.04740432506784839073, 0.006636650148689009036, -0.1361423868603785503 ) ) ;
#952 = CARTESIAN_POINT ( 'NONE',  ( -0.4500047114106083268, 0.01065344103167252011, -0.4199913277015154267 ) ) ;
#953 = DIRECTION ( 'NONE',  ( 0.000000000000000000, 1.000000000000000000, 0.000000000000000000 ) ) ;
#954 = ORIENTED_EDGE ( 'NONE', *, *, #353, .T. ) ;
#955 = CARTESIAN_POINT ( 'NONE',  ( 0.8356520078495226489, -0.03430819208074734755, -0.2321126759685667174 ) ) ;
#956 = CARTESIAN_POINT ( 'NONE',  ( 0.07111080632854642480, 0.006405636871258258390, -0.1366365739377931876 ) ) ;
#957 = CARTESIAN_POINT ( 'NONE',  ( 0.09970711181662832157, -0.02722872665189529293, -0.4499910136074742328 ) ) ;
#958 = DIRECTION ( 'NONE',  ( 0.000000000000000000, -1.000000000000000000, 0.000000000000000000 ) ) ;
#959 = EDGE_CURVE ( 'NONE', #1780, #1561, #492, .T. ) ;
#960 = DIRECTION ( 'NONE',  ( -1.000000000000000000, 0.000000000000000000, 0.000000000000000000 ) ) ;
#961 = ORIENTED_EDGE ( 'NONE', *, *, #315, .T. ) ;
#962 = CARTESIAN_POINT ( 'NONE',  ( 0.8844680238450176590, -0.03276223526997048413, -0.1177892583003239957 ) ) ;
#963 = DIRECTION ( 'NONE',  ( 1.000000000000000000, 0.000000000000000000, -1.224646799147353207E-16 ) ) ;
#964 = CARTESIAN_POINT ( 'NONE',  ( 0.1536711925039571103, 0.01065344103167252011, -0.4084405275872424190 ) ) ;
#965 = DATE_AND_TIME ( #813, #1713 ) ;
#966 = CIRCLE ( 'NONE', #1851, 0.04499952885893916676 ) ;
#967 = FACE_OUTER_BOUND ( 'NONE', #24, .T. ) ;
#968 = VECTOR ( 'NONE', #292, 1000.000000000000000 ) ;
#969 = AXIS2_PLACEMENT_3D ( 'NONE', #1297, #1854, #1011 ) ;
#970 = PLANE ( 'NONE',  #46 ) ;
#971 = CIRCLE ( 'NONE', #159, 0.3749960738244932368 ) ;
#972 = AXIS2_PLACEMENT_3D ( 'NONE', #1720, #425, #1401 ) ;
#973 = AXIS2_PLACEMENT_3D ( 'NONE', #1438, #699, #1601 ) ;
#974 = ORIENTED_EDGE ( 'NONE', *, *, #1399, .F. ) ;
#975 = CARTESIAN_POINT ( 'NONE',  ( 0.8994369732604051704, -0.03181378189151728986, 0.02650503264426238778 ) ) ;
#976 = CARTESIAN_POINT ( 'NONE',  ( 0.2802846869858837131, -0.03434608782726665532, -0.3258523434941335006 ) ) ;
#977 = TOROIDAL_SURFACE ( 'NONE', #285, 0.08249913624138849322, 0.04499952885893915983 ) ;
#978 = CARTESIAN_POINT ( 'NONE',  ( 0.1134243958354930470, 0.01065344104305694997, -0.4265694779714940266 ) ) ;
#979 = EDGE_CURVE ( 'NONE', #918, #354, #436, .T. ) ;
#980 = FACE_OUTER_BOUND ( 'NONE', #689, .T. ) ;
#981 = CARTESIAN_POINT ( 'NONE',  ( 0.2960365028805378440, 0.01065344103167252011, -0.4072223122674554774 ) ) ;
#982 = EDGE_CURVE ( 'NONE', #1188, #1521, #320, .T. ) ;
#983 = ORIENTED_EDGE ( 'NONE', *, *, #1525, .T. ) ;
#984 = CARTESIAN_POINT ( 'NONE',  ( 0.8249819395926681898, -0.03434608782726665532, 0.2487485299283685725 ) ) ;
#985 = DIRECTION ( 'NONE',  ( 0.000000000000000000, -1.000000000000000000, 0.000000000000000000 ) ) ;
#986 = CARTESIAN_POINT ( 'NONE',  ( 0.4499858657681749530, 0.01065344103167252011, -0.4049914847485355240 ) ) ;
#987 = CARTESIAN_POINT ( 'NONE',  ( -0.3758478522931194554, -0.03360182774327466482, -0.4499910136074742328 ) ) ;
#988 = PERSON_AND_ORGANIZATION ( #400, #1671 ) ;
#989 = FACE_OUTER_BOUND ( 'NONE', #330, .T. ) ;
#990 = ORIENTED_EDGE ( 'NONE', *, *, #1098, .F. ) ;
#991 = CARTESIAN_POINT ( 'NONE',  ( 0.8999850335766997889, -0.03177223874896439870, 0.01036378068164849758 ) ) ;
#992 = DIRECTION ( 'NONE',  ( 0.000000000000000000, -1.000000000000000000, 0.000000000000000000 ) ) ;
#993 = CARTESIAN_POINT ( 'NONE',  ( 0.1439196362209191615, -0.03376602162722493194, -0.4499910136074742328 ) ) ;
#994 = ORIENTED_EDGE ( 'NONE', *, *, #172, .T. ) ;
#995 = DIRECTION ( 'NONE',  ( 1.000000000000000000, 0.000000000000000000, -1.224646799147353207E-16 ) ) ;
#996 = CARTESIAN_POINT ( 'NONE',  ( 0.08232812661426762435, -0.01826924904677510245, 0.4050000347123693389 ) ) ;
#997 = PLANE ( 'NONE',  #1132 ) ;
#998 = AXIS2_PLACEMENT_3D ( 'NONE', #598, #443, #1775 ) ;
#999 = ADVANCED_FACE ( 'NONE', ( #989 ), #1489, .T. ) ;
#1000 = AXIS2_PLACEMENT_3D ( 'NONE', #1532, #992, #1116 ) ;
#1001 = ORIENTED_EDGE ( 'NONE', *, *, #8, .F. ) ;
#1002 = CARTESIAN_POINT ( 'NONE',  ( -0.1125887689677438352, 0.01065344103167251144, 0.2500978335931150487 ) ) ;
#1003 = CARTESIAN_POINT ( 'NONE',  ( -0.3387628987960483173, -0.03434608782726665532, -0.4049914847485355240 ) ) ;
#1004 = CIRCLE ( 'NONE', #221, 0.1949979583887363199 ) ;
#1005 = TOROIDAL_SURFACE ( 'NONE', #1828, 0.4049957597304519874, 0.04499952885893915983 ) ;
#1006 = VERTEX_POINT ( 'NONE', #1328 ) ;
#1007 = PRODUCT_DEFINITION_FORMATION_WITH_SPECIFIED_SOURCE ( '�', '', #1638, .NOT_KNOWN. ) ;
#1008 = CARTESIAN_POINT ( 'NONE',  ( 0.01072284363274960545, -0.03193586638736931743, -0.4499910136074742328 ) ) ;
#1009 = ADVANCED_FACE ( 'NONE', ( #1623 ), #181, .F. ) ;
#1010 = ORIENTED_EDGE ( 'NONE', *, *, #678, .T. ) ;
#1011 = DIRECTION ( 'NONE',  ( 0.000000000000000000, 0.000000000000000000, -1.000000000000000000 ) ) ;
#1012 = EDGE_CURVE ( 'NONE', #1496, #118, #99, .T. ) ;
#1013 = PERSON_AND_ORGANIZATION_ROLE ( 'design_owner' ) ;
#1014 = DIRECTION ( 'NONE',  ( 0.000000000000000000, 0.000000000000000000, -1.000000000000000000 ) ) ;
#1015 = EDGE_CURVE ( 'NONE', #601, #778, #209, .T. ) ;
#1016 = ORIENTED_EDGE ( 'NONE', *, *, #1432, .F. ) ;
#1017 = LINE ( 'NONE', #164, #348 ) ;
#1018 = FACE_OUTER_BOUND ( 'NONE', #1294, .T. ) ;
#1019 = B_SPLINE_CURVE_WITH_KNOTS ( 'NONE', 3,
 ( #645, #951, #1830, #523, #107, #1837, #1238 ),
 .UNSPECIFIED., .F., .F.,
 ( 4, 3, 4 ),
 ( 0.000000000000000000, 6.692898056200781843E-05, 6.712105032740658603E-05 ),
 .UNSPECIFIED. ) ;
#1020 = VERTEX_POINT ( 'NONE', #215 ) ;
#1021 = CARTESIAN_POINT ( 'NONE',  ( -0.4314668821958134726, -0.03177252164340398782, 0.4499995635713080477 ) ) ;
#1022 = CARTESIAN_POINT ( 'NONE',  ( 0.1930356891505743966, 0.01065344103167252011, 0.4050000347123693389 ) ) ;
#1023 = CARTESIAN_POINT ( 'NONE',  ( -0.4500047114106083268, -0.03177252164346825586, 4.274981916986144329E-06 ) ) ;
#1024 = DIRECTION ( 'NONE',  ( 0.000000000000000000, 0.000000000000000000, 1.000000000000000000 ) ) ;
#1025 = ORIENTED_EDGE ( 'NONE', *, *, #1269, .F. ) ;
#1026 = CARTESIAN_POINT ( 'NONE',  ( 0.07287373830472232417, -0.01826924904677517877, 0.4499995635713080477 ) ) ;
#1027 = CARTESIAN_POINT ( 'NONE',  ( 0.4499858657681749530, 0.01065344103167252011, 4.274981916882062614E-06 ) ) ;
#1028 = EDGE_LOOP ( 'NONE', ( #441, #932 ) ) ;
#1029 = CARTESIAN_POINT ( 'NONE',  ( -0.01435297871927236103, 0.007271484179764821885, -0.4499910136074741218 ) ) ;
#1030 = ADVANCED_FACE ( 'NONE', ( #329 ), #1063, .F. ) ;
#1031 = DIRECTION ( 'NONE',  ( -1.000000000000000000, 0.000000000000000000, 0.000000000000000000 ) ) ;
#1032 = DIRECTION ( 'NONE',  ( 0.000000000000000000, 0.000000000000000000, 1.000000000000000000 ) ) ;
#1033 = APPROVAL_PERSON_ORGANIZATION ( #1110, #1786, #1546 ) ;
#1034 = CARTESIAN_POINT ( 'NONE',  ( 0.4499858657681749530, -0.03434608782726665532, -0.4049914847485355240 ) ) ;
#1035 = ORIENTED_EDGE ( 'NONE', *, *, #1575, .T. ) ;
#1036 = DIRECTION ( 'NONE',  ( 0.000000000000000000, 0.000000000000000000, -1.000000000000000000 ) ) ;
#1037 = AXIS2_PLACEMENT_3D ( 'NONE', #4, #1742, #1608 ) ;
#1038 = CARTESIAN_POINT ( 'NONE',  ( 0.07391476281132663972, 0.007201489243763099270, 0.06696165021674785334 ) ) ;
#1039 = AXIS2_PLACEMENT_3D ( 'NONE', #1470, #130, #567 ) ;
#1040 = ORIENTED_EDGE ( 'NONE', *, *, #265, .T. ) ;
#1041 = CARTESIAN_POINT ( 'NONE',  ( -0.3387628987960483173, -0.03434608782726665532, 0.4499995635713080477 ) ) ;
#1042 = AXIS2_PLACEMENT_3D ( 'NONE', #36, #610, #1475 ) ;
#1043 = TOROIDAL_SURFACE ( 'NONE', #222, 0.1949979583887363199, 0.04499952885893915983 ) ;
#1044 = AXIS2_PLACEMENT_3D ( 'NONE', #831, #1441, #1616 ) ;
#1045 = B_SPLINE_CURVE_WITH_KNOTS ( 'NONE', 3,
 ( #448, #1026, #880, #1460, #76, #1211, #790, #926, #1501, #647 ),
 .UNSPECIFIED., .F., .F.,
 ( 4, 2, 2, 2, 4 ),
 ( 0.000000000000000000, 0.001866115070560550029, 0.003732230141121094854, 0.005598345211681640329, 0.007464460282242189708 ),
 .UNSPECIFIED. ) ;
#1046 = DIRECTION ( 'NONE',  ( -1.000000000000000000, -2.602101450694795311E-16, 0.000000000000000000 ) ) ;
#1047 = CARTESIAN_POINT ( 'NONE',  ( 0.8249819395926681898, -0.03434608782726665532, 0.2487485299283685725 ) ) ;
#1048 = CARTESIAN_POINT ( 'NONE',  ( 0.4499858657681749530, -0.03434608782726665532, 0.4050000347123693389 ) ) ;
#1049 = ORIENTED_EDGE ( 'NONE', *, *, #811, .F. ) ;
#1050 = CARTESIAN_POINT ( 'NONE',  ( -0.01929077683236359378, 0.01065344103167252011, -0.4049914847485355240 ) ) ;
#1051 = CARTESIAN_POINT ( 'NONE',  ( -0.4500047114106083268, -0.03434608782726665532, -0.4499910136074742328 ) ) ;
#1052 = ORIENTED_EDGE ( 'NONE', *, *, #1457, .F. ) ;
#1053 = CARTESIAN_POINT ( 'NONE',  ( 0.01816227933332982547, -0.03072660399940836673, -0.4499910136074742328 ) ) ;
#1054 = CARTESIAN_POINT ( 'NONE',  ( 0.1413447598734693667, 0.01065333430484639160, -0.1348957620888422970 ) ) ;
#1055 = DIRECTION ( 'NONE',  ( 0.000000000000000000, 0.000000000000000000, -1.000000000000000000 ) ) ;
#1056 = ADVANCED_FACE ( 'NONE', ( #753 ), #346, .T. ) ;
#1057 = CARTESIAN_POINT ( 'NONE',  ( -0.4129166544438865882, -0.03228256524345414491, 0.4499995635713080477 ) ) ;
#1058 = ORIENTED_EDGE ( 'NONE', *, *, #1741, .T. ) ;
#1059 = CARTESIAN_POINT ( 'NONE',  ( 0.1524751750438642361, -0.001826234012573198055, 0.4499995635713085473 ) ) ;
#1060 = ORIENTED_EDGE ( 'NONE', *, *, #944, .T. ) ;
#1061 = DIRECTION ( 'NONE',  ( 0.000000000000000000, 0.000000000000000000, 1.000000000000000000 ) ) ;
#1062 = CARTESIAN_POINT ( 'NONE',  ( -0.4500047114106083268, -0.03177252164346825586, 0.4050000347123693389 ) ) ;
#1063 = PLANE ( 'NONE',  #1796 ) ;
#1064 = EDGE_LOOP ( 'NONE', ( #721, #829, #1246, #1202, #1105 ) ) ;
#1065 = CARTESIAN_POINT ( 'NONE',  ( 0.1930356891505743966, -0.03434608782726665532, 0.4499995635713080477 ) ) ;
#1066 = EDGE_CURVE ( 'NONE', #601, #1703, #40, .T. ) ;
#1067 = CLOSED_SHELL ( 'NONE', ( #128, #1085, #342, #718, #999, #1262, #391, #1455, #825, #892, #530, #1691, #1542, #238, #278, #1030, #1467, #838, #273, #1009, #339, #1168, #256, #1533, #282, #198, #117, #1598, #220, #1217, #235, #648, #21, #1178, #772, #1056, #244, #833, #1798, #1776, #1355, #1214, #1189 ) ) ;
#1068 = ORIENTED_EDGE ( 'NONE', *, *, #1618, .T. ) ;
#1069 = DIRECTION ( 'NONE',  ( 0.000000000000000000, -1.000000000000000000, 0.000000000000000000 ) ) ;
#1070 = EDGE_CURVE ( 'NONE', #1736, #1500, #1640, .T. ) ;
#1071 = CIRCLE ( 'NONE', #347, 0.4199956026834318901 ) ;
#1072 = CARTESIAN_POINT ( 'NONE',  ( 0.8776985413602349517, -0.03311551813851372483, 0.1402837425844997987 ) ) ;
#1073 = EDGE_CURVE ( 'NONE', #451, #588, #1446, .T. ) ;
#1074 = CIRCLE ( 'NONE', #254, 0.04499952885893916676 ) ;
#1075 = DIRECTION ( 'NONE',  ( 0.000000000000000000, 0.000000000000000000, -1.000000000000000000 ) ) ;
#1076 = AXIS2_PLACEMENT_3D ( 'NONE', #1528, #1693, #399 ) ;
#1077 = ORIENTED_EDGE ( 'NONE', *, *, #1015, .F. ) ;
#1078 = CARTESIAN_POINT ( 'NONE',  ( -0.3562345047899903583, 0.01065344103133736287, 0.4095021416202060394 ) ) ;
#1079 = ORIENTED_EDGE ( 'NONE', *, *, #1774, .F. ) ;
#1080 = DIRECTION ( 'NONE',  ( 0.000000000000000000, -1.000000000000000000, 0.000000000000000000 ) ) ;
#1081 = CARTESIAN_POINT ( 'NONE',  ( 0.1904516911191566075, 0.01065280422516034532, 0.08267819165698329920 ) ) ;
#1082 = DIRECTION ( 'NONE',  ( 0.000000000000000000, 0.000000000000000000, -1.000000000000000000 ) ) ;
#1083 = ORIENTED_EDGE ( 'NONE', *, *, #328, .T. ) ;
#1084 = EDGE_CURVE ( 'NONE', #1814, #1790, #725, .T. ) ;
#1085 = ADVANCED_FACE ( 'NONE', ( #923 ), #939, .T. ) ;
#1086 = CARTESIAN_POINT ( 'NONE',  ( 0.1257865816124923430, 0.01065344102514287003, 0.4348771612078211057 ) ) ;
#1087 = ORIENTED_EDGE ( 'NONE', *, *, #57, .F. ) ;
#1088 = CARTESIAN_POINT ( 'NONE',  ( 0.8406278971154892421, 0.01065344103211344692, 0.1396334221084229998 ) ) ;
#1089 = CARTESIAN_POINT ( 'NONE',  ( 0.2653505914717932956, 0.01065284099767291326, -0.4070512007556685297 ) ) ;
#1090 = CARTESIAN_POINT ( 'NONE',  ( 0.8318211294514066267, 0.01065344103123168525, 0.1580496022603216644 ) ) ;
#1091 = ORIENTED_EDGE ( 'NONE', *, *, #132, .F. ) ;
#1092 = CARTESIAN_POINT ( 'NONE',  ( 0.1930356891505745076, 0.01065344103167261032, 0.4499995635713081032 ) ) ;
#1093 = ORIENTED_EDGE ( 'NONE', *, *, #703, .T. ) ;
#1094 = CARTESIAN_POINT ( 'NONE',  ( 0.2883690622995550568, 0.007536403102915961022, -0.4499910136074746214 ) ) ;
#1095 = CARTESIAN_POINT ( 'NONE',  ( 0.5249850805330734671, 0.01065344103167252011, 4.274981916900240788E-06 ) ) ;
#1096 = CARTESIAN_POINT ( 'NONE',  ( 0.8999736982515772477, -0.03177306085183970175, -0.02223594261710402573 ) ) ;
#1097 = AXIS2_PLACEMENT_3D ( 'NONE', #1737, #1757, #457 ) ;
#1098 = EDGE_CURVE ( 'NONE', #920, #296, #430, .T. ) ;
#1099 = CARTESIAN_POINT ( 'NONE',  ( 0.03838804672284758940, 0.01065344102331611080, 0.4347691523208438436 ) ) ;
#1100 = CIRCLE ( 'NONE', #463, 0.1574983510062870906 ) ;
#1101 = APPROVAL_PERSON_ORGANIZATION ( #1128, #902, #1551 ) ;
#1102 = AXIS2_PLACEMENT_3D ( 'NONE', #290, #719, #1426 ) ;
#1103 = ORIENTED_EDGE ( 'NONE', *, *, #1564, .F. ) ;
#1104 = CARTESIAN_POINT ( 'NONE',  ( -0.3387628987960483173, 0.01065344103167252011, 0.4050000347123693389 ) ) ;
#1105 = ORIENTED_EDGE ( 'NONE', *, *, #1848, .T. ) ;
#1106 = CARTESIAN_POINT ( 'NONE',  ( -0.4500047114106083268, -0.03434608782726665532, 0.4499995635713080477 ) ) ;
#1107 = DIRECTION ( 'NONE',  ( 0.000000000000000000, 0.000000000000000000, -1.000000000000000000 ) ) ;
#1108 = CARTESIAN_POINT ( 'NONE',  ( 0.8618702393463306688, -0.03376112973535741468, 0.1815742798039076678 ) ) ;
#1109 = EDGE_CURVE ( 'NONE', #1736, #1799, #669, .T. ) ;
#1110 = PERSON_AND_ORGANIZATION ( #400, #1671 ) ;
#1111 = FACE_OUTER_BOUND ( 'NONE', #302, .T. ) ;
#1112 = ORIENTED_EDGE ( 'NONE', *, *, #1365, .F. ) ;
#1113 = DIRECTION ( 'NONE',  ( 0.000000000000000000, -1.000000000000000000, 0.000000000000000000 ) ) ;
#1114 = ORIENTED_EDGE ( 'NONE', *, *, #1880, .F. ) ;
#1115 = CARTESIAN_POINT ( 'NONE',  ( 0.3594667142156320327, 0.01065344103167252011, -0.3026938883564828098 ) ) ;
#1116 = DIRECTION ( 'NONE',  ( 0.000000000000000000, 0.000000000000000000, -1.000000000000000000 ) ) ;
#1117 = CARTESIAN_POINT ( 'NONE',  ( 0.2802846869858837131, 0.01065344103167252011, -0.3258523434941335006 ) ) ;
#1118 = MECHANICAL_CONTEXT ( 'NONE', #868, 'mechanical' ) ;
#1119 = ORIENTED_EDGE ( 'NONE', *, *, #1012, .T. ) ;
#1120 = CARTESIAN_POINT ( 'NONE',  ( 0.8979472958679999284, -0.03191828131221827181, 0.04310680593822470430 ) ) ;
#1121 = DIRECTION ( 'NONE',  ( 0.000000000000000000, 0.000000000000000000, 1.000000000000000000 ) ) ;
#1122 = B_SPLINE_CURVE_WITH_KNOTS ( 'NONE', 3,
 ( #1186, #1236, #1089, #1763, #1659, #368 ),
 .UNSPECIFIED., .F., .F.,
 ( 4, 2, 4 ),
 ( 0.000000000000000000, 0.5000000000000000000, 1.000000000000000000 ),
 .UNSPECIFIED. ) ;
#1123 = EDGE_CURVE ( 'NONE', #1790, #163, #1279, .T. ) ;
#1124 = CARTESIAN_POINT ( 'NONE',  ( 0.8658840143317181326, 0.003882404856765692136, -0.1721802392491983413 ) ) ;
#1125 = CYLINDRICAL_SURFACE ( 'NONE', #1544, 0.04499952885893916676 ) ;
#1126 = AXIS2_PLACEMENT_3D ( 'NONE', #561, #844, #552 ) ;
#1127 = AXIS2_PLACEMENT_3D ( 'NONE', #1585, #722, #467 ) ;
#1128 = PERSON_AND_ORGANIZATION ( #400, #1671 ) ;
#1129 = DIRECTION ( 'NONE',  ( 0.000000000000000000, -1.000000000000000000, 0.000000000000000000 ) ) ;
#1130 = CIRCLE ( 'NONE', #1374, 0.4199956026834318901 ) ;
#1131 = TOROIDAL_SURFACE ( 'NONE', #1162, 0.1574983510062871184, 0.04499952885893915983 ) ;
#1132 = AXIS2_PLACEMENT_3D ( 'NONE', #306, #1753, #1582 ) ;
#1133 = ORIENTED_EDGE ( 'NONE', *, *, #1707, .F. ) ;
#1134 = CARTESIAN_POINT ( 'NONE',  ( -0.4500047114106083268, 0.01065344103167252011, 4.274981916986144329E-06 ) ) ;
#1135 = CARTESIAN_POINT ( 'NONE',  ( -0.4500047114106083268, 0.01065344103167252011, -0.4499910136074742328 ) ) ;
#1136 = EDGE_CURVE ( 'NONE', #354, #451, #356, .T. ) ;
#1137 = CARTESIAN_POINT ( 'NONE',  ( 0.06185354167991179153, -0.002859778419919077261, -0.4499910136074750655 ) ) ;
#1138 = COORDINATED_UNIVERSAL_TIME_OFFSET ( 8, 0, .AHEAD. ) ;
#1139 = DIRECTION ( 'NONE',  ( 0.000000000000000000, -1.000000000000000000, 0.000000000000000000 ) ) ;
#1140 = APPROVAL_STATUS ( 'not_yet_approved' ) ;
#1141 = DIRECTION ( 'NONE',  ( -1.000000000000000000, 0.000000000000000000, 0.000000000000000000 ) ) ;
#1142 = ORIENTED_EDGE ( 'NONE', *, *, #1829, .T. ) ;
#1143 = CARTESIAN_POINT ( 'NONE',  ( 0.3491043911109176223, 0.01065344103167251144, -0.2898252384632024059 ) ) ;
#1144 = LINE ( 'NONE', #1135, #1515 ) ;
#1145 = CARTESIAN_POINT ( 'NONE',  ( 0.03501941389734108956, 0.01065344102353128243, -0.4289297736369979130 ) ) ;
#1146 = ORIENTED_EDGE ( 'NONE', *, *, #1635, .T. ) ;
#1147 = CARTESIAN_POINT ( 'NONE',  ( 0.2802846869858837131, 0.01065344103167252011, -0.3258523434941335006 ) ) ;
#1148 = FACE_BOUND ( 'NONE', #1749, .T. ) ;
#1149 = ORIENTED_EDGE ( 'NONE', *, *, #394, .T. ) ;
#1150 = PLANE ( 'NONE',  #1127 ) ;
#1151 = ORIENTED_EDGE ( 'NONE', *, *, #1829, .F. ) ;
#1152 = DIRECTION ( 'NONE',  ( -1.000000000000000000, 0.000000000000000000, 0.000000000000000000 ) ) ;
#1153 = CARTESIAN_POINT ( 'NONE',  ( -0.4307779742244240428, 0.01065344103162422715, -0.4199913277016512625 ) ) ;
#1154 = FACE_OUTER_BOUND ( 'NONE', #192, .T. ) ;
#1155 = EDGE_CURVE ( 'NONE', #337, #778, #1766, .T. ) ;
#1156 = CARTESIAN_POINT ( 'NONE',  ( 0.2802846869858837131, -0.03434608782726665532, -0.4083514797355219939 ) ) ;
#1157 = CARTESIAN_POINT ( 'NONE',  ( 0.07391476281132663972, 0.007201489243763099270, 0.06696165021674785334 ) ) ;
#1158 = AXIS2_PLACEMENT_3D ( 'NONE', #576, #174, #1036 ) ;
#1159 = VERTEX_POINT ( 'NONE', #1548 ) ;
#1160 = DIRECTION ( 'NONE',  ( -1.000000000000000000, 0.000000000000000000, 0.000000000000000000 ) ) ;
#1161 = CARTESIAN_POINT ( 'NONE',  ( -0.01174241108617763742, -0.03434608782726665532, -0.4499910136074742328 ) ) ;
#1162 = AXIS2_PLACEMENT_3D ( 'NONE', #301, #1451, #1748 ) ;
#1163 = ORIENTED_EDGE ( 'NONE', *, *, #176, .F. ) ;
#1164 = TOROIDAL_SURFACE ( 'NONE', #973, 0.4199956026834318901, 0.04499952885893915983 ) ;
#1165 = B_SPLINE_CURVE_WITH_KNOTS ( 'NONE', 3,
 ( #155, #1762, #335, #730, #1445, #1317, #461 ),
 .UNSPECIFIED., .F., .F.,
 ( 4, 3, 4 ),
 ( 1.881335024845198412E-17, 6.391337304078039089E-05, 6.411107069243624922E-05 ),
 .UNSPECIFIED. ) ;
#1166 = CARTESIAN_POINT ( 'NONE',  ( -0.02211242191823437758, 0.01065344103167252011, 0.4093221592059342884 ) ) ;
#1167 = CARTESIAN_POINT ( 'NONE',  ( 0.06989364112906752691, 0.01065343134175321740, -0.4325478008085179571 ) ) ;
#1168 = ADVANCED_FACE ( 'NONE', ( #1392 ), #1690, .F. ) ;
#1169 = DIRECTION ( 'NONE',  ( 1.000000000000000000, 0.000000000000000000, 0.000000000000000000 ) ) ;
#1170 = ORIENTED_EDGE ( 'NONE', *, *, #1457, .T. ) ;
#1171 = CARTESIAN_POINT ( 'NONE',  ( 0.4499858657681749530, 0.01065344103167252011, 0.4050000347123693389 ) ) ;
#1172 = CARTESIAN_POINT ( 'NONE',  ( -0.03064606764857094601, 0.01065344103167250624, 0.02312643265553834468 ) ) ;
#1173 = EDGE_LOOP ( 'NONE', ( #1657, #1049, #1142, #493, #788, #19, #770, #294, #196 ) ) ;
#1174 = CARTESIAN_POINT ( 'NONE',  ( -0.3573075555144841764, -0.03414756495654118484, 0.4499995635713080477 ) ) ;
#1175 = DIRECTION ( 'NONE',  ( 1.000000000000000000, 0.000000000000000000, -1.224646799147353207E-16 ) ) ;
#1176 = DIRECTION ( 'NONE',  ( 0.000000000000000000, -1.000000000000000000, 0.000000000000000000 ) ) ;
#1177 = CARTESIAN_POINT ( 'NONE',  ( 0.4499858657681749530, -0.03434608782726665532, 0.4050000347123693389 ) ) ;
#1178 = ADVANCED_FACE ( 'NONE', ( #980 ), #1871, .T. ) ;
#1179 = ORIENTED_EDGE ( 'NONE', *, *, #1840, .T. ) ;
#1180 = CARTESIAN_POINT ( 'NONE',  ( 0.7874823322102179057, -0.03434608782726665532, 0.2238741044337229646 ) ) ;
#1181 = CARTESIAN_POINT ( 'NONE',  ( 0.04049801803521427962, -0.02711158760647404756, -0.4499910136074742328 ) ) ;
#1182 = EDGE_CURVE ( 'NONE', #843, #1500, #1019, .T. ) ;
#1183 = ORIENTED_EDGE ( 'NONE', *, *, #801, .F. ) ;
#1184 = CARTESIAN_POINT ( 'NONE',  ( 0.01309659170470375486, -0.0005655594409432602955, -0.4499910136074748990 ) ) ;
#1185 = CARTESIAN_POINT ( 'NONE',  ( 0.1415364550983911340, 0.01065344103167252011, -0.1348837735863357701 ) ) ;
#1186 = CARTESIAN_POINT ( 'NONE',  ( 0.2569800994098089819, 0.01065344103167252011, -0.4049914847485355240 ) ) ;
#1187 = DIRECTION ( 'NONE',  ( 1.000000000000000000, 0.000000000000000000, 0.000000000000000000 ) ) ;
#1188 = VERTEX_POINT ( 'NONE', #407 ) ;
#1189 = ADVANCED_FACE ( 'NONE', ( #1111 ), #883, .T. ) ;
#1190 = DIRECTION ( 'NONE',  ( 1.000000000000000000, 0.000000000000000000, 0.000000000000000000 ) ) ;
#1191 = CIRCLE ( 'NONE', #998, 0.1124988221473478545 ) ;
#1192 = DIRECTION ( 'NONE',  ( -1.000000000000000000, -0.000000000000000000, -0.000000000000000000 ) ) ;
#1193 = TOROIDAL_SURFACE ( 'NONE', #1223, 0.4199956026834318901, 0.04499952885893915983 ) ;
#1194 = EDGE_LOOP ( 'NONE', ( #593, #994, #1234, #893 ) ) ;
#1195 = DIRECTION ( 'NONE',  ( -1.000000000000000000, 0.000000000000000000, 0.000000000000000000 ) ) ;
#1196 = CC_DESIGN_PERSON_AND_ORGANIZATION_ASSIGNMENT ( #137, #1339, ( #396 ) ) ;
#1197 = AXIS2_PLACEMENT_3D ( 'NONE', #468, #1192, #1771 ) ;
#1198 = AXIS2_PLACEMENT_3D ( 'NONE', #878, #18, #592 ) ;
#1199 = CARTESIAN_POINT ( 'NONE',  ( 0.8249819395926681898, -0.03434608782726665532, -0.2487399799645342025 ) ) ;
#1200 = CARTESIAN_POINT ( 'NONE',  ( 0.08232812661426762435, 0.01065344103167252011, 0.2444757705868327025 ) ) ;
#1201 = CARTESIAN_POINT ( 'NONE',  ( 0.2053138544538224419, 0.01065344103167708591, -0.3410275905674073349 ) ) ;
#1202 = ORIENTED_EDGE ( 'NONE', *, *, #1564, .T. ) ;
#1203 = CARTESIAN_POINT ( 'NONE',  ( 0.1790538057959618623, 0.003290401443346236115, 0.4499995635713094910 ) ) ;
#1204 = ORIENTED_EDGE ( 'NONE', *, *, #1391, .F. ) ;
#1205 = CARTESIAN_POINT ( 'NONE',  ( 0.8680907407544877774, 0.01065344103188882625, -0.04148425391649378929 ) ) ;
#1206 = FACE_OUTER_BOUND ( 'NONE', #1759, .T. ) ;
#1207 = CC_DESIGN_SECURITY_CLASSIFICATION ( #396, ( #1007 ) ) ;
#1208 = EDGE_CURVE ( 'NONE', #713, #419, #1845, .T. ) ;
#1209 = DIRECTION ( 'NONE',  ( 0.000000000000000000, -1.000000000000000000, 0.000000000000000000 ) ) ;
#1210 = ORIENTED_EDGE ( 'NONE', *, *, #874, .F. ) ;
#1211 = CARTESIAN_POINT ( 'NONE',  ( 0.01784339103730734483, -0.02864135408545515071, 0.4499995635713080477 ) ) ;
#1212 = ORIENTED_EDGE ( 'NONE', *, *, #740, .T. ) ;
#1213 = DIRECTION ( 'NONE',  ( 0.000000000000000000, 0.000000000000000000, -1.000000000000000000 ) ) ;
#1214 = ADVANCED_FACE ( 'NONE', ( #100 ), #977, .T. ) ;
#1215 = CARTESIAN_POINT ( 'NONE',  ( 0.8741294756644238939, -0.03328404311977760377, 0.1507383672139926689 ) ) ;
#1216 = CARTESIAN_POINT ( 'NONE',  ( 0.2802846869858837131, -0.03434608782726665532, -0.3258523434941335006 ) ) ;
#1217 = ADVANCED_FACE ( 'NONE', ( #967 ), #1125, .T. ) ;
#1218 = CC_DESIGN_DATE_AND_TIME_ASSIGNMENT ( #1698, #1535, ( #396 ) ) ;
#1219 = ORIENTED_EDGE ( 'NONE', *, *, #882, .T. ) ;
#1220 = CARTESIAN_POINT ( 'NONE',  ( 0.1867124393319722353, 0.01065344103167252011, 0.4093609429328107785 ) ) ;
#1221 = VERTEX_POINT ( 'NONE', #1728 ) ;
#1222 = CARTESIAN_POINT ( 'NONE',  ( 0.8699857293245388812, 0.01065344103207077099, 0.01025363716252985016 ) ) ;
#1223 = AXIS2_PLACEMENT_3D ( 'NONE', #146, #316, #583 ) ;
#1224 = AXIS2_PLACEMENT_3D ( 'NONE', #54, #1784, #1213 ) ;
#1225 = AXIS2_PLACEMENT_3D ( 'NONE', #79, #169, #1513 ) ;
#1226 = CARTESIAN_POINT ( 'NONE',  ( 0.8979391352028311957, 0.0002336090088318294115, 0.04423873024716894892 ) ) ;
#1227 = CIRCLE ( 'NONE', #888, 0.1949979583887363199 ) ;
#1228 = AXIS2_PLACEMENT_3D ( 'NONE', #568, #963, #1541 ) ;
#1229 = B_SPLINE_CURVE_WITH_KNOTS ( 'NONE', 3,
 ( #1050, #870, #20, #711, #1603, #1615, #1440, #1867, #1300, #1878 ),
 .UNSPECIFIED., .F., .F.,
 ( 4, 2, 2, 2, 4 ),
 ( 0.000000000000000000, 0.2512992148413564775, 0.5025984296827199493, 0.7538976445240800350, 1.000000000000000000 ),
 .UNSPECIFIED. ) ;
#1230 = DIRECTION ( 'NONE',  ( 0.000000000000000000, -1.000000000000000000, 0.000000000000000000 ) ) ;
#1231 = ORIENTED_EDGE ( 'NONE', *, *, #1755, .T. ) ;
#1232 = CARTESIAN_POINT ( 'NONE',  ( 0.1188796010971343298, -0.02240181503757870604, 0.4499995635713080477 ) ) ;
#1233 = EDGE_CURVE ( 'NONE', #1159, #604, #122, .T. ) ;
#1234 = ORIENTED_EDGE ( 'NONE', *, *, #1840, .F. ) ;
#1235 = CARTESIAN_POINT ( 'NONE',  ( 0.8446233715651594309, 0.01065344103168708312, 0.1302264617154338111 ) ) ;
#1236 = CARTESIAN_POINT ( 'NONE',  ( 0.2605160267319155953, 0.01065344103167252185, -0.4060327309212244384 ) ) ;
#1237 = CARTESIAN_POINT ( 'NONE',  ( 0.2082788052387563593, 0.01040355453862284139, 0.1081749043881946037 ) ) ;
#1238 = CARTESIAN_POINT ( 'NONE',  ( 0.002850605130816476554, 0.01065344103167250624, -0.1324457679171523461 ) ) ;
#1239 = ORIENTED_EDGE ( 'NONE', *, *, #548, .F. ) ;
#1240 = CARTESIAN_POINT ( 'NONE',  ( 0.08232812661426870682, 0.01065344103167252011, 0.4394737289755691889 ) ) ;
#1241 = ORIENTED_EDGE ( 'NONE', *, *, #57, .T. ) ;
#1242 = CARTESIAN_POINT ( 'NONE',  ( 0.2725253506879925514, -0.03422040649163474862, -0.4499910136074742328 ) ) ;
#1243 = CARTESIAN_POINT ( 'NONE',  ( 0.07391476281132663972, 0.01065344103167252011, -0.03575252118058273865 ) ) ;
#1244 = CARTESIAN_POINT ( 'NONE',  ( 0.8967560248303522163, -0.03200122935454785544, 0.05488609546654981547 ) ) ;
#1245 = CARTESIAN_POINT ( 'NONE',  ( 0.03098672710639544664, -0.002692411464457348039, 0.4499995635713081032 ) ) ;
#1246 = ORIENTED_EDGE ( 'NONE', *, *, #1233, .T. ) ;
#1247 = CARTESIAN_POINT ( 'NONE',  ( -0.1125887689677438352, 0.01065344103167251144, 0.2500978335931150487 ) ) ;
#1248 = ORIENTED_EDGE ( 'NONE', *, *, #345, .T. ) ;
#1249 = CARTESIAN_POINT ( 'NONE',  ( 0.8629934707900248636, -0.03370898903986552925, 0.1787119109135517081 ) ) ;
#1250 = CARTESIAN_POINT ( 'NONE',  ( 0.4499858657681749530, 0.01065344103167252011, -0.4049914847485355240 ) ) ;
#1251 = CARTESIAN_POINT ( 'NONE',  ( 0.8919605215290620226, -0.03232175219141141670, 0.08737407182100301317 ) ) ;
#1252 = AXIS2_PLACEMENT_3D ( 'NONE', #850, #1431, #546 ) ;
#1253 = CARTESIAN_POINT ( 'NONE',  ( -0.009853992551698874738, -0.03343176952334629692, 0.4499995635713080477 ) ) ;
#1254 = TOROIDAL_SURFACE ( 'NONE', #318, 0.1949979583887363199, 0.04499952885893915983 ) ;
#1255 = CARTESIAN_POINT ( 'NONE',  ( -0.3742995142823457577, 0.01065344103200724715, -0.4132148890883098336 ) ) ;
#1256 = CARTESIAN_POINT ( 'NONE',  ( -0.4500047114106083268, -0.03177252164346834606, -0.4499910136074742328 ) ) ;
#1257 = ORIENTED_EDGE ( 'NONE', *, *, #1530, .T. ) ;
#1258 = CARTESIAN_POINT ( 'NONE',  ( 0.3372432593291704861, 0.009536439072368563252, -0.2779786450740748260 ) ) ;
#1259 = CARTESIAN_POINT ( 'NONE',  ( 0.2802846869858837131, -0.03434608782726665532, -0.3258523434941335006 ) ) ;
#1260 = CARTESIAN_POINT ( 'NONE',  ( 0.8249819395926681898, -0.03434608782726665532, -0.2487399799645342025 ) ) ;
#1261 = CARTESIAN_POINT ( 'NONE',  ( 0.008593278103303726018, -0.03059225110104831988, 0.4499995635713080477 ) ) ;
#1262 = ADVANCED_FACE ( 'NONE', ( #1154 ), #1193, .T. ) ;
#1263 = EDGE_CURVE ( 'NONE', #366, #321, #640, .T. ) ;
#1264 = DIRECTION ( 'NONE',  ( 0.000000000000000000, 0.000000000000000000, 1.000000000000000000 ) ) ;
#1265 = LINE ( 'NONE', #249, #518 ) ;
#1266 = EDGE_LOOP ( 'NONE', ( #139, #1083, #390, #438 ) ) ;
#1267 = CARTESIAN_POINT ( 'NONE',  ( 0.8985000698541527608, -0.03188460009827953634, -0.04302576209457140144 ) ) ;
#1268 = CARTESIAN_POINT ( 'NONE',  ( 0.1930356891505743966, -0.03434608782726665532, 0.4499995635713080477 ) ) ;
#1269 = EDGE_CURVE ( 'NONE', #1799, #754, #633, .T. ) ;
#1270 = CARTESIAN_POINT ( 'NONE',  ( 0.1052709082654660067, 0.01065344102251617603, -0.4287254000299852152 ) ) ;
#1271 = DIRECTION ( 'NONE',  ( 0.000000000000000000, 0.000000000000000000, 1.000000000000000000 ) ) ;
#1272 = CARTESIAN_POINT ( 'NONE',  ( -0.04042606083154338947, 0.01065344103167252011, 0.09296467119047152616 ) ) ;
#1273 = ORIENTED_EDGE ( 'NONE', *, *, #8, .T. ) ;
#1274 = CARTESIAN_POINT ( 'NONE',  ( 0.2956932527181361792, 0.01065344103167249583, -0.2497164119319475184 ) ) ;
#1275 = CARTESIAN_POINT ( 'NONE',  ( 0.08232812661426762435, -0.01826924904677517877, 0.4499995635713080477 ) ) ;
#1276 = CARTESIAN_POINT ( 'NONE',  ( 0.07923688220167782181, 0.01065344103075994281, -0.4325151004568359991 ) ) ;
#1277 = CARTESIAN_POINT ( 'NONE',  ( 0.5249850805330734671, -0.03434608782726665532, -0.3449921129366165795 ) ) ;
#1278 = EDGE_CURVE ( 'NONE', #502, #359, #162, .T. ) ;
#1279 = CIRCLE ( 'NONE', #3, 0.04499952885893916676 ) ;
#1280 = AXIS2_PLACEMENT_3D ( 'NONE', #701, #1160, #439 ) ;
#1281 = CARTESIAN_POINT ( 'NONE',  ( -0.4129166544438865882, -0.03228256524345414491, -0.4499910136074742328 ) ) ;
#1282 = ORIENTED_EDGE ( 'NONE', *, *, #874, .T. ) ;
#1283 = CARTESIAN_POINT ( 'NONE',  ( 0.2804455803369620970, 0.01065344103167251144, -0.2433533641434481865 ) ) ;
#1284 = CARTESIAN_POINT ( 'NONE',  ( -0.4500047114106083268, -0.03177252164346825586, -0.4049914847485355240 ) ) ;
#1285 = EDGE_CURVE ( 'NONE', #1521, #1188, #312, .T. ) ;
#1286 = CARTESIAN_POINT ( 'NONE',  ( 0.04048568859407392778, -0.02711334689311425614, -0.4499910136074742328 ) ) ;
#1287 = CARTESIAN_POINT ( 'NONE',  ( -0.3387628987960483173, 0.01065344103167252011, -0.4049914847485355240 ) ) ;
#1288 = DIRECTION ( 'NONE',  ( 0.000000000000000000, 0.000000000000000000, -1.000000000000000000 ) ) ;
#1289 = COORDINATED_UNIVERSAL_TIME_OFFSET ( 8, 0, .AHEAD. ) ;
#1290 = CARTESIAN_POINT ( 'NONE',  ( 0.4499858657681749530, -0.03434608782726665532, 4.274981916882062614E-06 ) ) ;
#1291 = VERTEX_POINT ( 'NONE', #305 ) ;
#1292 = PLANE ( 'NONE',  #1097 ) ;
#1293 = FACE_OUTER_BOUND ( 'NONE', #29, .T. ) ;
#1294 = EDGE_LOOP ( 'NONE', ( #1133, #1204, #858, #569, #1112, #216 ) ) ;
#1295 = CARTESIAN_POINT ( 'NONE',  ( 0.1480335658747651550, 0.01065344102450133286, -0.4118734991989750904 ) ) ;
#1296 = ORIENTED_EDGE ( 'NONE', *, *, #1155, .T. ) ;
#1297 = CARTESIAN_POINT ( 'NONE',  ( 0.06970808090985608496, 0.01065344103167252011, -0.2750494442447798948 ) ) ;
#1298 = CARTESIAN_POINT ( 'NONE',  ( 0.007699549941063872638, 0.01065344103167250624, 0.06432367007310818563 ) ) ;
#1299 = VERTEX_POINT ( 'NONE', #1709 ) ;
#1300 = CARTESIAN_POINT ( 'NONE',  ( 0.06092069495479673913, 0.01065344103287745384, -0.4325471566164506565 ) ) ;
#1301 = LINE ( 'NONE', #1051, #916 ) ;
#1302 = ORIENTED_EDGE ( 'NONE', *, *, #1778, .T. ) ;
#1303 =( BOUNDED_SURFACE ( )  B_SPLINE_SURFACE ( 3, 2, ( 
 ( #952, #806, #697 ),
 ( #1527, #1393, #423 ),
 ( #1578, #1708, #239 ),
 ( #90, #662, #706 ),
 ( #1255, #1831, #987 ),
 ( #414, #525, #1718 ),
 ( #135, #1566, #560 ),
 ( #1287, #274, #124 ) ),
 .UNSPECIFIED., .F., .F., .F. ) 
 B_SPLINE_SURFACE_WITH_KNOTS ( ( 4, 2, 2, 4 ),
 ( 3, 3 ),
 ( 0.01058221269179960081, 0.01428529806797449939, 0.01613684075606190010, 0.01798838344414934939 ),
 ( 0.000000000000000000, 1.000000000000000000 ),
 .UNSPECIFIED. ) 
 GEOMETRIC_REPRESENTATION_ITEM ( )  RATIONAL_B_SPLINE_SURFACE ( (
 ( 1.000000000000000000, 0.8164965809277260345, 1.000000000000000000),
 ( 1.000000000000000000, 0.8164861135774059697, 1.000000000000000000),
 ( 1.000000000000000000, 0.8075398330419509829, 1.000000000000000000),
 ( 1.000000000000000000, 0.7804420760920470768, 1.000000000000000000),
 ( 1.000000000000000000, 0.7691289558979950147, 1.000000000000000000),
 ( 1.000000000000000000, 0.7417622048455250194, 1.000000000000000000),
 ( 1.000000000000000000, 0.7257047711944749624, 1.000000000000000000),
 ( 1.000000000000000000, 0.7071067811865470176, 1.000000000000000000) ) ) 
 REPRESENTATION_ITEM ( '' )  SURFACE ( )  );
#1304 = CARTESIAN_POINT ( 'NONE',  ( 0.4499858657681749530, 0.01065344103167252011, 4.274981916882062614E-06 ) ) ;
#1305 = CYLINDRICAL_SURFACE ( 'NONE', #938, 0.04499952885893916676 ) ;
#1306 = CARTESIAN_POINT ( 'NONE',  ( 0.07923688174905621495, 0.01065343134442905092, -0.4325151129872492062 ) ) ;
#1307 = AXIS2_PLACEMENT_3D ( 'NONE', #1062, #1751, #908 ) ;
#1308 = DIRECTION ( 'NONE',  ( -1.000000000000000000, -0.000000000000000000, -0.000000000000000000 ) ) ;
#1309 = AXIS2_PLACEMENT_3D ( 'NONE', #1117, #826, #371 ) ;
#1310 = AXIS2_PLACEMENT_3D ( 'NONE', #1389, #512, #1382 ) ;
#1311 = EDGE_LOOP ( 'NONE', ( #764, #232, #1469, #1149, #656 ) ) ;
#1312 = DIRECTION ( 'NONE',  ( -1.000000000000000000, -0.000000000000000000, -0.000000000000000000 ) ) ;
#1313 = DIRECTION ( 'NONE',  ( 0.000000000000000000, -1.000000000000000000, 0.000000000000000000 ) ) ;
#1314 = ORIENTED_EDGE ( 'NONE', *, *, #1482, .T. ) ;
#1315 = CARTESIAN_POINT ( 'NONE',  ( -0.3758478522931194554, -0.03360182774327466482, 0.4499995635713080477 ) ) ;
#1316 = AXIS2_PLACEMENT_3D ( 'NONE', #1733, #437, #1014 ) ;
#1317 = CARTESIAN_POINT ( 'NONE',  ( 0.1459494228126123616, 0.01065344103167249409, 0.06018122960208906191 ) ) ;
#1318 = CARTESIAN_POINT ( 'NONE',  ( 0.1480335656913612796, 0.01065343737876459605, -0.4118735223258350175 ) ) ;
#1319 = CARTESIAN_POINT ( 'NONE',  ( -0.4500047114106083268, -0.03434608782726665532, -0.4499910136074742328 ) ) ;
#1320 = B_SPLINE_CURVE_WITH_KNOTS ( 'NONE', 3,
 ( #1256, #688, #1281, #663, #240, #1857 ),
 .UNSPECIFIED., .F., .F.,
 ( 4, 2, 4 ),
 ( 0.000000000000000000, 0.003709123478628624949, 0.007418246957257250765 ),
 .UNSPECIFIED. ) ;
#1321 = CC_DESIGN_PERSON_AND_ORGANIZATION_ASSIGNMENT ( #988, #276, ( #1007 ) ) ;
#1322 = EDGE_LOOP ( 'NONE', ( #1584, #1353, #622, #1645 ) ) ;
#1323 = CARTESIAN_POINT ( 'NONE',  ( 0.06970808090985608496, -0.03434608782726665532, -0.3875482663921277493 ) ) ;
#1324 = CARTESIAN_POINT ( 'NONE',  ( 0.08232812661426762435, 0.01065344103167252011, 0.4394737289755691889 ) ) ;
#1325 = VERTEX_POINT ( 'NONE', #1436 ) ;
#1326 = CARTESIAN_POINT ( 'NONE',  ( -0.3387628987960471516, 0.01065344103167254614, 0.4499995635713074371 ) ) ;
#1327 = DIRECTION ( 'NONE',  ( 0.000000000000000000, 0.000000000000000000, -1.000000000000000000 ) ) ;
#1328 = CARTESIAN_POINT ( 'NONE',  ( -0.4500047114106083268, 0.01065344103167252011, 0.4199998776653491861 ) ) ;
#1329 = EDGE_CURVE ( 'NONE', #903, #1006, #607, .T. ) ;
#1330 = ORIENTED_EDGE ( 'NONE', *, *, #716, .F. ) ;
#1331 = DIRECTION ( 'NONE',  ( -0.5527707983925647106, 0.000000000000000000, 0.8333333333333347026 ) ) ;
#1332 = CARTESIAN_POINT ( 'NONE',  ( 0.5249850805330734671, -0.03434608782726665532, -0.2999925840776776487 ) ) ;
#1333 = ORIENTED_EDGE ( 'NONE', *, *, #1073, .T. ) ;
#1334 = CARTESIAN_POINT ( 'NONE',  ( -0.3835144408112318160, 0.01065344103125688557, 0.4148106741868040070 ) ) ;
#1335 = EDGE_CURVE ( 'NONE', #1814, #1788, #1667, .T. ) ;
#1336 = CARTESIAN_POINT ( 'NONE',  ( 0.08232812661426762435, 0.01065344103167252011, 0.4394737289755691889 ) ) ;
#1337 = CARTESIAN_POINT ( 'NONE',  ( 0.1587069386520757741, -0.03434608782726665532, -0.4499910136074742328 ) ) ;
#1338 = CARTESIAN_POINT ( 'NONE',  ( -0.3573105846889675363, -0.03434608782726665532, 0.4499995635713080477 ) ) ;
#1339 = PERSON_AND_ORGANIZATION_ROLE ( 'classification_officer' ) ;
#1340 = ORIENTED_EDGE ( 'NONE', *, *, #660, .T. ) ;
#1341 = CARTESIAN_POINT ( 'NONE',  ( 0.1878749755149472234, 0.01065344103167252011, -0.07333933258890876217 ) ) ;
#1342 = VECTOR ( 'NONE', #1381, 1000.000000000000000 ) ;
#1343 = ORIENTED_EDGE ( 'NONE', *, *, #679, .T. ) ;
#1344 = DIRECTION ( 'NONE',  ( 0.000000000000000000, 0.000000000000000000, 1.000000000000000000 ) ) ;
#1345 = AXIS2_PLACEMENT_3D ( 'NONE', #484, #904, #765 ) ;
#1346 = EDGE_CURVE ( 'NONE', #296, #920, #855, .T. ) ;
#1347 = LOCAL_TIME ( 9, 50, 49.00000000000000000, #1568 ) ;
#1348 = AXIS2_PLACEMENT_3D ( 'NONE', #1034, #1169, #446 ) ;
#1349 = FACE_OUTER_BOUND ( 'NONE', #1866, .T. ) ;
#1350 = CARTESIAN_POINT ( 'NONE',  ( 0.5249850805330734671, -0.03434608782726665532, 4.274981916900240788E-06 ) ) ;
#1351 = VERTEX_POINT ( 'NONE', #415 ) ;
#1352 = CARTESIAN_POINT ( 'NONE',  ( -0.3387628987960483173, 0.01065344103167252011, 0.4050000347123693389 ) ) ;
#1353 = ORIENTED_EDGE ( 'NONE', *, *, #1506, .T. ) ;
#1354 = CARTESIAN_POINT ( 'NONE',  ( -0.4500047114106083268, 0.01065344103167252011, 0.4499995635713080477 ) ) ;
#1355 = ADVANCED_FACE ( 'NONE', ( #877 ), #1611, .T. ) ;
#1356 = CARTESIAN_POINT ( 'NONE',  ( 0.8979627453749682298, -0.03191652045765092788, 0.04397939145225353286 ) ) ;
#1357 = DIRECTION ( 'NONE',  ( 1.000000000000000000, 0.000000000000000000, -1.224646799147353207E-16 ) ) ;
#1358 = ORIENTED_EDGE ( 'NONE', *, *, #1570, .F. ) ;
#1359 = CARTESIAN_POINT ( 'NONE',  ( -0.4500047114106083268, 0.01065344103167252011, 4.274981916986144329E-06 ) ) ;
#1360 = ORIENTED_EDGE ( 'NONE', *, *, #756, .T. ) ;
#1361 = CARTESIAN_POINT ( 'NONE',  ( 0.8699728585003628778, 0.01065344103087595071, -0.02092174695057540806 ) ) ;
#1362 = CARTESIAN_POINT ( 'NONE',  ( 0.8001988720334406446, 0.01065344103167252011, 0.2089634004699502112 ) ) ;
#1363 =( BOUNDED_CURVE ( )  B_SPLINE_CURVE ( 3, ( #591, #1167, #297, #1306, #698, #1874, #865, #1447, #717, #1318, #17, #949 ),
 .UNSPECIFIED., .F., .T. ) 
 B_SPLINE_CURVE_WITH_KNOTS ( ( 4, 2, 2, 2, 2, 4 ),
 ( 0.000000000000000000, 0.005143400317388829857, 0.2538575502380419624, 0.5025717001586939015, 0.7512858500793470062, 1.000000000000000000 ),
 .UNSPECIFIED. ) 
 CURVE ( )  GEOMETRIC_REPRESENTATION_ITEM ( )  RATIONAL_B_SPLINE_CURVE ( ( 0.9999999184306890276, 0.9999999184307309941, 0.9999999184291319398, 0.9999999182691670097, 0.9999999142771039962, 0.9999998993241430156, 0.9999998883856588971, 0.9999998610400320231, 0.9999998446540520058, 0.9999998079839009790, 0.9999997877010540215, 0.9999997660541489752 ) ) 
 REPRESENTATION_ITEM ( '' )  );
#1364 = CARTESIAN_POINT ( 'NONE',  ( 0.5249850805330734671, -0.03434608782726665532, 0.3450006629004503944 ) ) ;
#1365 = EDGE_CURVE ( 'NONE', #1500, #1351, #1853, .T. ) ;
#1366 = VERTEX_POINT ( 'NONE', #6 ) ;
#1367 = CARTESIAN_POINT ( 'NONE',  ( 0.1231289025090941125, -0.002571857650031639936, 0.4499995635713079922 ) ) ;
#1368 = ORIENTED_EDGE ( 'NONE', *, *, #1263, .F. ) ;
#1369 = CARTESIAN_POINT ( 'NONE',  ( 0.8607616927296346532, 0.01065344103118787307, 0.08184518831059005295 ) ) ;
#1370 = DIRECTION ( 'NONE',  ( 0.000000000000000000, 0.000000000000000000, 1.000000000000000000 ) ) ;
#1371 = AXIS2_PLACEMENT_3D ( 'NONE', #686, #1600, #1719 ) ;
#1372 = AXIS2_PLACEMENT_3D ( 'NONE', #859, #331, #428 ) ;
#1373 = FACE_OUTER_BOUND ( 'NONE', #1266, .T. ) ;
#1374 = AXIS2_PLACEMENT_3D ( 'NONE', #1359, #534, #1682 ) ;
#1375 = AXIS2_PLACEMENT_3D ( 'NONE', #253, #1412, #821 ) ;
#1376 = DIRECTION ( 'NONE',  ( 0.000000000000000000, -1.000000000000000000, 0.000000000000000000 ) ) ;
#1377 = EDGE_LOOP ( 'NONE', ( #1170, #896, #1314 ) ) ;
#1378 = CARTESIAN_POINT ( 'NONE',  ( 0.1795399264149521446, 0.01065344102530022506, 0.4137504500677932628 ) ) ;
#1379 = EDGE_CURVE ( 'NONE', #588, #1366, #887, .T. ) ;
#1380 = ORIENTED_EDGE ( 'NONE', *, *, #1285, .F. ) ;
#1381 = DIRECTION ( 'NONE',  ( 0.000000000000000000, -1.000000000000000000, 0.000000000000000000 ) ) ;
#1382 = DIRECTION ( 'NONE',  ( 0.000000000000000000, 0.000000000000000000, -1.000000000000000000 ) ) ;
#1383 = CARTESIAN_POINT ( 'NONE',  ( 0.8870018683595844999, 0.001302997887308920532, 0.1094877492665287666 ) ) ;
#1384 = CARTESIAN_POINT ( 'NONE',  ( 0.01177218243379852917, -0.001789641167877421184, 0.4499995635713090469 ) ) ;
#1385 = CARTESIAN_POINT ( 'NONE',  ( -0.3473824771376071152, 0.01065344103167252011, -0.4073590589716363231 ) ) ;
#1386 = LINE ( 'NONE', #1832, #786 ) ;
#1387 = EDGE_LOOP ( 'NONE', ( #1484, #507, #1648, #1472 ) ) ;
#1388 = CARTESIAN_POINT ( 'NONE',  ( 0.7874823322102179057, 0.01065344103167252011, -0.2238655544698890110 ) ) ;
#1389 = CARTESIAN_POINT ( 'NONE',  ( 0.07391476281132665360, -0.03434608782726665532, 0.08424622244325495612 ) ) ;
#1390 = CARTESIAN_POINT ( 'NONE',  ( 0.8446233715651594309, 0.01065344103168708312, 0.1302264617154338111 ) ) ;
#1391 = EDGE_CURVE ( 'NONE', #502, #269, #1729, .T. ) ;
#1392 = FACE_OUTER_BOUND ( 'NONE', #704, .T. ) ;
#1393 = CARTESIAN_POINT ( 'NONE',  ( -0.4309571887280369551, 4.695036283506223007E-05, -0.4499910136074751765 ) ) ;
#1394 = CARTESIAN_POINT ( 'NONE',  ( -0.4500047114106083268, 0.01065344103167252011, 0.4499995635713080477 ) ) ;
#1395 = ORIENTED_EDGE ( 'NONE', *, *, #606, .F. ) ;
#1396 = DIRECTION ( 'NONE',  ( 0.000000000000000000, 0.000000000000000000, -1.000000000000000000 ) ) ;
#1397 = CARTESIAN_POINT ( 'NONE',  ( 0.07952667443223421229, 0.007184166901423030480, 0.06680440994345146488 ) ) ;
#1398 = CARTESIAN_POINT ( 'NONE',  ( 0.8366743160101297594, 0.008352475419829854739, -0.2311130592884890478 ) ) ;
#1399 = EDGE_CURVE ( 'NONE', #359, #1684, #1363, .T. ) ;
#1400 = CARTESIAN_POINT ( 'NONE',  ( -0.4500047114106083268, -0.03434608782726665532, 0.4499995635713080477 ) ) ;
#1401 = DIRECTION ( 'NONE',  ( 0.000000000000000000, 0.000000000000000000, 1.000000000000000000 ) ) ;
#1402 = CARTESIAN_POINT ( 'NONE',  ( -0.4500047114106083268, -0.03177252164346825586, 4.274981916986144329E-06 ) ) ;
#1403 = ORIENTED_EDGE ( 'NONE', *, *, #1635, .F. ) ;
#1404 = FACE_OUTER_BOUND ( 'NONE', #1626, .T. ) ;
#1405 = CARTESIAN_POINT ( 'NONE',  ( 0.08232812661426762435, -0.03434608782726665532, 0.2444757705868327025 ) ) ;
#1406 = CARTESIAN_POINT ( 'NONE',  ( 0.1268720521908861254, -0.0004820673010717070389, -0.4499910136074875555 ) ) ;
#1407 = CARTESIAN_POINT ( 'NONE',  ( -0.4500047114106083268, 0.01065344103167252011, 0.4499995635713080477 ) ) ;
#1408 = DIRECTION ( 'NONE',  ( 0.000000000000000000, 0.000000000000000000, -1.000000000000000000 ) ) ;
#1409 = CARTESIAN_POINT ( 'NONE',  ( 0.08232812661426762435, -0.03434608782726665532, 0.2444757705868327025 ) ) ;
#1410 = ORIENTED_EDGE ( 'NONE', *, *, #1755, .F. ) ;
#1411 = CARTESIAN_POINT ( 'NONE',  ( 0.8586777896575568114, -0.03385179916430424568, 0.1883562295300555689 ) ) ;
#1412 = DIRECTION ( 'NONE',  ( 0.000000000000000000, 1.000000000000000000, 0.000000000000000000 ) ) ;
#1413 = CARTESIAN_POINT ( 'NONE',  ( 0.1291689905400906502, -0.03200328325234499949, -0.4499910136074742328 ) ) ;
#1414 = CARTESIAN_POINT ( 'NONE',  ( 0.08232812661426866518, -0.001892570516158126760, 0.4499995635713090469 ) ) ;
#1415 = CARTESIAN_POINT ( 'NONE',  ( -0.1125430058768799174, 0.01065342025605628754, 0.2499522589603379863 ) ) ;
#1416 = ORIENTED_EDGE ( 'NONE', *, *, #690, .T. ) ;
#1417 = CARTESIAN_POINT ( 'NONE',  ( 0.1460145240223373331, 0.01065344103167252011, 0.06017100515479952005 ) ) ;
#1418 = CARTESIAN_POINT ( 'NONE',  ( 0.06970808090985608496, 0.006419306052810079717, -0.1366073326190393733 ) ) ;
#1419 = CARTESIAN_POINT ( 'NONE',  ( 0.8117625316120360424, 0.01065344103128073629, -0.1928173162233289828 ) ) ;
#1420 = APPROVAL_DATE_TIME ( #965, #1786 ) ;
#1421 = ORIENTED_EDGE ( 'NONE', *, *, #1778, .F. ) ;
#1422 = DIRECTION ( 'NONE',  ( 0.000000000000000000, 0.000000000000000000, -1.000000000000000000 ) ) ;
#1423 = AXIS2_PLACEMENT_3D ( 'NONE', #1350, #465, #1630 ) ;
#1424 = DIRECTION ( 'NONE',  ( 0.000000000000000000, -1.000000000000000000, 0.000000000000000000 ) ) ;
#1425 = AXIS2_PLACEMENT_3D ( 'NONE', #462, #1824, #929 ) ;
#1426 = DIRECTION ( 'NONE',  ( -6.023408466587354466E-16, 1.000000000000000000, 0.000000000000000000 ) ) ;
#1427 = CIRCLE ( 'NONE', #972, 0.04499952885893916676 ) ;
#1428 = ORIENTED_EDGE ( 'NONE', *, *, #175, .F. ) ;
#1429 = EDGE_CURVE ( 'NONE', #163, #1486, #317, .T. ) ;
#1430 = FACE_OUTER_BOUND ( 'NONE', #401, .T. ) ;
#1431 = DIRECTION ( 'NONE',  ( 0.000000000000000000, -1.000000000000000000, 0.000000000000000000 ) ) ;
#1432 = EDGE_CURVE ( 'NONE', #713, #1325, #1612, .T. ) ;
#1433 = ORIENTED_EDGE ( 'NONE', *, *, #1537, .T. ) ;
#1434 = CARTESIAN_POINT ( 'NONE',  ( 0.8661381991160589378, -0.03360971681895166124, -0.1715592177913387306 ) ) ;
#1435 = ORIENTED_EDGE ( 'NONE', *, *, #1073, .F. ) ;
#1436 = CARTESIAN_POINT ( 'NONE',  ( 0.1930356891505743966, 0.01065344103167252011, 0.4050000347123693389 ) ) ;
#1437 = SECURITY_CLASSIFICATION_LEVEL ( 'unclassified' ) ;
#1438 = CARTESIAN_POINT ( 'NONE',  ( -0.4500047114106083268, -0.03434608782726665532, 4.274981916986144329E-06 ) ) ;
#1439 = EDGE_LOOP ( 'NONE', ( #766, #182, #748, #1664, #1163, #1368, #1428, #1151 ) ) ;
#1440 = CARTESIAN_POINT ( 'NONE',  ( 0.03501941389734108956, 0.01065344102353128243, -0.4289297736369979130 ) ) ;
#1441 = DIRECTION ( 'NONE',  ( -1.000000000000000000, 0.000000000000000000, 6.938937201852780266E-16 ) ) ;
#1442 = CALENDAR_DATE ( 2026, 29, 6 ) ;
#1443 = ORIENTED_EDGE ( 'NONE', *, *, #144, .T. ) ;
#1444 = LINE ( 'NONE', #897, #940 ) ;
#1445 = CARTESIAN_POINT ( 'NONE',  ( 0.1458843230266629876, 0.01065340913430314930, 0.06019146316812052505 ) ) ;
#1446 = B_SPLINE_CURVE_WITH_KNOTS ( 'NONE', 3,
 ( #1779, #1338, #474, #1057, #482, #785 ),
 .UNSPECIFIED., .F., .F.,
 ( 4, 2, 4 ),
 ( 0.000000000000000000, 0.003709366722031190011, 0.007418733444062380021 ),
 .UNSPECIFIED. ) ;
#1447 = CARTESIAN_POINT ( 'NONE',  ( 0.1285183919322243074, 0.01065343367328228097, -0.4213737058723399098 ) ) ;
#1448 = DIRECTION ( 'NONE',  ( -1.000000000000000000, 0.000000000000000000, 0.000000000000000000 ) ) ;
#1449 = EDGE_LOOP ( 'NONE', ( #184, #447, #1772, #385, #208, #357, #1756, #1631, #241, #1421, #646, #204, #519, #133 ) ) ;
#1450 = CARTESIAN_POINT ( 'NONE',  ( -0.4500047114106083268, -0.03434608782726665532, 0.4499995635713080477 ) ) ;
#1451 = DIRECTION ( 'NONE',  ( 0.000000000000000000, -1.000000000000000000, 0.000000000000000000 ) ) ;
#1452 = ORIENTED_EDGE ( 'NONE', *, *, #1741, .F. ) ;
#1453 = CARTESIAN_POINT ( 'NONE',  ( -0.4114608372480381693, 0.0005944043027492227011, 0.4499995635713082698 ) ) ;
#1454 = CARTESIAN_POINT ( 'NONE',  ( 0.08232812661426762435, 0.01065344103167252011, 0.4394737289755691889 ) ) ;
#1455 = ADVANCED_FACE ( 'NONE', ( #27 ), #1777, .F. ) ;
#1456 = DIRECTION ( 'NONE',  ( 0.000000000000000000, 0.000000000000000000, 1.000000000000000000 ) ) ;
#1457 = EDGE_CURVE ( 'NONE', #383, #710, #1071, .T. ) ;
#1458 = AXIS2_PLACEMENT_3D ( 'NONE', #976, #667, #841 ) ;
#1459 = EDGE_LOOP ( 'NONE', ( #332, #1330, #596, #291 ) ) ;
#1460 = CARTESIAN_POINT ( 'NONE',  ( 0.04520589451646242485, -0.02252161811396262772, 0.4499995635713080477 ) ) ;
#1461 = CARTESIAN_POINT ( 'NONE',  ( 0.01817815053399349928, -0.03072402153949174014, -0.4499910136074742328 ) ) ;
#1462 = ORIENTED_EDGE ( 'NONE', *, *, #1571, .T. ) ;
#1463 = CARTESIAN_POINT ( 'NONE',  ( -0.4115529821558255863, 0.01065344103250381175, 0.4186613725112859341 ) ) ;
#1464 = AXIS2_PLACEMENT_3D ( 'NONE', #336, #612, #917 ) ;
#1465 = CARTESIAN_POINT ( 'NONE',  ( -0.02837943592203911666, -0.03434608782726773779, 0.4050000347123693389 ) ) ;
#1466 = CARTESIAN_POINT ( 'NONE',  ( 0.4499858657681749530, 0.01065344103167252011, -0.4049914847485355240 ) ) ;
#1467 = ADVANCED_FACE ( 'NONE', ( #803 ), #1666, .F. ) ;
#1468 = DIRECTION ( 'NONE',  ( 0.000000000000000000, 1.000000000000000000, 0.000000000000000000 ) ) ;
#1469 = ORIENTED_EDGE ( 'NONE', *, *, #861, .T. ) ;
#1470 = CARTESIAN_POINT ( 'NONE',  ( 0.07391476281132663972, 0.01065344103167252011, -0.03575252118058273865 ) ) ;
#1471 = CARTESIAN_POINT ( 'NONE',  ( 0.07757708841916827192, -0.02494320807119230349, -0.4499910136074742328 ) ) ;
#1472 = ORIENTED_EDGE ( 'NONE', *, *, #703, .F. ) ;
#1473 = FACE_OUTER_BOUND ( 'NONE', #1459, .T. ) ;
#1474 = CARTESIAN_POINT ( 'NONE',  ( 0.07102138277031766478, 0.01065344103496431057, 0.4394737289728079532 ) ) ;
#1475 = DIRECTION ( 'NONE',  ( 0.000000000000000000, 0.000000000000000000, -1.000000000000000000 ) ) ;
#1476 = DIRECTION ( 'NONE',  ( 0.000000000000000000, 0.000000000000000000, -1.000000000000000000 ) ) ;
#1477 = ORIENTED_EDGE ( 'NONE', *, *, #1109, .F. ) ;
#1478 = CARTESIAN_POINT ( 'NONE',  ( -0.3835144408112318160, 0.01065344103125688557, 0.4148106741868040070 ) ) ;
#1479 = EDGE_LOOP ( 'NONE', ( #1769, #867, #299, #1093 ) ) ;
#1480 = CARTESIAN_POINT ( 'NONE',  ( -0.01417443871849981621, 0.01065344103167252011, -0.4084957259862357359 ) ) ;
#1481 = CARTESIAN_POINT ( 'NONE',  ( 0.1257865816124923430, 0.01065344102514287003, 0.4348771612078211057 ) ) ;
#1482 = EDGE_CURVE ( 'NONE', #1572, #383, #1642, .T. ) ;
#1483 = CARTESIAN_POINT ( 'NONE',  ( 0.2267510194820297198, 0.01065344103167251144, -0.2630809015466842316 ) ) ;
#1484 = ORIENTED_EDGE ( 'NONE', *, *, #1329, .F. ) ;
#1485 = CARTESIAN_POINT ( 'NONE',  ( 0.1742898060344676703, -0.03340897804980606095, 0.4499995635713080477 ) ) ;
#1486 = VERTEX_POINT ( 'NONE', #386 ) ;
#1487 = CARTESIAN_POINT ( 'NONE',  ( 0.2966042993817246676, 0.008596532709927065530, -0.4499910136074743439 ) ) ;
#1488 = CIRCLE ( 'NONE', #1375, 0.3749960738244932368 ) ;
#1489 = TOROIDAL_SURFACE ( 'NONE', #195, 0.1574983510062871184, 0.04499952885893915983 ) ;
#1490 = CARTESIAN_POINT ( 'NONE',  ( 0.8999736134293885303, 4.763119066163131111E-05, -0.02236259110297440789 ) ) ;
#1491 =( BOUNDED_SURFACE ( )  B_SPLINE_SURFACE ( 3, 2, ( 
 ( #227, #1810, #922 ),
 ( #795, #804, #1362 ),
 ( #487, #644, #505 ),
 ( #1108, #652, #497 ),
 ( #1826, #1653, #1090 ),
 ( #1215, #631, #343 ),
 ( #1072, #206, #1390 ),
 ( #1505, #1383, #659 ),
 ( #1251, #80, #768 ),
 ( #1244, #63, #380 ),
 ( #1356, #1226, #1660 ),
 ( #914, #362, #1817 ),
 ( #369, #950, #513 ),
 ( #1096, #1490, #1803 ),
 ( #930, #1524, #87 ),
 ( #199, #625, #214 ),
 ( #783, #1534, #1576 ),
 ( #255, #1870, #531 ),
 ( #853, #245, #668 ),
 ( #1434, #1124, #1697 ),
 ( #134, #98, #272 ),
 ( #570, #812, #1419 ),
 ( #1861, #1398, #1717 ),
 ( #1260, #1565, #422 ) ),
 .UNSPECIFIED., .F., .F., .T. ) 
 B_SPLINE_SURFACE_WITH_KNOTS ( ( 4, 2, 2, 2, 2, 2, 2, 2, 2, 2, 2, 4 ),
 ( 3, 3 ),
 ( 0.01973712988634149929, 0.02377930837952824811, 0.02580039762612165027, 0.02782148687271504897, 0.03186366536590185677, 0.03388475461249524506, 0.03590584385908859866, 0.03994802235227539605, 0.04399020084546220039, 0.04601129009205560255, 0.04803237933864899778, 0.05207455783183569803 ),
 ( 0.000000000000000000, 1.000000000000000000 ),
 .UNSPECIFIED. ) 
 GEOMETRIC_REPRESENTATION_ITEM ( )  RATIONAL_B_SPLINE_SURFACE ( (
 ( 1.000000000000000000, 0.7071067811865480168, 1.000000000000000000),
 ( 1.000000000000000000, 0.7255989828851578949, 1.000000000000000000),
 ( 1.000000000000000000, 0.7415384880475910379, 1.000000000000000000),
 ( 1.000000000000000000, 0.7620711400493069831, 1.000000000000000000),
 ( 1.000000000000000000, 0.7683497524758210462, 1.000000000000000000),
 ( 1.000000000000000000, 0.7798018210306819631, 1.000000000000000000),
 ( 1.000000000000000000, 0.7849184797536370439, 1.000000000000000000),
 ( 1.000000000000000000, 0.7984897164492970045, 1.000000000000000000),
 ( 1.000000000000000000, 0.8052073255679039754, 1.000000000000000000),
 ( 1.000000000000000000, 0.8119655424672520549, 1.000000000000000000),
 ( 1.000000000000000000, 0.8136617513066840557, 1.000000000000000000),
 ( 1.000000000000000000, 0.8159307963515669559, 1.000000000000000000),
 ( 1.000000000000000000, 0.8165017595916059800, 1.000000000000000000),
 ( 1.000000000000000000, 0.8164861163951689926, 1.000000000000000000),
 ( 1.000000000000000000, 0.8142102795385879332, 1.000000000000000000),
 ( 1.000000000000000000, 0.8052085861243090115, 1.000000000000000000),
 ( 1.000000000000000000, 0.7984849196225299872, 1.000000000000000000),
 ( 1.000000000000000000, 0.7848064418338149828, 1.000000000000000000),
 ( 1.000000000000000000, 0.7796513631807990841, 1.000000000000000000),
 ( 1.000000000000000000, 0.7682663339912719769, 1.000000000000000000),
 ( 1.000000000000000000, 0.7620196639513779902, 1.000000000000000000),
 ( 1.000000000000000000, 0.7415626283929519502, 1.000000000000000000),
 ( 1.000000000000000000, 0.7256472366695789766, 1.000000000000000000),
 ( 1.000000000000000000, 0.7071067811865480168, 1.000000000000000000) ) ) 
 REPRESENTATION_ITEM ( '' )  SURFACE ( )  );
#1492 = CARTESIAN_POINT ( 'NONE',  ( 0.2880529956931163760, -0.03422047155920734246, -0.4499910136074742328 ) ) ;
#1493 = ORIENTED_EDGE ( 'NONE', *, *, #678, .F. ) ;
#1494 = CARTESIAN_POINT ( 'NONE',  ( 0.5249850805330734671, -0.03434608782726665532, 4.274981916900240788E-06 ) ) ;
#1495 = B_SPLINE_CURVE_WITH_KNOTS ( 'NONE', 3,
 ( #1022, #1599, #1785, #899, #304, #16, #1481, #1628, #876, #1454 ),
 .UNSPECIFIED., .F., .F.,
 ( 4, 2, 2, 2, 4 ),
 ( 0.000000000000000000, 0.2500000000000000000, 0.5000000000000000000, 0.7500000000000000000, 1.000000000000000000 ),
 .UNSPECIFIED. ) ;
#1496 = VERTEX_POINT ( 'NONE', #1047 ) ;
#1497 = CARTESIAN_POINT ( 'NONE',  ( 0.8553170297122281163, 0.01065344103142930494, -0.1016051247761238369 ) ) ;
#1498 = CARTESIAN_POINT ( 'NONE',  ( 0.1899464824019272968, 0.01065337057330746628, 0.08195979093959626649 ) ) ;
#1499 = DIRECTION ( 'NONE',  ( 0.000000000000000000, 0.000000000000000000, -1.000000000000000000 ) ) ;
#1500 = VERTEX_POINT ( 'NONE', #180 ) ;
#1501 = CARTESIAN_POINT ( 'NONE',  ( -0.01903028473842160312, -0.03434608782726665532, 0.4499995635713080477 ) ) ;
#1502 = VERTEX_POINT ( 'NONE', #1337 ) ;
#1503 = CARTESIAN_POINT ( 'NONE',  ( 0.8676533785545065269, 0.01065344103128507136, 0.04133433957712955020 ) ) ;
#1504 = CARTESIAN_POINT ( 'NONE',  ( 0.5249850805330734671, 0.01065344103167252011, 4.274981916900240788E-06 ) ) ;
#1505 = CARTESIAN_POINT ( 'NONE',  ( 0.8872026320605046479, -0.03262585211838057303, 0.1087244092113251182 ) ) ;
#1506 = EDGE_CURVE ( 'NONE', #1351, #527, #472, .T. ) ;
#1507 = CARTESIAN_POINT ( 'NONE',  ( 0.2204806073190050952, 0.01065344103167250103, -0.2781618212752565156 ) ) ;
#1508 = EDGE_CURVE ( 'NONE', #754, #307, #1004, .T. ) ;
#1509 = ORIENTED_EDGE ( 'NONE', *, *, #679, .F. ) ;
#1510 = CARTESIAN_POINT ( 'NONE',  ( 0.08232812661426885947, -0.001892570516158203087, 0.4499995635713090469 ) ) ;
#1511 = ORIENTED_EDGE ( 'NONE', *, *, #1570, .T. ) ;
#1512 = CARTESIAN_POINT ( 'NONE',  ( 0.8117440899769705620, 0.01065344103118007896, 0.1928614356879291558 ) ) ;
#1513 = DIRECTION ( 'NONE',  ( 0.000000000000000000, 0.000000000000000000, -1.000000000000000000 ) ) ;
#1514 = AXIS2_PLACEMENT_3D ( 'NONE', #1048, #1187, #1499 ) ;
#1515 = VECTOR ( 'NONE', #702, 1000.000000000000000 ) ;
#1516 = CARTESIAN_POINT ( 'NONE',  ( 0.2526530258039817456, 0.007267980575987659751, 0.1850428630303804778 ) ) ;
#1517 = CARTESIAN_POINT ( 'NONE',  ( 0.06377892900272508214, -0.01929529227373255260, 0.4499995635713080477 ) ) ;
#1518 = ORIENTED_EDGE ( 'NONE', *, *, #690, .F. ) ;
#1519 = DIRECTION ( 'NONE',  ( 0.000000000000000000, -1.000000000000000000, 0.000000000000000000 ) ) ;
#1520 = APPLICATION_CONTEXT ( 'configuration controlled 3d designs of mechanical parts and assemblies' ) ;
#1521 = VERTEX_POINT ( 'NONE', #361 ) ;
#1522 = CARTESIAN_POINT ( 'NONE',  ( 0.2569800994098089819, -0.03434608782726665532, -0.4499910136074742328 ) ) ;
#1523 = CARTESIAN_POINT ( 'NONE',  ( -0.4500047114106083268, 0.01065344103167252011, 4.274981916986144329E-06 ) ) ;
#1524 = CARTESIAN_POINT ( 'NONE',  ( 0.8983114215563172689, 0.0001927798417761936091, -0.04446264521868850683 ) ) ;
#1525 = EDGE_CURVE ( 'NONE', #1521, #1822, #580, .T. ) ;
#1526 = CARTESIAN_POINT ( 'NONE',  ( 0.07102138277031766478, 0.01065344103496431057, 0.4394737289728079532 ) ) ;
#1527 = CARTESIAN_POINT ( 'NONE',  ( -0.4307779742244240428, 0.01065344103162422715, -0.4199913277016512625 ) ) ;
#1528 = CARTESIAN_POINT ( 'NONE',  ( 0.4499858657681749530, -0.03434608782726665532, 4.274981916882062614E-06 ) ) ;
#1529 = ORIENTED_EDGE ( 'NONE', *, *, #1269, .T. ) ;
#1530 = EDGE_CURVE ( 'NONE', #947, #1221, #7, .T. ) ;
#1531 = CARTESIAN_POINT ( 'NONE',  ( 0.8438090231402315400, -0.03419450484118949363, -0.2177784230191097958 ) ) ;
#1532 = CARTESIAN_POINT ( 'NONE',  ( 0.06970808090985608496, 0.01065344103167252011, -0.2750494442447798948 ) ) ;
#1533 = ADVANCED_FACE ( 'NONE', ( #782 ), #517, .T. ) ;
#1534 = CARTESIAN_POINT ( 'NONE',  ( 0.8869969166705544694, 0.001303118672758109015, -0.1095266052420526409 ) ) ;
#1535 = DATE_TIME_ROLE ( 'classification_date' ) ;
#1536 = DIRECTION ( 'NONE',  ( 0.000000000000000000, 0.000000000000000000, -1.000000000000000000 ) ) ;
#1537 = EDGE_CURVE ( 'NONE', #1703, #872, #1122, .T. ) ;
#1538 = FACE_OUTER_BOUND ( 'NONE', #885, .T. ) ;
#1539 = ORIENTED_EDGE ( 'NONE', *, *, #979, .T. ) ;
#1540 = CARTESIAN_POINT ( 'NONE',  ( 0.8873445789475620238, -0.03259741337918131698, -0.1064525803226216982 ) ) ;
#1541 = DIRECTION ( 'NONE',  ( 0.000000000000000000, 0.000000000000000000, -1.000000000000000000 ) ) ;
#1542 = ADVANCED_FACE ( 'NONE', ( #936 ), #1678, .F. ) ;
#1543 = CARTESIAN_POINT ( 'NONE',  ( 0.1342488352617090819, 0.0007938915398483133157, -0.4499910136074743994 ) ) ;
#1544 = AXIS2_PLACEMENT_3D ( 'NONE', #1579, #890, #572 ) ;
#1545 = AXIS2_PLACEMENT_3D ( 'NONE', #311, #758, #1344 ) ;
#1546 = APPROVAL_ROLE ( '' ) ;
#1547 = AXIS2_PLACEMENT_3D ( 'NONE', #1095, #378, #742 ) ;
#1548 = CARTESIAN_POINT ( 'NONE',  ( 0.3035892745619582778, 0.01065344103167252011, -0.4049914847485355240 ) ) ;
#1549 = AXIS2_PLACEMENT_3D ( 'NONE', #827, #1424, #1408 ) ;
#1550 = AXIS2_PLACEMENT_3D ( 'NONE', #319, #1468, #171 ) ;
#1551 = APPROVAL_ROLE ( '' ) ;
#1552 = CIRCLE ( 'NONE', #1672, 0.04499952885893916676 ) ;
#1553 = EDGE_CURVE ( 'NONE', #778, #945, #1100, .T. ) ;
#1554 = ORIENTED_EDGE ( 'NONE', *, *, #1683, .F. ) ;
#1555 = CARTESIAN_POINT ( 'NONE',  ( 0.8845371021557677516, -0.03275840855401679352, 0.1170405155350929816 ) ) ;
#1556 = FACE_OUTER_BOUND ( 'NONE', #1322, .T. ) ;
#1557 = CARTESIAN_POINT ( 'NONE',  ( 0.1587069386520757741, -0.03434608782726665532, -0.4499910136074742328 ) ) ;
#1558 = B_SPLINE_CURVE_WITH_KNOTS ( 'NONE', 3,
 ( #1677, #1842, #955, #1531, #119, #1715, #1573, #103, #1695, #666, #242, #392, #85, #528, #962, #1540, #420, #536, #1267, #1704, #991, #975, #1120, #1823, #849, #411, #252, #820, #657, #1555, #1849, #280, #683, #675, #1249, #261, #545, #830, #1411, #270, #112, #984 ),
 .UNSPECIFIED., .F., .F.,
 ( 4, 2, 1, 2, 2, 2, 2, 2, 2, 2, 2, 1, 2, 2, 2, 2, 2, 2, 2, 2, 2, 4 ),
 ( 0.000000000000000000, 0.06250000000000112410, 0.09375000000000169309, 0.1093750000000019706, 0.1250000000000022482, 0.1875000000000023037, 0.2187500000000023592, 0.2500000000000023870, 0.3125000000000023315, 0.3750000000000022760, 0.5000000000000022204, 0.5625000000000022204, 0.5937500000000022204, 0.6250000000000022204, 0.6875000000000021094, 0.7187500000000021094, 0.7500000000000021094, 0.8125000000000019984, 0.8437500000000017764, 0.8593750000000016653, 0.8750000000000016653, 1.000000000000000000 ),
 .UNSPECIFIED. ) ;
#1559 = DIRECTION ( 'NONE',  ( 1.000000000000000000, 0.000000000000000000, 0.000000000000000000 ) ) ;
#1560 = CARTESIAN_POINT ( 'NONE',  ( 0.2267510194820297198, 0.01065344103167251144, -0.2630809015466842316 ) ) ;
#1561 = VERTEX_POINT ( 'NONE', #1250 ) ;
#1562 = DIRECTION ( 'NONE',  ( 0.000000000000000000, -1.000000000000000000, 0.000000000000000000 ) ) ;
#1563 = CARTESIAN_POINT ( 'NONE',  ( 0.07251303361671619652, 0.006403784383358166431, -0.1366618419350111857 ) ) ;
#1564 = EDGE_CURVE ( 'NONE', #604, #1788, #851, .T. ) ;
#1565 = CARTESIAN_POINT ( 'NONE',  ( 0.8249819395926669685, 0.01065344103167254614, -0.2487399799645337584 ) ) ;
#1566 = CARTESIAN_POINT ( 'NONE',  ( -0.3471643865472816004, 0.008345770694305285758, -0.4499910136074751765 ) ) ;
#1567 = DIRECTION ( 'NONE',  ( 0.000000000000000000, 0.000000000000000000, 1.000000000000000000 ) ) ;
#1568 = COORDINATED_UNIVERSAL_TIME_OFFSET ( 8, 0, .AHEAD. ) ;
#1569 = FACE_BOUND ( 'NONE', #616, .T. ) ;
#1570 = EDGE_CURVE ( 'NONE', #92, #366, #191, .T. ) ;
#1571 = EDGE_CURVE ( 'NONE', #1366, #918, #1144, .T. ) ;
#1572 = VERTEX_POINT ( 'NONE', #810 ) ;
#1573 = CARTESIAN_POINT ( 'NONE',  ( 0.8546317828906555558, -0.03396476187791632600, -0.1968881151555609554 ) ) ;
#1574 = PLANE ( 'NONE',  #1252 ) ;
#1575 = EDGE_CURVE ( 'NONE', #734, #1291, #158, .T. ) ;
#1576 = CARTESIAN_POINT ( 'NONE',  ( 0.8553170297122281163, 0.01065344103142930494, -0.1016051247761238369 ) ) ;
#1577 = EDGE_CURVE ( 'NONE', #1822, #340, #1644, .T. ) ;
#1578 = CARTESIAN_POINT ( 'NONE',  ( -0.4115529821557941115, 0.01065344103250276571, -0.4186528225474521747 ) ) ;
#1579 = CARTESIAN_POINT ( 'NONE',  ( 0.4499858657681749530, -0.03434608782726665532, 0.4050000347123693389 ) ) ;
#1580 = AXIS2_PLACEMENT_3D ( 'NONE', #691, #1562, #1396 ) ;
#1581 = VECTOR ( 'NONE', #131, 1000.000000000000000 ) ;
#1582 = DIRECTION ( 'NONE',  ( 0.000000000000000000, 0.000000000000000000, -1.000000000000000000 ) ) ;
#1583 = LOCAL_TIME ( 9, 50, 49.00000000000000000, #115 ) ;
#1584 = ORIENTED_EDGE ( 'NONE', *, *, #1365, .T. ) ;
#1585 = CARTESIAN_POINT ( 'NONE',  ( -0.4500047114106083268, 0.01065344103167252011, -0.4499910136074742328 ) ) ;
#1586 = CARTESIAN_POINT ( 'NONE',  ( 0.7874823322102179057, -0.03434608782726665532, -0.2238655544698890110 ) ) ;
#1587 = ORIENTED_EDGE ( 'NONE', *, *, #1335, .T. ) ;
#1588 = CARTESIAN_POINT ( 'NONE',  ( -0.008093121392723959251, 0.004551710618813304028, -0.4499910136074614098 ) ) ;
#1589 = EDGE_LOOP ( 'NONE', ( #1119, #954 ) ) ;
#1590 = DIRECTION ( 'NONE',  ( 0.000000000000000000, 1.000000000000000000, 0.000000000000000000 ) ) ;
#1591 = FACE_BOUND ( 'NONE', #571, .T. ) ;
#1592 = ORIENTED_EDGE ( 'NONE', *, *, #1379, .T. ) ;
#1593 = DIRECTION ( 'NONE',  ( 1.000000000000000000, 0.000000000000000000, 0.000000000000000000 ) ) ;
#1594 = CARTESIAN_POINT ( 'NONE',  ( 0.08232812661426762435, -0.03434608782726665532, 0.2444757705868327025 ) ) ;
#1595 = EDGE_CURVE ( 'NONE', #152, #376, #1688, .T. ) ;
#1596 = ORIENTED_EDGE ( 'NONE', *, *, #1066, .T. ) ;
#1597 = CARTESIAN_POINT ( 'NONE',  ( -0.008407502590836932188, 0.01065344102468583284, -0.4119993997789956897 ) ) ;
#1598 = ADVANCED_FACE ( 'NONE', ( #1293 ), #635, .T. ) ;
#1599 = CARTESIAN_POINT ( 'NONE',  ( 0.1867124393319722353, 0.01065344103167252011, 0.4093609429328107785 ) ) ;
#1600 = DIRECTION ( 'NONE',  ( 0.000000000000000000, 1.000000000000000000, 0.000000000000000000 ) ) ;
#1601 = DIRECTION ( 'NONE',  ( 0.000000000000000000, 0.000000000000000000, -1.000000000000000000 ) ) ;
#1602 = EDGE_LOOP ( 'NONE', ( #1058, #1, #1210, #808, #51 ) ) ;
#1603 = CARTESIAN_POINT ( 'NONE',  ( 0.01142841719169521500, 0.01065344102014851961, -0.4215916551652001409 ) ) ;
#1604 = CARTESIAN_POINT ( 'NONE',  ( -0.02837943592203920687, -0.03434608782726665532, 0.4499995635713080477 ) ) ;
#1605 = ORIENTED_EDGE ( 'NONE', *, *, #724, .F. ) ;
#1606 = CARTESIAN_POINT ( 'NONE',  ( 0.005618844594462469276, 0.0006941258213984113912, -0.4499910136074871669 ) ) ;
#1607 =( BOUNDED_SURFACE ( )  B_SPLINE_SURFACE ( 3, 2, ( 
 ( #1557, #1689, #1852 ),
 ( #395, #263, #964 ),
 ( #993, #284, #1295 ),
 ( #1413, #1543, #823 ),
 ( #1680, #1406, #105 ),
 ( #387, #832, #978 ),
 ( #957, #677, #1270 ),
 ( #538, #405, #121 ),
 ( #114, #685, #1276 ),
 ( #550, #1137, #1706 ),
 ( #413, #842, #695 ),
 ( #1286, #558, #1145 ),
 ( #153, #907, #333 ),
 ( #1053, #1184, #1760 ),
 ( #1008, #1606, #295 ),
 ( #1627, #1588, #1597 ),
 ( #2, #1029, #1480 ),
 ( #143, #48, #185 ) ),
 .UNSPECIFIED., .F., .F., .F. ) 
 B_SPLINE_SURFACE_WITH_KNOTS ( ( 4, 2, 2, 2, 2, 2, 2, 2, 4 ),
 ( 3, 3 ),
 ( 0.005920326751741449532, 0.007393892909696569808, 0.008867459067651689217, 0.01034102522560679908, 0.01181459138356191936, 0.01328815754151703964, 0.01476172369947215991, 0.01623528985742729927, 0.01770885601538239873 ),
 ( 0.000000000000000000, 1.000000000000000000 ),
 .UNSPECIFIED. ) 
 GEOMETRIC_REPRESENTATION_ITEM ( )  RATIONAL_B_SPLINE_SURFACE ( (
 ( 1.000000000000000000, 0.7071067811865470176, 1.000000000000000000),
 ( 1.000000000000000000, 0.7342080597699339739, 1.000000000000000000),
 ( 1.000000000000000000, 0.7596015785990580804, 1.000000000000000000),
 ( 1.000000000000000000, 0.8055115128992450524, 1.000000000000000000),
 ( 1.000000000000000000, 0.8260262703979169840, 1.000000000000000000),
 ( 1.000000000000000000, 0.8602621780094860116, 1.000000000000000000),
 ( 1.000000000000000000, 0.8739568333488820784, 1.000000000000000000),
 ( 1.000000000000000000, 0.8926774937643719987, 1.000000000000000000),
 ( 1.000000000000000000, 0.8976754383997620490, 1.000000000000000000),
 ( 1.000000000000000000, 0.8980678652614439983, 1.000000000000000000),
 ( 1.000000000000000000, 0.8934553481538880515, 1.000000000000000000),
 ( 1.000000000000000000, 0.8752523122108479825, 1.000000000000000000),
 ( 1.000000000000000000, 0.8616876801891200088, 1.000000000000000000),
 ( 1.000000000000000000, 0.8274905617168979433, 1.000000000000000000),
 ( 1.000000000000000000, 0.8069065987879909807, 1.000000000000000000),
 ( 1.000000000000000000, 0.7605289341049169538, 1.000000000000000000),
 ( 1.000000000000000000, 0.7346521718476329843, 1.000000000000000000),
 ( 1.000000000000000000, 0.7071067811865480168, 1.000000000000000000) ) ) 
 REPRESENTATION_ITEM ( '' )  SURFACE ( )  );
#1608 = DIRECTION ( 'NONE',  ( 0.000000000000000000, 0.000000000000000000, -1.000000000000000000 ) ) ;
#1609 = DIRECTION ( 'NONE',  ( 0.000000000000000000, 0.000000000000000000, -1.000000000000000000 ) ) ;
#1610 = FACE_BOUND ( 'NONE', #862, .T. ) ;
#1611 = TOROIDAL_SURFACE ( 'NONE', #1802, 0.1199987436238376948, 0.04499952885893915983 ) ;
#1612 = CIRCLE ( 'NONE', #95, 0.04499952885893916676 ) ;
#1613 = CIRCLE ( 'NONE', #943, 0.2999968590595946116 ) ;
#1614 = ORIENTED_EDGE ( 'NONE', *, *, #861, .F. ) ;
#1615 = CARTESIAN_POINT ( 'NONE',  ( 0.02674524874398259700, 0.01065344104319661256, -0.4267904532780961158 ) ) ;
#1616 = DIRECTION ( 'NONE',  ( 6.023408466587353480E-16, 0.000000000000000000, 1.000000000000000000 ) ) ;
#1617 = CIRCLE ( 'NONE', #1197, 0.04499952885893916676 ) ;
#1618 = EDGE_CURVE ( 'NONE', #586, #843, #445, .T. ) ;
#1619 = ORIENTED_EDGE ( 'NONE', *, *, #1734, .T. ) ;
#1620 = CARTESIAN_POINT ( 'NONE',  ( -0.3742995142823619670, 0.01065344103200769645, 0.4132234390521435929 ) ) ;
#1621 = CARTESIAN_POINT ( 'NONE',  ( 0.1898208887407015211, 0.01065344103167252011, 0.08178124128051220132 ) ) ;
#1622 = DIRECTION ( 'NONE',  ( 0.000000000000000000, -1.000000000000000000, 0.000000000000000000 ) ) ;
#1623 = FACE_OUTER_BOUND ( 'NONE', #279, .T. ) ;
#1624 = VERTEX_POINT ( 'NONE', #94 ) ;
#1625 = CARTESIAN_POINT ( 'NONE',  ( 0.3594667142156320327, 0.01065344103167252011, -0.3026938883564828098 ) ) ;
#1626 = EDGE_LOOP ( 'NONE', ( #1380, #983, #149, #1676, #1358, #485, #1410, #1241, #1655 ) ) ;
#1627 = CARTESIAN_POINT ( 'NONE',  ( -0.004231620556242716991, -0.03374359035353406699, -0.4499910136074742328 ) ) ;
#1628 = CARTESIAN_POINT ( 'NONE',  ( 0.1044501123542144333, 0.01065344103820217367, 0.4385168605733977265 ) ) ;
#1629 = DIRECTION ( 'NONE',  ( 0.000000000000000000, 0.000000000000000000, -1.000000000000000000 ) ) ;
#1630 = DIRECTION ( 'NONE',  ( 0.000000000000000000, 0.000000000000000000, 1.000000000000000000 ) ) ;
#1631 = ORIENTED_EDGE ( 'NONE', *, *, #1595, .F. ) ;
#1632 = CARTESIAN_POINT ( 'NONE',  ( 0.1894807965169906794, 0.01065344103167249409, -0.04239635751377573980 ) ) ;
#1633 = ORIENTED_EDGE ( 'NONE', *, *, #624, .F. ) ;
#1634 = CARTESIAN_POINT ( 'NONE',  ( 0.4499858657681749530, 0.01065344103167252011, 4.274981916882062614E-06 ) ) ;
#1635 = EDGE_CURVE ( 'NONE', #1291, #734, #189, .T. ) ;
#1636 = DIRECTION ( 'NONE',  ( 0.000000000000000000, 0.000000000000000000, 1.000000000000000000 ) ) ;
#1637 = CARTESIAN_POINT ( 'NONE',  ( 0.2802846869858837131, -0.03422047155920734246, -0.4499910136074742328 ) ) ;
#1638 = PRODUCT ( '004619', '004619', '', ( #1118 ) ) ;
#1639 = ORIENTED_EDGE ( 'NONE', *, *, #746, .T. ) ;
#1640 = CIRCLE ( 'NONE', #1464, 0.1199987436238376809 ) ;
#1641 = CARTESIAN_POINT ( 'NONE',  ( -0.4307779742243997290, 0.01065344103162422715, 0.4199998776654850219 ) ) ;
#1642 = CIRCLE ( 'NONE', #611, 0.1949979583887363199 ) ;
#1643 = VECTOR ( 'NONE', #1190, 1000.000000000000000 ) ;
#1644 = B_SPLINE_CURVE_WITH_KNOTS ( 'NONE', 3,
 ( #243, #684, #1397, #1835 ),
 .UNSPECIFIED., .F., .F.,
 ( 4, 4 ),
 ( 0.004416581791478849627, 0.004981024662456769690 ),
 .UNSPECIFIED. ) ;
#1645 = ORIENTED_EDGE ( 'NONE', *, *, #1070, .T. ) ;
#1646 = CARTESIAN_POINT ( 'NONE',  ( 0.3035892745619582778, -0.03434608782726665532, -0.4499910136074742328 ) ) ;
#1647 = DIRECTION ( 'NONE',  ( 0.000000000000000000, 0.000000000000000000, -1.000000000000000000 ) ) ;
#1648 = ORIENTED_EDGE ( 'NONE', *, *, #548, .T. ) ;
#1649 = DIRECTION ( 'NONE',  ( 0.000000000000000000, 0.000000000000000000, 1.000000000000000000 ) ) ;
#1650 = VERTEX_POINT ( 'NONE', #120 ) ;
#1651 = CARTESIAN_POINT ( 'NONE',  ( 0.06970808090985609884, -0.03434608782726665532, -0.1625506220974320126 ) ) ;
#1652 = APPROVAL ( #1140, '未' ) ;
#1653 = CARTESIAN_POINT ( 'NONE',  ( 0.8659411825632402637, 0.003874521421357184081, 0.1720559028123742340 ) ) ;
#1654 = DIRECTION ( 'NONE',  ( 0.000000000000000000, -1.000000000000000000, 0.000000000000000000 ) ) ;
#1655 = ORIENTED_EDGE ( 'NONE', *, *, #905, .F. ) ;
#1656 = DIRECTION ( 'NONE',  ( 0.000000000000000000, -1.000000000000000000, 0.000000000000000000 ) ) ;
#1657 = ORIENTED_EDGE ( 'NONE', *, *, #106, .F. ) ;
#1658 = CARTESIAN_POINT ( 'NONE',  ( 0.8318211294514066267, 0.01065344103123168525, 0.1580496022603216644 ) ) ;
#1659 = CARTESIAN_POINT ( 'NONE',  ( 0.2779473725137916462, 0.01065342230339507389, -0.4083517150348285885 ) ) ;
#1660 = CARTESIAN_POINT ( 'NONE',  ( 0.8676533785545065269, 0.01065344103128507136, 0.04133433957712955020 ) ) ;
#1661 = CARTESIAN_POINT ( 'NONE',  ( 0.04105985334679174842, -0.002579488295571487431, 0.4499995635713083253 ) ) ;
#1662 = CARTESIAN_POINT ( 'NONE',  ( -0.4500047114106083268, 0.01065344103167252011, -0.4199913277015154267 ) ) ;
#1663 = CARTESIAN_POINT ( 'NONE',  ( 0.1044501123542144333, 0.01065344103820217367, 0.4385168605733977265 ) ) ;
#1664 = ORIENTED_EDGE ( 'NONE', *, *, #670, .F. ) ;
#1665 = FACE_OUTER_BOUND ( 'NONE', #927, .T. ) ;
#1666 = PLANE ( 'NONE',  #1042 ) ;
#1667 = CIRCLE ( 'NONE', #847, 0.04499952885893916676 ) ;
#1668 = AXIS2_PLACEMENT_3D ( 'NONE', #511, #1069, #78 ) ;
#1669 = VECTOR ( 'NONE', #751, 1000.000000000000000 ) ;
#1670 = CARTESIAN_POINT ( 'NONE',  ( 0.2772216521631306607, 0.01065341749666800890, 0.2400025030016879890 ) ) ;
#1671 = ORGANIZATION ( '未', '未', '' ) ;
#1672 = AXIS2_PLACEMENT_3D ( 'NONE', #1177, #1448, #127 ) ;
#1673 = CARTESIAN_POINT ( 'NONE',  ( 0.0006580279964047174631, 0.01065344103866635445, 0.4217676009541200810 ) ) ;
#1674 = EDGE_CURVE ( 'NONE', #713, #839, #869, .T. ) ;
#1675 = FACE_OUTER_BOUND ( 'NONE', #1479, .T. ) ;
#1676 = ORIENTED_EDGE ( 'NONE', *, *, #175, .T. ) ;
#1677 = CARTESIAN_POINT ( 'NONE',  ( 0.8249819395926681898, -0.03434608782726665532, -0.2487399799645342025 ) ) ;
#1678 = PLANE ( 'NONE',  #1225 ) ;
#1679 = MANIFOLD_SOLID_BREP ( 'NONE', #1067 ) ;
#1680 = CARTESIAN_POINT ( 'NONE',  ( 0.1218033263625380586, -0.03081580816329680325, -0.4499910136074742328 ) ) ;
#1681 = CARTESIAN_POINT ( 'NONE',  ( -0.02837943592203901605, 0.01065344103167242991, 0.4499995635713087139 ) ) ;
#1682 = DIRECTION ( 'NONE',  ( 0.000000000000000000, 0.000000000000000000, -1.000000000000000000 ) ) ;
#1683 = EDGE_CURVE ( 'NONE', #1299, #1366, #942, .T. ) ;
#1684 = VERTEX_POINT ( 'NONE', #412 ) ;
#1685 = CARTESIAN_POINT ( 'NONE',  ( 0.08232812661428665080, 0.007231708918613693679, 0.06668956444139696738 ) ) ;
#1686 = EDGE_CURVE ( 'NONE', #1684, #601, #41, .T. ) ;
#1687 =( BOUNDED_SURFACE ( )  B_SPLINE_SURFACE ( 3, 2, ( 
 ( #650, #913, #623 ),
 ( #774, #1487, #496 ),
 ( #802, #1094, #197 ),
 ( #1242, #948, #62 ),
 ( #360, #935, #767 ),
 ( #1522, #224, #233 ) ),
 .UNSPECIFIED., .F., .F., .T. ) 
 B_SPLINE_SURFACE_WITH_KNOTS ( ( 4, 2, 4 ),
 ( 3, 3 ),
 ( 0.006620457496498030787, 0.008177967901105299281, 0.009735478305712568642 ),
 ( 0.000000000000000000, 1.000000000000000000 ),
 .UNSPECIFIED. ) 
 GEOMETRIC_REPRESENTATION_ITEM ( )  RATIONAL_B_SPLINE_SURFACE ( (
 ( 1.000000000000000000, 0.7071067811865480168, 1.000000000000000000),
 ( 1.000000000000000000, 0.7237578810708480415, 1.000000000000000000),
 ( 1.000000000000000000, 0.7330235954309219926, 1.000000000000000000),
 ( 1.000000000000000000, 0.7330373347722940469, 1.000000000000000000),
 ( 1.000000000000000000, 0.7237701393151450002, 1.000000000000000000),
 ( 1.000000000000000000, 0.7071067811865480168, 1.000000000000000000) ) ) 
 REPRESENTATION_ITEM ( '' )  SURFACE ( )  );
#1688 = LINE ( 'NONE', #104, #1581 ) ;
#1689 = CARTESIAN_POINT ( 'NONE',  ( 0.1587069386520757741, 0.01065344103167261032, -0.4499910136074741773 ) ) ;
#1690 = PLANE ( 'NONE',  #250 ) ;
#1691 = ADVANCED_FACE ( 'NONE', ( #1556 ), #1574, .F. ) ;
#1692 = DIRECTION ( 'NONE',  ( -1.000000000000000000, 0.000000000000000000, 0.000000000000000000 ) ) ;
#1693 = DIRECTION ( 'NONE',  ( 0.000000000000000000, 1.000000000000000000, 0.000000000000000000 ) ) ;
#1694 = ORIENTED_EDGE ( 'NONE', *, *, #624, .T. ) ;
#1695 = CARTESIAN_POINT ( 'NONE',  ( 0.8602601411688826083, -0.03380668170271011047, -0.1849806231917379418 ) ) ;
#1696 = CARTESIAN_POINT ( 'NONE',  ( 0.4499858657681749530, -0.03434608782726665532, 4.274981916882062614E-06 ) ) ;
#1697 = CARTESIAN_POINT ( 'NONE',  ( 0.8317578197413826313, 0.01065344103130390005, -0.1581591160484490111 ) ) ;
#1698 = DATE_AND_TIME ( #1442, #1761 ) ;
#1699 = AXIS2_PLACEMENT_3D ( 'NONE', #338, #615, #771 ) ;
#1700 = CARTESIAN_POINT ( 'NONE',  ( -0.01457924472765344606, 0.003359957097493667440, 0.4499995635713081588 ) ) ;
#1701 = CIRCLE ( 'NONE', #406, 0.1499984295297970838 ) ;
#1702 = CARTESIAN_POINT ( 'NONE',  ( -0.1034954931290659880, 0.01063705995651194162, 0.2211940918805663236 ) ) ;
#1703 = VERTEX_POINT ( 'NONE', #1868 ) ;
#1704 = CARTESIAN_POINT ( 'NONE',  ( 0.8999733027805801866, -0.03177309416805611242, -0.02121620615983993777 ) ) ;
#1705 = DIRECTION ( 'NONE',  ( 0.000000000000000000, 0.000000000000000000, 1.000000000000000000 ) ) ;
#1706 = CARTESIAN_POINT ( 'NONE',  ( 0.06129259456581925142, 0.01065344103258504711, -0.4325785226055812172 ) ) ;
#1707 = EDGE_CURVE ( 'NONE', #269, #843, #491, .T. ) ;
#1708 = CARTESIAN_POINT ( 'NONE',  ( -0.4114608372479746090, 0.0005944043027453242353, -0.4499910136074750100 ) ) ;
#1709 = CARTESIAN_POINT ( 'NONE',  ( -0.4500047114106083268, 0.01065344103167252011, -0.4199913277015154267 ) ) ;
#1710 = EDGE_CURVE ( 'NONE', #665, #903, #1488, .T. ) ;
#1711 = DATE_AND_TIME ( #856, #752 ) ;
#1712 = CARTESIAN_POINT ( 'NONE',  ( 0.06970808090985608496, -0.03434608782726665532, -0.2750494442447798948 ) ) ;
#1713 = LOCAL_TIME ( 9, 50, 49.00000000000000000, #1138 ) ;
#1714 = ORIENTED_EDGE ( 'NONE', *, *, #1686, .F. ) ;
#1715 = CARTESIAN_POINT ( 'NONE',  ( 0.8519450533250924051, -0.03403107943432509552, -0.2023166163677532770 ) ) ;
#1716 = CARTESIAN_POINT ( 'NONE',  ( 0.09174284963614104393, -0.01826924904677517877, 0.4499995635713080477 ) ) ;
#1717 = CARTESIAN_POINT ( 'NONE',  ( 0.8002324363486895686, 0.01065344103167252011, -0.2089154948635978115 ) ) ;
#1718 = CARTESIAN_POINT ( 'NONE',  ( -0.3573075555144841764, -0.03414756495654118484, -0.4499910136074742328 ) ) ;
#1719 = DIRECTION ( 'NONE',  ( 0.000000000000000000, 0.000000000000000000, 1.000000000000000000 ) ) ;
#1720 = CARTESIAN_POINT ( 'NONE',  ( 0.3035892745619582778, -0.03434608782726665532, -0.4049914847485355240 ) ) ;
#1721 = FACE_OUTER_BOUND ( 'NONE', #1387, .T. ) ;
#1722 = ORIENTED_EDGE ( 'NONE', *, *, #476, .T. ) ;
#1723 = LINE ( 'NONE', #1171, #968 ) ;
#1724 = DIRECTION ( 'NONE',  ( 0.000000000000000000, -1.000000000000000000, 0.000000000000000000 ) ) ;
#1725 = ORIENTED_EDGE ( 'NONE', *, *, #315, .F. ) ;
#1726 = CYLINDRICAL_SURFACE ( 'NONE', #1545, 0.04499952885893916676 ) ;
#1727 = CARTESIAN_POINT ( 'NONE',  ( -0.3835144408112480252, 0.01065344103125740773, -0.4148021242229702477 ) ) ;
#1728 = CARTESIAN_POINT ( 'NONE',  ( 0.2804455803369620970, 0.01065344103167251144, -0.2433533641434481865 ) ) ;
#1729 = CIRCLE ( 'NONE', #287, 0.1124988221473478545 ) ;
#1730 = CIRCLE ( 'NONE', #219, 0.04499952885893922228 ) ;
#1731 = DIRECTION ( 'NONE',  ( 0.000000000000000000, 0.000000000000000000, 1.000000000000000000 ) ) ;
#1732 = CIRCLE ( 'NONE', #464, 0.04499952885893923615 ) ;
#1733 = CARTESIAN_POINT ( 'NONE',  ( 0.4499858657681749530, -0.03434608782726665532, 4.274981916882062614E-06 ) ) ;
#1734 = EDGE_CURVE ( 'NONE', #800, #1020, #349, .T. ) ;
#1735 = AXIS2_PLACEMENT_3D ( 'NONE', #74, #363, #619 ) ;
#1736 = VERTEX_POINT ( 'NONE', #262 ) ;
#1737 = CARTESIAN_POINT ( 'NONE',  ( 0.4499858657681749530, 0.01065344103167252011, 4.274981916882062614E-06 ) ) ;
#1738 = CARTESIAN_POINT ( 'NONE',  ( 0.1291712028188099770, -0.03201105706509780463, -0.4499910136074742328 ) ) ;
#1739 = ORIENTED_EDGE ( 'NONE', *, *, #1530, .F. ) ;
#1740 = CARTESIAN_POINT ( 'NONE',  ( -0.4500047114106083268, -0.03177252164346834606, 0.4499995635713080477 ) ) ;
#1741 = EDGE_CURVE ( 'NONE', #1684, #1502, #97, .T. ) ;
#1742 = DIRECTION ( 'NONE',  ( 0.000000000000000000, -1.000000000000000000, 0.000000000000000000 ) ) ;
#1743 = DIRECTION ( 'NONE',  ( 0.000000000000000000, 0.000000000000000000, -1.000000000000000000 ) ) ;
#1744 = FACE_BOUND ( 'NONE', #1028, .T. ) ;
#1745 = CC_DESIGN_APPROVAL ( #1786, ( #396 ) ) ;
#1746 = VERTEX_POINT ( 'NONE', #1604 ) ;
#1747 = CARTESIAN_POINT ( 'NONE',  ( -0.4500047114106083268, -0.03434608782726665532, 4.274981916986144329E-06 ) ) ;
#1748 = DIRECTION ( 'NONE',  ( 0.000000000000000000, 0.000000000000000000, -1.000000000000000000 ) ) ;
#1749 = EDGE_LOOP ( 'NONE', ( #544, #1443 ) ) ;
#1750 = CARTESIAN_POINT ( 'NONE',  ( -0.3561579008752283615, 0.006542190328090444380, 0.4499995635712922826 ) ) ;
#1751 = DIRECTION ( 'NONE',  ( 1.000000000000000000, 8.177564888978010194E-16, -2.775574880741115262E-15 ) ) ;
#1752 = DIRECTION ( 'NONE',  ( 0.000000000000000000, -1.000000000000000000, 0.000000000000000000 ) ) ;
#1753 = DIRECTION ( 'NONE',  ( 0.000000000000000000, -1.000000000000000000, 0.000000000000000000 ) ) ;
#1754 = EDGE_CURVE ( 'NONE', #118, #1624, #1732, .T. ) ;
#1755 = EDGE_CURVE ( 'NONE', #945, #947, #125, .T. ) ;
#1756 = ORIENTED_EDGE ( 'NONE', *, *, #740, .F. ) ;
#1757 = DIRECTION ( 'NONE',  ( 0.000000000000000000, -1.000000000000000000, 0.000000000000000000 ) ) ;
#1758 = CARTESIAN_POINT ( 'NONE',  ( 0.03305823362322830861, -0.02831026143512864121, -0.4499910136074742328 ) ) ;
#1759 = EDGE_LOOP ( 'NONE', ( #578, #1302, #1452, #166 ) ) ;
#1760 = CARTESIAN_POINT ( 'NONE',  ( 0.01142841719169521500, 0.01065344102014851961, -0.4215916551652001409 ) ) ;
#1761 = LOCAL_TIME ( 9, 50, 49.00000000000000000, #475 ) ;
#1762 = CARTESIAN_POINT ( 'NONE',  ( 0.1036116453687077887, 0.007592900668007104142, 0.06581704681912316224 ) ) ;
#1763 = CARTESIAN_POINT ( 'NONE',  ( 0.2716732346564106337, 0.01065260434441144162, -0.4079630395787364749 ) ) ;
#1764 = CIRCLE ( 'NONE', #37, 0.04499952885893915983 ) ;
#1765 = DIRECTION ( 'NONE',  ( 0.000000000000000000, 0.000000000000000000, -1.000000000000000000 ) ) ;
#1766 = CIRCLE ( 'NONE', #1309, 0.08249913624138849322 ) ;
#1767 = AXIS2_PLACEMENT_3D ( 'NONE', #1259, #1843, #1705 ) ;
#1768 = AXIS2_PLACEMENT_3D ( 'NONE', #681, #1113, #389 ) ;
#1769 = ORIENTED_EDGE ( 'NONE', *, *, #1683, .T. ) ;
#1770 = CARTESIAN_POINT ( 'NONE',  ( 0.2040179960976716000, 0.01065344103167252011, -0.3573086519478777534 ) ) ;
#1771 = DIRECTION ( 'NONE',  ( 0.000000000000000000, 0.000000000000000000, 1.000000000000000000 ) ) ;
#1772 = ORIENTED_EDGE ( 'NONE', *, *, #562, .F. ) ;
#1773 = CARTESIAN_POINT ( 'NONE',  ( -0.3851156911423869733, -0.03325445689453962461, 0.4499995635713080477 ) ) ;
#1774 = EDGE_CURVE ( 'NONE', #1624, #1561, #9, .T. ) ;
#1775 = DIRECTION ( 'NONE',  ( 0.000000000000000000, 0.000000000000000000, 1.000000000000000000 ) ) ;
#1776 = ADVANCED_FACE ( 'NONE', ( #736 ), #1254, .T. ) ;
#1777 = PLANE ( 'NONE',  #1425 ) ;
#1778 = EDGE_CURVE ( 'NONE', #920, #1502, #1301, .T. ) ;
#1779 = CARTESIAN_POINT ( 'NONE',  ( -0.3387628987960483173, -0.03434608782726665532, 0.4499995635713080477 ) ) ;
#1780 = VERTEX_POINT ( 'NONE', #309 ) ;
#1781 = CARTESIAN_POINT ( 'NONE',  ( 0.1360147213493896612, 0.01065344104201986636, 0.4322041224014910865 ) ) ;
#1782 = B_SPLINE_CURVE_WITH_KNOTS ( 'NONE', 3,
 ( #1341, #1632, #508, #67 ),
 .UNSPECIFIED., .F., .F.,
 ( 4, 4 ),
 ( -2.525539349733761153E-07, 9.270128936764035574E-05 ),
 .UNSPECIFIED. ) ;
#1783 = EDGE_LOOP ( 'NONE', ( #1231, #1257, #1010, #1296, #14 ) ) ;
#1784 = DIRECTION ( 'NONE',  ( 0.000000000000000000, -1.000000000000000000, 0.000000000000000000 ) ) ;
#1785 = CARTESIAN_POINT ( 'NONE',  ( 0.1795399264149521446, 0.01065344102530022506, 0.4137504500677932628 ) ) ;
#1786 = APPROVAL ( #1827, '未' ) ;
#1787 = CARTESIAN_POINT ( 'NONE',  ( 0.2647484081170416448, -0.03434608782726665532, -0.4499910136074742328 ) ) ;
#1788 = VERTEX_POINT ( 'NONE', #595 ) ;
#1789 = CARTESIAN_POINT ( 'NONE',  ( 0.1618110993940759801, -0.0007635064191495767594, 0.4499995635713087694 ) ) ;
#1790 = VERTEX_POINT ( 'NONE', #323 ) ;
#1791 = CARTESIAN_POINT ( 'NONE',  ( 0.8270150426935688470, 0.01065344103186841203, -0.1670291074124501951 ) ) ;
#1792 = EDGE_CURVE ( 'NONE', #152, #1502, #759, .T. ) ;
#1793 = CARTESIAN_POINT ( 'NONE',  ( 0.2772497244020374896, 0.01065344103167249930, 0.2400696357923477187 ) ) ;
#1794 = CARTESIAN_POINT ( 'NONE',  ( -0.03852479077127218821, 0.01065344103167267104, -0.01074634489293128763 ) ) ;
#1795 = ORIENTED_EDGE ( 'NONE', *, *, #811, .T. ) ;
#1796 = AXIS2_PLACEMENT_3D ( 'NONE', #763, #1376, #1082 ) ;
#1797 = CIRCLE ( 'NONE', #1158, 0.3449963879185334870 ) ;
#1798 = ADVANCED_FACE ( 'NONE', ( #1018 ), #1131, .T. ) ;
#1799 = VERTEX_POINT ( 'NONE', #1172 ) ;
#1800 = CARTESIAN_POINT ( 'NONE',  ( 0.8695153344277504193, 0.01065344103206003999, 0.02070791857620068663 ) ) ;
#1801 = CIRCLE ( 'NONE', #581, 0.04499952885893916676 ) ;
#1802 = AXIS2_PLACEMENT_3D ( 'NONE', #136, #707, #1609 ) ;
#1803 = CARTESIAN_POINT ( 'NONE',  ( 0.8699728585003628778, 0.01065344103087595071, -0.02092174695057540806 ) ) ;
#1804 = DIRECTION ( 'NONE',  ( 1.000000000000000000, 0.000000000000000000, 0.000000000000000000 ) ) ;
#1805 = VERTEX_POINT ( 'NONE', #1324 ) ;
#1806 = CARTESIAN_POINT ( 'NONE',  ( 0.1869813671616734896, 0.006478002490201067304, 0.4499995635713084918 ) ) ;
#1807 = ORIENTED_EDGE ( 'NONE', *, *, #745, .F. ) ;
#1808 = PLANE ( 'NONE',  #1668 ) ;
#1809 = CARTESIAN_POINT ( 'NONE',  ( 0.4499858657681749530, -0.03434608782726665532, 4.274981916882062614E-06 ) ) ;
#1810 = CARTESIAN_POINT ( 'NONE',  ( 0.8249819395926669685, 0.01065344103167254614, 0.2487485299283678508 ) ) ;
#1811 = CARTESIAN_POINT ( 'NONE',  ( 0.002476314558580104339, -0.0007009949091621353644, 0.4499995635713079922 ) ) ;
#1812 = ORIENTED_EDGE ( 'NONE', *, *, #248, .F. ) ;
#1813 = CARTESIAN_POINT ( 'NONE',  ( 0.1549351842084363828, 0.01065344102132526408, 0.4257280801684446003 ) ) ;
#1814 = VERTEX_POINT ( 'NONE', #1332 ) ;
#1815 = CARTESIAN_POINT ( 'NONE',  ( 0.1898208887407015211, 0.01065344103167252011, 0.08178124128051220132 ) ) ;
#1816 = DIRECTION ( 'NONE',  ( 0.000000000000000000, 0.000000000000000000, -1.000000000000000000 ) ) ;
#1817 = CARTESIAN_POINT ( 'NONE',  ( 0.8695153344277504193, 0.01065344103206003999, 0.02070791857620068663 ) ) ;
#1818 = EDGE_CURVE ( 'NONE', #527, #376, #1801, .T. ) ;
#1819 = CARTESIAN_POINT ( 'NONE',  ( 0.04535161644576061329, -0.02248990337217832841, 0.4499995635713080477 ) ) ;
#1820 = ORIENTED_EDGE ( 'NONE', *, *, #1346, .T. ) ;
#1821 = CARTESIAN_POINT ( 'NONE',  ( -0.04042606083154338947, 0.01065344103167252011, 0.09296467119047152616 ) ) ;
#1822 = VERTEX_POINT ( 'NONE', #1038 ) ;
#1823 = CARTESIAN_POINT ( 'NONE',  ( 0.8967326965192741195, -0.03200193787671848367, 0.05426789304935224906 ) ) ;
#1824 = DIRECTION ( 'NONE',  ( 0.000000000000000000, 0.000000000000000000, 1.000000000000000000 ) ) ;
#1825 = VECTOR ( 'NONE', #1804, 1000.000000000000000 ) ;
#1826 = CARTESIAN_POINT ( 'NONE',  ( 0.8661956515541341384, -0.03360768841933365475, 0.1714335099240817117 ) ) ;
#1827 = APPROVAL_STATUS ( 'not_yet_approved' ) ;
#1828 = AXIS2_PLACEMENT_3D ( 'NONE', #1402, #953, #384 ) ;
#1829 = EDGE_CURVE ( 'NONE', #1020, #340, #1617, .T. ) ;
#1830 = CARTESIAN_POINT ( 'NONE',  ( 0.02524538296199997645, 0.01062856614448928760, -0.1346369220995905780 ) ) ;
#1831 = CARTESIAN_POINT ( 'NONE',  ( -0.3743709626795632128, 0.003782395782698781250, -0.4499910136074749545 ) ) ;
#1832 = CARTESIAN_POINT ( 'NONE',  ( 0.4499858657681749530, 0.01065344103167252011, -0.4049914847485355240 ) ) ;
#1833 = EDGE_LOOP ( 'NONE', ( #1639, #177 ) ) ;
#1834 = CYLINDRICAL_SURFACE ( 'NONE', #664, 0.4499952885893915844 ) ;
#1835 = CARTESIAN_POINT ( 'NONE',  ( 0.08232812661428665080, 0.007231708918613693679, 0.06668956444139696738 ) ) ;
#1836 = LINE ( 'NONE', #986, #187 ) ;
#1837 = CARTESIAN_POINT ( 'NONE',  ( 0.002914323611151192067, 0.01065344103167249409, -0.1324520075054126111 ) ) ;
#1838 = CALENDAR_DATE ( 2026, 29, 6 ) ;
#1839 = CARTESIAN_POINT ( 'NONE',  ( 0.2802846869858837131, 0.01065344103167252011, -0.4083514797355214387 ) ) ;
#1840 = EDGE_CURVE ( 'NONE', #839, #1805, #1074, .T. ) ;
#1841 = ORIENTED_EDGE ( 'NONE', *, *, #394, .F. ) ;
#1842 = CARTESIAN_POINT ( 'NONE',  ( 0.8302350678577670173, -0.03434608782726663451, -0.2408205911322873760 ) ) ;
#1843 = DIRECTION ( 'NONE',  ( 0.000000000000000000, 1.000000000000000000, 0.000000000000000000 ) ) ;
#1844 = FACE_OUTER_BOUND ( 'NONE', #1602, .T. ) ;
#1845 = LINE ( 'NONE', #1400, #488 ) ;
#1846 = CARTESIAN_POINT ( 'NONE',  ( -0.05509665391682143365, 0.01063842453410107809, 0.1165618353888898950 ) ) ;
#1847 = ORIENTED_EDGE ( 'NONE', *, *, #328, .F. ) ;
#1848 = EDGE_CURVE ( 'NONE', #1788, #1624, #194, .T. ) ;
#1849 = CARTESIAN_POINT ( 'NONE',  ( 0.8834088233385711808, -0.03282110078911881779, 0.1213027382884599298 ) ) ;
#1850 = DIRECTION ( 'NONE',  ( -1.000000000000000000, 0.000000000000000000, 0.000000000000000000 ) ) ;
#1851 = AXIS2_PLACEMENT_3D ( 'NONE', #618, #1175, #760 ) ;
#1852 = CARTESIAN_POINT ( 'NONE',  ( 0.1587069386520757741, 0.01065344103167252011, -0.4049914847485355240 ) ) ;
#1853 = CIRCLE ( 'NONE', #969, 0.1574983510062870906 ) ;
#1854 = DIRECTION ( 'NONE',  ( 0.000000000000000000, -1.000000000000000000, 0.000000000000000000 ) ) ;
#1855 = AXIS2_PLACEMENT_3D ( 'NONE', #1156, #708, #1731 ) ;
#1856 = PERSON_AND_ORGANIZATION ( #400, #1671 ) ;
#1857 = CARTESIAN_POINT ( 'NONE',  ( -0.3387628987960483173, -0.03434608782726665532, -0.4499910136074742328 ) ) ;
#1858 = EDGE_LOOP ( 'NONE', ( #743, #1183, #1554, #1273 ) ) ;
#1859 = CARTESIAN_POINT ( 'NONE',  ( 0.7874823322102179057, 0.01065344103167252011, 0.2238741044337229646 ) ) ;
#1860 = CARTESIAN_POINT ( 'NONE',  ( 0.1193765583760056509, -0.02250626453975929087, 0.4499995635713080477 ) ) ;
#1861 = CARTESIAN_POINT ( 'NONE',  ( 0.8371386014829484967, -0.03434608782204767036, -0.2304131226039543290 ) ) ;
#1862 = ORIENTED_EDGE ( 'NONE', *, *, #1155, .F. ) ;
#1863 = DIRECTION ( 'NONE',  ( -1.000000000000000000, -0.000000000000000000, -0.000000000000000000 ) ) ;
#1864 = APPROVAL_ROLE ( '' ) ;
#1865 = CARTESIAN_POINT ( 'NONE',  ( 0.08232812661426762435, -0.01826924904677517877, 0.4499995635713080477 ) ) ;
#1866 = EDGE_LOOP ( 'NONE', ( #1518, #211, #1841, #1847, #372, #456 ) ) ;
#1867 = CARTESIAN_POINT ( 'NONE',  ( 0.05211847130393272576, 0.01065344103964547921, -0.4317974086164768077 ) ) ;
#1868 = CARTESIAN_POINT ( 'NONE',  ( 0.2569800994098089819, 0.01065344103167252011, -0.4049914847485355240 ) ) ;
#1869 = ORIENTED_EDGE ( 'NONE', *, *, #1109, .T. ) ;
#1870 = CARTESIAN_POINT ( 'NONE',  ( 0.8774156476221862677, 0.002412150259658240280, -0.1411481922866925642 ) ) ;
#1871 =( BOUNDED_SURFACE ( )  B_SPLINE_SURFACE ( 3, 2, ( 
 ( #834, #1681, #814 ),
 ( #506, #89, #671 ),
 ( #1253, #1700, #941 ),
 ( #1261, #1811, #1673 ),
 ( #258, #1384, #237 ),
 ( #653, #1245, #228 ),
 ( #1819, #1661, #1099 ),
 ( #1517, #514, #805 ),
 ( #540, #382, #1526 ),
 ( #661, #1414, #680 ) ),
 .UNSPECIFIED., .F., .F., .F. ) 
 B_SPLINE_SURFACE_WITH_KNOTS ( ( 4, 2, 2, 2, 4 ),
 ( 3, 3 ),
 ( 0.006000996715105210051, 0.007852948399038149965, 0.009704900082971101155, 0.01155685176690404020, 0.01340880345083697925 ),
 ( 0.000000000000000000, 1.000000000000000000 ),
 .UNSPECIFIED. ) 
 GEOMETRIC_REPRESENTATION_ITEM ( )  RATIONAL_B_SPLINE_SURFACE ( (
 ( 1.000000000000000000, 0.7071067811865480168, 1.000000000000000000),
 ( 1.000000000000000000, 0.7410732840119490517, 1.000000000000000000),
 ( 1.000000000000000000, 0.7725817997293250583, 1.000000000000000000),
 ( 1.000000000000000000, 0.8289159342173400002, 1.000000000000000000),
 ( 1.000000000000000000, 0.8538070180615959792, 1.000000000000000000),
 ( 1.000000000000000000, 0.8951311375505940360, 1.000000000000000000),
 ( 1.000000000000000000, 0.9115348519848950337, 1.000000000000000000),
 ( 1.000000000000000000, 0.9338373049058319442, 1.000000000000000000),
 ( 1.000000000000000000, 0.9397253949883299651, 1.000000000000000000),
 ( 1.000000000000000000, 0.9397047716035860088, 1.000000000000000000) ) ) 
 REPRESENTATION_ITEM ( '' )  SURFACE ( )  );
#1872 = EDGE_LOOP ( 'NONE', ( #61, #1079, #59, #1060 ) ) ;
#1873 = EDGE_CURVE ( 'NONE', #1159, #296, #1427, .T. ) ;
#1874 = CARTESIAN_POINT ( 'NONE',  ( 0.1052709069732904873, 0.01065343187655334693, -0.4287254148747757787 ) ) ;
#1875 = CARTESIAN_POINT ( 'NONE',  ( 0.000000000000000000, 0.000000000000000000, 0.000000000000000000 ) ) ;
#1876 = CARTESIAN_POINT ( 'NONE',  ( 0.007765147281965124881, 0.01065344103167249409, 0.06432997052543794336 ) ) ;
#1877 = ORIENTED_EDGE ( 'NONE', *, *, #565, .T. ) ;
#1878 = CARTESIAN_POINT ( 'NONE',  ( 0.06970808090985608496, 0.01065344103167252011, -0.4325477952510661805 ) ) ;
#1879 = CARTESIAN_POINT ( 'NONE',  ( -0.004212064747878148038, -0.03374172699692568056, -0.4499910136074742328 ) ) ;
#1880 = EDGE_CURVE ( 'NONE', #734, #872, #787, .T. ) ;
ENDSEC;
END-ISO-10303-21;
