ISO-10303-21;
HEADER;
FILE_DESCRIPTION (( 'STEP AP203' ),
    '1' );
FILE_NAME ('004733.step',
    '2026-06-29T01:57:46',
    ( '' ),
    ( '' ),
    'SwSTEP 2.0',
    'SolidWorks 2025',
    '' );
FILE_SCHEMA (( 'CONFIG_CONTROL_DESIGN' ));
ENDSEC;

DATA;
#1 = CARTESIAN_POINT ( 'NONE',  ( -0.2647434724340297363, 0.7836954205629942383, -0.1624900881918141249 ) ) ;
#2 = VECTOR ( 'NONE', #555, 1000.000000000000000 ) ;
#3 = ORIENTED_EDGE ( 'NONE', *, *, #436, .F. ) ;
#4 = AXIS2_PLACEMENT_3D ( 'NONE', #1823, #1429, #1626 ) ;
#5 = VECTOR ( 'NONE', #318, 1000.000000000000000 ) ;
#6 = APPROVAL_ROLE ( '' ) ;
#7 = ORIENTED_EDGE ( 'NONE', *, *, #2171, .F. ) ;
#8 = ORIENTED_EDGE ( 'NONE', *, *, #486, .T. ) ;
#9 = CARTESIAN_POINT ( 'NONE',  ( 2.249999847482007042E-07, 0.4612158902330139032, -0.1624900881918141249 ) ) ;
#10 = EDGE_CURVE ( 'NONE', #958, #723, #1514, .T. ) ;
#11 = VECTOR ( 'NONE', #1842, 1000.000000000000000 ) ;
#12 = CARTESIAN_POINT ( 'NONE',  ( 0.3902006371179305155, -0.3339942165360473281, -0.01344048361847528447 ) ) ;
#13 = CARTESIAN_POINT ( 'NONE',  ( -0.4418638144163722359, -0.2694511578216609027, 0.4225552292932425735 ) ) ;
#14 = EDGE_CURVE ( 'NONE', #1882, #1057, #1905, .T. ) ;
#15 = VECTOR ( 'NONE', #692, 1000.000000000000000 ) ;
#16 = CARTESIAN_POINT ( 'NONE',  ( -0.4156731723765385023, 0.8620575981433182822, -0.1624900881918141249 ) ) ;
#17 = VECTOR ( 'NONE', #2161, 1000.000000000000000 ) ;
#18 = ORIENTED_EDGE ( 'NONE', *, *, #770, .F. ) ;
#19 = LOCAL_TIME ( 9, 57, 46.00000000000000000, #1884 ) ;
#20 = APPROVAL_DATE_TIME ( #2446, #2263 ) ;
#21 = ORIENTED_EDGE ( 'NONE', *, *, #2156, .T. ) ;
#22 = ORIENTED_EDGE ( 'NONE', *, *, #1546, .T. ) ;
#23 = EDGE_CURVE ( 'NONE', #1344, #1809, #1157, .T. ) ;
#24 = DIRECTION ( 'NONE',  ( 0.000000000000000000, 0.000000000000000000, -1.000000000000000000 ) ) ;
#25 = CARTESIAN_POINT ( 'NONE',  ( -0.3898597861954784527, -0.3799597177910607471, 0.03252501763653810329 ) ) ;
#26 = ADVANCED_FACE ( 'NONE', ( #784 ), #180, .F. ) ;
#27 = DIRECTION ( 'NONE',  ( 1.000000000000000000, 0.000000000000000000, 0.000000000000000000 ) ) ;
#28 = ORIENTED_EDGE ( 'NONE', *, *, #1591, .T. ) ;
#29 = CARTESIAN_POINT ( 'NONE',  ( -0.5328708638029371336, 0.01614254479658472005, -0.4225102292962838457 ) ) ;
#30 = ORIENTED_EDGE ( 'NONE', *, *, #536, .F. ) ;
#31 = VERTEX_POINT ( 'NONE', #561 ) ;
#32 = ORIENTED_EDGE ( 'NONE', *, *, #1986, .F. ) ;
#33 = DIRECTION ( 'NONE',  ( -1.000000000000000000, 0.000000000000000000, 0.000000000000000000 ) ) ;
#34 = CARTESIAN_POINT ( 'NONE',  ( 0.2439393077466658344, -0.3339942165360473281, -0.01344048361847528447 ) ) ;
#35 = DIRECTION ( 'NONE',  ( 0.000000000000000000, 0.7071067811865479058, -0.7071067811865472397 ) ) ;
#36 = EDGE_CURVE ( 'NONE', #539, #2235, #2105, .T. ) ;
#37 = ORIENTED_EDGE ( 'NONE', *, *, #2283, .F. ) ;
#38 = VECTOR ( 'NONE', #1667, 1000.000000000000000 ) ;
#39 = ORIENTED_EDGE ( 'NONE', *, *, #2100, .F. ) ;
#40 = VERTEX_POINT ( 'NONE', #1917 ) ;
#41 = CIRCLE ( 'NONE', #2099, 0.04550352469328229621 ) ;
#42 = AXIS2_PLACEMENT_3D ( 'NONE', #474, #650, #1602 ) ;
#43 = ORIENTED_EDGE ( 'NONE', *, *, #304, .F. ) ;
#44 = CARTESIAN_POINT ( 'NONE',  ( -0.4387840085655689282, 0.7374869618097367185, -0.4225102292962838457 ) ) ;
#45 = DIRECTION ( 'NONE',  ( -0.7071067811865477948, 0.000000000000000000, -0.7071067811865471286 ) ) ;
#46 = CARTESIAN_POINT ( 'NONE',  ( -0.3765301531753098008, 0.8390414792863795101, -0.4225102292962838457 ) ) ;
#47 = DIRECTION ( 'NONE',  ( -1.000000000000000000, 0.000000000000000000, 0.000000000000000000 ) ) ;
#48 = CARTESIAN_POINT ( 'NONE',  ( 0.3902006371179305155, -0.3799597177910607471, -0.03248001763957929916 ) ) ;
#49 = AXIS2_PLACEMENT_3D ( 'NONE', #2392, #2045, #880 ) ;
#50 = EDGE_CURVE ( 'NONE', #925, #848, #507, .T. ) ;
#51 = CARTESIAN_POINT ( 'NONE',  ( -0.3884720984681013789, 0.1384000855818319498, 0.2925451587410076160 ) ) ;
#52 = VERTEX_POINT ( 'NONE', #229 ) ;
#53 = CIRCLE ( 'NONE', #368, 0.04550352469328226152 ) ;
#54 = ORIENTED_EDGE ( 'NONE', *, *, #773, .T. ) ;
#55 = EDGE_CURVE ( 'NONE', #1822, #1916, #1780, .T. ) ;
#56 = CIRCLE ( 'NONE', #2077, 0.04550352469328226152 ) ;
#57 = ORIENTED_EDGE ( 'NONE', *, *, #10, .F. ) ;
#58 = CARTESIAN_POINT ( 'NONE',  ( -0.3898597861954784527, -0.8024924470858240122, -0.4225102292962838457 ) ) ;
#59 = DIRECTION ( 'NONE',  ( 1.000000000000000000, 0.000000000000000000, 0.000000000000000000 ) ) ;
#60 = CARTESIAN_POINT ( 'NONE',  ( -0.4873673391096551843, 0.5821148042954770174, -0.4225102292962838457 ) ) ;
#61 = CARTESIAN_POINT ( 'NONE',  ( -0.2647434724340297363, 0.7836954205629942383, -0.1624900881918141249 ) ) ;
#62 = CARTESIAN_POINT ( 'NONE',  ( 0.3902006429298331414, 0.2375881115201517180, 0.2925451587410076160 ) ) ;
#63 = DIRECTION ( 'NONE',  ( -0.000000000000000000, 1.000000000000000000, 0.000000000000000000 ) ) ;
#64 = CARTESIAN_POINT ( 'NONE',  ( -0.4418638144163722359, -0.2694511578216609027, -0.2274951234679316037 ) ) ;
#65 = ORIENTED_EDGE ( 'NONE', *, *, #1761, .T. ) ;
#66 = EDGE_LOOP ( 'NONE', ( #57, #2422, #336, #359 ) ) ;
#67 = EDGE_CURVE ( 'NONE', #723, #976, #2220, .T. ) ;
#68 = EDGE_LOOP ( 'NONE', ( #1357, #2248, #1696, #824 ) ) ;
#69 = ADVANCED_FACE ( 'NONE', ( #654 ), #1554, .F. ) ;
#70 = CARTESIAN_POINT ( 'NONE',  ( 0.0001704254612256916272, -0.08743705904853210642, 0.2925451587410076160 ) ) ;
#71 = DIRECTION ( 'NONE',  ( -1.000000000000000000, 0.000000000000000000, 0.000000000000000000 ) ) ;
#72 = DIRECTION ( 'NONE',  ( -0.000000000000000000, 1.000000000000000000, 0.000000000000000000 ) ) ;
#73 = FACE_OUTER_BOUND ( 'NONE', #619, .T. ) ;
#74 = DIRECTION ( 'NONE',  ( 0.000000000000000000, -1.000000000000000000, 0.000000000000000000 ) ) ;
#75 = DIRECTION ( 'NONE',  ( 0.9905827575275433228, 0.1369153040720000880, 0.000000000000000000 ) ) ;
#76 = CARTESIAN_POINT ( 'NONE',  ( -0.4873673391096551843, -0.8999999999999999112, 0.4225552292932425735 ) ) ;
#77 = VERTEX_POINT ( 'NONE', #48 ) ;
#78 = ORIENTED_EDGE ( 'NONE', *, *, #1074, .T. ) ;
#79 = AXIS2_PLACEMENT_3D ( 'NONE', #916, #1641, #2388 ) ;
#80 = ORIENTED_EDGE ( 'NONE', *, *, #593, .T. ) ;
#81 = CARTESIAN_POINT ( 'NONE',  ( -0.5523723743857725799, 0.5821148042954770174, -0.1624900881918141249 ) ) ;
#82 = ADVANCED_FACE ( 'NONE', ( #421 ), #1581, .F. ) ;
#83 = DIRECTION ( 'NONE',  ( 1.000000000000000000, 0.000000000000000000, 0.000000000000000000 ) ) ;
#84 = LINE ( 'NONE', #60, #400 ) ;
#85 = DIRECTION ( 'NONE',  ( 0.000000000000000000, 0.000000000000000000, -1.000000000000000000 ) ) ;
#86 = EDGE_CURVE ( 'NONE', #2059, #324, #1566, .T. ) ;
#87 = LINE ( 'NONE', #1803, #2070 ) ;
#88 = CARTESIAN_POINT ( 'NONE',  ( 0.2439393077466658344, -0.3799597177910607471, 0.03252501763653810329 ) ) ;
#89 = DIRECTION ( 'NONE',  ( 0.000000000000000000, 0.000000000000000000, 1.000000000000000000 ) ) ;
#90 = ORIENTED_EDGE ( 'NONE', *, *, #1102, .F. ) ;
#91 = ORIENTED_EDGE ( 'NONE', *, *, #1359, .F. ) ;
#92 = VECTOR ( 'NONE', #389, 1000.000000000000000 ) ;
#93 = ORIENTED_EDGE ( 'NONE', *, *, #770, .T. ) ;
#94 = AXIS2_PLACEMENT_3D ( 'NONE', #1283, #2043, #340 ) ;
#95 = PLANE ( 'NONE',  #1267 ) ;
#96 = PLANE ( 'NONE',  #1693 ) ;
#97 = DIRECTION ( 'NONE',  ( 0.000000000000000000, 0.000000000000000000, 1.000000000000000000 ) ) ;
#98 = EDGE_CURVE ( 'NONE', #834, #1996, #437, .T. ) ;
#99 = DIRECTION ( 'NONE',  ( 0.000000000000000000, 0.000000000000000000, 1.000000000000000000 ) ) ;
#100 = DIRECTION ( 'NONE',  ( 0.000000000000000000, 0.7071067811865479058, -0.7071067811865472397 ) ) ;
#101 = CARTESIAN_POINT ( 'NONE',  ( -0.5064068731307591609, 0.5444171096108865182, -0.1434505541707101761 ) ) ;
#102 = ADVANCED_FACE ( 'NONE', ( #831 ), #1926, .T. ) ;
#103 = DIRECTION ( 'NONE',  ( 0.000000000000000000, 0.000000000000000000, 1.000000000000000000 ) ) ;
#104 = ORIENTED_EDGE ( 'NONE', *, *, #2040, .T. ) ;
#105 = ORIENTED_EDGE ( 'NONE', *, *, #1579, .F. ) ;
#106 = DIRECTION ( 'NONE',  ( 1.000000000000000000, 0.000000000000000000, 0.000000000000000000 ) ) ;
#107 = VERTEX_POINT ( 'NONE', #794 ) ;
#108 = LINE ( 'NONE', #2186, #1378 ) ;
#109 = DIRECTION ( 'NONE',  ( 0.000000000000000000, 0.000000000000000000, 1.000000000000000000 ) ) ;
#110 = DIRECTION ( 'NONE',  ( 0.000000000000000000, 0.000000000000000000, 1.000000000000000000 ) ) ;
#111 = CARTESIAN_POINT ( 'NONE',  ( 0.4540222516184465595, 0.8859861077963983034, -0.4225102292962838457 ) ) ;
#112 = FACE_OUTER_BOUND ( 'NONE', #2239, .T. ) ;
#113 = LINE ( 'NONE', #1049, #2214 ) ;
#114 = DIRECTION ( 'NONE',  ( 0.000000000000000000, -1.000000000000000000, 0.000000000000000000 ) ) ;
#115 = EDGE_CURVE ( 'NONE', #988, #1150, #863, .T. ) ;
#116 = ORIENTED_EDGE ( 'NONE', *, *, #1135, .T. ) ;
#117 = ORIENTED_EDGE ( 'NONE', *, *, #1943, .T. ) ;
#118 = B_SPLINE_SURFACE_WITH_KNOTS ( 'NONE', 5, 1, ( 
 ( #1616, #2391 ),
 ( #137, #2243 ),
 ( #1255, #517 ),
 ( #2001, #302 ),
 ( #293, #1812 ),
 ( #2429, #2376 ) ),
 .UNSPECIFIED., .F., .F., .F.,
 ( 6, 6 ),
 ( 2, 2 ),
 ( 0.9577671605133679655, 1.000000000000000000 ),
 ( 0.000000000000000000, 0.4000000000000000222 ),
 .UNSPECIFIED. ) ;
#119 = LINE ( 'NONE', #671, #1675 ) ;
#120 = ORIENTED_EDGE ( 'NONE', *, *, #690, .F. ) ;
#121 = CIRCLE ( 'NONE', #1617, 0.1625125881902936276 ) ;
#122 = CARTESIAN_POINT ( 'NONE',  ( -0.3765301531753421638, 0.8390414792863976068, -0.4225102292962838457 ) ) ;
#123 = DIRECTION ( 'NONE',  ( 0.000000000000000000, 0.7071067811865479058, -0.7071067811865472397 ) ) ;
#124 = AXIS2_PLACEMENT_3D ( 'NONE', #1830, #2193, #139 ) ;
#125 = FACE_OUTER_BOUND ( 'NONE', #1845, .T. ) ;
#126 = DIRECTION ( 'NONE',  ( -1.000000000000000000, 0.000000000000000000, 0.000000000000000000 ) ) ;
#127 = LINE ( 'NONE', #305, #5 ) ;
#128 = CARTESIAN_POINT ( 'NONE',  ( -0.3870844049288208466, -0.01430639823750253989, 0.4225552292932425735 ) ) ;
#129 = ORIENTED_EDGE ( 'NONE', *, *, #1226, .T. ) ;
#130 = ADVANCED_FACE ( 'NONE', ( #642 ), #1767, .T. ) ;
#131 = LINE ( 'NONE', #898, #1874 ) ;
#132 = ORIENTED_EDGE ( 'NONE', *, *, #36, .F. ) ;
#133 = EDGE_CURVE ( 'NONE', #823, #310, #2164, .T. ) ;
#134 = DIRECTION ( 'NONE',  ( 1.000000000000000000, 0.000000000000000000, 0.000000000000000000 ) ) ;
#135 = CARTESIAN_POINT ( 'NONE',  ( 0.4877081900321063035, 0.5821148042954770174, -0.4225102292962838457 ) ) ;
#136 = LINE ( 'NONE', #877, #245 ) ;
#137 = CARTESIAN_POINT ( 'NONE',  ( -0.4233430454951532251, 0.8666596329799808318, -0.4225102292962838457 ) ) ;
#138 = DIRECTION ( 'NONE',  ( -1.000000000000000000, 0.000000000000000000, 0.000000000000000000 ) ) ;
#139 = DIRECTION ( 'NONE',  ( 0.7071067811865444641, -0.7071067811865504593, 0.000000000000000000 ) ) ;
#140 = CARTESIAN_POINT ( 'NONE',  ( 0.4233434745068038740, 0.8666600084197794152, -0.1624900881918141249 ) ) ;
#141 = ORIENTED_EDGE ( 'NONE', *, *, #2449, .T. ) ;
#142 = CARTESIAN_POINT ( 'NONE',  ( -0.4156731723765385023, 0.8620575981433182822, -0.4225102292962838457 ) ) ;
#143 = ORIENTED_EDGE ( 'NONE', *, *, #1089, .F. ) ;
#144 = EDGE_CURVE ( 'NONE', #371, #169, #1380, .T. ) ;
#145 = VERTEX_POINT ( 'NONE', #268 ) ;
#146 = CARTESIAN_POINT ( 'NONE',  ( 0.3902006429298331414, 0.3642372302121963945, 0.4225552292932425735 ) ) ;
#147 = CARTESIAN_POINT ( 'NONE',  ( -0.4877958568350429513, 0.02237267371631322319, -0.4225102292962838457 ) ) ;
#148 = DIRECTION ( 'NONE',  ( -0.9906148611783176516, 0.1366828329113149165, 0.000000000000000000 ) ) ;
#149 = EDGE_CURVE ( 'NONE', #1453, #2116, #984, .T. ) ;
#150 = CARTESIAN_POINT ( 'NONE',  ( -0.3884720984681013789, 0.4942473027017325604, 0.4225552292932425735 ) ) ;
#151 = DIRECTION ( 'NONE',  ( 0.000000000000000000, 0.000000000000000000, 1.000000000000000000 ) ) ;
#152 = B_SPLINE_SURFACE_WITH_KNOTS ( 'NONE', 5, 1, ( 
 ( #1497, #1309 ),
 ( #1448, #306 ),
 ( #1051, #868 ),
 ( #694, #2207 ),
 ( #505, #140 ),
 ( #1259, #319 ) ),
 .UNSPECIFIED., .F., .F., .F.,
 ( 6, 6 ),
 ( 2, 2 ),
 ( 0.000000000000000000, 0.04223198036580479847 ),
 ( 0.000000000000000000, 0.4000000000000000222 ),
 .UNSPECIFIED. ) ;
#153 = CARTESIAN_POINT ( 'NONE',  ( 0.3902006429298331414, 0.1075780390306160378, 0.2925451587410076160 ) ) ;
#154 = ORIENTED_EDGE ( 'NONE', *, *, #1074, .F. ) ;
#155 = DIRECTION ( 'NONE',  ( 0.000000000000000000, 0.000000000000000000, -1.000000000000000000 ) ) ;
#156 = ORIENTED_EDGE ( 'NONE', *, *, #1684, .F. ) ;
#157 = ORIENTED_EDGE ( 'NONE', *, *, #1759, .T. ) ;
#158 = LINE ( 'NONE', #1059, #2375 ) ;
#159 = DIRECTION ( 'NONE',  ( 1.000000000000000000, 0.000000000000000000, 0.000000000000000000 ) ) ;
#160 = CARTESIAN_POINT ( 'NONE',  ( 0.4422046653388243542, -0.2694511578216609027, 0.4225552292932425735 ) ) ;
#161 = ADVANCED_FACE ( 'NONE', ( #1978 ), #282, .F. ) ;
#162 = DIRECTION ( 'NONE',  ( 0.000000000000000000, 0.000000000000000000, -1.000000000000000000 ) ) ;
#163 = DIRECTION ( 'NONE',  ( 0.000000000000000000, 0.000000000000000000, -1.000000000000000000 ) ) ;
#164 = VECTOR ( 'NONE', #173, 1000.000000000000000 ) ;
#165 = ADVANCED_FACE ( 'NONE', ( #2378 ), #295, .T. ) ;
#166 = CARTESIAN_POINT ( 'NONE',  ( 0.4422046653388243542, 0.5821148042954770174, -0.4225102292962838457 ) ) ;
#167 = ORIENTED_EDGE ( 'NONE', *, *, #226, .F. ) ;
#168 = DATE_TIME_ROLE ( 'creation_date' ) ;
#169 = VERTEX_POINT ( 'NONE', #1039 ) ;
#170 = DIRECTION ( 'NONE',  ( 0.000000000000000000, 0.000000000000000000, -1.000000000000000000 ) ) ;
#171 = DIRECTION ( 'NONE',  ( 0.000000000000000000, 0.000000000000000000, 1.000000000000000000 ) ) ;
#172 = AXIS2_PLACEMENT_3D ( 'NONE', #738, #2452, #1163 ) ;
#173 = DIRECTION ( 'NONE',  ( 1.000000000000000000, 0.000000000000000000, 0.000000000000000000 ) ) ;
#174 = DIRECTION ( 'NONE',  ( 0.000000000000000000, 1.000000000000000000, 0.000000000000000000 ) ) ;
#175 = AXIS2_PLACEMENT_3D ( 'NONE', #238, #981, #1751 ) ;
#176 = CC_DESIGN_PERSON_AND_ORGANIZATION_ASSIGNMENT ( #360, #583, ( #605 ) ) ;
#177 = APPROVAL_PERSON_ORGANIZATION ( #1334, #1036, #2088 ) ;
#178 = DIRECTION ( 'NONE',  ( 0.000000000000000000, 0.000000000000000000, 1.000000000000000000 ) ) ;
#179 = EDGE_CURVE ( 'NONE', #1832, #753, #493, .T. ) ;
#180 = CYLINDRICAL_SURFACE ( 'NONE', #235, 0.04550352469328219907 ) ;
#181 = VERTEX_POINT ( 'NONE', #1247 ) ;
#182 = ORIENTED_EDGE ( 'NONE', *, *, #747, .F. ) ;
#183 = PLANE ( 'NONE',  #1012 ) ;
#184 = CARTESIAN_POINT ( 'NONE',  ( -0.3898597861954784527, 0.6276183289887590222, -0.1624900881918141249 ) ) ;
#185 = LINE ( 'NONE', #1690, #2190 ) ;
#186 = CARTESIAN_POINT ( 'NONE',  ( 2.391657465572709872E-07, 0.7274476684246398150, -0.1624900881918141249 ) ) ;
#187 = ORIENTED_EDGE ( 'NONE', *, *, #1579, .T. ) ;
#188 = ORIENTED_EDGE ( 'NONE', *, *, #1303, .F. ) ;
#189 = EDGE_CURVE ( 'NONE', #1796, #333, #1619, .T. ) ;
#190 = COORDINATED_UNIVERSAL_TIME_OFFSET ( 8, 0, .AHEAD. ) ;
#191 = VERTEX_POINT ( 'NONE', #2003 ) ;
#192 = VERTEX_POINT ( 'NONE', #867 ) ;
#193 = EDGE_CURVE ( 'NONE', #1437, #1084, #127, .T. ) ;
#194 = FACE_BOUND ( 'NONE', #1396, .T. ) ;
#195 = CARTESIAN_POINT ( 'NONE',  ( -0.3870844049288208466, 0.2375881115201517180, 0.4225552292932425735 ) ) ;
#196 = CYLINDRICAL_SURFACE ( 'NONE', #1233, 0.04550352469328226845 ) ;
#197 = VECTOR ( 'NONE', #1145, 1000.000000000000000 ) ;
#198 = DIRECTION ( 'NONE',  ( -1.000000000000000000, 0.000000000000000000, 0.000000000000000000 ) ) ;
#199 = CIRCLE ( 'NONE', #2417, 0.06500503527611739552 ) ;
#200 = ORIENTED_EDGE ( 'NONE', *, *, #486, .F. ) ;
#201 = AXIS2_PLACEMENT_3D ( 'NONE', #70, #1572, #812 ) ;
#202 = ORIENTED_EDGE ( 'NONE', *, *, #1954, .F. ) ;
#203 = EDGE_CURVE ( 'NONE', #481, #77, #113, .T. ) ;
#204 = CARTESIAN_POINT ( 'NONE',  ( -0.4890733391005598341, 0.02848546136669889012, -0.1122798744154877293 ) ) ;
#205 = ORIENTED_EDGE ( 'NONE', *, *, #1596, .F. ) ;
#206 = EDGE_CURVE ( 'NONE', #1422, #2129, #1435, .T. ) ;
#207 = LINE ( 'NONE', #2277, #164 ) ;
#208 = CARTESIAN_POINT ( 'NONE',  ( 0.5526579164910245812, 0.5821610788804091330, -0.1624900881918141526 ) ) ;
#209 = VECTOR ( 'NONE', #343, 1000.000000000000000 ) ;
#210 = CARTESIAN_POINT ( 'NONE',  ( 0.5527132253082238655, -0.2193920548834955020, -0.1624900881918141249 ) ) ;
#211 = ORIENTED_EDGE ( 'NONE', *, *, #2113, .T. ) ;
#212 = AXIS2_PLACEMENT_3D ( 'NONE', #2007, #2182, #469 ) ;
#213 = PERSON_AND_ORGANIZATION_ROLE ( 'classification_officer' ) ;
#214 = ORIENTED_EDGE ( 'NONE', *, *, #355, .T. ) ;
#215 = ORIENTED_EDGE ( 'NONE', *, *, #1534, .F. ) ;
#216 = LINE ( 'NONE', #1715, #2 ) ;
#217 = EDGE_CURVE ( 'NONE', #1000, #1057, #854, .T. ) ;
#218 = CARTESIAN_POINT ( 'NONE',  ( -0.3898597861954784527, 0.2457137467415696774, -0.4225102292962838457 ) ) ;
#219 = CARTESIAN_POINT ( 'NONE',  ( 0.3765305597615710709, 0.8390417165080069628, -0.1624900881918141249 ) ) ;
#220 = ORIENTED_EDGE ( 'NONE', *, *, #1853, .T. ) ;
#221 = ORIENTED_EDGE ( 'NONE', *, *, #889, .T. ) ;
#222 = ORIENTED_EDGE ( 'NONE', *, *, #2023, .T. ) ;
#223 = EDGE_LOOP ( 'NONE', ( #1502, #2290, #2399, #844 ) ) ;
#224 = CARTESIAN_POINT ( 'NONE',  ( -0.5096886238514558576, 0.6142593272168680452, -0.1624900881918141249 ) ) ;
#225 = CARTESIAN_POINT ( 'NONE',  ( -0.4418638144163722359, -0.8544964753067179064, -0.03248001763957929916 ) ) ;
#226 = EDGE_CURVE ( 'NONE', #297, #411, #693, .T. ) ;
#227 = CARTESIAN_POINT ( 'NONE',  ( -0.3765301531753098008, 0.8390414792863795101, -0.1624900881918141249 ) ) ;
#228 = DIRECTION ( 'NONE',  ( 0.000000000000000000, 0.000000000000000000, 1.000000000000000000 ) ) ;
#229 = CARTESIAN_POINT ( 'NONE',  ( -0.4873673391096551843, -0.2694511578216609027, 0.4225552292932425735 ) ) ;
#230 = EDGE_CURVE ( 'NONE', #1796, #1522, #1258, .T. ) ;
#231 = CIRCLE ( 'NONE', #2058, 0.08125629409514681378 ) ;
#232 = ORIENTED_EDGE ( 'NONE', *, *, #491, .T. ) ;
#233 = ORIENTED_EDGE ( 'NONE', *, *, #799, .T. ) ;
#234 = AXIS2_PLACEMENT_3D ( 'NONE', #1505, #1700, #2315 ) ;
#235 = AXIS2_PLACEMENT_3D ( 'NONE', #29, #923, #592 ) ;
#236 = ORIENTED_EDGE ( 'NONE', *, *, #262, .T. ) ;
#237 = FACE_OUTER_BOUND ( 'NONE', #1056, .T. ) ;
#238 = CARTESIAN_POINT ( 'NONE',  ( 0.5200407526606855013, 0.7374872901565129313, -0.4225102292962838457 ) ) ;
#239 = EDGE_LOOP ( 'NONE', ( #167, #1326, #21, #1506 ) ) ;
#240 = CIRCLE ( 'NONE', #1108, 0.06500503527611749266 ) ;
#241 = CARTESIAN_POINT ( 'NONE',  ( 0.2647438347002905590, 0.7836954498049245599, -0.4225102292962838457 ) ) ;
#242 = CARTESIAN_POINT ( 'NONE',  ( -0.4873673391096551843, 0.02243190211922137939, -0.1624900881918141249 ) ) ;
#243 = CC_DESIGN_DATE_AND_TIME_ASSIGNMENT ( #1146, #168, ( #2153 ) ) ;
#244 = CARTESIAN_POINT ( 'NONE',  ( -0.1941508365034379235, 0.4942473027017325604, 0.2925451587410076160 ) ) ;
#245 = VECTOR ( 'NONE', #2029, 1000.000000000000000 ) ;
#246 = DIRECTION ( 'NONE',  ( 0.000000000000000000, 0.000000000000000000, -1.000000000000000000 ) ) ;
#247 = EDGE_CURVE ( 'NONE', #942, #2318, #622, .T. ) ;
#248 = EDGE_LOOP ( 'NONE', ( #120, #326, #2120, #2423 ) ) ;
#249 = ORIENTED_EDGE ( 'NONE', *, *, #380, .F. ) ;
#250 = ORIENTED_EDGE ( 'NONE', *, *, #520, .T. ) ;
#251 = CC_DESIGN_SECURITY_CLASSIFICATION ( #2308, ( #605 ) ) ;
#252 = CARTESIAN_POINT ( 'NONE',  ( -0.4630052259739476650, 0.6276183289887590222, -0.1624900881918141249 ) ) ;
#253 = DIRECTION ( 'NONE',  ( 0.000000000000000000, 0.000000000000000000, 1.000000000000000000 ) ) ;
#254 = CARTESIAN_POINT ( 'NONE',  ( 0.3902006429298331414, 0.4942473027017325604, 0.4225552292932425735 ) ) ;
#255 = DIRECTION ( 'NONE',  ( 0.000000000000000000, 0.000000000000000000, -1.000000000000000000 ) ) ;
#256 = CARTESIAN_POINT ( 'NONE',  ( 0.4877186556002721662, 0.01837810359807020080, -0.1001440567656505659 ) ) ;
#257 = DIRECTION ( 'NONE',  ( 1.000000000000000000, 0.000000000000000000, 0.000000000000000000 ) ) ;
#258 = DIRECTION ( 'NONE',  ( 0.000000000000000000, 1.000000000000000000, 0.000000000000000000 ) ) ;
#259 = ORIENTED_EDGE ( 'NONE', *, *, #14, .F. ) ;
#260 = ADVANCED_FACE ( 'NONE', ( #2334 ), #96, .F. ) ;
#261 = ORIENTED_EDGE ( 'NONE', *, *, #1492, .T. ) ;
#262 = EDGE_CURVE ( 'NONE', #753, #2158, #1864, .T. ) ;
#263 = CARTESIAN_POINT ( 'NONE',  ( -0.5203553156207731956, 0.6070754287744334343, -0.1624900881918141249 ) ) ;
#264 = CARTESIAN_POINT ( 'NONE',  ( 0.1951855341955293643, -0.1524421059484533936, 0.2925451587410076160 ) ) ;
#265 = CARTESIAN_POINT ( 'NONE',  ( 0.6825533408509790734, 0.7374872901565129313, -0.4225102292962838457 ) ) ;
#266 = CARTESIAN_POINT ( 'NONE',  ( 0.3297176392001921474, 0.8138281403716941531, -0.1624900881918141249 ) ) ;
#267 = DIRECTION ( 'NONE',  ( -1.000000000000000000, 0.000000000000000000, 0.000000000000000000 ) ) ;
#268 = CARTESIAN_POINT ( 'NONE',  ( -0.4873673391096551843, -0.8544964753067179064, -0.4225102292962838457 ) ) ;
#269 = CARTESIAN_POINT ( 'NONE',  ( 0.4422046653388243542, -0.3799597177910607471, -0.03248001763957929916 ) ) ;
#270 = CIRCLE ( 'NONE', #1260, 0.04550352469328226845 ) ;
#271 = ORIENTED_EDGE ( 'NONE', *, *, #1441, .F. ) ;
#272 = ORIENTED_EDGE ( 'NONE', *, *, #2020, .T. ) ;
#273 = EDGE_LOOP ( 'NONE', ( #1343, #78, #157, #1931 ) ) ;
#274 = EDGE_CURVE ( 'NONE', #607, #345, #1050, .T. ) ;
#275 = VECTOR ( 'NONE', #296, 1000.000000000000000 ) ;
#276 = CARTESIAN_POINT ( 'NONE',  ( -0.4890733391005598341, 0.02848546136669889012, -0.1122798744154877293 ) ) ;
#277 = CARTESIAN_POINT ( 'NONE',  ( -0.6764595428371140695, 0.6934054452632493204, -0.4225102292962838457 ) ) ;
#278 = FACE_OUTER_BOUND ( 'NONE', #1760, .T. ) ;
#279 = EDGE_CURVE ( 'NONE', #181, #191, #1101, .T. ) ;
#280 = CARTESIAN_POINT ( 'NONE',  ( 0.3902006429298331414, 0.4942473027017325604, 0.4225552292932425735 ) ) ;
#281 = DIRECTION ( 'NONE',  ( 1.000000000000000000, 0.000000000000000000, 0.000000000000000000 ) ) ;
#282 = CYLINDRICAL_SURFACE ( 'NONE', #1177, 0.08125629409514681378 ) ;
#283 = DIRECTION ( 'NONE',  ( 1.000000000000000000, 0.000000000000000000, 0.000000000000000000 ) ) ;
#284 = EDGE_LOOP ( 'NONE', ( #1702, #1919, #1133, #1732, #1399, #1557 ) ) ;
#285 = CIRCLE ( 'NONE', #1149, 0.06500503527611747878 ) ;
#286 = DIRECTION ( 'NONE',  ( 0.000000000000000000, 0.000000000000000000, 1.000000000000000000 ) ) ;
#287 = AXIS2_PLACEMENT_3D ( 'NONE', #313, #543, #2201 ) ;
#288 = ORIENTED_EDGE ( 'NONE', *, *, #2040, .F. ) ;
#289 = CARTESIAN_POINT ( 'NONE',  ( -0.3884720984681013789, 0.3642372302121963945, 0.2925451587410076160 ) ) ;
#290 = FACE_OUTER_BOUND ( 'NONE', #575, .T. ) ;
#291 = LINE ( 'NONE', #1171, #1277 ) ;
#292 = EDGE_CURVE ( 'NONE', #2062, #349, #1948, .T. ) ;
#293 = CARTESIAN_POINT ( 'NONE',  ( -0.4463526661843255083, 0.8810170044316266713, -0.4225102292962838457 ) ) ;
#294 = CARTESIAN_POINT ( 'NONE',  ( 0.4981142762303255034, 0.05942328220601086203, -0.1348171063478250387 ) ) ;
#295 = CYLINDRICAL_SURFACE ( 'NONE', #124, 0.04550352469328226152 ) ;
#296 = DIRECTION ( 'NONE',  ( 0.000000000000000000, 0.000000000000000000, -1.000000000000000000 ) ) ;
#297 = VERTEX_POINT ( 'NONE', #2321 ) ;
#298 = FACE_OUTER_BOUND ( 'NONE', #1714, .T. ) ;
#299 = ORIENTED_EDGE ( 'NONE', *, *, #23, .T. ) ;
#300 = CARTESIAN_POINT ( 'NONE',  ( 0.3902006429298331414, -0.1524421059484533936, 0.4225552292932425735 ) ) ;
#301 = CARTESIAN_POINT ( 'NONE',  ( -0.1934569897337972688, 0.2375881115201517180, 0.2925451587410076160 ) ) ;
#302 = CARTESIAN_POINT ( 'NONE',  ( -0.4386827923995291201, 0.8761395356272105861, -0.1624900881918141249 ) ) ;
#303 = CARTESIAN_POINT ( 'NONE',  ( 0.5200407526606855013, 0.7374872901565129313, -0.4225102292962838457 ) ) ;
#304 = EDGE_CURVE ( 'NONE', #31, #1184, #1950, .T. ) ;
#305 = CARTESIAN_POINT ( 'NONE',  ( -0.3884720984681013789, 0.3642372302121963945, 0.4225552292932425735 ) ) ;
#306 = CARTESIAN_POINT ( 'NONE',  ( 0.4463525576730554834, 0.8810171037705474273, -0.1624900881918141249 ) ) ;
#307 = ADVANCED_FACE ( 'NONE', ( #2358 ), #1217, .F. ) ;
#308 = EDGE_LOOP ( 'NONE', ( #1322, #617, #633, #1758, #2304, #1251, #525, #232, #454, #721, #288, #2447, #1968, #1164, #1513, #809 ) ) ;
#309 =( LENGTH_UNIT ( ) NAMED_UNIT ( * ) SI_UNIT ( .MILLI., .METRE. ) );
#310 = VERTEX_POINT ( 'NONE', #635 ) ;
#311 = CARTESIAN_POINT ( 'NONE',  ( 0.4422046653388243542, -0.8999999999999999112, -0.4225102292962838457 ) ) ;
#312 = DIRECTION ( 'NONE',  ( 0.000000000000000000, 0.000000000000000000, -1.000000000000000000 ) ) ;
#313 = CARTESIAN_POINT ( 'NONE',  ( -0.4418638144163722359, 0.5821148042954770174, 0.4225552292932425735 ) ) ;
#314 = CLOSED_SHELL ( 'NONE', ( #406, #1148, #1397, #322, #757, #973, #1346, #130, #1924, #2036, #69, #609, #953, #2319, #2066, #1331, #260, #1212, #2085, #962, #1295, #1375, #1573, #1069, #1392, #307, #2402, #1643, #2406, #1118, #102, #1883, #1881, #456, #1320, #1173, #1526, #2141, #744, #1716, #656, #581, #1507, #1474, #1179, #893, #472, #1511, #1410, #2206, #2137, #161, #2323, #26, #701, #1704, #670, #351, #165, #949, #2168, #1002, #82, #1654 ) ) ;
#315 = AXIS2_PLACEMENT_3D ( 'NONE', #300, #473, #1227 ) ;
#316 = CARTESIAN_POINT ( 'NONE',  ( 0.4422046653388243542, -0.2694511578216609027, -0.2274951234679316037 ) ) ;
#317 = CARTESIAN_POINT ( 'NONE',  ( -0.4873673391096551843, -0.3312177339867276582, -0.02382565222210714095 ) ) ;
#318 = DIRECTION ( 'NONE',  ( 0.000000000000000000, 0.000000000000000000, -1.000000000000000000 ) ) ;
#319 = CARTESIAN_POINT ( 'NONE',  ( 0.4156737796736240109, 0.8620580582757877419, -0.1624900881918141249 ) ) ;
#320 = ORIENTED_EDGE ( 'NONE', *, *, #2266, .F. ) ;
#321 = AXIS2_PLACEMENT_3D ( 'NONE', #1165, #1527, #27 ) ;
#322 = ADVANCED_FACE ( 'NONE', ( #290 ), #487, .T. ) ;
#323 = CARTESIAN_POINT ( 'NONE',  ( -0.4156731723765385023, 0.8620575981433182822, -0.4225102292962838457 ) ) ;
#324 = VERTEX_POINT ( 'NONE', #2346 ) ;
#325 = CIRCLE ( 'NONE', #49, 0.04550352469328219907 ) ;
#326 = ORIENTED_EDGE ( 'NONE', *, *, #2336, .T. ) ;
#327 = CARTESIAN_POINT ( 'NONE',  ( -0.5187606119050122144, 0.1338275866750332221, -0.1558042929449634795 ) ) ;
#328 = CARTESIAN_POINT ( 'NONE',  ( 0.3902006371179305155, -0.8024924470858240122, -0.03248001763957929916 ) ) ;
#329 = VECTOR ( 'NONE', #286, 1000.000000000000000 ) ;
#330 = DIRECTION ( 'NONE',  ( 0.000000000000000000, 0.000000000000000000, -1.000000000000000000 ) ) ;
#331 = CARTESIAN_POINT ( 'NONE',  ( 0.3902006429298331414, -0.1524421059484533936, 0.4225552292932425735 ) ) ;
#332 = CYLINDRICAL_SURFACE ( 'NONE', #1273, 0.04550352469328229621 ) ;
#333 = VERTEX_POINT ( 'NONE', #1034 ) ;
#334 = FACE_OUTER_BOUND ( 'NONE', #375, .T. ) ;
#335 = ORIENTED_EDGE ( 'NONE', *, *, #1257, .T. ) ;
#336 = ORIENTED_EDGE ( 'NONE', *, *, #1022, .T. ) ;
#337 = EDGE_CURVE ( 'NONE', #1408, #481, #1800, .T. ) ;
#338 = DIRECTION ( 'NONE',  ( 0.000000000000000000, 1.000000000000000000, 0.000000000000000000 ) ) ;
#339 = DIRECTION ( 'NONE',  ( 0.000000000000000000, -1.000000000000000000, 0.000000000000000000 ) ) ;
#340 = DIRECTION ( 'NONE',  ( 0.7071067811865474617, -0.7071067811865474617, 0.000000000000000000 ) ) ;
#341 = EDGE_CURVE ( 'NONE', #765, #1522, #1228, .T. ) ;
#342 = CARTESIAN_POINT ( 'NONE',  ( 0.4387844585655386043, 0.7374872901565129313, -0.1624900881918141249 ) ) ;
#343 = DIRECTION ( 'NONE',  ( 0.000000000000000000, 0.000000000000000000, -1.000000000000000000 ) ) ;
#344 = PLANE ( 'NONE',  #638 ) ;
#345 = VERTEX_POINT ( 'NONE', #1999 ) ;
#346 = ORIENTED_EDGE ( 'NONE', *, *, #1761, .F. ) ;
#347 = CALENDAR_DATE ( 2026, 29, 6 ) ;
#348 = ORIENTED_EDGE ( 'NONE', *, *, #418, .T. ) ;
#349 = VERTEX_POINT ( 'NONE', #1974 ) ;
#350 = CARTESIAN_POINT ( 'NONE',  ( -0.4418638144163722359, -0.8544964753067179064, -0.03248001763957929916 ) ) ;
#351 = ADVANCED_FACE ( 'NONE', ( #1004 ), #1018, .T. ) ;
#352 = DIRECTION ( 'NONE',  ( 0.000000000000000000, 0.000000000000000000, -1.000000000000000000 ) ) ;
#353 = VECTOR ( 'NONE', #1494, 1000.000000000000000 ) ;
#354 = DIRECTION ( 'NONE',  ( 0.000000000000000000, 0.000000000000000000, -1.000000000000000000 ) ) ;
#355 = EDGE_CURVE ( 'NONE', #1712, #1697, #121, .T. ) ;
#356 = DIRECTION ( 'NONE',  ( 1.000000000000000000, 0.000000000000000000, 0.000000000000000000 ) ) ;
#357 = VECTOR ( 'NONE', #1219, 1000.000000000000000 ) ;
#358 = LINE ( 'NONE', #1106, #1941 ) ;
#359 = ORIENTED_EDGE ( 'NONE', *, *, #67, .F. ) ;
#360 = PERSON_AND_ORGANIZATION ( #1694, #1520 ) ;
#361 = ORIENTED_EDGE ( 'NONE', *, *, #355, .F. ) ;
#362 = VERTEX_POINT ( 'NONE', #1562 ) ;
#363 = DIRECTION ( 'NONE',  ( 0.000000000000000000, -1.000000000000000000, 0.000000000000000000 ) ) ;
#364 = AXIS2_PLACEMENT_3D ( 'NONE', #818, #1965, #100 ) ;
#365 = VECTOR ( 'NONE', #378, 1000.000000000000000 ) ;
#366 = CARTESIAN_POINT ( 'NONE',  ( -0.4873673391096548513, -0.2694511578216609027, 0.03252501763653810329 ) ) ;
#367 = CARTESIAN_POINT ( 'NONE',  ( 0.5067477240532104465, 0.5821148042954770174, -0.1434505541707101761 ) ) ;
#368 = AXIS2_PLACEMENT_3D ( 'NONE', #225, #2267, #969 ) ;
#369 = EDGE_CURVE ( 'NONE', #362, #774, #826, .T. ) ;
#370 = FACE_OUTER_BOUND ( 'NONE', #538, .T. ) ;
#371 = VERTEX_POINT ( 'NONE', #1574 ) ;
#372 = EDGE_CURVE ( 'NONE', #390, #1280, #1731, .T. ) ;
#373 = DATE_TIME_ROLE ( 'classification_date' ) ;
#374 = ORIENTED_EDGE ( 'NONE', *, *, #1849, .F. ) ;
#375 = EDGE_LOOP ( 'NONE', ( #1345, #2344, #104, #873 ) ) ;
#376 = PLANE ( 'NONE',  #1305 ) ;
#377 = DIRECTION ( 'NONE',  ( 0.000000000000000000, -1.000000000000000000, 0.000000000000000000 ) ) ;
#378 = DIRECTION ( 'NONE',  ( 0.000000000000000000, -1.000000000000000000, 0.000000000000000000 ) ) ;
#379 = PLANE ( 'NONE',  #321 ) ;
#380 = EDGE_CURVE ( 'NONE', #1265, #580, #2042, .T. ) ;
#381 = ORIENTED_EDGE ( 'NONE', *, *, #2221, .F. ) ;
#382 = EDGE_CURVE ( 'NONE', #2079, #2124, #2414, .T. ) ;
#383 = COORDINATED_UNIVERSAL_TIME_OFFSET ( 8, 0, .AHEAD. ) ;
#384 = EDGE_LOOP ( 'NONE', ( #934, #657, #2370, #989 ) ) ;
#385 = CARTESIAN_POINT ( 'NONE',  ( 0.4877081900321063035, -0.2694511578216609027, 0.4225552292932425735 ) ) ;
#386 = CARTESIAN_POINT ( 'NONE',  ( -0.3898597861954784527, -0.8024924470858240122, -0.4225102292962838457 ) ) ;
#387 = CARTESIAN_POINT ( 'NONE',  ( 0.5422236968967959481, 0.5908909218909432770, -0.1624900881918141249 ) ) ;
#388 = CIRCLE ( 'NONE', #589, 0.04550352469328226152 ) ;
#389 = DIRECTION ( 'NONE',  ( 0.000000000000000000, -1.000000000000000000, 0.000000000000000000 ) ) ;
#390 = VERTEX_POINT ( 'NONE', #1824 ) ;
#391 = VECTOR ( 'NONE', #735, 1000.000000000000000 ) ;
#392 = VECTOR ( 'NONE', #1393, 1000.000000000000000 ) ;
#393 = ORIENTED_EDGE ( 'NONE', *, *, #1459, .T. ) ;
#394 = ORIENTED_EDGE ( 'NONE', *, *, #2279, .T. ) ;
#395 = EDGE_CURVE ( 'NONE', #2257, #1639, #736, .T. ) ;
#396 = AXIS2_PLACEMENT_3D ( 'NONE', #1419, #1781, #2352 ) ;
#397 = DIRECTION ( 'NONE',  ( 0.7071067811865474617, -0.7071067811865474617, 0.000000000000000000 ) ) ;
#398 = CARTESIAN_POINT ( 'NONE',  ( 0.5318605332387776885, 0.5995563517963529154, -0.1624900881918141249 ) ) ;
#399 = CARTESIAN_POINT ( 'NONE',  ( 0.4894084016400859771, 0.02847578572932607521, -0.1122550871605869222 ) ) ;
#400 = VECTOR ( 'NONE', #1550, 1000.000000000000000 ) ;
#401 = DIRECTION ( 'NONE',  ( 0.2708000910998030197, 0.9626356063746750458, 0.000000000000000000 ) ) ;
#402 = CIRCLE ( 'NONE', #531, 0.04550352469328229621 ) ;
#403 = ORIENTED_EDGE ( 'NONE', *, *, #785, .F. ) ;
#404 = EDGE_LOOP ( 'NONE', ( #1568, #719, #931, #1875 ) ) ;
#405 = ORIENTED_EDGE ( 'NONE', *, *, #553, .F. ) ;
#406 = ADVANCED_FACE ( 'NONE', ( #711 ), #1468, .F. ) ;
#407 = CARTESIAN_POINT ( 'NONE',  ( 0.5527132253082238655, 0.5821148042954770174, -0.1624900881918141526 ) ) ;
#408 = DIRECTION ( 'NONE',  ( -0.9906148611783176516, 0.1366828329113149165, 0.000000000000000000 ) ) ;
#409 = EDGE_CURVE ( 'NONE', #310, #1265, #2292, .T. ) ;
#410 = CARTESIAN_POINT ( 'NONE',  ( -0.4386827923995291201, 0.8761395356272105861, -0.4225102292962838457 ) ) ;
#411 = VERTEX_POINT ( 'NONE', #529 ) ;
#412 = ORIENTED_EDGE ( 'NONE', *, *, #1898, .F. ) ;
#413 = ORIENTED_EDGE ( 'NONE', *, *, #924, .T. ) ;
#414 = EDGE_CURVE ( 'NONE', #1945, #848, #1863, .T. ) ;
#415 = CARTESIAN_POINT ( 'NONE',  ( 0.6012970467558322873, 0.7374872901565129313, -0.1624900881918141249 ) ) ;
#416 = DIRECTION ( 'NONE',  ( 1.000000000000000000, 0.000000000000000000, 0.000000000000000000 ) ) ;
#417 = ORIENTED_EDGE ( 'NONE', *, *, #2113, .F. ) ;
#418 = EDGE_CURVE ( 'NONE', #390, #297, #1576, .T. ) ;
#419 = CARTESIAN_POINT ( 'NONE',  ( 0.4051826050263991896, 0.8557631712263602530, -0.4225102292962838457 ) ) ;
#420 = CARTESIAN_POINT ( 'NONE',  ( -0.3898597861954784527, -0.3799597177910607471, -0.03248001763957929916 ) ) ;
#421 = FACE_OUTER_BOUND ( 'NONE', #404, .T. ) ;
#422 = AXIS2_PLACEMENT_3D ( 'NONE', #1269, #864, #352 ) ;
#423 = CARTESIAN_POINT ( 'NONE',  ( -0.4418638144163722359, -0.3799597177910607471, -0.03248001763957929916 ) ) ;
#424 = AXIS2_PLACEMENT_3D ( 'NONE', #386, #377, #24 ) ;
#425 = VERTEX_POINT ( 'NONE', #1087 ) ;
#426 = ORIENTED_EDGE ( 'NONE', *, *, #1725, .F. ) ;
#427 = VECTOR ( 'NONE', #1762, 1000.000000000000000 ) ;
#428 = AXIS2_PLACEMENT_3D ( 'NONE', #451, #1417, #1178 ) ;
#429 = VERTEX_POINT ( 'NONE', #1483 ) ;
#430 = DIRECTION ( 'NONE',  ( 0.000000000000000000, 0.000000000000000000, 1.000000000000000000 ) ) ;
#431 = DIRECTION ( 'NONE',  ( -0.7071067811865474617, 0.7071067811865474617, 0.000000000000000000 ) ) ;
#432 = CARTESIAN_POINT ( 'NONE',  ( 0.4877081900321063035, 0.6276183289887590222, -0.4225102292962838457 ) ) ;
#433 = AXIS2_PLACEMENT_3D ( 'NONE', #64, #1567, #1195 ) ;
#434 = CARTESIAN_POINT ( 'NONE',  ( -0.4156731723764836572, 0.8620575981432857526, -0.4225102292962838457 ) ) ;
#435 = FACE_OUTER_BOUND ( 'NONE', #223, .T. ) ;
#436 = EDGE_CURVE ( 'NONE', #1490, #535, #270, .T. ) ;
#437 = LINE ( 'NONE', #1194, #674 ) ;
#438 = VECTOR ( 'NONE', #1254, 1000.000000000000000 ) ;
#439 = LINE ( 'NONE', #1955, #978 ) ;
#440 = ORIENTED_EDGE ( 'NONE', *, *, #2071, .F. ) ;
#441 = EDGE_CURVE ( 'NONE', #1649, #1636, #1500, .T. ) ;
#442 = AXIS2_PLACEMENT_3D ( 'NONE', #2437, #754, #1109 ) ;
#443 = ORIENTED_EDGE ( 'NONE', *, *, #1608, .T. ) ;
#444 = EDGE_LOOP ( 'NONE', ( #1944, #2264 ) ) ;
#445 = PLANE ( 'NONE',  #201 ) ;
#446 = CARTESIAN_POINT ( 'NONE',  ( -0.4873673391096551843, 0.01007049386564397124, -0.03248001763957929916 ) ) ;
#447 = DIRECTION ( 'NONE',  ( 0.000000000000000000, 1.000000000000000000, 0.000000000000000000 ) ) ;
#448 = EDGE_LOOP ( 'NONE', ( #1499, #495, #2198, #2355, #708, #1677 ) ) ;
#449 = CARTESIAN_POINT ( 'NONE',  ( 0.09080470179837525635, 0.7342896302971185785, -0.4225102292962838457 ) ) ;
#450 = CARTESIAN_POINT ( 'NONE',  ( 0.4386828635060367465, 0.8761397306541717223, -0.1624900881918141249 ) ) ;
#451 = CARTESIAN_POINT ( 'NONE',  ( 0.4422046653388243542, -0.2694511578216609027, -0.2274951234679316037 ) ) ;
#452 = EDGE_CURVE ( 'NONE', #1996, #966, #1172, .T. ) ;
#453 = PLANE ( 'NONE',  #2381 ) ;
#454 = ORIENTED_EDGE ( 'NONE', *, *, #2307, .T. ) ;
#455 = ORIENTED_EDGE ( 'NONE', *, *, #1441, .T. ) ;
#456 = ADVANCED_FACE ( 'NONE', ( #542 ), #1282, .T. ) ;
#457 = ORIENTED_EDGE ( 'NONE', *, *, #2217, .T. ) ;
#458 = CARTESIAN_POINT ( 'NONE',  ( 0.4743805162173336254, 0.6142906551739865106, -0.09748505291569678488 ) ) ;
#459 = DIRECTION ( 'NONE',  ( 1.000000000000000000, 0.000000000000000000, 0.000000000000000000 ) ) ;
#460 = LINE ( 'NONE', #1389, #1674 ) ;
#461 = CARTESIAN_POINT ( 'NONE',  ( -0.1816087840808110476, 0.7542742181108853528, -0.1624900881918141249 ) ) ;
#462 = CARTESIAN_POINT ( 'NONE',  ( 0.4233434745068038740, 0.8666600084197794152, -0.1624900881918141249 ) ) ;
#463 = CARTESIAN_POINT ( 'NONE',  ( 0.4877081900321064145, -0.2694974325142920346, 0.03246970890944626126 ) ) ;
#464 = CARTESIAN_POINT ( 'NONE',  ( 0.4540222516184465595, 0.8859861077963983034, -0.4225102292962838457 ) ) ;
#465 = CIRCLE ( 'NONE', #1462, 0.08125629409514681378 ) ;
#466 = VERTEX_POINT ( 'NONE', #2241 ) ;
#467 = ORIENTED_EDGE ( 'NONE', *, *, #1226, .F. ) ;
#468 = CIRCLE ( 'NONE', #1577, 0.04550352469328229621 ) ;
#469 = DIRECTION ( 'NONE',  ( 1.000000000000000000, 0.000000000000000000, 0.000000000000000000 ) ) ;
#470 = VERTEX_POINT ( 'NONE', #2441 ) ;
#471 = VECTOR ( 'NONE', #1339, 1000.000000000000000 ) ;
#472 = ADVANCED_FACE ( 'NONE', ( #2052 ), #1293, .T. ) ;
#473 = DIRECTION ( 'NONE',  ( 0.000000000000000000, -1.000000000000000000, 0.000000000000000000 ) ) ;
#474 = CARTESIAN_POINT ( 'NONE',  ( -0.5200403026607157697, 0.7374869618097367185, -0.1624900881918141249 ) ) ;
#475 = LINE ( 'NONE', #432, #1748 ) ;
#476 = CARTESIAN_POINT ( 'NONE',  ( 0.3902006429298331414, 0.1075780390306160378, 0.4225552292932425735 ) ) ;
#477 = DIRECTION ( 'NONE',  ( 0.000000000000000000, 0.000000000000000000, 1.000000000000000000 ) ) ;
#478 = DIRECTION ( 'NONE',  ( 1.000000000000000000, 0.000000000000000000, 0.000000000000000000 ) ) ;
#479 = DIRECTION ( 'NONE',  ( -1.000000000000000000, 0.000000000000000000, 0.000000000000000000 ) ) ;
#480 = VECTOR ( 'NONE', #820, 1000.000000000000000 ) ;
#481 = VERTEX_POINT ( 'NONE', #328 ) ;
#482 = CARTESIAN_POINT ( 'NONE',  ( 0.4894084016400859771, 0.02847578572932607521, -0.1122550871605869222 ) ) ;
#483 = CIRCLE ( 'NONE', #793, 0.1625125881902936276 ) ;
#484 = EDGE_LOOP ( 'NONE', ( #562, #2086, #222, #1112 ) ) ;
#485 = CARTESIAN_POINT ( 'NONE',  ( 0.2439393077466658344, -0.3149546825149431850, 0.03252501763653810329 ) ) ;
#486 = EDGE_CURVE ( 'NONE', #834, #539, #883, .T. ) ;
#487 = CYLINDRICAL_SURFACE ( 'NONE', #1094, 0.04550352469328229621 ) ;
#488 = LINE ( 'NONE', #1642, #438 ) ;
#489 = B_SPLINE_SURFACE_WITH_KNOTS ( 'NONE', 5, 1, ( 
 ( #1753, #2125 ),
 ( #419, #624 ),
 ( #816, #1231 ),
 ( #1951, #266 ),
 ( #241, #1174 ),
 ( #1790, #1936 ),
 ( #449, #1976 ),
 ( #639, #2162 ),
 ( #839, #1021 ),
 ( #1578, #461 ),
 ( #982, #61 ),
 ( #1390, #1736 ),
 ( #46, #227 ),
 ( #1216, #1604 ),
 ( #434, #2361 ) ),
 .UNSPECIFIED., .F., .F., .F.,
 ( 6, 1, 1, 1, 1, 1, 1, 1, 1, 1, 6 ),
 ( 2, 2 ),
 ( 0.04223198036594860011, 0.1000000000000000056, 0.2000000000000000111, 0.2999999999999999889, 0.4000000000000000222, 0.5000000000000000000, 0.5999999999999999778, 0.6999999999999999556, 0.8000000000000000444, 0.9000000000000000222, 0.9577671605133079025 ),
 ( 0.000000000000000000, 0.4000000000000000222 ),
 .UNSPECIFIED. ) ;
#490 = CYLINDRICAL_SURFACE ( 'NONE', #781, 0.06500503527611749266 ) ;
#491 = EDGE_CURVE ( 'NONE', #1184, #2297, #2130, .T. ) ;
#492 = CARTESIAN_POINT ( 'NONE',  ( -0.5523723743857725799, 0.5821148042954770174, -0.09748505291569678488 ) ) ;
#493 = LINE ( 'NONE', #1234, #1508 ) ;
#494 = CARTESIAN_POINT ( 'NONE',  ( 0.4877081900321063035, -0.2694511578216609027, -0.2274951234679316037 ) ) ;
#495 = ORIENTED_EDGE ( 'NONE', *, *, #149, .T. ) ;
#496 = DIRECTION ( 'NONE',  ( 0.7071067811865474617, -0.7071067811865474617, 0.000000000000000000 ) ) ;
#497 = ORIENTED_EDGE ( 'NONE', *, *, #1523, .F. ) ;
#498 = CARTESIAN_POINT ( 'NONE',  ( -0.4051821233032119052, 0.8557628169178742583, -0.4225102292962838457 ) ) ;
#499 = CARTESIAN_POINT ( 'NONE',  ( 0.5527132253082238655, 0.5821148042954770174, -0.09748505291569678488 ) ) ;
#500 = CARTESIAN_POINT ( 'NONE',  ( 0.3902006429298331414, 0.2375881115201517180, 0.4225552292932425735 ) ) ;
#501 = DIRECTION ( 'NONE',  ( 0.7071067811865474617, -0.7071067811865474617, 0.000000000000000000 ) ) ;
#502 = LINE ( 'NONE', #907, #209 ) ;
#503 = DIRECTION ( 'NONE',  ( 0.000000000000000000, 0.000000000000000000, 1.000000000000000000 ) ) ;
#504 = EDGE_CURVE ( 'NONE', #1639, #1000, #1304, .T. ) ;
#505 = CARTESIAN_POINT ( 'NONE',  ( 0.4233434745068038740, 0.8666600084197794152, -0.4225102292962838457 ) ) ;
#506 = EDGE_LOOP ( 'NONE', ( #1409, #215, #188, #1129 ) ) ;
#507 = CIRCLE ( 'NONE', #558, 0.04550352469328221988 ) ;
#508 = CARTESIAN_POINT ( 'NONE',  ( 0.5527132253082238655, 0.5821148042954770174, -0.09748505291569678488 ) ) ;
#509 = VERTEX_POINT ( 'NONE', #147 ) ;
#510 = ORIENTED_EDGE ( 'NONE', *, *, #2294, .T. ) ;
#511 = VECTOR ( 'NONE', #1401, 1000.000000000000000 ) ;
#512 = B_SPLINE_CURVE_WITH_KNOTS ( 'NONE', 5,
 ( #1754, #664, #450, #840, #462, #2139 ),
 .UNSPECIFIED., .F., .F.,
 ( 6, 6 ),
 ( 0.000000000000000000, 0.04223198036580479847 ),
 .UNSPECIFIED. ) ;
#513 = DIRECTION ( 'NONE',  ( 0.000000000000000000, 0.000000000000000000, 1.000000000000000000 ) ) ;
#514 = CARTESIAN_POINT ( 'NONE',  ( 0.5067477240532101135, 0.09011331722901999575, -0.1434505541707101484 ) ) ;
#515 = APPLICATION_CONTEXT ( 'configuration controlled 3d designs of mechanical parts and assemblies' ) ;
#516 = VECTOR ( 'NONE', #2291, 1000.000000000000000 ) ;
#517 = CARTESIAN_POINT ( 'NONE',  ( -0.4310129188363631125, 0.8713537001971390916, -0.1624900881918141249 ) ) ;
#518 = DIRECTION ( 'NONE',  ( 0.000000000000000000, 0.000000000000000000, 1.000000000000000000 ) ) ;
#519 = DIRECTION ( 'NONE',  ( 0.000000000000000000, 0.000000000000000000, -1.000000000000000000 ) ) ;
#520 = EDGE_CURVE ( 'NONE', #2143, #607, #890, .T. ) ;
#521 = ORIENTED_EDGE ( 'NONE', *, *, #1544, .F. ) ;
#522 = VECTOR ( 'NONE', #602, 1000.000000000000000 ) ;
#523 = EDGE_CURVE ( 'NONE', #958, #1818, #465, .T. ) ;
#524 = CYLINDRICAL_SURFACE ( 'NONE', #2393, 0.06500503527611749266 ) ;
#525 = ORIENTED_EDGE ( 'NONE', *, *, #304, .T. ) ;
#526 = ORIENTED_EDGE ( 'NONE', *, *, #811, .F. ) ;
#527 = AXIS2_PLACEMENT_3D ( 'NONE', #13, #761, #1525 ) ;
#528 = CARTESIAN_POINT ( 'NONE',  ( 0.3297176392002434397, 0.8138281403717175788, -0.4225102292962838457 ) ) ;
#529 = CARTESIAN_POINT ( 'NONE',  ( -0.4740396652948816181, 0.6142906551739863996, 0.4225552292932425735 ) ) ;
#530 = DIRECTION ( 'NONE',  ( 0.7071067811865474617, -0.7071067811865474617, 0.000000000000000000 ) ) ;
#531 = AXIS2_PLACEMENT_3D ( 'NONE', #1043, #2196, #496 ) ;
#532 = DIRECTION ( 'NONE',  ( 0.000000000000000000, 0.000000000000000000, 1.000000000000000000 ) ) ;
#533 = CARTESIAN_POINT ( 'NONE',  ( -0.3898597861954784527, -0.3149546825149431850, 0.03252501763653810329 ) ) ;
#534 = CARTESIAN_POINT ( 'NONE',  ( -0.3884720984681013789, 0.3642372302121963945, 0.4225552292932425735 ) ) ;
#535 = VERTEX_POINT ( 'NONE', #613 ) ;
#536 = EDGE_CURVE ( 'NONE', #1119, #1425, #1592, .T. ) ;
#537 = PERSON_AND_ORGANIZATION_ROLE ( 'design_supplier' ) ;
#538 = EDGE_LOOP ( 'NONE', ( #1427, #2261, #271, #1935, #249, #1886, #1747, #1711 ) ) ;
#539 = VERTEX_POINT ( 'NONE', #1776 ) ;
#540 = EDGE_CURVE ( 'NONE', #297, #585, #2454, .T. ) ;
#541 = CARTESIAN_POINT ( 'NONE',  ( 0.3902006429298331414, 0.3642372302121963945, 0.4225552292932425735 ) ) ;
#542 = FACE_OUTER_BOUND ( 'NONE', #2074, .T. ) ;
#543 = DIRECTION ( 'NONE',  ( 0.000000000000000000, 0.000000000000000000, -1.000000000000000000 ) ) ;
#544 = DIRECTION ( 'NONE',  ( 0.000000000000000000, 0.000000000000000000, -1.000000000000000000 ) ) ;
#545 = CARTESIAN_POINT ( 'NONE',  ( 0.3902006429298331414, 0.3642372302121963945, 0.2925451587410076160 ) ) ;
#546 = CARTESIAN_POINT ( 'NONE',  ( 0.4877081900321063035, 0.02243190211922137939, -0.4225102292962838457 ) ) ;
#547 = ORIENTED_EDGE ( 'NONE', *, *, #1943, .F. ) ;
#548 = COORDINATED_UNIVERSAL_TIME_OFFSET ( 8, 0, .AHEAD. ) ;
#549 = VERTEX_POINT ( 'NONE', #1204 ) ;
#550 = ORIENTED_EDGE ( 'NONE', *, *, #2189, .F. ) ;
#551 = LINE ( 'NONE', #2365, #275 ) ;
#552 = CARTESIAN_POINT ( 'NONE',  ( 0.5352424003876599112, 0.1914057131076981888, -0.1624900881918141249 ) ) ;
#553 = EDGE_CURVE ( 'NONE', #2107, #2059, #2348, .T. ) ;
#554 = VECTOR ( 'NONE', #1627, 1000.000000000000000 ) ;
#555 = DIRECTION ( 'NONE',  ( 0.000000000000000000, 0.000000000000000000, -1.000000000000000000 ) ) ;
#556 = AXIS2_PLACEMENT_3D ( 'NONE', #2138, #804, #1564 ) ;
#557 = DIRECTION ( 'NONE',  ( 0.000000000000000000, -1.000000000000000000, 0.000000000000000000 ) ) ;
#558 = AXIS2_PLACEMENT_3D ( 'NONE', #964, #1683, #1311 ) ;
#559 = DIRECTION ( 'NONE',  ( 0.000000000000000000, 1.000000000000000000, 0.000000000000000000 ) ) ;
#560 = VERTEX_POINT ( 'NONE', #652 ) ;
#561 = CARTESIAN_POINT ( 'NONE',  ( -0.4156731723765385023, 0.8620575981433182822, -0.1624900881918141249 ) ) ;
#562 = ORIENTED_EDGE ( 'NONE', *, *, #733, .F. ) ;
#563 = VECTOR ( 'NONE', #2057, 1000.000000000000000 ) ;
#564 = FACE_OUTER_BOUND ( 'NONE', #308, .T. ) ;
#565 = EDGE_CURVE ( 'NONE', #1107, #1846, #388, .T. ) ;
#566 = PLANE ( 'NONE',  #424 ) ;
#567 = CARTESIAN_POINT ( 'NONE',  ( 0.5206961665432243702, 0.6070754287744334343, -0.1624900881918141249 ) ) ;
#568 = CIRCLE ( 'NONE', #1946, 0.04550352469328229621 ) ;
#569 = EDGE_CURVE ( 'NONE', #1846, #914, #2177, .T. ) ;
#570 = CARTESIAN_POINT ( 'NONE',  ( -0.3765301531753098008, 0.8390414792863795101, -0.1624900881918141249 ) ) ;
#571 = EDGE_LOOP ( 'NONE', ( #187, #1963, #948, #1262 ) ) ;
#572 = B_SPLINE_CURVE_WITH_KNOTS ( 'NONE', 3,
 ( #2192, #1246, #894, #1256, #2002, #1854, #2015, #1297, #317, #1879, #778, #1319, #939 ),
 .UNSPECIFIED., .F., .F.,
 ( 4, 3, 3, 3, 4 ),
 ( -2.163414482610051314E-07, 0.000000000000000000, 5.958927480246499860E-05, 9.550931384705225221E-05, 0.0001235141581433917978 ),
 .UNSPECIFIED. ) ;
#573 = APPROVAL_ROLE ( '' ) ;
#574 = ORIENTED_EDGE ( 'NONE', *, *, #1291, .T. ) ;
#575 = EDGE_LOOP ( 'NONE', ( #348, #2285, #1529, #764 ) ) ;
#576 = PLANE ( 'NONE',  #1621 ) ;
#577 = CARTESIAN_POINT ( 'NONE',  ( 0.4422046653388243542, -0.3149546825149431850, 0.4225552292932425735 ) ) ;
#578 = CYLINDRICAL_SURFACE ( 'NONE', #2343, 0.06500503527611749266 ) ;
#579 = CARTESIAN_POINT ( 'NONE',  ( -0.4156731723765385023, 0.8620575981433182822, -0.4225102292962838457 ) ) ;
#580 = VERTEX_POINT ( 'NONE', #970 ) ;
#581 = ADVANCED_FACE ( 'NONE', ( #73 ), #489, .T. ) ;
#582 = ORIENTED_EDGE ( 'NONE', *, *, #504, .F. ) ;
#583 = PERSON_AND_ORGANIZATION_ROLE ( 'creator' ) ;
#584 = ORIENTED_EDGE ( 'NONE', *, *, #637, .F. ) ;
#585 = VERTEX_POINT ( 'NONE', #2337 ) ;
#586 = EDGE_LOOP ( 'NONE', ( #1158, #1355 ) ) ;
#587 = CARTESIAN_POINT ( 'NONE',  ( -0.3898597861954784527, 0.6276183289887590222, -0.4225102292962838457 ) ) ;
#588 = CARTESIAN_POINT ( 'NONE',  ( 0.5527132253082238655, 0.5821148042954770174, -0.1624900881918141526 ) ) ;
#589 = AXIS2_PLACEMENT_3D ( 'NONE', #1403, #663, #1765 ) ;
#590 = CARTESIAN_POINT ( 'NONE',  ( -0.4873673391096551843, -0.8544964753067179064, -0.4225102292962838457 ) ) ;
#591 = AXIS2_PLACEMENT_3D ( 'NONE', #9, #2275, #1940 ) ;
#592 = DIRECTION ( 'NONE',  ( 0.9905827575275433228, 0.1369153040720000880, 0.000000000000000000 ) ) ;
#593 = EDGE_CURVE ( 'NONE', #976, #723, #231, .T. ) ;
#594 = EDGE_LOOP ( 'NONE', ( #1169, #405, #686, #1336 ) ) ;
#595 = ORIENTED_EDGE ( 'NONE', *, *, #799, .F. ) ;
#596 = EDGE_CURVE ( 'NONE', #145, #1498, #1418, .T. ) ;
#597 = VECTOR ( 'NONE', #559, 1000.000000000000000 ) ;
#598 = CARTESIAN_POINT ( 'NONE',  ( -0.3870844049288208466, 0.1075780390306160378, 0.4225552292932425735 ) ) ;
#599 = DIRECTION ( 'NONE',  ( 1.000000000000000000, 0.000000000000000000, 0.000000000000000000 ) ) ;
#600 = EDGE_LOOP ( 'NONE', ( #214, #1517, #999, #1543 ) ) ;
#601 = VECTOR ( 'NONE', #518, 1000.000000000000000 ) ;
#602 = DIRECTION ( 'NONE',  ( 0.000000000000000000, 0.000000000000000000, -1.000000000000000000 ) ) ;
#603 = VECTOR ( 'NONE', #2213, 1000.000000000000000 ) ;
#604 = EDGE_LOOP ( 'NONE', ( #1238, #608, #43, #2353 ) ) ;
#605 = PRODUCT_DEFINITION_FORMATION_WITH_SPECIFIED_SOURCE ( '�', '', #912, .NOT_KNOWN. ) ;
#606 = ORIENTED_EDGE ( 'NONE', *, *, #414, .T. ) ;
#607 = VERTEX_POINT ( 'NONE', #2324 ) ;
#608 = ORIENTED_EDGE ( 'NONE', *, *, #921, .T. ) ;
#609 = ADVANCED_FACE ( 'NONE', ( #1827 ), #490, .F. ) ;
#610 = FACE_OUTER_BOUND ( 'NONE', #68, .T. ) ;
#611 = CARTESIAN_POINT ( 'NONE',  ( -0.5200403026607157697, 0.7374869618097367185, -0.4225102292962838457 ) ) ;
#612 = EDGE_LOOP ( 'NONE', ( #1959, #659, #2224, #2022 ) ) ;
#613 = CARTESIAN_POINT ( 'NONE',  ( 0.4894084016400859771, 0.02847578572932607521, -0.4225102292962838457 ) ) ;
#614 = CARTESIAN_POINT ( 'NONE',  ( 0.2647438347002905590, 0.7836954498049245599, -0.1624900881918141249 ) ) ;
#615 = CARTESIAN_POINT ( 'NONE',  ( 0.4877081900321063035, -0.2695437070992817707, 0.03241440009229479974 ) ) ;
#616 = LINE ( 'NONE', #915, #1466 ) ;
#617 = ORIENTED_EDGE ( 'NONE', *, *, #36, .T. ) ;
#618 = ORIENTED_EDGE ( 'NONE', *, *, #418, .F. ) ;
#619 = EDGE_LOOP ( 'NONE', ( #1382, #1910, #1093, #2448 ) ) ;
#620 = CARTESIAN_POINT ( 'NONE',  ( 0.3902006371179305155, -0.3149546825149431850, -0.2274951234679316037 ) ) ;
#621 = EDGE_CURVE ( 'NONE', #1358, #40, #1699, .T. ) ;
#622 = LINE ( 'NONE', #1787, #1703 ) ;
#623 = FACE_OUTER_BOUND ( 'NONE', #600, .T. ) ;
#624 = CARTESIAN_POINT ( 'NONE',  ( 0.4051826050263991896, 0.8557631712263602530, -0.1624900881918141249 ) ) ;
#625 = AXIS2_PLACEMENT_3D ( 'NONE', #2173, #677, #459 ) ;
#626 = EDGE_CURVE ( 'NONE', #1181, #192, #938, .T. ) ;
#627 = CARTESIAN_POINT ( 'NONE',  ( 0.4877081900321063035, 0.01615342709702341159, -0.4225102292962838457 ) ) ;
#628 = CARTESIAN_POINT ( 'NONE',  ( 0.4877081900321063035, -0.3110998384054463051, -0.01039384393334114899 ) ) ;
#629 = CARTESIAN_POINT ( 'NONE',  ( -0.3898597861954784527, -0.8024924470858240122, 0.2925451587410076160 ) ) ;
#630 = AXIS2_PLACEMENT_3D ( 'NONE', #316, #1079, #501 ) ;
#631 = ORIENTED_EDGE ( 'NONE', *, *, #1105, .F. ) ;
#632 = ORIENTED_EDGE ( 'NONE', *, *, #10, .T. ) ;
#633 = ORIENTED_EDGE ( 'NONE', *, *, #2266, .T. ) ;
#634 = CARTESIAN_POINT ( 'NONE',  ( -0.4784024429149769109, 0.6263299259947805453, -0.1624900881918141249 ) ) ;
#635 = CARTESIAN_POINT ( 'NONE',  ( 0.4422046653388243542, -0.3339942165360473836, -0.01344048361847521508 ) ) ;
#636 = CARTESIAN_POINT ( 'NONE',  ( 0.4156737796736240109, 0.8620580582757877419, -0.1624900881918141249 ) ) ;
#637 = EDGE_CURVE ( 'NONE', #810, #324, #2013, .T. ) ;
#638 = AXIS2_PLACEMENT_3D ( 'NONE', #546, #2444, #519 ) ;
#639 = CARTESIAN_POINT ( 'NONE',  ( 2.391657465572709872E-07, 0.7274476684246398150, -0.4225102292962838457 ) ) ;
#640 = CYLINDRICAL_SURFACE ( 'NONE', #364, 0.06500503527611747878 ) ;
#641 = AXIS2_PLACEMENT_3D ( 'NONE', #1925, #198, #228 ) ;
#642 = FACE_OUTER_BOUND ( 'NONE', #2166, .T. ) ;
#643 = EDGE_CURVE ( 'NONE', #1384, #310, #199, .T. ) ;
#644 = AXIS2_PLACEMENT_3D ( 'NONE', #25, #2069, #2102 ) ;
#645 = DIRECTION ( 'NONE',  ( -0.000000000000000000, 1.000000000000000000, 0.000000000000000000 ) ) ;
#646 = VERTEX_POINT ( 'NONE', #2044 ) ;
#647 = EDGE_LOOP ( 'NONE', ( #1398, #2035, #1927, #606 ) ) ;
#648 = ORIENTED_EDGE ( 'NONE', *, *, #2071, .T. ) ;
#649 = LINE ( 'NONE', #1587, #427 ) ;
#650 = DIRECTION ( 'NONE',  ( 0.000000000000000000, 0.000000000000000000, -1.000000000000000000 ) ) ;
#651 = DIRECTION ( 'NONE',  ( 0.2708000910998030197, 0.9626356063746750458, 0.000000000000000000 ) ) ;
#652 = CARTESIAN_POINT ( 'NONE',  ( 0.3902006371179305155, -0.3149546825149431850, 0.2925451587410076160 ) ) ;
#653 = CARTESIAN_POINT ( 'NONE',  ( 0.4422046653388243542, 0.5821148042954770174, 0.4225552292932425735 ) ) ;
#654 = FACE_OUTER_BOUND ( 'NONE', #1901, .T. ) ;
#655 = CARTESIAN_POINT ( 'NONE',  ( -0.6764595428371140695, 0.6934054452632493204, -0.4225102292962838457 ) ) ;
#656 = ADVANCED_FACE ( 'NONE', ( #906 ), #118, .T. ) ;
#657 = ORIENTED_EDGE ( 'NONE', *, *, #1971, .T. ) ;
#658 = ORIENTED_EDGE ( 'NONE', *, *, #2110, .F. ) ;
#659 = ORIENTED_EDGE ( 'NONE', *, *, #565, .T. ) ;
#660 = DIRECTION ( 'NONE',  ( 0.000000000000000000, 0.000000000000000000, 1.000000000000000000 ) ) ;
#661 = DIRECTION ( 'NONE',  ( 0.000000000000000000, 0.000000000000000000, 1.000000000000000000 ) ) ;
#662 = CARTESIAN_POINT ( 'NONE',  ( 0.2439393077466658344, -0.3799597177910607471, -0.03248001763957929916 ) ) ;
#663 = DIRECTION ( 'NONE',  ( 0.000000000000000000, 0.000000000000000000, 1.000000000000000000 ) ) ;
#664 = CARTESIAN_POINT ( 'NONE',  ( 0.4463525576730554834, 0.8810171037705474273, -0.1624900881918141249 ) ) ;
#665 = DIRECTION ( 'NONE',  ( 0.000000000000000000, 0.000000000000000000, 1.000000000000000000 ) ) ;
#666 = DIRECTION ( 'NONE',  ( -0.2712518789107290496, 0.9625083990217432328, 0.000000000000000000 ) ) ;
#667 = VECTOR ( 'NONE', #255, 1000.000000000000000 ) ;
#668 = ORIENTED_EDGE ( 'NONE', *, *, #1684, .T. ) ;
#669 = ORIENTED_EDGE ( 'NONE', *, *, #1868, .T. ) ;
#670 = ADVANCED_FACE ( 'NONE', ( #125 ), #679, .T. ) ;
#671 = CARTESIAN_POINT ( 'NONE',  ( 0.4877081900321063035, -0.2193920548834955020, -0.09748505291569678488 ) ) ;
#672 = ORIENTED_EDGE ( 'NONE', *, *, #1445, .F. ) ;
#673 = AXIS2_PLACEMENT_3D ( 'NONE', #350, #170, #1113 ) ;
#674 = VECTOR ( 'NONE', #1206, 1000.000000000000000 ) ;
#675 = EDGE_CURVE ( 'NONE', #333, #765, #1432, .T. ) ;
#676 = CARTESIAN_POINT ( 'NONE',  ( 0.4156737796736240109, 0.8620580582757877419, -0.4225102292962838457 ) ) ;
#677 = DIRECTION ( 'NONE',  ( 0.000000000000000000, 0.000000000000000000, 1.000000000000000000 ) ) ;
#678 = DIRECTION ( 'NONE',  ( 0.000000000000000000, 0.000000000000000000, 1.000000000000000000 ) ) ;
#679 = CYLINDRICAL_SURFACE ( 'NONE', #630, 0.04550352469328229621 ) ;
#680 = CARTESIAN_POINT ( 'NONE',  ( 0.3902006371179305155, 0.6276183289887590222, -0.4225102292962838457 ) ) ;
#681 = CARTESIAN_POINT ( 'NONE',  ( 0.1951855341955293643, -0.1524421059484533936, 0.4225552292932425735 ) ) ;
#682 = DIRECTION ( 'NONE',  ( 0.000000000000000000, -1.000000000000000000, 0.000000000000000000 ) ) ;
#683 = VECTOR ( 'NONE', #267, 1000.000000000000000 ) ;
#684 = VERTEX_POINT ( 'NONE', #879 ) ;
#685 = DIRECTION ( 'NONE',  ( 0.7071067811865477948, 0.000000000000000000, -0.7071067811865471286 ) ) ;
#686 = ORIENTED_EDGE ( 'NONE', *, *, #990, .F. ) ;
#687 = CC_DESIGN_PERSON_AND_ORGANIZATION_ASSIGNMENT ( #2237, #2048, ( #2153 ) ) ;
#688 = CIRCLE ( 'NONE', #94, 0.04550352469328229621 ) ;
#689 = DIRECTION ( 'NONE',  ( 0.000000000000000000, 0.000000000000000000, -1.000000000000000000 ) ) ;
#690 = EDGE_CURVE ( 'NONE', #1498, #2367, #1644, .T. ) ;
#691 = DIRECTION ( 'NONE',  ( 0.000000000000000000, 0.000000000000000000, -1.000000000000000000 ) ) ;
#692 = DIRECTION ( 'NONE',  ( 0.000000000000000000, 0.000000000000000000, 1.000000000000000000 ) ) ;
#693 = LINE ( 'NONE', #1447, #713 ) ;
#694 = CARTESIAN_POINT ( 'NONE',  ( 0.4310131691173956781, 0.8713539872613537129, -0.4225102292962838457 ) ) ;
#695 = VERTEX_POINT ( 'NONE', #865 ) ;
#696 = FACE_OUTER_BOUND ( 'NONE', #1128, .T. ) ;
#697 = EDGE_LOOP ( 'NONE', ( #2078, #632, #2316, #1369 ) ) ;
#698 = CARTESIAN_POINT ( 'NONE',  ( 0.4051826050265036061, 0.8557631712264214263, -0.4225102292962838457 ) ) ;
#699 = DIRECTION ( 'NONE',  ( -0.7071067811865477948, 0.000000000000000000, -0.7071067811865471286 ) ) ;
#700 = CARTESIAN_POINT ( 'NONE',  ( -0.6012965967558625557, 0.7374869618097367185, -0.4225102292962838457 ) ) ;
#701 = ADVANCED_FACE ( 'NONE', ( #892 ), #2405, .F. ) ;
#702 = CARTESIAN_POINT ( 'NONE',  ( 0.5527132253082238655, -0.2193920548834955020, -0.09748505291569678488 ) ) ;
#703 = CARTESIAN_POINT ( 'NONE',  ( -0.3898597861954784527, 0.6276183289887590222, -0.4225102292962838457 ) ) ;
#704 = EDGE_CURVE ( 'NONE', #991, #169, #468, .T. ) ;
#705 = CARTESIAN_POINT ( 'NONE',  ( -0.3898597861954784527, 0.01007049386564397124, -0.03248001763957929916 ) ) ;
#706 = ORIENTED_EDGE ( 'NONE', *, *, #203, .F. ) ;
#707 = ORIENTED_EDGE ( 'NONE', *, *, #874, .T. ) ;
#708 = ORIENTED_EDGE ( 'NONE', *, *, #841, .F. ) ;
#709 = CIRCLE ( 'NONE', #1263, 0.04550352469328229621 ) ;
#710 = DIRECTION ( 'NONE',  ( 1.000000000000000000, 0.000000000000000000, 0.000000000000000000 ) ) ;
#711 = FACE_OUTER_BOUND ( 'NONE', #384, .T. ) ;
#712 = DIRECTION ( 'NONE',  ( -1.000000000000000000, 0.000000000000000000, 0.000000000000000000 ) ) ;
#713 = VECTOR ( 'NONE', #503, 1000.000000000000000 ) ;
#714 = LINE ( 'NONE', #1470, #38 ) ;
#715 = CARTESIAN_POINT ( 'NONE',  ( 0.4877081900321063035, -0.8544964753067179064, -0.4225102292962838457 ) ) ;
#716 = EDGE_CURVE ( 'NONE', #925, #1918, #714, .T. ) ;
#717 = CARTESIAN_POINT ( 'NONE',  ( 0.3902006371179305155, -0.8024924470858240122, -0.4225102292962838457 ) ) ;
#718 = EDGE_CURVE ( 'NONE', #1697, #753, #2132, .T. ) ;
#719 = ORIENTED_EDGE ( 'NONE', *, *, #1261, .T. ) ;
#720 = APPLICATION_PROTOCOL_DEFINITION ( 'international standard', 'config_control_design', 1994, #515 ) ;
#721 = ORIENTED_EDGE ( 'NONE', *, *, #1669, .T. ) ;
#722 = CIRCLE ( 'NONE', #758, 0.08125629409514681378 ) ;
#723 = VERTEX_POINT ( 'NONE', #342 ) ;
#724 = CIRCLE ( 'NONE', #1518, 0.04550352469328226845 ) ;
#725 = DIRECTION ( 'NONE',  ( 0.000000000000000000, -1.000000000000000000, 0.000000000000000000 ) ) ;
#726 = CARTESIAN_POINT ( 'NONE',  ( 0.4422046653388243542, -0.3799597177910607471, 0.03252501763653810329 ) ) ;
#727 = DIRECTION ( 'NONE',  ( 0.7071067811865444641, -0.7071067811865504593, 0.000000000000000000 ) ) ;
#728 = CIRCLE ( 'NONE', #1594, 0.04550352469328226152 ) ;
#729 = DIRECTION ( 'NONE',  ( 0.000000000000000000, 0.000000000000000000, -1.000000000000000000 ) ) ;
#730 = CARTESIAN_POINT ( 'NONE',  ( -0.4873673391096551843, 0.6276183289887590222, -0.4225102292962838457 ) ) ;
#731 = DIRECTION ( 'NONE',  ( 1.000000000000000000, 0.000000000000000000, 0.000000000000000000 ) ) ;
#732 = ORIENTED_EDGE ( 'NONE', *, *, #115, .F. ) ;
#733 = EDGE_CURVE ( 'NONE', #371, #859, #1932, .T. ) ;
#734 = ORIENTED_EDGE ( 'NONE', *, *, #1130, .T. ) ;
#735 = DIRECTION ( 'NONE',  ( -1.000000000000000000, 0.000000000000000000, 0.000000000000000000 ) ) ;
#736 = LINE ( 'NONE', #1442, #353 ) ;
#737 = CARTESIAN_POINT ( 'NONE',  ( -0.4873673391096551843, 0.01621770745102891695, -0.09757488947064164864 ) ) ;
#738 = CARTESIAN_POINT ( 'NONE',  ( 0.4422046653388243542, -0.2694511578216609027, -0.03248001763957929916 ) ) ;
#739 = FACE_OUTER_BOUND ( 'NONE', #2167, .T. ) ;
#740 = CARTESIAN_POINT ( 'NONE',  ( 0.4387844585655386043, 0.7374872901565129313, -0.4225102292962838457 ) ) ;
#741 = CALENDAR_DATE ( 2026, 29, 6 ) ;
#742 = ORIENTED_EDGE ( 'NONE', *, *, #1836, .T. ) ;
#743 = VERTEX_POINT ( 'NONE', #111 ) ;
#744 = ADVANCED_FACE ( 'NONE', ( #852 ), #566, .F. ) ;
#745 = LINE ( 'NONE', #51, #2176 ) ;
#746 = AXIS2_PLACEMENT_3D ( 'NONE', #2200, #2251, #1077 ) ;
#747 = EDGE_CURVE ( 'NONE', #2208, #1437, #928, .T. ) ;
#748 = CARTESIAN_POINT ( 'NONE',  ( -0.4875199848782638123, 0.02037683495141209486, -0.1025460985089552135 ) ) ;
#749 = AXIS2_PLACEMENT_3D ( 'NONE', #1047, #691, #1840 ) ;
#750 = CARTESIAN_POINT ( 'NONE',  ( 0.1951855341955293643, 0.3642372302121963945, 0.2925451587410076160 ) ) ;
#751 = VECTOR ( 'NONE', #710, 1000.000000000000000 ) ;
#752 = CARTESIAN_POINT ( 'NONE',  ( -0.3297172666716448597, 0.8138280168809726156, -0.1624900881918141249 ) ) ;
#753 = VERTEX_POINT ( 'NONE', #951 ) ;
#754 = DIRECTION ( 'NONE',  ( 0.000000000000000000, 0.000000000000000000, 1.000000000000000000 ) ) ;
#755 = EDGE_LOOP ( 'NONE', ( #899, #2210, #381, #1821 ) ) ;
#756 = FACE_OUTER_BOUND ( 'NONE', #571, .T. ) ;
#757 = ADVANCED_FACE ( 'NONE', ( #1912 ), #1139, .T. ) ;
#758 = AXIS2_PLACEMENT_3D ( 'NONE', #1404, #1977, #281 ) ;
#759 = DIRECTION ( 'NONE',  ( -0.7071067811865474617, -0.7071067811865474617, 0.000000000000000000 ) ) ;
#760 = EDGE_CURVE ( 'NONE', #40, #1044, #216, .T. ) ;
#761 = DIRECTION ( 'NONE',  ( 0.000000000000000000, 0.000000000000000000, -1.000000000000000000 ) ) ;
#762 = APPROVAL_PERSON_ORGANIZATION ( #2247, #2364, #6 ) ;
#763 = LINE ( 'NONE', #830, #683 ) ;
#764 = ORIENTED_EDGE ( 'NONE', *, *, #2283, .T. ) ;
#765 = VERTEX_POINT ( 'NONE', #1524 ) ;
#766 = ORIENTED_EDGE ( 'NONE', *, *, #2236, .T. ) ;
#767 = ORIENTED_EDGE ( 'NONE', *, *, #2289, .T. ) ;
#768 = CARTESIAN_POINT ( 'NONE',  ( -0.6012965967558625557, 0.7374869618097367185, -0.4225102292962838457 ) ) ;
#769 = LINE ( 'NONE', #218, #365 ) ;
#770 = EDGE_CURVE ( 'NONE', #470, #925, #2017, .T. ) ;
#771 = DIRECTION ( 'NONE',  ( 1.000000000000000000, 0.000000000000000000, 0.000000000000000000 ) ) ;
#772 = ORIENTED_EDGE ( 'NONE', *, *, #292, .T. ) ;
#773 = EDGE_CURVE ( 'NONE', #1276, #1265, #709, .T. ) ;
#774 = VERTEX_POINT ( 'NONE', #587 ) ;
#775 = ORIENTED_EDGE ( 'NONE', *, *, #845, .T. ) ;
#776 = ORIENTED_EDGE ( 'NONE', *, *, #986, .T. ) ;
#777 = DIRECTION ( 'NONE',  ( -1.000000000000000000, 0.000000000000000000, 0.000000000000000000 ) ) ;
#778 = CARTESIAN_POINT ( 'NONE',  ( -0.4873673391096551843, -0.3513656606117648296, -0.03075898841680113627 ) ) ;
#779 = AXIS2_PLACEMENT_3D ( 'NONE', #1046, #1099, #123 ) ;
#780 = EDGE_LOOP ( 'NONE', ( #1721, #872, #1663, #1769 ) ) ;
#781 = AXIS2_PLACEMENT_3D ( 'NONE', #2030, #1090, #1245 ) ;
#782 = CARTESIAN_POINT ( 'NONE',  ( 0.3297176392001921474, 0.8138281403716941531, -0.1624900881918141249 ) ) ;
#783 = VECTOR ( 'NONE', #1045, 1000.000000000000000 ) ;
#784 = FACE_OUTER_BOUND ( 'NONE', #1692, .T. ) ;
#785 = EDGE_CURVE ( 'NONE', #40, #2181, #1723, .T. ) ;
#786 = ORIENTED_EDGE ( 'NONE', *, *, #596, .T. ) ;
#787 = VERTEX_POINT ( 'NONE', #184 ) ;
#788 = CARTESIAN_POINT ( 'NONE',  ( -0.4857569883205887229, 0.6241469295644886950, -0.1624900881918141249 ) ) ;
#789 = DIRECTION ( 'NONE',  ( 0.000000000000000000, 0.000000000000000000, -1.000000000000000000 ) ) ;
#790 = CIRCLE ( 'NONE', #1745, 0.1625125881902936276 ) ;
#791 = CARTESIAN_POINT ( 'NONE',  ( 0.5200407526606855013, 0.7374872901565129313, -0.1624900881918141249 ) ) ;
#792 = DIRECTION ( 'NONE',  ( 0.000000000000000000, 0.000000000000000000, -1.000000000000000000 ) ) ;
#793 = AXIS2_PLACEMENT_3D ( 'NONE', #1270, #678, #2000 ) ;
#794 = CARTESIAN_POINT ( 'NONE',  ( -0.3870844049288208466, -0.02243203539621860601, 0.2925451587410076160 ) ) ;
#795 = AXIS2_PLACEMENT_3D ( 'NONE', #904, #1666, #2427 ) ;
#796 = DIRECTION ( 'NONE',  ( 0.000000000000000000, 1.000000000000000000, 0.000000000000000000 ) ) ;
#797 = VERTEX_POINT ( 'NONE', #768 ) ;
#798 = EDGE_LOOP ( 'NONE', ( #1073, #250, #320, #1082 ) ) ;
#799 = EDGE_CURVE ( 'NONE', #988, #914, #1531, .T. ) ;
#800 = ORIENTED_EDGE ( 'NONE', *, *, #2252, .F. ) ;
#801 = CARTESIAN_POINT ( 'NONE',  ( -0.3870844049288208466, -0.02243203539621860601, 0.4225552292932425735 ) ) ;
#802 = DIRECTION ( 'NONE',  ( 0.000000000000000000, 0.000000000000000000, 1.000000000000000000 ) ) ;
#803 = CYLINDRICAL_SURFACE ( 'NONE', #1190, 0.04550352469328229621 ) ;
#804 = DIRECTION ( 'NONE',  ( 0.000000000000000000, 0.000000000000000000, 1.000000000000000000 ) ) ;
#805 = CARTESIAN_POINT ( 'NONE',  ( -0.3898597861954784527, -0.3339942165360473281, -0.01344048361847528447 ) ) ;
#806 = DIRECTION ( 'NONE',  ( -1.000000000000000000, 0.000000000000000000, 0.000000000000000000 ) ) ;
#807 = CARTESIAN_POINT ( 'NONE',  ( 0.4422046653388243542, -0.3149546825149431850, 0.03252501763653810329 ) ) ;
#808 = ORIENTED_EDGE ( 'NONE', *, *, #2307, .F. ) ;
#809 = ORIENTED_EDGE ( 'NONE', *, *, #1938, .F. ) ;
#810 = VERTEX_POINT ( 'NONE', #1115 ) ;
#811 = EDGE_CURVE ( 'NONE', #1920, #2143, #1220, .T. ) ;
#812 = DIRECTION ( 'NONE',  ( 1.000000000000000000, 0.000000000000000000, 0.000000000000000000 ) ) ;
#813 = DIRECTION ( 'NONE',  ( -1.000000000000000000, 0.000000000000000000, 0.000000000000000000 ) ) ;
#814 = PLANE ( 'NONE',  #950 ) ;
#815 = EDGE_CURVE ( 'NONE', #1209, #1832, #1509, .T. ) ;
#816 = CARTESIAN_POINT ( 'NONE',  ( 0.3765305597615710709, 0.8390417165080069628, -0.4225102292962838457 ) ) ;
#817 = VECTOR ( 'NONE', #2140, 1000.000000000000000 ) ;
#818 = CARTESIAN_POINT ( 'NONE',  ( 0.2439393077466658344, -0.3799597177910607471, 0.03252501763653810329 ) ) ;
#819 = CARTESIAN_POINT ( 'NONE',  ( 0.2439393077466658344, -0.3339942165360473281, -0.01344048361847528447 ) ) ;
#820 = DIRECTION ( 'NONE',  ( 0.000000000000000000, -1.000000000000000000, 0.000000000000000000 ) ) ;
#821 = VECTOR ( 'NONE', #162, 1000.000000000000000 ) ;
#822 = ORIENTED_EDGE ( 'NONE', *, *, #643, .F. ) ;
#823 = VERTEX_POINT ( 'NONE', #12 ) ;
#824 = ORIENTED_EDGE ( 'NONE', *, *, #760, .T. ) ;
#825 = CARTESIAN_POINT ( 'NONE',  ( -0.4418638144163722359, -0.8544964753067179064, -0.4225102292962838457 ) ) ;
#826 = LINE ( 'NONE', #1188, #1415 ) ;
#827 = CARTESIAN_POINT ( 'NONE',  ( -0.4418638144163722359, 0.5821148042954770174, -0.4225102292962838457 ) ) ;
#828 = EDGE_CURVE ( 'NONE', #1181, #1649, #207, .T. ) ;
#829 = DIRECTION ( 'NONE',  ( 1.000000000000000000, 0.000000000000000000, 0.000000000000000000 ) ) ;
#830 = CARTESIAN_POINT ( 'NONE',  ( 0.2438542075160453071, 0.6276183289887590222, -0.1624900881918141249 ) ) ;
#831 = FACE_OUTER_BOUND ( 'NONE', #1730, .T. ) ;
#832 = DIRECTION ( 'NONE',  ( 0.000000000000000000, 0.000000000000000000, 1.000000000000000000 ) ) ;
#833 = VERTEX_POINT ( 'NONE', #937 ) ;
#834 = VERTEX_POINT ( 'NONE', #2286 ) ;
#835 = ORIENTED_EDGE ( 'NONE', *, *, #718, .T. ) ;
#836 = CARTESIAN_POINT ( 'NONE',  ( -0.5315196823163265138, 0.5995563517963529154, -0.1624900881918141249 ) ) ;
#837 = CARTESIAN_POINT ( 'NONE',  ( -0.6764600833467158125, 0.6934052929387466424, -0.3358368489281271518 ) ) ;
#838 = CARTESIAN_POINT ( 'NONE',  ( -0.5064068731307589388, 0.08999166053402855858, -0.1434505541707101484 ) ) ;
#839 = CARTESIAN_POINT ( 'NONE',  ( -0.09080425656376746313, 0.7342896456611129885, -0.4225102292962838457 ) ) ;
#840 = CARTESIAN_POINT ( 'NONE',  ( 0.4310131691173956781, 0.8713539872613537129, -0.1624900881918141249 ) ) ;
#841 = EDGE_CURVE ( 'NONE', #1916, #1249, #1847, .T. ) ;
#842 = CARTESIAN_POINT ( 'NONE',  ( 0.5200407526606855013, 0.7374872901565129313, -0.4225102292962838457 ) ) ;
#843 = CARTESIAN_POINT ( 'NONE',  ( 0.4743805162173337364, -0.3016270087001702294, 0.03252501763653810329 ) ) ;
#844 = ORIENTED_EDGE ( 'NONE', *, *, #1596, .T. ) ;
#845 = EDGE_CURVE ( 'NONE', #856, #1265, #2253, .T. ) ;
#846 = ORIENTED_EDGE ( 'NONE', *, *, #520, .F. ) ;
#847 = DIRECTION ( 'NONE',  ( 0.000000000000000000, -1.000000000000000000, 0.000000000000000000 ) ) ;
#848 = VERTEX_POINT ( 'NONE', #1306 ) ;
#849 = FACE_OUTER_BOUND ( 'NONE', #1610, .T. ) ;
#850 = CARTESIAN_POINT ( 'NONE',  ( -0.4386827923995291201, 0.8761395356272105861, -0.1624900881918141249 ) ) ;
#851 = LINE ( 'NONE', #1851, #1314 ) ;
#852 = FACE_OUTER_BOUND ( 'NONE', #755, .T. ) ;
#853 = CARTESIAN_POINT ( 'NONE',  ( -0.6264121682420026316, 0.8603501683976515491, -0.4225102292962838457 ) ) ;
#854 = LINE ( 'NONE', #2394, #1134 ) ;
#855 = CARTESIAN_POINT ( 'NONE',  ( 0.1951855341955293643, 0.1075780390306160378, 0.2925451587410076160 ) ) ;
#856 = VERTEX_POINT ( 'NONE', #577 ) ;
#857 = EDGE_CURVE ( 'NONE', #429, #1000, #2068, .T. ) ;
#858 = DIRECTION ( 'NONE',  ( 0.000000000000000000, 0.000000000000000000, 1.000000000000000000 ) ) ;
#859 = VERTEX_POINT ( 'NONE', #366 ) ;
#860 = VECTOR ( 'NONE', #1734, 1000.000000000000000 ) ;
#861 = VECTOR ( 'NONE', #1606, 1000.000000000000000 ) ;
#862 = CARTESIAN_POINT ( 'NONE',  ( -0.3870844049288208466, 0.2375881115201517180, 0.2925451587410076160 ) ) ;
#863 = B_SPLINE_CURVE_WITH_KNOTS ( 'NONE', 3,
 ( #1366, #1755, #1595, #2154, #1793, #2339, #628, #1966, #2126, #2314, #615, #463, #1025 ),
 .UNSPECIFIED., .F., .F.,
 ( 4, 3, 3, 3, 4 ),
 ( 4.400399341527133627E-19, 2.803450433296355746E-05, 6.399258642689904504E-05, 0.0001236449724559375910, 0.0001238613139041985453 ),
 .UNSPECIFIED. ) ;
#864 = DIRECTION ( 'NONE',  ( 0.000000000000000000, -1.000000000000000000, 0.000000000000000000 ) ) ;
#865 = CARTESIAN_POINT ( 'NONE',  ( -0.3898597861954784527, -0.3149546825149431850, 0.2925451587410076160 ) ) ;
#866 = FACE_OUTER_BOUND ( 'NONE', #2119, .T. ) ;
#867 = CARTESIAN_POINT ( 'NONE',  ( -0.4418638144163722359, -0.3339942165360473836, -0.01344048361847521508 ) ) ;
#868 = CARTESIAN_POINT ( 'NONE',  ( 0.4386828635060367465, 0.8761397306541717223, -0.1624900881918141249 ) ) ;
#869 = ORIENTED_EDGE ( 'NONE', *, *, #1658, .T. ) ;
#870 = CARTESIAN_POINT ( 'NONE',  ( 0.4422046653388243542, -0.8544964753067179064, -0.4225102292962838457 ) ) ;
#871 = AXIS2_PLACEMENT_3D ( 'NONE', #508, #1638, #2397 ) ;
#872 = ORIENTED_EDGE ( 'NONE', *, *, #857, .F. ) ;
#873 = ORIENTED_EDGE ( 'NONE', *, *, #1052, .T. ) ;
#874 = EDGE_CURVE ( 'NONE', #1121, #371, #1817, .T. ) ;
#875 = CARTESIAN_POINT ( 'NONE',  ( 0.3765305597616493971, 0.8390417165080502615, -0.4225102292962838457 ) ) ;
#876 = CARTESIAN_POINT ( 'NONE',  ( 0.4156737796736240109, 0.8620580582757877419, -0.4225102292962838457 ) ) ;
#877 = CARTESIAN_POINT ( 'NONE',  ( -0.4418638144163722359, 0.6276183289887590222, -0.4225102292962838457 ) ) ;
#878 = EDGE_CURVE ( 'NONE', #580, #560, #1328, .T. ) ;
#879 = CARTESIAN_POINT ( 'NONE',  ( -0.5523723743857725799, 0.5821148042954770174, -0.1624900881918141249 ) ) ;
#880 = DIRECTION ( 'NONE',  ( 0.9905827575275433228, 0.1369153040720000880, 0.000000000000000000 ) ) ;
#881 = DIRECTION ( 'NONE',  ( -0.2712518789107289940, 0.9625083990217431218, 0.000000000000000000 ) ) ;
#882 = DIRECTION ( 'NONE',  ( 0.000000000000000000, 0.000000000000000000, 1.000000000000000000 ) ) ;
#883 =( BOUNDED_CURVE ( )  B_SPLINE_CURVE ( 3, ( #514, #1652, #552, #2028 ),
 .UNSPECIFIED., .F., .F. ) 
 B_SPLINE_CURVE_WITH_KNOTS ( ( 4, 4 ),
 ( 0.7853981633974469467, 1.570796326794899889 ),
 .UNSPECIFIED. ) 
 CURVE ( )  GEOMETRIC_REPRESENTATION_ITEM ( )  RATIONAL_B_SPLINE_CURVE ( ( 1.000000000000000000, 0.9492530216741910110, 0.9492530216741910110, 1.000000000000000000 ) ) 
 REPRESENTATION_ITEM ( '' )  );
#884 = ORIENTED_EDGE ( 'NONE', *, *, #1853, .F. ) ;
#885 = CYLINDRICAL_SURFACE ( 'NONE', #212, 0.08125629409514681378 ) ;
#886 = ORIENTED_EDGE ( 'NONE', *, *, #2202, .T. ) ;
#887 = ORIENTED_EDGE ( 'NONE', *, *, #189, .T. ) ;
#888 = CARTESIAN_POINT ( 'NONE',  ( -0.5064068731307589388, 0.08999166053402855858, -0.1434505541707101484 ) ) ;
#889 = EDGE_CURVE ( 'NONE', #549, #191, #2148, .T. ) ;
#890 = LINE ( 'NONE', #1552, #1007 ) ;
#891 = LINE ( 'NONE', #1628, #2108 ) ;
#892 = FACE_OUTER_BOUND ( 'NONE', #2097, .T. ) ;
#893 = ADVANCED_FACE ( 'NONE', ( #237 ), #445, .F. ) ;
#894 = CARTESIAN_POINT ( 'NONE',  ( -0.4873673391096551843, -0.2695437070990447936, 0.03241440009209647921 ) ) ;
#895 = CARTESIAN_POINT ( 'NONE',  ( -0.3870844049288208466, -0.02243203539621860601, 0.4225552292932425735 ) ) ;
#896 = ORIENTED_EDGE ( 'NONE', *, *, #773, .F. ) ;
#897 = VECTOR ( 'NONE', #995, 1000.000000000000000 ) ;
#898 = CARTESIAN_POINT ( 'NONE',  ( 0.3902006371179305155, 0.6276183289887590222, 0.2925451587410076160 ) ) ;
#899 = ORIENTED_EDGE ( 'NONE', *, *, #1017, .T. ) ;
#900 = ORIENTED_EDGE ( 'NONE', *, *, #193, .F. ) ;
#901 = VECTOR ( 'NONE', #33, 1000.000000000000000 ) ;
#902 = CARTESIAN_POINT ( 'NONE',  ( 0.3902006429298331414, -0.02243203539621860601, 0.2925451587410076160 ) ) ;
#903 = CARTESIAN_POINT ( 'NONE',  ( -0.4418638144163722359, 0.5821148042954770174, -0.09748505291569678488 ) ) ;
#904 = CARTESIAN_POINT ( 'NONE',  ( -0.5200403026607157697, 0.7374869618097367185, -0.1624900881918141249 ) ) ;
#905 = AXIS2_PLACEMENT_3D ( 'NONE', #825, #1786, #2133 ) ;
#906 = FACE_OUTER_BOUND ( 'NONE', #604, .T. ) ;
#907 = CARTESIAN_POINT ( 'NONE',  ( -0.4877958568350430069, 0.02237267371631321625, -0.4225102292962838457 ) ) ;
#908 = EDGE_CURVE ( 'NONE', #2116, #1209, #1637, .T. ) ;
#909 = FACE_OUTER_BOUND ( 'NONE', #1662, .T. ) ;
#910 = ORIENTED_EDGE ( 'NONE', *, *, #206, .T. ) ;
#911 =( NAMED_UNIT ( * ) SI_UNIT ( $, .STERADIAN. ) SOLID_ANGLE_UNIT ( ) );
#912 = PRODUCT ( '004733', '004733', '', ( #1859 ) ) ;
#913 = AXIS2_PLACEMENT_3D ( 'NONE', #730, #126, #1656 ) ;
#914 = VERTEX_POINT ( 'NONE', #1933 ) ;
#915 = CARTESIAN_POINT ( 'NONE',  ( 0.1951855341955293643, 0.1075780390306160378, 0.4225552292932425735 ) ) ;
#916 = CARTESIAN_POINT ( 'NONE',  ( -0.3898597861954784527, -0.3799597177910607471, 0.03252501763653810329 ) ) ;
#917 = CC_DESIGN_APPROVAL ( #2364, ( #605 ) ) ;
#918 = CARTESIAN_POINT ( 'NONE',  ( -0.4873673391096551843, 0.01614254479658472005, -0.09748505291569678488 ) ) ;
#919 = DIRECTION ( 'NONE',  ( 1.000000000000000000, 0.000000000000000000, 0.000000000000000000 ) ) ;
#920 = CARTESIAN_POINT ( 'NONE',  ( -0.4740396652948815071, -0.8866723261852273996, -0.4225102292962838457 ) ) ;
#921 = EDGE_CURVE ( 'NONE', #1712, #1184, #1973, .T. ) ;
#922 = ORIENTED_EDGE ( 'NONE', *, *, #1771, .F. ) ;
#923 = DIRECTION ( 'NONE',  ( 0.000000000000000000, 0.000000000000000000, -1.000000000000000000 ) ) ;
#924 = EDGE_CURVE ( 'NONE', #1280, #684, #1423, .T. ) ;
#925 = VERTEX_POINT ( 'NONE', #458 ) ;
#926 = ORIENTED_EDGE ( 'NONE', *, *, #337, .T. ) ;
#927 = CARTESIAN_POINT ( 'NONE',  ( 0.4743805162173336254, -0.8866723261852273996, -0.4225102292962838457 ) ) ;
#928 = LINE ( 'NONE', #1153, #901 ) ;
#929 = FACE_OUTER_BOUND ( 'NONE', #932, .T. ) ;
#930 = CARTESIAN_POINT ( 'NONE',  ( -0.09080425656376746313, 0.7342896456611129885, -0.1624900881918141249 ) ) ;
#931 = ORIENTED_EDGE ( 'NONE', *, *, #2054, .T. ) ;
#932 = EDGE_LOOP ( 'NONE', ( #1068, #261, #1770, #1545 ) ) ;
#933 = ORIENTED_EDGE ( 'NONE', *, *, #747, .T. ) ;
#934 = ORIENTED_EDGE ( 'NONE', *, *, #2368, .F. ) ;
#935 = EDGE_CURVE ( 'NONE', #646, #1015, #2320, .T. ) ;
#936 = DIRECTION ( 'NONE',  ( 0.000000000000000000, 0.000000000000000000, 1.000000000000000000 ) ) ;
#937 = CARTESIAN_POINT ( 'NONE',  ( -0.4418638144163722359, 0.6276183289887590222, 0.4225552292932425735 ) ) ;
#938 = CIRCLE ( 'NONE', #1140, 0.06500503527611739552 ) ;
#939 = CARTESIAN_POINT ( 'NONE',  ( -0.4873673391096551843, -0.3701565254392721882, -0.03248001763957929916 ) ) ;
#940 = VECTOR ( 'NONE', #796, 1000.000000000000000 ) ;
#941 = PLANE ( 'NONE',  #1385 ) ;
#942 = VERTEX_POINT ( 'NONE', #58 ) ;
#943 = APPROVAL_STATUS ( 'not_yet_approved' ) ;
#944 = VERTEX_POINT ( 'NONE', #801 ) ;
#945 = AXIS2_PLACEMENT_3D ( 'NONE', #895, #1487, #731 ) ;
#946 = FACE_BOUND ( 'NONE', #1289, .T. ) ;
#947 = AXIS2_PLACEMENT_3D ( 'NONE', #1192, #1008, #1416 ) ;
#948 = ORIENTED_EDGE ( 'NONE', *, *, #409, .T. ) ;
#949 = ADVANCED_FACE ( 'NONE', ( #1400 ), #1601, .T. ) ;
#950 = AXIS2_PLACEMENT_3D ( 'NONE', #2150, #72, #416 ) ;
#951 = CARTESIAN_POINT ( 'NONE',  ( -0.6764595428371140695, 0.6934054452632493204, -0.4225102292962838457 ) ) ;
#952 = CARTESIAN_POINT ( 'NONE',  ( 0.4787432938374280300, 0.6263299259947805453, -0.1624900881918141249 ) ) ;
#953 = ADVANCED_FACE ( 'NONE', ( #1561 ), #1186, .F. ) ;
#954 = CARTESIAN_POINT ( 'NONE',  ( -0.1934569897337972688, -0.02243203539621860601, 0.4225552292932425735 ) ) ;
#955 = CARTESIAN_POINT ( 'NONE',  ( -0.3870844049288208466, 0.1075780390306160378, 0.4225552292932425735 ) ) ;
#956 = CALENDAR_DATE ( 2026, 29, 6 ) ;
#957 = ORIENTED_EDGE ( 'NONE', *, *, #2289, .F. ) ;
#958 = VERTEX_POINT ( 'NONE', #1947 ) ;
#959 = EDGE_CURVE ( 'NONE', #787, #2129, #649, .T. ) ;
#960 = CARTESIAN_POINT ( 'NONE',  ( 0.4422046653388243542, 0.5821148042954770174, -0.09748505291569678488 ) ) ;
#961 = CARTESIAN_POINT ( 'NONE',  ( 0.4156737796736240109, 0.8620580582757877419, -0.4225102292962838457 ) ) ;
#962 = ADVANCED_FACE ( 'NONE', ( #1549 ), #95, .F. ) ;
#963 = CARTESIAN_POINT ( 'NONE',  ( -0.5200403026607157697, 0.7374869618097367185, -0.4225102292962838457 ) ) ;
#964 = CARTESIAN_POINT ( 'NONE',  ( 0.4422046653388243542, 0.5821148042954770174, -0.09748505291569678488 ) ) ;
#965 = ORIENTED_EDGE ( 'NONE', *, *, #2004, .T. ) ;
#966 = VERTEX_POINT ( 'NONE', #407 ) ;
#967 = ORIENTED_EDGE ( 'NONE', *, *, #2156, .F. ) ;
#968 = CARTESIAN_POINT ( 'NONE',  ( 0.3902006429298331414, -0.02243203539621860601, 0.4225552292932425735 ) ) ;
#969 = DIRECTION ( 'NONE',  ( -0.7071067811865444641, -0.7071067811865504593, 0.000000000000000000 ) ) ;
#970 = CARTESIAN_POINT ( 'NONE',  ( 0.3902006371179305155, -0.3149546825149431850, 0.03252501763653810329 ) ) ;
#971 = CARTESIAN_POINT ( 'NONE',  ( 0.3902006371179305155, -0.3799597177910607471, 0.03252501763653810329 ) ) ;
#972 = AXIS2_PLACEMENT_3D ( 'NONE', #2345, #1170, #1213 ) ;
#973 = ADVANCED_FACE ( 'NONE', ( #610 ), #1161, .T. ) ;
#974 = VECTOR ( 'NONE', #1727, 1000.000000000000000 ) ;
#975 = DIRECTION ( 'NONE',  ( 1.000000000000000000, 0.000000000000000000, 0.000000000000000000 ) ) ;
#976 = VERTEX_POINT ( 'NONE', #415 ) ;
#977 = ORIENTED_EDGE ( 'NONE', *, *, #596, .F. ) ;
#978 = VECTOR ( 'NONE', #258, 1000.000000000000000 ) ;
#979 = CARTESIAN_POINT ( 'NONE',  ( -0.4706769149364821159, 0.6276183289887592442, -0.1624900881918141249 ) ) ;
#980 = DIRECTION ( 'NONE',  ( 0.000000000000000000, 0.000000000000000000, 1.000000000000000000 ) ) ;
#981 = DIRECTION ( 'NONE',  ( 0.000000000000000000, 0.000000000000000000, -1.000000000000000000 ) ) ;
#982 = CARTESIAN_POINT ( 'NONE',  ( -0.2647434724340297363, 0.7836954205629942383, -0.4225102292962838457 ) ) ;
#983 = CARTESIAN_POINT ( 'NONE',  ( 0.4877081900321063035, 0.01622858975146683480, -0.09757488947064164864 ) ) ;
#984 = LINE ( 'NONE', #101, #817 ) ;
#985 = AXIS2_PLACEMENT_3D ( 'NONE', #1797, #1611, #155 ) ;
#986 = EDGE_CURVE ( 'NONE', #549, #797, #2258, .T. ) ;
#987 = DIRECTION ( 'NONE',  ( -0.9625083990217432328, -0.2712518789107290496, 0.000000000000000000 ) ) ;
#988 = VERTEX_POINT ( 'NONE', #1281 ) ;
#989 = ORIENTED_EDGE ( 'NONE', *, *, #1040, .T. ) ;
#990 = EDGE_CURVE ( 'NONE', #810, #2107, #1810, .T. ) ;
#991 = VERTEX_POINT ( 'NONE', #2387 ) ;
#992 = CARTESIAN_POINT ( 'NONE',  ( -0.4540225401907550529, 0.8859861077963983034, -0.4225102292962838457 ) ) ;
#993 = CARTESIAN_POINT ( 'NONE',  ( -0.4418638144163722359, 0.5821148042954770174, -0.4225102292962838457 ) ) ;
#994 = LINE ( 'NONE', #1373, #1633 ) ;
#995 = DIRECTION ( 'NONE',  ( 0.000000000000000000, 0.000000000000000000, 1.000000000000000000 ) ) ;
#996 = PLANE ( 'NONE',  #1671 ) ;
#997 = B_SPLINE_CURVE_WITH_KNOTS ( 'NONE', 3,
 ( #588, #208, #1724, #1913, #387, #398, #567, #1141, #1341, #1903, #952, #1717, #1126 ),
 .UNSPECIFIED., .F., .F.,
 ( 4, 3, 3, 3, 4 ),
 ( -2.163414482609387452E-07, 0.000000000000000000, 4.038089177860886713E-05, 7.921909874911649730E-05, 0.0001022707857570403475 ),
 .UNSPECIFIED. ) ;
#998 = DIRECTION ( 'NONE',  ( 1.000000000000000000, 0.000000000000000000, 0.000000000000000000 ) ) ;
#999 = ORIENTED_EDGE ( 'NONE', *, *, #491, .F. ) ;
#1000 = VERTEX_POINT ( 'NONE', #862 ) ;
#1001 = ORIENTED_EDGE ( 'NONE', *, *, #441, .T. ) ;
#1002 = ADVANCED_FACE ( 'NONE', ( #1640 ), #2199, .T. ) ;
#1003 = CARTESIAN_POINT ( 'NONE',  ( -0.5522064479341748378, 0.5822536280502734751, -0.1624900881918141249 ) ) ;
#1004 = FACE_OUTER_BOUND ( 'NONE', #2271, .T. ) ;
#1005 = LINE ( 'NONE', #662, #17 ) ;
#1006 = DIRECTION ( 'NONE',  ( 0.000000000000000000, 0.000000000000000000, 1.000000000000000000 ) ) ;
#1007 = VECTOR ( 'NONE', #1006, 1000.000000000000000 ) ;
#1008 = DIRECTION ( 'NONE',  ( 0.000000000000000000, 0.000000000000000000, 1.000000000000000000 ) ) ;
#1009 = CARTESIAN_POINT ( 'NONE',  ( 0.5200407526606855013, 0.7374872901565129313, -0.1624900881918141249 ) ) ;
#1010 = VECTOR ( 'NONE', #2451, 1000.000000000000000 ) ;
#1011 = LINE ( 'NONE', #629, #1629 ) ;
#1012 = AXIS2_PLACEMENT_3D ( 'NONE', #541, #363, #1292 ) ;
#1013 = EDGE_LOOP ( 'NONE', ( #374, #1475, #1301, #1208 ) ) ;
#1014 = ORIENTED_EDGE ( 'NONE', *, *, #2054, .F. ) ;
#1015 = VERTEX_POINT ( 'NONE', #902 ) ;
#1016 = CARTESIAN_POINT ( 'NONE',  ( -0.5522617568414546207, 0.5822073535730085680, -0.1624900881918141249 ) ) ;
#1017 = EDGE_CURVE ( 'NONE', #2318, #481, #2027, .T. ) ;
#1018 = CYLINDRICAL_SURFACE ( 'NONE', #1538, 0.04550352469328229621 ) ;
#1019 = DIRECTION ( 'NONE',  ( 1.000000000000000000, 0.000000000000000000, 0.000000000000000000 ) ) ;
#1020 = AXIS2_PLACEMENT_3D ( 'NONE', #655, #987, #666 ) ;
#1021 = CARTESIAN_POINT ( 'NONE',  ( -0.09080425656376746313, 0.7342896456611129885, -0.1624900881918141249 ) ) ;
#1022 = EDGE_CURVE ( 'NONE', #1818, #976, #158, .T. ) ;
#1023 = CARTESIAN_POINT ( 'NONE',  ( 0.3902006429298331414, 0.05069863800726542857, 0.4225552292932425735 ) ) ;
#1024 = CIRCLE ( 'NONE', #1111, 0.04550352469328229621 ) ;
#1025 = CARTESIAN_POINT ( 'NONE',  ( 0.4877081900321063035, -0.2694511578216609027, 0.03252501763653810329 ) ) ;
#1026 = CIRCLE ( 'NONE', #2431, 0.04550352469328226152 ) ;
#1027 = FACE_OUTER_BOUND ( 'NONE', #484, .T. ) ;
#1028 = ORIENTED_EDGE ( 'NONE', *, *, #1278, .F. ) ;
#1029 = CC_DESIGN_APPROVAL ( #2263, ( #2153 ) ) ;
#1030 = ORIENTED_EDGE ( 'NONE', *, *, #1911, .T. ) ;
#1031 = CARTESIAN_POINT ( 'NONE',  ( 0.0001704254612256916272, -0.6074773412574715481, -0.03248001763957929916 ) ) ;
#1032 = ORIENTED_EDGE ( 'NONE', *, *, #2110, .T. ) ;
#1033 = CARTESIAN_POINT ( 'NONE',  ( -0.1816087840808110476, 0.7542742181108853528, -0.4225102292962838457 ) ) ;
#1034 = CARTESIAN_POINT ( 'NONE',  ( -0.3870844049288208466, -0.1524421059484533936, 0.4225552292932425735 ) ) ;
#1035 = CARTESIAN_POINT ( 'NONE',  ( -0.4877958357030716119, 0.02237267656850784603, -0.1049366879104791650 ) ) ;
#1036 = APPROVAL ( #1288, '未' ) ;
#1037 = DIRECTION ( 'NONE',  ( -0.7071067811865474617, -0.7071067811865474617, 0.000000000000000000 ) ) ;
#1038 = CARTESIAN_POINT ( 'NONE',  ( 0.4743805162173337364, -0.3016270087001702294, 0.4225552292932425735 ) ) ;
#1039 = CARTESIAN_POINT ( 'NONE',  ( -0.4740396652948816181, -0.3016270087001702294, 0.4225552292932425735 ) ) ;
#1040 = EDGE_CURVE ( 'NONE', #1795, #1121, #2010, .T. ) ;
#1041 = CARTESIAN_POINT ( 'NONE',  ( 0.3902006371179305155, -0.3799597177910607471, 0.03252501763653810329 ) ) ;
#1042 = EDGE_LOOP ( 'NONE', ( #1909, #1908 ) ) ;
#1043 = CARTESIAN_POINT ( 'NONE',  ( 0.4422046653388243542, -0.2694511578216609027, 0.4225552292932425735 ) ) ;
#1044 = VERTEX_POINT ( 'NONE', #311 ) ;
#1045 = DIRECTION ( 'NONE',  ( 0.000000000000000000, 0.000000000000000000, -1.000000000000000000 ) ) ;
#1046 = CARTESIAN_POINT ( 'NONE',  ( 0.2439393077466658344, -0.3799597177910607471, 0.03252501763653810329 ) ) ;
#1047 = CARTESIAN_POINT ( 'NONE',  ( 0.4422046653388243542, -0.8544964753067179064, -0.03248001763957929916 ) ) ;
#1048 = CARTESIAN_POINT ( 'NONE',  ( -0.4873673391096551843, 0.01614254479658472005, -0.4225102292962838457 ) ) ;
#1049 = CARTESIAN_POINT ( 'NONE',  ( 0.3902006371179305155, -0.7049848941716482242, -0.03248001763957929916 ) ) ;
#1050 = CIRCLE ( 'NONE', #625, 0.1625125881902936276 ) ;
#1051 = CARTESIAN_POINT ( 'NONE',  ( 0.4386828635060367465, 0.8761397306541717223, -0.4225102292962838457 ) ) ;
#1052 = EDGE_CURVE ( 'NONE', #1211, #2116, #2065, .T. ) ;
#1053 = VECTOR ( 'NONE', #1838, 1000.000000000000000 ) ;
#1054 = ORIENTED_EDGE ( 'NONE', *, *, #1868, .F. ) ;
#1055 = EDGE_CURVE ( 'NONE', #145, #1822, #108, .T. ) ;
#1056 = EDGE_LOOP ( 'NONE', ( #272, #440, #1807, #1147, #1743, #1519, #394, #1784, #1708, #1160, #455, #1536, #2302, #91, #1356, #734 ) ) ;
#1057 = VERTEX_POINT ( 'NONE', #2357 ) ;
#1058 = VECTOR ( 'NONE', #1200, 1000.000000000000000 ) ;
#1059 = CARTESIAN_POINT ( 'NONE',  ( 0.6012970467558322873, 0.7374872901565129313, -0.4225102292962838457 ) ) ;
#1060 = DIRECTION ( 'NONE',  ( 0.000000000000000000, 0.000000000000000000, -1.000000000000000000 ) ) ;
#1061 = LINE ( 'NONE', #1825, #2075 ) ;
#1062 = CARTESIAN_POINT ( 'NONE',  ( -0.3870844049288208466, -0.1524421059484533936, 0.4225552292932425735 ) ) ;
#1063 = DIRECTION ( 'NONE',  ( 0.000000000000000000, 0.000000000000000000, 1.000000000000000000 ) ) ;
#1064 = B_SPLINE_CURVE_WITH_KNOTS ( 'NONE', 5,
 ( #2103, #1156, #219, #782, #614, #1553, #2072, #186, #930, #1691, #1, #752, #570, #1127, #16 ),
 .UNSPECIFIED., .F., .F.,
 ( 6, 1, 1, 1, 1, 1, 1, 1, 1, 1, 6 ),
 ( 0.04223198036594860011, 0.1000000000000000056, 0.2000000000000000111, 0.2999999999999999889, 0.4000000000000000222, 0.5000000000000000000, 0.5999999999999999778, 0.6999999999999999556, 0.8000000000000000444, 0.9000000000000000222, 0.9577671605133079025 ),
 .UNSPECIFIED. ) ;
#1065 = VECTOR ( 'NONE', #998, 1000.000000000000000 ) ;
#1066 = DIRECTION ( 'NONE',  ( 0.000000000000000000, 0.000000000000000000, -1.000000000000000000 ) ) ;
#1067 = FACE_BOUND ( 'NONE', #444, .T. ) ;
#1068 = ORIENTED_EDGE ( 'NONE', *, *, #2171, .T. ) ;
#1069 = ADVANCED_FACE ( 'NONE', ( #849 ), #2401, .F. ) ;
#1070 = DIRECTION ( 'NONE',  ( 0.000000000000000000, 0.000000000000000000, 1.000000000000000000 ) ) ;
#1071 = CIRCLE ( 'NONE', #2272, 0.06500503527611749266 ) ;
#1072 = ORIENTED_EDGE ( 'NONE', *, *, #553, .T. ) ;
#1073 = ORIENTED_EDGE ( 'NONE', *, *, #811, .T. ) ;
#1074 = EDGE_CURVE ( 'NONE', #429, #2257, #1613, .T. ) ;
#1075 = DESIGN_CONTEXT ( 'detailed design', #515, 'design' ) ;
#1076 = DIRECTION ( 'NONE',  ( 1.000000000000000000, 0.000000000000000000, 0.000000000000000000 ) ) ;
#1077 = DIRECTION ( 'NONE',  ( 1.000000000000000000, 0.000000000000000000, 0.000000000000000000 ) ) ;
#1078 = CARTESIAN_POINT ( 'NONE',  ( 0.4422046653388243542, 0.6276183289887590222, 0.4225552292932425735 ) ) ;
#1079 = DIRECTION ( 'NONE',  ( 0.000000000000000000, 0.000000000000000000, -1.000000000000000000 ) ) ;
#1080 = DIRECTION ( 'NONE',  ( 0.7071067811865450192, 0.7071067811865499042, 0.000000000000000000 ) ) ;
#1081 = CARTESIAN_POINT ( 'NONE',  ( 0.4633460768963988397, 0.6276183289887591332, -0.1624900881918141804 ) ) ;
#1082 = ORIENTED_EDGE ( 'NONE', *, *, #1162, .F. ) ;
#1083 = DIRECTION ( 'NONE',  ( 0.000000000000000000, 0.000000000000000000, 1.000000000000000000 ) ) ;
#1084 = VERTEX_POINT ( 'NONE', #289 ) ;
#1085 = ORIENTED_EDGE ( 'NONE', *, *, #704, .T. ) ;
#1086 = CARTESIAN_POINT ( 'NONE',  ( 0.2647438347003168713, 0.7836954498049335527, -0.4225102292962838457 ) ) ;
#1087 = CARTESIAN_POINT ( 'NONE',  ( -0.4418638144163722359, -0.8999999999999999112, -0.4225102292962838457 ) ) ;
#1088 = CARTESIAN_POINT ( 'NONE',  ( -0.6264121682420026316, 0.8603501683976515491, -0.1624900881918141249 ) ) ;
#1089 = EDGE_CURVE ( 'NONE', #1832, #509, #1701, .T. ) ;
#1090 = DIRECTION ( 'NONE',  ( 0.000000000000000000, -1.000000000000000000, 0.000000000000000000 ) ) ;
#1091 = CARTESIAN_POINT ( 'NONE',  ( 0.6012970467558322873, 0.7374872901565129313, -0.4225102292962838457 ) ) ;
#1092 = DIRECTION ( 'NONE',  ( 0.7071067811865477948, 0.000000000000000000, -0.7071067811865471286 ) ) ;
#1093 = ORIENTED_EDGE ( 'NONE', *, *, #1623, .F. ) ;
#1094 = AXIS2_PLACEMENT_3D ( 'NONE', #993, #1214, #431 ) ;
#1095 = ORIENTED_EDGE ( 'NONE', *, *, #1836, .F. ) ;
#1096 = ORIENTED_EDGE ( 'NONE', *, *, #247, .F. ) ;
#1097 = VECTOR ( 'NONE', #2215, 1000.000000000000000 ) ;
#1098 = CARTESIAN_POINT ( 'NONE',  ( -0.4540225401907550529, 0.8859861077963983034, -0.1624900881918141249 ) ) ;
#1099 = DIRECTION ( 'NONE',  ( 1.000000000000000000, 0.000000000000000000, 0.000000000000000000 ) ) ;
#1100 = VECTOR ( 'NONE', #2262, 1000.000000000000000 ) ;
#1101 = CIRCLE ( 'NONE', #42, 0.08125629409514681378 ) ;
#1102 = EDGE_CURVE ( 'NONE', #2208, #1860, #2041, .T. ) ;
#1103 = DIRECTION ( 'NONE',  ( 0.000000000000000000, 0.000000000000000000, 1.000000000000000000 ) ) ;
#1104 = CARTESIAN_POINT ( 'NONE',  ( -0.3898597861954784527, 0.6276183289887590222, 0.2925451587410076160 ) ) ;
#1105 = EDGE_CURVE ( 'NONE', #2079, #2438, #1424, .T. ) ;
#1106 = CARTESIAN_POINT ( 'NONE',  ( 0.4881352469282282946, 0.02237297775955120194, -0.4225102292962838457 ) ) ;
#1107 = VERTEX_POINT ( 'NONE', #927 ) ;
#1108 = AXIS2_PLACEMENT_3D ( 'NONE', #1869, #2433, #1092 ) ;
#1109 = DIRECTION ( 'NONE',  ( 1.000000000000000000, 0.000000000000000000, 0.000000000000000000 ) ) ;
#1110 = EDGE_LOOP ( 'NONE', ( #1798, #1370, #1528, #39, #1835, #1464, #30, #2439, #2063, #648, #90, #1287, #1072, #1676, #2089, #1647, #2273, #926, #2049, #1757, #105 ) ) ;
#1111 = AXIS2_PLACEMENT_3D ( 'NONE', #2430, #163, #1080 ) ;
#1112 = ORIENTED_EDGE ( 'NONE', *, *, #1244, .T. ) ;
#1113 = DIRECTION ( 'NONE',  ( -0.7071067811865444641, -0.7071067811865504593, 0.000000000000000000 ) ) ;
#1114 = CIRCLE ( 'NONE', #795, 0.1625125881902936276 ) ;
#1115 = CARTESIAN_POINT ( 'NONE',  ( -0.3884720984681013789, 0.4942473027017325604, 0.4225552292932425735 ) ) ;
#1116 = CARTESIAN_POINT ( 'NONE',  ( 0.4877081900321063035, 0.5821148042954770174, 0.4225552292932425735 ) ) ;
#1117 = CARTESIAN_POINT ( 'NONE',  ( 0.3902006371179305155, -0.1524421059484533936, 0.2925451587410076160 ) ) ;
#1118 = ADVANCED_FACE ( 'NONE', ( #2090, #1482, #946, #1740 ), #376, .T. ) ;
#1119 = VERTEX_POINT ( 'NONE', #2051 ) ;
#1120 = PERSON_AND_ORGANIZATION_ROLE ( 'design_owner' ) ;
#1121 = VERTEX_POINT ( 'NONE', #2450 ) ;
#1122 = EDGE_LOOP ( 'NONE', ( #1266, #2396, #886, #1599 ) ) ;
#1123 = CYLINDRICAL_SURFACE ( 'NONE', #234, 0.06500503527611747878 ) ;
#1124 = ORIENTED_EDGE ( 'NONE', *, *, #2252, .T. ) ;
#1125 = DIRECTION ( 'NONE',  ( 0.000000000000000000, 0.000000000000000000, -1.000000000000000000 ) ) ;
#1126 = CARTESIAN_POINT ( 'NONE',  ( 0.4633460768963988397, 0.6276183289887591332, -0.1624900881918141804 ) ) ;
#1127 = CARTESIAN_POINT ( 'NONE',  ( -0.4051821233031678293, 0.8557628169178472799, -0.1624900881918141249 ) ) ;
#1128 = EDGE_LOOP ( 'NONE', ( #1598, #2170, #2260, #467, #32, #403, #2098, #550, #595, #547, #1014, #706, #1583, #1548 ) ) ;
#1129 = ORIENTED_EDGE ( 'NONE', *, *, #675, .T. ) ;
#1130 = EDGE_CURVE ( 'NONE', #324, #1084, #745, .T. ) ;
#1131 = DATE_AND_TIME ( #956, #1551 ) ;
#1132 = ORIENTED_EDGE ( 'NONE', *, *, #2449, .F. ) ;
#1133 = ORIENTED_EDGE ( 'NONE', *, *, #1052, .F. ) ;
#1134 = VECTOR ( 'NONE', #1814, 1000.000000000000000 ) ;
#1135 = EDGE_CURVE ( 'NONE', #1437, #810, #2240, .T. ) ;
#1136 = PLANE ( 'NONE',  #591 ) ;
#1137 =( BOUNDED_CURVE ( )  B_SPLINE_CURVE ( 3, ( #1992, #2338, #294, #1175 ),
 .UNSPECIFIED., .F., .F. ) 
 B_SPLINE_CURVE_WITH_KNOTS ( ( 4, 4 ),
 ( 0.2292155848331074997, 0.7853981633974469467 ),
 .UNSPECIFIED. ) 
 CURVE ( )  GEOMETRIC_REPRESENTATION_ITEM ( )  RATIONAL_B_SPLINE_CURVE ( ( 1.000000000000000000, 0.9743874468880130424, 0.9743874468880130424, 1.000000000000000000 ) ) 
 REPRESENTATION_ITEM ( '' )  );
#1138 = AXIS2_PLACEMENT_3D ( 'NONE', #726, #159, #1060 ) ;
#1139 = CYLINDRICAL_SURFACE ( 'NONE', #1856, 0.04550352469328226152 ) ;
#1140 = AXIS2_PLACEMENT_3D ( 'NONE', #1444, #1852, #2203 ) ;
#1141 = CARTESIAN_POINT ( 'NONE',  ( 0.5100294747739070322, 0.6142593272168680452, -0.1624900881918141249 ) ) ;
#1142 = VECTOR ( 'NONE', #354, 1000.000000000000000 ) ;
#1143 = AXIS2_PLACEMENT_3D ( 'NONE', #88, #975, #1739 ) ;
#1144 = PLANE ( 'NONE',  #641 ) ;
#1145 = DIRECTION ( 'NONE',  ( 0.000000000000000000, 0.000000000000000000, 1.000000000000000000 ) ) ;
#1146 = DATE_AND_TIME ( #1501, #1352 ) ;
#1147 = ORIENTED_EDGE ( 'NONE', *, *, #217, .T. ) ;
#1148 = ADVANCED_FACE ( 'NONE', ( #756 ), #1123, .F. ) ;
#1149 = AXIS2_PLACEMENT_3D ( 'NONE', #971, #47, #35 ) ;
#1150 = VERTEX_POINT ( 'NONE', #1862 ) ;
#1151 = EDGE_CURVE ( 'NONE', #1119, #1882, #616, .T. ) ;
#1152 = VECTOR ( 'NONE', #1361, 1000.000000000000000 ) ;
#1153 = CARTESIAN_POINT ( 'NONE',  ( 0.1951855341955293643, 0.3642372302121963945, 0.4225552292932425735 ) ) ;
#1154 = LINE ( 'NONE', #34, #1235 ) ;
#1155 = AXIS2_PLACEMENT_3D ( 'NONE', #1624, #2410, #1648 ) ;
#1156 = CARTESIAN_POINT ( 'NONE',  ( 0.4051826050263991896, 0.8557631712263602530, -0.1624900881918141249 ) ) ;
#1157 = LINE ( 'NONE', #1166, #974 ) ;
#1158 = ORIENTED_EDGE ( 'NONE', *, *, #2122, .F. ) ;
#1159 = ORIENTED_EDGE ( 'NONE', *, *, #2354, .F. ) ;
#1160 = ORIENTED_EDGE ( 'NONE', *, *, #2434, .F. ) ;
#1161 = CYLINDRICAL_SURFACE ( 'NONE', #1779, 0.04550352469328226152 ) ;
#1162 = EDGE_CURVE ( 'NONE', #1920, #2235, #1521, .T. ) ;
#1163 = DIRECTION ( 'NONE',  ( 0.7071067811865472397, -0.7071067811865477948, 0.000000000000000000 ) ) ;
#1164 = ORIENTED_EDGE ( 'NONE', *, *, #959, .T. ) ;
#1165 = CARTESIAN_POINT ( 'NONE',  ( 0.4877081900321063035, -0.3149546825149431850, -0.03248001763957929916 ) ) ;
#1166 = CARTESIAN_POINT ( 'NONE',  ( 0.2439393077466658344, 0.6276183289887590222, 0.2925451587410076160 ) ) ;
#1167 = VERTEX_POINT ( 'NONE', #385 ) ;
#1168 = EDGE_LOOP ( 'NONE', ( #869, #2109, #2435, #1503, #2274, #205 ) ) ;
#1169 = ORIENTED_EDGE ( 'NONE', *, *, #86, .F. ) ;
#1170 = DIRECTION ( 'NONE',  ( 0.000000000000000000, 0.000000000000000000, 1.000000000000000000 ) ) ;
#1171 = CARTESIAN_POINT ( 'NONE',  ( 0.3902006429298331414, -0.07931143545092265990, 0.4225552292932425735 ) ) ;
#1172 = CIRCLE ( 'NONE', #2095, 0.06500503527611749266 ) ;
#1173 = ADVANCED_FACE ( 'NONE', ( #194, #1367, #564 ), #1136, .T. ) ;
#1174 = CARTESIAN_POINT ( 'NONE',  ( 0.2647438347002905590, 0.7836954498049245599, -0.1624900881918141249 ) ) ;
#1175 = CARTESIAN_POINT ( 'NONE',  ( 0.5067477240532101135, 0.09011331722901999575, -0.1434505541707101484 ) ) ;
#1176 = AXIS2_PLACEMENT_3D ( 'NONE', #2413, #660, #1268 ) ;
#1177 = AXIS2_PLACEMENT_3D ( 'NONE', #842, #665, #478 ) ;
#1178 = DIRECTION ( 'NONE',  ( 0.7071067811865474617, -0.7071067811865474617, 0.000000000000000000 ) ) ;
#1179 = ADVANCED_FACE ( 'NONE', ( #1316 ), #576, .F. ) ;
#1180 = CARTESIAN_POINT ( 'NONE',  ( -0.4418638144163722359, 0.5821148042954770174, 0.4225552292932425735 ) ) ;
#1181 = VERTEX_POINT ( 'NONE', #423 ) ;
#1182 = ORIENTED_EDGE ( 'NONE', *, *, #409, .F. ) ;
#1183 = B_SPLINE_CURVE_WITH_KNOTS ( 'NONE', 3,
 ( #1035, #2404, #2188, #1243 ),
 .UNSPECIFIED., .F., .F.,
 ( 4, 4 ),
 ( 0.01440366716509882024, 0.02922251056171749906 ),
 .UNSPECIFIED. ) ;
#1184 = VERTEX_POINT ( 'NONE', #1098 ) ;
#1185 = AXIS2_PLACEMENT_3D ( 'NONE', #1646, #882, #2046 ) ;
#1186 = CYLINDRICAL_SURFACE ( 'NONE', #972, 0.08125629409514681378 ) ;
#1187 = B_SPLINE_CURVE_WITH_KNOTS ( 'NONE', 5,
 ( #579, #2084, #1512, #410, #1707, #2093 ),
 .UNSPECIFIED., .F., .F.,
 ( 6, 6 ),
 ( 0.9577671605133679655, 1.000000000000000000 ),
 .UNSPECIFIED. ) ;
#1188 = CARTESIAN_POINT ( 'NONE',  ( 0.4002945515007885757, 0.6276183289887590222, -0.4225102292962838457 ) ) ;
#1189 = CARTESIAN_POINT ( 'NONE',  ( -0.5523723743857725799, 0.5444171096108865182, -0.1624900881918141249 ) ) ;
#1190 = AXIS2_PLACEMENT_3D ( 'NONE', #827, #1563, #1589 ) ;
#1191 = CARTESIAN_POINT ( 'NONE',  ( 0.4877081900321063035, -0.8544964753067179064, -0.4225102292962838457 ) ) ;
#1192 = CARTESIAN_POINT ( 'NONE',  ( 0.5332117147253883083, 0.01615342709702341159, -0.4225102292962838457 ) ) ;
#1193 = VECTOR ( 'NONE', #1070, 1000.000000000000000 ) ;
#1194 = CARTESIAN_POINT ( 'NONE',  ( 0.5067477240532104465, -0.2193920548834955020, -0.1434505541707101761 ) ) ;
#1195 = DIRECTION ( 'NONE',  ( -0.7071067811865474617, -0.7071067811865474617, 0.000000000000000000 ) ) ;
#1196 = EDGE_CURVE ( 'NONE', #1044, #425, #2440, .T. ) ;
#1197 = ORIENTED_EDGE ( 'NONE', *, *, #1625, .T. ) ;
#1198 = ORIENTED_EDGE ( 'NONE', *, *, #1257, .F. ) ;
#1199 = ORIENTED_EDGE ( 'NONE', *, *, #2368, .T. ) ;
#1200 = DIRECTION ( 'NONE',  ( 0.000000000000000000, 0.000000000000000000, 1.000000000000000000 ) ) ;
#1201 = CARTESIAN_POINT ( 'NONE',  ( -0.4310129188363622244, 0.8713537001971390916, -0.1624900881918141249 ) ) ;
#1202 = PLANE ( 'NONE',  #1590 ) ;
#1203 = ORIENTED_EDGE ( 'NONE', *, *, #1406, .T. ) ;
#1204 = CARTESIAN_POINT ( 'NONE',  ( -0.4387840085655689282, 0.7374869618097367185, -0.4225102292962838457 ) ) ;
#1205 = CYLINDRICAL_SURFACE ( 'NONE', #947, 0.04550352469328226845 ) ;
#1206 = DIRECTION ( 'NONE',  ( 0.000000000000000000, 1.000000000000000000, 0.000000000000000000 ) ) ;
#1207 = CARTESIAN_POINT ( 'NONE',  ( -0.4877958357030716119, 0.02237267656850784603, -0.1049366879104791650 ) ) ;
#1208 = ORIENTED_EDGE ( 'NONE', *, *, #785, .T. ) ;
#1209 = VERTEX_POINT ( 'NONE', #204 ) ;
#1210 = EDGE_CURVE ( 'NONE', #1491, #411, #41, .T. ) ;
#1211 = VERTEX_POINT ( 'NONE', #1664 ) ;
#1212 = ADVANCED_FACE ( 'NONE', ( #2425 ), #183, .F. ) ;
#1213 = DIRECTION ( 'NONE',  ( 1.000000000000000000, 0.000000000000000000, 0.000000000000000000 ) ) ;
#1214 = DIRECTION ( 'NONE',  ( 0.000000000000000000, 0.000000000000000000, 1.000000000000000000 ) ) ;
#1215 = CYLINDRICAL_SURFACE ( 'NONE', #2073, 0.08125629409514681378 ) ;
#1216 = CARTESIAN_POINT ( 'NONE',  ( -0.4051821233031678293, 0.8557628169178472799, -0.4225102292962838457 ) ) ;
#1217 = TOROIDAL_SURFACE ( 'NONE', #2330, 0.1105085599693996501, 0.06500503527611739552 ) ;
#1218 = CARTESIAN_POINT ( 'NONE',  ( -0.4540225401907550529, 0.8859861077963983034, -0.4225102292962838457 ) ) ;
#1219 = DIRECTION ( 'NONE',  ( 0.000000000000000000, 0.000000000000000000, 1.000000000000000000 ) ) ;
#1220 = CIRCLE ( 'NONE', #2175, 0.1625125881902936276 ) ;
#1221 = LINE ( 'NONE', #2155, #2067 ) ;
#1222 = ORIENTED_EDGE ( 'NONE', *, *, #2217, .F. ) ;
#1223 = ORIENTED_EDGE ( 'NONE', *, *, #1911, .F. ) ;
#1224 = CARTESIAN_POINT ( 'NONE',  ( 0.3902006371179305155, 0.6276183289887590222, -0.4225102292962838457 ) ) ;
#1225 = ORIENTED_EDGE ( 'NONE', *, *, #414, .F. ) ;
#1226 = EDGE_CURVE ( 'NONE', #2367, #2062, #1420, .T. ) ;
#1227 = DIRECTION ( 'NONE',  ( 0.000000000000000000, 0.000000000000000000, -1.000000000000000000 ) ) ;
#1228 = LINE ( 'NONE', #264, #2014 ) ;
#1229 = DIRECTION ( 'NONE',  ( -1.000000000000000000, 0.000000000000000000, 0.000000000000000000 ) ) ;
#1230 = EDGE_CURVE ( 'NONE', #1408, #362, #1493, .T. ) ;
#1231 = CARTESIAN_POINT ( 'NONE',  ( 0.3765305597615710709, 0.8390417165080069628, -0.1624900881918141249 ) ) ;
#1232 = DIRECTION ( 'NONE',  ( 1.000000000000000000, 0.000000000000000000, 0.000000000000000000 ) ) ;
#1233 = AXIS2_PLACEMENT_3D ( 'NONE', #2287, #1532, #408 ) ;
#1234 = CARTESIAN_POINT ( 'NONE',  ( -0.4873673391096551843, 0.02243190211922137939, -0.4225102292962838457 ) ) ;
#1235 = VECTOR ( 'NONE', #599, 1000.000000000000000 ) ;
#1236 = FACE_OUTER_BOUND ( 'NONE', #1368, .T. ) ;
#1237 = LOCAL_TIME ( 9, 57, 46.00000000000000000, #190 ) ;
#1238 = ORIENTED_EDGE ( 'NONE', *, *, #1523, .T. ) ;
#1239 = CARTESIAN_POINT ( 'NONE',  ( -0.5523723743857725799, 0.5821148042954770174, -0.09748505291569678488 ) ) ;
#1240 = ORIENTED_EDGE ( 'NONE', *, *, #990, .T. ) ;
#1241 = CARTESIAN_POINT ( 'NONE',  ( 2.391657465572709872E-07, 0.7274476684246398150, -0.4225102292962838457 ) ) ;
#1242 = CARTESIAN_POINT ( 'NONE',  ( -0.6764600833467158125, 0.6934052929387466424, -0.2491634685599705135 ) ) ;
#1243 = CARTESIAN_POINT ( 'NONE',  ( -0.4890733391005598341, 0.02848546136669889012, -0.1122798744154877293 ) ) ;
#1244 = EDGE_CURVE ( 'NONE', #52, #859, #551, .T. ) ;
#1245 = DIRECTION ( 'NONE',  ( 0.7071067811865477948, 0.000000000000000000, -0.7071067811865471286 ) ) ;
#1246 = CARTESIAN_POINT ( 'NONE',  ( -0.4873673391096548513, -0.2694974325142328042, 0.03246970890939666898 ) ) ;
#1247 = CARTESIAN_POINT ( 'NONE',  ( -0.6012965967558625557, 0.7374869618097367185, -0.1624900881918141249 ) ) ;
#1248 = LINE ( 'NONE', #494, #2060 ) ;
#1249 = VERTEX_POINT ( 'NONE', #1207 ) ;
#1250 = EDGE_LOOP ( 'NONE', ( #116, #1240, #22, #933 ) ) ;
#1251 = ORIENTED_EDGE ( 'NONE', *, *, #1623, .T. ) ;
#1252 = CARTESIAN_POINT ( 'NONE',  ( -0.4156731723765385023, 0.8620575981433182822, -0.4225102292962838457 ) ) ;
#1253 = CARTESIAN_POINT ( 'NONE',  ( 0.5332117147253883083, 0.01615342709702341159, -0.4225102292962838457 ) ) ;
#1254 = DIRECTION ( 'NONE',  ( 1.000000000000000000, 0.000000000000000000, 0.000000000000000000 ) ) ;
#1255 = CARTESIAN_POINT ( 'NONE',  ( -0.4310129188363631125, 0.8713537001971390916, -0.4225102292962838457 ) ) ;
#1256 = CARTESIAN_POINT ( 'NONE',  ( -0.4873673391096551843, -0.2695899818993766073, 0.03235909145511382118 ) ) ;
#1257 = EDGE_CURVE ( 'NONE', #1150, #1167, #1248, .T. ) ;
#1258 = LINE ( 'NONE', #2016, #2453 ) ;
#1259 = CARTESIAN_POINT ( 'NONE',  ( 0.4156737796736240109, 0.8620580582757877419, -0.4225102292962838457 ) ) ;
#1260 = AXIS2_PLACEMENT_3D ( 'NONE', #1253, #312, #2227 ) ;
#1261 = EDGE_CURVE ( 'NONE', #823, #77, #1472, .T. ) ;
#1262 = ORIENTED_EDGE ( 'NONE', *, *, #380, .T. ) ;
#1263 = AXIS2_PLACEMENT_3D ( 'NONE', #1865, #1680, #397 ) ;
#1264 = DIRECTION ( 'NONE',  ( 0.000000000000000000, 1.000000000000000000, 0.000000000000000000 ) ) ;
#1265 = VERTEX_POINT ( 'NONE', #807 ) ;
#1266 = ORIENTED_EDGE ( 'NONE', *, *, #2385, .T. ) ;
#1267 = AXIS2_PLACEMENT_3D ( 'NONE', #598, #1350, #2114 ) ;
#1268 = DIRECTION ( 'NONE',  ( 0.7071067811865450192, 0.7071067811865499042, 0.000000000000000000 ) ) ;
#1269 = CARTESIAN_POINT ( 'NONE',  ( -0.4873673391096551843, -0.8999999999999999112, -0.4225102292962838457 ) ) ;
#1270 = CARTESIAN_POINT ( 'NONE',  ( 0.5200407526606855013, 0.7374872901565129313, -0.1624900881918141249 ) ) ;
#1271 = CARTESIAN_POINT ( 'NONE',  ( -0.4418638144163722359, -0.2694511578216609027, 0.4225552292932425735 ) ) ;
#1272 = DIRECTION ( 'NONE',  ( 0.000000000000000000, 0.000000000000000000, 1.000000000000000000 ) ) ;
#1273 = AXIS2_PLACEMENT_3D ( 'NONE', #166, #2408, #1682 ) ;
#1274 = LINE ( 'NONE', #1298, #563 ) ;
#1275 = TOROIDAL_SURFACE ( 'NONE', #1434, 0.1105085599693996501, 0.04550352469328224764 ) ;
#1276 = VERTEX_POINT ( 'NONE', #843 ) ;
#1277 = VECTOR ( 'NONE', #2174, 1000.000000000000000 ) ;
#1278 = EDGE_CURVE ( 'NONE', #743, #345, #1597, .T. ) ;
#1279 = DIRECTION ( 'NONE',  ( -0.7071067811865444641, -0.7071067811865504593, 0.000000000000000000 ) ) ;
#1280 = VERTEX_POINT ( 'NONE', #1436 ) ;
#1281 = CARTESIAN_POINT ( 'NONE',  ( 0.4877081900321063035, -0.3701565254392728543, -0.03248001763957929916 ) ) ;
#1282 = PLANE ( 'NONE',  #1657 ) ;
#1283 = CARTESIAN_POINT ( 'NONE',  ( 0.4422046653388243542, -0.2694511578216609027, 0.03252501763653810329 ) ) ;
#1284 = DIRECTION ( 'NONE',  ( 1.000000000000000000, 0.000000000000000000, 0.000000000000000000 ) ) ;
#1285 = CARTESIAN_POINT ( 'NONE',  ( -0.4873673391096551843, 0.5444171096108865182, -0.09748505291569678488 ) ) ;
#1286 = CARTESIAN_POINT ( 'NONE',  ( 0.2439393077466658344, -0.3149546825149431850, 0.2925451587410076160 ) ) ;
#1287 = ORIENTED_EDGE ( 'NONE', *, *, #1546, .F. ) ;
#1288 = APPROVAL_STATUS ( 'not_yet_approved' ) ;
#1289 = EDGE_LOOP ( 'NONE', ( #2026, #2157, #1673, #887 ) ) ;
#1290 = ORIENTED_EDGE ( 'NONE', *, *, #382, .T. ) ;
#1291 = EDGE_CURVE ( 'NONE', #1809, #695, #1011, .T. ) ;
#1292 = DIRECTION ( 'NONE',  ( 0.000000000000000000, 0.000000000000000000, -1.000000000000000000 ) ) ;
#1293 = PLANE ( 'NONE',  #422 ) ;
#1294 = CARTESIAN_POINT ( 'NONE',  ( 0.3902006429298331414, 0.3642372302121963945, 0.4225552292932425735 ) ) ;
#1295 = ADVANCED_FACE ( 'NONE', ( #1236 ), #1806, .F. ) ;
#1296 = CARTESIAN_POINT ( 'NONE',  ( -0.4890733391005598341, 0.02848546136669889012, -0.4225102292962838457 ) ) ;
#1297 = CARTESIAN_POINT ( 'NONE',  ( -0.4873673391096551843, -0.3205871970741829280, -0.01768052280030433035 ) ) ;
#1298 = CARTESIAN_POINT ( 'NONE',  ( 0.4743805162173336254, -0.8866723261852273996, -0.4225102292962838457 ) ) ;
#1299 = ORIENTED_EDGE ( 'NONE', *, *, #2350, .F. ) ;
#1300 = ORIENTED_EDGE ( 'NONE', *, *, #1839, .T. ) ;
#1301 = ORIENTED_EDGE ( 'NONE', *, *, #760, .F. ) ;
#1302 = DIRECTION ( 'NONE',  ( 0.000000000000000000, 1.000000000000000000, 0.000000000000000000 ) ) ;
#1303 = EDGE_CURVE ( 'NONE', #333, #944, #2180, .T. ) ;
#1304 = LINE ( 'NONE', #301, #1053 ) ;
#1305 = AXIS2_PLACEMENT_3D ( 'NONE', #1688, #936, #1555 ) ;
#1306 = CARTESIAN_POINT ( 'NONE',  ( 0.4877081900321063035, 0.5821148042954770174, -0.09748505291569678488 ) ) ;
#1307 = EDGE_CURVE ( 'NONE', #1057, #1425, #2142, .T. ) ;
#1308 = DIRECTION ( 'NONE',  ( -0.7071067811865477948, 0.000000000000000000, -0.7071067811865471286 ) ) ;
#1309 = CARTESIAN_POINT ( 'NONE',  ( 0.4540222516184465595, 0.8859861077963983034, -0.1624900881918141249 ) ) ;
#1310 = VECTOR ( 'NONE', #2395, 1000.000000000000000 ) ;
#1311 = DIRECTION ( 'NONE',  ( 0.000000000000000000, 1.000000000000000000, 0.000000000000000000 ) ) ;
#1312 = DATE_AND_TIME ( #2259, #1237 ) ;
#1313 = ORIENTED_EDGE ( 'NONE', *, *, #690, .T. ) ;
#1314 = VECTOR ( 'NONE', #689, 1000.000000000000000 ) ;
#1315 = ORIENTED_EDGE ( 'NONE', *, *, #2096, .F. ) ;
#1316 = FACE_OUTER_BOUND ( 'NONE', #1110, .T. ) ;
#1317 = ORIENTED_EDGE ( 'NONE', *, *, #2184, .T. ) ;
#1318 = CARTESIAN_POINT ( 'NONE',  ( 0.5200407526606855013, 0.7374872901565129313, -0.4225102292962838457 ) ) ;
#1319 = CARTESIAN_POINT ( 'NONE',  ( -0.4873673391096551843, -0.3608116906616178898, -0.03248001763957934773 ) ) ;
#1320 = ADVANCED_FACE ( 'NONE', ( #1607 ), #2005, .T. ) ;
#1321 = CARTESIAN_POINT ( 'NONE',  ( 0.0001704254612256916272, -0.1361908355056202780, -0.4225102292962838457 ) ) ;
#1322 = ORIENTED_EDGE ( 'NONE', *, *, #1560, .F. ) ;
#1323 = EDGE_CURVE ( 'NONE', #1015, #1425, #1620, .T. ) ;
#1324 = APPLICATION_PROTOCOL_DEFINITION ( 'international standard', 'config_control_design', 1994, #2087 ) ;
#1325 = ORIENTED_EDGE ( 'NONE', *, *, #2279, .F. ) ;
#1326 = ORIENTED_EDGE ( 'NONE', *, *, #540, .T. ) ;
#1327 = CARTESIAN_POINT ( 'NONE',  ( 0.3902006371179305155, -0.8024924470858240122, -0.4225102292962838457 ) ) ;
#1328 = LINE ( 'NONE', #620, #2134 ) ;
#1329 = CARTESIAN_POINT ( 'NONE',  ( 0.5527132253082238655, -0.2193920548834955020, -0.09748505291569678488 ) ) ;
#1330 = FACE_OUTER_BOUND ( 'NONE', #1744, .T. ) ;
#1331 = ADVANCED_FACE ( 'NONE', ( #1995 ), #2379, .T. ) ;
#1332 = ORIENTED_EDGE ( 'NONE', *, *, #874, .F. ) ;
#1333 = EDGE_CURVE ( 'NONE', #107, #765, #1221, .T. ) ;
#1334 = PERSON_AND_ORGANIZATION ( #1694, #1520 ) ;
#1335 = ORIENTED_EDGE ( 'NONE', *, *, #1244, .F. ) ;
#1336 = ORIENTED_EDGE ( 'NONE', *, *, #637, .T. ) ;
#1337 = VECTOR ( 'NONE', #661, 1000.000000000000000 ) ;
#1338 = EDGE_LOOP ( 'NONE', ( #2284, #18, #1124, #668 ) ) ;
#1339 = DIRECTION ( 'NONE',  ( 0.000000000000000000, 0.000000000000000000, -1.000000000000000000 ) ) ;
#1340 = VECTOR ( 'NONE', #1877, 1000.000000000000000 ) ;
#1341 = CARTESIAN_POINT ( 'NONE',  ( 0.4984264786696653848, 0.6204875088424216534, -0.1624900881918141249 ) ) ;
#1342 = DIRECTION ( 'NONE',  ( 0.000000000000000000, 0.000000000000000000, -1.000000000000000000 ) ) ;
#1343 = ORIENTED_EDGE ( 'NONE', *, *, #1428, .T. ) ;
#1344 = VERTEX_POINT ( 'NONE', #2194 ) ;
#1345 = ORIENTED_EDGE ( 'NONE', *, *, #149, .F. ) ;
#1346 = ADVANCED_FACE ( 'NONE', ( #1027 ), #1756, .T. ) ;
#1347 = VECTOR ( 'NONE', #1354, 1000.000000000000000 ) ;
#1348 = ORIENTED_EDGE ( 'NONE', *, *, #1898, .T. ) ;
#1349 = AXIS2_PLACEMENT_3D ( 'NONE', #1615, #1653, #2242 ) ;
#1350 = DIRECTION ( 'NONE',  ( -1.000000000000000000, 0.000000000000000000, 0.000000000000000000 ) ) ;
#1351 = CARTESIAN_POINT ( 'NONE',  ( 0.4743805162173336254, 0.6142906551739865106, 0.4225552292932425735 ) ) ;
#1352 = LOCAL_TIME ( 9, 57, 46.00000000000000000, #1907 ) ;
#1353 = ORIENTED_EDGE ( 'NONE', *, *, #1151, .F. ) ;
#1354 = DIRECTION ( 'NONE',  ( 0.000000000000000000, 1.000000000000000000, 0.000000000000000000 ) ) ;
#1355 = ORIENTED_EDGE ( 'NONE', *, *, #523, .F. ) ;
#1356 = ORIENTED_EDGE ( 'NONE', *, *, #86, .T. ) ;
#1357 = ORIENTED_EDGE ( 'NONE', *, *, #2354, .T. ) ;
#1358 = VERTEX_POINT ( 'NONE', #2327 ) ;
#1359 = EDGE_CURVE ( 'NONE', #2059, #1344, #439, .T. ) ;
#1360 = DIRECTION ( 'NONE',  ( 0.000000000000000000, 0.000000000000000000, 1.000000000000000000 ) ) ;
#1361 = DIRECTION ( 'NONE',  ( 0.000000000000000000, -1.000000000000000000, 0.000000000000000000 ) ) ;
#1362 = EDGE_CURVE ( 'NONE', #1491, #52, #1768, .T. ) ;
#1363 = EDGE_LOOP ( 'NONE', ( #1892, #835, #236, #808 ) ) ;
#1364 = DIRECTION ( 'NONE',  ( 0.000000000000000000, 1.000000000000000000, 0.000000000000000000 ) ) ;
#1365 = DIRECTION ( 'NONE',  ( 0.2712518789107289940, -0.9625083990217431218, 0.000000000000000000 ) ) ;
#1366 = CARTESIAN_POINT ( 'NONE',  ( 0.4877081900321063035, -0.3701565254392728543, -0.03248001763957929916 ) ) ;
#1367 = FACE_BOUND ( 'NONE', #1042, .T. ) ;
#1368 = EDGE_LOOP ( 'NONE', ( #2131, #259, #1353, #2112 ) ) ;
#1369 = ORIENTED_EDGE ( 'NONE', *, *, #1022, .F. ) ;
#1370 = ORIENTED_EDGE ( 'NONE', *, *, #2434, .T. ) ;
#1371 = CARTESIAN_POINT ( 'NONE',  ( -0.5418828459743447734, 0.5908909218909432770, -0.1624900881918141249 ) ) ;
#1372 = CARTESIAN_POINT ( 'NONE',  ( -0.4418638144163722359, -0.2694511578216609027, 0.03252501763653810329 ) ) ;
#1373 = CARTESIAN_POINT ( 'NONE',  ( 0.4877081900321063035, 0.02243190211922137939, -0.4225102292962838457 ) ) ;
#1374 = VECTOR ( 'NONE', #1964, 1000.000000000000000 ) ;
#1375 = ADVANCED_FACE ( 'NONE', ( #1582 ), #453, .F. ) ;
#1376 = CARTESIAN_POINT ( 'NONE',  ( 0.5200407526606855013, 0.7374872901565129313, -0.4225102292962838457 ) ) ;
#1377 = CARTESIAN_POINT ( 'NONE',  ( 0.4877081900321063035, 0.01615342709702341159, -0.09748505291569678488 ) ) ;
#1378 = VECTOR ( 'NONE', #338, 1000.000000000000000 ) ;
#1379 = VECTOR ( 'NONE', #2205, 1000.000000000000000 ) ;
#1380 = LINE ( 'NONE', #1939, #357 ) ;
#1381 = CARTESIAN_POINT ( 'NONE',  ( -0.3870844049288208466, -0.1443164707270400415, 0.4225552292932425735 ) ) ;
#1382 = ORIENTED_EDGE ( 'NONE', *, *, #1105, .T. ) ;
#1383 = ORIENTED_EDGE ( 'NONE', *, *, #1958, .T. ) ;
#1384 = VERTEX_POINT ( 'NONE', #269 ) ;
#1385 = AXIS2_PLACEMENT_3D ( 'NONE', #1321, #1542, #1891 ) ;
#1386 = VECTOR ( 'NONE', #138, 1000.000000000000000 ) ;
#1387 = CARTESIAN_POINT ( 'NONE',  ( -0.4918501613926490879, 0.03833871948774871669, -0.1241603943832511048 ) ) ;
#1388 = CARTESIAN_POINT ( 'NONE',  ( -0.5200403026607157697, 0.7374869618097367185, -0.4225102292962838457 ) ) ;
#1389 = CARTESIAN_POINT ( 'NONE',  ( 0.3902006371179305155, 0.6276183289887590222, 0.2925451587410076160 ) ) ;
#1390 = CARTESIAN_POINT ( 'NONE',  ( -0.3297172666716448597, 0.8138280168809726156, -0.4225102292962838457 ) ) ;
#1391 = CARTESIAN_POINT ( 'NONE',  ( 0.4877083762624472296, 0.01630375250089893119, -0.09766472613911121592 ) ) ;
#1392 = ADVANCED_FACE ( 'NONE', ( #2255 ), #2218, .F. ) ;
#1393 = DIRECTION ( 'NONE',  ( 1.000000000000000000, 0.000000000000000000, 0.000000000000000000 ) ) ;
#1394 = B_SPLINE_CURVE_WITH_KNOTS ( 'NONE', 5,
 ( #1496, #2299, #2254, #2443, #1923, #961 ),
 .UNSPECIFIED., .F., .F.,
 ( 6, 6 ),
 ( 0.000000000000000000, 0.04223198036580479847 ),
 .UNSPECIFIED. ) ;
#1395 = CARTESIAN_POINT ( 'NONE',  ( 0.3902006371179305155, 0.6276183289887590222, 0.2925451587410076160 ) ) ;
#1396 = EDGE_LOOP ( 'NONE', ( #80, #1981 ) ) ;
#1397 = ADVANCED_FACE ( 'NONE', ( #1855 ), #332, .T. ) ;
#1398 = ORIENTED_EDGE ( 'NONE', *, *, #50, .F. ) ;
#1399 = ORIENTED_EDGE ( 'NONE', *, *, #262, .F. ) ;
#1400 = FACE_OUTER_BOUND ( 'NONE', #248, .T. ) ;
#1401 = DIRECTION ( 'NONE',  ( 0.000000000000000000, 1.000000000000000000, 0.000000000000000000 ) ) ;
#1402 = CARTESIAN_POINT ( 'NONE',  ( 0.5332117147253883083, 0.01615342709702341159, -0.4225102292962838457 ) ) ;
#1403 = CARTESIAN_POINT ( 'NONE',  ( 0.4422046653388243542, -0.8544964753067179064, -0.4225102292962838457 ) ) ;
#1404 = CARTESIAN_POINT ( 'NONE',  ( -0.5200403026607157697, 0.7374869618097367185, -0.1624900881918141249 ) ) ;
#1405 = DIRECTION ( 'NONE',  ( 1.000000000000000000, 0.000000000000000000, 0.000000000000000000 ) ) ;
#1406 = EDGE_CURVE ( 'NONE', #1649, #2318, #1635, .T. ) ;
#1407 = DIRECTION ( 'NONE',  ( 0.000000000000000000, 0.7071067811865479058, -0.7071067811865472397 ) ) ;
#1408 = VERTEX_POINT ( 'NONE', #717 ) ;
#1409 = ORIENTED_EDGE ( 'NONE', *, *, #1333, .F. ) ;
#1410 = ADVANCED_FACE ( 'NONE', ( #909 ), #1473, .T. ) ;
#1411 = ORIENTED_EDGE ( 'NONE', *, *, #569, .F. ) ;
#1412 = DIRECTION ( 'NONE',  ( -1.000000000000000000, 0.000000000000000000, 0.000000000000000000 ) ) ;
#1413 = FACE_OUTER_BOUND ( 'NONE', #2276, .T. ) ;
#1414 = DIRECTION ( 'NONE',  ( 0.000000000000000000, 0.000000000000000000, -1.000000000000000000 ) ) ;
#1415 = VECTOR ( 'NONE', #71, 1000.000000000000000 ) ;
#1416 = DIRECTION ( 'NONE',  ( -0.9906148611783176516, 0.1366828329113149165, 0.000000000000000000 ) ) ;
#1417 = DIRECTION ( 'NONE',  ( 0.000000000000000000, 0.000000000000000000, -1.000000000000000000 ) ) ;
#1418 = CIRCLE ( 'NONE', #556, 0.04550352469328226152 ) ;
#1419 = CARTESIAN_POINT ( 'NONE',  ( 0.3902006429298331414, 0.1075780390306160378, 0.4225552292932425735 ) ) ;
#1420 = CIRCLE ( 'NONE', #673, 0.04550352469328226152 ) ;
#1421 = AXIS2_PLACEMENT_3D ( 'NONE', #1009, #2179, #257 ) ;
#1422 = VERTEX_POINT ( 'NONE', #1081 ) ;
#1423 = B_SPLINE_CURVE_WITH_KNOTS ( 'NONE', 3,
 ( #252, #979, #634, #788, #1922, #224, #263, #836, #1371, #1003, #1016, #1749, #81 ),
 .UNSPECIFIED., .F., .F.,
 ( 4, 3, 3, 3, 4 ),
 ( 1.084202172485504193E-19, 2.301506688760347364E-05, 6.179157512813082101E-05, 0.0001021083174535967678, 0.0001023246589018577085 ),
 .UNSPECIFIED. ) ;
#1424 = B_SPLINE_CURVE_WITH_KNOTS ( 'NONE', 5,
 ( #676, #698, #875, #528, #1086, #1454, #1848, #1241, #2211, #1033, #1799, #1998, #122, #498, #1252 ),
 .UNSPECIFIED., .F., .F.,
 ( 6, 1, 1, 1, 1, 1, 1, 1, 1, 1, 6 ),
 ( 0.04223198036580479847, 0.1000000000000000056, 0.2000000000000000111, 0.2999999999999999889, 0.4000000000000000222, 0.5000000000000000000, 0.5999999999999999778, 0.6999999999999999556, 0.8000000000000001554, 0.9000000000000000222, 0.9577671605133679655 ),
 .UNSPECIFIED. ) ;
#1425 = VERTEX_POINT ( 'NONE', #153 ) ;
#1426 = DIRECTION ( 'NONE',  ( 0.000000000000000000, -1.000000000000000000, 0.000000000000000000 ) ) ;
#1427 = ORIENTED_EDGE ( 'NONE', *, *, #1040, .F. ) ;
#1428 = EDGE_CURVE ( 'NONE', #1882, #429, #2234, .T. ) ;
#1429 = DIRECTION ( 'NONE',  ( 0.000000000000000000, 0.000000000000000000, -1.000000000000000000 ) ) ;
#1430 = CARTESIAN_POINT ( 'NONE',  ( -0.4156731723765385023, 0.8620575981433182822, -0.1624900881918141249 ) ) ;
#1431 = CARTESIAN_POINT ( 'NONE',  ( 0.4422046653388243542, 0.6276183289887590222, -0.4225102292962838457 ) ) ;
#1432 = LINE ( 'NONE', #1062, #1097 ) ;
#1433 = CARTESIAN_POINT ( 'NONE',  ( -0.4418638144163722359, -0.8999999999999999112, -0.4225102292962838457 ) ) ;
#1434 = AXIS2_PLACEMENT_3D ( 'NONE', #492, #2204, #151 ) ;
#1435 = LINE ( 'NONE', #1634, #1379 ) ;
#1436 = CARTESIAN_POINT ( 'NONE',  ( -0.4630052259739476650, 0.6276183289887590222, -0.1624900881918141249 ) ) ;
#1437 = VERTEX_POINT ( 'NONE', #534 ) ;
#1438 = LINE ( 'NONE', #323, #1193 ) ;
#1439 = ORIENTED_EDGE ( 'NONE', *, *, #179, .T. ) ;
#1440 = CARTESIAN_POINT ( 'NONE',  ( -0.1941508365034379235, 0.4942473027017325604, 0.4225552292932425735 ) ) ;
#1441 = EDGE_CURVE ( 'NONE', #560, #695, #1670, .T. ) ;
#1442 = CARTESIAN_POINT ( 'NONE',  ( 0.3902006429298331414, 0.2375881115201517180, 0.4225552292932425735 ) ) ;
#1443 = FACE_OUTER_BOUND ( 'NONE', #1363, .T. ) ;
#1444 = CARTESIAN_POINT ( 'NONE',  ( -0.4418638144163722359, -0.3799597177910607471, 0.03252501763653810329 ) ) ;
#1445 = EDGE_CURVE ( 'NONE', #1722, #1276, #2421, .T. ) ;
#1446 = FACE_OUTER_BOUND ( 'NONE', #1559, .T. ) ;
#1447 = CARTESIAN_POINT ( 'NONE',  ( -0.4740396652948816736, 0.6142906551739863996, -0.4225102292962838457 ) ) ;
#1448 = CARTESIAN_POINT ( 'NONE',  ( 0.4463525576730554834, 0.8810171037705474273, -0.4225102292962838457 ) ) ;
#1449 = ORIENTED_EDGE ( 'NONE', *, *, #1196, .T. ) ;
#1450 = ORIENTED_EDGE ( 'NONE', *, *, #369, .T. ) ;
#1451 = DIRECTION ( 'NONE',  ( 0.000000000000000000, 0.000000000000000000, 1.000000000000000000 ) ) ;
#1452 = ORIENTED_EDGE ( 'NONE', *, *, #626, .F. ) ;
#1453 = VERTEX_POINT ( 'NONE', #2245 ) ;
#1454 = CARTESIAN_POINT ( 'NONE',  ( 0.1816091326433937891, 0.7542741933748362548, -0.4225102292962838457 ) ) ;
#1455 = DIRECTION ( 'NONE',  ( 1.000000000000000000, 0.000000000000000000, 0.000000000000000000 ) ) ;
#1456 = CC_DESIGN_DATE_AND_TIME_ASSIGNMENT ( #1312, #373, ( #2308 ) ) ;
#1457 = DIRECTION ( 'NONE',  ( 0.000000000000000000, 1.000000000000000000, 0.000000000000000000 ) ) ;
#1458 = LINE ( 'NONE', #703, #2106 ) ;
#1459 = EDGE_CURVE ( 'NONE', #1453, #585, #240, .T. ) ;
#1460 = AXIS2_PLACEMENT_3D ( 'NONE', #2312, #99, #1364 ) ;
#1461 = CARTESIAN_POINT ( 'NONE',  ( 0.4743805162173337919, -0.3016270087001702849, -0.2274951234679316037 ) ) ;
#1462 = AXIS2_PLACEMENT_3D ( 'NONE', #1376, #85, #829 ) ;
#1463 = EDGE_LOOP ( 'NONE', ( #2341, #900, #182, #2317 ) ) ;
#1464 = ORIENTED_EDGE ( 'NONE', *, *, #1323, .T. ) ;
#1465 = ORIENTED_EDGE ( 'NONE', *, *, #626, .T. ) ;
#1466 = VECTOR ( 'NONE', #2081, 1000.000000000000000 ) ;
#1467 = CARTESIAN_POINT ( 'NONE',  ( -0.5523723743857725799, 0.2530953455697197985, -0.1624900881918141249 ) ) ;
#1468 = CYLINDRICAL_SURFACE ( 'NONE', #779, 0.06500503527611747878 ) ;
#1469 = LINE ( 'NONE', #700, #603 ) ;
#1470 = CARTESIAN_POINT ( 'NONE',  ( 0.4743805162173336809, 0.6142906551739865106, -0.4225102292962838457 ) ) ;
#1471 = CARTESIAN_POINT ( 'NONE',  ( 0.5527132253082238655, 0.6276183289887590222, -0.09748505291569678488 ) ) ;
#1472 = CIRCLE ( 'NONE', #2185, 0.06500503527611747878 ) ;
#1473 = CYLINDRICAL_SURFACE ( 'NONE', #1185, 0.1625125881902936276 ) ;
#1474 = ADVANCED_FACE ( 'NONE', ( #1659 ), #344, .T. ) ;
#1475 = ORIENTED_EDGE ( 'NONE', *, *, #1196, .F. ) ;
#1476 = CIRCLE ( 'NONE', #175, 0.08125629409514681378 ) ;
#1477 = EDGE_CURVE ( 'NONE', #1107, #1358, #1274, .T. ) ;
#1478 = APPROVAL_STATUS ( 'not_yet_approved' ) ;
#1479 = TOROIDAL_SURFACE ( 'NONE', #871, 0.1105085599693996501, 0.04550352469328224764 ) ;
#1480 = ORIENTED_EDGE ( 'NONE', *, *, #1742, .F. ) ;
#1481 = ORIENTED_EDGE ( 'NONE', *, *, #1958, .F. ) ;
#1482 = FACE_BOUND ( 'NONE', #273, .T. ) ;
#1483 = CARTESIAN_POINT ( 'NONE',  ( -0.3870844049288208466, 0.2375881115201517180, 0.4225552292932425735 ) ) ;
#1484 = CARTESIAN_POINT ( 'NONE',  ( 0.4422046653388243542, -0.8544964753067179064, -0.03248001763957929916 ) ) ;
#1485 = CARTESIAN_POINT ( 'NONE',  ( -0.4418638144163722359, -0.2694511578216609027, 0.03252501763653810329 ) ) ;
#1486 = PLANE ( 'NONE',  #913 ) ;
#1487 = DIRECTION ( 'NONE',  ( -0.000000000000000000, 1.000000000000000000, 0.000000000000000000 ) ) ;
#1488 = EDGE_LOOP ( 'NONE', ( #2282, #510, #54, #1182, #822, #117 ) ) ;
#1489 = PERSON_AND_ORGANIZATION ( #1694, #1520 ) ;
#1490 = VERTEX_POINT ( 'NONE', #2018 ) ;
#1491 = VERTEX_POINT ( 'NONE', #2034 ) ;
#1492 = EDGE_CURVE ( 'NONE', #1490, #2356, #358, .T. ) ;
#1493 = LINE ( 'NONE', #1678, #1340 ) ;
#1494 = DIRECTION ( 'NONE',  ( 0.000000000000000000, 0.000000000000000000, -1.000000000000000000 ) ) ;
#1495 = CARTESIAN_POINT ( 'NONE',  ( -0.4873778221813518385, 0.01837075347742813530, -0.1001482785396593522 ) ) ;
#1496 = CARTESIAN_POINT ( 'NONE',  ( 0.4540222516184465595, 0.8859861077963983034, -0.4225102292962838457 ) ) ;
#1497 = CARTESIAN_POINT ( 'NONE',  ( 0.4540222516184465595, 0.8859861077963983034, -0.4225102292962838457 ) ) ;
#1498 = VERTEX_POINT ( 'NONE', #920 ) ;
#1499 = ORIENTED_EDGE ( 'NONE', *, *, #1459, .F. ) ;
#1500 = CIRCLE ( 'NONE', #79, 0.06500503527611747878 ) ;
#1501 = CALENDAR_DATE ( 2026, 29, 6 ) ;
#1502 = ORIENTED_EDGE ( 'NONE', *, *, #1492, .F. ) ;
#1503 = ORIENTED_EDGE ( 'NONE', *, *, #2350, .T. ) ;
#1504 = VECTOR ( 'NONE', #1802, 1000.000000000000000 ) ;
#1505 = CARTESIAN_POINT ( 'NONE',  ( 0.2439393077466658344, -0.3799597177910607471, 0.03252501763653810329 ) ) ;
#1506 = ORIENTED_EDGE ( 'NONE', *, *, #1210, .T. ) ;
#1507 = ADVANCED_FACE ( 'NONE', ( #739 ), #152, .T. ) ;
#1508 = VECTOR ( 'NONE', #881, 1000.000000000000114 ) ;
#1509 = LINE ( 'NONE', #1296, #1142 ) ;
#1510 = DIRECTION ( 'NONE',  ( 1.000000000000000000, 0.000000000000000000, 0.000000000000000000 ) ) ;
#1511 = ADVANCED_FACE ( 'NONE', ( #1067, #1831, #1915, #1330 ), #941, .F. ) ;
#1512 = CARTESIAN_POINT ( 'NONE',  ( -0.4310129188363622244, 0.8713537001971390916, -0.4225102292962838457 ) ) ;
#1513 = ORIENTED_EDGE ( 'NONE', *, *, #206, .F. ) ;
#1514 = LINE ( 'NONE', #740, #197 ) ;
#1515 = AXIS2_PLACEMENT_3D ( 'NONE', #653, #2163, #1618 ) ;
#1516 = PERSON_AND_ORGANIZATION ( #1694, #1520 ) ;
#1517 = ORIENTED_EDGE ( 'NONE', *, *, #1728, .T. ) ;
#1518 = AXIS2_PLACEMENT_3D ( 'NONE', #1402, #2347, #148 ) ;
#1519 = ORIENTED_EDGE ( 'NONE', *, *, #1323, .F. ) ;
#1520 = ORGANIZATION ( '未', '未', '' ) ;
#1521 = LINE ( 'NONE', #1887, #1100 ) ;
#1522 = VERTEX_POINT ( 'NONE', #1117 ) ;
#1523 = EDGE_CURVE ( 'NONE', #2438, #1712, #1187, .T. ) ;
#1524 = CARTESIAN_POINT ( 'NONE',  ( -0.3870844049288208466, -0.1524421059484533936, 0.2925451587410076160 ) ) ;
#1525 = DIRECTION ( 'NONE',  ( -0.7071067811865474617, -0.7071067811865474617, 0.000000000000000000 ) ) ;
#1526 = ADVANCED_FACE ( 'NONE', ( #370 ), #379, .F. ) ;
#1527 = DIRECTION ( 'NONE',  ( -0.000000000000000000, 1.000000000000000000, 0.000000000000000000 ) ) ;
#1528 = ORIENTED_EDGE ( 'NONE', *, *, #230, .F. ) ;
#1529 = ORIENTED_EDGE ( 'NONE', *, *, #2249, .T. ) ;
#1530 = EDGE_LOOP ( 'NONE', ( #1325, #1861, #521, #1752 ) ) ;
#1531 = LINE ( 'NONE', #2091, #1010 ) ;
#1532 = DIRECTION ( 'NONE',  ( 0.000000000000000000, 0.000000000000000000, 1.000000000000000000 ) ) ;
#1533 = CARTESIAN_POINT ( 'NONE',  ( 0.3902006429298331414, 0.1790282335980555861, 0.4225552292932425735 ) ) ;
#1534 = EDGE_CURVE ( 'NONE', #944, #107, #2269, .T. ) ;
#1535 = ORIENTED_EDGE ( 'NONE', *, *, #889, .F. ) ;
#1536 = ORIENTED_EDGE ( 'NONE', *, *, #1291, .F. ) ;
#1537 = EDGE_LOOP ( 'NONE', ( #156, #220, #1969, #1956, #1970, #1843, #1876, #1687, #1132, #957, #965, #2050 ) ) ;
#1538 = AXIS2_PLACEMENT_3D ( 'NONE', #1773, #980, #1750 ) ;
#1539 = ORIENTED_EDGE ( 'NONE', *, *, #675, .F. ) ;
#1540 = DIRECTION ( 'NONE',  ( 0.000000000000000000, 1.000000000000000000, 0.000000000000000000 ) ) ;
#1541 = CARTESIAN_POINT ( 'NONE',  ( 0.6764811565367681023, 0.6934788664697170146, -0.4225102292962838457 ) ) ;
#1542 = DIRECTION ( 'NONE',  ( 0.000000000000000000, 0.000000000000000000, 1.000000000000000000 ) ) ;
#1543 = ORIENTED_EDGE ( 'NONE', *, *, #921, .F. ) ;
#1544 = EDGE_CURVE ( 'NONE', #944, #646, #2300, .T. ) ;
#1545 = ORIENTED_EDGE ( 'NONE', *, *, #2096, .T. ) ;
#1546 = EDGE_CURVE ( 'NONE', #2107, #2208, #2117, .T. ) ;
#1547 = VECTOR ( 'NONE', #1681, 1000.000000000000000 ) ;
#1548 = ORIENTED_EDGE ( 'NONE', *, *, #1406, .F. ) ;
#1549 = FACE_OUTER_BOUND ( 'NONE', #780, .T. ) ;
#1550 = DIRECTION ( 'NONE',  ( 0.000000000000000000, 0.000000000000000000, 1.000000000000000000 ) ) ;
#1551 = LOCAL_TIME ( 9, 57, 46.00000000000000000, #383 ) ;
#1552 = CARTESIAN_POINT ( 'NONE',  ( 0.6825533408509790734, 0.7374872901565129313, -0.4225102292962838457 ) ) ;
#1553 = CARTESIAN_POINT ( 'NONE',  ( 0.1816091326433937891, 0.7542741933748362548, -0.1624900881918141249 ) ) ;
#1554 = CYLINDRICAL_SURFACE ( 'NONE', #1893, 0.04550352469328219907 ) ;
#1555 = DIRECTION ( 'NONE',  ( 1.000000000000000000, 0.000000000000000000, 0.000000000000000000 ) ) ;
#1556 = EDGE_LOOP ( 'NONE', ( #582, #1928, #154, #2295 ) ) ;
#1557 = ORIENTED_EDGE ( 'NONE', *, *, #179, .F. ) ;
#1558 = CC_DESIGN_PERSON_AND_ORGANIZATION_ASSIGNMENT ( #1516, #1120, ( #912 ) ) ;
#1559 = EDGE_LOOP ( 'NONE', ( #967, #2118, #2238, #1609, #2409, #772, #1223, #1335, #2412 ) ) ;
#1560 = EDGE_CURVE ( 'NONE', #539, #966, #1880, .T. ) ;
#1561 = FACE_OUTER_BOUND ( 'NONE', #697, .T. ) ;
#1562 = CARTESIAN_POINT ( 'NONE',  ( 0.3902006371179305155, 0.6276183289887590222, -0.4225102292962838457 ) ) ;
#1563 = DIRECTION ( 'NONE',  ( 0.000000000000000000, 0.000000000000000000, 1.000000000000000000 ) ) ;
#1564 = DIRECTION ( 'NONE',  ( -0.7071067811865444641, -0.7071067811865504593, 0.000000000000000000 ) ) ;
#1565 = CARTESIAN_POINT ( 'NONE',  ( 0.4881352260128071774, 0.02237298057761097358, -0.1049240180910964021 ) ) ;
#1566 = LINE ( 'NONE', #244, #2128 ) ;
#1567 = DIRECTION ( 'NONE',  ( 0.000000000000000000, 0.000000000000000000, 1.000000000000000000 ) ) ;
#1568 = ORIENTED_EDGE ( 'NONE', *, *, #133, .F. ) ;
#1569 = ORIENTED_EDGE ( 'NONE', *, *, #2336, .F. ) ;
#1570 = ORIENTED_EDGE ( 'NONE', *, *, #2294, .F. ) ;
#1571 = VECTOR ( 'NONE', #401, 1000.000000000000114 ) ;
#1572 = DIRECTION ( 'NONE',  ( 0.000000000000000000, 0.000000000000000000, 1.000000000000000000 ) ) ;
#1573 = ADVANCED_FACE ( 'NONE', ( #2280 ), #1144, .F. ) ;
#1574 = CARTESIAN_POINT ( 'NONE',  ( -0.4740396652948816181, -0.3016270087001702294, 0.03252501763653810329 ) ) ;
#1575 = LINE ( 'NONE', #2335, #1989 ) ;
#1576 = CIRCLE ( 'NONE', #1695, 0.04550352469328221988 ) ;
#1577 = AXIS2_PLACEMENT_3D ( 'NONE', #1271, #330, #2416 ) ;
#1578 = CARTESIAN_POINT ( 'NONE',  ( -0.1816087840808110476, 0.7542742181108853528, -0.4225102292962838457 ) ) ;
#1579 = EDGE_CURVE ( 'NONE', #580, #823, #285, .T. ) ;
#1580 = VECTOR ( 'NONE', #1076, 1000.000000000000000 ) ;
#1581 = CYLINDRICAL_SURFACE ( 'NONE', #1143, 0.06500503527611747878 ) ;
#1582 = FACE_OUTER_BOUND ( 'NONE', #1556, .T. ) ;
#1583 = ORIENTED_EDGE ( 'NONE', *, *, #1017, .F. ) ;
#1584 = ORIENTED_EDGE ( 'NONE', *, *, #718, .F. ) ;
#1585 = EDGE_LOOP ( 'NONE', ( #1450, #2006, #2047, #1612 ) ) ;
#1586 = VECTOR ( 'NONE', #1342, 1000.000000000000000 ) ;
#1587 = CARTESIAN_POINT ( 'NONE',  ( 0.4002945515007885757, 0.6276183289887590222, -0.1624900881918141249 ) ) ;
#1588 = CARTESIAN_POINT ( 'NONE',  ( -0.6764595428371140695, 0.6934054452632493204, -0.1624900881918141249 ) ) ;
#1589 = DIRECTION ( 'NONE',  ( -0.7071067811865474617, 0.7071067811865474617, 0.000000000000000000 ) ) ;
#1590 = AXIS2_PLACEMENT_3D ( 'NONE', #1788, #1229, #1962 ) ;
#1591 = EDGE_CURVE ( 'NONE', #797, #549, #1746, .T. ) ;
#1592 = LINE ( 'NONE', #476, #667 ) ;
#1593 = DIRECTION ( 'NONE',  ( 0.000000000000000000, 0.000000000000000000, 1.000000000000000000 ) ) ;
#1594 = AXIS2_PLACEMENT_3D ( 'NONE', #870, #858, #2169 ) ;
#1595 = CARTESIAN_POINT ( 'NONE',  ( 0.4877081900321063035, -0.3513656606117656067, -0.03075898841680119872 ) ) ;
#1596 = EDGE_CURVE ( 'NONE', #2411, #2356, #1841, .T. ) ;
#1597 = LINE ( 'NONE', #464, #2301 ) ;
#1598 = ORIENTED_EDGE ( 'NONE', *, *, #828, .F. ) ;
#1599 = ORIENTED_EDGE ( 'NONE', *, *, #369, .F. ) ;
#1600 = ORIENTED_EDGE ( 'NONE', *, *, #55, .T. ) ;
#1601 = CYLINDRICAL_SURFACE ( 'NONE', #905, 0.04550352469328226152 ) ;
#1602 = DIRECTION ( 'NONE',  ( 1.000000000000000000, 0.000000000000000000, 0.000000000000000000 ) ) ;
#1603 = CYLINDRICAL_SURFACE ( 'NONE', #2386, 0.1625125881902937108 ) ;
#1604 = CARTESIAN_POINT ( 'NONE',  ( -0.4051821233031678293, 0.8557628169178472799, -0.1624900881918141249 ) ) ;
#1605 = DIRECTION ( 'NONE',  ( 0.000000000000000000, 0.000000000000000000, 1.000000000000000000 ) ) ;
#1606 = DIRECTION ( 'NONE',  ( 0.000000000000000000, 0.000000000000000000, 1.000000000000000000 ) ) ;
#1607 = FACE_OUTER_BOUND ( 'NONE', #284, .T. ) ;
#1608 = EDGE_CURVE ( 'NONE', #2062, #145, #2288, .T. ) ;
#1609 = ORIENTED_EDGE ( 'NONE', *, *, #1055, .F. ) ;
#1610 = EDGE_LOOP ( 'NONE', ( #2329, #1539, #1957, #1782 ) ) ;
#1611 = DIRECTION ( 'NONE',  ( 1.000000000000000000, 0.000000000000000000, 0.000000000000000000 ) ) ;
#1612 = ORIENTED_EDGE ( 'NONE', *, *, #1230, .T. ) ;
#1613 = LINE ( 'NONE', #2372, #2219 ) ;
#1614 = CARTESIAN_POINT ( 'NONE',  ( 0.3902006371179305155, -0.8024924470858240122, -0.4225102292962838457 ) ) ;
#1615 = CARTESIAN_POINT ( 'NONE',  ( -0.5200403026607157697, 0.7374869618097367185, -0.4225102292962838457 ) ) ;
#1616 = CARTESIAN_POINT ( 'NONE',  ( -0.4156731723765385023, 0.8620575981433182822, -0.4225102292962838457 ) ) ;
#1617 = AXIS2_PLACEMENT_3D ( 'NONE', #1388, #802, #59 ) ;
#1618 = DIRECTION ( 'NONE',  ( 0.7071067811865450192, 0.7071067811865499042, 0.000000000000000000 ) ) ;
#1619 = LINE ( 'NONE', #681, #2333 ) ;
#1620 = LINE ( 'NONE', #1395, #2428 ) ;
#1621 = AXIS2_PLACEMENT_3D ( 'NONE', #1327, #2127, #1302 ) ;
#1622 = ORIENTED_EDGE ( 'NONE', *, *, #1135, .F. ) ;
#1623 = EDGE_CURVE ( 'NONE', #2124, #31, #1064, .T. ) ;
#1624 = CARTESIAN_POINT ( 'NONE',  ( -0.4418638144163722359, -0.2694511578216609027, -0.03248001763957929916 ) ) ;
#1625 = EDGE_CURVE ( 'NONE', #787, #1280, #763, .T. ) ;
#1626 = DIRECTION ( 'NONE',  ( 1.000000000000000000, 0.000000000000000000, 0.000000000000000000 ) ) ;
#1627 = DIRECTION ( 'NONE',  ( -1.000000000000000000, 0.000000000000000000, 0.000000000000000000 ) ) ;
#1628 = CARTESIAN_POINT ( 'NONE',  ( -0.3898597861954784527, -0.3149546825149431850, -0.2274951234679316037 ) ) ;
#1629 = VECTOR ( 'NONE', #114, 1000.000000000000000 ) ;
#1630 = AXIS2_PLACEMENT_3D ( 'NONE', #963, #792, #1904 ) ;
#1631 = CARTESIAN_POINT ( 'NONE',  ( 0.4422046653388243542, -0.3799597177910607471, 0.03252501763653810329 ) ) ;
#1632 = LINE ( 'NONE', #1285, #1547 ) ;
#1633 = VECTOR ( 'NONE', #651, 1000.000000000000114 ) ;
#1634 = CARTESIAN_POINT ( 'NONE',  ( 0.2438542075160453071, 0.6276183289887590222, -0.1624900881918141249 ) ) ;
#1635 = LINE ( 'NONE', #705, #1310 ) ;
#1636 = VERTEX_POINT ( 'NONE', #805 ) ;
#1637 =( BOUNDED_CURVE ( )  B_SPLINE_CURVE ( 3, ( #2160, #1960, #1387, #276 ),
 .UNSPECIFIED., .F., .F. ) 
 B_SPLINE_CURVE_WITH_KNOTS ( ( 4, 4 ),
 ( 5.497787143782139729, 6.053578150481469855 ),
 .UNSPECIFIED. ) 
 CURVE ( )  GEOMETRIC_REPRESENTATION_ITEM ( )  RATIONAL_B_SPLINE_CURVE ( ( 1.000000000000000000, 0.9744232661378599003, 0.9744232661378599003, 1.000000000000000000 ) ) 
 REPRESENTATION_ITEM ( '' )  );
#1638 = DIRECTION ( 'NONE',  ( 0.000000000000000000, 1.000000000000000000, 0.000000000000000000 ) ) ;
#1639 = VERTEX_POINT ( 'NONE', #62 ) ;
#1640 = FACE_OUTER_BOUND ( 'NONE', #1338, .T. ) ;
#1641 = DIRECTION ( 'NONE',  ( 1.000000000000000000, 0.000000000000000000, 0.000000000000000000 ) ) ;
#1642 = CARTESIAN_POINT ( 'NONE',  ( -0.1948446803671263217, -0.8024924470858240122, -0.4225102292962838457 ) ) ;
#1643 = ADVANCED_FACE ( 'NONE', ( #2325 ), #2268, .F. ) ;
#1644 = LINE ( 'NONE', #2191, #1504 ) ;
#1645 = CARTESIAN_POINT ( 'NONE',  ( -0.4873673391096551843, 0.6276183289887590222, 0.4225552292932425735 ) ) ;
#1646 = CARTESIAN_POINT ( 'NONE',  ( 0.5200407526606855013, 0.7374872901565129313, -0.4225102292962838457 ) ) ;
#1647 = ORIENTED_EDGE ( 'NONE', *, *, #2385, .F. ) ;
#1648 = DIRECTION ( 'NONE',  ( -0.7071067811865472397, -0.7071067811865477948, 0.000000000000000000 ) ) ;
#1649 = VERTEX_POINT ( 'NONE', #420 ) ;
#1650 = ORIENTED_EDGE ( 'NONE', *, *, #193, .T. ) ;
#1651 = CARTESIAN_POINT ( 'NONE',  ( -0.1948446803671263217, -0.8024924470858240122, -0.03248001763957929916 ) ) ;
#1652 = CARTESIAN_POINT ( 'NONE',  ( 0.5191014628274636111, 0.1340281799148116681, -0.1558042929449634795 ) ) ;
#1653 = DIRECTION ( 'NONE',  ( 0.000000000000000000, 0.000000000000000000, 1.000000000000000000 ) ) ;
#1654 = ADVANCED_FACE ( 'NONE', ( #112 ), #640, .F. ) ;
#1655 = DIRECTION ( 'NONE',  ( -0.7071067811865477948, 0.000000000000000000, -0.7071067811865471286 ) ) ;
#1656 = DIRECTION ( 'NONE',  ( 0.000000000000000000, 0.000000000000000000, 1.000000000000000000 ) ) ;
#1657 = AXIS2_PLACEMENT_3D ( 'NONE', #1811, #1455, #2212 ) ;
#1658 = EDGE_CURVE ( 'NONE', #2411, #834, #1137, .T. ) ;
#1659 = FACE_OUTER_BOUND ( 'NONE', #2398, .T. ) ;
#1660 = ORIENTED_EDGE ( 'NONE', *, *, #1055, .T. ) ;
#1661 = VECTOR ( 'NONE', #1772, 1000.000000000000000 ) ;
#1662 = EDGE_LOOP ( 'NONE', ( #846, #2144, #2309, #2424 ) ) ;
#1663 = ORIENTED_EDGE ( 'NONE', *, *, #1428, .F. ) ;
#1664 = CARTESIAN_POINT ( 'NONE',  ( -0.5523723743857725799, 0.2530953455697197985, -0.1624900881918141249 ) ) ;
#1665 = DIRECTION ( 'NONE',  ( 0.000000000000000000, 0.000000000000000000, -1.000000000000000000 ) ) ;
#1666 = DIRECTION ( 'NONE',  ( 0.000000000000000000, 0.000000000000000000, 1.000000000000000000 ) ) ;
#1667 = DIRECTION ( 'NONE',  ( 0.000000000000000000, 0.000000000000000000, 1.000000000000000000 ) ) ;
#1668 = CARTESIAN_POINT ( 'NONE',  ( -0.4418638144163722359, -0.3149546825149431850, -0.2274951234679316037 ) ) ;
#1669 = EDGE_CURVE ( 'NONE', #2158, #1211, #1937, .T. ) ;
#1670 = LINE ( 'NONE', #1286, #11 ) ;
#1671 = AXIS2_PLACEMENT_3D ( 'NONE', #1766, #74, #1777 ) ;
#1672 = EDGE_CURVE ( 'NONE', #2356, #466, #1778, .T. ) ;
#1673 = ORIENTED_EDGE ( 'NONE', *, *, #2100, .T. ) ;
#1674 = VECTOR ( 'NONE', #447, 1000.000000000000000 ) ;
#1675 = VECTOR ( 'NONE', #847, 1000.000000000000000 ) ;
#1676 = ORIENTED_EDGE ( 'NONE', *, *, #1359, .T. ) ;
#1677 = ORIENTED_EDGE ( 'NONE', *, *, #1789, .T. ) ;
#1678 = CARTESIAN_POINT ( 'NONE',  ( 0.3902006371179305155, -0.4693416412957224226, -0.4225102292962838457 ) ) ;
#1679 = DIRECTION ( 'NONE',  ( 0.7071067811865480168, 0.000000000000000000, -0.7071067811865469066 ) ) ;
#1680 = DIRECTION ( 'NONE',  ( 0.000000000000000000, 0.000000000000000000, -1.000000000000000000 ) ) ;
#1681 = DIRECTION ( 'NONE',  ( 0.000000000000000000, 1.000000000000000000, 0.000000000000000000 ) ) ;
#1682 = DIRECTION ( 'NONE',  ( 0.7071067811865450192, 0.7071067811865499042, 0.000000000000000000 ) ) ;
#1683 = DIRECTION ( 'NONE',  ( 0.000000000000000000, 0.000000000000000000, -1.000000000000000000 ) ) ;
#1684 = EDGE_CURVE ( 'NONE', #2281, #1918, #1906, .T. ) ;
#1685 = SECURITY_CLASSIFICATION_LEVEL ( 'unclassified' ) ;
#1686 = VERTEX_POINT ( 'NONE', #627 ) ;
#1687 = ORIENTED_EDGE ( 'NONE', *, *, #1819, .T. ) ;
#1688 = CARTESIAN_POINT ( 'NONE',  ( 0.0001704254612256916272, -0.1361908355056202780, 0.4225552292932425735 ) ) ;
#1689 = DIRECTION ( 'NONE',  ( 0.000000000000000000, 0.000000000000000000, 1.000000000000000000 ) ) ;
#1690 = CARTESIAN_POINT ( 'NONE',  ( 0.4877081900321063035, 0.6276183289887590222, 0.4225552292932425735 ) ) ;
#1691 = CARTESIAN_POINT ( 'NONE',  ( -0.1816087840808110476, 0.7542742181108853528, -0.1624900881918141249 ) ) ;
#1692 = EDGE_LOOP ( 'NONE', ( #412, #766, #2039, #1983 ) ) ;
#1693 = AXIS2_PLACEMENT_3D ( 'NONE', #1763, #813, #253 ) ;
#1694 = PERSON ( '未', '未', '未', ('未'), ('未'), ('未') ) ;
#1695 = AXIS2_PLACEMENT_3D ( 'NONE', #903, #2426, #2011 ) ;
#1696 = ORIENTED_EDGE ( 'NONE', *, *, #621, .T. ) ;
#1697 = VERTEX_POINT ( 'NONE', #2152 ) ;
#1698 = EDGE_CURVE ( 'NONE', #345, #2124, #512, .T. ) ;
#1699 = CIRCLE ( 'NONE', #749, 0.04550352469328226152 ) ;
#1700 = DIRECTION ( 'NONE',  ( 1.000000000000000000, 0.000000000000000000, 0.000000000000000000 ) ) ;
#1701 = CIRCLE ( 'NONE', #2019, 0.04550352469328219907 ) ;
#1702 = ORIENTED_EDGE ( 'NONE', *, *, #815, .F. ) ;
#1703 = VECTOR ( 'NONE', #109, 1000.000000000000000 ) ;
#1704 = ADVANCED_FACE ( 'NONE', ( #435 ), #1205, .F. ) ;
#1705 = CARTESIAN_POINT ( 'NONE',  ( -0.4873675253399960550, 0.01629287020046032985, -0.09766472613911121592 ) ) ;
#1706 = LINE ( 'NONE', #750, #1872 ) ;
#1707 = CARTESIAN_POINT ( 'NONE',  ( -0.4463526661843255083, 0.8810170044316266713, -0.4225102292962838457 ) ) ;
#1708 = ORIENTED_EDGE ( 'NONE', *, *, #341, .T. ) ;
#1709 = VECTOR ( 'NONE', #919, 1000.000000000000000 ) ;
#1710 = APPROVAL_DATE_TIME ( #1131, #1036 ) ;
#1711 = ORIENTED_EDGE ( 'NONE', *, *, #1839, .F. ) ;
#1712 = VERTEX_POINT ( 'NONE', #1218 ) ;
#1713 = AXIS2_PLACEMENT_3D ( 'NONE', #1031, #1083, #106 ) ;
#1714 = EDGE_LOOP ( 'NONE', ( #742, #93, #1783, #2008, #2246, #1834 ) ) ;
#1715 = CARTESIAN_POINT ( 'NONE',  ( 0.4422046653388243542, -0.8999999999999999112, -0.4225102292962838457 ) ) ;
#1716 = ADVANCED_FACE ( 'NONE', ( #1952 ), #996, .T. ) ;
#1717 = CARTESIAN_POINT ( 'NONE',  ( 0.4710177658589332905, 0.6276183289887592442, -0.1624900881918141249 ) ) ;
#1718 = CARTESIAN_POINT ( 'NONE',  ( 0.4884180668167344419, 0.02442294281592181232, -0.1073794143309812349 ) ) ;
#1719 = ORIENTED_EDGE ( 'NONE', *, *, #1914, .F. ) ;
#1720 = SHAPE_DEFINITION_REPRESENTATION ( #2229, #1929 ) ;
#1721 = ORIENTED_EDGE ( 'NONE', *, *, #217, .F. ) ;
#1722 = VERTEX_POINT ( 'NONE', #1038 ) ;
#1723 = LINE ( 'NONE', #2442, #2293 ) ;
#1724 = CARTESIAN_POINT ( 'NONE',  ( 0.5526026077639057954, 0.5822073535730085680, -0.1624900881918141249 ) ) ;
#1725 = EDGE_CURVE ( 'NONE', #535, #2411, #87, .T. ) ;
#1726 = CARTESIAN_POINT ( 'NONE',  ( 0.4881352260128071774, 0.02237298057761097358, -0.1049240180910964021 ) ) ;
#1727 = DIRECTION ( 'NONE',  ( -1.000000000000000000, 0.000000000000000000, 0.000000000000000000 ) ) ;
#1728 = EDGE_CURVE ( 'NONE', #1697, #2297, #2349, .T. ) ;
#1729 = EDGE_LOOP ( 'NONE', ( #2025, #1465, #1199, #707, #2197, #1030 ) ) ;
#1730 = EDGE_LOOP ( 'NONE', ( #800, #1095, #910, #2225, #299, #65, #1197, #1896, #37, #884 ) ) ;
#1731 = CIRCLE ( 'NONE', #2371, 0.1105085599693996501 ) ;
#1732 = ORIENTED_EDGE ( 'NONE', *, *, #1669, .F. ) ;
#1733 = AXIS2_PLACEMENT_3D ( 'NONE', #702, #1457, #1655 ) ;
#1734 = DIRECTION ( 'NONE',  ( 0.000000000000000000, 0.000000000000000000, -1.000000000000000000 ) ) ;
#1735 = CARTESIAN_POINT ( 'NONE',  ( 0.3902006371179305155, 0.6276183289887590222, -0.1624900881918141249 ) ) ;
#1736 = CARTESIAN_POINT ( 'NONE',  ( -0.3297172666716448597, 0.8138280168809726156, -0.1624900881918141249 ) ) ;
#1737 = CARTESIAN_POINT ( 'NONE',  ( -0.3870844049288208466, -0.02243203539621860601, 0.4225552292932425735 ) ) ;
#1738 = CC_DESIGN_PERSON_AND_ORGANIZATION_ASSIGNMENT ( #2076, #213, ( #2308 ) ) ;
#1739 = DIRECTION ( 'NONE',  ( 0.000000000000000000, 0.7071067811865479058, -0.7071067811865472397 ) ) ;
#1740 = FACE_OUTER_BOUND ( 'NONE', #1537, .T. ) ;
#1741 = AXIS2_PLACEMENT_3D ( 'NONE', #2165, #89, #283 ) ;
#1742 = EDGE_CURVE ( 'NONE', #191, #181, #722, .T. ) ;
#1743 = ORIENTED_EDGE ( 'NONE', *, *, #1307, .T. ) ;
#1744 = EDGE_LOOP ( 'NONE', ( #977, #1660, #1054, #143, #1439, #1584, #361, #497, #631, #1481, #922, #526, #658, #3, #7, #211, #2038, #1159, #1449, #1569 ) ) ;
#1745 = AXIS2_PLACEMENT_3D ( 'NONE', #303, #1063, #356 ) ;
#1746 = CIRCLE ( 'NONE', #1630, 0.08125629409514681378 ) ;
#1747 = ORIENTED_EDGE ( 'NONE', *, *, #1819, .F. ) ;
#1748 = VECTOR ( 'NONE', #1934, 1000.000000000000000 ) ;
#1749 = CARTESIAN_POINT ( 'NONE',  ( -0.5523170655685732955, 0.5821610788804091330, -0.1624900881918141526 ) ) ;
#1750 = DIRECTION ( 'NONE',  ( -0.7071067811865474617, -0.7071067811865474617, 0.000000000000000000 ) ) ;
#1751 = DIRECTION ( 'NONE',  ( 1.000000000000000000, 0.000000000000000000, 0.000000000000000000 ) ) ;
#1752 = ORIENTED_EDGE ( 'NONE', *, *, #1534, .T. ) ;
#1753 = CARTESIAN_POINT ( 'NONE',  ( 0.4156737796734935597, 0.8620580582757085830, -0.4225102292962838457 ) ) ;
#1754 = CARTESIAN_POINT ( 'NONE',  ( 0.4540222516184465595, 0.8859861077963983034, -0.1624900881918141249 ) ) ;
#1755 = CARTESIAN_POINT ( 'NONE',  ( 0.4877081900321063035, -0.3608116906616187780, -0.03248001763957940324 ) ) ;
#1756 = CYLINDRICAL_SURFACE ( 'NONE', #433, 0.04550352469328229621 ) ;
#1757 = ORIENTED_EDGE ( 'NONE', *, *, #1261, .F. ) ;
#1758 = ORIENTED_EDGE ( 'NONE', *, *, #274, .T. ) ;
#1759 = EDGE_CURVE ( 'NONE', #2257, #1119, #2377, .T. ) ;
#1760 = EDGE_LOOP ( 'NONE', ( #1317, #202, #2195, #1203, #1096, #1719, #1888, #346, #574 ) ) ;
#1761 = EDGE_CURVE ( 'NONE', #1809, #787, #1458, .T. ) ;
#1762 = DIRECTION ( 'NONE',  ( 1.000000000000000000, 0.000000000000000000, 0.000000000000000000 ) ) ;
#1763 = CARTESIAN_POINT ( 'NONE',  ( -0.3884720984681013789, 0.3642372302121963945, 0.4225552292932425735 ) ) ;
#1764 = CARTESIAN_POINT ( 'NONE',  ( -0.4873673391096551843, -0.8544964753067179064, -0.03248001763957929916 ) ) ;
#1765 = DIRECTION ( 'NONE',  ( 0.7071067811865444641, -0.7071067811865504593, 0.000000000000000000 ) ) ;
#1766 = CARTESIAN_POINT ( 'NONE',  ( -0.4002938002384861527, 0.6276183289887590222, -0.4225102292962838457 ) ) ;
#1767 = CYLINDRICAL_SURFACE ( 'NONE', #428, 0.04550352469328229621 ) ;
#1768 = LINE ( 'NONE', #76, #480 ) ;
#1769 = ORIENTED_EDGE ( 'NONE', *, *, #14, .T. ) ;
#1770 = ORIENTED_EDGE ( 'NONE', *, *, #1672, .T. ) ;
#1771 = EDGE_CURVE ( 'NONE', #2143, #743, #790, .T. ) ;
#1772 = DIRECTION ( 'NONE',  ( 0.000000000000000000, 0.000000000000000000, 1.000000000000000000 ) ) ;
#1773 = CARTESIAN_POINT ( 'NONE',  ( -0.4418638144163722359, -0.2694511578216609027, -0.2274951234679316037 ) ) ;
#1774 = CARTESIAN_POINT ( 'NONE',  ( 0.3902006429298331414, 0.4942473027017325604, 0.2925451587410076160 ) ) ;
#1775 = EDGE_CURVE ( 'NONE', #2129, #1344, #2407, .T. ) ;
#1776 = CARTESIAN_POINT ( 'NONE',  ( 0.5527132253082238655, 0.2535107075076972749, -0.1624900881918141249 ) ) ;
#1777 = DIRECTION ( 'NONE',  ( 0.000000000000000000, 0.000000000000000000, -1.000000000000000000 ) ) ;
#1778 = B_SPLINE_CURVE_WITH_KNOTS ( 'NONE', 3,
 ( #1565, #2178, #256, #1391, #983, #1377 ),
 .UNSPECIFIED., .F., .F.,
 ( 4, 2, 4 ),
 ( 0.01478997134914587959, 0.02916425650147019821, 0.02970467676170520169 ),
 .UNSPECIFIED. ) ;
#1779 = AXIS2_PLACEMENT_3D ( 'NONE', #2310, #1360, #2121 ) ;
#1780 = LINE ( 'NONE', #2351, #861 ) ;
#1781 = DIRECTION ( 'NONE',  ( 0.000000000000000000, -1.000000000000000000, 0.000000000000000000 ) ) ;
#1782 = ORIENTED_EDGE ( 'NONE', *, *, #230, .T. ) ;
#1783 = ORIENTED_EDGE ( 'NONE', *, *, #50, .T. ) ;
#1784 = ORIENTED_EDGE ( 'NONE', *, *, #1333, .T. ) ;
#1785 = AXIS2_PLACEMENT_3D ( 'NONE', #2362, #477, #1232 ) ;
#1786 = DIRECTION ( 'NONE',  ( 0.000000000000000000, 0.000000000000000000, 1.000000000000000000 ) ) ;
#1787 = CARTESIAN_POINT ( 'NONE',  ( -0.3898597861954784527, -0.8024924470858240122, -0.4225102292962838457 ) ) ;
#1788 = CARTESIAN_POINT ( 'NONE',  ( -0.3898597861954784527, 0.6276183289887590222, -0.4225102292962838457 ) ) ;
#1789 = EDGE_CURVE ( 'NONE', #1916, #585, #1632, .T. ) ;
#1790 = CARTESIAN_POINT ( 'NONE',  ( 0.1816091326433937891, 0.7542741933748362548, -0.4225102292962838457 ) ) ;
#1791 = DIRECTION ( 'NONE',  ( 0.000000000000000000, -1.000000000000000000, 0.000000000000000000 ) ) ;
#1792 =( GEOMETRIC_REPRESENTATION_CONTEXT ( 3 ) GLOBAL_UNCERTAINTY_ASSIGNED_CONTEXT ( ( #2400 ) ) GLOBAL_UNIT_ASSIGNED_CONTEXT ( ( #309, #1833, #911 ) ) REPRESENTATION_CONTEXT ( 'NONE', 'WORKASPACE' ) );
#1793 = CARTESIAN_POINT ( 'NONE',  ( 0.4877081900321063035, -0.3312177339867287684, -0.02382565222210730055 ) ) ;
#1794 = DIRECTION ( 'NONE',  ( 0.000000000000000000, 1.000000000000000000, 0.000000000000000000 ) ) ;
#1795 = VERTEX_POINT ( 'NONE', #533 ) ;
#1796 = VERTEX_POINT ( 'NONE', #331 ) ;
#1797 = CARTESIAN_POINT ( 'NONE',  ( -0.4418638144163722359, -0.3799597177910607471, 0.03252501763653810329 ) ) ;
#1798 = ORIENTED_EDGE ( 'NONE', *, *, #878, .T. ) ;
#1799 = CARTESIAN_POINT ( 'NONE',  ( -0.2647434724340398393, 0.7836954205629976800, -0.4225102292962838457 ) ) ;
#1800 = LINE ( 'NONE', #1614, #1337 ) ;
#1801 = LINE ( 'NONE', #1431, #2305 ) ;
#1802 = DIRECTION ( 'NONE',  ( 0.000000000000000000, 0.000000000000000000, 1.000000000000000000 ) ) ;
#1803 = CARTESIAN_POINT ( 'NONE',  ( 0.4894084016400859771, 0.02847578572932607521, -0.4225102292962838457 ) ) ;
#1804 = EDGE_CURVE ( 'NONE', #1918, #1945, #1024, .T. ) ;
#1805 = DIRECTION ( 'NONE',  ( -1.000000000000000000, 0.000000000000000000, 0.000000000000000000 ) ) ;
#1806 = PLANE ( 'NONE',  #396 ) ;
#1807 = ORIENTED_EDGE ( 'NONE', *, *, #504, .T. ) ;
#1808 = FACE_OUTER_BOUND ( 'NONE', #2159, .T. ) ;
#1809 = VERTEX_POINT ( 'NONE', #1104 ) ;
#1810 = LINE ( 'NONE', #1440, #1580 ) ;
#1811 = CARTESIAN_POINT ( 'NONE',  ( 0.4877081900321063035, -0.8999999999999999112, -0.4225102292962838457 ) ) ;
#1812 = CARTESIAN_POINT ( 'NONE',  ( -0.4463526661843255083, 0.8810170044316266713, -0.1624900881918141249 ) ) ;
#1813 = LINE ( 'NONE', #1645, #1386 ) ;
#1814 = DIRECTION ( 'NONE',  ( 0.000000000000000000, -1.000000000000000000, 0.000000000000000000 ) ) ;
#1815 = PRODUCT_RELATED_PRODUCT_CATEGORY ( 'detail', '', ( #912 ) ) ;
#1816 = DIRECTION ( 'NONE',  ( 0.000000000000000000, 0.000000000000000000, -1.000000000000000000 ) ) ;
#1817 = CIRCLE ( 'NONE', #2419, 0.04550352469328229621 ) ;
#1818 = VERTEX_POINT ( 'NONE', #1091 ) ;
#1819 = EDGE_CURVE ( 'NONE', #991, #856, #2418, .T. ) ;
#1820 = PLANE ( 'NONE',  #1713 ) ;
#1821 = ORIENTED_EDGE ( 'NONE', *, *, #247, .T. ) ;
#1822 = VERTEX_POINT ( 'NONE', #1048 ) ;
#1823 = CARTESIAN_POINT ( 'NONE',  ( -0.5200403026607157697, 0.7374869618097367185, -0.4225102292962838457 ) ) ;
#1824 = CARTESIAN_POINT ( 'NONE',  ( -0.4418638144163722359, 0.6276183289887590222, -0.09748505291569678488 ) ) ;
#1825 = CARTESIAN_POINT ( 'NONE',  ( -0.1934569897337972688, -0.02243203539621860601, 0.2925451587410076160 ) ) ;
#1826 = VECTOR ( 'NONE', #1605, 1000.000000000000000 ) ;
#1827 = FACE_OUTER_BOUND ( 'NONE', #448, .T. ) ;
#1828 = DIRECTION ( 'NONE',  ( -0.7071067811865480168, 0.000000000000000000, -0.7071067811865469066 ) ) ;
#1829 = CIRCLE ( 'NONE', #287, 0.04550352469328229621 ) ;
#1830 = CARTESIAN_POINT ( 'NONE',  ( 0.4422046653388243542, -0.8544964753067179064, -0.4225102292962838457 ) ) ;
#1831 = FACE_BOUND ( 'NONE', #586, .T. ) ;
#1832 = VERTEX_POINT ( 'NONE', #1866 ) ;
#1833 =( NAMED_UNIT ( * ) PLANE_ANGLE_UNIT ( ) SI_UNIT ( $, .RADIAN. ) );
#1834 = ORIENTED_EDGE ( 'NONE', *, *, #1938, .T. ) ;
#1835 = ORIENTED_EDGE ( 'NONE', *, *, #935, .T. ) ;
#1836 = EDGE_CURVE ( 'NONE', #1422, #470, #2384, .T. ) ;
#1837 = DIRECTION ( 'NONE',  ( 0.9905827575275433228, 0.1369153040720000880, 0.000000000000000000 ) ) ;
#1838 = DIRECTION ( 'NONE',  ( -1.000000000000000000, 0.000000000000000000, 0.000000000000000000 ) ) ;
#1839 = EDGE_CURVE ( 'NONE', #1121, #991, #2216, .T. ) ;
#1840 = DIRECTION ( 'NONE',  ( 0.7071067811865444641, -0.7071067811865504593, 0.000000000000000000 ) ) ;
#1841 = B_SPLINE_CURVE_WITH_KNOTS ( 'NONE', 3,
 ( #399, #2313, #1718, #1726 ),
 .UNSPECIFIED., .F., .F.,
 ( 4, 4 ),
 ( 0.000000000000000000, 0.01478997134914587959 ),
 .UNSPECIFIED. ) ;
#1842 = DIRECTION ( 'NONE',  ( -1.000000000000000000, 0.000000000000000000, 0.000000000000000000 ) ) ;
#1843 = ORIENTED_EDGE ( 'NONE', *, *, #2023, .F. ) ;
#1844 = CARTESIAN_POINT ( 'NONE',  ( -0.3898597861954784527, -0.8024924470858240122, -0.03248001763957929916 ) ) ;
#1845 = EDGE_LOOP ( 'NONE', ( #672, #141, #775, #896 ) ) ;
#1846 = VERTEX_POINT ( 'NONE', #715 ) ;
#1847 = B_SPLINE_CURVE_WITH_KNOTS ( 'NONE', 3,
 ( #918, #737, #1705, #1495, #748, #2082 ),
 .UNSPECIFIED., .F., .F.,
 ( 4, 2, 4 ),
 ( -0.0005405698336283029648, 0.000000000000000000, 0.01440366716509882024 ),
 .UNSPECIFIED. ) ;
#1848 = CARTESIAN_POINT ( 'NONE',  ( 0.09080470179837525635, 0.7342896302971185785, -0.4225102292962838457 ) ) ;
#1849 = EDGE_CURVE ( 'NONE', #425, #2181, #2244, .T. ) ;
#1850 = CARTESIAN_POINT ( 'NONE',  ( 0.2439393077466658344, -0.3149546825149431850, 0.03252501763653810329 ) ) ;
#1851 = CARTESIAN_POINT ( 'NONE',  ( -0.3898597861954784527, 0.6276183289887590222, -0.4225102292962838457 ) ) ;
#1852 = DIRECTION ( 'NONE',  ( 1.000000000000000000, 0.000000000000000000, 0.000000000000000000 ) ) ;
#1853 = EDGE_CURVE ( 'NONE', #2281, #833, #1813, .T. ) ;
#1854 = CARTESIAN_POINT ( 'NONE',  ( -0.4873673391096551843, -0.2953468209554528379, 0.001705116731232833843 ) ) ;
#1855 = FACE_OUTER_BOUND ( 'NONE', #647, .T. ) ;
#1856 = AXIS2_PLACEMENT_3D ( 'NONE', #2055, #1103, #2265 ) ;
#1857 = ORIENTED_EDGE ( 'NONE', *, *, #1162, .T. ) ;
#1858 = VECTOR ( 'NONE', #2101, 1000.000000000000000 ) ;
#1859 = MECHANICAL_CONTEXT ( 'NONE', #2087, 'mechanical' ) ;
#1860 = VERTEX_POINT ( 'NONE', #545 ) ;
#1861 = ORIENTED_EDGE ( 'NONE', *, *, #935, .F. ) ;
#1862 = CARTESIAN_POINT ( 'NONE',  ( 0.4877081900321063035, -0.2694511578216609027, 0.03252501763653810329 ) ) ;
#1863 = LINE ( 'NONE', #135, #1972 ) ;
#1864 = B_SPLINE_CURVE_WITH_KNOTS ( 'NONE', 3,
 ( #277, #837, #1242, #1588 ),
 .UNSPECIFIED., .F., .F.,
 ( 4, 4 ),
 ( 0.000000000000000000, 1.000000000000000000 ),
 .UNSPECIFIED. ) ;
#1865 = CARTESIAN_POINT ( 'NONE',  ( 0.4422046653388243542, -0.2694511578216609027, 0.03252501763653810329 ) ) ;
#1866 = CARTESIAN_POINT ( 'NONE',  ( -0.4890733391005598341, 0.02848546136669889012, -0.4225102292962838457 ) ) ;
#1867 = VECTOR ( 'NONE', #1816, 1000.000000000000000 ) ;
#1868 = EDGE_CURVE ( 'NONE', #509, #1822, #325, .T. ) ;
#1869 = CARTESIAN_POINT ( 'NONE',  ( -0.5523723743857725799, 0.5821148042954770174, -0.09748505291569678488 ) ) ;
#1870 = VECTOR ( 'NONE', #1365, 1000.000000000000114 ) ;
#1871 = ORIENTED_EDGE ( 'NONE', *, *, #1560, .T. ) ;
#1872 = VECTOR ( 'NONE', #1510, 1000.000000000000000 ) ;
#1873 = PERSON_AND_ORGANIZATION ( #1694, #1520 ) ;
#1874 = VECTOR ( 'NONE', #1264, 1000.000000000000000 ) ;
#1875 = ORIENTED_EDGE ( 'NONE', *, *, #643, .T. ) ;
#1876 = ORIENTED_EDGE ( 'NONE', *, *, #704, .F. ) ;
#1877 = DIRECTION ( 'NONE',  ( 0.000000000000000000, 1.000000000000000000, 0.000000000000000000 ) ) ;
#1878 = CARTESIAN_POINT ( 'NONE',  ( -0.4418638144163722359, -0.2694511578216609027, 0.03252501763653810329 ) ) ;
#1879 = CARTESIAN_POINT ( 'NONE',  ( -0.4873673391096551843, -0.3425293854469223520, -0.02771823551121203530 ) ) ;
#1880 = LINE ( 'NONE', #210, #1347 ) ;
#1881 = ADVANCED_FACE ( 'NONE', ( #1446 ), #1486, .T. ) ;
#1882 = VERTEX_POINT ( 'NONE', #2031 ) ;
#1883 = ADVANCED_FACE ( 'NONE', ( #866 ), #1275, .T. ) ;
#1884 = COORDINATED_UNIVERSAL_TIME_OFFSET ( 8, 0, .AHEAD. ) ;
#1885 = ORIENTED_EDGE ( 'NONE', *, *, #98, .F. ) ;
#1886 = ORIENTED_EDGE ( 'NONE', *, *, #845, .F. ) ;
#1887 = CARTESIAN_POINT ( 'NONE',  ( 0.6764811565367681023, 0.6934788664697170146, -0.4225102292962838457 ) ) ;
#1888 = ORIENTED_EDGE ( 'NONE', *, *, #2202, .F. ) ;
#1889 = DIRECTION ( 'NONE',  ( 0.000000000000000000, 0.000000000000000000, -1.000000000000000000 ) ) ;
#1890 = CARTESIAN_POINT ( 'NONE',  ( 0.5527132253082238655, 0.5821148042954770174, -0.09748505291569678488 ) ) ;
#1891 = DIRECTION ( 'NONE',  ( 1.000000000000000000, 0.000000000000000000, 0.000000000000000000 ) ) ;
#1892 = ORIENTED_EDGE ( 'NONE', *, *, #1728, .F. ) ;
#1893 = AXIS2_PLACEMENT_3D ( 'NONE', #2326, #2363, #75 ) ;
#1894 = DATE_AND_TIME ( #347, #1993 ) ;
#1895 = ORIENTED_EDGE ( 'NONE', *, *, #2004, .F. ) ;
#1896 = ORIENTED_EDGE ( 'NONE', *, *, #372, .F. ) ;
#1897 = AXIS2_PLACEMENT_3D ( 'NONE', #2231, #532, #1284 ) ;
#1898 = EDGE_CURVE ( 'NONE', #1249, #509, #502, .T. ) ;
#1899 = CARTESIAN_POINT ( 'NONE',  ( 0.4877081900321063035, -0.8999999999999999112, -0.4225102292962838457 ) ) ;
#1900 = VECTOR ( 'NONE', #1412, 1000.000000000000000 ) ;
#1901 = EDGE_LOOP ( 'NONE', ( #2366, #1348, #669, #1600 ) ) ;
#1902 = CARTESIAN_POINT ( 'NONE',  ( 0.4422046653388243542, -0.3149546825149431850, -0.2274951234679316037 ) ) ;
#1903 = CARTESIAN_POINT ( 'NONE',  ( 0.4860978392430398420, 0.6241469295644886950, -0.1624900881918141249 ) ) ;
#1904 = DIRECTION ( 'NONE',  ( 1.000000000000000000, 0.000000000000000000, 0.000000000000000000 ) ) ;
#1905 = LINE ( 'NONE', #955, #516 ) ;
#1906 = CIRCLE ( 'NONE', #1515, 0.04550352469328229621 ) ;
#1907 = COORDINATED_UNIVERSAL_TIME_OFFSET ( 8, 0, .AHEAD. ) ;
#1908 = ORIENTED_EDGE ( 'NONE', *, *, #279, .T. ) ;
#1909 = ORIENTED_EDGE ( 'NONE', *, *, #1742, .T. ) ;
#1910 = ORIENTED_EDGE ( 'NONE', *, *, #2436, .T. ) ;
#1911 = EDGE_CURVE ( 'NONE', #859, #349, #572, .T. ) ;
#1912 = FACE_OUTER_BOUND ( 'NONE', #2147, .T. ) ;
#1913 = CARTESIAN_POINT ( 'NONE',  ( 0.5525472988566260124, 0.5822536280502734751, -0.1624900881918141249 ) ) ;
#1914 = EDGE_CURVE ( 'NONE', #774, #942, #769, .T. ) ;
#1915 = FACE_BOUND ( 'NONE', #1585, .T. ) ;
#1916 = VERTEX_POINT ( 'NONE', #2115 ) ;
#1917 = CARTESIAN_POINT ( 'NONE',  ( 0.4422046653388243542, -0.8999999999999999112, -0.03248001763957929916 ) ) ;
#1918 = VERTEX_POINT ( 'NONE', #1351 ) ;
#1919 = ORIENTED_EDGE ( 'NONE', *, *, #908, .F. ) ;
#1920 = VERTEX_POINT ( 'NONE', #1541 ) ;
#1921 = CC_DESIGN_PERSON_AND_ORGANIZATION_ASSIGNMENT ( #1873, #537, ( #605 ) ) ;
#1922 = CARTESIAN_POINT ( 'NONE',  ( -0.4980856277472142102, 0.6204875088424216534, -0.1624900881918141249 ) ) ;
#1923 = CARTESIAN_POINT ( 'NONE',  ( 0.4233434745068038740, 0.8666600084197794152, -0.4225102292962838457 ) ) ;
#1924 = ADVANCED_FACE ( 'NONE', ( #929 ), #196, .F. ) ;
#1925 = CARTESIAN_POINT ( 'NONE',  ( -0.3870844049288208466, -0.1524421059484533936, 0.4225552292932425735 ) ) ;
#1926 = PLANE ( 'NONE',  #2021 ) ;
#1927 = ORIENTED_EDGE ( 'NONE', *, *, #1804, .T. ) ;
#1928 = ORIENTED_EDGE ( 'NONE', *, *, #395, .F. ) ;
#1929 = ADVANCED_BREP_SHAPE_REPRESENTATION ( '004733', ( #2360, #442 ), #1792 ) ;
#1930 = VECTOR ( 'NONE', #171, 1000.000000000000000 ) ;
#1931 = ORIENTED_EDGE ( 'NONE', *, *, #1151, .T. ) ;
#1932 = CIRCLE ( 'NONE', #2256, 0.04550352469328229621 ) ;
#1933 = CARTESIAN_POINT ( 'NONE',  ( 0.4877081900321063035, -0.8544964753067179064, -0.03248001763957929916 ) ) ;
#1934 = DIRECTION ( 'NONE',  ( 0.000000000000000000, -1.000000000000000000, 0.000000000000000000 ) ) ;
#1935 = ORIENTED_EDGE ( 'NONE', *, *, #878, .F. ) ;
#1936 = CARTESIAN_POINT ( 'NONE',  ( 0.1816091326433937891, 0.7542741933748362548, -0.1624900881918141249 ) ) ;
#1937 = LINE ( 'NONE', #242, #1870 ) ;
#1938 = EDGE_CURVE ( 'NONE', #966, #1422, #997, .T. ) ;
#1939 = CARTESIAN_POINT ( 'NONE',  ( -0.4740396652948816736, -0.3016270087001702849, -0.2274951234679316037 ) ) ;
#1940 = DIRECTION ( 'NONE',  ( 1.000000000000000000, 0.000000000000000000, 0.000000000000000000 ) ) ;
#1941 = VECTOR ( 'NONE', #178, 1000.000000000000000 ) ;
#1942 = ORIENTED_EDGE ( 'NONE', *, *, #1130, .F. ) ;
#1943 = EDGE_CURVE ( 'NONE', #1384, #988, #1984, .T. ) ;
#1944 = ORIENTED_EDGE ( 'NONE', *, *, #986, .F. ) ;
#1945 = VERTEX_POINT ( 'NONE', #1116 ) ;
#1946 = AXIS2_PLACEMENT_3D ( 'NONE', #160, #2228, #530 ) ;
#1947 = CARTESIAN_POINT ( 'NONE',  ( 0.4387844585655386043, 0.7374872901565129313, -0.4225102292962838457 ) ) ;
#1948 = LINE ( 'NONE', #446, #511 ) ;
#1949 = FACE_OUTER_BOUND ( 'NONE', #594, .T. ) ;
#1950 = B_SPLINE_CURVE_WITH_KNOTS ( 'NONE', 5,
 ( #1430, #1987, #1201, #850, #1961, #2373 ),
 .UNSPECIFIED., .F., .F.,
 ( 6, 6 ),
 ( 0.9577671605133679655, 1.000000000000000000 ),
 .UNSPECIFIED. ) ;
#1951 = CARTESIAN_POINT ( 'NONE',  ( 0.3297176392001921474, 0.8138281403716941531, -0.4225102292962838457 ) ) ;
#1952 = FACE_OUTER_BOUND ( 'NONE', #1122, .T. ) ;
#1953 = CARTESIAN_POINT ( 'NONE',  ( 0.4877081900321063035, 0.6276183289887590222, -0.4225102292962838457 ) ) ;
#1954 = EDGE_CURVE ( 'NONE', #1636, #1795, #2146, .T. ) ;
#1955 = CARTESIAN_POINT ( 'NONE',  ( 0.3902006371179305155, 0.6276183289887590222, 0.2925451587410076160 ) ) ;
#1956 = ORIENTED_EDGE ( 'NONE', *, *, #1210, .F. ) ;
#1957 = ORIENTED_EDGE ( 'NONE', *, *, #189, .F. ) ;
#1958 = EDGE_CURVE ( 'NONE', #743, #2079, #1394, .T. ) ;
#1959 = ORIENTED_EDGE ( 'NONE', *, *, #1477, .F. ) ;
#1960 = CARTESIAN_POINT ( 'NONE',  ( -0.4977796633632183831, 0.05937892562975759930, -0.1348233444031701200 ) ) ;
#1961 = CARTESIAN_POINT ( 'NONE',  ( -0.4463526661843255083, 0.8810170044316266713, -0.1624900881918141249 ) ) ;
#1962 = DIRECTION ( 'NONE',  ( 0.000000000000000000, 0.000000000000000000, 1.000000000000000000 ) ) ;
#1963 = ORIENTED_EDGE ( 'NONE', *, *, #133, .T. ) ;
#1964 = DIRECTION ( 'NONE',  ( 0.000000000000000000, 0.000000000000000000, -1.000000000000000000 ) ) ;
#1965 = DIRECTION ( 'NONE',  ( 1.000000000000000000, 0.000000000000000000, 0.000000000000000000 ) ) ;
#1966 = CARTESIAN_POINT ( 'NONE',  ( 0.4877081900321063035, -0.2953468209554588331, 0.001705116731229161216 ) ) ;
#1967 = DIRECTION ( 'NONE',  ( 1.000000000000000000, 0.000000000000000000, 0.000000000000000000 ) ) ;
#1968 = ORIENTED_EDGE ( 'NONE', *, *, #1625, .F. ) ;
#1969 = ORIENTED_EDGE ( 'NONE', *, *, #2249, .F. ) ;
#1970 = ORIENTED_EDGE ( 'NONE', *, *, #1362, .T. ) ;
#1971 = EDGE_CURVE ( 'NONE', #192, #1636, #1154, .T. ) ;
#1972 = VECTOR ( 'NONE', #1665, 1000.000000000000000 ) ;
#1973 = LINE ( 'NONE', #992, #1058 ) ;
#1974 = CARTESIAN_POINT ( 'NONE',  ( -0.4873673391096551843, -0.3701565254392721882, -0.03248001763957929916 ) ) ;
#1975 = CARTESIAN_POINT ( 'NONE',  ( -0.5200403026607157697, 0.7374869618097367185, -0.4225102292962838457 ) ) ;
#1976 = CARTESIAN_POINT ( 'NONE',  ( 0.09080470179837525635, 0.7342896302971185785, -0.1624900881918141249 ) ) ;
#1977 = DIRECTION ( 'NONE',  ( 0.000000000000000000, 0.000000000000000000, -1.000000000000000000 ) ) ;
#1978 = FACE_OUTER_BOUND ( 'NONE', #66, .T. ) ;
#1979 = DIRECTION ( 'NONE',  ( 0.000000000000000000, 1.000000000000000000, 0.000000000000000000 ) ) ;
#1980 = ORIENTED_EDGE ( 'NONE', *, *, #2420, .T. ) ;
#1981 = ORIENTED_EDGE ( 'NONE', *, *, #67, .T. ) ;
#1982 = DIRECTION ( 'NONE',  ( 0.7071067811865477948, 0.000000000000000000, -0.7071067811865471286 ) ) ;
#1983 = ORIENTED_EDGE ( 'NONE', *, *, #1089, .T. ) ;
#1984 = CIRCLE ( 'NONE', #172, 0.1105085599693996917 ) ;
#1985 = DIRECTION ( 'NONE',  ( 0.000000000000000000, 0.000000000000000000, -1.000000000000000000 ) ) ;
#1986 = EDGE_CURVE ( 'NONE', #2181, #2367, #53, .T. ) ;
#1987 = CARTESIAN_POINT ( 'NONE',  ( -0.4233430454951532251, 0.8666596329799808318, -0.1624900881918141249 ) ) ;
#1988 = FACE_OUTER_BOUND ( 'NONE', #239, .T. ) ;
#1989 = VECTOR ( 'NONE', #789, 1000.000000000000000 ) ;
#1990 = DIRECTION ( 'NONE',  ( 1.000000000000000000, 0.000000000000000000, 0.000000000000000000 ) ) ;
#1991 = EDGE_CURVE ( 'NONE', #848, #1996, #2032, .T. ) ;
#1992 = CARTESIAN_POINT ( 'NONE',  ( 0.4894084016400859771, 0.02847578572932607521, -0.1122550871605869222 ) ) ;
#1993 = LOCAL_TIME ( 9, 57, 46.00000000000000000, #548 ) ;
#1994 = DIRECTION ( 'NONE',  ( 0.000000000000000000, 1.000000000000000000, 0.000000000000000000 ) ) ;
#1995 = FACE_OUTER_BOUND ( 'NONE', #798, .T. ) ;
#1996 = VERTEX_POINT ( 'NONE', #367 ) ;
#1997 = ORIENTED_EDGE ( 'NONE', *, *, #144, .F. ) ;
#1998 = CARTESIAN_POINT ( 'NONE',  ( -0.3297172666716664535, 0.8138280168809833848, -0.4225102292962838457 ) ) ;
#1999 = CARTESIAN_POINT ( 'NONE',  ( 0.4540222516184465595, 0.8859861077963983034, -0.1624900881918141249 ) ) ;
#2000 = DIRECTION ( 'NONE',  ( 1.000000000000000000, 0.000000000000000000, 0.000000000000000000 ) ) ;
#2001 = CARTESIAN_POINT ( 'NONE',  ( -0.4386827923995291201, 0.8761395356272105861, -0.4225102292962838457 ) ) ;
#2002 = CARTESIAN_POINT ( 'NONE',  ( -0.4873673391096551843, -0.2823359527503956357, 0.01712483285787303605 ) ) ;
#2003 = CARTESIAN_POINT ( 'NONE',  ( -0.4387840085655689282, 0.7374869618097367185, -0.1624900881918141249 ) ) ;
#2004 = EDGE_CURVE ( 'NONE', #1167, #1945, #185, .T. ) ;
#2005 = PLANE ( 'NONE',  #1020 ) ;
#2006 = ORIENTED_EDGE ( 'NONE', *, *, #1914, .T. ) ;
#2007 = CARTESIAN_POINT ( 'NONE',  ( -0.5200403026607157697, 0.7374869618097367185, -0.4225102292962838457 ) ) ;
#2008 = ORIENTED_EDGE ( 'NONE', *, *, #1991, .T. ) ;
#2009 = ORIENTED_EDGE ( 'NONE', *, *, #372, .T. ) ;
#2010 = LINE ( 'NONE', #485, #1900 ) ;
#2011 = DIRECTION ( 'NONE',  ( 0.000000000000000000, 1.000000000000000000, 0.000000000000000000 ) ) ;
#2012 = CARTESIAN_POINT ( 'NONE',  ( -0.4418638144163722359, -0.8999999999999999112, -0.03248001763957929916 ) ) ;
#2013 = LINE ( 'NONE', #150, #821 ) ;
#2014 = VECTOR ( 'NONE', #83, 1000.000000000000000 ) ;
#2015 = CARTESIAN_POINT ( 'NONE',  ( -0.4873673391096551843, -0.3110998384054444177, -0.01039384393334050714 ) ) ;
#2016 = CARTESIAN_POINT ( 'NONE',  ( 0.3902006429298331414, -0.1524421059484533936, 0.4225552292932425735 ) ) ;
#2017 = CIRCLE ( 'NONE', #2332, 0.04550352469328221988 ) ;
#2018 = CARTESIAN_POINT ( 'NONE',  ( 0.4881352469282282946, 0.02237297775955119847, -0.4225102292962838457 ) ) ;
#2019 = AXIS2_PLACEMENT_3D ( 'NONE', #2226, #1985, #1837 ) ;
#2020 = EDGE_CURVE ( 'NONE', #1084, #1860, #1706, .T. ) ;
#2021 = AXIS2_PLACEMENT_3D ( 'NONE', #1953, #63, #1405 ) ;
#2022 = ORIENTED_EDGE ( 'NONE', *, *, #2189, .T. ) ;
#2023 = EDGE_CURVE ( 'NONE', #169, #52, #2270, .T. ) ;
#2024 = CARTESIAN_POINT ( 'NONE',  ( 0.4881352260128071774, 0.02237298057761097358, -0.1049240180910964021 ) ) ;
#2025 = ORIENTED_EDGE ( 'NONE', *, *, #2390, .T. ) ;
#2026 = ORIENTED_EDGE ( 'NONE', *, *, #1303, .T. ) ;
#2027 = LINE ( 'NONE', #1651, #751 ) ;
#2028 = CARTESIAN_POINT ( 'NONE',  ( 0.5527132253082238655, 0.2535107075076972749, -0.1624900881918141249 ) ) ;
#2029 = DIRECTION ( 'NONE',  ( 0.000000000000000000, 0.000000000000000000, -1.000000000000000000 ) ) ;
#2030 = CARTESIAN_POINT ( 'NONE',  ( -0.5523723743857725799, 0.5444171096108865182, -0.09748505291569678488 ) ) ;
#2031 = CARTESIAN_POINT ( 'NONE',  ( -0.3870844049288208466, 0.1075780390306160378, 0.4225552292932425735 ) ) ;
#2032 = CIRCLE ( 'NONE', #2233, 0.06500503527611749266 ) ;
#2033 = CIRCLE ( 'NONE', #1155, 0.1105085599693996917 ) ;
#2034 = CARTESIAN_POINT ( 'NONE',  ( -0.4873673391096551843, 0.5821148042954770174, 0.4225552292932425735 ) ) ;
#2035 = ORIENTED_EDGE ( 'NONE', *, *, #716, .T. ) ;
#2036 = ADVANCED_FACE ( 'NONE', ( #2278 ), #578, .F. ) ;
#2037 = CARTESIAN_POINT ( 'NONE',  ( -0.5523723743857725799, 0.5444171096108865182, -0.09748505291569678488 ) ) ;
#2038 = ORIENTED_EDGE ( 'NONE', *, *, #565, .F. ) ;
#2039 = ORIENTED_EDGE ( 'NONE', *, *, #815, .T. ) ;
#2040 = EDGE_CURVE ( 'NONE', #684, #1211, #2322, .T. ) ;
#2041 = LINE ( 'NONE', #146, #783 ) ;
#2042 = LINE ( 'NONE', #1850, #554 ) ;
#2043 = DIRECTION ( 'NONE',  ( 0.000000000000000000, 0.000000000000000000, -1.000000000000000000 ) ) ;
#2044 = CARTESIAN_POINT ( 'NONE',  ( 0.3902006429298331414, -0.02243203539621860601, 0.4225552292932425735 ) ) ;
#2045 = DIRECTION ( 'NONE',  ( 0.000000000000000000, 0.000000000000000000, -1.000000000000000000 ) ) ;
#2046 = DIRECTION ( 'NONE',  ( 1.000000000000000000, 0.000000000000000000, 0.000000000000000000 ) ) ;
#2047 = ORIENTED_EDGE ( 'NONE', *, *, #2221, .T. ) ;
#2048 = PERSON_AND_ORGANIZATION_ROLE ( 'creator' ) ;
#2049 = ORIENTED_EDGE ( 'NONE', *, *, #203, .T. ) ;
#2050 = ORIENTED_EDGE ( 'NONE', *, *, #1804, .F. ) ;
#2051 = CARTESIAN_POINT ( 'NONE',  ( 0.3902006429298331414, 0.1075780390306160378, 0.4225552292932425735 ) ) ;
#2052 = FACE_OUTER_BOUND ( 'NONE', #1013, .T. ) ;
#2053 = CARTESIAN_POINT ( 'NONE',  ( 0.6764811565367681023, 0.6934788664697170146, -0.1624900881918141249 ) ) ;
#2054 = EDGE_CURVE ( 'NONE', #77, #1384, #1005, .T. ) ;
#2055 = CARTESIAN_POINT ( 'NONE',  ( -0.4418638144163722359, -0.8544964753067179064, -0.4225102292962838457 ) ) ;
#2056 = DIRECTION ( 'NONE',  ( 0.000000000000000000, 0.000000000000000000, -1.000000000000000000 ) ) ;
#2057 = DIRECTION ( 'NONE',  ( 0.000000000000000000, 0.000000000000000000, 1.000000000000000000 ) ) ;
#2058 = AXIS2_PLACEMENT_3D ( 'NONE', #791, #1414, #2151 ) ;
#2059 = VERTEX_POINT ( 'NONE', #1774 ) ;
#2060 = VECTOR ( 'NONE', #832, 1000.000000000000000 ) ;
#2061 = APPROVAL_DATE_TIME ( #1894, #2364 ) ;
#2062 = VERTEX_POINT ( 'NONE', #1764 ) ;
#2063 = ORIENTED_EDGE ( 'NONE', *, *, #395, .T. ) ;
#2064 = DIRECTION ( 'NONE',  ( -0.7071067811865474617, 0.7071067811865474617, 0.000000000000000000 ) ) ;
#2065 =( BOUNDED_CURVE ( )  B_SPLINE_CURVE ( 3, ( #1467, #2172, #327, #888 ),
 .UNSPECIFIED., .F., .T. ) 
 B_SPLINE_CURVE_WITH_KNOTS ( ( 4, 4 ),
 ( 4.712388980384689674, 5.497787143782139729 ),
 .UNSPECIFIED. ) 
 CURVE ( )  GEOMETRIC_REPRESENTATION_ITEM ( )  RATIONAL_B_SPLINE_CURVE ( ( 1.000000000000000000, 0.9492530216741910110, 0.9492530216741910110, 1.000000000000000000 ) ) 
 REPRESENTATION_ITEM ( '' )  );
#2066 = ADVANCED_FACE ( 'NONE', ( #623 ), #1603, .T. ) ;
#2067 = VECTOR ( 'NONE', #682, 1000.000000000000000 ) ;
#2068 = LINE ( 'NONE', #195, #1858 ) ;
#2069 = DIRECTION ( 'NONE',  ( 1.000000000000000000, 0.000000000000000000, 0.000000000000000000 ) ) ;
#2070 = VECTOR ( 'NONE', #1593, 1000.000000000000000 ) ;
#2071 = EDGE_CURVE ( 'NONE', #1639, #1860, #460, .T. ) ;
#2072 = CARTESIAN_POINT ( 'NONE',  ( 0.09080470179837525635, 0.7342896302971185785, -0.1624900881918141249 ) ) ;
#2073 = AXIS2_PLACEMENT_3D ( 'NONE', #1975, #97, #1019 ) ;
#2074 = EDGE_LOOP ( 'NONE', ( #1225, #1895, #1198, #732, #233, #1411, #417, #1315, #1299 ) ) ;
#2075 = VECTOR ( 'NONE', #712, 1000.000000000000000 ) ;
#2076 = PERSON_AND_ORGANIZATION ( #1694, #1520 ) ;
#2077 = AXIS2_PLACEMENT_3D ( 'NONE', #2369, #1451, #1279 ) ;
#2078 = ORIENTED_EDGE ( 'NONE', *, *, #2122, .T. ) ;
#2079 = VERTEX_POINT ( 'NONE', #2136 ) ;
#2080 = CC_DESIGN_APPROVAL ( #1036, ( #2308 ) ) ;
#2081 = DIRECTION ( 'NONE',  ( -1.000000000000000000, 0.000000000000000000, 0.000000000000000000 ) ) ;
#2082 = CARTESIAN_POINT ( 'NONE',  ( -0.4877958357030716119, 0.02237267656850784603, -0.1049366879104791650 ) ) ;
#2083 = DIRECTION ( 'NONE',  ( 0.000000000000000000, 1.000000000000000000, 0.000000000000000000 ) ) ;
#2084 = CARTESIAN_POINT ( 'NONE',  ( -0.4233430454951532251, 0.8666596329799808318, -0.4225102292962838457 ) ) ;
#2085 = ADVANCED_FACE ( 'NONE', ( #1949 ), #814, .F. ) ;
#2086 = ORIENTED_EDGE ( 'NONE', *, *, #144, .T. ) ;
#2087 = APPLICATION_CONTEXT ( 'configuration controlled 3d designs of mechanical parts and assemblies' ) ;
#2088 = APPROVAL_ROLE ( '' ) ;
#2089 = ORIENTED_EDGE ( 'NONE', *, *, #1775, .F. ) ;
#2090 = FACE_BOUND ( 'NONE', #1250, .T. ) ;
#2091 = CARTESIAN_POINT ( 'NONE',  ( 0.4877081900321063035, -0.7537386706287356741, -0.03248001763957929916 ) ) ;
#2092 = DIRECTION ( 'NONE',  ( 0.000000000000000000, 1.000000000000000000, 0.000000000000000000 ) ) ;
#2093 = CARTESIAN_POINT ( 'NONE',  ( -0.4540225401907550529, 0.8859861077963983034, -0.4225102292962838457 ) ) ;
#2094 = ORIENTED_EDGE ( 'NONE', *, *, #279, .F. ) ;
#2095 = AXIS2_PLACEMENT_3D ( 'NONE', #499, #339, #699 ) ;
#2096 = EDGE_CURVE ( 'NONE', #466, #1686, #1575, .T. ) ;
#2097 = EDGE_LOOP ( 'NONE', ( #1885, #8, #1871, #2183 ) ) ;
#2098 = ORIENTED_EDGE ( 'NONE', *, *, #621, .F. ) ;
#2099 = AXIS2_PLACEMENT_3D ( 'NONE', #1180, #246, #2064 ) ;
#2100 = EDGE_CURVE ( 'NONE', #646, #1796, #291, .T. ) ;
#2101 = DIRECTION ( 'NONE',  ( 0.000000000000000000, 0.000000000000000000, -1.000000000000000000 ) ) ;
#2102 = DIRECTION ( 'NONE',  ( 0.000000000000000000, 0.7071067811865479058, -0.7071067811865472397 ) ) ;
#2103 = CARTESIAN_POINT ( 'NONE',  ( 0.4156737796736240109, 0.8620580582757877419, -0.1624900881918141249 ) ) ;
#2104 = VECTOR ( 'NONE', #1794, 1000.000000000000000 ) ;
#2105 = LINE ( 'NONE', #2445, #1571 ) ;
#2106 = VECTOR ( 'NONE', #2056, 1000.000000000000000 ) ;
#2107 = VERTEX_POINT ( 'NONE', #254 ) ;
#2108 = VECTOR ( 'NONE', #2389, 1000.000000000000000 ) ;
#2109 = ORIENTED_EDGE ( 'NONE', *, *, #98, .T. ) ;
#2110 = EDGE_CURVE ( 'NONE', #535, #1920, #994, .T. ) ;
#2111 = APPROVAL_PERSON_ORGANIZATION ( #1489, #2263, #573 ) ;
#2112 = ORIENTED_EDGE ( 'NONE', *, *, #536, .T. ) ;
#2113 = EDGE_CURVE ( 'NONE', #1686, #1846, #475, .T. ) ;
#2114 = DIRECTION ( 'NONE',  ( 0.000000000000000000, 0.000000000000000000, 1.000000000000000000 ) ) ;
#2115 = CARTESIAN_POINT ( 'NONE',  ( -0.4873673391096551843, 0.01614254479658472005, -0.09748505291569678488 ) ) ;
#2116 = VERTEX_POINT ( 'NONE', #838 ) ;
#2117 = LINE ( 'NONE', #1533, #92 ) ;
#2118 = ORIENTED_EDGE ( 'NONE', *, *, #1789, .F. ) ;
#2119 = EDGE_LOOP ( 'NONE', ( #413, #1980, #393, #2328, #618, #2009 ) ) ;
#2120 = ORIENTED_EDGE ( 'NONE', *, *, #1849, .T. ) ;
#2121 = DIRECTION ( 'NONE',  ( 0.7071067811865444641, -0.7071067811865504593, 0.000000000000000000 ) ) ;
#2122 = EDGE_CURVE ( 'NONE', #1818, #958, #1476, .T. ) ;
#2123 = DIRECTION ( 'NONE',  ( -0.6545453910113778750, 0.7560227054168163763, 0.000000000000000000 ) ) ;
#2124 = VERTEX_POINT ( 'NONE', #636 ) ;
#2125 = CARTESIAN_POINT ( 'NONE',  ( 0.4156737796734935597, 0.8620580582757085830, -0.1624900881918141249 ) ) ;
#2126 = CARTESIAN_POINT ( 'NONE',  ( 0.4877081900321063035, -0.2823359527342489406, 0.01712483284437034750 ) ) ;
#2127 = DIRECTION ( 'NONE',  ( 1.000000000000000000, 0.000000000000000000, 0.000000000000000000 ) ) ;
#2128 = VECTOR ( 'NONE', #806, 1000.000000000000000 ) ;
#2129 = VERTEX_POINT ( 'NONE', #1735 ) ;
#2130 = CIRCLE ( 'NONE', #746, 0.1625125881902936276 ) ;
#2131 = ORIENTED_EDGE ( 'NONE', *, *, #1307, .F. ) ;
#2132 = CIRCLE ( 'NONE', #1897, 0.1625125881902936276 ) ;
#2133 = DIRECTION ( 'NONE',  ( -0.7071067811865444641, -0.7071067811865504593, 0.000000000000000000 ) ) ;
#2134 = VECTOR ( 'NONE', #430, 1000.000000000000000 ) ;
#2135 = DIRECTION ( 'NONE',  ( 1.000000000000000000, 0.000000000000000000, 0.000000000000000000 ) ) ;
#2136 = CARTESIAN_POINT ( 'NONE',  ( 0.4156737796736240109, 0.8620580582757877419, -0.4225102292962838457 ) ) ;
#2137 = ADVANCED_FACE ( 'NONE', ( #1413 ), #1215, .F. ) ;
#2138 = CARTESIAN_POINT ( 'NONE',  ( -0.4418638144163722359, -0.8544964753067179064, -0.4225102292962838457 ) ) ;
#2139 = CARTESIAN_POINT ( 'NONE',  ( 0.4156737796736240109, 0.8620580582757877419, -0.1624900881918141249 ) ) ;
#2140 = DIRECTION ( 'NONE',  ( 0.000000000000000000, -1.000000000000000000, 0.000000000000000000 ) ) ;
#2141 = ADVANCED_FACE ( 'NONE', ( #278 ), #1202, .F. ) ;
#2142 = LINE ( 'NONE', #855, #1065 ) ;
#2143 = VERTEX_POINT ( 'NONE', #265 ) ;
#2144 = ORIENTED_EDGE ( 'NONE', *, *, #1771, .T. ) ;
#2145 = AXIS2_PLACEMENT_3D ( 'NONE', #1471, #174, #1828 ) ;
#2146 = CIRCLE ( 'NONE', #644, 0.06500503527611747878 ) ;
#2147 = EDGE_LOOP ( 'NONE', ( #786, #1313, #129, #443 ) ) ;
#2148 = LINE ( 'NONE', #44, #1661 ) ;
#2149 = CARTESIAN_POINT ( 'NONE',  ( -0.5523723743857725799, 0.6276183289887590222, -0.09748505291569678488 ) ) ;
#2150 = CARTESIAN_POINT ( 'NONE',  ( -0.3884720984681013789, 0.4942473027017325604, 0.4225552292932425735 ) ) ;
#2151 = DIRECTION ( 'NONE',  ( 1.000000000000000000, 0.000000000000000000, 0.000000000000000000 ) ) ;
#2152 = CARTESIAN_POINT ( 'NONE',  ( -0.6264121682420026316, 0.8603501683976515491, -0.4225102292962838457 ) ) ;
#2153 = PRODUCT_DEFINITION ( '�', '', #605, #1075 ) ;
#2154 = CARTESIAN_POINT ( 'NONE',  ( 0.4877081900321063035, -0.3425293854469230737, -0.02771823551121206652 ) ) ;
#2155 = CARTESIAN_POINT ( 'NONE',  ( -0.3870844049288208466, -0.1199395824984960807, 0.2925451587410076160 ) ) ;
#2156 = EDGE_CURVE ( 'NONE', #585, #1491, #84, .T. ) ;
#2157 = ORIENTED_EDGE ( 'NONE', *, *, #1544, .T. ) ;
#2158 = VERTEX_POINT ( 'NONE', #2311 ) ;
#2159 = EDGE_LOOP ( 'NONE', ( #776, #457, #1480, #1535 ) ) ;
#2160 = CARTESIAN_POINT ( 'NONE',  ( -0.5064068731307589388, 0.08999166053402855858, -0.1434505541707101484 ) ) ;
#2161 = DIRECTION ( 'NONE',  ( 1.000000000000000000, 0.000000000000000000, 0.000000000000000000 ) ) ;
#2162 = CARTESIAN_POINT ( 'NONE',  ( 2.391657465572709872E-07, 0.7274476684246398150, -0.1624900881918141249 ) ) ;
#2163 = DIRECTION ( 'NONE',  ( 0.000000000000000000, 0.000000000000000000, -1.000000000000000000 ) ) ;
#2164 = LINE ( 'NONE', #819, #392 ) ;
#2165 = CARTESIAN_POINT ( 'NONE',  ( 0.5200407526606855013, 0.7374872901565129313, -0.4225102292962838457 ) ) ;
#2166 = EDGE_LOOP ( 'NONE', ( #767, #2296, #1570, #335 ) ) ;
#2167 = EDGE_LOOP ( 'NONE', ( #1383, #1290, #2306, #1028 ) ) ;
#2168 = ADVANCED_FACE ( 'NONE', ( #1988 ), #803, .T. ) ;
#2169 = DIRECTION ( 'NONE',  ( 0.7071067811865444641, -0.7071067811865504593, 0.000000000000000000 ) ) ;
#2170 = ORIENTED_EDGE ( 'NONE', *, *, #2390, .F. ) ;
#2171 = EDGE_CURVE ( 'NONE', #1686, #1490, #724, .T. ) ;
#2172 = CARTESIAN_POINT ( 'NONE',  ( -0.5349015494652092917, 0.1911019843019257647, -0.1624900881918141249 ) ) ;
#2173 = CARTESIAN_POINT ( 'NONE',  ( 0.5200407526606855013, 0.7374872901565129313, -0.1624900881918141249 ) ) ;
#2174 = DIRECTION ( 'NONE',  ( 0.000000000000000000, -1.000000000000000000, 0.000000000000000000 ) ) ;
#2175 = AXIS2_PLACEMENT_3D ( 'NONE', #1318, #1689, #2298 ) ;
#2176 = VECTOR ( 'NONE', #725, 1000.000000000000000 ) ;
#2177 = LINE ( 'NONE', #1191, #897 ) ;
#2178 = CARTESIAN_POINT ( 'NONE',  ( 0.4878603347184029548, 0.02038063447569104375, -0.1025376330954223675 ) ) ;
#2179 = DIRECTION ( 'NONE',  ( 0.000000000000000000, 0.000000000000000000, -1.000000000000000000 ) ) ;
#2180 = LINE ( 'NONE', #1381, #2104 ) ;
#2181 = VERTEX_POINT ( 'NONE', #2012 ) ;
#2182 = DIRECTION ( 'NONE',  ( 0.000000000000000000, 0.000000000000000000, 1.000000000000000000 ) ) ;
#2183 = ORIENTED_EDGE ( 'NONE', *, *, #452, .F. ) ;
#2184 = EDGE_CURVE ( 'NONE', #695, #1795, #891, .T. ) ;
#2185 = AXIS2_PLACEMENT_3D ( 'NONE', #1041, #479, #1407 ) ;
#2186 = CARTESIAN_POINT ( 'NONE',  ( -0.4873673391096551843, -0.8999999999999999112, -0.4225102292962838457 ) ) ;
#2187 = DIRECTION ( 'NONE',  ( 0.000000000000000000, 0.000000000000000000, 1.000000000000000000 ) ) ;
#2188 = CARTESIAN_POINT ( 'NONE',  ( -0.4885049459362369451, 0.02646857876737912160, -0.1098480276395813471 ) ) ;
#2189 = EDGE_CURVE ( 'NONE', #914, #1358, #1026, .T. ) ;
#2190 = VECTOR ( 'NONE', #2083, 1000.000000000000000 ) ;
#2191 = CARTESIAN_POINT ( 'NONE',  ( -0.4740396652948815071, -0.8866723261852273996, -0.4225102292962838457 ) ) ;
#2192 = CARTESIAN_POINT ( 'NONE',  ( -0.4873673391096548513, -0.2694511578216609027, 0.03252501763653810329 ) ) ;
#2193 = DIRECTION ( 'NONE',  ( 0.000000000000000000, 0.000000000000000000, 1.000000000000000000 ) ) ;
#2194 = CARTESIAN_POINT ( 'NONE',  ( 0.3902006371179305155, 0.6276183289887590222, 0.2925451587410076160 ) ) ;
#2195 = ORIENTED_EDGE ( 'NONE', *, *, #441, .F. ) ;
#2196 = DIRECTION ( 'NONE',  ( 0.000000000000000000, 0.000000000000000000, -1.000000000000000000 ) ) ;
#2197 = ORIENTED_EDGE ( 'NONE', *, *, #733, .T. ) ;
#2198 = ORIENTED_EDGE ( 'NONE', *, *, #908, .T. ) ;
#2199 = CYLINDRICAL_SURFACE ( 'NONE', #1176, 0.04550352469328229621 ) ;
#2200 = CARTESIAN_POINT ( 'NONE',  ( -0.5200403026607157697, 0.7374869618097367185, -0.1624900881918141249 ) ) ;
#2201 = DIRECTION ( 'NONE',  ( -0.7071067811865474617, 0.7071067811865474617, 0.000000000000000000 ) ) ;
#2202 = EDGE_CURVE ( 'NONE', #787, #774, #851, .T. ) ;
#2203 = DIRECTION ( 'NONE',  ( 0.000000000000000000, 0.000000000000000000, -1.000000000000000000 ) ) ;
#2204 = DIRECTION ( 'NONE',  ( 0.000000000000000000, 1.000000000000000000, 0.000000000000000000 ) ) ;
#2205 = DIRECTION ( 'NONE',  ( -1.000000000000000000, 0.000000000000000000, 0.000000000000000000 ) ) ;
#2206 = ADVANCED_FACE ( 'NONE', ( #1443 ), #2415, .T. ) ;
#2207 = CARTESIAN_POINT ( 'NONE',  ( 0.4310131691173956781, 0.8713539872613537129, -0.1624900881918141249 ) ) ;
#2208 = VERTEX_POINT ( 'NONE', #1294 ) ;
#2209 = DIRECTION ( 'NONE',  ( 0.000000000000000000, -1.000000000000000000, 0.000000000000000000 ) ) ;
#2210 = ORIENTED_EDGE ( 'NONE', *, *, #337, .F. ) ;
#2211 = CARTESIAN_POINT ( 'NONE',  ( -0.09080425656376746313, 0.7342896456611129885, -0.4225102292962838457 ) ) ;
#2212 = DIRECTION ( 'NONE',  ( 0.000000000000000000, 1.000000000000000000, 0.000000000000000000 ) ) ;
#2213 = DIRECTION ( 'NONE',  ( 0.000000000000000000, 0.000000000000000000, 1.000000000000000000 ) ) ;
#2214 = VECTOR ( 'NONE', #1994, 1000.000000000000000 ) ;
#2215 = DIRECTION ( 'NONE',  ( 0.000000000000000000, 0.000000000000000000, -1.000000000000000000 ) ) ;
#2216 = LINE ( 'NONE', #1668, #601 ) ;
#2217 = EDGE_CURVE ( 'NONE', #797, #181, #1469, .T. ) ;
#2218 = PLANE ( 'NONE',  #945 ) ;
#2219 = VECTOR ( 'NONE', #134, 1000.000000000000000 ) ;
#2220 = CIRCLE ( 'NONE', #1421, 0.08125629409514681378 ) ;
#2221 = EDGE_CURVE ( 'NONE', #942, #1408, #488, .T. ) ;
#2222 = EDGE_LOOP ( 'NONE', ( #1942, #584, #1622, #1650 ) ) ;
#2223 = LINE ( 'NONE', #1224, #329 ) ;
#2224 = ORIENTED_EDGE ( 'NONE', *, *, #569, .T. ) ;
#2225 = ORIENTED_EDGE ( 'NONE', *, *, #1775, .T. ) ;
#2226 = CARTESIAN_POINT ( 'NONE',  ( -0.5328708638029371336, 0.01614254479658472005, -0.4225102292962838457 ) ) ;
#2227 = DIRECTION ( 'NONE',  ( -0.9906148611783176516, 0.1366828329113149165, 0.000000000000000000 ) ) ;
#2228 = DIRECTION ( 'NONE',  ( 0.000000000000000000, 0.000000000000000000, -1.000000000000000000 ) ) ;
#2229 = PRODUCT_DEFINITION_SHAPE ( 'NONE', 'NONE',  #2153 ) ;
#2230 = VECTOR ( 'NONE', #771, 1000.000000000000000 ) ;
#2231 = CARTESIAN_POINT ( 'NONE',  ( -0.5200403026607157697, 0.7374869618097367185, -0.4225102292962838457 ) ) ;
#2232 = CARTESIAN_POINT ( 'NONE',  ( 0.2439393077466658344, -0.3149546825149431850, 0.4225552292932425735 ) ) ;
#2233 = AXIS2_PLACEMENT_3D ( 'NONE', #1890, #557, #1308 ) ;
#2234 = LINE ( 'NONE', #128, #597 ) ;
#2235 = VERTEX_POINT ( 'NONE', #2053 ) ;
#2236 = EDGE_CURVE ( 'NONE', #1249, #1209, #1183, .T. ) ;
#2237 = PERSON_AND_ORGANIZATION ( #1694, #1520 ) ;
#2238 = ORIENTED_EDGE ( 'NONE', *, *, #55, .F. ) ;
#2239 = EDGE_LOOP ( 'NONE', ( #2380, #1452, #2331, #1001 ) ) ;
#2240 = LINE ( 'NONE', #2250, #940 ) ;
#2241 = CARTESIAN_POINT ( 'NONE',  ( 0.4877081900321063035, 0.01615342709702341159, -0.09748505291569678488 ) ) ;
#2242 = DIRECTION ( 'NONE',  ( -0.6545453910113778750, 0.7560227054168163763, 0.000000000000000000 ) ) ;
#2243 = CARTESIAN_POINT ( 'NONE',  ( -0.4233430454951532251, 0.8666596329799808318, -0.1624900881918141249 ) ) ;
#2244 = LINE ( 'NONE', #1433, #15 ) ;
#2245 = CARTESIAN_POINT ( 'NONE',  ( -0.5064068731307591609, 0.5821148042954770174, -0.1434505541707101761 ) ) ;
#2246 = ORIENTED_EDGE ( 'NONE', *, *, #452, .T. ) ;
#2247 = PERSON_AND_ORGANIZATION ( #1694, #1520 ) ;
#2248 = ORIENTED_EDGE ( 'NONE', *, *, #1477, .T. ) ;
#2249 = EDGE_CURVE ( 'NONE', #411, #833, #1829, .T. ) ;
#2250 = CARTESIAN_POINT ( 'NONE',  ( -0.3884720984681013789, 0.1140231973532877807, 0.4225552292932425735 ) ) ;
#2251 = DIRECTION ( 'NONE',  ( 0.000000000000000000, 0.000000000000000000, 1.000000000000000000 ) ) ;
#2252 = EDGE_CURVE ( 'NONE', #470, #2281, #1801, .T. ) ;
#2253 = LINE ( 'NONE', #1902, #471 ) ;
#2254 = CARTESIAN_POINT ( 'NONE',  ( 0.4386828635060367465, 0.8761397306541717223, -0.4225102292962838457 ) ) ;
#2255 = FACE_OUTER_BOUND ( 'NONE', #1530, .T. ) ;
#2256 = AXIS2_PLACEMENT_3D ( 'NONE', #1485, #544, #1037 ) ;
#2257 = VERTEX_POINT ( 'NONE', #500 ) ;
#2258 = CIRCLE ( 'NONE', #4, 0.08125629409514681378 ) ;
#2259 = CALENDAR_DATE ( 2026, 29, 6 ) ;
#2260 = ORIENTED_EDGE ( 'NONE', *, *, #292, .F. ) ;
#2261 = ORIENTED_EDGE ( 'NONE', *, *, #2184, .F. ) ;
#2262 = DIRECTION ( 'NONE',  ( 0.000000000000000000, 0.000000000000000000, 1.000000000000000000 ) ) ;
#2263 = APPROVAL ( #943, '未' ) ;
#2264 = ORIENTED_EDGE ( 'NONE', *, *, #1591, .F. ) ;
#2265 = DIRECTION ( 'NONE',  ( -0.7071067811865444641, -0.7071067811865504593, 0.000000000000000000 ) ) ;
#2266 = EDGE_CURVE ( 'NONE', #2235, #607, #483, .T. ) ;
#2267 = DIRECTION ( 'NONE',  ( 0.000000000000000000, 0.000000000000000000, -1.000000000000000000 ) ) ;
#2268 = TOROIDAL_SURFACE ( 'NONE', #1785, 0.1105085599693996501, 0.06500503527611739552 ) ;
#2269 = LINE ( 'NONE', #1737, #522 ) ;
#2270 = CIRCLE ( 'NONE', #527, 0.04550352469328229621 ) ;
#2271 = EDGE_LOOP ( 'NONE', ( #1997, #1332, #1300, #1085 ) ) ;
#2272 = AXIS2_PLACEMENT_3D ( 'NONE', #1239, #2209, #685 ) ;
#2273 = ORIENTED_EDGE ( 'NONE', *, *, #1230, .F. ) ;
#2274 = ORIENTED_EDGE ( 'NONE', *, *, #1672, .F. ) ;
#2275 = DIRECTION ( 'NONE',  ( 0.000000000000000000, 0.000000000000000000, 1.000000000000000000 ) ) ;
#2276 = EDGE_LOOP ( 'NONE', ( #1222, #28, #221, #2094 ) ) ;
#2277 = CARTESIAN_POINT ( 'NONE',  ( 0.2439393077466658344, -0.3799597177910607471, -0.03248001763957929916 ) ) ;
#2278 = FACE_OUTER_BOUND ( 'NONE', #1168, .T. ) ;
#2279 = EDGE_CURVE ( 'NONE', #1015, #107, #1061, .T. ) ;
#2280 = FACE_OUTER_BOUND ( 'NONE', #506, .T. ) ;
#2281 = VERTEX_POINT ( 'NONE', #1078 ) ;
#2282 = ORIENTED_EDGE ( 'NONE', *, *, #115, .T. ) ;
#2283 = EDGE_CURVE ( 'NONE', #833, #390, #136, .T. ) ;
#2284 = ORIENTED_EDGE ( 'NONE', *, *, #716, .F. ) ;
#2285 = ORIENTED_EDGE ( 'NONE', *, *, #226, .T. ) ;
#2286 = CARTESIAN_POINT ( 'NONE',  ( 0.5067477240532101135, 0.09011331722901999575, -0.1434505541707101484 ) ) ;
#2287 = CARTESIAN_POINT ( 'NONE',  ( 0.5332117147253883083, 0.01615342709702341159, -0.4225102292962838457 ) ) ;
#2288 = LINE ( 'NONE', #590, #1586 ) ;
#2289 = EDGE_CURVE ( 'NONE', #1167, #1722, #568, .T. ) ;
#2290 = ORIENTED_EDGE ( 'NONE', *, *, #436, .T. ) ;
#2291 = DIRECTION ( 'NONE',  ( 0.000000000000000000, 0.000000000000000000, -1.000000000000000000 ) ) ;
#2292 = CIRCLE ( 'NONE', #1138, 0.06500503527611739552 ) ;
#2293 = VECTOR ( 'NONE', #777, 1000.000000000000000 ) ;
#2294 = EDGE_CURVE ( 'NONE', #1150, #1276, #688, .T. ) ;
#2295 = ORIENTED_EDGE ( 'NONE', *, *, #857, .T. ) ;
#2296 = ORIENTED_EDGE ( 'NONE', *, *, #1445, .T. ) ;
#2297 = VERTEX_POINT ( 'NONE', #1088 ) ;
#2298 = DIRECTION ( 'NONE',  ( 1.000000000000000000, 0.000000000000000000, 0.000000000000000000 ) ) ;
#2299 = CARTESIAN_POINT ( 'NONE',  ( 0.4463525576730554834, 0.8810171037705474273, -0.4225102292962838457 ) ) ;
#2300 = LINE ( 'NONE', #954, #2230 ) ;
#2301 = VECTOR ( 'NONE', #103, 1000.000000000000000 ) ;
#2302 = ORIENTED_EDGE ( 'NONE', *, *, #23, .F. ) ;
#2303 = VECTOR ( 'NONE', #1791, 1000.000000000000000 ) ;
#2304 = ORIENTED_EDGE ( 'NONE', *, *, #1698, .T. ) ;
#2305 = VECTOR ( 'NONE', #110, 1000.000000000000000 ) ;
#2306 = ORIENTED_EDGE ( 'NONE', *, *, #1698, .F. ) ;
#2307 = EDGE_CURVE ( 'NONE', #2297, #2158, #1114, .T. ) ;
#2308 = SECURITY_CLASSIFICATION ( '', '', #1685 ) ;
#2309 = ORIENTED_EDGE ( 'NONE', *, *, #1278, .T. ) ;
#2310 = CARTESIAN_POINT ( 'NONE',  ( 0.4422046653388243542, -0.8544964753067179064, -0.4225102292962838457 ) ) ;
#2311 = CARTESIAN_POINT ( 'NONE',  ( -0.6764595428371140695, 0.6934054452632493204, -0.1624900881918141249 ) ) ;
#2312 = CARTESIAN_POINT ( 'NONE',  ( -0.4418638144163722359, 0.5821148042954770174, -0.09748505291569678488 ) ) ;
#2313 = CARTESIAN_POINT ( 'NONE',  ( 0.4888419358576494567, 0.02646212269933536504, -0.1098271972940787905 ) ) ;
#2314 = CARTESIAN_POINT ( 'NONE',  ( 0.4877081900321063035, -0.2695899818995542985, 0.03235909145526257719 ) ) ;
#2315 = DIRECTION ( 'NONE',  ( 0.000000000000000000, 0.7071067811865479058, -0.7071067811865472397 ) ) ;
#2316 = ORIENTED_EDGE ( 'NONE', *, *, #593, .F. ) ;
#2317 = ORIENTED_EDGE ( 'NONE', *, *, #1102, .T. ) ;
#2318 = VERTEX_POINT ( 'NONE', #1844 ) ;
#2319 = ADVANCED_FACE ( 'NONE', ( #1808 ), #885, .F. ) ;
#2320 = LINE ( 'NONE', #968, #860 ) ;
#2321 = CARTESIAN_POINT ( 'NONE',  ( -0.4740396652948816181, 0.6142906551739863996, -0.09748505291569678488 ) ) ;
#2322 = LINE ( 'NONE', #1189, #1152 ) ;
#2323 = ADVANCED_FACE ( 'NONE', ( #334 ), #524, .F. ) ;
#2324 = CARTESIAN_POINT ( 'NONE',  ( 0.6825533408509790734, 0.7374872901565129313, -0.1624900881918141249 ) ) ;
#2325 = FACE_OUTER_BOUND ( 'NONE', #1488, .T. ) ;
#2326 = CARTESIAN_POINT ( 'NONE',  ( -0.5328708638029371336, 0.01614254479658472005, -0.4225102292962838457 ) ) ;
#2327 = CARTESIAN_POINT ( 'NONE',  ( 0.4743805162173336254, -0.8866723261852273996, -0.03248001763957929916 ) ) ;
#2328 = ORIENTED_EDGE ( 'NONE', *, *, #540, .F. ) ;
#2329 = ORIENTED_EDGE ( 'NONE', *, *, #341, .F. ) ;
#2330 = AXIS2_PLACEMENT_3D ( 'NONE', #1372, #2187, #2135 ) ;
#2331 = ORIENTED_EDGE ( 'NONE', *, *, #828, .T. ) ;
#2332 = AXIS2_PLACEMENT_3D ( 'NONE', #960, #1889, #1540 ) ;
#2333 = VECTOR ( 'NONE', #1805, 1000.000000000000000 ) ;
#2334 = FACE_OUTER_BOUND ( 'NONE', #2222, .T. ) ;
#2335 = CARTESIAN_POINT ( 'NONE',  ( 0.4877081900321063035, 0.01615342709702341159, -0.4225102292962838457 ) ) ;
#2336 = EDGE_CURVE ( 'NONE', #1498, #425, #56, .T. ) ;
#2337 = CARTESIAN_POINT ( 'NONE',  ( -0.4873673391096551843, 0.5821148042954770174, -0.09748505291569678488 ) ) ;
#2338 = CARTESIAN_POINT ( 'NONE',  ( 0.4921825761081947692, 0.03833737444021361601, -0.1241452847468950405 ) ) ;
#2339 = CARTESIAN_POINT ( 'NONE',  ( 0.4877081900321063035, -0.3205871970741844268, -0.01768052280030473974 ) ) ;
#2340 = CARTESIAN_POINT ( 'NONE',  ( -0.3870844049288208466, 0.2375881115201517180, 0.4225552292932425735 ) ) ;
#2341 = ORIENTED_EDGE ( 'NONE', *, *, #2020, .F. ) ;
#2342 = VECTOR ( 'NONE', #1272, 1000.000000000000000 ) ;
#2343 = AXIS2_PLACEMENT_3D ( 'NONE', #1329, #2092, #45 ) ;
#2344 = ORIENTED_EDGE ( 'NONE', *, *, #2420, .F. ) ;
#2345 = CARTESIAN_POINT ( 'NONE',  ( 0.5200407526606855013, 0.7374872901565129313, -0.4225102292962838457 ) ) ;
#2346 = CARTESIAN_POINT ( 'NONE',  ( -0.3884720984681013789, 0.4942473027017325604, 0.2925451587410076160 ) ) ;
#2347 = DIRECTION ( 'NONE',  ( 0.000000000000000000, 0.000000000000000000, -1.000000000000000000 ) ) ;
#2348 = LINE ( 'NONE', #280, #1374 ) ;
#2349 = LINE ( 'NONE', #853, #1826 ) ;
#2350 = EDGE_CURVE ( 'NONE', #848, #466, #119, .T. ) ;
#2351 = CARTESIAN_POINT ( 'NONE',  ( -0.4873673391096551843, 0.01614254479658472005, -0.4225102292962838457 ) ) ;
#2352 = DIRECTION ( 'NONE',  ( 0.000000000000000000, 0.000000000000000000, -1.000000000000000000 ) ) ;
#2353 = ORIENTED_EDGE ( 'NONE', *, *, #2436, .F. ) ;
#2354 = EDGE_CURVE ( 'NONE', #1044, #1107, #728, .T. ) ;
#2355 = ORIENTED_EDGE ( 'NONE', *, *, #2236, .F. ) ;
#2356 = VERTEX_POINT ( 'NONE', #2024 ) ;
#2357 = CARTESIAN_POINT ( 'NONE',  ( -0.3870844049288208466, 0.1075780390306160378, 0.2925451587410076160 ) ) ;
#2358 = FACE_OUTER_BOUND ( 'NONE', #1729, .T. ) ;
#2359 = DIRECTION ( 'NONE',  ( 0.000000000000000000, 0.000000000000000000, 1.000000000000000000 ) ) ;
#2360 = MANIFOLD_SOLID_BREP ( 'NONE', #314 ) ;
#2361 = CARTESIAN_POINT ( 'NONE',  ( -0.4156731723764836572, 0.8620575981432857526, -0.1624900881918141249 ) ) ;
#2362 = CARTESIAN_POINT ( 'NONE',  ( 0.4422046653388243542, -0.2694511578216609027, 0.03252501763653810329 ) ) ;
#2363 = DIRECTION ( 'NONE',  ( 0.000000000000000000, 0.000000000000000000, -1.000000000000000000 ) ) ;
#2364 = APPROVAL ( #1478, '未' ) ;
#2365 = CARTESIAN_POINT ( 'NONE',  ( -0.4873673391096551843, -0.2694511578216609027, -0.2274951234679316037 ) ) ;
#2366 = ORIENTED_EDGE ( 'NONE', *, *, #841, .T. ) ;
#2367 = VERTEX_POINT ( 'NONE', #2382 ) ;
#2368 = EDGE_CURVE ( 'NONE', #192, #1121, #2432, .T. ) ;
#2369 = CARTESIAN_POINT ( 'NONE',  ( -0.4418638144163722359, -0.8544964753067179064, -0.4225102292962838457 ) ) ;
#2370 = ORIENTED_EDGE ( 'NONE', *, *, #1954, .T. ) ;
#2371 = AXIS2_PLACEMENT_3D ( 'NONE', #2149, #2403, #1679 ) ;
#2372 = CARTESIAN_POINT ( 'NONE',  ( -0.1934569897337972688, 0.2375881115201517180, 0.4225552292932425735 ) ) ;
#2373 = CARTESIAN_POINT ( 'NONE',  ( -0.4540225401907550529, 0.8859861077963983034, -0.1624900881918141249 ) ) ;
#2374 = DIRECTION ( 'NONE',  ( 0.000000000000000000, 0.000000000000000000, -1.000000000000000000 ) ) ;
#2375 = VECTOR ( 'NONE', #513, 1000.000000000000000 ) ;
#2376 = CARTESIAN_POINT ( 'NONE',  ( -0.4540225401907550529, 0.8859861077963983034, -0.1624900881918141249 ) ) ;
#2377 = LINE ( 'NONE', #1023, #2303 ) ;
#2378 = FACE_OUTER_BOUND ( 'NONE', #612, .T. ) ;
#2379 = CYLINDRICAL_SURFACE ( 'NONE', #1741, 0.1625125881902936276 ) ;
#2380 = ORIENTED_EDGE ( 'NONE', *, *, #1971, .F. ) ;
#2381 = AXIS2_PLACEMENT_3D ( 'NONE', #2340, #645, #1967 ) ;
#2382 = CARTESIAN_POINT ( 'NONE',  ( -0.4740396652948815071, -0.8866723261852273996, -0.03248001763957929916 ) ) ;
#2383 = ORIENTED_EDGE ( 'NONE', *, *, #1658, .F. ) ;
#2384 = CIRCLE ( 'NONE', #2145, 0.1105085599693996501 ) ;
#2385 = EDGE_CURVE ( 'NONE', #362, #2129, #2223, .T. ) ;
#2386 = AXIS2_PLACEMENT_3D ( 'NONE', #611, #2359, #2123 ) ;
#2387 = CARTESIAN_POINT ( 'NONE',  ( -0.4418638144163722359, -0.3149546825149431850, 0.4225552292932425735 ) ) ;
#2388 = DIRECTION ( 'NONE',  ( 0.000000000000000000, 0.7071067811865479058, -0.7071067811865472397 ) ) ;
#2389 = DIRECTION ( 'NONE',  ( 0.000000000000000000, 0.000000000000000000, -1.000000000000000000 ) ) ;
#2390 = EDGE_CURVE ( 'NONE', #349, #1181, #2033, .T. ) ;
#2391 = CARTESIAN_POINT ( 'NONE',  ( -0.4156731723765385023, 0.8620575981433182822, -0.1624900881918141249 ) ) ;
#2392 = CARTESIAN_POINT ( 'NONE',  ( -0.5328708638029371336, 0.01614254479658472005, -0.4225102292962838457 ) ) ;
#2393 = AXIS2_PLACEMENT_3D ( 'NONE', #2037, #1426, #1982 ) ;
#2394 = CARTESIAN_POINT ( 'NONE',  ( -0.3870844049288208466, 0.01007048999104152506, 0.2925451587410076160 ) ) ;
#2395 = DIRECTION ( 'NONE',  ( 0.000000000000000000, -1.000000000000000000, 0.000000000000000000 ) ) ;
#2396 = ORIENTED_EDGE ( 'NONE', *, *, #959, .F. ) ;
#2397 = DIRECTION ( 'NONE',  ( 0.000000000000000000, 0.000000000000000000, 1.000000000000000000 ) ) ;
#2398 = EDGE_LOOP ( 'NONE', ( #426, #1032, #1857, #132, #200, #2383 ) ) ;
#2399 = ORIENTED_EDGE ( 'NONE', *, *, #1725, .T. ) ;
#2400 = UNCERTAINTY_MEASURE_WITH_UNIT (LENGTH_MEASURE( 1.000000000000000082E-05 ), #309, 'distance_accuracy_value', 'NONE');
#2401 = PLANE ( 'NONE',  #315 ) ;
#2402 = ADVANCED_FACE ( 'NONE', ( #696 ), #1820, .T. ) ;
#2403 = DIRECTION ( 'NONE',  ( 0.000000000000000000, 1.000000000000000000, 0.000000000000000000 ) ) ;
#2404 = CARTESIAN_POINT ( 'NONE',  ( -0.4880796377464537983, 0.02442604700738197979, -0.1073961844790084635 ) ) ;
#2405 = CYLINDRICAL_SURFACE ( 'NONE', #1733, 0.06500503527611749266 ) ;
#2406 = ADVANCED_FACE ( 'NONE', ( #298 ), #1479, .T. ) ;
#2407 = LINE ( 'NONE', #680, #2342 ) ;
#2408 = DIRECTION ( 'NONE',  ( 0.000000000000000000, 0.000000000000000000, 1.000000000000000000 ) ) ;
#2409 = ORIENTED_EDGE ( 'NONE', *, *, #1608, .F. ) ;
#2410 = DIRECTION ( 'NONE',  ( 0.000000000000000000, 0.000000000000000000, 1.000000000000000000 ) ) ;
#2411 = VERTEX_POINT ( 'NONE', #482 ) ;
#2412 = ORIENTED_EDGE ( 'NONE', *, *, #1362, .F. ) ;
#2413 = CARTESIAN_POINT ( 'NONE',  ( 0.4422046653388243542, 0.5821148042954770174, -0.4225102292962838457 ) ) ;
#2414 = LINE ( 'NONE', #876, #1930 ) ;
#2415 = CYLINDRICAL_SURFACE ( 'NONE', #1349, 0.1625125881902937108 ) ;
#2416 = DIRECTION ( 'NONE',  ( -0.7071067811865474617, -0.7071067811865474617, 0.000000000000000000 ) ) ;
#2417 = AXIS2_PLACEMENT_3D ( 'NONE', #1631, #1990, #729 ) ;
#2418 = LINE ( 'NONE', #2232, #1709 ) ;
#2419 = AXIS2_PLACEMENT_3D ( 'NONE', #1878, #1125, #759 ) ;
#2420 = EDGE_CURVE ( 'NONE', #684, #1453, #1071, .T. ) ;
#2421 = LINE ( 'NONE', #1461, #1867 ) ;
#2422 = ORIENTED_EDGE ( 'NONE', *, *, #523, .T. ) ;
#2423 = ORIENTED_EDGE ( 'NONE', *, *, #1986, .T. ) ;
#2424 = ORIENTED_EDGE ( 'NONE', *, *, #274, .F. ) ;
#2425 = FACE_OUTER_BOUND ( 'NONE', #1463, .T. ) ;
#2426 = DIRECTION ( 'NONE',  ( 0.000000000000000000, 0.000000000000000000, 1.000000000000000000 ) ) ;
#2427 = DIRECTION ( 'NONE',  ( 1.000000000000000000, 0.000000000000000000, 0.000000000000000000 ) ) ;
#2428 = VECTOR ( 'NONE', #1979, 1000.000000000000000 ) ;
#2429 = CARTESIAN_POINT ( 'NONE',  ( -0.4540225401907550529, 0.8859861077963983034, -0.4225102292962838457 ) ) ;
#2430 = CARTESIAN_POINT ( 'NONE',  ( 0.4422046653388243542, 0.5821148042954770174, 0.4225552292932425735 ) ) ;
#2431 = AXIS2_PLACEMENT_3D ( 'NONE', #1484, #2374, #727 ) ;
#2432 = CIRCLE ( 'NONE', #985, 0.06500503527611739552 ) ;
#2433 = DIRECTION ( 'NONE',  ( 0.000000000000000000, -1.000000000000000000, 0.000000000000000000 ) ) ;
#2434 = EDGE_CURVE ( 'NONE', #560, #1522, #131, .T. ) ;
#2435 = ORIENTED_EDGE ( 'NONE', *, *, #1991, .F. ) ;
#2436 = EDGE_CURVE ( 'NONE', #2438, #31, #1438, .T. ) ;
#2437 = CARTESIAN_POINT ( 'NONE',  ( 0.000000000000000000, 0.000000000000000000, 0.000000000000000000 ) ) ;
#2438 = VERTEX_POINT ( 'NONE', #142 ) ;
#2439 = ORIENTED_EDGE ( 'NONE', *, *, #1759, .F. ) ;
#2440 = LINE ( 'NONE', #1899, #391 ) ;
#2441 = CARTESIAN_POINT ( 'NONE',  ( 0.4422046653388243542, 0.6276183289887590222, -0.09748505291569678488 ) ) ;
#2442 = CARTESIAN_POINT ( 'NONE',  ( -0.2435984568242146875, -0.8999999999999999112, -0.03248001763957929916 ) ) ;
#2443 = CARTESIAN_POINT ( 'NONE',  ( 0.4310131691173956781, 0.8713539872613537129, -0.4225102292962838457 ) ) ;
#2444 = DIRECTION ( 'NONE',  ( 0.9626356063746751568, -0.2708000910998030752, 0.000000000000000000 ) ) ;
#2445 = CARTESIAN_POINT ( 'NONE',  ( 0.4877081900321063035, 0.02243190211922137939, -0.1624900881918141249 ) ) ;
#2446 = DATE_AND_TIME ( #741, #19 ) ;
#2447 = ORIENTED_EDGE ( 'NONE', *, *, #924, .F. ) ;
#2448 = ORIENTED_EDGE ( 'NONE', *, *, #382, .F. ) ;
#2449 = EDGE_CURVE ( 'NONE', #1722, #856, #402, .T. ) ;
#2450 = CARTESIAN_POINT ( 'NONE',  ( -0.4418638144163722359, -0.3149546825149431850, 0.03252501763653810329 ) ) ;
#2451 = DIRECTION ( 'NONE',  ( 0.000000000000000000, -1.000000000000000000, 0.000000000000000000 ) ) ;
#2452 = DIRECTION ( 'NONE',  ( 0.000000000000000000, 0.000000000000000000, 1.000000000000000000 ) ) ;
#2453 = VECTOR ( 'NONE', #1066, 1000.000000000000000 ) ;
#2454 = CIRCLE ( 'NONE', #1460, 0.04550352469328221988 ) ;
ENDSEC;
END-ISO-10303-21;
