ISO-10303-21;
HEADER;
FILE_DESCRIPTION (( 'STEP AP203' ),
    '1' );
FILE_NAME ('005501.step',
    '2026-06-29T02:59:59',
    ( '' ),
    ( '' ),
    'SwSTEP 2.0',
    'SolidWorks 2025',
    '' );
FILE_SCHEMA (( 'CONFIG_CONTROL_DESIGN' ));
ENDSEC;

DATA;
#1 = FACE_OUTER_BOUND ( 'NONE', #1759, .T. ) ;
#2 = CARTESIAN_POINT ( 'NONE',  ( 0.2807193032122974885, 0.1549367491302728050, -0.08208759968434392595 ) ) ;
#3 = ORIENTED_EDGE ( 'NONE', *, *, #2784, .F. ) ;
#4 = LINE ( 'NONE', #2786, #2828 ) ;
#5 = ORIENTED_EDGE ( 'NONE', *, *, #2152, .T. ) ;
#6 = CARTESIAN_POINT ( 'NONE',  ( 0.04339874432264777954, 0.2250442993113591916, -0.05773636952688581542 ) ) ;
#7 = CARTESIAN_POINT ( 'NONE',  ( 0.2872988176401425342, 0.2286535259068187276, -0.1779722564619538594 ) ) ;
#8 = DIRECTION ( 'NONE',  ( 0.000000000000000000, 0.7071067811865463515, -0.7071067811865487940 ) ) ;
#9 = B_SPLINE_CURVE_WITH_KNOTS ( 'NONE', 3,
 ( #388, #2032, #2946, #1799 ),
 .UNSPECIFIED., .F., .F.,
 ( 4, 4 ),
 ( -3.471771910991516557E-07, 6.163036000189563526E-05 ),
 .UNSPECIFIED. ) ;
#10 = CARTESIAN_POINT ( 'NONE',  ( 0.6669491192606300523, 0.3196442760989272047, -0.05804691932425540962 ) ) ;
#11 = CARTESIAN_POINT ( 'NONE',  ( -0.2221850671315898362, 0.4297466376381872677, 0.1802542805744077048 ) ) ;
#12 = CARTESIAN_POINT ( 'NONE',  ( -0.5254350440538634315, -0.3440074606368898058, 0.1818037549511413442 ) ) ;
#13 = CARTESIAN_POINT ( 'NONE',  ( -0.8409178632754149563, 0.1288151193475059464, -0.06221882496125878681 ) ) ;
#14 = ADVANCED_FACE ( 'NONE', ( #1 ), #934, .T. ) ;
#15 = FACE_OUTER_BOUND ( 'NONE', #1482, .T. ) ;
#16 = DIRECTION ( 'NONE',  ( 1.000000000000000000, 0.000000000000000000, 0.000000000000000000 ) ) ;
#17 = ORIENTED_EDGE ( 'NONE', *, *, #2699, .F. ) ;
#18 = ORIENTED_EDGE ( 'NONE', *, *, #344, .T. ) ;
#19 = DIRECTION ( 'NONE',  ( 0.000000000000000000, 0.000000000000000000, 1.000000000000000000 ) ) ;
#20 = ORIENTED_EDGE ( 'NONE', *, *, #2326, .T. ) ;
#21 = DIRECTION ( 'NONE',  ( -0.6865411646244319321, 0.7270909360431668800, 0.000000000000000000 ) ) ;
#22 = DIRECTION ( 'NONE',  ( -1.000000000000000000, 9.804242517109339788E-17, 0.000000000000000000 ) ) ;
#23 = CARTESIAN_POINT ( 'NONE',  ( 0.8339800279080027412, 0.2771598625758562862, -0.1520148180208234501 ) ) ;
#24 = EDGE_CURVE ( 'NONE', #1038, #1526, #2216, .T. ) ;
#25 = AXIS2_PLACEMENT_3D ( 'NONE', #2115, #980, #2595 ) ;
#26 = CARTESIAN_POINT ( 'NONE',  ( -0.5144200850823276161, 0.4195882676426086477, -0.1779722564619538594 ) ) ;
#27 = CARTESIAN_POINT ( 'NONE',  ( -0.5059437012167540271, 0.3127335320770966987, 0.01446607522412034913 ) ) ;
#28 = TOROIDAL_SURFACE ( 'NONE', #1870, 0.3449241027969674467, 0.2510065195905316071 ) ;
#29 = CARTESIAN_POINT ( 'NONE',  ( 0.09503472932427428632, 0.05975019550110732824, -0.04242873588306683014 ) ) ;
#30 = CARTESIAN_POINT ( 'NONE',  ( -0.1743418061473425151, 0.4432533892592078195, -0.1681698421331496440 ) ) ;
#31 = CIRCLE ( 'NONE', #2876, 0.03346753594540425453 ) ;
#32 = ORIENTED_EDGE ( 'NONE', *, *, #1149, .F. ) ;
#33 = CARTESIAN_POINT ( 'NONE',  ( 0.08087228573943083809, 0.05363227399403413392, 0.1583496823447688717 ) ) ;
#34 = DIRECTION ( 'NONE',  ( 0.000000000000000000, 0.000000000000000000, 1.000000000000000000 ) ) ;
#35 = AXIS2_PLACEMENT_3D ( 'NONE', #1882, #484, #191 ) ;
#36 = EDGE_CURVE ( 'NONE', #2653, #1264, #485, .T. ) ;
#37 = ORIENTED_EDGE ( 'NONE', *, *, #2501, .F. ) ;
#38 = CARTESIAN_POINT ( 'NONE',  ( 0.07728446741276660814, 0.04829209981096301701, -0.1442537139969612969 ) ) ;
#39 = EDGE_CURVE ( 'NONE', #760, #864, #886, .T. ) ;
#40 = ORIENTED_EDGE ( 'NONE', *, *, #947, .F. ) ;
#41 = B_SPLINE_CURVE_WITH_KNOTS ( 'NONE', 3,
 ( #1587, #1772, #162, #884, #1125, #2048, #2513, #2734, #1540, #1093 ),
 .UNSPECIFIED., .F., .F.,
 ( 4, 3, 3, 4 ),
 ( 1.355252715606880543E-20, 2.664531439137673895E-05, 5.322855841793535899E-05, 6.618517460882532744E-05 ),
 .UNSPECIFIED. ) ;
#42 = CARTESIAN_POINT ( 'NONE',  ( 0.07494167088340199234, 0.2548280827128768244, -0.05916250385576894005 ) ) ;
#43 = CARTESIAN_POINT ( 'NONE',  ( 0.6946271703414109711, 0.3483179021017439037, 0.1818037549511413442 ) ) ;
#44 = CARTESIAN_POINT ( 'NONE',  ( -0.5254350440538634315, -0.3440074606368898058, -0.04242873588306683014 ) ) ;
#45 = CARTESIAN_POINT ( 'NONE',  ( 0.1050294722158333915, 0.2832378929499560494, -0.05916250385576894005 ) ) ;
#46 = CARTESIAN_POINT ( 'NONE',  ( -0.2266208868906127438, 0.5304911526487472440, 0.1818037549511413442 ) ) ;
#47 = CARTESIAN_POINT ( 'NONE',  ( -0.3472648679144423323, -0.2962906898100994280, -0.1779722564619538594 ) ) ;
#48 = CARTESIAN_POINT ( 'NONE',  ( -0.1104154119283098229, 0.4530558035880121182, -0.02239252670197208403 ) ) ;
#49 = CARTESIAN_POINT ( 'NONE',  ( -0.1637676338720850944, -0.3005418175586897500, 0.1483362190057370966 ) ) ;
#50 = CARTESIAN_POINT ( 'NONE',  ( 0.2833655124540236381, 0.1559640339417385224, -0.06365705150418456137 ) ) ;
#51 = ORIENTED_EDGE ( 'NONE', *, *, #2897, .F. ) ;
#52 = FACE_OUTER_BOUND ( 'NONE', #706, .T. ) ;
#53 = EDGE_CURVE ( 'NONE', #282, #1676, #2328, .T. ) ;
#54 = ORIENTED_EDGE ( 'NONE', *, *, #770, .T. ) ;
#55 = CARTESIAN_POINT ( 'NONE',  ( 0.8990996355980385157, 0.3363315841913100956, 0.1483362190057370966 ) ) ;
#56 = CARTESIAN_POINT ( 'NONE',  ( -0.06761772935020775310, 0.4530558035880121182, -0.05929188895265906367 ) ) ;
#57 = DIRECTION ( 'NONE',  ( 0.000000000000000000, 0.000000000000000000, -1.000000000000000000 ) ) ;
#58 = PLANE ( 'NONE',  #2538 ) ;
#59 = CARTESIAN_POINT ( 'NONE',  ( 0.3010476995813100576, 0.1955974182290308172, -0.1779722564619538594 ) ) ;
#60 = DIRECTION ( 'NONE',  ( 1.000000000000000000, 0.000000000000000000, 0.000000000000000000 ) ) ;
#61 = CARTESIAN_POINT ( 'NONE',  ( -0.04264553934479339142, -0.001495438508562101912, 0.1818037549511413442 ) ) ;
#62 = CARTESIAN_POINT ( 'NONE',  ( 0.1474945583791748283, 0.3638366071883599728, 0.1818037549511413442 ) ) ;
#63 = EDGE_LOOP ( 'NONE', ( #2713, #2041, #1191, #246, #2054 ) ) ;
#64 = ORIENTED_EDGE ( 'NONE', *, *, #1555, .F. ) ;
#65 = CARTESIAN_POINT ( 'NONE',  ( 0.8892914992439432398, 0.3517702126911160798, -0.1681639727261408923 ) ) ;
#66 = ORIENTED_EDGE ( 'NONE', *, *, #2144, .F. ) ;
#67 = EDGE_CURVE ( 'NONE', #2116, #1732, #1519, .T. ) ;
#68 = CARTESIAN_POINT ( 'NONE',  ( -0.3520100551799844046, -0.2606284510462981707, 0.1818037549511413442 ) ) ;
#69 = CARTESIAN_POINT ( 'NONE',  ( -0.1152728395292713509, -0.1549206535160422837, 0.5195762160419933329 ) ) ;
#70 = VECTOR ( 'NONE', #942, 1000.000000000000000 ) ;
#71 = CARTESIAN_POINT ( 'NONE',  ( 0.08095568025978132354, 0.2605066919026694516, -0.1002652963793426166 ) ) ;
#72 = DIRECTION ( 'NONE',  ( 1.000000000000000000, 0.000000000000000000, 0.000000000000000000 ) ) ;
#73 = CARTESIAN_POINT ( 'NONE',  ( -0.05918013333164669904, 0.4195882676426078706, -0.1445047205165496673 ) ) ;
#74 = AXIS2_PLACEMENT_3D ( 'NONE', #970, #985, #1266 ) ;
#75 = CIRCLE ( 'NONE', #1916, 0.5466644933281880059 ) ;
#76 = DIRECTION ( 'NONE',  ( 0.000000000000000000, 0.000000000000000000, -1.000000000000000000 ) ) ;
#77 = B_SPLINE_CURVE_WITH_KNOTS ( 'NONE', 3,
 ( #1185, #1338, #2726, #977 ),
 .UNSPECIFIED., .F., .F.,
 ( 4, 4 ),
 ( -1.110223024625159992E-16, 1.074999999999999956 ),
 .UNSPECIFIED. ) ;
#78 = CARTESIAN_POINT ( 'NONE',  ( 0.6739655271044254770, 0.3208179357712683810, -0.05804691932425549983 ) ) ;
#79 = ORIENTED_EDGE ( 'NONE', *, *, #1230, .T. ) ;
#80 = VECTOR ( 'NONE', #160, 1000.000000000000000 ) ;
#81 = ADVANCED_FACE ( 'NONE', ( #15 ), #1142, .F. ) ;
#82 = ORIENTED_EDGE ( 'NONE', *, *, #2614, .F. ) ;
#83 = CARTESIAN_POINT ( 'NONE',  ( 0.8990996355980385157, 0.3517702126911155802, -0.1520148180208234501 ) ) ;
#84 = ORIENTED_EDGE ( 'NONE', *, *, #103, .T. ) ;
#85 = CARTESIAN_POINT ( 'NONE',  ( 0.8492762969599704226, 0.2792474005274988569, -0.1445047205165496673 ) ) ;
#86 = CARTESIAN_POINT ( 'NONE',  ( 0.3460735999879326341, 0.1785570154160441569, -0.7128685042712329389 ) ) ;
#87 = CARTESIAN_POINT ( 'NONE',  ( 0.1035531150835458380, 0.2818438719808919468, -0.07279142566034370321 ) ) ;
#88 = DIRECTION ( 'NONE',  ( 0.000000000000000000, -1.000000000000000000, 0.000000000000000000 ) ) ;
#89 = CARTESIAN_POINT ( 'NONE',  ( 0.2554579943302160427, 0.2329402473681727592, -0.05804691932425504880 ) ) ;
#90 = ADVANCED_FACE ( 'NONE', ( #1686, #317 ), #1218, .F. ) ;
#91 = B_SPLINE_CURVE_WITH_KNOTS ( 'NONE', 3,
 ( #379, #826, #1790, #1554 ),
 .UNSPECIFIED., .F., .F.,
 ( 4, 4 ),
 ( 0.000000000000000000, 1.000000000000000000 ),
 .UNSPECIFIED. ) ;
#92 = CARTESIAN_POINT ( 'NONE',  ( -0.1595842692452177913, -0.2508141049855642235, 0.1712571967953478436 ) ) ;
#93 = CARTESIAN_POINT ( 'NONE',  ( 0.6614275990345349632, 0.3861207316972036230, 0.06187841781344313730 ) ) ;
#94 = VERTEX_POINT ( 'NONE', #2633 ) ;
#95 = VERTEX_POINT ( 'NONE', #303 ) ;
#96 = DIRECTION ( 'NONE',  ( 0.000000000000000000, 0.000000000000000000, 1.000000000000000000 ) ) ;
#97 = ORIENTED_EDGE ( 'NONE', *, *, #2915, .T. ) ;
#98 = CARTESIAN_POINT ( 'NONE',  ( -0.06750200349013528445, 0.4195882676426078706, -0.05916250385576894005 ) ) ;
#99 = LINE ( 'NONE', #1198, #1776 ) ;
#100 = CARTESIAN_POINT ( 'NONE',  ( 0.07045585290251948907, 0.2505924379681239711, -0.1009481719874735089 ) ) ;
#101 = DIRECTION ( 'NONE',  ( -0.9425174262573687844, 0.3341570008262366165, 0.000000000000000000 ) ) ;
#102 = CYLINDRICAL_SURFACE ( 'NONE', #1146, 0.1087694918225636798 ) ;
#103 = EDGE_CURVE ( 'NONE', #640, #659, #2969, .T. ) ;
#104 = DIRECTION ( 'NONE',  ( -0.9827011902889208894, 0.1851981927685528162, 0.000000000000000000 ) ) ;
#105 = ADVANCED_FACE ( 'NONE', ( #2608 ), #528, .F. ) ;
#106 = DIRECTION ( 'NONE',  ( -0.5141309314153981180, -0.4854579130696441980, -0.7071067811865481278 ) ) ;
#107 = VERTEX_POINT ( 'NONE', #1036 ) ;
#108 = ORIENTED_EDGE ( 'NONE', *, *, #2392, .T. ) ;
#109 = CARTESIAN_POINT ( 'NONE',  ( 0.8990996355980385157, 0.3363315841913100956, -0.04689107400912079227 ) ) ;
#110 = CARTESIAN_POINT ( 'NONE',  ( 0.8656320996526344347, 0.3403346135297171116, 0.1818037549511413442 ) ) ;
#111 = ORIENTED_EDGE ( 'NONE', *, *, #145, .F. ) ;
#112 = EDGE_CURVE ( 'NONE', #2953, #2967, #813, .T. ) ;
#113 = DIRECTION ( 'NONE',  ( 0.1443908353418379975, 0.9895207358460389457, 0.000000000000000000 ) ) ;
#114 = LINE ( 'NONE', #178, #80 ) ;
#115 = EDGE_CURVE ( 'NONE', #1624, #1704, #2853, .T. ) ;
#116 = CARTESIAN_POINT ( 'NONE',  ( -0.2411181033065814827, 0.4311406902617953008, 0.1797466869087246677 ) ) ;
#117 = CARTESIAN_POINT ( 'NONE',  ( 0.3757828388780583562, 0.2167927367250507831, 0.1818037549511413442 ) ) ;
#118 = DIRECTION ( 'NONE',  ( 0.000000000000000000, 0.000000000000000000, 1.000000000000000000 ) ) ;
#119 = ORIENTED_EDGE ( 'NONE', *, *, #1061, .T. ) ;
#120 = CARTESIAN_POINT ( 'NONE',  ( -0.1637676338720850944, -0.3005418175586897500, 0.1483362190057370966 ) ) ;
#121 = CARTESIAN_POINT ( 'NONE',  ( 0.6709127880557373969, 0.3861207316972036230, 0.1818037549511413442 ) ) ;
#122 = EDGE_LOOP ( 'NONE', ( #2443, #1189, #2557, #2908, #1063, #2148, #2844, #1152, #2622, #2202, #2010, #2031 ) ) ;
#123 = CIRCLE ( 'NONE', #761, 0.7351350544966279710 ) ;
#124 = ORIENTED_EDGE ( 'NONE', *, *, #174, .F. ) ;
#125 = CARTESIAN_POINT ( 'NONE',  ( 0.8339800279080024081, 0.2771598625758562862, 0.05072257249830816606 ) ) ;
#126 = VECTOR ( 'NONE', #1836, 1000.000000000000000 ) ;
#127 = DIRECTION ( 'NONE',  ( -0.9240102184615193170, -0.3823677760725860408, 0.000000000000000000 ) ) ;
#128 = EDGE_CURVE ( 'NONE', #760, #2596, #2594, .T. ) ;
#129 = AXIS2_PLACEMENT_3D ( 'NONE', #398, #1075, #1060 ) ;
#130 = ORIENTED_EDGE ( 'NONE', *, *, #709, .F. ) ;
#131 = DIRECTION ( 'NONE',  ( 0.000000000000000000, 0.000000000000000000, -1.000000000000000000 ) ) ;
#132 = AXIS2_PLACEMENT_3D ( 'NONE', #98, #2615, #2209 ) ;
#133 = CARTESIAN_POINT ( 'NONE',  ( -0.4390086293259455874, 0.3127335320770966987, 0.01446607522412034913 ) ) ;
#134 = DIRECTION ( 'NONE',  ( 0.000000000000000000, 0.000000000000000000, 1.000000000000000000 ) ) ;
#135 = DIRECTION ( 'NONE',  ( 0.000000000000000000, 0.000000000000000000, -1.000000000000000000 ) ) ;
#136 = ORIENTED_EDGE ( 'NONE', *, *, #2114, .T. ) ;
#137 = CARTESIAN_POINT ( 'NONE',  ( -0.1622948303955560612, -0.2939340852439958907, 0.2253115516801670049 ) ) ;
#138 = CARTESIAN_POINT ( 'NONE',  ( -0.3472648679144423323, -0.2962906898100994280, -0.1440863763172320067 ) ) ;
#139 = ORIENTED_EDGE ( 'NONE', *, *, #1894, .F. ) ;
#140 = EDGE_LOOP ( 'NONE', ( #380, #1932, #2385, #1366, #1211 ) ) ;
#141 = CARTESIAN_POINT ( 'NONE',  ( 0.8543758058441299763, 0.2799433492123863942, 0.1483362190057370966 ) ) ;
#142 = LINE ( 'NONE', #1751, #229 ) ;
#143 = ORIENTED_EDGE ( 'NONE', *, *, #1781, .T. ) ;
#144 = PERSON_AND_ORGANIZATION_ROLE ( 'design_owner' ) ;
#145 = EDGE_CURVE ( 'NONE', #2116, #703, #902, .T. ) ;
#146 = DIRECTION ( 'NONE',  ( 0.7071067811865471286, 0.000000000000000000, -0.7071067811865479058 ) ) ;
#147 = CARTESIAN_POINT ( 'NONE',  ( 0.1050294722158335164, 0.2832378929499562159, -0.05452065413447668152 ) ) ;
#148 = CARTESIAN_POINT ( 'NONE',  ( 0.8237976797208795832, 0.3777538477108520754, 0.1818037549511413442 ) ) ;
#149 = CARTESIAN_POINT ( 'NONE',  ( -0.8533917828916937065, 0.1383012174390423066, -0.02620848296468951746 ) ) ;
#150 = ORIENTED_EDGE ( 'NONE', *, *, #1819, .T. ) ;
#151 = ORIENTED_EDGE ( 'NONE', *, *, #2660, .T. ) ;
#152 = CARTESIAN_POINT ( 'NONE',  ( 0.8749787099478886221, 0.2826645376122605136, -0.2767014875008964592 ) ) ;
#153 = FACE_OUTER_BOUND ( 'NONE', #2743, .T. ) ;
#154 = ORIENTED_EDGE ( 'NONE', *, *, #838, .T. ) ;
#155 = CARTESIAN_POINT ( 'NONE',  ( -0.2093972355909090310, 0.4315768993976669687, -0.1757512990636244110 ) ) ;
#156 = EDGE_CURVE ( 'NONE', #2921, #334, #2592, .T. ) ;
#157 = CARTESIAN_POINT ( 'NONE',  ( 0.8756455629916679584, 0.3375855351406669147, 0.1818037549511413442 ) ) ;
#158 = EDGE_LOOP ( 'NONE', ( #2686, #996, #1890, #2298 ) ) ;
#159 = APPROVAL_ROLE ( '' ) ;
#160 = DIRECTION ( 'NONE',  ( 0.000000000000000000, 0.000000000000000000, -1.000000000000000000 ) ) ;
#161 = CARTESIAN_POINT ( 'NONE',  ( -0.2867562771794309739, 0.4378002111897151827, 0.1772973887817985983 ) ) ;
#162 = CARTESIAN_POINT ( 'NONE',  ( 0.2818758869894865682, 0.1554143272922208496, -0.04127675843780247156 ) ) ;
#163 = DIRECTION ( 'NONE',  ( 0.7071067811865461294, 0.7071067811865490160, 0.000000000000000000 ) ) ;
#164 = VERTEX_POINT ( 'NONE', #754 ) ;
#165 = EDGE_CURVE ( 'NONE', #2623, #2188, #1741, .T. ) ;
#166 = CARTESIAN_POINT ( 'NONE',  ( 0.6744448449519043765, 0.2536603521337623124, 0.2253115516801670049 ) ) ;
#167 = DIRECTION ( 'NONE',  ( 1.000000000000000000, 0.000000000000000000, 0.000000000000000000 ) ) ;
#168 = B_SPLINE_SURFACE_WITH_KNOTS ( 'NONE', 3, 3, ( 
 ( #2863, #796, #1971, #2453, #378 ),
 ( #2422, #583, #1708, #117, #2630 ),
 ( #1491, #553, #2410, #2883, #2899 ),
 ( #330, #1259, #1048, #2182, #1034 ),
 ( #840, #2676, #1304, #1723, #1291 ) ),
 .UNSPECIFIED., .F., .F., .F.,
 ( 4, 1, 4 ),
 ( 4, 1, 4 ),
 ( 0.000000000000000000, 0.5714285714285709528, 1.000000000000000000 ),
 ( 0.000000000000000000, 0.7338001306274299917, 1.712200304797339978 ),
 .UNSPECIFIED. ) ;
#169 = AXIS2_PLACEMENT_3D ( 'NONE', #2841, #785, #2173 ) ;
#170 = EDGE_LOOP ( 'NONE', ( #847, #1195, #32, #2100, #1234 ) ) ;
#171 = DIRECTION ( 'NONE',  ( 0.7644742410109679476, 0.6446542754304080969, 0.000000000000000000 ) ) ;
#172 = DIRECTION ( 'NONE',  ( -0.000000000000000000, 1.000000000000000000, 0.000000000000000000 ) ) ;
#173 = B_SPLINE_CURVE_WITH_KNOTS ( 'NONE', 3,
 ( #1069, #862, #409, #427, #1820, #2232 ),
 .UNSPECIFIED., .F., .F.,
 ( 4, 2, 4 ),
 ( 0.000000000000000000, 0.0002364123864117367000, 0.0003905926529683599276 ),
 .UNSPECIFIED. ) ;
#174 = EDGE_CURVE ( 'NONE', #95, #2465, #1262, .T. ) ;
#175 = VERTEX_POINT ( 'NONE', #120 ) ;
#176 = AXIS2_PLACEMENT_3D ( 'NONE', #47, #228, #1592 ) ;
#177 = PERSON_AND_ORGANIZATION_ROLE ( 'design_supplier' ) ;
#178 = CARTESIAN_POINT ( 'NONE',  ( -0.8957513467234483606, 0.1931846731181253440, 0.1818037549511413442 ) ) ;
#179 = AXIS2_PLACEMENT_3D ( 'NONE', #1014, #262, #2120 ) ;
#180 = DIRECTION ( 'NONE',  ( 1.000000000000000000, 0.000000000000000000, 0.000000000000000000 ) ) ;
#181 = FACE_BOUND ( 'NONE', #2122, .T. ) ;
#182 = AXIS2_PLACEMENT_3D ( 'NONE', #2063, #1802, #2912 ) ;
#183 = DIRECTION ( 'NONE',  ( 0.000000000000000000, 0.7071067811865463515, -0.7071067811865487940 ) ) ;
#184 = EDGE_LOOP ( 'NONE', ( #499, #1775, #325, #319 ) ) ;
#185 = EDGE_CURVE ( 'NONE', #1597, #1499, #1373, .T. ) ;
#186 = CARTESIAN_POINT ( 'NONE',  ( 0.8990996355980385157, 0.2857181238609909357, 0.2253115516801670049 ) ) ;
#187 = DIRECTION ( 'NONE',  ( 1.000000000000000000, 0.000000000000000000, 0.000000000000000000 ) ) ;
#188 = EDGE_CURVE ( 'NONE', #679, #518, #1865, .T. ) ;
#189 = ORIENTED_EDGE ( 'NONE', *, *, #112, .T. ) ;
#190 = CARTESIAN_POINT ( 'NONE',  ( 0.05630826187512030789, 0.03447327646063842038, -0.04242873588306022431 ) ) ;
#191 = DIRECTION ( 'NONE',  ( 0.7644742410109679476, 0.6446542754304080969, 0.000000000000000000 ) ) ;
#192 = EDGE_LOOP ( 'NONE', ( #1051, #731, #1209, #1293 ) ) ;
#193 = PERSON_AND_ORGANIZATION_ROLE ( 'classification_officer' ) ;
#194 = DIRECTION ( 'NONE',  ( -0.5141309155741438097, -0.4854579298465440118, 0.7071067811865479058 ) ) ;
#195 = CARTESIAN_POINT ( 'NONE',  ( -0.9153207045035838263, -0.1509689285163961781, -0.04242873588306683014 ) ) ;
#196 = CARTESIAN_POINT ( 'NONE',  ( -0.4724761652713498350, 0.3127335320770966987, 0.1818037549511413442 ) ) ;
#197 = DIRECTION ( 'NONE',  ( -1.000000000000000000, 0.000000000000000000, 0.000000000000000000 ) ) ;
#198 = CARTESIAN_POINT ( 'NONE',  ( 0.1259077421279845288, 0.07875786749790969488, -0.07974177682088094687 ) ) ;
#199 = DIRECTION ( 'NONE',  ( 0.000000000000000000, 0.000000000000000000, -1.000000000000000000 ) ) ;
#200 = CC_DESIGN_PERSON_AND_ORGANIZATION_ASSIGNMENT ( #433, #2224, ( #1634 ) ) ;
#201 = EDGE_CURVE ( 'NONE', #1499, #306, #2251, .T. ) ;
#202 = ORIENTED_EDGE ( 'NONE', *, *, #930, .F. ) ;
#203 = DIRECTION ( 'NONE',  ( 0.1443908353418379975, 0.9895207358460389457, 0.000000000000000000 ) ) ;
#204 = EDGE_LOOP ( 'NONE', ( #2044, #2363, #1919, #410, #1872, #2264 ) ) ;
#205 = APPROVAL_STATUS ( 'not_yet_approved' ) ;
#206 = CARTESIAN_POINT ( 'NONE',  ( 0.06308157512068650330, 0.08190467644992979745, 0.1818036777958199623 ) ) ;
#207 = ADVANCED_FACE ( 'NONE', ( #876 ), #1571, .F. ) ;
#208 = ORIENTED_EDGE ( 'NONE', *, *, #1973, .F. ) ;
#209 = CARTESIAN_POINT ( 'NONE',  ( 0.06750099901693218385, 0.2478023757352501855, -0.01806592473226230691 ) ) ;
#210 = LINE ( 'NONE', #1317, #1058 ) ;
#211 = CARTESIAN_POINT ( 'NONE',  ( -0.3472648679144423323, -0.2962906898101004827, 0.1818037549511413442 ) ) ;
#212 = ADVANCED_FACE ( 'NONE', ( #2276 ), #2442, .T. ) ;
#213 = CARTESIAN_POINT ( 'NONE',  ( 0.1999043490944414636, 0.1192647603487334701, 0.02450633600774163728 ) ) ;
#214 = CARTESIAN_POINT ( 'NONE',  ( 0.1241200545245224746, 0.07765506954066077328, -0.04242873588306683014 ) ) ;
#215 = CARTESIAN_POINT ( 'NONE',  ( 0.1999043490944414636, 0.1192647603487334701, 0.02450633600774163728 ) ) ;
#216 = CARTESIAN_POINT ( 'NONE',  ( -0.06646666760551578346, -0.07916485429663706885, -0.04242873588306021737 ) ) ;
#217 = ORIENTED_EDGE ( 'NONE', *, *, #1376, .F. ) ;
#218 = VECTOR ( 'NONE', #2235, 1000.000000000000000 ) ;
#219 = CARTESIAN_POINT ( 'NONE',  ( 0.7245431316198077676, 0.3299000755994089817, 0.1818037549511413442 ) ) ;
#220 = AXIS2_PLACEMENT_3D ( 'NONE', #363, #1529, #1544 ) ;
#221 = ORIENTED_EDGE ( 'NONE', *, *, #403, .F. ) ;
#222 = CARTESIAN_POINT ( 'NONE',  ( 0.8892972212692342726, 0.3777538477108520754, 0.1720013406223369901 ) ) ;
#223 = DIRECTION ( 'NONE',  ( 0.000000000000000000, 0.000000000000000000, 1.000000000000000000 ) ) ;
#224 = CARTESIAN_POINT ( 'NONE',  ( -0.1768606610208851571, 0.4423510940376938483, 0.1729036358438510168 ) ) ;
#225 = CIRCLE ( 'NONE', #1006, 0.6933006345648727864 ) ;
#226 = CIRCLE ( 'NONE', #1105, 0.01673376797270212032 ) ;
#227 = CARTESIAN_POINT ( 'NONE',  ( 0.6669491192606300523, 0.3196442760989272047, -0.1779722564619538594 ) ) ;
#228 = DIRECTION ( 'NONE',  ( 0.000000000000000000, 0.000000000000000000, -1.000000000000000000 ) ) ;
#229 = VECTOR ( 'NONE', #127, 1000.000000000000227 ) ;
#230 = CARTESIAN_POINT ( 'NONE',  ( 0.1971064946277626684, 0.1178167022652029244, -0.1428307761997139602 ) ) ;
#231 = LOCAL_TIME ( 10, 59, 59.00000000000000000, #1581 ) ;
#232 = CARTESIAN_POINT ( 'NONE',  ( 0.2542587381092283882, 0.1441727356779052283, -0.1227234025129945449 ) ) ;
#233 = EDGE_LOOP ( 'NONE', ( #1086, #490, #1306, #2284 ) ) ;
#234 = CARTESIAN_POINT ( 'NONE',  ( 0.2019749083884338214, 0.1202917793335911145, -0.1428313437192795521 ) ) ;
#235 = ORIENTED_EDGE ( 'NONE', *, *, #514, .T. ) ;
#236 = EDGE_CURVE ( 'NONE', #1606, #1135, #1022, .T. ) ;
#237 = CARTESIAN_POINT ( 'NONE',  ( -0.1601069542286547853, -0.2744187452652031567, 0.1616857610359904440 ) ) ;
#238 = CARTESIAN_POINT ( 'NONE',  ( -0.8409178632754134020, 0.1288151193475048084, -0.04242873588306683014 ) ) ;
#239 = CARTESIAN_POINT ( 'NONE',  ( -0.1818946209126822144, 0.4403398498623999902, 0.1745935569826182199 ) ) ;
#240 = DIRECTION ( 'NONE',  ( 1.000000000000000000, 0.000000000000000000, 0.000000000000000000 ) ) ;
#241 = CARTESIAN_POINT ( 'NONE',  ( 0.1044362716833344557, 0.07623602824276044798, -0.1718516045311950513 ) ) ;
#242 = DIRECTION ( 'NONE',  ( 0.000000000000000000, 0.000000000000000000, 1.000000000000000000 ) ) ;
#243 = CARTESIAN_POINT ( 'NONE',  ( 0.3093508644494527005, 0.1708516205911475849, -0.1445047205165496673 ) ) ;
#244 = CARTESIAN_POINT ( 'NONE',  ( 0.1458370674132762057, 0.09035029167959514329, -0.1183253078970324806 ) ) ;
#245 = DIRECTION ( 'NONE',  ( 0.000000000000000000, 0.000000000000000000, -1.000000000000000000 ) ) ;
#246 = ORIENTED_EDGE ( 'NONE', *, *, #2929, .T. ) ;
#247 = EDGE_CURVE ( 'NONE', #1114, #1345, #1861, .T. ) ;
#248 = ORIENTED_EDGE ( 'NONE', *, *, #1502, .F. ) ;
#249 = CARTESIAN_POINT ( 'NONE',  ( 0.2019749083884338214, 0.1202917793335911145, -0.1428313437192795521 ) ) ;
#250 = EDGE_LOOP ( 'NONE', ( #1409, #2701, #2600, #2086 ) ) ;
#251 = CARTESIAN_POINT ( 'NONE',  ( -0.09491108476948197092, 0.3494517805453243864, -0.1009969237875241455 ) ) ;
#252 = DIRECTION ( 'NONE',  ( 0.04027896108751499032, -0.9991884733591108736, 0.000000000000000000 ) ) ;
#253 = B_SPLINE_CURVE_WITH_KNOTS ( 'NONE', 3,
 ( #2272, #1586, #939, #1846, #1857, #437, #2772 ),
 .UNSPECIFIED., .F., .F.,
 ( 4, 1, 1, 1, 4 ),
 ( -2.238502389317730046, -2.081503537999159992, -1.734586281665969842, -1.040751768999579996, 0.000000000000000000 ),
 .UNSPECIFIED. ) ;
#254 = CARTESIAN_POINT ( 'NONE',  ( 0.8990996355980385157, 0.2857181238609909357, 0.5195762160419933329 ) ) ;
#255 = FACE_OUTER_BOUND ( 'NONE', #63, .T. ) ;
#256 = CARTESIAN_POINT ( 'NONE',  ( -0.1818946209126822144, 0.4403398498623999902, -0.1707620584934307628 ) ) ;
#257 = CARTESIAN_POINT ( 'NONE',  ( 0.2833503867019352973, 0.1559800530780861560, 0.1483362190057370966 ) ) ;
#258 = CARTESIAN_POINT ( 'NONE',  ( -0.8459627154607437527, 0.1326516009154068143, -0.08128250042596221747 ) ) ;
#259 = CARTESIAN_POINT ( 'NONE',  ( -0.1490127712010768657, -0.2377786770899211477, 0.1583496823447692325 ) ) ;
#260 = LINE ( 'NONE', #2331, #2924 ) ;
#261 = ORIENTED_EDGE ( 'NONE', *, *, #1512, .F. ) ;
#262 = DIRECTION ( 'NONE',  ( 0.000000000000000000, 0.000000000000000000, -1.000000000000000000 ) ) ;
#263 = EDGE_LOOP ( 'NONE', ( #248, #2378, #1464, #1455 ) ) ;
#264 = AXIS2_PLACEMENT_3D ( 'NONE', #1616, #2324, #240 ) ;
#265 = DIRECTION ( 'NONE',  ( 0.000000000000000000, -1.000000000000000000, 0.000000000000000000 ) ) ;
#266 = CARTESIAN_POINT ( 'NONE',  ( -0.1179100846675568276, 0.4530558035880121182, -0.09829326696431686661 ) ) ;
#267 = CARTESIAN_POINT ( 'NONE',  ( -0.3472648679144423323, -0.2962906898100994280, -0.1009969237875241455 ) ) ;
#268 = CIRCLE ( 'NONE', #366, 0.6933006345648727864 ) ;
#269 = LINE ( 'NONE', #2647, #759 ) ;
#270 = CARTESIAN_POINT ( 'NONE',  ( -0.09491108476948197092, 0.3494517805453243864, -0.05916250385576894005 ) ) ;
#271 = AXIS2_PLACEMENT_3D ( 'NONE', #2382, #1446, #753 ) ;
#272 = PLANE ( 'NONE',  #2362 ) ;
#273 = CARTESIAN_POINT ( 'NONE',  ( -0.8504942993827955267, 0.1360977550447401985, -0.08887027834830041328 ) ) ;
#274 = VERTEX_POINT ( 'NONE', #2093 ) ;
#275 = DIRECTION ( 'NONE',  ( 1.000000000000000000, 0.000000000000000000, 0.000000000000000000 ) ) ;
#276 = EDGE_CURVE ( 'NONE', #1712, #2508, #2306, .T. ) ;
#277 = CARTESIAN_POINT ( 'NONE',  ( 0.1808702848044198841, 0.1426429232739766517, -0.1428313437192795521 ) ) ;
#278 = AXIS2_PLACEMENT_3D ( 'NONE', #896, #1602, #438 ) ;
#279 = CC_DESIGN_APPROVAL ( #2038, ( #1274 ) ) ;
#280 = ORIENTED_EDGE ( 'NONE', *, *, #201, .F. ) ;
#281 = CARTESIAN_POINT ( 'NONE',  ( 0.8656320996526344347, 0.3403346135297171116, 0.1818037549511413442 ) ) ;
#282 = VERTEX_POINT ( 'NONE', #1156 ) ;
#283 = CARTESIAN_POINT ( 'NONE',  ( -0.3472648679144423323, -0.2962906898100994280, -0.01732808392401363751 ) ) ;
#284 = CARTESIAN_POINT ( 'NONE',  ( -0.8832662320272978151, 0.1820428195206232336, 0.1818037549511413442 ) ) ;
#285 = CARTESIAN_POINT ( 'NONE',  ( 0.2660045239186142330, 0.1503990458103777739, -0.7128685042712329389 ) ) ;
#286 = CARTESIAN_POINT ( 'NONE',  ( 0.04999660674265609533, 0.2312742001689115645, -0.08501450684268406499 ) ) ;
#287 = CARTESIAN_POINT ( 'NONE',  ( 0.1088248149734952208, 0.06905978184041480783, -0.1445047205165496673 ) ) ;
#288 = DIRECTION ( 'NONE',  ( 0.000000000000000000, 1.000000000000000000, 0.000000000000000000 ) ) ;
#289 = CARTESIAN_POINT ( 'NONE',  ( 0.06304399116921291513, 0.08196441607530456641, 0.1818037549511413442 ) ) ;
#290 = LINE ( 'NONE', #1232, #1673 ) ;
#291 = ADVANCED_FACE ( 'NONE', ( #255 ), #2494, .F. ) ;
#292 = VERTEX_POINT ( 'NONE', #735 ) ;
#293 = CARTESIAN_POINT ( 'NONE',  ( 0.09214919988609045209, 0.06672305671820592810, -0.1654701962666398074 ) ) ;
#294 = VERTEX_POINT ( 'NONE', #2751 ) ;
#295 = ORIENTED_EDGE ( 'NONE', *, *, #2076, .F. ) ;
#296 = B_SPLINE_CURVE_WITH_KNOTS ( 'NONE', 3,
 ( #38, #2813, #2624, #2377, #489, #293, #2401, #2598, #1933, #532, #744 ),
 .UNSPECIFIED., .F., .F.,
 ( 4, 2, 1, 2, 2, 4 ),
 ( 0.000000000000000000, 0.2499999999999989453, 0.3749999999999985012, 0.4374999999999985012, 0.4999999999999984457, 1.000000000000000000 ),
 .UNSPECIFIED. ) ;
#297 = DIRECTION ( 'NONE',  ( 1.000000000000000000, 0.000000000000000000, 0.000000000000000000 ) ) ;
#298 = CARTESIAN_POINT ( 'NONE',  ( 0.1535563264056536981, 0.09471507485151120509, -0.7128685042712329389 ) ) ;
#299 = ADVANCED_FACE ( 'NONE', ( #440 ), #2106, .T. ) ;
#300 = DIRECTION ( 'NONE',  ( 0.000000000000000000, 0.000000000000000000, 1.000000000000000000 ) ) ;
#301 = CARTESIAN_POINT ( 'NONE',  ( -0.2318134193469073845, 0.4297829510645660989, 0.1802460483655954071 ) ) ;
#302 = CARTESIAN_POINT ( 'NONE',  ( 0.2833503867019352973, 0.1559800530780861560, 0.1483362190057370966 ) ) ;
#303 = CARTESIAN_POINT ( 'NONE',  ( -0.5059437012167540271, 0.3127335320770966987, 0.1818037549511413442 ) ) ;
#304 = CARTESIAN_POINT ( 'NONE',  ( -0.3472648679144423323, -0.2962906898100994280, -0.05916250385576894005 ) ) ;
#305 = B_SPLINE_CURVE_WITH_KNOTS ( 'NONE', 5,
 ( #2257, #2214, #1541, #2470, #1111, #2035, #2064, #667, #2542, #941 ),
 .UNSPECIFIED., .F., .F.,
 ( 6, 1, 1, 1, 1, 6 ),
 ( 0.7979048133525630249, 0.8000000000000000444, 0.8499999999999999778, 0.9000000000000000222, 0.9499999999999999556, 0.9949072504702670683 ),
 .UNSPECIFIED. ) ;
#306 = VERTEX_POINT ( 'NONE', #1636 ) ;
#307 = VERTEX_POINT ( 'NONE', #699 ) ;
#308 = CARTESIAN_POINT ( 'NONE',  ( 0.6669491192606300523, 0.3196442760989272047, -0.1779722564619538594 ) ) ;
#309 = ORIENTED_EDGE ( 'NONE', *, *, #1694, .F. ) ;
#310 = CARTESIAN_POINT ( 'NONE',  ( -0.1653366981521937062, -0.3073333092752671414, 0.5195762160419933329 ) ) ;
#311 = TOROIDAL_SURFACE ( 'NONE', #2818, 0.3449241027969674467, 0.2510065195905316071 ) ;
#312 = CARTESIAN_POINT ( 'NONE',  ( 0.04510046942531226177, 0.2266511195209255369, -0.07286133938644627495 ) ) ;
#313 = DIRECTION ( 'NONE',  ( 0.7071067811865467956, 0.7071067811865482389, 0.000000000000000000 ) ) ;
#314 = CARTESIAN_POINT ( 'NONE',  ( -0.8832662320272978151, 0.1820428195206232336, 0.1818037549511413442 ) ) ;
#315 = VECTOR ( 'NONE', #1405, 1000.000000000000000 ) ;
#316 = AXIS2_PLACEMENT_3D ( 'NONE', #2293, #1140, #2068 ) ;
#317 = FACE_OUTER_BOUND ( 'NONE', #779, .T. ) ;
#318 = CARTESIAN_POINT ( 'NONE',  ( 0.1054760678515713479, 0.2192703412750366121, -0.05916250385576894005 ) ) ;
#319 = ORIENTED_EDGE ( 'NONE', *, *, #2531, .F. ) ;
#320 = VECTOR ( 'NONE', #523, 1000.000000000000000 ) ;
#321 = EDGE_LOOP ( 'NONE', ( #1869, #136, #1026, #1440 ) ) ;
#322 = CIRCLE ( 'NONE', #1244, 0.03346753594540425453 ) ;
#323 = DIRECTION ( 'NONE',  ( -9.804242517109339788E-17, -1.000000000000000000, 0.000000000000000000 ) ) ;
#324 = APPROVAL_PERSON_ORGANIZATION ( #1353, #683, #159 ) ;
#325 = ORIENTED_EDGE ( 'NONE', *, *, #973, .F. ) ;
#326 = CARTESIAN_POINT ( 'NONE',  ( -0.2027528176538214988, -0.4721488133316590341, -0.7128685042712329389 ) ) ;
#327 = B_SPLINE_CURVE_WITH_KNOTS ( 'NONE', 3,
 ( #2839, #783, #538, #1272 ),
 .UNSPECIFIED., .F., .F.,
 ( 4, 4 ),
 ( -0.1720819120868350149, -0.1688463771609519937 ),
 .UNSPECIFIED. ) ;
#328 = EDGE_CURVE ( 'NONE', #1119, #2207, #2158, .T. ) ;
#329 = CARTESIAN_POINT ( 'NONE',  ( 0.04621757010090309786, 0.2277059196991970680, -0.07723042088803906691 ) ) ;
#330 = CARTESIAN_POINT ( 'NONE',  ( 0.8339800279080024081, 0.2771598625758562862, 0.1558463165100109071 ) ) ;
#331 = CARTESIAN_POINT ( 'NONE',  ( -0.3472648679144423323, -0.2962906898100994280, -0.04242873588306683014 ) ) ;
#332 = CARTESIAN_POINT ( 'NONE',  ( 0.8990996355980385157, 0.3547294015662866840, -0.1445047205165496673 ) ) ;
#333 = CARTESIAN_POINT ( 'NONE',  ( -0.1179100844623141714, 0.4530558035880121182, 0.1483362190057370966 ) ) ;
#334 = VERTEX_POINT ( 'NONE', #2776 ) ;
#335 = FACE_OUTER_BOUND ( 'NONE', #2457, .T. ) ;
#336 = CYLINDRICAL_SURFACE ( 'NONE', #1534, 0.1924273525417139197 ) ;
#337 = EDGE_CURVE ( 'NONE', #2877, #2768, #2672, .T. ) ;
#338 = ORIENTED_EDGE ( 'NONE', *, *, #930, .T. ) ;
#339 = CARTESIAN_POINT ( 'NONE',  ( 0.8990996355980385157, 0.3517702126911160798, -0.1445047205165496673 ) ) ;
#340 = CARTESIAN_POINT ( 'NONE',  ( 0.8237976797208795832, 0.4195882676426078706, 0.1483362190057370966 ) ) ;
#341 = CARTESIAN_POINT ( 'NONE',  ( 0.8929787405324747240, 0.3328634277399527552, -0.1695650586920719738 ) ) ;
#342 = CARTESIAN_POINT ( 'NONE',  ( 0.07494167088340199234, 0.2548280827128768244, -0.1428313437192795521 ) ) ;
#343 = LINE ( 'NONE', #2606, #951 ) ;
#344 = EDGE_CURVE ( 'NONE', #1676, #760, #2139, .T. ) ;
#345 = ORIENTED_EDGE ( 'NONE', *, *, #2408, .F. ) ;
#346 = CARTESIAN_POINT ( 'NONE',  ( 0.8237976797208795832, 0.4195882676426078706, -0.1445047205165496673 ) ) ;
#347 = CARTESIAN_POINT ( 'NONE',  ( 0.2833503867019352973, 0.1559800530780861560, -0.04242873588306683014 ) ) ;
#348 = ADVANCED_FACE ( 'NONE', ( #525 ), #795, .T. ) ;
#349 = ORIENTED_EDGE ( 'NONE', *, *, #978, .T. ) ;
#350 = VERTEX_POINT ( 'NONE', #2170 ) ;
#351 = CARTESIAN_POINT ( 'NONE',  ( 0.8990996355980385157, 0.3517702126911160798, 0.05072257249830816606 ) ) ;
#352 = CARTESIAN_POINT ( 'NONE',  ( 0.8492762969598965928, 0.2792474005274889759, 0.1483362190057370966 ) ) ;
#353 = ORIENTED_EDGE ( 'NONE', *, *, #1894, .T. ) ;
#354 = FACE_OUTER_BOUND ( 'NONE', #1975, .T. ) ;
#355 = FACE_OUTER_BOUND ( 'NONE', #842, .T. ) ;
#356 = CARTESIAN_POINT ( 'NONE',  ( -0.1818946209126822144, 0.4403398498623999902, -0.01732808392401363751 ) ) ;
#357 = DIRECTION ( 'NONE',  ( 0.000000000000000000, 0.000000000000000000, -1.000000000000000000 ) ) ;
#358 = CARTESIAN_POINT ( 'NONE',  ( 0.8237976797208795832, 0.3777538477108520754, 0.1483362190057370966 ) ) ;
#359 = AXIS2_PLACEMENT_3D ( 'NONE', #1668, #76, #104 ) ;
#360 = EDGE_LOOP ( 'NONE', ( #2785, #150, #2770, #2970, #590 ) ) ;
#361 = CARTESIAN_POINT ( 'NONE',  ( -0.04278765226886870748, -0.04863584282402940578, -0.2767014875008964592 ) ) ;
#362 = VECTOR ( 'NONE', #2798, 1000.000000000000000 ) ;
#363 = CARTESIAN_POINT ( 'NONE',  ( 0.07494167088340199234, 0.2548280827128768244, -0.05916250385576894005 ) ) ;
#364 = CC_DESIGN_PERSON_AND_ORGANIZATION_ASSIGNMENT ( #1077, #193, ( #2936 ) ) ;
#365 = ORIENTED_EDGE ( 'NONE', *, *, #2451, .F. ) ;
#366 = AXIS2_PLACEMENT_3D ( 'NONE', #283, #2123, #2586 ) ;
#367 = EDGE_CURVE ( 'NONE', #1620, #294, #691, .T. ) ;
#368 = ORIENTED_EDGE ( 'NONE', *, *, #2023, .T. ) ;
#369 = CARTESIAN_POINT ( 'NONE',  ( 0.1790382942216132423, 0.3526531957517993754, 0.1818037549511413442 ) ) ;
#370 = CIRCLE ( 'NONE', #2117, 0.2677402875632295953 ) ;
#371 = CARTESIAN_POINT ( 'NONE',  ( 0.8756455629916679584, 0.3517702126911160798, 0.1818037549511413442 ) ) ;
#372 = CIRCLE ( 'NONE', #1337, 0.1087694918225636798 ) ;
#373 = ORIENTED_EDGE ( 'NONE', *, *, #1261, .F. ) ;
#374 = EDGE_LOOP ( 'NONE', ( #1612, #926, #2585, #1700 ) ) ;
#375 = FACE_OUTER_BOUND ( 'NONE', #2431, .T. ) ;
#376 = CIRCLE ( 'NONE', #818, 0.03346753594540423371 ) ;
#377 = LINE ( 'NONE', #1771, #1141 ) ;
#378 = CARTESIAN_POINT ( 'NONE',  ( 0.2713004630827235975, 0.1872030462566418030, 0.1818037549511413442 ) ) ;
#379 = CARTESIAN_POINT ( 'NONE',  ( 0.8339800279080024081, 0.2771598625758562862, 0.1483362190057370966 ) ) ;
#380 = ORIENTED_EDGE ( 'NONE', *, *, #337, .F. ) ;
#381 = CARTESIAN_POINT ( 'NONE',  ( -0.06750200349013528445, 0.4195882676426078706, -0.1009969237875241455 ) ) ;
#382 = FACE_OUTER_BOUND ( 'NONE', #204, .T. ) ;
#383 = ORIENTED_EDGE ( 'NONE', *, *, #1694, .T. ) ;
#384 = CARTESIAN_POINT ( 'NONE',  ( -0.06325626377579074422, -0.07505202110015624095, -0.04242873588306022431 ) ) ;
#385 = CARTESIAN_POINT ( 'NONE',  ( 0.8569437904865234712, 0.3204768662753082475, 0.1818037549511413442 ) ) ;
#386 = EDGE_CURVE ( 'NONE', #307, #2904, #269, .T. ) ;
#387 = ORIENTED_EDGE ( 'NONE', *, *, #185, .T. ) ;
#388 = CARTESIAN_POINT ( 'NONE',  ( -0.1179100844623141714, 0.4530558035880121182, 0.1483362190057370966 ) ) ;
#389 = ADVANCED_FACE ( 'NONE', ( #2141 ), #58, .T. ) ;
#390 = CARTESIAN_POINT ( 'NONE',  ( 0.8834715315486539877, 0.2954408883523217955, -0.1520148180208234501 ) ) ;
#391 = DIRECTION ( 'NONE',  ( 1.000000000000000000, 0.000000000000000000, 0.000000000000000000 ) ) ;
#392 = CARTESIAN_POINT ( 'NONE',  ( 0.04339874432264777954, 0.2250442993113591916, -0.05916250385576894005 ) ) ;
#393 = ADVANCED_FACE ( 'NONE', ( #1202 ), #2850, .T. ) ;
#394 = CARTESIAN_POINT ( 'NONE',  ( -0.07479147629452354007, -0.08785598901607284683, 0.2253115516801670049 ) ) ;
#395 = CARTESIAN_POINT ( 'NONE',  ( -0.3472648679144423323, -0.2962906898100994280, -0.2934352554735986107 ) ) ;
#396 = ORIENTED_EDGE ( 'NONE', *, *, #2080, .T. ) ;
#397 = CARTESIAN_POINT ( 'NONE',  ( -0.1882301650203921650, 0.4377181170479016448, 0.1818037549511413442 ) ) ;
#398 = CARTESIAN_POINT ( 'NONE',  ( -0.4724761652713498350, 0.3127335320770966987, 0.1818037549511413442 ) ) ;
#399 = VERTEX_POINT ( 'NONE', #2629 ) ;
#400 = APPROVAL_STATUS ( 'not_yet_approved' ) ;
#401 = CARTESIAN_POINT ( 'NONE',  ( -0.7532514408425459163, 0.06214703841431002546, -0.04242873588306683014 ) ) ;
#402 = ADVANCED_FACE ( 'NONE', ( #766 ), #1072, .F. ) ;
#403 = EDGE_CURVE ( 'NONE', #1255, #1499, #1539, .T. ) ;
#404 = DIRECTION ( 'NONE',  ( -0.9425174262573687844, 0.3341570008262366165, 0.000000000000000000 ) ) ;
#405 = DIRECTION ( 'NONE',  ( 0.000000000000000000, 1.000000000000000000, 0.000000000000000000 ) ) ;
#406 = CARTESIAN_POINT ( 'NONE',  ( 0.1579571738936830227, 0.3266596902556899717, -0.1779722564619538594 ) ) ;
#407 = EDGE_LOOP ( 'NONE', ( #1856, #1174 ) ) ;
#408 = CARTESIAN_POINT ( 'NONE',  ( 0.8990996355980385157, 0.2857181238609909357, -0.2767014875008964592 ) ) ;
#409 = CARTESIAN_POINT ( 'NONE',  ( 0.4200034061929728835, 0.2703656820099948899, -0.1779722564619538039 ) ) ;
#410 = ORIENTED_EDGE ( 'NONE', *, *, #1648, .F. ) ;
#411 = AXIS2_PLACEMENT_3D ( 'NONE', #346, #1898, #2809 ) ;
#412 = VERTEX_POINT ( 'NONE', #133 ) ;
#413 = CARTESIAN_POINT ( 'NONE',  ( -0.2411181033065826762, 0.4311406902617945791, -0.1009969237875241455 ) ) ;
#414 = CARTESIAN_POINT ( 'NONE',  ( -0.08589305052173988597, 0.4530558035880121182, -0.03867625672908575618 ) ) ;
#415 = AXIS2_PLACEMENT_3D ( 'NONE', #1868, #245, #935 ) ;
#416 = VERTEX_POINT ( 'NONE', #2240 ) ;
#417 = CIRCLE ( 'NONE', #863, 0.03346753594540414350 ) ;
#418 = PERSON_AND_ORGANIZATION_ROLE ( 'creator' ) ;
#419 = DIRECTION ( 'NONE',  ( 0.6865411883505488921, -0.7270909136402518014, -5.348262288311679140E-16 ) ) ;
#420 = AXIS2_PLACEMENT_3D ( 'NONE', #340, #1064, #1538 ) ;
#421 = DIRECTION ( 'NONE',  ( 0.000000000000000000, 0.000000000000000000, -1.000000000000000000 ) ) ;
#422 = CARTESIAN_POINT ( 'NONE',  ( 0.8294545398248365231, 0.3103200181826392678, -0.1779722564619538594 ) ) ;
#423 = CIRCLE ( 'NONE', #278, 0.07530195587715951544 ) ;
#424 = CARTESIAN_POINT ( 'NONE',  ( -0.8427931824093451985, 0.1302412517745725473, -0.04533390938075260862 ) ) ;
#425 = EDGE_CURVE ( 'NONE', #659, #2516, #1619, .T. ) ;
#426 = CARTESIAN_POINT ( 'NONE',  ( 0.5776243314155106168, 0.2362045894837004889, 0.2253115516801670049 ) ) ;
#427 = CARTESIAN_POINT ( 'NONE',  ( 0.5552732364884753746, 0.2998504401273456299, -0.1779722564619538039 ) ) ;
#428 = VERTEX_POINT ( 'NONE', #1271 ) ;
#429 = CARTESIAN_POINT ( 'NONE',  ( 0.8990996355980385157, 0.3777538477108520754, 0.1818037549511413442 ) ) ;
#430 = CARTESIAN_POINT ( 'NONE',  ( -0.1179100844623151428, 0.4530558035880121182, -0.02003174087652125762 ) ) ;
#431 = EDGE_CURVE ( 'NONE', #1233, #1268, #2729, .T. ) ;
#432 = ORIENTED_EDGE ( 'NONE', *, *, #1348, .F. ) ;
#433 = PERSON_AND_ORGANIZATION ( #1056, #1385 ) ;
#434 = DIRECTION ( 'NONE',  ( 1.000000000000000000, 0.000000000000000000, 0.000000000000000000 ) ) ;
#435 = EDGE_CURVE ( 'NONE', #2665, #412, #377, .T. ) ;
#436 = VERTEX_POINT ( 'NONE', #356 ) ;
#437 = CARTESIAN_POINT ( 'NONE',  ( 0.7144162377979659251, 0.2946203190888355694, -0.1779722564619538594 ) ) ;
#438 = DIRECTION ( 'NONE',  ( 0.7071067811865461294, 0.7071067811865490160, 0.000000000000000000 ) ) ;
#439 = FACE_OUTER_BOUND ( 'NONE', #1994, .T. ) ;
#440 = FACE_OUTER_BOUND ( 'NONE', #263, .T. ) ;
#441 = CARTESIAN_POINT ( 'NONE',  ( -0.3472648679144423323, -0.2962906898100994280, -0.05916250385576894005 ) ) ;
#442 = CARTESIAN_POINT ( 'NONE',  ( 0.2498517587553865937, 0.1520612599134136267, 0.1756853242306007090 ) ) ;
#443 = EDGE_CURVE ( 'NONE', #2118, #462, #536, .T. ) ;
#444 = CARTESIAN_POINT ( 'NONE',  ( 0.03812269204955136964, 0.02108656763746591736, -0.04242873588306022431 ) ) ;
#445 = ORIENTED_EDGE ( 'NONE', *, *, #1423, .T. ) ;
#446 = CARTESIAN_POINT ( 'NONE',  ( 0.2013101523995897701, 0.1199010442370046642, -0.1428313437192793856 ) ) ;
#447 = ORIENTED_EDGE ( 'NONE', *, *, #1454, .F. ) ;
#448 = ADVANCED_FACE ( 'NONE', ( #2931 ), #311, .F. ) ;
#449 = LINE ( 'NONE', #1367, #1331 ) ;
#450 = DIRECTION ( 'NONE',  ( -0.6865411883505478929, 0.7270909136402528006, -4.114047914085908975E-17 ) ) ;
#451 = CARTESIAN_POINT ( 'NONE',  ( 0.8379524670759065375, 0.3114797614891042787, -0.1779722564619538594 ) ) ;
#452 = CARTESIAN_POINT ( 'NONE',  ( 0.6669491192606300523, 0.3196442760989272047, 0.1818037549511413442 ) ) ;
#453 = DIRECTION ( 'NONE',  ( 0.9012491549832297721, 0.4333012354494439333, 0.000000000000000000 ) ) ;
#454 = CARTESIAN_POINT ( 'NONE',  ( 0.1914940215202055873, 0.1149833771373193758, -0.1423399782948981396 ) ) ;
#455 = DIRECTION ( 'NONE',  ( 0.000000000000000000, 0.000000000000000000, 1.000000000000000000 ) ) ;
#456 = VECTOR ( 'NONE', #1447, 1000.000000000000000 ) ;
#457 = EDGE_CURVE ( 'NONE', #2199, #436, #617, .T. ) ;
#458 = ORIENTED_EDGE ( 'NONE', *, *, #1781, .F. ) ;
#459 = AXIS2_PLACEMENT_3D ( 'NONE', #1500, #2872, #2601 ) ;
#460 = CARTESIAN_POINT ( 'NONE',  ( 0.2713004630827235975, 0.1872030462566418030, 0.1818037549511413442 ) ) ;
#461 = CIRCLE ( 'NONE', #220, 0.08366883986351060509 ) ;
#462 = VERTEX_POINT ( 'NONE', #2661 ) ;
#463 = CARTESIAN_POINT ( 'NONE',  ( 0.04356015500182875561, 0.2251967081469235799, -0.05488986412655486036 ) ) ;
#464 = DIRECTION ( 'NONE',  ( 0.000000000000000000, 0.000000000000000000, -1.000000000000000000 ) ) ;
#465 = CYLINDRICAL_SURFACE ( 'NONE', #771, 0.7351350544968051626 ) ;
#466 = AXIS2_PLACEMENT_3D ( 'NONE', #1315, #1326, #2717 ) ;
#467 = CARTESIAN_POINT ( 'NONE',  ( 0.1254728249197905321, 0.07849880583813731438, -0.04306652093914085933 ) ) ;
#468 = CARTESIAN_POINT ( 'NONE',  ( 0.1088218154735816345, 0.06905780573474695760, -0.1545181838555813869 ) ) ;
#469 = CARTESIAN_POINT ( 'NONE',  ( 0.8237976797208795832, 0.4530558035880121182, 0.1818037549511413442 ) ) ;
#470 = ADVANCED_FACE ( 'NONE', ( #1788 ), #2707, .F. ) ;
#471 = ORIENTED_EDGE ( 'NONE', *, *, #1370, .T. ) ;
#472 = CARTESIAN_POINT ( 'NONE',  ( -0.4607795470025480844, -0.2606284510462981707, -0.04242873588306683014 ) ) ;
#473 = ORIENTED_EDGE ( 'NONE', *, *, #730, .T. ) ;
#474 = CARTESIAN_POINT ( 'NONE',  ( 0.2658970831501448751, 0.2207672463242915939, 0.1818037549511413442 ) ) ;
#475 = ORIENTED_EDGE ( 'NONE', *, *, #2375, .F. ) ;
#476 = CARTESIAN_POINT ( 'NONE',  ( 0.1474945583791748560, 0.3638366071883599728, -0.1779722564619538594 ) ) ;
#477 = CARTESIAN_POINT ( 'NONE',  ( -0.3611580524291473915, 0.04835349788836351692, -0.2934352554735986107 ) ) ;
#478 = EDGE_CURVE ( 'NONE', #294, #1620, #2279, .T. ) ;
#479 = CARTESIAN_POINT ( 'NONE',  ( 0.8569445782826409230, 0.3204776560417462727, -0.1779722564619538594 ) ) ;
#480 = DIRECTION ( 'NONE',  ( 0.7071067811865471286, 0.000000000000000000, -0.7071067811865479058 ) ) ;
#481 = CARTESIAN_POINT ( 'NONE',  ( 0.07282158823755771615, 0.05540790458447530931, -0.1718516045311950513 ) ) ;
#482 = ADVANCED_FACE ( 'NONE', ( #2497 ), #2047, .F. ) ;
#483 = DIRECTION ( 'NONE',  ( 0.000000000000000000, 0.000000000000000000, 1.000000000000000000 ) ) ;
#484 = DIRECTION ( 'NONE',  ( 0.000000000000000000, 0.000000000000000000, -1.000000000000000000 ) ) ;
#485 = LINE ( 'NONE', #726, #2634 ) ;
#486 = LINE ( 'NONE', #2071, #315 ) ;
#487 = ORIENTED_EDGE ( 'NONE', *, *, #2520, .F. ) ;
#488 = ORIENTED_EDGE ( 'NONE', *, *, #1245, .T. ) ;
#489 = CARTESIAN_POINT ( 'NONE',  ( 0.08975536127055105950, 0.06262186671409919470, -0.1626241134528839949 ) ) ;
#490 = ORIENTED_EDGE ( 'NONE', *, *, #1123, .T. ) ;
#491 = CARTESIAN_POINT ( 'NONE',  ( 0.8990996355980385157, 0.3517702126911160798, -0.1445047205165496673 ) ) ;
#492 = LINE ( 'NONE', #1384, #1478 ) ;
#493 = DIRECTION ( 'NONE',  ( 0.000000000000000000, 0.000000000000000000, 1.000000000000000000 ) ) ;
#494 = EDGE_CURVE ( 'NONE', #2188, #175, #1883, .T. ) ;
#495 = CARTESIAN_POINT ( 'NONE',  ( 0.1342753890767480751, 0.08368228664379416537, -0.01679179291608440608 ) ) ;
#496 = CARTESIAN_POINT ( 'NONE',  ( 0.06316619763146420763, 0.07006367111270832282, -0.1779722564619538594 ) ) ;
#497 = CARTESIAN_POINT ( 'NONE',  ( -0.8957513467234483606, 0.1931846731181253440, 0.1818037549511413442 ) ) ;
#498 = CARTESIAN_POINT ( 'NONE',  ( -0.8563296118037784233, 0.1405353614846571453, -0.09473712860132382785 ) ) ;
#499 = ORIENTED_EDGE ( 'NONE', *, *, #559, .T. ) ;
#500 = CARTESIAN_POINT ( 'NONE',  ( 0.1808702848044198841, 0.1426429232739766517, 0.02450633600774163728 ) ) ;
#501 = ORIENTED_EDGE ( 'NONE', *, *, #457, .F. ) ;
#502 = VERTEX_POINT ( 'NONE', #680 ) ;
#503 = B_SPLINE_CURVE_WITH_KNOTS ( 'NONE', 3,
 ( #339, #1487, #1225, #85, #2404 ),
 .UNSPECIFIED., .F., .F.,
 ( 4, 1, 4 ),
 ( 0.000000000000000000, 0.5714285714285717299, 1.000000000000000000 ),
 .UNSPECIFIED. ) ;
#504 = PLANE ( 'NONE',  #2259 ) ;
#505 = ORIENTED_EDGE ( 'NONE', *, *, #156, .F. ) ;
#506 = CARTESIAN_POINT ( 'NONE',  ( -0.5026139669343032690, -0.2606284510462981707, -0.04242873588306683014 ) ) ;
#507 = CARTESIAN_POINT ( 'NONE',  ( -0.2411181033065815382, 0.4311406902617948012, -0.1759151884195373772 ) ) ;
#508 = DIRECTION ( 'NONE',  ( 0.000000000000000000, 0.000000000000000000, 1.000000000000000000 ) ) ;
#509 = AXIS2_PLACEMENT_3D ( 'NONE', #369, #2205, #762 ) ;
#510 = CARTESIAN_POINT ( 'NONE',  ( 0.05211005506262637171, 0.2332697818683794611, -0.08866015627127787901 ) ) ;
#511 = CARTESIAN_POINT ( 'NONE',  ( 0.3066631967692102223, 0.1788671978108953564, -0.1718516045311950513 ) ) ;
#512 = CIRCLE ( 'NONE', #271, 0.1924273525417139197 ) ;
#513 = CARTESIAN_POINT ( 'NONE',  ( 0.2510531349728649109, 0.2378741302350128872, 0.1818037549511413442 ) ) ;
#514 = EDGE_CURVE ( 'NONE', #788, #2552, #905, .T. ) ;
#515 = CARTESIAN_POINT ( 'NONE',  ( 0.2401024483731945547, 0.1751627626050682729, 0.1818037549511413442 ) ) ;
#516 = CARTESIAN_POINT ( 'NONE',  ( -0.7735063794015760719, 0.07755040318814178379, -0.1635541624315545728 ) ) ;
#517 = ORIENTED_EDGE ( 'NONE', *, *, #2490, .T. ) ;
#518 = VERTEX_POINT ( 'NONE', #251 ) ;
#519 = CARTESIAN_POINT ( 'NONE',  ( 0.6805734666394730459, 0.3242997780941706543, -0.1779722564619538594 ) ) ;
#520 = VERTEX_POINT ( 'NONE', #1165 ) ;
#521 = FACE_OUTER_BOUND ( 'NONE', #1736, .T. ) ;
#522 = CARTESIAN_POINT ( 'NONE',  ( 0.6803643546808458842, 0.3818227730420123422, 0.1818037549511413442 ) ) ;
#523 = DIRECTION ( 'NONE',  ( 0.000000000000000000, -1.000000000000000000, 0.000000000000000000 ) ) ;
#524 = EDGE_CURVE ( 'NONE', #2664, #107, #1473, .T. ) ;
#525 = FACE_OUTER_BOUND ( 'NONE', #184, .T. ) ;
#526 = CARTESIAN_POINT ( 'NONE',  ( 0.5297917904793932875, 0.2310555801005435839, -0.1445047205165496673 ) ) ;
#527 = CARTESIAN_POINT ( 'NONE',  ( -0.1818946209126822144, 0.4403398498623999902, -0.1707620584934307628 ) ) ;
#528 = CYLINDRICAL_SURFACE ( 'NONE', #2061, 0.1087694918225636798 ) ;
#529 = LINE ( 'NONE', #62, #2974 ) ;
#530 = VERTEX_POINT ( 'NONE', #696 ) ;
#531 = EDGE_LOOP ( 'NONE', ( #2625, #1887, #2704, #1575, #54, #1875, #1463, #475, #79, #1309, #923 ) ) ;
#532 = CARTESIAN_POINT ( 'NONE',  ( 0.1038132325224401936, 0.08958904205007080235, -0.1779293225559847869 ) ) ;
#533 = VERTEX_POINT ( 'NONE', #222 ) ;
#534 = CARTESIAN_POINT ( 'NONE',  ( 0.8770442033582291907, 0.4310003713482018495, -0.1445047205165496673 ) ) ;
#535 = CARTESIAN_POINT ( 'NONE',  ( -0.1464293407235322531, -0.2343191869032029695, -0.7128685042712329389 ) ) ;
#536 = B_SPLINE_CURVE_WITH_KNOTS ( 'NONE', 3,
 ( #116, #161, #1109, #2691, #1047, #1970 ),
 .UNSPECIFIED., .F., .F.,
 ( 4, 2, 4 ),
 ( 2.710505431213760483E-20, 0.0001384153648752169227, 0.0002768307297504337913 ),
 .UNSPECIFIED. ) ;
#537 = CARTESIAN_POINT ( 'NONE',  ( 0.8294545398248365231, 0.3103200181826392678, -0.1779722564619538594 ) ) ;
#538 = CARTESIAN_POINT ( 'NONE',  ( 0.2012876161758089255, 0.1199518828397924675, 0.02450633600774163728 ) ) ;
#539 = CYLINDRICAL_SURFACE ( 'NONE', #2687, 0.01673376797270212032 ) ;
#540 = DIRECTION ( 'NONE',  ( 0.000000000000000000, 0.000000000000000000, 1.000000000000000000 ) ) ;
#541 = CARTESIAN_POINT ( 'NONE',  ( 0.6669491192606300523, 0.3196442760989272047, 0.1818037549511413442 ) ) ;
#542 = ORIENTED_EDGE ( 'NONE', *, *, #2807, .T. ) ;
#543 = CC_DESIGN_PERSON_AND_ORGANIZATION_ASSIGNMENT ( #1767, #177, ( #1634 ) ) ;
#544 = ORIENTED_EDGE ( 'NONE', *, *, #947, .T. ) ;
#545 = PLANE ( 'NONE',  #1577 ) ;
#546 = EDGE_CURVE ( 'NONE', #906, #2696, #253, .T. ) ;
#547 = ORIENTED_EDGE ( 'NONE', *, *, #2479, .T. ) ;
#548 = CARTESIAN_POINT ( 'NONE',  ( 0.8339800279080024081, 0.2771598625758562862, 0.1558463165100109071 ) ) ;
#549 = CARTESIAN_POINT ( 'NONE',  ( 0.2125740554459266962, 0.1278209215976719437, 0.5195762160419933329 ) ) ;
#550 = AXIS2_PLACEMENT_3D ( 'NONE', #2006, #1346, #652 ) ;
#551 = B_SPLINE_CURVE_WITH_KNOTS ( 'NONE', 3,
 ( #2528, #451, #479, #1369, #2304 ),
 .UNSPECIFIED., .F., .F.,
 ( 4, 1, 4 ),
 ( 0.000000000000000000, 0.07688076634959510602, 0.1793884548157220205 ),
 .UNSPECIFIED. ) ;
#552 = CARTESIAN_POINT ( 'NONE',  ( 0.8379524670759065375, 0.3114797614891042787, -0.1779722564619538594 ) ) ;
#553 = CARTESIAN_POINT ( 'NONE',  ( 0.7523907851310399630, 0.2722027051976769751, 0.1733965631517024042 ) ) ;
#554 = CARTESIAN_POINT ( 'NONE',  ( 0.2672711671574947712, 0.2257761616466501253, 0.1818037549511413442 ) ) ;
#555 = VECTOR ( 'NONE', #1159, 1000.000000000000000 ) ;
#556 = TOROIDAL_SURFACE ( 'NONE', #1194, 0.6933006345648726754, 0.04183441993175529561 ) ;
#557 = CARTESIAN_POINT ( 'NONE',  ( -0.3520100551799844046, -0.2606284510462981707, -0.04242873588306683014 ) ) ;
#558 = DIRECTION ( 'NONE',  ( 1.000000000000000000, 0.000000000000000000, 0.000000000000000000 ) ) ;
#559 = EDGE_CURVE ( 'NONE', #164, #530, #1770, .T. ) ;
#560 = ORIENTED_EDGE ( 'NONE', *, *, #585, .T. ) ;
#561 = VECTOR ( 'NONE', #2510, 1000.000000000000000 ) ;
#562 = VERTEX_POINT ( 'NONE', #2062 ) ;
#563 = CIRCLE ( 'NONE', #2646, 0.2510065195905315516 ) ;
#564 = FACE_OUTER_BOUND ( 'NONE', #170, .T. ) ;
#565 = ORIENTED_EDGE ( 'NONE', *, *, #494, .F. ) ;
#566 = DIRECTION ( 'NONE',  ( 0.000000000000000000, 0.000000000000000000, -1.000000000000000000 ) ) ;
#567 = CARTESIAN_POINT ( 'NONE',  ( -0.1902017848563025137, -0.4168623532576394286, -0.7128685042712329389 ) ) ;
#568 = ADVANCED_FACE ( 'NONE', ( #1876 ), #2558, .F. ) ;
#569 = CARTESIAN_POINT ( 'NONE',  ( -0.6740199965822555317, -0.03495673113565929413, -0.04242873588306683014 ) ) ;
#570 = CARTESIAN_POINT ( 'NONE',  ( -0.4607795470025480844, -0.2606284510462981707, 0.1818037549511413442 ) ) ;
#571 = CARTESIAN_POINT ( 'NONE',  ( -0.3520100551799844046, -0.2606284510462981707, -0.04242873588306683014 ) ) ;
#572 = ORIENTED_EDGE ( 'NONE', *, *, #2076, .T. ) ;
#573 = DIRECTION ( 'NONE',  ( 0.000000000000000000, 0.000000000000000000, -1.000000000000000000 ) ) ;
#574 = DIRECTION ( 'NONE',  ( 0.000000000000000000, 0.000000000000000000, 1.000000000000000000 ) ) ;
#575 = EDGE_LOOP ( 'NONE', ( #2654, #2525, #2291, #815, #1179, #852 ) ) ;
#576 = ORIENTED_EDGE ( 'NONE', *, *, #1096, .T. ) ;
#577 = CARTESIAN_POINT ( 'NONE',  ( 0.2713004630827235975, 0.1872030462566418030, 0.1818037549511413442 ) ) ;
#578 = CARTESIAN_POINT ( 'NONE',  ( 0.8990996355980385157, 0.3311786988240524310, 0.1558463165100109071 ) ) ;
#579 = VERTEX_POINT ( 'NONE', #476 ) ;
#580 = DIRECTION ( 'NONE',  ( 0.000000000000000000, 0.000000000000000000, 1.000000000000000000 ) ) ;
#581 = FACE_OUTER_BOUND ( 'NONE', #575, .T. ) ;
#582 = CARTESIAN_POINT ( 'NONE',  ( 0.8990996355980385157, 0.3517702126911160798, -0.1445047205165496673 ) ) ;
#583 = CARTESIAN_POINT ( 'NONE',  ( 0.7498269231266299073, 0.2893466613943698751, 0.1818037549511413442 ) ) ;
#584 = CARTESIAN_POINT ( 'NONE',  ( -0.1882301650203919707, 0.4377181170479012007, 0.1764677764243789693 ) ) ;
#585 = EDGE_CURVE ( 'NONE', #864, #399, #449, .T. ) ;
#586 = ORIENTED_EDGE ( 'NONE', *, *, #2856, .T. ) ;
#587 = CARTESIAN_POINT ( 'NONE',  ( -0.1033581951979860580, -0.1329709947061264164, 0.2253115516801670049 ) ) ;
#588 = CARTESIAN_POINT ( 'NONE',  ( 0.09503472932427428632, 0.05975019550110732824, -0.04242873588306683014 ) ) ;
#589 = ORIENTED_EDGE ( 'NONE', *, *, #1489, .F. ) ;
#590 = ORIENTED_EDGE ( 'NONE', *, *, #1640, .F. ) ;
#591 = B_SPLINE_CURVE_WITH_KNOTS ( 'NONE', 3,
 ( #858, #1329, #1305, #2484 ),
 .UNSPECIFIED., .F., .F.,
 ( 4, 4 ),
 ( 2.334232593603456893E-14, 0.0001537955486024773571 ),
 .UNSPECIFIED. ) ;
#592 = DIRECTION ( 'NONE',  ( 0.5141309155741449199, 0.4854579298465430126, 0.7071067811865479058 ) ) ;
#593 = CARTESIAN_POINT ( 'NONE',  ( 0.8339800279080024081, 0.2771598625758562862, 0.1483362190057370966 ) ) ;
#594 = EDGE_LOOP ( 'NONE', ( #644, #2441, #607, #295, #1959 ) ) ;
#595 = CARTESIAN_POINT ( 'NONE',  ( -0.1882301650203921650, 0.4377181170479016448, 0.1818037549511413442 ) ) ;
#596 = CARTESIAN_POINT ( 'NONE',  ( 0.08794169479280930513, 0.2671030977019479558, -0.02140494267528881070 ) ) ;
#597 = FACE_OUTER_BOUND ( 'NONE', #2914, .T. ) ;
#598 = B_SPLINE_SURFACE_WITH_KNOTS ( 'NONE', 3, 3, ( 
 ( #2206, #110, #385, #2463, #1311 ),
 ( #371, #157, #1042, #1962, #2012 ),
 ( #2030, #1735, #803, #2874, #2893 ),
 ( #2656, #578, #1300, #1501, #2430 ),
 ( #628, #1548, #1323, #352, #593 ) ),
 .UNSPECIFIED., .F., .F., .F.,
 ( 4, 1, 4 ),
 ( 4, 1, 4 ),
 ( 0.000000000000000000, 0.5714285714285709528, 1.000000000000000000 ),
 ( 0.000000000000000000, 0.1025076884661270116, 0.1793884548157220205 ),
 .UNSPECIFIED. ) ;
#599 = CARTESIAN_POINT ( 'NONE',  ( -0.8742750638874771107, 0.1541824206288232302, -0.01732808392401364098 ) ) ;
#600 = ORIENTED_EDGE ( 'NONE', *, *, #2029, .F. ) ;
#601 = DIRECTION ( 'NONE',  ( 0.000000000000000000, 0.000000000000000000, -1.000000000000000000 ) ) ;
#602 = CIRCLE ( 'NONE', #459, 0.1506039117543188643 ) ;
#603 = ADVANCED_FACE ( 'NONE', ( #648 ), #1299, .T. ) ;
#604 = CARTESIAN_POINT ( 'NONE',  ( 0.03774670340508322341, 0.02221924675490807161, -0.08048175712204801158 ) ) ;
#605 = ORIENTED_EDGE ( 'NONE', *, *, #1960, .F. ) ;
#606 = TOROIDAL_SURFACE ( 'NONE', #2450, 0.07530195587715943217, 0.04183441993175529561 ) ;
#607 = ORIENTED_EDGE ( 'NONE', *, *, #524, .F. ) ;
#608 = CARTESIAN_POINT ( 'NONE',  ( 0.03687402179115410739, 0.3861207316972036230, -0.1779722564619538594 ) ) ;
#609 = FACE_OUTER_BOUND ( 'NONE', #2278, .T. ) ;
#610 = B_SPLINE_CURVE_WITH_KNOTS ( 'NONE', 3,
 ( #2429, #1981, #351, #2444 ),
 .UNSPECIFIED., .F., .F.,
 ( 4, 4 ),
 ( -0.9750000000000629274, -0.1000000000000639266 ),
 .UNSPECIFIED. ) ;
#611 = VECTOR ( 'NONE', #2545, 1000.000000000000114 ) ;
#612 = ORIENTED_EDGE ( 'NONE', *, *, #1176, .T. ) ;
#613 = CYLINDRICAL_SURFACE ( 'NONE', #1825, 0.03346753594540430310 ) ;
#614 = TOROIDAL_SURFACE ( 'NONE', #132, 0.07530195587715943217, 0.04183441993175529561 ) ;
#615 = LOCAL_TIME ( 10, 59, 59.00000000000000000, #645 ) ;
#616 = EDGE_CURVE ( 'NONE', #1597, #2904, #2112, .T. ) ;
#617 = LINE ( 'NONE', #2001, #1192 ) ;
#618 = DIRECTION ( 'NONE',  ( 0.000000000000000000, 0.000000000000000000, -1.000000000000000000 ) ) ;
#619 = CARTESIAN_POINT ( 'NONE',  ( -0.6621599391297779968, -0.05962517397084009241, -0.04587270274719241342 ) ) ;
#620 = ORIENTED_EDGE ( 'NONE', *, *, #1804, .F. ) ;
#621 = ORIENTED_EDGE ( 'NONE', *, *, #894, .T. ) ;
#622 = VERTEX_POINT ( 'NONE', #2815 ) ;
#623 = CARTESIAN_POINT ( 'NONE',  ( -0.1558271326516902366, -0.2677601932772027959, 0.2253115516801670049 ) ) ;
#624 = CARTESIAN_POINT ( 'NONE',  ( 0.3820123603317588934, 0.1940567755614642509, 0.1483362190057370966 ) ) ;
#625 = ORIENTED_EDGE ( 'NONE', *, *, #2050, .F. ) ;
#626 = EDGE_CURVE ( 'NONE', #2967, #107, #610, .T. ) ;
#627 = CARTESIAN_POINT ( 'NONE',  ( -0.1882301650203921650, 0.4377181170479016448, -0.1726362779351911514 ) ) ;
#628 = CARTESIAN_POINT ( 'NONE',  ( 0.8990996355980385157, 0.3517702126911160798, 0.1483362190057370966 ) ) ;
#629 = ADVANCED_FACE ( 'NONE', ( #1410 ), #2655, .F. ) ;
#630 = B_SPLINE_SURFACE_WITH_KNOTS ( 'NONE', 3, 3, ( 
 ( #2806, #2821, #526, #2381, #943, #287, #1445 ),
 ( #2590, #1862, #1228, #1005, #2763, #468, #975 ),
 ( #1388, #1909, #2325, #511, #2128, #241, #481 ),
 ( #2577, #1880, #2094, #59, #1432, #1415, #496 ),
 ( #1171, #722, #2793, #1637, #2562, #1400, #736 ) ),
 .UNSPECIFIED., .F., .F., .F.,
 ( 4, 1, 4 ),
 ( 4, 1, 1, 1, 4 ),
 ( 0.000000000000000000, 0.5714285714285709528, 1.000000000000000000 ),
 ( 0.000000000000000000, 1.040751768999579996, 1.734586281665969842, 2.081503537999159992, 2.428420794332359911 ),
 .UNSPECIFIED. ) ;
#631 = ORIENTED_EDGE ( 'NONE', *, *, #1690, .F. ) ;
#632 = DATE_AND_TIME ( #2269, #615 ) ;
#633 = LINE ( 'NONE', #401, #719 ) ;
#634 = DIRECTION ( 'NONE',  ( 0.000000000000000000, 0.000000000000000000, -1.000000000000000000 ) ) ;
#635 = CARTESIAN_POINT ( 'NONE',  ( -0.8742750638874771107, 0.1541824206288232302, -0.01732808392401364098 ) ) ;
#636 = B_SPLINE_CURVE_WITH_KNOTS ( 'NONE', 3,
 ( #1094, #2003, #2949, #424, #2274, #1757, #2694, #1292, #149, #1508, #2677, #2884, #885, #1803, #1524, #599 ),
 .UNSPECIFIED., .F., .F.,
 ( 4, 3, 3, 3, 3, 4 ),
 ( 6.540826494999516546E-05, 7.943570910233715228E-05, 9.346239689678820185E-05, 0.0001075010656376368726, 0.0001215643176430210342, 0.0001308145499965300204 ),
 .UNSPECIFIED. ) ;
#637 = CARTESIAN_POINT ( 'NONE',  ( 0.8237976797208795832, 0.3777538477108520754, 0.1483362190057370966 ) ) ;
#638 = CARTESIAN_POINT ( 'NONE',  ( 0.3445778867744500595, 0.1784918501017312420, -0.2767014875008964592 ) ) ;
#639 = CARTESIAN_POINT ( 'NONE',  ( 0.6669491192606300523, 0.3196442760989272047, 0.1818037549511413442 ) ) ;
#640 = VERTEX_POINT ( 'NONE', #1281 ) ;
#641 = ORIENTED_EDGE ( 'NONE', *, *, #1123, .F. ) ;
#642 = LINE ( 'NONE', #2265, #2065 ) ;
#643 = CARTESIAN_POINT ( 'NONE',  ( -0.8425330148689332832, 0.1300434009879311570, -0.07284867617449798660 ) ) ;
#644 = ORIENTED_EDGE ( 'NONE', *, *, #2985, .T. ) ;
#645 = COORDINATED_UNIVERSAL_TIME_OFFSET ( 8, 0, .AHEAD. ) ;
#646 = ADVANCED_FACE ( 'NONE', ( #521 ), #1740, .F. ) ;
#647 = DIRECTION ( 'NONE',  ( 1.000000000000000000, 0.000000000000000000, 0.000000000000000000 ) ) ;
#648 = FACE_OUTER_BOUND ( 'NONE', #1340, .T. ) ;
#649 = FACE_BOUND ( 'NONE', #2746, .T. ) ;
#650 = LINE ( 'NONE', #1318, #1574 ) ;
#651 = ORIENTED_EDGE ( 'NONE', *, *, #2582, .T. ) ;
#652 = DIRECTION ( 'NONE',  ( 0.000000000000000000, 1.000000000000000000, 0.000000000000000000 ) ) ;
#653 = DIRECTION ( 'NONE',  ( 0.000000000000000000, 0.000000000000000000, 1.000000000000000000 ) ) ;
#654 = VERTEX_POINT ( 'NONE', #577 ) ;
#655 = CARTESIAN_POINT ( 'NONE',  ( -0.3472648679144423323, -0.2962906898101004827, -0.1779722564619538594 ) ) ;
#656 = CARTESIAN_POINT ( 'NONE',  ( -0.8417190994357944822, 0.1294244390357558450, -0.06827604534256621893 ) ) ;
#657 = VECTOR ( 'NONE', #1419, 1000.000000000000000 ) ;
#658 = B_SPLINE_CURVE_WITH_KNOTS ( 'NONE', 3,
 ( #2715, #2779, #890, #2109, #2491, #414, #2507, #961, #48, #430 ),
 .UNSPECIFIED., .F., .F.,
 ( 4, 3, 3, 4 ),
 ( -1.735885306891977767E-07, 0.000000000000000000, 4.071098140982913784E-05, 6.428809265562358951E-05 ),
 .UNSPECIFIED. ) ;
#659 = VERTEX_POINT ( 'NONE', #1661 ) ;
#660 = CIRCLE ( 'NONE', #768, 0.03346753594540423371 ) ;
#661 = PERSON_AND_ORGANIZATION ( #1056, #1385 ) ;
#662 = CARTESIAN_POINT ( 'NONE',  ( 0.8656320996526344347, 0.3517702126911160798, 0.1818037549511413442 ) ) ;
#663 = AXIS2_PLACEMENT_3D ( 'NONE', #2322, #1817, #2352 ) ;
#664 = CARTESIAN_POINT ( 'NONE',  ( 0.8954927656982835105, 0.3517702126911158578, 0.1658057572949143132 ) ) ;
#665 = EDGE_CURVE ( 'NONE', #1280, #1712, #2823, .T. ) ;
#666 = CARTESIAN_POINT ( 'NONE',  ( 0.2810717105826170958, 0.2264243727571457199, -0.1779722564619538594 ) ) ;
#667 = CARTESIAN_POINT ( 'NONE',  ( -0.1547156538538825565, -0.2639618850171722153, -0.04242873588306683014 ) ) ;
#668 = ORIENTED_EDGE ( 'NONE', *, *, #1028, .F. ) ;
#669 = AXIS2_PLACEMENT_3D ( 'NONE', #68, #2860, #1044 ) ;
#670 = ADVANCED_FACE ( 'NONE', ( #335 ), #2573, .T. ) ;
#671 = CARTESIAN_POINT ( 'NONE',  ( -0.3326233156542759417, 0.4401230142852092797, -0.1710344588428887036 ) ) ;
#672 = CARTESIAN_POINT ( 'NONE',  ( 0.7532966200574916504, 0.2661487019206875138, 0.1483362190057370966 ) ) ;
#673 = ORIENTED_EDGE ( 'NONE', *, *, #2195, .F. ) ;
#674 = ORIENTED_EDGE ( 'NONE', *, *, #1131, .F. ) ;
#675 = CARTESIAN_POINT ( 'NONE',  ( 0.07639245564258533017, 0.06074774761343736812, 0.1756853242306007090 ) ) ;
#676 = CARTESIAN_POINT ( 'NONE',  ( -0.7532514398440518510, 0.06214703765498071075, -0.1374449328173891760 ) ) ;
#677 = ORIENTED_EDGE ( 'NONE', *, *, #756, .T. ) ;
#678 = LINE ( 'NONE', #1814, #1527 ) ;
#679 = VERTEX_POINT ( 'NONE', #1427 ) ;
#680 = CARTESIAN_POINT ( 'NONE',  ( -0.8409178632754149563, 0.1288151193475059464, -0.05916250385576894699 ) ) ;
#681 = CARTESIAN_POINT ( 'NONE',  ( 0.2019749093964808284, 0.1202917795450130500, 0.02450633600774165810 ) ) ;
#682 = CARTESIAN_POINT ( 'NONE',  ( 0.8308085626930246104, 0.3003985228258608808, -0.1779722564619538594 ) ) ;
#683 = APPROVAL ( #205, '未' ) ;
#684 = CARTESIAN_POINT ( 'NONE',  ( 0.9968629937488083792, 0.2980944667264704417, 0.2253115516801670049 ) ) ;
#685 = CARTESIAN_POINT ( 'NONE',  ( 0.1144655200883139545, 0.07194101190653465205, -0.04242873588306488725 ) ) ;
#686 = EDGE_CURVE ( 'NONE', #428, #710, #602, .T. ) ;
#687 = ORIENTED_EDGE ( 'NONE', *, *, #1360, .F. ) ;
#688 = ORIENTED_EDGE ( 'NONE', *, *, #2085, .F. ) ;
#689 = ORIENTED_EDGE ( 'NONE', *, *, #1748, .T. ) ;
#690 = CARTESIAN_POINT ( 'NONE',  ( -0.8109662389005181105, 0.1060376720365318465, -0.1779722564619538594 ) ) ;
#691 = B_SPLINE_CURVE_WITH_KNOTS ( 'NONE', 3,
 ( #1004, #974, #2820, #312, #329, #1722, #286, #510, #2838, #1431, #2589, #2393, #2409, #100, #1953, #2370, #71, #751, #2604, #1895, #1215, #1241, #1695, #1019, #1665, #87, #1938, #2380, #2862, #809, #45 ),
 .UNSPECIFIED., .F., .F.,
 ( 4, 3, 3, 3, 3, 3, 3, 3, 3, 3, 4 ),
 ( 0.000000000000000000, 1.389733191686293436E-05, 2.778877540158778903E-05, 4.177293711560131753E-05, 5.595087013609938154E-05, 7.029884165125826014E-05, 8.471742391470036225E-05, 9.908217491234025170E-05, 0.0001133014218904956883, 0.0001273511691505459134, 0.0001316380480746327374 ),
 .UNSPECIFIED. ) ;
#692 = VERTEX_POINT ( 'NONE', #1196 ) ;
#693 = B_SPLINE_CURVE_WITH_KNOTS ( 'NONE', 3,
 ( #971, #697, #763, #56, #928, #940, #2320, #1877, #1428, #266 ),
 .UNSPECIFIED., .F., .F.,
 ( 4, 3, 3, 4 ),
 ( -1.735885306890344582E-07, 0.000000000000000000, 4.071098197755087687E-05, 6.428809306794316849E-05 ),
 .UNSPECIFIED. ) ;
#694 = CARTESIAN_POINT ( 'NONE',  ( 0.07333438556238976169, 0.2533104353958728350, -0.05916250385576894005 ) ) ;
#695 = ORIENTED_EDGE ( 'NONE', *, *, #337, .T. ) ;
#696 = CARTESIAN_POINT ( 'NONE',  ( -0.8957513467234483606, 0.1931846731181253440, -0.1009969237875241455 ) ) ;
#697 = CARTESIAN_POINT ( 'NONE',  ( -0.06754057877682610733, 0.4530558035880121182, -0.05920563222139898357 ) ) ;
#698 = CARTESIAN_POINT ( 'NONE',  ( 0.4531049073090628876, 0.2089060748368342657, -0.7128685042712329389 ) ) ;
#699 = CARTESIAN_POINT ( 'NONE',  ( 0.8770442033582291907, 0.4310003713482018495, 0.1483362190057370966 ) ) ;
#700 = CARTESIAN_POINT ( 'NONE',  ( 0.8990996355980385157, 0.4530558035880121182, 0.1818037549511413442 ) ) ;
#701 = UNCERTAINTY_MEASURE_WITH_UNIT (LENGTH_MEASURE( 1.000000000000000082E-05 ), #1031, 'distance_accuracy_value', 'NONE');
#702 = CARTESIAN_POINT ( 'NONE',  ( 0.1047222586070881423, 0.06596415030463205487, -0.04242873588306488725 ) ) ;
#703 = VERTEX_POINT ( 'NONE', #1441 ) ;
#704 = EDGE_LOOP ( 'NONE', ( #2727, #1762, #757, #949 ) ) ;
#705 = CARTESIAN_POINT ( 'NONE',  ( -0.7866889121874620638, 0.08757538354304275630, -0.1728017463469114223 ) ) ;
#706 = EDGE_LOOP ( 'NONE', ( #2829, #1545, #560, #40 ) ) ;
#707 = CLOSED_SHELL ( 'NONE', ( #1251, #1314, #2990, #1860, #2875, #670, #1701, #299, #2534, #470, #2297, #1070, #1186, #1470, #2732, #448, #14, #1596, #2300, #2572, #81, #2644, #1685, #2464, #901, #2337, #2310, #1395, #402, #2439, #2267, #1986, #207, #1716, #1851, #646, #2412, #2940, #1436, #2059, #1120, #389, #786, #90, #2203, #1334, #1787, #1904, #603, #2963, #2819, #212, #1457, #348, #2178, #393, #568, #2271, #1160, #2609, #105, #2843, #2233, #482, #629, #2258, #1952, #1551, #2556, #1199, #1928, #291 ) ) ;
#708 = B_SPLINE_CURVE_WITH_KNOTS ( 'NONE', 3,
 ( #527, #1972, #991, #1007 ),
 .UNSPECIFIED., .F., .F.,
 ( 4, 4 ),
 ( 3.878959614448865017E-18, 0.0004674956668620599935 ),
 .UNSPECIFIED. ) ;
#709 = EDGE_CURVE ( 'NONE', #2657, #640, #268, .T. ) ;
#710 = VERTEX_POINT ( 'NONE', #506 ) ;
#711 = AXIS2_PLACEMENT_3D ( 'NONE', #832, #2220, #748 ) ;
#712 = CARTESIAN_POINT ( 'NONE',  ( 0.3349320989491941236, 0.2469490688470993012, 0.1818037549511413442 ) ) ;
#713 = EDGE_LOOP ( 'NONE', ( #589, #1688, #831, #2386 ) ) ;
#714 = AXIS2_PLACEMENT_3D ( 'NONE', #73, #2395, #183 ) ;
#715 = VERTEX_POINT ( 'NONE', #819 ) ;
#716 = DIRECTION ( 'NONE',  ( -0.6865411883505478929, 0.7270909136402528006, -4.114047914085908975E-17 ) ) ;
#717 = CARTESIAN_POINT ( 'NONE',  ( -0.1983469113745279511, 0.4195882676426078706, 0.1483362190057370966 ) ) ;
#718 = CARTESIAN_POINT ( 'NONE',  ( -0.2411181033065815937, 0.4311406902617945791, 0.1818037549511413442 ) ) ;
#719 = VECTOR ( 'NONE', #2910, 1000.000000000000000 ) ;
#720 = AXIS2_PLACEMENT_3D ( 'NONE', #2221, #172, #2923 ) ;
#721 = CARTESIAN_POINT ( 'NONE',  ( 0.9968629937488083792, 0.2980944667264704417, -0.2767014875008964592 ) ) ;
#722 = CARTESIAN_POINT ( 'NONE',  ( 0.7144162377979659251, 0.2946203190888355694, -0.1779722564619538594 ) ) ;
#723 = CARTESIAN_POINT ( 'NONE',  ( -0.1179100844623141714, 0.4530558035880121182, -0.1445047205165496396 ) ) ;
#724 = CARTESIAN_POINT ( 'NONE',  ( -0.1882301650203919707, 0.4377181170479012007, 0.1764677764243789693 ) ) ;
#725 = TOROIDAL_SURFACE ( 'NONE', #1583, 0.6139112901719272486, 0.08366883986351059121 ) ;
#726 = CARTESIAN_POINT ( 'NONE',  ( -0.6740199965822555317, -0.03495673113565929413, 0.1818037549511413442 ) ) ;
#727 = CARTESIAN_POINT ( 'NONE',  ( -0.7939123429126356823, 0.09306861859058876418, -0.1751948102280436181 ) ) ;
#728 = ORIENTED_EDGE ( 'NONE', *, *, #1648, .T. ) ;
#729 = FACE_OUTER_BOUND ( 'NONE', #1177, .T. ) ;
#730 = EDGE_CURVE ( 'NONE', #399, #2492, #2367, .T. ) ;
#731 = ORIENTED_EDGE ( 'NONE', *, *, #770, .F. ) ;
#732 = CARTESIAN_POINT ( 'NONE',  ( 0.8990996355980385157, 0.3517702126911160798, -0.04689107400912070206 ) ) ;
#733 = DIRECTION ( 'NONE',  ( -0.9991884733591107626, -0.04027896108751489318, -0.000000000000000000 ) ) ;
#734 = CARTESIAN_POINT ( 'NONE',  ( -0.1743418061473425429, 0.4432533892592079305, 0.1720013406223371011 ) ) ;
#735 = CARTESIAN_POINT ( 'NONE',  ( 0.1241200545245224746, 0.07765506954066077328, -0.04242873588306683014 ) ) ;
#736 = CARTESIAN_POINT ( 'NONE',  ( 0.05903451140431056898, 0.07633509307619289197, -0.1779722564619538594 ) ) ;
#737 = DESIGN_CONTEXT ( 'detailed design', #924, 'design' ) ;
#738 = CARTESIAN_POINT ( 'NONE',  ( 0.7483447847718928125, 0.2992506723607064045, 0.1818037549511413442 ) ) ;
#739 = CARTESIAN_POINT ( 'NONE',  ( -0.8632198574517992995, 0.1457752177690128659, -0.09863224924091210100 ) ) ;
#740 = CARTESIAN_POINT ( 'NONE',  ( 0.2833503867019352973, 0.1559800530780861560, 0.1583496823447692325 ) ) ;
#741 = CARTESIAN_POINT ( 'NONE',  ( -0.2266208868906127438, 0.5304911526487472440, -0.01732808392401363751 ) ) ;
#742 = ORIENTED_EDGE ( 'NONE', *, *, #236, .T. ) ;
#743 = EDGE_LOOP ( 'NONE', ( #641, #859, #119, #1071, #1364, #1733, #1382, #2986, #2988, #2425, #621, #1082, #2219, #2613 ) ) ;
#744 = CARTESIAN_POINT ( 'NONE',  ( 0.1129926909961855713, 0.1099728350890329387, -0.1779722564619538594 ) ) ;
#745 = B_SPLINE_CURVE_WITH_KNOTS ( 'NONE', 3,
 ( #883, #1786, #2879, #1737, #2252, #1550, #1288, #854 ),
 .UNSPECIFIED., .F., .F.,
 ( 4, 1, 1, 1, 1, 4 ),
 ( 0.000000000000000000, 0.2857142857142853654, 0.4285714285714283256, 0.7142857142857123032, 0.8571428571428584275, 1.000000000000000000 ),
 .UNSPECIFIED. ) ;
#746 = VERTEX_POINT ( 'NONE', #2417 ) ;
#747 = EDGE_CURVE ( 'NONE', #2207, #1119, #2016, .T. ) ;
#748 = DIRECTION ( 'NONE',  ( 0.7071067811865461294, 0.7071067811865490160, 0.000000000000000000 ) ) ;
#749 = DIRECTION ( 'NONE',  ( 0.7071067811865462405, 0.7071067811865487940, 0.000000000000000000 ) ) ;
#750 = CARTESIAN_POINT ( 'NONE',  ( -0.1776652642171511198, -0.3616398182706767050, -0.7128685042712329389 ) ) ;
#751 = CARTESIAN_POINT ( 'NONE',  ( 0.08441599718928084750, 0.2637740275993214478, -0.09893354251046569681 ) ) ;
#752 = CARTESIAN_POINT ( 'NONE',  ( -0.2043790730766083252, 0.4322086987112749856, 0.1793581674073010945 ) ) ;
#753 = DIRECTION ( 'NONE',  ( 1.000000000000000000, 0.000000000000000000, 0.000000000000000000 ) ) ;
#754 = CARTESIAN_POINT ( 'NONE',  ( -0.8933955610061110608, 0.1687230715874533105, -0.1009969237875241455 ) ) ;
#755 = CARTESIAN_POINT ( 'NONE',  ( 0.2468635728454097733, 0.1410413122760708349, -0.1291666144672556915 ) ) ;
#756 = EDGE_CURVE ( 'NONE', #692, #1689, #2922, .T. ) ;
#757 = ORIENTED_EDGE ( 'NONE', *, *, #2757, .T. ) ;
#758 = CARTESIAN_POINT ( 'NONE',  ( 0.6709127880557373969, 0.3861207316972036230, -0.1779722564619538594 ) ) ;
#759 = VECTOR ( 'NONE', #2127, 1000.000000000000000 ) ;
#760 = VERTEX_POINT ( 'NONE', #1809 ) ;
#761 = AXIS2_PLACEMENT_3D ( 'NONE', #304, #574, #558 ) ;
#762 = DIRECTION ( 'NONE',  ( -0.9425174262573687844, 0.3341570008262366165, 0.000000000000000000 ) ) ;
#763 = CARTESIAN_POINT ( 'NONE',  ( -0.06757915394819834221, 0.4530558035880121182, -0.05924876069017365188 ) ) ;
#764 = CARTESIAN_POINT ( 'NONE',  ( 0.0004200753748050360800, -0.006666973006990326370, -0.7128685042712329389 ) ) ;
#765 = AXIS2_PLACEMENT_3D ( 'NONE', #1725, #2649, #1910 ) ;
#766 = FACE_OUTER_BOUND ( 'NONE', #2488, .T. ) ;
#767 = CARTESIAN_POINT ( 'NONE',  ( -0.2411181033065814827, 0.4311406902617953008, 0.1797466869087246677 ) ) ;
#768 = AXIS2_PLACEMENT_3D ( 'NONE', #2918, #1113, #1993 ) ;
#769 = FACE_OUTER_BOUND ( 'NONE', #192, .T. ) ;
#770 = EDGE_CURVE ( 'NONE', #2316, #1268, #880, .T. ) ;
#771 = AXIS2_PLACEMENT_3D ( 'NONE', #211, #2290, #2092 ) ;
#772 = CARTESIAN_POINT ( 'NONE',  ( 0.2713004630827200447, 0.1872030462566385833, 0.1818037549511413442 ) ) ;
#773 = CARTESIAN_POINT ( 'NONE',  ( 0.6980864300766552732, 0.3502737820042156613, 0.1818037549511413442 ) ) ;
#774 = VECTOR ( 'NONE', #450, 1000.000000000000000 ) ;
#775 = ORIENTED_EDGE ( 'NONE', *, *, #1025, .F. ) ;
#776 = APPROVAL_PERSON_ORGANIZATION ( #2958, #1486, #2509 ) ;
#777 = EDGE_LOOP ( 'NONE', ( #2787, #1915, #2957, #1224 ) ) ;
#778 = CARTESIAN_POINT ( 'NONE',  ( 0.6855131899923166960, 0.3294145234936923794, -0.1779722564619538594 ) ) ;
#779 = EDGE_LOOP ( 'NONE', ( #2136, #2668, #1265, #1784, #544, #473 ) ) ;
#780 = CARTESIAN_POINT ( 'NONE',  ( 0.8294545398248365231, 0.3103200181826392678, 0.1818037549511413442 ) ) ;
#781 = CARTESIAN_POINT ( 'NONE',  ( -0.1152728395292713509, -0.1549206535160422837, -0.7128685042712329389 ) ) ;
#782 = CARTESIAN_POINT ( 'NONE',  ( 0.1458370674132762057, 0.09035029167959514329, -0.1183253078970324806 ) ) ;
#783 = CARTESIAN_POINT ( 'NONE',  ( 0.2005974236105246278, 0.1196095484063738057, 0.02450633600774163728 ) ) ;
#784 = DIRECTION ( 'NONE',  ( 1.000000000000000000, 0.000000000000000000, 0.000000000000000000 ) ) ;
#785 = DIRECTION ( 'NONE',  ( 0.000000000000000000, 0.000000000000000000, 1.000000000000000000 ) ) ;
#786 = ADVANCED_FACE ( 'NONE', ( #2011 ), #2725, .F. ) ;
#787 = CARTESIAN_POINT ( 'NONE',  ( -0.06750200349013528445, 0.4530558035880121182, -0.05916250385576894005 ) ) ;
#788 = VERTEX_POINT ( 'NONE', #2489 ) ;
#789 = VERTEX_POINT ( 'NONE', #2296 ) ;
#790 = CARTESIAN_POINT ( 'NONE',  ( 0.6928233790407555270, 0.3676153480658720385, -0.1779722564619538594 ) ) ;
#791 = ORIENTED_EDGE ( 'NONE', *, *, #112, .F. ) ;
#792 = DIRECTION ( 'NONE',  ( 0.000000000000000000, 0.000000000000000000, 1.000000000000000000 ) ) ;
#793 = CARTESIAN_POINT ( 'NONE',  ( 0.1161520439306340108, 0.07373323662417184676, -0.7128685042712329389 ) ) ;
#794 = EDGE_CURVE ( 'NONE', #530, #834, #1866, .T. ) ;
#795 = CYLINDRICAL_SURFACE ( 'NONE', #1236, 0.01673376797270212032 ) ;
#796 = CARTESIAN_POINT ( 'NONE',  ( 0.7483447847718928125, 0.2992506723607064045, 0.1818037549511413442 ) ) ;
#797 = CARTESIAN_POINT ( 'NONE',  ( 0.2872987927408938158, 0.2286535954682711869, 0.1818037549511413442 ) ) ;
#798 = DIRECTION ( 'NONE',  ( 1.000000000000000000, 0.000000000000000000, 0.000000000000000000 ) ) ;
#799 = CARTESIAN_POINT ( 'NONE',  ( 0.2833503867019352973, 0.1559800530780861560, -0.04242873588306683014 ) ) ;
#800 = EDGE_LOOP ( 'NONE', ( #677, #1749, #37, #154, #1980, #612, #673 ) ) ;
#801 = ORIENTED_EDGE ( 'NONE', *, *, #1512, .T. ) ;
#802 = VERTEX_POINT ( 'NONE', #2954 ) ;
#803 = CARTESIAN_POINT ( 'NONE',  ( 0.8786056577813756707, 0.3000224481298271462, 0.1733963752597325048 ) ) ;
#804 = ORIENTED_EDGE ( 'NONE', *, *, #1748, .F. ) ;
#805 = CARTESIAN_POINT ( 'NONE',  ( 0.8331523295215090830, 0.2832247569667272757, 0.1733963752597325048 ) ) ;
#806 = CARTESIAN_POINT ( 'NONE',  ( 0.4049582949185892011, 0.1956024182035790426, -0.7128685042712329389 ) ) ;
#807 = EDGE_CURVE ( 'NONE', #1845, #2953, #2247, .T. ) ;
#808 = AXIS2_PLACEMENT_3D ( 'NONE', #2217, #601, #2666 ) ;
#809 = CARTESIAN_POINT ( 'NONE',  ( 0.1050294722158335164, 0.2832378929499562159, -0.06061014043526003620 ) ) ;
#810 = DIRECTION ( 'NONE',  ( 0.000000000000000000, 0.000000000000000000, -1.000000000000000000 ) ) ;
#811 = CARTESIAN_POINT ( 'NONE',  ( -0.8957513467234483606, 0.1931846731181253440, -0.1779722564619538594 ) ) ;
#812 = VECTOR ( 'NONE', #199, 1000.000000000000000 ) ;
#813 = LINE ( 'NONE', #332, #456 ) ;
#814 = CARTESIAN_POINT ( 'NONE',  ( 0.2440052616535552388, 0.1398838685929196801, 0.01265200287549002149 ) ) ;
#815 = ORIENTED_EDGE ( 'NONE', *, *, #1626, .T. ) ;
#816 = AXIS2_PLACEMENT_3D ( 'NONE', #2837, #508, #2180 ) ;
#817 = ORIENTED_EDGE ( 'NONE', *, *, #2330, .T. ) ;
#818 = AXIS2_PLACEMENT_3D ( 'NONE', #1523, #2171, #2435 ) ;
#819 = CARTESIAN_POINT ( 'NONE',  ( -0.1354052581787878462, 0.4521387294152715564, -0.1009969237875241455 ) ) ;
#820 = CARTESIAN_POINT ( 'NONE',  ( -0.3520100551799844046, -0.2606284510462981707, -0.04242873588306683014 ) ) ;
#821 = ORIENTED_EDGE ( 'NONE', *, *, #2614, .T. ) ;
#822 = FACE_OUTER_BOUND ( 'NONE', #879, .T. ) ;
#823 = EDGE_CURVE ( 'NONE', #2207, #710, #642, .T. ) ;
#824 = CARTESIAN_POINT ( 'NONE',  ( 0.8492762969599704226, 0.2792474005274988569, -0.1445047205165496673 ) ) ;
#825 = CARTESIAN_POINT ( 'NONE',  ( 0.07333438556238976169, 0.2533104353958728350, 0.02450633600774163728 ) ) ;
#826 = CARTESIAN_POINT ( 'NONE',  ( 0.8339800279080024081, 0.2771598625758562862, 0.05072257249830816606 ) ) ;
#827 = EDGE_LOOP ( 'NONE', ( #2919, #1407, #501, #202 ) ) ;
#828 = CARTESIAN_POINT ( 'NONE',  ( -0.1281894354788200852, -0.1842859722828289193, -0.2767014875008964592 ) ) ;
#829 = CARTESIAN_POINT ( 'NONE',  ( 0.6980864300766552732, 0.3502737820042156613, -0.1779722564619538594 ) ) ;
#830 = ORIENTED_EDGE ( 'NONE', *, *, #1608, .T. ) ;
#831 = ORIENTED_EDGE ( 'NONE', *, *, #188, .T. ) ;
#832 = CARTESIAN_POINT ( 'NONE',  ( 0.8237976797208795832, 0.3777538477108520754, -0.1445047205165496673 ) ) ;
#833 = CARTESIAN_POINT ( 'NONE',  ( 0.1808702848044198841, 0.1426429232739766517, -0.05916250385576894005 ) ) ;
#834 = VERTEX_POINT ( 'NONE', #413 ) ;
#835 = DIRECTION ( 'NONE',  ( 0.000000000000000000, 0.000000000000000000, -1.000000000000000000 ) ) ;
#836 = B_SPLINE_CURVE_WITH_KNOTS ( 'NONE', 3,
 ( #1764, #2683, #2042, #155, #865, #1782, #627 ),
 .UNSPECIFIED., .F., .F.,
 ( 4, 3, 4 ),
 ( 2.710505431213761687E-20, 3.172429016962228111E-05, 5.385736751898439849E-05 ),
 .UNSPECIFIED. ) ;
#837 = CARTESIAN_POINT ( 'NONE',  ( 0.2872988093403932019, 0.2286535490939696769, 0.1818037549511413442 ) ) ;
#838 = EDGE_CURVE ( 'NONE', #1658, #2428, #2305, .T. ) ;
#839 = CARTESIAN_POINT ( 'NONE',  ( 0.09630415504810795058, 0.2749991851010645250, -0.02961142655573853824 ) ) ;
#840 = CARTESIAN_POINT ( 'NONE',  ( 0.8339800279080024081, 0.2771598625758562862, 0.1483362190057370966 ) ) ;
#841 = CARTESIAN_POINT ( 'NONE',  ( -0.4724761652713498350, 0.3127335320770966987, 0.01446607522412034913 ) ) ;
#842 = EDGE_LOOP ( 'NONE', ( #447, #1324, #261, #1838, #2682 ) ) ;
#843 = ORIENTED_EDGE ( 'NONE', *, *, #1015, .T. ) ;
#844 = CARTESIAN_POINT ( 'NONE',  ( 0.3445778867744500595, 0.1784918501017312420, 0.2253115516801670049 ) ) ;
#845 = LINE ( 'NONE', #2459, #2307 ) ;
#846 = ORIENTED_EDGE ( 'NONE', *, *, #585, .F. ) ;
#847 = ORIENTED_EDGE ( 'NONE', *, *, #2750, .T. ) ;
#848 = DIRECTION ( 'NONE',  ( 1.000000000000000000, 0.000000000000000000, 0.000000000000000000 ) ) ;
#849 = FACE_OUTER_BOUND ( 'NONE', #2060, .T. ) ;
#850 = B_SPLINE_CURVE_WITH_KNOTS ( 'NONE', 3,
 ( #2800, #1888, #1691, #1703 ),
 .UNSPECIFIED., .F., .F.,
 ( 4, 4 ),
 ( 0.000000000000000000, 1.000000000000000000 ),
 .UNSPECIFIED. ) ;
#851 = EDGE_CURVE ( 'NONE', #562, #2943, #1363, .T. ) ;
#852 = ORIENTED_EDGE ( 'NONE', *, *, #2471, .F. ) ;
#853 = PERSON_AND_ORGANIZATION ( #1056, #1385 ) ;
#854 = CARTESIAN_POINT ( 'NONE',  ( 0.2833503867019352973, 0.1559800530780861560, 0.1483362190057370966 ) ) ;
#855 = CARTESIAN_POINT ( 'NONE',  ( 0.8786070623198732887, 0.3000236100274535911, -0.1695650586920719738 ) ) ;
#856 = CYLINDRICAL_SURFACE ( 'NONE', #1681, 0.03346753594540423371 ) ;
#857 = B_SPLINE_SURFACE_WITH_KNOTS ( 'NONE', 3, 3, ( 
 ( #513, #1021, #2172, #2183 ),
 ( #1217, #1709, #89, #2411 ),
 ( #554, #2852, #1925, #1273 ),
 ( #1433, #1243, #1477, #1684 ),
 ( #797, #2631, #2619, #2371 ) ),
 .UNSPECIFIED., .F., .F., .F.,
 ( 4, 1, 4 ),
 ( 4, 4 ),
 ( 0.000000000000000000, 0.5000000000000000000, 1.000000000000000000 ),
 ( -1.110223024625159992E-16, 1.074999999999999956 ),
 .UNSPECIFIED. ) ;
#858 = CARTESIAN_POINT ( 'NONE',  ( -0.7532514398440518510, 0.06214703765498071075, -0.1374449328173891760 ) ) ;
#859 = ORIENTED_EDGE ( 'NONE', *, *, #24, .F. ) ;
#860 = CARTESIAN_POINT ( 'NONE',  ( 0.1450092235836532573, 0.09038701563158681174, 0.2253115516801670049 ) ) ;
#861 = AXIS2_PLACEMENT_3D ( 'NONE', #655, #1117, #171 ) ;
#862 = CARTESIAN_POINT ( 'NONE',  ( 0.3505872816391881197, 0.2513073572926846633, -0.1779722564619538039 ) ) ;
#863 = AXIS2_PLACEMENT_3D ( 'NONE', #1667, #2591, #60 ) ;
#864 = VERTEX_POINT ( 'NONE', #1362 ) ;
#865 = CARTESIAN_POINT ( 'NONE',  ( -0.2021033409504262301, 0.4328469640625193238, -0.1752640029089722051 ) ) ;
#866 = VECTOR ( 'NONE', #1257, 1000.000000000000000 ) ;
#867 = CARTESIAN_POINT ( 'NONE',  ( 0.8237976797208795832, 0.3777538477108520754, 0.1818037549511413442 ) ) ;
#868 = AXIS2_PLACEMENT_3D ( 'NONE', #2618, #1739, #1475 ) ;
#869 = ORIENTED_EDGE ( 'NONE', *, *, #920, .F. ) ;
#870 = DIRECTION ( 'NONE',  ( 0.000000000000000000, -1.000000000000000000, 0.000000000000000000 ) ) ;
#871 = B_SPLINE_CURVE_WITH_KNOTS ( 'NONE', 3,
 ( #2738, #624, #2218, #672, #1347 ),
 .UNSPECIFIED., .F., .F.,
 ( 4, 1, 4 ),
 ( 0.000000000000000000, 0.5714285714285722850, 1.000000000000000000 ),
 .UNSPECIFIED. ) ;
#872 = DIRECTION ( 'NONE',  ( 0.000000000000000000, 0.000000000000000000, -1.000000000000000000 ) ) ;
#873 = DIRECTION ( 'NONE',  ( 0.000000000000000000, 0.000000000000000000, 1.000000000000000000 ) ) ;
#874 = DIRECTION ( 'NONE',  ( 0.000000000000000000, 0.000000000000000000, -1.000000000000000000 ) ) ;
#875 = ORIENTED_EDGE ( 'NONE', *, *, #626, .F. ) ;
#876 = FACE_OUTER_BOUND ( 'NONE', #250, .T. ) ;
#877 = CARTESIAN_POINT ( 'NONE',  ( 0.3505872816391883418, 0.2513073572926847743, 0.1818037549511412332 ) ) ;
#878 = EDGE_CURVE ( 'NONE', #1114, #715, #2632, .T. ) ;
#879 = EDGE_LOOP ( 'NONE', ( #1903, #1717, #995, #84 ) ) ;
#880 = LINE ( 'NONE', #2281, #2870 ) ;
#881 = DIRECTION ( 'NONE',  ( 0.000000000000000000, 1.000000000000000000, 0.000000000000000000 ) ) ;
#882 = ORIENTED_EDGE ( 'NONE', *, *, #2013, .T. ) ;
#883 = CARTESIAN_POINT ( 'NONE',  ( -0.1637676338720850944, -0.3005418175586897500, 0.1483362190057370966 ) ) ;
#884 = CARTESIAN_POINT ( 'NONE',  ( 0.2790988352929213989, 0.1543285111230150719, -0.03291046586245406635 ) ) ;
#885 = CARTESIAN_POINT ( 'NONE',  ( -0.8668982878599128528, 0.1485725703853242874, -0.01836403798328424194 ) ) ;
#886 = B_SPLINE_CURVE_WITH_KNOTS ( 'NONE', 3,
 ( #244, #1404, #1852, #1607, #963, #1655, #454, #2532, #230, #2565 ),
 .UNSPECIFIED., .F., .F.,
 ( 4, 3, 3, 4 ),
 ( 0.0001987836967496642683, 0.0002277854630023190899, 0.0002567381646440608707, 0.0002660685859899923709 ),
 .UNSPECIFIED. ) ;
#887 = DIRECTION ( 'NONE',  ( -0.9827011902889208894, 0.1851981927685528162, 0.000000000000000000 ) ) ;
#888 = ORIENTED_EDGE ( 'NONE', *, *, #2280, .F. ) ;
#889 = CARTESIAN_POINT ( 'NONE',  ( -0.7573138981733913422, 0.06523643372216468561, -0.1440863763172978984 ) ) ;
#890 = CARTESIAN_POINT ( 'NONE',  ( -0.06757915394819773158, 0.4530558035880121182, -0.05907624702136353434 ) ) ;
#891 = ORIENTED_EDGE ( 'NONE', *, *, #911, .F. ) ;
#892 = DATE_AND_TIME ( #1563, #231 ) ;
#893 = CARTESIAN_POINT ( 'NONE',  ( -0.1818946209126822144, 0.4403398498623999902, 0.1818037549511413442 ) ) ;
#894 = EDGE_CURVE ( 'NONE', #1057, #1067, #2025, .T. ) ;
#895 = CARTESIAN_POINT ( 'NONE',  ( 0.05480031982011721037, 0.2358100110597171062, -0.02634388044053078901 ) ) ;
#896 = CARTESIAN_POINT ( 'NONE',  ( 0.8237976797208795832, 0.3777538477108520754, -0.1445047205165496673 ) ) ;
#897 = FACE_OUTER_BOUND ( 'NONE', #743, .T. ) ;
#898 = EDGE_CURVE ( 'NONE', #2768, #2568, #836, .T. ) ;
#899 = CARTESIAN_POINT ( 'NONE',  ( 0.1355380219629184479, 0.08442566490547970259, -0.1047508135627946146 ) ) ;
#900 = CARTESIAN_POINT ( 'NONE',  ( -0.1983469113745279511, 0.4195882676426078706, 0.1483362190057370966 ) ) ;
#901 = ADVANCED_FACE ( 'NONE', ( #1547 ), #2475, .T. ) ;
#902 = CIRCLE ( 'NONE', #1715, 0.04183441993175531642 ) ;
#903 = ORIENTED_EDGE ( 'NONE', *, *, #2239, .T. ) ;
#904 = CARTESIAN_POINT ( 'NONE',  ( -0.1347564132089692501, 0.4522069400519546090, -0.1009969237875242426 ) ) ;
#905 = CIRCLE ( 'NONE', #2637, 0.1087694918225636798 ) ;
#906 = VERTEX_POINT ( 'NONE', #1175 ) ;
#907 = AXIS2_PLACEMENT_3D ( 'NONE', #1049, #2840, #288 ) ;
#908 = SHAPE_DEFINITION_REPRESENTATION ( #1284, #2323 ) ;
#909 = DIRECTION ( 'NONE',  ( 0.000000000000000000, 0.000000000000000000, 1.000000000000000000 ) ) ;
#910 = ORIENTED_EDGE ( 'NONE', *, *, #425, .F. ) ;
#911 = EDGE_CURVE ( 'NONE', #2834, #1658, #2782, .T. ) ;
#912 = CARTESIAN_POINT ( 'NONE',  ( 0.04988072248362257488, 0.2311647787534936715, -0.03308155775005362786 ) ) ;
#913 = DIRECTION ( 'NONE',  ( 1.000000000000000000, 0.000000000000000000, 0.000000000000000000 ) ) ;
#914 = CIRCLE ( 'NONE', #1726, 0.04183441993175529561 ) ;
#915 = FACE_OUTER_BOUND ( 'NONE', #140, .T. ) ;
#916 =( BOUNDED_CURVE ( )  B_SPLINE_CURVE ( 3, ( #2354, #990, #1216, #256 ),
 .UNSPECIFIED., .F., .F. ) 
 B_SPLINE_CURVE_WITH_KNOTS ( ( 4, 4 ),
 ( 5.284864454369699871, 5.381196804036179948 ),
 .UNSPECIFIED. ) 
 CURVE ( )  GEOMETRIC_REPRESENTATION_ITEM ( )  RATIONAL_B_SPLINE_CURVE ( ( 1.000000000000000000, 0.9992268226976680490, 0.9992268226976680490, 1.000000000000000000 ) ) 
 REPRESENTATION_ITEM ( '' )  );
#917 = CARTESIAN_POINT ( 'NONE',  ( 1.094626351899583794, 0.3104708095919463395, 0.2253115516801670049 ) ) ;
#918 = CARTESIAN_POINT ( 'NONE',  ( -0.1179100844623151428, 0.4530558035880121182, -0.02003174087652125762 ) ) ;
#919 = ORIENTED_EDGE ( 'NONE', *, *, #2956, .T. ) ;
#920 = EDGE_CURVE ( 'NONE', #2399, #1732, #260, .T. ) ;
#921 = ORIENTED_EDGE ( 'NONE', *, *, #1039, .T. ) ;
#922 = DIRECTION ( 'NONE',  ( -0.02106142098102782231, -0.9997781836718883097, 0.000000000000000000 ) ) ;
#923 = ORIENTED_EDGE ( 'NONE', *, *, #2856, .F. ) ;
#924 = APPLICATION_CONTEXT ( 'configuration controlled 3d designs of mechanical parts and assemblies' ) ;
#925 = CARTESIAN_POINT ( 'NONE',  ( 0.2510531349728649109, 0.2378741302350128872, 0.1818037549511413442 ) ) ;
#926 = ORIENTED_EDGE ( 'NONE', *, *, #920, .T. ) ;
#927 = CARTESIAN_POINT ( 'NONE',  ( 0.8990996355980387378, 0.3517702126911158578, 0.1570979644066197722 ) ) ;
#928 = CARTESIAN_POINT ( 'NONE',  ( -0.07666465479941789174, 0.4530558035880121182, -0.06940657746230448344 ) ) ;
#929 = DIRECTION ( 'NONE',  ( -0.1081789622010460306, 0.9941314360471178446, 0.000000000000000000 ) ) ;
#930 = EDGE_CURVE ( 'NONE', #94, #2199, #2566, .T. ) ;
#931 = DIRECTION ( 'NONE',  ( 0.000000000000000000, -1.000000000000000000, 0.000000000000000000 ) ) ;
#932 = DIRECTION ( 'NONE',  ( 0.000000000000000000, 0.000000000000000000, -1.000000000000000000 ) ) ;
#933 = EDGE_CURVE ( 'NONE', #2053, #622, #1728, .T. ) ;
#934 = CYLINDRICAL_SURFACE ( 'NONE', #1569, 0.1924273525417139197 ) ;
#935 = DIRECTION ( 'NONE',  ( -0.7461030125742510455, 0.6658305299606102068, 0.000000000000000000 ) ) ;
#936 = ORIENTED_EDGE ( 'NONE', *, *, #616, .F. ) ;
#937 = DIRECTION ( 'NONE',  ( 0.000000000000000000, 0.000000000000000000, -1.000000000000000000 ) ) ;
#938 = ORIENTED_EDGE ( 'NONE', *, *, #994, .F. ) ;
#939 = CARTESIAN_POINT ( 'NONE',  ( 0.1770723823609504366, 0.1465887249125486236, -0.1779722564619538594 ) ) ;
#940 = CARTESIAN_POINT ( 'NONE',  ( -0.08589305078659031922, 0.4530558035880121182, -0.07964875127326358217 ) ) ;
#941 = CARTESIAN_POINT ( 'NONE',  ( -0.1637676338720850944, -0.3005418175586897500, -0.04242873588306683014 ) ) ;
#942 = DIRECTION ( 'NONE',  ( 0.000000000000000000, 0.000000000000000000, -1.000000000000000000 ) ) ;
#943 = CARTESIAN_POINT ( 'NONE',  ( 0.1738503617609424012, 0.1082118426029351765, -0.1445047205165496673 ) ) ;
#944 = CARTESIAN_POINT ( 'NONE',  ( -0.1282196073095985822, 0.4528207594020581817, -0.01753953609162108712 ) ) ;
#945 = DIRECTION ( 'NONE',  ( 0.000000000000000000, 0.000000000000000000, -1.000000000000000000 ) ) ;
#946 = CARTESIAN_POINT ( 'NONE',  ( -0.02491263975982639309, -0.02109822232351278928, 0.1483362190057370966 ) ) ;
#947 = EDGE_CURVE ( 'NONE', #2596, #399, #2775, .T. ) ;
#948 = CARTESIAN_POINT ( 'NONE',  ( 0.2615829840750586999, 0.1472741288719701114, -0.1163419806678499396 ) ) ;
#949 = ORIENTED_EDGE ( 'NONE', *, *, #2699, .T. ) ;
#950 = DIRECTION ( 'NONE',  ( 0.1443908353418379975, 0.9895207358460389457, 0.000000000000000000 ) ) ;
#951 = VECTOR ( 'NONE', #2198, 1000.000000000000000 ) ;
#952 = ORIENTED_EDGE ( 'NONE', *, *, #546, .F. ) ;
#953 = CARTESIAN_POINT ( 'NONE',  ( 0.05232904924169096833, 0.2334765627827277146, -0.02972843054962934217 ) ) ;
#954 = DIRECTION ( 'NONE',  ( 0.000000000000000000, 0.000000000000000000, -1.000000000000000000 ) ) ;
#955 = CARTESIAN_POINT ( 'NONE',  ( 0.1790382942216132423, 0.3861207316972036230, -0.1779722564619538594 ) ) ;
#956 = VECTOR ( 'NONE', #2135, 1000.000000000000000 ) ;
#957 = CIRCLE ( 'NONE', #2982, 0.07530195587715951544 ) ;
#958 = CARTESIAN_POINT ( 'NONE',  ( 0.1910160127035561706, 0.1147953660949505156, 0.02450454677851057056 ) ) ;
#959 = DIRECTION ( 'NONE',  ( 0.000000000000000000, 1.000000000000000000, 0.000000000000000000 ) ) ;
#960 = CARTESIAN_POINT ( 'NONE',  ( 0.1179584081274554913, 0.2954457845056787102, 3.001857307581459570E-07 ) ) ;
#961 = CARTESIAN_POINT ( 'NONE',  ( -0.1033225916028851221, 0.4530558035880121182, -0.02621145101684299247 ) ) ;
#962 = VECTOR ( 'NONE', #22, 1000.000000000000000 ) ;
#963 = CARTESIAN_POINT ( 'NONE',  ( 0.1744599052422267371, 0.1061743723404691142, -0.1387433016750896919 ) ) ;
#964 = CARTESIAN_POINT ( 'NONE',  ( -0.3472648679144423323, -0.2962906898100994280, -0.04242873588306683014 ) ) ;
#965 = ORIENTED_EDGE ( 'NONE', *, *, #174, .T. ) ;
#966 = EDGE_CURVE ( 'NONE', #416, #1624, #1718, .T. ) ;
#967 = ORIENTED_EDGE ( 'NONE', *, *, #838, .F. ) ;
#968 = FACE_OUTER_BOUND ( 'NONE', #2191, .T. ) ;
#969 = ORIENTED_EDGE ( 'NONE', *, *, #616, .T. ) ;
#970 = CARTESIAN_POINT ( 'NONE',  ( -0.4724761652713498350, 0.3127335320770966987, 0.01446607522412034913 ) ) ;
#971 = CARTESIAN_POINT ( 'NONE',  ( -0.06750200349013528445, 0.4530558035880121182, -0.05916250385576894005 ) ) ;
#972 = CARTESIAN_POINT ( 'NONE',  ( 0.1161520439306340108, 0.07373323662417184676, 0.5195762160419933329 ) ) ;
#973 = EDGE_CURVE ( 'NONE', #789, #1503, #1468, .T. ) ;
#974 = CARTESIAN_POINT ( 'NONE',  ( 0.04339874432264777954, 0.2250442993113591916, -0.06379494782805660014 ) ) ;
#975 = CARTESIAN_POINT ( 'NONE',  ( 0.07744670342228124338, 0.04838751451649627583, -0.1545181838555813869 ) ) ;
#976 = DIRECTION ( 'NONE',  ( 0.000000000000000000, 0.000000000000000000, 1.000000000000000000 ) ) ;
#977 = CARTESIAN_POINT ( 'NONE',  ( 0.2872988176401425342, 0.2286535259068187276, -0.1779722564619538594 ) ) ;
#978 = EDGE_CURVE ( 'NONE', #2943, #1377, #2315, .T. ) ;
#979 = CARTESIAN_POINT ( 'NONE',  ( -0.1247042409801673024, -0.1428258541979214591, 0.1756853242306007090 ) ) ;
#980 = DIRECTION ( 'NONE',  ( 0.6865411883505488921, -0.7270909136402518014, -5.348262288311679140E-16 ) ) ;
#981 = ORIENTED_EDGE ( 'NONE', *, *, #2718, .F. ) ;
#982 = VERTEX_POINT ( 'NONE', #2373 ) ;
#983 = CYLINDRICAL_SURFACE ( 'NONE', #1430, 0.08366883986351057734 ) ;
#984 = ORIENTED_EDGE ( 'NONE', *, *, #2795, .F. ) ;
#985 = DIRECTION ( 'NONE',  ( 0.000000000000000000, 0.000000000000000000, 1.000000000000000000 ) ) ;
#986 = PLANE ( 'NONE',  #2314 ) ;
#987 = EDGE_CURVE ( 'NONE', #2207, #2552, #1145, .T. ) ;
#988 = CARTESIAN_POINT ( 'NONE',  ( -0.8742750638874766667, 0.1541824206288234245, -0.1009969237875242010 ) ) ;
#989 = CARTESIAN_POINT ( 'NONE',  ( 0.8656320996526344347, 0.3517702126911160798, -0.1779722564619538594 ) ) ;
#990 = CARTESIAN_POINT ( 'NONE',  ( -0.1860463887546273398, 0.4386217928487682882, -0.1720538890564976553 ) ) ;
#991 = CARTESIAN_POINT ( 'NONE',  ( -0.1768606610208851571, 0.4423510940376938483, -0.1690721373546633655 ) ) ;
#992 = CARTESIAN_POINT ( 'NONE',  ( 0.1821774127161922552, 0.1413402739172716915, 0.1818037549511413442 ) ) ;
#993 = CARTESIAN_POINT ( 'NONE',  ( 0.6871814061745177282, 0.3277816204170730385, 0.06187841781344313730 ) ) ;
#994 = EDGE_CURVE ( 'NONE', #1119, #428, #486, .T. ) ;
#995 = ORIENTED_EDGE ( 'NONE', *, *, #2471, .T. ) ;
#996 = ORIENTED_EDGE ( 'NONE', *, *, #747, .T. ) ;
#997 = CARTESIAN_POINT ( 'NONE',  ( 0.6614275990345349632, 0.3861207316972036230, -0.1779722564619538594 ) ) ;
#998 = AXIS2_PLACEMENT_3D ( 'NONE', #2311, #2097, #2781 ) ;
#999 = ORIENTED_EDGE ( 'NONE', *, *, #1934, .F. ) ;
#1000 = DIRECTION ( 'NONE',  ( 0.7644742410109679476, 0.6446542754304080969, 0.000000000000000000 ) ) ;
#1001 = CARTESIAN_POINT ( 'NONE',  ( -0.1776652642171511198, -0.3616398182706767050, 0.5195762160419933329 ) ) ;
#1002 = VECTOR ( 'NONE', #932, 1000.000000000000000 ) ;
#1003 = EDGE_CURVE ( 'NONE', #2492, #2053, #2346, .T. ) ;
#1004 = CARTESIAN_POINT ( 'NONE',  ( 0.04339874432264777954, 0.2250442993113591916, -0.05916250385576894005 ) ) ;
#1005 = CARTESIAN_POINT ( 'NONE',  ( 0.3093439841955551439, 0.1708471054361471175, -0.1545181838555813869 ) ) ;
#1006 = AXIS2_PLACEMENT_3D ( 'NONE', #267, #2049, #929 ) ;
#1007 = CARTESIAN_POINT ( 'NONE',  ( -0.1743418061473425151, 0.4432533892592078195, -0.1681698421331496440 ) ) ;
#1008 = AXIS2_PLACEMENT_3D ( 'NONE', #148, #1066, #313 ) ;
#1009 = CARTESIAN_POINT ( 'NONE',  ( 0.06245932928209885215, 0.1786526408859385184, -0.1183253078972686528 ) ) ;
#1010 = CARTESIAN_POINT ( 'NONE',  ( 0.6739655271044254770, 0.3208179357712683810, 0.06187841781344278341 ) ) ;
#1011 = CIRCLE ( 'NONE', #2695, 0.07530195587715944605 ) ;
#1012 = ORIENTED_EDGE ( 'NONE', *, *, #201, .T. ) ;
#1013 = ORIENTED_EDGE ( 'NONE', *, *, #1813, .T. ) ;
#1014 = CARTESIAN_POINT ( 'NONE',  ( -0.06750200349013528445, 0.4195882676426078706, -0.01732808392401363751 ) ) ;
#1015 = EDGE_CURVE ( 'NONE', #802, #2199, #1914, .T. ) ;
#1016 = ORIENTED_EDGE ( 'NONE', *, *, #730, .F. ) ;
#1017 = CARTESIAN_POINT ( 'NONE',  ( -0.1179100844623141714, 0.2857181238609909357, -0.01732808392401363751 ) ) ;
#1018 = CARTESIAN_POINT ( 'NONE',  ( 0.2660045239186142330, 0.1503990458103777739, 0.5195762160419933329 ) ) ;
#1019 = CARTESIAN_POINT ( 'NONE',  ( 0.1006020781808977665, 0.2790574138585273922, -0.08129234263134096916 ) ) ;
#1020 = DIRECTION ( 'NONE',  ( 0.7071067811865471286, 0.000000000000000000, 0.7071067811865479058 ) ) ;
#1021 = CARTESIAN_POINT ( 'NONE',  ( 0.2510531349728649109, 0.2378741302350128872, 0.06187841781344313730 ) ) ;
#1022 = B_SPLINE_CURVE_WITH_KNOTS ( 'NONE', 3,
 ( #227, #10, #1591, #452 ),
 .UNSPECIFIED., .F., .F.,
 ( 4, 4 ),
 ( 0.000000000000000000, 1.000000000000000000 ),
 .UNSPECIFIED. ) ;
#1023 = CARTESIAN_POINT ( 'NONE',  ( -0.1596077814216923796, -0.2606281325670782301, 0.1674087657510476834 ) ) ;
#1024 = CARTESIAN_POINT ( 'NONE',  ( 0.6898159213059537054, 0.3775248143868210615, -0.1779722564619538594 ) ) ;
#1025 = EDGE_CURVE ( 'NONE', #2678, #1712, #2581, .T. ) ;
#1026 = ORIENTED_EDGE ( 'NONE', *, *, #911, .T. ) ;
#1027 = ORIENTED_EDGE ( 'NONE', *, *, #2144, .T. ) ;
#1028 = EDGE_CURVE ( 'NONE', #412, #2465, #1050, .T. ) ;
#1029 = DIRECTION ( 'NONE',  ( 1.000000000000000000, 0.000000000000000000, 0.000000000000000000 ) ) ;
#1030 = EDGE_LOOP ( 'NONE', ( #373, #2901, #2262, #1900, #1979, #108, #1837 ) ) ;
#1031 =( LENGTH_UNIT ( ) NAMED_UNIT ( * ) SI_UNIT ( .MILLI., .METRE. ) );
#1032 = DIRECTION ( 'NONE',  ( -1.000000000000000000, 0.000000000000000000, 0.000000000000000000 ) ) ;
#1033 = CARTESIAN_POINT ( 'NONE',  ( 0.8413493621913723519, 0.3018370644021587945, -0.1779722564619538594 ) ) ;
#1034 = CARTESIAN_POINT ( 'NONE',  ( 0.2833503867019352973, 0.1559800530780861560, 0.1558463165100109071 ) ) ;
#1035 = DIRECTION ( 'NONE',  ( 1.000000000000000000, 0.000000000000000000, 0.000000000000000000 ) ) ;
#1036 = CARTESIAN_POINT ( 'NONE',  ( 0.8990996355980385157, 0.3517702126911160798, 0.1483362190057370966 ) ) ;
#1037 = CARTESIAN_POINT ( 'NONE',  ( 0.2833503867019352973, 0.1559800530780861560, -0.05916250385576894005 ) ) ;
#1038 = VERTEX_POINT ( 'NONE', #347 ) ;
#1039 = EDGE_CURVE ( 'NONE', #2204, #2678, #2308, .T. ) ;
#1040 = VERTEX_POINT ( 'NONE', #1687 ) ;
#1041 = CARTESIAN_POINT ( 'NONE',  ( 0.8990996355980385157, 0.3517702126911160798, 0.05072257249830816606 ) ) ;
#1042 = CARTESIAN_POINT ( 'NONE',  ( 0.8648926865718196133, 0.3129821582168106353, 0.1818037549511413442 ) ) ;
#1043 = VERTEX_POINT ( 'NONE', #333 ) ;
#1044 = DIRECTION ( 'NONE',  ( 1.000000000000000000, 0.000000000000000000, 0.000000000000000000 ) ) ;
#1045 = DIRECTION ( 'NONE',  ( 0.000000000000000000, 0.000000000000000000, 1.000000000000000000 ) ) ;
#1046 = AXIS2_PLACEMENT_3D ( 'NONE', #1065, #1988, #2421 ) ;
#1047 = CARTESIAN_POINT ( 'NONE',  ( -0.4695070359349828859, 0.4300753065557366694, 0.1818037549511409001 ) ) ;
#1048 = CARTESIAN_POINT ( 'NONE',  ( 0.5661820065362273002, 0.2367683505556108792, 0.1558463165100112680 ) ) ;
#1049 = CARTESIAN_POINT ( 'NONE',  ( -0.1179100844623141714, 0.2857181238609909357, -0.1009969237875241455 ) ) ;
#1050 = CIRCLE ( 'NONE', #2731, 0.03346753594540423371 ) ;
#1051 = ORIENTED_EDGE ( 'NONE', *, *, #431, .T. ) ;
#1052 = AXIS2_PLACEMENT_3D ( 'NONE', #1697, #1955, #784 ) ;
#1053 = CARTESIAN_POINT ( 'NONE',  ( 0.1869663326887527066, 0.1133853296775638453, 0.2253115516801670049 ) ) ;
#1054 = CARTESIAN_POINT ( 'NONE',  ( 0.6898159213059537054, 0.3775248143868210615, 0.06187841781344313730 ) ) ;
#1055 = CIRCLE ( 'NONE', #420, 0.03346753594540423371 ) ;
#1056 = PERSON ( '未', '未', '未', ('未'), ('未'), ('未') ) ;
#1057 = VERTEX_POINT ( 'NONE', #588 ) ;
#1058 = VECTOR ( 'NONE', #2527, 1000.000000000000000 ) ;
#1059 = CARTESIAN_POINT ( 'NONE',  ( 0.8339800279080024081, 0.2771598625758562862, -0.04689107400912070206 ) ) ;
#1060 = DIRECTION ( 'NONE',  ( 1.000000000000000000, 0.000000000000000000, 0.000000000000000000 ) ) ;
#1061 = EDGE_CURVE ( 'NONE', #1038, #622, #1800, .T. ) ;
#1062 =( GEOMETRIC_REPRESENTATION_CONTEXT ( 3 ) GLOBAL_UNCERTAINTY_ASSIGNED_CONTEXT ( ( #701 ) ) GLOBAL_UNIT_ASSIGNED_CONTEXT ( ( #1031, #2658, #1469 ) ) REPRESENTATION_CONTEXT ( 'NONE', 'WORKASPACE' ) );
#1063 = ORIENTED_EDGE ( 'NONE', *, *, #1286, .F. ) ;
#1064 = DIRECTION ( 'NONE',  ( -1.000000000000000000, 0.000000000000000000, 0.000000000000000000 ) ) ;
#1065 = CARTESIAN_POINT ( 'NONE',  ( -0.1415013251617036616, 0.4335340537829951990, -0.05916250385576894005 ) ) ;
#1066 = DIRECTION ( 'NONE',  ( 0.000000000000000000, 0.000000000000000000, -1.000000000000000000 ) ) ;
#1067 = VERTEX_POINT ( 'NONE', #1247 ) ;
#1068 = CARTESIAN_POINT ( 'NONE',  ( -0.1449736633348308601, -0.2303730514718188571, -0.2767014875008964592 ) ) ;
#1069 = CARTESIAN_POINT ( 'NONE',  ( 0.2872988176401425342, 0.2286535259068187276, -0.1779722564619538594 ) ) ;
#1070 = ADVANCED_FACE ( 'NONE', ( #1511 ), #2635, .F. ) ;
#1071 = ORIENTED_EDGE ( 'NONE', *, *, #933, .F. ) ;
#1072 = B_SPLINE_SURFACE_WITH_KNOTS ( 'NONE', 3, 3, ( 
 ( #537, #552, #1474, #2805, #989 ),
 ( #1258, #1033, #1908, #2353, #1682 ),
 ( #2196, #2468, #855, #341, #2212 ),
 ( #2434, #2452, #390, #1522, #2882 ),
 ( #1316, #824, #1755, #1552, #582 ) ),
 .UNSPECIFIED., .F., .F., .F.,
 ( 4, 1, 4 ),
 ( 4, 1, 4 ),
 ( 0.000000000000000000, 0.5714285714285709528, 1.000000000000000000 ),
 ( 0.000000000000000000, 0.07688076634959510602, 0.1793884548157220205 ),
 .UNSPECIFIED. ) ;
#1073 = ORIENTED_EDGE ( 'NONE', *, *, #328, .F. ) ;
#1074 = CARTESIAN_POINT ( 'NONE',  ( 0.8990996355980385157, 0.3363315841913100956, 0.05072257249830842973 ) ) ;
#1075 = DIRECTION ( 'NONE',  ( 0.000000000000000000, 0.000000000000000000, -1.000000000000000000 ) ) ;
#1076 = ORIENTED_EDGE ( 'NONE', *, *, #546, .T. ) ;
#1077 = PERSON_AND_ORGANIZATION ( #1056, #1385 ) ;
#1078 = DIRECTION ( 'NONE',  ( 0.000000000000000000, 0.000000000000000000, 1.000000000000000000 ) ) ;
#1079 = CARTESIAN_POINT ( 'NONE',  ( 0.08469118980241657768, 0.2640338727715044187, -0.01953488698974461743 ) ) ;
#1080 = DIRECTION ( 'NONE',  ( 0.02106142098102779109, 0.9997781836718883097, 0.000000000000000000 ) ) ;
#1081 = CARTESIAN_POINT ( 'NONE',  ( -0.1818946209126822144, 0.4403398498623999902, 0.1745935569826182199 ) ) ;
#1082 = ORIENTED_EDGE ( 'NONE', *, *, #1223, .T. ) ;
#1083 = ORIENTED_EDGE ( 'NONE', *, *, #2000, .T. ) ;
#1084 = CARTESIAN_POINT ( 'NONE',  ( 0.8749787099478886221, 0.2826645376122605136, 0.2253115516801670049 ) ) ;
#1085 = DIRECTION ( 'NONE',  ( -0.7959801973409622589, 0.6053226622562901671, 0.000000000000000000 ) ) ;
#1086 = ORIENTED_EDGE ( 'NONE', *, *, #1360, .T. ) ;
#1087 = DIRECTION ( 'NONE',  ( -1.000000000000000000, 9.804242517109339788E-17, 0.000000000000000000 ) ) ;
#1088 = DIRECTION ( 'NONE',  ( 0.7071067811865467956, 0.7071067811865482389, 0.000000000000000000 ) ) ;
#1089 = VERTEX_POINT ( 'NONE', #787 ) ;
#1090 = CALENDAR_DATE ( 2026, 29, 6 ) ;
#1091 = DIRECTION ( 'NONE',  ( 1.000000000000000000, 0.000000000000000000, 0.000000000000000000 ) ) ;
#1092 = DIRECTION ( 'NONE',  ( -0.7461030125742510455, 0.6658305299606102068, 0.000000000000000000 ) ) ;
#1093 = CARTESIAN_POINT ( 'NONE',  ( 0.2589001944979760217, 0.1461794419165537151, 3.001853774733441417E-07 ) ) ;
#1094 = CARTESIAN_POINT ( 'NONE',  ( -0.8409178632754149563, 0.1288151193475059464, -0.05916250385576894699 ) ) ;
#1095 = AXIS2_PLACEMENT_3D ( 'NONE', #2184, #1710, #540 ) ;
#1096 = EDGE_CURVE ( 'NONE', #294, #2099, #123, .T. ) ;
#1097 = CARTESIAN_POINT ( 'NONE',  ( 0.8276815048241719097, 0.2764705205665217713, 0.2253115516801670049 ) ) ;
#1098 = AXIS2_PLACEMENT_3D ( 'NONE', #2968, #2714, #848 ) ;
#1099 = CARTESIAN_POINT ( 'NONE',  ( 0.07728446741276660814, 0.04829209981096301701, -0.1442537139969612969 ) ) ;
#1100 = AXIS2_PLACEMENT_3D ( 'NONE', #841, #2242, #2019 ) ;
#1101 = ORIENTED_EDGE ( 'NONE', *, *, #2000, .F. ) ;
#1102 = CARTESIAN_POINT ( 'NONE',  ( -0.06959974457722904739, -0.08333845849247754900, -0.04242873588306021737 ) ) ;
#1103 = VECTOR ( 'NONE', #937, 1000.000000000000000 ) ;
#1104 = CYLINDRICAL_SURFACE ( 'NONE', #1201, 0.08366883986351060509 ) ;
#1105 = AXIS2_PLACEMENT_3D ( 'NONE', #284, #1442, #2138 ) ;
#1106 = ORIENTED_EDGE ( 'NONE', *, *, #987, .T. ) ;
#1107 = DIRECTION ( 'NONE',  ( 0.000000000000000000, 0.000000000000000000, 1.000000000000000000 ) ) ;
#1108 = EDGE_CURVE ( 'NONE', #334, #579, #529, .T. ) ;
#1109 = CARTESIAN_POINT ( 'NONE',  ( -0.3330640053844061699, 0.4401248261973768616, 0.1748661671250985872 ) ) ;
#1110 = PLANE ( 'NONE',  #2365 ) ;
#1111 = CARTESIAN_POINT ( 'NONE',  ( -0.1081163389218501580, -0.1428039323981380171, -0.04242873588306683014 ) ) ;
#1112 = CARTESIAN_POINT ( 'NONE',  ( 0.9479813146734235030, 0.2919062952937311883, -0.2767014875008964592 ) ) ;
#1113 = DIRECTION ( 'NONE',  ( 0.000000000000000000, 0.000000000000000000, -1.000000000000000000 ) ) ;
#1114 = VERTEX_POINT ( 'NONE', #2146 ) ;
#1115 = ORIENTED_EDGE ( 'NONE', *, *, #2023, .F. ) ;
#1116 = EDGE_CURVE ( 'NONE', #2477, #2568, #290, .T. ) ;
#1117 = DIRECTION ( 'NONE',  ( 0.000000000000000000, 0.000000000000000000, -1.000000000000000000 ) ) ;
#1118 = CARTESIAN_POINT ( 'NONE',  ( -0.1179100844623141714, 0.2857181238609909357, 0.1818037549511413442 ) ) ;
#1119 = VERTEX_POINT ( 'NONE', #1977 ) ;
#1120 = ADVANCED_FACE ( 'NONE', ( #1480 ), #2039, .T. ) ;
#1121 = APPLICATION_PROTOCOL_DEFINITION ( 'international standard', 'config_control_design', 1994, #924 ) ;
#1122 = CARTESIAN_POINT ( 'NONE',  ( 0.4106756398317513712, 0.2683325092446045557, 0.1818037549511413442 ) ) ;
#1123 = EDGE_CURVE ( 'NONE', #1526, #1945, #871, .T. ) ;
#1124 = CARTESIAN_POINT ( 'NONE',  ( -0.1596077814216923796, -0.2606281325670782301, 0.1674087657510476834 ) ) ;
#1125 = CARTESIAN_POINT ( 'NONE',  ( 0.2763254225306991385, 0.1532441177626655826, -0.02455513613285064192 ) ) ;
#1126 = CARTESIAN_POINT ( 'NONE',  ( -0.6377754805610048594, -0.1103438677613966107, -0.04242873588306692034 ) ) ;
#1127 = CARTESIAN_POINT ( 'NONE',  ( 0.1283746058089039188, 0.08022579229562926129, -0.08869397402915625561 ) ) ;
#1128 = CARTESIAN_POINT ( 'NONE',  ( -0.07266423439243693827, -0.08756328681852477980, -0.04242873588306683014 ) ) ;
#1129 = EDGE_LOOP ( 'NONE', ( #3, #2075, #353, #572 ) ) ;
#1130 = CARTESIAN_POINT ( 'NONE',  ( -0.7559839129939427416, 0.06422501387494541913, -0.1418352727568940319 ) ) ;
#1131 = EDGE_CURVE ( 'NONE', #2665, #95, #660, .T. ) ;
#1132 = ORIENTED_EDGE ( 'NONE', *, *, #1804, .T. ) ;
#1133 = CARTESIAN_POINT ( 'NONE',  ( 0.000000000000000000, 0.000000000000000000, 0.000000000000000000 ) ) ;
#1134 = CARTESIAN_POINT ( 'NONE',  ( 0.6084682621198422847, 0.3114453571931894982, -0.1779722564619538594 ) ) ;
#1135 = VERTEX_POINT ( 'NONE', #2440 ) ;
#1136 = CARTESIAN_POINT ( 'NONE',  ( -0.8832662320272978151, 0.1820428195206232336, -0.1009969237875241455 ) ) ;
#1137 = CARTESIAN_POINT ( 'NONE',  ( 0.2872988176401425342, 0.2286535259068187276, -0.1779722564619538594 ) ) ;
#1138 = FACE_OUTER_BOUND ( 'NONE', #1163, .T. ) ;
#1139 = CARTESIAN_POINT ( 'NONE',  ( 0.1820476628250723705, 0.1101733170406953288, 0.02283551971071836120 ) ) ;
#1140 = DIRECTION ( 'NONE',  ( 0.000000000000000000, 0.000000000000000000, -1.000000000000000000 ) ) ;
#1141 = VECTOR ( 'NONE', #1303, 1000.000000000000000 ) ;
#1142 = B_SPLINE_SURFACE_WITH_KNOTS ( 'NONE', 3, 3, ( 
 ( #49, #1622, #1418, #946, #2294, #1158, #2113, #1867 ),
 ( #2345, #259, #1207, #2083, #33, #2070, #2796, #740 ),
 ( #2580, #2360, #979, #2741, #675, #1594, #442, #2383 ),
 ( #2865, #1276, #2825, #61, #2396, #992, #2145, #1942 ),
 ( #2651, #1494, #1911, #1698, #289, #2157, #515, #772 ) ),
 .UNSPECIFIED., .F., .F., .F.,
 ( 4, 1, 4 ),
 ( 4, 1, 1, 1, 1, 4 ),
 ( 0.000000000000000000, 0.5714285714285709528, 1.000000000000000000 ),
 ( 0.000000000000000000, 0.5995199985686450184, 0.8992799978529680827, 1.498799996421610103, 1.798559995705939940, 2.098319994990260007 ),
 .UNSPECIFIED. ) ;
#1143 = AXIS2_PLACEMENT_3D ( 'NONE', #1677, #265, #1961 ) ;
#1144 = CARTESIAN_POINT ( 'NONE',  ( 0.2833503867019352973, 0.1559800530780861560, 0.1483362190057370966 ) ) ;
#1145 = LINE ( 'NONE', #472, #1621 ) ;
#1146 = AXIS2_PLACEMENT_3D ( 'NONE', #571, #118, #1035 ) ;
#1147 = ORIENTED_EDGE ( 'NONE', *, *, #1589, .T. ) ;
#1148 = AXIS2_PLACEMENT_3D ( 'NONE', #2449, #1045, #647 ) ;
#1149 = EDGE_CURVE ( 'NONE', #2492, #1280, #461, .T. ) ;
#1150 = CARTESIAN_POINT ( 'NONE',  ( 0.7245431316198077676, 0.3299000755994089817, -0.1779722564619538594 ) ) ;
#1151 = CIRCLE ( 'NONE', #816, 0.1924273525417139197 ) ;
#1152 = ORIENTED_EDGE ( 'NONE', *, *, #2520, .T. ) ;
#1153 = DIRECTION ( 'NONE',  ( 0.000000000000000000, 0.000000000000000000, -1.000000000000000000 ) ) ;
#1154 = CARTESIAN_POINT ( 'NONE',  ( 0.6805734666394730459, 0.3242997780941706543, 0.1818037549511413442 ) ) ;
#1155 = CARTESIAN_POINT ( 'NONE',  ( 0.5063785231456372493, 0.2213117170712474713, 0.5195762160419933329 ) ) ;
#1156 = CARTESIAN_POINT ( 'NONE',  ( 0.1241200545245224746, 0.07765506954066077328, 0.02450633600774163728 ) ) ;
#1157 = LINE ( 'NONE', #469, #2162 ) ;
#1158 = CARTESIAN_POINT ( 'NONE',  ( 0.1942006549534616988, 0.1182893727769809555, 0.1483362190057370966 ) ) ;
#1159 = DIRECTION ( 'NONE',  ( 0.000000000000000000, 0.000000000000000000, -1.000000000000000000 ) ) ;
#1160 = ADVANCED_FACE ( 'NONE', ( #382 ), #28, .F. ) ;
#1161 = EDGE_LOOP ( 'NONE', ( #2461, #2739, #2847, #938 ) ) ;
#1162 = DIRECTION ( 'NONE',  ( 0.7959801973409622589, -0.6053226622562901671, 0.000000000000000000 ) ) ;
#1163 = EDGE_LOOP ( 'NONE', ( #2515, #689, #1692, #1965, #1426 ) ) ;
#1164 = B_SPLINE_CURVE_WITH_KNOTS ( 'NONE', 3,
 ( #2130, #2579, #1654, #739, #1639, #498, #2942, #273, #1561, #258, #2564, #643, #656, #1173, #13, #2282 ),
 .UNSPECIFIED., .F., .F.,
 ( 4, 3, 3, 3, 3, 4 ),
 ( 5.325298227666486857E-19, 1.408865980045056241E-05, 2.817787766617953807E-05, 4.225792204513159687E-05, 5.631484219142837526E-05, 6.540826494999516546E-05 ),
 .UNSPECIFIED. ) ;
#1165 = CARTESIAN_POINT ( 'NONE',  ( 0.8892914992439432398, 0.3517702126911160798, -0.1681639727261408923 ) ) ;
#1166 = EDGE_CURVE ( 'NONE', #1660, #2669, #75, .T. ) ;
#1167 = CARTESIAN_POINT ( 'NONE',  ( 0.6865938668607985962, 0.3747190605539435504, 0.1818037549511413442 ) ) ;
#1168 = CARTESIAN_POINT ( 'NONE',  ( 0.8656320996526344347, 0.3777538477108520754, 0.1483362190057370966 ) ) ;
#1169 = EDGE_CURVE ( 'NONE', #1780, #692, #2244, .T. ) ;
#1170 = CARTESIAN_POINT ( 'NONE',  ( 0.1442809292676938970, 0.08948701585408347370, -0.0009927247880140560848 ) ) ;
#1171 = CARTESIAN_POINT ( 'NONE',  ( 0.8294545398248365231, 0.3103200181826392678, -0.1779722564619538594 ) ) ;
#1172 = DIRECTION ( 'NONE',  ( 0.000000000000000000, 0.000000000000000000, -1.000000000000000000 ) ) ;
#1173 = CARTESIAN_POINT ( 'NONE',  ( -0.8411881951371887878, 0.1290206998416040529, -0.06529338981624568938 ) ) ;
#1174 = ORIENTED_EDGE ( 'NONE', *, *, #2004, .F. ) ;
#1175 = CARTESIAN_POINT ( 'NONE',  ( 0.1129926909961855713, 0.1099728350890329387, -0.1779722564619538594 ) ) ;
#1176 = EDGE_CURVE ( 'NONE', #2859, #1606, #173, .T. ) ;
#1177 = EDGE_LOOP ( 'NONE', ( #2845, #2869, #1452, #2673 ) ) ;
#1178 = CARTESIAN_POINT ( 'NONE',  ( 0.2677680098069541437, 0.2277292358546556539, 0.1818037549511413442 ) ) ;
#1179 = ORIENTED_EDGE ( 'NONE', *, *, #709, .T. ) ;
#1180 = CARTESIAN_POINT ( 'NONE',  ( 0.04782162159469523915, 0.2292205135389275283, -0.03706914600605337728 ) ) ;
#1181 = CARTESIAN_POINT ( 'NONE',  ( 0.6928233790407555270, 0.3676153480658720385, 0.1818037549511413442 ) ) ;
#1182 = CARTESIAN_POINT ( 'NONE',  ( 0.5648349755484177726, 0.2329852446584493031, 0.5195762160419933329 ) ) ;
#1183 = DIRECTION ( 'NONE',  ( 0.000000000000000000, 0.000000000000000000, -1.000000000000000000 ) ) ;
#1184 = CARTESIAN_POINT ( 'NONE',  ( -0.1983469113745279511, 0.4195882676426078706, 0.1818037549511413442 ) ) ;
#1185 = CARTESIAN_POINT ( 'NONE',  ( 0.2872988093403932019, 0.2286535490939696769, 0.1818037549511413442 ) ) ;
#1186 = ADVANCED_FACE ( 'NONE', ( #1761 ), #2979, .F. ) ;
#1187 = EDGE_LOOP ( 'NONE', ( #1335, #1076, #309, #1497 ) ) ;
#1188 = CARTESIAN_POINT ( 'NONE',  ( 0.2206656058691208455, 0.1292618169239742321, -0.1410564046064008981 ) ) ;
#1189 = ORIENTED_EDGE ( 'NONE', *, *, #2080, .F. ) ;
#1190 = AXIS2_PLACEMENT_3D ( 'NONE', #2518, #2993, #1818 ) ;
#1191 = ORIENTED_EDGE ( 'NONE', *, *, #878, .T. ) ;
#1192 = VECTOR ( 'NONE', #2898, 1000.000000000000227 ) ;
#1193 = CARTESIAN_POINT ( 'NONE',  ( 0.8901744016696260253, 0.3517702126911155247, -0.1672807015135327202 ) ) ;
#1194 = AXIS2_PLACEMENT_3D ( 'NONE', #441, #2327, #2355 ) ;
#1195 = ORIENTED_EDGE ( 'NONE', *, *, #2628, .T. ) ;
#1196 = CARTESIAN_POINT ( 'NONE',  ( 0.6614275990345349632, 0.3861207316972036230, -0.1779722564619538594 ) ) ;
#1197 = LINE ( 'NONE', #1213, #2832 ) ;
#1198 = CARTESIAN_POINT ( 'NONE',  ( -0.05918013333164669904, 0.4195882676426078706, -0.1779722564619538594 ) ) ;
#1199 = ADVANCED_FACE ( 'NONE', ( #153 ), #2277, .T. ) ;
#1200 = AXIS2_PLACEMENT_3D ( 'NONE', #2659, #1107, #1091 ) ;
#1201 = AXIS2_PLACEMENT_3D ( 'NONE', #833, #2418, #1536 ) ;
#1202 = FACE_OUTER_BOUND ( 'NONE', #360, .T. ) ;
#1203 = DIRECTION ( 'NONE',  ( 0.9314032587905229921, -0.3639889689460300004, 0.000000000000000000 ) ) ;
#1204 = CARTESIAN_POINT ( 'NONE',  ( -0.1347564130443308639, 0.4522069400692624863, -0.01732808392401365138 ) ) ;
#1205 = CARTESIAN_POINT ( 'NONE',  ( 0.5297917904793932875, 0.2310555801005435839, -0.1445047205165496673 ) ) ;
#1206 = AXIS2_PLACEMENT_3D ( 'NONE', #2166, #1753, #1000 ) ;
#1207 = CARTESIAN_POINT ( 'NONE',  ( -0.1169354642084132340, -0.1464938385446079572, 0.1583496823447688717 ) ) ;
#1208 = CARTESIAN_POINT ( 'NONE',  ( 0.2295099460463514152, 0.1332939635092462438, -0.1376643852894186837 ) ) ;
#1209 = ORIENTED_EDGE ( 'NONE', *, *, #2795, .T. ) ;
#1210 = FACE_OUTER_BOUND ( 'NONE', #777, .T. ) ;
#1211 = ORIENTED_EDGE ( 'NONE', *, *, #2766, .T. ) ;
#1212 = CARTESIAN_POINT ( 'NONE',  ( 0.07787634420271405400, 0.2575990898459117329, -0.1428313437192795521 ) ) ;
#1213 = CARTESIAN_POINT ( 'NONE',  ( 0.8892972212692342726, 0.2020578321027589053, 0.1720013406223370178 ) ) ;
#1214 = CARTESIAN_POINT ( 'NONE',  ( -0.1179100844623141714, 0.4530558035880121182, 0.1818037549511413442 ) ) ;
#1215 = CARTESIAN_POINT ( 'NONE',  ( 0.09364647472767456682, 0.2724897231187780045, -0.09199270565414953416 ) ) ;
#1216 = CARTESIAN_POINT ( 'NONE',  ( -0.1839329066223111819, 0.4394963799978679475, -0.1714286658341727665 ) ) ;
#1217 = CARTESIAN_POINT ( 'NONE',  ( 0.2554579943302160427, 0.2329402473681727592, 0.1818037549511413442 ) ) ;
#1218 = PLANE ( 'NONE',  #1095 ) ;
#1219 = CARTESIAN_POINT ( 'NONE',  ( 0.6739655271044254770, 0.3208179357712683810, -0.1779722564619538594 ) ) ;
#1220 = ORIENTED_EDGE ( 'NONE', *, *, #1498, .T. ) ;
#1221 = EDGE_LOOP ( 'NONE', ( #2332, #2176 ) ) ;
#1222 = DIRECTION ( 'NONE',  ( -0.6865411646244309329, 0.7270909360431679902, 5.759667079720280083E-16 ) ) ;
#1223 = EDGE_CURVE ( 'NONE', #1067, #1660, #1946, .T. ) ;
#1224 = ORIENTED_EDGE ( 'NONE', *, *, #2889, .T. ) ;
#1225 = CARTESIAN_POINT ( 'NONE',  ( 0.8834620971320497063, 0.2954436107222387919, -0.1445047205165496673 ) ) ;
#1226 = CARTESIAN_POINT ( 'NONE',  ( -0.06325626377579074422, -0.07505202110015624095, 0.5195762160419933329 ) ) ;
#1227 = DIRECTION ( 'NONE',  ( 1.000000000000000000, 0.000000000000000000, 0.000000000000000000 ) ) ;
#1228 = CARTESIAN_POINT ( 'NONE',  ( 0.5297860981928395052, 0.2310541782703738611, -0.1545181838555813869 ) ) ;
#1229 = FACE_OUTER_BOUND ( 'NONE', #2611, .T. ) ;
#1230 = EDGE_CURVE ( 'NONE', #1827, #164, #845, .T. ) ;
#1231 = CARTESIAN_POINT ( 'NONE',  ( -0.6740199965822555317, -0.03495673113565929413, -0.04242873588306683014 ) ) ;
#1232 = CARTESIAN_POINT ( 'NONE',  ( -0.1882301650203921650, 0.4377181170479016448, 0.1818037549511413442 ) ) ;
#1233 = VERTEX_POINT ( 'NONE', #2487 ) ;
#1234 = ORIENTED_EDGE ( 'NONE', *, *, #933, .T. ) ;
#1235 = CARTESIAN_POINT ( 'NONE',  ( -0.1882301650203921650, 0.4377181170479016448, -0.01732808392401363751 ) ) ;
#1236 = AXIS2_PLACEMENT_3D ( 'NONE', #1444, #1458, #2181 ) ;
#1237 = VERTEX_POINT ( 'NONE', #2007 ) ;
#1238 = VECTOR ( 'NONE', #1087, 1000.000000000000000 ) ;
#1239 = CARTESIAN_POINT ( 'NONE',  ( 0.03812269204955136964, 0.02108656763746591736, 0.5195762160419933329 ) ) ;
#1240 = EDGE_CURVE ( 'NONE', #1984, #1135, #1940, .T. ) ;
#1241 = CARTESIAN_POINT ( 'NONE',  ( 0.09611095787625388576, 0.2748167624996231684, -0.08861372278220275289 ) ) ;
#1242 = CARTESIAN_POINT ( 'NONE',  ( 0.8656320996526344347, 0.2020578321027589053, 0.1483362190057370966 ) ) ;
#1243 = CARTESIAN_POINT ( 'NONE',  ( 0.2810717105826170958, 0.2264243727571457199, 0.06187841781344278341 ) ) ;
#1244 = AXIS2_PLACEMENT_3D ( 'NONE', #1954, #810, #101 ) ;
#1245 = EDGE_CURVE ( 'NONE', #1089, #2516, #1472, .T. ) ;
#1246 = DIRECTION ( 'NONE',  ( 0.000000000000000000, 0.000000000000000000, -1.000000000000000000 ) ) ;
#1247 = CARTESIAN_POINT ( 'NONE',  ( -0.07266423439243693827, -0.08756328681852477980, -0.04242873588306683014 ) ) ;
#1248 = AXIS2_PLACEMENT_3D ( 'NONE', #1017, #835, #1256 ) ;
#1249 = B_SPLINE_CURVE_WITH_KNOTS ( 'NONE', 3,
 ( #734, #224, #1358, #239 ),
 .UNSPECIFIED., .F., .F.,
 ( 4, 4 ),
 ( 0.003451236765996229874, 0.003923797208454564943 ),
 .UNSPECIFIED. ) ;
#1250 = VERTEX_POINT ( 'NONE', #2037 ) ;
#1251 = ADVANCED_FACE ( 'NONE', ( #2952 ), #606, .F. ) ;
#1252 = ORIENTED_EDGE ( 'NONE', *, *, #973, .T. ) ;
#1253 = CARTESIAN_POINT ( 'NONE',  ( 0.6946271703414109711, 0.3483179021017439037, -0.1779722564619538594 ) ) ;
#1254 = B_SPLINE_CURVE_WITH_KNOTS ( 'NONE', 3,
 ( #1897, #685, #702, #29 ),
 .UNSPECIFIED., .F., .F.,
 ( 4, 4 ),
 ( 0.000000000000000000, 1.000000000000000000 ),
 .UNSPECIFIED. ) ;
#1255 = VERTEX_POINT ( 'NONE', #1807 ) ;
#1256 = DIRECTION ( 'NONE',  ( 0.000000000000000000, 1.000000000000000000, 0.000000000000000000 ) ) ;
#1257 = DIRECTION ( 'NONE',  ( 0.000000000000000000, 1.000000000000000000, 0.000000000000000000 ) ) ;
#1258 = CARTESIAN_POINT ( 'NONE',  ( 0.8308085626930242773, 0.3003985228258608808, -0.1779722564619538594 ) ) ;
#1259 = CARTESIAN_POINT ( 'NONE',  ( 0.7532969665688489247, 0.2661487492103656316, 0.1558463165100109071 ) ) ;
#1260 = FACE_OUTER_BOUND ( 'NONE', #2215, .T. ) ;
#1261 = EDGE_CURVE ( 'NONE', #2827, #1043, #2504, .T. ) ;
#1262 = LINE ( 'NONE', #1956, #2110 ) ;
#1263 = CARTESIAN_POINT ( 'NONE',  ( 0.6709127880557373969, 0.3861207316972036230, 0.06187841781344313730 ) ) ;
#1264 = VERTEX_POINT ( 'NONE', #12 ) ;
#1265 = ORIENTED_EDGE ( 'NONE', *, *, #276, .T. ) ;
#1266 = DIRECTION ( 'NONE',  ( 1.000000000000000000, 0.000000000000000000, 0.000000000000000000 ) ) ;
#1267 = CARTESIAN_POINT ( 'NONE',  ( -0.1637676338720850944, -0.3005418175586897500, -0.04242873588306683014 ) ) ;
#1268 = VERTEX_POINT ( 'NONE', #2519 ) ;
#1269 = CARTESIAN_POINT ( 'NONE',  ( 0.8339800279080024081, 0.2771598625758562862, 0.1483362190057370966 ) ) ;
#1270 = CARTESIAN_POINT ( 'NONE',  ( -0.0004501822009800444360, 0.2564029995445615828, -0.1779722564619538594 ) ) ;
#1271 = CARTESIAN_POINT ( 'NONE',  ( -0.2014061434256654848, -0.2606284510462981707, -0.04242873588306683014 ) ) ;
#1272 = CARTESIAN_POINT ( 'NONE',  ( 0.2019749093964808284, 0.1202917795450130500, 0.02450633600774165810 ) ) ;
#1273 = CARTESIAN_POINT ( 'NONE',  ( 0.2672711671574947712, 0.2257761616466501253, -0.1779722564619538594 ) ) ;
#1274 = PRODUCT_DEFINITION ( '�', '', #1634, #737 ) ;
#1275 = ORIENTED_EDGE ( 'NONE', *, *, #1025, .T. ) ;
#1276 = CARTESIAN_POINT ( 'NONE',  ( -0.1738534063131957352, -0.2300179906792448326, 0.1818037549511413442 ) ) ;
#1277 = EDGE_CURVE ( 'NONE', #292, #282, #2192, .T. ) ;
#1278 = CARTESIAN_POINT ( 'NONE',  ( 0.6709127880557373969, 0.3861207316972036230, -0.1779722564619538594 ) ) ;
#1279 = ORIENTED_EDGE ( 'NONE', *, *, #1289, .T. ) ;
#1280 = VERTEX_POINT ( 'NONE', #960 ) ;
#1281 = CARTESIAN_POINT ( 'NONE',  ( -0.09491108476948197092, 0.3494517805453243864, -0.01732808392401363751 ) ) ;
#1282 = PLANE ( 'NONE',  #720 ) ;
#1283 = B_SPLINE_CURVE_WITH_KNOTS ( 'NONE', 3,
 ( #460, #1844, #1341, #206, #2524, #2299, #1598, #2730 ),
 .UNSPECIFIED., .F., .F.,
 ( 4, 1, 1, 1, 1, 4 ),
 ( -2.098319994990260007, -1.798559995705939940, -1.498799996421610103, -0.8992799978529681937, -0.5995199985686450184, -0.2865858840939219387 ),
 .UNSPECIFIED. ) ;
#1284 = PRODUCT_DEFINITION_SHAPE ( 'NONE', 'NONE',  #1274 ) ;
#1285 = ORIENTED_EDGE ( 'NONE', *, *, #2700, .T. ) ;
#1286 = EDGE_CURVE ( 'NONE', #292, #1057, #1254, .T. ) ;
#1287 = CARTESIAN_POINT ( 'NONE',  ( -0.1179100844623151428, 0.4530558035880121182, -0.02003174087652125762 ) ) ;
#1288 = CARTESIAN_POINT ( 'NONE',  ( 0.2531225577159467721, 0.1443141942549826529, 0.1483362190057370966 ) ) ;
#1289 = EDGE_CURVE ( 'NONE', #1597, #2827, #1157, .T. ) ;
#1290 = CARTESIAN_POINT ( 'NONE',  ( 0.1022070899598163107, 0.2805729144284610510, -0.04105691137309896294 ) ) ;
#1291 = CARTESIAN_POINT ( 'NONE',  ( 0.2833503867019352973, 0.1559800530780861560, 0.1483362190057370966 ) ) ;
#1292 = CARTESIAN_POINT ( 'NONE',  ( -0.8505317006440473726, 0.1361261977511146193, -0.02940952658587506555 ) ) ;
#1293 = ORIENTED_EDGE ( 'NONE', *, *, #1902, .T. ) ;
#1294 = CIRCLE ( 'NONE', #2641, 0.03346753594540423371 ) ;
#1295 = CARTESIAN_POINT ( 'NONE',  ( 0.1053619163690912436, 0.06667333034834926897, -0.2767014875008964592 ) ) ;
#1296 = DIRECTION ( 'NONE',  ( 0.000000000000000000, 0.000000000000000000, -1.000000000000000000 ) ) ;
#1297 = AXIS2_PLACEMENT_3D ( 'NONE', #867, #2907, #1088 ) ;
#1298 = ORIENTED_EDGE ( 'NONE', *, *, #1542, .T. ) ;
#1299 = PLANE ( 'NONE',  #74 ) ;
#1300 = CARTESIAN_POINT ( 'NONE',  ( 0.8834701218087478436, 0.2954394618397737649, 0.1558463165100109071 ) ) ;
#1301 = ORIENTED_EDGE ( 'NONE', *, *, #431, .F. ) ;
#1302 = FACE_OUTER_BOUND ( 'NONE', #713, .T. ) ;
#1303 = DIRECTION ( 'NONE',  ( 0.000000000000000000, 0.000000000000000000, -1.000000000000000000 ) ) ;
#1304 = CARTESIAN_POINT ( 'NONE',  ( 0.5661819265303588145, 0.2367682968151952339, 0.1483362190057370966 ) ) ;
#1305 = CARTESIAN_POINT ( 'NONE',  ( -0.6957438775453811397, 0.01022806872691527612, -0.06726063369513354817 ) ) ;
#1306 = ORIENTED_EDGE ( 'NONE', *, *, #2985, .F. ) ;
#1307 = CARTESIAN_POINT ( 'NONE',  ( 0.5776243314155106168, 0.2362045894837004889, -0.2767014875008964592 ) ) ;
#1308 = DIRECTION ( 'NONE',  ( 0.000000000000000000, 0.000000000000000000, 1.000000000000000000 ) ) ;
#1309 = ORIENTED_EDGE ( 'NONE', *, *, #2531, .T. ) ;
#1310 = CARTESIAN_POINT ( 'NONE',  ( -0.07266423439243693827, -0.08756328681852477980, -0.04242873588306683014 ) ) ;
#1311 = CARTESIAN_POINT ( 'NONE',  ( 0.8294545398248365231, 0.3103200181826392678, 0.1818037549511413442 ) ) ;
#1312 = EDGE_CURVE ( 'NONE', #2916, #2894, #1425, .T. ) ;
#1313 = ORIENTED_EDGE ( 'NONE', *, *, #2710, .T. ) ;
#1314 = ADVANCED_FACE ( 'NONE', ( #2778 ), #556, .F. ) ;
#1315 = CARTESIAN_POINT ( 'NONE',  ( -0.06750200349013528445, 0.4195882676426078706, -0.05916250385576894005 ) ) ;
#1316 = CARTESIAN_POINT ( 'NONE',  ( 0.8339800279080024081, 0.2771598625758562862, -0.1445047205165496673 ) ) ;
#1317 = CARTESIAN_POINT ( 'NONE',  ( 0.2510531349728649109, 0.2378741302350128872, 0.001915749244593859934 ) ) ;
#1318 = CARTESIAN_POINT ( 'NONE',  ( -0.1818946209126822144, 0.4403398498623999902, 0.1818037549511413442 ) ) ;
#1319 = CARTESIAN_POINT ( 'NONE',  ( -0.1281894354788200852, -0.1842859722828289193, 0.2253115516801670049 ) ) ;
#1320 = DIRECTION ( 'NONE',  ( 0.02106142098102779109, 0.9997781836718883097, 0.000000000000000000 ) ) ;
#1321 = ORIENTED_EDGE ( 'NONE', *, *, #1015, .F. ) ;
#1322 = DIRECTION ( 'NONE',  ( -0.3823677760725860408, 0.9240102184615193170, 0.000000000000000000 ) ) ;
#1323 = CARTESIAN_POINT ( 'NONE',  ( 0.8834606790990363612, 0.2954421891426683988, 0.1483362190057370966 ) ) ;
#1324 = ORIENTED_EDGE ( 'NONE', *, *, #1664, .T. ) ;
#1325 = APPROVAL_DATE_TIME ( #892, #2038 ) ;
#1326 = DIRECTION ( 'NONE',  ( 0.000000000000000000, 0.000000000000000000, 1.000000000000000000 ) ) ;
#1327 = CARTESIAN_POINT ( 'NONE',  ( 0.1050294722158333915, 0.2832378929499560494, -0.05916250385576894005 ) ) ;
#1328 = CARTESIAN_POINT ( 'NONE',  ( 0.2613645807438552682, 0.2293582045074112619, -0.1779722564619538594 ) ) ;
#1329 = CARTESIAN_POINT ( 'NONE',  ( -0.7275407385840260144, 0.04259470461280420728, -0.09683364113790345062 ) ) ;
#1330 = CARTESIAN_POINT ( 'NONE',  ( 0.1053619163690912436, 0.06667333034834926897, 0.2253115516801670049 ) ) ;
#1331 = VECTOR ( 'NONE', #21, 1000.000000000000114 ) ;
#1332 = DIRECTION ( 'NONE',  ( 0.000000000000000000, 0.7071067811865463515, 0.7071067811865487940 ) ) ;
#1333 = CIRCLE ( 'NONE', #2211, 0.04183441993175529561 ) ;
#1334 = ADVANCED_FACE ( 'NONE', ( #1850 ), #272, .T. ) ;
#1335 = ORIENTED_EDGE ( 'NONE', *, *, #2169, .T. ) ;
#1336 = CARTESIAN_POINT ( 'NONE',  ( -0.03375840457316682530, -0.03726245287500860870, -0.04242873588306022431 ) ) ;
#1337 = AXIS2_PLACEMENT_3D ( 'NONE', #2210, #131, #1768 ) ;
#1338 = CARTESIAN_POINT ( 'NONE',  ( 0.2872987927408938158, 0.2286535954682711869, 0.06187841781344313730 ) ) ;
#1339 = CIRCLE ( 'NONE', #35, 0.8020701263311605933 ) ;
#1340 = EDGE_LOOP ( 'NONE', ( #668, #1744 ) ) ;
#1341 = CARTESIAN_POINT ( 'NONE',  ( 0.1787313465656682476, 0.1479462840223456643, 0.1818036777958199623 ) ) ;
#1342 = DIRECTION ( 'NONE',  ( 1.000000000000000000, 0.000000000000000000, 0.000000000000000000 ) ) ;
#1343 = LINE ( 'NONE', #2273, #2783 ) ;
#1344 = CARTESIAN_POINT ( 'NONE',  ( -0.1860463887546273398, 0.4386217928487682882, 0.1758853875456852511 ) ) ;
#1345 = VERTEX_POINT ( 'NONE', #723 ) ;
#1346 = DIRECTION ( 'NONE',  ( -1.000000000000000000, 0.000000000000000000, 0.000000000000000000 ) ) ;
#1347 = CARTESIAN_POINT ( 'NONE',  ( 0.8339800279080024081, 0.2771598625758562862, 0.1483362190057370966 ) ) ;
#1348 = EDGE_CURVE ( 'NONE', #462, #2116, #1416, .T. ) ;
#1349 = ORIENTED_EDGE ( 'NONE', *, *, #2239, .F. ) ;
#1350 = DIRECTION ( 'NONE',  ( 0.000000000000000000, 0.000000000000000000, 1.000000000000000000 ) ) ;
#1351 = CARTESIAN_POINT ( 'NONE',  ( -0.1959290222907838497, 0.4345322270285439936, 0.1785209761606466605 ) ) ;
#1352 = ORIENTED_EDGE ( 'NONE', *, *, #626, .T. ) ;
#1353 = PERSON_AND_ORGANIZATION ( #1056, #1385 ) ;
#1354 = CARTESIAN_POINT ( 'NONE',  ( 0.2741714388700556837, 0.2261002672018997128, 0.1818037549511413442 ) ) ;
#1355 = VERTEX_POINT ( 'NONE', #2764 ) ;
#1356 = CARTESIAN_POINT ( 'NONE',  ( 0.07442074352552954797, 0.2543362073770594201, -0.01706485664394027588 ) ) ;
#1357 = CARTESIAN_POINT ( 'NONE',  ( 0.2741714388700556837, 0.2261002672018997128, -0.1779722564619538594 ) ) ;
#1358 = CARTESIAN_POINT ( 'NONE',  ( -0.1793775653745220688, 0.4413814410798427290, 0.1737703712580324356 ) ) ;
#1359 = CARTESIAN_POINT ( 'NONE',  ( -0.2865539158439106560, 0.4377706826298596310, -0.1734767505702689561 ) ) ;
#1360 = EDGE_CURVE ( 'NONE', #654, #1526, #1650, .T. ) ;
#1361 = CARTESIAN_POINT ( 'NONE',  ( -0.3520100551799844046, -0.2606284510462981707, -0.04242873588306683014 ) ) ;
#1362 = CARTESIAN_POINT ( 'NONE',  ( 0.1999043488606233321, 0.1192647602987798039, -0.1428313437192795521 ) ) ;
#1363 = B_SPLINE_CURVE_WITH_KNOTS ( 'NONE', 3,
 ( #676, #1560, #1130, #889 ),
 .UNSPECIFIED., .F., .F.,
 ( 4, 4 ),
 ( 3.996385139481690274, 4.019538859672739939 ),
 .UNSPECIFIED. ) ;
#1364 = ORIENTED_EDGE ( 'NONE', *, *, #2050, .T. ) ;
#1365 = DIRECTION ( 'NONE',  ( 0.000000000000000000, 0.000000000000000000, -1.000000000000000000 ) ) ;
#1366 = ORIENTED_EDGE ( 'NONE', *, *, #794, .T. ) ;
#1367 = CARTESIAN_POINT ( 'NONE',  ( 0.1054760678515713479, 0.2192703412750366121, -0.1428313437192795521 ) ) ;
#1368 = CARTESIAN_POINT ( 'NONE',  ( -0.1690876628250860547, -0.2008983530503045956, 0.1818037395205334417 ) ) ;
#1369 = CARTESIAN_POINT ( 'NONE',  ( 0.8656320996526344347, 0.3403346135297171116, -0.1779722564619538594 ) ) ;
#1370 = EDGE_CURVE ( 'NONE', #2799, #2653, #370, .T. ) ;
#1371 = CARTESIAN_POINT ( 'NONE',  ( 1.143508030974968337, 0.3166589810246829839, 0.2253115516801670049 ) ) ;
#1372 = CARTESIAN_POINT ( 'NONE',  ( -0.8109662389005181105, 0.1060376720365318465, -0.1779722564619538594 ) ) ;
#1373 = CIRCLE ( 'NONE', #411, 0.03346753594540423371 ) ;
#1374 = CARTESIAN_POINT ( 'NONE',  ( 0.1241200545245224746, 0.07765506954066077328, 0.02450633600774163728 ) ) ;
#1375 = CARTESIAN_POINT ( 'NONE',  ( 0.2112328365928049789, 0.1247951441065204420, -0.1428332920752064805 ) ) ;
#1376 = EDGE_CURVE ( 'NONE', #350, #654, #2087, .T. ) ;
#1377 = VERTEX_POINT ( 'NONE', #1372 ) ;
#1378 = AXIS2_PLACEMENT_3D ( 'NONE', #1270, #1078, #1968 ) ;
#1379 = DIRECTION ( 'NONE',  ( 0.000000000000000000, 0.000000000000000000, 1.000000000000000000 ) ) ;
#1380 = EDGE_CURVE ( 'NONE', #530, #1503, #2994, .T. ) ;
#1381 = CIRCLE ( 'NONE', #2121, 0.6514662146331173798 ) ;
#1382 = ORIENTED_EDGE ( 'NONE', *, *, #344, .F. ) ;
#1383 = CARTESIAN_POINT ( 'NONE',  ( -0.1623033561237731404, -0.2948867850035756244, 0.1524631582079692127 ) ) ;
#1384 = CARTESIAN_POINT ( 'NONE',  ( -0.6316405808486285078, -0.03033492253987911391, -0.1779722564619538594 ) ) ;
#1385 = ORGANIZATION ( '未', '未', '' ) ;
#1386 = DIRECTION ( 'NONE',  ( 1.000000000000000000, 0.000000000000000000, 0.000000000000000000 ) ) ;
#1387 = CARTESIAN_POINT ( 'NONE',  ( 1.045744672824195254, 0.3042826381592070861, 0.2253115516801670049 ) ) ;
#1388 = CARTESIAN_POINT ( 'NONE',  ( 0.8328432320484259188, 0.2854896442267856882, -0.1718516045311950513 ) ) ;
#1389 = CARTESIAN_POINT ( 'NONE',  ( 0.2749057917987655641, 0.1778611485430366956, 0.1818037549511413442 ) ) ;
#1390 = CARTESIAN_POINT ( 'NONE',  ( 0.1974887940724444624, 0.1180630784069493233, 0.02450633600774161994 ) ) ;
#1391 = CARTESIAN_POINT ( 'NONE',  ( 0.2728697081372882249, 0.1518335388801757835, -0.09968396327911782651 ) ) ;
#1392 = ORIENTED_EDGE ( 'NONE', *, *, #1934, .T. ) ;
#1393 = CARTESIAN_POINT ( 'NONE',  ( 0.2554579943302160427, 0.2329402473681727592, 0.1818037549511413442 ) ) ;
#1394 = EDGE_LOOP ( 'NONE', ( #18, #2474, #600, #882 ) ) ;
#1395 = ADVANCED_FACE ( 'NONE', ( #1638 ), #2400, .T. ) ;
#1396 = CARTESIAN_POINT ( 'NONE',  ( 0.8892914507315474726, 0.3517702126911160798, 0.1719954215408018849 ) ) ;
#1397 = DIRECTION ( 'NONE',  ( 1.000000000000000000, 0.000000000000000000, 0.000000000000000000 ) ) ;
#1398 = CARTESIAN_POINT ( 'NONE',  ( 0.7731914040905470964, 0.2697787834762301329, -0.7128685042712329389 ) ) ;
#1399 = CARTESIAN_POINT ( 'NONE',  ( -0.2411181033065815382, 0.4311406902617948012, -0.1759151884195373772 ) ) ;
#1400 = CARTESIAN_POINT ( 'NONE',  ( 0.09135118594844780782, 0.09762569669030918273, -0.1779722564619538594 ) ) ;
#1401 = DIRECTION ( 'NONE',  ( 1.000000000000000000, 0.000000000000000000, 0.000000000000000000 ) ) ;
#1402 = FACE_OUTER_BOUND ( 'NONE', #1947, .T. ) ;
#1403 = EDGE_CURVE ( 'NONE', #1377, #906, #1424, .T. ) ;
#1404 = CARTESIAN_POINT ( 'NONE',  ( 0.1518608058125718308, 0.09378346700692331839, -0.1250621296758930856 ) ) ;
#1405 = DIRECTION ( 'NONE',  ( 0.7071067811865470176, 0.000000000000000000, -0.7071067811865480168 ) ) ;
#1406 = ORIENTED_EDGE ( 'NONE', *, *, #2321, .T. ) ;
#1407 = ORIENTED_EDGE ( 'NONE', *, *, #1555, .T. ) ;
#1408 = CARTESIAN_POINT ( 'NONE',  ( 0.1790382942216132423, 0.3861207316972036230, 0.1818037549511413442 ) ) ;
#1409 = ORIENTED_EDGE ( 'NONE', *, *, #898, .F. ) ;
#1410 = FACE_OUTER_BOUND ( 'NONE', #321, .T. ) ;
#1411 = B_SPLINE_CURVE_WITH_KNOTS ( 'NONE', 3,
 ( #925, #1393, #2973, #1178, #1354, #1611, #2101 ),
 .UNSPECIFIED., .F., .F.,
 ( 4, 3, 4 ),
 ( 0.000000000000000000, 0.05942811981837759633, 0.1188562396367549984 ),
 .UNSPECIFIED. ) ;
#1412 = CARTESIAN_POINT ( 'NONE',  ( 0.8237976797208795832, 0.4530558035880121182, 0.1483362190057370966 ) ) ;
#1413 = CYLINDRICAL_SURFACE ( 'NONE', #663, 0.7351350544968051626 ) ;
#1414 = CARTESIAN_POINT ( 'NONE',  ( 0.1247989469364882836, 0.07809811421799499331, -0.07068912599709743783 ) ) ;
#1415 = CARTESIAN_POINT ( 'NONE',  ( 0.09527268995605521484, 0.09121580421938138561, -0.1779722564619538594 ) ) ;
#1416 = LINE ( 'NONE', #1184, #126 ) ;
#1417 = CARTESIAN_POINT ( 'NONE',  ( 0.1088248149734952208, 0.06905978184041480783, -0.1445047205165496673 ) ) ;
#1418 = CARTESIAN_POINT ( 'NONE',  ( -0.1169467225503931368, -0.1465046624899733196, 0.1483362190057370966 ) ) ;
#1419 = DIRECTION ( 'NONE',  ( -0.6865411883505478929, 0.7270909136402528006, 0.000000000000000000 ) ) ;
#1420 = AXIS2_PLACEMENT_3D ( 'NONE', #1490, #2017, #1092 ) ;
#1421 = ORIENTED_EDGE ( 'NONE', *, *, #386, .T. ) ;
#1422 = CARTESIAN_POINT ( 'NONE',  ( 0.1479249595223745828, 0.1949626285006722803, 0.02450633600774163728 ) ) ;
#1423 = EDGE_CURVE ( 'NONE', #579, #1689, #2873, .T. ) ;
#1424 = CIRCLE ( 'NONE', #176, 0.6139112901719271376 ) ;
#1425 = B_SPLINE_CURVE_WITH_KNOTS ( 'NONE', 3,
 ( #918, #1881, #944, #2343, #1618, #1204, #1863 ),
 .UNSPECIFIED., .F., .F.,
 ( 4, 3, 4 ),
 ( 9.912876920084924302E-19, 1.579202817192887790E-05, 1.772942984663601341E-05 ),
 .UNSPECIFIED. ) ;
#1426 = ORIENTED_EDGE ( 'NONE', *, *, #2897, .T. ) ;
#1427 = CARTESIAN_POINT ( 'NONE',  ( -0.1415013251617036338, 0.4335340537829952545, -0.1009969237875242010 ) ) ;
#1428 = CARTESIAN_POINT ( 'NONE',  ( -0.1104154123681811706, 0.4530558035880121182, -0.09593248120460864947 ) ) ;
#1429 = CARTESIAN_POINT ( 'NONE',  ( 0.07486127977546407075, 0.04813047009302101609, -0.7128685042712329389 ) ) ;
#1430 = AXIS2_PLACEMENT_3D ( 'NONE', #1901, #1222, #1997 ) ;
#1431 = CARTESIAN_POINT ( 'NONE',  ( 0.05756857771820581698, 0.2384238837286786761, -0.09435287979681333814 ) ) ;
#1432 = CARTESIAN_POINT ( 'NONE',  ( 0.1613980360764595834, 0.1310694308321541657, -0.1779722564619538594 ) ) ;
#1433 = CARTESIAN_POINT ( 'NONE',  ( 0.2810717105826170958, 0.2264243727571457199, 0.1818037549511413442 ) ) ;
#1434 = APPROVAL_PERSON_ORGANIZATION ( #853, #2038, #2057 ) ;
#1435 = DIRECTION ( 'NONE',  ( 0.4333012354494470419, -0.9012491549832281068, 0.000000000000000000 ) ) ;
#1436 = ADVANCED_FACE ( 'NONE', ( #1460 ), #857, .T. ) ;
#1437 = CARTESIAN_POINT ( 'NONE',  ( -0.7796941702705507682, 0.08225606050826783644, -0.1688123342446021247 ) ) ;
#1438 = ORIENTED_EDGE ( 'NONE', *, *, #1108, .T. ) ;
#1439 = CARTESIAN_POINT ( 'NONE',  ( -0.4607795470025480844, -0.2606284510462981707, -0.0005943159513115368062 ) ) ;
#1440 = ORIENTED_EDGE ( 'NONE', *, *, #2501, .T. ) ;
#1441 = CARTESIAN_POINT ( 'NONE',  ( 0.8656320996526344347, 0.3777538477108520754, 0.1818037549511413442 ) ) ;
#1442 = DIRECTION ( 'NONE',  ( 0.000000000000000000, 0.000000000000000000, -1.000000000000000000 ) ) ;
#1443 = CARTESIAN_POINT ( 'NONE',  ( 0.8990996355980385157, 0.3777538477108520754, 0.1483362190057370966 ) ) ;
#1444 = CARTESIAN_POINT ( 'NONE',  ( -0.8832662320272978151, 0.1820428195206232336, 0.1818037549511413442 ) ) ;
#1445 = CARTESIAN_POINT ( 'NONE',  ( 0.07744670342228124338, 0.04838751451649627583, -0.1445047205165496673 ) ) ;
#1446 = DIRECTION ( 'NONE',  ( 0.000000000000000000, 0.000000000000000000, 1.000000000000000000 ) ) ;
#1447 = DIRECTION ( 'NONE',  ( 0.000000000000000000, -1.000000000000000000, 0.000000000000000000 ) ) ;
#1448 = CARTESIAN_POINT ( 'NONE',  ( 0.2270265933280853632, 0.1322868033271136501, 0.02080310658280313738 ) ) ;
#1449 = B_SPLINE_CURVE_WITH_KNOTS ( 'NONE', 3,
 ( #662, #2074, #1582, #2333 ),
 .UNSPECIFIED., .F., .F.,
 ( 4, 4 ),
 ( 0.000000000000000000, 1.000000000000000000 ),
 .UNSPECIFIED. ) ;
#1450 = EDGE_LOOP ( 'NONE', ( #1713, #130, #1570, #1301, #1558, #843, #1822, #919, #66 ) ) ;
#1451 = EDGE_CURVE ( 'NONE', #715, #1237, #2448, .T. ) ;
#1452 = ORIENTED_EDGE ( 'NONE', *, *, #236, .F. ) ;
#1453 = CARTESIAN_POINT ( 'NONE',  ( -0.1596077814216923796, -0.2606281325670782301, 0.1674087657510476834 ) ) ;
#1454 = EDGE_CURVE ( 'NONE', #1067, #416, #2020, .T. ) ;
#1455 = ORIENTED_EDGE ( 'NONE', *, *, #1796, .T. ) ;
#1456 = CARTESIAN_POINT ( 'NONE',  ( 0.2125740554459266962, 0.1278209215976719437, -0.7128685042712329389 ) ) ;
#1457 = ADVANCED_FACE ( 'NONE', ( #769 ), #539, .T. ) ;
#1458 = DIRECTION ( 'NONE',  ( 0.000000000000000000, 0.000000000000000000, -1.000000000000000000 ) ) ;
#1459 = LINE ( 'NONE', #2227, #2933 ) ;
#1460 = FACE_OUTER_BOUND ( 'NONE', #704, .T. ) ;
#1461 = CARTESIAN_POINT ( 'NONE',  ( -0.1658822360405943219, -0.2107149190257297244, 0.1817897431282671228 ) ) ;
#1462 = CARTESIAN_POINT ( 'NONE',  ( 0.2178576427206555255, 0.1280264359466611601, 0.02336052088580701028 ) ) ;
#1463 = ORIENTED_EDGE ( 'NONE', *, *, #1626, .F. ) ;
#1464 = ORIENTED_EDGE ( 'NONE', *, *, #2152, .F. ) ;
#1465 = CARTESIAN_POINT ( 'NONE',  ( 0.8321645637072302426, 0.3861207316972036230, 0.1818037549511413442 ) ) ;
#1466 = AXIS2_PLACEMENT_3D ( 'NONE', #381, #2937, #887 ) ;
#1467 = ORIENTED_EDGE ( 'NONE', *, *, #1690, .T. ) ;
#1468 = CIRCLE ( 'NONE', #415, 0.01673376797270212032 ) ;
#1469 =( NAMED_UNIT ( * ) SI_UNIT ( $, .STERADIAN. ) SOLID_ANGLE_UNIT ( ) );
#1470 = ADVANCED_FACE ( 'NONE', ( #1260 ), #102, .F. ) ;
#1471 = CARTESIAN_POINT ( 'NONE',  ( -0.06325626377579074422, -0.07505202110015624095, -0.7128685042712329389 ) ) ;
#1472 = CIRCLE ( 'NONE', #1625, 0.03346753594540414350 ) ;
#1473 = B_SPLINE_CURVE_WITH_KNOTS ( 'NONE', 3,
 ( #1396, #664, #927, #2090 ),
 .UNSPECIFIED., .F., .F.,
 ( 4, 4 ),
 ( 0.000000000000000000, 1.000000000000000000 ),
 .UNSPECIFIED. ) ;
#1474 = CARTESIAN_POINT ( 'NONE',  ( 0.8569445782826409230, 0.3204776560417462727, -0.1779722564619538594 ) ) ;
#1475 = DIRECTION ( 'NONE',  ( 0.1443908353418379975, 0.9895207358460389457, 0.000000000000000000 ) ) ;
#1476 = AXIS2_PLACEMENT_3D ( 'NONE', #2536, #19, #950 ) ;
#1477 = CARTESIAN_POINT ( 'NONE',  ( 0.2810717105826170958, 0.2264243727571457199, -0.05804691932425513901 ) ) ;
#1478 = VECTOR ( 'NONE', #2091, 1000.000000000000114 ) ;
#1479 = DIRECTION ( 'NONE',  ( 0.7071067811865462405, 0.7071067811865487940, 0.000000000000000000 ) ) ;
#1480 = FACE_OUTER_BOUND ( 'NONE', #2567, .T. ) ;
#1481 = CC_DESIGN_APPROVAL ( #1486, ( #1634 ) ) ;
#1482 = EDGE_LOOP ( 'NONE', ( #1546, #2419, #2638, #687, #368 ) ) ;
#1483 = EDGE_LOOP ( 'NONE', ( #2287, #903 ) ) ;
#1484 = CARTESIAN_POINT ( 'NONE',  ( -0.1179100844623141714, 0.2857181238609909357, 0.1818037549511413442 ) ) ;
#1485 = ORIENTED_EDGE ( 'NONE', *, *, #403, .T. ) ;
#1486 = APPROVAL ( #400, '未' ) ;
#1487 = CARTESIAN_POINT ( 'NONE',  ( 0.8990996355980385157, 0.3311861342006292008, -0.1445047205165496673 ) ) ;
#1488 = CARTESIAN_POINT ( 'NONE',  ( -0.03375840457316682530, -0.03726245287500860870, -0.7128685042712329389 ) ) ;
#1489 = EDGE_CURVE ( 'NONE', #2516, #2099, #417, .T. ) ;
#1490 = CARTESIAN_POINT ( 'NONE',  ( -0.8832662320272978151, 0.1820428195206232336, -0.01732808392401363751 ) ) ;
#1491 = CARTESIAN_POINT ( 'NONE',  ( 0.8331523600060813939, 0.2832245335934355235, 0.1733965631517024042 ) ) ;
#1492 = DIRECTION ( 'NONE',  ( 0.000000000000000000, 0.000000000000000000, -1.000000000000000000 ) ) ;
#1493 = VERTEX_POINT ( 'NONE', #2423 ) ;
#1494 = CARTESIAN_POINT ( 'NONE',  ( -0.1810412191378263924, -0.2277761840272720661, 0.1818037549511413442 ) ) ;
#1495 = CARTESIAN_POINT ( 'NONE',  ( 0.6614275990345349632, 0.3861207316972036230, 0.1818037549511413442 ) ) ;
#1496 = EDGE_LOOP ( 'NONE', ( #1132, #97, #1115, #217, #2416, #139, #111, #432, #51, #984, #1549, #471, #2056 ) ) ;
#1497 = ORIENTED_EDGE ( 'NONE', *, *, #2340, .T. ) ;
#1498 = EDGE_CURVE ( 'NONE', #2966, #1255, #708, .T. ) ;
#1499 = VERTEX_POINT ( 'NONE', #2864 ) ;
#1500 = CARTESIAN_POINT ( 'NONE',  ( -0.3520100551799844046, -0.2606284510462981707, -0.04242873588306683014 ) ) ;
#1501 = CARTESIAN_POINT ( 'NONE',  ( 0.8492818222750226909, 0.2792481545875132865, 0.1558463165100109071 ) ) ;
#1502 = EDGE_CURVE ( 'NONE', #1040, #746, #2926, .T. ) ;
#1503 = VERTEX_POINT ( 'NONE', #811 ) ;
#1504 = DIRECTION ( 'NONE',  ( 1.000000000000000000, 0.000000000000000000, 0.000000000000000000 ) ) ;
#1505 = FACE_OUTER_BOUND ( 'NONE', #2165, .T. ) ;
#1506 = CARTESIAN_POINT ( 'NONE',  ( 0.1790382942216132423, 0.3526531957517993754, 0.1818037549511413442 ) ) ;
#1507 = CARTESIAN_POINT ( 'NONE',  ( -0.2432405633574207526, -0.2606284510462981707, -0.04242873588306683014 ) ) ;
#1508 = CARTESIAN_POINT ( 'NONE',  ( -0.8565488356140503745, 0.1407020756075800794, -0.02372456176784596554 ) ) ;
#1509 = ORIENTED_EDGE ( 'NONE', *, *, #435, .F. ) ;
#1510 = CARTESIAN_POINT ( 'NONE',  ( 0.2329873248153724596, 0.1357845310448422271, -0.2767014875008964592 ) ) ;
#1511 = FACE_OUTER_BOUND ( 'NONE', #1394, .T. ) ;
#1512 = EDGE_CURVE ( 'NONE', #1704, #2268, #512, .T. ) ;
#1513 = ORIENTED_EDGE ( 'NONE', *, *, #1166, .F. ) ;
#1514 = ORIENTED_EDGE ( 'NONE', *, *, #1003, .F. ) ;
#1515 = CARTESIAN_POINT ( 'NONE',  ( 0.8876953164190474199, 0.3002516797604188881, -0.04689107400912061185 ) ) ;
#1516 = DIRECTION ( 'NONE',  ( 1.000000000000000000, 0.000000000000000000, 0.000000000000000000 ) ) ;
#1517 = B_SPLINE_SURFACE_WITH_KNOTS ( 'NONE', 3, 1, ( 
 ( #474, #2555 ),
 ( #712, #2495 ),
 ( #1122, #2088 ),
 ( #2046, #1134 ),
 ( #219, #1150 ),
 ( #1629, #1855 ) ),
 .UNSPECIFIED., .F., .F., .F.,
 ( 4, 2, 4 ),
 ( 2, 2 ),
 ( 0.000000000000000000, 0.6618329783111179809, 1.435338257418590002 ),
 ( 0.000000000000000000, 1.074999999999999956 ),
 .UNSPECIFIED. ) ;
#1518 = ORIENTED_EDGE ( 'NONE', *, *, #2956, .F. ) ;
#1519 = CIRCLE ( 'NONE', #998, 0.03346753594540423371 ) ;
#1520 = PLANE ( 'NONE',  #1200 ) ;
#1521 = AXIS2_PLACEMENT_3D ( 'NONE', #42, #1646, #592 ) ;
#1522 = CARTESIAN_POINT ( 'NONE',  ( 0.8990996355980385157, 0.3311786988240759122, -0.1520148180208234501 ) ) ;
#1523 = CARTESIAN_POINT ( 'NONE',  ( 0.8656320996526344347, 0.3777538477108520754, 0.1483362190057370966 ) ) ;
#1524 = CARTESIAN_POINT ( 'NONE',  ( -0.8718008235341562218, 0.1523008238720982011, -0.01732808392401372771 ) ) ;
#1525 = CIRCLE ( 'NONE', #765, 0.04183441993175530255 ) ;
#1526 = VERTEX_POINT ( 'NONE', #302 ) ;
#1527 = VECTOR ( 'NONE', #2270, 1000.000000000000114 ) ;
#1528 = CARTESIAN_POINT ( 'NONE',  ( 0.7595696286110035222, 0.2669189621689464498, -0.2767014875008964592 ) ) ;
#1529 = DIRECTION ( 'NONE',  ( 0.6865411883505478929, -0.7270909136402528006, -8.228095828171817703E-16 ) ) ;
#1530 = EDGE_LOOP ( 'NONE', ( #2935, #576, #1995, #2485, #2597, #888 ) ) ;
#1531 = AXIS2_PLACEMENT_3D ( 'NONE', #2671, #881, #2096 ) ;
#1532 = EDGE_CURVE ( 'NONE', #2516, #679, #1525, .T. ) ;
#1533 = ORIENTED_EDGE ( 'NONE', *, *, #794, .F. ) ;
#1534 = AXIS2_PLACEMENT_3D ( 'NONE', #820, #2236, #2684 ) ;
#1535 = CARTESIAN_POINT ( 'NONE',  ( -0.1179100846675568276, 0.4530558035880121182, -0.09829326696431686661 ) ) ;
#1536 = DIRECTION ( 'NONE',  ( 0.5141309155741446979, 0.4854579298465430126, 0.7071067811865479058 ) ) ;
#1537 = EDGE_LOOP ( 'NONE', ( #1514, #1016, #846, #625 ) ) ;
#1538 = DIRECTION ( 'NONE',  ( 0.000000000000000000, 0.000000000000000000, 1.000000000000000000 ) ) ;
#1539 = LINE ( 'NONE', #2255, #2920 ) ;
#1540 = CARTESIAN_POINT ( 'NONE',  ( 0.2618450697012328354, 0.1474051070446870115, -0.002982361410339117499 ) ) ;
#1541 = CARTESIAN_POINT ( 'NONE',  ( -0.07924414001317872658, -0.09667200427161878884, -0.04242873588306683014 ) ) ;
#1542 = EDGE_CURVE ( 'NONE', #1493, #2653, #343, .T. ) ;
#1543 = CARTESIAN_POINT ( 'NONE',  ( 0.02883727893437426290, 0.01511461266829870927, 0.2253115516801670049 ) ) ;
#1544 = DIRECTION ( 'NONE',  ( 0.5141309155741449199, 0.4854579298465430126, 0.7071067811865479058 ) ) ;
#1545 = ORIENTED_EDGE ( 'NONE', *, *, #39, .T. ) ;
#1546 = ORIENTED_EDGE ( 'NONE', *, *, #165, .T. ) ;
#1547 = FACE_OUTER_BOUND ( 'NONE', #827, .T. ) ;
#1548 = CARTESIAN_POINT ( 'NONE',  ( 0.8990996355980385157, 0.3311861342006058306, 0.1483362190057370966 ) ) ;
#1549 = ORIENTED_EDGE ( 'NONE', *, *, #2424, .F. ) ;
#1550 = CARTESIAN_POINT ( 'NONE',  ( 0.1942006549534616988, 0.1182893727769809555, 0.1483362190057370966 ) ) ;
#1551 = ADVANCED_FACE ( 'NONE', ( #1229 ), #2156, .T. ) ;
#1552 = CARTESIAN_POINT ( 'NONE',  ( 0.8990996355980385157, 0.3311861342006292008, -0.1445047205165496673 ) ) ;
#1553 = CARTESIAN_POINT ( 'NONE',  ( -0.4390086293259455874, 0.3127335320770966987, 0.1818037549511413442 ) ) ;
#1554 = CARTESIAN_POINT ( 'NONE',  ( 0.8339800279080024081, 0.2771598625758562862, -0.1445047205165496673 ) ) ;
#1555 = EDGE_CURVE ( 'NONE', #1590, #436, #650, .T. ) ;
#1556 = CARTESIAN_POINT ( 'NONE',  ( 0.4904521850843460151, 0.2178566804633041420, -0.2767014875008964592 ) ) ;
#1557 = DIRECTION ( 'NONE',  ( 0.000000000000000000, 0.000000000000000000, 1.000000000000000000 ) ) ;
#1558 = ORIENTED_EDGE ( 'NONE', *, *, #2040, .F. ) ;
#1559 = B_SPLINE_CURVE_WITH_KNOTS ( 'NONE', 3,
 ( #997, #758, #2846, #2387, #790, #2163, #1253, #2584, #1674, #778, #519, #2177, #308 ),
 .UNSPECIFIED., .F., .F.,
 ( 4, 3, 3, 3, 4 ),
 ( 0.000000000000000000, 0.08527338177538609787, 0.1705467635507720014, 0.2345017998823120120, 0.2984568362138509956 ),
 .UNSPECIFIED. ) ;
#1560 = CARTESIAN_POINT ( 'NONE',  ( -0.7546281915025004894, 0.06319402221809287956, -0.1396195790150749072 ) ) ;
#1561 = CARTESIAN_POINT ( 'NONE',  ( -0.8479405470760803532, 0.1341556914730484273, -0.08526396289852537780 ) ) ;
#1562 = ORIENTED_EDGE ( 'NONE', *, *, #67, .T. ) ;
#1563 = CALENDAR_DATE ( 2026, 29, 6 ) ;
#1564 = FACE_BOUND ( 'NONE', #800, .T. ) ;
#1565 = MANIFOLD_SOLID_BREP ( 'NONE', #707 ) ;
#1566 = EDGE_CURVE ( 'NONE', #2465, #412, #1969, .T. ) ;
#1567 = CARTESIAN_POINT ( 'NONE',  ( 0.06404388971229033056, 0.2445380687748129334, -0.01939836712965468252 ) ) ;
#1568 = FACE_OUTER_BOUND ( 'NONE', #1496, .T. ) ;
#1569 = AXIS2_PLACEMENT_3D ( 'NONE', #1361, #2983, #275 ) ;
#1570 = ORIENTED_EDGE ( 'NONE', *, *, #2009, .F. ) ;
#1571 = CYLINDRICAL_SURFACE ( 'NONE', #808, 0.1004026078362142971 ) ;
#1572 = AXIS2_PLACEMENT_3D ( 'NONE', #741, #2984, #1656 ) ;
#1573 = DIRECTION ( 'NONE',  ( -0.9827011902889207784, 0.1851981927685538987, 0.000000000000000000 ) ) ;
#1574 = VECTOR ( 'NONE', #135, 1000.000000000000000 ) ;
#1575 = ORIENTED_EDGE ( 'NONE', *, *, #2424, .T. ) ;
#1576 = CARTESIAN_POINT ( 'NONE',  ( -0.1229308968484044556, 0.4530558035756958035, -0.09987479856393949307 ) ) ;
#1577 = AXIS2_PLACEMENT_3D ( 'NONE', #1465, #323, #2831 ) ;
#1578 = CARTESIAN_POINT ( 'NONE',  ( -0.1367692611338755249, 0.4530558035880121182, -0.1529387855999282120 ) ) ;
#1579 = VECTOR ( 'NONE', #134, 1000.000000000000000 ) ;
#1580 = ORIENTED_EDGE ( 'NONE', *, *, #2582, .F. ) ;
#1581 = COORDINATED_UNIVERSAL_TIME_OFFSET ( 8, 0, .AHEAD. ) ;
#1582 = CARTESIAN_POINT ( 'NONE',  ( 0.8831017758938037865, 0.3517702126911158578, 0.1781968248959854006 ) ) ;
#1583 = AXIS2_PLACEMENT_3D ( 'NONE', #2848, #792, #297 ) ;
#1584 = ORIENTED_EDGE ( 'NONE', *, *, #247, .T. ) ;
#1585 = CC_DESIGN_DATE_AND_TIME_ASSIGNMENT ( #2705, #1812, ( #1274 ) ) ;
#1586 = CARTESIAN_POINT ( 'NONE',  ( 0.1280241145787503476, 0.1189912745926169912, -0.1779722564619538594 ) ) ;
#1587 = CARTESIAN_POINT ( 'NONE',  ( 0.2833503867019352973, 0.1559800530780861560, -0.05916250385576894005 ) ) ;
#1588 = CARTESIAN_POINT ( 'NONE',  ( 0.5648349755484177726, 0.2329852446584493031, -0.7128685042712329389 ) ) ;
#1589 = EDGE_CURVE ( 'NONE', #1845, #307, #2639, .T. ) ;
#1590 = VERTEX_POINT ( 'NONE', #1081 ) ;
#1591 = CARTESIAN_POINT ( 'NONE',  ( 0.6669491192606300523, 0.3196442760989272047, 0.06187841781344313730 ) ) ;
#1592 = DIRECTION ( 'NONE',  ( 0.02106142098102782231, 0.9997781836718880877, 0.000000000000000000 ) ) ;
#1593 = ORIENTED_EDGE ( 'NONE', *, *, #2885, .T. ) ;
#1594 = CARTESIAN_POINT ( 'NONE',  ( 0.1903076615075432743, 0.1257540077936906142, 0.1756853242306007090 ) ) ;
#1595 = CARTESIAN_POINT ( 'NONE',  ( 0.09503472932427428632, 0.05975019550110732824, -0.04242873588306683014 ) ) ;
#1596 = ADVANCED_FACE ( 'NONE', ( #2900 ), #2824, .T. ) ;
#1597 = VERTEX_POINT ( 'NONE', #1990 ) ;
#1598 = CARTESIAN_POINT ( 'NONE',  ( -0.1570809507673170402, -0.1681143935701609193, 0.1818036777958199623 ) ) ;
#1599 = EDGE_CURVE ( 'NONE', #1590, #94, #1840, .T. ) ;
#1600 = ORIENTED_EDGE ( 'NONE', *, *, #1451, .T. ) ;
#1601 = CARTESIAN_POINT ( 'NONE',  ( 0.04339874432264777954, 0.2250442993113591916, -0.05916250385576894005 ) ) ;
#1602 = DIRECTION ( 'NONE',  ( 0.000000000000000000, 0.000000000000000000, -1.000000000000000000 ) ) ;
#1603 = DIRECTION ( 'NONE',  ( -0.1443908353418279777, -0.9895207358460403890, 0.000000000000000000 ) ) ;
#1604 = CARTESIAN_POINT ( 'NONE',  ( 0.1508362813193828977, 0.09318496906803239166, 0.005098414787976296957 ) ) ;
#1605 = CARTESIAN_POINT ( 'NONE',  ( -0.9153207045035838263, -0.1509689285163961781, 0.1818037549511413442 ) ) ;
#1606 = VERTEX_POINT ( 'NONE', #2499 ) ;
#1607 = CARTESIAN_POINT ( 'NONE',  ( 0.1667475669718988251, 0.1019917524382872448, -0.1347063751063373727 ) ) ;
#1608 = EDGE_CURVE ( 'NONE', #1945, #2571, #91, .T. ) ;
#1609 = DIRECTION ( 'NONE',  ( 0.000000000000000000, 0.000000000000000000, -1.000000000000000000 ) ) ;
#1610 = ORIENTED_EDGE ( 'NONE', *, *, #2408, .T. ) ;
#1611 = CARTESIAN_POINT ( 'NONE',  ( 0.2810717105826170958, 0.2264243727571457199, 0.1818037549511413442 ) ) ;
#1612 = ORIENTED_EDGE ( 'NONE', *, *, #1943, .T. ) ;
#1613 = CARTESIAN_POINT ( 'NONE',  ( -0.1596393371458565968, -0.2635484648103094685, 0.1662347817701506636 ) ) ;
#1614 = CARTESIAN_POINT ( 'NONE',  ( 0.6904529133451601242, 0.3345292688932141600, 0.1818037549511413442 ) ) ;
#1615 = CARTESIAN_POINT ( 'NONE',  ( 0.8990996355980385157, 0.2857181238609909357, -0.7128685042712329389 ) ) ;
#1616 = CARTESIAN_POINT ( 'NONE',  ( -0.3520100551799844046, -0.2606284510462981707, -0.0005943159513115368062 ) ) ;
#1617 = LINE ( 'NONE', #2155, #611 ) ;
#1618 = CARTESIAN_POINT ( 'NONE',  ( -0.1341070649577913165, 0.4522713647291858874, -0.01733915561525566432 ) ) ;
#1619 = CIRCLE ( 'NONE', #1046, 0.04183441993175530255 ) ;
#1620 = VERTEX_POINT ( 'NONE', #392 ) ;
#1621 = VECTOR ( 'NONE', #1642, 1000.000000000000000 ) ;
#1622 = CARTESIAN_POINT ( 'NONE',  ( -0.1490110161481854600, -0.2377712115761025924, 0.1483362190057370966 ) ) ;
#1623 = DIRECTION ( 'NONE',  ( 0.000000000000000000, 0.000000000000000000, -1.000000000000000000 ) ) ;
#1624 = VERTEX_POINT ( 'NONE', #1126 ) ;
#1625 = AXIS2_PLACEMENT_3D ( 'NONE', #2261, #1557, #187 ) ;
#1626 = EDGE_CURVE ( 'NONE', #502, #2657, #636, .T. ) ;
#1627 = ORIENTED_EDGE ( 'NONE', *, *, #145, .T. ) ;
#1628 = VECTOR ( 'NONE', #1635, 1000.000000000000000 ) ;
#1629 = CARTESIAN_POINT ( 'NONE',  ( 0.8321645637072302426, 0.3444634476140434054, 0.1818037549511413442 ) ) ;
#1630 = AXIS2_PLACEMENT_3D ( 'NONE', #1242, #88, #1020 ) ;
#1631 = ORIENTED_EDGE ( 'NONE', *, *, #1819, .F. ) ;
#1632 = DIRECTION ( 'NONE',  ( -0.7461030125742510455, 0.6658305299606102068, 0.000000000000000000 ) ) ;
#1633 = DIRECTION ( 'NONE',  ( 0.000000000000000000, 0.7071067811865463515, 0.7071067811865487940 ) ) ;
#1634 = PRODUCT_DEFINITION_FORMATION_WITH_SPECIFIED_SOURCE ( '�', '', #2541, .NOT_KNOWN. ) ;
#1635 = DIRECTION ( 'NONE',  ( 0.000000000000000000, 0.000000000000000000, -1.000000000000000000 ) ) ;
#1636 = CARTESIAN_POINT ( 'NONE',  ( 0.8237976797208795832, 0.4195882676426078706, -0.1779722564619538594 ) ) ;
#1637 = CARTESIAN_POINT ( 'NONE',  ( 0.2986441245408990031, 0.2027561233972033639, -0.1779722564619538594 ) ) ;
#1638 = FACE_OUTER_BOUND ( 'NONE', #2398, .T. ) ;
#1639 = CARTESIAN_POINT ( 'NONE',  ( -0.8596923211453850744, 0.1430926162729737883, -0.09707803918838879553 ) ) ;
#1640 = EDGE_CURVE ( 'NONE', #1624, #1493, #2791, .T. ) ;
#1641 = ORIENTED_EDGE ( 'NONE', *, *, #2330, .F. ) ;
#1642 = DIRECTION ( 'NONE',  ( 0.000000000000000000, 0.000000000000000000, 1.000000000000000000 ) ) ;
#1643 = ORIENTED_EDGE ( 'NONE', *, *, #1312, .F. ) ;
#1644 = CARTESIAN_POINT ( 'NONE',  ( 0.8294545398248365231, 0.3103200181826392678, 0.1818037549511413442 ) ) ;
#1645 = ORIENTED_EDGE ( 'NONE', *, *, #2972, .F. ) ;
#1646 = DIRECTION ( 'NONE',  ( 0.6865411883505478929, -0.7270909136402528006, -8.228095828171817703E-16 ) ) ;
#1647 = DIRECTION ( 'NONE',  ( -0.6053226622562902781, -0.7959801973409623699, 0.000000000000000000 ) ) ;
#1648 = EDGE_CURVE ( 'NONE', #562, #1493, #591, .T. ) ;
#1649 = CARTESIAN_POINT ( 'NONE',  ( 0.07494167088340199234, 0.2548280827128768244, 0.02450633600774163728 ) ) ;
#1650 = B_SPLINE_CURVE_WITH_KNOTS ( 'NONE', 3,
 ( #2547, #1389, #2530, #2082, #257 ),
 .UNSPECIFIED., .F., .F.,
 ( 4, 1, 4 ),
 ( 0.000000000000000000, 0.5714285714285709528, 1.000000000000000000 ),
 .UNSPECIFIED. ) ;
#1651 = CARTESIAN_POINT ( 'NONE',  ( 0.1236820142848969600, 0.07743351900150888256, -0.06157003766943748568 ) ) ;
#1652 = FACE_OUTER_BOUND ( 'NONE', #2193, .T. ) ;
#1653 = CARTESIAN_POINT ( 'NONE',  ( 0.5600398881675900942, 0.2696446846482600246, 0.1818037549511413442 ) ) ;
#1654 = CARTESIAN_POINT ( 'NONE',  ( -0.8667473177538443929, 0.1484577614656654998, -0.1001864258063939611 ) ) ;
#1655 = CARTESIAN_POINT ( 'NONE',  ( 0.1829292709416726059, 0.1106347538898881655, -0.1413370972735349396 ) ) ;
#1656 = DIRECTION ( 'NONE',  ( -0.1443908353418279777, -0.9895207358460403890, 0.000000000000000000 ) ) ;
#1657 = EDGE_CURVE ( 'NONE', #518, #2099, #1333, .T. ) ;
#1658 = VERTEX_POINT ( 'NONE', #406 ) ;
#1659 = CARTESIAN_POINT ( 'NONE',  ( 0.8960388570955292176, 0.3517702126911155247, -0.1607908873350378243 ) ) ;
#1660 = VERTEX_POINT ( 'NONE', #1773 ) ;
#1661 = CARTESIAN_POINT ( 'NONE',  ( -0.1415013251617036338, 0.4335340537829952545, -0.01732808392401363404 ) ) ;
#1662 = CARTESIAN_POINT ( 'NONE',  ( 0.6937244205158000776, 0.3412769173693598890, 0.1818037549511413442 ) ) ;
#1663 = CARTESIAN_POINT ( 'NONE',  ( -0.1570841051290158830, -0.2709811889323716638, -0.7128685042712329389 ) ) ;
#1664 = EDGE_CURVE ( 'NONE', #1067, #2268, #305, .T. ) ;
#1665 = CARTESIAN_POINT ( 'NONE',  ( 0.1020863120036155786, 0.2804588722364586006, -0.07701677817426891282 ) ) ;
#1666 = CARTESIAN_POINT ( 'NONE',  ( -0.2128689097600679481, 0.4310347964651731756, 0.1797854310812718459 ) ) ;
#1667 = CARTESIAN_POINT ( 'NONE',  ( -0.06750200349013528445, 0.4195882676426078706, -0.05916250385576894699 ) ) ;
#1668 = CARTESIAN_POINT ( 'NONE',  ( -0.06750200349013528445, 0.4195882676426078706, -0.01732808392401363751 ) ) ;
#1669 = AXIS2_PLACEMENT_3D ( 'NONE', #569, #1707, #2617 ) ;
#1670 = CARTESIAN_POINT ( 'NONE',  ( 0.2822729342467016345, 0.1555403065795145090, -0.07259512664725296938 ) ) ;
#1671 = ORIENTED_EDGE ( 'NONE', *, *, #807, .T. ) ;
#1672 = ORIENTED_EDGE ( 'NONE', *, *, #1589, .F. ) ;
#1673 = VECTOR ( 'NONE', #2201, 1000.000000000000000 ) ;
#1674 = CARTESIAN_POINT ( 'NONE',  ( 0.6904529133451601242, 0.3345292688932141600, -0.1779722564619538594 ) ) ;
#1675 = AXIS2_PLACEMENT_3D ( 'NONE', #900, #2903, #1332 ) ;
#1676 = VERTEX_POINT ( 'NONE', #1859 ) ;
#1677 = CARTESIAN_POINT ( 'NONE',  ( 0.8656320996526344347, 0.2020578321027589053, 0.1483362190057370966 ) ) ;
#1678 = FACE_OUTER_BOUND ( 'NONE', #531, .T. ) ;
#1679 = LINE ( 'NONE', #1921, #866 ) ;
#1680 = CIRCLE ( 'NONE', #2502, 0.08366883986351060509 ) ;
#1681 = AXIS2_PLACEMENT_3D ( 'NONE', #196, #618, #913 ) ;
#1682 = CARTESIAN_POINT ( 'NONE',  ( 0.8756455629916679584, 0.3517702126911160798, -0.1779722564619538594 ) ) ;
#1683 = PLANE ( 'NONE',  #1974 ) ;
#1684 = CARTESIAN_POINT ( 'NONE',  ( 0.2810717105826170958, 0.2264243727571457199, -0.1779722564619538594 ) ) ;
#1685 = ADVANCED_FACE ( 'NONE', ( #1138 ), #465, .T. ) ;
#1686 = FACE_BOUND ( 'NONE', #1221, .T. ) ;
#1687 = CARTESIAN_POINT ( 'NONE',  ( 0.8892972212692342726, 0.3777538477108520754, -0.1681698421331495330 ) ) ;
#1688 = ORIENTED_EDGE ( 'NONE', *, *, #1532, .T. ) ;
#1689 = VERTEX_POINT ( 'NONE', #955 ) ;
#1690 = EDGE_CURVE ( 'NONE', #533, #1845, #1294, .T. ) ;
#1691 = CARTESIAN_POINT ( 'NONE',  ( 0.8830704562320460527, 0.3517702126911160798, -0.1742949175609121715 ) ) ;
#1692 = ORIENTED_EDGE ( 'NONE', *, *, #2040, .T. ) ;
#1693 = CARTESIAN_POINT ( 'NONE',  ( -0.2027528176538214988, -0.4721488133316590341, 0.5195762160419933329 ) ) ;
#1694 = EDGE_CURVE ( 'NONE', #2571, #2696, #2008, .T. ) ;
#1695 = CARTESIAN_POINT ( 'NONE',  ( 0.09855063360777426007, 0.2771203779684539570, -0.08526875265543856774 ) ) ;
#1696 = CARTESIAN_POINT ( 'NONE',  ( -0.1882301650203921650, 0.4377181170479016448, -0.1009969237875241455 ) ) ;
#1697 = CARTESIAN_POINT ( 'NONE',  ( 0.8656320996526344347, 0.3777538477108520754, -0.1445047205165496673 ) ) ;
#1698 = CARTESIAN_POINT ( 'NONE',  ( -0.04777723526278564170, 0.004173364774943793751, 0.1818037549511413442 ) ) ;
#1699 = CARTESIAN_POINT ( 'NONE',  ( 0.6669491192606300523, 0.3196442760989272047, -0.05804691932425540962 ) ) ;
#1700 = ORIENTED_EDGE ( 'NONE', *, *, #1261, .T. ) ;
#1701 = ADVANCED_FACE ( 'NONE', ( #439 ), #2774, .T. ) ;
#1702 = ORIENTED_EDGE ( 'NONE', *, *, #2169, .F. ) ;
#1703 = CARTESIAN_POINT ( 'NONE',  ( 0.8892914992439432398, 0.3517702126911160798, -0.1681639727261408923 ) ) ;
#1704 = VERTEX_POINT ( 'NONE', #2992 ) ;
#1705 = CARTESIAN_POINT ( 'NONE',  ( 0.8308085626930242773, 0.3003985228258608808, 0.1818037549511413442 ) ) ;
#1706 = CARTESIAN_POINT ( 'NONE',  ( 0.4049582949185892011, 0.1956024182035790426, 0.5195762160419933329 ) ) ;
#1707 = DIRECTION ( 'NONE',  ( -0.9012491549832282178, -0.4333012354494470419, 0.000000000000000000 ) ) ;
#1708 = CARTESIAN_POINT ( 'NONE',  ( 0.5618777093615197060, 0.2598081781293267167, 0.1818037549511413442 ) ) ;
#1709 = CARTESIAN_POINT ( 'NONE',  ( 0.2554579943302160427, 0.2329402473681727592, 0.06187841781344278341 ) ) ;
#1710 = DIRECTION ( 'NONE',  ( -0.6865411883505488921, 0.7270909136402518014, 0.000000000000000000 ) ) ;
#1711 = CARTESIAN_POINT ( 'NONE',  ( 0.2087559829970890846, 0.1236127350106364375, 0.02419506609130003469 ) ) ;
#1712 = VERTEX_POINT ( 'NONE', #1649 ) ;
#1713 = ORIENTED_EDGE ( 'NONE', *, *, #103, .F. ) ;
#1714 = FACE_OUTER_BOUND ( 'NONE', #1030, .T. ) ;
#1715 = AXIS2_PLACEMENT_3D ( 'NONE', #1929, #1246, #1479 ) ;
#1716 = ADVANCED_FACE ( 'NONE', ( #915 ), #1413, .T. ) ;
#1717 = ORIENTED_EDGE ( 'NONE', *, *, #1489, .T. ) ;
#1718 = CIRCLE ( 'NONE', #2359, 0.3449241027969673357 ) ;
#1719 = CYLINDRICAL_SURFACE ( 'NONE', #1206, 0.8020701263311605933 ) ;
#1720 = CARTESIAN_POINT ( 'NONE',  ( -0.1326689701490155748, -0.1992525651516656449, -0.7128685042712329389 ) ) ;
#1721 = VECTOR ( 'NONE', #2095, 1000.000000000000000 ) ;
#1722 = CARTESIAN_POINT ( 'NONE',  ( 0.04789732059912973211, 0.2292919908239361426, -0.08139328684062153985 ) ) ;
#1723 = CARTESIAN_POINT ( 'NONE',  ( 0.3820123603317588934, 0.1940567755614642509, 0.1483362190057370966 ) ) ;
#1724 = CIRCLE ( 'NONE', #179, 0.07530195587715944605 ) ;
#1725 = CARTESIAN_POINT ( 'NONE',  ( -0.1415013251617036616, 0.4335340537829951990, -0.05916250385576894005 ) ) ;
#1726 = AXIS2_PLACEMENT_3D ( 'NONE', #270, #1203, #1896 ) ;
#1727 = CARTESIAN_POINT ( 'NONE',  ( -0.1619215167889964668, -0.2307180251283851846, 0.1774227161735693614 ) ) ;
#1728 = B_SPLINE_CURVE_WITH_KNOTS ( 'NONE', 3,
 ( #2312, #1375, #1188, #1208, #1899, #755, #232, #948, #2533, #1391, #2754, #2, #1670, #2132, #50, #2767 ),
 .UNSPECIFIED., .F., .F.,
 ( 4, 3, 3, 3, 3, 4 ),
 ( 0.000000000000000000, 3.088490227801099757E-05, 6.177983469707585445E-05, 9.240630466661682769E-05, 0.0001213442367670404716, 0.0001346634982397565893 ),
 .UNSPECIFIED. ) ;
#1729 = CARTESIAN_POINT ( 'NONE',  ( 0.2042328845757679645, 0.1214084475126689239, 0.02450633600774188015 ) ) ;
#1730 = CIRCLE ( 'NONE', #2881, 0.7351350544968051626 ) ;
#1731 = EDGE_CURVE ( 'NONE', #2399, #1590, #1249, .T. ) ;
#1732 = VERTEX_POINT ( 'NONE', #2079 ) ;
#1733 = ORIENTED_EDGE ( 'NONE', *, *, #39, .F. ) ;
#1734 = CARTESIAN_POINT ( 'NONE',  ( 0.8876953164190474199, 0.3002516797604188881, 0.05072257249830816606 ) ) ;
#1735 = CARTESIAN_POINT ( 'NONE',  ( 0.8929785222522960142, 0.3328634277399364905, 0.1733963752597325048 ) ) ;
#1736 = EDGE_LOOP ( 'NONE', ( #208, #830, #1645, #1352 ) ) ;
#1737 = CARTESIAN_POINT ( 'NONE',  ( -0.02491263975982639309, -0.02109822232351278928, 0.1483362190057370966 ) ) ;
#1738 = CARTESIAN_POINT ( 'NONE',  ( -0.3472648679144423323, -0.2962906898100994280, -0.2934352554735986107 ) ) ;
#1739 = DIRECTION ( 'NONE',  ( 0.000000000000000000, 0.000000000000000000, -1.000000000000000000 ) ) ;
#1740 = B_SPLINE_SURFACE_WITH_KNOTS ( 'NONE', 3, 3, ( 
 ( #2788, #125, #1059, #2892 ),
 ( #141, #1891, #1905, #2189 ),
 ( #1750, #1734, #1515, #2802 ),
 ( #55, #1074, #109, #2350 ),
 ( #2670, #1041, #732, #491 ) ),
 .UNSPECIFIED., .F., .F., .F.,
 ( 4, 1, 4 ),
 ( 4, 4 ),
 ( 0.000000000000000000, 0.5714285714285709528, 1.000000000000000000 ),
 ( 0.1000000000000640099, 0.9750000000000629274 ),
 .UNSPECIFIED. ) ;
#1741 = B_SPLINE_CURVE_WITH_KNOTS ( 'NONE', 3,
 ( #2620, #1461, #2413, #1727, #2200, #92, #1023 ),
 .UNSPECIFIED., .F., .F.,
 ( 4, 3, 4 ),
 ( 0.000000000000000000, 3.097998255070808849E-05, 6.249476921048979338E-05 ),
 .UNSPECIFIED. ) ;
#1742 = CARTESIAN_POINT ( 'NONE',  ( -0.6500658038550019002, -0.08478048926861160572, -0.04242873588306705218 ) ) ;
#1743 = B_SPLINE_CURVE_WITH_KNOTS ( 'NONE', 3,
 ( #2344, #1810, #1205, #243, #1864, #1417, #2043 ),
 .UNSPECIFIED., .F., .F.,
 ( 4, 1, 1, 1, 4 ),
 ( 0.000000000000000000, 0.4285714285714273819, 0.7142857142857136354, 0.8571428571428547638, 1.000000000000000000 ),
 .UNSPECIFIED. ) ;
#1744 = ORIENTED_EDGE ( 'NONE', *, *, #1566, .F. ) ;
#1745 = CARTESIAN_POINT ( 'NONE',  ( 0.02883727893437426290, 0.01511461266829870927, -0.2767014875008964592 ) ) ;
#1746 = CARTESIAN_POINT ( 'NONE',  ( 0.6980864300766552732, 0.3502737820042156613, 0.06187841781344278341 ) ) ;
#1747 = ORIENTED_EDGE ( 'NONE', *, *, #1169, .T. ) ;
#1748 = EDGE_CURVE ( 'NONE', #2118, #802, #2749, .T. ) ;
#1749 = ORIENTED_EDGE ( 'NONE', *, *, #1423, .F. ) ;
#1750 = CARTESIAN_POINT ( 'NONE',  ( 0.8876953164190474199, 0.3002516797604188881, 0.1483362190057370966 ) ) ;
#1751 = CARTESIAN_POINT ( 'NONE',  ( -0.2773058032816426710, 0.4008574276056210972, -0.1009969237875241455 ) ) ;
#1752 = EDGE_LOOP ( 'NONE', ( #345, #338, #1321, #804 ) ) ;
#1753 = DIRECTION ( 'NONE',  ( 0.000000000000000000, 0.000000000000000000, -1.000000000000000000 ) ) ;
#1754 = FACE_OUTER_BOUND ( 'NONE', #2890, .T. ) ;
#1755 = CARTESIAN_POINT ( 'NONE',  ( 0.8834620971320497063, 0.2954436107222387919, -0.1445047205165496673 ) ) ;
#1756 = CARTESIAN_POINT ( 'NONE',  ( 0.03031764831833588109, 0.2126927336030703386, -0.1183253078972686251 ) ) ;
#1757 = CARTESIAN_POINT ( 'NONE',  ( -0.8458809180752432377, 0.1325893960875453581, -0.03671634447355711511 ) ) ;
#1758 = EDGE_CURVE ( 'NONE', #518, #1827, #225, .T. ) ;
#1759 = EDGE_LOOP ( 'NONE', ( #565, #2511, #620, #1631, #801, #396 ) ) ;
#1760 = CARTESIAN_POINT ( 'NONE',  ( 0.4128651767712565590, 0.1986147123413242455, 0.2253115516801670049 ) ) ;
#1761 = FACE_OUTER_BOUND ( 'NONE', #1161, .T. ) ;
#1762 = ORIENTED_EDGE ( 'NONE', *, *, #2358, .T. ) ;
#1763 = ORIENTED_EDGE ( 'NONE', *, *, #1841, .F. ) ;
#1764 = CARTESIAN_POINT ( 'NONE',  ( -0.2411181033065815382, 0.4311406902617948012, -0.1759151884195373772 ) ) ;
#1765 = DIRECTION ( 'NONE',  ( 0.000000000000000000, 0.000000000000000000, -1.000000000000000000 ) ) ;
#1766 = EDGE_LOOP ( 'NONE', ( #1627, #547, #1467, #1147, #151, #605, #2089 ) ) ;
#1767 = PERSON_AND_ORGANIZATION ( #1056, #1385 ) ;
#1768 = DIRECTION ( 'NONE',  ( 1.000000000000000000, 0.000000000000000000, 0.000000000000000000 ) ) ;
#1769 = EDGE_CURVE ( 'NONE', #2477, #834, #2690, .T. ) ;
#1770 = CIRCLE ( 'NONE', #1966, 0.01673376797270212032 ) ;
#1771 = CARTESIAN_POINT ( 'NONE',  ( -0.4390086293259455874, 0.3127335320770966987, 0.1818037549511413442 ) ) ;
#1772 = CARTESIAN_POINT ( 'NONE',  ( 0.2833503867019369071, 0.1559800530780859618, -0.05028073239197668187 ) ) ;
#1773 = CARTESIAN_POINT ( 'NONE',  ( 0.07728446741276660814, 0.04829209981096301701, -0.1442537139969612969 ) ) ;
#1774 = AXIS2_PLACEMENT_3D ( 'NONE', #358, #2709, #163 ) ;
#1775 = ORIENTED_EDGE ( 'NONE', *, *, #1380, .T. ) ;
#1776 = VECTOR ( 'NONE', #1032, 1000.000000000000000 ) ;
#1777 = CARTESIAN_POINT ( 'NONE',  ( 0.4128651767712565590, 0.1986147123413242455, -0.2767014875008964592 ) ) ;
#1778 = CARTESIAN_POINT ( 'NONE',  ( 0.2872988093403932019, 0.2286535490939696769, 0.1818037549511413442 ) ) ;
#1779 = CIRCLE ( 'NONE', #868, 0.7351350544968051626 ) ;
#1780 = VERTEX_POINT ( 'NONE', #2560 ) ;
#1781 = EDGE_CURVE ( 'NONE', #2696, #2724, #551, .T. ) ;
#1782 = CARTESIAN_POINT ( 'NONE',  ( -0.1948868768312369548, 0.4349634807460348584, -0.1744115490506853994 ) ) ;
#1783 = CYLINDRICAL_SURFACE ( 'NONE', #1297, 0.07530195587715944605 ) ;
#1784 = ORIENTED_EDGE ( 'NONE', *, *, #2029, .T. ) ;
#1785 = DIRECTION ( 'NONE',  ( 1.000000000000000000, 0.000000000000000000, 0.000000000000000000 ) ) ;
#1786 = CARTESIAN_POINT ( 'NONE',  ( -0.1490110161481854600, -0.2377712115761025924, 0.1483362190057370966 ) ) ;
#1787 = ADVANCED_FACE ( 'NONE', ( #897 ), #1842, .T. ) ;
#1788 = FACE_OUTER_BOUND ( 'NONE', #2134, .T. ) ;
#1789 = DIRECTION ( 'NONE',  ( 0.000000000000000000, 0.000000000000000000, 1.000000000000000000 ) ) ;
#1790 = CARTESIAN_POINT ( 'NONE',  ( 0.8339800279080024081, 0.2771598625758562862, -0.04689107400912070206 ) ) ;
#1791 = CARTESIAN_POINT ( 'NONE',  ( -0.07479147629452354007, -0.08785598901607284683, -0.2767014875008964592 ) ) ;
#1792 = CARTESIAN_POINT ( 'NONE',  ( 0.6110488483870659682, 0.3102898705920245082, 0.1818037549511412332 ) ) ;
#1793 = ORIENTED_EDGE ( 'NONE', *, *, #1796, .F. ) ;
#1794 = DIRECTION ( 'NONE',  ( 0.000000000000000000, 0.000000000000000000, -1.000000000000000000 ) ) ;
#1795 = CARTESIAN_POINT ( 'NONE',  ( -0.1179100844623141714, 0.4530558035880121182, -0.1445047205165496396 ) ) ;
#1796 = EDGE_CURVE ( 'NONE', #2724, #746, #1679, .T. ) ;
#1797 = ORIENTED_EDGE ( 'NONE', *, *, #1758, .F. ) ;
#1798 = DIRECTION ( 'NONE',  ( 0.000000000000000000, 0.000000000000000000, 1.000000000000000000 ) ) ;
#1799 = CARTESIAN_POINT ( 'NONE',  ( -0.1743418061473425429, 0.4432533892592079305, 0.1720013406223371011 ) ) ;
#1800 = B_SPLINE_CURVE_WITH_KNOTS ( 'NONE', 1,
 ( #799, #1037 ),
 .UNSPECIFIED., .F., .F.,
 ( 2, 2 ),
 ( 0.000000000000000000, 1.000000000000000000 ),
 .UNSPECIFIED. ) ;
#1801 = CARTESIAN_POINT ( 'NONE',  ( 0.1005241073368462190, 0.2789837914339755587, -0.03688453323458422417 ) ) ;
#1802 = DIRECTION ( 'NONE',  ( 0.000000000000000000, 0.000000000000000000, -1.000000000000000000 ) ) ;
#1803 = CARTESIAN_POINT ( 'NONE',  ( -0.8693114554688384787, 0.1504077228757823570, -0.01767766409908378550 ) ) ;
#1804 = EDGE_CURVE ( 'NONE', #1264, #982, #1151, .T. ) ;
#1805 = ORIENTED_EDGE ( 'NONE', *, *, #1731, .T. ) ;
#1806 = CARTESIAN_POINT ( 'NONE',  ( 0.9479813146734235030, 0.2919062952937311883, 0.2253115516801670049 ) ) ;
#1807 = CARTESIAN_POINT ( 'NONE',  ( -0.1743418061473425151, 0.4432533892592078195, -0.1681698421331496440 ) ) ;
#1808 = ORIENTED_EDGE ( 'NONE', *, *, #1454, .T. ) ;
#1809 = CARTESIAN_POINT ( 'NONE',  ( 0.1458370674132762057, 0.09035029167959514329, -0.1183253078970324806 ) ) ;
#1810 = CARTESIAN_POINT ( 'NONE',  ( 0.7195464158867910243, 0.2615426877454220533, -0.1445047205165496673 ) ) ;
#1811 = ORIENTED_EDGE ( 'NONE', *, *, #386, .F. ) ;
#1812 = DATE_TIME_ROLE ( 'creation_date' ) ;
#1813 = EDGE_CURVE ( 'NONE', #306, #2877, #99, .T. ) ;
#1814 = CARTESIAN_POINT ( 'NONE',  ( 0.1054760678515713479, 0.2192703412750366121, 0.02450633600774163728 ) ) ;
#1815 = CARTESIAN_POINT ( 'NONE',  ( 0.04486609106907768485, 0.2264298124021124070, -0.04558747042065761784 ) ) ;
#1816 = CARTESIAN_POINT ( 'NONE',  ( -0.3692839457691344252, 0.2499301707181239840, -0.1440863763172320067 ) ) ;
#1817 = DIRECTION ( 'NONE',  ( 0.000000000000000000, 0.000000000000000000, -1.000000000000000000 ) ) ;
#1818 = DIRECTION ( 'NONE',  ( -0.9827011902889207784, 0.1851981927685538987, 0.000000000000000000 ) ) ;
#1819 = EDGE_CURVE ( 'NONE', #1704, #1264, #2126, .T. ) ;
#1820 = CARTESIAN_POINT ( 'NONE',  ( 0.6110488483870659682, 0.3102898705920245082, -0.1779722564619538039 ) ) ;
#1821 = AXIS2_PLACEMENT_3D ( 'NONE', #637, #2455, #197 ) ;
#1822 = ORIENTED_EDGE ( 'NONE', *, *, #457, .T. ) ;
#1823 = CARTESIAN_POINT ( 'NONE',  ( -0.1354052581787878462, 0.4521387294152715564, -0.1009969237875241455 ) ) ;
#1824 = EDGE_CURVE ( 'NONE', #1043, #2916, #2369, .T. ) ;
#1825 = AXIS2_PLACEMENT_3D ( 'NONE', #2225, #2706, #146 ) ;
#1826 = AXIS2_PLACEMENT_3D ( 'NONE', #1484, #1765, #2476 ) ;
#1827 = VERTEX_POINT ( 'NONE', #988 ) ;
#1828 = COORDINATED_UNIVERSAL_TIME_OFFSET ( 8, 0, .AHEAD. ) ;
#1829 = DIRECTION ( 'NONE',  ( -0.9425174262573687844, 0.3341570008262366165, 0.000000000000000000 ) ) ;
#1830 = CC_DESIGN_SECURITY_CLASSIFICATION ( #2936, ( #1634 ) ) ;
#1831 = EDGE_LOOP ( 'NONE', ( #1854, #921, #1275, #2758 ) ) ;
#1832 = CARTESIAN_POINT ( 'NONE',  ( 0.1808702848044198841, 0.1426429232739766517, -0.05916250385576894005 ) ) ;
#1833 = CARTESIAN_POINT ( 'NONE',  ( 0.2554579943302160427, 0.2329402473681727592, -0.1779722564619538594 ) ) ;
#1834 = CARTESIAN_POINT ( 'NONE',  ( 0.8294545398248365231, 0.3103200181826392678, -0.1779722564619538594 ) ) ;
#1835 = CARTESIAN_POINT ( 'NONE',  ( -0.1179100844623141714, 0.4530558035880121182, 0.1818037549511413442 ) ) ;
#1836 = DIRECTION ( 'NONE',  ( 1.000000000000000000, 0.000000000000000000, 0.000000000000000000 ) ) ;
#1837 = ORIENTED_EDGE ( 'NONE', *, *, #1824, .F. ) ;
#1838 = ORIENTED_EDGE ( 'NONE', *, *, #115, .F. ) ;
#1839 = CARTESIAN_POINT ( 'NONE',  ( -0.4724761652713498350, 0.3127335320770966987, 0.01446607522412034913 ) ) ;
#1840 =( BOUNDED_CURVE ( )  B_SPLINE_CURVE ( 3, ( #2934, #2721, #1344, #584 ),
 .UNSPECIFIED., .F., .F. ) 
 B_SPLINE_CURVE_WITH_KNOTS ( ( 4, 4 ),
 ( 0.9019885031434059508, 0.9983208528098820311 ),
 .UNSPECIFIED. ) 
 CURVE ( )  GEOMETRIC_REPRESENTATION_ITEM ( )  RATIONAL_B_SPLINE_CURVE ( ( 1.000000000000000000, 0.9992268226976680490, 0.9992268226976680490, 1.000000000000000000 ) ) 
 REPRESENTATION_ITEM ( '' )  );
#1841 = EDGE_CURVE ( 'NONE', #1040, #520, #1907, .T. ) ;
#1842 = B_SPLINE_SURFACE_WITH_KNOTS ( 'NONE', 3, 1, ( 
 ( #254, #1615 ),
 ( #2514, #1398 ),
 ( #1848, #2735 ),
 ( #1182, #1588 ),
 ( #1155, #2105 ),
 ( #2761, #698 ),
 ( #1706, #806 ),
 ( #2379, #2616 ),
 ( #2627, #86 ),
 ( #1951, #2153 ),
 ( #1018, #285 ),
 ( #549, #1456 ),
 ( #2420, #298 ),
 ( #972, #793 ),
 ( #1937, #1429 ),
 ( #1239, #2588 ),
 ( #2849, #764 ),
 ( #2140, #1488 ),
 ( #1226, #1471 ),
 ( #2167, #2817 ),
 ( #69, #781 ),
 ( #2861, #1720 ),
 ( #2391, #535 ),
 ( #2804, #1663 ),
 ( #310, #2405 ),
 ( #1001, #750 ),
 ( #2645, #567 ),
 ( #1693, #326 ) ),
 .UNSPECIFIED., .F., .F., .F.,
 ( 4, 3, 3, 3, 3, 3, 3, 3, 3, 4 ),
 ( 2, 2 ),
 ( 0.000000000000000000, 1.137638048175369843, 1.822950349193100061, 2.259785904679609825, 2.926159730605230269, 3.348494429418710006, 3.781911287372079933, 4.211079424879500266, 4.550552192701480259, 5.057691274150520222 ),
 ( -1.009254047390460096, 2.673254047390460020 ),
 .UNSPECIFIED. ) ;
#1843 = ORIENTED_EDGE ( 'NONE', *, *, #2229, .T. ) ;
#1844 = CARTESIAN_POINT ( 'NONE',  ( 0.2401298977709691862, 0.1750977151891566774, 0.1818036777958199623 ) ) ;
#1845 = VERTEX_POINT ( 'NONE', #1443 ) ;
#1846 = CARTESIAN_POINT ( 'NONE',  ( 0.2986441245408990031, 0.2027561233972033639, -0.1779722564619538594 ) ) ;
#1847 = CARTESIAN_POINT ( 'NONE',  ( -0.2411181033065815937, 0.4311406902617945791, 0.1818037549511413442 ) ) ;
#1848 = CARTESIAN_POINT ( 'NONE',  ( 0.6618743608272080747, 0.2523636348024814180, 0.5195762160419933329 ) ) ;
#1849 = CARTESIAN_POINT ( 'NONE',  ( 0.1654441147784382615, 0.1013321101155269521, 0.01631711962953321521 ) ) ;
#1850 = FACE_OUTER_BOUND ( 'NONE', #1537, .T. ) ;
#1851 = ADVANCED_FACE ( 'NONE', ( #1564, #1505 ), #2480, .F. ) ;
#1852 = CARTESIAN_POINT ( 'NONE',  ( 0.1590275575796885332, 0.09780497226902001850, -0.1306654331852167561 ) ) ;
#1853 = CARTESIAN_POINT ( 'NONE',  ( -0.7573138981733913422, 0.06523643372216468561, -0.1440863763172978984 ) ) ;
#1854 = ORIENTED_EDGE ( 'NONE', *, *, #2628, .F. ) ;
#1855 = CARTESIAN_POINT ( 'NONE',  ( 0.8321645637072302426, 0.3444634476140434054, -0.1779722564619538594 ) ) ;
#1856 = ORIENTED_EDGE ( 'NONE', *, *, #686, .F. ) ;
#1857 = CARTESIAN_POINT ( 'NONE',  ( 0.5235165313040285318, 0.2639577770462647188, -0.1779722564619538594 ) ) ;
#1858 = CARTESIAN_POINT ( 'NONE',  ( 0.6669491192606300523, 0.3196442760989272047, 0.1818037549511413442 ) ) ;
#1859 = CARTESIAN_POINT ( 'NONE',  ( 0.1999043490944414636, 0.1192647603487334701, 0.02450633600774163728 ) ) ;
#1860 = ADVANCED_FACE ( 'NONE', ( #1302 ), #2021, .F. ) ;
#1861 = LINE ( 'NONE', #1835, #70 ) ;
#1862 = CARTESIAN_POINT ( 'NONE',  ( 0.7195483483810755088, 0.2615429514800071131, -0.1545181838555813869 ) ) ;
#1863 = CARTESIAN_POINT ( 'NONE',  ( -0.1354052581787877629, 0.4521387294152715564, -0.01732808392401363751 ) ) ;
#1864 = CARTESIAN_POINT ( 'NONE',  ( 0.1738503617609424012, 0.1082118426029351765, -0.1445047205165496673 ) ) ;
#1865 = CIRCLE ( 'NONE', #1466, 0.07530195587715944605 ) ;
#1866 = CIRCLE ( 'NONE', #2160, 0.7351350544968051626 ) ;
#1867 = CARTESIAN_POINT ( 'NONE',  ( 0.2833503867019352973, 0.1559800530780861560, 0.1483362190057370966 ) ) ;
#1868 = CARTESIAN_POINT ( 'NONE',  ( -0.8832662320272978151, 0.1820428195206232336, -0.1779722564619538594 ) ) ;
#1869 = ORIENTED_EDGE ( 'NONE', *, *, #1108, .F. ) ;
#1870 = AXIS2_PLACEMENT_3D ( 'NONE', #395, #1296, #2052 ) ;
#1871 = EDGE_CURVE ( 'NONE', #562, #2799, #633, .T. ) ;
#1872 = ORIENTED_EDGE ( 'NONE', *, *, #851, .T. ) ;
#1873 = VECTOR ( 'NONE', #870, 1000.000000000000000 ) ;
#1874 = CARTESIAN_POINT ( 'NONE',  ( -0.07968381739206763237, 0.3884164955993711366, -0.05916250385576894699 ) ) ;
#1875 = ORIENTED_EDGE ( 'NONE', *, *, #2009, .T. ) ;
#1876 = FACE_OUTER_BOUND ( 'NONE', #2801, .T. ) ;
#1877 = CARTESIAN_POINT ( 'NONE',  ( -0.1033225920585592039, 0.4530558035880121182, -0.09211355696185628827 ) ) ;
#1878 = DIRECTION ( 'NONE',  ( 0.000000000000000000, 1.000000000000000000, 0.000000000000000000 ) ) ;
#1879 = CARTESIAN_POINT ( 'NONE',  ( 0.1737504337239560714, 0.1057551336992516855, 0.01957810396473312967 ) ) ;
#1880 = CARTESIAN_POINT ( 'NONE',  ( 0.7155671695014467204, 0.2871976780919759942, -0.1779722564619538594 ) ) ;
#1881 = CARTESIAN_POINT ( 'NONE',  ( -0.1229308964054835196, 0.4530558035880119516, -0.01845020924669999243 ) ) ;
#1882 = CARTESIAN_POINT ( 'NONE',  ( -0.3472648679144423323, -0.2962906898101004827, 0.1818037549511413442 ) ) ;
#1883 = B_SPLINE_CURVE_WITH_KNOTS ( 'NONE', 3,
 ( #1124, #1613, #2077, #237, #2960, #1383, #2759, #2747 ),
 .UNSPECIFIED., .F., .F.,
 ( 4, 2, 2, 4 ),
 ( 0.000000000000000000, 0.2500000000000000000, 0.5000000000000000000, 1.000000000000000000 ),
 .UNSPECIFIED. ) ;
#1884 = B_SPLINE_CURVE_WITH_KNOTS ( 'NONE', 3,
 ( #1137, #666, #1357, #2469, #1328, #1833, #2289 ),
 .UNSPECIFIED., .F., .F.,
 ( 4, 3, 4 ),
 ( 0.000000000000000000, 0.05942811981837749918, 0.1188562396367549984 ),
 .UNSPECIFIED. ) ;
#1885 = CARTESIAN_POINT ( 'NONE',  ( 0.1704097394062455972, 0.1041517663907817609, 0.02450633600774161994 ) ) ;
#1886 = CARTESIAN_POINT ( 'NONE',  ( -0.7617665868968011011, 0.06862259006280746476, -0.1516228989744518585 ) ) ;
#1887 = ORIENTED_EDGE ( 'NONE', *, *, #851, .F. ) ;
#1888 = CARTESIAN_POINT ( 'NONE',  ( 0.8743929151170304337, 0.3517702126911160798, -0.1779722564619538594 ) ) ;
#1889 = EDGE_CURVE ( 'NONE', #175, #1526, #745, .T. ) ;
#1890 = ORIENTED_EDGE ( 'NONE', *, *, #994, .T. ) ;
#1891 = CARTESIAN_POINT ( 'NONE',  ( 0.8543758058441299763, 0.2799433492123863942, 0.05072257249830842973 ) ) ;
#1892 = DIRECTION ( 'NONE',  ( 0.000000000000000000, -1.000000000000000000, 0.000000000000000000 ) ) ;
#1893 = DIRECTION ( 'NONE',  ( 0.000000000000000000, 0.000000000000000000, 1.000000000000000000 ) ) ;
#1894 = EDGE_CURVE ( 'NONE', #703, #274, #2238, .T. ) ;
#1895 = CARTESIAN_POINT ( 'NONE',  ( 0.09071637048816517945, 0.2697230302488144438, -0.09482355541493359130 ) ) ;
#1896 = DIRECTION ( 'NONE',  ( 0.000000000000000000, 0.000000000000000000, -1.000000000000000000 ) ) ;
#1897 = CARTESIAN_POINT ( 'NONE',  ( 0.1241200545245224746, 0.07765506954066077328, -0.04242873588306683014 ) ) ;
#1898 = DIRECTION ( 'NONE',  ( -1.000000000000000000, 0.000000000000000000, 0.000000000000000000 ) ) ;
#1899 = CARTESIAN_POINT ( 'NONE',  ( 0.2383552419754105811, 0.1373265458230627234, -0.1342719994183917409 ) ) ;
#1900 = ORIENTED_EDGE ( 'NONE', *, *, #247, .F. ) ;
#1901 = CARTESIAN_POINT ( 'NONE',  ( 0.1054760678515713479, 0.2192703412750366121, -0.05916250385576894005 ) ) ;
#1902 = EDGE_CURVE ( 'NONE', #1250, #1233, #114, .T. ) ;
#1903 = ORIENTED_EDGE ( 'NONE', *, *, #425, .T. ) ;
#1904 = ADVANCED_FACE ( 'NONE', ( #2433, #355 ), #1520, .F. ) ;
#1905 = CARTESIAN_POINT ( 'NONE',  ( 0.8543758058441299763, 0.2799433492123863942, -0.04689107400912070206 ) ) ;
#1906 = CARTESIAN_POINT ( 'NONE',  ( 0.6614275990345349632, 0.3861207316972036230, 0.1818037549511413442 ) ) ;
#1907 = LINE ( 'NONE', #2603, #320 ) ;
#1908 = CARTESIAN_POINT ( 'NONE',  ( 0.8648936497064853013, 0.3129831448896273627, -0.1779722564619538594 ) ) ;
#1909 = CARTESIAN_POINT ( 'NONE',  ( 0.7182572033419853952, 0.2698516685321812325, -0.1718516045311950513 ) ) ;
#1910 = DIRECTION ( 'NONE',  ( -0.9827011902889205563, 0.1851981927685545926, 0.000000000000000000 ) ) ;
#1911 = CARTESIAN_POINT ( 'NONE',  ( -0.1478227226285852292, -0.1318440815961990920, 0.1818037549511413442 ) ) ;
#1912 = AXIS2_PLACEMENT_3D ( 'NONE', #2292, #931, #480 ) ;
#1913 = CARTESIAN_POINT ( 'NONE',  ( 0.6898159213059537054, 0.3775248143868210615, -0.05804691932425532636 ) ) ;
#1914 = CIRCLE ( 'NONE', #1572, 0.1004026078362142971 ) ;
#1915 = ORIENTED_EDGE ( 'NONE', *, *, #756, .F. ) ;
#1916 = AXIS2_PLACEMENT_3D ( 'NONE', #138, #1308, #1320 ) ;
#1917 = CARTESIAN_POINT ( 'NONE',  ( 0.8990996355980385157, 0.3517702126911160798, -0.1445047205165496673 ) ) ;
#1918 = VECTOR ( 'NONE', #57, 1000.000000000000000 ) ;
#1919 = ORIENTED_EDGE ( 'NONE', *, *, #1640, .T. ) ;
#1920 = CARTESIAN_POINT ( 'NONE',  ( 0.8990996355980385157, 0.3777538477108520754, -0.1445047205165496673 ) ) ;
#1921 = CARTESIAN_POINT ( 'NONE',  ( 0.8656320996526344347, 0.3547294015662866840, -0.1779722564619538594 ) ) ;
#1922 = AXIS2_PLACEMENT_3D ( 'NONE', #2803, #223, #749 ) ;
#1923 = CARTESIAN_POINT ( 'NONE',  ( -0.3277996976373729887, 0.2707620885782331954, -0.1009969237875241455 ) ) ;
#1924 = FACE_OUTER_BOUND ( 'NONE', #1129, .T. ) ;
#1925 = CARTESIAN_POINT ( 'NONE',  ( 0.2672711671574947712, 0.2257761616466501253, -0.05804691932425586065 ) ) ;
#1926 = B_SPLINE_CURVE_WITH_KNOTS ( 'NONE', 3,
 ( #1948, #281, #2612, #2858, #1644 ),
 .UNSPECIFIED., .F., .F.,
 ( 4, 1, 4 ),
 ( 0.000000000000000000, 0.1025076884661269977, 0.1793884548157220205 ),
 .UNSPECIFIED. ) ;
#1927 = LOCAL_TIME ( 10, 59, 59.00000000000000000, #2285 ) ;
#1928 = ADVANCED_FACE ( 'NONE', ( #581 ), #2830, .F. ) ;
#1929 = CARTESIAN_POINT ( 'NONE',  ( 0.8237976797208795832, 0.3777538477108520754, 0.1818037549511413442 ) ) ;
#1930 = CARTESIAN_POINT ( 'NONE',  ( 0.6739655271044254770, 0.3208179357712683810, 0.1818037549511413442 ) ) ;
#1931 = ORIENTED_EDGE ( 'NONE', *, *, #2833, .F. ) ;
#1932 = ORIENTED_EDGE ( 'NONE', *, *, #2490, .F. ) ;
#1933 = CARTESIAN_POINT ( 'NONE',  ( 0.09801570343146139008, 0.07754679510702497391, -0.1715879486766775375 ) ) ;
#1934 = EDGE_CURVE ( 'NONE', #2552, #788, #372, .T. ) ;
#1935 = ORIENTED_EDGE ( 'NONE', *, *, #443, .T. ) ;
#1936 = CARTESIAN_POINT ( 'NONE',  ( 0.1790382942216132423, 0.3861207316972036230, 0.1818037549511413442 ) ) ;
#1937 = CARTESIAN_POINT ( 'NONE',  ( 0.07486127977546407075, 0.04813047009302101609, 0.5195762160419933329 ) ) ;
#1938 = CARTESIAN_POINT ( 'NONE',  ( 0.1045067123749066768, 0.2827442873283221858, -0.06815584930999217528 ) ) ;
#1939 = CARTESIAN_POINT ( 'NONE',  ( -0.1882301650203921650, 0.4377181170479016448, -0.1726362779351911514 ) ) ;
#1940 = B_SPLINE_CURVE_WITH_KNOTS ( 'NONE', 3,
 ( #1778, #877, #2473, #2938, #1792, #639 ),
 .UNSPECIFIED., .F., .F.,
 ( 4, 2, 4 ),
 ( 0.000000000000000000, 0.0002364123864117362664, 0.0003905926529683595482 ),
 .UNSPECIFIED. ) ;
#1941 = DIRECTION ( 'NONE',  ( -0.02106142098102782231, -0.9997781836718883097, 0.000000000000000000 ) ) ;
#1942 = CARTESIAN_POINT ( 'NONE',  ( 0.2740044596197506177, 0.1801966229714380141, 0.1818037549511413442 ) ) ;
#1943 = EDGE_CURVE ( 'NONE', #1043, #2399, #9, .T. ) ;
#1944 = CARTESIAN_POINT ( 'NONE',  ( 0.6871814061745177282, 0.3277816204170730385, -0.05804691932425532636 ) ) ;
#1945 = VERTEX_POINT ( 'NONE', #2015 ) ;
#1946 = B_SPLINE_CURVE_WITH_KNOTS ( 'NONE', 3,
 ( #1128, #2965, #604, #1099 ),
 .UNSPECIFIED., .F., .F.,
 ( 4, 4 ),
 ( 3.892667063347256566E-20, 0.0002338420496806021360 ),
 .UNSPECIFIED. ) ;
#1947 = EDGE_LOOP ( 'NONE', ( #2301, #2891, #2950, #1518, #64, #2812 ) ) ;
#1948 = CARTESIAN_POINT ( 'NONE',  ( 0.8656320996526344347, 0.3517702126911160798, 0.1818037549511413442 ) ) ;
#1949 = ORIENTED_EDGE ( 'NONE', *, *, #2944, .T. ) ;
#1950 = DIRECTION ( 'NONE',  ( -0.9827011902889208894, 0.1851981927685528162, 0.000000000000000000 ) ) ;
#1951 = CARTESIAN_POINT ( 'NONE',  ( 0.3143688122011736308, 0.1674073619583137107, 0.5195762160419933329 ) ) ;
#1952 = ADVANCED_FACE ( 'NONE', ( #375 ), #613, .T. ) ;
#1953 = CARTESIAN_POINT ( 'NONE',  ( 0.07402326821026404546, 0.2539608991863461229, -0.1012615401046657454 ) ) ;
#1954 = CARTESIAN_POINT ( 'NONE',  ( 0.1790382942216132423, 0.3526531957517993754, -0.1779722564619538594 ) ) ;
#1955 = DIRECTION ( 'NONE',  ( 0.000000000000000000, 1.000000000000000000, 0.000000000000000000 ) ) ;
#1956 = CARTESIAN_POINT ( 'NONE',  ( -0.5059437012167540271, 0.3127335320770966987, 0.1818037549511413442 ) ) ;
#1957 = CARTESIAN_POINT ( 'NONE',  ( 0.6614275990345349632, 0.3861207316972036230, -0.05804691932425540962 ) ) ;
#1958 = ORIENTED_EDGE ( 'NONE', *, *, #2133, .T. ) ;
#1959 = ORIENTED_EDGE ( 'NONE', *, *, #2222, .T. ) ;
#1960 = EDGE_CURVE ( 'NONE', #1732, #2827, #1055, .T. ) ;
#1961 = DIRECTION ( 'NONE',  ( 0.7071067811865471286, 0.000000000000000000, 0.7071067811865479058 ) ) ;
#1962 = CARTESIAN_POINT ( 'NONE',  ( 0.8413493621913489262, 0.3018370644021551863, 0.1818037549511413442 ) ) ;
#1963 = APPLICATION_CONTEXT ( 'configuration controlled 3d designs of mechanical parts and assemblies' ) ;
#1964 = VECTOR ( 'NONE', #1435, 1000.000000000000227 ) ;
#1965 = ORIENTED_EDGE ( 'NONE', *, *, #1902, .F. ) ;
#1966 = AXIS2_PLACEMENT_3D ( 'NONE', #1136, #1153, #1632 ) ;
#1967 = CARTESIAN_POINT ( 'NONE',  ( -0.1818946209126822144, 0.4403398498623999902, -0.1707620584934307628 ) ) ;
#1968 = DIRECTION ( 'NONE',  ( 1.000000000000000000, 0.000000000000000000, 0.000000000000000000 ) ) ;
#1969 = CIRCLE ( 'NONE', #1100, 0.03346753594540423371 ) ;
#1970 = CARTESIAN_POINT ( 'NONE',  ( -0.5144200850823277271, 0.4195882676426088698, 0.1818037549511413442 ) ) ;
#1971 = CARTESIAN_POINT ( 'NONE',  ( 0.5600398881675900942, 0.2696446846482600246, 0.1818037549511413442 ) ) ;
#1972 = CARTESIAN_POINT ( 'NONE',  ( -0.1793775653745220688, 0.4413814410798427290, -0.1699388727688450063 ) ) ;
#1973 = EDGE_CURVE ( 'NONE', #1945, #107, #2334, .T. ) ;
#1974 = AXIS2_PLACEMENT_3D ( 'NONE', #700, #72, #959 ) ;
#1975 = EDGE_LOOP ( 'NONE', ( #1702, #2857, #1285, #349, #2150 ) ) ;
#1976 = CARTESIAN_POINT ( 'NONE',  ( 0.1869663326887527066, 0.1133853296775638453, -0.2767014875008964592 ) ) ;
#1977 = CARTESIAN_POINT ( 'NONE',  ( -0.2432405633574207526, -0.2606284510462981707, -0.0005943159513115368062 ) ) ;
#1978 = CIRCLE ( 'NONE', #1248, 0.1673376797270210159 ) ;
#1979 = ORIENTED_EDGE ( 'NONE', *, *, #2771, .F. ) ;
#1980 = ORIENTED_EDGE ( 'NONE', *, *, #2757, .F. ) ;
#1981 = CARTESIAN_POINT ( 'NONE',  ( 0.8990996355980385157, 0.3517702126911160798, -0.04689107400912070206 ) ) ;
#1982 = CARTESIAN_POINT ( 'NONE',  ( -0.3472648679144423323, -0.2962906898100994280, -0.05916250385576894699 ) ) ;
#1983 = CC_DESIGN_PERSON_AND_ORGANIZATION_ASSIGNMENT ( #2250, #418, ( #1274 ) ) ;
#1984 = VERTEX_POINT ( 'NONE', #837 ) ;
#1985 = CARTESIAN_POINT ( 'NONE',  ( -0.05918013333164669904, 0.4530558035880121182, -0.1445047205165496673 ) ) ;
#1986 = ADVANCED_FACE ( 'NONE', ( #1754 ), #2674, .T. ) ;
#1987 = CARTESIAN_POINT ( 'NONE',  ( 0.8990996355980385157, 0.3311861342006058306, 0.1483362190057370966 ) ) ;
#1988 = DIRECTION ( 'NONE',  ( 0.1851981927685539819, 0.9827011902889207784, -0.000000000000000000 ) ) ;
#1989 = CARTESIAN_POINT ( 'NONE',  ( 0.8339800279080024081, 0.2771598625758562862, -0.1445047205165496673 ) ) ;
#1990 = CARTESIAN_POINT ( 'NONE',  ( 0.8237976797208795832, 0.4530558035880121182, -0.1445047205165496673 ) ) ;
#1991 = ORIENTED_EDGE ( 'NONE', *, *, #276, .F. ) ;
#1992 = CARTESIAN_POINT ( 'NONE',  ( -0.1622948303955560612, -0.2939340852439958907, -0.2767014875008964592 ) ) ;
#1993 = DIRECTION ( 'NONE',  ( 1.000000000000000000, 0.000000000000000000, 0.000000000000000000 ) ) ;
#1994 = EDGE_LOOP ( 'NONE', ( #1220, #1485, #1012, #1013, #695, #2535, #2187 ) ) ;
#1995 = ORIENTED_EDGE ( 'NONE', *, *, #1657, .F. ) ;
#1996 = CARTESIAN_POINT ( 'NONE',  ( -0.1282196077820500490, 0.4528207593736461312, -0.1007854716811504847 ) ) ;
#1997 = DIRECTION ( 'NONE',  ( -0.5141309314153981180, -0.4854579130696441980, -0.7071067811865481278 ) ) ;
#1998 = ORIENTED_EDGE ( 'NONE', *, *, #2326, .F. ) ;
#1999 = APPROVAL_DATE_TIME ( #632, #1486 ) ;
#2000 = EDGE_CURVE ( 'NONE', #1237, #2966, #2756, .T. ) ;
#2001 = CARTESIAN_POINT ( 'NONE',  ( -0.2773058032816426710, 0.4008574276056210972, -0.01732808392401363751 ) ) ;
#2002 = FACE_OUTER_BOUND ( 'NONE', #2376, .T. ) ;
#2003 = CARTESIAN_POINT ( 'NONE',  ( -0.8409178632754149563, 0.1288151193475059464, -0.05448655236961167520 ) ) ;
#2004 = EDGE_CURVE ( 'NONE', #710, #428, #2119, .T. ) ;
#2005 = EDGE_LOOP ( 'NONE', ( #2868, #1101, #2811, #2855, #1584, #2755 ) ) ;
#2006 = CARTESIAN_POINT ( 'NONE',  ( 0.8237976797208795832, 0.4195882676426078706, -0.1445047205165496673 ) ) ;
#2007 = CARTESIAN_POINT ( 'NONE',  ( -0.1818946209126822144, 0.4403398498623999902, -0.1009969237875241455 ) ) ;
#2008 = B_SPLINE_CURVE_WITH_KNOTS ( 'NONE', 3,
 ( #2575, #23, #2790, #682, #1834 ),
 .UNSPECIFIED., .F., .F.,
 ( 4, 1, 4 ),
 ( 0.000000000000000000, 0.4285714285714290472, 1.000000000000000000 ),
 .UNSPECIFIED. ) ;
#2009 = EDGE_CURVE ( 'NONE', #1268, #2657, #4, .T. ) ;
#2010 = ORIENTED_EDGE ( 'NONE', *, *, #1061, .F. ) ;
#2011 = FACE_OUTER_BOUND ( 'NONE', #1450, .T. ) ;
#2012 = CARTESIAN_POINT ( 'NONE',  ( 0.8308085626930242773, 0.3003985228258608808, 0.1818037549511413442 ) ) ;
#2013 = EDGE_CURVE ( 'NONE', #2508, #1676, #678, .T. ) ;
#2014 = ORIENTED_EDGE ( 'NONE', *, *, #2133, .F. ) ;
#2015 = CARTESIAN_POINT ( 'NONE',  ( 0.8339800279080024081, 0.2771598625758562862, 0.1483362190057370966 ) ) ;
#2016 = CIRCLE ( 'NONE', #1098, 0.1087694918225636798 ) ;
#2017 = DIRECTION ( 'NONE',  ( 0.000000000000000000, 0.000000000000000000, 1.000000000000000000 ) ) ;
#2018 = CARTESIAN_POINT ( 'NONE',  ( -0.6740199965822555317, -0.03495673113565929413, 0.1818037549511413442 ) ) ;
#2019 = DIRECTION ( 'NONE',  ( 1.000000000000000000, 0.000000000000000000, 0.000000000000000000 ) ) ;
#2020 = CIRCLE ( 'NONE', #2069, 0.3449241027969673357 ) ;
#2021 = TOROIDAL_SURFACE ( 'NONE', #466, 0.07530195587715943217, 0.04183441993175529561 ) ;
#2022 = CARTESIAN_POINT ( 'NONE',  ( -0.1653366981521937062, -0.3073333092752671414, -0.2767014875008964592 ) ) ;
#2023 = EDGE_CURVE ( 'NONE', #654, #2623, #1283, .T. ) ;
#2024 = AXIS2_PLACEMENT_3D ( 'NONE', #2540, #464, #1397 ) ;
#2025 = B_SPLINE_CURVE_WITH_KNOTS ( 'NONE', 3,
 ( #1595, #2462, #190, #444, #2906, #1336, #384, #216, #1102, #1310 ),
 .UNSPECIFIED., .F., .F.,
 ( 4, 3, 3, 4 ),
 ( 0.000000000000000000, 0.3031354901174935224, 0.9316008774567564599, 1.000000000000000000 ),
 .UNSPECIFIED. ) ;
#2026 = ORIENTED_EDGE ( 'NONE', *, *, #1370, .F. ) ;
#2027 = LOCAL_TIME ( 10, 59, 59.00000000000000000, #2493 ) ;
#2028 = DIRECTION ( 'NONE',  ( -0.7071067811865470176, -8.659560562354926695E-17, -0.7071067811865480168 ) ) ;
#2029 = EDGE_CURVE ( 'NONE', #2508, #2596, #1680, .T. ) ;
#2030 = CARTESIAN_POINT ( 'NONE',  ( 0.8929785222522960142, 0.3517702126911160798, 0.1733963752597325048 ) ) ;
#2031 = ORIENTED_EDGE ( 'NONE', *, *, #24, .T. ) ;
#2032 = CARTESIAN_POINT ( 'NONE',  ( -0.1367692611338755526, 0.4530558035880120071, 0.1567702840891156690 ) ) ;
#2033 = CARTESIAN_POINT ( 'NONE',  ( 0.1033258256860531132, 0.2816292584709075286, -0.04543549387070907469 ) ) ;
#2034 = DIRECTION ( 'NONE',  ( 0.000000000000000000, 0.000000000000000000, 1.000000000000000000 ) ) ;
#2035 = CARTESIAN_POINT ( 'NONE',  ( -0.1276835983297683330, -0.1832406349711409310, -0.04242873588306683014 ) ) ;
#2036 = CARTESIAN_POINT ( 'NONE',  ( -0.1653366981521937062, -0.3073333092752671414, 0.2253115516801670049 ) ) ;
#2037 = CARTESIAN_POINT ( 'NONE',  ( -0.8957513467234483606, 0.1931846731181253440, 0.1818037549511413442 ) ) ;
#2038 = APPROVAL ( #2045, '未' ) ;
#2039 = B_SPLINE_SURFACE_WITH_KNOTS ( 'NONE', 3, 3, ( 
 ( #2414, #1957, #93, #1495 ),
 ( #1278, #2826, #1263, #121 ),
 ( #1024, #1913, #1054, #2174 ),
 ( #829, #2159, #1746, #773 ),
 ( #2667, #1944, #993, #2854 ),
 ( #1219, #78, #1010, #1930 ),
 ( #2842, #1699, #2621, #541 ) ),
 .UNSPECIFIED., .F., .F., .F.,
 ( 4, 1, 1, 1, 4 ),
 ( 4, 4 ),
 ( 0.000000000000000000, 0.2857142857142860315, 0.5714285714285709528, 0.7857142857142859205, 1.000000000000000000 ),
 ( -3.027031325377320122E-33, 1.074999999999999956 ),
 .UNSPECIFIED. ) ;
#2040 = EDGE_CURVE ( 'NONE', #802, #1233, #2548, .T. ) ;
#2041 = ORIENTED_EDGE ( 'NONE', *, *, #2771, .T. ) ;
#2042 = CARTESIAN_POINT ( 'NONE',  ( -0.2197927474558492023, 0.4297667591442783097, -0.1764458104607743993 ) ) ;
#2043 = CARTESIAN_POINT ( 'NONE',  ( 0.07728446741276660814, 0.04829209981096301701, -0.1442537139969612969 ) ) ;
#2044 = ORIENTED_EDGE ( 'NONE', *, *, #2885, .F. ) ;
#2045 = APPROVAL_STATUS ( 'not_yet_approved' ) ;
#2046 = CARTESIAN_POINT ( 'NONE',  ( 0.6084682621198422847, 0.3114453571931894982, 0.1818037549511413442 ) ) ;
#2047 = CYLINDRICAL_SURFACE ( 'NONE', #2543, 0.08366883986351060509 ) ;
#2048 = CARTESIAN_POINT ( 'NONE',  ( 0.2721897398095728393, 0.1516143097107076620, -0.01661015994585220146 ) ) ;
#2049 = DIRECTION ( 'NONE',  ( 0.000000000000000000, 0.000000000000000000, 1.000000000000000000 ) ) ;
#2050 = EDGE_CURVE ( 'NONE', #2053, #864, #2253, .T. ) ;
#2051 = CARTESIAN_POINT ( 'NONE',  ( 1.094626351899583794, 0.3104708095919463395, -0.2767014875008964592 ) ) ;
#2052 = DIRECTION ( 'NONE',  ( -0.04027896108751487930, 0.9991884733591108736, 0.000000000000000000 ) ) ;
#2053 = VERTEX_POINT ( 'NONE', #234 ) ;
#2054 = ORIENTED_EDGE ( 'NONE', *, *, #1532, .F. ) ;
#2055 = CARTESIAN_POINT ( 'NONE',  ( -0.1341070652873494196, 0.4522713646964900969, -0.1009858521019024319 ) ) ;
#2056 = ORIENTED_EDGE ( 'NONE', *, *, #36, .T. ) ;
#2057 = APPROVAL_ROLE ( '' ) ;
#2058 = LINE ( 'NONE', #2987, #561 ) ;
#2059 = ADVANCED_FACE ( 'NONE', ( #729 ), #1517, .T. ) ;
#2060 = EDGE_LOOP ( 'NONE', ( #1811, #1672, #1671, #82 ) ) ;
#2061 = AXIS2_PLACEMENT_3D ( 'NONE', #557, #2372, #798 ) ;
#2062 = CARTESIAN_POINT ( 'NONE',  ( -0.7532514398440518510, 0.06214703765498071075, -0.1374449328173891760 ) ) ;
#2063 = CARTESIAN_POINT ( 'NONE',  ( -0.4724761652713498350, 0.3127335320770966987, 0.1818037549511413442 ) ) ;
#2064 = CARTESIAN_POINT ( 'NONE',  ( -0.1441168870744776731, -0.2280292167324384223, -0.04242873588306683014 ) ) ;
#2065 = VECTOR ( 'NONE', #2028, 1000.000000000000000 ) ;
#2066 = CARTESIAN_POINT ( 'NONE',  ( 0.1575792339584047852, 0.09698875003759174773, 0.01136387015249675121 ) ) ;
#2067 = VECTOR ( 'NONE', #1623, 1000.000000000000000 ) ;
#2068 = DIRECTION ( 'NONE',  ( -0.9425174262573687844, 0.3341570008262366165, 0.000000000000000000 ) ) ;
#2069 = AXIS2_PLACEMENT_3D ( 'NONE', #331, #2143, #1941 ) ;
#2070 = CARTESIAN_POINT ( 'NONE',  ( 0.1941998601026224680, 0.1182866936480137660, 0.1583496823447692325 ) ) ;
#2071 = CARTESIAN_POINT ( 'NONE',  ( -0.2223233533915431603, -0.2606284510462981707, -0.02151152591718915805 ) ) ;
#2072 = AXIS2_PLACEMENT_3D ( 'NONE', #46, #1183, #2107 ) ;
#2073 = ORIENTED_EDGE ( 'NONE', *, *, #2833, .T. ) ;
#2074 = CARTESIAN_POINT ( 'NONE',  ( 0.8743939150950575945, 0.3517702126911158578, 0.1818037549511413442 ) ) ;
#2075 = ORIENTED_EDGE ( 'NONE', *, *, #2479, .F. ) ;
#2076 = EDGE_CURVE ( 'NONE', #274, #2664, #1449, .T. ) ;
#2077 = CARTESIAN_POINT ( 'NONE',  ( -0.1597134717653398706, -0.2669007637211660566, 0.1648724273529957041 ) ) ;
#2078 = CARTESIAN_POINT ( 'NONE',  ( 0.1579571738936830227, 0.3266596902556899717, 0.1818037549511413442 ) ) ;
#2079 = CARTESIAN_POINT ( 'NONE',  ( 0.8237976797208795832, 0.4432533892592077085, 0.1720013406223369901 ) ) ;
#2080 = EDGE_CURVE ( 'NONE', #2268, #175, #2058, .T. ) ;
#2081 = CARTESIAN_POINT ( 'NONE',  ( 1.143508030974968337, 0.3166589810246829839, -0.2767014875008964592 ) ) ;
#2082 = CARTESIAN_POINT ( 'NONE',  ( 0.2833503867019352973, 0.1559800530780861560, 0.1558463165100109071 ) ) ;
#2083 = CARTESIAN_POINT ( 'NONE',  ( -0.02491885485427161942, -0.02111303520159567640, 0.1583496823447692325 ) ) ;
#2084 = CARTESIAN_POINT ( 'NONE',  ( 0.1579571738936830227, 0.3266596902556899717, 0.1818037549511413442 ) ) ;
#2085 = EDGE_CURVE ( 'NONE', #1355, #1984, #1411, .T. ) ;
#2086 = ORIENTED_EDGE ( 'NONE', *, *, #1116, .T. ) ;
#2087 = B_SPLINE_CURVE_WITH_KNOTS ( 'NONE', 3,
 ( #2108, #738, #1653, #2578, #2129 ),
 .UNSPECIFIED., .F., .F.,
 ( 4, 1, 4 ),
 ( 0.000000000000000000, 0.7338001306274299917, 1.712200304797339978 ),
 .UNSPECIFIED. ) ;
#2088 = CARTESIAN_POINT ( 'NONE',  ( 0.4106756398317513712, 0.2683325092446045557, -0.1779722564619538594 ) ) ;
#2089 = ORIENTED_EDGE ( 'NONE', *, *, #67, .F. ) ;
#2090 = CARTESIAN_POINT ( 'NONE',  ( 0.8990996355980385157, 0.3517702126911160798, 0.1483362190057370966 ) ) ;
#2091 = DIRECTION ( 'NONE',  ( -0.7959801973409622589, 0.6053226622562901671, 0.000000000000000000 ) ) ;
#2092 = DIRECTION ( 'NONE',  ( 0.1443908353418379975, 0.9895207358460389457, 0.000000000000000000 ) ) ;
#2093 = CARTESIAN_POINT ( 'NONE',  ( 0.8656320996526344347, 0.3517702126911160798, 0.1818037549511413442 ) ) ;
#2094 = CARTESIAN_POINT ( 'NONE',  ( 0.5249255137634204482, 0.2565747426642456253, -0.1779722564619538594 ) ) ;
#2095 = DIRECTION ( 'NONE',  ( -1.000000000000000000, 0.000000000000000000, 0.000000000000000000 ) ) ;
#2096 = DIRECTION ( 'NONE',  ( 1.000000000000000000, 0.000000000000000000, 0.000000000000000000 ) ) ;
#2097 = DIRECTION ( 'NONE',  ( -1.000000000000000000, 0.000000000000000000, 0.000000000000000000 ) ) ;
#2098 = CARTESIAN_POINT ( 'NONE',  ( -0.8052340396859142269, 0.1016784805632274941, -0.1779722564619538872 ) ) ;
#2099 = VERTEX_POINT ( 'NONE', #1874 ) ;
#2100 = ORIENTED_EDGE ( 'NONE', *, *, #1003, .T. ) ;
#2101 = CARTESIAN_POINT ( 'NONE',  ( 0.2872988093403932019, 0.2286535490939696769, 0.1818037549511413442 ) ) ;
#2102 = ORIENTED_EDGE ( 'NONE', *, *, #156, .T. ) ;
#2103 = CARTESIAN_POINT ( 'NONE',  ( 0.04345270169543404698, 0.2250952474914808266, -0.05630832055745461917 ) ) ;
#2104 = LINE ( 'NONE', #2789, #962 ) ;
#2105 = CARTESIAN_POINT ( 'NONE',  ( 0.5063785231456372493, 0.2213117170712474713, -0.7128685042712329389 ) ) ;
#2106 = CYLINDRICAL_SURFACE ( 'NONE', #1912, 0.03346753594540430310 ) ;
#2107 = DIRECTION ( 'NONE',  ( -0.1443908353418279777, -0.9895207358460403890, 0.000000000000000000 ) ) ;
#2108 = CARTESIAN_POINT ( 'NONE',  ( 0.8294545398248365231, 0.3103200181826392678, 0.1818037549511413442 ) ) ;
#2109 = CARTESIAN_POINT ( 'NONE',  ( -0.06761772935020735065, 0.4530558035880121182, -0.05903311875887824051 ) ) ;
#2110 = VECTOR ( 'NONE', #573, 1000.000000000000000 ) ;
#2111 = B_SPLINE_CURVE_WITH_KNOTS ( 'NONE', 3,
 ( #65, #1193, #1659, #83, #1917 ),
 .UNSPECIFIED., .F., .F.,
 ( 4, 1, 4 ),
 ( 0.000000000000000000, 0.1429498278840005132, 1.000000000000000000 ),
 .UNSPECIFIED. ) ;
#2112 = CIRCLE ( 'NONE', #711, 0.07530195587715951544 ) ;
#2113 = CARTESIAN_POINT ( 'NONE',  ( 0.2531225577159467721, 0.1443141942549826529, 0.1483362190057370966 ) ) ;
#2114 = EDGE_CURVE ( 'NONE', #334, #2834, #31, .T. ) ;
#2115 = CARTESIAN_POINT ( 'NONE',  ( 0.07333438556238976169, 0.2533104353958728350, -0.05916250385576894005 ) ) ;
#2116 = VERTEX_POINT ( 'NONE', #2149 ) ;
#2117 = AXIS2_PLACEMENT_3D ( 'NONE', #1605, #1172, #453 ) ;
#2118 = VERTEX_POINT ( 'NONE', #2364 ) ;
#2119 = CIRCLE ( 'NONE', #2402, 0.1506039117543188643 ) ;
#2120 = DIRECTION ( 'NONE',  ( -0.9827011902889208894, 0.1851981927685528162, 0.000000000000000000 ) ) ;
#2121 = AXIS2_PLACEMENT_3D ( 'NONE', #1982, #2703, #1516 ) ;
#2122 = EDGE_LOOP ( 'NONE', ( #2073, #2447, #688, #1641, #2437, #505, #2313 ) ) ;
#2123 = DIRECTION ( 'NONE',  ( 0.000000000000000000, 0.000000000000000000, -1.000000000000000000 ) ) ;
#2124 = CARTESIAN_POINT ( 'NONE',  ( 0.6709127880557373969, 0.3861207316972036230, 0.1818037549511413442 ) ) ;
#2125 = LOCAL_TIME ( 10, 59, 59.00000000000000000, #1828 ) ;
#2126 = LINE ( 'NONE', #44, #2780 ) ;
#2127 = DIRECTION ( 'NONE',  ( 0.000000000000000000, 0.000000000000000000, -1.000000000000000000 ) ) ;
#2128 = CARTESIAN_POINT ( 'NONE',  ( 0.1698169060308842571, 0.1156148586191765443, -0.1718516045311950513 ) ) ;
#2129 = CARTESIAN_POINT ( 'NONE',  ( 0.2713004630827235975, 0.1872030462566418030, 0.1818037549511413442 ) ) ;
#2130 = CARTESIAN_POINT ( 'NONE',  ( -0.8742750638874766667, 0.1541824206288234245, -0.1009969237875242010 ) ) ;
#2131 = CARTESIAN_POINT ( 'NONE',  ( 0.1283606524821451211, 0.08018989850260867247, 0.02450633600774161994 ) ) ;
#2132 = CARTESIAN_POINT ( 'NONE',  ( 0.2829974717348813784, 0.1558217762390166905, -0.06816830173283847105 ) ) ;
#2133 = EDGE_CURVE ( 'NONE', #520, #2967, #2111, .T. ) ;
#2134 = EDGE_LOOP ( 'NONE', ( #2102, #1438, #445, #1843 ) ) ;
#2135 = DIRECTION ( 'NONE',  ( 0.000000000000000000, 0.000000000000000000, 1.000000000000000000 ) ) ;
#2136 = ORIENTED_EDGE ( 'NONE', *, *, #1149, .T. ) ;
#2137 = DIRECTION ( 'NONE',  ( 0.7270909136402518014, 0.6865411883505488921, 0.000000000000000000 ) ) ;
#2138 = DIRECTION ( 'NONE',  ( -0.7461030125742510455, 0.6658305299606102068, 0.000000000000000000 ) ) ;
#2139 = B_SPLINE_CURVE_WITH_KNOTS ( 'NONE', 3,
 ( #213, #958, #1139, #1879, #1849, #2066, #1604, #1170, #2792, #495, #2980, #2529, #467, #2762, #1651, #1414, #198, #1127, #2964, #899, #2154, #782 ),
 .UNSPECIFIED., .F., .F.,
 ( 4, 3, 3, 3, 3, 3, 3, 4 ),
 ( 0.000000000000000000, 2.984587089087744911E-05, 5.974737818036959092E-05, 8.880926912514982825E-05, 0.0001169996012186687041, 0.0001446203259201043350, 0.0001720314141846145909, 0.0001987836967496642683 ),
 .UNSPECIFIED. ) ;
#2140 = CARTESIAN_POINT ( 'NONE',  ( -0.03375840457316682530, -0.03726245287500860870, 0.5195762160419933329 ) ) ;
#2141 = FACE_OUTER_BOUND ( 'NONE', #2175, .T. ) ;
#2142 = FACE_OUTER_BOUND ( 'NONE', #1752, .T. ) ;
#2143 = DIRECTION ( 'NONE',  ( 0.000000000000000000, 0.000000000000000000, 1.000000000000000000 ) ) ;
#2144 = EDGE_CURVE ( 'NONE', #659, #2894, #1724, .T. ) ;
#2145 = CARTESIAN_POINT ( 'NONE',  ( 0.2430237087383146088, 0.1682401881846659897, 0.1818037549511413442 ) ) ;
#2146 = CARTESIAN_POINT ( 'NONE',  ( -0.1179100846675568276, 0.4530558035880121182, -0.09829326696431686661 ) ) ;
#2147 = ORIENTED_EDGE ( 'NONE', *, *, #1348, .T. ) ;
#2148 = ORIENTED_EDGE ( 'NONE', *, *, #1277, .T. ) ;
#2149 = CARTESIAN_POINT ( 'NONE',  ( 0.8237976797208795832, 0.4195882676426078706, 0.1818037549511413442 ) ) ;
#2150 = ORIENTED_EDGE ( 'NONE', *, *, #1403, .T. ) ;
#2151 = CARTESIAN_POINT ( 'NONE',  ( -0.1354052581787877629, 0.4521387294152715564, -0.01732808392401363751 ) ) ;
#2152 = EDGE_CURVE ( 'NONE', #2724, #520, #850, .T. ) ;
#2153 = CARTESIAN_POINT ( 'NONE',  ( 0.3143688122011736308, 0.1674073619583137107, -0.7128685042712329389 ) ) ;
#2154 = CARTESIAN_POINT ( 'NONE',  ( 0.1402710049231704892, 0.08717796460549241677, -0.1121003411869529592 ) ) ;
#2155 = CARTESIAN_POINT ( 'NONE',  ( -0.6316405808486285078, -0.03033492253987911391, 0.1818037549511413442 ) ) ;
#2156 = CYLINDRICAL_SURFACE ( 'NONE', #714, 0.03346753594540426147 ) ;
#2157 = CARTESIAN_POINT ( 'NONE',  ( 0.1786986587330518794, 0.1480089456715535101, 0.1818037549511413442 ) ) ;
#2158 = CIRCLE ( 'NONE', #264, 0.1087694918225636798 ) ;
#2159 = CARTESIAN_POINT ( 'NONE',  ( 0.6980864300766552732, 0.3502737820042156613, -0.05804691932425549983 ) ) ;
#2160 = AXIS2_PLACEMENT_3D ( 'NONE', #2742, #1794, #203 ) ;
#2161 = EDGE_LOOP ( 'NONE', ( #891, #817, #17, #967 ) ) ;
#2162 = VECTOR ( 'NONE', #483, 1000.000000000000000 ) ;
#2163 = CARTESIAN_POINT ( 'NONE',  ( 0.6958308367755575707, 0.3577058817449276784, -0.1779722564619538594 ) ) ;
#2164 = AXIS2_PLACEMENT_3D ( 'NONE', #595, #2959, #1379 ) ;
#2165 = EDGE_LOOP ( 'NONE', ( #2237, #2537, #1793, #458, #952, #2335, #586, #1252, #517 ) ) ;
#2166 = CARTESIAN_POINT ( 'NONE',  ( -0.3472648679144423323, -0.2962906898101004827, 0.1818037549511413442 ) ) ;
#2167 = CARTESIAN_POINT ( 'NONE',  ( -0.09246495988933266241, -0.1124711438564309357, 0.5195762160419933329 ) ) ;
#2168 = VECTOR ( 'NONE', #405, 1000.000000000000000 ) ;
#2169 = EDGE_CURVE ( 'NONE', #1660, #906, #296, .T. ) ;
#2170 = CARTESIAN_POINT ( 'NONE',  ( 0.8294545398248365231, 0.3103200181826392678, 0.1818037549511413442 ) ) ;
#2171 = DIRECTION ( 'NONE',  ( 0.000000000000000000, 1.000000000000000000, 0.000000000000000000 ) ) ;
#2172 = CARTESIAN_POINT ( 'NONE',  ( 0.2510531349728649109, 0.2378741302350128872, -0.05804691932425540962 ) ) ;
#2173 = DIRECTION ( 'NONE',  ( -0.9425174262573687844, 0.3341570008262366165, 0.000000000000000000 ) ) ;
#2174 = CARTESIAN_POINT ( 'NONE',  ( 0.6898159213059537054, 0.3775248143868210615, 0.1818037549511413442 ) ) ;
#2175 = EDGE_LOOP ( 'NONE', ( #1797, #2249, #2814, #1600, #1406, #2650, #1533, #2318, #2975 ) ) ;
#2176 = ORIENTED_EDGE ( 'NONE', *, *, #478, .F. ) ;
#2177 = CARTESIAN_POINT ( 'NONE',  ( 0.6739655271044254770, 0.3208179357712683810, -0.1779722564619538594 ) ) ;
#2178 = ADVANCED_FACE ( 'NONE', ( #1210 ), #545, .T. ) ;
#2179 = ORIENTED_EDGE ( 'NONE', *, *, #2195, .T. ) ;
#2180 = DIRECTION ( 'NONE',  ( 1.000000000000000000, 0.000000000000000000, 0.000000000000000000 ) ) ;
#2181 = DIRECTION ( 'NONE',  ( -0.7461030125742510455, 0.6658305299606102068, 0.000000000000000000 ) ) ;
#2182 = CARTESIAN_POINT ( 'NONE',  ( 0.3820097866681712029, 0.1940557823046831221, 0.1558463165100109071 ) ) ;
#2183 = CARTESIAN_POINT ( 'NONE',  ( 0.2510531349728649109, 0.2378741302350128872, -0.1779722564619538594 ) ) ;
#2184 = CARTESIAN_POINT ( 'NONE',  ( 0.1357765241029809111, 0.3122701874606842454, -0.05916250385576894005 ) ) ;
#2185 = CARTESIAN_POINT ( 'NONE',  ( 0.2019749093964808284, 0.1202917795450130500, 0.02450633600774165810 ) ) ;
#2186 = ORIENTED_EDGE ( 'NONE', *, *, #747, .F. ) ;
#2187 = ORIENTED_EDGE ( 'NONE', *, *, #2451, .T. ) ;
#2188 = VERTEX_POINT ( 'NONE', #1453 ) ;
#2189 = CARTESIAN_POINT ( 'NONE',  ( 0.8543758058441299763, 0.2799433492123863942, -0.1445047205165496673 ) ) ;
#2190 = FACE_OUTER_BOUND ( 'NONE', #594, .T. ) ;
#2191 = EDGE_LOOP ( 'NONE', ( #775, #487, #2349, #1991 ) ) ;
#2192 = B_SPLINE_CURVE_WITH_KNOTS ( 'NONE', 1,
 ( #214, #2981 ),
 .UNSPECIFIED., .F., .F.,
 ( 2, 2 ),
 ( 0.000000000000000000, 1.000000000000000000 ),
 .UNSPECIFIED. ) ;
#2193 = EDGE_LOOP ( 'NONE', ( #2905, #875, #791, #2523 ) ) ;
#2194 = CARTESIAN_POINT ( 'NONE',  ( 0.8492762969598965928, 0.2792474005274889759, 0.1483362190057370966 ) ) ;
#2195 = EDGE_CURVE ( 'NONE', #692, #1606, #1559, .T. ) ;
#2196 = CARTESIAN_POINT ( 'NONE',  ( 0.8331523590374063648, 0.2832245406913304620, -0.1695650586920719738 ) ) ;
#2197 = CYLINDRICAL_SURFACE ( 'NONE', #1630, 0.03346753594540430310 ) ;
#2198 = DIRECTION ( 'NONE',  ( 0.000000000000000000, 0.000000000000000000, 1.000000000000000000 ) ) ;
#2199 = VERTEX_POINT ( 'NONE', #1235 ) ;
#2200 = CARTESIAN_POINT ( 'NONE',  ( -0.1603342130896377726, -0.2408057531006237706, 0.1748079489819167887 ) ) ;
#2201 = DIRECTION ( 'NONE',  ( 0.000000000000000000, 0.000000000000000000, -1.000000000000000000 ) ) ;
#2202 = ORIENTED_EDGE ( 'NONE', *, *, #2750, .F. ) ;
#2203 = ADVANCED_FACE ( 'NONE', ( #968 ), #504, .F. ) ;
#2204 = VERTEX_POINT ( 'NONE', #2348 ) ;
#2205 = DIRECTION ( 'NONE',  ( 0.000000000000000000, 0.000000000000000000, -1.000000000000000000 ) ) ;
#2206 = CARTESIAN_POINT ( 'NONE',  ( 0.8656320996526344347, 0.3517702126911160798, 0.1818037549511413442 ) ) ;
#2207 = VERTEX_POINT ( 'NONE', #1439 ) ;
#2208 = AXIS2_PLACEMENT_3D ( 'NONE', #2522, #1350, #2941 ) ;
#2209 = DIRECTION ( 'NONE',  ( -0.9827011902889207784, 0.1851981927685538987, 0.000000000000000000 ) ) ;
#2210 = CARTESIAN_POINT ( 'NONE',  ( -0.3520100551799844046, -0.2606284510462981707, 0.1818037549511413442 ) ) ;
#2211 = AXIS2_PLACEMENT_3D ( 'NONE', #2436, #2228, #874 ) ;
#2212 = CARTESIAN_POINT ( 'NONE',  ( 0.8929787405324747240, 0.3517702126911160798, -0.1695650586920719738 ) ) ;
#2213 = CYLINDRICAL_SURFACE ( 'NONE', #1008, 0.07530195587715944605 ) ;
#2214 = CARTESIAN_POINT ( 'NONE',  ( -0.07291892049681814036, -0.08791497029771530580, -0.04242873588306683014 ) ) ;
#2215 = EDGE_LOOP ( 'NONE', ( #2186, #1106, #2681, #1580 ) ) ;
#2216 = B_SPLINE_CURVE_WITH_KNOTS ( 'NONE', 1,
 ( #2549, #1144 ),
 .UNSPECIFIED., .F., .F.,
 ( 2, 2 ),
 ( 0.000000000000000000, 1.000000000000000000 ),
 .UNSPECIFIED. ) ;
#2217 = CARTESIAN_POINT ( 'NONE',  ( -0.2266208868906127438, 0.5304911526487472440, 0.1818037549511413442 ) ) ;
#2218 = CARTESIAN_POINT ( 'NONE',  ( 0.5661819265303588145, 0.2367682968151952339, 0.1483362190057370966 ) ) ;
#2219 = ORIENTED_EDGE ( 'NONE', *, *, #2340, .F. ) ;
#2220 = DIRECTION ( 'NONE',  ( 0.000000000000000000, 0.000000000000000000, -1.000000000000000000 ) ) ;
#2221 = CARTESIAN_POINT ( 'NONE',  ( -0.1179100844623141714, 0.4530558035880121182, 0.1818037549511413442 ) ) ;
#2222 = EDGE_CURVE ( 'NONE', #274, #350, #1926, .T. ) ;
#2223 = ORIENTED_EDGE ( 'NONE', *, *, #1502, .T. ) ;
#2224 = PERSON_AND_ORGANIZATION_ROLE ( 'creator' ) ;
#2225 = CARTESIAN_POINT ( 'NONE',  ( 0.8656320996526344347, 0.3547294015662866840, -0.1445047205165496673 ) ) ;
#2226 = CARTESIAN_POINT ( 'NONE',  ( 0.1044447523181857573, 0.2826857827724634786, -0.04981482354854645939 ) ) ;
#2227 = CARTESIAN_POINT ( 'NONE',  ( -0.8933955610061110608, 0.1687230715874533105, 0.1818037549511413442 ) ) ;
#2228 = DIRECTION ( 'NONE',  ( 0.9314032587905229921, -0.3639889689460300004, 0.000000000000000000 ) ) ;
#2229 = EDGE_CURVE ( 'NONE', #1689, #2921, #2570, .T. ) ;
#2230 = ORIENTED_EDGE ( 'NONE', *, *, #2392, .F. ) ;
#2231 = CARTESIAN_POINT ( 'NONE',  ( -0.007945371380802229710, -0.01465902786416777362, -0.2767014875008964592 ) ) ;
#2232 = CARTESIAN_POINT ( 'NONE',  ( 0.6669491192606300523, 0.3196442760989272047, -0.1779722564619538594 ) ) ;
#2233 = ADVANCED_FACE ( 'NONE', ( #52 ), #983, .F. ) ;
#2234 = EDGE_LOOP ( 'NONE', ( #2230, #488, #910, #1027, #1643 ) ) ;
#2235 = DIRECTION ( 'NONE',  ( 0.000000000000000000, 0.000000000000000000, -1.000000000000000000 ) ) ;
#2236 = DIRECTION ( 'NONE',  ( 0.000000000000000000, 0.000000000000000000, 1.000000000000000000 ) ) ;
#2237 = ORIENTED_EDGE ( 'NONE', *, *, #1813, .F. ) ;
#2238 = LINE ( 'NONE', #2689, #1873 ) ;
#2239 = EDGE_CURVE ( 'NONE', #95, #2665, #2736, .T. ) ;
#2240 = CARTESIAN_POINT ( 'NONE',  ( -0.3611580524291473915, 0.04835349788836341978, -0.04242873588306689259 ) ) ;
#2241 = FACE_BOUND ( 'NONE', #1483, .T. ) ;
#2242 = DIRECTION ( 'NONE',  ( 0.000000000000000000, 0.000000000000000000, -1.000000000000000000 ) ) ;
#2243 = CARTESIAN_POINT ( 'NONE',  ( 0.06675054133522094479, 0.04185453625966771563, 0.2253115516801670049 ) ) ;
#2244 = LINE ( 'NONE', #2680, #812 ) ;
#2245 = B_SPLINE_CURVE_WITH_KNOTS ( 'NONE', 3,
 ( #724, #1351, #752, #1666, #11, #301, #767 ),
 .UNSPECIFIED., .F., .F.,
 ( 4, 3, 4 ),
 ( 0.000000000000000000, 2.574376329872595336E-05, 5.399470294434259137E-05 ),
 .UNSPECIFIED. ) ;
#2246 = ORIENTED_EDGE ( 'NONE', *, *, #435, .T. ) ;
#2247 = LINE ( 'NONE', #429, #218 ) ;
#2248 = CYLINDRICAL_SURFACE ( 'NONE', #1826, 0.1673376797270210159 ) ;
#2249 = ORIENTED_EDGE ( 'NONE', *, *, #188, .F. ) ;
#2250 = PERSON_AND_ORGANIZATION ( #1056, #1385 ) ;
#2251 = CIRCLE ( 'NONE', #550, 0.03346753594540423371 ) ;
#2252 = CARTESIAN_POINT ( 'NONE',  ( 0.08086999075071404919, 0.05363232127538562072, 0.1483362190057370966 ) ) ;
#2253 = B_SPLINE_CURVE_WITH_KNOTS ( 'NONE', 3,
 ( #249, #446, #2769, #2317 ),
 .UNSPECIFIED., .F., .F.,
 ( 4, 4 ),
 ( 0.000000000000000000, 2.311145774089219266E-06 ),
 .UNSPECIFIED. ) ;
#2254 = AXIS2_PLACEMENT_3D ( 'NONE', #1506, #634, #404 ) ;
#2255 = CARTESIAN_POINT ( 'NONE',  ( -0.05918013333164669904, 0.4432533892592077085, -0.1681698421331495885 ) ) ;
#2256 = CYLINDRICAL_SURFACE ( 'NONE', #182, 0.03346753594540423371 ) ;
#2257 = CARTESIAN_POINT ( 'NONE',  ( -0.07266423439243693827, -0.08756328681852477980, -0.04242873588306683014 ) ) ;
#2258 = ADVANCED_FACE ( 'NONE', ( #849 ), #1783, .T. ) ;
#2259 = AXIS2_PLACEMENT_3D ( 'NONE', #1422, #96, #1029 ) ;
#2260 = CARTESIAN_POINT ( 'NONE',  ( 0.4904521850843460151, 0.2178566804633041420, 0.2253115516801670049 ) ) ;
#2261 = CARTESIAN_POINT ( 'NONE',  ( -0.06750200349013528445, 0.4195882676426078706, -0.05916250385576894699 ) ) ;
#2262 = ORIENTED_EDGE ( 'NONE', *, *, #2944, .F. ) ;
#2263 = AXIS2_PLACEMENT_3D ( 'NONE', #717, #2338, #1633 ) ;
#2264 = ORIENTED_EDGE ( 'NONE', *, *, #2700, .F. ) ;
#2265 = CARTESIAN_POINT ( 'NONE',  ( -0.4816967569684256767, -0.2606284510462981707, -0.02151152591718915805 ) ) ;
#2266 = CARTESIAN_POINT ( 'NONE',  ( -0.1743418061473425429, 0.4432533892592079305, 0.1720013406223371011 ) ) ;
#2267 = ADVANCED_FACE ( 'NONE', ( #2445 ), #2248, .T. ) ;
#2268 = VERTEX_POINT ( 'NONE', #1267 ) ;
#2269 = CALENDAR_DATE ( 2026, 29, 6 ) ;
#2270 = DIRECTION ( 'NONE',  ( 0.6865411646244319321, -0.7270909360431668800, 0.000000000000000000 ) ) ;
#2271 = ADVANCED_FACE ( 'NONE', ( #609 ), #336, .T. ) ;
#2272 = CARTESIAN_POINT ( 'NONE',  ( 0.1129926909961855713, 0.1099728350890329387, -0.1779722564619538594 ) ) ;
#2273 = CARTESIAN_POINT ( 'NONE',  ( -0.1595827026382705127, -0.2606284510462981707, -0.04242873588306683014 ) ) ;
#2274 = CARTESIAN_POINT ( 'NONE',  ( -0.8440254715891825077, 0.1311783763029221173, -0.04092182723427241486 ) ) ;
#2275 = ORIENTED_EDGE ( 'NONE', *, *, #2388, .T. ) ;
#2276 = FACE_OUTER_BOUND ( 'NONE', #122, .T. ) ;
#2277 = CYLINDRICAL_SURFACE ( 'NONE', #1675, 0.03346753594540426147 ) ;
#2278 = EDGE_LOOP ( 'NONE', ( #981, #2886, #2797 ) ) ;
#2279 = B_SPLINE_CURVE_WITH_KNOTS ( 'NONE', 3,
 ( #1327, #147, #2226, #2033, #1290, #1801, #2675, #839, #2719, #2947, #596, #1079, #2911, #2336, #1356, #2288, #209, #1567, #2539, #2319, #895, #953, #912, #1180, #2512, #1815, #2302, #463, #2103, #6, #1601 ),
 .UNSPECIFIED., .F., .F.,
 ( 4, 3, 3, 3, 3, 3, 3, 3, 3, 3, 4 ),
 ( 0.0001316380480746327374, 0.0001455635133614290521, 0.0001594847082556647214, 0.0001734735737789163854, 0.0001876172961364951303, 0.0002019231571911095867, 0.0002163311541308746480, 0.0002307274763280637588, 0.0002449901891860629174, 0.0002590533273219312524, 0.0002632762209567791911 ),
 .UNSPECIFIED. ) ;
#2280 = EDGE_CURVE ( 'NONE', #1620, #502, #1381, .T. ) ;
#2281 = CARTESIAN_POINT ( 'NONE',  ( -0.8933955610061110608, 0.1687230715874533105, 0.1818037549511413442 ) ) ;
#2282 = CARTESIAN_POINT ( 'NONE',  ( -0.8409178632754149563, 0.1288151193475059464, -0.05916250385576894699 ) ) ;
#2283 = B_SPLINE_CURVE_WITH_KNOTS ( 'NONE', 3,
 ( #1906, #2124, #522, #1167, #1181, #2816, #43, #1662, #1614, #2602, #1154, #2760, #1858 ),
 .UNSPECIFIED., .F., .F.,
 ( 4, 3, 3, 3, 4 ),
 ( -0.2984568362138509956, -0.2131834544384650088, -0.1279100726630789941, -0.06395503633153959422, 0.000000000000000000 ),
 .UNSPECIFIED. ) ;
#2284 = ORIENTED_EDGE ( 'NONE', *, *, #1376, .T. ) ;
#2285 = COORDINATED_UNIVERSAL_TIME_OFFSET ( 8, 0, .AHEAD. ) ;
#2286 = CARTESIAN_POINT ( 'NONE',  ( 0.1790382942216132423, 0.3526531957517993754, 0.1818037549511413442 ) ) ;
#2287 = ORIENTED_EDGE ( 'NONE', *, *, #1131, .T. ) ;
#2288 = CARTESIAN_POINT ( 'NONE',  ( 0.07097279450266771872, 0.2510805498311876049, -0.01756366577376575547 ) ) ;
#2289 = CARTESIAN_POINT ( 'NONE',  ( 0.2510531349728649109, 0.2378741302350128872, -0.1779722564619538594 ) ) ;
#2290 = DIRECTION ( 'NONE',  ( 0.000000000000000000, 0.000000000000000000, -1.000000000000000000 ) ) ;
#2291 = ORIENTED_EDGE ( 'NONE', *, *, #2280, .T. ) ;
#2292 = CARTESIAN_POINT ( 'NONE',  ( 0.8656320996526344347, 0.3547294015662866840, -0.1445047205165496673 ) ) ;
#2293 = CARTESIAN_POINT ( 'NONE',  ( 0.1790382942216132423, 0.3526531957517993754, -0.1779722564619538594 ) ) ;
#2294 = CARTESIAN_POINT ( 'NONE',  ( 0.08086999075071404919, 0.05363232127538562072, 0.1483362190057370966 ) ) ;
#2295 = CC_DESIGN_DATE_AND_TIME_ASSIGNMENT ( #2688, #2744, ( #2936 ) ) ;
#2296 = CARTESIAN_POINT ( 'NONE',  ( -0.8933955610061110608, 0.1687230715874533105, -0.1779722564619538594 ) ) ;
#2297 = ADVANCED_FACE ( 'NONE', ( #564 ), #1104, .F. ) ;
#2298 = ORIENTED_EDGE ( 'NONE', *, *, #686, .T. ) ;
#2299 = CARTESIAN_POINT ( 'NONE',  ( -0.1286311395415280501, -0.1058713537946336103, 0.1818036777958199623 ) ) ;
#2300 = ADVANCED_FACE ( 'NONE', ( #2190 ), #598, .F. ) ;
#2301 = ORIENTED_EDGE ( 'NONE', *, *, #1943, .F. ) ;
#2302 = CARTESIAN_POINT ( 'NONE',  ( 0.04391325749411410101, 0.2255301181787577325, -0.05022867204458140999 ) ) ;
#2303 = CARTESIAN_POINT ( 'NONE',  ( -0.3472648679144423323, -0.2962906898100994280, -0.1440863763172320067 ) ) ;
#2304 = CARTESIAN_POINT ( 'NONE',  ( 0.8656320996526344347, 0.3517702126911160798, -0.1779722564619538594 ) ) ;
#2305 = CIRCLE ( 'NONE', #861, 0.8020701263311605933 ) ;
#2306 = LINE ( 'NONE', #2341, #2866 ) ;
#2307 = VECTOR ( 'NONE', #1085, 1000.000000000000114 ) ;
#2308 = B_SPLINE_CURVE_WITH_KNOTS ( 'NONE', 3,
 ( #2867, #2427, #814, #2888, #1448, #1462, #1711, #2397, #1729, #2185 ),
 .UNSPECIFIED., .F., .F.,
 ( 4, 3, 3, 4 ),
 ( 6.618517460882532744E-05, 9.668468856457427976E-05, 0.0001271444602117727035, 0.0001346064304930209832 ),
 .UNSPECIFIED. ) ;
#2309 = CARTESIAN_POINT ( 'NONE',  ( 0.8237976797208795832, 0.3777538477108520754, -0.1445047205165496673 ) ) ;
#2310 = ADVANCED_FACE ( 'NONE', ( #1714 ), #1282, .T. ) ;
#2311 = CARTESIAN_POINT ( 'NONE',  ( 0.8237976797208795832, 0.4195882676426078706, 0.1483362190057370966 ) ) ;
#2312 = CARTESIAN_POINT ( 'NONE',  ( 0.2019749083884338214, 0.1202917793335911145, -0.1428313437192795521 ) ) ;
#2313 = ORIENTED_EDGE ( 'NONE', *, *, #2889, .F. ) ;
#2314 = AXIS2_PLACEMENT_3D ( 'NONE', #238, #1647, #2351 ) ;
#2315 = B_SPLINE_CURVE_WITH_KNOTS ( 'NONE', 3,
 ( #1853, #1886, #2810, #516, #1437, #705, #727, #2550, #2098, #690 ),
 .UNSPECIFIED., .F., .F.,
 ( 4, 3, 3, 4 ),
 ( 8.053891523219414104E-17, 2.815714808925147520E-05, 5.631134626165262776E-05, 7.778738581620884803E-05 ),
 .UNSPECIFIED. ) ;
#2316 = VERTEX_POINT ( 'NONE', #2640 ) ;
#2317 = CARTESIAN_POINT ( 'NONE',  ( 0.1999043488606233321, 0.1192647602987798039, -0.1428313437192795521 ) ) ;
#2318 = ORIENTED_EDGE ( 'NONE', *, *, #559, .F. ) ;
#2319 = CARTESIAN_POINT ( 'NONE',  ( 0.05773778064639829843, 0.2385836502409736104, -0.02350892068549847308 ) ) ;
#2320 = CARTESIAN_POINT ( 'NONE',  ( -0.09693114558714270579, 0.4530558035880121182, -0.08754268862446783206 ) ) ;
#2321 = EDGE_CURVE ( 'NONE', #1237, #2477, #142, .T. ) ;
#2322 = CARTESIAN_POINT ( 'NONE',  ( -0.3472648679144423323, -0.2962906898101004827, 0.1818037549511413442 ) ) ;
#2323 = ADVANCED_BREP_SHAPE_REPRESENTATION ( '005501', ( #1565, #2460 ), #1062 ) ;
#2324 = DIRECTION ( 'NONE',  ( 0.000000000000000000, 0.000000000000000000, 1.000000000000000000 ) ) ;
#2325 = CARTESIAN_POINT ( 'NONE',  ( 0.5282169848251858646, 0.2393209397344232547, -0.1718516045311950513 ) ) ;
#2326 = EDGE_CURVE ( 'NONE', #2953, #1040, #2880, .T. ) ;
#2327 = DIRECTION ( 'NONE',  ( 0.000000000000000000, 0.000000000000000000, 1.000000000000000000 ) ) ;
#2328 = B_SPLINE_CURVE_WITH_KNOTS ( 'NONE', 5,
 ( #1374, #2131, #2521, #2765, #1885, #2329, #1390, #215 ),
 .UNSPECIFIED., .F., .F.,
 ( 6, 1, 1, 6 ),
 ( 0.000000000000000000, 0.2957666993443290870, 0.8517535078624365319, 1.000000000000000000 ),
 .UNSPECIFIED. ) ;
#2329 = CARTESIAN_POINT ( 'NONE',  ( 0.1860912212800063525, 0.1123440016534827252, 0.02450633600774161994 ) ) ;
#2330 = EDGE_CURVE ( 'NONE', #2834, #1355, #1339, .T. ) ;
#2331 = CARTESIAN_POINT ( 'NONE',  ( -0.1983469113745279511, 0.4432533892592077085, 0.1720013406223370178 ) ) ;
#2332 = ORIENTED_EDGE ( 'NONE', *, *, #367, .F. ) ;
#2333 = CARTESIAN_POINT ( 'NONE',  ( 0.8892914507315474726, 0.3517702126911160798, 0.1719954215408018849 ) ) ;
#2334 = B_SPLINE_CURVE_WITH_KNOTS ( 'NONE', 3,
 ( #2467, #2194, #2928, #1987, #2896 ),
 .UNSPECIFIED., .F., .F.,
 ( 4, 1, 4 ),
 ( 0.000000000000000000, 0.4285714285714277705, 1.000000000000000000 ),
 .UNSPECIFIED. ) ;
#2335 = ORIENTED_EDGE ( 'NONE', *, *, #1403, .F. ) ;
#2336 = CARTESIAN_POINT ( 'NONE',  ( 0.07797782490532448318, 0.2576949109885754430, -0.01737079827201144441 ) ) ;
#2337 = ADVANCED_FACE ( 'NONE', ( #1402 ), #2794, .T. ) ;
#2338 = DIRECTION ( 'NONE',  ( 1.000000000000000000, 0.000000000000000000, 0.000000000000000000 ) ) ;
#2339 = DIRECTION ( 'NONE',  ( 0.000000000000000000, 0.000000000000000000, -1.000000000000000000 ) ) ;
#2340 = EDGE_CURVE ( 'NONE', #2571, #1660, #1743, .T. ) ;
#2341 = CARTESIAN_POINT ( 'NONE',  ( 0.07787634420271405400, 0.2575990898459117329, 0.02450633600774163728 ) ) ;
#2342 = CYLINDRICAL_SURFACE ( 'NONE', #2072, 0.1004026078362142971 ) ;
#2343 = CARTESIAN_POINT ( 'NONE',  ( -0.1334578391732601788, 0.4523319479569263279, -0.01736125210914942624 ) ) ;
#2344 = CARTESIAN_POINT ( 'NONE',  ( 0.8339800279080024081, 0.2771598625758562862, -0.1445047205165496673 ) ) ;
#2345 = CARTESIAN_POINT ( 'NONE',  ( -0.1637676338720850944, -0.3005418175586897500, 0.1583496823447692325 ) ) ;
#2346 = LINE ( 'NONE', #277, #362 ) ;
#2347 = EDGE_LOOP ( 'NONE', ( #1808, #1593, #1513, #2636 ) ) ;
#2348 = CARTESIAN_POINT ( 'NONE',  ( 0.2589001944979760217, 0.1461794419165537151, 3.001853774733441417E-07 ) ) ;
#2349 = ORIENTED_EDGE ( 'NONE', *, *, #2013, .F. ) ;
#2350 = CARTESIAN_POINT ( 'NONE',  ( 0.8990996355980385157, 0.3363315841913100956, -0.1445047205165496673 ) ) ;
#2351 = DIRECTION ( 'NONE',  ( -0.7959801973409622589, 0.6053226622562901671, 0.000000000000000000 ) ) ;
#2352 = DIRECTION ( 'NONE',  ( 0.1443908353418379975, 0.9895207358460389457, 0.000000000000000000 ) ) ;
#2353 = CARTESIAN_POINT ( 'NONE',  ( 0.8756455629916679584, 0.3375855351406731875, -0.1779722564619538594 ) ) ;
#2354 = CARTESIAN_POINT ( 'NONE',  ( -0.1882301650203921650, 0.4377181170479016448, -0.1726362779351911514 ) ) ;
#2355 = DIRECTION ( 'NONE',  ( 1.000000000000000000, 0.000000000000000000, 0.000000000000000000 ) ) ;
#2356 = DIRECTION ( 'NONE',  ( 0.000000000000000000, 1.000000000000000000, 0.000000000000000000 ) ) ;
#2357 = VECTOR ( 'NONE', #2426, 1000.000000000000114 ) ;
#2358 = EDGE_CURVE ( 'NONE', #1984, #2859, #77, .T. ) ;
#2359 = AXIS2_PLACEMENT_3D ( 'NONE', #964, #455, #922 ) ;
#2360 = CARTESIAN_POINT ( 'NONE',  ( -0.1570546815274740937, -0.2352588924676288218, 0.1756853242306007090 ) ) ;
#2361 = CARTESIAN_POINT ( 'NONE',  ( -0.1882301650203921650, 0.4377181170479016448, 0.1818037549511413442 ) ) ;
#2362 = AXIS2_PLACEMENT_3D ( 'NONE', #2752, #242, #1401 ) ;
#2363 = ORIENTED_EDGE ( 'NONE', *, *, #966, .T. ) ;
#2364 = CARTESIAN_POINT ( 'NONE',  ( -0.2411181033065814827, 0.4311406902617953008, 0.1797466869087246677 ) ) ;
#2365 = AXIS2_PLACEMENT_3D ( 'NONE', #2948, #2034, #391 ) ;
#2366 = ORIENTED_EDGE ( 'NONE', *, *, #1116, .F. ) ;
#2367 = LINE ( 'NONE', #1212, #2685 ) ;
#2368 = LINE ( 'NONE', #1847, #2456 ) ;
#2369 = LINE ( 'NONE', #1214, #1918 ) ;
#2370 = CARTESIAN_POINT ( 'NONE',  ( 0.07748133981462204667, 0.2572261147792229696, -0.1007645872240591212 ) ) ;
#2371 = CARTESIAN_POINT ( 'NONE',  ( 0.2872987927408938158, 0.2286535954682711869, -0.1779722564619538594 ) ) ;
#2372 = DIRECTION ( 'NONE',  ( 0.000000000000000000, 0.000000000000000000, 1.000000000000000000 ) ) ;
#2373 = CARTESIAN_POINT ( 'NONE',  ( -0.1595827026382705127, -0.2606284510462981707, 0.1818037549511413442 ) ) ;
#2374 = ORIENTED_EDGE ( 'NONE', *, *, #2321, .F. ) ;
#2375 = EDGE_CURVE ( 'NONE', #1827, #502, #1164, .T. ) ;
#2376 = EDGE_LOOP ( 'NONE', ( #1349, #965, #2415, #1509 ) ) ;
#2377 = CARTESIAN_POINT ( 'NONE',  ( 0.08746383396513393582, 0.05915743815478031326, -0.1595352137087115985 ) ) ;
#2378 = ORIENTED_EDGE ( 'NONE', *, *, #1841, .T. ) ;
#2379 = CARTESIAN_POINT ( 'NONE',  ( 0.3742684150825634215, 0.1871223278465839746, 0.5195762160419933329 ) ) ;
#2380 = CARTESIAN_POINT ( 'NONE',  ( 0.1048636833615915753, 0.2830813501093412676, -0.06349942366035228603 ) ) ;
#2381 = CARTESIAN_POINT ( 'NONE',  ( 0.3093508644494527005, 0.1708516205911475849, -0.1445047205165496673 ) ) ;
#2382 = CARTESIAN_POINT ( 'NONE',  ( -0.3520100551799844046, -0.2606284510462981707, -0.04242873588306683014 ) ) ;
#2383 = CARTESIAN_POINT ( 'NONE',  ( 0.2803241303841417231, 0.1638214953438521249, 0.1756853242306007090 ) ) ;
#2384 = DIRECTION ( 'NONE',  ( 1.000000000000000000, 0.000000000000000000, 0.000000000000000000 ) ) ;
#2385 = ORIENTED_EDGE ( 'NONE', *, *, #1380, .F. ) ;
#2386 = ORIENTED_EDGE ( 'NONE', *, *, #1657, .T. ) ;
#2387 = CARTESIAN_POINT ( 'NONE',  ( 0.6865938668607985962, 0.3747190605539435504, -0.1779722564619538594 ) ) ;
#2388 = EDGE_CURVE ( 'NONE', #1255, #1345, #2927, .T. ) ;
#2389 = EDGE_LOOP ( 'NONE', ( #2642, #1073, #651, #999 ) ) ;
#2390 = FACE_OUTER_BOUND ( 'NONE', #2161, .T. ) ;
#2391 = CARTESIAN_POINT ( 'NONE',  ( -0.1464293407235322531, -0.2343191869032029695, 0.5195762160419933329 ) ) ;
#2392 = EDGE_CURVE ( 'NONE', #1089, #2916, #658, .T. ) ;
#2393 = CARTESIAN_POINT ( 'NONE',  ( 0.06372714379096923454, 0.2442389877147289334, -0.09876482958981465388 ) ) ;
#2394 = FACE_OUTER_BOUND ( 'NONE', #2939, .T. ) ;
#2395 = DIRECTION ( 'NONE',  ( 1.000000000000000000, 0.000000000000000000, 0.000000000000000000 ) ) ;
#2396 = CARTESIAN_POINT ( 'NONE',  ( 0.06704380648787323926, 0.07560671566039282865, 0.1818037549511413442 ) ) ;
#2397 = CARTESIAN_POINT ( 'NONE',  ( 0.2064970949198415562, 0.1225173242038461591, 0.02440218701999517792 ) ) ;
#2398 = EDGE_LOOP ( 'NONE', ( #969, #821, #20, #2223, #542, #280, #2554 ) ) ;
#2399 = VERTEX_POINT ( 'NONE', #2266 ) ;
#2400 = TOROIDAL_SURFACE ( 'NONE', #2500, 0.04183441993175529561, 0.03346753594540423371 ) ;
#2401 = CARTESIAN_POINT ( 'NONE',  ( 0.09377050819126903081, 0.06959739267636934346, -0.1672973766548473407 ) ) ;
#2402 = AXIS2_PLACEMENT_3D ( 'NONE', #2745, #1365, #434 ) ;
#2403 = ORIENTED_EDGE ( 'NONE', *, *, #1028, .T. ) ;
#2404 = CARTESIAN_POINT ( 'NONE',  ( 0.8339800279080024081, 0.2771598625758562862, -0.1445047205165496673 ) ) ;
#2405 = CARTESIAN_POINT ( 'NONE',  ( -0.1653366981521937062, -0.3073333092752671414, -0.7128685042712329389 ) ) ;
#2406 = CIRCLE ( 'NONE', #2740, 0.5466644933281880059 ) ;
#2407 = CC_DESIGN_APPROVAL ( #683, ( #2936 ) ) ;
#2408 = EDGE_CURVE ( 'NONE', #94, #2118, #2245, .T. ) ;
#2409 = CARTESIAN_POINT ( 'NONE',  ( 0.06707185943496812852, 0.2473971691881145796, -0.09985012832283911288 ) ) ;
#2410 = CARTESIAN_POINT ( 'NONE',  ( 0.5650585628631048518, 0.2427810396410403637, 0.1733965631517024042 ) ) ;
#2411 = CARTESIAN_POINT ( 'NONE',  ( 0.2554579943302160427, 0.2329402473681727592, -0.1779722564619538594 ) ) ;
#2412 = ADVANCED_FACE ( 'NONE', ( #1652 ), #1683, .T. ) ;
#2413 = CARTESIAN_POINT ( 'NONE',  ( -0.1634765016983687480, -0.2208356914747678923, 0.1799842445856711382 ) ) ;
#2414 = CARTESIAN_POINT ( 'NONE',  ( 0.6614275990345349632, 0.3861207316972036230, -0.1779722564619538594 ) ) ;
#2415 = ORIENTED_EDGE ( 'NONE', *, *, #1566, .T. ) ;
#2416 = ORIENTED_EDGE ( 'NONE', *, *, #2222, .F. ) ;
#2417 = CARTESIAN_POINT ( 'NONE',  ( 0.8656320996526344347, 0.3777538477108520754, -0.1779722564619538594 ) ) ;
#2418 = DIRECTION ( 'NONE',  ( -0.6865411883505478929, 0.7270909136402528006, -4.114047914085908975E-17 ) ) ;
#2419 = ORIENTED_EDGE ( 'NONE', *, *, #494, .T. ) ;
#2420 = CARTESIAN_POINT ( 'NONE',  ( 0.1535563264056536981, 0.09471507485151120509, 0.5195762160419933329 ) ) ;
#2421 = DIRECTION ( 'NONE',  ( -0.9827011902889205563, 0.1851981927685545926, 0.000000000000000000 ) ) ;
#2422 = CARTESIAN_POINT ( 'NONE',  ( 0.8308085626930242773, 0.3003985228258608808, 0.1818037549511413442 ) ) ;
#2423 = CARTESIAN_POINT ( 'NONE',  ( -0.6740199960199917406, -0.03495673230514612095, -0.05342577985791758383 ) ) ;
#2424 = EDGE_CURVE ( 'NONE', #2799, #2316, #1617, .T. ) ;
#2425 = ORIENTED_EDGE ( 'NONE', *, *, #1286, .T. ) ;
#2426 = DIRECTION ( 'NONE',  ( -0.6865411646244309329, 0.7270909360431678792, 5.759667079720279097E-16 ) ) ;
#2427 = CARTESIAN_POINT ( 'NONE',  ( 0.2520497585691541809, 0.1433282717137613071, 0.006938635682996180734 ) ) ;
#2428 = VERTEX_POINT ( 'NONE', #2777 ) ;
#2429 = CARTESIAN_POINT ( 'NONE',  ( 0.8990996355980385157, 0.3517702126911160798, -0.1445047205165496673 ) ) ;
#2430 = CARTESIAN_POINT ( 'NONE',  ( 0.8339800279080024081, 0.2771598625758562862, 0.1558463165100109071 ) ) ;
#2431 = EDGE_LOOP ( 'NONE', ( #1763, #1998, #189, #2014 ) ) ;
#2432 = CARTESIAN_POINT ( 'NONE',  ( -0.3472648679144423323, -0.2962906898101004827, 0.1818037549511413442 ) ) ;
#2433 = FACE_BOUND ( 'NONE', #407, .T. ) ;
#2434 = CARTESIAN_POINT ( 'NONE',  ( 0.8339800279080024081, 0.2771598625758562862, -0.1520148180208234501 ) ) ;
#2435 = DIRECTION ( 'NONE',  ( 0.000000000000000000, 0.000000000000000000, 1.000000000000000000 ) ) ;
#2436 = CARTESIAN_POINT ( 'NONE',  ( -0.09491108476948197092, 0.3494517805453243864, -0.05916250385576894005 ) ) ;
#2437 = ORIENTED_EDGE ( 'NONE', *, *, #2114, .F. ) ;
#2438 = CARTESIAN_POINT ( 'NONE',  ( 0.2849726920431645549, 0.1575253056139708785, 0.2253115516801670049 ) ) ;
#2439 = ADVANCED_FACE ( 'NONE', ( #2605 ), #630, .F. ) ;
#2440 = CARTESIAN_POINT ( 'NONE',  ( 0.6669491192606300523, 0.3196442760989272047, 0.1818037549511413442 ) ) ;
#2441 = ORIENTED_EDGE ( 'NONE', *, *, #1973, .T. ) ;
#2442 = B_SPLINE_SURFACE_WITH_KNOTS ( 'NONE', 5, 1, ( 
 ( #2022, #2036 ),
 ( #1992, #137 ),
 ( #2917, #623 ),
 ( #1068, #2472 ),
 ( #828, #1319 ),
 ( #2486, #587 ),
 ( #1791, #394 ),
 ( #361, #2711 ),
 ( #2231, #2503 ),
 ( #1745, #1543 ),
 ( #2902, #2243 ),
 ( #1295, #1330 ),
 ( #2697, #860 ),
 ( #1976, #1053 ),
 ( #1510, #2887 ),
 ( #2951, #2438 ),
 ( #638, #844 ),
 ( #1777, #1760 ),
 ( #1556, #2260 ),
 ( #1307, #426 ),
 ( #2679, #166 ),
 ( #1528, #2458 ),
 ( #2722, #1097 ),
 ( #152, #1084 ),
 ( #408, #186 ),
 ( #1112, #1806 ),
 ( #721, #684 ),
 ( #2737, #1387 ),
 ( #2051, #917 ),
 ( #2081, #1371 ) ),
 .UNSPECIFIED., .F., .F., .F.,
 ( 6, 1, 1, 1, 1, 1, 1, 1, 1, 1, 1, 1, 1, 1, 1, 1, 1, 1, 1, 1, 5, 6 ),
 ( 2, 2 ),
 ( -1.000000000000000000, -0.9499999999999999556, -0.9000000000000000222, -0.8499999999999999778, -0.8000000000000000444, -0.7500000000000000000, -0.6999999999999999556, -0.6500000000000000222, -0.5999999999999999778, -0.5500000000000000444, -0.5000000000000000000, -0.4500000000000000111, -0.4000000000000000222, -0.3499999999999999778, -0.2999999999999999889, -0.2500000000000000000, -0.2000000000000000111, -0.1499999999999999944, -0.1000000000000000056, -0.05000000000000000278, 0.000000000000000000, 0.1013262919184020061 ),
 ( -0.6999999999999999556, 0.8000000000000000444 ),
 .UNSPECIFIED. ) ;
#2443 = ORIENTED_EDGE ( 'NONE', *, *, #1889, .F. ) ;
#2444 = CARTESIAN_POINT ( 'NONE',  ( 0.8990996355980385157, 0.3517702126911160798, 0.1483362190057370966 ) ) ;
#2445 = FACE_OUTER_BOUND ( 'NONE', #2005, .T. ) ;
#2446 = AXIS2_PLACEMENT_3D ( 'NONE', #397, #1322, #34 ) ;
#2447 = ORIENTED_EDGE ( 'NONE', *, *, #1240, .F. ) ;
#2448 = CIRCLE ( 'NONE', #907, 0.1673376797270210159 ) ;
#2449 = CARTESIAN_POINT ( 'NONE',  ( -0.3472648679144423323, -0.2962906898100994280, -0.05916250385576894005 ) ) ;
#2450 = AXIS2_PLACEMENT_3D ( 'NONE', #2723, #653, #1573 ) ;
#2451 = EDGE_CURVE ( 'NONE', #2568, #2966, #916, .T. ) ;
#2452 = CARTESIAN_POINT ( 'NONE',  ( 0.8492818222750965207, 0.2792481545875231674, -0.1520148180208234501 ) ) ;
#2453 = CARTESIAN_POINT ( 'NONE',  ( 0.3731290696294016773, 0.2265018708158804406, 0.1818037549511413442 ) ) ;
#2454 = AXIS2_PLACEMENT_3D ( 'NONE', #2962, #2339, #1603 ) ;
#2455 = DIRECTION ( 'NONE',  ( 0.000000000000000000, 0.000000000000000000, -1.000000000000000000 ) ) ;
#2456 = VECTOR ( 'NONE', #954, 1000.000000000000000 ) ;
#2457 = EDGE_LOOP ( 'NONE', ( #631, #2925, #2505, #1313 ) ) ;
#2458 = CARTESIAN_POINT ( 'NONE',  ( 0.7595696286110035222, 0.2669189621689464498, 0.2253115516801670049 ) ) ;
#2459 = CARTESIAN_POINT ( 'NONE',  ( -0.7125628003261130772, 0.03120436385623224715, -0.1009969237875241455 ) ) ;
#2460 = AXIS2_PLACEMENT_3D ( 'NONE', #1133, #1798, #1785 ) ;
#2461 = ORIENTED_EDGE ( 'NONE', *, *, #328, .T. ) ;
#2462 = CARTESIAN_POINT ( 'NONE',  ( 0.07560922491544409818, 0.04750687216163734100, -0.04242873588306022431 ) ) ;
#2463 = CARTESIAN_POINT ( 'NONE',  ( 0.8379524670759065375, 0.3114797614891042787, 0.1818037549511413442 ) ) ;
#2464 = ADVANCED_FACE ( 'NONE', ( #2142 ), #2342, .F. ) ;
#2465 = VERTEX_POINT ( 'NONE', #27 ) ;
#2466 = CALENDAR_DATE ( 2026, 29, 6 ) ;
#2467 = CARTESIAN_POINT ( 'NONE',  ( 0.8339800279080024081, 0.2771598625758562862, 0.1483362190057370966 ) ) ;
#2468 = CARTESIAN_POINT ( 'NONE',  ( 0.8472022116773588740, 0.2851419756227678293, -0.1695650586920719738 ) ) ;
#2469 = CARTESIAN_POINT ( 'NONE',  ( 0.2677680098069541437, 0.2277292358546556539, -0.1779722564619538594 ) ) ;
#2470 = CARTESIAN_POINT ( 'NONE',  ( -0.09128123793066179881, -0.1144533603012586609, -0.04242873588306683014 ) ) ;
#2471 = EDGE_CURVE ( 'NONE', #2099, #640, #914, .T. ) ;
#2472 = CARTESIAN_POINT ( 'NONE',  ( -0.1449736633348308601, -0.2303730514718188571, 0.2253115516801670049 ) ) ;
#2473 = CARTESIAN_POINT ( 'NONE',  ( 0.4200034061929731055, 0.2703656820099948899, 0.1818037549511412609 ) ) ;
#2474 = ORIENTED_EDGE ( 'NONE', *, *, #128, .T. ) ;
#2475 = PLANE ( 'NONE',  #2446 ) ;
#2476 = DIRECTION ( 'NONE',  ( 0.000000000000000000, 1.000000000000000000, 0.000000000000000000 ) ) ;
#2477 = VERTEX_POINT ( 'NONE', #1696 ) ;
#2478 = CALENDAR_DATE ( 2026, 29, 6 ) ;
#2479 = EDGE_CURVE ( 'NONE', #703, #533, #376, .T. ) ;
#2480 = PLANE ( 'NONE',  #1378 ) ;
#2481 = DIRECTION ( 'NONE',  ( -0.04027896108751487930, 0.9991884733591108736, 0.000000000000000000 ) ) ;
#2482 = CARTESIAN_POINT ( 'NONE',  ( 0.8990996355980385157, 0.2020578321027589053, 0.1483362190057370966 ) ) ;
#2483 = ORIENTED_EDGE ( 'NONE', *, *, #1871, .F. ) ;
#2484 = CARTESIAN_POINT ( 'NONE',  ( -0.6740199960199917406, -0.03495673230514612095, -0.05342577985791758383 ) ) ;
#2485 = ORIENTED_EDGE ( 'NONE', *, *, #1758, .T. ) ;
#2486 = CARTESIAN_POINT ( 'NONE',  ( -0.1033581951979860580, -0.1329709947061264164, -0.2767014875008964592 ) ) ;
#2487 = CARTESIAN_POINT ( 'NONE',  ( -0.8957513467234483606, 0.1931846731181253440, -0.01732808392401363751 ) ) ;
#2488 = EDGE_LOOP ( 'NONE', ( #5, #1958, #2583, #383, #143 ) ) ;
#2489 = CARTESIAN_POINT ( 'NONE',  ( -0.2432405633574207526, -0.2606284510462981707, 0.1818037549511413442 ) ) ;
#2490 = EDGE_CURVE ( 'NONE', #1503, #2877, #1779, .T. ) ;
#2491 = CARTESIAN_POINT ( 'NONE',  ( -0.07666465467329690309, 0.4530558035880121182, -0.04891843039032003904 ) ) ;
#2492 = VERTEX_POINT ( 'NONE', #342 ) ;
#2493 = COORDINATED_UNIVERSAL_TIME_OFFSET ( 8, 0, .AHEAD. ) ;
#2494 = TOROIDAL_SURFACE ( 'NONE', #1190, 0.07530195587715943217, 0.04183441993175529561 ) ;
#2495 = CARTESIAN_POINT ( 'NONE',  ( 0.3349320989491941236, 0.2469490688470993012, -0.1779722564619538594 ) ) ;
#2496 = AXIS2_PLACEMENT_3D ( 'NONE', #195, #2976, #2526 ) ;
#2497 = FACE_OUTER_BOUND ( 'NONE', #1831, .T. ) ;
#2498 = DIRECTION ( 'NONE',  ( 0.7071067811865461294, 0.7071067811865490160, 0.000000000000000000 ) ) ;
#2499 = CARTESIAN_POINT ( 'NONE',  ( 0.6669491192606300523, 0.3196442760989272047, -0.1779722564619538594 ) ) ;
#2500 = AXIS2_PLACEMENT_3D ( 'NONE', #2309, #976, #2808 ) ;
#2501 = EDGE_CURVE ( 'NONE', #1658, #579, #322, .T. ) ;
#2502 = AXIS2_PLACEMENT_3D ( 'NONE', #694, #419, #194 ) ;
#2503 = CARTESIAN_POINT ( 'NONE',  ( -0.007945371380802229710, -0.01465902786416777362, 0.2253115516801670049 ) ) ;
#2504 = LINE ( 'NONE', #2563, #1721 ) ;
#2505 = ORIENTED_EDGE ( 'NONE', *, *, #524, .T. ) ;
#2506 = CARTESIAN_POINT ( 'NONE',  ( -0.1334578396675439316, 0.4523319479108017793, -0.1009637556192114760 ) ) ;
#2507 = CARTESIAN_POINT ( 'NONE',  ( -0.09693114512038453201, 0.4530558035880121182, -0.03078231942087399781 ) ) ;
#2508 = VERTEX_POINT ( 'NONE', #825 ) ;
#2509 = APPROVAL_ROLE ( '' ) ;
#2510 = DIRECTION ( 'NONE',  ( 0.000000000000000000, 0.000000000000000000, 1.000000000000000000 ) ) ;
#2511 = ORIENTED_EDGE ( 'NONE', *, *, #2718, .T. ) ;
#2512 = CARTESIAN_POINT ( 'NONE',  ( 0.04633357897635318606, 0.2278154587811970777, -0.04135792924003679066 ) ) ;
#2513 = CARTESIAN_POINT ( 'NONE',  ( 0.2671027457158478557, 0.1495502823330641107, -0.009642983740619049532 ) ) ;
#2514 = CARTESIAN_POINT ( 'NONE',  ( 0.7731914040905470964, 0.2697787834762301329, 0.5195762160419933329 ) ) ;
#2515 = ORIENTED_EDGE ( 'NONE', *, *, #443, .F. ) ;
#2516 = VERTEX_POINT ( 'NONE', #2662 ) ;
#2517 = CC_DESIGN_PERSON_AND_ORGANIZATION_ASSIGNMENT ( #661, #144, ( #2541 ) ) ;
#2518 = CARTESIAN_POINT ( 'NONE',  ( -0.06750200349013528445, 0.4195882676426078706, -0.05916250385576894005 ) ) ;
#2519 = CARTESIAN_POINT ( 'NONE',  ( -0.8933955610061110608, 0.1687230715874533105, -0.01732808392401363751 ) ) ;
#2520 = EDGE_CURVE ( 'NONE', #1676, #2678, #327, .T. ) ;
#2521 = CARTESIAN_POINT ( 'NONE',  ( 0.1406405896424197111, 0.08745151390092688326, 0.02450633600774161994 ) ) ;
#2522 = CARTESIAN_POINT ( 'NONE',  ( -0.3277996976373729887, 0.2707620885782331954, -0.01732808392401363751 ) ) ;
#2523 = ORIENTED_EDGE ( 'NONE', *, *, #807, .F. ) ;
#2524 = CARTESIAN_POINT ( 'NONE',  ( -0.04772901570624610290, 0.004120098280509152354, 0.1818036777958199623 ) ) ;
#2525 = ORIENTED_EDGE ( 'NONE', *, *, #478, .T. ) ;
#2526 = DIRECTION ( 'NONE',  ( 0.9012491549832297721, 0.4333012354494439333, 0.000000000000000000 ) ) ;
#2527 = DIRECTION ( 'NONE',  ( 0.000000000000000000, 0.000000000000000000, 1.000000000000000000 ) ) ;
#2528 = CARTESIAN_POINT ( 'NONE',  ( 0.8294545398248365231, 0.3103200181826392678, -0.1779722564619538594 ) ) ;
#2529 = CARTESIAN_POINT ( 'NONE',  ( 0.1270640349023039739, 0.07944429220607311659, -0.03385371645261880252 ) ) ;
#2530 = CARTESIAN_POINT ( 'NONE',  ( 0.2811465724797074794, 0.1616904358657141327, 0.1733965631517024042 ) ) ;
#2531 = EDGE_CURVE ( 'NONE', #164, #789, #1459, .T. ) ;
#2532 = CARTESIAN_POINT ( 'NONE',  ( 0.1942874630324792073, 0.1164017050371486534, -0.1426670735735358075 ) ) ;
#2533 = CARTESIAN_POINT ( 'NONE',  ( 0.2680272057660114116, 0.1498966958517895798, -0.1084466439959665268 ) ) ;
#2534 = ADVANCED_FACE ( 'NONE', ( #2394 ), #2213, .T. ) ;
#2535 = ORIENTED_EDGE ( 'NONE', *, *, #898, .T. ) ;
#2536 = CARTESIAN_POINT ( 'NONE',  ( -0.3472648679144423323, -0.2962906898101004827, -0.01732808392401363751 ) ) ;
#2537 = ORIENTED_EDGE ( 'NONE', *, *, #2807, .F. ) ;
#2538 = AXIS2_PLACEMENT_3D ( 'NONE', #1923, #300, #1227 ) ;
#2539 = CARTESIAN_POINT ( 'NONE',  ( 0.06088930467510127870, 0.2415594143595877763, -0.02145464154646812074 ) ) ;
#2540 = CARTESIAN_POINT ( 'NONE',  ( -0.3520100551799844046, -0.2606284510462981707, -0.02151152591718915805 ) ) ;
#2541 = PRODUCT ( '005501', '005501', '', ( #2728 ) ) ;
#2542 = CARTESIAN_POINT ( 'NONE',  ( -0.1609653436809191096, -0.2886216433880420817, -0.04242873588306683014 ) ) ;
#2543 = AXIS2_PLACEMENT_3D ( 'NONE', #1832, #716, #2733 ) ;
#2544 = DIRECTION ( 'NONE',  ( -0.7270909136402518014, -0.6865411883505488921, 0.000000000000000000 ) ) ;
#2545 = DIRECTION ( 'NONE',  ( -0.7959801973409622589, 0.6053226622562901671, 0.000000000000000000 ) ) ;
#2546 = AXIS2_PLACEMENT_3D ( 'NONE', #2712, #2698, #167 ) ;
#2547 = CARTESIAN_POINT ( 'NONE',  ( 0.2713004630827235975, 0.1872030462566418030, 0.1818037549511413442 ) ) ;
#2548 = CIRCLE ( 'NONE', #1476, 0.7351350544968051626 ) ;
#2549 = CARTESIAN_POINT ( 'NONE',  ( 0.2833503867019352973, 0.1559800530780861560, -0.04242873588306683014 ) ) ;
#2550 = CARTESIAN_POINT ( 'NONE',  ( -0.7994550641773841004, 0.09728371691003213917, -0.1770310687271564321 ) ) ;
#2551 = CONICAL_SURFACE ( 'NONE', #2024, 0.1296867017884412721, 0.7853981633974476129 ) ;
#2552 = VERTEX_POINT ( 'NONE', #570 ) ;
#2553 = VECTOR ( 'NONE', #1504, 1000.000000000000000 ) ;
#2554 = ORIENTED_EDGE ( 'NONE', *, *, #185, .F. ) ;
#2555 = CARTESIAN_POINT ( 'NONE',  ( 0.2658970831501448751, 0.2207672463242915939, -0.1779722564619538594 ) ) ;
#2556 = ADVANCED_FACE ( 'NONE', ( #1924 ), #2197, .T. ) ;
#2557 = ORIENTED_EDGE ( 'NONE', *, *, #1664, .F. ) ;
#2558 = CYLINDRICAL_SURFACE ( 'NONE', #2496, 0.2677402875632295953 ) ;
#2559 = CARTESIAN_POINT ( 'NONE',  ( -0.5144200850823276161, 0.4195882676426086477, -0.1779722564619538594 ) ) ;
#2560 = CARTESIAN_POINT ( 'NONE',  ( 0.6614275990345349632, 0.3861207316972036230, 0.1818037549511413442 ) ) ;
#2561 = CARTESIAN_POINT ( 'NONE',  ( -0.4241048822177689859, 0.4362495007827612015, -0.1736235485422327474 ) ) ;
#2562 = CARTESIAN_POINT ( 'NONE',  ( 0.1577956556550745570, 0.1376826784008031435, -0.1779722564619538594 ) ) ;
#2563 = CARTESIAN_POINT ( 'NONE',  ( -0.1983469113745279511, 0.4530558035880121182, 0.1483362190057370966 ) ) ;
#2564 = CARTESIAN_POINT ( 'NONE',  ( -0.8439881022264229538, 0.1311499578545385625, -0.07730751669665383852 ) ) ;
#2565 = CARTESIAN_POINT ( 'NONE',  ( 0.1999043488606233321, 0.1192647602987798039, -0.1428313437192795521 ) ) ;
#2566 = LINE ( 'NONE', #2361, #555 ) ;
#2567 = EDGE_LOOP ( 'NONE', ( #1931, #1747, #2179, #742 ) ) ;
#2568 = VERTEX_POINT ( 'NONE', #1939 ) ;
#2569 = B_SPLINE_CURVE_WITH_KNOTS ( 'NONE', 3,
 ( #780, #1705, #805, #548, #1269 ),
 .UNSPECIFIED., .F., .F.,
 ( 4, 1, 4 ),
 ( 0.000000000000000000, 0.5714285714285709528, 1.000000000000000000 ),
 .UNSPECIFIED. ) ;
#2570 = LINE ( 'NONE', #1408, #956 ) ;
#2571 = VERTEX_POINT ( 'NONE', #1989 ) ;
#2572 = ADVANCED_FACE ( 'NONE', ( #2851 ), #168, .F. ) ;
#2573 = CYLINDRICAL_SURFACE ( 'NONE', #1143, 0.03346753594540430310 ) ;
#2574 = CARTESIAN_POINT ( 'NONE',  ( -0.7532514408425459163, 0.06214703841431002546, 0.1818037549511413442 ) ) ;
#2575 = CARTESIAN_POINT ( 'NONE',  ( 0.8339800279080024081, 0.2771598625758562862, -0.1445047205165496673 ) ) ;
#2576 = CARTESIAN_POINT ( 'NONE',  ( -0.4696469651998492756, 0.4300426335648441789, -0.1779722564619535541 ) ) ;
#2577 = CARTESIAN_POINT ( 'NONE',  ( 0.8304700569759796425, 0.3028788966650539649, -0.1779722564619538594 ) ) ;
#2578 = CARTESIAN_POINT ( 'NONE',  ( 0.3731290696294016773, 0.2265018708158804406, 0.1818037549511413442 ) ) ;
#2579 = CARTESIAN_POINT ( 'NONE',  ( -0.8705369658180657222, 0.1513396922761455488, -0.1009969237875241177 ) ) ;
#2580 = CARTESIAN_POINT ( 'NONE',  ( -0.1719497210547989985, -0.2986183068509477567, 0.1756853242306007090 ) ) ;
#2581 = LINE ( 'NONE', #500, #657 ) ;
#2582 = EDGE_CURVE ( 'NONE', #1119, #788, #2648, .T. ) ;
#2583 = ORIENTED_EDGE ( 'NONE', *, *, #2972, .T. ) ;
#2584 = CARTESIAN_POINT ( 'NONE',  ( 0.6937244205158000776, 0.3412769173693598890, -0.1779722564619538594 ) ) ;
#2585 = ORIENTED_EDGE ( 'NONE', *, *, #1960, .T. ) ;
#2586 = DIRECTION ( 'NONE',  ( -0.1081789622010460306, 0.9941314360471178446, 0.000000000000000000 ) ) ;
#2587 = FACE_OUTER_BOUND ( 'NONE', #374, .T. ) ;
#2588 = CARTESIAN_POINT ( 'NONE',  ( 0.03812269204955136964, 0.02108656763746591736, -0.7128685042712329389 ) ) ;
#2589 = CARTESIAN_POINT ( 'NONE',  ( 0.06047095153090652209, 0.2411643926925892689, -0.09688367871573727585 ) ) ;
#2590 = CARTESIAN_POINT ( 'NONE',  ( 0.8339800279080024081, 0.2771598625758562862, -0.1545181838555813869 ) ) ;
#2591 = DIRECTION ( 'NONE',  ( 0.000000000000000000, 0.000000000000000000, 1.000000000000000000 ) ) ;
#2592 = CIRCLE ( 'NONE', #169, 0.03346753594540425453 ) ;
#2593 = AXIS2_PLACEMENT_3D ( 'NONE', #318, #2652, #106 ) ;
#2594 = LINE ( 'NONE', #1009, #2357 ) ;
#2595 = DIRECTION ( 'NONE',  ( -0.5141309155741438097, -0.4854579298465440118, 0.7071067811865479058 ) ) ;
#2596 = VERTEX_POINT ( 'NONE', #1756 ) ;
#2597 = ORIENTED_EDGE ( 'NONE', *, *, #2375, .T. ) ;
#2598 = CARTESIAN_POINT ( 'NONE',  ( 0.09510825631545345715, 0.07207315707959142947, -0.1686888925422730112 ) ) ;
#2599 = AXIS2_PLACEMENT_3D ( 'NONE', #1118, #945, #2356 ) ;
#2600 = ORIENTED_EDGE ( 'NONE', *, *, #1769, .F. ) ;
#2601 = DIRECTION ( 'NONE',  ( 1.000000000000000000, 0.000000000000000000, 0.000000000000000000 ) ) ;
#2602 = CARTESIAN_POINT ( 'NONE',  ( 0.6855131899923166960, 0.3294145234936923794, 0.1818037549511413442 ) ) ;
#2603 = CARTESIAN_POINT ( 'NONE',  ( 0.8892972212692342726, 0.3547294015662866840, -0.1681698421331495885 ) ) ;
#2604 = CARTESIAN_POINT ( 'NONE',  ( 0.08757221876942947181, 0.2667542272878091203, -0.09687461213449131969 ) ) ;
#2605 = FACE_OUTER_BOUND ( 'NONE', #1187, .T. ) ;
#2606 = CARTESIAN_POINT ( 'NONE',  ( -0.6740199965822555317, -0.03495673113565929413, -0.04242873588306683014 ) ) ;
#2607 = PRODUCT_RELATED_PRODUCT_CATEGORY ( 'detail', '', ( #2541 ) ) ;
#2608 = FACE_OUTER_BOUND ( 'NONE', #2389, .T. ) ;
#2609 = ADVANCED_FACE ( 'NONE', ( #597 ), #2256, .F. ) ;
#2610 = DIRECTION ( 'NONE',  ( 0.000000000000000000, 0.000000000000000000, -1.000000000000000000 ) ) ;
#2611 = EDGE_LOOP ( 'NONE', ( #221, #2275, #1949, #387 ) ) ;
#2612 = CARTESIAN_POINT ( 'NONE',  ( 0.8569437904865234712, 0.3204768662753082475, 0.1818037549511413442 ) ) ;
#2613 = ORIENTED_EDGE ( 'NONE', *, *, #1608, .F. ) ;
#2614 = EDGE_CURVE ( 'NONE', #2904, #2953, #423, .T. ) ;
#2615 = DIRECTION ( 'NONE',  ( 0.000000000000000000, 0.000000000000000000, 1.000000000000000000 ) ) ;
#2616 = CARTESIAN_POINT ( 'NONE',  ( 0.3742684150825634215, 0.1871223278465839746, -0.7128685042712329389 ) ) ;
#2617 = DIRECTION ( 'NONE',  ( -0.4333012354494470419, 0.9012491549832282178, 0.000000000000000000 ) ) ;
#2618 = CARTESIAN_POINT ( 'NONE',  ( -0.3472648679144423323, -0.2962906898101004827, -0.1779722564619538594 ) ) ;
#2619 = CARTESIAN_POINT ( 'NONE',  ( 0.2872987927408938158, 0.2286535954682711869, -0.05804691932425540962 ) ) ;
#2620 = CARTESIAN_POINT ( 'NONE',  ( -0.1690876628250860547, -0.2008983530503045956, 0.1818037395205334417 ) ) ;
#2621 = CARTESIAN_POINT ( 'NONE',  ( 0.6669491192606300523, 0.3196442760989272047, 0.06187841781344313730 ) ) ;
#2622 = ORIENTED_EDGE ( 'NONE', *, *, #1039, .F. ) ;
#2623 = VERTEX_POINT ( 'NONE', #1368 ) ;
#2624 = CARTESIAN_POINT ( 'NONE',  ( 0.08299341271211727045, 0.05308305055155716073, -0.1532020431667705795 ) ) ;
#2625 = ORIENTED_EDGE ( 'NONE', *, *, #978, .F. ) ;
#2626 = CARTESIAN_POINT ( 'NONE',  ( -0.06750200349013528445, 0.4195882676426078706, -0.1009969237875241455 ) ) ;
#2627 = CARTESIAN_POINT ( 'NONE',  ( 0.3460735999879326341, 0.1785570154160441569, 0.5195762160419933329 ) ) ;
#2628 = EDGE_CURVE ( 'NONE', #2204, #1280, #2748, .T. ) ;
#2629 = CARTESIAN_POINT ( 'NONE',  ( 0.07333438556238976169, 0.2533104353958728350, -0.1428313437192795521 ) ) ;
#2630 = CARTESIAN_POINT ( 'NONE',  ( 0.2749057917987655641, 0.1778611485430366956, 0.1818037549511413442 ) ) ;
#2631 = CARTESIAN_POINT ( 'NONE',  ( 0.2872987927408938158, 0.2286535954682711869, 0.06187841781344313730 ) ) ;
#2632 = B_SPLINE_CURVE_WITH_KNOTS ( 'NONE', 3,
 ( #1535, #1576, #1996, #2506, #2055, #904, #1823 ),
 .UNSPECIFIED., .F., .F.,
 ( 4, 3, 4 ),
 ( 2.020679181887627269E-13, 1.579202823752697858E-05, 1.772942942028244697E-05 ),
 .UNSPECIFIED. ) ;
#2633 = CARTESIAN_POINT ( 'NONE',  ( -0.1882301650203919707, 0.4377181170479012007, 0.1764677764243789693 ) ) ;
#2634 = VECTOR ( 'NONE', #2753, 1000.000000000000227 ) ;
#2635 = CYLINDRICAL_SURFACE ( 'NONE', #2593, 0.08366883986351057734 ) ;
#2636 = ORIENTED_EDGE ( 'NONE', *, *, #1223, .F. ) ;
#2637 = AXIS2_PLACEMENT_3D ( 'NONE', #2989, #421, #1342 ) ;
#2638 = ORIENTED_EDGE ( 'NONE', *, *, #1889, .T. ) ;
#2639 = CIRCLE ( 'NONE', #1774, 0.07530195587715951544 ) ;
#2640 = CARTESIAN_POINT ( 'NONE',  ( -0.8933955610061110608, 0.1687230715874533105, 0.1818037549511413442 ) ) ;
#2641 = AXIS2_PLACEMENT_3D ( 'NONE', #1168, #1878, #493 ) ;
#2642 = ORIENTED_EDGE ( 'NONE', *, *, #987, .F. ) ;
#2643 = LINE ( 'NONE', #1985, #2553 ) ;
#2644 = ADVANCED_FACE ( 'NONE', ( #649, #181, #2241, #1568 ), #1110, .T. ) ;
#2645 = CARTESIAN_POINT ( 'NONE',  ( -0.1902017848563025137, -0.4168623532576394286, 0.5195762160419933329 ) ) ;
#2646 = AXIS2_PLACEMENT_3D ( 'NONE', #477, #733, #252 ) ;
#2647 = CARTESIAN_POINT ( 'NONE',  ( 0.8770442033582290797, 0.4310003713482017940, 0.1818037549511413442 ) ) ;
#2648 = LINE ( 'NONE', #1507, #1579 ) ;
#2649 = DIRECTION ( 'NONE',  ( 0.1851981927685539819, 0.9827011902889207784, -0.000000000000000000 ) ) ;
#2650 = ORIENTED_EDGE ( 'NONE', *, *, #1769, .T. ) ;
#2651 = CARTESIAN_POINT ( 'NONE',  ( -0.1963470043034033219, -0.2928827977417761685, 0.1818037549511413442 ) ) ;
#2652 = DIRECTION ( 'NONE',  ( -0.6865411646244309329, 0.7270909360431679902, 5.759667079720280083E-16 ) ) ;
#2653 = VERTEX_POINT ( 'NONE', #2018 ) ;
#2654 = ORIENTED_EDGE ( 'NONE', *, *, #1096, .F. ) ;
#2655 = CYLINDRICAL_SURFACE ( 'NONE', #509, 0.03346753594540425453 ) ;
#2656 = CARTESIAN_POINT ( 'NONE',  ( 0.8990996355980385157, 0.3517702126911160798, 0.1558463165100109071 ) ) ;
#2657 = VERTEX_POINT ( 'NONE', #635 ) ;
#2658 =( NAMED_UNIT ( * ) PLANE_ANGLE_UNIT ( ) SI_UNIT ( $, .RADIAN. ) );
#2659 = CARTESIAN_POINT ( 'NONE',  ( -0.2787837382867413005, -0.04894013938249822809, -0.04242873588306683014 ) ) ;
#2660 = EDGE_CURVE ( 'NONE', #307, #2827, #957, .T. ) ;
#2661 = CARTESIAN_POINT ( 'NONE',  ( -0.5144200850823277271, 0.4195882676426088698, 0.1818037549511413442 ) ) ;
#2662 = CARTESIAN_POINT ( 'NONE',  ( -0.1003905908997211882, 0.4257863948161133560, -0.05916250385576894699 ) ) ;
#2663 = CARTESIAN_POINT ( 'NONE',  ( -0.6740199960199917406, -0.03495673230514612095, -0.05342577985791758383 ) ) ;
#2664 = VERTEX_POINT ( 'NONE', #2932 ) ;
#2665 = VERTEX_POINT ( 'NONE', #1553 ) ;
#2666 = DIRECTION ( 'NONE',  ( -0.1443908353418279777, -0.9895207358460403890, 0.000000000000000000 ) ) ;
#2667 = CARTESIAN_POINT ( 'NONE',  ( 0.6871814061745177282, 0.3277816204170730385, -0.1779722564619538594 ) ) ;
#2668 = ORIENTED_EDGE ( 'NONE', *, *, #665, .T. ) ;
#2669 = VERTEX_POINT ( 'NONE', #1816 ) ;
#2670 = CARTESIAN_POINT ( 'NONE',  ( 0.8990996355980385157, 0.3517702126911160798, 0.1483362190057370966 ) ) ;
#2671 = CARTESIAN_POINT ( 'NONE',  ( 0.8656320996526344347, 0.3777538477108520754, -0.1445047205165496673 ) ) ;
#2672 = B_SPLINE_CURVE_WITH_KNOTS ( 'NONE', 3,
 ( #26, #2576, #2561, #671, #1359, #1399 ),
 .UNSPECIFIED., .F., .F.,
 ( 4, 2, 4 ),
 ( 2.979090859424780581E-18, 0.0001377064550642976312, 0.0002754129101285922808 ),
 .UNSPECIFIED. ) ;
#2673 = ORIENTED_EDGE ( 'NONE', *, *, #1176, .F. ) ;
#2674 = PLANE ( 'NONE',  #2164 ) ;
#2675 = CARTESIAN_POINT ( 'NONE',  ( 0.09841932212835939608, 0.2769963897058717595, -0.03325692649641463078 ) ) ;
#2676 = CARTESIAN_POINT ( 'NONE',  ( 0.7532966200574916504, 0.2661487019206875138, 0.1483362190057370966 ) ) ;
#2677 = CARTESIAN_POINT ( 'NONE',  ( -0.8597113482941454166, 0.1431070859348840540, -0.02123634475906848590 ) ) ;
#2678 = VERTEX_POINT ( 'NONE', #681 ) ;
#2679 = CARTESIAN_POINT ( 'NONE',  ( 0.6744448449519043765, 0.2536603521337623124, -0.2767014875008964592 ) ) ;
#2680 = CARTESIAN_POINT ( 'NONE',  ( 0.6614275990345349632, 0.3861207316972036230, 0.001915749244593827842 ) ) ;
#2681 = ORIENTED_EDGE ( 'NONE', *, *, #514, .F. ) ;
#2682 = ORIENTED_EDGE ( 'NONE', *, *, #966, .F. ) ;
#2683 = CARTESIAN_POINT ( 'NONE',  ( -0.2306688796193805402, 0.4296159398627258375, -0.1764759747488980901 ) ) ;
#2684 = DIRECTION ( 'NONE',  ( 1.000000000000000000, 0.000000000000000000, 0.000000000000000000 ) ) ;
#2685 = VECTOR ( 'NONE', #2137, 999.9999999999998863 ) ;
#2686 = ORIENTED_EDGE ( 'NONE', *, *, #823, .F. ) ;
#2687 = AXIS2_PLACEMENT_3D ( 'NONE', #314, #1492, #2822 ) ;
#2688 = DATE_AND_TIME ( #2466, #2125 ) ;
#2689 = CARTESIAN_POINT ( 'NONE',  ( 0.8656320996526344347, 0.2020578321027589053, 0.1818037549511413442 ) ) ;
#2690 = CIRCLE ( 'NONE', #2454, 0.1004026078362142971 ) ;
#2691 = CARTESIAN_POINT ( 'NONE',  ( -0.4243244159907141877, 0.4362195850416839549, 0.1774736119237841359 ) ) ;
#2692 = CARTESIAN_POINT ( 'NONE',  ( 0.8237976797208795832, 0.3777538477108520754, 0.1483362190057370966 ) ) ;
#2693 = CIRCLE ( 'NONE', #1922, 0.04183441993175531642 ) ;
#2694 = CARTESIAN_POINT ( 'NONE',  ( -0.8482053062189177650, 0.1343570340563619014, -0.03306451155837449030 ) ) ;
#2695 = AXIS2_PLACEMENT_3D ( 'NONE', #2626, #580, #1950 ) ;
#2696 = VERTEX_POINT ( 'NONE', #422 ) ;
#2697 = CARTESIAN_POINT ( 'NONE',  ( 0.1450092235836532573, 0.09038701563158681174, -0.2767014875008964592 ) ) ;
#2698 = DIRECTION ( 'NONE',  ( 0.000000000000000000, 0.000000000000000000, -1.000000000000000000 ) ) ;
#2699 = EDGE_CURVE ( 'NONE', #2428, #1355, #210, .T. ) ;
#2700 = EDGE_CURVE ( 'NONE', #2669, #2943, #2406, .T. ) ;
#2701 = ORIENTED_EDGE ( 'NONE', *, *, #2766, .F. ) ;
#2702 = DIRECTION ( 'NONE',  ( 0.000000000000000000, 0.000000000000000000, -1.000000000000000000 ) ) ;
#2703 = DIRECTION ( 'NONE',  ( 0.000000000000000000, 0.000000000000000000, 1.000000000000000000 ) ) ;
#2704 = ORIENTED_EDGE ( 'NONE', *, *, #1871, .T. ) ;
#2705 = DATE_AND_TIME ( #2478, #1927 ) ;
#2706 = DIRECTION ( 'NONE',  ( 0.000000000000000000, -1.000000000000000000, 0.000000000000000000 ) ) ;
#2707 = CYLINDRICAL_SURFACE ( 'NONE', #2254, 0.03346753594540425453 ) ;
#2708 = LINE ( 'NONE', #2482, #2168 ) ;
#2709 = DIRECTION ( 'NONE',  ( 0.000000000000000000, 0.000000000000000000, 1.000000000000000000 ) ) ;
#2710 = EDGE_CURVE ( 'NONE', #107, #1845, #2708, .T. ) ;
#2711 = CARTESIAN_POINT ( 'NONE',  ( -0.04278765226886870748, -0.04863584282402940578, 0.2253115516801670049 ) ) ;
#2712 = CARTESIAN_POINT ( 'NONE',  ( -0.3520100551799844046, -0.2606284510462981707, -0.02151152591718915805 ) ) ;
#2713 = ORIENTED_EDGE ( 'NONE', *, *, #1245, .F. ) ;
#2714 = DIRECTION ( 'NONE',  ( 0.000000000000000000, 0.000000000000000000, 1.000000000000000000 ) ) ;
#2715 = CARTESIAN_POINT ( 'NONE',  ( -0.06750200349013528445, 0.4530558035880121182, -0.05916250385576894005 ) ) ;
#2716 = ORIENTED_EDGE ( 'NONE', *, *, #2660, .F. ) ;
#2717 = DIRECTION ( 'NONE',  ( -0.9827011902889207784, 0.1851981927685538987, 0.000000000000000000 ) ) ;
#2718 = EDGE_CURVE ( 'NONE', #2188, #982, #1343, .T. ) ;
#2719 = CARTESIAN_POINT ( 'NONE',  ( 0.09370598053247286563, 0.2725459102958882607, -0.02641652014869004181 ) ) ;
#2720 = CARTESIAN_POINT ( 'NONE',  ( 0.2238870220484731055, 0.1832606250667784265, 3.001857307649222206E-07 ) ) ;
#2721 = CARTESIAN_POINT ( 'NONE',  ( -0.1839329066223111819, 0.4394963799978679475, 0.1752601643233603346 ) ) ;
#2722 = CARTESIAN_POINT ( 'NONE',  ( 0.8276815048241719097, 0.2764705205665217713, -0.2767014875008964592 ) ) ;
#2723 = CARTESIAN_POINT ( 'NONE',  ( -0.06750200349013528445, 0.4195882676426078706, -0.05916250385576894005 ) ) ;
#2724 = VERTEX_POINT ( 'NONE', #2961 ) ;
#2725 = PLANE ( 'NONE',  #2208 ) ;
#2726 = CARTESIAN_POINT ( 'NONE',  ( 0.2872987927408938158, 0.2286535954682711869, -0.05804691932425540962 ) ) ;
#2727 = ORIENTED_EDGE ( 'NONE', *, *, #2085, .T. ) ;
#2728 = MECHANICAL_CONTEXT ( 'NONE', #1963, 'mechanical' ) ;
#2729 = CIRCLE ( 'NONE', #1420, 0.01673376797270212032 ) ;
#2730 = CARTESIAN_POINT ( 'NONE',  ( -0.1690876628250860547, -0.2008983530503045956, 0.1818037395205334417 ) ) ;
#2731 = AXIS2_PLACEMENT_3D ( 'NONE', #1839, #1609, #2384 ) ;
#2732 = ADVANCED_FACE ( 'NONE', ( #2002 ), #856, .F. ) ;
#2733 = DIRECTION ( 'NONE',  ( 0.5141309155741446979, 0.4854579298465430126, 0.7071067811865479058 ) ) ;
#2734 = CARTESIAN_POINT ( 'NONE',  ( 0.2645982763578997865, 0.1485341039719272893, -0.006212848183953976165 ) ) ;
#2735 = CARTESIAN_POINT ( 'NONE',  ( 0.6618743608272080747, 0.2523636348024814180, -0.7128685042712329389 ) ) ;
#2736 = CIRCLE ( 'NONE', #129, 0.03346753594540423371 ) ;
#2737 = CARTESIAN_POINT ( 'NONE',  ( 1.045744672824195254, 0.3042826381592070861, -0.2767014875008964592 ) ) ;
#2738 = CARTESIAN_POINT ( 'NONE',  ( 0.2833503867019352973, 0.1559800530780861560, 0.1483362190057370966 ) ) ;
#2739 = ORIENTED_EDGE ( 'NONE', *, *, #823, .T. ) ;
#2740 = AXIS2_PLACEMENT_3D ( 'NONE', #2303, #873, #1080 ) ;
#2741 = CARTESIAN_POINT ( 'NONE',  ( -0.03065314912959812149, -0.01474719708887139644, 0.1756853242306007090 ) ) ;
#2742 = CARTESIAN_POINT ( 'NONE',  ( -0.3472648679144423323, -0.2962906898101004827, -0.1009969237875241455 ) ) ;
#2743 = EDGE_LOOP ( 'NONE', ( #869, #1805, #2871, #1610, #1935, #2147, #1562 ) ) ;
#2744 = DATE_TIME_ROLE ( 'classification_date' ) ;
#2745 = CARTESIAN_POINT ( 'NONE',  ( -0.3520100551799844046, -0.2606284510462981707, -0.04242873588306683014 ) ) ;
#2746 = EDGE_LOOP ( 'NONE', ( #235, #1392 ) ) ;
#2747 = CARTESIAN_POINT ( 'NONE',  ( -0.1637676338720850944, -0.3005418175586897500, 0.1483362190057370966 ) ) ;
#2748 = LINE ( 'NONE', #2720, #774 ) ;
#2749 = LINE ( 'NONE', #718, #1628 ) ;
#2750 = EDGE_CURVE ( 'NONE', #622, #2204, #41, .T. ) ;
#2751 = CARTESIAN_POINT ( 'NONE',  ( 0.1050294722158333915, 0.2832378929499560494, -0.05916250385576894005 ) ) ;
#2752 = CARTESIAN_POINT ( 'NONE',  ( 0.1479249595223745828, 0.1949626285006722803, -0.1428313437192795521 ) ) ;
#2753 = DIRECTION ( 'NONE',  ( 0.4333012354494470419, -0.9012491549832281068, 0.000000000000000000 ) ) ;
#2754 = CARTESIAN_POINT ( 'NONE',  ( 0.2774464447014751700, 0.1536640842526850459, -0.09140219526698921404 ) ) ;
#2755 = ORIENTED_EDGE ( 'NONE', *, *, #2388, .F. ) ;
#2756 = LINE ( 'NONE', #893, #1103 ) ;
#2757 = EDGE_CURVE ( 'NONE', #2859, #2428, #1884, .T. ) ;
#2758 = ORIENTED_EDGE ( 'NONE', *, *, #665, .F. ) ;
#2759 = CARTESIAN_POINT ( 'NONE',  ( -0.1637676338720850666, -0.3005418175586898055, 0.1491690647093495692 ) ) ;
#2760 = CARTESIAN_POINT ( 'NONE',  ( 0.6739655271044254770, 0.3208179357712683810, 0.1818037549511413442 ) ) ;
#2761 = CARTESIAN_POINT ( 'NONE',  ( 0.4531049073090628876, 0.2089060748368342657, 0.5195762160419933329 ) ) ;
#2762 = CARTESIAN_POINT ( 'NONE',  ( 0.1239130522770735543, 0.07757199932801310538, -0.05209730918122993520 ) ) ;
#2763 = CARTESIAN_POINT ( 'NONE',  ( 0.1738523613472147955, 0.1082118946822130251, -0.1545181838555813869 ) ) ;
#2764 = CARTESIAN_POINT ( 'NONE',  ( 0.2510531349728649109, 0.2378741302350128872, 0.1818037549511413442 ) ) ;
#2765 = CARTESIAN_POINT ( 'NONE',  ( 0.1553162289452732769, 0.09585802849221858324, 0.02450633600774161994 ) ) ;
#2766 = EDGE_CURVE ( 'NONE', #834, #2768, #2368, .T. ) ;
#2767 = CARTESIAN_POINT ( 'NONE',  ( 0.2833503867019352973, 0.1559800530780861560, -0.05916250385576894005 ) ) ;
#2768 = VERTEX_POINT ( 'NONE', #507 ) ;
#2769 = CARTESIAN_POINT ( 'NONE',  ( 0.2006196304771122874, 0.1195594813348553470, -0.1428313437192793856 ) ) ;
#2770 = ORIENTED_EDGE ( 'NONE', *, *, #36, .F. ) ;
#2771 = EDGE_CURVE ( 'NONE', #1089, #1114, #693, .T. ) ;
#2772 = CARTESIAN_POINT ( 'NONE',  ( 0.8294545398248365231, 0.3103200181826392678, -0.1779722564619538594 ) ) ;
#2773 = CYLINDRICAL_SURFACE ( 'NONE', #2263, 0.03346753594540426147 ) ;
#2774 = CYLINDRICAL_SURFACE ( 'NONE', #2930, 0.03346753594540426147 ) ;
#2775 = CIRCLE ( 'NONE', #25, 0.08366883986351060509 ) ;
#2776 = CARTESIAN_POINT ( 'NONE',  ( 0.1474945583791748560, 0.3638366071883599728, 0.1818037549511413442 ) ) ;
#2777 = CARTESIAN_POINT ( 'NONE',  ( 0.2510531349728649109, 0.2378741302350128872, -0.1779722564619538594 ) ) ;
#2778 = FACE_OUTER_BOUND ( 'NONE', #1530, .T. ) ;
#2779 = CARTESIAN_POINT ( 'NONE',  ( -0.06754057877682596855, 0.4530558035880121182, -0.05911937549013870224 ) ) ;
#2780 = VECTOR ( 'NONE', #1893, 1000.000000000000000 ) ;
#2781 = DIRECTION ( 'NONE',  ( 0.000000000000000000, 0.000000000000000000, 1.000000000000000000 ) ) ;
#2782 = LINE ( 'NONE', #2084, #2067 ) ;
#2783 = VECTOR ( 'NONE', #2977, 1000.000000000000000 ) ;
#2784 = EDGE_CURVE ( 'NONE', #533, #2664, #1197, .T. ) ;
#2785 = ORIENTED_EDGE ( 'NONE', *, *, #115, .T. ) ;
#2786 = CARTESIAN_POINT ( 'NONE',  ( -0.7125628003261130772, 0.03120436385623224715, -0.01732808392401363751 ) ) ;
#2787 = ORIENTED_EDGE ( 'NONE', *, *, #2229, .F. ) ;
#2788 = CARTESIAN_POINT ( 'NONE',  ( 0.8339800279080024081, 0.2771598625758562862, 0.1483362190057370966 ) ) ;
#2789 = CARTESIAN_POINT ( 'NONE',  ( 0.03687402179115410739, 0.3861207316972036230, 0.1818037549511413442 ) ) ;
#2790 = CARTESIAN_POINT ( 'NONE',  ( 0.8331523590374066979, 0.2832245406913304620, -0.1695650586920719738 ) ) ;
#2791 = B_SPLINE_CURVE_WITH_KNOTS ( 'NONE', 3,
 ( #2913, #1742, #619, #2663 ),
 .UNSPECIFIED., .F., .F.,
 ( 4, 4 ),
 ( 3.072570423121576930E-19, 8.436717412205142676E-05 ),
 .UNSPECIFIED. ) ;
#2792 = CARTESIAN_POINT ( 'NONE',  ( 0.1385934455329326798, 0.08620218204979336607, -0.008499990011265666154 ) ) ;
#2793 = CARTESIAN_POINT ( 'NONE',  ( 0.5235165313040285318, 0.2639577770462647188, -0.1779722564619538594 ) ) ;
#2794 = CYLINDRICAL_SURFACE ( 'NONE', #2599, 0.1673376797270210159 ) ;
#2795 = EDGE_CURVE ( 'NONE', #2316, #1250, #226, .T. ) ;
#2796 = CARTESIAN_POINT ( 'NONE',  ( 0.2531256582771427288, 0.1443153908579248024, 0.1583496823447692325 ) ) ;
#2797 = ORIENTED_EDGE ( 'NONE', *, *, #2915, .F. ) ;
#2798 = DIRECTION ( 'NONE',  ( 0.6865411883505478929, -0.7270909136402528006, 0.000000000000000000 ) ) ;
#2799 = VERTEX_POINT ( 'NONE', #2574 ) ;
#2800 = CARTESIAN_POINT ( 'NONE',  ( 0.8656320996526344347, 0.3517702126911160798, -0.1779722564619538594 ) ) ;
#2801 = EDGE_LOOP ( 'NONE', ( #1298, #2026, #2483, #728 ) ) ;
#2802 = CARTESIAN_POINT ( 'NONE',  ( 0.8876953164190474199, 0.3002516797604188881, -0.1445047205165496673 ) ) ;
#2803 = CARTESIAN_POINT ( 'NONE',  ( 0.8237976797208795832, 0.3777538477108520754, -0.1779722564619538594 ) ) ;
#2804 = CARTESIAN_POINT ( 'NONE',  ( -0.1570841051290158830, -0.2709811889323716638, 0.5195762160419933329 ) ) ;
#2805 = CARTESIAN_POINT ( 'NONE',  ( 0.8656320996526344347, 0.3403346135297171116, -0.1779722564619538594 ) ) ;
#2806 = CARTESIAN_POINT ( 'NONE',  ( 0.8339800279080024081, 0.2771598625758562862, -0.1445047205165496673 ) ) ;
#2807 = EDGE_CURVE ( 'NONE', #746, #306, #2693, .T. ) ;
#2808 = DIRECTION ( 'NONE',  ( 1.000000000000000000, 0.000000000000000000, 0.000000000000000000 ) ) ;
#2809 = DIRECTION ( 'NONE',  ( 0.000000000000000000, 1.000000000000000000, 0.000000000000000000 ) ) ;
#2810 = CARTESIAN_POINT ( 'NONE',  ( -0.7673181906426367327, 0.07284444328283391779, -0.1582956525053028918 ) ) ;
#2811 = ORIENTED_EDGE ( 'NONE', *, *, #1451, .F. ) ;
#2812 = ORIENTED_EDGE ( 'NONE', *, *, #1731, .F. ) ;
#2813 = CARTESIAN_POINT ( 'NONE',  ( 0.08016036753309085938, 0.05017530820938376213, -0.1487808127410679415 ) ) ;
#2814 = ORIENTED_EDGE ( 'NONE', *, *, #2929, .F. ) ;
#2815 = CARTESIAN_POINT ( 'NONE',  ( 0.2833503867019352973, 0.1559800530780861560, -0.05916250385576894005 ) ) ;
#2816 = CARTESIAN_POINT ( 'NONE',  ( 0.6958308367755575707, 0.3577058817449276784, 0.1818037549511413442 ) ) ;
#2817 = CARTESIAN_POINT ( 'NONE',  ( -0.09246495988933266241, -0.1124711438564309357, -0.7128685042712329389 ) ) ;
#2818 = AXIS2_PLACEMENT_3D ( 'NONE', #1738, #872, #2481 ) ;
#2819 = ADVANCED_FACE ( 'NONE', ( #1678 ), #986, .T. ) ;
#2820 = CARTESIAN_POINT ( 'NONE',  ( 0.04398310455822552339, 0.2255960698850688062, -0.06849122460808371171 ) ) ;
#2821 = CARTESIAN_POINT ( 'NONE',  ( 0.7195464158867910243, 0.2615426877454220533, -0.1445047205165496673 ) ) ;
#2822 = DIRECTION ( 'NONE',  ( -0.7461030125742510455, 0.6658305299606102068, 0.000000000000000000 ) ) ;
#2823 = CIRCLE ( 'NONE', #1521, 0.08366883986351060509 ) ;
#2824 = TOROIDAL_SURFACE ( 'NONE', #1821, 0.04183441993175529561, 0.03346753594540423371 ) ;
#2825 = CARTESIAN_POINT ( 'NONE',  ( -0.1408957814689013877, -0.1351354629184297329, 0.1818037549511413442 ) ) ;
#2826 = CARTESIAN_POINT ( 'NONE',  ( 0.6709127880557373969, 0.3861207316972036230, -0.05804691932425549983 ) ) ;
#2827 = VERTEX_POINT ( 'NONE', #1412 ) ;
#2828 = VECTOR ( 'NONE', #1162, 1000.000000000000114 ) ;
#2829 = ORIENTED_EDGE ( 'NONE', *, *, #128, .F. ) ;
#2830 = TOROIDAL_SURFACE ( 'NONE', #1148, 0.6933006345648726754, 0.04183441993175529561 ) ;
#2831 = DIRECTION ( 'NONE',  ( -1.000000000000000000, 9.804242517109339788E-17, 0.000000000000000000 ) ) ;
#2832 = VECTOR ( 'NONE', #1892, 1000.000000000000000 ) ;
#2833 = EDGE_CURVE ( 'NONE', #1780, #1135, #2283, .T. ) ;
#2834 = VERTEX_POINT ( 'NONE', #2078 ) ;
#2835 = CARTESIAN_POINT ( 'NONE',  ( 0.8990996355980385157, 0.3517702126911160798, -0.1445047205165496673 ) ) ;
#2836 = CIRCLE ( 'NONE', #669, 0.1924273525417139197 ) ;
#2837 = CARTESIAN_POINT ( 'NONE',  ( -0.3520100551799844046, -0.2606284510462981707, 0.1818037549511413442 ) ) ;
#2838 = CARTESIAN_POINT ( 'NONE',  ( 0.05470540253674915920, 0.2357203872956237789, -0.09185626112481060090 ) ) ;
#2839 = CARTESIAN_POINT ( 'NONE',  ( 0.1999043490944414636, 0.1192647603487334701, 0.02450633600774163728 ) ) ;
#2840 = DIRECTION ( 'NONE',  ( 0.000000000000000000, 0.000000000000000000, 1.000000000000000000 ) ) ;
#2841 = CARTESIAN_POINT ( 'NONE',  ( 0.1790382942216132423, 0.3526531957517993754, 0.1818037549511413442 ) ) ;
#2842 = CARTESIAN_POINT ( 'NONE',  ( 0.6669491192606300523, 0.3196442760989272047, -0.1779722564619538594 ) ) ;
#2843 = ADVANCED_FACE ( 'NONE', ( #2991 ), #2551, .F. ) ;
#2844 = ORIENTED_EDGE ( 'NONE', *, *, #53, .T. ) ;
#2845 = ORIENTED_EDGE ( 'NONE', *, *, #2358, .F. ) ;
#2846 = CARTESIAN_POINT ( 'NONE',  ( 0.6803643546808458842, 0.3818227730420123422, -0.1779722564619538594 ) ) ;
#2847 = ORIENTED_EDGE ( 'NONE', *, *, #2004, .T. ) ;
#2848 = CARTESIAN_POINT ( 'NONE',  ( -0.3472648679144423323, -0.2962906898100994280, -0.09430341659844330982 ) ) ;
#2849 = CARTESIAN_POINT ( 'NONE',  ( 0.0004200753748050360800, -0.006666973006990326370, 0.5195762160419933329 ) ) ;
#2850 = PLANE ( 'NONE',  #1669 ) ;
#2851 = FACE_OUTER_BOUND ( 'NONE', #233, .T. ) ;
#2852 = CARTESIAN_POINT ( 'NONE',  ( 0.2672711671574947712, 0.2257761616466501253, 0.06187841781344313730 ) ) ;
#2853 = LINE ( 'NONE', #1231, #1964 ) ;
#2854 = CARTESIAN_POINT ( 'NONE',  ( 0.6871814061745177282, 0.3277816204170730385, 0.1818037549511413442 ) ) ;
#2855 = ORIENTED_EDGE ( 'NONE', *, *, #878, .F. ) ;
#2856 = EDGE_CURVE ( 'NONE', #1377, #789, #492, .T. ) ;
#2857 = ORIENTED_EDGE ( 'NONE', *, *, #1166, .T. ) ;
#2858 = CARTESIAN_POINT ( 'NONE',  ( 0.8379524670759065375, 0.3114797614891042787, 0.1818037549511413442 ) ) ;
#2859 = VERTEX_POINT ( 'NONE', #7 ) ;
#2860 = DIRECTION ( 'NONE',  ( 0.000000000000000000, 0.000000000000000000, 1.000000000000000000 ) ) ;
#2861 = CARTESIAN_POINT ( 'NONE',  ( -0.1326689701490155748, -0.1992525651516656449, 0.5195762160419933329 ) ) ;
#2862 = CARTESIAN_POINT ( 'NONE',  ( 0.1049740503301980071, 0.2831855619325950313, -0.06205976721021725512 ) ) ;
#2863 = CARTESIAN_POINT ( 'NONE',  ( 0.8294545398248365231, 0.3103200181826392678, 0.1818037549511413442 ) ) ;
#2864 = CARTESIAN_POINT ( 'NONE',  ( 0.8237976797208795832, 0.4432533892592077085, -0.1681698421331495885 ) ) ;
#2865 = CARTESIAN_POINT ( 'NONE',  ( -0.1890362106744309934, -0.2946014777696698284, 0.1818037549511413442 ) ) ;
#2866 = VECTOR ( 'NONE', #2544, 999.9999999999998863 ) ;
#2867 = CARTESIAN_POINT ( 'NONE',  ( 0.2589001944979760217, 0.1461794419165537151, 3.001853774733441417E-07 ) ) ;
#2868 = ORIENTED_EDGE ( 'NONE', *, *, #1498, .F. ) ;
#2869 = ORIENTED_EDGE ( 'NONE', *, *, #1240, .T. ) ;
#2870 = VECTOR ( 'NONE', #2702, 1000.000000000000000 ) ;
#2871 = ORIENTED_EDGE ( 'NONE', *, *, #1599, .T. ) ;
#2872 = DIRECTION ( 'NONE',  ( 0.000000000000000000, 0.000000000000000000, -1.000000000000000000 ) ) ;
#2873 = CIRCLE ( 'NONE', #316, 0.03346753594540425453 ) ;
#2874 = CARTESIAN_POINT ( 'NONE',  ( 0.8472021821614023063, 0.2851421918981537074, 0.1733963752597325048 ) ) ;
#2875 = ADVANCED_FACE ( 'NONE', ( #2587 ), #2773, .T. ) ;
#2876 = AXIS2_PLACEMENT_3D ( 'NONE', #2286, #909, #1829 ) ;
#2877 = VERTEX_POINT ( 'NONE', #2559 ) ;
#2878 = CARTESIAN_POINT ( 'NONE',  ( -0.7573138981733913422, 0.06523643372216468561, -0.1440863763172978984 ) ) ;
#2879 = CARTESIAN_POINT ( 'NONE',  ( -0.1169467225503931368, -0.1465046624899733196, 0.1483362190057370966 ) ) ;
#2880 = CIRCLE ( 'NONE', #1531, 0.03346753594540418514 ) ;
#2881 = AXIS2_PLACEMENT_3D ( 'NONE', #2432, #566, #113 ) ;
#2882 = CARTESIAN_POINT ( 'NONE',  ( 0.8990996355980385157, 0.3517702126911160798, -0.1520148180208234501 ) ) ;
#2883 = CARTESIAN_POINT ( 'NONE',  ( 0.3803891205134075082, 0.1999912200584204047, 0.1733965631517024042 ) ) ;
#2884 = CARTESIAN_POINT ( 'NONE',  ( -0.8632588865690250524, 0.1458048984183852592, -0.01939918779672916010 ) ) ;
#2885 = EDGE_CURVE ( 'NONE', #416, #2669, #563, .T. ) ;
#2886 = ORIENTED_EDGE ( 'NONE', *, *, #165, .F. ) ;
#2887 = CARTESIAN_POINT ( 'NONE',  ( 0.2329873248153724596, 0.1357845310448422271, 0.2253115516801670049 ) ) ;
#2888 = CARTESIAN_POINT ( 'NONE',  ( 0.2355122077785652690, 0.1360836715835043453, 0.01672934048523597866 ) ) ;
#2889 = EDGE_CURVE ( 'NONE', #1780, #2921, #2104, .T. ) ;
#2890 = EDGE_LOOP ( 'NONE', ( #365, #2366, #2374, #1083 ) ) ;
#2891 = ORIENTED_EDGE ( 'NONE', *, *, #1824, .T. ) ;
#2892 = CARTESIAN_POINT ( 'NONE',  ( 0.8339800279080024081, 0.2771598625758562862, -0.1445047205165496673 ) ) ;
#2893 = CARTESIAN_POINT ( 'NONE',  ( 0.8331523295215090830, 0.2832247569667272757, 0.1733963752597325048 ) ) ;
#2894 = VERTEX_POINT ( 'NONE', #2151 ) ;
#2895 = APPLICATION_PROTOCOL_DEFINITION ( 'international standard', 'config_control_design', 1994, #1963 ) ;
#2896 = CARTESIAN_POINT ( 'NONE',  ( 0.8990996355980385157, 0.3517702126911160798, 0.1483362190057370966 ) ) ;
#2897 = EDGE_CURVE ( 'NONE', #1250, #462, #1730, .T. ) ;
#2898 = DIRECTION ( 'NONE',  ( 0.9240102184615193170, 0.3823677760725860408, 0.000000000000000000 ) ) ;
#2899 = CARTESIAN_POINT ( 'NONE',  ( 0.2811465724797074794, 0.1616904358657141327, 0.1733965631517024042 ) ) ;
#2900 = FACE_OUTER_BOUND ( 'NONE', #1766, .T. ) ;
#2901 = ORIENTED_EDGE ( 'NONE', *, *, #1289, .F. ) ;
#2902 = CARTESIAN_POINT ( 'NONE',  ( 0.06675054133522094479, 0.04185453625966771563, -0.2767014875008964592 ) ) ;
#2903 = DIRECTION ( 'NONE',  ( 1.000000000000000000, 0.000000000000000000, 0.000000000000000000 ) ) ;
#2904 = VERTEX_POINT ( 'NONE', #534 ) ;
#2905 = ORIENTED_EDGE ( 'NONE', *, *, #2710, .F. ) ;
#2906 = CARTESIAN_POINT ( 'NONE',  ( 0.0004200753748050360800, -0.006666973006990326370, -0.04242873588306022431 ) ) ;
#2907 = DIRECTION ( 'NONE',  ( 0.000000000000000000, 0.000000000000000000, -1.000000000000000000 ) ) ;
#2908 = ORIENTED_EDGE ( 'NONE', *, *, #894, .F. ) ;
#2909 = SECURITY_CLASSIFICATION_LEVEL ( 'unclassified' ) ;
#2910 = DIRECTION ( 'NONE',  ( 0.000000000000000000, 0.000000000000000000, 1.000000000000000000 ) ) ;
#2911 = CARTESIAN_POINT ( 'NONE',  ( 0.08135331961024128145, 0.2608821549803648221, -0.01845890686131851713 ) ) ;
#2912 = DIRECTION ( 'NONE',  ( 1.000000000000000000, 0.000000000000000000, 0.000000000000000000 ) ) ;
#2913 = CARTESIAN_POINT ( 'NONE',  ( -0.6377754805610048594, -0.1103438677613966107, -0.04242873588306692034 ) ) ;
#2914 = EDGE_LOOP ( 'NONE', ( #124, #674, #2246, #2403 ) ) ;
#2915 = EDGE_CURVE ( 'NONE', #982, #2623, #2836, .T. ) ;
#2916 = VERTEX_POINT ( 'NONE', #1287 ) ;
#2917 = CARTESIAN_POINT ( 'NONE',  ( -0.1558271326516902366, -0.2677601932772027959, -0.2767014875008964592 ) ) ;
#2918 = CARTESIAN_POINT ( 'NONE',  ( -0.4724761652713498350, 0.3127335320770966987, 0.1818037549511413442 ) ) ;
#2919 = ORIENTED_EDGE ( 'NONE', *, *, #1599, .F. ) ;
#2920 = VECTOR ( 'NONE', #180, 1000.000000000000000 ) ;
#2921 = VERTEX_POINT ( 'NONE', #1936 ) ;
#2922 = LINE ( 'NONE', #608, #1238 ) ;
#2923 = DIRECTION ( 'NONE',  ( 1.000000000000000000, 0.000000000000000000, 0.000000000000000000 ) ) ;
#2924 = VECTOR ( 'NONE', #16, 1000.000000000000000 ) ;
#2925 = ORIENTED_EDGE ( 'NONE', *, *, #2784, .T. ) ;
#2926 = CIRCLE ( 'NONE', #1052, 0.03346753594540418514 ) ;
#2927 = B_SPLINE_CURVE_WITH_KNOTS ( 'NONE', 3,
 ( #30, #2955, #1578, #1795 ),
 .UNSPECIFIED., .F., .F.,
 ( 4, 4 ),
 ( 1.117570019170468128E-19, 6.197753719299473789E-05 ),
 .UNSPECIFIED. ) ;
#2928 = CARTESIAN_POINT ( 'NONE',  ( 0.8834606790990363612, 0.2954421891426683988, 0.1483362190057370966 ) ) ;
#2929 = EDGE_CURVE ( 'NONE', #715, #679, #1011, .T. ) ;
#2930 = AXIS2_PLACEMENT_3D ( 'NONE', #2978, #1386, #8 ) ;
#2931 = FACE_OUTER_BOUND ( 'NONE', #2347, .T. ) ;
#2932 = CARTESIAN_POINT ( 'NONE',  ( 0.8892914507315474726, 0.3517702126911160798, 0.1719954215408018849 ) ) ;
#2933 = VECTOR ( 'NONE', #357, 1000.000000000000000 ) ;
#2934 = CARTESIAN_POINT ( 'NONE',  ( -0.1818946209126822144, 0.4403398498623999902, 0.1745935569826182199 ) ) ;
#2935 = ORIENTED_EDGE ( 'NONE', *, *, #367, .T. ) ;
#2936 = SECURITY_CLASSIFICATION ( '', '', #2909 ) ;
#2937 = DIRECTION ( 'NONE',  ( 0.000000000000000000, 0.000000000000000000, 1.000000000000000000 ) ) ;
#2938 = CARTESIAN_POINT ( 'NONE',  ( 0.5552732364884754857, 0.2998504401273456299, 0.1818037549511412332 ) ) ;
#2939 = EDGE_LOOP ( 'NONE', ( #2716, #1421, #936, #1279 ) ) ;
#2940 = ADVANCED_FACE ( 'NONE', ( #2390 ), #1719, .T. ) ;
#2941 = DIRECTION ( 'NONE',  ( 1.000000000000000000, 0.000000000000000000, 0.000000000000000000 ) ) ;
#2942 = CARTESIAN_POINT ( 'NONE',  ( -0.8534109865284990049, 0.1383158213156145955, -0.09180272917256633580 ) ) ;
#2943 = VERTEX_POINT ( 'NONE', #2878 ) ;
#2944 = EDGE_CURVE ( 'NONE', #1345, #1597, #2643, .T. ) ;
#2945 = DATE_AND_TIME ( #1090, #2027 ) ;
#2946 = CARTESIAN_POINT ( 'NONE',  ( -0.1556322515355507141, 0.4499554592753057802, 0.1652992706062389738 ) ) ;
#2947 = CARTESIAN_POINT ( 'NONE',  ( 0.09083956457779435167, 0.2698393538269325820, -0.02392440468518715335 ) ) ;
#2948 = CARTESIAN_POINT ( 'NONE',  ( -0.2787837382867413005, -0.04894013938249822809, 0.1818037549511413442 ) ) ;
#2949 = CARTESIAN_POINT ( 'NONE',  ( -0.8415608561870807636, 0.1293040990764007803, -0.04974612415375779390 ) ) ;
#2950 = ORIENTED_EDGE ( 'NONE', *, *, #1312, .T. ) ;
#2951 = CARTESIAN_POINT ( 'NONE',  ( 0.2849726920431645549, 0.1575253056139708785, -0.2767014875008964592 ) ) ;
#2952 = FACE_OUTER_BOUND ( 'NONE', #2234, .T. ) ;
#2953 = VERTEX_POINT ( 'NONE', #1920 ) ;
#2954 = CARTESIAN_POINT ( 'NONE',  ( -0.2411181033065826762, 0.4311406902617945791, -0.01732808392401363751 ) ) ;
#2955 = CARTESIAN_POINT ( 'NONE',  ( -0.1556322515355507419, 0.4499554592753059468, -0.1614677721170514890 ) ) ;
#2956 = EDGE_CURVE ( 'NONE', #436, #2894, #1978, .T. ) ;
#2957 = ORIENTED_EDGE ( 'NONE', *, *, #1169, .F. ) ;
#2958 = PERSON_AND_ORGANIZATION ( #1056, #1385 ) ;
#2959 = DIRECTION ( 'NONE',  ( -0.3823677760725860408, 0.9240102184615193170, 0.000000000000000000 ) ) ;
#2960 = CARTESIAN_POINT ( 'NONE',  ( -0.1602733196027043561, -0.2772606998228352437, 0.1604611519472428638 ) ) ;
#2961 = CARTESIAN_POINT ( 'NONE',  ( 0.8656320996526344347, 0.3517702126911160798, -0.1779722564619538594 ) ) ;
#2962 = CARTESIAN_POINT ( 'NONE',  ( -0.2266208868906127438, 0.5304911526487472440, -0.1009969237875241455 ) ) ;
#2963 = ADVANCED_FACE ( 'NONE', ( #354 ), #725, .T. ) ;
#2964 = CARTESIAN_POINT ( 'NONE',  ( 0.1319981869096570892, 0.08235027853060755687, -0.09681625242552040211 ) ) ;
#2965 = CARTESIAN_POINT ( 'NONE',  ( -0.02609302756619513719, -0.02313627096012308912, -0.04242954335458551385 ) ) ;
#2966 = VERTEX_POINT ( 'NONE', #1967 ) ;
#2967 = VERTEX_POINT ( 'NONE', #2835 ) ;
#2968 = CARTESIAN_POINT ( 'NONE',  ( -0.3520100551799844046, -0.2606284510462981707, -0.0005943159513115368062 ) ) ;
#2969 = CIRCLE ( 'NONE', #359, 0.07530195587715944605 ) ;
#2970 = ORIENTED_EDGE ( 'NONE', *, *, #1542, .F. ) ;
#2971 = APPROVAL_DATE_TIME ( #2945, #683 ) ;
#2972 = EDGE_CURVE ( 'NONE', #2967, #2571, #503, .T. ) ;
#2973 = CARTESIAN_POINT ( 'NONE',  ( 0.2613645807438552682, 0.2293582045074112619, 0.1818037549511413442 ) ) ;
#2974 = VECTOR ( 'NONE', #2610, 1000.000000000000000 ) ;
#2975 = ORIENTED_EDGE ( 'NONE', *, *, #1230, .F. ) ;
#2976 = DIRECTION ( 'NONE',  ( 0.000000000000000000, 0.000000000000000000, 1.000000000000000000 ) ) ;
#2977 = DIRECTION ( 'NONE',  ( 0.000000000000000000, 0.000000000000000000, 1.000000000000000000 ) ) ;
#2978 = CARTESIAN_POINT ( 'NONE',  ( -0.05918013333164669904, 0.4195882676426078706, -0.1445047205165496673 ) ) ;
#2979 = CONICAL_SURFACE ( 'NONE', #2546, 0.1296867017884412721, 0.7853981633974476129 ) ;
#2980 = CARTESIAN_POINT ( 'NONE',  ( 0.1300846722360347874, 0.08123670302951974120, -0.02483907030249517950 ) ) ;
#2981 = CARTESIAN_POINT ( 'NONE',  ( 0.1241200545245224746, 0.07765506954066077328, 0.02450633600774163728 ) ) ;
#2982 = AXIS2_PLACEMENT_3D ( 'NONE', #2692, #1789, #2498 ) ;
#2983 = DIRECTION ( 'NONE',  ( 0.000000000000000000, 0.000000000000000000, 1.000000000000000000 ) ) ;
#2984 = DIRECTION ( 'NONE',  ( 0.000000000000000000, 0.000000000000000000, 1.000000000000000000 ) ) ;
#2985 = EDGE_CURVE ( 'NONE', #350, #1945, #2569, .T. ) ;
#2986 = ORIENTED_EDGE ( 'NONE', *, *, #53, .F. ) ;
#2987 = CARTESIAN_POINT ( 'NONE',  ( -0.1637676338720850944, -0.3005418175586897500, -0.04242873588306683014 ) ) ;
#2988 = ORIENTED_EDGE ( 'NONE', *, *, #1277, .F. ) ;
#2989 = CARTESIAN_POINT ( 'NONE',  ( -0.3520100551799844046, -0.2606284510462981707, 0.1818037549511413442 ) ) ;
#2990 = ADVANCED_FACE ( 'NONE', ( #822 ), #614, .F. ) ;
#2991 = FACE_OUTER_BOUND ( 'NONE', #158, .T. ) ;
#2992 = CARTESIAN_POINT ( 'NONE',  ( -0.5254350440538634315, -0.3440074606368898058, -0.04242873588306683014 ) ) ;
#2993 = DIRECTION ( 'NONE',  ( 0.000000000000000000, 0.000000000000000000, 1.000000000000000000 ) ) ;
#2994 = LINE ( 'NONE', #497, #1002 ) ;
ENDSEC;
END-ISO-10303-21;
