ISO-10303-21;
HEADER;
FILE_DESCRIPTION (( 'STEP AP203' ),
    '1' );
FILE_NAME ('005671.step',
    '2026-06-29T03:25:28',
    ( '' ),
    ( '' ),
    'SwSTEP 2.0',
    'SolidWorks 2025',
    '' );
FILE_SCHEMA (( 'CONFIG_CONTROL_DESIGN' ));
ENDSEC;

DATA;
#1 = CARTESIAN_POINT ( 'NONE',  ( 0.9000000000000000222, -0.6762430939226516946, 0.8453038674033162003 ) ) ;
#2 = VERTEX_POINT ( 'NONE', #2988 ) ;
#3 = CARTESIAN_POINT ( 'NONE',  ( 0.3629834254143647909, -1.812667414753072584E-16, 0.2486187845303867716 ) ) ;
#4 = CARTESIAN_POINT ( 'NONE',  ( -0.08055248618784527359, 0.5767955801104976965, 0.2486187845303867716 ) ) ;
#5 = EDGE_CURVE ( 'NONE', #239, #2049, #399, .T. ) ;
#6 = DIRECTION ( 'NONE',  ( 0.000000000000000000, 0.000000000000000000, -1.000000000000000000 ) ) ;
#7 = DIRECTION ( 'NONE',  ( 0.000000000000000000, -1.000000000000000000, 0.000000000000000000 ) ) ;
#8 = CIRCLE ( 'NONE', #3211, 0.1054143646408839674 ) ;
#9 = DIRECTION ( 'NONE',  ( 1.000000000000000000, 0.000000000000000000, 0.000000000000000000 ) ) ;
#10 = CARTESIAN_POINT ( 'NONE',  ( 0.5569060773480662974, 0.5966850828729284295, 0.4475138121546964887 ) ) ;
#11 = VECTOR ( 'NONE', #1559, 1000.000000000000114 ) ;
#12 = VECTOR ( 'NONE', #1531, 1000.000000000000000 ) ;
#13 = ORIENTED_EDGE ( 'NONE', *, *, #2155, .T. ) ;
#14 = CIRCLE ( 'NONE', #2022, 0.1630939226519336205 ) ;
#15 = AXIS2_PLACEMENT_3D ( 'NONE', #1498, #3302, #1442 ) ;
#16 = FACE_OUTER_BOUND ( 'NONE', #2699, .T. ) ;
#17 = CARTESIAN_POINT ( 'NONE',  ( -0.4624309392265196772, -0.4415469613259669357, 0.2486187845303867716 ) ) ;
#18 = ORIENTED_EDGE ( 'NONE', *, *, #1134, .F. ) ;
#19 = DIRECTION ( 'NONE',  ( 0.000000000000000000, 0.000000000000000000, -1.000000000000000000 ) ) ;
#20 = DIRECTION ( 'NONE',  ( 1.000000000000000000, -1.826024711554529969E-16, 0.000000000000000000 ) ) ;
#21 = LINE ( 'NONE', #1052, #1543 ) ;
#22 = DIRECTION ( 'NONE',  ( 0.4999999999999998335, -0.4999999999999998335, 0.7071067811865479058 ) ) ;
#23 = ORIENTED_EDGE ( 'NONE', *, *, #3040, .F. ) ;
#24 = ADVANCED_FACE ( 'NONE', ( #2409 ), #1129, .F. ) ;
#25 = FACE_OUTER_BOUND ( 'NONE', #2968, .T. ) ;
#26 = DIRECTION ( 'NONE',  ( 0.000000000000000000, -0.7071067811865475727, -0.7071067811865475727 ) ) ;
#27 = ADVANCED_FACE ( 'NONE', ( #2940 ), #607, .F. ) ;
#28 = ORIENTED_EDGE ( 'NONE', *, *, #1591, .T. ) ;
#29 = LINE ( 'NONE', #3143, #2398 ) ;
#30 = PLANE ( 'NONE',  #668 ) ;
#31 = VERTEX_POINT ( 'NONE', #325 ) ;
#32 = DIRECTION ( 'NONE',  ( 0.000000000000000000, 0.000000000000000000, 1.000000000000000000 ) ) ;
#33 = FACE_OUTER_BOUND ( 'NONE', #1608, .T. ) ;
#34 = FACE_BOUND ( 'NONE', #1955, .T. ) ;
#35 = CARTESIAN_POINT ( 'NONE',  ( -0.7599935424058369415, 0.7599935424058369415, -0.4475138121546964887 ) ) ;
#36 = ORIENTED_EDGE ( 'NONE', *, *, #1794, .T. ) ;
#37 = ADVANCED_FACE ( 'NONE', ( #2421 ), #89, .F. ) ;
#38 = FACE_OUTER_BOUND ( 'NONE', #1016, .T. ) ;
#39 = CONICAL_SURFACE ( 'NONE', #1467, 0.1221498170301340558, 0.7853981633974476129 ) ;
#40 =( NAMED_UNIT ( * ) SI_UNIT ( $, .STERADIAN. ) SOLID_ANGLE_UNIT ( ) );
#41 = CIRCLE ( 'NONE', #2606, 0.07955801104972372306 ) ;
#42 = VERTEX_POINT ( 'NONE', #3188 ) ;
#43 = EDGE_CURVE ( 'NONE', #2759, #2112, #1945, .T. ) ;
#44 = ORIENTED_EDGE ( 'NONE', *, *, #1289, .T. ) ;
#45 = DIRECTION ( 'NONE',  ( 0.000000000000000000, 0.000000000000000000, 1.000000000000000000 ) ) ;
#46 = ORIENTED_EDGE ( 'NONE', *, *, #2745, .F. ) ;
#47 = DIRECTION ( 'NONE',  ( 0.000000000000000000, 0.000000000000000000, -1.000000000000000000 ) ) ;
#48 = EDGE_LOOP ( 'NONE', ( #833, #998, #2757, #625 ) ) ;
#49 = DIRECTION ( 'NONE',  ( -1.000000000000000000, 0.000000000000000000, 0.000000000000000000 ) ) ;
#50 = DIRECTION ( 'NONE',  ( 0.000000000000000000, -0.8164965809277267006, -0.5773502691896248429 ) ) ;
#51 = DIRECTION ( 'NONE',  ( 0.7071067811865474617, 0.7071067811865474617, 0.000000000000000000 ) ) ;
#52 = CARTESIAN_POINT ( 'NONE',  ( 0.06464088397790053453, -2.435761589464349807E-18, -0.09348066298342548597 ) ) ;
#53 = ORIENTED_EDGE ( 'NONE', *, *, #1305, .F. ) ;
#54 = ORIENTED_EDGE ( 'NONE', *, *, #871, .T. ) ;
#55 = CARTESIAN_POINT ( 'NONE',  ( -0.5171270718232039432, 0.5966850828729284295, 0.4077348066298340790 ) ) ;
#56 = EDGE_LOOP ( 'NONE', ( #2582, #1147, #1663 ) ) ;
#57 = ORIENTED_EDGE ( 'NONE', *, *, #437, .T. ) ;
#58 = ADVANCED_FACE ( 'NONE', ( #1898 ), #2440, .F. ) ;
#59 = FACE_OUTER_BOUND ( 'NONE', #2306, .T. ) ;
#60 = CIRCLE ( 'NONE', #551, 0.07955801104972372306 ) ;
#61 = AXIS2_PLACEMENT_3D ( 'NONE', #2229, #1241, #2529 ) ;
#62 = EDGE_CURVE ( 'NONE', #1961, #567, #375, .T. ) ;
#63 = AXIS2_PLACEMENT_3D ( 'NONE', #3286, #3255, #166 ) ;
#64 = AXIS2_PLACEMENT_3D ( 'NONE', #2265, #1237, #405 ) ;
#65 = ORIENTED_EDGE ( 'NONE', *, *, #2413, .T. ) ;
#66 = DIRECTION ( 'NONE',  ( 0.000000000000000000, 0.000000000000000000, -1.000000000000000000 ) ) ;
#67 = DIRECTION ( 'NONE',  ( 1.000000000000000000, 0.000000000000000000, 0.000000000000000000 ) ) ;
#68 = AXIS2_PLACEMENT_3D ( 'NONE', #1703, #1457, #3028 ) ;
#69 = EDGE_CURVE ( 'NONE', #2923, #2283, #1698, .T. ) ;
#70 = LINE ( 'NONE', #1105, #2451 ) ;
#71 = CARTESIAN_POINT ( 'NONE',  ( -0.9000000000000000222, -0.6762430939226516946, 0.2486187845303867716 ) ) ;
#72 = DIRECTION ( 'NONE',  ( 0.000000000000000000, 0.000000000000000000, -1.000000000000000000 ) ) ;
#73 = DIRECTION ( 'NONE',  ( 1.000000000000000000, 0.000000000000000000, 0.000000000000000000 ) ) ;
#74 = EDGE_LOOP ( 'NONE', ( #1312, #953 ) ) ;
#75 = ORIENTED_EDGE ( 'NONE', *, *, #1738, .T. ) ;
#76 = CARTESIAN_POINT ( 'NONE',  ( -0.06097946691843612183, 0.3182320441988954474, 0.2486187845303867716 ) ) ;
#77 = LINE ( 'NONE', #1146, #654 ) ;
#78 = EDGE_CURVE ( 'NONE', #2715, #2264, #3311, .T. ) ;
#79 = CARTESIAN_POINT ( 'NONE',  ( 0.000000000000000000, 0.000000000000000000, 0.4475138121546964887 ) ) ;
#80 = VERTEX_POINT ( 'NONE', #2291 ) ;
#81 = EDGE_CURVE ( 'NONE', #1625, #1395, #1520, .T. ) ;
#82 = FACE_OUTER_BOUND ( 'NONE', #913, .T. ) ;
#83 = DIRECTION ( 'NONE',  ( 0.000000000000000000, 0.000000000000000000, -1.000000000000000000 ) ) ;
#84 = EDGE_LOOP ( 'NONE', ( #431, #2063, #525, #201 ) ) ;
#85 = DIRECTION ( 'NONE',  ( 0.000000000000000000, 0.000000000000000000, -1.000000000000000000 ) ) ;
#86 = FACE_OUTER_BOUND ( 'NONE', #1234, .T. ) ;
#87 = VERTEX_POINT ( 'NONE', #741 ) ;
#88 = CIRCLE ( 'NONE', #1836, 0.1718378213754641337 ) ;
#89 = CYLINDRICAL_SURFACE ( 'NONE', #698, 0.1193370165745857442 ) ;
#90 = DIRECTION ( 'NONE',  ( 0.000000000000000000, 0.000000000000000000, 1.000000000000000000 ) ) ;
#91 = TOROIDAL_SURFACE ( 'NONE', #642, 0.2187845303867402280, 0.02585635359116021659 ) ;
#92 = CARTESIAN_POINT ( 'NONE',  ( -0.2635359116022096826, -3.653642384196524518E-18, 0.1253038674033149225 ) ) ;
#93 = PLANE ( 'NONE',  #3062 ) ;
#94 = ORIENTED_EDGE ( 'NONE', *, *, #120, .T. ) ;
#95 = AXIS2_PLACEMENT_3D ( 'NONE', #3060, #3280, #3345 ) ;
#96 = DIRECTION ( 'NONE',  ( -0.7071067811865480168, 0.7071067811865470176, 0.000000000000000000 ) ) ;
#97 = DIRECTION ( 'NONE',  ( -1.000000000000000000, 0.000000000000000000, 0.000000000000000000 ) ) ;
#98 = ORIENTED_EDGE ( 'NONE', *, *, #1404, .T. ) ;
#99 = VERTEX_POINT ( 'NONE', #2236 ) ;
#100 = ADVANCED_FACE ( 'NONE', ( #3077, #2309 ), #2018, .T. ) ;
#101 = CARTESIAN_POINT ( 'NONE',  ( -0.7160220994475138268, 0.5966850828729284295, 0.4475138121546964887 ) ) ;
#102 = CARTESIAN_POINT ( 'NONE',  ( -0.5767955801104972524, 0.5966850828729284295, 0.8453834254143647309 ) ) ;
#103 = ORIENTED_EDGE ( 'NONE', *, *, #2314, .F. ) ;
#104 = CALENDAR_DATE ( 2026, 29, 6 ) ;
#105 = ORIENTED_EDGE ( 'NONE', *, *, #2898, .T. ) ;
#106 = CARTESIAN_POINT ( 'NONE',  ( -0.2436464088397789218, 0.5767955801104976965, 0.2486187845303867716 ) ) ;
#107 = DIRECTION ( 'NONE',  ( 0.000000000000000000, 0.000000000000000000, -1.000000000000000000 ) ) ;
#108 = AXIS2_PLACEMENT_3D ( 'NONE', #2255, #3020, #3278 ) ;
#109 = DIRECTION ( 'NONE',  ( -1.000000000000000000, 0.000000000000000000, 0.000000000000000000 ) ) ;
#110 = DIRECTION ( 'NONE',  ( -1.000000000000000000, 0.000000000000000000, 0.000000000000000000 ) ) ;
#111 = EDGE_LOOP ( 'NONE', ( #1088, #2459 ) ) ;
#112 = VECTOR ( 'NONE', #3017, 1000.000000000000114 ) ;
#113 = CIRCLE ( 'NONE', #715, 0.08353591160220995293 ) ;
#114 = CARTESIAN_POINT ( 'NONE',  ( -0.2436464088397789218, 0.7017581975961797447, 0.2486187845303867716 ) ) ;
#115 = CARTESIAN_POINT ( 'NONE',  ( -0.5767955801104972524, 0.5966850828729284295, 0.4475138121546964887 ) ) ;
#116 = CIRCLE ( 'NONE', #2458, 0.1193370165745857442 ) ;
#117 = ORIENTED_EDGE ( 'NONE', *, *, #1975, .T. ) ;
#118 = LINE ( 'NONE', #1627, #769 ) ;
#119 = CARTESIAN_POINT ( 'NONE',  ( 0.5767955801104972524, -0.5966850828729284295, 0.02983425414364638054 ) ) ;
#120 = EDGE_CURVE ( 'NONE', #2035, #1598, #2930, .T. ) ;
#121 = ORIENTED_EDGE ( 'NONE', *, *, #3248, .T. ) ;
#122 = EDGE_CURVE ( 'NONE', #1713, #2894, #3009, .T. ) ;
#123 = ORIENTED_EDGE ( 'NONE', *, *, #581, .T. ) ;
#124 = DIRECTION ( 'NONE',  ( 1.000000000000000000, 0.000000000000000000, 0.000000000000000000 ) ) ;
#125 = FACE_OUTER_BOUND ( 'NONE', #1057, .T. ) ;
#126 = EDGE_CURVE ( 'NONE', #784, #2225, #2823, .T. ) ;
#127 = CARTESIAN_POINT ( 'NONE',  ( 0.6961325966850828717, 0.5966850828729284295, 0.8453834254143647309 ) ) ;
#128 = TOROIDAL_SURFACE ( 'NONE', #3073, 0.1591160220994475016, 0.03381215469613262775 ) ;
#129 = CARTESIAN_POINT ( 'NONE',  ( -0.7160220994475138268, -0.5966850828729284295, 0.4475138121546964887 ) ) ;
#130 = ORIENTED_EDGE ( 'NONE', *, *, #1089, .T. ) ;
#131 = VECTOR ( 'NONE', #2406, 1000.000000000000000 ) ;
#132 = CARTESIAN_POINT ( 'NONE',  ( 0.001476848233918431072, -0.4245606738507735067, 0.4276243093922649230 ) ) ;
#133 = LINE ( 'NONE', #1656, #220 ) ;
#134 = ORIENTED_EDGE ( 'NONE', *, *, #926, .F. ) ;
#135 = ORIENTED_EDGE ( 'NONE', *, *, #126, .T. ) ;
#136 = CARTESIAN_POINT ( 'NONE',  ( -0.3788950276243092108, -3.653642384196524518E-18, 0.1292817679558010691 ) ) ;
#137 = DIRECTION ( 'NONE',  ( 0.000000000000000000, 0.000000000000000000, -1.000000000000000000 ) ) ;
#138 = VERTEX_POINT ( 'NONE', #1485 ) ;
#139 = ORIENTED_EDGE ( 'NONE', *, *, #2216, .F. ) ;
#140 = CARTESIAN_POINT ( 'NONE',  ( -0.2635359116022096826, -0.4415469613259669357, 0.04972375690607735987 ) ) ;
#141 = CARTESIAN_POINT ( 'NONE',  ( 0.8602209944751383341, -0.6597660903365393237, -0.4475138121546964887 ) ) ;
#142 = ADVANCED_FACE ( 'NONE', ( #673 ), #2807, .T. ) ;
#143 = CARTESIAN_POINT ( 'NONE',  ( -0.7641859798393019210, -0.7558011049723758479, -0.4475138121546964887 ) ) ;
#144 = LINE ( 'NONE', #677, #2901 ) ;
#145 = ORIENTED_EDGE ( 'NONE', *, *, #2337, .T. ) ;
#146 = ORIENTED_EDGE ( 'NONE', *, *, #1361, .F. ) ;
#147 = LOCAL_TIME ( 11, 25, 28.00000000000000000, #2774 ) ;
#148 = CARTESIAN_POINT ( 'NONE',  ( -0.2635359116022096826, -3.653642384196524518E-18, 0.1292817679558010691 ) ) ;
#149 = DIRECTION ( 'NONE',  ( -0.7071067811865474617, 0.7071067811865474617, 0.000000000000000000 ) ) ;
#150 = ORIENTED_EDGE ( 'NONE', *, *, #855, .T. ) ;
#151 = AXIS2_PLACEMENT_3D ( 'NONE', #1781, #1230, #2821 ) ;
#152 = CARTESIAN_POINT ( 'NONE',  ( -0.06097946691843612183, -0.4415469613259669357, 0.04972375690607735987 ) ) ;
#153 = LINE ( 'NONE', #2805, #1696 ) ;
#154 = ORIENTED_EDGE ( 'NONE', *, *, #2711, .T. ) ;
#155 = ORIENTED_EDGE ( 'NONE', *, *, #3034, .T. ) ;
#156 = CARTESIAN_POINT ( 'NONE',  ( -0.06097946691843612183, -0.3182320441988954474, 0.04972375690607735987 ) ) ;
#157 = ORIENTED_EDGE ( 'NONE', *, *, #1012, .T. ) ;
#158 = CARTESIAN_POINT ( 'NONE',  ( -0.2635359116022096826, -3.653642384196524518E-18, -0.03381215469613262775 ) ) ;
#159 = EDGE_CURVE ( 'NONE', #1900, #3131, #3330, .T. ) ;
#160 = DIRECTION ( 'NONE',  ( 0.000000000000000000, -1.000000000000000000, 0.000000000000000000 ) ) ;
#161 = DIRECTION ( 'NONE',  ( 0.000000000000000000, 0.000000000000000000, -1.000000000000000000 ) ) ;
#162 = ORIENTED_EDGE ( 'NONE', *, *, #2393, .T. ) ;
#163 = EDGE_CURVE ( 'NONE', #1678, #295, #2532, .T. ) ;
#164 = AXIS2_PLACEMENT_3D ( 'NONE', #3046, #1214, #905 ) ;
#165 = CARTESIAN_POINT ( 'NONE',  ( -0.5767955801104972524, -0.5966850828729284295, 0.8453834254143647309 ) ) ;
#166 = DIRECTION ( 'NONE',  ( -1.000000000000000000, 0.000000000000000000, 0.000000000000000000 ) ) ;
#167 = VECTOR ( 'NONE', #1412, 1000.000000000000000 ) ;
#168 = CIRCLE ( 'NONE', #2070, 0.05966850828729281658 ) ;
#169 = VERTEX_POINT ( 'NONE', #2565 ) ;
#170 = EDGE_CURVE ( 'NONE', #2283, #557, #3293, .T. ) ;
#171 = EDGE_LOOP ( 'NONE', ( #3172, #1380, #3071, #1476 ) ) ;
#172 = CARTESIAN_POINT ( 'NONE',  ( -0.9000000000000000222, 0.6762430939226516946, 0.8453038674033162003 ) ) ;
#173 = DIRECTION ( 'NONE',  ( 0.000000000000000000, 0.000000000000000000, -1.000000000000000000 ) ) ;
#174 = VERTEX_POINT ( 'NONE', #1280 ) ;
#175 = CIRCLE ( 'NONE', #2845, 0.08353591160220993905 ) ;
#176 = CARTESIAN_POINT ( 'NONE',  ( -0.4624309392265196772, 0.4415469613259669357, 0.4276243093922649230 ) ) ;
#177 = EDGE_LOOP ( 'NONE', ( #798, #2357, #13, #1424 ) ) ;
#178 = DIRECTION ( 'NONE',  ( 1.000000000000000000, 0.000000000000000000, 0.000000000000000000 ) ) ;
#179 = CARTESIAN_POINT ( 'NONE',  ( -0.4624309392265196772, -0.3580110497237570799, 0.4276243093922649230 ) ) ;
#180 = CARTESIAN_POINT ( 'NONE',  ( 0.6364640883977900065, -0.5966850828729284295, 0.02983425414364638054 ) ) ;
#181 = ORIENTED_EDGE ( 'NONE', *, *, #1421, .F. ) ;
#182 = EDGE_CURVE ( 'NONE', #1688, #1978, #973, .T. ) ;
#183 = CARTESIAN_POINT ( 'NONE',  ( -0.7558011049723758479, -0.5966850828729284295, 0.02983425414364638054 ) ) ;
#184 = DIRECTION ( 'NONE',  ( 0.000000000000000000, 0.000000000000000000, -1.000000000000000000 ) ) ;
#185 = ORIENTED_EDGE ( 'NONE', *, *, #667, .F. ) ;
#186 = ADVANCED_FACE ( 'NONE', ( #2276 ), #593, .T. ) ;
#187 = CARTESIAN_POINT ( 'NONE',  ( -0.6851933701657461073, -0.2999902417950753297, 0.1077445648347589852 ) ) ;
#188 = DIRECTION ( 'NONE',  ( 0.000000000000000000, 0.000000000000000000, -1.000000000000000000 ) ) ;
#189 = ORIENTED_EDGE ( 'NONE', *, *, #3068, .F. ) ;
#190 = ADVANCED_FACE ( 'NONE', ( #2004 ), #434, .F. ) ;
#191 = PLANE ( 'NONE',  #2609 ) ;
#192 = DIRECTION ( 'NONE',  ( -0.7071067811865470176, 1.291194456154419808E-16, -0.7071067811865480168 ) ) ;
#193 = FACE_OUTER_BOUND ( 'NONE', #817, .T. ) ;
#194 = DIRECTION ( 'NONE',  ( 0.000000000000000000, 1.000000000000000000, 0.000000000000000000 ) ) ;
#195 = ORIENTED_EDGE ( 'NONE', *, *, #2974, .F. ) ;
#196 = VECTOR ( 'NONE', #793, 1000.000000000000000 ) ;
#197 = FACE_OUTER_BOUND ( 'NONE', #1056, .T. ) ;
#198 = CARTESIAN_POINT ( 'NONE',  ( -0.5459668508287295330, -2.644003074056417940E-16, 0.04972375690607735987 ) ) ;
#199 = AXIS2_PLACEMENT_3D ( 'NONE', #3347, #1311, #2856 ) ;
#200 = ORIENTED_EDGE ( 'NONE', *, *, #598, .T. ) ;
#201 = ORIENTED_EDGE ( 'NONE', *, *, #267, .F. ) ;
#202 = EDGE_CURVE ( 'NONE', #80, #3222, #1037, .T. ) ;
#203 = FACE_OUTER_BOUND ( 'NONE', #3104, .T. ) ;
#204 = LINE ( 'NONE', #3075, #655 ) ;
#205 = EDGE_CURVE ( 'NONE', #567, #944, #1737, .T. ) ;
#206 = ADVANCED_FACE ( 'NONE', ( #455 ), #191, .F. ) ;
#207 = CARTESIAN_POINT ( 'NONE',  ( 0.7806629834254142919, 0.7955801104972374249, -0.4077348066298340790 ) ) ;
#208 = DIRECTION ( 'NONE',  ( -1.000000000000000000, 0.000000000000000000, 0.000000000000000000 ) ) ;
#209 = CYLINDRICAL_SURFACE ( 'NONE', #2294, 0.1630939226519336205 ) ;
#210 = CYLINDRICAL_SURFACE ( 'NONE', #586, 0.1193370165745857442 ) ;
#211 = ORIENTED_EDGE ( 'NONE', *, *, #364, .F. ) ;
#212 = CARTESIAN_POINT ( 'NONE',  ( -0.7209944751381218708, 0.8552486187845296239, 0.2486187845303867716 ) ) ;
#213 = CARTESIAN_POINT ( 'NONE',  ( 0.6364640883977900065, 0.5966850828729284295, 0.4475138121546964887 ) ) ;
#214 = AXIS2_PLACEMENT_3D ( 'NONE', #3192, #1131, #343 ) ;
#215 = ORIENTED_EDGE ( 'NONE', *, *, #722, .F. ) ;
#216 = DIRECTION ( 'NONE',  ( 0.000000000000000000, 0.000000000000000000, -1.000000000000000000 ) ) ;
#217 = AXIS2_PLACEMENT_3D ( 'NONE', #2588, #1249, #2024 ) ;
#218 = CARTESIAN_POINT ( 'NONE',  ( -0.5459668508287295330, -2.644003074056417940E-16, 0.06563535911602208506 ) ) ;
#219 = AXIS2_PLACEMENT_3D ( 'NONE', #2935, #3185, #895 ) ;
#220 = VECTOR ( 'NONE', #1671, 1000.000000000000000 ) ;
#221 = VECTOR ( 'NONE', #3051, 1000.000000000000000 ) ;
#222 = DIRECTION ( 'NONE',  ( 0.000000000000000000, 0.000000000000000000, -1.000000000000000000 ) ) ;
#223 = EDGE_CURVE ( 'NONE', #594, #1791, #1554, .T. ) ;
#224 = CARTESIAN_POINT ( 'NONE',  ( 0.5569060773480662974, 0.5966850828729284295, 0.4475138121546964887 ) ) ;
#225 = AXIS2_PLACEMENT_3D ( 'NONE', #2661, #3214, #67 ) ;
#226 = TOROIDAL_SURFACE ( 'NONE', #1117, 0.09944751381215471975, 0.08353591160220988354 ) ;
#227 = CONICAL_SURFACE ( 'NONE', #1279, 0.07955801104972372306, 0.7853981633974476129 ) ;
#228 = CARTESIAN_POINT ( 'NONE',  ( -0.2436464088397789218, 0.5767955801104976965, 0.2486187845303867716 ) ) ;
#229 = LINE ( 'NONE', #1285, #2323 ) ;
#230 = EDGE_CURVE ( 'NONE', #2112, #1159, #982, .T. ) ;
#231 = ORIENTED_EDGE ( 'NONE', *, *, #2170, .T. ) ;
#232 = DIRECTION ( 'NONE',  ( 0.000000000000000000, 0.000000000000000000, -1.000000000000000000 ) ) ;
#233 = DIRECTION ( 'NONE',  ( -1.000000000000000000, 0.000000000000000000, 0.000000000000000000 ) ) ;
#234 = DIRECTION ( 'NONE',  ( -1.000000000000000000, 0.000000000000000000, 0.000000000000000000 ) ) ;
#235 = FACE_OUTER_BOUND ( 'NONE', #274, .T. ) ;
#236 = EDGE_LOOP ( 'NONE', ( #134, #1780 ) ) ;
#237 = CARTESIAN_POINT ( 'NONE',  ( -0.1481767955801101821, 1.047377483469670906E-17, 0.1292817679558010691 ) ) ;
#238 = CARTESIAN_POINT ( 'NONE',  ( -0.1541436464088396796, 2.435761589464347419E-17, -0.05966850828729284434 ) ) ;
#239 = VERTEX_POINT ( 'NONE', #1828 ) ;
#240 = CARTESIAN_POINT ( 'NONE',  ( -0.6812154696132592946, 1.053242982797198379E-16, 0.06563535911602208506 ) ) ;
#241 = CARTESIAN_POINT ( 'NONE',  ( 0.7558011049723758479, 0.5966850828729284295, 0.02983425414364638054 ) ) ;
#242 = EDGE_CURVE ( 'NONE', #3054, #1777, #1566, .T. ) ;
#243 = EDGE_LOOP ( 'NONE', ( #1709, #1980, #2104, #250 ) ) ;
#244 = EDGE_LOOP ( 'NONE', ( #812, #430, #1941, #1192 ) ) ;
#245 = CARTESIAN_POINT ( 'NONE',  ( 0.06464088397790053453, 0.000000000000000000, 0.1253038674033149225 ) ) ;
#246 = CARTESIAN_POINT ( 'NONE',  ( 0.000000000000000000, 0.000000000000000000, 0.4475138121546964887 ) ) ;
#247 = PLANE ( 'NONE',  #1490 ) ;
#248 = CARTESIAN_POINT ( 'NONE',  ( 0.000000000000000000, 0.000000000000000000, 0.02983425414364638054 ) ) ;
#249 = AXIS2_PLACEMENT_3D ( 'NONE', #2378, #326, #862 ) ;
#250 = ORIENTED_EDGE ( 'NONE', *, *, #3194, .F. ) ;
#251 = DIRECTION ( 'NONE',  ( 0.000000000000000000, 0.000000000000000000, -1.000000000000000000 ) ) ;
#252 = AXIS2_PLACEMENT_3D ( 'NONE', #156, #1211, #2790 ) ;
#253 = FACE_OUTER_BOUND ( 'NONE', #350, .T. ) ;
#254 = ORIENTED_EDGE ( 'NONE', *, *, #3253, .T. ) ;
#255 = PLANE ( 'NONE',  #1053 ) ;
#256 = DIRECTION ( 'NONE',  ( -1.000000000000000000, 0.000000000000000000, 0.000000000000000000 ) ) ;
#257 = EDGE_CURVE ( 'NONE', #295, #785, #1061, .T. ) ;
#258 = EDGE_LOOP ( 'NONE', ( #829, #413 ) ) ;
#259 = APPROVAL ( #1413, '未' ) ;
#260 = LINE ( 'NONE', #212, #2632 ) ;
#261 = ADVANCED_FACE ( 'NONE', ( #25 ), #2123, .F. ) ;
#262 = DIRECTION ( 'NONE',  ( 0.000000000000000000, 0.000000000000000000, 1.000000000000000000 ) ) ;
#263 = DIRECTION ( 'NONE',  ( -1.000000000000000000, 0.000000000000000000, 0.000000000000000000 ) ) ;
#264 = DIRECTION ( 'NONE',  ( 0.000000000000000000, 0.000000000000000000, -1.000000000000000000 ) ) ;
#265 = ORIENTED_EDGE ( 'NONE', *, *, #517, .T. ) ;
#266 = CONICAL_SURFACE ( 'NONE', #2564, 0.1619288225549959936, 0.7853981633974503884 ) ;
#267 = EDGE_CURVE ( 'NONE', #830, #2715, #1805, .T. ) ;
#268 = ORIENTED_EDGE ( 'NONE', *, *, #2938, .F. ) ;
#269 = CONICAL_SURFACE ( 'NONE', #447, 0.1153591160220995282, 0.7853981633974490562 ) ;
#270 = CARTESIAN_POINT ( 'NONE',  ( 0.7525349788699295939, -0.7674521059417490632, -0.4475138121546964887 ) ) ;
#271 = CARTESIAN_POINT ( 'NONE',  ( 0.6364640883977900065, -0.5966850828729284295, 0.2486187845303867716 ) ) ;
#272 = AXIS2_PLACEMENT_3D ( 'NONE', #2741, #1676, #2100 ) ;
#273 = AXIS2_PLACEMENT_3D ( 'NONE', #1904, #1611, #1368 ) ;
#274 = EDGE_LOOP ( 'NONE', ( #640, #121 ) ) ;
#275 = AXIS2_PLACEMENT_3D ( 'NONE', #1423, #583, #1905 ) ;
#276 = CIRCLE ( 'NONE', #946, 0.1193370165745857442 ) ;
#277 = DIRECTION ( 'NONE',  ( 1.000000000000000000, -1.826024711554527997E-16, 0.000000000000000000 ) ) ;
#278 = DIRECTION ( 'NONE',  ( -1.224646799147353207E-16, 1.000000000000000000, 0.000000000000000000 ) ) ;
#279 = CIRCLE ( 'NONE', #2179, 0.07955801104972372306 ) ;
#280 = VECTOR ( 'NONE', #446, 1000.000000000000000 ) ;
#281 = VERTEX_POINT ( 'NONE', #755 ) ;
#282 = CIRCLE ( 'NONE', #1441, 0.05966850828729281658 ) ;
#283 = CYLINDRICAL_SURFACE ( 'NONE', #2793, 0.05966850828729281658 ) ;
#284 = DIRECTION ( 'NONE',  ( -1.000000000000000000, 0.000000000000000000, 0.000000000000000000 ) ) ;
#285 = LINE ( 'NONE', #2636, #2297 ) ;
#286 = DIRECTION ( 'NONE',  ( 0.000000000000000000, 0.000000000000000000, -1.000000000000000000 ) ) ;
#287 = EDGE_CURVE ( 'NONE', #688, #721, #1293, .T. ) ;
#288 = CARTESIAN_POINT ( 'NONE',  ( 0.6364640883977900065, 0.5966850828729284295, 0.02983425414364638054 ) ) ;
#289 = ORIENTED_EDGE ( 'NONE', *, *, #1263, .F. ) ;
#290 = AXIS2_PLACEMENT_3D ( 'NONE', #394, #3173, #2740 ) ;
#291 = VERTEX_POINT ( 'NONE', #2061 ) ;
#292 = CARTESIAN_POINT ( 'NONE',  ( -0.5569060773480662974, 0.5966850828729284295, 0.4475138121546964887 ) ) ;
#293 = CARTESIAN_POINT ( 'NONE',  ( -0.6851933701657461073, 0.2999902417950753297, 0.1077445648347589852 ) ) ;
#294 = ORIENTED_EDGE ( 'NONE', *, *, #947, .T. ) ;
#295 = VERTEX_POINT ( 'NONE', #1039 ) ;
#296 = DIRECTION ( 'NONE',  ( -1.000000000000000000, 0.000000000000000000, 0.000000000000000000 ) ) ;
#297 = DIRECTION ( 'NONE',  ( -1.000000000000000000, 0.000000000000000000, 0.000000000000000000 ) ) ;
#298 = CARTESIAN_POINT ( 'NONE',  ( -0.7525349788699295939, 0.7674521059417490632, -0.4475138121546964887 ) ) ;
#299 = DIRECTION ( 'NONE',  ( 0.000000000000000000, -1.000000000000000000, 0.000000000000000000 ) ) ;
#300 = VERTEX_POINT ( 'NONE', #3107 ) ;
#301 = DIRECTION ( 'NONE',  ( -1.000000000000000000, 0.000000000000000000, 0.000000000000000000 ) ) ;
#302 = AXIS2_PLACEMENT_3D ( 'NONE', #2101, #1835, #2624 ) ;
#303 = APPROVAL ( #3206, '未' ) ;
#304 = EDGE_CURVE ( 'NONE', #2591, #1688, #279, .T. ) ;
#305 = DIRECTION ( 'NONE',  ( 0.000000000000000000, 0.000000000000000000, -1.000000000000000000 ) ) ;
#306 = APPROVAL_PERSON_ORGANIZATION ( #1156, #259, #2702 ) ;
#307 = EDGE_LOOP ( 'NONE', ( #1867, #2002, #1849, #1414 ) ) ;
#308 = ORIENTED_EDGE ( 'NONE', *, *, #2737, .F. ) ;
#309 = CARTESIAN_POINT ( 'NONE',  ( 0.4556605382210825450, 0.1577779665802070130, 0.04972375690607735987 ) ) ;
#310 = VECTOR ( 'NONE', #2213, 1000.000000000000114 ) ;
#311 = EDGE_CURVE ( 'NONE', #1395, #2806, #825, .T. ) ;
#312 = ORIENTED_EDGE ( 'NONE', *, *, #771, .T. ) ;
#313 = CARTESIAN_POINT ( 'NONE',  ( 0.5767955801104972524, 0.5966850828729284295, 0.02983425414364638054 ) ) ;
#314 = CARTESIAN_POINT ( 'NONE',  ( -0.6364640883977900065, -0.5966850828729284295, 0.02983425414364638054 ) ) ;
#315 = CARTESIAN_POINT ( 'NONE',  ( -0.04083226848219265875, -0.3525316021511144537, 0.04972375690607735987 ) ) ;
#316 = CYLINDRICAL_SURFACE ( 'NONE', #1700, 0.1193370165745857442 ) ;
#317 = EDGE_LOOP ( 'NONE', ( #318, #1993, #2812, #1216, #1403, #3292, #2169, #2032, #2348 ) ) ;
#318 = ORIENTED_EDGE ( 'NONE', *, *, #1282, .F. ) ;
#319 = EDGE_LOOP ( 'NONE', ( #1914, #1444, #368, #1712 ) ) ;
#320 = CARTESIAN_POINT ( 'NONE',  ( 0.2098342541436464537, 1.778105960308975347E-17, 0.08552486187845297072 ) ) ;
#321 = FACE_OUTER_BOUND ( 'NONE', #1674, .T. ) ;
#322 = EDGE_LOOP ( 'NONE', ( #2555, #2042, #3127, #155 ) ) ;
#323 = VECTOR ( 'NONE', #1734, 1000.000000000000000 ) ;
#324 = ADVANCED_FACE ( 'NONE', ( #1344 ), #226, .F. ) ;
#325 = CARTESIAN_POINT ( 'NONE',  ( -0.5171270718232042762, -0.5966850828729284295, 0.02983425414364638054 ) ) ;
#326 = DIRECTION ( 'NONE',  ( 0.000000000000000000, 0.000000000000000000, -1.000000000000000000 ) ) ;
#327 = CIRCLE ( 'NONE', #999, 0.1233149171270718492 ) ;
#328 = CIRCLE ( 'NONE', #1597, 0.1193370165745857442 ) ;
#329 = ADVANCED_FACE ( 'NONE', ( #2908 ), #3124, .F. ) ;
#330 = VECTOR ( 'NONE', #3122, 1000.000000000000000 ) ;
#331 = DIRECTION ( 'NONE',  ( 0.000000000000000000, -1.000000000000000000, 0.000000000000000000 ) ) ;
#332 = FACE_BOUND ( 'NONE', #1983, .T. ) ;
#333 = VECTOR ( 'NONE', #2795, 1000.000000000000000 ) ;
#334 = DIRECTION ( 'NONE',  ( 0.7071067811865470176, -0.7071067811865480168, 0.000000000000000000 ) ) ;
#335 = CARTESIAN_POINT ( 'NONE',  ( 0.4556605382210861532, -0.1577779665802066522, 0.2486187845303867716 ) ) ;
#336 = ORIENTED_EDGE ( 'NONE', *, *, #917, .T. ) ;
#337 = VERTEX_POINT ( 'NONE', #1073 ) ;
#338 = DIRECTION ( 'NONE',  ( 0.000000000000000000, -0.7071067811865480168, -0.7071067811865470176 ) ) ;
#339 = ORIENTED_EDGE ( 'NONE', *, *, #3186, .T. ) ;
#340 = ORIENTED_EDGE ( 'NONE', *, *, #2586, .F. ) ;
#341 = PLANE ( 'NONE',  #1084 ) ;
#342 = CIRCLE ( 'NONE', #3233, 0.2187845303867402280 ) ;
#343 = DIRECTION ( 'NONE',  ( -1.000000000000000000, 0.000000000000000000, 0.000000000000000000 ) ) ;
#344 = DIRECTION ( 'NONE',  ( 0.4999999999999998890, 0.4999999999999992228, -0.7071067811865481278 ) ) ;
#345 = ADVANCED_FACE ( 'NONE', ( #3136 ), #2338, .F. ) ;
#346 = ORIENTED_EDGE ( 'NONE', *, *, #2308, .T. ) ;
#347 = LINE ( 'NONE', #1405, #2518 ) ;
#348 = CARTESIAN_POINT ( 'NONE',  ( -0.6961325966850828717, 0.5966850828729284295, 0.4475138121546964887 ) ) ;
#349 = ORIENTED_EDGE ( 'NONE', *, *, #170, .F. ) ;
#350 = EDGE_LOOP ( 'NONE', ( #578, #1067, #1766, #3223 ) ) ;
#351 = LINE ( 'NONE', #2716, #464 ) ;
#352 = DIRECTION ( 'NONE',  ( 0.7071067811865470176, 8.659560562354926695E-17, -0.7071067811865480168 ) ) ;
#353 = ORIENTED_EDGE ( 'NONE', *, *, #242, .F. ) ;
#354 = PERSON_AND_ORGANIZATION ( #3237, #1624 ) ;
#355 = EDGE_LOOP ( 'NONE', ( #666, #1548, #454, #2015 ) ) ;
#356 = AXIS2_PLACEMENT_3D ( 'NONE', #902, #706, #178 ) ;
#357 = ORIENTED_EDGE ( 'NONE', *, *, #397, .T. ) ;
#358 = CARTESIAN_POINT ( 'NONE',  ( -0.6364640883977900065, 0.5966850828729284295, 0.02983425414364638054 ) ) ;
#359 = AXIS2_PLACEMENT_3D ( 'NONE', #2885, #305, #1880 ) ;
#360 = CARTESIAN_POINT ( 'NONE',  ( -0.3423153696986848127, 0.2709242221814622265, -0.02910206356740602934 ) ) ;
#361 = FACE_OUTER_BOUND ( 'NONE', #2495, .T. ) ;
#362 = ORIENTED_EDGE ( 'NONE', *, *, #1536, .F. ) ;
#363 = VECTOR ( 'NONE', #2869, 1000.000000000000000 ) ;
#364 = EDGE_CURVE ( 'NONE', #1243, #1155, #282, .T. ) ;
#365 = ADVANCED_FACE ( 'NONE', ( #38 ), #2836, .T. ) ;
#366 = CARTESIAN_POINT ( 'NONE',  ( 0.6364640883977900065, -0.5966850828729284295, 0.4475138121546964887 ) ) ;
#367 = DIRECTION ( 'NONE',  ( 1.000000000000000000, 0.000000000000000000, 0.000000000000000000 ) ) ;
#368 = ORIENTED_EDGE ( 'NONE', *, *, #1299, .T. ) ;
#369 = VERTEX_POINT ( 'NONE', #1601 ) ;
#370 = DIRECTION ( 'NONE',  ( 0.000000000000000000, 0.000000000000000000, -1.000000000000000000 ) ) ;
#371 = DIRECTION ( 'NONE',  ( 1.000000000000000000, 0.000000000000000000, 0.000000000000000000 ) ) ;
#372 = VERTEX_POINT ( 'NONE', #2638 ) ;
#373 = EDGE_CURVE ( 'NONE', #291, #3123, #1359, .T. ) ;
#374 = VERTEX_POINT ( 'NONE', #2389 ) ;
#375 = LINE ( 'NONE', #140, #485 ) ;
#376 = EDGE_LOOP ( 'NONE', ( #3270, #215, #649, #2801 ) ) ;
#377 = DIRECTION ( 'NONE',  ( -0.7071067811865470176, 0.000000000000000000, -0.7071067811865480168 ) ) ;
#378 = TOROIDAL_SURFACE ( 'NONE', #2728, 0.1591160220994475016, 0.03381215469613262775 ) ;
#379 = CIRCLE ( 'NONE', #2513, 0.1153591160220995282 ) ;
#380 = CARTESIAN_POINT ( 'NONE',  ( 0.6364640883977900065, -0.5966850828729284295, 0.4475138121546964887 ) ) ;
#381 = FACE_OUTER_BOUND ( 'NONE', #1097, .T. ) ;
#382 = ORIENTED_EDGE ( 'NONE', *, *, #257, .F. ) ;
#383 = VECTOR ( 'NONE', #1845, 1000.000000000000000 ) ;
#384 = VECTOR ( 'NONE', #955, 1000.000000000000000 ) ;
#385 = DIRECTION ( 'NONE',  ( 1.000000000000000000, 0.000000000000000000, 0.000000000000000000 ) ) ;
#386 = AXIS2_PLACEMENT_3D ( 'NONE', #695, #2008, #2281 ) ;
#387 = CARTESIAN_POINT ( 'NONE',  ( -0.7558011049723758479, -0.5966850828729284295, 0.4475138121546964887 ) ) ;
#388 = EDGE_CURVE ( 'NONE', #1598, #2035, #735, .T. ) ;
#389 = EDGE_CURVE ( 'NONE', #2954, #1978, #1770, .T. ) ;
#390 = ORIENTED_EDGE ( 'NONE', *, *, #2274, .F. ) ;
#391 = AXIS2_PLACEMENT_3D ( 'NONE', #503, #2110, #1615 ) ;
#392 = VERTEX_POINT ( 'NONE', #2173 ) ;
#393 = CIRCLE ( 'NONE', #2029, 0.1147205515753561000 ) ;
#394 = CARTESIAN_POINT ( 'NONE',  ( -0.6364640883977900065, -0.5966850828729284295, 0.4077348066298340790 ) ) ;
#395 = FACE_OUTER_BOUND ( 'NONE', #3363, .T. ) ;
#396 = VERTEX_POINT ( 'NONE', #2957 ) ;
#397 = EDGE_CURVE ( 'NONE', #3291, #2488, #2192, .T. ) ;
#398 = EDGE_LOOP ( 'NONE', ( #2232, #2427 ) ) ;
#399 = LINE ( 'NONE', #1431, #3039 ) ;
#400 = CARTESIAN_POINT ( 'NONE',  ( -0.06097946691843612183, -0.3580110497237570799, -0.03381215469613262775 ) ) ;
#401 = FACE_OUTER_BOUND ( 'NONE', #1217, .T. ) ;
#402 = CARTESIAN_POINT ( 'NONE',  ( 0.5171270718232042762, 0.5966850828729284295, 0.02983425414364638054 ) ) ;
#403 = ORIENTED_EDGE ( 'NONE', *, *, #2687, .F. ) ;
#404 = ORIENTED_EDGE ( 'NONE', *, *, #458, .T. ) ;
#405 = DIRECTION ( 'NONE',  ( -1.000000000000000000, 0.000000000000000000, 0.000000000000000000 ) ) ;
#406 = DIRECTION ( 'NONE',  ( 0.6785983445458463326, 0.2810846377148236153, -0.6785983445458463326 ) ) ;
#407 = ORIENTED_EDGE ( 'NONE', *, *, #2393, .F. ) ;
#408 = CARTESIAN_POINT ( 'NONE',  ( -0.5459668508287295330, 0.3420994475138121049, 0.06563535911602208506 ) ) ;
#409 = LINE ( 'NONE', #1465, #714 ) ;
#410 = ORIENTED_EDGE ( 'NONE', *, *, #899, .F. ) ;
#411 = ORIENTED_EDGE ( 'NONE', *, *, #2020, .F. ) ;
#412 = ADVANCED_FACE ( 'NONE', ( #585 ), #1182, .T. ) ;
#413 = ORIENTED_EDGE ( 'NONE', *, *, #2711, .F. ) ;
#414 = DIRECTION ( 'NONE',  ( 0.000000000000000000, 0.000000000000000000, 1.000000000000000000 ) ) ;
#415 = EDGE_CURVE ( 'NONE', #2672, #831, #1446, .T. ) ;
#416 = FACE_OUTER_BOUND ( 'NONE', #3261, .T. ) ;
#417 = CARTESIAN_POINT ( 'NONE',  ( -0.3646311257729753508, -0.5807734806629833990, 0.2486187845303867716 ) ) ;
#418 = CIRCLE ( 'NONE', #1354, 0.1193370165745857442 ) ;
#419 = CARTESIAN_POINT ( 'NONE',  ( -0.08055248618784527359, 0.4415469613259669357, 0.2486187845303867716 ) ) ;
#420 = EDGE_LOOP ( 'NONE', ( #410, #870, #1633, #3205 ) ) ;
#421 = EDGE_CURVE ( 'NONE', #567, #3123, #2418, .T. ) ;
#422 = ORIENTED_EDGE ( 'NONE', *, *, #1998, .T. ) ;
#423 = AXIS2_PLACEMENT_3D ( 'NONE', #1246, #2870, #1024 ) ;
#424 = PLANE ( 'NONE',  #1219 ) ;
#425 = LINE ( 'NONE', #198, #1807 ) ;
#426 = VERTEX_POINT ( 'NONE', #55 ) ;
#427 = VERTEX_POINT ( 'NONE', #2157 ) ;
#428 = CARTESIAN_POINT ( 'NONE',  ( -0.2436464088397789218, 0.7017581975961797447, 0.2486187845303867716 ) ) ;
#429 = DIRECTION ( 'NONE',  ( 0.000000000000000000, 0.000000000000000000, 1.000000000000000000 ) ) ;
#430 = ORIENTED_EDGE ( 'NONE', *, *, #729, .T. ) ;
#431 = ORIENTED_EDGE ( 'NONE', *, *, #792, .T. ) ;
#432 = DATE_AND_TIME ( #2511, #2103 ) ;
#433 = EDGE_CURVE ( 'NONE', #2, #2394, #1112, .T. ) ;
#434 = CYLINDRICAL_SURFACE ( 'NONE', #2662, 0.05966850828729281658 ) ;
#435 = ORIENTED_EDGE ( 'NONE', *, *, #3199, .F. ) ;
#436 = CARTESIAN_POINT ( 'NONE',  ( -0.2436464088397789218, -0.5807734806629833990, 0.2486187845303867716 ) ) ;
#437 = EDGE_CURVE ( 'NONE', #2336, #1672, #351, .T. ) ;
#438 = EDGE_CURVE ( 'NONE', #372, #2853, #342, .T. ) ;
#439 = CARTESIAN_POINT ( 'NONE',  ( -0.6430841644470083329, -0.3420994475138121049, 0.06563535911602208506 ) ) ;
#440 = DIRECTION ( 'NONE',  ( 0.000000000000000000, 0.000000000000000000, -1.000000000000000000 ) ) ;
#441 = AXIS2_PLACEMENT_3D ( 'NONE', #1636, #2950, #2431 ) ;
#442 = ORIENTED_EDGE ( 'NONE', *, *, #2329, .F. ) ;
#443 = ADVANCED_FACE ( 'NONE', ( #2452 ), #128, .F. ) ;
#444 = CIRCLE ( 'NONE', #1108, 0.1591160220994475016 ) ;
#445 = CYLINDRICAL_SURFACE ( 'NONE', #15, 0.1193370165745857442 ) ;
#446 = DIRECTION ( 'NONE',  ( 1.000000000000000000, -1.826024711554529969E-16, 0.000000000000000000 ) ) ;
#447 = AXIS2_PLACEMENT_3D ( 'NONE', #2985, #1660, #3259 ) ;
#448 = CIRCLE ( 'NONE', #2896, 0.05966850828729281658 ) ;
#449 = ORIENTED_EDGE ( 'NONE', *, *, #163, .T. ) ;
#450 = VECTOR ( 'NONE', #2768, 1000.000000000000000 ) ;
#451 = VECTOR ( 'NONE', #1000, 1000.000000000000000 ) ;
#452 = CARTESIAN_POINT ( 'NONE',  ( 0.1578259968155546200, -0.2358418332179649246, 0.04972375690607735987 ) ) ;
#453 = PLANE ( 'NONE',  #108 ) ;
#454 = ORIENTED_EDGE ( 'NONE', *, *, #504, .F. ) ;
#455 = FACE_OUTER_BOUND ( 'NONE', #3306, .T. ) ;
#456 = LINE ( 'NONE', #3026, #1621 ) ;
#457 = EDGE_CURVE ( 'NONE', #174, #1479, #1374, .T. ) ;
#458 = EDGE_CURVE ( 'NONE', #2488, #138, #1894, .T. ) ;
#459 = CYLINDRICAL_SURFACE ( 'NONE', #2290, 0.08353591160220986966 ) ;
#460 = ORIENTED_EDGE ( 'NONE', *, *, #1832, .F. ) ;
#461 = LINE ( 'NONE', #943, #1549 ) ;
#462 = ORIENTED_EDGE ( 'NONE', *, *, #3244, .F. ) ;
#463 = ORIENTED_EDGE ( 'NONE', *, *, #3344, .T. ) ;
#464 = VECTOR ( 'NONE', #3226, 1000.000000000000000 ) ;
#465 = ADVANCED_FACE ( 'NONE', ( #1675 ), #1910, .F. ) ;
#466 = CARTESIAN_POINT ( 'NONE',  ( 0.5171270718232042762, -0.5966850828729284295, -0.4475138121546964887 ) ) ;
#467 = CARTESIAN_POINT ( 'NONE',  ( 0.5171270718232042762, -0.5966850828729284295, 0.02983425414364638054 ) ) ;
#468 = ORIENTED_EDGE ( 'NONE', *, *, #799, .F. ) ;
#469 = DIRECTION ( 'NONE',  ( 0.000000000000000000, -1.000000000000000000, 0.000000000000000000 ) ) ;
#470 = CARTESIAN_POINT ( 'NONE',  ( -0.6840282700688102846, -0.3011553418920119851, 0.2287292817679560109 ) ) ;
#471 = ORIENTED_EDGE ( 'NONE', *, *, #2669, .F. ) ;
#472 = DIRECTION ( 'NONE',  ( 0.000000000000000000, 0.000000000000000000, -1.000000000000000000 ) ) ;
#473 = CARTESIAN_POINT ( 'NONE',  ( 0.8552486187845296239, -0.7209944751381218708, 0.2486187845303867716 ) ) ;
#474 = DIRECTION ( 'NONE',  ( 1.000000000000000000, 0.000000000000000000, 0.000000000000000000 ) ) ;
#475 = PLANE ( 'NONE',  #1522 ) ;
#476 = EDGE_LOOP ( 'NONE', ( #691, #2026, #3316, #1090, #2341, #2654, #3021, #1881 ) ) ;
#477 = AXIS2_PLACEMENT_3D ( 'NONE', #358, #2422, #832 ) ;
#478 = DIRECTION ( 'NONE',  ( 1.000000000000000000, 0.000000000000000000, 0.000000000000000000 ) ) ;
#479 = DIRECTION ( 'NONE',  ( 0.000000000000000000, -1.000000000000000000, 0.000000000000000000 ) ) ;
#480 = SECURITY_CLASSIFICATION ( '', '', #1694 ) ;
#481 = EDGE_LOOP ( 'NONE', ( #1452, #1741, #696, #1302 ) ) ;
#482 = EDGE_CURVE ( 'NONE', #1688, #2591, #2514, .T. ) ;
#483 = PLANE ( 'NONE',  #3110 ) ;
#484 = DIRECTION ( 'NONE',  ( -1.826024711554529969E-16, -1.000000000000000000, 0.000000000000000000 ) ) ;
#485 = VECTOR ( 'NONE', #124, 1000.000000000000000 ) ;
#486 = DIRECTION ( 'NONE',  ( 0.7071067811865470176, 8.659560562354926695E-17, -0.7071067811865480168 ) ) ;
#487 = ADVANCED_FACE ( 'NONE', ( #2434 ), #1940, .F. ) ;
#488 = FACE_OUTER_BOUND ( 'NONE', #2238, .T. ) ;
#489 = LINE ( 'NONE', #1537, #2171 ) ;
#490 = DIRECTION ( 'NONE',  ( 0.5773502691896257311, -0.5773502691896257311, -0.5773502691896257311 ) ) ;
#491 = ORIENTED_EDGE ( 'NONE', *, *, #2691, .T. ) ;
#492 = VERTEX_POINT ( 'NONE', #1393 ) ;
#493 = DIRECTION ( 'NONE',  ( 0.000000000000000000, 1.000000000000000000, 0.000000000000000000 ) ) ;
#494 = CARTESIAN_POINT ( 'NONE',  ( -0.7806629834254142919, -0.7955801104972374249, 0.2486187845303867716 ) ) ;
#495 = AXIS2_PLACEMENT_3D ( 'NONE', #1634, #629, #2147 ) ;
#496 = VERTEX_POINT ( 'NONE', #101 ) ;
#497 = DIRECTION ( 'NONE',  ( 0.000000000000000000, 0.000000000000000000, 1.000000000000000000 ) ) ;
#498 = DIRECTION ( 'NONE',  ( 0.000000000000000000, 0.000000000000000000, -1.000000000000000000 ) ) ;
#499 = AXIS2_PLACEMENT_3D ( 'NONE', #172, #1778, #3005 ) ;
#500 = ORIENTED_EDGE ( 'NONE', *, *, #1058, .F. ) ;
#501 = VECTOR ( 'NONE', #3269, 1000.000000000000114 ) ;
#502 = CIRCLE ( 'NONE', #2128, 0.1193370165745857442 ) ;
#503 = CARTESIAN_POINT ( 'NONE',  ( -0.4624309392265196772, 0.3580110497237570799, 0.04972375690607735987 ) ) ;
#504 = EDGE_CURVE ( 'NONE', #1163, #1777, #118, .T. ) ;
#505 = LINE ( 'NONE', #1556, #1087 ) ;
#506 = VECTOR ( 'NONE', #20, 1000.000000000000000 ) ;
#507 = VERTEX_POINT ( 'NONE', #320 ) ;
#508 = LINE ( 'NONE', #2572, #3325 ) ;
#509 = FACE_OUTER_BOUND ( 'NONE', #2918, .T. ) ;
#510 = EDGE_LOOP ( 'NONE', ( #1459, #1483 ) ) ;
#511 = EDGE_LOOP ( 'NONE', ( #1848, #2735, #2559, #353 ) ) ;
#512 = DIRECTION ( 'NONE',  ( 0.000000000000000000, 0.000000000000000000, 1.000000000000000000 ) ) ;
#513 = LINE ( 'NONE', #1083, #2743 ) ;
#514 = DIRECTION ( 'NONE',  ( 1.000000000000000000, 0.000000000000000000, 0.000000000000000000 ) ) ;
#515 = LINE ( 'NONE', #1308, #1114 ) ;
#516 = ADVANCED_FACE ( 'NONE', ( #602 ), #941, .F. ) ;
#517 = EDGE_CURVE ( 'NONE', #1248, #1994, #2734, .T. ) ;
#518 = CARTESIAN_POINT ( 'NONE',  ( -0.2436464088397789218, 0.5767955801104976965, 0.2486187845303867716 ) ) ;
#519 = CARTESIAN_POINT ( 'NONE',  ( 0.5767955801104972524, 0.5966850828729284295, 0.4475138121546964887 ) ) ;
#520 = ORIENTED_EDGE ( 'NONE', *, *, #725, .T. ) ;
#521 = ADVANCED_FACE ( 'NONE', ( #1516 ), #2489, .F. ) ;
#522 = ORIENTED_EDGE ( 'NONE', *, *, #2413, .F. ) ;
#523 = DIRECTION ( 'NONE',  ( 0.000000000000000000, 0.000000000000000000, -1.000000000000000000 ) ) ;
#524 = CARTESIAN_POINT ( 'NONE',  ( -0.2712837584002720792, 0.2709242221814622265, -0.4084144646338817575 ) ) ;
#525 = ORIENTED_EDGE ( 'NONE', *, *, #667, .T. ) ;
#526 = ORIENTED_EDGE ( 'NONE', *, *, #517, .F. ) ;
#527 = DIRECTION ( 'NONE',  ( 0.000000000000000000, 0.000000000000000000, 1.000000000000000000 ) ) ;
#528 = EDGE_CURVE ( 'NONE', #3184, #594, #2677, .T. ) ;
#529 = DIRECTION ( 'NONE',  ( 0.000000000000000000, 1.000000000000000000, 0.000000000000000000 ) ) ;
#530 = CIRCLE ( 'NONE', #302, 0.1193370165745857442 ) ;
#531 = CARTESIAN_POINT ( 'NONE',  ( 0.06464088397790053453, -2.435761589464349807E-18, -0.05966850828729284434 ) ) ;
#532 = LINE ( 'NONE', #2094, #945 ) ;
#533 = AXIS2_PLACEMENT_3D ( 'NONE', #1093, #1075, #1141 ) ;
#534 = ORIENTED_EDGE ( 'NONE', *, *, #3040, .T. ) ;
#535 = DIRECTION ( 'NONE',  ( -1.000000000000000000, 0.000000000000000000, 0.000000000000000000 ) ) ;
#536 = CLOSED_SHELL ( 'NONE', ( #345, #190, #2655, #2370, #1284, #261, #58, #516, #1650, #731, #1347, #986, #3181, #1628, #2876, #365, #1245, #412, #2695, #1502, #1715, #1589, #1049, #1449, #2437, #954, #2138, #2430, #841, #487, #2634, #2218, #573, #27, #465, #1896, #2920, #1557, #2373, #2136, #1472, #2016, #3350, #1384, #2498, #663, #1916, #2562, #2871, #206, #3023, #2124, #1096, #643, #2537, #2633, #2937, #1873, #1668, #2178, #24, #2544, #3105, #1555, #3200, #738, #2331, #100, #2478, #2423, #3002, #1986, #2524, #1157, #751, #1013, #2778, #2372, #521, #1979, #2184, #1568, #2497, #2074, #2833, #3288, #1815, #2483, #1455, #37, #1399, #3312, #1632, #1140, #764, #186, #2390, #3225, #2834, #939, #142, #2253, #2758, #1626, #443, #3334, #324, #886, #329, #2962, #1533, #1103, #2551, #991, #2037 ) ) ;
#537 = LINE ( 'NONE', #2602, #2707 ) ;
#538 = VERTEX_POINT ( 'NONE', #187 ) ;
#539 = FACE_OUTER_BOUND ( 'NONE', #307, .T. ) ;
#540 = CARTESIAN_POINT ( 'NONE',  ( 0.2098342541436464537, 1.778105960308975347E-17, -0.09348066298342548597 ) ) ;
#541 = EDGE_LOOP ( 'NONE', ( #460, #2252, #877, #2391 ) ) ;
#542 = ORIENTED_EDGE ( 'NONE', *, *, #2329, .T. ) ;
#543 = CARTESIAN_POINT ( 'NONE',  ( 0.6961325966850828717, -0.5966850828729284295, 0.02983425414364638054 ) ) ;
#544 = FACE_OUTER_BOUND ( 'NONE', #2574, .T. ) ;
#545 = EDGE_CURVE ( 'NONE', #2158, #1046, #682, .T. ) ;
#546 = CARTESIAN_POINT ( 'NONE',  ( -0.5569060773480662974, 0.5966850828729284295, 0.4475138121546964887 ) ) ;
#547 = CARTESIAN_POINT ( 'NONE',  ( -0.1226616919065817018, -0.5807734806629833990, 0.2486187845303867716 ) ) ;
#548 = EDGE_LOOP ( 'NONE', ( #1687, #2886, #1258, #2666 ) ) ;
#549 = CONICAL_SURFACE ( 'NONE', #995, 0.07955801104972372306, 0.7853981633974476129 ) ;
#550 = ORIENTED_EDGE ( 'NONE', *, *, #1731, .T. ) ;
#551 = AXIS2_PLACEMENT_3D ( 'NONE', #757, #3080, #3095 ) ;
#552 = CARTESIAN_POINT ( 'NONE',  ( 0.3629834254143647909, -1.812667414753072584E-16, 0.04972375690607735987 ) ) ;
#553 = CARTESIAN_POINT ( 'NONE',  ( -0.4624309392265196772, -0.3580110497237570799, 0.2486187845303867716 ) ) ;
#554 = CIRCLE ( 'NONE', #3112, 0.1054143646408839674 ) ;
#555 = ORIENTED_EDGE ( 'NONE', *, *, #989, .T. ) ;
#556 = ORIENTED_EDGE ( 'NONE', *, *, #997, .F. ) ;
#557 = VERTEX_POINT ( 'NONE', #408 ) ;
#558 = CIRCLE ( 'NONE', #1332, 0.05966850828729281658 ) ;
#559 = CARTESIAN_POINT ( 'NONE',  ( -0.2635359116022096826, -0.4415469613259669357, 0.2486187845303867716 ) ) ;
#560 = FACE_OUTER_BOUND ( 'NONE', #1107, .T. ) ;
#561 = VECTOR ( 'NONE', #535, 1000.000000000000000 ) ;
#562 = AXIS2_PLACEMENT_3D ( 'NONE', #2089, #758, #2363 ) ;
#563 = ORIENTED_EDGE ( 'NONE', *, *, #1510, .T. ) ;
#564 = ORIENTED_EDGE ( 'NONE', *, *, #1841, .F. ) ;
#565 = CARTESIAN_POINT ( 'NONE',  ( -0.08055248618784537074, 0.000000000000000000, -0.09348066298342548597 ) ) ;
#566 = LINE ( 'NONE', #4, #664 ) ;
#567 = VERTEX_POINT ( 'NONE', #152 ) ;
#568 = EDGE_CURVE ( 'NONE', #2159, #1076, #2208, .T. ) ;
#569 = DIRECTION ( 'NONE',  ( -0.8622527762988376754, -0.5064781829111167921, 0.000000000000000000 ) ) ;
#570 = DIRECTION ( 'NONE',  ( -0.8164965809277264785, 0.000000000000000000, 0.5773502691896252870 ) ) ;
#571 = ORIENTED_EDGE ( 'NONE', *, *, #1240, .F. ) ;
#572 = DIRECTION ( 'NONE',  ( -0.7071067811865474617, -0.7071067811865474617, 0.000000000000000000 ) ) ;
#573 = ADVANCED_FACE ( 'NONE', ( #3289 ), #1207, .T. ) ;
#574 = ORIENTED_EDGE ( 'NONE', *, *, #1032, .F. ) ;
#575 = AXIS2_PLACEMENT_3D ( 'NONE', #2050, #1659, #1689 ) ;
#576 = ORIENTED_EDGE ( 'NONE', *, *, #646, .F. ) ;
#577 = DIRECTION ( 'NONE',  ( 0.000000000000000000, 0.000000000000000000, 1.000000000000000000 ) ) ;
#578 = ORIENTED_EDGE ( 'NONE', *, *, #1044, .T. ) ;
#579 = CARTESIAN_POINT ( 'NONE',  ( 0.06464088397790053453, -2.435761589464349807E-18, -0.05966850828729284434 ) ) ;
#580 = CARTESIAN_POINT ( 'NONE',  ( 0.9000000000000000222, 0.000000000000000000, 0.2486187845303867716 ) ) ;
#581 = EDGE_CURVE ( 'NONE', #492, #3117, #2033, .T. ) ;
#582 = DIRECTION ( 'NONE',  ( 1.000000000000000000, 0.000000000000000000, 0.000000000000000000 ) ) ;
#583 = DIRECTION ( 'NONE',  ( 0.000000000000000000, 0.000000000000000000, -1.000000000000000000 ) ) ;
#584 = EDGE_CURVE ( 'NONE', #1647, #426, #1373, .T. ) ;
#585 = FACE_OUTER_BOUND ( 'NONE', #1747, .T. ) ;
#586 = AXIS2_PLACEMENT_3D ( 'NONE', #1266, #2299, #3337 ) ;
#587 = CARTESIAN_POINT ( 'NONE',  ( 0.7558011049723760699, -0.5966850828729284295, 0.4077348066298340790 ) ) ;
#588 = EDGE_CURVE ( 'NONE', #1897, #31, #1964, .T. ) ;
#589 = CIRCLE ( 'NONE', #1306, 0.1829834254143647698 ) ;
#590 = EDGE_LOOP ( 'NONE', ( #869, #1379 ) ) ;
#591 = DIRECTION ( 'NONE',  ( -0.7071067811865485719, -0.7071067811865465735, 0.000000000000000000 ) ) ;
#592 = CARTESIAN_POINT ( 'NONE',  ( -0.2635359116022096826, -0.4415469613259669357, 0.4276243093922649230 ) ) ;
#593 = CONICAL_SURFACE ( 'NONE', #1843, 0.07955801104972372306, 0.7853981633974476129 ) ;
#594 = VERTEX_POINT ( 'NONE', #2772 ) ;
#595 = DIRECTION ( 'NONE',  ( -0.8622527762988368982, -0.5064781829111180134, 0.000000000000000000 ) ) ;
#596 = CARTESIAN_POINT ( 'NONE',  ( 4.140334484099324324E-16, -2.760222989399561546E-16, -0.09348066298342548597 ) ) ;
#597 = CARTESIAN_POINT ( 'NONE',  ( -0.1282872928176795879, -2.435761589464349807E-18, -0.05966850828729284434 ) ) ;
#598 = EDGE_CURVE ( 'NONE', #3322, #3256, #328, .T. ) ;
#599 = DIRECTION ( 'NONE',  ( 0.000000000000000000, 0.000000000000000000, -1.000000000000000000 ) ) ;
#600 = ORIENTED_EDGE ( 'NONE', *, *, #2583, .F. ) ;
#601 = EDGE_LOOP ( 'NONE', ( #1866, #1803, #2770, #1630 ) ) ;
#602 = FACE_OUTER_BOUND ( 'NONE', #3323, .T. ) ;
#603 = APPLICATION_PROTOCOL_DEFINITION ( 'international standard', 'config_control_design', 1994, #2620 ) ;
#604 = ORIENTED_EDGE ( 'NONE', *, *, #287, .T. ) ;
#605 = AXIS2_PLACEMENT_3D ( 'NONE', #2330, #2396, #614 ) ;
#606 = EDGE_CURVE ( 'NONE', #87, #1116, #3307, .T. ) ;
#607 = CYLINDRICAL_SURFACE ( 'NONE', #1946, 0.1829834254143647698 ) ;
#608 = DIRECTION ( 'NONE',  ( -1.000000000000000000, 0.000000000000000000, 0.000000000000000000 ) ) ;
#609 = AXIS2_PLACEMENT_3D ( 'NONE', #782, #2342, #1818 ) ;
#610 = TOROIDAL_SURFACE ( 'NONE', #1055, 0.2187845303867402280, 0.02585635359116021659 ) ;
#611 = ORIENTED_EDGE ( 'NONE', *, *, #1044, .F. ) ;
#612 = AXIS2_PLACEMENT_3D ( 'NONE', #248, #264, #299 ) ;
#613 = CIRCLE ( 'NONE', #2241, 0.1193370165745857442 ) ;
#614 = DIRECTION ( 'NONE',  ( -1.000000000000000000, 0.000000000000000000, 0.000000000000000000 ) ) ;
#615 = FACE_OUTER_BOUND ( 'NONE', #1582, .T. ) ;
#616 = ORIENTED_EDGE ( 'NONE', *, *, #438, .T. ) ;
#617 = CONICAL_SURFACE ( 'NONE', #1276, 0.07955801104972372306, 0.7853981633974476129 ) ;
#618 = PLANE ( 'NONE',  #2023 ) ;
#619 = DIRECTION ( 'NONE',  ( 0.000000000000000000, 0.000000000000000000, 1.000000000000000000 ) ) ;
#620 = VERTEX_POINT ( 'NONE', #1981 ) ;
#621 = ORIENTED_EDGE ( 'NONE', *, *, #163, .F. ) ;
#622 = CARTESIAN_POINT ( 'NONE',  ( -0.2635359116022096826, 0.4415469613259669357, 0.2486187845303867716 ) ) ;
#623 = DIRECTION ( 'NONE',  ( -1.000000000000000000, 0.000000000000000000, 0.000000000000000000 ) ) ;
#624 = DIRECTION ( 'NONE',  ( 1.000000000000000000, 0.000000000000000000, 0.000000000000000000 ) ) ;
#625 = ORIENTED_EDGE ( 'NONE', *, *, #2990, .T. ) ;
#626 = CARTESIAN_POINT ( 'NONE',  ( -0.4624309392265196772, 0.3580110497237570799, 0.04972375690607735987 ) ) ;
#627 = DIRECTION ( 'NONE',  ( 0.000000000000000000, 0.000000000000000000, -1.000000000000000000 ) ) ;
#628 = EDGE_CURVE ( 'NONE', #1939, #1625, #3019, .T. ) ;
#629 = DIRECTION ( 'NONE',  ( 0.000000000000000000, -1.000000000000000000, 0.000000000000000000 ) ) ;
#630 = DIRECTION ( 'NONE',  ( 0.000000000000000000, 0.000000000000000000, 1.000000000000000000 ) ) ;
#631 = EDGE_CURVE ( 'NONE', #2268, #790, #1260, .T. ) ;
#632 = LINE ( 'NONE', #2151, #2628 ) ;
#633 = FACE_OUTER_BOUND ( 'NONE', #317, .T. ) ;
#634 = EDGE_LOOP ( 'NONE', ( #2183, #2965 ) ) ;
#635 = CARTESIAN_POINT ( 'NONE',  ( 0.06464088397790053453, -2.435761589464349807E-18, -0.03381215469613262775 ) ) ;
#636 = CARTESIAN_POINT ( 'NONE',  ( 0.4133514215049731155, 0.08574889488054766862, -0.03381215469613262775 ) ) ;
#637 = VERTEX_POINT ( 'NONE', #1957 ) ;
#638 = ORIENTED_EDGE ( 'NONE', *, *, #2155, .F. ) ;
#639 = AXIS2_PLACEMENT_3D ( 'NONE', #2146, #3144, #47 ) ;
#640 = ORIENTED_EDGE ( 'NONE', *, *, #1879, .T. ) ;
#641 = CARTESIAN_POINT ( 'NONE',  ( -0.8602209944751383341, 0.6597660903365393237, -0.4475138121546964887 ) ) ;
#642 = AXIS2_PLACEMENT_3D ( 'NONE', #3138, #1113, #2360 ) ;
#643 = ADVANCED_FACE ( 'NONE', ( #203 ), #1743, .F. ) ;
#644 = DIRECTION ( 'NONE',  ( 0.000000000000000000, 0.000000000000000000, -1.000000000000000000 ) ) ;
#645 = FACE_OUTER_BOUND ( 'NONE', #322, .T. ) ;
#646 = EDGE_CURVE ( 'NONE', #2878, #2000, #987, .T. ) ;
#647 = CARTESIAN_POINT ( 'NONE',  ( 0.6364640883977900065, -0.5966850828729284295, 0.8453834254143647309 ) ) ;
#648 = FACE_OUTER_BOUND ( 'NONE', #1142, .T. ) ;
#649 = ORIENTED_EDGE ( 'NONE', *, *, #1892, .F. ) ;
#650 = DIRECTION ( 'NONE',  ( 1.000000000000000000, 0.000000000000000000, 0.000000000000000000 ) ) ;
#651 = VERTEX_POINT ( 'NONE', #2546 ) ;
#652 = ORIENTED_EDGE ( 'NONE', *, *, #2476, .F. ) ;
#653 = FACE_BOUND ( 'NONE', #2754, .T. ) ;
#654 = VECTOR ( 'NONE', #1366, 1000.000000000000000 ) ;
#655 = VECTOR ( 'NONE', #1779, 1000.000000000000000 ) ;
#656 = VECTOR ( 'NONE', #469, 1000.000000000000000 ) ;
#657 = CARTESIAN_POINT ( 'NONE',  ( 0.6364640883977900065, 0.5966850828729284295, -0.4475138121546964887 ) ) ;
#658 = CARTESIAN_POINT ( 'NONE',  ( 0.6961325966850828717, -0.5966850828729284295, 0.8453834254143647309 ) ) ;
#659 = VERTEX_POINT ( 'NONE', #3324 ) ;
#660 = AXIS2_PLACEMENT_3D ( 'NONE', #1036, #2059, #2637 ) ;
#661 = CIRCLE ( 'NONE', #1275, 0.05966850828729281658 ) ;
#662 = DIRECTION ( 'NONE',  ( 0.000000000000000000, 0.000000000000000000, -1.000000000000000000 ) ) ;
#663 = ADVANCED_FACE ( 'NONE', ( #1007 ), #483, .T. ) ;
#664 = VECTOR ( 'NONE', #529, 1000.000000000000000 ) ;
#665 = CARTESIAN_POINT ( 'NONE',  ( 0.4133514215049731155, 0.08574889488054766862, 0.04972375690607735987 ) ) ;
#666 = ORIENTED_EDGE ( 'NONE', *, *, #457, .T. ) ;
#667 = EDGE_CURVE ( 'NONE', #169, #2715, #2580, .T. ) ;
#668 = AXIS2_PLACEMENT_3D ( 'NONE', #1, #783, #1571 ) ;
#669 = DIRECTION ( 'NONE',  ( -1.000000000000000000, 0.000000000000000000, 0.000000000000000000 ) ) ;
#670 = DIRECTION ( 'NONE',  ( 0.000000000000000000, 0.000000000000000000, -1.000000000000000000 ) ) ;
#671 = ORIENTED_EDGE ( 'NONE', *, *, #69, .F. ) ;
#672 = COORDINATED_UNIVERSAL_TIME_OFFSET ( 8, 0, .AHEAD. ) ;
#673 = FACE_OUTER_BOUND ( 'NONE', #2099, .T. ) ;
#674 = EDGE_CURVE ( 'NONE', #1679, #2264, #1111, .T. ) ;
#675 = CARTESIAN_POINT ( 'NONE',  ( -0.04083226848219265875, -0.3525316021511144537, -0.03381215469613262775 ) ) ;
#676 = CYLINDRICAL_SURFACE ( 'NONE', #1153, 0.1193370165745857442 ) ;
#677 = CARTESIAN_POINT ( 'NONE',  ( -0.9000000000000000222, 0.6762430939226516946, 0.8453038674033162003 ) ) ;
#678 = ORIENTED_EDGE ( 'NONE', *, *, #1952, .T. ) ;
#679 = DIRECTION ( 'NONE',  ( 0.000000000000000000, 0.000000000000000000, -1.000000000000000000 ) ) ;
#680 = CARTESIAN_POINT ( 'NONE',  ( -0.6364640883977900065, 0.5966850828729284295, 0.4475138121546964887 ) ) ;
#681 = ORIENTED_EDGE ( 'NONE', *, *, #1872, .T. ) ;
#682 = LINE ( 'NONE', #428, #3160 ) ;
#683 = FACE_OUTER_BOUND ( 'NONE', #511, .T. ) ;
#684 = ORIENTED_EDGE ( 'NONE', *, *, #926, .T. ) ;
#685 = EDGE_CURVE ( 'NONE', #784, #830, #285, .T. ) ;
#686 = ORIENTED_EDGE ( 'NONE', *, *, #1322, .T. ) ;
#687 = APPROVAL_DATE_TIME ( #897, #2429 ) ;
#688 = VERTEX_POINT ( 'NONE', #1341 ) ;
#689 = CARTESIAN_POINT ( 'NONE',  ( 0.6364640883977900065, -0.5966850828729284295, 0.4475138121546964887 ) ) ;
#690 = EDGE_CURVE ( 'NONE', #2923, #538, #21, .T. ) ;
#691 = ORIENTED_EDGE ( 'NONE', *, *, #646, .T. ) ;
#692 = DIRECTION ( 'NONE',  ( 0.000000000000000000, -1.000000000000000000, 0.000000000000000000 ) ) ;
#693 = FACE_OUTER_BOUND ( 'NONE', #2590, .T. ) ;
#694 = CIRCLE ( 'NONE', #477, 0.05966850828729281658 ) ;
#695 = CARTESIAN_POINT ( 'NONE',  ( -0.2436464088397789218, -0.5386642749442466238, 0.2486187845303867716 ) ) ;
#696 = ORIENTED_EDGE ( 'NONE', *, *, #2943, .F. ) ;
#697 = DIRECTION ( 'NONE',  ( 0.000000000000000000, 0.000000000000000000, -1.000000000000000000 ) ) ;
#698 = AXIS2_PLACEMENT_3D ( 'NONE', #1143, #1929, #1664 ) ;
#699 = CARTESIAN_POINT ( 'NONE',  ( -0.4305752814260717098, 0.2709242221814622265, -0.03381215469613262775 ) ) ;
#700 = ORIENTED_EDGE ( 'NONE', *, *, #2222, .T. ) ;
#701 = DIRECTION ( 'NONE',  ( -0.1840645754159995207, 0.000000000000000000, -0.9829141529538211186 ) ) ;
#702 = CARTESIAN_POINT ( 'NONE',  ( -0.2635359116022096826, -0.3580110497237570799, 0.04972375690607735987 ) ) ;
#703 = ORIENTED_EDGE ( 'NONE', *, *, #304, .F. ) ;
#704 = CALENDAR_DATE ( 2026, 29, 6 ) ;
#705 = CARTESIAN_POINT ( 'NONE',  ( -0.6812154696132592946, 0.3420994475138121049, 0.06563535911602208506 ) ) ;
#706 = DIRECTION ( 'NONE',  ( 0.000000000000000000, 0.000000000000000000, 1.000000000000000000 ) ) ;
#707 = EDGE_CURVE ( 'NONE', #1463, #970, #1594, .T. ) ;
#708 = DIRECTION ( 'NONE',  ( 0.000000000000000000, 0.000000000000000000, 1.000000000000000000 ) ) ;
#709 = DIRECTION ( 'NONE',  ( 1.826024711554529969E-16, 1.000000000000000000, 0.000000000000000000 ) ) ;
#710 = ORIENTED_EDGE ( 'NONE', *, *, #759, .F. ) ;
#711 = CIRCLE ( 'NONE', #884, 0.05966850828729281658 ) ;
#712 = CARTESIAN_POINT ( 'NONE',  ( -0.9000000000000000222, 0.6762430939226516946, -0.4077348066298340790 ) ) ;
#713 = CARTESIAN_POINT ( 'NONE',  ( -0.2436464088397789218, 0.5767955801104976965, 0.08552486187845315113 ) ) ;
#714 = VECTOR ( 'NONE', #2491, 1000.000000000000000 ) ;
#715 = AXIS2_PLACEMENT_3D ( 'NONE', #315, #569, #3169 ) ;
#716 = ORIENTED_EDGE ( 'NONE', *, *, #2907, .F. ) ;
#717 = AXIS2_PLACEMENT_3D ( 'NONE', #2108, #286, #1072 ) ;
#718 = CIRCLE ( 'NONE', #3063, 0.1451933701657459053 ) ;
#719 = CARTESIAN_POINT ( 'NONE',  ( 0.6364640883977900065, -0.5966850828729284295, 0.4077348066298340790 ) ) ;
#720 = PLANE ( 'NONE',  #2631 ) ;
#721 = VERTEX_POINT ( 'NONE', #2058 ) ;
#722 = EDGE_CURVE ( 'NONE', #651, #1625, #753, .T. ) ;
#723 = AXIS2_PLACEMENT_3D ( 'NONE', #2864, #1789, #2850 ) ;
#724 = DIRECTION ( 'NONE',  ( 0.000000000000000000, 0.000000000000000000, -1.000000000000000000 ) ) ;
#725 = EDGE_CURVE ( 'NONE', #369, #1420, #168, .T. ) ;
#726 = DIRECTION ( 'NONE',  ( -1.000000000000000000, 0.000000000000000000, 0.000000000000000000 ) ) ;
#727 = DIRECTION ( 'NONE',  ( 0.000000000000000000, 0.000000000000000000, -1.000000000000000000 ) ) ;
#728 = CYLINDRICAL_SURFACE ( 'NONE', #562, 0.1451933701657459053 ) ;
#729 = EDGE_CURVE ( 'NONE', #426, #1647, #1003, .T. ) ;
#730 = ORIENTED_EDGE ( 'NONE', *, *, #2995, .T. ) ;
#731 = ADVANCED_FACE ( 'NONE', ( #2865 ), #610, .T. ) ;
#732 = VERTEX_POINT ( 'NONE', #2615 ) ;
#733 = DIRECTION ( 'NONE',  ( 0.000000000000000000, 0.000000000000000000, 1.000000000000000000 ) ) ;
#734 = CARTESIAN_POINT ( 'NONE',  ( -0.5459668508287295330, -0.3580110497237570799, 0.04972375690607735987 ) ) ;
#735 = CIRCLE ( 'NONE', #575, 0.1193370165745857442 ) ;
#736 = ORIENTED_EDGE ( 'NONE', *, *, #2216, .T. ) ;
#737 = AXIS2_PLACEMENT_3D ( 'NONE', #1410, #3240, #843 ) ;
#738 = ADVANCED_FACE ( 'NONE', ( #2595 ), #247, .F. ) ;
#739 = DIRECTION ( 'NONE',  ( 0.7071067811865470176, -0.7071067811865480168, 0.000000000000000000 ) ) ;
#740 = CARTESIAN_POINT ( 'NONE',  ( 0.7160220994475138268, 0.5966850828729284295, 0.4475138121546964887 ) ) ;
#741 = CARTESIAN_POINT ( 'NONE',  ( -0.3788950276243092108, -3.653642384196524518E-18, 0.08552486187845297072 ) ) ;
#742 = DIRECTION ( 'NONE',  ( 0.7071067811865474617, 0.7071067811865474617, 0.000000000000000000 ) ) ;
#743 = CARTESIAN_POINT ( 'NONE',  ( 0.2001351135316654928, -0.3078709049176253654, 0.4276243093922649230 ) ) ;
#744 = DIRECTION ( 'NONE',  ( 0.000000000000000000, 0.000000000000000000, 1.000000000000000000 ) ) ;
#745 = VERTEX_POINT ( 'NONE', #546 ) ;
#746 = ORIENTED_EDGE ( 'NONE', *, *, #3199, .T. ) ;
#747 = AXIS2_PLACEMENT_3D ( 'NONE', #592, #1120, #1363 ) ;
#748 = DIRECTION ( 'NONE',  ( -0.8622527762988376754, 0.5064781829111167921, 0.000000000000000000 ) ) ;
#749 = FACE_BOUND ( 'NONE', #2906, .T. ) ;
#750 = CIRCLE ( 'NONE', #1579, 0.02585635359116022006 ) ;
#751 = ADVANCED_FACE ( 'NONE', ( #34, #1085 ), #2904, .T. ) ;
#752 = EDGE_CURVE ( 'NONE', #1777, #1479, #3151, .T. ) ;
#753 = LINE ( 'NONE', #788, #1640 ) ;
#754 = CARTESIAN_POINT ( 'NONE',  ( -0.2436464088397789218, 0.5386642749442466238, 0.2486187845303867716 ) ) ;
#755 = CARTESIAN_POINT ( 'NONE',  ( -0.5767955801104972524, 0.5966850828729284295, 0.02983425414364638054 ) ) ;
#756 = CARTESIAN_POINT ( 'NONE',  ( -0.2436464088397789218, 0.5767955801104976965, 0.08552486187845315113 ) ) ;
#757 = CARTESIAN_POINT ( 'NONE',  ( 0.6364640883977900065, 0.5966850828729284295, 0.4475138121546964887 ) ) ;
#758 = DIRECTION ( 'NONE',  ( 0.000000000000000000, 0.000000000000000000, -1.000000000000000000 ) ) ;
#759 = EDGE_CURVE ( 'NONE', #374, #2919, #448, .T. ) ;
#760 = VERTEX_POINT ( 'NONE', #2047 ) ;
#761 = EDGE_LOOP ( 'NONE', ( #967, #130 ) ) ;
#762 = PLANE ( 'NONE',  #2673 ) ;
#763 = PLANE ( 'NONE',  #777 ) ;
#764 = ADVANCED_FACE ( 'NONE', ( #3088 ), #885, .T. ) ;
#765 = CIRCLE ( 'NONE', #1799, 0.1630939226519336205 ) ;
#766 = DIRECTION ( 'NONE',  ( 0.000000000000000000, 0.000000000000000000, 1.000000000000000000 ) ) ;
#767 = CIRCLE ( 'NONE', #2676, 0.1193370165745857442 ) ;
#768 = CARTESIAN_POINT ( 'NONE',  ( -0.7558011049723758479, -0.5966850828729284295, -0.4475138121546964887 ) ) ;
#769 = VECTOR ( 'NONE', #2667, 1000.000000000000114 ) ;
#770 = CC_DESIGN_PERSON_AND_ORGANIZATION_ASSIGNMENT ( #354, #3038, ( #2710 ) ) ;
#771 = EDGE_CURVE ( 'NONE', #3300, #372, #2295, .T. ) ;
#772 = VECTOR ( 'NONE', #1825, 1000.000000000000000 ) ;
#773 = AXIS2_PLACEMENT_3D ( 'NONE', #2629, #1822, #2072 ) ;
#774 = EDGE_LOOP ( 'NONE', ( #1546, #1398 ) ) ;
#775 = CARTESIAN_POINT ( 'NONE',  ( -0.6442492645439487076, 0.3409343474168745058, 0.2486187845303867716 ) ) ;
#776 = DIRECTION ( 'NONE',  ( 0.000000000000000000, 0.000000000000000000, -1.000000000000000000 ) ) ;
#777 = AXIS2_PLACEMENT_3D ( 'NONE', #246, #1033, #1339 ) ;
#778 = AXIS2_PLACEMENT_3D ( 'NONE', #2652, #251, #810 ) ;
#779 = VERTEX_POINT ( 'NONE', #2831 ) ;
#780 = EDGE_CURVE ( 'NONE', #901, #2159, #2319, .T. ) ;
#781 = ORIENTED_EDGE ( 'NONE', *, *, #1012, .F. ) ;
#782 = CARTESIAN_POINT ( 'NONE',  ( -0.2635359116022096826, -3.653642384196524518E-18, 0.1292817679558010691 ) ) ;
#783 = DIRECTION ( 'NONE',  ( -0.7071067811865475727, 0.7071067811865475727, 0.000000000000000000 ) ) ;
#784 = VERTEX_POINT ( 'NONE', #2333 ) ;
#785 = VERTEX_POINT ( 'NONE', #2188 ) ;
#786 = FACE_OUTER_BOUND ( 'NONE', #2187, .T. ) ;
#787 = LINE ( 'NONE', #2880, #506 ) ;
#788 = CARTESIAN_POINT ( 'NONE',  ( 0.9000000000000000222, 0.6762430939226516946, -0.4077348066298340790 ) ) ;
#789 = DIRECTION ( 'NONE',  ( 0.7071067811865474617, 0.7071067811865474617, 0.000000000000000000 ) ) ;
#790 = VERTEX_POINT ( 'NONE', #1389 ) ;
#791 = DIRECTION ( 'NONE',  ( 0.000000000000000000, -1.000000000000000000, 0.000000000000000000 ) ) ;
#792 = EDGE_CURVE ( 'NONE', #830, #337, #1135, .T. ) ;
#793 = DIRECTION ( 'NONE',  ( -0.7071067811865470176, 0.000000000000000000, -0.7071067811865480168 ) ) ;
#794 = EDGE_CURVE ( 'NONE', #2853, #1116, #3217, .T. ) ;
#795 = EDGE_LOOP ( 'NONE', ( #2682, #2269, #542, #2846 ) ) ;
#796 = DIRECTION ( 'NONE',  ( -1.000000000000000000, 0.000000000000000000, 0.000000000000000000 ) ) ;
#797 = CARTESIAN_POINT ( 'NONE',  ( -0.7710109781919389782, 0.6228140916925152260, -0.5367238284378951230 ) ) ;
#798 = ORIENTED_EDGE ( 'NONE', *, *, #3049, .F. ) ;
#799 = EDGE_CURVE ( 'NONE', #3072, #944, #113, .T. ) ;
#800 = VERTEX_POINT ( 'NONE', #597 ) ;
#801 = CARTESIAN_POINT ( 'NONE',  ( -0.08055248618784527359, 0.5767955801104976965, 0.2486187845303867716 ) ) ;
#802 = DIRECTION ( 'NONE',  ( 0.7071067811865475727, 0.7071067811865475727, 0.000000000000000000 ) ) ;
#803 = VERTEX_POINT ( 'NONE', #3182 ) ;
#804 = CIRCLE ( 'NONE', #3359, 0.1193370165745857442 ) ;
#805 = DIRECTION ( 'NONE',  ( 1.000000000000000000, 0.000000000000000000, 0.000000000000000000 ) ) ;
#806 = FACE_OUTER_BOUND ( 'NONE', #171, .T. ) ;
#807 = CIRCLE ( 'NONE', #2003, 0.1630939226519335927 ) ;
#808 = ORIENTED_EDGE ( 'NONE', *, *, #2802, .F. ) ;
#809 = VERTEX_POINT ( 'NONE', #1923 ) ;
#810 = DIRECTION ( 'NONE',  ( -1.000000000000000000, 0.000000000000000000, 0.000000000000000000 ) ) ;
#811 = VECTOR ( 'NONE', #861, 1000.000000000000114 ) ;
#812 = ORIENTED_EDGE ( 'NONE', *, *, #836, .F. ) ;
#813 = VERTEX_POINT ( 'NONE', #2712 ) ;
#814 = LINE ( 'NONE', #896, #1270 ) ;
#815 = DIRECTION ( 'NONE',  ( 1.000000000000000000, 0.000000000000000000, 0.000000000000000000 ) ) ;
#816 = EDGE_CURVE ( 'NONE', #392, #914, #2415, .T. ) ;
#817 = EDGE_LOOP ( 'NONE', ( #349, #2081, #730, #564 ) ) ;
#818 = EDGE_LOOP ( 'NONE', ( #1574, #526, #65, #2798 ) ) ;
#819 = DIRECTION ( 'NONE',  ( 0.000000000000000000, 0.000000000000000000, -1.000000000000000000 ) ) ;
#820 = CYLINDRICAL_SURFACE ( 'NONE', #3167, 0.1193370165745857442 ) ;
#821 = CARTESIAN_POINT ( 'NONE',  ( -0.7806629834254142919, -0.7558011049723758479, -0.4475138121546964887 ) ) ;
#822 = CARTESIAN_POINT ( 'NONE',  ( -0.7599935424058369415, -0.7599935424058369415, -0.4475138121546964887 ) ) ;
#823 = CIRCLE ( 'NONE', #495, 0.1630939226519335927 ) ;
#824 = AXIS2_PLACEMENT_3D ( 'NONE', #1307, #766, #1291 ) ;
#825 = LINE ( 'NONE', #2083, #561 ) ;
#826 = DIRECTION ( 'NONE',  ( 0.000000000000000000, 0.000000000000000000, 1.000000000000000000 ) ) ;
#827 = AXIS2_PLACEMENT_3D ( 'NONE', #2509, #173, #2014 ) ;
#828 = AXIS2_PLACEMENT_3D ( 'NONE', #1710, #2755, #1481 ) ;
#829 = ORIENTED_EDGE ( 'NONE', *, *, #1202, .F. ) ;
#830 = VERTEX_POINT ( 'NONE', #2400 ) ;
#831 = VERTEX_POINT ( 'NONE', #1655 ) ;
#832 = DIRECTION ( 'NONE',  ( -1.000000000000000000, 0.000000000000000000, 0.000000000000000000 ) ) ;
#833 = ORIENTED_EDGE ( 'NONE', *, *, #1738, .F. ) ;
#834 = ORIENTED_EDGE ( 'NONE', *, *, #997, .T. ) ;
#835 = CARTESIAN_POINT ( 'NONE',  ( 0.5569060773480662974, -0.5966850828729284295, 0.4475138121546964887 ) ) ;
#836 = EDGE_CURVE ( 'NONE', #426, #3146, #632, .T. ) ;
#837 = DIRECTION ( 'NONE',  ( -0.7071067811865485719, 0.7071067811865465735, 0.000000000000000000 ) ) ;
#838 = DIRECTION ( 'NONE',  ( 1.000000000000000000, 0.000000000000000000, 0.000000000000000000 ) ) ;
#839 = CARTESIAN_POINT ( 'NONE',  ( -0.3414333385251845376, 0.2709242221814622265, -0.03381215469613262775 ) ) ;
#840 = ORIENTED_EDGE ( 'NONE', *, *, #1841, .T. ) ;
#841 = ADVANCED_FACE ( 'NONE', ( #1888 ), #618, .T. ) ;
#842 = ORIENTED_EDGE ( 'NONE', *, *, #780, .T. ) ;
#843 = DIRECTION ( 'NONE',  ( 0.000000000000000000, 0.000000000000000000, -1.000000000000000000 ) ) ;
#844 = ORIENTED_EDGE ( 'NONE', *, *, #2308, .F. ) ;
#845 = ORIENTED_EDGE ( 'NONE', *, *, #2974, .T. ) ;
#846 = CARTESIAN_POINT ( 'NONE',  ( 0.004972375690608015451, 0.3580110497237570799, 0.04972375690607735987 ) ) ;
#847 = EDGE_LOOP ( 'NONE', ( #2947, #604, #1228, #3257, #3178 ) ) ;
#848 = DIRECTION ( 'NONE',  ( 0.000000000000000000, 0.000000000000000000, 1.000000000000000000 ) ) ;
#849 = MANIFOLD_SOLID_BREP ( 'NONE', #536 ) ;
#850 = CARTESIAN_POINT ( 'NONE',  ( 0.2237569060773480223, 1.912072847729513738E-17, -0.09348066298342548597 ) ) ;
#851 = DIRECTION ( 'NONE',  ( 0.000000000000000000, 0.000000000000000000, -1.000000000000000000 ) ) ;
#852 = DIRECTION ( 'NONE',  ( -1.000000000000000000, 0.000000000000000000, 0.000000000000000000 ) ) ;
#853 = ORIENTED_EDGE ( 'NONE', *, *, #3101, .T. ) ;
#854 = ORIENTED_EDGE ( 'NONE', *, *, #2005, .F. ) ;
#855 = EDGE_CURVE ( 'NONE', #2806, #996, #70, .T. ) ;
#856 = CARTESIAN_POINT ( 'NONE',  ( -0.6364640883977900065, 0.5966850828729284295, 0.4475138121546964887 ) ) ;
#857 = VECTOR ( 'NONE', #2392, 1000.000000000000114 ) ;
#858 = PERSON_AND_ORGANIZATION_ROLE ( 'design_owner' ) ;
#859 = CONICAL_SURFACE ( 'NONE', #1785, 0.07955801104972372306, 0.7853981633974476129 ) ;
#860 = ORIENTED_EDGE ( 'NONE', *, *, #482, .T. ) ;
#861 = DIRECTION ( 'NONE',  ( 0.8251785723307538678, 1.010552297329840364E-16, -0.5648719534250030705 ) ) ;
#862 = DIRECTION ( 'NONE',  ( -1.000000000000000000, 0.000000000000000000, 0.000000000000000000 ) ) ;
#863 = DIRECTION ( 'NONE',  ( 0.000000000000000000, 0.000000000000000000, -1.000000000000000000 ) ) ;
#864 = DIRECTION ( 'NONE',  ( -1.826024711554529969E-16, -1.000000000000000000, 0.000000000000000000 ) ) ;
#865 = ORIENTED_EDGE ( 'NONE', *, *, #528, .T. ) ;
#866 = EDGE_CURVE ( 'NONE', #3033, #2336, #2649, .T. ) ;
#867 = CARTESIAN_POINT ( 'NONE',  ( -0.3860043099756281237, 0.2709242221814622265, -0.02910206356740602934 ) ) ;
#868 = DIRECTION ( 'NONE',  ( 0.000000000000000000, 0.000000000000000000, -1.000000000000000000 ) ) ;
#869 = ORIENTED_EDGE ( 'NONE', *, *, #1058, .T. ) ;
#870 = ORIENTED_EDGE ( 'NONE', *, *, #1948, .T. ) ;
#871 = EDGE_CURVE ( 'NONE', #1791, #3029, #3329, .T. ) ;
#872 = DIRECTION ( 'NONE',  ( 0.2810846377148236153, 0.6785983445458463326, -0.6785983445458463326 ) ) ;
#873 = AXIS2_PLACEMENT_3D ( 'NONE', #2223, #1460, #2525 ) ;
#874 = CARTESIAN_POINT ( 'NONE',  ( 0.6364640883977900065, 0.5966850828729284295, 0.02983425414364638054 ) ) ;
#875 = EDGE_CURVE ( 'NONE', #1420, #369, #661, .T. ) ;
#876 = EDGE_CURVE ( 'NONE', #3291, #300, #2139, .T. ) ;
#877 = ORIENTED_EDGE ( 'NONE', *, *, #2651, .F. ) ;
#878 = APPROVAL_ROLE ( '' ) ;
#879 = EDGE_LOOP ( 'NONE', ( #1068, #1604, #2109, #2408, #435 ) ) ;
#880 = CIRCLE ( 'NONE', #2944, 0.05966850828729281658 ) ;
#881 = ORIENTED_EDGE ( 'NONE', *, *, #2117, .T. ) ;
#882 = ORIENTED_EDGE ( 'NONE', *, *, #3265, .F. ) ;
#883 = CARTESIAN_POINT ( 'NONE',  ( -0.3860043099756281237, 0.2709242221814622265, -0.4084144646338817575 ) ) ;
#884 = AXIS2_PLACEMENT_3D ( 'NONE', #874, #2701, #3227 ) ;
#885 = CONICAL_SURFACE ( 'NONE', #2789, 0.07955801104972372306, 0.7853981633974476129 ) ;
#886 = ADVANCED_FACE ( 'NONE', ( #82 ), #1318, .F. ) ;
#887 = CIRCLE ( 'NONE', #1595, 0.07955801104972372306 ) ;
#888 = AXIS2_PLACEMENT_3D ( 'NONE', #1338, #512, #1047 ) ;
#889 = CARTESIAN_POINT ( 'NONE',  ( -0.1481767955801101821, -2.136393465752108568E-13, -0.03451005618429379973 ) ) ;
#890 = DIRECTION ( 'NONE',  ( 0.000000000000000000, -1.000000000000000000, 0.000000000000000000 ) ) ;
#891 = CARTESIAN_POINT ( 'NONE',  ( -0.1481767955801287506, -0.01003187224543557708, -0.03451005618428700655 ) ) ;
#892 = FACE_OUTER_BOUND ( 'NONE', #1756, .T. ) ;
#893 = ORIENTED_EDGE ( 'NONE', *, *, #1871, .F. ) ;
#894 = ORIENTED_EDGE ( 'NONE', *, *, #3229, .T. ) ;
#895 = DIRECTION ( 'NONE',  ( 1.000000000000000000, 0.000000000000000000, 0.000000000000000000 ) ) ;
#896 = CARTESIAN_POINT ( 'NONE',  ( -0.2617052030724772993, 0.5807734806629833990, 0.2486187845303867716 ) ) ;
#897 = DATE_AND_TIME ( #1176, #2490 ) ;
#898 = EDGE_CURVE ( 'NONE', #2403, #1076, #3221, .T. ) ;
#899 = EDGE_CURVE ( 'NONE', #2164, #1678, #347, .T. ) ;
#900 = VERTEX_POINT ( 'NONE', #1148 ) ;
#901 = VERTEX_POINT ( 'NONE', #1355 ) ;
#902 = CARTESIAN_POINT ( 'NONE',  ( 0.000000000000000000, 0.000000000000000000, 0.4475138121546964887 ) ) ;
#903 = ORIENTED_EDGE ( 'NONE', *, *, #2199, .T. ) ;
#904 = EDGE_CURVE ( 'NONE', #721, #3300, #961, .T. ) ;
#905 = DIRECTION ( 'NONE',  ( 1.000000000000000000, 0.000000000000000000, 0.000000000000000000 ) ) ;
#906 = CARTESIAN_POINT ( 'NONE',  ( 0.7599935424058369415, 0.7599935424058369415, -0.4475138121546964887 ) ) ;
#907 = DIRECTION ( 'NONE',  ( 1.000000000000000000, 0.000000000000000000, 0.000000000000000000 ) ) ;
#908 = CARTESIAN_POINT ( 'NONE',  ( -0.06097946691843612183, 0.4415469613259669357, 0.4276243093922649230 ) ) ;
#909 = ORIENTED_EDGE ( 'NONE', *, *, #2117, .F. ) ;
#910 = ORIENTED_EDGE ( 'NONE', *, *, #3294, .T. ) ;
#911 = DIRECTION ( 'NONE',  ( -1.000000000000000000, 0.000000000000000000, 0.000000000000000000 ) ) ;
#912 = LINE ( 'NONE', #1482, #2069 ) ;
#913 = EDGE_LOOP ( 'NONE', ( #1348, #808, #1296, #1893 ) ) ;
#914 = VERTEX_POINT ( 'NONE', #2166 ) ;
#915 = CIRCLE ( 'NONE', #2487, 0.1209847169331968175 ) ;
#916 = ORIENTED_EDGE ( 'NONE', *, *, #2840, .T. ) ;
#917 = EDGE_CURVE ( 'NONE', #813, #2781, #613, .T. ) ;
#918 = ORIENTED_EDGE ( 'NONE', *, *, #1600, .F. ) ;
#919 = CARTESIAN_POINT ( 'NONE',  ( -0.06097946691843612183, -0.4415469613259669357, 0.2486187845303867716 ) ) ;
#920 = EDGE_CURVE ( 'NONE', #2919, #2482, #1935, .T. ) ;
#921 = DIRECTION ( 'NONE',  ( -1.000000000000000000, 0.000000000000000000, 0.000000000000000000 ) ) ;
#922 = DIRECTION ( 'NONE',  ( -1.000000000000000000, 0.000000000000000000, 0.000000000000000000 ) ) ;
#923 = CC_DESIGN_DATE_AND_TIME_ASSIGNMENT ( #3243, #971, ( #480 ) ) ;
#924 = EDGE_LOOP ( 'NONE', ( #265, #1287 ) ) ;
#925 = VECTOR ( 'NONE', #724, 1000.000000000000000 ) ;
#926 = EDGE_CURVE ( 'NONE', #2097, #2141, #1436, .T. ) ;
#927 = CARTESIAN_POINT ( 'NONE',  ( 0.5171270718232042762, -0.5966850828729284295, 0.02983425414364638054 ) ) ;
#928 = DIRECTION ( 'NONE',  ( 0.000000000000000000, 0.000000000000000000, -1.000000000000000000 ) ) ;
#929 = VERTEX_POINT ( 'NONE', #927 ) ;
#930 = ORIENTED_EDGE ( 'NONE', *, *, #482, .F. ) ;
#931 = EDGE_CURVE ( 'NONE', #281, #803, #3276, .T. ) ;
#932 = CARTESIAN_POINT ( 'NONE',  ( 0.4556605382210861532, -0.1577779665802066522, 0.4276243093922649230 ) ) ;
#933 = LINE ( 'NONE', #1191, #167 ) ;
#934 = ORIENTED_EDGE ( 'NONE', *, *, #2475, .F. ) ;
#935 = PERSON_AND_ORGANIZATION ( #3237, #1624 ) ;
#936 = EDGE_LOOP ( 'NONE', ( #984, #937 ) ) ;
#937 = ORIENTED_EDGE ( 'NONE', *, *, #2890, .T. ) ;
#938 = DIRECTION ( 'NONE',  ( -0.7071067811865480168, 0.000000000000000000, 0.7071067811865470176 ) ) ;
#939 = ADVANCED_FACE ( 'NONE', ( #2284 ), #1974, .T. ) ;
#940 = AXIS2_PLACEMENT_3D ( 'NONE', #2312, #2039, #1570 ) ;
#941 = CONICAL_SURFACE ( 'NONE', #1802, 0.04368894027694333188, 0.1851200924420304261 ) ;
#942 = DIRECTION ( 'NONE',  ( 1.000000000000000000, 0.000000000000000000, 0.000000000000000000 ) ) ;
#943 = CARTESIAN_POINT ( 'NONE',  ( -0.5171270718232042762, -0.5966850828729284295, 0.02983425414364638054 ) ) ;
#944 = VERTEX_POINT ( 'NONE', #1739 ) ;
#945 = VECTOR ( 'NONE', #789, 1000.000000000000114 ) ;
#946 = AXIS2_PLACEMENT_3D ( 'NONE', #2044, #2028, #1774 ) ;
#947 = EDGE_CURVE ( 'NONE', #901, #944, #2782, .T. ) ;
#948 = DIRECTION ( 'NONE',  ( 1.000000000000000000, 0.000000000000000000, 0.000000000000000000 ) ) ;
#949 = AXIS2_PLACEMENT_3D ( 'NONE', #1823, #1578, #2305 ) ;
#950 = LINE ( 'NONE', #1512, #2841 ) ;
#951 = VECTOR ( 'NONE', #1091, 1000.000000000000000 ) ;
#952 = ORIENTED_EDGE ( 'NONE', *, *, #545, .F. ) ;
#953 = ORIENTED_EDGE ( 'NONE', *, *, #1017, .T. ) ;
#954 = ADVANCED_FACE ( 'NONE', ( #2203 ), #445, .F. ) ;
#955 = DIRECTION ( 'NONE',  ( 0.000000000000000000, 0.000000000000000000, -1.000000000000000000 ) ) ;
#956 = DIRECTION ( 'NONE',  ( 1.000000000000000000, 0.000000000000000000, 0.000000000000000000 ) ) ;
#957 = ORIENTED_EDGE ( 'NONE', *, *, #2242, .T. ) ;
#958 = PERSON_AND_ORGANIZATION ( #3237, #1624 ) ;
#959 = CARTESIAN_POINT ( 'NONE',  ( -0.6364640883977900065, -0.5966850828729284295, -0.4475138121546964887 ) ) ;
#960 = DIRECTION ( 'NONE',  ( 0.000000000000000000, 1.000000000000000000, 0.000000000000000000 ) ) ;
#961 = B_SPLINE_CURVE_WITH_KNOTS ( 'NONE', 3,
 ( #3218, #891, #2125, #2966 ),
 .UNSPECIFIED., .F., .F.,
 ( 4, 4 ),
 ( 3.009561673608932814E-05, 6.019123347174743519E-05 ),
 .UNSPECIFIED. ) ;
#962 = CARTESIAN_POINT ( 'NONE',  ( 0.7806629834254142919, 0.7955801104972374249, -0.4077348066298340790 ) ) ;
#963 = CARTESIAN_POINT ( 'NONE',  ( 0.6364640883977900065, 0.5966850828729284295, 0.4475138121546964887 ) ) ;
#964 = ORIENTED_EDGE ( 'NONE', *, *, #2889, .T. ) ;
#965 = DIRECTION ( 'NONE',  ( 0.000000000000000000, 0.000000000000000000, -1.000000000000000000 ) ) ;
#966 = CARTESIAN_POINT ( 'NONE',  ( -0.7558011049723758479, 0.5966850828729284295, 0.02983425414364638054 ) ) ;
#967 = ORIENTED_EDGE ( 'NONE', *, *, #3355, .T. ) ;
#968 = CARTESIAN_POINT ( 'NONE',  ( 0.7343748551512007117, 0.6076389126562684595, -0.5733599514786341667 ) ) ;
#969 = LINE ( 'NONE', #218, #2234 ) ;
#970 = VERTEX_POINT ( 'NONE', #1203 ) ;
#971 = DATE_TIME_ROLE ( 'classification_date' ) ;
#972 = EDGE_CURVE ( 'NONE', #1463, #3131, #2340, .T. ) ;
#973 = LINE ( 'NONE', #2761, #2214 ) ;
#974 = FACE_BOUND ( 'NONE', #2718, .T. ) ;
#975 = VECTOR ( 'NONE', #90, 1000.000000000000000 ) ;
#976 = DIRECTION ( 'NONE',  ( 0.000000000000000000, 0.000000000000000000, -1.000000000000000000 ) ) ;
#977 = CIRCLE ( 'NONE', #199, 0.1829834254143647698 ) ;
#978 = LINE ( 'NONE', #1475, #1121 ) ;
#979 = ORIENTED_EDGE ( 'NONE', *, *, #1725, .F. ) ;
#980 = EDGE_LOOP ( 'NONE', ( #2282, #2221, #2796, #2335 ) ) ;
#981 = DIRECTION ( 'NONE',  ( 0.000000000000000000, 0.000000000000000000, -1.000000000000000000 ) ) ;
#982 = CIRCLE ( 'NONE', #2877, 0.1718378213754641337 ) ;
#983 = DIRECTION ( 'NONE',  ( -1.826024711554529969E-16, -1.000000000000000000, 0.000000000000000000 ) ) ;
#984 = ORIENTED_EDGE ( 'NONE', *, *, #588, .T. ) ;
#985 = EDGE_CURVE ( 'NONE', #637, #900, #1759, .T. ) ;
#986 = ADVANCED_FACE ( 'NONE', ( #3268 ), #2010, .T. ) ;
#987 = LINE ( 'NONE', #1764, #656 ) ;
#988 = CARTESIAN_POINT ( 'NONE',  ( -0.7558011049723758479, -0.5966850828729284295, 0.02983425414364638054 ) ) ;
#989 = EDGE_CURVE ( 'NONE', #1897, #2035, #2996, .T. ) ;
#990 = DIRECTION ( 'NONE',  ( -1.000000000000000000, 0.000000000000000000, 0.000000000000000000 ) ) ;
#991 = ADVANCED_FACE ( 'NONE', ( #2250 ), #3285, .F. ) ;
#992 = FACE_OUTER_BOUND ( 'NONE', #634, .T. ) ;
#993 = FACE_OUTER_BOUND ( 'NONE', #2474, .T. ) ;
#994 = DIRECTION ( 'NONE',  ( 1.000000000000000000, 0.000000000000000000, 0.000000000000000000 ) ) ;
#995 = AXIS2_PLACEMENT_3D ( 'NONE', #380, #523, #1314 ) ;
#996 = VERTEX_POINT ( 'NONE', #712 ) ;
#997 = EDGE_CURVE ( 'NONE', #3117, #659, #1722, .T. ) ;
#998 = ORIENTED_EDGE ( 'NONE', *, *, #1790, .T. ) ;
#999 = AXIS2_PLACEMENT_3D ( 'NONE', #3290, #1982, #956 ) ;
#1000 = DIRECTION ( 'NONE',  ( 0.000000000000000000, 0.000000000000000000, -1.000000000000000000 ) ) ;
#1001 = LINE ( 'NONE', #3052, #1005 ) ;
#1002 = AXIS2_PLACEMENT_3D ( 'NONE', #52, #498, #2387 ) ;
#1003 = CIRCLE ( 'NONE', #3000, 0.1193370165745857442 ) ;
#1004 = VERTEX_POINT ( 'NONE', #466 ) ;
#1005 = VECTOR ( 'NONE', #406, 1000.000000000000114 ) ;
#1006 = CIRCLE ( 'NONE', #2953, 0.04457097145044359304 ) ;
#1007 = FACE_OUTER_BOUND ( 'NONE', #2528, .T. ) ;
#1008 = CARTESIAN_POINT ( 'NONE',  ( -0.2635359116022096826, -3.653642384196524518E-18, 0.08552486187845297072 ) ) ;
#1009 = AXIS2_PLACEMENT_3D ( 'NONE', #3115, #2844, #2326 ) ;
#1010 = DIRECTION ( 'NONE',  ( -0.7071067811865474617, 0.7071067811865474617, 0.000000000000000000 ) ) ;
#1011 = PLANE ( 'NONE',  #423 ) ;
#1012 = EDGE_CURVE ( 'NONE', #800, #2118, #1060, .T. ) ;
#1013 = ADVANCED_FACE ( 'NONE', ( #197 ), #424, .T. ) ;
#1014 = DIRECTION ( 'NONE',  ( 0.000000000000000000, -1.000000000000000000, 0.000000000000000000 ) ) ;
#1015 = CARTESIAN_POINT ( 'NONE',  ( -0.2436464088397789218, -0.4415469613259669357, 0.2486187845303867716 ) ) ;
#1016 = EDGE_LOOP ( 'NONE', ( #3118, #1746, #336, #1720 ) ) ;
#1017 = EDGE_CURVE ( 'NONE', #2080, #2268, #1006, .T. ) ;
#1018 = DIRECTION ( 'NONE',  ( -1.000000000000000000, 0.000000000000000000, 0.000000000000000000 ) ) ;
#1019 = LINE ( 'NONE', #1545, #2354 ) ;
#1020 = DIRECTION ( 'NONE',  ( 1.000000000000000000, 0.000000000000000000, 0.000000000000000000 ) ) ;
#1021 = LINE ( 'NONE', #2048, #2738 ) ;
#1022 = ORIENTED_EDGE ( 'NONE', *, *, #78, .F. ) ;
#1023 = DIRECTION ( 'NONE',  ( 0.000000000000000000, 0.000000000000000000, -1.000000000000000000 ) ) ;
#1024 = DIRECTION ( 'NONE',  ( 0.000000000000000000, -1.000000000000000000, 0.000000000000000000 ) ) ;
#1025 = EDGE_CURVE ( 'NONE', #3346, #970, #502, .T. ) ;
#1026 = DIRECTION ( 'NONE',  ( 0.7071067811865475727, 0.000000000000000000, 0.7071067811865475727 ) ) ;
#1027 = DIRECTION ( 'NONE',  ( 0.6785983445458462215, -0.2810846377148240594, -0.6785983445458462215 ) ) ;
#1028 = EDGE_CURVE ( 'NONE', #42, #1736, #1644, .T. ) ;
#1029 = ORIENTED_EDGE ( 'NONE', *, *, #1240, .T. ) ;
#1030 = CIRCLE ( 'NONE', #1887, 0.03977900552486187541 ) ;
#1031 = FACE_BOUND ( 'NONE', #3018, .T. ) ;
#1032 = EDGE_CURVE ( 'NONE', #239, #291, #2863, .T. ) ;
#1033 = DIRECTION ( 'NONE',  ( 0.000000000000000000, 0.000000000000000000, 1.000000000000000000 ) ) ;
#1034 = AXIS2_PLACEMENT_3D ( 'NONE', #553, #3153, #2686 ) ;
#1035 = CARTESIAN_POINT ( 'NONE',  ( 0.2001351135316654928, -0.3078709049176253654, 0.2486187845303867716 ) ) ;
#1036 = CARTESIAN_POINT ( 'NONE',  ( -0.4624309392265196772, 0.3580110497237570799, 0.4276243093922649230 ) ) ;
#1037 = CIRCLE ( 'NONE', #3196, 0.1193370165745857442 ) ;
#1038 = EDGE_CURVE ( 'NONE', #2159, #1713, #2352, .T. ) ;
#1039 = CARTESIAN_POINT ( 'NONE',  ( -0.6851933701657461073, 0.2999902417950753297, 0.2486187845303867716 ) ) ;
#1040 = LINE ( 'NONE', #2051, #3305 ) ;
#1041 = ORIENTED_EDGE ( 'NONE', *, *, #2388, .T. ) ;
#1042 = CARTESIAN_POINT ( 'NONE',  ( 0.6364640883977900065, 0.5966850828729284295, 0.4475138121546964887 ) ) ;
#1043 = CARTESIAN_POINT ( 'NONE',  ( -0.4624309392265196772, 0.4415469613259669357, 0.04972375690607735987 ) ) ;
#1044 = EDGE_CURVE ( 'NONE', #914, #507, #718, .T. ) ;
#1045 = ORIENTED_EDGE ( 'NONE', *, *, #2021, .F. ) ;
#1046 = VERTEX_POINT ( 'NONE', #1544 ) ;
#1047 = DIRECTION ( 'NONE',  ( -1.000000000000000000, 0.000000000000000000, 0.000000000000000000 ) ) ;
#1048 = DIRECTION ( 'NONE',  ( 0.000000000000000000, -1.000000000000000000, 0.000000000000000000 ) ) ;
#1049 = ADVANCED_FACE ( 'NONE', ( #786 ), #1497, .T. ) ;
#1050 = AXIS2_PLACEMENT_3D ( 'NONE', #1183, #1456, #2520 ) ;
#1051 = EDGE_CURVE ( 'NONE', #2225, #1961, #1329, .T. ) ;
#1052 = CARTESIAN_POINT ( 'NONE',  ( -0.6851933701657461073, -1.509042963283577876E-16, 0.1077445648347589852 ) ) ;
#1053 = AXIS2_PLACEMENT_3D ( 'NONE', #3364, #1026, #1014 ) ;
#1054 = LINE ( 'NONE', #1793, #1218 ) ;
#1055 = AXIS2_PLACEMENT_3D ( 'NONE', #531, #497, #514 ) ;
#1056 = EDGE_LOOP ( 'NONE', ( #2445, #105, #2873, #2887 ) ) ;
#1057 = EDGE_LOOP ( 'NONE', ( #671, #1235, #2060, #231 ) ) ;
#1058 = EDGE_CURVE ( 'NONE', #2598, #1133, #116, .T. ) ;
#1059 = VECTOR ( 'NONE', #1528, 1000.000000000000114 ) ;
#1060 = CIRCLE ( 'NONE', #3004, 0.03381215469613262081 ) ;
#1061 = LINE ( 'NONE', #775, #363 ) ;
#1062 = CARTESIAN_POINT ( 'NONE',  ( -0.7806629834254142919, 0.7955801104972374249, 0.2486187845303867716 ) ) ;
#1063 = AXIS2_PLACEMENT_3D ( 'NONE', #2481, #994, #194 ) ;
#1064 = ORIENTED_EDGE ( 'NONE', *, *, #855, .F. ) ;
#1065 = CYLINDRICAL_SURFACE ( 'NONE', #3056, 0.1193370165745857442 ) ;
#1066 = DIRECTION ( 'NONE',  ( 1.000000000000000000, 0.000000000000000000, 0.000000000000000000 ) ) ;
#1067 = ORIENTED_EDGE ( 'NONE', *, *, #3149, .T. ) ;
#1068 = ORIENTED_EDGE ( 'NONE', *, *, #568, .F. ) ;
#1069 = DIRECTION ( 'NONE',  ( 0.000000000000000000, 0.000000000000000000, -1.000000000000000000 ) ) ;
#1070 = DIRECTION ( 'NONE',  ( 0.000000000000000000, 0.000000000000000000, -1.000000000000000000 ) ) ;
#1071 = DIRECTION ( 'NONE',  ( 0.000000000000000000, -1.000000000000000000, 0.000000000000000000 ) ) ;
#1072 = DIRECTION ( 'NONE',  ( -1.000000000000000000, 0.000000000000000000, 0.000000000000000000 ) ) ;
#1073 = CARTESIAN_POINT ( 'NONE',  ( -0.06097946691843612183, 0.3580110497237570799, -0.03381215469613262775 ) ) ;
#1074 = EDGE_CURVE ( 'NONE', #1133, #2598, #276, .T. ) ;
#1075 = DIRECTION ( 'NONE',  ( -0.000000000000000000, 1.000000000000000000, 0.000000000000000000 ) ) ;
#1076 = VERTEX_POINT ( 'NONE', #2556 ) ;
#1077 = ORIENTED_EDGE ( 'NONE', *, *, #2274, .T. ) ;
#1078 = DIRECTION ( 'NONE',  ( 0.000000000000000000, 0.000000000000000000, -1.000000000000000000 ) ) ;
#1079 = CARTESIAN_POINT ( 'NONE',  ( 0.5171270718232042762, -0.5966850828729284295, 0.2486187845303867716 ) ) ;
#1080 = ORIENTED_EDGE ( 'NONE', *, *, #1829, .F. ) ;
#1081 = ORIENTED_EDGE ( 'NONE', *, *, #2976, .T. ) ;
#1082 = CARTESIAN_POINT ( 'NONE',  ( -0.1481767955800916137, 0.01003187224514947087, -0.03451005618430059985 ) ) ;
#1083 = CARTESIAN_POINT ( 'NONE',  ( 0.5569060773480662974, -0.5966850828729284295, 0.4475138121546964887 ) ) ;
#1084 = AXIS2_PLACEMENT_3D ( 'NONE', #1631, #1397, #1649 ) ;
#1085 = FACE_OUTER_BOUND ( 'NONE', #936, .T. ) ;
#1086 = DIRECTION ( 'NONE',  ( 1.000000000000000000, 0.000000000000000000, 0.000000000000000000 ) ) ;
#1087 = VECTOR ( 'NONE', #2322, 1000.000000000000114 ) ;
#1088 = ORIENTED_EDGE ( 'NONE', *, *, #3344, .F. ) ;
#1089 = EDGE_CURVE ( 'NONE', #745, #496, #2902, .T. ) ;
#1090 = ORIENTED_EDGE ( 'NONE', *, *, #3244, .T. ) ;
#1091 = DIRECTION ( 'NONE',  ( 1.000000000000000000, 0.000000000000000000, 0.000000000000000000 ) ) ;
#1092 = AXIS2_PLACEMENT_3D ( 'NONE', #2259, #1767, #2550 ) ;
#1093 = CARTESIAN_POINT ( 'NONE',  ( -0.2617052030724772993, -0.5807734806629833990, 0.2287292817679560109 ) ) ;
#1094 = EDGE_LOOP ( 'NONE', ( #1151, #1862, #1638, #2071 ) ) ;
#1095 = ORIENTED_EDGE ( 'NONE', *, *, #1381, .F. ) ;
#1096 = ADVANCED_FACE ( 'NONE', ( #2813 ), #1288, .F. ) ;
#1097 = EDGE_LOOP ( 'NONE', ( #2610, #145, #1645, #1745 ) ) ;
#1098 = DIRECTION ( 'NONE',  ( -1.826024711554529969E-16, -1.000000000000000000, 0.000000000000000000 ) ) ;
#1099 = CARTESIAN_POINT ( 'NONE',  ( -0.9000000000000000222, 0.6762430939226516946, 0.2486187845303867716 ) ) ;
#1100 = ORIENTED_EDGE ( 'NONE', *, *, #628, .F. ) ;
#1101 = ORIENTED_EDGE ( 'NONE', *, *, #2527, .T. ) ;
#1102 = CARTESIAN_POINT ( 'NONE',  ( 0.1578259968155546200, -0.2358418332179649246, -0.03381215469613262775 ) ) ;
#1103 = ADVANCED_FACE ( 'NONE', ( #3084 ), #283, .F. ) ;
#1104 = FACE_OUTER_BOUND ( 'NONE', #2750, .T. ) ;
#1105 = CARTESIAN_POINT ( 'NONE',  ( -0.9000000000000000222, 0.6762430939226516946, -0.4077348066298340790 ) ) ;
#1106 = CARTESIAN_POINT ( 'NONE',  ( -0.5171270718232039432, -0.5966850828729284295, 0.4077348066298340790 ) ) ;
#1107 = EDGE_LOOP ( 'NONE', ( #3252, #3352, #952, #2579 ) ) ;
#1108 = AXIS2_PLACEMENT_3D ( 'NONE', #2660, #1352, #1901 ) ;
#1109 = ORIENTED_EDGE ( 'NONE', *, *, #989, .F. ) ;
#1110 = AXIS2_PLACEMENT_3D ( 'NONE', #240, #3314, #1297 ) ;
#1111 = CIRCLE ( 'NONE', #1753, 0.08353591160220986966 ) ;
#1112 = LINE ( 'NONE', #1925, #131 ) ;
#1113 = DIRECTION ( 'NONE',  ( 0.000000000000000000, 0.000000000000000000, 1.000000000000000000 ) ) ;
#1114 = VECTOR ( 'NONE', #1342, 1000.000000000000000 ) ;
#1115 = AXIS2_PLACEMENT_3D ( 'NONE', #2576, #3339, #3119 ) ;
#1116 = VERTEX_POINT ( 'NONE', #2317 ) ;
#1117 = AXIS2_PLACEMENT_3D ( 'NONE', #552, #2854, #2599 ) ;
#1118 = VERTEX_POINT ( 'NONE', #543 ) ;
#1119 = CIRCLE ( 'NONE', #2027, 0.1193370165745857442 ) ;
#1120 = DIRECTION ( 'NONE',  ( -0.000000000000000000, 1.000000000000000000, 0.000000000000000000 ) ) ;
#1121 = VECTOR ( 'NONE', #161, 1000.000000000000000 ) ;
#1122 = ORIENTED_EDGE ( 'NONE', *, *, #1028, .T. ) ;
#1123 = CARTESIAN_POINT ( 'NONE',  ( 0.8602209944751383341, -0.6762430939226516946, -0.4475138121546964887 ) ) ;
#1124 = DIRECTION ( 'NONE',  ( 0.000000000000000000, 0.000000000000000000, -1.000000000000000000 ) ) ;
#1125 = EDGE_CURVE ( 'NONE', #3184, #169, #1378, .T. ) ;
#1126 = CARTESIAN_POINT ( 'NONE',  ( 0.3629834254143647909, -1.812667414753072584E-16, -0.03381215469613262775 ) ) ;
#1127 = DIRECTION ( 'NONE',  ( 0.000000000000000000, 0.000000000000000000, -1.000000000000000000 ) ) ;
#1128 = DIRECTION ( 'NONE',  ( 0.000000000000000000, 0.000000000000000000, 1.000000000000000000 ) ) ;
#1129 = SPHERICAL_SURFACE ( 'NONE', #2278, 0.08353591160220988354 ) ;
#1130 = DIRECTION ( 'NONE',  ( 0.000000000000000000, 0.000000000000000000, -1.000000000000000000 ) ) ;
#1131 = DIRECTION ( 'NONE',  ( 0.000000000000000000, 0.000000000000000000, -1.000000000000000000 ) ) ;
#1132 = CARTESIAN_POINT ( 'NONE',  ( -0.5767955801104972524, -0.5966850828729284295, 0.02983425414364638054 ) ) ;
#1133 = VERTEX_POINT ( 'NONE', #3353 ) ;
#1134 = EDGE_CURVE ( 'NONE', #3195, #2878, #260, .T. ) ;
#1135 = LINE ( 'NONE', #2916, #1861 ) ;
#1136 = CARTESIAN_POINT ( 'NONE',  ( -0.06097946691843612183, -0.3580110497237570799, 0.04972375690607735987 ) ) ;
#1137 = EDGE_LOOP ( 'NONE', ( #1937, #2698, #534, #2190, #57, #1513, #1661, #3310 ) ) ;
#1138 = DIRECTION ( 'NONE',  ( -1.000000000000000000, 0.000000000000000000, 0.000000000000000000 ) ) ;
#1139 = CIRCLE ( 'NONE', #2548, 0.1451933701657459053 ) ;
#1140 = ADVANCED_FACE ( 'NONE', ( #2055 ), #2230, .T. ) ;
#1141 = DIRECTION ( 'NONE',  ( 1.000000000000000000, 0.000000000000000000, 0.000000000000000000 ) ) ;
#1142 = EDGE_LOOP ( 'NONE', ( #340, #2732, #154, #442 ) ) ;
#1143 = CARTESIAN_POINT ( 'NONE',  ( 0.6364640883977900065, 0.5966850828729284295, 0.02983425414364638054 ) ) ;
#1144 = VECTOR ( 'NONE', #2095, 1000.000000000000114 ) ;
#1145 = CARTESIAN_POINT ( 'NONE',  ( -0.7558011049723760699, -0.5966850828729284295, 0.4077348066298340790 ) ) ;
#1146 = CARTESIAN_POINT ( 'NONE',  ( -0.4067403314917130697, 0.5767955801104976965, 0.2486187845303867716 ) ) ;
#1147 = ORIENTED_EDGE ( 'NONE', *, *, #2669, .T. ) ;
#1148 = CARTESIAN_POINT ( 'NONE',  ( -0.3391160220994472452, -3.653642384196524518E-18, 0.1253038674033149225 ) ) ;
#1149 = FACE_BOUND ( 'NONE', #1094, .T. ) ;
#1150 = ORIENTED_EDGE ( 'NONE', *, *, #931, .T. ) ;
#1151 = ORIENTED_EDGE ( 'NONE', *, *, #794, .F. ) ;
#1152 = DIRECTION ( 'NONE',  ( 0.000000000000000000, 1.000000000000000000, 0.000000000000000000 ) ) ;
#1153 = AXIS2_PLACEMENT_3D ( 'NONE', #2991, #1437, #3027 ) ;
#1154 = CARTESIAN_POINT ( 'NONE',  ( 0.7641859798393019210, -0.7558011049723758479, -0.4475138121546964887 ) ) ;
#1155 = VERTEX_POINT ( 'NONE', #2828 ) ;
#1156 = PERSON_AND_ORGANIZATION ( #3237, #1624 ) ;
#1157 = ADVANCED_FACE ( 'NONE', ( #1031, #3099 ), #762, .T. ) ;
#1158 = VECTOR ( 'NONE', #2362, 1000.000000000000000 ) ;
#1159 = VERTEX_POINT ( 'NONE', #1804 ) ;
#1160 = DIRECTION ( 'NONE',  ( -1.000000000000000000, 0.000000000000000000, 0.000000000000000000 ) ) ;
#1161 = VECTOR ( 'NONE', #2468, 1000.000000000000000 ) ;
#1162 = VECTOR ( 'NONE', #701, 1000.000000000000114 ) ;
#1163 = VERTEX_POINT ( 'NONE', #1562 ) ;
#1164 = AXIS2_PLACEMENT_3D ( 'NONE', #2426, #3165, #2694 ) ;
#1165 = AXIS2_PLACEMENT_3D ( 'NONE', #148, #2982, #3254 ) ;
#1166 = LINE ( 'NONE', #3232, #2787 ) ;
#1167 = DIRECTION ( 'NONE',  ( 1.000000000000000000, 0.000000000000000000, 0.000000000000000000 ) ) ;
#1168 = ORIENTED_EDGE ( 'NONE', *, *, #1180, .T. ) ;
#1169 = AXIS2_PLACEMENT_3D ( 'NONE', #314, #1124, #1402 ) ;
#1170 = DIRECTION ( 'NONE',  ( 0.000000000000000000, 0.000000000000000000, 1.000000000000000000 ) ) ;
#1171 = CARTESIAN_POINT ( 'NONE',  ( -0.2141664886001641843, 0.2709242221814622265, -0.4475138121546964887 ) ) ;
#1172 = ORIENTED_EDGE ( 'NONE', *, *, #170, .T. ) ;
#1173 = ORIENTED_EDGE ( 'NONE', *, *, #3267, .T. ) ;
#1174 = DIRECTION ( 'NONE',  ( 0.000000000000000000, -1.000000000000000000, 0.000000000000000000 ) ) ;
#1175 = CARTESIAN_POINT ( 'NONE',  ( -0.6364640883977900065, 0.5966850828729284295, 0.4475138121546964887 ) ) ;
#1176 = CALENDAR_DATE ( 2026, 29, 6 ) ;
#1177 = EDGE_LOOP ( 'NONE', ( #2114, #1351, #556, #2617, #1210, #449, #2862, #2942, #652, #3327, #1369, #571, #3176, #3082, #1944, #2771, #2086, #964, #2998, #1453, #2168, #3351, #2465, #574, #1469, #2154, #2119, #2644 ) ) ;
#1178 = PRODUCT_RELATED_PRODUCT_CATEGORY ( 'detail', '', ( #1255 ) ) ;
#1179 = DIRECTION ( 'NONE',  ( 1.000000000000000000, 0.000000000000000000, 0.000000000000000000 ) ) ;
#1180 = EDGE_CURVE ( 'NONE', #809, #392, #8, .T. ) ;
#1181 = CARTESIAN_POINT ( 'NONE',  ( -0.6840282700688102846, -1.511170464852015833E-16, 0.1065794647378217191 ) ) ;
#1182 = CONICAL_SURFACE ( 'NONE', #2645, 0.07955801104972372306, 0.7853981633974476129 ) ;
#1183 = CARTESIAN_POINT ( 'NONE',  ( -0.3860043099756281237, 0.2709242221814622265, -0.4084144646338817575 ) ) ;
#1184 = DIRECTION ( 'NONE',  ( 0.000000000000000000, 0.000000000000000000, -1.000000000000000000 ) ) ;
#1185 = EDGE_LOOP ( 'NONE', ( #1561, #1022, #185, #1451, #1501, #1708, #1669 ) ) ;
#1186 = EDGE_CURVE ( 'NONE', #1118, #1773, #1321, .T. ) ;
#1187 = EDGE_LOOP ( 'NONE', ( #854, #289, #2760, #893 ) ) ;
#1188 = DIRECTION ( 'NONE',  ( 0.000000000000000000, 1.000000000000000000, 0.000000000000000000 ) ) ;
#1189 = CARTESIAN_POINT ( 'NONE',  ( 0.7160220994475138268, -0.5966850828729284295, 0.4475138121546964887 ) ) ;
#1190 = DIRECTION ( 'NONE',  ( 0.7071067811865470176, 0.7071067811865480168, 0.000000000000000000 ) ) ;
#1191 = CARTESIAN_POINT ( 'NONE',  ( 0.5767955801104972524, 0.5966850828729284295, 0.8453834254143647309 ) ) ;
#1192 = ORIENTED_EDGE ( 'NONE', *, *, #3068, .T. ) ;
#1193 = ORIENTED_EDGE ( 'NONE', *, *, #1928, .T. ) ;
#1194 = AXIS2_PLACEMENT_3D ( 'NONE', #1699, #960, #1454 ) ;
#1195 = CARTESIAN_POINT ( 'NONE',  ( -0.7844133840328124663, 0.2007702279280083324, 0.2069645787018259131 ) ) ;
#1196 = CARTESIAN_POINT ( 'NONE',  ( -0.2436464088397789218, -0.4415469613259669357, 0.08552486187845315113 ) ) ;
#1197 = CIRCLE ( 'NONE', #2275, 0.1193370165745857442 ) ;
#1198 = EDGE_CURVE ( 'NONE', #2080, #2759, #2674, .T. ) ;
#1199 = CARTESIAN_POINT ( 'NONE',  ( 0.6364640883977900065, -0.5966850828729284295, 0.02983425414364638054 ) ) ;
#1200 = DIRECTION ( 'NONE',  ( 0.000000000000000000, 0.000000000000000000, -1.000000000000000000 ) ) ;
#1201 = VERTEX_POINT ( 'NONE', #565 ) ;
#1202 = EDGE_CURVE ( 'NONE', #1004, #2202, #3321, .T. ) ;
#1203 = CARTESIAN_POINT ( 'NONE',  ( 0.5171270718232042762, 0.5966850828729284295, 0.2486187845303867716 ) ) ;
#1204 = PLANE ( 'NONE',  #2296 ) ;
#1205 = ORIENTED_EDGE ( 'NONE', *, *, #920, .T. ) ;
#1206 = ORIENTED_EDGE ( 'NONE', *, *, #1198, .T. ) ;
#1207 = PLANE ( 'NONE',  #61 ) ;
#1208 = CARTESIAN_POINT ( 'NONE',  ( 0.6364640883977900065, 0.5966850828729284295, -0.4475138121546964887 ) ) ;
#1209 = VERTEX_POINT ( 'NONE', #1651 ) ;
#1210 = ORIENTED_EDGE ( 'NONE', *, *, #899, .T. ) ;
#1211 = DIRECTION ( 'NONE',  ( 0.000000000000000000, 0.000000000000000000, 1.000000000000000000 ) ) ;
#1212 = DIRECTION ( 'NONE',  ( 0.000000000000000000, 0.000000000000000000, 1.000000000000000000 ) ) ;
#1213 = AXIS2_PLACEMENT_3D ( 'NONE', #452, #2786, #1503 ) ;
#1214 = DIRECTION ( 'NONE',  ( 0.000000000000000000, 0.000000000000000000, 1.000000000000000000 ) ) ;
#1215 = DIRECTION ( 'NONE',  ( -1.000000000000000000, 0.000000000000000000, 0.000000000000000000 ) ) ;
#1216 = ORIENTED_EDGE ( 'NONE', *, *, #1358, .F. ) ;
#1217 = EDGE_LOOP ( 'NONE', ( #1852, #3142, #1224, #3320 ) ) ;
#1218 = VECTOR ( 'NONE', #2882, 1000.000000000000000 ) ;
#1219 = AXIS2_PLACEMENT_3D ( 'NONE', #1477, #1685, #2729 ) ;
#1220 = EDGE_CURVE ( 'NONE', #1939, #3054, #2411, .T. ) ;
#1221 = CARTESIAN_POINT ( 'NONE',  ( -0.09447513812154695323, -2.435761589464349807E-18, -0.05966850828729284434 ) ) ;
#1222 = AXIS2_PLACEMENT_3D ( 'NONE', #2979, #2647, #297 ) ;
#1223 = CARTESIAN_POINT ( 'NONE',  ( 0.2001351135316658258, 0.3078709049176245327, 0.04972375690607735987 ) ) ;
#1224 = ORIENTED_EDGE ( 'NONE', *, *, #1051, .F. ) ;
#1225 = VERTEX_POINT ( 'NONE', #1385 ) ;
#1226 = CARTESIAN_POINT ( 'NONE',  ( -0.5459668508287295330, -0.3420994475138121049, 0.4276243093922649230 ) ) ;
#1227 = LINE ( 'NONE', #1744, #2351 ) ;
#1228 = ORIENTED_EDGE ( 'NONE', *, *, #1259, .F. ) ;
#1229 = ORIENTED_EDGE ( 'NONE', *, *, #707, .F. ) ;
#1230 = DIRECTION ( 'NONE',  ( 0.000000000000000000, 0.000000000000000000, -1.000000000000000000 ) ) ;
#1231 = FACE_BOUND ( 'NONE', #2272, .T. ) ;
#1232 = CARTESIAN_POINT ( 'NONE',  ( -0.6364640883977900065, -0.5966850828729284295, 0.4475138121546964887 ) ) ;
#1233 = CARTESIAN_POINT ( 'NONE',  ( 0.6364640883977900065, 0.5966850828729284295, 0.8453834254143647309 ) ) ;
#1234 = EDGE_LOOP ( 'NONE', ( #2933, #422 ) ) ;
#1235 = ORIENTED_EDGE ( 'NONE', *, *, #690, .T. ) ;
#1236 = ORIENTED_EDGE ( 'NONE', *, *, #947, .F. ) ;
#1237 = DIRECTION ( 'NONE',  ( 0.000000000000000000, 0.000000000000000000, -1.000000000000000000 ) ) ;
#1238 = CARTESIAN_POINT ( 'NONE',  ( 0.6364640883977900065, 0.5966850828729284295, 0.4475138121546964887 ) ) ;
#1239 = EDGE_LOOP ( 'NONE', ( #308, #1884, #157, #1336 ) ) ;
#1240 = EDGE_CURVE ( 'NONE', #2158, #2522, #77, .T. ) ;
#1241 = DIRECTION ( 'NONE',  ( 1.000000000000000000, -1.826024711554529969E-16, 0.000000000000000000 ) ) ;
#1242 = CARTESIAN_POINT ( 'NONE',  ( -0.2635359116022096826, 0.4415469613259669357, 0.4276243093922649230 ) ) ;
#1243 = VERTEX_POINT ( 'NONE', #313 ) ;
#1244 = DIRECTION ( 'NONE',  ( -0.000000000000000000, 1.000000000000000000, 0.000000000000000000 ) ) ;
#1245 = ADVANCED_FACE ( 'NONE', ( #2135 ), #1666, .T. ) ;
#1246 = CARTESIAN_POINT ( 'NONE',  ( -0.08453038674033143407, 0.000000000000000000, 0.1253038674033149225 ) ) ;
#1247 = VECTOR ( 'NONE', #2621, 1000.000000000000000 ) ;
#1248 = VERTEX_POINT ( 'NONE', #835 ) ;
#1249 = DIRECTION ( 'NONE',  ( 0.000000000000000000, 0.000000000000000000, -1.000000000000000000 ) ) ;
#1250 =( GEOMETRIC_REPRESENTATION_CONTEXT ( 3 ) GLOBAL_UNCERTAINTY_ASSIGNED_CONTEXT ( ( #3296 ) ) GLOBAL_UNIT_ASSIGNED_CONTEXT ( ( #2668, #2374, #40 ) ) REPRESENTATION_CONTEXT ( 'NONE', 'WORKASPACE' ) );
#1251 = LINE ( 'NONE', #3066, #333 ) ;
#1252 = ORIENTED_EDGE ( 'NONE', *, *, #205, .T. ) ;
#1253 = ORIENTED_EDGE ( 'NONE', *, *, #3044, .F. ) ;
#1254 = DIRECTION ( 'NONE',  ( 0.000000000000000000, 0.000000000000000000, 1.000000000000000000 ) ) ;
#1255 = PRODUCT ( '005671', '005671', '', ( #2922 ) ) ;
#1256 = CARTESIAN_POINT ( 'NONE',  ( 0.6364640883977900065, 0.5966850828729284295, 0.2486187845303867716 ) ) ;
#1257 = ORIENTED_EDGE ( 'NONE', *, *, #389, .F. ) ;
#1258 = ORIENTED_EDGE ( 'NONE', *, *, #972, .F. ) ;
#1259 = EDGE_CURVE ( 'NONE', #2853, #721, #2900, .T. ) ;
#1260 = LINE ( 'NONE', #1995, #1162 ) ;
#1261 = DIRECTION ( 'NONE',  ( 1.000000000000000000, 0.000000000000000000, 0.000000000000000000 ) ) ;
#1262 = CARTESIAN_POINT ( 'NONE',  ( -0.2617052030724772993, 0.5807734806629833990, 0.2287292817679560109 ) ) ;
#1263 = EDGE_CURVE ( 'NONE', #900, #637, #1751, .T. ) ;
#1264 = CARTESIAN_POINT ( 'NONE',  ( -0.6364640883977900065, 0.5966850828729284295, 0.4475138121546964887 ) ) ;
#1265 = DIRECTION ( 'NONE',  ( 0.000000000000000000, 0.000000000000000000, 1.000000000000000000 ) ) ;
#1266 = CARTESIAN_POINT ( 'NONE',  ( -0.6364640883977900065, -0.5966850828729284295, 0.4475138121546964887 ) ) ;
#1267 = AXIS2_PLACEMENT_3D ( 'NONE', #1400, #2443, #942 ) ;
#1268 = ORIENTED_EDGE ( 'NONE', *, *, #898, .T. ) ;
#1269 = ORIENTED_EDGE ( 'NONE', *, *, #1259, .T. ) ;
#1270 = VECTOR ( 'NONE', #2970, 1000.000000000000000 ) ;
#1271 = AXIS2_PLACEMENT_3D ( 'NONE', #3277, #2804, #3035 ) ;
#1272 = DIRECTION ( 'NONE',  ( -1.000000000000000000, 0.000000000000000000, 0.000000000000000000 ) ) ;
#1273 = CARTESIAN_POINT ( 'NONE',  ( -0.6364640883977900065, 0.5966850828729284295, 0.02983425414364638054 ) ) ;
#1274 = AXIS2_PLACEMENT_3D ( 'NONE', #822, #2905, #570 ) ;
#1275 = AXIS2_PLACEMENT_3D ( 'NONE', #366, #1170, #2696 ) ;
#1276 = AXIS2_PLACEMENT_3D ( 'NONE', #213, #3120, #233 ) ;
#1277 = CARTESIAN_POINT ( 'NONE',  ( 0.6364640883977900065, -0.5966850828729284295, 0.4475138121546964887 ) ) ;
#1278 = LINE ( 'NONE', #2307, #3328 ) ;
#1279 = AXIS2_PLACEMENT_3D ( 'NONE', #963, #3298, #3047 ) ;
#1280 = CARTESIAN_POINT ( 'NONE',  ( -0.7806629834254142919, -0.7955801104972374249, -0.4077348066298340790 ) ) ;
#1281 = CARTESIAN_POINT ( 'NONE',  ( 0.06464088397790053453, 0.000000000000000000, 0.1292817679558010691 ) ) ;
#1282 = EDGE_CURVE ( 'NONE', #3140, #784, #2928, .T. ) ;
#1283 = DIRECTION ( 'NONE',  ( -0.5064781829111180134, 0.8622527762988368982, 0.000000000000000000 ) ) ;
#1284 = ADVANCED_FACE ( 'NONE', ( #1854 ), #3179, .F. ) ;
#1285 = CARTESIAN_POINT ( 'NONE',  ( 0.001476848233918431072, 0.4245606738507735067, 0.4276243093922649230 ) ) ;
#1286 = VECTOR ( 'NONE', #338, 1000.000000000000000 ) ;
#1287 = ORIENTED_EDGE ( 'NONE', *, *, #1376, .T. ) ;
#1288 = CYLINDRICAL_SURFACE ( 'NONE', #2076, 0.08353591160220992518 ) ;
#1289 = EDGE_CURVE ( 'NONE', #2403, #3072, #2424, .T. ) ;
#1290 = FACE_BOUND ( 'NONE', #2785, .T. ) ;
#1291 = DIRECTION ( 'NONE',  ( 1.000000000000000000, 0.000000000000000000, 0.000000000000000000 ) ) ;
#1292 = CARTESIAN_POINT ( 'NONE',  ( -0.9000000000000000222, -0.6762430939226516946, 0.2486187845303867716 ) ) ;
#1293 = LINE ( 'NONE', #237, #2353 ) ;
#1294 = CARTESIAN_POINT ( 'NONE',  ( -0.6364640883977900065, 0.5966850828729284295, 0.02983425414364638054 ) ) ;
#1295 = DESIGN_CONTEXT ( 'detailed design', #2620, 'design' ) ;
#1296 = ORIENTED_EDGE ( 'NONE', *, *, #631, .T. ) ;
#1297 = DIRECTION ( 'NONE',  ( 1.000000000000000000, 0.000000000000000000, 0.000000000000000000 ) ) ;
#1298 = CARTESIAN_POINT ( 'NONE',  ( 0.2237569060773480223, 1.705033112625043748E-17, -0.05966850828729284434 ) ) ;
#1299 = EDGE_CURVE ( 'NONE', #1225, #2672, #823, .T. ) ;
#1300 = EDGE_LOOP ( 'NONE', ( #2064, #1569, #139, #2505 ) ) ;
#1301 = AXIS2_PLACEMENT_3D ( 'NONE', #883, #107, #3158 ) ;
#1302 = ORIENTED_EDGE ( 'NONE', *, *, #3294, .F. ) ;
#1303 = DIRECTION ( 'NONE',  ( 0.000000000000000000, 0.000000000000000000, 1.000000000000000000 ) ) ;
#1304 = FACE_OUTER_BOUND ( 'NONE', #601, .T. ) ;
#1305 = EDGE_CURVE ( 'NONE', #2806, #3195, #2897, .T. ) ;
#1306 = AXIS2_PLACEMENT_3D ( 'NONE', #3093, #3078, #208 ) ;
#1307 = CARTESIAN_POINT ( 'NONE',  ( 0.06464088397790053453, -2.435761589464349807E-18, -0.03381215469613262775 ) ) ;
#1308 = CARTESIAN_POINT ( 'NONE',  ( 0.7558011049723758479, 0.5966850828729284295, 0.4475138121546964887 ) ) ;
#1309 = VECTOR ( 'NONE', #3025, 1000.000000000000000 ) ;
#1310 = DIRECTION ( 'NONE',  ( 0.000000000000000000, 0.000000000000000000, -1.000000000000000000 ) ) ;
#1311 = DIRECTION ( 'NONE',  ( 0.000000000000000000, 0.000000000000000000, 1.000000000000000000 ) ) ;
#1312 = ORIENTED_EDGE ( 'NONE', *, *, #2802, .T. ) ;
#1313 = EDGE_LOOP ( 'NONE', ( #3239, #3083, #3048, #2417, #2506 ) ) ;
#1314 = DIRECTION ( 'NONE',  ( -1.000000000000000000, 0.000000000000000000, 0.000000000000000000 ) ) ;
#1315 = DIRECTION ( 'NONE',  ( 0.000000000000000000, 0.000000000000000000, 1.000000000000000000 ) ) ;
#1316 = ORIENTED_EDGE ( 'NONE', *, *, #2980, .F. ) ;
#1317 = ORIENTED_EDGE ( 'NONE', *, *, #690, .F. ) ;
#1318 = CONICAL_SURFACE ( 'NONE', #2739, 0.04368894027694333188, 0.1851200924420304261 ) ;
#1319 = DIRECTION ( 'NONE',  ( -1.000000000000000000, 0.000000000000000000, 0.000000000000000000 ) ) ;
#1320 = CARTESIAN_POINT ( 'NONE',  ( -0.2436464088397789218, 0.3779005524861878684, 0.2486187845303867716 ) ) ;
#1321 = CIRCLE ( 'NONE', #605, 0.05966850828729281658 ) ;
#1322 = EDGE_CURVE ( 'NONE', #914, #1201, #1920, .T. ) ;
#1323 = CARTESIAN_POINT ( 'NONE',  ( -0.08453038674033143407, 0.000000000000000000, 0.1253038674033149225 ) ) ;
#1324 = TOROIDAL_SURFACE ( 'NONE', #2948, 0.09944751381215471975, 0.08353591160220988354 ) ;
#1325 = DIRECTION ( 'NONE',  ( -0.7071067811865475727, -0.7071067811865475727, 0.000000000000000000 ) ) ;
#1326 = VECTOR ( 'NONE', #2851, 1000.000000000000114 ) ;
#1327 = ORIENTED_EDGE ( 'NONE', *, *, #81, .T. ) ;
#1328 = AXIS2_PLACEMENT_3D ( 'NONE', #1256, #2224, #2814 ) ;
#1329 = CIRCLE ( 'NONE', #2402, 0.08353591160220986966 ) ;
#1330 = CARTESIAN_POINT ( 'NONE',  ( -0.2436464088397789218, 0.5796083805660439126, 0.2486187845303867716 ) ) ;
#1331 = PLANE ( 'NONE',  #533 ) ;
#1332 = AXIS2_PLACEMENT_3D ( 'NONE', #2412, #2964, #110 ) ;
#1333 = EDGE_LOOP ( 'NONE', ( #2542, #2722, #1997, #2300 ) ) ;
#1334 = LINE ( 'NONE', #292, #1801 ) ;
#1335 = FACE_OUTER_BOUND ( 'NONE', #2541, .T. ) ;
#1336 = ORIENTED_EDGE ( 'NONE', *, *, #1973, .T. ) ;
#1337 = ORIENTED_EDGE ( 'NONE', *, *, #2301, .F. ) ;
#1338 = CARTESIAN_POINT ( 'NONE',  ( -0.06097946691843612183, 0.3182320441988954474, 0.04972375690607735987 ) ) ;
#1339 = DIRECTION ( 'NONE',  ( 1.000000000000000000, 0.000000000000000000, 0.000000000000000000 ) ) ;
#1340 = EDGE_CURVE ( 'NONE', #779, #3195, #1619, .T. ) ;
#1341 = CARTESIAN_POINT ( 'NONE',  ( -0.1481767955801101821, 1.047377483469670906E-17, 0.08552486187845297072 ) ) ;
#1342 = DIRECTION ( 'NONE',  ( 0.000000000000000000, 0.000000000000000000, -1.000000000000000000 ) ) ;
#1343 = EDGE_CURVE ( 'NONE', #2501, #2118, #444, .T. ) ;
#1344 = FACE_OUTER_BOUND ( 'NONE', #2160, .T. ) ;
#1345 = FACE_OUTER_BOUND ( 'NONE', #1990, .T. ) ;
#1346 = ORIENTED_EDGE ( 'NONE', *, *, #568, .T. ) ;
#1347 = ADVANCED_FACE ( 'NONE', ( #1418 ), #378, .F. ) ;
#1348 = ORIENTED_EDGE ( 'NONE', *, *, #1198, .F. ) ;
#1349 = CARTESIAN_POINT ( 'NONE',  ( 0.6364640883977900065, 0.5966850828729284295, 0.4475138121546964887 ) ) ;
#1350 = CARTESIAN_POINT ( 'NONE',  ( -0.2436464088397789218, 0.5796083805660439126, 0.2486187845303867716 ) ) ;
#1351 = ORIENTED_EDGE ( 'NONE', *, *, #3340, .T. ) ;
#1352 = DIRECTION ( 'NONE',  ( 0.000000000000000000, 0.000000000000000000, -1.000000000000000000 ) ) ;
#1353 = DIRECTION ( 'NONE',  ( 0.000000000000000000, -1.000000000000000000, 0.000000000000000000 ) ) ;
#1354 = AXIS2_PLACEMENT_3D ( 'NONE', #2116, #1417, #1160 ) ;
#1355 = CARTESIAN_POINT ( 'NONE',  ( 0.001476848233918431072, -0.4245606738507735067, 0.2486187845303867716 ) ) ;
#1356 = CARTESIAN_POINT ( 'NONE',  ( -0.2617052030724772993, -0.5807734806629833990, 0.2486187845303867716 ) ) ;
#1357 = AXIS2_PLACEMENT_3D ( 'NONE', #1816, #2277, #3313 ) ;
#1358 = EDGE_CURVE ( 'NONE', #3029, #2403, #1370, .T. ) ;
#1359 = LINE ( 'NONE', #2371, #951 ) ;
#1360 = CARTESIAN_POINT ( 'NONE',  ( -0.1521004520341533994, -0.02983058833238665802, -0.03381215469613262775 ) ) ;
#1361 = EDGE_CURVE ( 'NONE', #295, #2923, #1970, .T. ) ;
#1362 = ORIENTED_EDGE ( 'NONE', *, *, #1361, .T. ) ;
#1363 = DIRECTION ( 'NONE',  ( 1.000000000000000000, 0.000000000000000000, 0.000000000000000000 ) ) ;
#1364 = ORIENTED_EDGE ( 'NONE', *, *, #2593, .T. ) ;
#1365 = ORIENTED_EDGE ( 'NONE', *, *, #62, .F. ) ;
#1366 = DIRECTION ( 'NONE',  ( 0.000000000000000000, -1.000000000000000000, 0.000000000000000000 ) ) ;
#1367 = CARTESIAN_POINT ( 'NONE',  ( -0.5459668508287295330, -2.644003074056417940E-16, 0.2486187845303867716 ) ) ;
#1368 = DIRECTION ( 'NONE',  ( 1.000000000000000000, 0.000000000000000000, 0.000000000000000000 ) ) ;
#1369 = ORIENTED_EDGE ( 'NONE', *, *, #1519, .T. ) ;
#1370 = CIRCLE ( 'NONE', #1267, 0.09944751381215473363 ) ;
#1371 = VERTEX_POINT ( 'NONE', #2007 ) ;
#1372 = CIRCLE ( 'NONE', #1430, 0.1451933701657459053 ) ;
#1373 = CIRCLE ( 'NONE', #828, 0.1193370165745857442 ) ;
#1374 = LINE ( 'NONE', #2130, #2467 ) ;
#1375 = DIRECTION ( 'NONE',  ( -0.8251785723307538678, 0.000000000000000000, -0.5648719534250030705 ) ) ;
#1376 = EDGE_CURVE ( 'NONE', #1994, #1248, #1427, .T. ) ;
#1377 = AXIS2_PLACEMENT_3D ( 'NONE', #1443, #619, #3220 ) ;
#1378 = CIRCLE ( 'NONE', #888, 0.1233149171270718492 ) ;
#1379 = ORIENTED_EDGE ( 'NONE', *, *, #1074, .T. ) ;
#1380 = ORIENTED_EDGE ( 'NONE', *, *, #2687, .T. ) ;
#1381 = EDGE_CURVE ( 'NONE', #3146, #3284, #1958, .T. ) ;
#1382 = VECTOR ( 'NONE', #2540, 1000.000000000000000 ) ;
#1383 = CARTESIAN_POINT ( 'NONE',  ( 0.6364640883977900065, 0.5966850828729284295, 0.4475138121546964887 ) ) ;
#1384 = ADVANCED_FACE ( 'NONE', ( #693 ), #266, .F. ) ;
#1385 = CARTESIAN_POINT ( 'NONE',  ( -0.2436464088397789218, 0.4415469613259669357, 0.08552486187845315113 ) ) ;
#1386 = DIRECTION ( 'NONE',  ( 0.000000000000000000, 0.000000000000000000, 1.000000000000000000 ) ) ;
#1387 = ORIENTED_EDGE ( 'NONE', *, *, #1401, .T. ) ;
#1388 = EDGE_CURVE ( 'NONE', #1415, #2365, #2395, .T. ) ;
#1389 = CARTESIAN_POINT ( 'NONE',  ( -0.5007248615509842793, 0.2709242221814622265, -0.4084144646338817575 ) ) ;
#1390 = DIRECTION ( 'NONE',  ( 0.000000000000000000, 0.000000000000000000, -1.000000000000000000 ) ) ;
#1391 = ORIENTED_EDGE ( 'NONE', *, *, #1376, .F. ) ;
#1392 = ORIENTED_EDGE ( 'NONE', *, *, #799, .T. ) ;
#1393 = CARTESIAN_POINT ( 'NONE',  ( -0.5459668508287295330, -0.3420994475138121049, 0.06563535911602208506 ) ) ;
#1394 = PERSON_AND_ORGANIZATION ( #3237, #1624 ) ;
#1395 = VERTEX_POINT ( 'NONE', #962 ) ;
#1396 = ORIENTED_EDGE ( 'NONE', *, *, #1643, .F. ) ;
#1397 = DIRECTION ( 'NONE',  ( 1.826024711554529969E-16, 1.000000000000000000, 0.000000000000000000 ) ) ;
#1398 = ORIENTED_EDGE ( 'NONE', *, *, #931, .F. ) ;
#1399 = ADVANCED_FACE ( 'NONE', ( #1988 ), #676, .F. ) ;
#1400 = CARTESIAN_POINT ( 'NONE',  ( 0.3629834254143647909, -1.812667414753072584E-16, -0.03381215469613262775 ) ) ;
#1401 = EDGE_CURVE ( 'NONE', #138, #300, #765, .T. ) ;
#1402 = DIRECTION ( 'NONE',  ( -1.000000000000000000, 0.000000000000000000, 0.000000000000000000 ) ) ;
#1403 = ORIENTED_EDGE ( 'NONE', *, *, #871, .F. ) ;
#1404 = EDGE_CURVE ( 'NONE', #1209, #1155, #3249, .T. ) ;
#1405 = CARTESIAN_POINT ( 'NONE',  ( -0.6840282700688102846, -0.3011553418920119851, 0.2486187845303867716 ) ) ;
#1406 = LINE ( 'NONE', #2713, #3275 ) ;
#1407 = VERTEX_POINT ( 'NONE', #439 ) ;
#1408 = CIRCLE ( 'NONE', #1301, 0.1147205515753561000 ) ;
#1409 = ORIENTED_EDGE ( 'NONE', *, *, #1358, .T. ) ;
#1410 = CARTESIAN_POINT ( 'NONE',  ( 0.2001351135316658258, 0.3078709049176245327, 0.4276243093922649230 ) ) ;
#1411 = LOCAL_TIME ( 11, 25, 28.00000000000000000, #672 ) ;
#1412 = DIRECTION ( 'NONE',  ( 0.000000000000000000, 0.000000000000000000, -1.000000000000000000 ) ) ;
#1413 = APPROVAL_STATUS ( 'not_yet_approved' ) ;
#1414 = ORIENTED_EDGE ( 'NONE', *, *, #1028, .F. ) ;
#1415 = VERTEX_POINT ( 'NONE', #2185 ) ;
#1416 = VECTOR ( 'NONE', #572, 1000.000000000000114 ) ;
#1417 = DIRECTION ( 'NONE',  ( 0.000000000000000000, 0.000000000000000000, -1.000000000000000000 ) ) ;
#1418 = FACE_OUTER_BOUND ( 'NONE', #1576, .T. ) ;
#1419 = CARTESIAN_POINT ( 'NONE',  ( -0.2436464088397789218, -0.7017581975961797447, 0.2486187845303867716 ) ) ;
#1420 = VERTEX_POINT ( 'NONE', #2480 ) ;
#1421 = EDGE_CURVE ( 'NONE', #2919, #374, #3053, .T. ) ;
#1422 = CARTESIAN_POINT ( 'NONE',  ( 0.6364640883977900065, -0.5966850828729284295, 0.2486187845303867716 ) ) ;
#1423 = CARTESIAN_POINT ( 'NONE',  ( 0.6364640883977900065, 0.5966850828729284295, 0.4077348066298340790 ) ) ;
#1424 = ORIENTED_EDGE ( 'NONE', *, *, #2608, .T. ) ;
#1425 = EDGE_CURVE ( 'NONE', #620, #80, #1491, .T. ) ;
#1426 = CARTESIAN_POINT ( 'NONE',  ( 0.000000000000000000, 0.7955801104972374249, 0.8453038674033162003 ) ) ;
#1427 = CIRCLE ( 'NONE', #3266, 0.07955801104972372306 ) ;
#1428 = CYLINDRICAL_SURFACE ( 'NONE', #1752, 0.08353591160220986966 ) ;
#1429 = APPROVAL_DATE_TIME ( #2972, #303 ) ;
#1430 = AXIS2_PLACEMENT_3D ( 'NONE', #3006, #1850, #1959 ) ;
#1431 = CARTESIAN_POINT ( 'NONE',  ( -0.2436464088397789218, -0.7017581975961797447, 0.2486187845303867716 ) ) ;
#1432 = FACE_OUTER_BOUND ( 'NONE', #1137, .T. ) ;
#1433 = VECTOR ( 'NONE', #184, 1000.000000000000000 ) ;
#1434 = VECTOR ( 'NONE', #51, 1000.000000000000114 ) ;
#1435 = VECTOR ( 'NONE', #1950, 1000.000000000000000 ) ;
#1436 = CIRCLE ( 'NONE', #1913, 0.05966850828729281658 ) ;
#1437 = DIRECTION ( 'NONE',  ( 0.000000000000000000, 0.000000000000000000, -1.000000000000000000 ) ) ;
#1438 = CARTESIAN_POINT ( 'NONE',  ( -0.6812154696132592946, -0.3420994475138121049, 0.2287292817679560109 ) ) ;
#1439 = EDGE_LOOP ( 'NONE', ( #1653, #681, #611, #2433 ) ) ;
#1440 = AXIS2_PLACEMENT_3D ( 'NONE', #2535, #3013, #1719 ) ;
#1441 = AXIS2_PLACEMENT_3D ( 'NONE', #288, #1847, #3092 ) ;
#1442 = DIRECTION ( 'NONE',  ( -1.000000000000000000, 0.000000000000000000, 0.000000000000000000 ) ) ;
#1443 = CARTESIAN_POINT ( 'NONE',  ( 0.004972375690608015451, -2.760222989399561546E-16, -0.03381215469613262775 ) ) ;
#1444 = ORIENTED_EDGE ( 'NONE', *, *, #2314, .T. ) ;
#1445 = ORIENTED_EDGE ( 'NONE', *, *, #816, .T. ) ;
#1446 = LINE ( 'NONE', #622, #1613 ) ;
#1447 = CARTESIAN_POINT ( 'NONE',  ( -0.6851933701657461073, -0.2999902417950753297, 0.2486187845303867716 ) ) ;
#1448 = ORIENTED_EDGE ( 'NONE', *, *, #2311, .F. ) ;
#1449 = ADVANCED_FACE ( 'NONE', ( #1754 ), #3212, .F. ) ;
#1450 = PERSON_AND_ORGANIZATION_ROLE ( 'creator' ) ;
#1451 = ORIENTED_EDGE ( 'NONE', *, *, #2175, .F. ) ;
#1452 = ORIENTED_EDGE ( 'NONE', *, *, #2691, .F. ) ;
#1453 = ORIENTED_EDGE ( 'NONE', *, *, #1038, .F. ) ;
#1454 = DIRECTION ( 'NONE',  ( 0.000000000000000000, 0.000000000000000000, 1.000000000000000000 ) ) ;
#1455 = ADVANCED_FACE ( 'NONE', ( #1474 ), #2794, .F. ) ;
#1456 = DIRECTION ( 'NONE',  ( 0.000000000000000000, 0.000000000000000000, -1.000000000000000000 ) ) ;
#1457 = DIRECTION ( 'NONE',  ( 0.000000000000000000, 0.000000000000000000, 1.000000000000000000 ) ) ;
#1458 = ORIENTED_EDGE ( 'NONE', *, *, #2976, .F. ) ;
#1459 = ORIENTED_EDGE ( 'NONE', *, *, #120, .F. ) ;
#1460 = DIRECTION ( 'NONE',  ( 0.000000000000000000, 0.000000000000000000, 1.000000000000000000 ) ) ;
#1461 = LINE ( 'NONE', #3319, #1059 ) ;
#1462 = ORIENTED_EDGE ( 'NONE', *, *, #433, .T. ) ;
#1463 = VERTEX_POINT ( 'NONE', #2261 ) ;
#1464 = DIRECTION ( 'NONE',  ( -1.000000000000000000, 0.000000000000000000, 0.000000000000000000 ) ) ;
#1465 = CARTESIAN_POINT ( 'NONE',  ( -0.6430841644470083329, -0.3420994475138121049, 0.2287292817679560109 ) ) ;
#1466 = ORIENTED_EDGE ( 'NONE', *, *, #2898, .F. ) ;
#1467 = AXIS2_PLACEMENT_3D ( 'NONE', #1350, #3189, #2924 ) ;
#1468 = DIRECTION ( 'NONE',  ( 0.7071067811865470176, 8.659560562354926695E-17, -0.7071067811865480168 ) ) ;
#1469 = ORIENTED_EDGE ( 'NONE', *, *, #5, .T. ) ;
#1470 = PLANE ( 'NONE',  #2379 ) ;
#1471 = APPROVAL_PERSON_ORGANIZATION ( #958, #2429, #3228 ) ;
#1472 = ADVANCED_FACE ( 'NONE', ( #401 ), #459, .F. ) ;
#1473 = APPLICATION_CONTEXT ( 'configuration controlled 3d designs of mechanical parts and assemblies' ) ;
#1474 = FACE_OUTER_BOUND ( 'NONE', #795, .T. ) ;
#1475 = CARTESIAN_POINT ( 'NONE',  ( -0.5459668508287295330, 0.3580110497237570799, 0.4276243093922649230 ) ) ;
#1476 = ORIENTED_EDGE ( 'NONE', *, *, #78, .T. ) ;
#1477 = CARTESIAN_POINT ( 'NONE',  ( -0.7806629834254142919, -0.7955801104972374249, 0.8453038674033162003 ) ) ;
#1478 = CARTESIAN_POINT ( 'NONE',  ( -0.5459668508287295330, 0.3580110497237570799, 0.04972375690607735987 ) ) ;
#1479 = VERTEX_POINT ( 'NONE', #143 ) ;
#1480 = VERTEX_POINT ( 'NONE', #417 ) ;
#1481 = DIRECTION ( 'NONE',  ( 1.000000000000000000, 0.000000000000000000, 0.000000000000000000 ) ) ;
#1482 = CARTESIAN_POINT ( 'NONE',  ( -0.5459668508287295330, 0.3420994475138121049, 0.4276243093922649230 ) ) ;
#1483 = ORIENTED_EDGE ( 'NONE', *, *, #388, .F. ) ;
#1484 = COORDINATED_UNIVERSAL_TIME_OFFSET ( 8, 0, .AHEAD. ) ;
#1485 = CARTESIAN_POINT ( 'NONE',  ( -0.2436464088397789218, 0.5386642749442466238, 0.08552486187845315113 ) ) ;
#1486 = EDGE_CURVE ( 'NONE', #1773, #1118, #880, .T. ) ;
#1487 = CARTESIAN_POINT ( 'NONE',  ( 0.5171270718232042762, -0.5966850828729284295, 0.4475138121546964887 ) ) ;
#1488 = VECTOR ( 'NONE', #2162, 1000.000000000000114 ) ;
#1489 = CONICAL_SURFACE ( 'NONE', #940, 0.1451933701657459053, 0.7853981633974476129 ) ;
#1490 = AXIS2_PLACEMENT_3D ( 'NONE', #1323, #2355, #1071 ) ;
#1491 = LINE ( 'NONE', #1702, #3106 ) ;
#1492 = CARTESIAN_POINT ( 'NONE',  ( 0.06464088397790053453, -2.435761589464349807E-18, -0.05966850828729284434 ) ) ;
#1493 = PRODUCT_DEFINITION ( '�', '', #2710, #1295 ) ;
#1494 = EDGE_LOOP ( 'NONE', ( #1529, #703, #853, #46 ) ) ;
#1495 = EDGE_CURVE ( 'NONE', #3322, #813, #1166, .T. ) ;
#1496 = ORIENTED_EDGE ( 'NONE', *, *, #2593, .F. ) ;
#1497 = CONICAL_SURFACE ( 'NONE', #1115, 0.1153591160220995282, 0.7853981633974490562 ) ;
#1498 = CARTESIAN_POINT ( 'NONE',  ( 0.6364640883977900065, 0.5966850828729284295, 0.02983425414364638054 ) ) ;
#1499 = AXIS2_PLACEMENT_3D ( 'NONE', #906, #344, #50 ) ;
#1500 = LINE ( 'NONE', #713, #2405 ) ;
#1501 = ORIENTED_EDGE ( 'NONE', *, *, #415, .F. ) ;
#1502 = ADVANCED_FACE ( 'NONE', ( #2724 ), #549, .T. ) ;
#1503 = DIRECTION ( 'NONE',  ( -0.5064781829111179023, 0.8622527762988368982, 0.000000000000000000 ) ) ;
#1504 = DIRECTION ( 'NONE',  ( -1.000000000000000000, 0.000000000000000000, 0.000000000000000000 ) ) ;
#1505 = DIRECTION ( 'NONE',  ( 1.000000000000000000, -1.826024711554529969E-16, 0.000000000000000000 ) ) ;
#1506 = DIRECTION ( 'NONE',  ( 0.000000000000000000, 1.000000000000000000, 0.000000000000000000 ) ) ;
#1507 = DIRECTION ( 'NONE',  ( -1.000000000000000000, 0.000000000000000000, 0.000000000000000000 ) ) ;
#1508 = DIRECTION ( 'NONE',  ( -1.000000000000000000, 0.000000000000000000, 0.000000000000000000 ) ) ;
#1509 = ORIENTED_EDGE ( 'NONE', *, *, #2057, .F. ) ;
#1510 = EDGE_CURVE ( 'NONE', #2394, #174, #3065, .T. ) ;
#1511 = DIRECTION ( 'NONE',  ( 1.000000000000000000, 0.000000000000000000, 0.000000000000000000 ) ) ;
#1512 = CARTESIAN_POINT ( 'NONE',  ( 0.4773480662983427547, 1.098895027624309684, 0.2486187845303867716 ) ) ;
#1513 = ORIENTED_EDGE ( 'NONE', *, *, #3141, .T. ) ;
#1514 = ORIENTED_EDGE ( 'NONE', *, *, #182, .T. ) ;
#1515 = EDGE_CURVE ( 'NONE', #87, #688, #379, .T. ) ;
#1516 = FACE_OUTER_BOUND ( 'NONE', #2815, .T. ) ;
#1517 = DIRECTION ( 'NONE',  ( -0.7071067811865480168, 0.7071067811865470176, 0.000000000000000000 ) ) ;
#1518 = EDGE_LOOP ( 'NONE', ( #1077, #1695, #2287, #471 ) ) ;
#1519 = EDGE_CURVE ( 'NONE', #2264, #2522, #508, .T. ) ;
#1520 = LINE ( 'NONE', #207, #3094 ) ;
#1521 = DIRECTION ( 'NONE',  ( 0.000000000000000000, 0.000000000000000000, -1.000000000000000000 ) ) ;
#1522 = AXIS2_PLACEMENT_3D ( 'NONE', #2825, #1525, #3096 ) ;
#1523 = DIRECTION ( 'NONE',  ( 0.000000000000000000, 0.000000000000000000, -1.000000000000000000 ) ) ;
#1524 = CIRCLE ( 'NONE', #1357, 0.1193370165745857442 ) ;
#1525 = DIRECTION ( 'NONE',  ( 0.7071067811865475727, 0.000000000000000000, -0.7071067811865475727 ) ) ;
#1526 = ORIENTED_EDGE ( 'NONE', *, *, #1872, .F. ) ;
#1527 = CARTESIAN_POINT ( 'NONE',  ( 0.06464088397790053453, 0.000000000000000000, 0.08552486187845297072 ) ) ;
#1528 = DIRECTION ( 'NONE',  ( 0.2810846377148236153, 0.6785983445458463326, 0.6785983445458463326 ) ) ;
#1529 = ORIENTED_EDGE ( 'NONE', *, *, #182, .F. ) ;
#1530 = EDGE_CURVE ( 'NONE', #2000, #2394, #1834, .T. ) ;
#1531 = DIRECTION ( 'NONE',  ( -1.000000000000000000, 0.000000000000000000, 0.000000000000000000 ) ) ;
#1532 = DIRECTION ( 'NONE',  ( 0.000000000000000000, 0.000000000000000000, -1.000000000000000000 ) ) ;
#1533 = ADVANCED_FACE ( 'NONE', ( #539 ), #209, .F. ) ;
#1534 = CARTESIAN_POINT ( 'NONE',  ( 0.4556605382210825450, 0.1577779665802070130, 0.4276243093922649230 ) ) ;
#1535 = CARTESIAN_POINT ( 'NONE',  ( 0.5171270718232039432, -0.5966850828729284295, 0.4077348066298340790 ) ) ;
#1536 = EDGE_CURVE ( 'NONE', #3147, #1900, #60, .T. ) ;
#1537 = CARTESIAN_POINT ( 'NONE',  ( 0.2001351135316658258, 0.3078709049176245327, 0.2486187845303867716 ) ) ;
#1538 = CARTESIAN_POINT ( 'NONE',  ( -0.6961325966850828717, 0.5966850828729284295, 0.8453834254143647309 ) ) ;
#1539 = AXIS2_PLACEMENT_3D ( 'NONE', #1527, #2349, #1272 ) ;
#1540 = ORIENTED_EDGE ( 'NONE', *, *, #5, .F. ) ;
#1541 = ORIENTED_EDGE ( 'NONE', *, *, #2249, .T. ) ;
#1542 = CIRCLE ( 'NONE', #1963, 0.1630939226519335927 ) ;
#1543 = VECTOR ( 'NONE', #2368, 1000.000000000000000 ) ;
#1544 = CARTESIAN_POINT ( 'NONE',  ( -0.3646311257729753508, 0.5807734806629833990, 0.2486187845303867716 ) ) ;
#1545 = CARTESIAN_POINT ( 'NONE',  ( -0.4067403314917130697, 0.5767955801104976965, 0.2486187845303867716 ) ) ;
#1546 = ORIENTED_EDGE ( 'NONE', *, *, #2990, .F. ) ;
#1547 = CIRCLE ( 'NONE', #1758, 0.08353591160220988354 ) ;
#1548 = ORIENTED_EDGE ( 'NONE', *, *, #752, .F. ) ;
#1549 = VECTOR ( 'NONE', #440, 1000.000000000000000 ) ;
#1550 = DIRECTION ( 'NONE',  ( 0.000000000000000000, 0.000000000000000000, -1.000000000000000000 ) ) ;
#1551 = LINE ( 'NONE', #1811, #330 ) ;
#1552 = ORIENTED_EDGE ( 'NONE', *, *, #1089, .F. ) ;
#1553 = AXIS2_PLACEMENT_3D ( 'NONE', #1233, #1200, #2220 ) ;
#1554 = LINE ( 'NONE', #1864, #1144 ) ;
#1555 = ADVANCED_FACE ( 'NONE', ( #193 ), #2088, .T. ) ;
#1556 = CARTESIAN_POINT ( 'NONE',  ( 0.2001351135316654928, -0.3078709049176253654, 0.04972375690607735987 ) ) ;
#1557 = ADVANCED_FACE ( 'NONE', ( #3336 ), #2280, .T. ) ;
#1558 = EDGE_LOOP ( 'NONE', ( #3128, #2536, #3022, #3299 ) ) ;
#1559 = DIRECTION ( 'NONE',  ( 0.7071067811865474617, -0.7071067811865474617, 0.000000000000000000 ) ) ;
#1560 = CARTESIAN_POINT ( 'NONE',  ( -0.7247448757455191570, -0.2604387362153007257, 0.1472960704145326039 ) ) ;
#1561 = ORIENTED_EDGE ( 'NONE', *, *, #1519, .F. ) ;
#1562 = CARTESIAN_POINT ( 'NONE',  ( 0.7806629834254142919, -0.7955801104972374249, -0.4077348066298340790 ) ) ;
#1563 = DIRECTION ( 'NONE',  ( 0.000000000000000000, 0.000000000000000000, -1.000000000000000000 ) ) ;
#1564 = DIRECTION ( 'NONE',  ( 1.000000000000000000, 0.000000000000000000, 0.000000000000000000 ) ) ;
#1565 = DIRECTION ( 'NONE',  ( 0.000000000000000000, 0.000000000000000000, 1.000000000000000000 ) ) ;
#1566 = LINE ( 'NONE', #270, #1416 ) ;
#1567 = CARTESIAN_POINT ( 'NONE',  ( 0.2098342541436464537, 1.778105960308975347E-17, 0.1292817679558010691 ) ) ;
#1568 = ADVANCED_FACE ( 'NONE', ( #993 ), #255, .F. ) ;
#1569 = ORIENTED_EDGE ( 'NONE', *, *, #311, .F. ) ;
#1570 = DIRECTION ( 'NONE',  ( -1.000000000000000000, 0.000000000000000000, 0.000000000000000000 ) ) ;
#1571 = DIRECTION ( 'NONE',  ( 0.000000000000000000, 0.000000000000000000, 1.000000000000000000 ) ) ;
#1572 = AXIS2_PLACEMENT_3D ( 'NONE', #1383, #2941, #1607 ) ;
#1573 = EDGE_CURVE ( 'NONE', #1479, #2538, #1784, .T. ) ;
#1574 = ORIENTED_EDGE ( 'NONE', *, *, #2222, .F. ) ;
#1575 = CIRCLE ( 'NONE', #1034, 0.08353591160220986966 ) ;
#1576 = EDGE_LOOP ( 'NONE', ( #2927, #2510, #1721, #781 ) ) ;
#1577 = CARTESIAN_POINT ( 'NONE',  ( -0.6364640883977900065, 0.5966850828729284295, 0.8453834254143647309 ) ) ;
#1578 = DIRECTION ( 'NONE',  ( 0.000000000000000000, 0.000000000000000000, -1.000000000000000000 ) ) ;
#1579 = AXIS2_PLACEMENT_3D ( 'NONE', #238, #2293, #2822 ) ;
#1580 = CARTESIAN_POINT ( 'NONE',  ( -0.2635359116022096826, 0.4415469613259669357, 0.04972375690607735987 ) ) ;
#1581 = CARTESIAN_POINT ( 'NONE',  ( -0.4624309392265196772, -0.4415469613259669357, 0.04972375690607735987 ) ) ;
#1582 = EDGE_LOOP ( 'NONE', ( #736, #1891, #1100, #2324 ) ) ;
#1583 = DIRECTION ( 'NONE',  ( 0.000000000000000000, 0.000000000000000000, -1.000000000000000000 ) ) ;
#1584 = LINE ( 'NONE', #1567, #1247 ) ;
#1585 = ORIENTED_EDGE ( 'NONE', *, *, #3355, .F. ) ;
#1586 = CARTESIAN_POINT ( 'NONE',  ( -0.7558011049723760699, 0.5966850828729284295, 0.4077348066298340790 ) ) ;
#1587 = DIRECTION ( 'NONE',  ( 0.000000000000000000, 0.000000000000000000, -1.000000000000000000 ) ) ;
#1588 = ORIENTED_EDGE ( 'NONE', *, *, #2005, .T. ) ;
#1589 = ADVANCED_FACE ( 'NONE', ( #2298 ), #1489, .T. ) ;
#1590 = CARTESIAN_POINT ( 'NONE',  ( 0.000000000000000000, 0.000000000000000000, 0.02983425414364638054 ) ) ;
#1591 = EDGE_CURVE ( 'NONE', #3072, #3140, #2838, .T. ) ;
#1592 = CARTESIAN_POINT ( 'NONE',  ( 0.7806629834254142919, 0.7955801104972374249, 0.8453038674033162003 ) ) ;
#1593 = CIRCLE ( 'NONE', #2999, 0.05966850828729281658 ) ;
#1594 = LINE ( 'NONE', #3121, #2235 ) ;
#1595 = AXIS2_PLACEMENT_3D ( 'NONE', #1238, #2266, #2486 ) ;
#1596 = FACE_OUTER_BOUND ( 'NONE', #3246, .T. ) ;
#1597 = AXIS2_PLACEMENT_3D ( 'NONE', #719, #2270, #2013 ) ;
#1598 = VERTEX_POINT ( 'NONE', #2325 ) ;
#1599 = ORIENTED_EDGE ( 'NONE', *, *, #1725, .T. ) ;
#1600 = EDGE_CURVE ( 'NONE', #1209, #3156, #1908, .T. ) ;
#1601 = CARTESIAN_POINT ( 'NONE',  ( 0.6961325966850828717, -0.5966850828729284295, 0.4475138121546964887 ) ) ;
#1602 = DIRECTION ( 'NONE',  ( 0.000000000000000000, 0.000000000000000000, 1.000000000000000000 ) ) ;
#1603 = CIRCLE ( 'NONE', #1440, 0.08353591160220986966 ) ;
#1604 = ORIENTED_EDGE ( 'NONE', *, *, #1038, .T. ) ;
#1605 = ORIENTED_EDGE ( 'NONE', *, *, #3079, .T. ) ;
#1606 = LINE ( 'NONE', #559, #3159 ) ;
#1607 = DIRECTION ( 'NONE',  ( -1.000000000000000000, 0.000000000000000000, 0.000000000000000000 ) ) ;
#1608 = EDGE_LOOP ( 'NONE', ( #684, #75, #1150, #1839 ) ) ;
#1609 = CARTESIAN_POINT ( 'NONE',  ( 0.004972375690608015451, -0.3580110497237570799, -0.03381215469613262775 ) ) ;
#1610 = DIRECTION ( 'NONE',  ( 0.000000000000000000, 0.000000000000000000, -1.000000000000000000 ) ) ;
#1611 = DIRECTION ( 'NONE',  ( 0.000000000000000000, 0.000000000000000000, 1.000000000000000000 ) ) ;
#1612 = CARTESIAN_POINT ( 'NONE',  ( 0.9000000000000000222, 0.6762430939226516946, 0.2486187845303867716 ) ) ;
#1613 = VECTOR ( 'NONE', #2685, 1000.000000000000000 ) ;
#1614 = EDGE_CURVE ( 'NONE', #427, #1713, #489, .T. ) ;
#1615 = DIRECTION ( 'NONE',  ( 0.000000000000000000, 0.000000000000000000, 1.000000000000000000 ) ) ;
#1616 = CARTESIAN_POINT ( 'NONE',  ( 0.000000000000000000, -0.7558011049723758479, -0.4475138121546964887 ) ) ;
#1617 = VERTEX_POINT ( 'NONE', #2843 ) ;
#1618 = LINE ( 'NONE', #2657, #3030 ) ;
#1619 = LINE ( 'NONE', #2646, #2994 ) ;
#1620 = FACE_OUTER_BOUND ( 'NONE', #3111, .T. ) ;
#1621 = VECTOR ( 'NONE', #377, 1000.000000000000000 ) ;
#1622 = DIRECTION ( 'NONE',  ( 0.000000000000000000, 0.000000000000000000, -1.000000000000000000 ) ) ;
#1623 = CYLINDRICAL_SURFACE ( 'NONE', #3162, 0.1233149171270718492 ) ;
#1624 = ORGANIZATION ( '未', '未', '' ) ;
#1625 = VERTEX_POINT ( 'NONE', #3114 ) ;
#1626 = ADVANCED_FACE ( 'NONE', ( #3348 ), #2052, .T. ) ;
#1627 = CARTESIAN_POINT ( 'NONE',  ( 0.7038087356382047854, -0.6100375431633695555, -0.5932773739637027255 ) ) ;
#1628 = ADVANCED_FACE ( 'NONE', ( #16 ), #1065, .T. ) ;
#1629 = ORIENTED_EDGE ( 'NONE', *, *, #3015, .T. ) ;
#1630 = ORIENTED_EDGE ( 'NONE', *, *, #2292, .F. ) ;
#1631 = CARTESIAN_POINT ( 'NONE',  ( -0.6812154696132592946, 0.3420994475138121049, 0.2287292817679560109 ) ) ;
#1632 = ADVANCED_FACE ( 'NONE', ( #2210 ), #269, .T. ) ;
#1633 = ORIENTED_EDGE ( 'NONE', *, *, #2830, .F. ) ;
#1634 = CARTESIAN_POINT ( 'NONE',  ( -0.2436464088397789218, 0.4415469613259669357, 0.2486187845303867716 ) ) ;
#1635 = DIRECTION ( 'NONE',  ( 0.000000000000000000, 0.000000000000000000, -1.000000000000000000 ) ) ;
#1636 = CARTESIAN_POINT ( 'NONE',  ( 0.4133514215049731155, -0.08574889488054730780, 0.04972375690607735987 ) ) ;
#1637 = CARTESIAN_POINT ( 'NONE',  ( 0.000000000000000000, 0.7955801104972374249, -0.4077348066298340790 ) ) ;
#1638 = ORIENTED_EDGE ( 'NONE', *, *, #771, .F. ) ;
#1639 = CIRCLE ( 'NONE', #827, 0.1193370165745857442 ) ;
#1640 = VECTOR ( 'NONE', #1824, 1000.000000000000000 ) ;
#1641 = CARTESIAN_POINT ( 'NONE',  ( -0.3860043099756281237, 0.2709242221814622265, -0.02910206356740602934 ) ) ;
#1642 = PLANE ( 'NONE',  #2981 ) ;
#1643 = EDGE_CURVE ( 'NONE', #1155, #1243, #711, .T. ) ;
#1644 = CIRCLE ( 'NONE', #2842, 0.1630939226519335927 ) ;
#1645 = ORIENTED_EDGE ( 'NONE', *, *, #581, .F. ) ;
#1646 = EDGE_CURVE ( 'NONE', #2811, #1201, #1372, .T. ) ;
#1647 = VERTEX_POINT ( 'NONE', #1586 ) ;
#1648 = AXIS2_PLACEMENT_3D ( 'NONE', #3150, #1563, #3341 ) ;
#1649 = DIRECTION ( 'NONE',  ( 1.000000000000000000, -1.826024711554529969E-16, 0.000000000000000000 ) ) ;
#1650 = ADVANCED_FACE ( 'NONE', ( #2892 ), #1324, .F. ) ;
#1651 = CARTESIAN_POINT ( 'NONE',  ( 0.6961325966850828717, 0.5966850828729284295, 0.4475138121546964887 ) ) ;
#1652 = DIRECTION ( 'NONE',  ( 0.000000000000000000, -1.000000000000000000, 0.000000000000000000 ) ) ;
#1653 = ORIENTED_EDGE ( 'NONE', *, *, #1180, .F. ) ;
#1654 = EDGE_CURVE ( 'NONE', #3156, #1209, #3109, .T. ) ;
#1655 = CARTESIAN_POINT ( 'NONE',  ( -0.06097946691843612183, 0.4415469613259669357, 0.2486187845303867716 ) ) ;
#1656 = CARTESIAN_POINT ( 'NONE',  ( -0.6430841644470083329, -1.585935413509922734E-16, 0.06563535911602208506 ) ) ;
#1657 = ORIENTED_EDGE ( 'NONE', *, *, #1794, .F. ) ;
#1658 = ORIENTED_EDGE ( 'NONE', *, *, #1486, .T. ) ;
#1659 = DIRECTION ( 'NONE',  ( 0.000000000000000000, 0.000000000000000000, -1.000000000000000000 ) ) ;
#1660 = DIRECTION ( 'NONE',  ( 0.000000000000000000, 0.000000000000000000, -1.000000000000000000 ) ) ;
#1661 = ORIENTED_EDGE ( 'NONE', *, *, #1220, .T. ) ;
#1662 = CARTESIAN_POINT ( 'NONE',  ( -0.1226616919065817018, 0.5807734806629833990, 0.2486187845303867716 ) ) ;
#1663 = ORIENTED_EDGE ( 'NONE', *, *, #267, .T. ) ;
#1664 = DIRECTION ( 'NONE',  ( -1.000000000000000000, 0.000000000000000000, 0.000000000000000000 ) ) ;
#1665 = LINE ( 'NONE', #2671, #1938 ) ;
#1666 = CYLINDRICAL_SURFACE ( 'NONE', #214, 0.1193370165745857442 ) ;
#1667 = CARTESIAN_POINT ( 'NONE',  ( -0.4067403314917130697, -0.4415469613259669357, 0.2486187845303867716 ) ) ;
#1668 = ADVANCED_FACE ( 'NONE', ( #2958 ), #1428, .F. ) ;
#1669 = ORIENTED_EDGE ( 'NONE', *, *, #3229, .F. ) ;
#1670 = DIRECTION ( 'NONE',  ( 0.000000000000000000, 1.000000000000000000, 0.000000000000000000 ) ) ;
#1671 = DIRECTION ( 'NONE',  ( 1.826024711554529969E-16, 1.000000000000000000, 0.000000000000000000 ) ) ;
#1672 = VERTEX_POINT ( 'NONE', #1926 ) ;
#1673 = AXIS2_PLACEMENT_3D ( 'NONE', #1015, #2041, #744 ) ;
#1674 = EDGE_LOOP ( 'NONE', ( #3242, #268, #910, #1820 ) ) ;
#1675 = FACE_OUTER_BOUND ( 'NONE', #1333, .T. ) ;
#1676 = DIRECTION ( 'NONE',  ( 0.000000000000000000, 0.000000000000000000, -1.000000000000000000 ) ) ;
#1677 = PERSON_AND_ORGANIZATION ( #3237, #1624 ) ;
#1678 = VERTEX_POINT ( 'NONE', #1447 ) ;
#1679 = VERTEX_POINT ( 'NONE', #2435 ) ;
#1680 = DIRECTION ( 'NONE',  ( 0.000000000000000000, 0.000000000000000000, 1.000000000000000000 ) ) ;
#1681 = DIRECTION ( 'NONE',  ( 0.000000000000000000, 0.000000000000000000, -1.000000000000000000 ) ) ;
#1682 = FACE_OUTER_BOUND ( 'NONE', #1813, .T. ) ;
#1683 = ORIENTED_EDGE ( 'NONE', *, *, #920, .F. ) ;
#1684 = EDGE_CURVE ( 'NONE', #1046, #3291, #814, .T. ) ;
#1685 = DIRECTION ( 'NONE',  ( -0.7071067811865475727, -0.7071067811865475727, 0.000000000000000000 ) ) ;
#1686 = FACE_OUTER_BOUND ( 'NONE', #1300, .T. ) ;
#1687 = ORIENTED_EDGE ( 'NONE', *, *, #2227, .F. ) ;
#1688 = VERTEX_POINT ( 'NONE', #3241 ) ;
#1689 = DIRECTION ( 'NONE',  ( -1.000000000000000000, 0.000000000000000000, 0.000000000000000000 ) ) ;
#1690 = VECTOR ( 'NONE', #595, 1000.000000000000114 ) ;
#1691 = CARTESIAN_POINT ( 'NONE',  ( 0.4556605382210825450, 0.1577779665802070130, 0.2486187845303867716 ) ) ;
#1692 = ORIENTED_EDGE ( 'NONE', *, *, #2227, .T. ) ;
#1693 = EDGE_CURVE ( 'NONE', #745, #426, #1334, .T. ) ;
#1694 = SECURITY_CLASSIFICATION_LEVEL ( 'unclassified' ) ;
#1695 = ORIENTED_EDGE ( 'NONE', *, *, #126, .F. ) ;
#1696 = VECTOR ( 'NONE', #2547, 1000.000000000000000 ) ;
#1697 = VECTOR ( 'NONE', #3258, 1000.000000000000000 ) ;
#1698 = LINE ( 'NONE', #1195, #310 ) ;
#1699 = CARTESIAN_POINT ( 'NONE',  ( -0.2436464088397789218, 0.5807734806629833990, 0.2486187845303867716 ) ) ;
#1700 = AXIS2_PLACEMENT_3D ( 'NONE', #2983, #2416, #3198 ) ;
#1701 = TOROIDAL_SURFACE ( 'NONE', #225, 0.03977900552486187541, 0.08353591160220988354 ) ;
#1702 = CARTESIAN_POINT ( 'NONE',  ( -0.5171270718232042762, 0.5966850828729284295, 0.02983425414364638054 ) ) ;
#1703 = CARTESIAN_POINT ( 'NONE',  ( -0.06097946691843612183, -0.3182320441988954474, 0.04972375690607735987 ) ) ;
#1704 = ORIENTED_EDGE ( 'NONE', *, *, #1975, .F. ) ;
#1705 = AXIS2_PLACEMENT_3D ( 'NONE', #1298, #278, #1819 ) ;
#1706 = CARTESIAN_POINT ( 'NONE',  ( -0.2436464088397789218, -0.5386642749442466238, 0.2486187845303867716 ) ) ;
#1707 = DIRECTION ( 'NONE',  ( 0.000000000000000000, 0.000000000000000000, -1.000000000000000000 ) ) ;
#1708 = ORIENTED_EDGE ( 'NONE', *, *, #1299, .F. ) ;
#1709 = ORIENTED_EDGE ( 'NONE', *, *, #62, .T. ) ;
#1710 = CARTESIAN_POINT ( 'NONE',  ( -0.6364640883977900065, 0.5966850828729284295, 0.4077348066298340790 ) ) ;
#1711 = CARTESIAN_POINT ( 'NONE',  ( 0.8602209944751383341, 0.6597660903365393237, -0.4475138121546964887 ) ) ;
#1712 = ORIENTED_EDGE ( 'NONE', *, *, #2358, .T. ) ;
#1713 = VERTEX_POINT ( 'NONE', #1691 ) ;
#1714 = APPROVAL_DATE_TIME ( #432, #259 ) ;
#1715 = ADVANCED_FACE ( 'NONE', ( #395 ), #2733, .T. ) ;
#1716 = CARTESIAN_POINT ( 'NONE',  ( 0.7160220994475138268, 0.5966850828729284295, 0.4475138121546964887 ) ) ;
#1717 = DIRECTION ( 'NONE',  ( -1.000000000000000000, 0.000000000000000000, 0.000000000000000000 ) ) ;
#1718 = DIRECTION ( 'NONE',  ( 0.000000000000000000, 0.000000000000000000, -1.000000000000000000 ) ) ;
#1719 = DIRECTION ( 'NONE',  ( 1.000000000000000000, 0.000000000000000000, 0.000000000000000000 ) ) ;
#1720 = ORIENTED_EDGE ( 'NONE', *, *, #3091, .F. ) ;
#1721 = ORIENTED_EDGE ( 'NONE', *, *, #1343, .T. ) ;
#1722 = LINE ( 'NONE', #3016, #3333 ) ;
#1723 = DIRECTION ( 'NONE',  ( -1.000000000000000000, 0.000000000000000000, 0.000000000000000000 ) ) ;
#1724 = ORIENTED_EDGE ( 'NONE', *, *, #3149, .F. ) ;
#1725 = EDGE_CURVE ( 'NONE', #1420, #1773, #2377, .T. ) ;
#1726 = DIRECTION ( 'NONE',  ( 0.000000000000000000, 0.000000000000000000, 1.000000000000000000 ) ) ;
#1727 = CYLINDRICAL_SURFACE ( 'NONE', #2177, 0.08353591160220988354 ) ;
#1728 = AXIS2_PLACEMENT_3D ( 'NONE', #76, #1130, #815 ) ;
#1729 = CC_DESIGN_DATE_AND_TIME_ASSIGNMENT ( #2257, #2195, ( #1493 ) ) ;
#1730 = DIRECTION ( 'NONE',  ( 0.000000000000000000, 0.000000000000000000, -1.000000000000000000 ) ) ;
#1731 = EDGE_CURVE ( 'NONE', #3156, #1243, #933, .T. ) ;
#1732 = CARTESIAN_POINT ( 'NONE',  ( 0.06464088397790053453, 0.000000000000000000, -0.09348066298342548597 ) ) ;
#1733 = LOCAL_TIME ( 11, 25, 28.00000000000000000, #1484 ) ;
#1734 = DIRECTION ( 'NONE',  ( 0.000000000000000000, 0.000000000000000000, -1.000000000000000000 ) ) ;
#1735 = LINE ( 'NONE', #3315, #3007 ) ;
#1736 = VERTEX_POINT ( 'NONE', #2115 ) ;
#1737 = CIRCLE ( 'NONE', #252, 0.1233149171270718492 ) ;
#1738 = EDGE_CURVE ( 'NONE', #2141, #281, #1911, .T. ) ;
#1739 = CARTESIAN_POINT ( 'NONE',  ( 0.001476848233918431072, -0.4245606738507735067, 0.04972375690607735987 ) ) ;
#1740 = CARTESIAN_POINT ( 'NONE',  ( -0.6812154696132592946, 0.3420994475138121049, 0.2486187845303867716 ) ) ;
#1741 = ORIENTED_EDGE ( 'NONE', *, *, #43, .T. ) ;
#1742 = EDGE_LOOP ( 'NONE', ( #2727, #2256, #2194, #1109 ) ) ;
#1743 = CYLINDRICAL_SURFACE ( 'NONE', #1213, 0.08353591160220989742 ) ;
#1744 = CARTESIAN_POINT ( 'NONE',  ( 0.7343748551512007117, -0.6076389126562684595, -0.5733599514786341667 ) ) ;
#1745 = ORIENTED_EDGE ( 'NONE', *, *, #2995, .F. ) ;
#1746 = ORIENTED_EDGE ( 'NONE', *, *, #1495, .T. ) ;
#1747 = EDGE_LOOP ( 'NONE', ( #1552, #3154, #2316, #909 ) ) ;
#1748 = AXIS2_PLACEMENT_3D ( 'NONE', #2945, #819, #3213 ) ;
#1749 = DIRECTION ( 'NONE',  ( -1.000000000000000000, 0.000000000000000000, 0.000000000000000000 ) ) ;
#1750 = DIRECTION ( 'NONE',  ( 0.000000000000000000, 0.000000000000000000, 1.000000000000000000 ) ) ;
#1751 = CIRCLE ( 'NONE', #1853, 0.07558011049723756258 ) ;
#1752 = AXIS2_PLACEMENT_3D ( 'NONE', #3157, #1098, #277 ) ;
#1753 = AXIS2_PLACEMENT_3D ( 'NONE', #3356, #2881, #2093 ) ;
#1754 = FACE_OUTER_BOUND ( 'NONE', #481, .T. ) ;
#1755 = DIRECTION ( 'NONE',  ( 1.000000000000000000, -1.826024711554529969E-16, 0.000000000000000000 ) ) ;
#1756 = EDGE_LOOP ( 'NONE', ( #1080, #294, #2665, #2597 ) ) ;
#1757 = EDGE_CURVE ( 'NONE', #900, #87, #29, .T. ) ;
#1758 = AXIS2_PLACEMENT_3D ( 'NONE', #1136, #1889, #868 ) ;
#1759 = CIRCLE ( 'NONE', #873, 0.07558011049723756258 ) ;
#1760 = DIRECTION ( 'NONE',  ( -1.826024711554529969E-16, -1.000000000000000000, 0.000000000000000000 ) ) ;
#1761 = AXIS2_PLACEMENT_3D ( 'NONE', #79, #630, #1167 ) ;
#1762 = DIRECTION ( 'NONE',  ( 0.000000000000000000, -1.000000000000000000, 0.000000000000000000 ) ) ;
#1763 = ORIENTED_EDGE ( 'NONE', *, *, #373, .T. ) ;
#1764 = CARTESIAN_POINT ( 'NONE',  ( -0.9000000000000000222, 0.000000000000000000, 0.2486187845303867716 ) ) ;
#1765 = FACE_OUTER_BOUND ( 'NONE', #1185, .T. ) ;
#1766 = ORIENTED_EDGE ( 'NONE', *, *, #3085, .F. ) ;
#1767 = DIRECTION ( 'NONE',  ( 0.000000000000000000, 1.000000000000000000, 0.000000000000000000 ) ) ;
#1768 = LINE ( 'NONE', #473, #2209 ) ;
#1769 = DIRECTION ( 'NONE',  ( 0.000000000000000000, 0.000000000000000000, 1.000000000000000000 ) ) ;
#1770 = CIRCLE ( 'NONE', #290, 0.1193370165745857442 ) ;
#1771 = LINE ( 'NONE', #1560, #3250 ) ;
#1772 = EDGE_LOOP ( 'NONE', ( #2113, #200, #2913, #463 ) ) ;
#1773 = VERTEX_POINT ( 'NONE', #119 ) ;
#1774 = DIRECTION ( 'NONE',  ( -1.000000000000000000, 0.000000000000000000, 0.000000000000000000 ) ) ;
#1775 = EDGE_CURVE ( 'NONE', #2803, #2545, #1606, .T. ) ;
#1776 = FACE_BOUND ( 'NONE', #2993, .T. ) ;
#1777 = VERTEX_POINT ( 'NONE', #1154 ) ;
#1778 = DIRECTION ( 'NONE',  ( 0.7071067811865475727, -0.7071067811865475727, 0.000000000000000000 ) ) ;
#1779 = DIRECTION ( 'NONE',  ( 0.7071067811865470176, 8.659560562354926695E-17, -0.7071067811865480168 ) ) ;
#1780 = ORIENTED_EDGE ( 'NONE', *, *, #1790, .F. ) ;
#1781 = CARTESIAN_POINT ( 'NONE',  ( 0.6364640883977900065, 0.5966850828729284295, 0.4475138121546964887 ) ) ;
#1782 = DIRECTION ( 'NONE',  ( -1.000000000000000000, 0.000000000000000000, 0.000000000000000000 ) ) ;
#1783 = CIRCLE ( 'NONE', #1673, 0.1630939226519335927 ) ;
#1784 = LINE ( 'NONE', #2859, #2346 ) ;
#1785 = AXIS2_PLACEMENT_3D ( 'NONE', #1264, #3061, #726 ) ;
#1786 = LINE ( 'NONE', #1538, #2658 ) ;
#1787 = ORIENTED_EDGE ( 'NONE', *, *, #2907, .T. ) ;
#1788 = DIRECTION ( 'NONE',  ( -0.7071067811865474617, -0.7071067811865474617, 0.000000000000000000 ) ) ;
#1789 = DIRECTION ( 'NONE',  ( 0.000000000000000000, -1.000000000000000000, 0.000000000000000000 ) ) ;
#1790 = EDGE_CURVE ( 'NONE', #2141, #2097, #1593, .T. ) ;
#1791 = VERTEX_POINT ( 'NONE', #636 ) ;
#1792 = DIRECTION ( 'NONE',  ( 0.000000000000000000, 0.000000000000000000, -1.000000000000000000 ) ) ;
#1793 = CARTESIAN_POINT ( 'NONE',  ( 0.7558011049723758479, -0.5966850828729284295, 0.02983425414364638054 ) ) ;
#1794 = EDGE_CURVE ( 'NONE', #557, #2934, #912, .T. ) ;
#1795 = DIRECTION ( 'NONE',  ( 0.000000000000000000, 0.000000000000000000, -1.000000000000000000 ) ) ;
#1796 = DIRECTION ( 'NONE',  ( 0.000000000000000000, 0.000000000000000000, 1.000000000000000000 ) ) ;
#1797 = DIRECTION ( 'NONE',  ( -0.7071067811865474617, 0.7071067811865474617, 0.000000000000000000 ) ) ;
#1798 = FACE_OUTER_BOUND ( 'NONE', #2144, .T. ) ;
#1799 = AXIS2_PLACEMENT_3D ( 'NONE', #1932, #160, #644 ) ;
#1800 = ORIENTED_EDGE ( 'NONE', *, *, #1856, .T. ) ;
#1801 = VECTOR ( 'NONE', #352, 1000.000000000000000 ) ;
#1802 = AXIS2_PLACEMENT_3D ( 'NONE', #1641, #85, #669 ) ;
#1803 = ORIENTED_EDGE ( 'NONE', *, *, #1425, .T. ) ;
#1804 = CARTESIAN_POINT ( 'NONE',  ( -0.5578421313510921742, 0.2709242221814622265, -0.4475138121546964887 ) ) ;
#1805 = CIRCLE ( 'NONE', #391, 0.08353591160220986966 ) ;
#1806 = DIRECTION ( 'NONE',  ( -1.000000000000000000, 0.000000000000000000, 0.000000000000000000 ) ) ;
#1807 = VECTOR ( 'NONE', #983, 1000.000000000000000 ) ;
#1808 = AXIS2_PLACEMENT_3D ( 'NONE', #2503, #981, #948 ) ;
#1809 = CIRCLE ( 'NONE', #1164, 0.08353591160220986966 ) ;
#1810 = CARTESIAN_POINT ( 'NONE',  ( -0.6364640883977900065, -0.5966850828729284295, 0.4475138121546964887 ) ) ;
#1811 = CARTESIAN_POINT ( 'NONE',  ( 0.5171270718232042762, 0.5966850828729284295, 0.02983425414364638054 ) ) ;
#1812 = AXIS2_PLACEMENT_3D ( 'NONE', #518, #791, #1583 ) ;
#1813 = EDGE_LOOP ( 'NONE', ( #1364, #1193, #2622, #576 ) ) ;
#1814 = DIRECTION ( 'NONE',  ( 1.000000000000000000, 0.000000000000000000, 0.000000000000000000 ) ) ;
#1815 = ADVANCED_FACE ( 'NONE', ( #683 ), #453, .F. ) ;
#1816 = CARTESIAN_POINT ( 'NONE',  ( 0.6364640883977900065, -0.5966850828729284295, 0.4077348066298340790 ) ) ;
#1817 = ORIENTED_EDGE ( 'NONE', *, *, #722, .T. ) ;
#1818 = DIRECTION ( 'NONE',  ( -1.000000000000000000, 0.000000000000000000, 0.000000000000000000 ) ) ;
#1819 = DIRECTION ( 'NONE',  ( -1.000000000000000000, -1.224646799147353700E-16, 0.000000000000000000 ) ) ;
#1820 = ORIENTED_EDGE ( 'NONE', *, *, #230, .F. ) ;
#1821 = ORIENTED_EDGE ( 'NONE', *, *, #1186, .F. ) ;
#1822 = DIRECTION ( 'NONE',  ( 0.000000000000000000, 0.000000000000000000, 1.000000000000000000 ) ) ;
#1823 = CARTESIAN_POINT ( 'NONE',  ( -0.6364640883977900065, 0.5966850828729284295, 0.8453834254143647309 ) ) ;
#1824 = DIRECTION ( 'NONE',  ( 0.000000000000000000, 1.000000000000000000, 0.000000000000000000 ) ) ;
#1825 = DIRECTION ( 'NONE',  ( 0.7071067811865480168, 8.659560562354939021E-17, -0.7071067811865470176 ) ) ;
#1826 = EDGE_LOOP ( 'NONE', ( #2477, #362, #339, #2364 ) ) ;
#1827 = EDGE_CURVE ( 'NONE', #779, #1395, #153, .T. ) ;
#1828 = CARTESIAN_POINT ( 'NONE',  ( -0.08055248618784527359, -0.5386642749442466238, 0.2486187845303867716 ) ) ;
#1829 = EDGE_CURVE ( 'NONE', #901, #3123, #327, .T. ) ;
#1830 = CARTESIAN_POINT ( 'NONE',  ( -0.4624309392265196772, -0.3580110497237570799, 0.04972375690607735987 ) ) ;
#1831 = ORIENTED_EDGE ( 'NONE', *, *, #2057, .T. ) ;
#1832 = EDGE_CURVE ( 'NONE', #3041, #291, #1542, .T. ) ;
#1833 = ORIENTED_EDGE ( 'NONE', *, *, #1421, .T. ) ;
#1834 = LINE ( 'NONE', #2809, #11 ) ;
#1835 = DIRECTION ( 'NONE',  ( 0.000000000000000000, 0.000000000000000000, -1.000000000000000000 ) ) ;
#1836 = AXIS2_PLACEMENT_3D ( 'NONE', #2961, #577, #1851 ) ;
#1837 = ORIENTED_EDGE ( 'NONE', *, *, #1186, .T. ) ;
#1838 = CONICAL_SURFACE ( 'NONE', #359, 0.1147205515753561000, 0.9705182558394780390 ) ;
#1839 = ORIENTED_EDGE ( 'NONE', *, *, #2855, .F. ) ;
#1840 = CARTESIAN_POINT ( 'NONE',  ( 0.1471774198738602657, 0.2420966949571972671, 0.04972375690607735987 ) ) ;
#1841 = EDGE_CURVE ( 'NONE', #557, #492, #969, .T. ) ;
#1842 = FACE_OUTER_BOUND ( 'NONE', #924, .T. ) ;
#1843 = AXIS2_PLACEMENT_3D ( 'NONE', #689, #1730, #990 ) ;
#1844 = DIRECTION ( 'NONE',  ( 0.000000000000000000, 1.000000000000000000, 0.000000000000000000 ) ) ;
#1845 = DIRECTION ( 'NONE',  ( 0.000000000000000000, 0.000000000000000000, 1.000000000000000000 ) ) ;
#1846 = EDGE_LOOP ( 'NONE', ( #563, #903, #845, #1462 ) ) ;
#1847 = DIRECTION ( 'NONE',  ( 0.000000000000000000, 0.000000000000000000, -1.000000000000000000 ) ) ;
#1848 = ORIENTED_EDGE ( 'NONE', *, *, #1892, .T. ) ;
#1849 = ORIENTED_EDGE ( 'NONE', *, *, #2449, .T. ) ;
#1850 = DIRECTION ( 'NONE',  ( 0.000000000000000000, 0.000000000000000000, -1.000000000000000000 ) ) ;
#1851 = DIRECTION ( 'NONE',  ( 1.000000000000000000, 0.000000000000000000, 0.000000000000000000 ) ) ;
#1852 = ORIENTED_EDGE ( 'NONE', *, *, #3340, .F. ) ;
#1853 = AXIS2_PLACEMENT_3D ( 'NONE', #92, #2914, #3148 ) ;
#1854 = FACE_OUTER_BOUND ( 'NONE', #541, .T. ) ;
#1855 = CARTESIAN_POINT ( 'NONE',  ( -0.06097946691843612183, 0.3182320441988954474, 0.4276243093922649230 ) ) ;
#1856 = EDGE_CURVE ( 'NONE', #2365, #1415, #767, .T. ) ;
#1857 = AXIS2_PLACEMENT_3D ( 'NONE', #743, #1283, #1265 ) ;
#1858 = CARTESIAN_POINT ( 'NONE',  ( 0.000000000000000000, 0.000000000000000000, 0.02983425414364638054 ) ) ;
#1859 = VECTOR ( 'NONE', #83, 1000.000000000000000 ) ;
#1860 = PLANE ( 'NONE',  #2450 ) ;
#1861 = VECTOR ( 'NONE', #582, 1000.000000000000000 ) ;
#1862 = ORIENTED_EDGE ( 'NONE', *, *, #438, .F. ) ;
#1863 = CIRCLE ( 'NONE', #386, 0.1630939226519335927 ) ;
#1864 = CARTESIAN_POINT ( 'NONE',  ( 0.1471774198738602657, 0.2420966949571972671, -0.03381215469613262775 ) ) ;
#1865 = CIRCLE ( 'NONE', #1009, 0.1193370165745857442 ) ;
#1866 = ORIENTED_EDGE ( 'NONE', *, *, #3248, .F. ) ;
#1867 = ORIENTED_EDGE ( 'NONE', *, *, #3166, .F. ) ;
#1868 = PLANE ( 'NONE',  #747 ) ;
#1869 = CARTESIAN_POINT ( 'NONE',  ( -0.1495063211022104877, 0.02013992553486704598, -0.03381215469613264857 ) ) ;
#1870 = FACE_OUTER_BOUND ( 'NONE', #590, .T. ) ;
#1871 = EDGE_CURVE ( 'NONE', #688, #87, #2122, .T. ) ;
#1872 = EDGE_CURVE ( 'NONE', #809, #507, #204, .T. ) ;
#1873 = ADVANCED_FACE ( 'NONE', ( #2530 ), #1727, .F. ) ;
#1874 = DIRECTION ( 'NONE',  ( 1.000000000000000000, 0.000000000000000000, 0.000000000000000000 ) ) ;
#1875 = LINE ( 'NONE', #2932, #2951 ) ;
#1876 = ORIENTED_EDGE ( 'NONE', *, *, #1388, .T. ) ;
#1877 = ORIENTED_EDGE ( 'NONE', *, *, #1931, .F. ) ;
#1878 = DIRECTION ( 'NONE',  ( 0.000000000000000000, 0.000000000000000000, -1.000000000000000000 ) ) ;
#1879 = EDGE_CURVE ( 'NONE', #1617, #620, #1639, .T. ) ;
#1880 = DIRECTION ( 'NONE',  ( -1.000000000000000000, 0.000000000000000000, 0.000000000000000000 ) ) ;
#1881 = ORIENTED_EDGE ( 'NONE', *, *, #1134, .T. ) ;
#1882 = ORIENTED_EDGE ( 'NONE', *, *, #1693, .F. ) ;
#1883 = DIRECTION ( 'NONE',  ( 0.000000000000000000, 0.000000000000000000, 1.000000000000000000 ) ) ;
#1884 = ORIENTED_EDGE ( 'NONE', *, *, #2388, .F. ) ;
#1885 = DIRECTION ( 'NONE',  ( -1.000000000000000000, 0.000000000000000000, 0.000000000000000000 ) ) ;
#1886 = FACE_OUTER_BOUND ( 'NONE', #2442, .T. ) ;
#1887 = AXIS2_PLACEMENT_3D ( 'NONE', #2723, #3045, #2791 ) ;
#1888 = FACE_OUTER_BOUND ( 'NONE', #3260, .T. ) ;
#1889 = DIRECTION ( 'NONE',  ( -1.000000000000000000, 0.000000000000000000, 0.000000000000000000 ) ) ;
#1890 = CC_DESIGN_SECURITY_CLASSIFICATION ( #480, ( #2710 ) ) ;
#1891 = ORIENTED_EDGE ( 'NONE', *, *, #81, .F. ) ;
#1892 = EDGE_CURVE ( 'NONE', #3054, #651, #1227, .T. ) ;
#1893 = ORIENTED_EDGE ( 'NONE', *, *, #2938, .T. ) ;
#1894 = LINE ( 'NONE', #2921, #1286 ) ;
#1895 = DIRECTION ( 'NONE',  ( 1.000000000000000000, 0.000000000000000000, 0.000000000000000000 ) ) ;
#1896 = ADVANCED_FACE ( 'NONE', ( #1765 ), #2788, .F. ) ;
#1897 = VERTEX_POINT ( 'NONE', #988 ) ;
#1898 = FACE_OUTER_BOUND ( 'NONE', #319, .T. ) ;
#1899 = DIRECTION ( 'NONE',  ( 0.000000000000000000, 0.000000000000000000, 1.000000000000000000 ) ) ;
#1900 = VERTEX_POINT ( 'NONE', #740 ) ;
#1901 = DIRECTION ( 'NONE',  ( -1.000000000000000000, 0.000000000000000000, 0.000000000000000000 ) ) ;
#1902 = FACE_BOUND ( 'NONE', #2640, .T. ) ;
#1903 = VECTOR ( 'NONE', #679, 1000.000000000000000 ) ;
#1904 = CARTESIAN_POINT ( 'NONE',  ( -0.2635359116022096826, -3.653642384196524518E-18, -0.03381215469613262775 ) ) ;
#1905 = DIRECTION ( 'NONE',  ( 1.000000000000000000, 0.000000000000000000, 0.000000000000000000 ) ) ;
#1906 = ORIENTED_EDGE ( 'NONE', *, *, #2648, .T. ) ;
#1907 = VECTOR ( 'NONE', #863, 1000.000000000000000 ) ;
#1908 = CIRCLE ( 'NONE', #3271, 0.05966850828729281658 ) ;
#1909 = AXIS2_PLACEMENT_3D ( 'NONE', #1858, #216, #2107 ) ;
#1910 = PLANE ( 'NONE',  #737 ) ;
#1911 = LINE ( 'NONE', #102, #1158 ) ;
#1912 = ORIENTED_EDGE ( 'NONE', *, *, #1388, .F. ) ;
#1913 = AXIS2_PLACEMENT_3D ( 'NONE', #2485, #3031, #2751 ) ;
#1914 = ORIENTED_EDGE ( 'NONE', *, *, #1401, .F. ) ;
#1915 = AXIS2_PLACEMENT_3D ( 'NONE', #1330, #2359, #1310 ) ;
#1916 = ADVANCED_FACE ( 'NONE', ( #3057 ), #720, .F. ) ;
#1917 = ORIENTED_EDGE ( 'NONE', *, *, #2082, .T. ) ;
#1918 = CIRCLE ( 'NONE', #723, 0.08353591160220988354 ) ;
#1919 = DIRECTION ( 'NONE',  ( -1.000000000000000000, 0.000000000000000000, 0.000000000000000000 ) ) ;
#1920 = LINE ( 'NONE', #2963, #1907 ) ;
#1921 = CARTESIAN_POINT ( 'NONE',  ( 0.000000000000000000, 0.000000000000000000, 0.02983425414364638054 ) ) ;
#1922 = EDGE_LOOP ( 'NONE', ( #54, #162, #1984, #3317 ) ) ;
#1923 = CARTESIAN_POINT ( 'NONE',  ( 0.1700552486187845158, 1.534529801362539866E-17, 0.1253038674033149225 ) ) ;
#1924 = CARTESIAN_POINT ( 'NONE',  ( -0.4067403314917130697, 0.5386642749442466238, 0.2486187845303867716 ) ) ;
#1925 = CARTESIAN_POINT ( 'NONE',  ( 0.000000000000000000, -0.7955801104972374249, 0.2486187845303867716 ) ) ;
#1926 = CARTESIAN_POINT ( 'NONE',  ( 0.7641859798393019210, 0.7558011049723758479, -0.4475138121546964887 ) ) ;
#1927 = COORDINATED_UNIVERSAL_TIME_OFFSET ( 8, 0, .AHEAD. ) ;
#1928 = EDGE_CURVE ( 'NONE', #996, #1962, #3326, .T. ) ;
#1929 = DIRECTION ( 'NONE',  ( 0.000000000000000000, 0.000000000000000000, -1.000000000000000000 ) ) ;
#1930 = FACE_BOUND ( 'NONE', #258, .T. ) ;
#1931 = EDGE_CURVE ( 'NONE', #374, #99, #1278, .T. ) ;
#1932 = CARTESIAN_POINT ( 'NONE',  ( -0.2436464088397789218, 0.5386642749442466238, 0.2486187845303867716 ) ) ;
#1933 = CARTESIAN_POINT ( 'NONE',  ( -0.8602209944751383341, -0.6597660903365393237, -0.4475138121546964887 ) ) ;
#1934 = EDGE_CURVE ( 'NONE', #1647, #3284, #1021, .T. ) ;
#1935 = LINE ( 'NONE', #165, #1903 ) ;
#1936 = CARTESIAN_POINT ( 'NONE',  ( -0.06097946691843612183, -0.3182320441988954474, 0.4276243093922649230 ) ) ;
#1937 = ORIENTED_EDGE ( 'NONE', *, *, #752, .T. ) ;
#1938 = VECTOR ( 'NONE', #1899, 1000.000000000000000 ) ;
#1939 = VERTEX_POINT ( 'NONE', #1711 ) ;
#1940 = PLANE ( 'NONE',  #2399 ) ;
#1941 = ORIENTED_EDGE ( 'NONE', *, *, #1934, .T. ) ;
#1942 = ORIENTED_EDGE ( 'NONE', *, *, #2614, .F. ) ;
#1943 = PERSON_AND_ORGANIZATION ( #3237, #1624 ) ;
#1944 = ORIENTED_EDGE ( 'NONE', *, *, #876, .T. ) ;
#1945 = LINE ( 'NONE', #2704, #811 ) ;
#1946 = AXIS2_PLACEMENT_3D ( 'NONE', #2145, #2460, #2689 ) ;
#1947 = PLANE ( 'NONE',  #2600 ) ;
#1948 = EDGE_CURVE ( 'NONE', #2164, #1407, #409, .T. ) ;
#1949 = CARTESIAN_POINT ( 'NONE',  ( 0.6364640883977900065, -0.5966850828729284295, 0.4475138121546964887 ) ) ;
#1950 = DIRECTION ( 'NONE',  ( 0.000000000000000000, 0.000000000000000000, -1.000000000000000000 ) ) ;
#1951 = ORIENTED_EDGE ( 'NONE', *, *, #1025, .F. ) ;
#1952 = EDGE_CURVE ( 'NONE', #1371, #2263, #2627, .T. ) ;
#1953 = CARTESIAN_POINT ( 'NONE',  ( -0.6364640883977900065, 0.5966850828729284295, 0.02983425414364638054 ) ) ;
#1954 = CARTESIAN_POINT ( 'NONE',  ( -0.4624309392265196772, 0.4415469613259669357, 0.2486187845303867716 ) ) ;
#1955 = EDGE_LOOP ( 'NONE', ( #1458, #2656 ) ) ;
#1956 = VERTEX_POINT ( 'NONE', #2832 ) ;
#1957 = CARTESIAN_POINT ( 'NONE',  ( -0.1879558011049721478, 8.038013245232358869E-18, 0.1253038674033149225 ) ) ;
#1958 = CIRCLE ( 'NONE', #164, 0.1193370165745857442 ) ;
#1959 = DIRECTION ( 'NONE',  ( -1.000000000000000000, 0.000000000000000000, 0.000000000000000000 ) ) ;
#1960 = ORIENTED_EDGE ( 'NONE', *, *, #1952, .F. ) ;
#1961 = VERTEX_POINT ( 'NONE', #1581 ) ;
#1962 = VERTEX_POINT ( 'NONE', #2650 ) ;
#1963 = AXIS2_PLACEMENT_3D ( 'NONE', #2756, #3037, #2818 ) ;
#1964 = CIRCLE ( 'NONE', #3272, 0.1193370165745857442 ) ;
#1965 = DIRECTION ( 'NONE',  ( -1.000000000000000000, 0.000000000000000000, 0.000000000000000000 ) ) ;
#1966 = CARTESIAN_POINT ( 'NONE',  ( 0.7558011049723760699, 0.5966850828729284295, 0.4077348066298340790 ) ) ;
#1967 = CIRCLE ( 'NONE', #1328, 0.1193370165745857442 ) ;
#1968 = AXIS2_PLACEMENT_3D ( 'NONE', #647, #662, #3318 ) ;
#1969 = AXIS2_PLACEMENT_3D ( 'NONE', #1320, #262, #2350 ) ;
#1970 = LINE ( 'NONE', #2245, #3155 ) ;
#1971 = DIRECTION ( 'NONE',  ( 0.000000000000000000, 0.000000000000000000, 1.000000000000000000 ) ) ;
#1972 = EDGE_LOOP ( 'NONE', ( #2205, #2197 ) ) ;
#1973 = EDGE_CURVE ( 'NONE', #2118, #2501, #2895, .T. ) ;
#1974 = CYLINDRICAL_SURFACE ( 'NONE', #64, 0.1193370165745857442 ) ;
#1975 = EDGE_CURVE ( 'NONE', #2598, #1415, #1551, .T. ) ;
#1976 = CARTESIAN_POINT ( 'NONE',  ( -0.7189839146744476661, 0.6466736662041087103, -0.5566412509229635708 ) ) ;
#1977 = ORIENTED_EDGE ( 'NONE', *, *, #2292, .T. ) ;
#1978 = VERTEX_POINT ( 'NONE', #1106 ) ;
#1979 = ADVANCED_FACE ( 'NONE', ( #2866 ), #1860, .F. ) ;
#1980 = ORIENTED_EDGE ( 'NONE', *, *, #2215, .F. ) ;
#1981 = CARTESIAN_POINT ( 'NONE',  ( -0.5171270718232042762, 0.5966850828729284295, 0.02983425414364638054 ) ) ;
#1982 = DIRECTION ( 'NONE',  ( 0.000000000000000000, 0.000000000000000000, -1.000000000000000000 ) ) ;
#1983 = EDGE_LOOP ( 'NONE', ( #3008, #918 ) ) ;
#1984 = ORIENTED_EDGE ( 'NONE', *, *, #3207, .T. ) ;
#1985 = CARTESIAN_POINT ( 'NONE',  ( -0.6851933701657461073, -1.509042963283577876E-16, 0.2486187845303867716 ) ) ;
#1986 = ADVANCED_FACE ( 'NONE', ( #2852, #235 ), #2356, .T. ) ;
#1987 = LINE ( 'NONE', #1487, #3090 ) ;
#1988 = FACE_OUTER_BOUND ( 'NONE', #2523, .T. ) ;
#1989 = LINE ( 'NONE', #658, #1435 ) ;
#1990 = EDGE_LOOP ( 'NONE', ( #2987, #3067, #312, #1787, #1906 ) ) ;
#1991 = DIRECTION ( 'NONE',  ( 0.000000000000000000, 0.000000000000000000, -1.000000000000000000 ) ) ;
#1992 = CARTESIAN_POINT ( 'NONE',  ( -0.7558011049723758479, -0.5966850828729284295, 0.2486187845303867716 ) ) ;
#1993 = ORIENTED_EDGE ( 'NONE', *, *, #1591, .F. ) ;
#1994 = VERTEX_POINT ( 'NONE', #3089 ) ;
#1995 = CARTESIAN_POINT ( 'NONE',  ( -0.4296932502525714903, 0.2709242221814622265, -0.02910206356740602934 ) ) ;
#1996 = DIRECTION ( 'NONE',  ( 0.000000000000000000, 0.000000000000000000, -1.000000000000000000 ) ) ;
#1997 = ORIENTED_EDGE ( 'NONE', *, *, #2249, .F. ) ;
#1998 = EDGE_CURVE ( 'NONE', #1480, #2049, #3135, .T. ) ;
#1999 = CIRCLE ( 'NONE', #2425, 0.1153591160220995282 ) ;
#2000 = VERTEX_POINT ( 'NONE', #1292 ) ;
#2001 = COORDINATED_UNIVERSAL_TIME_OFFSET ( 8, 0, .AHEAD. ) ;
#2002 = ORIENTED_EDGE ( 'NONE', *, *, #2840, .F. ) ;
#2003 = AXIS2_PLACEMENT_3D ( 'NONE', #3331, #2585, #2038 ) ;
#2004 = FACE_OUTER_BOUND ( 'NONE', #3058, .T. ) ;
#2005 = EDGE_CURVE ( 'NONE', #637, #688, #2616, .T. ) ;
#2006 = FACE_BOUND ( 'NONE', #510, .T. ) ;
#2007 = CARTESIAN_POINT ( 'NONE',  ( -0.5171270718232042762, -0.5966850828729284295, 0.2486187845303867716 ) ) ;
#2008 = DIRECTION ( 'NONE',  ( 0.000000000000000000, 1.000000000000000000, 0.000000000000000000 ) ) ;
#2009 = ORIENTED_EDGE ( 'NONE', *, *, #1856, .F. ) ;
#2010 = CYLINDRICAL_SURFACE ( 'NONE', #1165, 0.1153591160220995282 ) ;
#2011 = DIRECTION ( 'NONE',  ( -0.8622527762988376754, 0.5064781829111167921, 0.000000000000000000 ) ) ;
#2012 = ORIENTED_EDGE ( 'NONE', *, *, #1775, .T. ) ;
#2013 = DIRECTION ( 'NONE',  ( 1.000000000000000000, 0.000000000000000000, 0.000000000000000000 ) ) ;
#2014 = DIRECTION ( 'NONE',  ( -1.000000000000000000, 0.000000000000000000, 0.000000000000000000 ) ) ;
#2015 = ORIENTED_EDGE ( 'NONE', *, *, #2199, .F. ) ;
#2016 = ADVANCED_FACE ( 'NONE', ( #806 ), #2334, .F. ) ;
#2017 = VECTOR ( 'NONE', #2553, 1000.000000000000000 ) ;
#2018 = PLANE ( 'NONE',  #95 ) ;
#2019 = CARTESIAN_POINT ( 'NONE',  ( -0.7558011049723758479, 0.5966850828729284295, -0.4475138121546964887 ) ) ;
#2020 = EDGE_CURVE ( 'NONE', #2158, #138, #14, .T. ) ;
#2021 = EDGE_CURVE ( 'NONE', #1625, #760, #3103, .T. ) ;
#2022 = AXIS2_PLACEMENT_3D ( 'NONE', #754, #7, #2079 ) ;
#2023 = AXIS2_PLACEMENT_3D ( 'NONE', #3197, #838, #1670 ) ;
#2024 = DIRECTION ( 'NONE',  ( 1.000000000000000000, 0.000000000000000000, 0.000000000000000000 ) ) ;
#2025 = FACE_OUTER_BOUND ( 'NONE', #548, .T. ) ;
#2026 = ORIENTED_EDGE ( 'NONE', *, *, #1530, .T. ) ;
#2027 = AXIS2_PLACEMENT_3D ( 'NONE', #180, #2464, #1508 ) ;
#2028 = DIRECTION ( 'NONE',  ( 0.000000000000000000, 0.000000000000000000, -1.000000000000000000 ) ) ;
#2029 = AXIS2_PLACEMENT_3D ( 'NONE', #3283, #2262, #1215 ) ;
#2030 = FACE_BOUND ( 'NONE', #2382, .T. ) ;
#2031 = ORIENTED_EDGE ( 'NONE', *, *, #2248, .F. ) ;
#2032 = ORIENTED_EDGE ( 'NONE', *, *, #792, .F. ) ;
#2033 = LINE ( 'NONE', #1226, #1697 ) ;
#2034 = CARTESIAN_POINT ( 'NONE',  ( -0.9000000000000000222, 0.000000000000000000, -0.4077348066298340790 ) ) ;
#2035 = VERTEX_POINT ( 'NONE', #768 ) ;
#2036 = DIRECTION ( 'NONE',  ( 1.000000000000000000, 0.000000000000000000, 0.000000000000000000 ) ) ;
#2037 = ADVANCED_FACE ( 'NONE', ( #1596 ), #2596, .F. ) ;
#2038 = DIRECTION ( 'NONE',  ( 0.000000000000000000, 0.000000000000000000, 1.000000000000000000 ) ) ;
#2039 = DIRECTION ( 'NONE',  ( 0.000000000000000000, 0.000000000000000000, -1.000000000000000000 ) ) ;
#2040 = AXIS2_PLACEMENT_3D ( 'NONE', #2700, #1152, #2969 ) ;
#2041 = DIRECTION ( 'NONE',  ( 0.000000000000000000, -1.000000000000000000, 0.000000000000000000 ) ) ;
#2042 = ORIENTED_EDGE ( 'NONE', *, *, #1125, .T. ) ;
#2043 = EDGE_CURVE ( 'NONE', #1163, #651, #532, .T. ) ;
#2044 = CARTESIAN_POINT ( 'NONE',  ( 0.6364640883977900065, 0.5966850828729284295, 0.02983425414364638054 ) ) ;
#2045 = FACE_OUTER_BOUND ( 'NONE', #1742, .T. ) ;
#2046 = EDGE_CURVE ( 'NONE', #1956, #2202, #1054, .T. ) ;
#2047 = CARTESIAN_POINT ( 'NONE',  ( 0.9000000000000000222, 0.6762430939226516946, 0.2486187845303867716 ) ) ;
#2048 = CARTESIAN_POINT ( 'NONE',  ( -0.7558011049723758479, 0.5966850828729284295, 0.4475138121546964887 ) ) ;
#2049 = VERTEX_POINT ( 'NONE', #547 ) ;
#2050 = CARTESIAN_POINT ( 'NONE',  ( -0.6364640883977900065, -0.5966850828729284295, -0.4475138121546964887 ) ) ;
#2051 = CARTESIAN_POINT ( 'NONE',  ( -0.5459668508287295330, -0.3580110497237570799, 0.4276243093922649230 ) ) ;
#2052 = CYLINDRICAL_SURFACE ( 'NONE', #609, 0.1153591160220995282 ) ;
#2053 = LINE ( 'NONE', #241, #3010 ) ;
#2054 = ORIENTED_EDGE ( 'NONE', *, *, #3202, .F. ) ;
#2055 = FACE_OUTER_BOUND ( 'NONE', #2473, .T. ) ;
#2056 = PLANE ( 'NONE',  #2635 ) ;
#2057 = EDGE_CURVE ( 'NONE', #3131, #3346, #515, .T. ) ;
#2058 = CARTESIAN_POINT ( 'NONE',  ( -0.1481767955801101821, -2.136393465752108568E-13, -0.03451005618429379973 ) ) ;
#2059 = DIRECTION ( 'NONE',  ( 0.000000000000000000, 0.000000000000000000, 1.000000000000000000 ) ) ;
#2060 = ORIENTED_EDGE ( 'NONE', *, *, #2830, .T. ) ;
#2061 = CARTESIAN_POINT ( 'NONE',  ( -0.08055248618784527359, -0.4415469613259669357, 0.2486187845303867716 ) ) ;
#2062 = CARTESIAN_POINT ( 'NONE',  ( -0.7558011049723758479, 0.5966850828729284295, 0.2486187845303867716 ) ) ;
#2063 = ORIENTED_EDGE ( 'NONE', *, *, #2797, .F. ) ;
#2064 = ORIENTED_EDGE ( 'NONE', *, *, #2243, .T. ) ;
#2065 = DIRECTION ( 'NONE',  ( 0.8622527762988375644, -0.5064781829111166811, 0.000000000000000000 ) ) ;
#2066 = LINE ( 'NONE', #797, #2746 ) ;
#2067 = AXIS2_PLACEMENT_3D ( 'NONE', #2706, #331, #66 ) ;
#2068 = ORIENTED_EDGE ( 'NONE', *, *, #2608, .F. ) ;
#2069 = VECTOR ( 'NONE', #429, 1000.000000000000000 ) ;
#2070 = AXIS2_PLACEMENT_3D ( 'NONE', #1277, #3102, #1564 ) ;
#2071 = ORIENTED_EDGE ( 'NONE', *, *, #3125, .F. ) ;
#2072 = DIRECTION ( 'NONE',  ( 1.000000000000000000, 0.000000000000000000, 0.000000000000000000 ) ) ;
#2073 = DIRECTION ( 'NONE',  ( 0.000000000000000000, 0.000000000000000000, -1.000000000000000000 ) ) ;
#2074 = ADVANCED_FACE ( 'NONE', ( #2369 ), #3152, .T. ) ;
#2075 = AXIS2_PLACEMENT_3D ( 'NONE', #2320, #1565, #1086 ) ;
#2076 = AXIS2_PLACEMENT_3D ( 'NONE', #1840, #748, #2849 ) ;
#2077 = AXIS2_PLACEMENT_3D ( 'NONE', #2201, #1971, #2500 ) ;
#2078 = DIRECTION ( 'NONE',  ( 0.000000000000000000, 0.000000000000000000, -1.000000000000000000 ) ) ;
#2079 = DIRECTION ( 'NONE',  ( 0.000000000000000000, 0.000000000000000000, -1.000000000000000000 ) ) ;
#2080 = VERTEX_POINT ( 'NONE', #839 ) ;
#2081 = ORIENTED_EDGE ( 'NONE', *, *, #2170, .F. ) ;
#2082 = EDGE_CURVE ( 'NONE', #3131, #1463, #2679, .T. ) ;
#2083 = CARTESIAN_POINT ( 'NONE',  ( 0.000000000000000000, 0.7955801104972374249, -0.4077348066298340790 ) ) ;
#2084 = DIRECTION ( 'NONE',  ( -1.000000000000000000, 0.000000000000000000, 0.000000000000000000 ) ) ;
#2085 = EDGE_CURVE ( 'NONE', #1962, #2000, #2448, .T. ) ;
#2086 = ORIENTED_EDGE ( 'NONE', *, *, #415, .T. ) ;
#2087 = ORIENTED_EDGE ( 'NONE', *, *, #304, .T. ) ;
#2088 = PLANE ( 'NONE',  #1110 ) ;
#2089 = CARTESIAN_POINT ( 'NONE',  ( 0.06464088397790053453, 0.000000000000000000, 0.1292817679558010691 ) ) ;
#2090 = ORIENTED_EDGE ( 'NONE', *, *, #1757, .F. ) ;
#2091 = DIRECTION ( 'NONE',  ( -1.000000000000000000, 0.000000000000000000, 0.000000000000000000 ) ) ;
#2092 = CARTESIAN_POINT ( 'NONE',  ( 0.4133514215049731155, -0.08574889488054730780, -0.03381215469613262775 ) ) ;
#2093 = DIRECTION ( 'NONE',  ( 1.000000000000000000, 0.000000000000000000, 0.000000000000000000 ) ) ;
#2094 = CARTESIAN_POINT ( 'NONE',  ( 0.9000000000000000222, -0.6762430939226516946, -0.4077348066298340790 ) ) ;
#2095 = DIRECTION ( 'NONE',  ( 0.8622527762988375644, -0.5064781829111166811, 0.000000000000000000 ) ) ;
#2096 = DIRECTION ( 'NONE',  ( 0.000000000000000000, -0.7071067811865475727, 0.7071067811865475727 ) ) ;
#2097 = VERTEX_POINT ( 'NONE', #348 ) ;
#2098 = EDGE_CURVE ( 'NONE', #392, #809, #554, .T. ) ;
#2099 = EDGE_LOOP ( 'NONE', ( #1509, #1917, #2939, #3338 ) ) ;
#2100 = DIRECTION ( 'NONE',  ( -1.000000000000000000, 0.000000000000000000, 0.000000000000000000 ) ) ;
#2101 = CARTESIAN_POINT ( 'NONE',  ( 0.6364640883977900065, -0.5966850828729284295, 0.02983425414364638054 ) ) ;
#2102 = ORIENTED_EDGE ( 'NONE', *, *, #2583, .T. ) ;
#2103 = LOCAL_TIME ( 11, 25, 28.00000000000000000, #2001 ) ;
#2104 = ORIENTED_EDGE ( 'NONE', *, *, #1282, .T. ) ;
#2105 = CARTESIAN_POINT ( 'NONE',  ( -0.1521004520341536215, 0.02983058833238653659, -0.03381215469613262775 ) ) ;
#2106 = CYLINDRICAL_SURFACE ( 'NONE', #1648, 0.1193370165745857442 ) ;
#2107 = DIRECTION ( 'NONE',  ( 0.000000000000000000, -1.000000000000000000, 0.000000000000000000 ) ) ;
#2108 = CARTESIAN_POINT ( 'NONE',  ( -0.6364640883977900065, -0.5966850828729284295, 0.8453834254143647309 ) ) ;
#2109 = ORIENTED_EDGE ( 'NONE', *, *, #122, .T. ) ;
#2110 = DIRECTION ( 'NONE',  ( 1.000000000000000000, 0.000000000000000000, 0.000000000000000000 ) ) ;
#2111 = LINE ( 'NONE', #2653, #3360 ) ;
#2112 = VERTEX_POINT ( 'NONE', #1171 ) ;
#2113 = ORIENTED_EDGE ( 'NONE', *, *, #1495, .F. ) ;
#2114 = ORIENTED_EDGE ( 'NONE', *, *, #1775, .F. ) ;
#2115 = CARTESIAN_POINT ( 'NONE',  ( -0.4067403314917130697, -0.5386642749442466238, 0.2486187845303867716 ) ) ;
#2116 = CARTESIAN_POINT ( 'NONE',  ( -0.6364640883977900065, -0.5966850828729284295, 0.02983425414364638054 ) ) ;
#2117 = EDGE_CURVE ( 'NONE', #496, #1647, #1875, .T. ) ;
#2118 = VERTEX_POINT ( 'NONE', #2952 ) ;
#2119 = ORIENTED_EDGE ( 'NONE', *, *, #2475, .T. ) ;
#2120 = VECTOR ( 'NONE', #49, 1000.000000000000000 ) ;
#2121 = PLANE ( 'NONE',  #1761 ) ;
#2122 = CIRCLE ( 'NONE', #2568, 0.1153591160220995282 ) ;
#2123 = CONICAL_SURFACE ( 'NONE', #1915, 0.1221498170301340558, 0.7853981633974476129 ) ;
#2124 = ADVANCED_FACE ( 'NONE', ( #2167, #1149, #633 ), #2917, .T. ) ;
#2125 = CARTESIAN_POINT ( 'NONE',  ( -0.1495063211022469585, -0.02013992553500342300, -0.03381215469613266245 ) ) ;
#2126 = AXIS2_PLACEMENT_3D ( 'NONE', #1242, #3308, #1261 ) ;
#2127 = CARTESIAN_POINT ( 'NONE',  ( -0.4624309392265196772, -0.3580110497237570799, 0.04972375690607735987 ) ) ;
#2128 = AXIS2_PLACEMENT_3D ( 'NONE', #2539, #1254, #385 ) ;
#2129 = AXIS2_PLACEMENT_3D ( 'NONE', #1855, #1610, #284 ) ;
#2130 = CARTESIAN_POINT ( 'NONE',  ( -0.7038087356382047854, -0.6100375431633695555, -0.5932773739637027255 ) ) ;
#2131 = AXIS2_PLACEMENT_3D ( 'NONE', #2607, #256, #1315 ) ;
#2132 = EDGE_LOOP ( 'NONE', ( #468, #28, #2484, #1252 ) ) ;
#2133 = CYLINDRICAL_SURFACE ( 'NONE', #1572, 0.1193370165745857442 ) ;
#2134 = ORIENTED_EDGE ( 'NONE', *, *, #1646, .F. ) ;
#2135 = FACE_OUTER_BOUND ( 'NONE', #2867, .T. ) ;
#2136 = ADVANCED_FACE ( 'NONE', ( #892 ), #1623, .F. ) ;
#2137 = LINE ( 'NONE', #580, #2457 ) ;
#2138 = ADVANCED_FACE ( 'NONE', ( #648 ), #316, .F. ) ;
#2139 = LINE ( 'NONE', #114, #2784 ) ;
#2140 = DIRECTION ( 'NONE',  ( 0.000000000000000000, -0.7071067811865475727, 0.7071067811865475727 ) ) ;
#2141 = VERTEX_POINT ( 'NONE', #115 ) ;
#2142 = DIRECTION ( 'NONE',  ( 1.000000000000000000, 0.000000000000000000, 0.000000000000000000 ) ) ;
#2143 = APPLICATION_PROTOCOL_DEFINITION ( 'international standard', 'config_control_design', 1994, #1473 ) ;
#2144 = EDGE_LOOP ( 'NONE', ( #1448, #2719, #1172, #36 ) ) ;
#2145 = CARTESIAN_POINT ( 'NONE',  ( 0.3629834254143647909, -1.812667414753072584E-16, 0.4276243093922649230 ) ) ;
#2146 = CARTESIAN_POINT ( 'NONE',  ( 0.2834254143646407487, -2.435761589464349807E-18, -0.05966850828729284434 ) ) ;
#2147 = DIRECTION ( 'NONE',  ( 0.000000000000000000, 0.000000000000000000, 1.000000000000000000 ) ) ;
#2148 = FACE_OUTER_BOUND ( 'NONE', #2211, .T. ) ;
#2149 = ORIENTED_EDGE ( 'NONE', *, *, #3194, .T. ) ;
#2150 = CIRCLE ( 'NONE', #1728, 0.1233149171270718492 ) ;
#2151 = CARTESIAN_POINT ( 'NONE',  ( -0.5171270718232042762, 0.5966850828729284295, 0.4475138121546964887 ) ) ;
#2152 = DIRECTION ( 'NONE',  ( -1.000000000000000000, 0.000000000000000000, 0.000000000000000000 ) ) ;
#2153 = CC_DESIGN_APPROVAL ( #303, ( #1493 ) ) ;
#2154 = ORIENTED_EDGE ( 'NONE', *, *, #1998, .F. ) ;
#2155 = EDGE_CURVE ( 'NONE', #2954, #2263, #2680, .T. ) ;
#2156 = VECTOR ( 'NONE', #1505, 1000.000000000000000 ) ;
#2157 = CARTESIAN_POINT ( 'NONE',  ( 0.001476848233918445384, 0.4245606738507735067, 0.2486187845303867716 ) ) ;
#2158 = VERTEX_POINT ( 'NONE', #1924 ) ;
#2159 = VERTEX_POINT ( 'NONE', #335 ) ;
#2160 = EDGE_LOOP ( 'NONE', ( #407, #1409, #1268, #746 ) ) ;
#2161 = LINE ( 'NONE', #2643, #857 ) ;
#2162 = DIRECTION ( 'NONE',  ( 0.1840645754159995207, 2.254140931196204875E-17, -0.9829141529538211186 ) ) ;
#2163 = CARTESIAN_POINT ( 'NONE',  ( -0.4067403314917130697, 0.4415469613259669357, 0.2486187845303867716 ) ) ;
#2164 = VERTEX_POINT ( 'NONE', #2967 ) ;
#2165 = AXIS2_PLACEMENT_3D ( 'NONE', #1232, #708, #2779 ) ;
#2166 = CARTESIAN_POINT ( 'NONE',  ( -0.08055248618784537074, 0.000000000000000000, 0.08552486187845297072 ) ) ;
#2167 = FACE_BOUND ( 'NONE', #74, .T. ) ;
#2168 = ORIENTED_EDGE ( 'NONE', *, *, #780, .F. ) ;
#2169 = ORIENTED_EDGE ( 'NONE', *, *, #3034, .F. ) ;
#2170 = EDGE_CURVE ( 'NONE', #1407, #2283, #133, .T. ) ;
#2171 = VECTOR ( 'NONE', #2065, 1000.000000000000114 ) ;
#2172 = VECTOR ( 'NONE', #2678, 1000.000000000000000 ) ;
#2173 = CARTESIAN_POINT ( 'NONE',  ( -0.04077348066298342594, 0.000000000000000000, 0.1253038674033149225 ) ) ;
#2174 = DIRECTION ( 'NONE',  ( 0.000000000000000000, 0.000000000000000000, 1.000000000000000000 ) ) ;
#2175 = EDGE_CURVE ( 'NONE', #831, #169, #3236, .T. ) ;
#2176 = PERSON_AND_ORGANIZATION_ROLE ( 'classification_officer' ) ;
#2177 = AXIS2_PLACEMENT_3D ( 'NONE', #702, #2773, #1532 ) ;
#2178 = ADVANCED_FACE ( 'NONE', ( #2697 ), #2731, .F. ) ;
#2179 = AXIS2_PLACEMENT_3D ( 'NONE', #2321, #2884, #1814 ) ;
#2180 = ORIENTED_EDGE ( 'NONE', *, *, #1832, .T. ) ;
#2181 = AXIS2_PLACEMENT_3D ( 'NONE', #3100, #1070, #1806 ) ;
#2182 = CARTESIAN_POINT ( 'NONE',  ( -0.6430841644470083329, 0.3420994475138121049, 0.2287292817679560109 ) ) ;
#2183 = ORIENTED_EDGE ( 'NONE', *, *, #1263, .T. ) ;
#2184 = ADVANCED_FACE ( 'NONE', ( #1686 ), #2401, .F. ) ;
#2185 = CARTESIAN_POINT ( 'NONE',  ( 0.5171270718232042762, 0.5966850828729284295, -0.4475138121546964887 ) ) ;
#2186 = LINE ( 'NONE', #1419, #3224 ) ;
#2187 = EDGE_LOOP ( 'NONE', ( #3175, #1588, #3024, #2090 ) ) ;
#2188 = CARTESIAN_POINT ( 'NONE',  ( -0.6430841644470083329, 0.3420994475138121049, 0.2486187845303867716 ) ) ;
#2189 = DIRECTION ( 'NONE',  ( -0.7071067811865470176, 0.000000000000000000, -0.7071067811865480168 ) ) ;
#2190 = ORIENTED_EDGE ( 'NONE', *, *, #866, .T. ) ;
#2191 = CARTESIAN_POINT ( 'NONE',  ( -0.06097946691843612183, -0.4415469613259669357, 0.4276243093922649230 ) ) ;
#2192 = CIRCLE ( 'NONE', #2040, 0.1209847169331968175 ) ;
#2193 = DIRECTION ( 'NONE',  ( 1.000000000000000000, 0.000000000000000000, 0.000000000000000000 ) ) ;
#2194 = ORIENTED_EDGE ( 'NONE', *, *, #388, .T. ) ;
#2195 = DATE_TIME_ROLE ( 'creation_date' ) ;
#2196 = DIRECTION ( 'NONE',  ( 0.000000000000000000, 0.000000000000000000, -1.000000000000000000 ) ) ;
#2197 = ORIENTED_EDGE ( 'NONE', *, *, #2586, .T. ) ;
#2198 = CARTESIAN_POINT ( 'NONE',  ( -0.5459668508287295330, -0.3420994475138121049, 0.2486187845303867716 ) ) ;
#2199 = EDGE_CURVE ( 'NONE', #174, #1163, #1406, .T. ) ;
#2200 = DIRECTION ( 'NONE',  ( 0.000000000000000000, 1.000000000000000000, 0.000000000000000000 ) ) ;
#2201 = CARTESIAN_POINT ( 'NONE',  ( -0.6364640883977900065, -0.5966850828729284295, 0.2486187845303867716 ) ) ;
#2202 = VERTEX_POINT ( 'NONE', #3183 ) ;
#2203 = FACE_OUTER_BOUND ( 'NONE', #2766, .T. ) ;
#2204 = FACE_OUTER_BOUND ( 'NONE', #244, .T. ) ;
#2205 = ORIENTED_EDGE ( 'NONE', *, *, #2816, .T. ) ;
#2206 = VECTOR ( 'NONE', #1506, 1000.000000000000000 ) ;
#2207 = ORIENTED_EDGE ( 'NONE', *, *, #1343, .F. ) ;
#2208 = LINE ( 'NONE', #932, #2347 ) ;
#2209 = VECTOR ( 'NONE', #742, 1000.000000000000114 ) ;
#2210 = FACE_OUTER_BOUND ( 'NONE', #1187, .T. ) ;
#2211 = EDGE_LOOP ( 'NONE', ( #2575, #2212, #555, #94 ) ) ;
#2212 = ORIENTED_EDGE ( 'NONE', *, *, #588, .F. ) ;
#2213 = DIRECTION ( 'NONE',  ( 0.5773502691896257311, 0.5773502691896257311, -0.5773502691896257311 ) ) ;
#2214 = VECTOR ( 'NONE', #1468, 1000.000000000000000 ) ;
#2215 = EDGE_CURVE ( 'NONE', #3140, #567, #1547, .T. ) ;
#2216 = EDGE_CURVE ( 'NONE', #1672, #1395, #1461, .T. ) ;
#2217 = LINE ( 'NONE', #2516, #2819 ) ;
#2218 = ADVANCED_FACE ( 'NONE', ( #3032 ), #1204, .T. ) ;
#2219 = DIRECTION ( 'NONE',  ( 0.000000000000000000, 0.000000000000000000, -1.000000000000000000 ) ) ;
#2220 = DIRECTION ( 'NONE',  ( -1.000000000000000000, 0.000000000000000000, 0.000000000000000000 ) ) ;
#2221 = ORIENTED_EDGE ( 'NONE', *, *, #311, .T. ) ;
#2222 = EDGE_CURVE ( 'NONE', #1994, #3322, #2557, .T. ) ;
#2223 = CARTESIAN_POINT ( 'NONE',  ( -0.2635359116022096826, -3.653642384196524518E-18, 0.1253038674033149225 ) ) ;
#2224 = DIRECTION ( 'NONE',  ( 0.000000000000000000, 0.000000000000000000, 1.000000000000000000 ) ) ;
#2225 = VERTEX_POINT ( 'NONE', #734 ) ;
#2226 = ORIENTED_EDGE ( 'NONE', *, *, #1017, .F. ) ;
#2227 = EDGE_CURVE ( 'NONE', #1900, #3147, #887, .T. ) ;
#2228 = ORIENTED_EDGE ( 'NONE', *, *, #1404, .F. ) ;
#2229 = CARTESIAN_POINT ( 'NONE',  ( -0.5459668508287295330, -2.644003074056417940E-16, 0.4276243093922649230 ) ) ;
#2230 = CONICAL_SURFACE ( 'NONE', #1539, 0.1451933701657459053, 0.7853981633974476129 ) ;
#2231 = DIRECTION ( 'NONE',  ( -1.000000000000000000, 0.000000000000000000, 0.000000000000000000 ) ) ;
#2232 = ORIENTED_EDGE ( 'NONE', *, *, #2943, .T. ) ;
#2233 = EDGE_LOOP ( 'NONE', ( #2601, #1064, #3264, #2744 ) ) ;
#2234 = VECTOR ( 'NONE', #484, 1000.000000000000000 ) ;
#2235 = VECTOR ( 'NONE', #1550, 1000.000000000000000 ) ;
#2236 = CARTESIAN_POINT ( 'NONE',  ( -0.6961325966850828717, -0.5966850828729284295, 0.02983425414364638054 ) ) ;
#2237 = EDGE_CURVE ( 'NONE', #760, #779, #950, .T. ) ;
#2238 = EDGE_LOOP ( 'NONE', ( #1882, #1585, #881, #2670 ) ) ;
#2239 = CARTESIAN_POINT ( 'NONE',  ( -0.8602209944751383341, 0.000000000000000000, -0.4475138121546964887 ) ) ;
#2240 = AXIS2_PLACEMENT_3D ( 'NONE', #2127, #1127, #3170 ) ;
#2241 = AXIS2_PLACEMENT_3D ( 'NONE', #1422, #2447, #907 ) ;
#2242 = EDGE_CURVE ( 'NONE', #3222, #80, #2792, .T. ) ;
#2243 = EDGE_CURVE ( 'NONE', #2336, #2806, #3303, .T. ) ;
#2244 = CIRCLE ( 'NONE', #2077, 0.1193370165745857442 ) ;
#2245 = CARTESIAN_POINT ( 'NONE',  ( -0.6851933701657461073, 0.2999902417950753297, 0.2287292817679560109 ) ) ;
#2246 = FACE_OUTER_BOUND ( 'NONE', #2132, .T. ) ;
#2247 = ORIENTED_EDGE ( 'NONE', *, *, #1973, .F. ) ;
#2248 = EDGE_CURVE ( 'NONE', #970, #3346, #1967, .T. ) ;
#2249 = EDGE_CURVE ( 'NONE', #2894, #3184, #2526, .T. ) ;
#2250 = FACE_OUTER_BOUND ( 'NONE', #2960, .T. ) ;
#2251 = CARTESIAN_POINT ( 'NONE',  ( 0.000000000000000000, -0.7955801104972374249, 0.8453038674033162003 ) ) ;
#2252 = ORIENTED_EDGE ( 'NONE', *, *, #3166, .T. ) ;
#2253 = ADVANCED_FACE ( 'NONE', ( #2204 ), #2285, .T. ) ;
#2254 = CARTESIAN_POINT ( 'NONE',  ( -0.6364640883977900065, -0.5966850828729284295, 0.02983425414364638054 ) ) ;
#2255 = CARTESIAN_POINT ( 'NONE',  ( 0.7599935424058369415, -0.7599935424058369415, -0.4475138121546964887 ) ) ;
#2256 = ORIENTED_EDGE ( 'NONE', *, *, #2566, .T. ) ;
#2257 = DATE_AND_TIME ( #704, #1733 ) ;
#2258 = VERTEX_POINT ( 'NONE', #1478 ) ;
#2259 = CARTESIAN_POINT ( 'NONE',  ( -0.4624309392265196772, -0.3580110497237570799, 0.04972375690607735987 ) ) ;
#2260 = DIRECTION ( 'NONE',  ( 0.000000000000000000, 0.000000000000000000, 1.000000000000000000 ) ) ;
#2261 = CARTESIAN_POINT ( 'NONE',  ( 0.5171270718232039432, 0.5966850828729284295, 0.4077348066298340790 ) ) ;
#2262 = DIRECTION ( 'NONE',  ( 0.000000000000000000, 0.000000000000000000, -1.000000000000000000 ) ) ;
#2263 = VERTEX_POINT ( 'NONE', #1992 ) ;
#2264 = VERTEX_POINT ( 'NONE', #1954 ) ;
#2265 = CARTESIAN_POINT ( 'NONE',  ( 0.6364640883977900065, -0.5966850828729284295, 0.4475138121546964887 ) ) ;
#2266 = DIRECTION ( 'NONE',  ( 0.000000000000000000, 0.000000000000000000, 1.000000000000000000 ) ) ;
#2267 = ORIENTED_EDGE ( 'NONE', *, *, #2651, .T. ) ;
#2268 = VERTEX_POINT ( 'NONE', #699 ) ;
#2269 = ORIENTED_EDGE ( 'NONE', *, *, #2816, .F. ) ;
#2270 = DIRECTION ( 'NONE',  ( 0.000000000000000000, 0.000000000000000000, -1.000000000000000000 ) ) ;
#2271 = DIRECTION ( 'NONE',  ( 0.6785983445458462215, -0.2810846377148240594, 0.6785983445458462215 ) ) ;
#2272 = EDGE_LOOP ( 'NONE', ( #1912, #2009 ) ) ;
#2273 = CIRCLE ( 'NONE', #1194, 0.1209847169331968175 ) ;
#2274 = EDGE_CURVE ( 'NONE', #2258, #2225, #425, .T. ) ;
#2275 = AXIS2_PLACEMENT_3D ( 'NONE', #271, #1602, #624 ) ;
#2276 = FACE_OUTER_BOUND ( 'NONE', #818, .T. ) ;
#2277 = DIRECTION ( 'NONE',  ( 0.000000000000000000, 0.000000000000000000, -1.000000000000000000 ) ) ;
#2278 = AXIS2_PLACEMENT_3D ( 'NONE', #626, #2196, #1179 ) ;
#2279 = PRODUCT_DEFINITION_SHAPE ( 'NONE', 'NONE',  #1493 ) ;
#2280 = PLANE ( 'NONE',  #1857 ) ;
#2281 = DIRECTION ( 'NONE',  ( 0.000000000000000000, 0.000000000000000000, 1.000000000000000000 ) ) ;
#2282 = ORIENTED_EDGE ( 'NONE', *, *, #1827, .T. ) ;
#2283 = VERTEX_POINT ( 'NONE', #2504 ) ;
#2284 = FACE_OUTER_BOUND ( 'NONE', #1772, .T. ) ;
#2285 = CYLINDRICAL_SURFACE ( 'NONE', #3219, 0.1193370165745857442 ) ;
#2286 = ORIENTED_EDGE ( 'NONE', *, *, #364, .T. ) ;
#2287 = ORIENTED_EDGE ( 'NONE', *, *, #685, .T. ) ;
#2288 = CARTESIAN_POINT ( 'NONE',  ( 0.6364640883977900065, -0.5966850828729284295, 0.4475138121546964887 ) ) ;
#2289 = DIRECTION ( 'NONE',  ( -0.7071067811865470176, -0.7071067811865480168, 0.000000000000000000 ) ) ;
#2290 = AXIS2_PLACEMENT_3D ( 'NONE', #179, #976, #1507 ) ;
#2291 = CARTESIAN_POINT ( 'NONE',  ( -0.5171270718232042762, 0.5966850828729284295, -0.4475138121546964887 ) ) ;
#2292 = EDGE_CURVE ( 'NONE', #1617, #3222, #2997, .T. ) ;
#2293 = DIRECTION ( 'NONE',  ( 1.224646799147353207E-16, 1.000000000000000000, -0.000000000000000000 ) ) ;
#2294 = AXIS2_PLACEMENT_3D ( 'NONE', #228, #2534, #727 ) ;
#2295 = CIRCLE ( 'NONE', #824, 0.2187845303867402280 ) ;
#2296 = AXIS2_PLACEMENT_3D ( 'NONE', #2251, #479, #1707 ) ;
#2297 = VECTOR ( 'NONE', #1844, 1000.000000000000000 ) ;
#2298 = FACE_OUTER_BOUND ( 'NONE', #1439, .T. ) ;
#2299 = DIRECTION ( 'NONE',  ( 0.000000000000000000, 0.000000000000000000, -1.000000000000000000 ) ) ;
#2300 = ORIENTED_EDGE ( 'NONE', *, *, #122, .F. ) ;
#2301 = EDGE_CURVE ( 'NONE', #2894, #1791, #175, .T. ) ;
#2302 = AXIS2_PLACEMENT_3D ( 'NONE', #2384, #3180, #1386 ) ;
#2303 = CARTESIAN_POINT ( 'NONE',  ( -0.4624309392265196772, -0.3580110497237570799, 0.04972375690607735987 ) ) ;
#2304 = CIRCLE ( 'NONE', #1705, 0.03381215469613262081 ) ;
#2305 = DIRECTION ( 'NONE',  ( -1.000000000000000000, 0.000000000000000000, 0.000000000000000000 ) ) ;
#2306 = EDGE_LOOP ( 'NONE', ( #1942, #2012, #916, #2180, #1763, #2959, #1365 ) ) ;
#2307 = CARTESIAN_POINT ( 'NONE',  ( -0.6961325966850828717, -0.5966850828729284295, 0.8453834254143647309 ) ) ;
#2308 = EDGE_CURVE ( 'NONE', #1962, #2538, #1001, .T. ) ;
#2309 = FACE_OUTER_BOUND ( 'NONE', #761, .T. ) ;
#2310 = LINE ( 'NONE', #10, #196 ) ;
#2311 = EDGE_CURVE ( 'NONE', #785, #2934, #2783, .T. ) ;
#2312 = CARTESIAN_POINT ( 'NONE',  ( 0.06464088397790053453, 0.000000000000000000, 0.08552486187845297072 ) ) ;
#2313 = DIRECTION ( 'NONE',  ( 0.000000000000000000, 0.000000000000000000, 1.000000000000000000 ) ) ;
#2314 = EDGE_CURVE ( 'NONE', #138, #1225, #1500, .T. ) ;
#2315 = EDGE_LOOP ( 'NONE', ( #1391, #700, #2054, #522 ) ) ;
#2316 = ORIENTED_EDGE ( 'NONE', *, *, #584, .F. ) ;
#2317 = CARTESIAN_POINT ( 'NONE',  ( -0.3788950276243092108, -3.653642384196524518E-18, -0.03381215469613262775 ) ) ;
#2318 = FACE_BOUND ( 'NONE', #1177, .T. ) ;
#2319 = LINE ( 'NONE', #1035, #1326 ) ;
#2320 = CARTESIAN_POINT ( 'NONE',  ( -0.6364640883977900065, -0.5966850828729284295, 0.2486187845303867716 ) ) ;
#2321 = CARTESIAN_POINT ( 'NONE',  ( -0.6364640883977900065, -0.5966850828729284295, 0.4475138121546964887 ) ) ;
#2322 = DIRECTION ( 'NONE',  ( 0.8622527762988368982, 0.5064781829111180134, 0.000000000000000000 ) ) ;
#2323 = VECTOR ( 'NONE', #2313, 1000.000000000000000 ) ;
#2324 = ORIENTED_EDGE ( 'NONE', *, *, #3141, .F. ) ;
#2325 = CARTESIAN_POINT ( 'NONE',  ( -0.5171270718232042762, -0.5966850828729284295, -0.4475138121546964887 ) ) ;
#2326 = DIRECTION ( 'NONE',  ( 1.000000000000000000, 0.000000000000000000, 0.000000000000000000 ) ) ;
#2327 = EDGE_LOOP ( 'NONE', ( #346, #2641, #3208, #1466 ) ) ;
#2328 = ORIENTED_EDGE ( 'NONE', *, *, #2560, .F. ) ;
#2329 = EDGE_CURVE ( 'NONE', #929, #1004, #2800, .T. ) ;
#2330 = CARTESIAN_POINT ( 'NONE',  ( 0.6364640883977900065, -0.5966850828729284295, 0.02983425414364638054 ) ) ;
#2331 = ADVANCED_FACE ( 'NONE', ( #2030, #3070, #1776, #749, #2318, #3086 ), #3354, .T. ) ;
#2332 = DIRECTION ( 'NONE',  ( -1.000000000000000000, 0.000000000000000000, 0.000000000000000000 ) ) ;
#2333 = CARTESIAN_POINT ( 'NONE',  ( -0.4624309392265196772, -0.3580110497237570799, -0.03381215469613262775 ) ) ;
#2334 = CYLINDRICAL_SURFACE ( 'NONE', #660, 0.08353591160220986966 ) ;
#2335 = ORIENTED_EDGE ( 'NONE', *, *, #1340, .F. ) ;
#2336 = VERTEX_POINT ( 'NONE', #2829 ) ;
#2337 = EDGE_CURVE ( 'NONE', #2164, #3117, #787, .T. ) ;
#2338 = CYLINDRICAL_SURFACE ( 'NONE', #778, 0.05966850828729281658 ) ;
#2339 = DIRECTION ( 'NONE',  ( 0.000000000000000000, -1.000000000000000000, 0.000000000000000000 ) ) ;
#2340 = CIRCLE ( 'NONE', #1808, 0.1193370165745857442 ) ;
#2341 = ORIENTED_EDGE ( 'NONE', *, *, #2527, .F. ) ;
#2342 = DIRECTION ( 'NONE',  ( 0.000000000000000000, 0.000000000000000000, -1.000000000000000000 ) ) ;
#2343 = DIRECTION ( 'NONE',  ( 0.000000000000000000, 0.000000000000000000, -1.000000000000000000 ) ) ;
#2344 = AXIS2_PLACEMENT_3D ( 'NONE', #2764, #2499, #3263 ) ;
#2345 = ORIENTED_EDGE ( 'NONE', *, *, #1051, .T. ) ;
#2346 = VECTOR ( 'NONE', #1797, 1000.000000000000114 ) ;
#2347 = VECTOR ( 'NONE', #2471, 1000.000000000000000 ) ;
#2348 = ORIENTED_EDGE ( 'NONE', *, *, #685, .F. ) ;
#2349 = DIRECTION ( 'NONE',  ( 0.000000000000000000, 0.000000000000000000, -1.000000000000000000 ) ) ;
#2350 = DIRECTION ( 'NONE',  ( 1.000000000000000000, 0.000000000000000000, 0.000000000000000000 ) ) ;
#2351 = VECTOR ( 'NONE', #2271, 1000.000000000000114 ) ;
#2352 = CIRCLE ( 'NONE', #2681, 0.1829834254143647698 ) ;
#2353 = VECTOR ( 'NONE', #1795, 1000.000000000000000 ) ;
#2354 = VECTOR ( 'NONE', #1048, 1000.000000000000000 ) ;
#2355 = DIRECTION ( 'NONE',  ( 0.000000000000000000, 0.000000000000000000, -1.000000000000000000 ) ) ;
#2356 = PLANE ( 'NONE',  #612 ) ;
#2357 = ORIENTED_EDGE ( 'NONE', *, *, #2745, .T. ) ;
#2358 = EDGE_CURVE ( 'NONE', #2672, #300, #566, .T. ) ;
#2359 = DIRECTION ( 'NONE',  ( 0.000000000000000000, -1.000000000000000000, 0.000000000000000000 ) ) ;
#2360 = DIRECTION ( 'NONE',  ( 1.000000000000000000, 0.000000000000000000, 0.000000000000000000 ) ) ;
#2361 = EDGE_LOOP ( 'NONE', ( #2512, #1831, #3215, #1229 ) ) ;
#2362 = DIRECTION ( 'NONE',  ( 0.000000000000000000, 0.000000000000000000, -1.000000000000000000 ) ) ;
#2363 = DIRECTION ( 'NONE',  ( -1.000000000000000000, 0.000000000000000000, 0.000000000000000000 ) ) ;
#2364 = ORIENTED_EDGE ( 'NONE', *, *, #2082, .F. ) ;
#2365 = VERTEX_POINT ( 'NONE', #2367 ) ;
#2366 = DIRECTION ( 'NONE',  ( -1.000000000000000000, 0.000000000000000000, 0.000000000000000000 ) ) ;
#2367 = CARTESIAN_POINT ( 'NONE',  ( 0.7558011049723758479, 0.5966850828729284295, -0.4475138121546964887 ) ) ;
#2368 = DIRECTION ( 'NONE',  ( -1.826024711554529969E-16, -1.000000000000000000, 0.000000000000000000 ) ) ;
#2369 = FACE_OUTER_BOUND ( 'NONE', #2327, .T. ) ;
#2370 = ADVANCED_FACE ( 'NONE', ( #33 ), #2613, .F. ) ;
#2371 = CARTESIAN_POINT ( 'NONE',  ( -0.2635359116022096826, -0.4415469613259669357, 0.2486187845303867716 ) ) ;
#2372 = ADVANCED_FACE ( 'NONE', ( #544 ), #2056, .T. ) ;
#2373 = ADVANCED_FACE ( 'NONE', ( #2630 ), #2578, .F. ) ;
#2374 =( NAMED_UNIT ( * ) PLANE_ANGLE_UNIT ( ) SI_UNIT ( $, .RADIAN. ) );
#2375 = ORIENTED_EDGE ( 'NONE', *, *, #3267, .F. ) ;
#2376 = ORIENTED_EDGE ( 'NONE', *, *, #2955, .F. ) ;
#2377 = LINE ( 'NONE', #2472, #2625 ) ;
#2378 = CARTESIAN_POINT ( 'NONE',  ( -0.6364640883977900065, -0.5966850828729284295, 0.02983425414364638054 ) ) ;
#2379 = AXIS2_PLACEMENT_3D ( 'NONE', #2479, #1750, #3247 ) ;
#2380 = ORIENTED_EDGE ( 'NONE', *, *, #1827, .F. ) ;
#2381 = CC_DESIGN_APPROVAL ( #2429, ( #480 ) ) ;
#2382 = EDGE_LOOP ( 'NONE', ( #2068, #1960 ) ) ;
#2383 = DIRECTION ( 'NONE',  ( 0.000000000000000000, -1.000000000000000000, 0.000000000000000000 ) ) ;
#2384 = CARTESIAN_POINT ( 'NONE',  ( -0.6851933701657461073, -1.509042963283577876E-16, 0.2287292817679560109 ) ) ;
#2385 = AXIS2_PLACEMENT_3D ( 'NONE', #959, #222, #1965 ) ;
#2386 = CARTESIAN_POINT ( 'NONE',  ( -0.08055248618784537074, 0.000000000000000000, 0.08552486187845297072 ) ) ;
#2387 = DIRECTION ( 'NONE',  ( -1.000000000000000000, 0.000000000000000000, 0.000000000000000000 ) ) ;
#2388 = EDGE_CURVE ( 'NONE', #800, #396, #3064, .T. ) ;
#2389 = CARTESIAN_POINT ( 'NONE',  ( -0.6961325966850828717, -0.5966850828729284295, 0.4475138121546964887 ) ) ;
#2390 = ADVANCED_FACE ( 'NONE', ( #2594 ), #617, .T. ) ;
#2391 = ORIENTED_EDGE ( 'NONE', *, *, #1032, .T. ) ;
#2392 = DIRECTION ( 'NONE',  ( 0.7071067811865474617, -0.7071067811865474617, 0.000000000000000000 ) ) ;
#2393 = EDGE_CURVE ( 'NONE', #3029, #732, #1918, .T. ) ;
#2394 = VERTEX_POINT ( 'NONE', #494 ) ;
#2395 = CIRCLE ( 'NONE', #2446, 0.1193370165745857442 ) ;
#2396 = DIRECTION ( 'NONE',  ( 0.000000000000000000, 0.000000000000000000, -1.000000000000000000 ) ) ;
#2397 = PLANE ( 'NONE',  #2302 ) ;
#2398 = VECTOR ( 'NONE', #2453, 1000.000000000000000 ) ;
#2399 = AXIS2_PLACEMENT_3D ( 'NONE', #1426, #1174, #1878 ) ;
#2400 = CARTESIAN_POINT ( 'NONE',  ( -0.4624309392265196772, 0.3580110497237570799, -0.03381215469613262775 ) ) ;
#2401 = PLANE ( 'NONE',  #2517 ) ;
#2402 = AXIS2_PLACEMENT_3D ( 'NONE', #2303, #32, #2366 ) ;
#2403 = VERTEX_POINT ( 'NONE', #2092 ) ;
#2404 = EDGE_LOOP ( 'NONE', ( #1337, #1541, #865, #3273 ) ) ;
#2405 = VECTOR ( 'NONE', #1762, 1000.000000000000000 ) ;
#2406 = DIRECTION ( 'NONE',  ( -1.000000000000000000, 0.000000000000000000, 0.000000000000000000 ) ) ;
#2407 = DIRECTION ( 'NONE',  ( 0.000000000000000000, 0.000000000000000000, 1.000000000000000000 ) ) ;
#2408 = ORIENTED_EDGE ( 'NONE', *, *, #3207, .F. ) ;
#2409 = FACE_OUTER_BOUND ( 'NONE', #56, .T. ) ;
#2410 = CARTESIAN_POINT ( 'NONE',  ( -0.5767955801104972524, -0.5966850828729284295, 0.4475138121546964887 ) ) ;
#2411 = LINE ( 'NONE', #1123, #2888 ) ;
#2412 = CARTESIAN_POINT ( 'NONE',  ( -0.6364640883977900065, -0.5966850828729284295, 0.02983425414364638054 ) ) ;
#2413 = EDGE_CURVE ( 'NONE', #1248, #3256, #513, .T. ) ;
#2414 = ORIENTED_EDGE ( 'NONE', *, *, #1600, .T. ) ;
#2415 = LINE ( 'NONE', #2386, #2172 ) ;
#2416 = DIRECTION ( 'NONE',  ( 0.000000000000000000, 0.000000000000000000, -1.000000000000000000 ) ) ;
#2417 = ORIENTED_EDGE ( 'NONE', *, *, #3125, .T. ) ;
#2418 = LINE ( 'NONE', #2191, #3076 ) ;
#2419 = CARTESIAN_POINT ( 'NONE',  ( 0.7558011049723758479, 0.5966850828729284295, 0.2486187845303867716 ) ) ;
#2420 = ORIENTED_EDGE ( 'NONE', *, *, #875, .T. ) ;
#2421 = FACE_OUTER_BOUND ( 'NONE', #2714, .T. ) ;
#2422 = DIRECTION ( 'NONE',  ( 0.000000000000000000, 0.000000000000000000, -1.000000000000000000 ) ) ;
#2423 = ADVANCED_FACE ( 'NONE', ( #1290, #1842 ), #763, .T. ) ;
#2424 = LINE ( 'NONE', #1102, #1690 ) ;
#2425 = AXIS2_PLACEMENT_3D ( 'NONE', #158, #1212, #2989 ) ;
#2426 = CARTESIAN_POINT ( 'NONE',  ( -0.4624309392265196772, 0.3580110497237570799, 0.04972375690607735987 ) ) ;
#2427 = ORIENTED_EDGE ( 'NONE', *, *, #230, .T. ) ;
#2428 = CIRCLE ( 'NONE', #2659, 0.1193370165745857442 ) ;
#2429 = APPROVAL ( #2455, '未' ) ;
#2430 = ADVANCED_FACE ( 'NONE', ( #2045 ), #2106, .F. ) ;
#2431 = DIRECTION ( 'NONE',  ( -0.5064781829111179023, 0.8622527762988368982, 0.000000000000000000 ) ) ;
#2432 = DIRECTION ( 'NONE',  ( 0.000000000000000000, 0.000000000000000000, 1.000000000000000000 ) ) ;
#2433 = ORIENTED_EDGE ( 'NONE', *, *, #816, .F. ) ;
#2434 = FACE_OUTER_BOUND ( 'NONE', #980, .T. ) ;
#2435 = CARTESIAN_POINT ( 'NONE',  ( -0.5459668508287295330, 0.3580110497237570799, 0.2486187845303867716 ) ) ;
#2436 = ORIENTED_EDGE ( 'NONE', *, *, #3101, .F. ) ;
#2437 = ADVANCED_FACE ( 'NONE', ( #1304 ), #820, .F. ) ;
#2438 = PERSON_AND_ORGANIZATION_ROLE ( 'design_supplier' ) ;
#2439 = EDGE_LOOP ( 'NONE', ( #1236, #842, #1346, #2375 ) ) ;
#2440 = CYLINDRICAL_SURFACE ( 'NONE', #2776, 0.1630939226519336205 ) ;
#2441 = CYLINDRICAL_SURFACE ( 'NONE', #2925, 0.08353591160220986966 ) ;
#2442 = EDGE_LOOP ( 'NONE', ( #2247, #2207 ) ) ;
#2443 = DIRECTION ( 'NONE',  ( 0.000000000000000000, 0.000000000000000000, -1.000000000000000000 ) ) ;
#2444 = CYLINDRICAL_SURFACE ( 'NONE', #1222, 0.05966850828729281658 ) ;
#2445 = ORIENTED_EDGE ( 'NONE', *, *, #2085, .F. ) ;
#2446 = AXIS2_PLACEMENT_3D ( 'NONE', #657, #2463, #921 ) ;
#2447 = DIRECTION ( 'NONE',  ( 0.000000000000000000, 0.000000000000000000, 1.000000000000000000 ) ) ;
#2448 = LINE ( 'NONE', #71, #1161 ) ;
#2449 = EDGE_CURVE ( 'NONE', #2545, #1736, #1019, .T. ) ;
#2450 = AXIS2_PLACEMENT_3D ( 'NONE', #35, #22, #1325 ) ;
#2451 = VECTOR ( 'NONE', #2663, 1000.000000000000114 ) ;
#2452 = FACE_OUTER_BOUND ( 'NONE', #1239, .T. ) ;
#2453 = DIRECTION ( 'NONE',  ( -0.7071067811865480168, 0.000000000000000000, -0.7071067811865470176 ) ) ;
#2454 = ORIENTED_EDGE ( 'NONE', *, *, #1928, .F. ) ;
#2455 = APPROVAL_STATUS ( 'not_yet_approved' ) ;
#2456 = EDGE_CURVE ( 'NONE', #2482, #99, #558, .T. ) ;
#2457 = VECTOR ( 'NONE', #1353, 1000.000000000000000 ) ;
#2458 = AXIS2_PLACEMENT_3D ( 'NONE', #2592, #232, #1018 ) ;
#2459 = ORIENTED_EDGE ( 'NONE', *, *, #917, .F. ) ;
#2460 = DIRECTION ( 'NONE',  ( 0.000000000000000000, 0.000000000000000000, -1.000000000000000000 ) ) ;
#2461 = CIRCLE ( 'NONE', #2131, 0.08353591160220986966 ) ;
#2462 = DIRECTION ( 'NONE',  ( 0.000000000000000000, 0.000000000000000000, 1.000000000000000000 ) ) ;
#2463 = DIRECTION ( 'NONE',  ( 0.000000000000000000, 0.000000000000000000, -1.000000000000000000 ) ) ;
#2464 = DIRECTION ( 'NONE',  ( 0.000000000000000000, 0.000000000000000000, -1.000000000000000000 ) ) ;
#2465 = ORIENTED_EDGE ( 'NONE', *, *, #373, .F. ) ;
#2466 = CARTESIAN_POINT ( 'NONE',  ( -0.3860043099756281237, 0.2709242221814622265, -0.03381215469613262775 ) ) ;
#2467 = VECTOR ( 'NONE', #872, 1000.000000000000114 ) ;
#2468 = DIRECTION ( 'NONE',  ( 0.000000000000000000, 0.000000000000000000, 1.000000000000000000 ) ) ;
#2469 = ORIENTED_EDGE ( 'NONE', *, *, #2043, .T. ) ;
#2470 = ORIENTED_EDGE ( 'NONE', *, *, #1684, .F. ) ;
#2471 = DIRECTION ( 'NONE',  ( 0.000000000000000000, 0.000000000000000000, -1.000000000000000000 ) ) ;
#2472 = CARTESIAN_POINT ( 'NONE',  ( 0.5767955801104972524, -0.5966850828729284295, 0.8453834254143647309 ) ) ;
#2473 = EDGE_LOOP ( 'NONE', ( #1526, #2973, #1445, #2376 ) ) ;
#2474 = EDGE_LOOP ( 'NONE', ( #2531, #23, #844, #2454 ) ) ;
#2475 = EDGE_CURVE ( 'NONE', #1480, #1736, #2186, .T. ) ;
#2476 = EDGE_CURVE ( 'NONE', #1679, #2934, #2675, .T. ) ;
#2477 = ORIENTED_EDGE ( 'NONE', *, *, #159, .F. ) ;
#2478 = ADVANCED_FACE ( 'NONE', ( #332, #1104 ), #2121, .T. ) ;
#2479 = CARTESIAN_POINT ( 'NONE',  ( 0.000000000000000000, 0.000000000000000000, -0.4475138121546964887 ) ) ;
#2480 = CARTESIAN_POINT ( 'NONE',  ( 0.5767955801104972524, -0.5966850828729284295, 0.4475138121546964887 ) ) ;
#2481 = CARTESIAN_POINT ( 'NONE',  ( -0.9000000000000000222, 0.000000000000000000, 0.8453038674033162003 ) ) ;
#2482 = VERTEX_POINT ( 'NONE', #1132 ) ;
#2483 = ADVANCED_FACE ( 'NONE', ( #2148 ), #3234, .F. ) ;
#2484 = ORIENTED_EDGE ( 'NONE', *, *, #2215, .T. ) ;
#2485 = CARTESIAN_POINT ( 'NONE',  ( -0.6364640883977900065, 0.5966850828729284295, 0.4475138121546964887 ) ) ;
#2486 = DIRECTION ( 'NONE',  ( 1.000000000000000000, 0.000000000000000000, 0.000000000000000000 ) ) ;
#2487 = AXIS2_PLACEMENT_3D ( 'NONE', #436, #692, #1680 ) ;
#2488 = VERTEX_POINT ( 'NONE', #2946 ) ;
#2489 = PLANE ( 'NONE',  #499 ) ;
#2490 = LOCAL_TIME ( 11, 25, 28.00000000000000000, #1927 ) ;
#2491 = DIRECTION ( 'NONE',  ( 0.000000000000000000, 0.000000000000000000, -1.000000000000000000 ) ) ;
#2492 = EDGE_LOOP ( 'NONE', ( #2861, #98, #3097, #2891 ) ) ;
#2493 = DIRECTION ( 'NONE',  ( -1.000000000000000000, 0.000000000000000000, 0.000000000000000000 ) ) ;
#2494 = VECTOR ( 'NONE', #486, 1000.000000000000000 ) ;
#2495 = EDGE_LOOP ( 'NONE', ( #2228, #2414, #550, #2286 ) ) ;
#2496 = DIRECTION ( 'NONE',  ( 0.000000000000000000, 0.000000000000000000, -1.000000000000000000 ) ) ;
#2497 = ADVANCED_FACE ( 'NONE', ( #615 ), #3193, .T. ) ;
#2498 = ADVANCED_FACE ( 'NONE', ( #1620 ), #2397, .F. ) ;
#2499 = DIRECTION ( 'NONE',  ( 0.000000000000000000, 0.000000000000000000, -1.000000000000000000 ) ) ;
#2500 = DIRECTION ( 'NONE',  ( 1.000000000000000000, 0.000000000000000000, 0.000000000000000000 ) ) ;
#2501 = VERTEX_POINT ( 'NONE', #850 ) ;
#2502 = EDGE_CURVE ( 'NONE', #2258, #2715, #1809, .T. ) ;
#2503 = CARTESIAN_POINT ( 'NONE',  ( 0.6364640883977900065, 0.5966850828729284295, 0.4077348066298340790 ) ) ;
#2504 = CARTESIAN_POINT ( 'NONE',  ( -0.6430841644470083329, 0.3420994475138121049, 0.06563535911602208506 ) ) ;
#2505 = ORIENTED_EDGE ( 'NONE', *, *, #437, .F. ) ;
#2506 = ORIENTED_EDGE ( 'NONE', *, *, #904, .F. ) ;
#2507 = ORIENTED_EDGE ( 'NONE', *, *, #2476, .T. ) ;
#2508 = DIRECTION ( 'NONE',  ( 1.000000000000000000, 0.000000000000000000, 0.000000000000000000 ) ) ;
#2509 = CARTESIAN_POINT ( 'NONE',  ( -0.6364640883977900065, 0.5966850828729284295, 0.02983425414364638054 ) ) ;
#2510 = ORIENTED_EDGE ( 'NONE', *, *, #2737, .T. ) ;
#2511 = CALENDAR_DATE ( 2026, 29, 6 ) ;
#2512 = ORIENTED_EDGE ( 'NONE', *, *, #972, .T. ) ;
#2513 = AXIS2_PLACEMENT_3D ( 'NONE', #2605, #1523, #796 ) ;
#2514 = CIRCLE ( 'NONE', #219, 0.07955801104972372306 ) ;
#2515 = DIRECTION ( 'NONE',  ( 0.000000000000000000, 0.000000000000000000, -1.000000000000000000 ) ) ;
#2516 = CARTESIAN_POINT ( 'NONE',  ( -0.5171270718232042762, -0.5966850828729284295, 0.4475138121546964887 ) ) ;
#2517 = AXIS2_PLACEMENT_3D ( 'NONE', #1637, #2140, #852 ) ;
#2518 = VECTOR ( 'NONE', #96, 1000.000000000000000 ) ;
#2519 = TOROIDAL_SURFACE ( 'NONE', #68, 0.03977900552486187541, 0.08353591160220988354 ) ;
#2520 = DIRECTION ( 'NONE',  ( -1.000000000000000000, 0.000000000000000000, 0.000000000000000000 ) ) ;
#2521 = CYLINDRICAL_SURFACE ( 'NONE', #1553, 0.05966850828729281658 ) ;
#2522 = VERTEX_POINT ( 'NONE', #2163 ) ;
#2523 = EDGE_LOOP ( 'NONE', ( #3001, #3304, #1977, #957 ) ) ;
#2524 = ADVANCED_FACE ( 'NONE', ( #1902, #1870 ), #93, .T. ) ;
#2525 = DIRECTION ( 'NONE',  ( -1.000000000000000000, 0.000000000000000000, 0.000000000000000000 ) ) ;
#2526 = LINE ( 'NONE', #1223, #501 ) ;
#2527 = EDGE_CURVE ( 'NONE', #760, #2604, #2137, .T. ) ;
#2528 = EDGE_LOOP ( 'NONE', ( #382, #1362, #2971, #1605 ) ) ;
#2529 = DIRECTION ( 'NONE',  ( -1.826024711554529969E-16, -1.000000000000000000, 0.000000000000000000 ) ) ;
#2530 = FACE_OUTER_BOUND ( 'NONE', #243, .T. ) ;
#2531 = ORIENTED_EDGE ( 'NONE', *, *, #2730, .T. ) ;
#2532 = LINE ( 'NONE', #1985, #1309 ) ;
#2533 = FACE_BOUND ( 'NONE', #398, .T. ) ;
#2534 = DIRECTION ( 'NONE',  ( 0.000000000000000000, -1.000000000000000000, 0.000000000000000000 ) ) ;
#2535 = CARTESIAN_POINT ( 'NONE',  ( -0.4624309392265196772, 0.3580110497237570799, 0.04972375690607735987 ) ) ;
#2536 = ORIENTED_EDGE ( 'NONE', *, *, #2175, .T. ) ;
#2537 = ADVANCED_FACE ( 'NONE', ( #645 ), #1701, .F. ) ;
#2538 = VERTEX_POINT ( 'NONE', #1933 ) ;
#2539 = CARTESIAN_POINT ( 'NONE',  ( 0.6364640883977900065, 0.5966850828729284295, 0.2486187845303867716 ) ) ;
#2540 = DIRECTION ( 'NONE',  ( 0.000000000000000000, 0.000000000000000000, -1.000000000000000000 ) ) ;
#2541 = EDGE_LOOP ( 'NONE', ( #1724, #2986, #686, #2134 ) ) ;
#2542 = ORIENTED_EDGE ( 'NONE', *, *, #1614, .F. ) ;
#2543 = CC_DESIGN_PERSON_AND_ORGANIZATION_ASSIGNMENT ( #3187, #858, ( #1255 ) ) ;
#2544 = ADVANCED_FACE ( 'NONE', ( #2708, #1886 ), #2929, .F. ) ;
#2545 = VERTEX_POINT ( 'NONE', #1667 ) ;
#2546 = CARTESIAN_POINT ( 'NONE',  ( 0.9000000000000000222, -0.6762430939226516946, -0.4077348066298340790 ) ) ;
#2547 = DIRECTION ( 'NONE',  ( 0.000000000000000000, 0.000000000000000000, -1.000000000000000000 ) ) ;
#2548 = AXIS2_PLACEMENT_3D ( 'NONE', #1732, #3231, #1717 ) ;
#2549 = AXIS2_PLACEMENT_3D ( 'NONE', #1830, #2837, #2808 ) ;
#2550 = DIRECTION ( 'NONE',  ( 1.000000000000000000, 0.000000000000000000, 0.000000000000000000 ) ) ;
#2551 = ADVANCED_FACE ( 'NONE', ( #361 ), #2444, .F. ) ;
#2552 = CYLINDRICAL_SURFACE ( 'NONE', #2926, 0.1451933701657459053 ) ;
#2553 = DIRECTION ( 'NONE',  ( 0.000000000000000000, 0.000000000000000000, -1.000000000000000000 ) ) ;
#2554 = FACE_OUTER_BOUND ( 'NONE', #177, .T. ) ;
#2555 = ORIENTED_EDGE ( 'NONE', *, *, #528, .F. ) ;
#2556 = CARTESIAN_POINT ( 'NONE',  ( 0.4556605382210861532, -0.1577779665802066522, 0.04972375690607735987 ) ) ;
#2557 = LINE ( 'NONE', #1189, #450 ) ;
#2558 = ORIENTED_EDGE ( 'NONE', *, *, #2098, .T. ) ;
#2559 = ORIENTED_EDGE ( 'NONE', *, *, #504, .T. ) ;
#2560 = EDGE_CURVE ( 'NONE', #2604, #651, #1251, .T. ) ;
#2561 = CARTESIAN_POINT ( 'NONE',  ( -0.6364640883977900065, -0.5966850828729284295, 0.4475138121546964887 ) ) ;
#2562 = ADVANCED_FACE ( 'NONE', ( #381 ), #2765, .T. ) ;
#2563 = DIRECTION ( 'NONE',  ( 0.000000000000000000, -1.000000000000000000, 0.000000000000000000 ) ) ;
#2564 = AXIS2_PLACEMENT_3D ( 'NONE', #3297, #2200, #3012 ) ;
#2565 = CARTESIAN_POINT ( 'NONE',  ( -0.06097946691843612183, 0.4415469613259669357, 0.04972375690607735987 ) ) ;
#2566 = EDGE_CURVE ( 'NONE', #31, #1598, #461, .T. ) ;
#2567 = DIRECTION ( 'NONE',  ( 0.7071067811865474617, -0.7071067811865474617, 0.000000000000000000 ) ) ;
#2568 = AXIS2_PLACEMENT_3D ( 'NONE', #1008, #188, #2231 ) ;
#2569 = VECTOR ( 'NONE', #263, 1000.000000000000000 ) ;
#2570 = VECTOR ( 'NONE', #2581, 1000.000000000000000 ) ;
#2571 = VECTOR ( 'NONE', #493, 1000.000000000000000 ) ;
#2572 = CARTESIAN_POINT ( 'NONE',  ( -0.2635359116022096826, 0.4415469613259669357, 0.2486187845303867716 ) ) ;
#2573 = DIRECTION ( 'NONE',  ( 0.000000000000000000, 0.000000000000000000, -1.000000000000000000 ) ) ;
#2574 = EDGE_LOOP ( 'NONE', ( #1045, #1327, #2380, #3171 ) ) ;
#2575 = ORIENTED_EDGE ( 'NONE', *, *, #2566, .F. ) ;
#2576 = CARTESIAN_POINT ( 'NONE',  ( -0.2635359116022096826, -3.653642384196524518E-18, 0.08552486187845297072 ) ) ;
#2577 = AXIS2_PLACEMENT_3D ( 'NONE', #2875, #2343, #1066 ) ;
#2578 = CYLINDRICAL_SURFACE ( 'NONE', #2129, 0.1233149171270718492 ) ;
#2579 = ORIENTED_EDGE ( 'NONE', *, *, #2020, .T. ) ;
#2580 = LINE ( 'NONE', #1580, #2569 ) ;
#2581 = DIRECTION ( 'NONE',  ( 1.000000000000000000, 0.000000000000000000, 0.000000000000000000 ) ) ;
#2582 = ORIENTED_EDGE ( 'NONE', *, *, #2502, .F. ) ;
#2583 = EDGE_CURVE ( 'NONE', #369, #1118, #1989, .T. ) ;
#2584 = CARTESIAN_POINT ( 'NONE',  ( 0.6364640883977900065, -0.5966850828729284295, 0.4475138121546964887 ) ) ;
#2585 = DIRECTION ( 'NONE',  ( 0.000000000000000000, -1.000000000000000000, 0.000000000000000000 ) ) ;
#2586 = EDGE_CURVE ( 'NONE', #1956, #929, #1119, .T. ) ;
#2587 = ORIENTED_EDGE ( 'NONE', *, *, #397, .F. ) ;
#2588 = CARTESIAN_POINT ( 'NONE',  ( -0.06097946691843612183, -0.3182320441988954474, -0.03381215469613262775 ) ) ;
#2589 = DIRECTION ( 'NONE',  ( -1.000000000000000000, 0.000000000000000000, 0.000000000000000000 ) ) ;
#2590 = EDGE_LOOP ( 'NONE', ( #1540, #2267, #1122, #934, #1629 ) ) ;
#2591 = VERTEX_POINT ( 'NONE', #129 ) ;
#2592 = CARTESIAN_POINT ( 'NONE',  ( 0.6364640883977900065, 0.5966850828729284295, 0.02983425414364638054 ) ) ;
#2593 = EDGE_CURVE ( 'NONE', #2878, #996, #144, .T. ) ;
#2594 = FACE_OUTER_BOUND ( 'NONE', #1826, .T. ) ;
#2595 = FACE_OUTER_BOUND ( 'NONE', #2848, .T. ) ;
#2596 = CYLINDRICAL_SURFACE ( 'NONE', #717, 0.05966850828729281658 ) ;
#2597 = ORIENTED_EDGE ( 'NONE', *, *, #421, .T. ) ;
#2598 = VERTEX_POINT ( 'NONE', #402 ) ;
#2599 = DIRECTION ( 'NONE',  ( 1.000000000000000000, 0.000000000000000000, 0.000000000000000000 ) ) ;
#2600 = AXIS2_PLACEMENT_3D ( 'NONE', #1181, #192, #938 ) ;
#2601 = ORIENTED_EDGE ( 'NONE', *, *, #2730, .F. ) ;
#2602 = CARTESIAN_POINT ( 'NONE',  ( 0.8718719954445143250, 0.6481150893671633328, -0.4475138121546964887 ) ) ;
#2603 = VECTOR ( 'NONE', #2462, 1000.000000000000000 ) ;
#2604 = VERTEX_POINT ( 'NONE', #2725 ) ;
#2605 = CARTESIAN_POINT ( 'NONE',  ( -0.2635359116022096826, -3.653642384196524518E-18, 0.08552486187845297072 ) ) ;
#2606 = AXIS2_PLACEMENT_3D ( 'NONE', #2639, #826, #1895 ) ;
#2607 = CARTESIAN_POINT ( 'NONE',  ( -0.06097946691843612183, 0.3580110497237570799, 0.04972375690607735987 ) ) ;
#2608 = EDGE_CURVE ( 'NONE', #2263, #1371, #2244, .T. ) ;
#2609 = AXIS2_PLACEMENT_3D ( 'NONE', #1262, #1244, #2036 ) ;
#2610 = ORIENTED_EDGE ( 'NONE', *, *, #1948, .F. ) ;
#2611 = EDGE_LOOP ( 'NONE', ( #135, #2345, #2149 ) ) ;
#2612 = DIRECTION ( 'NONE',  ( 0.000000000000000000, 0.000000000000000000, -1.000000000000000000 ) ) ;
#2613 = CYLINDRICAL_SURFACE ( 'NONE', #949, 0.05966850828729281658 ) ;
#2614 = EDGE_CURVE ( 'NONE', #2803, #1961, #1735, .T. ) ;
#2615 = CARTESIAN_POINT ( 'NONE',  ( 0.5459668508287294220, -1.812667414753072584E-16, 0.04972375690607735987 ) ) ;
#2616 = LINE ( 'NONE', #3358, #772 ) ;
#2617 = ORIENTED_EDGE ( 'NONE', *, *, #2337, .F. ) ;
#2618 = ORIENTED_EDGE ( 'NONE', *, *, #2021, .T. ) ;
#2619 = CARTESIAN_POINT ( 'NONE',  ( -0.3860043099756281237, 0.2709242221814622265, -0.4475138121546964887 ) ) ;
#2620 = APPLICATION_CONTEXT ( 'configuration controlled 3d designs of mechanical parts and assemblies' ) ;
#2621 = DIRECTION ( 'NONE',  ( 0.000000000000000000, 0.000000000000000000, -1.000000000000000000 ) ) ;
#2622 = ORIENTED_EDGE ( 'NONE', *, *, #2085, .T. ) ;
#2623 = DIRECTION ( 'NONE',  ( 0.000000000000000000, 0.000000000000000000, 1.000000000000000000 ) ) ;
#2624 = DIRECTION ( 'NONE',  ( -1.000000000000000000, 0.000000000000000000, 0.000000000000000000 ) ) ;
#2625 = VECTOR ( 'NONE', #137, 1000.000000000000000 ) ;
#2626 = ORIENTED_EDGE ( 'NONE', *, *, #725, .F. ) ;
#2627 = CIRCLE ( 'NONE', #2075, 0.1193370165745857442 ) ;
#2628 = VECTOR ( 'NONE', #3235, 1000.000000000000000 ) ;
#2629 = CARTESIAN_POINT ( 'NONE',  ( -0.6364640883977900065, 0.5966850828729284295, 0.4475138121546964887 ) ) ;
#2630 = FACE_OUTER_BOUND ( 'NONE', #1558, .T. ) ;
#2631 = AXIS2_PLACEMENT_3D ( 'NONE', #470, #2289, #1517 ) ;
#2632 = VECTOR ( 'NONE', #1788, 1000.000000000000114 ) ;
#2633 = ADVANCED_FACE ( 'NONE', ( #2246 ), #2519, .F. ) ;
#2634 = ADVANCED_FACE ( 'NONE', ( #1682 ), #3251, .F. ) ;
#2635 = AXIS2_PLACEMENT_3D ( 'NONE', #1592, #802, #2073 ) ;
#2636 = CARTESIAN_POINT ( 'NONE',  ( -0.4624309392265196772, -2.760222989399561546E-16, -0.03381215469613262775 ) ) ;
#2637 = DIRECTION ( 'NONE',  ( 1.000000000000000000, 0.000000000000000000, 0.000000000000000000 ) ) ;
#2638 = CARTESIAN_POINT ( 'NONE',  ( 0.2834254143646407487, -2.435761589464349807E-18, -0.03381215469613262081 ) ) ;
#2639 = CARTESIAN_POINT ( 'NONE',  ( -0.6364640883977900065, 0.5966850828729284295, 0.4475138121546964887 ) ) ;
#2640 = EDGE_LOOP ( 'NONE', ( #211, #1396 ) ) ;
#2641 = ORIENTED_EDGE ( 'NONE', *, *, #1573, .F. ) ;
#2642 = CARTESIAN_POINT ( 'NONE',  ( 0.3629834254143647909, -1.812667414753072584E-16, 0.04972375690607735987 ) ) ;
#2643 = CARTESIAN_POINT ( 'NONE',  ( -0.7806629834254142919, -0.7955801104972374249, -0.4077348066298340790 ) ) ;
#2644 = ORIENTED_EDGE ( 'NONE', *, *, #2449, .F. ) ;
#2645 = AXIS2_PLACEMENT_3D ( 'NONE', #856, #72, #1138 ) ;
#2646 = CARTESIAN_POINT ( 'NONE',  ( 0.000000000000000000, 0.7955801104972374249, 0.2486187845303867716 ) ) ;
#2647 = DIRECTION ( 'NONE',  ( 0.000000000000000000, 0.000000000000000000, -1.000000000000000000 ) ) ;
#2648 = EDGE_CURVE ( 'NONE', #396, #800, #2956, .T. ) ;
#2649 = LINE ( 'NONE', #298, #1434 ) ;
#2650 = CARTESIAN_POINT ( 'NONE',  ( -0.9000000000000000222, -0.6762430939226516946, -0.4077348066298340790 ) ) ;
#2651 = EDGE_CURVE ( 'NONE', #239, #42, #1863, .T. ) ;
#2652 = CARTESIAN_POINT ( 'NONE',  ( -0.6364640883977900065, -0.5966850828729284295, 0.8453834254143647309 ) ) ;
#2653 = CARTESIAN_POINT ( 'NONE',  ( -0.5007248615509842793, 0.2709242221814622265, -0.4084144646338817575 ) ) ;
#2654 = ORIENTED_EDGE ( 'NONE', *, *, #2237, .T. ) ;
#2655 = ADVANCED_FACE ( 'NONE', ( #2749 ), #2521, .F. ) ;
#2656 = ORIENTED_EDGE ( 'NONE', *, *, #2456, .F. ) ;
#2657 = CARTESIAN_POINT ( 'NONE',  ( -0.6812154696132592946, -0.3420994475138121049, 0.06563535911602208506 ) ) ;
#2658 = VECTOR ( 'NONE', #2573, 1000.000000000000000 ) ;
#2659 = AXIS2_PLACEMENT_3D ( 'NONE', #1294, #1521, #1782 ) ;
#2660 = CARTESIAN_POINT ( 'NONE',  ( 0.06464088397790053453, -2.435761589464349807E-18, -0.09348066298342548597 ) ) ;
#2661 = CARTESIAN_POINT ( 'NONE',  ( -0.06097946691843612183, 0.3182320441988954474, 0.04972375690607735987 ) ) ;
#2662 = AXIS2_PLACEMENT_3D ( 'NONE', #2775, #472, #2493 ) ;
#2663 = DIRECTION ( 'NONE',  ( -0.7071067811865474617, -0.7071067811865474617, 0.000000000000000000 ) ) ;
#2664 = CARTESIAN_POINT ( 'NONE',  ( 0.06464088397790053453, 0.000000000000000000, 0.1253038674033149225 ) ) ;
#2665 = ORIENTED_EDGE ( 'NONE', *, *, #205, .F. ) ;
#2666 = ORIENTED_EDGE ( 'NONE', *, *, #3186, .F. ) ;
#2667 = DIRECTION ( 'NONE',  ( -0.2810846377148240594, 0.6785983445458462215, -0.6785983445458462215 ) ) ;
#2668 =( LENGTH_UNIT ( ) NAMED_UNIT ( * ) SI_UNIT ( .MILLI., .METRE. ) );
#2669 = EDGE_CURVE ( 'NONE', #2258, #830, #1603, .T. ) ;
#2670 = ORIENTED_EDGE ( 'NONE', *, *, #729, .F. ) ;
#2671 = CARTESIAN_POINT ( 'NONE',  ( 0.7806629834254142919, -0.7955801104972374249, 0.8453038674033162003 ) ) ;
#2672 = VERTEX_POINT ( 'NONE', #419 ) ;
#2673 = AXIS2_PLACEMENT_3D ( 'NONE', #1590, #19, #3132 ) ;
#2674 = LINE ( 'NONE', #360, #1488 ) ;
#2675 = LINE ( 'NONE', #1367, #3279 ) ;
#2676 = AXIS2_PLACEMENT_3D ( 'NONE', #1208, #1996, #1504 ) ;
#2677 = CIRCLE ( 'NONE', #1271, 0.08353591160220995293 ) ;
#2678 = DIRECTION ( 'NONE',  ( -0.7071067811865470176, 0.000000000000000000, -0.7071067811865480168 ) ) ;
#2679 = CIRCLE ( 'NONE', #275, 0.1193370165745857442 ) ;
#2680 = LINE ( 'NONE', #387, #3059 ) ;
#2681 = AXIS2_PLACEMENT_3D ( 'NONE', #3, #733, #478 ) ;
#2682 = ORIENTED_EDGE ( 'NONE', *, *, #2046, .F. ) ;
#2683 = ORIENTED_EDGE ( 'NONE', *, *, #836, .T. ) ;
#2684 = AXIS2_PLACEMENT_3D ( 'NONE', #596, #1635, #890 ) ;
#2685 = DIRECTION ( 'NONE',  ( 1.000000000000000000, 0.000000000000000000, 0.000000000000000000 ) ) ;
#2686 = DIRECTION ( 'NONE',  ( 1.000000000000000000, 0.000000000000000000, 0.000000000000000000 ) ) ;
#2687 = EDGE_CURVE ( 'NONE', #1679, #2258, #978, .T. ) ;
#2688 = ORIENTED_EDGE ( 'NONE', *, *, #2762, .T. ) ;
#2689 = DIRECTION ( 'NONE',  ( -1.000000000000000000, 0.000000000000000000, 0.000000000000000000 ) ) ;
#2690 = CARTESIAN_POINT ( 'NONE',  ( -0.6851933701657461073, -0.2999902417950753297, 0.2287292817679560109 ) ) ;
#2691 = EDGE_CURVE ( 'NONE', #2759, #790, #393, .T. ) ;
#2692 = EDGE_LOOP ( 'NONE', ( #3209, #3098 ) ) ;
#2693 = DIRECTION ( 'NONE',  ( 0.000000000000000000, 0.000000000000000000, -1.000000000000000000 ) ) ;
#2694 = DIRECTION ( 'NONE',  ( 1.000000000000000000, 0.000000000000000000, 0.000000000000000000 ) ) ;
#2695 = ADVANCED_FACE ( 'NONE', ( #2025 ), #227, .T. ) ;
#2696 = DIRECTION ( 'NONE',  ( 1.000000000000000000, 0.000000000000000000, 0.000000000000000000 ) ) ;
#2697 = FACE_OUTER_BOUND ( 'NONE', #2611, .T. ) ;
#2698 = ORIENTED_EDGE ( 'NONE', *, *, #1573, .T. ) ;
#2699 = EDGE_LOOP ( 'NONE', ( #3087, #2683, #2858, #2726 ) ) ;
#2700 = CARTESIAN_POINT ( 'NONE',  ( -0.2436464088397789218, 0.5807734806629833990, 0.2486187845303867716 ) ) ;
#2701 = DIRECTION ( 'NONE',  ( 0.000000000000000000, 0.000000000000000000, -1.000000000000000000 ) ) ;
#2702 = APPROVAL_ROLE ( '' ) ;
#2703 = ORIENTED_EDGE ( 'NONE', *, *, #1486, .F. ) ;
#2704 = CARTESIAN_POINT ( 'NONE',  ( -0.2712837584002720792, 0.2709242221814622265, -0.4084144646338817575 ) ) ;
#2705 = LINE ( 'NONE', #2690, #975 ) ;
#2706 = CARTESIAN_POINT ( 'NONE',  ( -0.2436464088397789218, 0.5767955801104976965, 0.2486187845303867716 ) ) ;
#2707 = VECTOR ( 'NONE', #2567, 1000.000000000000114 ) ;
#2708 = FACE_BOUND ( 'NONE', #2692, .T. ) ;
#2709 = ORIENTED_EDGE ( 'NONE', *, *, #876, .F. ) ;
#2710 = PRODUCT_DEFINITION_FORMATION_WITH_SPECIFIED_SOURCE ( '�', '', #1255, .NOT_KNOWN. ) ;
#2711 = EDGE_CURVE ( 'NONE', #2202, #1004, #3335, .T. ) ;
#2712 = CARTESIAN_POINT ( 'NONE',  ( 0.7558011049723758479, -0.5966850828729284295, 0.2486187845303867716 ) ) ;
#2713 = CARTESIAN_POINT ( 'NONE',  ( 0.7806629834254142919, -0.7955801104972374249, -0.4077348066298340790 ) ) ;
#2714 = EDGE_LOOP ( 'NONE', ( #2911, #500, #117, #1876 ) ) ;
#2715 = VERTEX_POINT ( 'NONE', #1043 ) ;
#2716 = CARTESIAN_POINT ( 'NONE',  ( 0.000000000000000000, 0.7558011049723758479, -0.4475138121546964887 ) ) ;
#2717 = DIRECTION ( 'NONE',  ( 1.000000000000000000, 0.000000000000000000, 0.000000000000000000 ) ) ;
#2718 = EDGE_LOOP ( 'NONE', ( #3201, #3274 ) ) ;
#2719 = ORIENTED_EDGE ( 'NONE', *, *, #3079, .F. ) ;
#2720 = CALENDAR_DATE ( 2026, 29, 6 ) ;
#2721 = DIRECTION ( 'NONE',  ( 0.000000000000000000, 0.000000000000000000, -1.000000000000000000 ) ) ;
#2722 = ORIENTED_EDGE ( 'NONE', *, *, #2857, .F. ) ;
#2723 = CARTESIAN_POINT ( 'NONE',  ( -0.06097946691843612183, 0.3182320441988954474, -0.03381215469613262775 ) ) ;
#2724 = FACE_OUTER_BOUND ( 'NONE', #2315, .T. ) ;
#2725 = CARTESIAN_POINT ( 'NONE',  ( 0.9000000000000000222, -0.6762430939226516946, 0.2486187845303867716 ) ) ;
#2726 = ORIENTED_EDGE ( 'NONE', *, *, #1934, .F. ) ;
#2727 = ORIENTED_EDGE ( 'NONE', *, *, #2890, .F. ) ;
#2728 = AXIS2_PLACEMENT_3D ( 'NONE', #579, #2693, #1885 ) ;
#2729 = DIRECTION ( 'NONE',  ( -0.7071067811865475727, 0.7071067811865475727, 0.000000000000000000 ) ) ;
#2730 = EDGE_CURVE ( 'NONE', #996, #3033, #2066, .T. ) ;
#2731 = SPHERICAL_SURFACE ( 'NONE', #2240, 0.08353591160220988354 ) ;
#2732 = ORIENTED_EDGE ( 'NONE', *, *, #2046, .T. ) ;
#2733 = CONICAL_SURFACE ( 'NONE', #272, 0.07955801104972372306, 0.7853981633974476129 ) ;
#2734 = CIRCLE ( 'NONE', #2839, 0.07955801104972372306 ) ;
#2735 = ORIENTED_EDGE ( 'NONE', *, *, #2043, .F. ) ;
#2736 = CC_DESIGN_PERSON_AND_ORGANIZATION_ASSIGNMENT ( #1677, #2438, ( #2710 ) ) ;
#2737 = EDGE_CURVE ( 'NONE', #396, #2501, #2304, .T. ) ;
#2738 = VECTOR ( 'NONE', #670, 1000.000000000000000 ) ;
#2739 = AXIS2_PLACEMENT_3D ( 'NONE', #867, #851, #2931 ) ;
#2740 = DIRECTION ( 'NONE',  ( 1.000000000000000000, 0.000000000000000000, 0.000000000000000000 ) ) ;
#2741 = CARTESIAN_POINT ( 'NONE',  ( -0.6364640883977900065, -0.5966850828729284295, 0.4475138121546964887 ) ) ;
#2742 = SHAPE_DEFINITION_REPRESENTATION ( #2279, #3357 ) ;
#2743 = VECTOR ( 'NONE', #3133, 1000.000000000000000 ) ;
#2744 = ORIENTED_EDGE ( 'NONE', *, *, #866, .F. ) ;
#2745 = EDGE_CURVE ( 'NONE', #1978, #2954, #1865, .T. ) ;
#2746 = VECTOR ( 'NONE', #1027, 1000.000000000000114 ) ;
#2747 = CARTESIAN_POINT ( 'NONE',  ( -0.6364640883977900065, 0.5966850828729284295, 0.2486187845303867716 ) ) ;
#2748 = DIRECTION ( 'NONE',  ( 1.000000000000000000, 0.000000000000000000, 0.000000000000000000 ) ) ;
#2749 = FACE_OUTER_BOUND ( 'NONE', #2492, .T. ) ;
#2750 = EDGE_LOOP ( 'NONE', ( #3309, #1692 ) ) ;
#2751 = DIRECTION ( 'NONE',  ( 1.000000000000000000, 0.000000000000000000, 0.000000000000000000 ) ) ;
#2752 = DIRECTION ( 'NONE',  ( -0.5064781829111170142, -0.8622527762988374533, 0.000000000000000000 ) ) ;
#2753 = ORIENTED_EDGE ( 'NONE', *, *, #898, .F. ) ;
#2754 = EDGE_LOOP ( 'NONE', ( #710, #181 ) ) ;
#2755 = DIRECTION ( 'NONE',  ( 0.000000000000000000, 0.000000000000000000, -1.000000000000000000 ) ) ;
#2756 = CARTESIAN_POINT ( 'NONE',  ( -0.2436464088397789218, -0.4415469613259669357, 0.2486187845303867716 ) ) ;
#2757 = ORIENTED_EDGE ( 'NONE', *, *, #2855, .T. ) ;
#2758 = ADVANCED_FACE ( 'NONE', ( #1335 ), #728, .T. ) ;
#2759 = VERTEX_POINT ( 'NONE', #524 ) ;
#2760 = ORIENTED_EDGE ( 'NONE', *, *, #1757, .T. ) ;
#2761 = CARTESIAN_POINT ( 'NONE',  ( -0.5569060773480662974, -0.5966850828729284295, 0.4475138121546964887 ) ) ;
#2762 = EDGE_CURVE ( 'NONE', #1133, #2365, #2053, .T. ) ;
#2763 = DIRECTION ( 'NONE',  ( 0.000000000000000000, 0.000000000000000000, -1.000000000000000000 ) ) ;
#2764 = CARTESIAN_POINT ( 'NONE',  ( 0.6364640883977900065, -0.5966850828729284295, 0.02983425414364638054 ) ) ;
#2765 = PLANE ( 'NONE',  #3116 ) ;
#2766 = EDGE_LOOP ( 'NONE', ( #3014, #2688, #1800, #1704 ) ) ;
#2767 = DIRECTION ( 'NONE',  ( -0.000000000000000000, -1.000000000000000000, -0.000000000000000000 ) ) ;
#2768 = DIRECTION ( 'NONE',  ( 0.7071067811865470176, 8.659560562354926695E-17, -0.7071067811865480168 ) ) ;
#2769 = CIRCLE ( 'NONE', #639, 0.02585635359116022006 ) ;
#2770 = ORIENTED_EDGE ( 'NONE', *, *, #202, .T. ) ;
#2771 = ORIENTED_EDGE ( 'NONE', *, *, #2358, .F. ) ;
#2772 = CARTESIAN_POINT ( 'NONE',  ( -0.04083226848219265875, 0.3525316021511135656, -0.03381215469613262775 ) ) ;
#2773 = DIRECTION ( 'NONE',  ( 1.000000000000000000, 0.000000000000000000, 0.000000000000000000 ) ) ;
#2774 = COORDINATED_UNIVERSAL_TIME_OFFSET ( 8, 0, .AHEAD. ) ;
#2775 = CARTESIAN_POINT ( 'NONE',  ( 0.6364640883977900065, -0.5966850828729284295, 0.8453834254143647309 ) ) ;
#2776 = AXIS2_PLACEMENT_3D ( 'NONE', #106, #3230, #2721 ) ;
#2777 = DIRECTION ( 'NONE',  ( 1.000000000000000000, 0.000000000000000000, 0.000000000000000000 ) ) ;
#2778 = ADVANCED_FACE ( 'NONE', ( #509 ), #30, .F. ) ;
#2779 = DIRECTION ( 'NONE',  ( 1.000000000000000000, 0.000000000000000000, 0.000000000000000000 ) ) ;
#2780 = DIRECTION ( 'NONE',  ( 0.000000000000000000, 0.000000000000000000, -1.000000000000000000 ) ) ;
#2781 = VERTEX_POINT ( 'NONE', #1079 ) ;
#2782 = LINE ( 'NONE', #132, #451 ) ;
#2783 = LINE ( 'NONE', #1740, #280 ) ;
#2784 = VECTOR ( 'NONE', #334, 1000.000000000000000 ) ;
#2785 = EDGE_LOOP ( 'NONE', ( #2868, #2626 ) ) ;
#2786 = DIRECTION ( 'NONE',  ( 0.8622527762988370093, 0.5064781829111180134, 0.000000000000000000 ) ) ;
#2787 = VECTOR ( 'NONE', #2977, 1000.000000000000000 ) ;
#2788 = PLANE ( 'NONE',  #2126 ) ;
#2789 = AXIS2_PLACEMENT_3D ( 'NONE', #1810, #1792, #234 ) ;
#2790 = DIRECTION ( 'NONE',  ( -1.000000000000000000, 0.000000000000000000, 0.000000000000000000 ) ) ;
#2791 = DIRECTION ( 'NONE',  ( 1.000000000000000000, 0.000000000000000000, 0.000000000000000000 ) ) ;
#2792 = CIRCLE ( 'NONE', #63, 0.1193370165745857442 ) ;
#2793 = AXIS2_PLACEMENT_3D ( 'NONE', #1577, #2612, #1319 ) ;
#2794 = CYLINDRICAL_SURFACE ( 'NONE', #2344, 0.1193370165745857442 ) ;
#2795 = DIRECTION ( 'NONE',  ( 0.000000000000000000, 0.000000000000000000, -1.000000000000000000 ) ) ;
#2796 = ORIENTED_EDGE ( 'NONE', *, *, #1305, .T. ) ;
#2797 = EDGE_CURVE ( 'NONE', #169, #337, #2461, .T. ) ;
#2798 = ORIENTED_EDGE ( 'NONE', *, *, #598, .F. ) ;
#2799 = DIRECTION ( 'NONE',  ( -1.000000000000000000, 0.000000000000000000, 0.000000000000000000 ) ) ;
#2800 = LINE ( 'NONE', #467, #1382 ) ;
#2801 = ORIENTED_EDGE ( 'NONE', *, *, #1220, .F. ) ;
#2802 = EDGE_CURVE ( 'NONE', #2268, #2080, #2903, .T. ) ;
#2803 = VERTEX_POINT ( 'NONE', #17 ) ;
#2804 = DIRECTION ( 'NONE',  ( -0.8622527762988376754, 0.5064781829111167921, 0.000000000000000000 ) ) ;
#2805 = CARTESIAN_POINT ( 'NONE',  ( 0.7806629834254142919, 0.7955801104972374249, -0.4475138121546964887 ) ) ;
#2806 = VERTEX_POINT ( 'NONE', #3130 ) ;
#2807 = CYLINDRICAL_SURFACE ( 'NONE', #151, 0.1193370165745857442 ) ;
#2808 = DIRECTION ( 'NONE',  ( 0.000000000000000000, 0.000000000000000000, -1.000000000000000000 ) ) ;
#2809 = CARTESIAN_POINT ( 'NONE',  ( -1.098895027624309684, -0.4773480662983427547, 0.2486187845303867716 ) ) ;
#2810 = FACE_OUTER_BOUND ( 'NONE', #376, .T. ) ;
#2811 = VERTEX_POINT ( 'NONE', #540 ) ;
#2812 = ORIENTED_EDGE ( 'NONE', *, *, #1289, .F. ) ;
#2813 = FACE_OUTER_BOUND ( 'NONE', #2404, .T. ) ;
#2814 = DIRECTION ( 'NONE',  ( 1.000000000000000000, 0.000000000000000000, 0.000000000000000000 ) ) ;
#2815 = EDGE_LOOP ( 'NONE', ( #53, #150, #1496, #18 ) ) ;
#2816 = EDGE_CURVE ( 'NONE', #929, #1956, #530, .T. ) ;
#2817 = DIRECTION ( 'NONE',  ( 0.000000000000000000, 0.000000000000000000, -1.000000000000000000 ) ) ;
#2818 = DIRECTION ( 'NONE',  ( 0.000000000000000000, 0.000000000000000000, 1.000000000000000000 ) ) ;
#2819 = VECTOR ( 'NONE', #2496, 1000.000000000000000 ) ;
#2820 = ORIENTED_EDGE ( 'NONE', *, *, #2560, .T. ) ;
#2821 = DIRECTION ( 'NONE',  ( -1.000000000000000000, 0.000000000000000000, 0.000000000000000000 ) ) ;
#2822 = DIRECTION ( 'NONE',  ( -1.000000000000000000, 1.224646799147353700E-16, 0.000000000000000000 ) ) ;
#2823 = CIRCLE ( 'NONE', #1092, 0.08353591160220986966 ) ;
#2824 = DIRECTION ( 'NONE',  ( 1.000000000000000000, 0.000000000000000000, 0.000000000000000000 ) ) ;
#2825 = CARTESIAN_POINT ( 'NONE',  ( 0.8602209944751383341, 0.000000000000000000, -0.4475138121546964887 ) ) ;
#2826 = ORIENTED_EDGE ( 'NONE', *, *, #1931, .T. ) ;
#2827 = EDGE_LOOP ( 'NONE', ( #1269, #254, #1041, #716, #616 ) ) ;
#2828 = CARTESIAN_POINT ( 'NONE',  ( 0.6961325966850828717, 0.5966850828729284295, 0.02983425414364638054 ) ) ;
#2829 = CARTESIAN_POINT ( 'NONE',  ( -0.7641859798393019210, 0.7558011049723758479, -0.4475138121546964887 ) ) ;
#2830 = EDGE_CURVE ( 'NONE', #538, #1407, #1771, .T. ) ;
#2831 = CARTESIAN_POINT ( 'NONE',  ( 0.7806629834254142919, 0.7955801104972374249, 0.2486187845303867716 ) ) ;
#2832 = CARTESIAN_POINT ( 'NONE',  ( 0.7558011049723758479, -0.5966850828729284295, 0.02983425414364638054 ) ) ;
#2833 = ADVANCED_FACE ( 'NONE', ( #2810 ), #475, .T. ) ;
#2834 = ADVANCED_FACE ( 'NONE', ( #2554 ), #210, .T. ) ;
#2835 = VECTOR ( 'NONE', #848, 1000.000000000000000 ) ;
#2836 = CYLINDRICAL_SURFACE ( 'NONE', #2847, 0.1193370165745857442 ) ;
#2837 = DIRECTION ( 'NONE',  ( 1.000000000000000000, 0.000000000000000000, 0.000000000000000000 ) ) ;
#2838 = CIRCLE ( 'NONE', #217, 0.03977900552486187541 ) ;
#2839 = AXIS2_PLACEMENT_3D ( 'NONE', #2288, #1726, #2508 ) ;
#2840 = EDGE_CURVE ( 'NONE', #2545, #3041, #1783, .T. ) ;
#2841 = VECTOR ( 'NONE', #149, 1000.000000000000114 ) ;
#2842 = AXIS2_PLACEMENT_3D ( 'NONE', #1706, #1188, #527 ) ;
#2843 = CARTESIAN_POINT ( 'NONE',  ( -0.7558011049723758479, 0.5966850828729284295, 0.02983425414364638054 ) ) ;
#2844 = DIRECTION ( 'NONE',  ( 0.000000000000000000, 0.000000000000000000, -1.000000000000000000 ) ) ;
#2845 = AXIS2_PLACEMENT_3D ( 'NONE', #665, #2011, #2752 ) ;
#2846 = ORIENTED_EDGE ( 'NONE', *, *, #1202, .T. ) ;
#2847 = AXIS2_PLACEMENT_3D ( 'NONE', #2584, #1023, #301 ) ;
#2848 = EDGE_LOOP ( 'NONE', ( #2558, #1168 ) ) ;
#2849 = DIRECTION ( 'NONE',  ( -0.5064781829111166811, -0.8622527762988375644, 0.000000000000000000 ) ) ;
#2850 = DIRECTION ( 'NONE',  ( 0.000000000000000000, 0.000000000000000000, -1.000000000000000000 ) ) ;
#2851 = DIRECTION ( 'NONE',  ( 0.8622527762988368982, 0.5064781829111180134, 0.000000000000000000 ) ) ;
#2852 = FACE_BOUND ( 'NONE', #774, .T. ) ;
#2853 = VERTEX_POINT ( 'NONE', #3081 ) ;
#2854 = DIRECTION ( 'NONE',  ( 0.000000000000000000, 0.000000000000000000, 1.000000000000000000 ) ) ;
#2855 = EDGE_CURVE ( 'NONE', #2097, #803, #1786, .T. ) ;
#2856 = DIRECTION ( 'NONE',  ( -1.000000000000000000, 0.000000000000000000, 0.000000000000000000 ) ) ;
#2857 = EDGE_CURVE ( 'NONE', #3184, #427, #229, .T. ) ;
#2858 = ORIENTED_EDGE ( 'NONE', *, *, #1381, .T. ) ;
#2859 = CARTESIAN_POINT ( 'NONE',  ( -0.8718719954445143250, -0.6481150893671633328, -0.4475138121546964887 ) ) ;
#2860 = CARTESIAN_POINT ( 'NONE',  ( 0.6364640883977900065, -0.5966850828729284295, -0.4475138121546964887 ) ) ;
#2861 = ORIENTED_EDGE ( 'NONE', *, *, #1654, .T. ) ;
#2862 = ORIENTED_EDGE ( 'NONE', *, *, #257, .T. ) ;
#2863 = LINE ( 'NONE', #801, #2571 ) ;
#2864 = CARTESIAN_POINT ( 'NONE',  ( 0.4624309392265195107, -1.812667414753072584E-16, 0.04972375690607735987 ) ) ;
#2865 = FACE_OUTER_BOUND ( 'NONE', #2827, .T. ) ;
#2866 = FACE_OUTER_BOUND ( 'NONE', #2233, .T. ) ;
#2867 = EDGE_LOOP ( 'NONE', ( #2883, #3245, #678, #638 ) ) ;
#2868 = ORIENTED_EDGE ( 'NONE', *, *, #875, .F. ) ;
#2869 = DIRECTION ( 'NONE',  ( 0.7071067811865480168, 0.7071067811865470176, 0.000000000000000000 ) ) ;
#2870 = DIRECTION ( 'NONE',  ( 0.000000000000000000, 0.000000000000000000, -1.000000000000000000 ) ) ;
#2871 = ADVANCED_FACE ( 'NONE', ( #1798 ), #341, .F. ) ;
#2872 = APPROVAL_PERSON_ORGANIZATION ( #1394, #303, #878 ) ;
#2873 = ORIENTED_EDGE ( 'NONE', *, *, #1510, .F. ) ;
#2874 = CARTESIAN_POINT ( 'NONE',  ( -0.7806629834254142919, -0.7955801104972374249, -0.4475138121546964887 ) ) ;
#2875 = CARTESIAN_POINT ( 'NONE',  ( -0.3860043099756281237, 0.2709242221814622265, -0.03381215469613262775 ) ) ;
#2876 = ADVANCED_FACE ( 'NONE', ( #2893 ), #2133, .T. ) ;
#2877 = AXIS2_PLACEMENT_3D ( 'NONE', #2619, #3361, #9 ) ;
#2878 = VERTEX_POINT ( 'NONE', #1099 ) ;
#2879 = CARTESIAN_POINT ( 'NONE',  ( 0.06464088397790053453, 0.000000000000000000, 0.08552486187845297072 ) ) ;
#2880 = CARTESIAN_POINT ( 'NONE',  ( -0.6812154696132592946, -0.3420994475138121049, 0.2486187845303867716 ) ) ;
#2881 = DIRECTION ( 'NONE',  ( 0.000000000000000000, 0.000000000000000000, -1.000000000000000000 ) ) ;
#2882 = DIRECTION ( 'NONE',  ( 0.000000000000000000, 0.000000000000000000, -1.000000000000000000 ) ) ;
#2883 = ORIENTED_EDGE ( 'NONE', *, *, #389, .T. ) ;
#2884 = DIRECTION ( 'NONE',  ( 0.000000000000000000, 0.000000000000000000, 1.000000000000000000 ) ) ;
#2885 = CARTESIAN_POINT ( 'NONE',  ( -0.3860043099756281237, 0.2709242221814622265, -0.4084144646338817575 ) ) ;
#2886 = ORIENTED_EDGE ( 'NONE', *, *, #159, .T. ) ;
#2887 = ORIENTED_EDGE ( 'NONE', *, *, #1530, .F. ) ;
#2888 = VECTOR ( 'NONE', #2383, 1000.000000000000000 ) ;
#2889 = EDGE_CURVE ( 'NONE', #831, #427, #2150, .T. ) ;
#2890 = EDGE_CURVE ( 'NONE', #31, #1897, #418, .T. ) ;
#2891 = ORIENTED_EDGE ( 'NONE', *, *, #1731, .F. ) ;
#2892 = FACE_OUTER_BOUND ( 'NONE', #1922, .T. ) ;
#2893 = FACE_OUTER_BOUND ( 'NONE', #2361, .T. ) ;
#2894 = VERTEX_POINT ( 'NONE', #309 ) ;
#2895 = CIRCLE ( 'NONE', #1002, 0.1591160220994475016 ) ;
#2896 = AXIS2_PLACEMENT_3D ( 'NONE', #2561, #3342, #1020 ) ;
#2897 = LINE ( 'NONE', #3164, #2835 ) ;
#2898 = EDGE_CURVE ( 'NONE', #1962, #174, #2161, .T. ) ;
#2899 = DIRECTION ( 'NONE',  ( 0.000000000000000000, 0.000000000000000000, -1.000000000000000000 ) ) ;
#2900 = B_SPLINE_CURVE_WITH_KNOTS ( 'NONE', 3,
 ( #2105, #1869, #1082, #889 ),
 .UNSPECIFIED., .F., .F.,
 ( 4, 4 ),
 ( 2.590093240472484860E-19, 3.009561673608932814E-05 ),
 .UNSPECIFIED. ) ;
#2901 = VECTOR ( 'NONE', #2780, 1000.000000000000000 ) ;
#2902 = CIRCLE ( 'NONE', #773, 0.07955801104972372306 ) ;
#2903 = CIRCLE ( 'NONE', #2577, 0.04457097145044359304 ) ;
#2904 = PLANE ( 'NONE',  #1909 ) ;
#2905 = DIRECTION ( 'NONE',  ( -0.4999999999999996114, -0.4999999999999998890, -0.7071067811865479058 ) ) ;
#2906 = EDGE_LOOP ( 'NONE', ( #189, #1095 ) ) ;
#2907 = EDGE_CURVE ( 'NONE', #372, #396, #2769, .T. ) ;
#2908 = FACE_OUTER_BOUND ( 'NONE', #2910, .T. ) ;
#2909 = FACE_OUTER_BOUND ( 'NONE', #355, .T. ) ;
#2910 = EDGE_LOOP ( 'NONE', ( #103, #411, #1029, #894 ) ) ;
#2911 = ORIENTED_EDGE ( 'NONE', *, *, #2762, .F. ) ;
#2912 = CARTESIAN_POINT ( 'NONE',  ( 0.06464088397790053453, 0.000000000000000000, 0.08552486187845297072 ) ) ;
#2913 = ORIENTED_EDGE ( 'NONE', *, *, #3091, .T. ) ;
#2914 = DIRECTION ( 'NONE',  ( 0.000000000000000000, 0.000000000000000000, 1.000000000000000000 ) ) ;
#2915 = DIRECTION ( 'NONE',  ( 0.000000000000000000, 0.000000000000000000, -1.000000000000000000 ) ) ;
#2916 = CARTESIAN_POINT ( 'NONE',  ( 0.004972375690608015451, 0.3580110497237570799, -0.03381215469613262775 ) ) ;
#2917 = PLANE ( 'NONE',  #1377 ) ;
#2918 = EDGE_LOOP ( 'NONE', ( #195, #2469, #2328, #462 ) ) ;
#2919 = VERTEX_POINT ( 'NONE', #2410 ) ;
#2920 = ADVANCED_FACE ( 'NONE', ( #59 ), #1868, .T. ) ;
#2921 = CARTESIAN_POINT ( 'NONE',  ( -0.2436464088397789218, 0.5796083805660439126, 0.1264689675002527158 ) ) ;
#2922 = MECHANICAL_CONTEXT ( 'NONE', #1473, 'mechanical' ) ;
#2923 = VERTEX_POINT ( 'NONE', #293 ) ;
#2924 = DIRECTION ( 'NONE',  ( 0.000000000000000000, 0.000000000000000000, -1.000000000000000000 ) ) ;
#2925 = AXIS2_PLACEMENT_3D ( 'NONE', #846, #1919, #1883 ) ;
#2926 = AXIS2_PLACEMENT_3D ( 'NONE', #1281, #776, #2084 ) ;
#2927 = ORIENTED_EDGE ( 'NONE', *, *, #2648, .F. ) ;
#2928 = LINE ( 'NONE', #1609, #2120 ) ;
#2929 = PLANE ( 'NONE',  #2684 ) ;
#2930 = CIRCLE ( 'NONE', #2385, 0.1193370165745857442 ) ;
#2931 = DIRECTION ( 'NONE',  ( -1.000000000000000000, 0.000000000000000000, 0.000000000000000000 ) ) ;
#2932 = CARTESIAN_POINT ( 'NONE',  ( -0.7160220994475138268, 0.5966850828729284295, 0.4475138121546964887 ) ) ;
#2933 = ORIENTED_EDGE ( 'NONE', *, *, #3015, .F. ) ;
#2934 = VERTEX_POINT ( 'NONE', #3210 ) ;
#2935 = CARTESIAN_POINT ( 'NONE',  ( -0.6364640883977900065, -0.5966850828729284295, 0.4475138121546964887 ) ) ;
#2936 = CC_DESIGN_PERSON_AND_ORGANIZATION_ASSIGNMENT ( #1943, #1450, ( #1493 ) ) ;
#2937 = ADVANCED_FACE ( 'NONE', ( #3177 ), #2441, .F. ) ;
#2938 = EDGE_CURVE ( 'NONE', #790, #2759, #1408, .T. ) ;
#2939 = ORIENTED_EDGE ( 'NONE', *, *, #707, .T. ) ;
#2940 = FACE_OUTER_BOUND ( 'NONE', #879, .T. ) ;
#2941 = DIRECTION ( 'NONE',  ( 0.000000000000000000, 0.000000000000000000, -1.000000000000000000 ) ) ;
#2942 = ORIENTED_EDGE ( 'NONE', *, *, #2311, .T. ) ;
#2943 = EDGE_CURVE ( 'NONE', #1159, #2112, #88, .T. ) ;
#2944 = AXIS2_PLACEMENT_3D ( 'NONE', #1199, #1681, #109 ) ;
#2945 = CARTESIAN_POINT ( 'NONE',  ( 0.6364640883977900065, -0.5966850828729284295, -0.4475138121546964887 ) ) ;
#2946 = CARTESIAN_POINT ( 'NONE',  ( -0.2436464088397789218, 0.5807734806629833990, 0.1276340675971899541 ) ) ;
#2947 = ORIENTED_EDGE ( 'NONE', *, *, #1515, .T. ) ;
#2948 = AXIS2_PLACEMENT_3D ( 'NONE', #2642, #45, #371 ) ;
#2949 = VECTOR ( 'NONE', #3055, 1000.000000000000114 ) ;
#2950 = DIRECTION ( 'NONE',  ( -0.8622527762988370093, -0.5064781829111180134, 0.000000000000000000 ) ) ;
#2951 = VECTOR ( 'NONE', #2189, 1000.000000000000000 ) ;
#2952 = CARTESIAN_POINT ( 'NONE',  ( -0.09447513812154695323, -2.435761589464349807E-18, -0.09348066298342548597 ) ) ;
#2953 = AXIS2_PLACEMENT_3D ( 'NONE', #2466, #1991, #1511 ) ;
#2954 = VERTEX_POINT ( 'NONE', #1145 ) ;
#2955 = EDGE_CURVE ( 'NONE', #507, #914, #2978, .T. ) ;
#2956 = CIRCLE ( 'NONE', #3332, 0.1929281767955801641 ) ;
#2957 = CARTESIAN_POINT ( 'NONE',  ( 0.2575690607734806847, 2.119112582833983419E-17, -0.05966850828729284434 ) ) ;
#2958 = FACE_OUTER_BOUND ( 'NONE', #1518, .T. ) ;
#2959 = ORIENTED_EDGE ( 'NONE', *, *, #421, .F. ) ;
#2960 = EDGE_LOOP ( 'NONE', ( #600, #520, #1599, #1658 ) ) ;
#2961 = CARTESIAN_POINT ( 'NONE',  ( -0.3860043099756281237, 0.2709242221814622265, -0.4475138121546964887 ) ) ;
#2962 = ADVANCED_FACE ( 'NONE', ( #560 ), #39, .F. ) ;
#2963 = CARTESIAN_POINT ( 'NONE',  ( -0.08055248618784537074, 0.000000000000000000, 0.1292817679558010691 ) ) ;
#2964 = DIRECTION ( 'NONE',  ( 0.000000000000000000, 0.000000000000000000, -1.000000000000000000 ) ) ;
#2965 = ORIENTED_EDGE ( 'NONE', *, *, #985, .T. ) ;
#2966 = CARTESIAN_POINT ( 'NONE',  ( -0.1521004520341533994, -0.02983058833238665802, -0.03381215469613262775 ) ) ;
#2967 = CARTESIAN_POINT ( 'NONE',  ( -0.6430841644470083329, -0.3420994475138121049, 0.2486187845303867716 ) ) ;
#2968 = EDGE_LOOP ( 'NONE', ( #357, #404, #1387, #2709 ) ) ;
#2969 = DIRECTION ( 'NONE',  ( 0.000000000000000000, 0.000000000000000000, 1.000000000000000000 ) ) ;
#2970 = DIRECTION ( 'NONE',  ( 1.000000000000000000, 0.000000000000000000, 0.000000000000000000 ) ) ;
#2971 = ORIENTED_EDGE ( 'NONE', *, *, #69, .T. ) ;
#2972 = DATE_AND_TIME ( #104, #1411 ) ;
#2973 = ORIENTED_EDGE ( 'NONE', *, *, #2098, .F. ) ;
#2974 = EDGE_CURVE ( 'NONE', #1163, #2, #1665, .T. ) ;
#2975 = LINE ( 'NONE', #2239, #2206 ) ;
#2976 = EDGE_CURVE ( 'NONE', #99, #2482, #3301, .T. ) ;
#2977 = DIRECTION ( 'NONE',  ( 0.000000000000000000, 0.000000000000000000, -1.000000000000000000 ) ) ;
#2978 = CIRCLE ( 'NONE', #3190, 0.1451933701657459053 ) ;
#2979 = CARTESIAN_POINT ( 'NONE',  ( 0.6364640883977900065, 0.5966850828729284295, 0.8453834254143647309 ) ) ;
#2980 = EDGE_CURVE ( 'NONE', #538, #1678, #2705, .T. ) ;
#2981 = AXIS2_PLACEMENT_3D ( 'NONE', #1616, #26, #2096 ) ;
#2982 = DIRECTION ( 'NONE',  ( 0.000000000000000000, 0.000000000000000000, -1.000000000000000000 ) ) ;
#2983 = CARTESIAN_POINT ( 'NONE',  ( 0.6364640883977900065, -0.5966850828729284295, 0.02983425414364638054 ) ) ;
#2984 = DIRECTION ( 'NONE',  ( 0.000000000000000000, 0.000000000000000000, 1.000000000000000000 ) ) ;
#2985 = CARTESIAN_POINT ( 'NONE',  ( -0.2635359116022096826, -3.653642384196524518E-18, 0.08552486187845297072 ) ) ;
#2986 = ORIENTED_EDGE ( 'NONE', *, *, #2955, .T. ) ;
#2987 = ORIENTED_EDGE ( 'NONE', *, *, #3253, .F. ) ;
#2988 = CARTESIAN_POINT ( 'NONE',  ( 0.7806629834254142919, -0.7955801104972374249, 0.2486187845303867716 ) ) ;
#2989 = DIRECTION ( 'NONE',  ( 1.000000000000000000, 0.000000000000000000, 0.000000000000000000 ) ) ;
#2990 = EDGE_CURVE ( 'NONE', #803, #281, #694, .T. ) ;
#2991 = CARTESIAN_POINT ( 'NONE',  ( -0.6364640883977900065, 0.5966850828729284295, 0.02983425414364638054 ) ) ;
#2992 = DIRECTION ( 'NONE',  ( 0.000000000000000000, 0.000000000000000000, -1.000000000000000000 ) ) ;
#2993 = EDGE_LOOP ( 'NONE', ( #2031, #1951 ) ) ;
#2994 = VECTOR ( 'NONE', #296, 1000.000000000000000 ) ;
#2995 = EDGE_CURVE ( 'NONE', #1407, #492, #1618, .T. ) ;
#2996 = LINE ( 'NONE', #183, #221 ) ;
#2997 = LINE ( 'NONE', #966, #1433 ) ;
#2998 = ORIENTED_EDGE ( 'NONE', *, *, #1614, .T. ) ;
#2999 = AXIS2_PLACEMENT_3D ( 'NONE', #1175, #2174, #2193 ) ;
#3000 = AXIS2_PLACEMENT_3D ( 'NONE', #3134, #2078, #805 ) ;
#3001 = ORIENTED_EDGE ( 'NONE', *, *, #1425, .F. ) ;
#3002 = ADVANCED_FACE ( 'NONE', ( #653, #416 ), #3011, .T. ) ;
#3003 = VECTOR ( 'NONE', #2563, 1000.000000000000000 ) ;
#3004 = AXIS2_PLACEMENT_3D ( 'NONE', #1221, #2767, #965 ) ;
#3005 = DIRECTION ( 'NONE',  ( 0.000000000000000000, 0.000000000000000000, -1.000000000000000000 ) ) ;
#3006 = CARTESIAN_POINT ( 'NONE',  ( 0.06464088397790053453, 0.000000000000000000, -0.09348066298342548597 ) ) ;
#3007 = VECTOR ( 'NONE', #1184, 1000.000000000000000 ) ;
#3008 = ORIENTED_EDGE ( 'NONE', *, *, #1654, .F. ) ;
#3009 = LINE ( 'NONE', #1534, #925 ) ;
#3010 = VECTOR ( 'NONE', #1587, 1000.000000000000000 ) ;
#3011 = PLANE ( 'NONE',  #356 ) ;
#3012 = DIRECTION ( 'NONE',  ( 0.000000000000000000, 0.000000000000000000, 1.000000000000000000 ) ) ;
#3013 = DIRECTION ( 'NONE',  ( 0.000000000000000000, -1.000000000000000000, 0.000000000000000000 ) ) ;
#3014 = ORIENTED_EDGE ( 'NONE', *, *, #1074, .F. ) ;
#3015 = EDGE_CURVE ( 'NONE', #1480, #2049, #915, .T. ) ;
#3016 = CARTESIAN_POINT ( 'NONE',  ( -0.5459668508287295330, -2.644003074056417940E-16, 0.2486187845303867716 ) ) ;
#3017 = DIRECTION ( 'NONE',  ( -0.2810846377148240594, 0.6785983445458462215, 0.6785983445458462215 ) ) ;
#3018 = EDGE_LOOP ( 'NONE', ( #2703, #1821 ) ) ;
#3019 = LINE ( 'NONE', #968, #2949 ) ;
#3020 = DIRECTION ( 'NONE',  ( -0.4999999999999998335, 0.4999999999999998335, 0.7071067811865479058 ) ) ;
#3021 = ORIENTED_EDGE ( 'NONE', *, *, #1340, .T. ) ;
#3022 = ORIENTED_EDGE ( 'NONE', *, *, #1125, .F. ) ;
#3023 = ADVANCED_FACE ( 'NONE', ( #974, #1231, #1930, #2006, #2533, #1432 ), #1470, .F. ) ;
#3024 = ORIENTED_EDGE ( 'NONE', *, *, #1515, .F. ) ;
#3025 = DIRECTION ( 'NONE',  ( 1.826024711554529969E-16, 1.000000000000000000, 0.000000000000000000 ) ) ;
#3026 = CARTESIAN_POINT ( 'NONE',  ( -0.7160220994475138268, -0.5966850828729284295, 0.4475138121546964887 ) ) ;
#3027 = DIRECTION ( 'NONE',  ( -1.000000000000000000, 0.000000000000000000, 0.000000000000000000 ) ) ;
#3028 = DIRECTION ( 'NONE',  ( 1.000000000000000000, 0.000000000000000000, 0.000000000000000000 ) ) ;
#3029 = VERTEX_POINT ( 'NONE', #3262 ) ;
#3030 = VECTOR ( 'NONE', #3295, 1000.000000000000000 ) ;
#3031 = DIRECTION ( 'NONE',  ( 0.000000000000000000, 0.000000000000000000, 1.000000000000000000 ) ) ;
#3032 = FACE_OUTER_BOUND ( 'NONE', #1846, .T. ) ;
#3033 = VERTEX_POINT ( 'NONE', #641 ) ;
#3034 = EDGE_CURVE ( 'NONE', #337, #594, #1030, .T. ) ;
#3035 = DIRECTION ( 'NONE',  ( 0.5064781829111166811, 0.8622527762988376754, 0.000000000000000000 ) ) ;
#3036 = CC_DESIGN_APPROVAL ( #259, ( #2710 ) ) ;
#3037 = DIRECTION ( 'NONE',  ( 0.000000000000000000, -1.000000000000000000, 0.000000000000000000 ) ) ;
#3038 = PERSON_AND_ORGANIZATION_ROLE ( 'creator' ) ;
#3039 = VECTOR ( 'NONE', #591, 1000.000000000000000 ) ;
#3040 = EDGE_CURVE ( 'NONE', #2538, #3033, #2975, .T. ) ;
#3041 = VERTEX_POINT ( 'NONE', #1196 ) ;
#3042 = CC_DESIGN_PERSON_AND_ORGANIZATION_ASSIGNMENT ( #935, #2176, ( #480 ) ) ;
#3043 = CARTESIAN_POINT ( 'NONE',  ( -0.6364640883977900065, 0.5966850828729284295, -0.4475138121546964887 ) ) ;
#3044 = EDGE_CURVE ( 'NONE', #2488, #1046, #2273, .T. ) ;
#3045 = DIRECTION ( 'NONE',  ( 0.000000000000000000, 0.000000000000000000, -1.000000000000000000 ) ) ;
#3046 = CARTESIAN_POINT ( 'NONE',  ( -0.6364640883977900065, 0.5966850828729284295, 0.2486187845303867716 ) ) ;
#3047 = DIRECTION ( 'NONE',  ( -1.000000000000000000, 0.000000000000000000, 0.000000000000000000 ) ) ;
#3048 = ORIENTED_EDGE ( 'NONE', *, *, #606, .T. ) ;
#3049 = EDGE_CURVE ( 'NONE', #1978, #1371, #2217, .T. ) ;
#3050 = ORIENTED_EDGE ( 'NONE', *, *, #759, .T. ) ;
#3051 = DIRECTION ( 'NONE',  ( 0.000000000000000000, 0.000000000000000000, -1.000000000000000000 ) ) ;
#3052 = CARTESIAN_POINT ( 'NONE',  ( -0.7710109781919389782, -0.6228140916925152260, -0.5367238284378951230 ) ) ;
#3053 = CIRCLE ( 'NONE', #2165, 0.05966850828729281658 ) ;
#3054 = VERTEX_POINT ( 'NONE', #141 ) ;
#3055 = DIRECTION ( 'NONE',  ( 0.6785983445458463326, 0.2810846377148236153, 0.6785983445458463326 ) ) ;
#3056 = AXIS2_PLACEMENT_3D ( 'NONE', #3129, #1078, #623 ) ;
#3057 = FACE_OUTER_BOUND ( 'NONE', #420, .T. ) ;
#3058 = EDGE_LOOP ( 'NONE', ( #2420, #2102, #1837, #979 ) ) ;
#3059 = VECTOR ( 'NONE', #599, 1000.000000000000000 ) ;
#3060 = CARTESIAN_POINT ( 'NONE',  ( 0.000000000000000000, 0.000000000000000000, 0.4475138121546964887 ) ) ;
#3061 = DIRECTION ( 'NONE',  ( 0.000000000000000000, 0.000000000000000000, -1.000000000000000000 ) ) ;
#3062 = AXIS2_PLACEMENT_3D ( 'NONE', #1921, #2915, #1652 ) ;
#3063 = AXIS2_PLACEMENT_3D ( 'NONE', #2879, #1069, #3069 ) ;
#3064 = CIRCLE ( 'NONE', #2181, 0.1929281767955801641 ) ;
#3065 = LINE ( 'NONE', #2874, #2017 ) ;
#3066 = CARTESIAN_POINT ( 'NONE',  ( 0.9000000000000000222, -0.6762430939226516946, 0.8453038674033162003 ) ) ;
#3067 = ORIENTED_EDGE ( 'NONE', *, *, #904, .T. ) ;
#3068 = EDGE_CURVE ( 'NONE', #3284, #3146, #804, .T. ) ;
#3069 = DIRECTION ( 'NONE',  ( -1.000000000000000000, 0.000000000000000000, 0.000000000000000000 ) ) ;
#3070 = FACE_BOUND ( 'NONE', #111, .T. ) ;
#3071 = ORIENTED_EDGE ( 'NONE', *, *, #2502, .T. ) ;
#3072 = VERTEX_POINT ( 'NONE', #675 ) ;
#3073 = AXIS2_PLACEMENT_3D ( 'NONE', #3204, #370, #911 ) ;
#3074 = CARTESIAN_POINT ( 'NONE',  ( -0.6442492645439487076, 0.3409343474168745058, 0.2287292817679560109 ) ) ;
#3075 = CARTESIAN_POINT ( 'NONE',  ( 0.2098342541436464537, 1.778105960308975347E-17, 0.08552486187845297072 ) ) ;
#3076 = VECTOR ( 'NONE', #2984, 1000.000000000000000 ) ;
#3077 = FACE_BOUND ( 'NONE', #236, .T. ) ;
#3078 = DIRECTION ( 'NONE',  ( 0.000000000000000000, 0.000000000000000000, 1.000000000000000000 ) ) ;
#3079 = EDGE_CURVE ( 'NONE', #2283, #785, #3281, .T. ) ;
#3080 = DIRECTION ( 'NONE',  ( 0.000000000000000000, 0.000000000000000000, 1.000000000000000000 ) ) ;
#3081 = CARTESIAN_POINT ( 'NONE',  ( -0.1521004520341536215, 0.02983058833238653659, -0.03381215469613262775 ) ) ;
#3082 = ORIENTED_EDGE ( 'NONE', *, *, #1684, .T. ) ;
#3083 = ORIENTED_EDGE ( 'NONE', *, *, #1871, .T. ) ;
#3084 = FACE_OUTER_BOUND ( 'NONE', #48, .T. ) ;
#3085 = EDGE_CURVE ( 'NONE', #1201, #2811, #1139, .T. ) ;
#3086 = FACE_OUTER_BOUND ( 'NONE', #476, .T. ) ;
#3087 = ORIENTED_EDGE ( 'NONE', *, *, #584, .T. ) ;
#3088 = FACE_OUTER_BOUND ( 'NONE', #1494, .T. ) ;
#3089 = CARTESIAN_POINT ( 'NONE',  ( 0.7160220994475138268, -0.5966850828729284295, 0.4475138121546964887 ) ) ;
#3090 = VECTOR ( 'NONE', #2763, 1000.000000000000000 ) ;
#3091 = EDGE_CURVE ( 'NONE', #3256, #2781, #1987, .T. ) ;
#3092 = DIRECTION ( 'NONE',  ( -1.000000000000000000, 0.000000000000000000, 0.000000000000000000 ) ) ;
#3093 = CARTESIAN_POINT ( 'NONE',  ( 0.3629834254143647909, -1.812667414753072584E-16, 0.04972375690607735987 ) ) ;
#3094 = VECTOR ( 'NONE', #1010, 1000.000000000000114 ) ;
#3095 = DIRECTION ( 'NONE',  ( 1.000000000000000000, 0.000000000000000000, 0.000000000000000000 ) ) ;
#3096 = DIRECTION ( 'NONE',  ( 0.000000000000000000, -1.000000000000000000, 0.000000000000000000 ) ) ;
#3097 = ORIENTED_EDGE ( 'NONE', *, *, #1643, .T. ) ;
#3098 = ORIENTED_EDGE ( 'NONE', *, *, #1646, .T. ) ;
#3099 = FACE_OUTER_BOUND ( 'NONE', #1972, .T. ) ;
#3100 = CARTESIAN_POINT ( 'NONE',  ( 0.06464088397790053453, -2.435761589464349807E-18, -0.05966850828729284434 ) ) ;
#3101 = EDGE_CURVE ( 'NONE', #2591, #2954, #456, .T. ) ;
#3102 = DIRECTION ( 'NONE',  ( 0.000000000000000000, 0.000000000000000000, 1.000000000000000000 ) ) ;
#3103 = LINE ( 'NONE', #1612, #383 ) ;
#3104 = EDGE_LOOP ( 'NONE', ( #2753, #44, #1392, #1173 ) ) ;
#3105 = ADVANCED_FACE ( 'NONE', ( #125 ), #1947, .F. ) ;
#3106 = VECTOR ( 'NONE', #1718, 1000.000000000000000 ) ;
#3107 = CARTESIAN_POINT ( 'NONE',  ( -0.08055248618784527359, 0.5386642749442466238, 0.2486187845303867716 ) ) ;
#3108 = LINE ( 'NONE', #756, #3137 ) ;
#3109 = CIRCLE ( 'NONE', #3216, 0.05966850828729281658 ) ;
#3110 = AXIS2_PLACEMENT_3D ( 'NONE', #3074, #739, #6 ) ;
#3111 = EDGE_LOOP ( 'NONE', ( #621, #1316, #1317, #146 ) ) ;
#3112 = AXIS2_PLACEMENT_3D ( 'NONE', #2664, #2432, #97 ) ;
#3113 = AXIS2_PLACEMENT_3D ( 'NONE', #1953, #697, #2799 ) ;
#3114 = CARTESIAN_POINT ( 'NONE',  ( 0.9000000000000000222, 0.6762430939226516946, -0.4077348066298340790 ) ) ;
#3115 = CARTESIAN_POINT ( 'NONE',  ( -0.6364640883977900065, -0.5966850828729284295, 0.4077348066298340790 ) ) ;
#3116 = AXIS2_PLACEMENT_3D ( 'NONE', #1438, #709, #1755 ) ;
#3117 = VERTEX_POINT ( 'NONE', #2198 ) ;
#3118 = ORIENTED_EDGE ( 'NONE', *, *, #3202, .T. ) ;
#3119 = DIRECTION ( 'NONE',  ( -1.000000000000000000, 0.000000000000000000, 0.000000000000000000 ) ) ;
#3120 = DIRECTION ( 'NONE',  ( 0.000000000000000000, 0.000000000000000000, -1.000000000000000000 ) ) ;
#3121 = CARTESIAN_POINT ( 'NONE',  ( 0.5171270718232042762, 0.5966850828729284295, 0.4475138121546964887 ) ) ;
#3122 = DIRECTION ( 'NONE',  ( 0.000000000000000000, 0.000000000000000000, -1.000000000000000000 ) ) ;
#3123 = VERTEX_POINT ( 'NONE', #919 ) ;
#3124 = CYLINDRICAL_SURFACE ( 'NONE', #1812, 0.1630939226519336205 ) ;
#3125 = EDGE_CURVE ( 'NONE', #1116, #3300, #1999, .T. ) ;
#3126 = CARTESIAN_POINT ( 'NONE',  ( 0.001476848233918431072, 0.4245606738507735067, 0.04972375690607735987 ) ) ;
#3127 = ORIENTED_EDGE ( 'NONE', *, *, #2797, .T. ) ;
#3128 = ORIENTED_EDGE ( 'NONE', *, *, #2889, .F. ) ;
#3129 = CARTESIAN_POINT ( 'NONE',  ( -0.6364640883977900065, 0.5966850828729284295, 0.4475138121546964887 ) ) ;
#3130 = CARTESIAN_POINT ( 'NONE',  ( -0.7806629834254142919, 0.7955801104972374249, -0.4077348066298340790 ) ) ;
#3131 = VERTEX_POINT ( 'NONE', #1966 ) ;
#3132 = DIRECTION ( 'NONE',  ( 0.000000000000000000, -1.000000000000000000, 0.000000000000000000 ) ) ;
#3133 = DIRECTION ( 'NONE',  ( -0.7071067811865470176, 0.000000000000000000, -0.7071067811865480168 ) ) ;
#3134 = CARTESIAN_POINT ( 'NONE',  ( -0.6364640883977900065, 0.5966850828729284295, 0.4077348066298340790 ) ) ;
#3135 = LINE ( 'NONE', #1356, #2570 ) ;
#3136 = FACE_OUTER_BOUND ( 'NONE', #3238, .T. ) ;
#3137 = VECTOR ( 'NONE', #2339, 1000.000000000000000 ) ;
#3138 = CARTESIAN_POINT ( 'NONE',  ( 0.06464088397790053453, -2.435761589464349807E-18, -0.05966850828729284434 ) ) ;
#3139 = CIRCLE ( 'NONE', #2549, 0.08353591160220988354 ) ;
#3140 = VERTEX_POINT ( 'NONE', #400 ) ;
#3141 = EDGE_CURVE ( 'NONE', #1672, #1939, #537, .T. ) ;
#3142 = ORIENTED_EDGE ( 'NONE', *, *, #2614, .T. ) ;
#3143 = CARTESIAN_POINT ( 'NONE',  ( -0.3788950276243092108, -3.653642384196524518E-18, 0.08552486187845297072 ) ) ;
#3144 = DIRECTION ( 'NONE',  ( 0.000000000000000000, -1.000000000000000000, 0.000000000000000000 ) ) ;
#3145 = VECTOR ( 'NONE', #414, 1000.000000000000000 ) ;
#3146 = VERTEX_POINT ( 'NONE', #3362 ) ;
#3147 = VERTEX_POINT ( 'NONE', #224 ) ;
#3148 = DIRECTION ( 'NONE',  ( -1.000000000000000000, 0.000000000000000000, 0.000000000000000000 ) ) ;
#3149 = EDGE_CURVE ( 'NONE', #507, #2811, #1584, .T. ) ;
#3150 = CARTESIAN_POINT ( 'NONE',  ( -0.6364640883977900065, -0.5966850828729284295, 0.02983425414364638054 ) ) ;
#3151 = LINE ( 'NONE', #821, #12 ) ;
#3152 = PLANE ( 'NONE',  #1274 ) ;
#3153 = DIRECTION ( 'NONE',  ( 0.000000000000000000, 0.000000000000000000, -1.000000000000000000 ) ) ;
#3154 = ORIENTED_EDGE ( 'NONE', *, *, #1693, .T. ) ;
#3155 = VECTOR ( 'NONE', #2219, 1000.000000000000000 ) ;
#3156 = VERTEX_POINT ( 'NONE', #519 ) ;
#3157 = CARTESIAN_POINT ( 'NONE',  ( -0.4624309392265196772, -2.796541712944289979E-16, 0.04972375690607735987 ) ) ;
#3158 = DIRECTION ( 'NONE',  ( -1.000000000000000000, 0.000000000000000000, 0.000000000000000000 ) ) ;
#3159 = VECTOR ( 'NONE', #2717, 1000.000000000000000 ) ;
#3160 = VECTOR ( 'NONE', #1190, 1000.000000000000000 ) ;
#3161 = ORIENTED_EDGE ( 'NONE', *, *, #631, .F. ) ;
#3162 = AXIS2_PLACEMENT_3D ( 'NONE', #1936, #1390, #2152 ) ;
#3163 = AXIS2_PLACEMENT_3D ( 'NONE', #1126, #1622, #1874 ) ;
#3164 = CARTESIAN_POINT ( 'NONE',  ( -0.7806629834254142919, 0.7955801104972374249, 0.8453038674033162003 ) ) ;
#3165 = DIRECTION ( 'NONE',  ( 0.000000000000000000, 0.000000000000000000, -1.000000000000000000 ) ) ;
#3166 = EDGE_CURVE ( 'NONE', #3041, #42, #3108, .T. ) ;
#3167 = AXIS2_PLACEMENT_3D ( 'NONE', #1273, #2899, #2332 ) ;
#3168 = AXIS2_PLACEMENT_3D ( 'NONE', #2860, #3349, #2589 ) ;
#3169 = DIRECTION ( 'NONE',  ( 0.5064781829111166811, -0.8622527762988376754, 0.000000000000000000 ) ) ;
#3170 = DIRECTION ( 'NONE',  ( 1.000000000000000000, 0.000000000000000000, 0.000000000000000000 ) ) ;
#3171 = ORIENTED_EDGE ( 'NONE', *, *, #2237, .F. ) ;
#3172 = ORIENTED_EDGE ( 'NONE', *, *, #674, .F. ) ;
#3173 = DIRECTION ( 'NONE',  ( 0.000000000000000000, 0.000000000000000000, -1.000000000000000000 ) ) ;
#3174 = CARTESIAN_POINT ( 'NONE',  ( 0.000000000000000000, 0.000000000000000000, 0.000000000000000000 ) ) ;
#3175 = ORIENTED_EDGE ( 'NONE', *, *, #985, .F. ) ;
#3176 = ORIENTED_EDGE ( 'NONE', *, *, #545, .T. ) ;
#3177 = FACE_OUTER_BOUND ( 'NONE', #84, .T. ) ;
#3178 = ORIENTED_EDGE ( 'NONE', *, *, #606, .F. ) ;
#3179 = CYLINDRICAL_SURFACE ( 'NONE', #2067, 0.1630939226519336205 ) ;
#3180 = DIRECTION ( 'NONE',  ( -1.000000000000000000, 1.826024711554529969E-16, 0.000000000000000000 ) ) ;
#3181 = ADVANCED_FACE ( 'NONE', ( #253 ), #2552, .T. ) ;
#3182 = CARTESIAN_POINT ( 'NONE',  ( -0.6961325966850828717, 0.5966850828729284295, 0.02983425414364638054 ) ) ;
#3183 = CARTESIAN_POINT ( 'NONE',  ( 0.7558011049723758479, -0.5966850828729284295, -0.4475138121546964887 ) ) ;
#3184 = VERTEX_POINT ( 'NONE', #3126 ) ;
#3185 = DIRECTION ( 'NONE',  ( 0.000000000000000000, 0.000000000000000000, 1.000000000000000000 ) ) ;
#3186 = EDGE_CURVE ( 'NONE', #3147, #1463, #2310, .T. ) ;
#3187 = PERSON_AND_ORGANIZATION ( #3237, #1624 ) ;
#3188 = CARTESIAN_POINT ( 'NONE',  ( -0.2436464088397789218, -0.5386642749442466238, 0.08552486187845315113 ) ) ;
#3189 = DIRECTION ( 'NONE',  ( 0.000000000000000000, -1.000000000000000000, 0.000000000000000000 ) ) ;
#3190 = AXIS2_PLACEMENT_3D ( 'NONE', #2912, #627, #608 ) ;
#3191 = AXIS2_PLACEMENT_3D ( 'NONE', #3174, #2407, #73 ) ;
#3192 = CARTESIAN_POINT ( 'NONE',  ( -0.6364640883977900065, -0.5966850828729284295, 0.4475138121546964887 ) ) ;
#3193 = PLANE ( 'NONE',  #1499 ) ;
#3194 = EDGE_CURVE ( 'NONE', #1961, #784, #3139, .T. ) ;
#3195 = VERTEX_POINT ( 'NONE', #1062 ) ;
#3196 = AXIS2_PLACEMENT_3D ( 'NONE', #3043, #2515, #1749 ) ;
#3197 = CARTESIAN_POINT ( 'NONE',  ( 0.9000000000000000222, 0.000000000000000000, 0.8453038674033162003 ) ) ;
#3198 = DIRECTION ( 'NONE',  ( -1.000000000000000000, 0.000000000000000000, 0.000000000000000000 ) ) ;
#3199 = EDGE_CURVE ( 'NONE', #1076, #732, #977, .T. ) ;
#3200 = ADVANCED_FACE ( 'NONE', ( #992 ), #1011, .F. ) ;
#3201 = ORIENTED_EDGE ( 'NONE', *, *, #2242, .F. ) ;
#3202 = EDGE_CURVE ( 'NONE', #3256, #3322, #1524, .T. ) ;
#3203 = ORIENTED_EDGE ( 'NONE', *, *, #2456, .T. ) ;
#3204 = CARTESIAN_POINT ( 'NONE',  ( 0.06464088397790053453, -2.435761589464349807E-18, -0.05966850828729284434 ) ) ;
#3205 = ORIENTED_EDGE ( 'NONE', *, *, #2980, .T. ) ;
#3206 = APPROVAL_STATUS ( 'not_yet_approved' ) ;
#3207 = EDGE_CURVE ( 'NONE', #732, #2894, #589, .T. ) ;
#3208 = ORIENTED_EDGE ( 'NONE', *, *, #457, .F. ) ;
#3209 = ORIENTED_EDGE ( 'NONE', *, *, #3085, .T. ) ;
#3210 = CARTESIAN_POINT ( 'NONE',  ( -0.5459668508287295330, 0.3420994475138121049, 0.2486187845303867716 ) ) ;
#3211 = AXIS2_PLACEMENT_3D ( 'NONE', #245, #1303, #2091 ) ;
#3212 = CONICAL_SURFACE ( 'NONE', #1050, 0.1147205515753561000, 0.9705182558394780390 ) ;
#3213 = DIRECTION ( 'NONE',  ( -1.000000000000000000, 0.000000000000000000, 0.000000000000000000 ) ) ;
#3214 = DIRECTION ( 'NONE',  ( 0.000000000000000000, 0.000000000000000000, 1.000000000000000000 ) ) ;
#3215 = ORIENTED_EDGE ( 'NONE', *, *, #1025, .T. ) ;
#3216 = AXIS2_PLACEMENT_3D ( 'NONE', #1349, #2623, #650 ) ;
#3217 = CIRCLE ( 'NONE', #273, 0.1153591160220995282 ) ;
#3218 = CARTESIAN_POINT ( 'NONE',  ( -0.1481767955801101821, -2.136393465752108568E-13, -0.03451005618429379973 ) ) ;
#3219 = AXIS2_PLACEMENT_3D ( 'NONE', #680, #928, #1723 ) ;
#3220 = DIRECTION ( 'NONE',  ( 1.000000000000000000, 0.000000000000000000, 0.000000000000000000 ) ) ;
#3221 = CIRCLE ( 'NONE', #441, 0.08353591160220989742 ) ;
#3222 = VERTEX_POINT ( 'NONE', #2019 ) ;
#3223 = ORIENTED_EDGE ( 'NONE', *, *, #1322, .F. ) ;
#3224 = VECTOR ( 'NONE', #837, 1000.000000000000000 ) ;
#3225 = ADVANCED_FACE ( 'NONE', ( #488 ), #859, .T. ) ;
#3226 = DIRECTION ( 'NONE',  ( 1.000000000000000000, 0.000000000000000000, 0.000000000000000000 ) ) ;
#3227 = DIRECTION ( 'NONE',  ( -1.000000000000000000, 0.000000000000000000, 0.000000000000000000 ) ) ;
#3228 = APPROVAL_ROLE ( '' ) ;
#3229 = EDGE_CURVE ( 'NONE', #2522, #1225, #807, .T. ) ;
#3230 = DIRECTION ( 'NONE',  ( 0.000000000000000000, -1.000000000000000000, 0.000000000000000000 ) ) ;
#3231 = DIRECTION ( 'NONE',  ( 0.000000000000000000, 0.000000000000000000, -1.000000000000000000 ) ) ;
#3232 = CARTESIAN_POINT ( 'NONE',  ( 0.7558011049723758479, -0.5966850828729284295, 0.4475138121546964887 ) ) ;
#3233 = AXIS2_PLACEMENT_3D ( 'NONE', #635, #1128, #2142 ) ;
#3234 = CYLINDRICAL_SURFACE ( 'NONE', #1169, 0.1193370165745857442 ) ;
#3235 = DIRECTION ( 'NONE',  ( 0.000000000000000000, 0.000000000000000000, -1.000000000000000000 ) ) ;
#3236 = LINE ( 'NONE', #908, #1859 ) ;
#3237 = PERSON ( '未', '未', '未', ('未'), ('未'), ('未') ) ;
#3238 = EDGE_LOOP ( 'NONE', ( #3050, #1205, #3203, #1877 ) ) ;
#3239 = ORIENTED_EDGE ( 'NONE', *, *, #287, .F. ) ;
#3240 = DIRECTION ( 'NONE',  ( 0.5064781829111167921, 0.8622527762988376754, 0.000000000000000000 ) ) ;
#3241 = CARTESIAN_POINT ( 'NONE',  ( -0.5569060773480662974, -0.5966850828729284295, 0.4475138121546964887 ) ) ;
#3242 = ORIENTED_EDGE ( 'NONE', *, *, #43, .F. ) ;
#3243 = DATE_AND_TIME ( #2720, #147 ) ;
#3244 = EDGE_CURVE ( 'NONE', #2, #2604, #1768, .T. ) ;
#3245 = ORIENTED_EDGE ( 'NONE', *, *, #3049, .T. ) ;
#3246 = EDGE_LOOP ( 'NONE', ( #1683, #1833, #2826, #1081 ) ) ;
#3247 = DIRECTION ( 'NONE',  ( 1.000000000000000000, 0.000000000000000000, 0.000000000000000000 ) ) ;
#3248 = EDGE_CURVE ( 'NONE', #620, #1617, #2428, .T. ) ;
#3249 = LINE ( 'NONE', #127, #323 ) ;
#3250 = VECTOR ( 'NONE', #490, 1000.000000000000114 ) ;
#3251 = PLANE ( 'NONE',  #1063 ) ;
#3252 = ORIENTED_EDGE ( 'NONE', *, *, #458, .F. ) ;
#3253 = EDGE_CURVE ( 'NONE', #721, #800, #750, .T. ) ;
#3254 = DIRECTION ( 'NONE',  ( -1.000000000000000000, 0.000000000000000000, 0.000000000000000000 ) ) ;
#3255 = DIRECTION ( 'NONE',  ( 0.000000000000000000, 0.000000000000000000, -1.000000000000000000 ) ) ;
#3256 = VERTEX_POINT ( 'NONE', #1535 ) ;
#3257 = ORIENTED_EDGE ( 'NONE', *, *, #794, .T. ) ;
#3258 = DIRECTION ( 'NONE',  ( 0.000000000000000000, 0.000000000000000000, 1.000000000000000000 ) ) ;
#3259 = DIRECTION ( 'NONE',  ( -1.000000000000000000, 0.000000000000000000, 0.000000000000000000 ) ) ;
#3260 = EDGE_LOOP ( 'NONE', ( #2820, #1817, #2618, #1101 ) ) ;
#3261 = EDGE_LOOP ( 'NONE', ( #2087, #860 ) ) ;
#3262 = CARTESIAN_POINT ( 'NONE',  ( 0.4624309392265195107, -1.812667414753072584E-16, -0.03381215469613262775 ) ) ;
#3263 = DIRECTION ( 'NONE',  ( -1.000000000000000000, 0.000000000000000000, 0.000000000000000000 ) ) ;
#3264 = ORIENTED_EDGE ( 'NONE', *, *, #2243, .F. ) ;
#3265 = EDGE_CURVE ( 'NONE', #2225, #659, #1040, .T. ) ;
#3266 = AXIS2_PLACEMENT_3D ( 'NONE', #1949, #3282, #2748 ) ;
#3267 = EDGE_CURVE ( 'NONE', #944, #1076, #505, .T. ) ;
#3268 = FACE_OUTER_BOUND ( 'NONE', #847, .T. ) ;
#3269 = DIRECTION ( 'NONE',  ( -0.8622527762988375644, 0.5064781829111166811, 0.000000000000000000 ) ) ;
#3270 = ORIENTED_EDGE ( 'NONE', *, *, #628, .T. ) ;
#3271 = AXIS2_PLACEMENT_3D ( 'NONE', #1042, #1769, #2824 ) ;
#3272 = AXIS2_PLACEMENT_3D ( 'NONE', #2254, #2817, #1464 ) ;
#3273 = ORIENTED_EDGE ( 'NONE', *, *, #223, .T. ) ;
#3274 = ORIENTED_EDGE ( 'NONE', *, *, #202, .F. ) ;
#3275 = VECTOR ( 'NONE', #367, 1000.000000000000000 ) ;
#3276 = CIRCLE ( 'NONE', #3113, 0.05966850828729281658 ) ;
#3277 = CARTESIAN_POINT ( 'NONE',  ( -0.04083226848219265875, 0.3525316021511135656, 0.04972375690607735987 ) ) ;
#3278 = DIRECTION ( 'NONE',  ( 0.7071067811865475727, 0.7071067811865475727, 0.000000000000000000 ) ) ;
#3279 = VECTOR ( 'NONE', #864, 1000.000000000000000 ) ;
#3280 = DIRECTION ( 'NONE',  ( 0.000000000000000000, 0.000000000000000000, 1.000000000000000000 ) ) ;
#3281 = LINE ( 'NONE', #2182, #2603 ) ;
#3282 = DIRECTION ( 'NONE',  ( 0.000000000000000000, 0.000000000000000000, 1.000000000000000000 ) ) ;
#3283 = CARTESIAN_POINT ( 'NONE',  ( -0.3860043099756281237, 0.2709242221814622265, -0.4084144646338817575 ) ) ;
#3284 = VERTEX_POINT ( 'NONE', #2062 ) ;
#3285 = CYLINDRICAL_SURFACE ( 'NONE', #1968, 0.05966850828729281658 ) ;
#3286 = CARTESIAN_POINT ( 'NONE',  ( -0.6364640883977900065, 0.5966850828729284295, -0.4475138121546964887 ) ) ;
#3287 = EDGE_LOOP ( 'NONE', ( #403, #2507, #1657, #840, #123, #834, #882, #390 ) ) ;
#3288 = ADVANCED_FACE ( 'NONE', ( #2909 ), #1642, .T. ) ;
#3289 = FACE_OUTER_BOUND ( 'NONE', #3287, .T. ) ;
#3290 = CARTESIAN_POINT ( 'NONE',  ( -0.06097946691843612183, -0.3182320441988954474, 0.2486187845303867716 ) ) ;
#3291 = VERTEX_POINT ( 'NONE', #1662 ) ;
#3292 = ORIENTED_EDGE ( 'NONE', *, *, #223, .F. ) ;
#3293 = LINE ( 'NONE', #705, #2156 ) ;
#3294 = EDGE_CURVE ( 'NONE', #790, #1159, #2111, .T. ) ;
#3295 = DIRECTION ( 'NONE',  ( 1.000000000000000000, -1.826024711554529969E-16, 0.000000000000000000 ) ) ;
#3296 = UNCERTAINTY_MEASURE_WITH_UNIT (LENGTH_MEASURE( 1.000000000000000082E-05 ), #2668, 'distance_accuracy_value', 'NONE');
#3297 = CARTESIAN_POINT ( 'NONE',  ( -0.2436464088397789218, -0.5398293750411861103, 0.2486187845303867716 ) ) ;
#3298 = DIRECTION ( 'NONE',  ( 0.000000000000000000, 0.000000000000000000, -1.000000000000000000 ) ) ;
#3299 = ORIENTED_EDGE ( 'NONE', *, *, #2857, .T. ) ;
#3300 = VERTEX_POINT ( 'NONE', #1360 ) ;
#3301 = CIRCLE ( 'NONE', #249, 0.05966850828729281658 ) ;
#3302 = DIRECTION ( 'NONE',  ( 0.000000000000000000, 0.000000000000000000, -1.000000000000000000 ) ) ;
#3303 = LINE ( 'NONE', #1976, #112 ) ;
#3304 = ORIENTED_EDGE ( 'NONE', *, *, #1879, .F. ) ;
#3305 = VECTOR ( 'NONE', #1796, 1000.000000000000000 ) ;
#3306 = EDGE_LOOP ( 'NONE', ( #2470, #1253, #2587 ) ) ;
#3307 = LINE ( 'NONE', #136, #384 ) ;
#3308 = DIRECTION ( 'NONE',  ( -0.000000000000000000, 1.000000000000000000, 0.000000000000000000 ) ) ;
#3309 = ORIENTED_EDGE ( 'NONE', *, *, #1536, .T. ) ;
#3310 = ORIENTED_EDGE ( 'NONE', *, *, #242, .T. ) ;
#3311 = LINE ( 'NONE', #176, #3145 ) ;
#3312 = ADVANCED_FACE ( 'NONE', ( #321 ), #1838, .F. ) ;
#3313 = DIRECTION ( 'NONE',  ( 1.000000000000000000, 0.000000000000000000, 0.000000000000000000 ) ) ;
#3314 = DIRECTION ( 'NONE',  ( 0.000000000000000000, 0.000000000000000000, 1.000000000000000000 ) ) ;
#3315 = CARTESIAN_POINT ( 'NONE',  ( -0.4624309392265196772, -0.4415469613259669357, 0.4276243093922649230 ) ) ;
#3316 = ORIENTED_EDGE ( 'NONE', *, *, #433, .F. ) ;
#3317 = ORIENTED_EDGE ( 'NONE', *, *, #2301, .T. ) ;
#3318 = DIRECTION ( 'NONE',  ( -1.000000000000000000, 0.000000000000000000, 0.000000000000000000 ) ) ;
#3319 = CARTESIAN_POINT ( 'NONE',  ( 0.7646544218203000787, 0.7569320239560806129, -0.4463828931709907799 ) ) ;
#3320 = ORIENTED_EDGE ( 'NONE', *, *, #3265, .T. ) ;
#3321 = CIRCLE ( 'NONE', #1748, 0.1193370165745857442 ) ;
#3322 = VERTEX_POINT ( 'NONE', #587 ) ;
#3323 = EDGE_LOOP ( 'NONE', ( #2226, #1206, #491, #3161 ) ) ;
#3324 = CARTESIAN_POINT ( 'NONE',  ( -0.5459668508287295330, -0.3580110497237570799, 0.2486187845303867716 ) ) ;
#3325 = VECTOR ( 'NONE', #474, 1000.000000000000000 ) ;
#3326 = LINE ( 'NONE', #2034, #3003 ) ;
#3327 = ORIENTED_EDGE ( 'NONE', *, *, #674, .T. ) ;
#3328 = VECTOR ( 'NONE', #3343, 1000.000000000000000 ) ;
#3329 = CIRCLE ( 'NONE', #3163, 0.09944751381215473363 ) ;
#3330 = LINE ( 'NONE', #1716, #2494 ) ;
#3331 = CARTESIAN_POINT ( 'NONE',  ( -0.2436464088397789218, 0.4415469613259669357, 0.2486187845303867716 ) ) ;
#3332 = AXIS2_PLACEMENT_3D ( 'NONE', #1492, #2992, #922 ) ;
#3333 = VECTOR ( 'NONE', #1760, 1000.000000000000000 ) ;
#3334 = ADVANCED_FACE ( 'NONE', ( #1345 ), #91, .T. ) ;
#3335 = CIRCLE ( 'NONE', #3168, 0.1193370165745857442 ) ;
#3336 = FACE_OUTER_BOUND ( 'NONE', #2439, .T. ) ;
#3337 = DIRECTION ( 'NONE',  ( -1.000000000000000000, 0.000000000000000000, 0.000000000000000000 ) ) ;
#3338 = ORIENTED_EDGE ( 'NONE', *, *, #2248, .T. ) ;
#3339 = DIRECTION ( 'NONE',  ( 0.000000000000000000, 0.000000000000000000, -1.000000000000000000 ) ) ;
#3340 = EDGE_CURVE ( 'NONE', #2803, #659, #1575, .T. ) ;
#3341 = DIRECTION ( 'NONE',  ( -1.000000000000000000, 0.000000000000000000, 0.000000000000000000 ) ) ;
#3342 = DIRECTION ( 'NONE',  ( 0.000000000000000000, 0.000000000000000000, 1.000000000000000000 ) ) ;
#3343 = DIRECTION ( 'NONE',  ( 0.000000000000000000, 0.000000000000000000, -1.000000000000000000 ) ) ;
#3344 = EDGE_CURVE ( 'NONE', #2781, #813, #1197, .T. ) ;
#3345 = DIRECTION ( 'NONE',  ( 1.000000000000000000, 0.000000000000000000, 0.000000000000000000 ) ) ;
#3346 = VERTEX_POINT ( 'NONE', #2419 ) ;
#3347 = CARTESIAN_POINT ( 'NONE',  ( 0.3629834254143647909, -1.812667414753072584E-16, 0.04972375690607735987 ) ) ;
#3348 = FACE_OUTER_BOUND ( 'NONE', #1313, .T. ) ;
#3349 = DIRECTION ( 'NONE',  ( 0.000000000000000000, 0.000000000000000000, -1.000000000000000000 ) ) ;
#3350 = ADVANCED_FACE ( 'NONE', ( #86 ), #1331, .T. ) ;
#3351 = ORIENTED_EDGE ( 'NONE', *, *, #1829, .T. ) ;
#3352 = ORIENTED_EDGE ( 'NONE', *, *, #3044, .T. ) ;
#3353 = CARTESIAN_POINT ( 'NONE',  ( 0.7558011049723758479, 0.5966850828729284295, 0.02983425414364638054 ) ) ;
#3354 = PLANE ( 'NONE',  #1969 ) ;
#3355 = EDGE_CURVE ( 'NONE', #496, #745, #41, .T. ) ;
#3356 = CARTESIAN_POINT ( 'NONE',  ( -0.4624309392265196772, 0.3580110497237570799, 0.2486187845303867716 ) ) ;
#3357 = ADVANCED_BREP_SHAPE_REPRESENTATION ( '005671', ( #849, #3191 ), #1250 ) ;
#3358 = CARTESIAN_POINT ( 'NONE',  ( -0.1481767955801101821, 1.047377483469670906E-17, 0.08552486187845297072 ) ) ;
#3359 = AXIS2_PLACEMENT_3D ( 'NONE', #2747, #2260, #2777 ) ;
#3360 = VECTOR ( 'NONE', #1375, 1000.000000000000114 ) ;
#3361 = DIRECTION ( 'NONE',  ( 0.000000000000000000, 0.000000000000000000, 1.000000000000000000 ) ) ;
#3362 = CARTESIAN_POINT ( 'NONE',  ( -0.5171270718232042762, 0.5966850828729284295, 0.2486187845303867716 ) ) ;
#3363 = EDGE_LOOP ( 'NONE', ( #930, #1514, #1257, #2436 ) ) ;
#3364 = CARTESIAN_POINT ( 'NONE',  ( -0.9000000000000000222, 0.000000000000000000, -0.4077348066298340790 ) ) ;
ENDSEC;
END-ISO-10303-21;
