ISO-10303-21;
HEADER;
FILE_DESCRIPTION (( 'STEP AP203' ),
    '1' );
FILE_NAME ('006056.step',
    '2026-06-29T03:49:07',
    ( '' ),
    ( '' ),
    'SwSTEP 2.0',
    'SolidWorks 2025',
    '' );
FILE_SCHEMA (( 'CONFIG_CONTROL_DESIGN' ));
ENDSEC;

DATA;
#1 = AXIS2_PLACEMENT_3D ( 'NONE', #736, #1530, #369 ) ;
#2 = CARTESIAN_POINT ( 'NONE',  ( -0.3887790903298911083, 0.6159817927180472052, -0.3662798814733193575 ) ) ;
#3 = ORIENTED_EDGE ( 'NONE', *, *, #1470, .T. ) ;
#4 = B_SPLINE_CURVE_WITH_KNOTS ( 'NONE', 5,
 ( #920, #583, #461, #1498, #927, #557, #440, #448, #1396, #1404, #592, #910, #804, #351, #903 ),
 .UNSPECIFIED., .F., .F.,
 ( 6, 1, 1, 1, 1, 1, 1, 1, 1, 1, 6 ),
 ( 0.000000000000000000, 0.1000000000000000056, 0.2000000000000000111, 0.2999999999999999889, 0.4000000000000000222, 0.5000000000000000000, 0.5999999999999999778, 0.6999999999999999556, 0.8000000000000000444, 0.9000000000000000222, 1.000000000000000000 ),
 .UNSPECIFIED. ) ;
#5 = CARTESIAN_POINT ( 'NONE',  ( -0.3125365545291201030, 0.6274506254937893823, -0.3662798814733193575 ) ) ;
#6 = CARTESIAN_POINT ( 'NONE',  ( -5.806778415442747937E-16, 0.6274506254937893823, -0.3662798814733193575 ) ) ;
#7 = LINE ( 'NONE', #1217, #382 ) ;
#8 = EDGE_CURVE ( 'NONE', #540, #457, #1134, .T. ) ;
#9 = DIRECTION ( 'NONE',  ( 0.6042070016270068011, 0.7968273961058957022, 0.000000000000000000 ) ) ;
#10 = PERSON_AND_ORGANIZATION ( #1190, #1133 ) ;
#11 = VECTOR ( 'NONE', #750, 1000.000000000000000 ) ;
#12 = AXIS2_PLACEMENT_3D ( 'NONE', #1029, #909, #330 ) ;
#13 = DIRECTION ( 'NONE',  ( -0.2588190451025211281, 0.9659258262890682012, 0.000000000000000000 ) ) ;
#14 = DIRECTION ( 'NONE',  ( 1.000000000000000000, 0.000000000000000000, 0.000000000000000000 ) ) ;
#15 = ORIENTED_EDGE ( 'NONE', *, *, #764, .T. ) ;
#16 = VECTOR ( 'NONE', #396, 1000.000000000000114 ) ;
#17 = CARTESIAN_POINT ( 'NONE',  ( -3.208987131469449596E-16, 0.5384969399931264222, 0.1190409614788288939 ) ) ;
#18 = CARTESIAN_POINT ( 'NONE',  ( 0.6169331930757716576, 0.5060734198616568813, 0.3443858634092010762 ) ) ;
#19 = CARTESIAN_POINT ( 'NONE',  ( 0.3753010847100143876, 0.4886760848024240267, -0.3662798814733193575 ) ) ;
#20 = CARTESIAN_POINT ( 'NONE',  ( -0.3508020678196575037, 0.3862217177623772923, 0.3662798814733193575 ) ) ;
#21 = CALENDAR_DATE ( 2026, 29, 6 ) ;
#22 = DIRECTION ( 'NONE',  ( 1.105933998395776088E-15, -1.000000000000000000, 0.000000000000000000 ) ) ;
#23 = CARTESIAN_POINT ( 'NONE',  ( 0.9000000000000000222, -0.5227992307868399857, 0.3662798814733193575 ) ) ;
#24 = PLANE ( 'NONE',  #1161 ) ;
#25 = ADVANCED_FACE ( 'NONE', ( #1423 ), #515, .F. ) ;
#26 = ORIENTED_EDGE ( 'NONE', *, *, #323, .T. ) ;
#27 = CARTESIAN_POINT ( 'NONE',  ( 0.09330453095755318615, 0.4172396839886285402, -0.3662798814733193575 ) ) ;
#28 = CARTESIAN_POINT ( 'NONE',  ( 0.3962873893889128918, 0.6049668781072482515, -0.3662798814733193575 ) ) ;
#29 = CARTESIAN_POINT ( 'NONE',  ( 0.4818249299310704004, 0.3202950860081567597, 0.3662798814733193575 ) ) ;
#30 = DIRECTION ( 'NONE',  ( -5.830129020652254764E-17, 0.000000000000000000, 1.000000000000000000 ) ) ;
#31 = FACE_OUTER_BOUND ( 'NONE', #932, .T. ) ;
#32 = VERTEX_POINT ( 'NONE', #302 ) ;
#33 = APPROVAL_ROLE ( '' ) ;
#34 = VECTOR ( 'NONE', #527, 1000.000000000000000 ) ;
#35 = DIRECTION ( 'NONE',  ( -0.9659258262890682012, -0.2588190451025211281, 0.000000000000000000 ) ) ;
#36 = CIRCLE ( 'NONE', #890, 0.3545065995688196359 ) ;
#37 = EDGE_LOOP ( 'NONE', ( #904, #797, #305, #1360, #1268 ) ) ;
#38 = EDGE_CURVE ( 'NONE', #1138, #1367, #67, .T. ) ;
#39 = VECTOR ( 'NONE', #940, 1000.000000000000000 ) ;
#40 = CARTESIAN_POINT ( 'NONE',  ( -3.876086526509324586E-16, 0.6274506254937893823, 0.1844480831704934098 ) ) ;
#41 = AXIS2_PLACEMENT_3D ( 'NONE', #585, #1051, #567 ) ;
#42 = CARTESIAN_POINT ( 'NONE',  ( 0.6489083491103303514, 0.3919849874037980575, 0.3662798814733193575 ) ) ;
#43 = CARTESIAN_POINT ( 'NONE',  ( -0.3460304312066128096, 0.4744604615345428544, -0.3662798814733193575 ) ) ;
#44 = CARTESIAN_POINT ( 'NONE',  ( -0.3994301134681200183, 0.3687956080408386073, 0.3662798814733193575 ) ) ;
#45 = DIRECTION ( 'NONE',  ( 1.129040364025580111E-15, -1.000000000000000000, -2.074013501868135041E-31 ) ) ;
#46 = CARTESIAN_POINT ( 'NONE',  ( -0.3330617758096895975, 0.3919849874037990567, 0.3662798814733193575 ) ) ;
#47 = DIRECTION ( 'NONE',  ( 0.000000000000000000, 0.000000000000000000, 1.000000000000000000 ) ) ;
#48 = ORIENTED_EDGE ( 'NONE', *, *, #1343, .T. ) ;
#49 = EDGE_CURVE ( 'NONE', #921, #863, #1346, .T. ) ;
#50 = ORIENTED_EDGE ( 'NONE', *, *, #1079, .F. ) ;
#51 = LINE ( 'NONE', #522, #477 ) ;
#52 = CARTESIAN_POINT ( 'NONE',  ( 0.5991104716589726875, 0.1578266447663359551, -0.3662798814733193575 ) ) ;
#53 = CARTESIAN_POINT ( 'NONE',  ( -0.6447646093504527665, 0.04901265783111428270, 0.3662798814733193575 ) ) ;
#54 = CARTESIAN_POINT ( 'NONE',  ( -0.5621980015175103151, 0.5769842645480777188, 0.2896506718509411216 ) ) ;
#55 = ORIENTED_EDGE ( 'NONE', *, *, #739, .F. ) ;
#56 = CARTESIAN_POINT ( 'NONE',  ( 0.000000000000000000, 0.4181478360804647965, 0.3649684522287017785 ) ) ;
#57 = ORIENTED_EDGE ( 'NONE', *, *, #1123, .T. ) ;
#58 = CARTESIAN_POINT ( 'NONE',  ( -0.2408995202859781082, 0.4100267566710728562, -0.3662798814733193575 ) ) ;
#59 = CARTESIAN_POINT ( 'NONE',  ( 0.4818249299310704004, 0.3202950860081567597, 0.3662798814733193575 ) ) ;
#60 = CARTESIAN_POINT ( 'NONE',  ( -0.4140285128271107284, 0.3627471806996120374, 0.3662798814733193575 ) ) ;
#61 = EDGE_CURVE ( 'NONE', #300, #947, #1224, .T. ) ;
#62 = DIRECTION ( 'NONE',  ( -0.9628973836307973544, 0.2698677983698041238, 0.000000000000000000 ) ) ;
#63 = ORIENTED_EDGE ( 'NONE', *, *, #902, .T. ) ;
#64 = AXIS2_PLACEMENT_3D ( 'NONE', #1098, #732, #238 ) ;
#65 = VECTOR ( 'NONE', #1302, 1000.000000000000000 ) ;
#66 = CARTESIAN_POINT ( 'NONE',  ( 0.000000000000000000, 0.4181478360804647965, -0.3662798814733193575 ) ) ;
#67 = LINE ( 'NONE', #879, #11 ) ;
#68 = CARTESIAN_POINT ( 'NONE',  ( -0.5447782756105130630, 0.5932528521425589618, 0.2722309459439432033 ) ) ;
#69 = ORIENTED_EDGE ( 'NONE', *, *, #8, .F. ) ;
#70 = EDGE_CURVE ( 'NONE', #1146, #1035, #250, .T. ) ;
#71 = CARTESIAN_POINT ( 'NONE',  ( 0.4140285128271107284, 0.3627471806996120374, -0.3662798814733193575 ) ) ;
#72 = ORIENTED_EDGE ( 'NONE', *, *, #764, .F. ) ;
#73 = LINE ( 'NONE', #414, #551 ) ;
#74 = CARTESIAN_POINT ( 'NONE',  ( -4.078505894500970469E-16, 0.4730898183014627945, -0.3662798814733193575 ) ) ;
#75 = CARTESIAN_POINT ( 'NONE',  ( 0.05588702131399990447, 0.4181478360804648520, 0.3649684522287018895 ) ) ;
#76 = VERTEX_POINT ( 'NONE', #1086 ) ;
#77 = CARTESIAN_POINT ( 'NONE',  ( 0.6291201097641321294, 0.4625900911183391528, 0.2354656380899907420 ) ) ;
#78 = ORIENTED_EDGE ( 'NONE', *, *, #871, .F. ) ;
#79 = CARTESIAN_POINT ( 'NONE',  ( -0.5755826708866448316, 0.6536134741704552331, 0.2354656380899907420 ) ) ;
#80 = VERTEX_POINT ( 'NONE', #642 ) ;
#81 = ADVANCED_FACE ( 'NONE', ( #31 ), #341, .T. ) ;
#82 = VECTOR ( 'NONE', #789, 1000.000000000000000 ) ;
#83 = EDGE_LOOP ( 'NONE', ( #713, #1120, #680, #782, #1010, #169, #1357, #100, #1348 ) ) ;
#84 = CARTESIAN_POINT ( 'NONE',  ( -0.3994301134681200183, 0.3687956080408386073, 0.3662798814733193575 ) ) ;
#85 = AXIS2_PLACEMENT_3D ( 'NONE', #353, #1026, #913 ) ;
#86 = CARTESIAN_POINT ( 'NONE',  ( -0.3125365545291201030, 0.6536134741704552331, -0.3662798814733193575 ) ) ;
#87 = ORIENTED_EDGE ( 'NONE', *, *, #232, .F. ) ;
#88 = CARTESIAN_POINT ( 'NONE',  ( 0.3602715461095050697, 0.6274506254937901595, -0.3662798814733193575 ) ) ;
#89 = ORIENTED_EDGE ( 'NONE', *, *, #1079, .T. ) ;
#90 = ORIENTED_EDGE ( 'NONE', *, *, #49, .T. ) ;
#91 =( BOUNDED_CURVE ( )  B_SPLINE_CURVE ( 3, ( #962, #1501, #698, #1494 ),
 .UNSPECIFIED., .F., .F. ) 
 B_SPLINE_CURVE_WITH_KNOTS ( ( 4, 4 ),
 ( 4.712388980384689674, 4.985644713551770302 ),
 .UNSPECIFIED. ) 
 CURVE ( )  GEOMETRIC_REPRESENTATION_ITEM ( )  RATIONAL_B_SPLINE_CURVE ( ( 1.000000000000000000, 0.9937872822083639868, 0.9937872822083639868, 1.000000000000000000 ) ) 
 REPRESENTATION_ITEM ( '' )  );
#92 = DIRECTION ( 'NONE',  ( 0.000000000000000000, 0.000000000000000000, -1.000000000000000000 ) ) ;
#93 = CARTESIAN_POINT ( 'NONE',  ( -0.5755826708866448316, 0.6536134741704552331, -0.3662798814733193575 ) ) ;
#94 = VERTEX_POINT ( 'NONE', #1157 ) ;
#95 = CARTESIAN_POINT ( 'NONE',  ( -0.2790226782334223610, 0.4052934445963688459, 0.3662798814733193575 ) ) ;
#96 = ORIENTED_EDGE ( 'NONE', *, *, #1251, .F. ) ;
#97 = DIRECTION ( 'NONE',  ( -1.000000000000000000, 1.110223024625160090E-15, 0.000000000000000000 ) ) ;
#98 = ADVANCED_FACE ( 'NONE', ( #1279 ), #1368, .T. ) ;
#99 = CARTESIAN_POINT ( 'NONE',  ( -0.5991104716589726875, 0.1578266447663359551, -0.3662798814733193575 ) ) ;
#100 = ORIENTED_EDGE ( 'NONE', *, *, #1030, .T. ) ;
#101 = DIRECTION ( 'NONE',  ( -1.110223024625160090E-15, 1.000000000000000000, -6.980386026738249280E-32 ) ) ;
#102 = CARTESIAN_POINT ( 'NONE',  ( 0.000000000000000000, 0.4181478360804647965, -0.3662798814733193575 ) ) ;
#103 = CARTESIAN_POINT ( 'NONE',  ( -0.3098426783486273872, 0.3990934419557076174, -0.3662798814733193575 ) ) ;
#104 = EDGE_LOOP ( 'NONE', ( #1119, #700, #339, #657, #434 ) ) ;
#105 = B_SPLINE_SURFACE_WITH_KNOTS ( 'NONE', 5, 1, ( 
 ( #192, #1152 ),
 ( #1277, #459 ),
 ( #1136, #1466 ),
 ( #201, #1495 ),
 ( #217, #906 ),
 ( #1107, #325 ),
 ( #412, #790 ),
 ( #679, #58 ),
 ( #95, #1390 ),
 ( #924, #103 ),
 ( #645, #1401 ),
 ( #336, #294 ),
 ( #1231, #1173 ),
 ( #1295, #152 ),
 ( #629, #710 ) ),
 .UNSPECIFIED., .F., .F., .F.,
 ( 6, 1, 1, 1, 1, 1, 1, 1, 1, 1, 6 ),
 ( 2, 2 ),
 ( -1.000000000000000000, -0.9000000000000000222, -0.8000000000000000444, -0.6999999999999999556, -0.5999999999999999778, -0.5000000000000000000, -0.4000000000000000222, -0.2999999999999999889, -0.2000000000000000111, -0.1000000000000000056, 0.000000000000000000 ),
 ( -0.5000000000000000000, 2.299999999999999822 ),
 .UNSPECIFIED. ) ;
#106 = ORIENTED_EDGE ( 'NONE', *, *, #1091, .F. ) ;
#107 = CIRCLE ( 'NONE', #1114, 0.2616284867666566205 ) ;
#108 = VECTOR ( 'NONE', #134, 1000.000000000000000 ) ;
#109 = CARTESIAN_POINT ( 'NONE',  ( -0.3928100410386845542, 0.3710547084624660208, -0.3662798814733193575 ) ) ;
#110 = EDGE_CURVE ( 'NONE', #32, #1040, #547, .T. ) ;
#111 = ORIENTED_EDGE ( 'NONE', *, *, #155, .F. ) ;
#112 = VERTEX_POINT ( 'NONE', #315 ) ;
#113 = CARTESIAN_POINT ( 'NONE',  ( 0.6291201097641321294, 0.4625900911183391528, 0.3565727800975610484 ) ) ;
#114 = DIRECTION ( 'NONE',  ( 0.000000000000000000, -1.000000000000000000, 0.000000000000000000 ) ) ;
#115 = B_SPLINE_SURFACE_WITH_KNOTS ( 'NONE', 5, 1, ( 
 ( #752, #881 ),
 ( #774, #1328 ),
 ( #298, #1226 ),
 ( #1115, #166 ),
 ( #994, #535 ),
 ( #1325, #276 ),
 ( #1222, #176 ),
 ( #640, #403 ),
 ( #864, #829 ),
 ( #725, #483 ),
 ( #948, #27 ),
 ( #501, #965 ),
 ( #267, #1050 ),
 ( #463, #929 ),
 ( #131, #740 ) ),
 .UNSPECIFIED., .F., .F., .F.,
 ( 6, 1, 1, 1, 1, 1, 1, 1, 1, 1, 6 ),
 ( 2, 2 ),
 ( 0.000000000000000000, 0.1000000000000000056, 0.2000000000000000111, 0.2999999999999999889, 0.4000000000000000222, 0.5000000000000000000, 0.5999999999999999778, 0.6999999999999999556, 0.8000000000000000444, 0.9000000000000000222, 1.000000000000000000 ),
 ( -0.5000000000000000000, 2.299999999999999822 ),
 .UNSPECIFIED. ) ;
#116 = CC_DESIGN_PERSON_AND_ORGANIZATION_ASSIGNMENT ( #508, #1445, ( #1229 ) ) ;
#117 = ORIENTED_EDGE ( 'NONE', *, *, #1482, .T. ) ;
#118 = ADVANCED_FACE ( 'NONE', ( #437 ), #778, .T. ) ;
#119 = CARTESIAN_POINT ( 'NONE',  ( 0.6936828008203402840, -0.09318591994369625209, -0.3662798814733193575 ) ) ;
#120 = DIRECTION ( 'NONE',  ( 1.105933998395776088E-15, -1.000000000000000000, 0.000000000000000000 ) ) ;
#121 = CALENDAR_DATE ( 2026, 29, 6 ) ;
#122 = LINE ( 'NONE', #481, #82 ) ;
#123 = DIRECTION ( 'NONE',  ( 0.4961389383568340361, 0.000000000000000000, 0.8682431421244590775 ) ) ;
#124 = ORIENTED_EDGE ( 'NONE', *, *, #688, .T. ) ;
#125 = CARTESIAN_POINT ( 'NONE',  ( -0.3771987243732333184, 0.3919849874037990012, -0.3662798814733193575 ) ) ;
#126 = ADVANCED_FACE ( 'NONE', ( #1022 ), #675, .T. ) ;
#127 = CARTESIAN_POINT ( 'NONE',  ( 0.3771987243732333184, 0.6536134741704552331, -0.3662798814733193575 ) ) ;
#128 = VECTOR ( 'NONE', #1184, 1000.000000000000000 ) ;
#129 = DIRECTION ( 'NONE',  ( 0.6042070016270068011, 0.7968273961058957022, 0.000000000000000000 ) ) ;
#130 = VECTOR ( 'NONE', #518, 1000.000000000000227 ) ;
#131 = CARTESIAN_POINT ( 'NONE',  ( 0.000000000000000000, 0.4181478360804647965, 0.3662798814733193575 ) ) ;
#132 = CARTESIAN_POINT ( 'NONE',  ( 0.3771987243732333184, 0.6536134741704552331, 0.2354656380899907420 ) ) ;
#133 = ORIENTED_EDGE ( 'NONE', *, *, #358, .F. ) ;
#134 = DIRECTION ( 'NONE',  ( 1.129040364025580111E-15, -1.000000000000000000, -2.074013501868135041E-31 ) ) ;
#135 = CARTESIAN_POINT ( 'NONE',  ( 0.5621980015175110923, 0.5769842645480759424, 0.2896506718509411216 ) ) ;
#136 = LINE ( 'NONE', #1085, #1284 ) ;
#137 = CARTESIAN_POINT ( 'NONE',  ( -0.6422085980660868776, 0.4158899245265292866, 0.3662798814733189134 ) ) ;
#138 = COORDINATED_UNIVERSAL_TIME_OFFSET ( 8, 0, .AHEAD. ) ;
#139 = CARTESIAN_POINT ( 'NONE',  ( -0.6291201097641321294, 0.4625900911183400410, 0.2354656380899907420 ) ) ;
#140 = EDGE_LOOP ( 'NONE', ( #877, #580, #1342, #337 ) ) ;
#141 = LINE ( 'NONE', #838, #1239 ) ;
#142 = DIRECTION ( 'NONE',  ( 0.4961389383568340361, 0.000000000000000000, -0.8682431421244590775 ) ) ;
#143 = CARTESIAN_POINT ( 'NONE',  ( 0.3424692839530355526, 0.4739300124068539510, -0.3662798814733193575 ) ) ;
#144 = EDGE_CURVE ( 'NONE', #552, #928, #783, .T. ) ;
#145 = CARTESIAN_POINT ( 'NONE',  ( -0.3708032229357720588, 0.6260829219112583610, -0.3662798814733193575 ) ) ;
#146 = CYLINDRICAL_SURFACE ( 'NONE', #1413, 0.2616284867666565095 ) ;
#147 = DIRECTION ( 'NONE',  ( 0.000000000000000000, -1.000000000000000000, 0.000000000000000000 ) ) ;
#148 = EDGE_LOOP ( 'NONE', ( #1488, #856, #1356, #520 ) ) ;
#149 = DIRECTION ( 'NONE',  ( 0.000000000000000000, 0.000000000000000000, 1.000000000000000000 ) ) ;
#150 = DIRECTION ( 'NONE',  ( 1.110223024625160090E-15, -1.000000000000000000, 6.980386026738239427E-32 ) ) ;
#151 = CARTESIAN_POINT ( 'NONE',  ( 0.6447646093504527665, 0.04901265783111428270, -0.3662798814733193575 ) ) ;
#152 = CARTESIAN_POINT ( 'NONE',  ( -0.3864527176562648214, 0.3733507853125955789, -0.3662798814733193575 ) ) ;
#153 = APPLICATION_PROTOCOL_DEFINITION ( 'international standard', 'config_control_design', 1994, #1230 ) ;
#154 = CIRCLE ( 'NONE', #938, 0.03662798814733187608 ) ;
#155 = EDGE_CURVE ( 'NONE', #1258, #1031, #230, .T. ) ;
#156 = DIRECTION ( 'NONE',  ( 0.000000000000000000, 0.000000000000000000, 1.000000000000000000 ) ) ;
#157 = TOROIDAL_SURFACE ( 'NONE', #582, 0.3545065995688196359, 0.06540712169166414125 ) ;
#158 = ORIENTED_EDGE ( 'NONE', *, *, #696, .F. ) ;
#159 = EDGE_CURVE ( 'NONE', #1155, #453, #795, .T. ) ;
#160 = DIRECTION ( 'NONE',  ( 0.000000000000000000, 0.000000000000000000, -1.000000000000000000 ) ) ;
#161 = CARTESIAN_POINT ( 'NONE',  ( 0.5991104716589726875, 0.1578266447663359551, 0.3662798814733193575 ) ) ;
#162 = LINE ( 'NONE', #171, #1518 ) ;
#163 = EDGE_CURVE ( 'NONE', #491, #1035, #1483, .T. ) ;
#164 = DIRECTION ( 'NONE',  ( 1.224646799147350495E-16, 5.092026432609393462E-47, 1.000000000000000000 ) ) ;
#165 = DIRECTION ( 'NONE',  ( 1.000000000000000000, 1.110223024625160090E-15, 0.000000000000000000 ) ) ;
#166 = CARTESIAN_POINT ( 'NONE',  ( 0.3570992932240125151, 0.3840039857593071648, -0.3662798814733193575 ) ) ;
#167 = ORIENTED_EDGE ( 'NONE', *, *, #1470, .F. ) ;
#168 = CARTESIAN_POINT ( 'NONE',  ( -0.5994945511051714693, -0.5227992307871278665, 0.000000000000000000 ) ) ;
#169 = ORIENTED_EDGE ( 'NONE', *, *, #38, .T. ) ;
#170 = EDGE_CURVE ( 'NONE', #1447, #80, #205, .T. ) ;
#171 = CARTESIAN_POINT ( 'NONE',  ( -0.6936828008203402840, -0.09318591994369625209, 0.3662798814733193575 ) ) ;
#172 = ORIENTED_EDGE ( 'NONE', *, *, #1351, .T. ) ;
#173 = CARTESIAN_POINT ( 'NONE',  ( 0.3928100410386845542, 0.3710547084624660208, 0.3662798814733193575 ) ) ;
#174 = AXIS2_PLACEMENT_3D ( 'NONE', #280, #45, #1435 ) ;
#175 = AXIS2_PLACEMENT_3D ( 'NONE', #1524, #1261, #1515 ) ;
#176 = CARTESIAN_POINT ( 'NONE',  ( 0.2790226782334223610, 0.4052934445963688459, -0.3662798814733193575 ) ) ;
#177 = EDGE_LOOP ( 'NONE', ( #158, #1382, #69, #570, #828, #660 ) ) ;
#178 = CARTESIAN_POINT ( 'NONE',  ( 0.8087973405184998299, -0.5227992307871278665, -0.3662798814733193575 ) ) ;
#179 = CARTESIAN_POINT ( 'NONE',  ( 0.5352764879027259726, 0.6004577332611986673, -0.3662798814733193575 ) ) ;
#180 = ORIENTED_EDGE ( 'NONE', *, *, #925, .F. ) ;
#181 = AXIS2_PLACEMENT_3D ( 'NONE', #693, #1164, #279 ) ;
#182 = ORIENTED_EDGE ( 'NONE', *, *, #1377, .F. ) ;
#183 = CARTESIAN_POINT ( 'NONE',  ( -0.6770656715078087196, -0.04260443725613322075, -0.3662798814733193575 ) ) ;
#184 = LINE ( 'NONE', #1126, #380 ) ;
#185 = EDGE_CURVE ( 'NONE', #1367, #542, #1037, .T. ) ;
#186 = EDGE_LOOP ( 'NONE', ( #561, #26, #1246, #89 ) ) ;
#187 = EDGE_LOOP ( 'NONE', ( #685, #1018, #1034, #374 ) ) ;
#188 = LINE ( 'NONE', #548, #1066 ) ;
#189 = ORIENTED_EDGE ( 'NONE', *, *, #1411, .F. ) ;
#190 = EDGE_CURVE ( 'NONE', #863, #291, #1084, .T. ) ;
#191 = CARTESIAN_POINT ( 'NONE',  ( 0.8087973405184998299, -0.6536134741704561213, -0.3662798814733193575 ) ) ;
#192 = CARTESIAN_POINT ( 'NONE',  ( 0.000000000000000000, 0.4181478360804647965, 0.3662798814733193575 ) ) ;
#193 = ORIENTED_EDGE ( 'NONE', *, *, #323, .F. ) ;
#194 = EDGE_CURVE ( 'NONE', #76, #112, #493, .T. ) ;
#195 = VECTOR ( 'NONE', #1023, 1000.000000000000000 ) ;
#196 = ORIENTED_EDGE ( 'NONE', *, *, #914, .T. ) ;
#197 = VECTOR ( 'NONE', #900, 1000.000000000000227 ) ;
#198 = DIRECTION ( 'NONE',  ( 0.000000000000000000, -1.000000000000000000, 0.000000000000000000 ) ) ;
#199 =( NAMED_UNIT ( * ) PLANE_ANGLE_UNIT ( ) SI_UNIT ( $, .RADIAN. ) );
#200 = CARTESIAN_POINT ( 'NONE',  ( -0.1452087901312255902, 0.4157783605917854675, -0.3662798814733193575 ) ) ;
#201 = CARTESIAN_POINT ( 'NONE',  ( -0.05339069458295210568, 0.4178688592956614767, 0.3662798814733193575 ) ) ;
#202 = ORIENTED_EDGE ( 'NONE', *, *, #1204, .T. ) ;
#203 = ORIENTED_EDGE ( 'NONE', *, *, #430, .F. ) ;
#204 = EDGE_CURVE ( 'NONE', #1159, #898, #708, .T. ) ;
#205 = LINE ( 'NONE', #682, #754 ) ;
#206 = CARTESIAN_POINT ( 'NONE',  ( -0.8087973405184998299, -0.6536134741704561213, -0.3662798814733193575 ) ) ;
#207 = ORIENTED_EDGE ( 'NONE', *, *, #232, .T. ) ;
#208 = DIRECTION ( 'NONE',  ( -0.4961389383568340361, 0.000000000000000000, -0.8682431421244590775 ) ) ;
#209 = EDGE_LOOP ( 'NONE', ( #821, #1398, #753, #207, #1067, #224, #1145, #805, #777, #1350, #50, #911, #326, #662, #78, #1247, #560, #511, #1471, #318, #918, #1242, #313, #1422, #638, #321, #781, #15, #1381, #1474, #1306, #584, #1054 ) ) ;
#210 = EDGE_LOOP ( 'NONE', ( #1514, #87, #180, #793, #1366, #1012 ) ) ;
#211 = CARTESIAN_POINT ( 'NONE',  ( -0.4399974211292495552, 0.3490849159830629600, 0.3662798814733193575 ) ) ;
#212 = DIRECTION ( 'NONE',  ( 0.000000000000000000, 0.000000000000000000, -1.000000000000000000 ) ) ;
#213 = EDGE_CURVE ( 'NONE', #215, #670, #968, .T. ) ;
#214 = PLANE ( 'NONE',  #1254 ) ;
#215 = VERTEX_POINT ( 'NONE', #849 ) ;
#216 = CARTESIAN_POINT ( 'NONE',  ( -0.3864527176562648214, 0.3733507853125955789, -0.3662798814733193575 ) ) ;
#217 = CARTESIAN_POINT ( 'NONE',  ( -0.09330453095755318615, 0.4172396839886285402, 0.3662798814733193575 ) ) ;
#218 = CARTESIAN_POINT ( 'NONE',  ( 0.5755826708866448316, 0.6536134741704552331, 0.2354656380899907420 ) ) ;
#219 = CARTESIAN_POINT ( 'NONE',  ( -0.9000000000000000222, -0.5227992307868399857, 0.2354656380899907420 ) ) ;
#220 = AXIS2_PLACEMENT_3D ( 'NONE', #1099, #741, #367 ) ;
#221 = VECTOR ( 'NONE', #850, 1000.000000000000114 ) ;
#222 = EDGE_CURVE ( 'NONE', #1040, #863, #1310, .T. ) ;
#223 = LINE ( 'NONE', #695, #993 ) ;
#224 = ORIENTED_EDGE ( 'NONE', *, *, #163, .T. ) ;
#225 = EDGE_CURVE ( 'NONE', #644, #1388, #1199, .T. ) ;
#226 = CARTESIAN_POINT ( 'NONE',  ( -0.05339069458295210568, 0.4178688592956614767, -0.3662798814733193575 ) ) ;
#227 = ORIENTED_EDGE ( 'NONE', *, *, #1272, .T. ) ;
#228 = DIRECTION ( 'NONE',  ( -1.110223024625161076E-15, 1.000000000000000000, 0.000000000000000000 ) ) ;
#229 = DIRECTION ( 'NONE',  ( -1.110223024625160090E-15, 1.000000000000000000, -6.980386026738249280E-32 ) ) ;
#230 = CIRCLE ( 'NONE', #12, 0.3545065995688196359 ) ;
#231 = DIRECTION ( 'NONE',  ( 0.000000000000000000, 0.000000000000000000, 1.000000000000000000 ) ) ;
#232 = EDGE_CURVE ( 'NONE', #1097, #644, #355, .T. ) ;
#233 = DIRECTION ( 'NONE',  ( -0.6042070016270062460, 0.7968273961058961463, 0.000000000000000000 ) ) ;
#234 = ORIENTED_EDGE ( 'NONE', *, *, #1330, .T. ) ;
#235 = DIRECTION ( 'NONE',  ( 0.000000000000000000, 1.000000000000000000, 0.000000000000000000 ) ) ;
#236 = CARTESIAN_POINT ( 'NONE',  ( 0.3928100410386845542, 0.3710547084624660208, 0.3662798814733193575 ) ) ;
#237 = FACE_OUTER_BOUND ( 'NONE', #1235, .T. ) ;
#238 = DIRECTION ( 'NONE',  ( -1.000000000000000000, 0.000000000000000000, 0.000000000000000000 ) ) ;
#239 = COORDINATED_UNIVERSAL_TIME_OFFSET ( 8, 0, .AHEAD. ) ;
#240 = CARTESIAN_POINT ( 'NONE',  ( -0.3638115842427376845, 0.6274506254937894933, -0.3662798814733193575 ) ) ;
#241 = CARTESIAN_POINT ( 'NONE',  ( -0.2793990532252075276, 0.4086907997491774358, 0.3662798814733194130 ) ) ;
#242 = ORIENTED_EDGE ( 'NONE', *, *, #213, .T. ) ;
#243 = CC_DESIGN_PERSON_AND_ORGANIZATION_ASSIGNMENT ( #944, #1415, ( #1017 ) ) ;
#244 = B_SPLINE_CURVE_WITH_KNOTS ( 'NONE', 5,
 ( #102, #1043, #1511, #226, #923, #200, #1176, #458, #678, #799, #346, #1143, #699, #216, #465 ),
 .UNSPECIFIED., .F., .F.,
 ( 6, 1, 1, 1, 1, 1, 1, 1, 1, 1, 6 ),
 ( -1.000000000000000000, -0.9000000000000000222, -0.8000000000000000444, -0.6999999999999999556, -0.5999999999999999778, -0.5000000000000000000, -0.4000000000000000222, -0.3000000000000000444, -0.1999999999999999556, -0.09999999999999997780, 0.000000000000000000 ),
 .UNSPECIFIED. ) ;
#245 = CARTESIAN_POINT ( 'NONE',  ( 0.3856421694167076475, 0.6185447975565300238, -0.3662798814733193575 ) ) ;
#246 = PLANE ( 'NONE',  #730 ) ;
#247 = EDGE_CURVE ( 'NONE', #1461, #1155, #350, .T. ) ;
#248 = DIRECTION ( 'NONE',  ( 0.000000000000000000, 1.000000000000000000, 0.000000000000000000 ) ) ;
#249 = CIRCLE ( 'NONE', #64, 0.3388088903628203030 ) ;
#250 = B_SPLINE_CURVE_WITH_KNOTS ( 'NONE', 3,
 ( #1353, #1001, #43, #278, #505, #646, #286, #979, #765, #620, #859, #992, #1103, #758, #1472, #390 ),
 .UNSPECIFIED., .F., .F.,
 ( 4, 3, 3, 3, 3, 4 ),
 ( 5.421010862427520966E-20, 2.463840397436071119E-05, 4.934857571860779257E-05, 7.291139674039950566E-05, 9.505757342529929049E-05, 0.0001055144119328370366 ),
 .UNSPECIFIED. ) ;
#251 = DIRECTION ( 'NONE',  ( 0.6042070016270068011, 0.7968273961058957022, 0.000000000000000000 ) ) ;
#252 = CALENDAR_DATE ( 2026, 29, 6 ) ;
#253 = AXIS2_PLACEMENT_3D ( 'NONE', #1440, #714, #848 ) ;
#254 = CARTESIAN_POINT ( 'NONE',  ( -0.3912770188502249225, 0.6128299175691163114, -0.3662798814733193575 ) ) ;
#255 = CARTESIAN_POINT ( 'NONE',  ( -0.1117470801696816562, 0.4172162217220341529, 0.3650735918742074593 ) ) ;
#256 = LOCAL_TIME ( 11, 49, 7.000000000000000000, #833 ) ;
#257 = EDGE_LOOP ( 'NONE', ( #48, #559, #742, #1519 ) ) ;
#258 = DIRECTION ( 'NONE',  ( 0.000000000000000000, 0.000000000000000000, 1.000000000000000000 ) ) ;
#259 = CARTESIAN_POINT ( 'NONE',  ( -4.640563105653652363E-16, 0.6274506254937893823, -0.2354656380899907420 ) ) ;
#260 = CARTESIAN_POINT ( 'NONE',  ( 0.3487131178529037090, 0.4755969781211189518, -0.3662798814733193575 ) ) ;
#261 = ADVANCED_FACE ( 'NONE', ( #1200 ), #246, .T. ) ;
#262 = DATE_AND_TIME ( #121, #1337 ) ;
#263 = AXIS2_PLACEMENT_3D ( 'NONE', #1013, #447, #1253 ) ;
#264 = VECTOR ( 'NONE', #142, 1000.000000000000114 ) ;
#265 = CARTESIAN_POINT ( 'NONE',  ( 0.5755826708866448316, 0.6536134741704552331, 0.3662798814733193575 ) ) ;
#266 = ORIENTED_EDGE ( 'NONE', *, *, #476, .F. ) ;
#267 = CARTESIAN_POINT ( 'NONE',  ( 0.02567620004958259122, 0.4180971120491150383, 0.3662798814733193575 ) ) ;
#268 = CARTESIAN_POINT ( 'NONE',  ( 0.3890377453936570418, 0.6157679737019512434, -0.3662798814733193575 ) ) ;
#269 = CARTESIAN_POINT ( 'NONE',  ( -3.643132503908015485E-16, 0.5384969399931264222, -0.2354656380899907420 ) ) ;
#270 = EDGE_CURVE ( 'NONE', #444, #731, #1433, .T. ) ;
#271 = DIRECTION ( 'NONE',  ( -1.000000000000000000, 1.061465208114818019E-15, -4.875781651034269363E-17 ) ) ;
#272 = DATE_TIME_ROLE ( 'classification_date' ) ;
#273 = ADVANCED_FACE ( 'NONE', ( #839 ), #727, .F. ) ;
#274 = FACE_OUTER_BOUND ( 'NONE', #420, .T. ) ;
#275 = VERTEX_POINT ( 'NONE', #1219 ) ;
#276 = CARTESIAN_POINT ( 'NONE',  ( 0.3098426783486273872, 0.3990934419557076174, -0.3662798814733193575 ) ) ;
#277 = CARTESIAN_POINT ( 'NONE',  ( 0.3930940571415984519, 0.5110527092092921331, -0.3662798814733193575 ) ) ;
#278 = CARTESIAN_POINT ( 'NONE',  ( -0.3537894649359147325, 0.4771525798803771257, -0.3662798814733193575 ) ) ;
#279 = DIRECTION ( 'NONE',  ( 1.836970198721029934E-16, 0.000000000000000000, 1.000000000000000000 ) ) ;
#280 = CARTESIAN_POINT ( 'NONE',  ( -4.647455518498883098E-16, 0.6274506254937893823, -0.2354656380899907420 ) ) ;
#281 = CARTESIAN_POINT ( 'NONE',  ( 0.5352764879027258615, 0.6004577332611988894, 0.2627291582361553912 ) ) ;
#282 = EDGE_CURVE ( 'NONE', #1227, #926, #162, .T. ) ;
#283 = VECTOR ( 'NONE', #830, 1000.000000000000000 ) ;
#284 = VERTEX_POINT ( 'NONE', #1468 ) ;
#285 = CARTESIAN_POINT ( 'NONE',  ( -0.6291201097641321294, 0.4625900911183400410, 0.3565727800975610484 ) ) ;
#286 = CARTESIAN_POINT ( 'NONE',  ( -0.3753362048724904199, 0.4891871439238408281, -0.3662798814733193575 ) ) ;
#287 = LINE ( 'NONE', #1110, #897 ) ;
#288 = CARTESIAN_POINT ( 'NONE',  ( -0.6169331930757698812, 0.5060734198616568813, 0.3443858634092001325 ) ) ;
#289 = ORIENTED_EDGE ( 'NONE', *, *, #1359, .F. ) ;
#290 = CARTESIAN_POINT ( 'NONE',  ( 0.2234075434656296877, 0.4119904404198625469, 0.3655270814376316846 ) ) ;
#291 = VERTEX_POINT ( 'NONE', #1347 ) ;
#292 = EDGE_CURVE ( 'NONE', #1128, #1040, #287, .T. ) ;
#293 = VECTOR ( 'NONE', #92, 1000.000000000000000 ) ;
#294 = CARTESIAN_POINT ( 'NONE',  ( -0.3570992932240125151, 0.3840039857593071648, -0.3662798814733193575 ) ) ;
#295 = DIRECTION ( 'NONE',  ( 0.000000000000000000, -1.000000000000000000, 0.000000000000000000 ) ) ;
#296 = CARTESIAN_POINT ( 'NONE',  ( 0.6936828008203402840, -0.09318591994369625209, 0.2354656380899907420 ) ) ;
#297 = CARTESIAN_POINT ( 'NONE',  ( -0.3928100410386845542, 0.3710547084624660208, 0.3662798814733193575 ) ) ;
#298 = CARTESIAN_POINT ( 'NONE',  ( 0.3741805730664620744, 0.3777925419736901658, 0.3662798814733193575 ) ) ;
#299 = CARTESIAN_POINT ( 'NONE',  ( 0.6447646093504527665, 0.04901265783111428270, -0.3662798814733193575 ) ) ;
#300 = VERTEX_POINT ( 'NONE', #178 ) ;
#301 = CC_DESIGN_PERSON_AND_ORGANIZATION_ASSIGNMENT ( #1058, #952, ( #720 ) ) ;
#302 = CARTESIAN_POINT ( 'NONE',  ( -0.7848854603007705544, -0.09318591994369625209, 0.3662798814733193575 ) ) ;
#303 = DIRECTION ( 'NONE',  ( -1.000000000000000000, -1.110223024625160090E-15, 0.000000000000000000 ) ) ;
#304 = FACE_OUTER_BOUND ( 'NONE', #37, .T. ) ;
#305 = ORIENTED_EDGE ( 'NONE', *, *, #1091, .T. ) ;
#306 = AXIS2_PLACEMENT_3D ( 'NONE', #1305, #47, #14 ) ;
#307 = ORIENTED_EDGE ( 'NONE', *, *, #826, .F. ) ;
#308 = APPROVAL_PERSON_ORGANIZATION ( #10, #1340, #961 ) ;
#309 = LINE ( 'NONE', #772, #842 ) ;
#310 = CARTESIAN_POINT ( 'NONE',  ( 0.3928100410386845542, 0.3710547084624660208, 0.2354656380899907420 ) ) ;
#311 = EDGE_CURVE ( 'NONE', #837, #112, #498, .T. ) ;
#312 = CARTESIAN_POINT ( 'NONE',  ( 0.3994301134681200183, 0.3687956080408386073, -0.3662798814733193575 ) ) ;
#313 = ORIENTED_EDGE ( 'NONE', *, *, #648, .T. ) ;
#314 = ORIENTED_EDGE ( 'NONE', *, *, #270, .T. ) ;
#315 = CARTESIAN_POINT ( 'NONE',  ( -0.5352764879027258615, 0.6004577332611997775, 0.2627291582361557243 ) ) ;
#316 = ADVANCED_FACE ( 'NONE', ( #873 ), #1355, .T. ) ;
#317 = CARTESIAN_POINT ( 'NONE',  ( -0.5994945511051714693, -0.6536134741704561213, 0.000000000000000000 ) ) ;
#318 = ORIENTED_EDGE ( 'NONE', *, *, #1280, .T. ) ;
#319 = DIRECTION ( 'NONE',  ( 0.000000000000000000, 0.000000000000000000, -1.000000000000000000 ) ) ;
#320 = CARTESIAN_POINT ( 'NONE',  ( -0.2877913354433218052, 0.5769842645480771637, 0.2896506718509407885 ) ) ;
#321 = ORIENTED_EDGE ( 'NONE', *, *, #707, .T. ) ;
#322 = CARTESIAN_POINT ( 'NONE',  ( 0.5621980015175110923, 0.5769842645480759424, 0.2896506718509411216 ) ) ;
#323 = EDGE_CURVE ( 'NONE', #1241, #1388, #154, .T. ) ;
#324 = FACE_OUTER_BOUND ( 'NONE', #735, .T. ) ;
#325 = CARTESIAN_POINT ( 'NONE',  ( -0.1452087901312255902, 0.4157783605917854675, -0.3662798814733193575 ) ) ;
#326 = ORIENTED_EDGE ( 'NONE', *, *, #1178, .T. ) ;
#327 = TOROIDAL_SURFACE ( 'NONE', #667, 0.3832857331131518941, 0.03662798814733193159 ) ;
#328 = ORIENTED_EDGE ( 'NONE', *, *, #282, .T. ) ;
#329 = CARTESIAN_POINT ( 'NONE',  ( -4.315539653746837924E-16, 0.6274506254937893823, 0.1033432522728295749 ) ) ;
#330 = DIRECTION ( 'NONE',  ( -5.830129020652254764E-17, 0.000000000000000000, 1.000000000000000000 ) ) ;
#331 = CIRCLE ( 'NONE', #1116, 0.3388088903628203030 ) ;
#332 = CARTESIAN_POINT ( 'NONE',  ( -4.315539653746837924E-16, 0.6536134741704552331, 0.1033432522728295749 ) ) ;
#333 = VERTEX_POINT ( 'NONE', #405 ) ;
#334 = FACE_OUTER_BOUND ( 'NONE', #482, .T. ) ;
#335 = CARTESIAN_POINT ( 'NONE',  ( -0.5994945511051714693, -0.6536134741704561213, 0.000000000000000000 ) ) ;
#336 = CARTESIAN_POINT ( 'NONE',  ( -0.3570992932240125151, 0.3840039857593071648, 0.3662798814733193575 ) ) ;
#337 = ORIENTED_EDGE ( 'NONE', *, *, #163, .F. ) ;
#338 = EDGE_CURVE ( 'NONE', #625, #333, #866, .T. ) ;
#339 = ORIENTED_EDGE ( 'NONE', *, *, #808, .F. ) ;
#340 = CARTESIAN_POINT ( 'NONE',  ( 0.3994301134681200183, 0.3687956080408386073, 0.3662798814733193575 ) ) ;
#341 = B_SPLINE_SURFACE_WITH_KNOTS ( 'NONE', 5, 1, ( 
 ( #988, #971 ),
 ( #1218, #1443 ),
 ( #1109, #151 ),
 ( #161, #52 ),
 ( #524, #1458 ),
 ( #59, #413 ),
 ( #901, #1506 ),
 ( #349, #1047 ),
 ( #340, #555 ),
 ( #1516, #919 ) ),
 .UNSPECIFIED., .F., .F., .F.,
 ( 6, 1, 1, 1, 1, 6 ),
 ( 2, 2 ),
 ( -1.000000000000000000, -0.8000000000000000444, -0.5999999999999999778, -0.4000000000000000222, -0.2000000000000000111, 0.000000000000000000 ),
 ( -0.5000000000000000000, 2.299999999999999822 ),
 .UNSPECIFIED. ) ;
#342 = VECTOR ( 'NONE', #1425, 1000.000000000000000 ) ;
#343 = CARTESIAN_POINT ( 'NONE',  ( -4.233910747785002002E-16, 0.5908226373464580128, -0.2354656380899907420 ) ) ;
#344 = ORIENTED_EDGE ( 'NONE', *, *, #851, .F. ) ;
#345 = DIRECTION ( 'NONE',  ( -6.287372781784093926E-17, 0.000000000000000000, 1.000000000000000000 ) ) ;
#346 = CARTESIAN_POINT ( 'NONE',  ( -0.3362757102358119310, 0.3913829781997976154, -0.3662798814733193575 ) ) ;
#347 = PLANE ( 'NONE',  #1334 ) ;
#348 = CARTESIAN_POINT ( 'NONE',  ( -0.9000000000000000222, -0.5227992307868399857, 0.3662798814733193575 ) ) ;
#349 = CARTESIAN_POINT ( 'NONE',  ( 0.4140285128271107284, 0.3627471806996120374, 0.3662798814733193575 ) ) ;
#350 =( BOUNDED_CURVE ( )  B_SPLINE_CURVE ( 3, ( #135, #609, #18, #113 ),
 .UNSPECIFIED., .F., .F. ) 
 B_SPLINE_CURVE_WITH_KNOTS ( ( 4, 4 ),
 ( 2.356194490192344837, 2.868336920422715153 ),
 .UNSPECIFIED. ) 
 CURVE ( )  GEOMETRIC_REPRESENTATION_ITEM ( )  RATIONAL_B_SPLINE_CURVE ( ( 1.000000000000000000, 0.9782616876320950894, 0.9782616876320950894, 1.000000000000000000 ) ) 
 REPRESENTATION_ITEM ( '' )  );
#351 = CARTESIAN_POINT ( 'NONE',  ( 0.008364600044990818176, 0.4181478360804647965, -0.3662798814733193575 ) ) ;
#352 = ORIENTED_EDGE ( 'NONE', *, *, #586, .F. ) ;
#353 = CARTESIAN_POINT ( 'NONE',  ( 0.7041459458118338732, -0.5227992307871278665, 0.000000000000000000 ) ) ;
#354 = LINE ( 'NONE', #1169, #691 ) ;
#355 = LINE ( 'NONE', #6, #1397 ) ;
#356 = VECTOR ( 'NONE', #208, 1000.000000000000114 ) ;
#357 = VECTOR ( 'NONE', #1361, 1000.000000000000000 ) ;
#358 = EDGE_CURVE ( 'NONE', #1146, #1258, #1232, .T. ) ;
#359 = CC_DESIGN_APPROVAL ( #1269, ( #1017 ) ) ;
#360 = LINE ( 'NONE', #332, #912 ) ;
#361 = EDGE_LOOP ( 'NONE', ( #1503, #1208, #189, #549, #546, #600, #1082, #427, #3 ) ) ;
#362 = CARTESIAN_POINT ( 'NONE',  ( 0.3330617758096922620, 0.3919849874037985571, 0.3662798814733193575 ) ) ;
#363 = DIRECTION ( 'NONE',  ( 0.000000000000000000, 1.000000000000000000, 0.000000000000000000 ) ) ;
#364 = FACE_OUTER_BOUND ( 'NONE', #104, .T. ) ;
#365 = EDGE_CURVE ( 'NONE', #444, #947, #766, .T. ) ;
#366 = COORDINATED_UNIVERSAL_TIME_OFFSET ( 8, 0, .AHEAD. ) ;
#367 = DIRECTION ( 'NONE',  ( 1.224646799147350495E-16, 5.092026432609393462E-47, 1.000000000000000000 ) ) ;
#368 = EDGE_LOOP ( 'NONE', ( #1339, #96, #964, #1007 ) ) ;
#369 = DIRECTION ( 'NONE',  ( 0.000000000000000000, 0.000000000000000000, 1.000000000000000000 ) ) ;
#370 = CARTESIAN_POINT ( 'NONE',  ( 0.3990177527765831345, 0.5384969399931266443, -0.3662798814733193575 ) ) ;
#371 = COORDINATED_UNIVERSAL_TIME_OFFSET ( 8, 0, .AHEAD. ) ;
#372 = CARTESIAN_POINT ( 'NONE',  ( -0.3857212001727948758, 0.6187508692072944960, -0.3662798814733193575 ) ) ;
#373 = DIRECTION ( 'NONE',  ( 0.000000000000000000, -1.000000000000000000, 0.000000000000000000 ) ) ;
#374 = ORIENTED_EDGE ( 'NONE', *, *, #803, .F. ) ;
#375 = EDGE_CURVE ( 'NONE', #80, #1227, #543, .T. ) ;
#376 = DIRECTION ( 'NONE',  ( -0.2698677983698040683, -0.9628973836307972434, 0.000000000000000000 ) ) ;
#377 = CARTESIAN_POINT ( 'NONE',  ( 0.5994945511051714693, -0.6536134741704561213, 0.000000000000000000 ) ) ;
#378 = CARTESIAN_POINT ( 'NONE',  ( 0.3693009064408919739, 0.4847530225087806621, -0.3662798814733193575 ) ) ;
#379 = B_SPLINE_CURVE_WITH_KNOTS ( 'NONE', 3,
 ( #46, #241, #1298, #255, #1220, #56 ),
 .UNSPECIFIED., .F., .F.,
 ( 4, 2, 4 ),
 ( 0.000000000000000000, 0.0001670731058290307917, 0.0003341462116580615834 ),
 .UNSPECIFIED. ) ;
#380 = VECTOR ( 'NONE', #1016, 1000.000000000000000 ) ;
#381 = CARTESIAN_POINT ( 'NONE',  ( 0.6936828008203402840, -0.09318591994369625209, 0.3662798814733193575 ) ) ;
#382 = VECTOR ( 'NONE', #389, 1000.000000000000000 ) ;
#383 = FACE_OUTER_BOUND ( 'NONE', #361, .T. ) ;
#384 = DIRECTION ( 'NONE',  ( 0.000000000000000000, 1.000000000000000000, 0.000000000000000000 ) ) ;
#385 = ORIENTED_EDGE ( 'NONE', *, *, #1167, .T. ) ;
#386 = DIRECTION ( 'NONE',  ( -1.000000000000000000, 0.000000000000000000, 0.000000000000000000 ) ) ;
#387 = EDGE_CURVE ( 'NONE', #1496, #1159, #1362, .T. ) ;
#388 = CARTESIAN_POINT ( 'NONE',  ( -0.5994945511051714693, -0.6536134741704561213, 0.000000000000000000 ) ) ;
#389 = DIRECTION ( 'NONE',  ( 0.000000000000000000, 0.000000000000000000, 1.000000000000000000 ) ) ;
#390 = CARTESIAN_POINT ( 'NONE',  ( -0.3990177527765834120, 0.5384969399931260892, -0.3662798814733193575 ) ) ;
#391 = DIRECTION ( 'NONE',  ( 0.000000000000000000, 0.000000000000000000, 1.000000000000000000 ) ) ;
#392 = DATE_AND_TIME ( #252, #998 ) ;
#393 = CARTESIAN_POINT ( 'NONE',  ( -4.233910747785002002E-16, 0.5908226373464580128, -0.2354656380899907420 ) ) ;
#394 = EDGE_LOOP ( 'NONE', ( #196, #1197, #594, #776 ) ) ;
#395 = DIRECTION ( 'NONE',  ( 0.000000000000000000, 0.000000000000000000, 1.000000000000000000 ) ) ;
#396 = DIRECTION ( 'NONE',  ( -0.4961389383568340361, 0.000000000000000000, 0.8682431421244590775 ) ) ;
#397 = DIRECTION ( 'NONE',  ( 1.110223024625161274E-15, -1.000000000000000000, 0.000000000000000000 ) ) ;
#398 = EDGE_CURVE ( 'NONE', #215, #1003, #820, .T. ) ;
#399 = DIRECTION ( 'NONE',  ( -1.110223024625160090E-15, 1.000000000000000000, -6.472743475263460068E-32 ) ) ;
#400 = CARTESIAN_POINT ( 'NONE',  ( -0.3983261824415271768, 0.5987670000918113855, -0.3662798814733193575 ) ) ;
#401 = DIRECTION ( 'NONE',  ( -1.110223024625160090E-15, 1.000000000000000000, 0.000000000000000000 ) ) ;
#402 = VERTEX_POINT ( 'NONE', #1151 ) ;
#403 = CARTESIAN_POINT ( 'NONE',  ( 0.2408995202859781082, 0.4100267566710728562, -0.3662798814733193575 ) ) ;
#404 = CARTESIAN_POINT ( 'NONE',  ( 0.3630146488839457453, 0.4806429146280370990, -0.3662798814733193575 ) ) ;
#405 = CARTESIAN_POINT ( 'NONE',  ( 0.3990177527765830789, 0.5908226373464582348, -0.3662798814733193575 ) ) ;
#406 = ORIENTED_EDGE ( 'NONE', *, *, #1272, .F. ) ;
#407 = ADVANCED_FACE ( 'NONE', ( #324 ), #1052, .T. ) ;
#408 = AXIS2_PLACEMENT_3D ( 'NONE', #768, #62, #1240 ) ;
#409 = CARTESIAN_POINT ( 'NONE',  ( 0.3928100410386845542, 0.3710547084624660208, -0.3662798814733193575 ) ) ;
#410 = VECTOR ( 'NONE', #123, 1000.000000000000114 ) ;
#411 = VERTEX_POINT ( 'NONE', #568 ) ;
#412 = CARTESIAN_POINT ( 'NONE',  ( -0.1955292601331548863, 0.4134486410977130100, 0.3662798814733193575 ) ) ;
#413 = CARTESIAN_POINT ( 'NONE',  ( 0.4818249299310704004, 0.3202950860081567597, -0.3662798814733193575 ) ) ;
#414 = CARTESIAN_POINT ( 'NONE',  ( 0.7848854603007705544, -0.09318591994369625209, 0.2354656380899907420 ) ) ;
#415 = CARTESIAN_POINT ( 'NONE',  ( -0.5621980015175103151, 0.5769842645480777188, 0.2896506718509411216 ) ) ;
#416 = EDGE_CURVE ( 'NONE', #928, #792, #122, .T. ) ;
#417 = CARTESIAN_POINT ( 'NONE',  ( 0.3330617758096922620, 0.3919849874037985571, 0.3662798814733193575 ) ) ;
#418 = ORIENTED_EDGE ( 'NONE', *, *, #980, .T. ) ;
#419 = CARTESIAN_POINT ( 'NONE',  ( -0.6936828008203402840, -0.09318591994369625209, 0.3662798814733193575 ) ) ;
#420 = EDGE_LOOP ( 'NONE', ( #435, #57, #899, #1075, #982 ) ) ;
#421 = CARTESIAN_POINT ( 'NONE',  ( 0.6936828008203402840, -0.09318591994369625209, -0.3662798814733193575 ) ) ;
#422 = ORIENTED_EDGE ( 'NONE', *, *, #977, .T. ) ;
#423 = EDGE_CURVE ( 'NONE', #681, #457, #1400, .T. ) ;
#424 = VERTEX_POINT ( 'NONE', #1257 ) ;
#425 = DIRECTION ( 'NONE',  ( 0.000000000000000000, 0.000000000000000000, 1.000000000000000000 ) ) ;
#426 = CARTESIAN_POINT ( 'NONE',  ( 0.5991104716589726875, 0.1578266447663359551, -0.3662798814733193575 ) ) ;
#427 = ORIENTED_EDGE ( 'NONE', *, *, #538, .T. ) ;
#428 = VECTOR ( 'NONE', #1149, 1000.000000000000114 ) ;
#429 = CIRCLE ( 'NONE', #892, 0.2616284867666565095 ) ;
#430 = EDGE_CURVE ( 'NONE', #1378, #651, #244, .T. ) ;
#431 = ORIENTED_EDGE ( 'NONE', *, *, #159, .F. ) ;
#432 = CARTESIAN_POINT ( 'NONE',  ( -0.3990177527765831900, 0.6274506254937893823, -0.3662798814733193575 ) ) ;
#433 = DIRECTION ( 'NONE',  ( -0.000000000000000000, 1.000000000000000000, 0.000000000000000000 ) ) ;
#434 = ORIENTED_EDGE ( 'NONE', *, *, #661, .F. ) ;
#435 = ORIENTED_EDGE ( 'NONE', *, *, #194, .F. ) ;
#436 = CARTESIAN_POINT ( 'NONE',  ( 0.9000000000000000222, -0.5227992307868399857, 0.3662798814733193575 ) ) ;
#437 = FACE_OUTER_BOUND ( 'NONE', #1373, .T. ) ;
#438 = ADVANCED_FACE ( 'NONE', ( #587 ), #1407, .T. ) ;
#439 = EDGE_CURVE ( 'NONE', #666, #1367, #354, .T. ) ;
#440 = CARTESIAN_POINT ( 'NONE',  ( 0.2790226782334223610, 0.4052934445963688459, -0.3662798814733193575 ) ) ;
#441 = ORIENTED_EDGE ( 'NONE', *, *, #1359, .T. ) ;
#442 = CARTESIAN_POINT ( 'NONE',  ( -0.3771987243732333184, 0.3919849874037990012, -0.3662798814733193575 ) ) ;
#443 = CARTESIAN_POINT ( 'NONE',  ( 0.5755826708866448316, 0.6536134741704552331, -0.3662798814733193575 ) ) ;
#444 = VERTEX_POINT ( 'NONE', #1430 ) ;
#445 = ORIENTED_EDGE ( 'NONE', *, *, #611, .F. ) ;
#446 = CARTESIAN_POINT ( 'NONE',  ( -0.3990177527765834120, 0.5384969399931260892, -0.3662798814733193575 ) ) ;
#447 = DIRECTION ( 'NONE',  ( -0.8682431421244590775, 0.000000000000000000, -0.4961389383568340361 ) ) ;
#448 = CARTESIAN_POINT ( 'NONE',  ( 0.2408995202859781082, 0.4100267566710728562, -0.3662798814733193575 ) ) ;
#449 = ADVANCED_FACE ( 'NONE', ( #862 ), #1331, .T. ) ;
#450 = ORIENTED_EDGE ( 'NONE', *, *, #292, .T. ) ;
#451 = ORIENTED_EDGE ( 'NONE', *, *, #1019, .F. ) ;
#452 = AXIS2_PLACEMENT_3D ( 'NONE', #1078, #271, #943 ) ;
#453 = VERTEX_POINT ( 'NONE', #519 ) ;
#454 = CARTESIAN_POINT ( 'NONE',  ( -0.6936828008203402840, -0.09318591994369625209, 0.3662798814733193575 ) ) ;
#455 = AXIS2_PLACEMENT_3D ( 'NONE', #1406, #101, #345 ) ;
#456 = CARTESIAN_POINT ( 'NONE',  ( -0.4347930863729830842, 0.6536134741704562323, 0.1622457567064128914 ) ) ;
#457 = VERTEX_POINT ( 'NONE', #281 ) ;
#458 = CARTESIAN_POINT ( 'NONE',  ( -0.2408995202859781082, 0.4100267566710728562, -0.3662798814733193575 ) ) ;
#459 = CARTESIAN_POINT ( 'NONE',  ( -0.008364600044990818176, 0.4181478360804647965, -0.3662798814733193575 ) ) ;
#460 = DIRECTION ( 'NONE',  ( -0.2588190451049280916, -0.9659258262884231616, 0.000000000000000000 ) ) ;
#461 = CARTESIAN_POINT ( 'NONE',  ( 0.3741805730664620744, 0.3777925419736901658, -0.3662798814733193575 ) ) ;
#462 = ORIENTED_EDGE ( 'NONE', *, *, #1343, .F. ) ;
#463 = CARTESIAN_POINT ( 'NONE',  ( 0.008364600044990818176, 0.4181478360804647965, 0.3662798814733193575 ) ) ;
#464 = PERSON_AND_ORGANIZATION ( #1190, #1133 ) ;
#465 = CARTESIAN_POINT ( 'NONE',  ( -0.3928100410386845542, 0.3710547084624660208, -0.3662798814733193575 ) ) ;
#466 = ORIENTED_EDGE ( 'NONE', *, *, #8, .T. ) ;
#467 = DIRECTION ( 'NONE',  ( 0.9628973836307973544, 0.2698677983698041238, 0.000000000000000000 ) ) ;
#468 = EDGE_CURVE ( 'NONE', #1278, #666, #723, .T. ) ;
#469 = DIRECTION ( 'NONE',  ( 0.000000000000000000, 0.000000000000000000, -1.000000000000000000 ) ) ;
#470 = CARTESIAN_POINT ( 'NONE',  ( -0.5621980015175103151, 0.5769842645480777188, 0.2896506718509411216 ) ) ;
#471 = PERSON_AND_ORGANIZATION ( #1190, #1133 ) ;
#472 = ORIENTED_EDGE ( 'NONE', *, *, #1291, .F. ) ;
#473 = CARTESIAN_POINT ( 'NONE',  ( 0.3821195314449532532, 0.6214255297849988757, -0.3662798814733193575 ) ) ;
#474 = CARTESIAN_POINT ( 'NONE',  ( 0.5433942767908481741, 0.2537496725529588826, 0.3662798814733193575 ) ) ;
#475 = TOROIDAL_SURFACE ( 'NONE', #1237, 0.3832857331131518941, 0.03662798814733193159 ) ;
#476 = EDGE_CURVE ( 'NONE', #1402, #540, #954, .T. ) ;
#477 = VECTOR ( 'NONE', #1352, 1000.000000000000114 ) ;
#478 = CARTESIAN_POINT ( 'NONE',  ( -4.937921488405079747E-16, 0.6536134741704552331, -0.2354656380899907420 ) ) ;
#479 = SECURITY_CLASSIFICATION_LEVEL ( 'unclassified' ) ;
#480 = CARTESIAN_POINT ( 'NONE',  ( -0.3823555115570443919, 0.6209522560403959446, -0.3662798814733193575 ) ) ;
#481 = CARTESIAN_POINT ( 'NONE',  ( 9.077061559568129125E-19, 0.6536134741704552331, -0.3662798814733193575 ) ) ;
#482 = EDGE_LOOP ( 'NONE', ( #1049, #886, #1371 ) ) ;
#483 = CARTESIAN_POINT ( 'NONE',  ( 0.1452087901312255902, 0.4157783605917854675, -0.3662798814733193575 ) ) ;
#484 = CARTESIAN_POINT ( 'NONE',  ( -0.9000000000000000222, -0.5227992307868399857, -0.3662798814733193575 ) ) ;
#485 = CARTESIAN_POINT ( 'NONE',  ( -3.167152633856959599E-16, 0.5908226373464580128, 0.1844480831704934098 ) ) ;
#486 = DIRECTION ( 'NONE',  ( 0.000000000000000000, 0.000000000000000000, 1.000000000000000000 ) ) ;
#487 = ADVANCED_FACE ( 'NONE', ( #383 ), #637, .T. ) ;
#488 = CARTESIAN_POINT ( 'NONE',  ( 0.9000000000000000222, -0.5227992307868399857, -0.3662798814733193575 ) ) ;
#489 = DIRECTION ( 'NONE',  ( -0.8682431421244590775, 0.000000000000000000, 0.4961389383568340361 ) ) ;
#490 = CARTESIAN_POINT ( 'NONE',  ( 0.5994945511051714693, -0.5227992307871278665, 0.000000000000000000 ) ) ;
#491 = VERTEX_POINT ( 'NONE', #974 ) ;
#492 = CARTESIAN_POINT ( 'NONE',  ( 0.3942003836330942868, 0.6085486407031299727, -0.3662798814733193575 ) ) ;
#493 = LINE ( 'NONE', #1525, #612 ) ;
#494 = FACE_OUTER_BOUND ( 'NONE', #257, .T. ) ;
#495 = DIRECTION ( 'NONE',  ( 1.836970198721029688E-16, 0.000000000000000000, 1.000000000000000000 ) ) ;
#496 = CARTESIAN_POINT ( 'NONE',  ( -0.3396279255153966115, 0.3899291487067043649, 0.3662798814733193575 ) ) ;
#497 = PERSON_AND_ORGANIZATION ( #1190, #1133 ) ;
#498 =( BOUNDED_CURVE ( )  B_SPLINE_CURVE ( 3, ( #415, #1113, #68, #1104 ),
 .UNSPECIFIED., .F., .F. ) 
 B_SPLINE_CURVE_WITH_KNOTS ( ( 4, 4 ),
 ( 3.926990816987240063, 4.063618683570780377 ),
 .UNSPECIFIED. ) 
 CURVE ( )  GEOMETRIC_REPRESENTATION_ITEM ( )  RATIONAL_B_SPLINE_CURVE ( ( 1.000000000000000000, 0.9984450070497850049, 0.9984450070497850049, 1.000000000000000000 ) ) 
 REPRESENTATION_ITEM ( '' )  );
#499 = EDGE_CURVE ( 'NONE', #569, #94, #379, .T. ) ;
#500 = ORIENTED_EDGE ( 'NONE', *, *, #1101, .F. ) ;
#501 = CARTESIAN_POINT ( 'NONE',  ( 0.05339069458295210568, 0.4178688592956614767, 0.3662798814733193575 ) ) ;
#502 = CARTESIAN_POINT ( 'NONE',  ( 0.3977680181921430802, 0.6009572375301808211, -0.3662798814733193575 ) ) ;
#503 = CARTESIAN_POINT ( 'NONE',  ( 0.5991104716589726875, 0.1578266447663359551, 0.3662798814733193575 ) ) ;
#504 = DIRECTION ( 'NONE',  ( 1.110223024625160090E-15, -1.000000000000000000, -1.359631073446891986E-31 ) ) ;
#505 = CARTESIAN_POINT ( 'NONE',  ( -0.3615615362578302183, 0.4798492218232835449, -0.3662798814733193575 ) ) ;
#506 = AXIS2_PLACEMENT_3D ( 'NONE', #632, #35, #13 ) ;
#507 = CARTESIAN_POINT ( 'NONE',  ( -0.3928100410386845542, 0.3710547084624660208, 0.3662798814733193575 ) ) ;
#508 = PERSON_AND_ORGANIZATION ( #1190, #1133 ) ;
#509 = AXIS2_PLACEMENT_3D ( 'NONE', #1163, #1036, #663 ) ;
#510 = FACE_OUTER_BOUND ( 'NONE', #1486, .T. ) ;
#511 = ORIENTED_EDGE ( 'NONE', *, *, #1429, .T. ) ;
#512 = CC_DESIGN_DATE_AND_TIME_ASSIGNMENT ( #392, #272, ( #1017 ) ) ;
#513 = CARTESIAN_POINT ( 'NONE',  ( -0.3294883349466182776, 0.4730898183014621838, -0.3662798814733193575 ) ) ;
#514 = CARTESIAN_POINT ( 'NONE',  ( -0.6936828008203402840, -0.09318591994369625209, 0.2354656380899907420 ) ) ;
#515 = CYLINDRICAL_SURFACE ( 'NONE', #875, 0.3388088903628203030 ) ;
#516 = CARTESIAN_POINT ( 'NONE',  ( -0.4399974211292495552, 0.3490849159830629600, -0.3662798814733193575 ) ) ;
#517 = CARTESIAN_POINT ( 'NONE',  ( -0.9000000000000000222, -0.6536134741704561213, 0.3662798814733193575 ) ) ;
#518 = DIRECTION ( 'NONE',  ( 0.2588190451049280916, -0.9659258262884231616, 0.000000000000000000 ) ) ;
#519 = CARTESIAN_POINT ( 'NONE',  ( 0.6291201097641321294, 0.4625900911183391528, -0.3662798814733193575 ) ) ;
#520 = ORIENTED_EDGE ( 'NONE', *, *, #185, .F. ) ;
#521 = VERTEX_POINT ( 'NONE', #985 ) ;
#522 = CARTESIAN_POINT ( 'NONE',  ( -0.5994945511051714693, -0.5227992307871278665, 0.000000000000000000 ) ) ;
#523 = EDGE_CURVE ( 'NONE', #300, #1186, #855, .T. ) ;
#524 = CARTESIAN_POINT ( 'NONE',  ( 0.5433942767908481741, 0.2537496725529588826, 0.3662798814733193575 ) ) ;
#525 = CARTESIAN_POINT ( 'NONE',  ( -0.6936828008203402840, -0.09318591994369625209, -0.3662798814733193575 ) ) ;
#526 = EDGE_LOOP ( 'NONE', ( #652, #956, #1509, #975, #1006, #1529, #328, #690, #1299 ) ) ;
#527 = DIRECTION ( 'NONE',  ( 0.000000000000000000, 0.000000000000000000, 1.000000000000000000 ) ) ;
#528 = ORIENTED_EDGE ( 'NONE', *, *, #292, .F. ) ;
#529 = CARTESIAN_POINT ( 'NONE',  ( -0.6770656715078087196, -0.04260443725613322075, 0.3662798814733193575 ) ) ;
#530 = FACE_OUTER_BOUND ( 'NONE', #1480, .T. ) ;
#531 = VECTOR ( 'NONE', #905, 1000.000000000000000 ) ;
#532 = ORIENTED_EDGE ( 'NONE', *, *, #398, .F. ) ;
#533 = CARTESIAN_POINT ( 'NONE',  ( 0.5994945511051714693, -0.5227992307871278665, 0.000000000000000000 ) ) ;
#534 = DIRECTION ( 'NONE',  ( 0.000000000000000000, 0.000000000000000000, 1.000000000000000000 ) ) ;
#535 = CARTESIAN_POINT ( 'NONE',  ( 0.3362757102358119310, 0.3913829781997976154, -0.3662798814733193575 ) ) ;
#536 = ORIENTED_EDGE ( 'NONE', *, *, #110, .F. ) ;
#537 = DIRECTION ( 'NONE',  ( 0.000000000000000000, -1.000000000000000000, 0.000000000000000000 ) ) ;
#538 = EDGE_CURVE ( 'NONE', #1137, #1265, #1206, .T. ) ;
#539 = CLOSED_SHELL ( 'NONE', ( #407, #438, #487, #715, #554, #895, #25, #624, #1061, #1088, #1192, #98, #1477, #634, #622, #603, #942, #118, #1039, #819, #1214, #671, #1139, #966, #1309, #316, #1391, #1419, #81, #449, #261, #126, #1369, #1403, #273, #1244, #564, #860, #878, #595 ) ) ;
#540 = VERTEX_POINT ( 'NONE', #1195 ) ;
#541 = AXIS2_PLACEMENT_3D ( 'NONE', #259, #229, #1289 ) ;
#542 = VERTEX_POINT ( 'NONE', #23 ) ;
#543 = LINE ( 'NONE', #1008, #1281 ) ;
#544 = CARTESIAN_POINT ( 'NONE',  ( 0.1117805803333226239, 0.4172156075479205861, 0.3650736631187085912 ) ) ;
#545 = EDGE_CURVE ( 'NONE', #1522, #1287, #1213, .T. ) ;
#546 = ORIENTED_EDGE ( 'NONE', *, *, #1221, .T. ) ;
#547 = LINE ( 'NONE', #1384, #1168 ) ;
#548 = CARTESIAN_POINT ( 'NONE',  ( 0.8087973405184998299, -0.6536134741704561213, 0.3662798814733193575 ) ) ;
#549 = ORIENTED_EDGE ( 'NONE', *, *, #934, .T. ) ;
#550 = TOROIDAL_SURFACE ( 'NONE', #220, 0.3545065995688196359, 0.06540712169166414125 ) ;
#551 = VECTOR ( 'NONE', #887, 1000.000000000000000 ) ;
#552 = VERTEX_POINT ( 'NONE', #1446 ) ;
#553 = CARTESIAN_POINT ( 'NONE',  ( -0.3928100410386845542, 0.3710547084624660208, 0.3662798814733193575 ) ) ;
#554 = ADVANCED_FACE ( 'NONE', ( #1455 ), #550, .F. ) ;
#555 = CARTESIAN_POINT ( 'NONE',  ( 0.3994301134681200183, 0.3687956080408386073, -0.3662798814733193575 ) ) ;
#556 =( BOUNDED_CURVE ( )  B_SPLINE_CURVE ( 3, ( #874, #288, #1096, #54 ),
 .UNSPECIFIED., .F., .F. ) 
 B_SPLINE_CURVE_WITH_KNOTS ( ( 4, 4 ),
 ( 3.414848386756870191, 3.926990816987240063 ),
 .UNSPECIFIED. ) 
 CURVE ( )  GEOMETRIC_REPRESENTATION_ITEM ( )  RATIONAL_B_SPLINE_CURVE ( ( 1.000000000000000000, 0.9782616876320950894, 0.9782616876320950894, 1.000000000000000000 ) ) 
 REPRESENTATION_ITEM ( '' )  );
#557 = CARTESIAN_POINT ( 'NONE',  ( 0.3098426783486273872, 0.3990934419557076174, -0.3662798814733193575 ) ) ;
#558 = B_SPLINE_CURVE_WITH_KNOTS ( 'NONE', 3,
 ( #370, #1434, #1077, #749, #277, #831, #737, #858, #19, #378, #404, #1326, #260, #143, #635, #1102 ),
 .UNSPECIFIED., .F., .F.,
 ( 4, 3, 3, 3, 3, 4 ),
 ( 2.235140038340931441E-19, 2.111754165450743494E-05, 4.220952707952806252E-05, 6.369715747921549640E-05, 8.621421305110880343E-05, 0.0001055148260259854522 ),
 .UNSPECIFIED. ) ;
#559 = ORIENTED_EDGE ( 'NONE', *, *, #282, .F. ) ;
#560 = ORIENTED_EDGE ( 'NONE', *, *, #1377, .T. ) ;
#561 = ORIENTED_EDGE ( 'NONE', *, *, #1251, .T. ) ;
#562 = CARTESIAN_POINT ( 'NONE',  ( -0.5433942767908481741, 0.2537496725529588826, 0.3662798814733193575 ) ) ;
#563 = DIRECTION ( 'NONE',  ( 0.000000000000000000, 1.000000000000000000, 0.000000000000000000 ) ) ;
#564 = ADVANCED_FACE ( 'NONE', ( #827 ), #327, .F. ) ;
#565 = CARTESIAN_POINT ( 'NONE',  ( -0.5433942767908481741, 0.2537496725529588826, -0.3662798814733193575 ) ) ;
#566 = EDGE_LOOP ( 'NONE', ( #1124, #1315, #172, #847 ) ) ;
#567 = DIRECTION ( 'NONE',  ( 1.000000000000000000, 0.000000000000000000, 0.000000000000000000 ) ) ;
#568 = CARTESIAN_POINT ( 'NONE',  ( -0.7848854603007705544, -0.09318591994369625209, -0.3662798814733193575 ) ) ;
#569 = VERTEX_POINT ( 'NONE', #615 ) ;
#570 = ORIENTED_EDGE ( 'NONE', *, *, #997, .T. ) ;
#571 = LINE ( 'NONE', #1505, #1364 ) ;
#572 = DIRECTION ( 'NONE',  ( -0.2588190451025210170, -0.9659258262890680902, 0.000000000000000000 ) ) ;
#573 = EDGE_CURVE ( 'NONE', #1241, #491, #867, .T. ) ;
#574 = DIRECTION ( 'NONE',  ( -1.110223024625160090E-15, 1.000000000000000000, 0.000000000000000000 ) ) ;
#575 = ORIENTED_EDGE ( 'NONE', *, *, #144, .F. ) ;
#576 = LINE ( 'NONE', #1389, #1307 ) ;
#577 = DIRECTION ( 'NONE',  ( 0.2698677983698040683, -0.9628973836307972434, 0.000000000000000000 ) ) ;
#578 = ORIENTED_EDGE ( 'NONE', *, *, #925, .T. ) ;
#579 = VECTOR ( 'NONE', #1276, 1000.000000000000000 ) ;
#580 = ORIENTED_EDGE ( 'NONE', *, *, #1072, .T. ) ;
#581 = FACE_OUTER_BOUND ( 'NONE', #526, .T. ) ;
#582 = AXIS2_PLACEMENT_3D ( 'NONE', #269, #504, #164 ) ;
#583 = CARTESIAN_POINT ( 'NONE',  ( 0.3864527176562648214, 0.3733507853125955789, -0.3662798814733193575 ) ) ;
#584 = ORIENTED_EDGE ( 'NONE', *, *, #747, .T. ) ;
#585 = CARTESIAN_POINT ( 'NONE',  ( 0.000000000000000000, 0.000000000000000000, 0.000000000000000000 ) ) ;
#586 = EDGE_CURVE ( 'NONE', #1100, #1265, #1314, .T. ) ;
#587 = FACE_OUTER_BOUND ( 'NONE', #1323, .T. ) ;
#588 = DIRECTION ( 'NONE',  ( -1.110223024625160090E-15, 1.000000000000000000, 0.000000000000000000 ) ) ;
#589 = ORIENTED_EDGE ( 'NONE', *, *, #1280, .F. ) ;
#590 = DIRECTION ( 'NONE',  ( -1.000000000000000000, -1.110223024625160090E-15, 0.000000000000000000 ) ) ;
#591 = B_SPLINE_CURVE_WITH_KNOTS ( 'NONE', 3,
 ( #883, #75, #544, #290, #1245, #1462 ),
 .UNSPECIFIED., .F., .F.,
 ( 4, 2, 4 ),
 ( 7.001370521599431778E-22, 0.0001676393917398182629, 0.0003352787834796365257 ),
 .UNSPECIFIED. ) ;
#592 = CARTESIAN_POINT ( 'NONE',  ( 0.09330453095755318615, 0.4172396839886285402, -0.3662798814733193575 ) ) ;
#593 = CARTESIAN_POINT ( 'NONE',  ( -0.3771987243732333184, 0.3919849874037990012, 0.2354656380899907420 ) ) ;
#594 = ORIENTED_EDGE ( 'NONE', *, *, #1238, .T. ) ;
#595 = ADVANCED_FACE ( 'NONE', ( #274 ), #146, .T. ) ;
#596 = FACE_OUTER_BOUND ( 'NONE', #770, .T. ) ;
#597 = CARTESIAN_POINT ( 'NONE',  ( -4.937921488405079747E-16, 0.6274506254937893823, -0.2354656380899907420 ) ) ;
#598 = APPROVAL_DATE_TIME ( #262, #1340 ) ;
#599 = PLANE ( 'NONE',  #769 ) ;
#600 = ORIENTED_EDGE ( 'NONE', *, *, #499, .T. ) ;
#601 = LINE ( 'NONE', #40, #108 ) ;
#602 = VECTOR ( 'NONE', #653, 1000.000000000000000 ) ;
#603 = ADVANCED_FACE ( 'NONE', ( #510 ), #1485, .T. ) ;
#604 = VECTOR ( 'NONE', #668, 1000.000000000000000 ) ;
#605 = LINE ( 'NONE', #614, #130 ) ;
#606 = CARTESIAN_POINT ( 'NONE',  ( -0.2877913354433219717, 0.3919849874037990012, 0.3662798814733193575 ) ) ;
#607 = ORIENTED_EDGE ( 'NONE', *, *, #997, .F. ) ;
#608 = CARTESIAN_POINT ( 'NONE',  ( 0.3602715461095050697, 0.6274506254937901595, -0.3662798814733193575 ) ) ;
#609 = CARTESIAN_POINT ( 'NONE',  ( 0.5941301234088641747, 0.5450521426567235261, 0.3215827937422944260 ) ) ;
#610 = CARTESIAN_POINT ( 'NONE',  ( -0.8087973405184998299, -0.6536134741704561213, 0.3662798814733193575 ) ) ;
#611 = EDGE_CURVE ( 'NONE', #884, #1138, #188, .T. ) ;
#612 = VECTOR ( 'NONE', #618, 1000.000000000000000 ) ;
#613 = DIRECTION ( 'NONE',  ( 0.000000000000000000, 0.000000000000000000, 1.000000000000000000 ) ) ;
#614 = CARTESIAN_POINT ( 'NONE',  ( 0.9000000000000000222, -0.5227992307868399857, -0.3662798814733193575 ) ) ;
#615 = CARTESIAN_POINT ( 'NONE',  ( -0.3330617758096895975, 0.3919849874037990567, 0.3662798814733193575 ) ) ;
#616 = ORIENTED_EDGE ( 'NONE', *, *, #225, .T. ) ;
#617 = CARTESIAN_POINT ( 'NONE',  ( -0.7848854603007705544, -0.09318591994369625209, 0.2354656380899907420 ) ) ;
#618 = DIRECTION ( 'NONE',  ( 0.000000000000000000, 0.000000000000000000, 1.000000000000000000 ) ) ;
#619 = DIRECTION ( 'NONE',  ( 1.110223024625160090E-15, -1.000000000000000000, 6.472743475263460068E-32 ) ) ;
#620 = CARTESIAN_POINT ( 'NONE',  ( -0.3905756183475880272, 0.5071268999475001538, -0.3662798814733193575 ) ) ;
#621 = CARTESIAN_POINT ( 'NONE',  ( -0.6291201097641321294, 0.4625900911183400410, 0.3565727800975610484 ) ) ;
#622 = ADVANCED_FACE ( 'NONE', ( #530 ), #999, .T. ) ;
#623 = CARTESIAN_POINT ( 'NONE',  ( -0.3771987243732333184, 0.3919849874037990012, 0.2354656380899907420 ) ) ;
#624 = ADVANCED_FACE ( 'NONE', ( #665 ), #1479, .T. ) ;
#625 = VERTEX_POINT ( 'NONE', #876 ) ;
#626 = DIRECTION ( 'NONE',  ( -0.6042070016270062460, 0.7968273961058961463, 0.000000000000000000 ) ) ;
#627 = DIRECTION ( 'NONE',  ( 0.9659258262890682012, -0.2588190451025211281, 0.000000000000000000 ) ) ;
#628 = CARTESIAN_POINT ( 'NONE',  ( -4.937921488405079747E-16, 0.6536134741704552331, -0.2354656380899907420 ) ) ;
#629 = CARTESIAN_POINT ( 'NONE',  ( -0.3928100410386845542, 0.3710547084624660208, 0.3662798814733193575 ) ) ;
#630 = AXIS2_PLACEMENT_3D ( 'NONE', #597, #120, #721 ) ;
#631 = ORIENTED_EDGE ( 'NONE', *, *, #247, .T. ) ;
#632 = CARTESIAN_POINT ( 'NONE',  ( 0.8087973405184998299, -0.5227992307871278665, 0.2354656380899907420 ) ) ;
#633 = ORIENTED_EDGE ( 'NONE', *, *, #213, .F. ) ;
#634 = ADVANCED_FACE ( 'NONE', ( #1005 ), #1469, .T. ) ;
#635 = CARTESIAN_POINT ( 'NONE',  ( 0.3359508604948601151, 0.4730898183014626279, -0.3662798814733193575 ) ) ;
#636 = VECTOR ( 'NONE', #1180, 1000.000000000000000 ) ;
#637 = CYLINDRICAL_SURFACE ( 'NONE', #1363, 0.2616284867666571201 ) ;
#638 = ORIENTED_EDGE ( 'NONE', *, *, #430, .T. ) ;
#639 = EDGE_CURVE ( 'NONE', #1378, #94, #655, .T. ) ;
#640 = CARTESIAN_POINT ( 'NONE',  ( 0.2408995202859781082, 0.4100267566710728562, 0.3662798814733193575 ) ) ;
#641 = LINE ( 'NONE', #841, #221 ) ;
#642 = CARTESIAN_POINT ( 'NONE',  ( -0.8087973405184970543, -0.5227992307871278665, -0.3662798814733193575 ) ) ;
#643 = PLANE ( 'NONE',  #408 ) ;
#644 = VERTEX_POINT ( 'NONE', #1249 ) ;
#645 = CARTESIAN_POINT ( 'NONE',  ( -0.3362757102358119310, 0.3913829781997976154, 0.3662798814733193575 ) ) ;
#646 = CARTESIAN_POINT ( 'NONE',  ( -0.3689839783641993831, 0.4839596982006842407, -0.3662798814733193575 ) ) ;
#647 = CARTESIAN_POINT ( 'NONE',  ( -0.3928100410386845542, 0.3710547084624660208, -0.3662798814733193575 ) ) ;
#648 = EDGE_CURVE ( 'NONE', #1186, #1496, #835, .T. ) ;
#649 = ORIENTED_EDGE ( 'NONE', *, *, #365, .T. ) ;
#650 = CARTESIAN_POINT ( 'NONE',  ( 0.6770656715078087196, -0.04260443725613322075, -0.3662798814733193575 ) ) ;
#651 = VERTEX_POINT ( 'NONE', #659 ) ;
#652 = ORIENTED_EDGE ( 'NONE', *, *, #1221, .F. ) ;
#653 = DIRECTION ( 'NONE',  ( 0.000000000000000000, 1.000000000000000000, 0.000000000000000000 ) ) ;
#654 = EDGE_CURVE ( 'NONE', #94, #1137, #591, .T. ) ;
#655 = LINE ( 'NONE', #1475, #34 ) ;
#656 = VECTOR ( 'NONE', #1262, 1000.000000000000000 ) ;
#657 = ORIENTED_EDGE ( 'NONE', *, *, #387, .T. ) ;
#658 = CARTESIAN_POINT ( 'NONE',  ( -0.4818249299310704004, 0.3202950860081567597, 0.3662798814733193575 ) ) ;
#659 = CARTESIAN_POINT ( 'NONE',  ( -0.3928100410386845542, 0.3710547084624660208, -0.3662798814733193575 ) ) ;
#660 = ORIENTED_EDGE ( 'NONE', *, *, #311, .F. ) ;
#661 = EDGE_CURVE ( 'NONE', #1137, #1159, #728, .T. ) ;
#662 = ORIENTED_EDGE ( 'NONE', *, *, #1148, .T. ) ;
#663 = DIRECTION ( 'NONE',  ( -5.830129020652235043E-17, 0.000000000000000000, 1.000000000000000000 ) ) ;
#664 = B_SPLINE_CURVE_WITH_KNOTS ( 'NONE', 5,
 ( #454, #1374, #1393, #1055, #562, #1271, #211, #1129, #84, #553 ),
 .UNSPECIFIED., .F., .F.,
 ( 6, 1, 1, 1, 1, 6 ),
 ( -1.000000000000000000, -0.8000000000000000444, -0.5999999999999999778, -0.4000000000000000222, -0.1999999999999999556, 0.000000000000000000 ),
 .UNSPECIFIED. ) ;
#665 = FACE_OUTER_BOUND ( 'NONE', #686, .T. ) ;
#666 = VERTEX_POINT ( 'NONE', #755 ) ;
#667 = AXIS2_PLACEMENT_3D ( 'NONE', #393, #401, #1081 ) ;
#668 = DIRECTION ( 'NONE',  ( 0.000000000000000000, 1.000000000000000000, 0.000000000000000000 ) ) ;
#669 = CIRCLE ( 'NONE', #1187, 0.2616284867666565095 ) ;
#670 = VERTEX_POINT ( 'NONE', #168 ) ;
#671 = ADVANCED_FACE ( 'NONE', ( #304 ), #643, .T. ) ;
#672 =( GEOMETRIC_REPRESENTATION_CONTEXT ( 3 ) GLOBAL_UNCERTAINTY_ASSIGNED_CONTEXT ( ( #1263 ) ) GLOBAL_UNIT_ASSIGNED_CONTEXT ( ( #1166, #199, #677 ) ) REPRESENTATION_CONTEXT ( 'NONE', 'WORKASPACE' ) );
#673 = ORIENTED_EDGE ( 'NONE', *, *, #190, .F. ) ;
#674 = DIRECTION ( 'NONE',  ( 0.2588190451049280916, 0.9659258262884231616, 0.000000000000000000 ) ) ;
#675 = PLANE ( 'NONE',  #852 ) ;
#676 = CARTESIAN_POINT ( 'NONE',  ( 0.8087973405184998299, -0.6536134741704561213, -0.3662798814733193575 ) ) ;
#677 =( NAMED_UNIT ( * ) SI_UNIT ( $, .STERADIAN. ) SOLID_ANGLE_UNIT ( ) );
#678 = CARTESIAN_POINT ( 'NONE',  ( -0.2790226782334223610, 0.4052934445963688459, -0.3662798814733193575 ) ) ;
#679 = CARTESIAN_POINT ( 'NONE',  ( -0.2408995202859781082, 0.4100267566710728562, 0.3662798814733193575 ) ) ;
#680 = ORIENTED_EDGE ( 'NONE', *, *, #204, .T. ) ;
#681 = VERTEX_POINT ( 'NONE', #179 ) ;
#682 = CARTESIAN_POINT ( 'NONE',  ( -0.6936828008203402840, -0.09318591994369625209, -0.3662798814733193575 ) ) ;
#683 = CARTESIAN_POINT ( 'NONE',  ( -0.5352764879027258615, 0.6004577332611997775, 0.2627291582361557243 ) ) ;
#684 = VERTEX_POINT ( 'NONE', #1009 ) ;
#685 = ORIENTED_EDGE ( 'NONE', *, *, #980, .F. ) ;
#686 = EDGE_LOOP ( 'NONE', ( #575, #607, #266, #771, #1059, #385, #1431 ) ) ;
#687 = LINE ( 'NONE', #436, #197 ) ;
#688 = EDGE_CURVE ( 'NONE', #542, #1278, #184, .T. ) ;
#689 = CARTESIAN_POINT ( 'NONE',  ( -4.647455518498883098E-16, 0.6274506254937893823, -0.09091589915141315426 ) ) ;
#690 = ORIENTED_EDGE ( 'NONE', *, *, #1019, .T. ) ;
#691 = VECTOR ( 'NONE', #1437, 1000.000000000000000 ) ;
#692 = VECTOR ( 'NONE', #1106, 1000.000000000000000 ) ;
#693 = CARTESIAN_POINT ( 'NONE',  ( -4.647455518498883098E-16, 0.6274506254937893823, -0.2354656380899907420 ) ) ;
#694 = AXIS2_PLACEMENT_3D ( 'NONE', #218, #467, #319 ) ;
#695 = CARTESIAN_POINT ( 'NONE',  ( 0.5994945511051714693, -0.5227992307871278665, 0.000000000000000000 ) ) ;
#696 = EDGE_CURVE ( 'NONE', #1461, #837, #935, .T. ) ;
#697 = ORIENTED_EDGE ( 'NONE', *, *, #739, .T. ) ;
#698 = CARTESIAN_POINT ( 'NONE',  ( 0.6355712825156119017, 0.4395720897070033439, 0.3630239528490407652 ) ) ;
#699 = CARTESIAN_POINT ( 'NONE',  ( -0.3741805730664620744, 0.3777925419736901658, -0.3662798814733193575 ) ) ;
#700 = ORIENTED_EDGE ( 'NONE', *, *, #639, .F. ) ;
#701 = CARTESIAN_POINT ( 'NONE',  ( 0.4347930863729825846, 0.6536134741704544560, 0.1622457567064124750 ) ) ;
#702 = CARTESIAN_POINT ( 'NONE',  ( 0.3990177527765830789, 0.5908226373464582348, -0.3662798814733193575 ) ) ;
#703 = CARTESIAN_POINT ( 'NONE',  ( 0.6936828008203402840, -0.09318591994369625209, 0.3662798814733193575 ) ) ;
#704 = CARTESIAN_POINT ( 'NONE',  ( -0.3970107438182758353, 0.6024862306789005029, -0.3662798814733193575 ) ) ;
#705 = DIRECTION ( 'NONE',  ( 0.000000000000000000, 0.000000000000000000, 1.000000000000000000 ) ) ;
#706 = ORIENTED_EDGE ( 'NONE', *, *, #871, .T. ) ;
#707 = EDGE_CURVE ( 'NONE', #651, #1447, #857, .T. ) ;
#708 = B_SPLINE_CURVE_WITH_KNOTS ( 'NONE', 5,
 ( #236, #716, #1410, #1531, #29, #474, #503, #823, #1070, #1294 ),
 .UNSPECIFIED., .F., .F.,
 ( 6, 1, 1, 1, 1, 6 ),
 ( 0.000000000000000000, 0.2000000000000000111, 0.4000000000000000222, 0.5999999999999999778, 0.8000000000000000444, 1.000000000000000000 ),
 .UNSPECIFIED. ) ;
#709 = PLANE ( 'NONE',  #812 ) ;
#710 = CARTESIAN_POINT ( 'NONE',  ( -0.3928100410386845542, 0.3710547084624660208, -0.3662798814733193575 ) ) ;
#711 = CARTESIAN_POINT ( 'NONE',  ( -0.9000000000000000222, -0.6536134741704561213, -0.3662798814733193575 ) ) ;
#712 = CARTESIAN_POINT ( 'NONE',  ( -0.3602715461095063465, 0.6274506254937893823, -0.3662798814733193575 ) ) ;
#713 = ORIENTED_EDGE ( 'NONE', *, *, #538, .F. ) ;
#714 = DIRECTION ( 'NONE',  ( 0.000000000000000000, -1.000000000000000000, 0.000000000000000000 ) ) ;
#715 = ADVANCED_FACE ( 'NONE', ( #1038 ), #475, .F. ) ;
#716 = CARTESIAN_POINT ( 'NONE',  ( 0.3994301134681200183, 0.3687956080408386073, 0.3662798814733193575 ) ) ;
#717 = AXIS2_PLACEMENT_3D ( 'NONE', #317, #1349, #779 ) ;
#718 = CARTESIAN_POINT ( 'NONE',  ( 0.3294883349466180000, 0.4730898183014628500, -0.3662798814733193575 ) ) ;
#719 = AXIS2_PLACEMENT_3D ( 'NONE', #17, #1432, #228 ) ;
#720 = PRODUCT_DEFINITION_FORMATION_WITH_SPECIFIED_SOURCE ( '�', '', #784, .NOT_KNOWN. ) ;
#721 = DIRECTION ( 'NONE',  ( -1.000000000000000000, -9.600121513852231847E-16, 0.000000000000000000 ) ) ;
#722 = DATE_AND_TIME ( #844, #1189 ) ;
#723 = LINE ( 'NONE', #488, #1216 ) ;
#724 = ORIENTED_EDGE ( 'NONE', *, *, #270, .F. ) ;
#725 = CARTESIAN_POINT ( 'NONE',  ( 0.1452087901312255902, 0.4157783605917854675, 0.3662798814733193575 ) ) ;
#726 = CARTESIAN_POINT ( 'NONE',  ( 0.000000000000000000, -2.723118467870438768E-16, 0.3662798814733193575 ) ) ;
#727 = CYLINDRICAL_SURFACE ( 'NONE', #181, 0.4199137212604841518 ) ;
#728 = B_SPLINE_CURVE_WITH_KNOTS ( 'NONE', 5,
 ( #417, #870, #761, #1341, #1233, #1354, #1118, #173 ),
 .UNSPECIFIED., .F., .F.,
 ( 6, 1, 1, 6 ),
 ( -0.2116994781685850036, -0.2000000000000000111, -0.1000000000000000056, 0.000000000000000000 ),
 .UNSPECIFIED. ) ;
#729 = CARTESIAN_POINT ( 'NONE',  ( -4.233910747785002002E-16, 0.5908226373464580128, -0.2354656380899907420 ) ) ;
#730 = AXIS2_PLACEMENT_3D ( 'NONE', #958, #1056, #469 ) ;
#731 = VERTEX_POINT ( 'NONE', #676 ) ;
#732 = DIRECTION ( 'NONE',  ( 0.000000000000000000, -1.000000000000000000, 0.000000000000000000 ) ) ;
#733 = CARTESIAN_POINT ( 'NONE',  ( -0.3990177527765837451, 0.5947676411400532048, -0.3662798814733193575 ) ) ;
#734 = DIRECTION ( 'NONE',  ( -0.2698677983698040683, 0.9628973836307972434, 0.000000000000000000 ) ) ;
#735 = EDGE_LOOP ( 'NONE', ( #117, #1320, #1478, #1142 ) ) ;
#736 = CARTESIAN_POINT ( 'NONE',  ( -0.9000000000000000222, -0.6536134741704561213, 0.2354656380899907420 ) ) ;
#737 = CARTESIAN_POINT ( 'NONE',  ( 0.3852075187522190358, 0.4992275759722430983, -0.3662798814733193575 ) ) ;
#738 = CYLINDRICAL_SURFACE ( 'NONE', #452, 0.2616284867666571201 ) ;
#739 = EDGE_CURVE ( 'NONE', #684, #1027, #360, .T. ) ;
#740 = CARTESIAN_POINT ( 'NONE',  ( 0.000000000000000000, 0.4181478360804647965, -0.3662798814733193575 ) ) ;
#741 = DIRECTION ( 'NONE',  ( 1.110223024625160090E-15, -1.000000000000000000, -1.359631073446891986E-31 ) ) ;
#742 = ORIENTED_EDGE ( 'NONE', *, *, #375, .F. ) ;
#743 = CARTESIAN_POINT ( 'NONE',  ( -0.8087973405184970543, -0.5227992307871278665, 0.3662798814733193575 ) ) ;
#744 = DIRECTION ( 'NONE',  ( 0.000000000000000000, 0.000000000000000000, 1.000000000000000000 ) ) ;
#745 = AXIS2_PLACEMENT_3D ( 'NONE', #593, #807, #233 ) ;
#746 = AXIS2_PLACEMENT_3D ( 'NONE', #514, #627, #160 ) ;
#747 = EDGE_CURVE ( 'NONE', #411, #1522, #809, .T. ) ;
#748 = DIRECTION ( 'NONE',  ( 6.216078680219308328E-16, 0.7071067811865475727, 0.7071067811865475727 ) ) ;
#749 = CARTESIAN_POINT ( 'NONE',  ( 0.3954387018452129587, 0.5176849011703555936, -0.3662798814733193575 ) ) ;
#750 = DIRECTION ( 'NONE',  ( 1.000000000000000000, 0.000000000000000000, 0.000000000000000000 ) ) ;
#751 = CARTESIAN_POINT ( 'NONE',  ( 0.3990177527765831900, 0.6274506254937893823, -0.3662798814733193575 ) ) ;
#752 = CARTESIAN_POINT ( 'NONE',  ( 0.3928100410386845542, 0.3710547084624660208, 0.3662798814733193575 ) ) ;
#753 = ORIENTED_EDGE ( 'NONE', *, *, #1259, .T. ) ;
#754 = VECTOR ( 'NONE', #572, 1000.000000000000114 ) ;
#755 = CARTESIAN_POINT ( 'NONE',  ( 0.9000000000000000222, -0.6536134741704561213, -0.3662798814733193575 ) ) ;
#756 = EDGE_LOOP ( 'NONE', ( #991, #1150, #1028, #203, #1452 ) ) ;
#757 = EDGE_CURVE ( 'NONE', #1513, #424, #817, .T. ) ;
#758 = CARTESIAN_POINT ( 'NONE',  ( -0.3987149503939292905, 0.5314276210850223947, -0.3662798814733193575 ) ) ;
#759 = CARTESIAN_POINT ( 'NONE',  ( -0.5433942767908481741, 0.2537496725529588826, 0.3662798814733193575 ) ) ;
#760 = ORIENTED_EDGE ( 'NONE', *, *, #1500, .T. ) ;
#761 = CARTESIAN_POINT ( 'NONE',  ( 0.3396279255153992205, 0.3899291487067034767, 0.3662798814733193575 ) ) ;
#762 = ORIENTED_EDGE ( 'NONE', *, *, #1450, .T. ) ;
#763 = DIRECTION ( 'NONE',  ( 0.9659258262884232726, 0.2588190451049280916, 0.000000000000000000 ) ) ;
#764 = EDGE_CURVE ( 'NONE', #80, #1003, #785, .T. ) ;
#765 = CARTESIAN_POINT ( 'NONE',  ( -0.3866572294479668215, 0.5003291010787866977, -0.3662798814733193575 ) ) ;
#766 = LINE ( 'NONE', #1236, #602 ) ;
#767 = AXIS2_PLACEMENT_3D ( 'NONE', #891, #433, #1122 ) ;
#768 = CARTESIAN_POINT ( 'NONE',  ( -0.7848854603007705544, -0.09318591994369625209, 0.2354656380899907420 ) ) ;
#769 = AXIS2_PLACEMENT_3D ( 'NONE', #946, #588, #1053 ) ;
#770 = EDGE_LOOP ( 'NONE', ( #202, #445, #307, #1476 ) ) ;
#771 = ORIENTED_EDGE ( 'NONE', *, *, #1148, .F. ) ;
#772 = CARTESIAN_POINT ( 'NONE',  ( -0.9000000000000000222, -0.5227992307868399857, -0.3662798814733193575 ) ) ;
#773 = CARTESIAN_POINT ( 'NONE',  ( -0.5433942767908481741, 0.2537496725529588826, -0.3662798814733193575 ) ) ;
#774 = CARTESIAN_POINT ( 'NONE',  ( 0.3864527176562648214, 0.3733507853125955789, 0.3662798814733193575 ) ) ;
#775 = DIRECTION ( 'NONE',  ( 0.000000000000000000, -1.000000000000000000, 0.000000000000000000 ) ) ;
#776 = ORIENTED_EDGE ( 'NONE', *, *, #70, .T. ) ;
#777 = ORIENTED_EDGE ( 'NONE', *, *, #1351, .F. ) ;
#778 = PLANE ( 'NONE',  #1121 ) ;
#779 = DIRECTION ( 'NONE',  ( 0.000000000000000000, -1.000000000000000000, 0.000000000000000000 ) ) ;
#780 = EDGE_CURVE ( 'NONE', #112, #552, #1024, .T. ) ;
#781 = ORIENTED_EDGE ( 'NONE', *, *, #170, .T. ) ;
#782 = ORIENTED_EDGE ( 'NONE', *, *, #803, .T. ) ;
#783 = LINE ( 'NONE', #1140, #293 ) ;
#784 = PRODUCT ( '006056', '006056', '', ( #1520 ) ) ;
#785 = LINE ( 'NONE', #206, #1092 ) ;
#786 = ORIENTED_EDGE ( 'NONE', *, *, #423, .T. ) ;
#787 = VECTOR ( 'NONE', #796, 1000.000000000000000 ) ;
#788 = CARTESIAN_POINT ( 'NONE',  ( 0.5537660894692977287, 0.5854161765962898611, 0.2812187598027269253 ) ) ;
#789 = DIRECTION ( 'NONE',  ( 1.000000000000000000, -1.110223024625160090E-15, 0.000000000000000000 ) ) ;
#790 = CARTESIAN_POINT ( 'NONE',  ( -0.1955292601331548863, 0.4134486410977130100, -0.3662798814733193575 ) ) ;
#791 = AXIS2_PLACEMENT_3D ( 'NONE', #729, #150, #978 ) ;
#792 = VERTEX_POINT ( 'NONE', #86 ) ;
#793 = ORIENTED_EDGE ( 'NONE', *, *, #1460, .F. ) ;
#794 = PLANE ( 'NONE',  #175 ) ;
#795 = LINE ( 'NONE', #77, #1345 ) ;
#796 = DIRECTION ( 'NONE',  ( -1.000000000000000000, 1.061465208114818019E-15, -4.875781651034269363E-17 ) ) ;
#797 = ORIENTED_EDGE ( 'NONE', *, *, #747, .F. ) ;
#798 = DIRECTION ( 'NONE',  ( -0.6042070016270062460, 0.7968273961058961463, 0.000000000000000000 ) ) ;
#799 = CARTESIAN_POINT ( 'NONE',  ( -0.3098426783486273872, 0.3990934419557076174, -0.3662798814733193575 ) ) ;
#800 = ORIENTED_EDGE ( 'NONE', *, *, #1532, .F. ) ;
#801 = VECTOR ( 'NONE', #933, 1000.000000000000000 ) ;
#802 = ORIENTED_EDGE ( 'NONE', *, *, #1491, .F. ) ;
#803 = EDGE_CURVE ( 'NONE', #898, #884, #1387, .T. ) ;
#804 = CARTESIAN_POINT ( 'NONE',  ( 0.02567620004958259122, 0.4180971120491150383, -0.3662798814733193575 ) ) ;
#805 = ORIENTED_EDGE ( 'NONE', *, *, #358, .T. ) ;
#806 = CARTESIAN_POINT ( 'NONE',  ( 0.5447782756105143953, 0.5932528521425587398, 0.2722309459439434809 ) ) ;
#807 = DIRECTION ( 'NONE',  ( 0.000000000000000000, 0.000000000000000000, 1.000000000000000000 ) ) ;
#808 = EDGE_CURVE ( 'NONE', #1496, #1378, #4, .T. ) ;
#809 = LINE ( 'NONE', #93, #1333 ) ;
#810 = EDGE_LOOP ( 'NONE', ( #1493, #72, #1274, #633 ) ) ;
#811 = AXIS2_PLACEMENT_3D ( 'NONE', #1322, #963, #846 ) ;
#812 = AXIS2_PLACEMENT_3D ( 'NONE', #1324, #489, #384 ) ;
#813 = CARTESIAN_POINT ( 'NONE',  ( 0.3771987243732333184, 0.6536134741704552331, 0.1046513947066626399 ) ) ;
#814 = CARTESIAN_POINT ( 'NONE',  ( 0.3984878854760823819, 0.5968747863777981166, -0.3662798814733193575 ) ) ;
#815 = CC_DESIGN_SECURITY_CLASSIFICATION ( #1017, ( #720 ) ) ;
#816 = CC_DESIGN_DATE_AND_TIME_ASSIGNMENT ( #1528, #1297, ( #1229 ) ) ;
#817 = LINE ( 'NONE', #1508, #195 ) ;
#818 = DATE_AND_TIME ( #21, #256 ) ;
#819 = ADVANCED_FACE ( 'NONE', ( #1273 ), #214, .F. ) ;
#820 = LINE ( 'NONE', #335, #356 ) ;
#821 = ORIENTED_EDGE ( 'NONE', *, *, #1482, .F. ) ;
#822 = CARTESIAN_POINT ( 'NONE',  ( 9.077061559568129125E-19, 0.6536134741704552331, -0.3662798814733193575 ) ) ;
#823 = CARTESIAN_POINT ( 'NONE',  ( 0.6447646093504527665, 0.04901265783111428270, 0.3662798814733193575 ) ) ;
#824 = CARTESIAN_POINT ( 'NONE',  ( -0.3336848755066377237, 0.3917910094222823436, 0.3662798814733193575 ) ) ;
#825 = APPROVAL_STATUS ( 'not_yet_approved' ) ;
#826 = EDGE_CURVE ( 'NONE', #947, #884, #223, .T. ) ;
#827 = FACE_OUTER_BOUND ( 'NONE', #1025, .T. ) ;
#828 = ORIENTED_EDGE ( 'NONE', *, *, #780, .F. ) ;
#829 = CARTESIAN_POINT ( 'NONE',  ( 0.1955292601331548863, 0.4134486410977130100, -0.3662798814733193575 ) ) ;
#830 = DIRECTION ( 'NONE',  ( 1.000000000000000000, -1.110223024625160090E-15, 0.000000000000000000 ) ) ;
#831 = CARTESIAN_POINT ( 'NONE',  ( 0.3895778530390695549, 0.5047396996297602856, -0.3662798814733193575 ) ) ;
#832 = CARTESIAN_POINT ( 'NONE',  ( 0.3771987243732333184, 0.3919849874037980575, -0.3662798814733193575 ) ) ;
#833 = COORDINATED_UNIVERSAL_TIME_OFFSET ( 8, 0, .AHEAD. ) ;
#834 = CARTESIAN_POINT ( 'NONE',  ( 0.5621980015175110923, 0.5769842645480759424, 0.2896506718509411216 ) ) ;
#835 = B_SPLINE_CURVE_WITH_KNOTS ( 'NONE', 5,
 ( #421, #650, #299, #426, #1365, #990, #1228, #71, #312, #409 ),
 .UNSPECIFIED., .F., .F.,
 ( 6, 1, 1, 1, 1, 6 ),
 ( -1.000000000000000000, -0.8000000000000000444, -0.5999999999999999778, -0.4000000000000000222, -0.1999999999999999556, 0.000000000000000000 ),
 .UNSPECIFIED. ) ;
#836 = CARTESIAN_POINT ( 'NONE',  ( -0.2877913354433219717, 0.3919849874037990012, 0.1046513947066626399 ) ) ;
#837 = VERTEX_POINT ( 'NONE', #470 ) ;
#838 = CARTESIAN_POINT ( 'NONE',  ( -0.5755826708866448316, 0.6536134741704552331, 0.3662798814733193575 ) ) ;
#839 = FACE_OUTER_BOUND ( 'NONE', #368, .T. ) ;
#840 = CIRCLE ( 'NONE', #1041, 0.2616284867666566205 ) ;
#841 = CARTESIAN_POINT ( 'NONE',  ( -0.5994945511051714693, -0.6536134741704561213, 0.000000000000000000 ) ) ;
#842 = VECTOR ( 'NONE', #674, 1000.000000000000227 ) ;
#843 = CARTESIAN_POINT ( 'NONE',  ( -0.6936828008203402840, -0.09318591994369625209, 0.3662798814733193575 ) ) ;
#844 = CALENDAR_DATE ( 2026, 29, 6 ) ;
#845 = CARTESIAN_POINT ( 'NONE',  ( -0.3748759008703860252, 0.6250028625180463759, -0.3662798814733193575 ) ) ;
#846 = DIRECTION ( 'NONE',  ( -6.287372781784102554E-17, 0.000000000000000000, 1.000000000000000000 ) ) ;
#847 = ORIENTED_EDGE ( 'NONE', *, *, #155, .T. ) ;
#848 = DIRECTION ( 'NONE',  ( -1.000000000000000000, 0.000000000000000000, 0.000000000000000000 ) ) ;
#849 = CARTESIAN_POINT ( 'NONE',  ( -0.5994945511051714693, -0.6536134741704561213, 0.000000000000000000 ) ) ;
#850 = DIRECTION ( 'NONE',  ( -0.4961389383568340361, 0.000000000000000000, 0.8682431421244590775 ) ) ;
#851 = EDGE_CURVE ( 'NONE', #402, #684, #249, .T. ) ;
#852 = AXIS2_PLACEMENT_3D ( 'NONE', #1490, #1375, #563 ) ;
#853 = CARTESIAN_POINT ( 'NONE',  ( -0.6489083491103303514, 0.3919849874037990012, 0.3662798814733193575 ) ) ;
#854 = APPROVAL_STATUS ( 'not_yet_approved' ) ;
#855 = LINE ( 'NONE', #945, #889 ) ;
#856 = ORIENTED_EDGE ( 'NONE', *, *, #468, .F. ) ;
#857 = B_SPLINE_CURVE_WITH_KNOTS ( 'NONE', 5,
 ( #109, #1376, #1517, #1414, #1290, #565, #99, #1048, #1165, #1141 ),
 .UNSPECIFIED., .F., .F.,
 ( 6, 1, 1, 1, 1, 6 ),
 ( 0.000000000000000000, 0.2000000000000000111, 0.4000000000000000222, 0.5999999999999999778, 0.8000000000000000444, 1.000000000000000000 ),
 .UNSPECIFIED. ) ;
#858 = CARTESIAN_POINT ( 'NONE',  ( 0.3807536715252187731, 0.4936101208634240955, -0.3662798814733193575 ) ) ;
#859 = CARTESIAN_POINT ( 'NONE',  ( -0.3942623124252314648, 0.5135227441253763514, -0.3662798814733193575 ) ) ;
#860 = ADVANCED_FACE ( 'NONE', ( #1534 ), #738, .T. ) ;
#861 = FACE_OUTER_BOUND ( 'NONE', #1117, .T. ) ;
#862 = FACE_OUTER_BOUND ( 'NONE', #187, .T. ) ;
#863 = VERTEX_POINT ( 'NONE', #517 ) ;
#864 = CARTESIAN_POINT ( 'NONE',  ( 0.1955292601331548863, 0.4134486410977130100, 0.3662798814733193575 ) ) ;
#865 = DIRECTION ( 'NONE',  ( -0.4961389383568340361, 0.000000000000000000, -0.8682431421244590775 ) ) ;
#866 = LINE ( 'NONE', #751, #1160 ) ;
#867 = CIRCLE ( 'NONE', #811, 0.4199137212604841518 ) ;
#868 = AXIS2_PLACEMENT_3D ( 'NONE', #726, #258, #1198 ) ;
#869 = EDGE_LOOP ( 'NONE', ( #589, #1171, #1481, #1405, #314 ) ) ;
#870 = CARTESIAN_POINT ( 'NONE',  ( 0.3336848755066377237, 0.3917910094222814554, 0.3662798814733193575 ) ) ;
#871 = EDGE_CURVE ( 'NONE', #681, #1402, #107, .T. ) ;
#872 = LINE ( 'NONE', #296, #357 ) ;
#873 = FACE_OUTER_BOUND ( 'NONE', #907, .T. ) ;
#874 = CARTESIAN_POINT ( 'NONE',  ( -0.6291201097641321294, 0.4625900911183400410, 0.3565727800975610484 ) ) ;
#875 = AXIS2_PLACEMENT_3D ( 'NONE', #628, #295, #1467 ) ;
#876 = CARTESIAN_POINT ( 'NONE',  ( 0.3990177527765831345, 0.5384969399931266443, -0.3662798814733193575 ) ) ;
#877 = ORIENTED_EDGE ( 'NONE', *, *, #573, .F. ) ;
#878 = ADVANCED_FACE ( 'NONE', ( #861 ), #983, .T. ) ;
#879 = CARTESIAN_POINT ( 'NONE',  ( 0.9000000000000000222, -0.6536134741704561213, 0.3662798814733193575 ) ) ;
#880 = DIRECTION ( 'NONE',  ( 0.2588190451025210170, 0.9659258262890680902, 0.000000000000000000 ) ) ;
#881 = CARTESIAN_POINT ( 'NONE',  ( 0.3928100410386845542, 0.3710547084624660208, -0.3662798814733193575 ) ) ;
#882 = EDGE_LOOP ( 'NONE', ( #124, #1020, #422, #1256 ) ) ;
#883 = CARTESIAN_POINT ( 'NONE',  ( 0.000000000000000000, 0.4181478360804647965, 0.3649684522287017785 ) ) ;
#884 = VERTEX_POINT ( 'NONE', #1063 ) ;
#885 = EDGE_CURVE ( 'NONE', #1234, #569, #1203, .T. ) ;
#886 = ORIENTED_EDGE ( 'NONE', *, *, #826, .T. ) ;
#887 = DIRECTION ( 'NONE',  ( 0.000000000000000000, 0.000000000000000000, 1.000000000000000000 ) ) ;
#888 = CARTESIAN_POINT ( 'NONE',  ( -4.233910747785002002E-16, 0.5908226373464580128, 0.1478200950231611521 ) ) ;
#889 = VECTOR ( 'NONE', #1421, 1000.000000000000114 ) ;
#890 = AXIS2_PLACEMENT_3D ( 'NONE', #1426, #619, #30 ) ;
#891 = CARTESIAN_POINT ( 'NONE',  ( -0.7041459458118338732, -0.5227992307871278665, 0.000000000000000000 ) ) ;
#892 = AXIS2_PLACEMENT_3D ( 'NONE', #125, #149, #626 ) ;
#893 = APPROVAL_PERSON_ORGANIZATION ( #1427, #1269, #33 ) ;
#894 = ORIENTED_EDGE ( 'NONE', *, *, #1259, .F. ) ;
#895 = ADVANCED_FACE ( 'NONE', ( #1087 ), #973, .F. ) ;
#896 = DIRECTION ( 'NONE',  ( 1.000000000000000000, -1.110223024625160090E-15, 0.000000000000000000 ) ) ;
#897 = VECTOR ( 'NONE', #534, 1000.000000000000000 ) ;
#898 = VERTEX_POINT ( 'NONE', #381 ) ;
#899 = ORIENTED_EDGE ( 'NONE', *, *, #545, .T. ) ;
#900 = DIRECTION ( 'NONE',  ( -0.2588190451049280916, 0.9659258262884231616, 0.000000000000000000 ) ) ;
#901 = CARTESIAN_POINT ( 'NONE',  ( 0.4399974211292495552, 0.3490849159830629600, 0.3662798814733193575 ) ) ;
#902 = EDGE_CURVE ( 'NONE', #453, #681, #840, .T. ) ;
#903 = CARTESIAN_POINT ( 'NONE',  ( 0.000000000000000000, 0.4181478360804647965, -0.3662798814733193575 ) ) ;
#904 = ORIENTED_EDGE ( 'NONE', *, *, #545, .F. ) ;
#905 = DIRECTION ( 'NONE',  ( 0.000000000000000000, 0.000000000000000000, 1.000000000000000000 ) ) ;
#906 = CARTESIAN_POINT ( 'NONE',  ( -0.09330453095755318615, 0.4172396839886285402, -0.3662798814733193575 ) ) ;
#907 = EDGE_LOOP ( 'NONE', ( #462, #1090, #760, #451 ) ) ;
#908 = ORIENTED_EDGE ( 'NONE', *, *, #1167, .F. ) ;
#909 = DIRECTION ( 'NONE',  ( 1.110223024625160090E-15, -1.000000000000000000, 6.472743475263460068E-32 ) ) ;
#910 = CARTESIAN_POINT ( 'NONE',  ( 0.05339069458295210568, 0.4178688592956614767, -0.3662798814733193575 ) ) ;
#911 = ORIENTED_EDGE ( 'NONE', *, *, #757, .T. ) ;
#912 = VECTOR ( 'NONE', #114, 1000.000000000000000 ) ;
#913 = DIRECTION ( 'NONE',  ( 1.000000000000000000, 0.000000000000000000, 0.000000000000000000 ) ) ;
#914 = EDGE_CURVE ( 'NONE', #1035, #284, #969, .T. ) ;
#915 = CIRCLE ( 'NONE', #455, 0.3832857331131518941 ) ;
#916 = ORIENTED_EDGE ( 'NONE', *, *, #648, .F. ) ;
#917 = APPROVAL_PERSON_ORGANIZATION ( #471, #1318, #1418 ) ;
#918 = ORIENTED_EDGE ( 'NONE', *, *, #1491, .T. ) ;
#919 = CARTESIAN_POINT ( 'NONE',  ( 0.3928100410386845542, 0.3710547084624660208, -0.3662798814733193575 ) ) ;
#920 = CARTESIAN_POINT ( 'NONE',  ( 0.3928100410386845542, 0.3710547084624660208, -0.3662798814733193575 ) ) ;
#921 = VERTEX_POINT ( 'NONE', #711 ) ;
#922 = LINE ( 'NONE', #191, #604 ) ;
#923 = CARTESIAN_POINT ( 'NONE',  ( -0.09330453095755318615, 0.4172396839886285402, -0.3662798814733193575 ) ) ;
#924 = CARTESIAN_POINT ( 'NONE',  ( -0.3098426783486273872, 0.3990934419557076174, 0.3662798814733193575 ) ) ;
#925 = EDGE_CURVE ( 'NONE', #1027, #1097, #1386, .T. ) ;
#926 = VERTEX_POINT ( 'NONE', #843 ) ;
#927 = CARTESIAN_POINT ( 'NONE',  ( 0.3362757102358119310, 0.3913829781997976154, -0.3662798814733193575 ) ) ;
#928 = VERTEX_POINT ( 'NONE', #1313 ) ;
#929 = CARTESIAN_POINT ( 'NONE',  ( 0.008364600044990818176, 0.4181478360804647965, -0.3662798814733193575 ) ) ;
#930 = DIRECTION ( 'NONE',  ( 0.000000000000000000, 0.000000000000000000, 1.000000000000000000 ) ) ;
#931 = DIRECTION ( 'NONE',  ( 0.6042070016270068011, 0.7968273961058957022, 0.000000000000000000 ) ) ;
#932 = EDGE_LOOP ( 'NONE', ( #1292, #916, #418, #1153 ) ) ;
#933 = DIRECTION ( 'NONE',  ( 1.000000000000000000, 0.000000000000000000, 0.000000000000000000 ) ) ;
#934 = EDGE_CURVE ( 'NONE', #1287, #275, #1454, .T. ) ;
#935 = LINE ( 'NONE', #320, #787 ) ;
#936 = PRODUCT_DEFINITION_SHAPE ( 'NONE', 'NONE',  #1229 ) ;
#937 = APPROVAL_DATE_TIME ( #818, #1318 ) ;
#938 = AXIS2_PLACEMENT_3D ( 'NONE', #888, #303, #397 ) ;
#939 = CIRCLE ( 'NONE', #719, 0.06540712169166408574 ) ;
#940 = DIRECTION ( 'NONE',  ( 0.000000000000000000, 0.000000000000000000, 1.000000000000000000 ) ) ;
#941 = CC_DESIGN_APPROVAL ( #1340, ( #1229 ) ) ;
#942 = ADVANCED_FACE ( 'NONE', ( #1193 ), #1321, .F. ) ;
#943 = DIRECTION ( 'NONE',  ( 6.216078680219308328E-16, 0.7071067811865475727, 0.7071067811865475727 ) ) ;
#944 = PERSON_AND_ORGANIZATION ( #1190, #1133 ) ;
#945 = CARTESIAN_POINT ( 'NONE',  ( 0.6936828008203402840, -0.09318591994369625209, -0.3662798814733193575 ) ) ;
#946 = CARTESIAN_POINT ( 'NONE',  ( -2.904659699061816111E-16, 0.4730898183014627945, -0.09091589915141315426 ) ) ;
#947 = VERTEX_POINT ( 'NONE', #490 ) ;
#948 = CARTESIAN_POINT ( 'NONE',  ( 0.09330453095755318615, 0.4172396839886285402, 0.3662798814733193575 ) ) ;
#949 = LINE ( 'NONE', #822, #283 ) ;
#950 = VECTOR ( 'NONE', #363, 1000.000000000000000 ) ;
#951 = CARTESIAN_POINT ( 'NONE',  ( -0.5994945511051714693, -0.5227992307871278665, 0.000000000000000000 ) ) ;
#952 = PERSON_AND_ORGANIZATION_ROLE ( 'creator' ) ;
#953 = CARTESIAN_POINT ( 'NONE',  ( -0.6936828008203402840, -0.09318591994369625209, -0.3662798814733193575 ) ) ;
#954 = LINE ( 'NONE', #132, #692 ) ;
#955 = FACE_OUTER_BOUND ( 'NONE', #1260, .T. ) ;
#956 = ORIENTED_EDGE ( 'NONE', *, *, #1127, .T. ) ;
#957 = FACE_OUTER_BOUND ( 'NONE', #1463, .T. ) ;
#958 = CARTESIAN_POINT ( 'NONE',  ( 0.9000000000000000222, -0.6536134741704561213, 0.2354656380899907420 ) ) ;
#959 = LINE ( 'NONE', #951, #1131 ) ;
#960 = CARTESIAN_POINT ( 'NONE',  ( -0.3330617758096895975, 0.3919849874037990567, 0.3662798814733193575 ) ) ;
#961 = APPROVAL_ROLE ( '' ) ;
#962 = CARTESIAN_POINT ( 'NONE',  ( 0.6489083491103303514, 0.3919849874037980575, 0.3662798814733193575 ) ) ;
#963 = DIRECTION ( 'NONE',  ( 1.110223024625160090E-15, -1.000000000000000000, 6.980386026738239427E-32 ) ) ;
#964 = ORIENTED_EDGE ( 'NONE', *, *, #338, .F. ) ;
#965 = CARTESIAN_POINT ( 'NONE',  ( 0.05339069458295210568, 0.4178688592956614767, -0.3662798814733193575 ) ) ;
#966 = ADVANCED_FACE ( 'NONE', ( #955 ), #24, .T. ) ;
#967 = CARTESIAN_POINT ( 'NONE',  ( 0.3988395503358205252, 0.5948804540280430153, -0.3662798814733193575 ) ) ;
#968 = LINE ( 'NONE', #388, #342 ) ;
#969 = CIRCLE ( 'NONE', #1465, 0.4199137212604841518 ) ;
#970 = FACE_OUTER_BOUND ( 'NONE', #566, .T. ) ;
#971 = CARTESIAN_POINT ( 'NONE',  ( 0.6936828008203402840, -0.09318591994369625209, -0.3662798814733193575 ) ) ;
#972 = VECTOR ( 'NONE', #1210, 1000.000000000000000 ) ;
#973 = CYLINDRICAL_SURFACE ( 'NONE', #174, 0.4199137212604841518 ) ;
#974 = CARTESIAN_POINT ( 'NONE',  ( -0.3990177527765834675, 0.5908226373464576797, -0.3662798814733193575 ) ) ;
#975 = ORIENTED_EDGE ( 'NONE', *, *, #222, .T. ) ;
#976 = LINE ( 'NONE', #1448, #1044 ) ;
#977 = EDGE_CURVE ( 'NONE', #521, #1100, #73, .T. ) ;
#978 = DIRECTION ( 'NONE',  ( -6.287372781784102554E-17, 0.000000000000000000, 1.000000000000000000 ) ) ;
#979 = CARTESIAN_POINT ( 'NONE',  ( -0.3813947503936375716, 0.4941729103841099868, -0.3662798814733193575 ) ) ;
#980 = EDGE_CURVE ( 'NONE', #1186, #898, #872, .T. ) ;
#981 = CARTESIAN_POINT ( 'NONE',  ( -0.5991104716589726875, 0.1578266447663359551, 0.3662798814733193575 ) ) ;
#982 = ORIENTED_EDGE ( 'NONE', *, *, #311, .T. ) ;
#983 = CYLINDRICAL_SURFACE ( 'NONE', #1507, 0.2616284867666566205 ) ;
#984 = CARTESIAN_POINT ( 'NONE',  ( -0.3990177527765834675, 0.5908226373464576797, -0.3662798814733193575 ) ) ;
#985 = CARTESIAN_POINT ( 'NONE',  ( 0.7848854603007705544, -0.09318591994369625209, -0.3662798814733193575 ) ) ;
#986 = ORIENTED_EDGE ( 'NONE', *, *, #159, .T. ) ;
#987 = PLANE ( 'NONE',  #746 ) ;
#988 = CARTESIAN_POINT ( 'NONE',  ( 0.6936828008203402840, -0.09318591994369625209, 0.3662798814733193575 ) ) ;
#989 = EDGE_CURVE ( 'NONE', #1128, #411, #309, .T. ) ;
#990 = CARTESIAN_POINT ( 'NONE',  ( 0.4818249299310704004, 0.3202950860081567597, -0.3662798814733193575 ) ) ;
#991 = ORIENTED_EDGE ( 'NONE', *, *, #499, .F. ) ;
#992 = CARTESIAN_POINT ( 'NONE',  ( -0.3968657121124015696, 0.5206748277443494777, -0.3662798814733193575 ) ) ;
#993 = VECTOR ( 'NONE', #1527, 1000.000000000000114 ) ;
#994 = CARTESIAN_POINT ( 'NONE',  ( 0.3362757102358119310, 0.3913829781997976154, 0.3662798814733193575 ) ) ;
#995 = AXIS2_PLACEMENT_3D ( 'NONE', #478, #1526, #495 ) ;
#996 = APPLICATION_CONTEXT ( 'configuration controlled 3d designs of mechanical parts and assemblies' ) ;
#997 = EDGE_CURVE ( 'NONE', #540, #552, #571, .T. ) ;
#998 = LOCAL_TIME ( 11, 49, 7.000000000000000000, #239 ) ;
#999 = PLANE ( 'NONE',  #1358 ) ;
#1000 = EDGE_LOOP ( 'NONE', ( #724, #649, #1409, #802 ) ) ;
#1001 = CARTESIAN_POINT ( 'NONE',  ( -0.3377011362714051890, 0.4730898183014618508, -0.3662798814733193575 ) ) ;
#1002 = CARTESIAN_POINT ( 'NONE',  ( -0.5991104716589726875, 0.1578266447663359551, -0.3662798814733193575 ) ) ;
#1003 = VERTEX_POINT ( 'NONE', #1383 ) ;
#1004 = PRODUCT_RELATED_PRODUCT_CATEGORY ( 'detail', '', ( #784 ) ) ;
#1005 = FACE_OUTER_BOUND ( 'NONE', #810, .T. ) ;
#1006 = ORIENTED_EDGE ( 'NONE', *, *, #190, .T. ) ;
#1007 = ORIENTED_EDGE ( 'NONE', *, *, #1011, .F. ) ;
#1008 = CARTESIAN_POINT ( 'NONE',  ( -0.8087973405184998299, -0.5227992307871278665, 0.2354656380899907420 ) ) ;
#1009 = CARTESIAN_POINT ( 'NONE',  ( -4.315539653746837924E-16, 0.6536134741704552331, 0.1033432522728295749 ) ) ;
#1010 = ORIENTED_EDGE ( 'NONE', *, *, #611, .T. ) ;
#1011 = EDGE_CURVE ( 'NONE', #284, #625, #1416, .T. ) ;
#1012 = ORIENTED_EDGE ( 'NONE', *, *, #1510, .F. ) ;
#1013 = CARTESIAN_POINT ( 'NONE',  ( 0.8087973405184970543, -0.6536134741704561213, -0.3662798814733193575 ) ) ;
#1014 = VECTOR ( 'NONE', #165, 1000.000000000000000 ) ;
#1015 = VECTOR ( 'NONE', #395, 1000.000000000000000 ) ;
#1016 = DIRECTION ( 'NONE',  ( 0.000000000000000000, 0.000000000000000000, -1.000000000000000000 ) ) ;
#1017 = SECURITY_CLASSIFICATION ( '', '', #479 ) ;
#1018 = ORIENTED_EDGE ( 'NONE', *, *, #523, .F. ) ;
#1019 = EDGE_CURVE ( 'NONE', #926, #1234, #664, .T. ) ;
#1020 = ORIENTED_EDGE ( 'NONE', *, *, #1429, .F. ) ;
#1021 = FACE_OUTER_BOUND ( 'NONE', #1372, .T. ) ;
#1022 = FACE_OUTER_BOUND ( 'NONE', #148, .T. ) ;
#1023 = DIRECTION ( 'NONE',  ( -1.000000000000000000, -1.110223024625160090E-15, 0.000000000000000000 ) ) ;
#1024 =( BOUNDED_CURVE ( )  B_SPLINE_CURVE ( 3, ( #683, #1492, #456, #1158 ),
 .UNSPECIFIED., .F., .T. ) 
 B_SPLINE_CURVE_WITH_KNOTS ( ( 4, 4 ),
 ( 4.063618683570780377, 4.712388980384689674 ),
 .UNSPECIFIED. ) 
 CURVE ( )  GEOMETRIC_REPRESENTATION_ITEM ( )  RATIONAL_B_SPLINE_CURVE ( ( 1.000000000000000000, 0.9652312498613280223, 0.9652312498613280223, 1.000000000000000000 ) ) 
 REPRESENTATION_ITEM ( '' )  );
#1025 = EDGE_LOOP ( 'NONE', ( #193, #1504, #762, #616 ) ) ;
#1026 = DIRECTION ( 'NONE',  ( -0.000000000000000000, 1.000000000000000000, 0.000000000000000000 ) ) ;
#1027 = VERTEX_POINT ( 'NONE', #329 ) ;
#1028 = ORIENTED_EDGE ( 'NONE', *, *, #1500, .F. ) ;
#1029 = CARTESIAN_POINT ( 'NONE',  ( -2.916967579142561827E-16, 0.4730898183014627945, -0.2354656380899907420 ) ) ;
#1030 = EDGE_CURVE ( 'NONE', #542, #1100, #687, .T. ) ;
#1031 = VERTEX_POINT ( 'NONE', #1156 ) ;
#1032 = APPLICATION_PROTOCOL_DEFINITION ( 'international standard', 'config_control_design', 1994, #996 ) ;
#1033 = FACE_OUTER_BOUND ( 'NONE', #882, .T. ) ;
#1034 = ORIENTED_EDGE ( 'NONE', *, *, #1300, .T. ) ;
#1035 = VERTEX_POINT ( 'NONE', #446 ) ;
#1036 = DIRECTION ( 'NONE',  ( -1.110223024625160090E-15, 1.000000000000000000, -6.472743475263460068E-32 ) ) ;
#1037 = LINE ( 'NONE', #1394, #950 ) ;
#1038 = FACE_OUTER_BOUND ( 'NONE', #186, .T. ) ;
#1039 = ADVANCED_FACE ( 'NONE', ( #581 ), #794, .T. ) ;
#1040 = VERTEX_POINT ( 'NONE', #348 ) ;
#1041 = AXIS2_PLACEMENT_3D ( 'NONE', #1296, #486, #129 ) ;
#1042 = CARTESIAN_POINT ( 'NONE',  ( 0.3928100410386845542, 0.3710547084624660208, -0.3662798814733193575 ) ) ;
#1043 = CARTESIAN_POINT ( 'NONE',  ( -0.008364600044990818176, 0.4181478360804647965, -0.3662798814733193575 ) ) ;
#1044 = VECTOR ( 'NONE', #235, 1000.000000000000000 ) ;
#1045 = ORIENTED_EDGE ( 'NONE', *, *, #1178, .F. ) ;
#1046 = ORIENTED_EDGE ( 'NONE', *, *, #49, .F. ) ;
#1047 = CARTESIAN_POINT ( 'NONE',  ( 0.4140285128271107284, 0.3627471806996120374, -0.3662798814733193575 ) ) ;
#1048 = CARTESIAN_POINT ( 'NONE',  ( -0.6447646093504527665, 0.04901265783111428270, -0.3662798814733193575 ) ) ;
#1049 = ORIENTED_EDGE ( 'NONE', *, *, #61, .T. ) ;
#1050 = CARTESIAN_POINT ( 'NONE',  ( 0.02567620004958259122, 0.4180971120491150383, -0.3662798814733193575 ) ) ;
#1051 = DIRECTION ( 'NONE',  ( 0.000000000000000000, 0.000000000000000000, 1.000000000000000000 ) ) ;
#1052 = CYLINDRICAL_SURFACE ( 'NONE', #745, 0.2616284867666565095 ) ;
#1053 = DIRECTION ( 'NONE',  ( 1.000000000000000000, 1.110223024625160090E-15, 0.000000000000000000 ) ) ;
#1054 = ORIENTED_EDGE ( 'NONE', *, *, #1123, .F. ) ;
#1055 = CARTESIAN_POINT ( 'NONE',  ( -0.5991104716589726875, 0.1578266447663359551, 0.3662798814733193575 ) ) ;
#1056 = DIRECTION ( 'NONE',  ( 0.000000000000000000, -1.000000000000000000, 0.000000000000000000 ) ) ;
#1057 = DIRECTION ( 'NONE',  ( -1.110223024625160090E-15, 1.000000000000000000, 0.000000000000000000 ) ) ;
#1058 = PERSON_AND_ORGANIZATION ( #1190, #1133 ) ;
#1059 = ORIENTED_EDGE ( 'NONE', *, *, #851, .T. ) ;
#1060 = CARTESIAN_POINT ( 'NONE',  ( 0.3990177527765828014, 0.5928477372686481450, -0.3662798814733193575 ) ) ;
#1061 = ADVANCED_FACE ( 'NONE', ( #1021 ), #1489, .T. ) ;
#1062 = CYLINDRICAL_SURFACE ( 'NONE', #995, 0.3388088903628203030 ) ;
#1063 = CARTESIAN_POINT ( 'NONE',  ( 0.8087973405184998299, -0.5227992307871278665, 0.3662798814733193575 ) ) ;
#1064 = CARTESIAN_POINT ( 'NONE',  ( -0.3937255682068673268, 0.6097403488303357877, -0.3662798814733193575 ) ) ;
#1065 = LINE ( 'NONE', #1170, #410 ) ;
#1066 = VECTOR ( 'NONE', #537, 1000.000000000000000 ) ;
#1067 = ORIENTED_EDGE ( 'NONE', *, *, #1450, .F. ) ;
#1068 = VECTOR ( 'NONE', #577, 1000.000000000000227 ) ;
#1069 = PLANE ( 'NONE',  #868 ) ;
#1070 = CARTESIAN_POINT ( 'NONE',  ( 0.6770656715078087196, -0.04260443725613322075, 0.3662798814733193575 ) ) ;
#1071 = CC_DESIGN_PERSON_AND_ORGANIZATION_ASSIGNMENT ( #464, #1285, ( #784 ) ) ;
#1072 = EDGE_CURVE ( 'NONE', #1241, #284, #601, .T. ) ;
#1073 = B_SPLINE_CURVE_WITH_KNOTS ( 'NONE', 3,
 ( #608, #1188, #1288, #1424, #1179, #473, #245, #268, #1308, #492, #28, #502, #814, #967, #1060, #702 ),
 .UNSPECIFIED., .F., .F.,
 ( 4, 3, 3, 3, 3, 4 ),
 ( 1.084202172485505397E-19, 1.363463474559631968E-05, 2.729928526740985352E-05, 4.047165259054370296E-05, 5.290944043089474189E-05, 5.891287957886088525E-05 ),
 .UNSPECIFIED. ) ;
#1074 = DIRECTION ( 'NONE',  ( 1.000000000000000000, -1.110223024625160090E-15, 0.000000000000000000 ) ) ;
#1075 = ORIENTED_EDGE ( 'NONE', *, *, #1411, .T. ) ;
#1076 = CARTESIAN_POINT ( 'NONE',  ( -0.9000000000000000222, -0.6536134741704561213, -0.3662798814733193575 ) ) ;
#1077 = CARTESIAN_POINT ( 'NONE',  ( 0.3977849270248653424, 0.5243215637535382223, -0.3662798814733193575 ) ) ;
#1078 = CARTESIAN_POINT ( 'NONE',  ( -0.2877913354433219717, 0.3919849874037990012, 0.1046513947066626399 ) ) ;
#1079 = EDGE_CURVE ( 'NONE', #1513, #333, #1073, .T. ) ;
#1080 = CARTESIAN_POINT ( 'NONE',  ( -0.3788293318914984220, 0.6232586148195642384, -0.3662798814733193575 ) ) ;
#1081 = DIRECTION ( 'NONE',  ( 0.000000000000000000, 0.000000000000000000, 1.000000000000000000 ) ) ;
#1082 = ORIENTED_EDGE ( 'NONE', *, *, #654, .T. ) ;
#1083 = PLANE ( 'NONE',  #1 ) ;
#1084 = LINE ( 'NONE', #1441, #801 ) ;
#1085 = CARTESIAN_POINT ( 'NONE',  ( 0.9000000000000000222, -0.6536134741704561213, -0.3662798814733193575 ) ) ;
#1086 = CARTESIAN_POINT ( 'NONE',  ( -0.5352764879027257505, 0.6004577332611997775, -0.3662798814733193575 ) ) ;
#1087 = FACE_OUTER_BOUND ( 'NONE', #140, .T. ) ;
#1088 = ADVANCED_FACE ( 'NONE', ( #1293 ), #1069, .T. ) ;
#1089 = DIRECTION ( 'NONE',  ( -0.6042070016270062460, 0.7968273961058961463, 0.000000000000000000 ) ) ;
#1090 = ORIENTED_EDGE ( 'NONE', *, *, #707, .F. ) ;
#1091 = EDGE_CURVE ( 'NONE', #411, #32, #1172, .T. ) ;
#1092 = VECTOR ( 'NONE', #198, 1000.000000000000000 ) ;
#1093 = CARTESIAN_POINT ( 'NONE',  ( 0.8087973405184998299, -0.6536134741704561213, 0.3662798814733193575 ) ) ;
#1094 = CIRCLE ( 'NONE', #253, 0.3388088903628203030 ) ;
#1095 = LINE ( 'NONE', #1319, #65 ) ;
#1096 = CARTESIAN_POINT ( 'NONE',  ( -0.5941301234088631755, 0.5450521426567245253, 0.3215827937422934824 ) ) ;
#1097 = VERTEX_POINT ( 'NONE', #5 ) ;
#1098 = CARTESIAN_POINT ( 'NONE',  ( -4.937921488405079747E-16, 0.6536134741704552331, -0.2354656380899907420 ) ) ;
#1099 = CARTESIAN_POINT ( 'NONE',  ( -3.643132503908015485E-16, 0.5384969399931264222, -0.2354656380899907420 ) ) ;
#1100 = VERTEX_POINT ( 'NONE', #1417 ) ;
#1101 = EDGE_CURVE ( 'NONE', #1003, #921, #1209, .T. ) ;
#1102 = CARTESIAN_POINT ( 'NONE',  ( 0.3294883349466180000, 0.4730898183014628500, -0.3662798814733193575 ) ) ;
#1103 = CARTESIAN_POINT ( 'NONE',  ( -0.3981169351598923822, 0.5279503330089501123, -0.3662798814733193575 ) ) ;
#1104 = CARTESIAN_POINT ( 'NONE',  ( -0.5352764879027258615, 0.6004577332611997775, 0.2627291582361557243 ) ) ;
#1105 = MANIFOLD_SOLID_BREP ( 'NONE', #539 ) ;
#1106 = DIRECTION ( 'NONE',  ( 0.000000000000000000, 0.000000000000000000, 1.000000000000000000 ) ) ;
#1107 = CARTESIAN_POINT ( 'NONE',  ( -0.1452087901312255902, 0.4157783605917854675, 0.3662798814733193575 ) ) ;
#1108 = EDGE_CURVE ( 'NONE', #284, #1031, #939, .T. ) ;
#1109 = CARTESIAN_POINT ( 'NONE',  ( 0.6447646093504527665, 0.04901265783111428270, 0.3662798814733193575 ) ) ;
#1110 = CARTESIAN_POINT ( 'NONE',  ( -0.9000000000000000222, -0.5227992307868399857, 0.2354656380899907420 ) ) ;
#1111 = CARTESIAN_POINT ( 'NONE',  ( -0.8087973405184970543, -0.6536134741704561213, 0.3662798814733193575 ) ) ;
#1112 = CARTESIAN_POINT ( 'NONE',  ( -4.437236926719322006E-16, 0.6274506254937893823, 0.1478200950231612076 ) ) ;
#1113 = CARTESIAN_POINT ( 'NONE',  ( -0.5537660894692962854, 0.5854161765962900832, 0.2812187598027265922 ) ) ;
#1114 = AXIS2_PLACEMENT_3D ( 'NONE', #832, #391, #9 ) ;
#1115 = CARTESIAN_POINT ( 'NONE',  ( 0.3570992932240125151, 0.3840039857593071648, 0.3662798814733193575 ) ) ;
#1116 = AXIS2_PLACEMENT_3D ( 'NONE', #1428, #22, #1183 ) ;
#1117 = EDGE_LOOP ( 'NONE', ( #1392, #706, #1252, #466 ) ) ;
#1118 = CARTESIAN_POINT ( 'NONE',  ( 0.3864527176562648214, 0.3733507853125955789, 0.3662798814733193575 ) ) ;
#1119 = ORIENTED_EDGE ( 'NONE', *, *, #654, .F. ) ;
#1120 = ORIENTED_EDGE ( 'NONE', *, *, #661, .T. ) ;
#1121 = AXIS2_PLACEMENT_3D ( 'NONE', #219, #1147, #1125 ) ;
#1122 = DIRECTION ( 'NONE',  ( 1.000000000000000000, 0.000000000000000000, 0.000000000000000000 ) ) ;
#1123 = EDGE_CURVE ( 'NONE', #76, #1522, #429, .T. ) ;
#1124 = ORIENTED_EDGE ( 'NONE', *, *, #1108, .F. ) ;
#1125 = DIRECTION ( 'NONE',  ( 0.000000000000000000, 0.000000000000000000, 1.000000000000000000 ) ) ;
#1126 = CARTESIAN_POINT ( 'NONE',  ( 0.9000000000000000222, -0.5227992307868399857, 0.2354656380899907420 ) ) ;
#1127 = EDGE_CURVE ( 'NONE', #275, #32, #141, .T. ) ;
#1128 = VERTEX_POINT ( 'NONE', #484 ) ;
#1129 = CARTESIAN_POINT ( 'NONE',  ( -0.4140285128271107284, 0.3627471806996120374, 0.3662798814733193575 ) ) ;
#1130 = AXIS2_PLACEMENT_3D ( 'NONE', #79, #1132, #896 ) ;
#1131 = VECTOR ( 'NONE', #865, 1000.000000000000114 ) ;
#1132 = DIRECTION ( 'NONE',  ( 1.110223024625160090E-15, 1.000000000000000000, 0.000000000000000000 ) ) ;
#1133 = ORGANIZATION ( '未', '未', '' ) ;
#1134 =( BOUNDED_CURVE ( )  B_SPLINE_CURVE ( 3, ( #813, #701, #1211, #1327 ),
 .UNSPECIFIED., .F., .F. ) 
 B_SPLINE_CURVE_WITH_KNOTS ( ( 4, 4 ),
 ( 1.570796326794895004, 2.219566623608804967 ),
 .UNSPECIFIED. ) 
 CURVE ( )  GEOMETRIC_REPRESENTATION_ITEM ( )  RATIONAL_B_SPLINE_CURVE ( ( 1.000000000000000000, 0.9652312498613290215, 0.9652312498613290215, 1.000000000000000000 ) ) 
 REPRESENTATION_ITEM ( '' )  );
#1135 = CARTESIAN_POINT ( 'NONE',  ( -0.6291201097641321294, 0.4625900911183400410, -0.3662798814733193575 ) ) ;
#1136 = CARTESIAN_POINT ( 'NONE',  ( -0.02567620004958259122, 0.4180971120491150383, 0.3662798814733193575 ) ) ;
#1137 = VERTEX_POINT ( 'NONE', #362 ) ;
#1138 = VERTEX_POINT ( 'NONE', #1093 ) ;
#1139 = ADVANCED_FACE ( 'NONE', ( #957 ), #1083, .T. ) ;
#1140 = CARTESIAN_POINT ( 'NONE',  ( -0.3771987243732333184, 0.6536134741704552331, 0.2354656380899907420 ) ) ;
#1141 = CARTESIAN_POINT ( 'NONE',  ( -0.6936828008203402840, -0.09318591994369625209, -0.3662798814733193575 ) ) ;
#1142 = ORIENTED_EDGE ( 'NONE', *, *, #144, .T. ) ;
#1143 = CARTESIAN_POINT ( 'NONE',  ( -0.3570992932240125151, 0.3840039857593071648, -0.3662798814733193575 ) ) ;
#1144 = CARTESIAN_POINT ( 'NONE',  ( 0.7848854603007705544, -0.09318591994369625209, 0.2354656380899907420 ) ) ;
#1145 = ORIENTED_EDGE ( 'NONE', *, *, #70, .F. ) ;
#1146 = VERTEX_POINT ( 'NONE', #513 ) ;
#1147 = DIRECTION ( 'NONE',  ( -0.9659258262884232726, 0.2588190451049280916, 0.000000000000000000 ) ) ;
#1148 = EDGE_CURVE ( 'NONE', #402, #1402, #949, .T. ) ;
#1149 = DIRECTION ( 'NONE',  ( 0.2588190451025210170, -0.9659258262890680902, 0.000000000000000000 ) ) ;
#1150 = ORIENTED_EDGE ( 'NONE', *, *, #885, .F. ) ;
#1151 = CARTESIAN_POINT ( 'NONE',  ( 0.3125365545291174385, 0.6536134741704552331, -0.3662798814733193575 ) ) ;
#1152 = CARTESIAN_POINT ( 'NONE',  ( 0.000000000000000000, 0.4181478360804647965, -0.3662798814733193575 ) ) ;
#1153 = ORIENTED_EDGE ( 'NONE', *, *, #204, .F. ) ;
#1154 = ADVANCED_BREP_SHAPE_REPRESENTATION ( '006056', ( #1105, #41 ), #672 ) ;
#1155 = VERTEX_POINT ( 'NONE', #1301 ) ;
#1156 = CARTESIAN_POINT ( 'NONE',  ( -2.805854357976159037E-16, 0.4730898183014627945, 0.1190409614788288939 ) ) ;
#1157 = CARTESIAN_POINT ( 'NONE',  ( 0.000000000000000000, 0.4181478360804647965, 0.3649684522287017785 ) ) ;
#1158 = CARTESIAN_POINT ( 'NONE',  ( -0.3771987243732333184, 0.6536134741704552331, 0.1046513947066626399 ) ) ;
#1159 = VERTEX_POINT ( 'NONE', #1316 ) ;
#1160 = VECTOR ( 'NONE', #1225, 1000.000000000000000 ) ;
#1161 = AXIS2_PLACEMENT_3D ( 'NONE', #1207, #147, #1456 ) ;
#1162 = LOCAL_TIME ( 11, 49, 7.000000000000000000, #138 ) ;
#1163 = CARTESIAN_POINT ( 'NONE',  ( -3.643132503908015485E-16, 0.5384969399931264222, -0.2354656380899907420 ) ) ;
#1164 = DIRECTION ( 'NONE',  ( 1.129040364025580111E-15, -1.000000000000000000, -2.074013501868135041E-31 ) ) ;
#1165 = CARTESIAN_POINT ( 'NONE',  ( -0.6770656715078087196, -0.04260443725613322075, -0.3662798814733193575 ) ) ;
#1166 =( LENGTH_UNIT ( ) NAMED_UNIT ( * ) SI_UNIT ( .MILLI., .METRE. ) );
#1167 = EDGE_CURVE ( 'NONE', #684, #792, #1094, .T. ) ;
#1168 = VECTOR ( 'NONE', #460, 1000.000000000000227 ) ;
#1169 = CARTESIAN_POINT ( 'NONE',  ( 0.9000000000000000222, -0.6536134741704561213, 0.2354656380899907420 ) ) ;
#1170 = CARTESIAN_POINT ( 'NONE',  ( 0.5994945511051714693, -0.6536134741704561213, 0.000000000000000000 ) ) ;
#1171 = ORIENTED_EDGE ( 'NONE', *, *, #439, .T. ) ;
#1172 = LINE ( 'NONE', #617, #39 ) ;
#1173 = CARTESIAN_POINT ( 'NONE',  ( -0.3741805730664620744, 0.3777925419736901658, -0.3662798814733193575 ) ) ;
#1174 = DIRECTION ( 'NONE',  ( -5.830129020652235043E-17, 0.000000000000000000, 1.000000000000000000 ) ) ;
#1175 = CARTESIAN_POINT ( 'NONE',  ( -0.3956962448360214490, 0.6062028045540193144, -0.3662798814733193575 ) ) ;
#1176 = CARTESIAN_POINT ( 'NONE',  ( -0.1955292601331548863, 0.4134486410977130100, -0.3662798814733193575 ) ) ;
#1177 = ORIENTED_EDGE ( 'NONE', *, *, #989, .F. ) ;
#1178 = EDGE_CURVE ( 'NONE', #424, #402, #976, .T. ) ;
#1179 = CARTESIAN_POINT ( 'NONE',  ( 0.3780156647565380834, 0.6236962628374718154, -0.3662798814733193575 ) ) ;
#1180 = DIRECTION ( 'NONE',  ( 0.000000000000000000, -1.000000000000000000, 0.000000000000000000 ) ) ;
#1181 = CARTESIAN_POINT ( 'NONE',  ( 0.3771987243732333184, 0.3919849874037980575, 0.2354656380899907420 ) ) ;
#1182 = APPROVAL_DATE_TIME ( #722, #1269 ) ;
#1183 = DIRECTION ( 'NONE',  ( -1.000000000000000000, -9.600121513852231847E-16, 0.000000000000000000 ) ) ;
#1184 = DIRECTION ( 'NONE',  ( 0.000000000000000000, 0.000000000000000000, 1.000000000000000000 ) ) ;
#1185 = AXIS2_PLACEMENT_3D ( 'NONE', #1521, #1286, #931 ) ;
#1186 = VERTEX_POINT ( 'NONE', #119 ) ;
#1187 = AXIS2_PLACEMENT_3D ( 'NONE', #442, #930, #798 ) ;
#1188 = CARTESIAN_POINT ( 'NONE',  ( 0.3648164243580371280, 0.6274506254937903815, -0.3662798814733193575 ) ) ;
#1189 = LOCAL_TIME ( 11, 49, 7.000000000000000000, #366 ) ;
#1190 = PERSON ( '未', '未', '未', ('未'), ('未'), ('未') ) ;
#1191 =( BOUNDED_CURVE ( )  B_SPLINE_CURVE ( 3, ( #1487, #806, #788, #322 ),
 .UNSPECIFIED., .F., .F. ) 
 B_SPLINE_CURVE_WITH_KNOTS ( ( 4, 4 ),
 ( 2.219566623608804967, 2.356194490192344837 ),
 .UNSPECIFIED. ) 
 CURVE ( )  GEOMETRIC_REPRESENTATION_ITEM ( )  RATIONAL_B_SPLINE_CURVE ( ( 1.000000000000000000, 0.9984450070497840057, 0.9984450070497840057, 1.000000000000000000 ) ) 
 REPRESENTATION_ITEM ( '' )  );
#1192 = ADVANCED_FACE ( 'NONE', ( #596 ), #709, .T. ) ;
#1193 = FACE_OUTER_BOUND ( 'NONE', #209, .T. ) ;
#1194 = SHAPE_DEFINITION_REPRESENTATION ( #936, #1154 ) ;
#1195 = CARTESIAN_POINT ( 'NONE',  ( 0.3771987243732333184, 0.6536134741704552331, 0.1046513947066626399 ) ) ;
#1196 = FACE_OUTER_BOUND ( 'NONE', #1283, .T. ) ;
#1197 = ORIENTED_EDGE ( 'NONE', *, *, #1108, .T. ) ;
#1198 = DIRECTION ( 'NONE',  ( 1.000000000000000000, 0.000000000000000000, 0.000000000000000000 ) ) ;
#1199 = CIRCLE ( 'NONE', #541, 0.3832857331131518941 ) ;
#1200 = FACE_OUTER_BOUND ( 'NONE', #869, .T. ) ;
#1201 = CARTESIAN_POINT ( 'NONE',  ( -0.3928100410386845542, 0.3710547084624660208, 0.3662798814733193575 ) ) ;
#1202 = B_SPLINE_CURVE_WITH_KNOTS ( 'NONE', 3,
 ( #984, #733, #400, #704, #1175, #1064, #254, #2, #372, #480, #1080, #845, #145, #1420, #240, #712 ),
 .UNSPECIFIED., .F., .F.,
 ( 4, 3, 3, 3, 3, 4 ),
 ( 2.235140038340942515E-19, 1.183501138078567173E-05, 2.365485977524885042E-05, 3.570926605742915988E-05, 4.834247659316034859E-05, 5.891245000715939221E-05 ),
 .UNSPECIFIED. ) ;
#1203 = B_SPLINE_CURVE_WITH_KNOTS ( 'NONE', 5,
 ( #507, #1205, #1212, #1329, #20, #496, #824, #960 ),
 .UNSPECIFIED., .F., .F.,
 ( 6, 1, 1, 6 ),
 ( 0.000000000000000000, 0.1000000000000000056, 0.2000000000000000111, 0.2116994781685939964 ),
 .UNSPECIFIED. ) ;
#1204 = EDGE_CURVE ( 'NONE', #444, #1138, #1065, .T. ) ;
#1205 = CARTESIAN_POINT ( 'NONE',  ( -0.3864527176562648214, 0.3733507853125955789, 0.3662798814733193575 ) ) ;
#1206 = LINE ( 'NONE', #606, #1533 ) ;
#1207 = CARTESIAN_POINT ( 'NONE',  ( -0.8087973405184998299, -0.6536134741704561213, 0.2354656380899907420 ) ) ;
#1208 = ORIENTED_EDGE ( 'NONE', *, *, #696, .T. ) ;
#1209 = LINE ( 'NONE', #1076, #1484 ) ;
#1210 = DIRECTION ( 'NONE',  ( 1.000000000000000000, -1.110223024625160090E-15, 0.000000000000000000 ) ) ;
#1211 = CARTESIAN_POINT ( 'NONE',  ( 0.4893837224000842090, 0.6352566500356885415, 0.2168363927335143215 ) ) ;
#1212 = CARTESIAN_POINT ( 'NONE',  ( -0.3741805730664620744, 0.3777925419736901658, 0.3662798814733193575 ) ) ;
#1213 = LINE ( 'NONE', #139, #128 ) ;
#1214 = ADVANCED_FACE ( 'NONE', ( #1196 ), #599, .T. ) ;
#1215 = EDGE_LOOP ( 'NONE', ( #908, #697, #578, #894 ) ) ;
#1216 = VECTOR ( 'NONE', #373, 1000.000000000000000 ) ;
#1217 = CARTESIAN_POINT ( 'NONE',  ( 0.8087973405184998299, -0.5227992307871278665, 0.2354656380899907420 ) ) ;
#1218 = CARTESIAN_POINT ( 'NONE',  ( 0.6770656715078087196, -0.04260443725613322075, 0.3662798814733193575 ) ) ;
#1219 = CARTESIAN_POINT ( 'NONE',  ( -0.6489083491103303514, 0.3919849874037990012, 0.3662798814733193575 ) ) ;
#1220 = CARTESIAN_POINT ( 'NONE',  ( -0.05588759002424965178, 0.4181478360804648520, 0.3649684522287018895 ) ) ;
#1221 = EDGE_CURVE ( 'NONE', #275, #569, #1408, .T. ) ;
#1222 = CARTESIAN_POINT ( 'NONE',  ( 0.2790226782334223610, 0.4052934445963688459, 0.3662798814733193575 ) ) ;
#1223 = CARTESIAN_POINT ( 'NONE',  ( -0.2877913354433219717, 0.3919849874037990012, 0.3662798814733193575 ) ) ;
#1224 = LINE ( 'NONE', #533, #16 ) ;
#1225 = DIRECTION ( 'NONE',  ( -1.129040364025580111E-15, 1.000000000000000000, 0.000000000000000000 ) ) ;
#1226 = CARTESIAN_POINT ( 'NONE',  ( 0.3741805730664620744, 0.3777925419736901658, -0.3662798814733193575 ) ) ;
#1227 = VERTEX_POINT ( 'NONE', #743 ) ;
#1228 = CARTESIAN_POINT ( 'NONE',  ( 0.4399974211292495552, 0.3490849159830629600, -0.3662798814733193575 ) ) ;
#1229 = PRODUCT_DEFINITION ( '�', '', #720, #1412 ) ;
#1230 = APPLICATION_CONTEXT ( 'configuration controlled 3d designs of mechanical parts and assemblies' ) ;
#1231 = CARTESIAN_POINT ( 'NONE',  ( -0.3741805730664620744, 0.3777925419736901658, 0.3662798814733193575 ) ) ;
#1232 = LINE ( 'NONE', #74, #1014 ) ;
#1233 = CARTESIAN_POINT ( 'NONE',  ( 0.3621269129694695277, 0.3821757400006524086, 0.3662798814733193575 ) ) ;
#1234 = VERTEX_POINT ( 'NONE', #1201 ) ;
#1235 = EDGE_LOOP ( 'NONE', ( #55, #344, #1045, #1332 ) ) ;
#1236 = CARTESIAN_POINT ( 'NONE',  ( 0.5994945511051714693, -0.6536134741704561213, 0.000000000000000000 ) ) ;
#1237 = AXIS2_PLACEMENT_3D ( 'NONE', #343, #574, #231 ) ;
#1238 = EDGE_CURVE ( 'NONE', #1031, #1146, #36, .T. ) ;
#1239 = VECTOR ( 'NONE', #376, 1000.000000000000227 ) ;
#1240 = DIRECTION ( 'NONE',  ( 0.000000000000000000, 0.000000000000000000, 1.000000000000000000 ) ) ;
#1241 = VERTEX_POINT ( 'NONE', #485 ) ;
#1242 = ORIENTED_EDGE ( 'NONE', *, *, #523, .T. ) ;
#1243 = CARTESIAN_POINT ( 'NONE',  ( -0.4818249299310704004, 0.3202950860081567597, -0.3662798814733193575 ) ) ;
#1244 = ADVANCED_FACE ( 'NONE', ( #970 ), #157, .F. ) ;
#1245 = CARTESIAN_POINT ( 'NONE',  ( 0.2794995224837296122, 0.4086595225329195946, 0.3662798814733190245 ) ) ;
#1246 = ORIENTED_EDGE ( 'NONE', *, *, #1510, .T. ) ;
#1247 = ORIENTED_EDGE ( 'NONE', *, *, #902, .F. ) ;
#1248 = CC_DESIGN_PERSON_AND_ORGANIZATION_ASSIGNMENT ( #497, #1303, ( #720 ) ) ;
#1249 = CARTESIAN_POINT ( 'NONE',  ( -0.3602715461095063465, 0.6274506254937893823, -0.3662798814733193575 ) ) ;
#1250 = ORIENTED_EDGE ( 'NONE', *, *, #375, .T. ) ;
#1251 = EDGE_CURVE ( 'NONE', #333, #1241, #1439, .T. ) ;
#1252 = ORIENTED_EDGE ( 'NONE', *, *, #476, .T. ) ;
#1253 = DIRECTION ( 'NONE',  ( -0.4961389383568340361, 0.000000000000000000, 0.8682431421244590775 ) ) ;
#1254 = AXIS2_PLACEMENT_3D ( 'NONE', #689, #1057, #1282 ) ;
#1255 = VECTOR ( 'NONE', #248, 1000.000000000000000 ) ;
#1256 = ORIENTED_EDGE ( 'NONE', *, *, #1030, .F. ) ;
#1257 = CARTESIAN_POINT ( 'NONE',  ( 0.3125365545291174385, 0.6274506254937893823, -0.3662798814733193575 ) ) ;
#1258 = VERTEX_POINT ( 'NONE', #718 ) ;
#1259 = EDGE_CURVE ( 'NONE', #792, #1097, #1095, .T. ) ;
#1260 = EDGE_LOOP ( 'NONE', ( #1046, #500, #532, #227, #673 ) ) ;
#1261 = DIRECTION ( 'NONE',  ( 0.000000000000000000, 0.000000000000000000, 1.000000000000000000 ) ) ;
#1262 = DIRECTION ( 'NONE',  ( 1.129040364025580111E-15, -1.000000000000000000, 0.000000000000000000 ) ) ;
#1263 = UNCERTAINTY_MEASURE_WITH_UNIT (LENGTH_MEASURE( 1.000000000000000082E-05 ), #1166, 'distance_accuracy_value', 'NONE');
#1264 = DIRECTION ( 'NONE',  ( 0.2698677983698040683, 0.9628973836307972434, 0.000000000000000000 ) ) ;
#1265 = VERTEX_POINT ( 'NONE', #42 ) ;
#1266 = CARTESIAN_POINT ( 'NONE',  ( -0.3928100410386845542, 0.3710547084624660208, 0.2354656380899907420 ) ) ;
#1267 = CARTESIAN_POINT ( 'NONE',  ( 0.5352764879027259726, 0.6004577332611987783, 0.2354656380899907420 ) ) ;
#1268 = ORIENTED_EDGE ( 'NONE', *, *, #934, .F. ) ;
#1269 = APPROVAL ( #1436, '未' ) ;
#1270 = ORIENTED_EDGE ( 'NONE', *, *, #1238, .F. ) ;
#1271 = CARTESIAN_POINT ( 'NONE',  ( -0.4818249299310704004, 0.3202950860081567597, 0.3662798814733193575 ) ) ;
#1272 = EDGE_CURVE ( 'NONE', #215, #291, #641, .T. ) ;
#1273 = FACE_OUTER_BOUND ( 'NONE', #210, .T. ) ;
#1274 = ORIENTED_EDGE ( 'NONE', *, *, #1330, .F. ) ;
#1275 = DIRECTION ( 'NONE',  ( 0.000000000000000000, 1.000000000000000000, 0.000000000000000000 ) ) ;
#1276 = DIRECTION ( 'NONE',  ( 0.000000000000000000, 0.000000000000000000, 1.000000000000000000 ) ) ;
#1277 = CARTESIAN_POINT ( 'NONE',  ( -0.008364600044990818176, 0.4181478360804647965, 0.3662798814733193575 ) ) ;
#1278 = VERTEX_POINT ( 'NONE', #1312 ) ;
#1279 = FACE_OUTER_BOUND ( 'NONE', #1000, .T. ) ;
#1280 = EDGE_CURVE ( 'NONE', #666, #731, #136, .T. ) ;
#1281 = VECTOR ( 'NONE', #425, 1000.000000000000000 ) ;
#1282 = DIRECTION ( 'NONE',  ( 1.000000000000000000, 1.110223024625160090E-15, 0.000000000000000000 ) ) ;
#1283 = EDGE_LOOP ( 'NONE', ( #111, #133, #1270 ) ) ;
#1284 = VECTOR ( 'NONE', #1335, 1000.000000000000000 ) ;
#1285 = PERSON_AND_ORGANIZATION_ROLE ( 'design_owner' ) ;
#1286 = DIRECTION ( 'NONE',  ( 0.000000000000000000, 0.000000000000000000, 1.000000000000000000 ) ) ;
#1287 = VERTEX_POINT ( 'NONE', #285 ) ;
#1288 = CARTESIAN_POINT ( 'NONE',  ( 0.3694250436762286371, 0.6266842766701710143, -0.3662798814733193575 ) ) ;
#1289 = DIRECTION ( 'NONE',  ( -6.287372781784093926E-17, 0.000000000000000000, 1.000000000000000000 ) ) ;
#1290 = CARTESIAN_POINT ( 'NONE',  ( -0.4818249299310704004, 0.3202950860081567597, -0.3662798814733193575 ) ) ;
#1291 = EDGE_CURVE ( 'NONE', #291, #1227, #1442, .T. ) ;
#1292 = ORIENTED_EDGE ( 'NONE', *, *, #387, .F. ) ;
#1293 = FACE_OUTER_BOUND ( 'NONE', #83, .T. ) ;
#1294 = CARTESIAN_POINT ( 'NONE',  ( 0.6936828008203402840, -0.09318591994369625209, 0.3662798814733193575 ) ) ;
#1295 = CARTESIAN_POINT ( 'NONE',  ( -0.3864527176562648214, 0.3733507853125955789, 0.3662798814733193575 ) ) ;
#1296 = CARTESIAN_POINT ( 'NONE',  ( 0.3771987243732333184, 0.3919849874037980575, -0.3662798814733193575 ) ) ;
#1297 = DATE_TIME_ROLE ( 'creation_date' ) ;
#1298 = CARTESIAN_POINT ( 'NONE',  ( -0.2233650839994616166, 0.4119933812050543542, 0.3655268441845450633 ) ) ;
#1299 = ORIENTED_EDGE ( 'NONE', *, *, #885, .T. ) ;
#1300 = EDGE_CURVE ( 'NONE', #300, #884, #7, .T. ) ;
#1301 = CARTESIAN_POINT ( 'NONE',  ( 0.6291201097641321294, 0.4625900911183391528, 0.3565727800975610484 ) ) ;
#1302 = DIRECTION ( 'NONE',  ( 0.000000000000000000, -1.000000000000000000, 0.000000000000000000 ) ) ;
#1303 = PERSON_AND_ORGANIZATION_ROLE ( 'design_supplier' ) ;
#1304 = DIRECTION ( 'NONE',  ( -1.000000000000000000, 1.061465208114818019E-15, -4.875781651034269363E-17 ) ) ;
#1305 = CARTESIAN_POINT ( 'NONE',  ( 0.000000000000000000, -2.723118467870438768E-16, -0.3662798814733193575 ) ) ;
#1306 = ORIENTED_EDGE ( 'NONE', *, *, #989, .T. ) ;
#1307 = VECTOR ( 'NONE', #1275, 1000.000000000000000 ) ;
#1308 = CARTESIAN_POINT ( 'NONE',  ( 0.3919920534243072074, 0.6123386228433981282, -0.3662798814733193575 ) ) ;
#1309 = ADVANCED_FACE ( 'NONE', ( #494 ), #987, .T. ) ;
#1310 = LINE ( 'NONE', #1317, #636 ) ;
#1311 = CC_DESIGN_APPROVAL ( #1318, ( #720 ) ) ;
#1312 = CARTESIAN_POINT ( 'NONE',  ( 0.9000000000000000222, -0.5227992307868399857, -0.3662798814733193575 ) ) ;
#1313 = CARTESIAN_POINT ( 'NONE',  ( -0.3771987243732333184, 0.6536134741704552331, -0.3662798814733193575 ) ) ;
#1314 = LINE ( 'NONE', #265, #1385 ) ;
#1315 = ORIENTED_EDGE ( 'NONE', *, *, #1011, .T. ) ;
#1316 = CARTESIAN_POINT ( 'NONE',  ( 0.3928100410386845542, 0.3710547084624660208, 0.3662798814733193575 ) ) ;
#1317 = CARTESIAN_POINT ( 'NONE',  ( -0.9000000000000000222, -0.5227992307868399857, 0.3662798814733193575 ) ) ;
#1318 = APPROVAL ( #854, '未' ) ;
#1319 = CARTESIAN_POINT ( 'NONE',  ( -0.3125365545291201030, 0.6536134741704552331, -0.3662798814733193575 ) ) ;
#1320 = ORIENTED_EDGE ( 'NONE', *, *, #194, .T. ) ;
#1321 = PLANE ( 'NONE',  #306 ) ;
#1322 = CARTESIAN_POINT ( 'NONE',  ( -4.233910747785002002E-16, 0.5908226373464580128, -0.2354656380899907420 ) ) ;
#1323 = EDGE_LOOP ( 'NONE', ( #63, #786, #1497, #631, #986 ) ) ;
#1324 = CARTESIAN_POINT ( 'NONE',  ( 0.5994945511051714693, -0.6536134741704561213, 0.000000000000000000 ) ) ;
#1325 = CARTESIAN_POINT ( 'NONE',  ( 0.3098426783486273872, 0.3990934419557076174, 0.3662798814733193575 ) ) ;
#1326 = CARTESIAN_POINT ( 'NONE',  ( 0.3559696178346443696, 0.4775343033077132926, -0.3662798814733193575 ) ) ;
#1327 = CARTESIAN_POINT ( 'NONE',  ( 0.5352764879027258615, 0.6004577332611988894, 0.2627291582361553912 ) ) ;
#1328 = CARTESIAN_POINT ( 'NONE',  ( 0.3864527176562648214, 0.3733507853125955789, -0.3662798814733193575 ) ) ;
#1329 = CARTESIAN_POINT ( 'NONE',  ( -0.3621269129694669187, 0.3821757400006524086, 0.3662798814733193575 ) ) ;
#1330 = EDGE_CURVE ( 'NONE', #670, #80, #959, .T. ) ;
#1331 = PLANE ( 'NONE',  #506 ) ;
#1332 = ORIENTED_EDGE ( 'NONE', *, *, #1460, .T. ) ;
#1333 = VECTOR ( 'NONE', #1264, 1000.000000000000227 ) ;
#1334 = AXIS2_PLACEMENT_3D ( 'NONE', #1144, #763, #1380 ) ;
#1335 = DIRECTION ( 'NONE',  ( -1.000000000000000000, 0.000000000000000000, 0.000000000000000000 ) ) ;
#1336 = CARTESIAN_POINT ( 'NONE',  ( -0.9000000000000000222, -0.6536134741704561213, 0.2354656380899907420 ) ) ;
#1337 = LOCAL_TIME ( 11, 49, 7.000000000000000000, #371 ) ;
#1338 = CARTESIAN_POINT ( 'NONE',  ( -0.4399974211292495552, 0.3490849159830629600, 0.3662798814733193575 ) ) ;
#1339 = ORIENTED_EDGE ( 'NONE', *, *, #1072, .F. ) ;
#1340 = APPROVAL ( #825, '未' ) ;
#1341 = CARTESIAN_POINT ( 'NONE',  ( 0.3508020678196575037, 0.3862217177623764042, 0.3662798814733193575 ) ) ;
#1342 = ORIENTED_EDGE ( 'NONE', *, *, #914, .F. ) ;
#1343 = EDGE_CURVE ( 'NONE', #1447, #926, #1457, .T. ) ;
#1344 = CARTESIAN_POINT ( 'NONE',  ( 0.9000000000000000222, -0.6536134741704561213, 0.3662798814733193575 ) ) ;
#1345 = VECTOR ( 'NONE', #212, 1000.000000000000000 ) ;
#1346 = LINE ( 'NONE', #1336, #1395 ) ;
#1347 = CARTESIAN_POINT ( 'NONE',  ( -0.8087973405184970543, -0.6536134741704561213, 0.3662798814733193575 ) ) ;
#1348 = ORIENTED_EDGE ( 'NONE', *, *, #586, .T. ) ;
#1349 = DIRECTION ( 'NONE',  ( 0.8682431421244590775, 0.000000000000000000, -0.4961389383568340361 ) ) ;
#1350 = ORIENTED_EDGE ( 'NONE', *, *, #338, .T. ) ;
#1351 = EDGE_CURVE ( 'NONE', #625, #1258, #558, .T. ) ;
#1352 = DIRECTION ( 'NONE',  ( 0.4961389383568340361, 0.000000000000000000, -0.8682431421244590775 ) ) ;
#1353 = CARTESIAN_POINT ( 'NONE',  ( -0.3294883349466182776, 0.4730898183014621838, -0.3662798814733193575 ) ) ;
#1354 = CARTESIAN_POINT ( 'NONE',  ( 0.3741805730664620744, 0.3777925419736901658, 0.3662798814733193575 ) ) ;
#1355 = B_SPLINE_SURFACE_WITH_KNOTS ( 'NONE', 5, 1, ( 
 ( #297, #647 ),
 ( #44, #1451 ),
 ( #60, #1459 ),
 ( #1338, #516 ),
 ( #658, #1243 ),
 ( #759, #773 ),
 ( #981, #1002 ),
 ( #53, #1473 ),
 ( #529, #183 ),
 ( #419, #525 ) ),
 .UNSPECIFIED., .F., .F., .F.,
 ( 6, 1, 1, 1, 1, 6 ),
 ( 2, 2 ),
 ( 0.000000000000000000, 0.2000000000000000111, 0.4000000000000000222, 0.5999999999999999778, 0.8000000000000000444, 1.000000000000000000 ),
 ( -0.5000000000000000000, 2.299999999999999822 ),
 .UNSPECIFIED. ) ;
#1356 = ORIENTED_EDGE ( 'NONE', *, *, #688, .F. ) ;
#1357 = ORIENTED_EDGE ( 'NONE', *, *, #185, .T. ) ;
#1358 = AXIS2_PLACEMENT_3D ( 'NONE', #1111, #1370, #775 ) ;
#1359 = EDGE_CURVE ( 'NONE', #1227, #670, #51, .T. ) ;
#1360 = ORIENTED_EDGE ( 'NONE', *, *, #1127, .F. ) ;
#1361 = DIRECTION ( 'NONE',  ( 0.000000000000000000, 0.000000000000000000, 1.000000000000000000 ) ) ;
#1362 = LINE ( 'NONE', #310, #579 ) ;
#1363 = AXIS2_PLACEMENT_3D ( 'NONE', #836, #1304, #748 ) ;
#1364 = VECTOR ( 'NONE', #97, 1000.000000000000000 ) ;
#1365 = CARTESIAN_POINT ( 'NONE',  ( 0.5433942767908481741, 0.2537496725529588826, -0.3662798814733193575 ) ) ;
#1366 = ORIENTED_EDGE ( 'NONE', *, *, #757, .F. ) ;
#1367 = VERTEX_POINT ( 'NONE', #1344 ) ;
#1368 = PLANE ( 'NONE',  #263 ) ;
#1369 = ADVANCED_FACE ( 'NONE', ( #1033 ), #347, .T. ) ;
#1370 = DIRECTION ( 'NONE',  ( 0.8682431421244590775, 0.000000000000000000, 0.4961389383568340361 ) ) ;
#1371 = ORIENTED_EDGE ( 'NONE', *, *, #1300, .F. ) ;
#1372 = EDGE_LOOP ( 'NONE', ( #431, #167, #352, #1499, #182 ) ) ;
#1373 = EDGE_LOOP ( 'NONE', ( #450, #536, #106, #1177 ) ) ;
#1374 = CARTESIAN_POINT ( 'NONE',  ( -0.6770656715078087196, -0.04260443725613322075, 0.3662798814733193575 ) ) ;
#1375 = DIRECTION ( 'NONE',  ( 1.000000000000000000, 0.000000000000000000, 0.000000000000000000 ) ) ;
#1376 = CARTESIAN_POINT ( 'NONE',  ( -0.3994301134681200183, 0.3687956080408386073, -0.3662798814733193575 ) ) ;
#1377 = EDGE_CURVE ( 'NONE', #453, #521, #1502, .T. ) ;
#1378 = VERTEX_POINT ( 'NONE', #66 ) ;
#1379 = PLANE ( 'NONE',  #85 ) ;
#1380 = DIRECTION ( 'NONE',  ( 0.000000000000000000, 0.000000000000000000, -1.000000000000000000 ) ) ;
#1381 = ORIENTED_EDGE ( 'NONE', *, *, #1101, .T. ) ;
#1382 = ORIENTED_EDGE ( 'NONE', *, *, #1523, .F. ) ;
#1383 = CARTESIAN_POINT ( 'NONE',  ( -0.8087973405184970543, -0.6536134741704561213, -0.3662798814733193575 ) ) ;
#1384 = CARTESIAN_POINT ( 'NONE',  ( -0.9000000000000000222, -0.5227992307868399857, 0.3662798814733193575 ) ) ;
#1385 = VECTOR ( 'NONE', #734, 1000.000000000000227 ) ;
#1386 = CIRCLE ( 'NONE', #630, 0.3388088903628203030 ) ;
#1387 = LINE ( 'NONE', #703, #428 ) ;
#1388 = VERTEX_POINT ( 'NONE', #1112 ) ;
#1389 = CARTESIAN_POINT ( 'NONE',  ( -0.9000000000000000222, -0.5227992307868399857, -0.3662798814733193575 ) ) ;
#1390 = CARTESIAN_POINT ( 'NONE',  ( -0.2790226782334223610, 0.4052934445963688459, -0.3662798814733193575 ) ) ;
#1391 = ADVANCED_FACE ( 'NONE', ( #1512 ), #105, .T. ) ;
#1392 = ORIENTED_EDGE ( 'NONE', *, *, #423, .F. ) ;
#1393 = CARTESIAN_POINT ( 'NONE',  ( -0.6447646093504527665, 0.04901265783111428270, 0.3662798814733193575 ) ) ;
#1394 = CARTESIAN_POINT ( 'NONE',  ( 0.9000000000000000222, -0.5227992307868399857, 0.3662798814733193575 ) ) ;
#1395 = VECTOR ( 'NONE', #744, 1000.000000000000000 ) ;
#1396 = CARTESIAN_POINT ( 'NONE',  ( 0.1955292601331548863, 0.4134486410977130100, -0.3662798814733193575 ) ) ;
#1397 = VECTOR ( 'NONE', #590, 1000.000000000000000 ) ;
#1398 = ORIENTED_EDGE ( 'NONE', *, *, #416, .T. ) ;
#1399 = LINE ( 'NONE', #1266, #531 ) ;
#1400 = LINE ( 'NONE', #1267, #1464 ) ;
#1401 = CARTESIAN_POINT ( 'NONE',  ( -0.3362757102358119310, 0.3913829781997976154, -0.3662798814733193575 ) ) ;
#1402 = VERTEX_POINT ( 'NONE', #127 ) ;
#1403 = ADVANCED_FACE ( 'NONE', ( #237 ), #1062, .F. ) ;
#1404 = CARTESIAN_POINT ( 'NONE',  ( 0.1452087901312255902, 0.4157783605917854675, -0.3662798814733193575 ) ) ;
#1405 = ORIENTED_EDGE ( 'NONE', *, *, #1204, .F. ) ;
#1406 = CARTESIAN_POINT ( 'NONE',  ( -4.640563105653652363E-16, 0.6274506254937893823, -0.2354656380899907420 ) ) ;
#1407 = CYLINDRICAL_SURFACE ( 'NONE', #1185, 0.2616284867666566205 ) ;
#1408 = LINE ( 'NONE', #1223, #972 ) ;
#1409 = ORIENTED_EDGE ( 'NONE', *, *, #61, .F. ) ;
#1410 = CARTESIAN_POINT ( 'NONE',  ( 0.4140285128271107284, 0.3627471806996120374, 0.3662798814733193575 ) ) ;
#1411 = EDGE_CURVE ( 'NONE', #1287, #837, #556, .T. ) ;
#1412 = DESIGN_CONTEXT ( 'detailed design', #1230, 'design' ) ;
#1413 = AXIS2_PLACEMENT_3D ( 'NONE', #623, #156, #1089 ) ;
#1414 = CARTESIAN_POINT ( 'NONE',  ( -0.4399974211292495552, 0.3490849159830629600, -0.3662798814733193575 ) ) ;
#1415 = PERSON_AND_ORGANIZATION_ROLE ( 'classification_officer' ) ;
#1416 = CIRCLE ( 'NONE', #509, 0.4199137212604841518 ) ;
#1417 = CARTESIAN_POINT ( 'NONE',  ( 0.7848854603007705544, -0.09318591994369625209, 0.3662798814733193575 ) ) ;
#1418 = APPROVAL_ROLE ( '' ) ;
#1419 = ADVANCED_FACE ( 'NONE', ( #364 ), #115, .T. ) ;
#1420 = CARTESIAN_POINT ( 'NONE',  ( -0.3673814650955997130, 0.6269903596600587825, -0.3662798814733193575 ) ) ;
#1421 = DIRECTION ( 'NONE',  ( -0.2588190451025210170, 0.9659258262890680902, 0.000000000000000000 ) ) ;
#1422 = ORIENTED_EDGE ( 'NONE', *, *, #808, .T. ) ;
#1423 = FACE_OUTER_BOUND ( 'NONE', #1215, .T. ) ;
#1424 = CARTESIAN_POINT ( 'NONE',  ( 0.3737176710084207931, 0.6251912030347137605, -0.3662798814733193575 ) ) ;
#1425 = DIRECTION ( 'NONE',  ( 0.000000000000000000, 1.000000000000000000, 0.000000000000000000 ) ) ;
#1426 = CARTESIAN_POINT ( 'NONE',  ( -2.916967579142561827E-16, 0.4730898183014627945, -0.2354656380899907420 ) ) ;
#1427 = PERSON_AND_ORGANIZATION ( #1190, #1133 ) ;
#1428 = CARTESIAN_POINT ( 'NONE',  ( -4.937921488405079747E-16, 0.6274506254937893823, -0.2354656380899907420 ) ) ;
#1429 = EDGE_CURVE ( 'NONE', #521, #1278, #605, .T. ) ;
#1430 = CARTESIAN_POINT ( 'NONE',  ( 0.5994945511051714693, -0.6536134741704561213, 0.000000000000000000 ) ) ;
#1431 = ORIENTED_EDGE ( 'NONE', *, *, #416, .F. ) ;
#1432 = DIRECTION ( 'NONE',  ( 1.000000000000000000, 1.110223024625160090E-15, -1.224646799147350002E-16 ) ) ;
#1433 = LINE ( 'NONE', #377, #264 ) ;
#1434 = CARTESIAN_POINT ( 'NONE',  ( 0.3990177527765828569, 0.5314577594416238782, -0.3662798814733193575 ) ) ;
#1435 = DIRECTION ( 'NONE',  ( 1.836970198721029934E-16, 0.000000000000000000, 1.000000000000000000 ) ) ;
#1436 = APPROVAL_STATUS ( 'not_yet_approved' ) ;
#1437 = DIRECTION ( 'NONE',  ( 0.000000000000000000, 0.000000000000000000, 1.000000000000000000 ) ) ;
#1438 = ORIENTED_EDGE ( 'NONE', *, *, #222, .F. ) ;
#1439 = CIRCLE ( 'NONE', #791, 0.4199137212604841518 ) ;
#1440 = CARTESIAN_POINT ( 'NONE',  ( -4.937921488405079747E-16, 0.6536134741704552331, -0.2354656380899907420 ) ) ;
#1441 = CARTESIAN_POINT ( 'NONE',  ( -0.9000000000000000222, -0.6536134741704561213, 0.3662798814733193575 ) ) ;
#1442 = LINE ( 'NONE', #610, #1255 ) ;
#1443 = CARTESIAN_POINT ( 'NONE',  ( 0.6770656715078087196, -0.04260443725613322075, -0.3662798814733193575 ) ) ;
#1444 = CARTESIAN_POINT ( 'NONE',  ( -0.6355712825156119017, 0.4395720897070042876, 0.3630239528490407652 ) ) ;
#1445 = PERSON_AND_ORGANIZATION_ROLE ( 'creator' ) ;
#1446 = CARTESIAN_POINT ( 'NONE',  ( -0.3771987243732333184, 0.6536134741704552331, 0.1046513947066626399 ) ) ;
#1447 = VERTEX_POINT ( 'NONE', #953 ) ;
#1448 = CARTESIAN_POINT ( 'NONE',  ( 0.3125365545291174385, 0.6536134741704552331, -0.3662798814733193575 ) ) ;
#1449 = CARTESIAN_POINT ( 'NONE',  ( -0.6936828008203402840, -0.09318591994369625209, 0.2354656380899907420 ) ) ;
#1450 = EDGE_CURVE ( 'NONE', #491, #644, #1202, .T. ) ;
#1451 = CARTESIAN_POINT ( 'NONE',  ( -0.3994301134681200183, 0.3687956080408386073, -0.3662798814733193575 ) ) ;
#1452 = ORIENTED_EDGE ( 'NONE', *, *, #639, .T. ) ;
#1453 = CARTESIAN_POINT ( 'NONE',  ( -3.643132503908015485E-16, 0.5384969399931264222, -0.2354656380899907420 ) ) ;
#1454 =( BOUNDED_CURVE ( )  B_SPLINE_CURVE ( 3, ( #621, #1444, #137, #853 ),
 .UNSPECIFIED., .F., .F. ) 
 B_SPLINE_CURVE_WITH_KNOTS ( ( 4, 4 ),
 ( 1.297540593627817929, 1.570796326794895004 ),
 .UNSPECIFIED. ) 
 CURVE ( )  GEOMETRIC_REPRESENTATION_ITEM ( )  RATIONAL_B_SPLINE_CURVE ( ( 1.000000000000000000, 0.9937872822083639868, 0.9937872822083639868, 1.000000000000000000 ) ) 
 REPRESENTATION_ITEM ( '' )  );
#1455 = FACE_OUTER_BOUND ( 'NONE', #394, .T. ) ;
#1456 = DIRECTION ( 'NONE',  ( 0.000000000000000000, 0.000000000000000000, -1.000000000000000000 ) ) ;
#1457 = LINE ( 'NONE', #1449, #1015 ) ;
#1458 = CARTESIAN_POINT ( 'NONE',  ( 0.5433942767908481741, 0.2537496725529588826, -0.3662798814733193575 ) ) ;
#1459 = CARTESIAN_POINT ( 'NONE',  ( -0.4140285128271107284, 0.3627471806996120374, -0.3662798814733193575 ) ) ;
#1460 = EDGE_CURVE ( 'NONE', #424, #1027, #331, .T. ) ;
#1461 = VERTEX_POINT ( 'NONE', #834 ) ;
#1462 = CARTESIAN_POINT ( 'NONE',  ( 0.3330617758096922620, 0.3919849874037985571, 0.3662798814733193575 ) ) ;
#1463 = EDGE_LOOP ( 'NONE', ( #528, #800, #90, #1438 ) ) ;
#1464 = VECTOR ( 'NONE', #705, 1000.000000000000000 ) ;
#1465 = AXIS2_PLACEMENT_3D ( 'NONE', #1453, #399, #1174 ) ;
#1466 = CARTESIAN_POINT ( 'NONE',  ( -0.02567620004958259122, 0.4180971120491150383, -0.3662798814733193575 ) ) ;
#1467 = DIRECTION ( 'NONE',  ( 1.836970198721029688E-16, 0.000000000000000000, 1.000000000000000000 ) ) ;
#1468 = CARTESIAN_POINT ( 'NONE',  ( -3.167152633856958120E-16, 0.5384969399931264222, 0.1844480831704934098 ) ) ;
#1469 = PLANE ( 'NONE',  #717 ) ;
#1470 = EDGE_CURVE ( 'NONE', #1265, #1155, #91, .T. ) ;
#1471 = ORIENTED_EDGE ( 'NONE', *, *, #468, .T. ) ;
#1472 = CARTESIAN_POINT ( 'NONE',  ( -0.3990177527765836341, 0.5349686040419822097, -0.3662798814733193575 ) ) ;
#1473 = CARTESIAN_POINT ( 'NONE',  ( -0.6447646093504527665, 0.04901265783111428270, -0.3662798814733193575 ) ) ;
#1474 = ORIENTED_EDGE ( 'NONE', *, *, #1532, .T. ) ;
#1475 = CARTESIAN_POINT ( 'NONE',  ( 0.000000000000000000, 0.4181478360804647965, 0.2354656380899907420 ) ) ;
#1476 = ORIENTED_EDGE ( 'NONE', *, *, #365, .F. ) ;
#1477 = ADVANCED_FACE ( 'NONE', ( #334 ), #1379, .T. ) ;
#1478 = ORIENTED_EDGE ( 'NONE', *, *, #780, .T. ) ;
#1479 = PLANE ( 'NONE',  #1130 ) ;
#1480 = EDGE_LOOP ( 'NONE', ( #406, #242, #289, #472 ) ) ;
#1481 = ORIENTED_EDGE ( 'NONE', *, *, #38, .F. ) ;
#1482 = EDGE_CURVE ( 'NONE', #928, #76, #669, .T. ) ;
#1483 = LINE ( 'NONE', #432, #656 ) ;
#1484 = VECTOR ( 'NONE', #386, 1000.000000000000000 ) ;
#1485 = PLANE ( 'NONE',  #767 ) ;
#1486 = EDGE_LOOP ( 'NONE', ( #1250, #441, #234 ) ) ;
#1487 = CARTESIAN_POINT ( 'NONE',  ( 0.5352764879027258615, 0.6004577332611988894, 0.2627291582361553912 ) ) ;
#1488 = ORIENTED_EDGE ( 'NONE', *, *, #439, .F. ) ;
#1489 = PLANE ( 'NONE',  #694 ) ;
#1490 = CARTESIAN_POINT ( 'NONE',  ( 0.9000000000000000222, -0.5227992307868399857, 0.2354656380899907420 ) ) ;
#1491 = EDGE_CURVE ( 'NONE', #731, #300, #922, .T. ) ;
#1492 = CARTESIAN_POINT ( 'NONE',  ( -0.4893837224000846531, 0.6352566500356892076, 0.2168363927335145436 ) ) ;
#1493 = ORIENTED_EDGE ( 'NONE', *, *, #398, .T. ) ;
#1494 = CARTESIAN_POINT ( 'NONE',  ( 0.6291201097641321294, 0.4625900911183391528, 0.3565727800975610484 ) ) ;
#1495 = CARTESIAN_POINT ( 'NONE',  ( -0.05339069458295210568, 0.4178688592956614767, -0.3662798814733193575 ) ) ;
#1496 = VERTEX_POINT ( 'NONE', #1042 ) ;
#1497 = ORIENTED_EDGE ( 'NONE', *, *, #1523, .T. ) ;
#1498 = CARTESIAN_POINT ( 'NONE',  ( 0.3570992932240125151, 0.3840039857593071648, -0.3662798814733193575 ) ) ;
#1499 = ORIENTED_EDGE ( 'NONE', *, *, #977, .F. ) ;
#1500 = EDGE_CURVE ( 'NONE', #651, #1234, #1399, .T. ) ;
#1501 = CARTESIAN_POINT ( 'NONE',  ( 0.6422085980660868776, 0.4158899245265284539, 0.3662798814733189134 ) ) ;
#1502 = LINE ( 'NONE', #443, #1068 ) ;
#1503 = ORIENTED_EDGE ( 'NONE', *, *, #247, .F. ) ;
#1504 = ORIENTED_EDGE ( 'NONE', *, *, #573, .T. ) ;
#1505 = CARTESIAN_POINT ( 'NONE',  ( -0.2877913354433219717, 0.6536134741704552331, 0.1046513947066626399 ) ) ;
#1506 = CARTESIAN_POINT ( 'NONE',  ( 0.4399974211292495552, 0.3490849159830629600, -0.3662798814733193575 ) ) ;
#1507 = AXIS2_PLACEMENT_3D ( 'NONE', #1181, #613, #251 ) ;
#1508 = CARTESIAN_POINT ( 'NONE',  ( -5.806778415442747937E-16, 0.6274506254937893823, -0.3662798814733193575 ) ) ;
#1509 = ORIENTED_EDGE ( 'NONE', *, *, #110, .T. ) ;
#1510 = EDGE_CURVE ( 'NONE', #1388, #1513, #915, .T. ) ;
#1511 = CARTESIAN_POINT ( 'NONE',  ( -0.02567620004958259122, 0.4180971120491150383, -0.3662798814733193575 ) ) ;
#1512 = FACE_OUTER_BOUND ( 'NONE', #756, .T. ) ;
#1513 = VERTEX_POINT ( 'NONE', #88 ) ;
#1514 = ORIENTED_EDGE ( 'NONE', *, *, #225, .F. ) ;
#1515 = DIRECTION ( 'NONE',  ( 1.000000000000000000, 0.000000000000000000, 0.000000000000000000 ) ) ;
#1516 = CARTESIAN_POINT ( 'NONE',  ( 0.3928100410386845542, 0.3710547084624660208, 0.3662798814733193575 ) ) ;
#1517 = CARTESIAN_POINT ( 'NONE',  ( -0.4140285128271107284, 0.3627471806996120374, -0.3662798814733193575 ) ) ;
#1518 = VECTOR ( 'NONE', #880, 1000.000000000000114 ) ;
#1519 = ORIENTED_EDGE ( 'NONE', *, *, #170, .F. ) ;
#1520 = MECHANICAL_CONTEXT ( 'NONE', #996, 'mechanical' ) ;
#1521 = CARTESIAN_POINT ( 'NONE',  ( 0.3771987243732333184, 0.3919849874037980575, 0.2354656380899907420 ) ) ;
#1522 = VERTEX_POINT ( 'NONE', #1135 ) ;
#1523 = EDGE_CURVE ( 'NONE', #457, #1461, #1191, .T. ) ;
#1524 = CARTESIAN_POINT ( 'NONE',  ( 0.000000000000000000, -2.723118467870438768E-16, 0.3662798814733193575 ) ) ;
#1525 = CARTESIAN_POINT ( 'NONE',  ( -0.5352764879027257505, 0.6004577332611997775, 0.2354656380899907420 ) ) ;
#1526 = DIRECTION ( 'NONE',  ( 0.000000000000000000, -1.000000000000000000, 0.000000000000000000 ) ) ;
#1527 = DIRECTION ( 'NONE',  ( 0.4961389383568340361, 0.000000000000000000, 0.8682431421244590775 ) ) ;
#1528 = DATE_AND_TIME ( #1535, #1162 ) ;
#1529 = ORIENTED_EDGE ( 'NONE', *, *, #1291, .T. ) ;
#1530 = DIRECTION ( 'NONE',  ( -1.000000000000000000, 0.000000000000000000, 0.000000000000000000 ) ) ;
#1531 = CARTESIAN_POINT ( 'NONE',  ( 0.4399974211292495552, 0.3490849159830629600, 0.3662798814733193575 ) ) ;
#1532 = EDGE_CURVE ( 'NONE', #921, #1128, #576, .T. ) ;
#1533 = VECTOR ( 'NONE', #1074, 1000.000000000000000 ) ;
#1534 = FACE_OUTER_BOUND ( 'NONE', #177, .T. ) ;
#1535 = CALENDAR_DATE ( 2026, 29, 6 ) ;
ENDSEC;
END-ISO-10303-21;
