  0
SECTION
  2
HEADER
  9
$ACADVER
  1
AC1015
  9
$ACADMAINTVER
 70
     6
  9
$DWGCODEPAGE
  3
ANSI_936
  9
$INSBASE
 10
0.0
 20
0.0
 30
0.0
  9
$EXTMIN
 10
0.0
 20
0.0
 30
0.0
  9
$EXTMAX
 10
297.0
 20
210.0
 30
0.0
  9
$LIMMIN
 10
0.0
 20
0.0
  9
$LIMMAX
 10
297.0
 20
210.0
  9
$ORTHOMODE
 70
     0
  9
$REGENMODE
 70
     1
  9
$FILLMODE
 70
     1
  9
$QTEXTMODE
 70
     0
  9
$MIRRTEXT
 70
     1
  9
$LTSCALE
 40
1.0
  9
$ATTMODE
 70
     1
  9
$TEXTSIZE
 40
3.5
  9
$TRACEWID
 40
1.0
  9
$TEXTSTYLE
  7
Standard
  9
$CLAYER
  8
0
  9
$CELTYPE
  6
ByLayer
  9
$CECOLOR
 62
   256
  9
$CELTSCALE
 40
1.0
  9
$DISPSILH
 70
     0
  9
$DIMSCALE
 40
1.0
  9
$DIMASZ
 40
4.08
  9
$DIMEXO
 40
0.0
  9
$DIMDLI
 40
3.75
  9
$DIMRND
 40
0.0
  9
$DIMDLE
 40
0.0
  9
$DIMEXE
 40
2.0
  9
$DIMTP
 40
0.0
  9
$DIMTM
 40
0.0
  9
$DIMTXT
 40
3.5
  9
$DIMCEN
 40
2.5
  9
$DIMTSZ
 40
0.0
  9
$DIMTOL
 70
     0
  9
$DIMLIM
 70
     0
  9
$DIMTIH
 70
     1
  9
$DIMTOH
 70
     1
  9
$DIMSE1
 70
     0
  9
$DIMSE2
 70
     0
  9
$DIMTAD
 70
     1
  9
$DIMZIN
 70
     0
  9
$DIMBLK
  1

  9
$DIMASO
 70
     1
  9
$DIMSHO
 70
     1
  9
$DIMPOST
  1

  9
$DIMAPOST
  1

  9
$DIMALT
 70
     0
  9
$DIMALTD
 70
     3
  9
$DIMALTF
 40
0.0393700787
  9
$DIMLFAC
 40
2.0
  9
$DIMTOFL
 70
     1
  9
$DIMTVP
 40
0.0
  9
$DIMTIX
 70
     0
  9
$DIMSOXD
 70
     0
  9
$DIMSAH
 70
     0
  9
$DIMBLK1
  1

  9
$DIMBLK2
  1

  9
$DIMSTYLE
  2
ISO-25
  9
$DIMCLRD
 70
     0
  9
$DIMCLRE
 70
     0
  9
$DIMCLRT
 70
     0
  9
$DIMTFAC
 40
1.0
  9
$DIMGAP
 40
1.524
  9
$DIMJUST
 70
     0
  9
$DIMSD1
 70
     0
  9
$DIMSD2
 70
     0
  9
$DIMTOLJ
 70
     0
  9
$DIMTZIN
 70
     0
  9
$DIMALTZ
 70
     0
  9
$DIMALTTZ
 70
     0
  9
$DIMUPT
 70
     0
  9
$DIMDEC
 70
     2
  9
$DIMTDEC
 70
     2
  9
$DIMALTU
 70
     2
  9
$DIMALTTD
 70
     3
  9
$DIMTXSTY
  7
Standard
  9
$DIMAUNIT
 70
     0
  9
$DIMADEC
 70
     2
  9
$DIMALTRND
 40
0.0
  9
$DIMAZIN
 70
     0
  9
$DIMDSEP
 70
    44
  9
$DIMATFIT
 70
     3
  9
$DIMFRAC
 70
     0
  9
$DIMLDRBLK
  1

  9
$DIMLUNIT
 70
     2
  9
$DIMLWD
 70
    -2
  9
$DIMLWE
 70
    -2
  9
$DIMTMOVE
 70
     0
  9
$LUNITS
 70
     2
  9
$LUPREC
 70
     2
  9
$SKETCHINC
 40
1.0
  9
$FILLETRAD
 40
0.0
  9
$AUNITS
 70
     0
  9
$AUPREC
 70
     2
  9
$MENU
  1
.
  9
$ELEVATION
 40
0.0
  9
$PELEVATION
 40
0.0
  9
$THICKNESS
 40
0.0
  9
$LIMCHECK
 70
     0
  9
$CHAMFERA
 40
0.0
  9
$CHAMFERB
 40
0.0
  9
$CHAMFERC
 40
0.0
  9
$CHAMFERD
 40
0.0
  9
$SKPOLY
 70
     0
  9
$TDCREATE
 40
2461213.844207905
  9
$TDUCREATE
 40
2461213.510874572
  9
$TDUPDATE
 40
2461213.844208252
  9
$TDUUPDATE
 40
2461213.510874919
  9
$TDINDWG
 40
0.0000000116
  9
$TDUSRTIMER
 40
0.0000000116
  9
$USRTIMER
 70
     1
  9
$ANGBASE
 50
0.0
  9
$ANGDIR
 70
     0
  9
$PDMODE
 70
     0
  9
$PDSIZE
 40
-1.0
  9
$PLINEWID
 40
0.0
  9
$SPLFRAME
 70
     0
  9
$SPLINETYPE
 70
     6
  9
$SPLINESEGS
 70
     8
  9
$HANDSEED
  5
1B3
  9
$SURFTAB1
 70
     6
  9
$SURFTAB2
 70
     6
  9
$SURFTYPE
 70
     6
  9
$SURFU
 70
     6
  9
$SURFV
 70
     6
  9
$UCSBASE
  2

  9
$UCSNAME
  2

  9
$UCSORG
 10
0.0
 20
0.0
 30
0.0
  9
$UCSXDIR
 10
1.0
 20
0.0
 30
0.0
  9
$UCSYDIR
 10
0.0
 20
1.0
 30
0.0
  9
$UCSORTHOREF
  2

  9
$UCSORTHOVIEW
 70
     0
  9
$UCSORGTOP
 10
0.0
 20
0.0
 30
0.0
  9
$UCSORGBOTTOM
 10
0.0
 20
0.0
 30
0.0
  9
$UCSORGLEFT
 10
0.0
 20
0.0
 30
0.0
  9
$UCSORGRIGHT
 10
0.0
 20
0.0
 30
0.0
  9
$UCSORGFRONT
 10
0.0
 20
0.0
 30
0.0
  9
$UCSORGBACK
 10
0.0
 20
0.0
 30
0.0
  9
$PUCSBASE
  2

  9
$PUCSNAME
  2

  9
$PUCSORG
 10
0.0
 20
0.0
 30
0.0
  9
$PUCSXDIR
 10
1.0
 20
0.0
 30
0.0
  9
$PUCSYDIR
 10
0.0
 20
1.0
 30
0.0
  9
$PUCSORTHOREF
  2

  9
$PUCSORTHOVIEW
 70
     0
  9
$PUCSORGTOP
 10
0.0
 20
0.0
 30
0.0
  9
$PUCSORGBOTTOM
 10
0.0
 20
0.0
 30
0.0
  9
$PUCSORGLEFT
 10
0.0
 20
0.0
 30
0.0
  9
$PUCSORGRIGHT
 10
0.0
 20
0.0
 30
0.0
  9
$PUCSORGFRONT
 10
0.0
 20
0.0
 30
0.0
  9
$PUCSORGBACK
 10
0.0
 20
0.0
 30
0.0
  9
$USERI1
 70
     0
  9
$USERI2
 70
     0
  9
$USERI3
 70
     0
  9
$USERI4
 70
     0
  9
$USERI5
 70
     0
  9
$USERR1
 40
0.0
  9
$USERR2
 40
0.0
  9
$USERR3
 40
0.0
  9
$USERR4
 40
0.0
  9
$USERR5
 40
0.0
  9
$WORLDVIEW
 70
     1
  9
$SHADEDGE
 70
     3
  9
$SHADEDIF
 70
    70
  9
$TILEMODE
 70
     1
  9
$MAXACTVP
 70
    64
  9
$PINSBASE
 10
0.0
 20
0.0
 30
0.0
  9
$PLIMCHECK
 70
     0
  9
$PEXTMIN
 10
1.0000000000E+20
 20
1.0000000000E+20
 30
1.0000000000E+20
  9
$PEXTMAX
 10
-1.0000000000E+20
 20
-1.0000000000E+20
 30
-1.0000000000E+20
  9
$PLIMMIN
 10
0.0
 20
0.0
  9
$PLIMMAX
 10
420.0
 20
297.0
  9
$UNITMODE
 70
     0
  9
$VISRETAIN
 70
     1
  9
$PLINEGEN
 70
     0
  9
$PSLTSCALE
 70
     1
  9
$TREEDEPTH
 70
  3020
  9
$CMLSTYLE
  2
Standard
  9
$CMLJUST
 70
     0
  9
$CMLSCALE
 40
20.0
  9
$PROXYGRAPHICS
 70
     1
  9
$MEASUREMENT
 70
     1
  9
$CELWEIGHT
370
    -1
  9
$ENDCAPS
280
     0
  9
$JOINSTYLE
280
     0
  9
$LWDISPLAY
290
     1
  9
$INSUNITS
 70
     4
  9
$HYPERLINKBASE
  1

  9
$STYLESHEET
  1

  9
$XEDIT
290
     1
  9
$CEPSNTYPE
380
     0
  9
$PSTYLEMODE
290
     1
  9
$FINGERPRINTGUID
  2
{78726b00-556b-4e42-845b-8a908990bffc}
  9
$VERSIONGUID
  2
{FAEB1C32-E019-11D5-929B-00C0DF256EC4}
  9
$EXTNAMES
290
     1
  9
$PSVPSCALE
 40
0.0
  9
$OLESTARTUP
290
     0
  0
ENDSEC
  0
SECTION
  2
CLASSES
  0
CLASS
  1
ACDBDICTIONARYWDFLT
  2
AcDbDictionaryWithDefault
  3
ObjectDBX Classes
 90
        0
280
     0
281
     0
  0
CLASS
  1
VISUALSTYLE
  2
AcDbVisualStyle
  3
ObjectDBX Classes
 90
     4095
280
     0
281
     0
  0
CLASS
  1
MATERIAL
  2
AcDbMaterial
  3
ObjectDBX Classes
 90
     1153
280
     0
281
     0
  0
CLASS
  1
SCALE
  2
AcDbScale
  3
ObjectDBX Classes
 90
     1153
280
     0
281
     0
  0
CLASS
  1
TABLESTYLE
  2
AcDbTableStyle
  3
ObjectDBX Classes
 90
     4095
280
     0
281
     0
  0
CLASS
  1
MLEADERSTYLE
  2
AcDbMLeaderStyle
  3
ACDB_MLEADERSTYLE_CLASS
 90
     4095
280
     0
281
     0
  0
CLASS
  1
SUN
  2
AcDbSun
  3
SCENEOE
 90
     1153
280
     0
281
     0
  0
CLASS
  1
ACDBPLACEHOLDER
  2
AcDbPlaceHolder
  3
ObjectDBX Classes
 90
        0
280
     0
281
     0
  0
CLASS
  1
LAYOUT
  2
AcDbLayout
  3
ObjectDBX Classes
 90
        0
280
     0
281
     0
  0
ENDSEC
  0
SECTION
  2
TABLES
  0
TABLE
  2
VPORT
  5
8
330
0
100
AcDbSymbolTable
 70
     1
  0
VPORT
  5
29
330
8
100
AcDbSymbolTableRecord
100
AcDbViewportTableRecord
  2
*Active
 70
     0
 10
0.0
 20
0.0
 11
1.0
 21
1.0
 12
148.5
 22
105.0
 13
0.0
 23
0.0
 14
10.0
 24
10.0
 15
10.0
 25
10.0
 16
0.0
 26
0.0
 36
1.0
 17
0.0
 27
0.0
 37
0.0
 40
210.0
 41
1.4142857143
 42
50.0
 43
0.0
 44
0.0
 50
0.0
 51
0.0
 71
     0
 72
  2000
 73
     1
 74
     3
 75
     0
 76
     0
 77
     0
 78
     0
281
     0
 65
     1
110
0.0
120
0.0
130
0.0
111
1.0
121
0.0
131
0.0
112
0.0
122
1.0
132
0.0
 79
     0
146
0.0
  0
ENDTAB
  0
TABLE
  2
LTYPE
  5
5
330
0
100
AcDbSymbolTable
 70
     6
  0
LTYPE
  5
14
330
5
100
AcDbSymbolTableRecord
100
AcDbLinetypeTableRecord
  2
ByBlock
 70
     0
  3

 72
    65
 73
     0
 40
0.0
  0
LTYPE
  5
15
330
5
100
AcDbSymbolTableRecord
100
AcDbLinetypeTableRecord
  2
ByLayer
 70
     0
  3

 72
    65
 73
     0
 40
0.0
  0
LTYPE
  5
16
330
5
100
AcDbSymbolTableRecord
100
AcDbLinetypeTableRecord
  2
Continuous
 70
     0
  3
Solid line
 72
    65
 73
     0
 40
0.0
  0
LTYPE
  5
5E
330
5
100
AcDbSymbolTableRecord
100
AcDbLinetypeTableRecord
  2
HIDDEN
 70
     0
  3
Hidden __ __ __ __ __ __ __ __ __ __ __ __ __ __
 72
    65
 73
     2
 40
1.905
 49
1.27
 74
     0
 49
-0.635
 74
     0
  0
LTYPE
  5
5F
330
5
100
AcDbSymbolTableRecord
100
AcDbLinetypeTableRecord
  2
PHANTOM
 70
     0
  3
Phantom ______  __  __  ______  __  __  ______
 72
    65
 73
     6
 40
12.7
 49
6.35
 74
     0
 49
-1.27
 74
     0
 49
1.27
 74
     0
 49
-1.27
 74
     0
 49
1.27
 74
     0
 49
-1.27
 74
     0
  0
LTYPE
  5
60
330
5
100
AcDbSymbolTableRecord
100
AcDbLinetypeTableRecord
  2
CENTER
 70
     0
  3
Center ____ _ ____ _ ____ _ ____ _ ____ _ ____
 72
    65
 73
     4
 40
10.16
 49
6.35
 74
     0
 49
-1.27
 74
     0
 49
1.27
 74
     0
 49
-1.27
 74
     0
  0
LTYPE
  5
61
330
5
100
AcDbSymbolTableRecord
100
AcDbLinetypeTableRecord
  2
CENTERX2
 70
     0
  3
Center (2x) ________  __  ________  __  _____
 72
    65
 73
     4
 40
20.32
 49
12.7
 74
     0
 49
-2.54
 74
     0
 49
2.54
 74
     0
 49
-2.54
 74
     0
  0
LTYPE
  5
62
330
5
100
AcDbSymbolTableRecord
100
AcDbLinetypeTableRecord
  2
DOT2
 70
     0
  3
Dot (.5x) ........................................
 72
    65
 73
     2
 40
0.635
 49
0.0
 74
     0
 49
-0.635
 74
     0
  0
ENDTAB
  0
TABLE
  2
LAYER
  5
2
330
0
100
AcDbSymbolTable
 70
    14
  0
LAYER
  5
10
330
2
100
AcDbSymbolTableRecord
100
AcDbLayerTableRecord
  2
0
 70
     0
 62
     7
  6
Continuous
370
    -3
390
F
  0
LAYER
  5
63
330
2
100
AcDbSymbolTableRecord
100
AcDbLayerTableRecord
  2
SLD-0
 70
     0
 62
     7
  6
Continuous
370
    -3
390
F
  0
LAYER
  5
64
330
2
100
AcDbSymbolTableRecord
100
AcDbLayerTableRecord
  2
5
 70
     0
 62
     7
  6
Continuous
370
    -3
390
F
  0
LAYER
  5
65
330
2
100
AcDbSymbolTableRecord
100
AcDbLayerTableRecord
  2
9
 70
     0
 62
     7
  6
Continuous
370
    -3
390
F
  0
LAYER
  5
66
330
2
100
AcDbSymbolTableRecord
100
AcDbLayerTableRecord
  2
10
 70
     0
 62
     7
  6
Continuous
370
    -3
390
F
  0
LAYER
  5
67
330
2
100
AcDbSymbolTableRecord
100
AcDbLayerTableRecord
  2
轮廓实线层
 70
     0
 62
     7
  6
Continuous
370
    50
390
F
  0
LAYER
  5
68
330
2
100
AcDbSymbolTableRecord
100
AcDbLayerTableRecord
  2
细线层
 70
     0
 62
     4
  6
Continuous
370
    25
390
F
  0
LAYER
  5
69
330
2
100
AcDbSymbolTableRecord
100
AcDbLayerTableRecord
  2
中心线层
 70
     0
 62
     1
  6
CENTERX2
370
    25
390
F
  0
LAYER
  5
6A
330
2
100
AcDbSymbolTableRecord
100
AcDbLayerTableRecord
  2
虚线层
 70
     0
 62
     6
  6
HIDDEN
370
    25
390
F
  0
LAYER
  5
6B
330
2
100
AcDbSymbolTableRecord
100
AcDbLayerTableRecord
  2
剖面线层
 70
     0
 62
     2
  6
Continuous
370
    25
390
F
  0
LAYER
  5
6C
330
2
100
AcDbSymbolTableRecord
100
AcDbLayerTableRecord
  2
文字层
 70
     0
 62
     3
  6
Continuous
370
    25
390
F
  0
LAYER
  5
6D
330
2
100
AcDbSymbolTableRecord
100
AcDbLayerTableRecord
  2
标注层
 70
     0
 62
     4
  6
Continuous
370
    25
390
F
  0
LAYER
  5
6E
330
2
100
AcDbSymbolTableRecord
100
AcDbLayerTableRecord
  2
符号标注层
 70
     0
 62
    31
  6
Continuous
370
    25
390
F
  0
LAYER
  5
6F
330
2
100
AcDbSymbolTableRecord
100
AcDbLayerTableRecord
  2
双点划线层
 70
     0
 62
     6
  6
PHANTOM
370
    25
390
F
  0
ENDTAB
  0
TABLE
  2
STYLE
  5
3
330
0
100
AcDbSymbolTable
 70
     1
  0
STYLE
  5
11
330
3
100
AcDbSymbolTableRecord
100
AcDbTextStyleTableRecord
  2
Standard
 70
     0
 40
0.0
 41
1.0
 50
0.0
 71
     0
 42
3.5
  3
txt
  4

  0
ENDTAB
  0
TABLE
  2
VIEW
  5
6
330
0
100
AcDbSymbolTable
 70
     0
  0
ENDTAB
  0
TABLE
  2
UCS
  5
7
330
0
100
AcDbSymbolTable
 70
     0
  0
ENDTAB
  0
TABLE
  2
APPID
  5
9
330
0
100
AcDbSymbolTable
 70
     1
  0
APPID
  5
12
330
9
100
AcDbSymbolTableRecord
100
AcDbRegAppTableRecord
  2
ACAD
 70
     0
  0
ENDTAB
  0
TABLE
  2
DIMSTYLE
  5
A
330
0
100
AcDbSymbolTable
 70
     1
100
AcDbDimStyleTable
  0
DIMSTYLE
105
27
330
A
100
AcDbSymbolTableRecord
100
AcDbDimStyleTableRecord
  2
ISO-25
 70
     0
 41
2.5
 42
0.625
 43
3.75
 44
1.25
 73
     0
 74
     0
 77
     1
 78
     8
140
2.5
141
2.5
143
0.0393700787
147
0.625
171
     3
172
     1
178
     0
271
     2
272
     2
274
     3
278
    44
283
     0
284
     8
340
11
  0
ENDTAB
  0
TABLE
  2
BLOCK_RECORD
  5
1
330
0
100
AcDbSymbolTable
 70
     3
  0
BLOCK_RECORD
  5
1F
330
1
100
AcDbSymbolTableRecord
100
AcDbBlockTableRecord
  2
*Model_Space
340
22
  0
BLOCK_RECORD
  5
1B
330
1
100
AcDbSymbolTableRecord
100
AcDbBlockTableRecord
  2
*Paper_Space
340
1E
  0
BLOCK_RECORD
  5
23
330
1
100
AcDbSymbolTableRecord
100
AcDbBlockTableRecord
  2
*Paper_Space0
340
26
  0
BLOCK_RECORD
  5
EA
330
1
100
AcDbSymbolTableRecord
100
AcDbBlockTableRecord
  2
SW_CENTERMARKSYMBOL_0
340
0
102
{BLKREFS
331
F5
102
}
  0
BLOCK_RECORD
  5
1A6
330
1
100
AcDbSymbolTableRecord
100
AcDbBlockTableRecord
  2
SW_CENTERMARKSYMBOL_1
340
0
102
{BLKREFS
331
1B1
102
}
  0
ENDTAB
  0
ENDSEC
  0
SECTION
  2
BLOCKS
  0
BLOCK
  5
20
330
1F
100
AcDbEntity
  8
0
100
AcDbBlockBegin
  2
*Model_Space
 70
     0
 10
0.0
 20
0.0
 30
0.0
  3
*Model_Space
  1

  0
ENDBLK
  5
21
330
1F
100
AcDbEntity
  8
0
100
AcDbBlockEnd
  0
BLOCK
  5
1C
330
1B
100
AcDbEntity
 67
     1
  8
0
100
AcDbBlockBegin
  2
*Paper_Space
 70
     0
 10
0.0
 20
0.0
 30
0.0
  3
*Paper_Space
  1

  0
ENDBLK
  5
1D
330
1B
100
AcDbEntity
 67
     1
  8
0
100
AcDbBlockEnd
  0
BLOCK
  5
24
330
23
100
AcDbEntity
  8
0
100
AcDbBlockBegin
  2
*Paper_Space0
 70
     0
 10
0.0
 20
0.0
 30
0.0
  3
*Paper_Space0
  1

  0
ENDBLK
  5
25
330
23
100
AcDbEntity
  8
0
100
AcDbBlockEnd
  0
BLOCK
  5
EB
330
EA
100
AcDbEntity
  8
0
100
AcDbBlockBegin
  2
SW_CENTERMARKSYMBOL_0
 70
     0
 10
0.0
 20
0.0
 30
0.0
  3
SW_CENTERMARKSYMBOL_0
  1

  0
LINE
  5
ED
330
EA
100
AcDbEntity
  8
10
 62
     0
100
AcDbLine
 10
0.0
 20
0.0
 30
0.0
 11
0.0
 21
2.5
 31
0.0
  0
LINE
  5
EE
330
EA
100
AcDbEntity
  8
10
 62
     0
100
AcDbLine
 10
0.0
 20
0.0
 30
0.0
 11
-2.5
 21
0.0
 31
0.0
  0
LINE
  5
EF
330
EA
100
AcDbEntity
  8
10
 62
     0
100
AcDbLine
 10
0.0
 20
0.0
 30
0.0
 11
0.0
 21
-2.5
 31
0.0
  0
LINE
  5
F0
330
EA
100
AcDbEntity
  8
10
 62
     0
100
AcDbLine
 10
0.0
 20
0.0
 30
0.0
 11
2.5
 21
0.0
 31
0.0
  0
LINE
  5
F1
330
EA
100
AcDbEntity
  8
10
 62
     0
100
AcDbLine
 10
0.0
 20
5.0
 30
0.0
 11
0.0
 21
7.289755567
 31
0.0
  0
LINE
  5
F2
330
EA
100
AcDbEntity
  8
10
 62
     0
100
AcDbLine
 10
-5.0
 20
0.0
 30
0.0
 11
-7.289755567
 21
0.0
 31
0.0
  0
LINE
  5
F3
330
EA
100
AcDbEntity
  8
10
 62
     0
100
AcDbLine
 10
0.0
 20
-5.0
 30
0.0
 11
0.0
 21
-7.289755567
 31
0.0
  0
LINE
  5
F4
330
EA
100
AcDbEntity
  8
10
 62
     0
100
AcDbLine
 10
5.0
 20
0.0
 30
0.0
 11
7.289755567
 21
0.0
 31
0.0
  0
ENDBLK
  5
EC
330
EA
100
AcDbEntity
  8
0
100
AcDbBlockEnd
  0
BLOCK
  5
1A7
330
1A6
100
AcDbEntity
  8
0
100
AcDbBlockBegin
  2
SW_CENTERMARKSYMBOL_1
 70
     0
 10
0.0
 20
0.0
 30
0.0
  3
SW_CENTERMARKSYMBOL_1
  1

  0
LINE
  5
1A9
330
1A6
100
AcDbEntity
  8
10
 62
     0
100
AcDbLine
 10
0.0
 20
0.0
 30
0.0
 11
0.0
 21
2.5
 31
0.0
  0
LINE
  5
1AA
330
1A6
100
AcDbEntity
  8
10
 62
     0
100
AcDbLine
 10
0.0
 20
0.0
 30
0.0
 11
-2.5
 21
0.0
 31
0.0
  0
LINE
  5
1AB
330
1A6
100
AcDbEntity
  8
10
 62
     0
100
AcDbLine
 10
0.0
 20
0.0
 30
0.0
 11
0.0
 21
-2.5
 31
0.0
  0
LINE
  5
1AC
330
1A6
100
AcDbEntity
  8
10
 62
     0
100
AcDbLine
 10
0.0
 20
0.0
 30
0.0
 11
2.5
 21
0.0
 31
0.0
  0
LINE
  5
1AD
330
1A6
100
AcDbEntity
  8
10
 62
     0
100
AcDbLine
 10
0.0
 20
5.0
 30
0.0
 11
0.0
 21
5.7929569523
 31
0.0
  0
LINE
  5
1AE
330
1A6
100
AcDbEntity
  8
10
 62
     0
100
AcDbLine
 10
-5.0
 20
0.0
 30
0.0
 11
-5.7929569523
 21
0.0
 31
0.0
  0
LINE
  5
1AF
330
1A6
100
AcDbEntity
  8
10
 62
     0
100
AcDbLine
 10
0.0
 20
-5.0
 30
0.0
 11
0.0
 21
-5.7929569523
 31
0.0
  0
LINE
  5
1B0
330
1A6
100
AcDbEntity
  8
10
 62
     0
100
AcDbLine
 10
5.0
 20
0.0
 30
0.0
 11
5.7929569523
 21
0.0
 31
0.0
  0
ENDBLK
  5
1A8
330
1A6
100
AcDbEntity
  8
0
100
AcDbBlockEnd
  0
ENDSEC
  0
SECTION
  2
ENTITIES
  0
LINE
  5
70
330
1F
100
AcDbEntity
  8
0
  6
Continuous
 62
     7
370
    25
100
AcDbLine
 10
65.7208308989
 20
58.4010360888
 30
0.0
 11
65.7208308989
 21
55.0183187497
 31
0.0
  0
SPLINE
  5
71
330
1F
100
AcDbEntity
  8
0
  6
Continuous
 62
     7
370
    25
100
AcDbSpline
210
0.0
220
0.0
230
1.0
 70
     8
 71
     3
 72
    22
 73
    18
 74
     0
 42
0.00000001
 43
0.00000001
 40
0.0
 40
0.0
 40
0.0
 40
0.0
 40
0.125
 40
0.125
 40
0.25
 40
0.25
 40
0.375
 40
0.375
 40
0.5
 40
0.5
 40
0.625
 40
0.625
 40
0.75
 40
0.75
 40
0.875
 40
0.875
 40
1.0
 40
1.0
 40
1.0
 40
1.0
 10
63.32595311541475
 20
55.09849598674101
 30
0.0
 10
63.48413099412515
 20
55.09849598674101
 30
0.0
 10
63.6396648602026
 20
55.09803031893216
 30
0.0
 10
63.94566106897643
 20
55.09619621577266
 30
0.0
 10
64.09770786699794
 20
55.09480545036804
 30
0.0
 10
64.38765349280148
 20
55.09114248178895
 30
0.0
 10
64.52517067668887
 20
55.08888883735801
 30
0.0
 10
64.78542984253347
 20
55.08349906248274
 30
0.0
 10
64.90865275123176
 20
55.08033316374359
 30
0.0
 10
65.12952852130805
 20
55.07330797385949
 30
0.0
 10
65.22864692643725
 20
55.06942610417111
 30
0.0
 10
65.40371142833985
 20
55.06083327286669
 30
0.0
 10
65.47811880059079
 20
55.05618019424212
 30
0.0
 10
65.59761487155014
 20
55.04634237333011
 30
0.0
 10
65.64358926933295
 20
55.041093249293
 30
0.0
 10
65.70535577955765
 20
55.03001929025387
 30
0.0
 10
65.72083089892423
 20
55.0241909899767
 30
0.0
 10
65.72083089892423
 20
55.01831874965374
 30
0.0
  0
SPLINE
  5
72
330
1F
100
AcDbEntity
  8
0
  6
Continuous
 62
     7
370
    25
100
AcDbSpline
210
0.0
220
0.0
230
1.0
 70
     8
 71
     3
 72
    22
 73
    18
 74
     0
 42
0.00000001
 43
0.00000001
 40
0.0
 40
0.0
 40
0.0
 40
0.0
 40
0.125
 40
0.125
 40
0.2499999999999999
 40
0.2499999999999999
 40
0.3749999999999999
 40
0.3749999999999999
 40
0.4999999999999999
 40
0.4999999999999999
 40
0.6249999999999999
 40
0.6249999999999999
 40
0.7499999999999998
 40
0.7499999999999998
 40
0.8749999999999998
 40
0.8749999999999998
 40
1.0
 40
1.0
 40
1.0
 40
1.0
 10
63.32595311541475
 20
61.10271609866565
 30
0.0
 10
63.49658412562933
 20
61.10271609866565
 30
0.0
 10
63.66354129769274
 20
61.08294453046471
 30
0.0
 10
63.9905525722793
 20
61.00604704023154
 30
0.0
 10
64.15153595691663
 20
60.94794431020898
 30
0.0
 10
64.45111527458828
 20
60.80058892736711
 30
0.0
 10
64.59265755650085
 20
60.71038936932306
 30
0.0
 10
64.85437716271254
 20
60.50177133590086
 30
0.0
 10
64.97235301410363
 20
60.3854288560588
 30
0.0
 10
65.18496753340828
 20
60.13035482483578
 30
0.0
 10
65.27955834723687
 20
59.99097698250597
 30
0.0
 10
65.43985024642976
 20
59.70065603744676
 30
0.0
 10
65.50665243218053
 20
59.54854667819266
 30
0.0
 10
65.61450659267217
 20
59.23056617305288
 30
0.0
 10
65.65445589144132
 20
59.06758483547843
 30
0.0
 10
65.70751877377289
 20
58.73797650039752
 30
0.0
 10
65.72083089892422
 20
58.56870928524747
 30
0.0
 10
65.72083089892423
 20
58.40103608881903
 30
0.0
  0
SPLINE
  5
73
330
1F
100
AcDbEntity
  8
0
  6
Continuous
 62
     7
370
    25
100
AcDbSpline
210
0.0
220
0.0
230
1.0
 70
     8
 71
     3
 72
    20
 73
    16
 74
     0
 42
0.00000001
 43
0.00000001
 40
0.0
 40
0.0
 40
0.0
 40
0.0
 40
0.1250000000000001
 40
0.1250000000000001
 40
0.2500000000000003
 40
0.2500000000000003
 40
0.3750000000000004
 40
0.3750000000000004
 40
0.5000000000000006
 40
0.5000000000000006
 40
0.7500000000000009
 40
0.7500000000000009
 40
0.8750000000000004
 40
0.8750000000000004
 40
1.0
 40
1.0
 40
1.0
 40
1.0
 10
58.53619754839579
 20
47.74850378584488
 30
0.0
 10
58.37766532322757
 20
47.74850378584488
 30
0.0
 10
58.2217999602115
 20
47.74989926393395
 30
0.0
 10
57.91518299572179
 20
47.75539272680638
 30
0.0
 10
57.76282739405355
 20
47.75955878264698
 30
0.0
 10
57.4725491487941
 20
47.77051356519197
 30
0.0
 10
57.33491000775498
 20
47.77724961410571
 30
0.0
 10
57.07449245664738
 20
47.79334213934055
 30
0.0
 10
56.95134128313524
 20
47.80278001647763
 30
0.0
 10
56.62039987451959
 20
47.83413581614191
 30
0.0
 10
56.44246756519744
 20
47.85994785346186
 30
0.0
 10
56.26390764672111
 20
47.90350387555366
 30
0.0
 10
56.21810472226804
 20
47.9189823703333
 30
0.0
 10
56.15670658687133
 20
47.9514755938732
 30
0.0
 10
56.1413197648863
 20
47.96852341417973
 30
0.0
 10
56.14131976488632
 20
47.98567792298867
 30
0.0
  0
LINE
  5
74
330
1F
100
AcDbEntity
  8
0
  6
Continuous
 62
     7
370
    25
100
AcDbLine
 10
56.1413197649
 20
47.985677923
 30
0.0
 11
56.1413197649
 21
55.0183187497
 31
0.0
  0
SPLINE
  5
75
330
1F
100
AcDbEntity
  8
0
  6
Continuous
 62
     7
370
    25
100
AcDbSpline
210
0.0
220
0.0
230
1.0
 70
     8
 71
     3
 72
    22
 73
    18
 74
     0
 42
0.00000001
 43
0.00000001
 40
0.0
 40
0.0
 40
0.0
 40
0.0
 40
0.125
 40
0.125
 40
0.25
 40
0.25
 40
0.375
 40
0.375
 40
0.5
 40
0.5
 40
0.625
 40
0.625
 40
0.75
 40
0.75
 40
0.875
 40
0.875
 40
1.0
 40
1.0
 40
1.0
 40
1.0
 10
58.53619754839579
 20
55.09849598674101
 30
0.0
 10
58.3780196696854
 20
55.09849598674101
 30
0.0
 10
58.22248580360793
 20
55.09803031893216
 30
0.0
 10
57.91648959483411
 20
55.09619621577266
 30
0.0
 10
57.7644427968126
 20
55.09480545036804
 30
0.0
 10
57.47449717100908
 20
55.09114248178895
 30
0.0
 10
57.33697998712166
 20
55.08888883735801
 30
0.0
 10
57.07672082127706
 20
55.08349906248274
 30
0.0
 10
56.95349791257879
 20
55.08033316374359
 30
0.0
 10
56.73262214250249
 20
55.07330797385949
 30
0.0
 10
56.63350373737329
 20
55.06942610417111
 30
0.0
 10
56.45843923547068
 20
55.06083327286669
 30
0.0
 10
56.38403186321976
 20
55.05618019424212
 30
0.0
 10
56.26453579226042
 20
55.04634237333011
 30
0.0
 10
56.21856139447759
 20
55.041093249293
 30
0.0
 10
56.15679488425289
 20
55.03001929025387
 30
0.0
 10
56.1413197648863
 20
55.0241909899767
 30
0.0
 10
56.14131976488632
 20
55.01831874965374
 30
0.0
  0
LINE
  5
76
330
1F
100
AcDbEntity
  8
0
  6
Continuous
 62
     7
370
    25
100
AcDbLine
 10
56.1413197649
 20
55.0183187497
 30
0.0
 11
56.1413197649
 21
58.4010360888
 31
0.0
  0
SPLINE
  5
77
330
1F
100
AcDbEntity
  8
0
  6
Continuous
 62
     7
370
    25
100
AcDbSpline
210
0.0
220
0.0
230
1.0
 70
     8
 71
     3
 72
    22
 73
    18
 74
     0
 42
0.00000001
 43
0.00000001
 40
0.0
 40
0.0
 40
0.0
 40
0.0
 40
0.125
 40
0.125
 40
0.2499999999999999
 40
0.2499999999999999
 40
0.3749999999999999
 40
0.3749999999999999
 40
0.4999999999999999
 40
0.4999999999999999
 40
0.6249999999999999
 40
0.6249999999999999
 40
0.7499999999999998
 40
0.7499999999999998
 40
0.8749999999999998
 40
0.8749999999999998
 40
1.0
 40
1.0
 40
1.0
 40
1.0
 10
58.53619754839579
 20
61.10271609866565
 30
0.0
 10
58.3655665381812
 20
61.10271609866565
 30
0.0
 10
58.1986093661178
 20
61.08294453046471
 30
0.0
 10
57.87159809153124
 20
61.00604704023154
 30
0.0
 10
57.7106147068939
 20
60.94794431020898
 30
0.0
 10
57.41103538922228
 20
60.80058892736711
 30
0.0
 10
57.26949310730969
 20
60.71038936932306
 30
0.0
 10
57.00777350109801
 20
60.50177133590086
 30
0.0
 10
56.88979764970691
 20
60.3854288560588
 30
0.0
 10
56.67718313040226
 20
60.13035482483578
 30
0.0
 10
56.58259231657368
 20
59.99097698250597
 30
0.0
 10
56.42230041738079
 20
59.70065603744676
 30
0.0
 10
56.35549823163001
 20
59.54854667819266
 30
0.0
 10
56.24764407113837
 20
59.23056617305288
 30
0.0
 10
56.20769477236923
 20
59.06758483547843
 30
0.0
 10
56.15463189003764
 20
58.73797650039752
 30
0.0
 10
56.14131976488632
 20
58.56870928524747
 30
0.0
 10
56.14131976488632
 20
58.40103608881903
 30
0.0
  0
SPLINE
  5
78
330
1F
100
AcDbEntity
  8
0
  6
Continuous
 62
     7
370
    25
100
AcDbSpline
210
0.0
220
0.0
230
1.0
 70
     8
 71
     3
 72
    22
 73
    18
 74
     0
 42
0.00000001
 43
0.00000001
 40
0.0
 40
0.0
 40
0.0
 40
0.0
 40
0.125
 40
0.125
 40
0.25
 40
0.25
 40
0.375
 40
0.375
 40
0.5
 40
0.5
 40
0.625
 40
0.625
 40
0.75
 40
0.75
 40
0.875
 40
0.875
 40
1.0
 40
1.0
 40
1.0
 40
1.0
 10
58.53619754839579
 20
42.36539758671987
 30
0.0
 10
58.37786424023695
 20
42.36539758671987
 30
0.0
 10
58.22218499820802
 20
42.37969199667531
 30
0.0
 10
57.9159166182512
 20
42.43570287193833
 30
0.0
 10
57.76373415249779
 20
42.47810433823248
 30
0.0
 10
57.47364317286535
 20
42.58877764202045
 30
0.0
 10
57.33607279465479
 20
42.65650564221932
 30
0.0
 10
57.07574475481852
 20
42.81655195668966
 30
0.0
 10
56.95255310658813
 20
42.90968965379247
 30
0.0
 10
56.73178748063246
 20
43.11316280612704
 30
0.0
 10
56.63273234375789
 20
43.22421254682428
 30
0.0
 10
56.45781059196644
 20
43.46543173626527
 30
0.0
 10
56.38355970785936
 20
43.59379115521438
 30
0.0
 10
56.26426401422655
 20
43.8594065679007
 30
0.0
 10
56.2183634300019
 20
43.99842703250491
 30
0.0
 10
56.15675906005924
 20
44.28403312514094
 30
0.0
 10
56.14131976488631
 20
44.43048416549964
 30
0.0
 10
56.14131976488632
 20
44.57459827905902
 30
0.0
  0
LINE
  5
79
330
1F
100
AcDbEntity
  8
0
  6
Continuous
 62
     7
370
    25
100
AcDbLine
 10
56.1413197649
 20
44.5745982791
 30
0.0
 11
56.1413197649
 21
47.985677923
 31
0.0
  0
LINE
  5
7A
330
1F
100
AcDbEntity
  8
0
  6
Continuous
 62
     7
370
    25
100
AcDbLine
 10
65.7208308989
 20
55.0183187497
 30
0.0
 11
65.7208308989
 21
47.985677923
 31
0.0
  0
SPLINE
  5
7B
330
1F
100
AcDbEntity
  8
0
  6
Continuous
 62
     7
370
    25
100
AcDbSpline
210
0.0
220
0.0
230
1.0
 70
     8
 71
     3
 72
    20
 73
    16
 74
     0
 42
0.00000001
 43
0.00000001
 40
0.0
 40
0.0
 40
0.0
 40
0.0
 40
0.1250000000000001
 40
0.1250000000000001
 40
0.2500000000000003
 40
0.2500000000000003
 40
0.3750000000000004
 40
0.3750000000000004
 40
0.5000000000000006
 40
0.5000000000000006
 40
0.7500000000000009
 40
0.7500000000000009
 40
0.8750000000000004
 40
0.8750000000000004
 40
1.0
 40
1.0
 40
1.0
 40
1.0
 10
63.32595311541475
 20
47.74850378584488
 30
0.0
 10
63.48448534058297
 20
47.74850378584488
 30
0.0
 10
63.64035070359904
 20
47.74989926393395
 30
0.0
 10
63.94696766808876
 20
47.75539272680638
 30
0.0
 10
64.099323269757
 20
47.75955878264698
 30
0.0
 10
64.38960151501642
 20
47.77051356519197
 30
0.0
 10
64.52724065605555
 20
47.77724961410571
 30
0.0
 10
64.78765820716318
 20
47.79334213934055
 30
0.0
 10
64.9108093806753
 20
47.80278001647763
 30
0.0
 10
65.24175078929095
 20
47.83413581614191
 30
0.0
 10
65.41968309861309
 20
47.85994785346186
 30
0.0
 10
65.59824301708943
 20
47.90350387555366
 30
0.0
 10
65.64404594154249
 20
47.9189823703333
 30
0.0
 10
65.7054440769392
 20
47.9514755938732
 30
0.0
 10
65.72083089892422
 20
47.96852341417973
 30
0.0
 10
65.72083089892423
 20
47.98567792298867
 30
0.0
  0
LINE
  5
7C
330
1F
100
AcDbEntity
  8
0
  6
Continuous
 62
     7
370
    25
100
AcDbLine
 10
65.7208308989
 20
47.985677923
 30
0.0
 11
65.7208308989
 21
44.5745982791
 31
0.0
  0
SPLINE
  5
7D
330
1F
100
AcDbEntity
  8
0
  6
Continuous
 62
     7
370
    25
100
AcDbSpline
210
0.0
220
0.0
230
1.0
 70
     8
 71
     3
 72
    22
 73
    18
 74
     0
 42
0.00000001
 43
0.00000001
 40
0.0
 40
0.0
 40
0.0
 40
0.0
 40
0.125
 40
0.125
 40
0.25
 40
0.25
 40
0.375
 40
0.375
 40
0.5
 40
0.5
 40
0.625
 40
0.625
 40
0.75
 40
0.75
 40
0.875
 40
0.875
 40
1.0
 40
1.0
 40
1.0
 40
1.0
 10
63.32595311541475
 20
42.36539758672076
 30
0.0
 10
63.48428642357359
 20
42.36539758672076
 30
0.0
 10
63.63996566560252
 20
42.3796919966762
 30
0.0
 10
63.94623404555936
 20
42.43570287193921
 30
0.0
 10
64.09841651131276
 20
42.47810433823337
 30
0.0
 10
64.3885074909452
 20
42.58877764202133
 30
0.0
 10
64.52607786915576
 20
42.65650564222017
 30
0.0
 10
64.78640590899201
 20
42.81655195669051
 30
0.0
 10
64.90959755722241
 20
42.90968965379331
 30
0.0
 10
65.13036318317808
 20
43.11316280612785
 30
0.0
 10
65.22941832005264
 20
43.2242125468251
 30
0.0
 10
65.40434007184409
 20
43.46543173626605
 30
0.0
 10
65.47859095595118
 20
43.59379115521514
 30
0.0
 10
65.597886649584
 20
43.85940656790144
 30
0.0
 10
65.64378723380864
 20
43.99842703250565
 30
0.0
 10
65.70539160375131
 20
44.28403312514164
 30
0.0
 10
65.72083089892422
 20
44.43048416549952
 30
0.0
 10
65.72083089892423
 20
44.57459827905968
 30
0.0
  0
LINE
  5
7E
330
1F
100
AcDbEntity
  8
0
  6
Continuous
 62
     7
370
    25
100
AcDbLine
 10
63.3259531154
 20
55.0984959867
 30
0.0
 11
58.5361975484
 21
55.0984959867
 31
0.0
  0
LINE
  5
7F
330
1F
100
AcDbEntity
  8
0
  6
Continuous
 62
     7
370
    25
100
AcDbLine
 10
63.3259531154
 20
61.1027160987
 30
0.0
 11
58.5361975484
 21
61.1027160987
 31
0.0
  0
LINE
  5
80
330
1F
100
AcDbEntity
  8
0
  6
Continuous
 62
     7
370
    25
100
AcDbLine
 10
63.3259531154
 20
47.7485037858
 30
0.0
 11
58.5361975484
 21
47.7485037858
 31
0.0
  0
LINE
  5
81
330
1F
100
AcDbEntity
  8
0
  6
Continuous
 62
     7
370
    25
100
AcDbLine
 10
63.3259531154
 20
42.3653975867
 30
0.0
 11
58.5361975484
 21
42.3653975867
 31
0.0
  0
LINE
  5
82
330
1F
100
AcDbEntity
  8
0
  6
Continuous
 62
     7
370
    25
100
AcDbLine
 10
65.7208308989
 20
44.5745982791
 30
0.0
 11
65.7208308989
 21
20.3293249284
 31
0.0
  0
LINE
  5
83
330
1F
100
AcDbEntity
  8
0
  6
Continuous
 62
     7
370
    25
100
AcDbLine
 10
56.1413197649
 20
20.3293249284
 30
0.0
 11
56.1413197649
 21
44.5745982791
 31
0.0
  0
ARC
  5
84
330
1F
100
AcDbEntity
  8
0
  6
Continuous
 62
     7
370
    25
100
AcDbCircle
 10
63.3259531154
 20
20.3293249284
 30
0.0
 40
2.394877783509486
100
AcDbArc
 50
270.0
 51
0.0
  0
ARC
  5
85
330
1F
100
AcDbEntity
  8
0
  6
Continuous
 62
     7
370
    25
100
AcDbCircle
 10
58.5361975484
 20
20.3293249284
 30
0.0
 40
2.394877783509479
100
AcDbArc
 50
180.0
 51
270.0
  0
LINE
  5
86
330
1F
100
AcDbEntity
  8
0
  6
Continuous
 62
     7
370
    25
100
AcDbLine
 10
63.3259531154
 20
17.9344471449
 30
0.0
 11
58.5361975484
 21
17.9344471449
 31
0.0
  0
CIRCLE
  5
87
330
1F
100
AcDbEntity
  8
0
  6
Continuous
 62
     7
370
    25
100
AcDbCircle
 10
103.6197515299
 20
83.4359078848
 30
0.0
 40
4.789755567018972
  0
ARC
  5
88
330
1F
100
AcDbEntity
  8
0
  6
Continuous
 62
     7
370
    25
100
AcDbCircle
 10
63.3259573324
 20
20.2866543179
 30
0.0
 40
2.39487356652284
100
AcDbArc
 50
269.9998991113
 51
359.9998991109
  0
LINE
  5
89
330
1F
100
AcDbEntity
  8
0
  6
Continuous
 62
     7
370
    25
100
AcDbLine
 10
65.7208308989
 20
20.3293333624
 30
0.0
 11
65.7208308989
 21
20.2866501009
 31
0.0
  0
LINE
  5
8A
330
1F
100
AcDbEntity
  8
0
  6
Continuous
 62
     7
370
    25
100
AcDbLine
 10
63.3259531154
 20
17.8917807514
 30
0.0
 11
58.5361975484
 21
17.8917807514
 31
0.0
  0
ARC
  5
8B
330
1F
100
AcDbEntity
  8
0
  6
Continuous
 62
     7
370
    25
100
AcDbCircle
 10
58.5361933314
 20
20.2866543179
 30
0.0
 40
2.394873566521586
100
AcDbArc
 50
180.0001008891
 51
270.0001008888
  0
LINE
  5
8C
330
1F
100
AcDbEntity
  8
0
  6
Continuous
 62
     7
370
    25
100
AcDbLine
 10
56.1413197649
 20
20.2866501009
 30
0.0
 11
56.1413197649
 21
20.3293333624
 31
0.0
  0
LINE
  5
8D
330
1F
100
AcDbEntity
  8
0
  6
Continuous
 62
     7
370
    25
100
AcDbLine
 10
65.7208308989
 20
70.2145391716
 30
0.0
 11
65.7208308989
 21
58.4010360888
 31
0.0
  0
ARC
  5
8E
330
1F
100
AcDbEntity
  8
0
  6
Continuous
 62
     7
370
    25
100
AcDbCircle
 10
63.3259531154
 20
93.7133241801
 30
0.0
 40
2.394877783509486
100
AcDbArc
 50
20.3842721188
 51
90.0
  0
LINE
  5
8F
330
1F
100
AcDbEntity
  8
0
  6
Continuous
 62
     7
370
    25
100
AcDbLine
 10
63.3259531154
 20
96.1082019636
 30
0.0
 11
58.5361975484
 21
96.1082019636
 31
0.0
  0
ARC
  5
90
330
1F
100
AcDbEntity
  8
0
  6
Continuous
 62
     7
370
    25
100
AcDbCircle
 10
58.5361975484
 20
93.7133241801
 30
0.0
 40
2.394877783509486
100
AcDbArc
 50
90.0
 51
180.0
  0
LINE
  5
91
330
1F
100
AcDbEntity
  8
0
  6
Continuous
 62
     7
370
    25
100
AcDbLine
 10
56.1413197649
 20
92.5158852884
 30
0.0
 11
56.1413197649
 21
93.7133241801
 31
0.0
  0
LINE
  5
92
330
1F
100
AcDbEntity
  8
0
  6
Continuous
 62
     7
370
    25
100
AcDbLine
 10
56.1413197649
 20
58.4010360888
 30
0.0
 11
56.1413197649
 21
92.5158852884
 31
0.0
  0
LINE
  5
93
330
1F
100
AcDbEntity
  8
0
  6
Continuous
 62
     7
370
    25
100
AcDbLine
 10
107.6311921103
 20
75.8523256707
 30
0.0
 11
71.7080253577
 21
75.8523256707
 31
0.0
  0
ARC
  5
94
330
1F
100
AcDbEntity
  8
0
  6
Continuous
 62
     7
370
    25
100
AcDbCircle
 10
71.7080253577
 20
69.8651312119
 30
0.0
 40
5.987194458773686
100
AcDbArc
 50
90.0
 51
180.0
  0
ARC
  5
95
330
1F
100
AcDbEntity
  8
0
  6
Continuous
 62
     7
370
    25
100
AcDbCircle
 10
107.6311921103
 20
88.3368235561
 30
0.0
 40
2.394877783509486
100
AcDbArc
 50
0.0
 51
90.0
  0
ARC
  5
96
330
1F
100
AcDbEntity
  8
0
  6
Continuous
 62
     7
370
    25
100
AcDbCircle
 10
107.6311921103
 20
78.2472034542
 30
0.0
 40
2.394877783509486
100
AcDbArc
 50
270.0
 51
0.0
  0
LINE
  5
97
330
1F
100
AcDbEntity
  8
0
  6
Continuous
 62
     7
370
    25
100
AcDbLine
 10
71.1506367718
 20
90.7317013397
 30
0.0
 11
107.6311921103
 21
90.7317013397
 31
0.0
  0
LINE
  5
98
330
1F
100
AcDbEntity
  8
0
  6
Continuous
 62
     7
370
    25
100
AcDbLine
 10
110.0260698938
 20
88.3368235561
 30
0.0
 11
110.0260698938
 21
78.2472034542
 31
0.0
  0
ARC
  5
99
330
1F
100
AcDbEntity
  8
0
  6
Continuous
 62
     7
370
    25
100
AcDbCircle
 10
71.1506367718
 20
96.7188957984
 30
0.0
 40
5.987194458773686
100
AcDbArc
 50
201.0124884551
 51
270.0
  0
LINE
  5
9A
330
1F
100
AcDbEntity
  8
0
  6
Continuous
 62
     7
370
    25
100
AcDbLine
 10
65.5708579963
 20
94.5474954298
 30
0.0
 11
65.564195919
 21
94.5652066851
 31
0.0
  0
SPLINE
  5
9B
330
1F
100
AcDbEntity
  8
0
  6
HIDDEN
 62
     7
370
    18
100
AcDbSpline
210
0.0
220
0.0
230
1.0
 70
     8
 71
     3
 72
    24
 73
    20
 74
     0
 42
0.00000001
 43
0.00000001
 40
0.0
 40
0.0
 40
0.0
 40
0.0
 40
0.1250000000000003
 40
0.1250000000000003
 40
0.2500000000000006
 40
0.2500000000000006
 40
0.3750000000000008
 40
0.3750000000000008
 40
0.5000000000000011
 40
0.5000000000000011
 40
0.6250000000000013
 40
0.6250000000000013
 40
0.7500000000000017
 40
0.7500000000000017
 40
0.875000000000002
 40
0.875000000000002
 40
0.937500000000001
 40
0.937500000000001
 40
1.0
 40
1.0
 40
1.0
 40
1.0
 10
63.32595311541475
 20
59.81361267749332
 30
0.0
 10
63.50172040172317
 20
59.81361267749332
 30
0.0
 10
63.67214400279813
 20
59.78921992873222
 30
0.0
 10
64.00372783028016
 20
59.69810696167526
 30
0.0
 10
64.16356258421077
 20
59.63115434004023
 30
0.0
 10
64.45884202074956
 20
59.46897675481296
 30
0.0
 10
64.59773781811647
 20
59.37201483990054
 30
0.0
 10
64.84958777583819
 20
59.16017604890039
 30
0.0
 10
64.9637990172477
 20
59.04479042503392
 30
0.0
 10
65.1713729452507
 20
58.79712328529936
 30
0.0
 10
65.26480538724167
 20
58.66418762158347
 30
0.0
 10
65.42544976802166
 20
58.39023774649649
 30
0.0
 10
65.49356247243651
 20
58.24826928176907
 30
0.0
 10
65.60504485417634
 20
57.95421452167579
 30
0.0
 10
65.64816678920671
 20
57.80201021983795
 30
0.0
 10
65.69141229461304
 20
57.57237630159127
 30
0.0
 10
65.70235167084175
 20
57.49534315766515
 30
0.0
 10
65.71706472950997
 20
57.34027232793904
 30
0.0
 10
65.72083089892423
 20
57.26121007731959
 30
0.0
 10
65.72083089892423
 20
57.18393709988968
 30
0.0
  0
SPLINE
  5
9C
330
1F
100
AcDbEntity
  8
0
  6
HIDDEN
 62
     7
370
    18
100
AcDbSpline
210
0.0
220
0.0
230
1.0
 70
     8
 71
     3
 72
    11
 73
     7
 74
     0
 42
0.00000001
 43
0.00000001
 40
0.0
 40
0.0
 40
0.0
 40
0.0
 40
0.2208061153699641
 40
0.4400851440221437
 40
0.7660909140684747
 40
1.0
 40
1.0
 40
1.0
 40
1.0
 10
58.53619754839579
 20
59.81361267749325
 30
0.0
 10
58.31491491992202
 20
59.79019782834195
 30
0.0
 10
57.87388004523883
 20
59.74353006624787
 30
0.0
 10
57.21647410742473
 20
59.37075074728912
 30
0.0
 10
56.6701635279204
 20
58.85499544412239
 30
0.0
 10
56.46691183868505
 20
58.38676308828071
 30
0.0
 10
56.382001755776
 20
58.19115512898266
 30
0.0
  0
SPLINE
  5
9D
330
1F
100
AcDbEntity
  8
0
  6
HIDDEN
 62
     7
370
    18
100
AcDbSpline
210
0.0
220
0.0
230
1.0
 70
     8
 71
     3
 72
    11
 73
     7
 74
     0
 42
0.00000001
 43
0.00000001
 40
0.0
 40
0.0
 40
0.0
 40
0.0
 40
0.1459355035714339
 40
0.9207583451290792
 40
0.9883322385555404
 40
1.0
 40
1.0
 40
1.0
 40
1.0
 10
56.32196142090071
 20
58.07227487115048
 30
0.0
 10
56.3006794024104
 20
58.03237913516999
 30
0.0
 10
56.1664036734303
 20
57.78066292533678
 30
0.0
 10
56.1469076728366
 20
57.46974933047358
 30
0.0
 10
56.14135210455893
 20
57.21147913483188
 30
0.0
 10
56.1413239155189
 20
57.187471980064
 30
0.0
 10
56.14131976488633
 20
57.18393709988958
 30
0.0
  0
LINE
  5
9E
330
1F
100
AcDbEntity
  8
0
  6
HIDDEN
 62
     7
370
    18
100
AcDbLine
 10
63.3259531154
 20
59.8136126775
 30
0.0
 11
58.5361975484
 21
59.8136126775
 31
0.0
  0
SPLINE
  5
9F
330
1F
100
AcDbEntity
  8
0
  6
HIDDEN
 62
     7
370
    18
100
AcDbSpline
210
0.0
220
0.0
230
1.0
 70
     8
 71
     3
 72
    11
 73
     7
 74
     0
 42
0.00000001
 43
0.00000001
 40
0.0
 40
0.0
 40
0.0
 40
0.0
 40
0.2237114719139457
 40
0.4458211577027342
 40
0.77828804705125
 40
1.0
 40
1.0
 40
1.0
 40
1.0
 10
58.53619754839578
 20
57.11791994858403
 30
0.0
 10
58.31517707012492
 20
57.09433059030915
 30
0.0
 10
57.87471863204969
 20
57.04732077482852
 30
0.0
 10
57.21738337743852
 20
56.67259033735025
 30
0.0
 10
56.67829966490552
 20
56.16742843582175
 30
0.0
 10
56.47958306011606
 20
55.7120117423042
 30
0.0
 10
56.40008192588188
 20
55.5298118515493
 30
0.0
  0
SPLINE
  5
A0
330
1F
100
AcDbEntity
  8
0
  6
HIDDEN
 62
     7
370
    18
100
AcDbSpline
210
0.0
220
0.0
230
1.0
 70
     8
 71
     3
 72
    11
 73
     7
 74
     0
 42
0.00000001
 43
0.00000001
 40
0.0
 40
0.0
 40
0.0
 40
0.0
 40
0.1467977050662065
 40
0.9395615799427767
 40
0.9881195689843623
 40
1.0
 40
1.0
 40
1.0
 40
1.0
 10
56.31873880342431
 20
55.36869038812241
 30
0.0
 10
56.29766285323903
 20
55.32916393758155
 30
0.0
 10
56.16276869364751
 20
55.07617950364267
 30
0.0
 10
56.14560219746904
 20
54.77019161178296
 30
0.0
 10
56.14134522871073
 20
54.51655037926288
 30
0.0
 10
56.14132394804472
 20
54.49855962874645
 30
0.0
 10
56.14131976488633
 20
54.49502317180022
 30
0.0
  0
SPLINE
  5
A1
330
1F
100
AcDbEntity
  8
0
  6
HIDDEN
 62
     7
370
    18
100
AcDbSpline
210
0.0
220
0.0
230
1.0
 70
     8
 71
     3
 72
    24
 73
    20
 74
     0
 42
0.00000001
 43
0.00000001
 40
0.0
 40
0.0
 40
0.0
 40
0.0
 40
0.125
 40
0.125
 40
0.2499999999999999
 40
0.2499999999999999
 40
0.3749999999999999
 40
0.3749999999999999
 40
0.4999999999999999
 40
0.4999999999999999
 40
0.6249999999999999
 40
0.6249999999999999
 40
0.7499999999999998
 40
0.7499999999999998
 40
0.8749999999999998
 40
0.8749999999999998
 40
0.9374999999999999
 40
0.9374999999999999
 40
1.0
 40
1.0
 40
1.0
 40
1.0
 10
63.32595311541475
 20
57.11791994858415
 30
0.0
 10
63.50158885734145
 20
57.11791994858415
 30
0.0
 10
63.67182561157775
 20
57.0933313634343
 30
0.0
 10
64.0029836793024
 20
57.00172638765189
 30
0.0
 10
64.16257142401386
 20
56.93449805088153
 30
0.0
 10
64.45744973407146
 20
56.77201069350624
 30
0.0
 10
64.59617288648694
 20
56.67502221660672
 30
0.0
 10
64.84787002895057
 20
56.46339851583888
 30
0.0
 10
64.96209225982615
 20
56.3482462421248
 30
0.0
 10
65.16980470973651
 20
56.10128319187589
 30
0.0
 10
65.26340343843196
 20
55.96877199682559
 30
0.0
 10
65.42441609837502
 20
55.6958018968457
 30
0.0
 10
65.49272159239433
 20
55.55441142754634
 30
0.0
 10
65.60455382857216
 20
55.26166822951502
 30
0.0
 10
65.64787395226213
 20
55.1100561363173
 30
0.0
 10
65.69129640757481
 20
54.88146880648371
 30
0.0
 10
65.70227874191248
 20
54.80480993503595
 30
0.0
 10
65.71704889634775
 20
54.65053818974656
 30
0.0
 10
65.72083089892422
 20
54.57191047132937
 30
0.0
 10
65.72083089892423
 20
54.49502317180023
 30
0.0
  0
LINE
  5
A2
330
1F
100
AcDbEntity
  8
0
  6
HIDDEN
 62
     7
370
    18
100
AcDbLine
 10
63.3259531154
 20
57.1179199486
 30
0.0
 11
58.5361975484
 21
57.1179199486
 31
0.0
  0
SPLINE
  5
A3
330
1F
100
AcDbEntity
  8
0
  6
HIDDEN
 62
     7
370
    18
100
AcDbSpline
210
0.0
220
0.0
230
1.0
 70
     8
 71
     3
 72
    24
 73
    20
 74
     0
 42
0.00000001
 43
0.00000001
 40
0.0
 40
0.0
 40
0.0
 40
0.0
 40
0.125
 40
0.125
 40
0.2500000000000001
 40
0.2500000000000001
 40
0.3750000000000001
 40
0.3750000000000001
 40
0.5000000000000001
 40
0.5000000000000001
 40
0.6250000000000001
 40
0.6250000000000001
 40
0.7499999999999999
 40
0.7499999999999999
 40
0.8749999999999998
 40
0.8749999999999998
 40
0.9374999999999999
 40
0.9374999999999999
 40
1.0
 40
1.0
 40
1.0
 40
1.0
 10
63.32595311541475
 20
54.43762592711717
 30
0.0
 10
63.5012895280231
 20
54.43762592711717
 30
0.0
 10
63.6713068613571
 20
54.41313208633974
 30
0.0
 10
64.0021320767896
 20
54.32174428298022
 30
0.0
 10
64.16171939667842
 20
54.2545922225141
 30
0.0
 10
64.45664446595407
 20
54.09207944865924
 30
0.0
 10
64.59546941155259
 20
53.99496762249299
 30
0.0
 10
64.84742255763823
 20
53.7828360377174
 30
0.0
 10
64.96174358464611
 20
53.66735210742704
 30
0.0
 10
65.16960471029111
 20
53.41960183054025
 30
0.0
 10
65.26328395691402
 20
53.28659094476349
 30
0.0
 10
65.42439956383389
 20
53.01255080076491
 30
0.0
 10
65.4927250712005
 20
52.87059958340919
 30
0.0
 10
65.60457054890314
 20
52.57669686391829
 30
0.0
 10
65.64788979992947
 20
52.42446650712319
 30
0.0
 10
65.6913061202116
 20
52.19494413838997
 30
0.0
 10
65.70228566441631
 20
52.11797170361353
 30
0.0
 10
65.71705118521572
 20
51.96306859858819
 30
0.0
 10
65.72083089892422
 20
51.88411741883315
 30
0.0
 10
65.72083089892423
 20
51.80693007325584
 30
0.0
  0
SPLINE
  5
A4
330
1F
100
AcDbEntity
  8
0
  6
HIDDEN
 62
     7
370
    18
100
AcDbSpline
210
0.0
220
0.0
230
1.0
 70
     8
 71
     3
 72
    11
 73
     7
 74
     0
 42
0.00000001
 43
0.00000001
 40
0.0
 40
0.0
 40
0.0
 40
0.0
 40
0.2231571365782006
 40
0.4447560691170054
 40
0.7741215261004577
 40
1.0
 40
1.0
 40
1.0
 40
1.0
 10
58.53619754839579
 20
54.43762592711739
 30
0.0
 10
58.31447802274529
 20
54.41390800529992
 30
0.0
 10
57.87258713730525
 20
54.36663777304605
 30
0.0
 10
57.21436638766881
 20
53.98999845915572
 30
0.0
 10
56.67236229064704
 20
53.47801975770808
 30
0.0
 10
56.47254319370207
 20
53.01621638194875
 30
0.0
 10
56.39125489829984
 20
52.82835040817343
 30
0.0
  0
SPLINE
  5
A5
330
1F
100
AcDbEntity
  8
0
  6
HIDDEN
 62
     7
370
    18
100
AcDbSpline
210
0.0
220
0.0
230
1.0
 70
     8
 71
     3
 72
    11
 73
     7
 74
     0
 42
0.00000001
 43
0.00000001
 40
0.0
 40
0.0
 40
0.0
 40
0.0
 40
0.150789032320009
 40
0.9343485414488569
 40
0.9881158218455505
 40
1.0
 40
1.0
 40
1.0
 40
1.0
 10
56.3200224610633
 20
52.68642521405981
 30
0.0
 10
56.29831367964538
 20
52.64553407521104
 30
0.0
 10
56.16379747549985
 20
52.39215639015202
 30
0.0
 10
56.14593333688315
 20
52.08432166923769
 30
0.0
 10
56.14134729664713
 20
51.83016815411381
 30
0.0
 10
56.14132398478267
 20
51.81049186115899
 30
0.0
 10
56.14131976488632
 20
51.80693007325579
 30
0.0
  0
LINE
  5
A6
330
1F
100
AcDbEntity
  8
0
  6
HIDDEN
 62
     7
370
    18
100
AcDbLine
 10
63.3259531154
 20
54.4376259271
 30
0.0
 11
58.5361975484
 21
54.4376259271
 31
0.0
  0
SPLINE
  5
A7
330
1F
100
AcDbEntity
  8
0
  6
HIDDEN
 62
     7
370
    18
100
AcDbSpline
210
0.0
220
0.0
230
1.0
 70
     8
 71
     3
 72
    11
 73
     7
 74
     0
 42
0.00000001
 43
0.00000001
 40
0.0
 40
0.0
 40
0.0
 40
0.0
 40
0.2209731241827559
 40
0.4403259270236275
 40
0.7711907460965156
 40
0.9999999999999999
 40
0.9999999999999999
 40
0.9999999999999999
 40
0.9999999999999999
 10
58.53619754839579
 20
51.78814716376764
 30
0.0
 10
58.31606735500015
 20
51.76454996496764
 30
0.0
 10
57.87742110862379
 20
51.71752859766244
 30
0.0
 10
57.2209447605694
 20
51.34275843039535
 30
0.0
 10
56.6771036840853
 20
50.8309744433258
 30
0.0
 10
56.47505081536791
 20
50.36706551397715
 30
0.0
 10
56.39244637043728
 20
50.17740753064601
 30
0.0
  0
SPLINE
  5
A8
330
1F
100
AcDbEntity
  8
0
  6
HIDDEN
 62
     7
370
    18
100
AcDbSpline
210
0.0
220
0.0
230
1.0
 70
     8
 71
     3
 72
    11
 73
     7
 74
     0
 42
0.00000001
 43
0.00000001
 40
0.0
 40
0.0
 40
0.0
 40
0.0
 40
0.1457160013965021
 40
0.9325095817726387
 40
0.9882498356644297
 40
1.0
 40
1.0
 40
1.0
 40
1.0
 10
56.32013075685811
 20
50.03427783777926
 30
0.0
 10
56.29904795010896
 20
49.99475795416794
 30
0.0
 10
56.1641285238563
 20
49.74185045063423
 30
0.0
 10
56.14610141566956
 20
49.4336563370307
 30
0.0
 10
56.14134771748262
 20
49.17777942104589
 30
0.0
 10
56.14132390982808
 20
49.15753416501718
 30
0.0
 10
56.14131976488633
 20
49.15400944118822
 30
0.0
  0
SPLINE
  5
A9
330
1F
100
AcDbEntity
  8
0
  6
HIDDEN
 62
     7
370
    18
100
AcDbSpline
210
0.0
220
0.0
230
1.0
 70
     8
 71
     3
 72
    24
 73
    20
 74
     0
 42
0.00000001
 43
0.00000001
 40
0.0
 40
0.0
 40
0.0
 40
0.0
 40
0.1249999999999998
 40
0.1249999999999998
 40
0.2499999999999995
 40
0.2499999999999995
 40
0.3749999999999992
 40
0.3749999999999992
 40
0.499999999999999
 40
0.499999999999999
 40
0.6249999999999988
 40
0.6249999999999988
 40
0.7499999999999984
 40
0.7499999999999984
 40
0.8749999999999982
 40
0.8749999999999982
 40
0.9374999999999991
 40
0.9374999999999991
 40
1.0
 40
1.0
 40
1.0
 40
1.0
 10
63.32595311541475
 20
51.78814716376732
 30
0.0
 10
63.50203130509166
 20
51.78814716376732
 30
0.0
 10
63.67261603625633
 20
51.76325459551045
 30
0.0
 10
64.004339387953
 20
51.67065494539806
 30
0.0
 10
64.16398990667845
 20
51.60279431150465
 30
0.0
 10
64.45890865335043
 20
51.43900451200948
 30
0.0
 10
64.59753264408263
 20
51.34136369373023
 30
0.0
 10
64.84892168259209
 20
51.12860954947525
 30
0.0
 10
64.96300511998699
 20
51.01290936448898
 30
0.0
 10
65.170474580555
 20
50.76487817009041
 30
0.0
 10
65.26391586606917
 20
50.63191629392897
 30
0.0
 10
65.42468838306716
 20
50.35809587742965
 30
0.0
 10
65.49291475143671
 20
50.2162819649905
 30
0.0
 10
65.60463725963403
 20
49.92268207260573
 30
0.0
 10
65.64790876883282
 20
49.77070148435232
 30
0.0
 10
65.69130318003059
 20
49.54151679418609
 30
0.0
 10
65.7022817857213
 20
49.46465201529318
 30
0.0
 10
65.71704883830145
 20
49.3099540193091
 30
0.0
 10
65.72083089892423
 20
49.23109487612144
 30
0.0
 10
65.72083089892423
 20
49.15400944118812
 30
0.0
  0
LINE
  5
AA
330
1F
100
AcDbEntity
  8
0
  6
HIDDEN
 62
     7
370
    18
100
AcDbLine
 10
63.3259531154
 20
51.7881471638
 30
0.0
 11
58.5361975484
 21
51.7881471638
 31
0.0
  0
SPLINE
  5
AB
330
1F
100
AcDbEntity
  8
0
  6
HIDDEN
 62
     7
370
    18
100
AcDbSpline
210
0.0
220
0.0
230
1.0
 70
     8
 71
     3
 72
    11
 73
     7
 74
     0
 42
0.00000001
 43
0.00000001
 40
0.0
 40
0.0
 40
0.0
 40
0.0
 40
0.223294787553891
 40
0.445009777466535
 40
0.7757927055554625
 40
0.9999999999999999
 40
0.9999999999999999
 40
0.9999999999999999
 40
0.9999999999999999
 10
58.53619754839579
 20
49.07705572741459
 30
0.0
 10
58.31486306071847
 20
49.05337773246344
 30
0.0
 10
57.87376001399738
 20
49.00618926299894
 30
0.0
 10
57.21602137899222
 20
48.63019180766747
 30
0.0
 10
56.67522496173225
 20
48.12094286130646
 30
0.0
 10
56.47577679315304
 20
47.66181143641506
 30
0.0
 10
56.39520287951737
 20
47.47632958396105
 30
0.0
  0
SPLINE
  5
AC
330
1F
100
AcDbEntity
  8
0
  6
HIDDEN
 62
     7
370
    18
100
AcDbSpline
210
0.0
220
0.0
230
1.0
 70
     8
 71
     3
 72
    11
 73
     7
 74
     0
 42
0.00000001
 43
0.00000001
 40
0.0
 40
0.0
 40
0.0
 40
0.0
 40
0.1486421776098833
 40
0.933129932698114
 40
0.988125667570408
 40
1.0
 40
1.0
 40
1.0
 40
1.0
 10
56.31944698908422
 20
47.32581204419428
 30
0.0
 10
56.29806518041057
 20
47.28561934890952
 30
0.0
 10
56.16383675339595
 20
47.03330195388013
 30
0.0
 10
56.14601753888653
 20
46.72638536387964
 30
0.0
 10
56.14134763653433
 20
46.47237533434966
 30
0.0
 10
56.1413239678165
 20
46.45239501761199
 30
0.0
 10
56.14131976488633
 20
46.44884704865422
 30
0.0
  0
SPLINE
  5
AD
330
1F
100
AcDbEntity
  8
0
  6
HIDDEN
 62
     7
370
    18
100
AcDbSpline
210
0.0
220
0.0
230
1.0
 70
     8
 71
     3
 72
    24
 73
    20
 74
     0
 42
0.00000001
 43
0.00000001
 40
0.0
 40
0.0
 40
0.0
 40
0.0
 40
0.125
 40
0.125
 40
0.25
 40
0.25
 40
0.375
 40
0.375
 40
0.5
 40
0.5
 40
0.625
 40
0.625
 40
0.75
 40
0.75
 40
0.875
 40
0.875
 40
0.9375
 40
0.9375
 40
1.0
 40
1.0
 40
1.0
 40
1.0
 10
63.32595311541475
 20
49.07705572741455
 30
0.0
 10
63.50145762986926
 20
49.07705572741455
 30
0.0
 10
63.67160023826794
 20
49.05247802920116
 30
0.0
 10
64.00261857464251
 20
48.96085547866486
 30
0.0
 10
64.1622113822732
 20
48.89357787912744
 30
0.0
 10
64.457118253188
 20
48.73088973893482
 30
0.0
 10
64.59589022320749
 20
48.63373772531366
 30
0.0
 10
64.84770259836519
 20
48.42167265377618
 30
0.0
 10
64.96196746068195
 20
48.30626492000845
 30
0.0
 10
65.16974109116843
 20
48.05874471145288
 30
0.0
 10
65.26337113015116
 20
47.92591295527461
 30
0.0
 10
65.42442036088556
 20
47.65229069414313
 30
0.0
 10
65.49273039803738
 20
47.51057121934247
 30
0.0
 10
65.60456174068301
 20
47.2171703961587
 30
0.0
 10
65.6478785887008
 20
47.06522485304901
 30
0.0
 10
65.69129888114115
 20
46.83613156432093
 30
0.0
 10
65.7022806272244
 20
46.75930326628412
 30
0.0
 10
65.71704981220884
 20
46.60469029167618
 30
0.0
 10
65.72083089892423
 20
46.52588470953836
 30
0.0
 10
65.72083089892423
 20
46.44884704865418
 30
0.0
  0
LINE
  5
AE
330
1F
100
AcDbEntity
  8
0
  6
HIDDEN
 62
     7
370
    18
100
AcDbLine
 10
63.3259531154
 20
49.0770557274
 30
0.0
 11
58.5361975484
 21
49.0770557274
 31
0.0
  0
SPLINE
  5
AF
330
1F
100
AcDbEntity
  8
0
  6
HIDDEN
 62
     7
370
    18
100
AcDbSpline
210
0.0
220
0.0
230
1.0
 70
     8
 71
     3
 72
    11
 73
     7
 74
     0
 42
0.00000001
 43
0.00000001
 40
0.0
 40
0.0
 40
0.0
 40
0.0
 40
0.2238966143585112
 40
0.4462296647773181
 40
0.7770658340843591
 40
0.9999999999999999
 40
0.9999999999999999
 40
0.9999999999999999
 40
0.9999999999999999
 10
58.53619754839579
 20
46.38135407689018
 30
0.0
 10
58.31472912625814
 20
46.35779916518789
 30
0.0
 10
57.87333888883808
 20
46.3108538356085
 30
0.0
 10
57.2157226727066
 20
45.93642631817659
 30
0.0
 10
56.67640956952047
 20
45.4301438380494
 30
0.0
 10
56.47753780734556
 20
44.97430261361502
 30
0.0
 10
56.39747698139537
 20
44.79079227242207
 30
0.0
  0
SPLINE
  5
B0
330
1F
100
AcDbEntity
  8
0
  6
HIDDEN
 62
     7
370
    18
100
AcDbSpline
210
0.0
220
0.0
230
1.0
 70
     8
 71
     3
 72
    11
 73
     7
 74
     0
 42
0.00000001
 43
0.00000001
 40
0.0
 40
0.0
 40
0.0
 40
0.0
 40
0.1457482068685627
 40
0.9374836225335937
 40
0.9881572938632501
 40
1.0
 40
1.0
 40
1.0
 40
1.0
 10
56.31922397501173
 20
44.63585956766672
 30
0.0
 10
56.29823969036215
 20
44.59650613505392
 30
0.0
 10
56.16326428577755
 20
44.34337644407767
 30
0.0
 10
56.14575299245755
 20
44.03663618839314
 30
0.0
 10
56.14134598860685
 20
43.78204895676375
 30
0.0
 10
56.14132394137425
 20
43.763392357985
 30
0.0
 10
56.14131976488632
 20
43.75985817021211
 30
0.0
  0
SPLINE
  5
B1
330
1F
100
AcDbEntity
  8
0
  6
HIDDEN
 62
     7
370
    18
100
AcDbSpline
210
0.0
220
0.0
230
1.0
 70
     8
 71
     3
 72
    24
 73
    20
 74
     0
 42
0.00000001
 43
0.00000001
 40
0.0
 40
0.0
 40
0.0
 40
0.0
 40
0.1250000000000001
 40
0.1250000000000001
 40
0.2500000000000002
 40
0.2500000000000002
 40
0.3750000000000003
 40
0.3750000000000003
 40
0.5000000000000004
 40
0.5000000000000004
 40
0.6250000000000006
 40
0.6250000000000006
 40
0.7500000000000007
 40
0.7500000000000007
 40
0.8750000000000008
 40
0.8750000000000008
 40
0.9375000000000003
 40
0.9375000000000003
 40
1.0
 40
1.0
 40
1.0
 40
1.0
 10
63.32595311541475
 20
46.38135407689042
 30
0.0
 10
63.50149410489536
 20
46.38135407689042
 30
0.0
 10
63.67169537701847
 20
46.35691288026197
 30
0.0
 10
64.00285314113361
 20
46.26572017580503
 30
0.0
 10
64.16253403602767
 20
46.19872836248497
 30
0.0
 10
64.45758677107028
 20
46.03662004963562
 30
0.0
 10
64.59642513817084
 20
45.93976402516719
 30
0.0
 10
64.84830579906159
 20
45.72826821663543
 30
0.0
 10
64.96257323335642
 20
45.61314001658788
 30
0.0
 10
65.17030886182833
 20
45.36617533720566
 30
0.0
 10
65.26388650720716
 20
45.23363584440061
 30
0.0
 10
65.4248135121359
 20
44.96060722590045
 30
0.0
 10
65.49305722959406
 20
44.8191841384343
 30
0.0
 10
65.60476429496609
 20
44.52638319582333
 30
0.0
 10
65.6480078036115
 20
44.37478809678785
 30
0.0
 10
65.69135263411086
 20
44.14623453688847
 30
0.0
 10
65.70231449713677
 20
44.0695876798202
 30
0.0
 10
65.71705661424492
 20
43.91534127556371
 30
0.0
 10
65.72083089892422
 20
43.83672956622411
 30
0.0
 10
65.72083089892423
 20
43.75985817021201
 30
0.0
  0
LINE
  5
B2
330
1F
100
AcDbEntity
  8
0
  6
HIDDEN
 62
     7
370
    18
100
AcDbLine
 10
63.3259531154
 20
46.3813540769
 30
0.0
 11
58.5361975484
 21
46.3813540769
 31
0.0
  0
SPLINE
  5
B3
330
1F
100
AcDbEntity
  8
0
  6
HIDDEN
 62
     7
370
    18
100
AcDbSpline
210
0.0
220
0.0
230
1.0
 70
     8
 71
     3
 72
    11
 73
     7
 74
     0
 42
0.00000001
 43
0.00000001
 40
0.0
 40
0.0
 40
0.0
 40
0.0
 40
0.2345000346953688
 40
0.4676312852052434
 40
0.7978172728889971
 40
1.0
 40
1.0
 40
1.0
 40
1.0
 10
58.53619754839579
 20
43.5932334168613
 30
0.0
 10
58.30942683555916
 20
43.56971070963976
 30
0.0
 10
57.85720907777304
 20
43.52280259798932
 30
0.0
 10
57.19454982004257
 20
43.14787546708419
 30
0.0
 10
56.6696514806232
 20
42.65809908458824
 30
0.0
 10
56.48218680199674
 20
42.22677428687779
 30
0.0
 10
56.41099155909765
 20
42.06296596860476
 30
0.0
  0
SPLINE
  5
B4
330
1F
100
AcDbEntity
  8
0
  6
HIDDEN
 62
     7
370
    18
100
AcDbSpline
210
0.0
220
0.0
230
1.0
 70
     8
 71
     3
 72
    11
 73
     7
 74
     0
 42
0.00000001
 43
0.00000001
 40
0.0
 40
0.0
 40
0.0
 40
0.0
 40
0.1544190423020401
 40
0.927740520764359
 40
0.9876826919742777
 40
1.0
 40
1.0
 40
1.0
 40
1.0
 10
56.31619143769775
 20
41.87338728717463
 30
0.0
 10
56.2944511609295
 20
41.8323529483228
 30
0.0
 10
56.163836857215
 20
41.58582105479402
 30
0.0
 10
56.14621601926717
 20
41.284762242432
 30
0.0
 10
56.14135000468447
 20
41.03701833298673
 30
0.0
 10
56.14132416884775
 20
41.01581432032011
 30
0.0
 10
56.14131976488632
 20
41.0121998968817
 30
0.0
  0
SPLINE
  5
B5
330
1F
100
AcDbEntity
  8
0
  6
HIDDEN
 62
     7
370
    18
100
AcDbSpline
210
0.0
220
0.0
230
1.0
 70
     8
 71
     3
 72
    11
 73
     7
 74
     0
 42
0.00000001
 43
0.00000001
 40
0.0
 40
0.0
 40
0.0
 40
0.0
 40
0.0137952932451475
 40
0.08093007852979
 40
0.9470443744360297
 40
1.0
 40
1.0
 40
1.0
 40
1.0
 10
65.72083089892422
 20
41.0121998968817
 30
0.0
 10
65.72082671469204
 20
41.01581439016272
 30
0.0
 10
65.72080216789668
 20
41.0370188125609
 30
0.0
 10
65.715685760314
 20
41.2846831326916
 30
0.0
 10
65.70740162887833
 20
41.5554453826696
 30
0.0
 10
65.59546693073263
 20
41.77465042515971
 30
0.0
 10
65.58901739754245
 20
41.78728073747945
 30
0.0
  0
SPLINE
  5
B6
330
1F
100
AcDbEntity
  8
0
  6
HIDDEN
 62
     7
370
    18
100
AcDbSpline
210
0.0
220
0.0
230
1.0
 70
     8
 71
     3
 72
    11
 73
     7
 74
     0
 42
0.00000001
 43
0.00000001
 40
0.0
 40
0.0
 40
0.0
 40
0.0
 40
0.2649012032517759
 40
0.5691304177566635
 40
0.7839346186154001
 40
0.9999999999999999
 40
0.9999999999999999
 40
0.9999999999999999
 40
0.9999999999999999
 10
65.55209914643444
 20
41.86110884299673
 30
0.0
 10
65.45338385662403
 20
42.09533243401063
 30
0.0
 10
65.24129771492623
 20
42.59855313880867
 30
0.0
 10
64.66945987572981
 20
43.14882508480316
 30
0.0
 10
64.00454278041866
 20
43.52259888288927
 30
0.0
 10
63.55259063389186
 20
43.56964267222756
 30
0.0
 10
63.32595311541475
 20
43.5932334168613
 30
0.0
  0
LINE
  5
B7
330
1F
100
AcDbEntity
  8
0
  6
HIDDEN
 62
     7
370
    18
100
AcDbLine
 10
63.3259531154
 20
43.5932334169
 30
0.0
 11
58.5361975484
 21
43.5932334169
 31
0.0
  0
SPLINE
  5
B8
330
1F
100
AcDbEntity
  8
0
  6
HIDDEN
 62
     7
370
    18
100
AcDbSpline
210
0.0
220
0.0
230
1.0
 70
     8
 71
     3
 72
    10
 73
     6
 74
     0
 42
0.00000001
 43
0.00000001
 40
0.0
 40
0.0
 40
0.0
 40
0.0
 40
0.3516704999249052
 40
0.701379049340121
 40
1.0
 40
1.0
 40
1.0
 40
1.0
 10
58.53619754839579
 20
40.85133564400715
 30
0.0
 10
58.30939985359741
 20
40.827348642232
 30
0.0
 10
57.85706975595151
 20
40.77950846085436
 30
0.0
 10
57.27656905264189
 20
40.4865195793714
 30
0.0
 10
57.01286639749452
 20
40.19735310938685
 30
0.0
 10
56.89140479878193
 20
40.06416286252048
 30
0.0
  0
SPLINE
  5
B9
330
1F
100
AcDbEntity
  8
0
  6
HIDDEN
 62
     7
370
    18
100
AcDbSpline
210
0.0
220
0.0
230
1.0
 70
     8
 71
     3
 72
    11
 73
     7
 74
     0
 42
0.00000001
 43
0.00000001
 40
0.0
 40
0.0
 40
0.0
 40
0.0
 40
0.1518006704399157
 40
0.9248631671466513
 40
0.9873398071069465
 40
0.9999999999999999
 40
0.9999999999999999
 40
0.9999999999999999
 40
0.9999999999999999
 10
56.31126601601765
 20
39.16717045524221
 30
0.0
 10
56.2903584073397
 20
39.12826463758994
 30
0.0
 10
56.16297637982085
 20
38.89122643723135
 30
0.0
 10
56.14628989365961
 20
38.60024304498246
 30
0.0
 10
56.14135093895757
 20
38.36000701779476
 30
0.0
 10
56.14132426013832
 20
38.3386894059185
 30
0.0
 10
56.14131976488633
 20
38.33509749143231
 30
0.0
  0
SPLINE
  5
BA
330
1F
100
AcDbEntity
  8
0
  6
HIDDEN
 62
     7
370
    18
100
AcDbSpline
210
0.0
220
0.0
230
1.0
 70
     8
 71
     3
 72
    10
 73
     6
 74
     0
 42
0.00000001
 43
0.00000001
 40
0.0
 40
0.0
 40
0.0
 40
0.0
 40
0.3212272859715221
 40
0.6406624624610928
 40
1.0
 40
1.0
 40
1.0
 40
1.0
 10
63.32595311541475
 20
40.85133564400715
 30
0.0
 10
63.55312398290537
 20
40.8276772940017
 30
0.0
 10
64.00619834402568
 20
40.78049258263318
 30
0.0
 10
64.63592490724979
 20
40.45463824443567
 30
0.0
 10
64.93542183436645
 20
40.12077716935598
 30
0.0
 10
65.09397341734311
 20
39.94403344628081
 30
0.0
  0
SPLINE
  5
BB
330
1F
100
AcDbEntity
  8
0
  6
HIDDEN
 62
     7
370
    18
100
AcDbSpline
210
0.0
220
0.0
230
1.0
 70
     8
 71
     3
 72
    11
 73
     7
 74
     0
 42
0.00000001
 43
0.00000001
 40
0.0
 40
0.0
 40
0.0
 40
0.0
 40
0.0516679758227073
 40
0.9159930192033481
 40
0.9858452300840991
 40
0.9999999999999999
 40
0.9999999999999999
 40
0.9999999999999999
 40
0.9999999999999999
 10
65.59241880869384
 20
39.08531929475245
 30
0.0
 10
65.59858658433845
 20
39.07341258773938
 30
0.0
 10
65.70793167371954
 20
38.86232515239834
 30
0.0
 10
65.71560809670667
 20
38.60016270508108
 30
0.0
 10
65.72080129086453
 20
38.36000751572288
 30
0.0
 10
65.72082662948864
 20
38.33868947771896
 30
0.0
 10
65.72083089892423
 20
38.33509749143231
 30
0.0
  0
LINE
  5
BC
330
1F
100
AcDbEntity
  8
0
  6
HIDDEN
 62
     7
370
    18
100
AcDbLine
 10
63.3259531154
 20
40.851335644
 30
0.0
 11
58.5361975484
 21
40.851335644
 31
0.0
  0
SPLINE
  5
BD
330
1F
100
AcDbEntity
  8
0
  6
HIDDEN
 62
     7
370
    18
100
AcDbSpline
210
0.0
220
0.0
230
1.0
 70
     8
 71
     3
 72
    20
 73
    16
 74
     0
 42
0.00000001
 43
0.00000001
 40
0.0
 40
0.0
 40
0.0
 40
0.0
 40
0.1249999999999999
 40
0.1249999999999999
 40
0.2499999999999998
 40
0.2499999999999998
 40
0.3749999999999997
 40
0.3749999999999997
 40
0.4999999999999996
 40
0.4999999999999996
 40
0.6249999999999994
 40
0.6249999999999994
 40
0.7499999999999993
 40
0.7499999999999993
 40
1.0
 40
1.0
 40
1.0
 40
1.0
 10
63.32595311541475
 20
38.24806192460183
 30
0.0
 10
63.48897909821005
 20
38.24806192460183
 30
0.0
 10
63.64890756000325
 20
38.23038333485385
 30
0.0
 10
63.96289777133783
 20
38.16157348703104
 30
0.0
 10
64.11856326729381
 20
38.10948399279069
 30
0.0
 10
64.4116484935419
 20
37.97611135850141
 30
0.0
 10
64.55009248114142
 20
37.89500204794307
 30
0.0
 10
64.81121320030387
 20
37.70481535209766
 30
0.0
 10
64.9319297163754
 20
37.59683581125714
 30
0.0
 10
65.14883383524469
 20
37.36222946170271
 30
0.0
 10
65.24676816460173
 20
37.23366243866834
 30
0.0
 10
65.41623048018451
 20
36.961635182844
 30
0.0
 10
65.4871963329969
 20
36.8196195462011
 30
0.0
 10
65.66023057404892
 20
36.37627990358074
 30
0.0
 10
65.72083089892422
 20
36.05508849735857
 30
0.0
 10
65.72083089892423
 20
35.74067910330525
 30
0.0
  0
SPLINE
  5
BE
330
1F
100
AcDbEntity
  8
0
  6
HIDDEN
 62
     7
370
    18
100
AcDbSpline
210
0.0
220
0.0
230
1.0
 70
     8
 71
     3
 72
    20
 73
    16
 74
     0
 42
0.00000001
 43
0.00000001
 40
0.0
 40
0.0
 40
0.0
 40
0.0
 40
0.1249999999999997
 40
0.1249999999999997
 40
0.2499999999999994
 40
0.2499999999999994
 40
0.3749999999999991
 40
0.3749999999999991
 40
0.4999999999999988
 40
0.4999999999999988
 40
0.6249999999999984
 40
0.6249999999999984
 40
0.7499999999999982
 40
0.7499999999999982
 40
1.0
 40
1.0
 40
1.0
 40
1.0
 10
58.53619754839579
 20
38.2480619246016
 30
0.0
 10
58.37317156560048
 20
38.2480619246016
 30
0.0
 10
58.21324310380736
 20
38.23038333485361
 30
0.0
 10
57.89925289247277
 20
38.16157348703084
 30
0.0
 10
57.74358739651678
 20
38.10948399279047
 30
0.0
 10
57.45050217026868
 20
37.97611135850123
 30
0.0
 10
57.31205818266915
 20
37.89500204794287
 30
0.0
 10
57.05093746350671
 20
37.70481535209749
 30
0.0
 10
56.93022094743519
 20
37.59683581125699
 30
0.0
 10
56.71331682856589
 20
37.36222946170256
 30
0.0
 10
56.61538249920883
 20
37.23366243866819
 30
0.0
 10
56.44592018362604
 20
36.96163518284386
 30
0.0
 10
56.37495433081366
 20
36.81961954620097
 30
0.0
 10
56.20192008976163
 20
36.37627990358062
 30
0.0
 10
56.14131976488632
 20
36.05508849735794
 30
0.0
 10
56.14131976488632
 20
35.74067910330515
 30
0.0
  0
LINE
  5
BF
330
1F
100
AcDbEntity
  8
0
  6
HIDDEN
 62
     7
370
    18
100
AcDbLine
 10
63.3259531154
 20
38.2480619246
 30
0.0
 11
58.5361975484
 21
38.2480619246
 31
0.0
  0
ELLIPSE
  5
C0
330
1F
100
AcDbEntity
  8
0
  6
HIDDEN
 62
     7
370
    18
100
AcDbEllipse
 10
63.3259531154
 20
34.3407355803
 30
0.0
 11
0.0
 21
2.848491236067161
 31
0.0
210
0.0
220
0.0
230
1.0
 40
0.8407530812
 41
4.712388980384701
 42
6.283185307179586
  0
ELLIPSE
  5
C1
330
1F
100
AcDbEntity
  8
0
  6
HIDDEN
 62
     7
370
    18
100
AcDbEllipse
 10
58.5361975484
 20
34.3407355803
 30
0.0
 11
0.0
 21
2.848491236067161
 31
0.0
210
0.0
220
0.0
230
1.0
 40
0.8407530812
 41
0.0
 42
1.570796326794897
  0
LINE
  5
C2
330
1F
100
AcDbEntity
  8
0
  6
HIDDEN
 62
     7
370
    18
100
AcDbLine
 10
63.3259531154
 20
56.3406064008
 30
0.0
 11
58.5361975484
 21
56.3406064008
 31
0.0
  0
LINE
  5
C3
330
1F
100
AcDbEntity
  8
0
  6
HIDDEN
 62
     7
370
    18
100
AcDbLine
 10
63.3259531154
 20
37.1892268164
 30
0.0
 11
58.5361975484
 21
37.1892268164
 31
0.0
  0
ELLIPSE
  5
C4
330
1F
100
AcDbEntity
  8
0
  6
HIDDEN
 62
     7
370
    18
100
AcDbEllipse
 10
58.5361975484
 20
55.1306600068
 30
0.0
 11
2.394877783509479
 21
0.0
 31
0.0
210
0.0
220
0.0
230
1.0
 40
0.5052226057
 41
1.570796326794897
 42
3.141592653589793
  0
ELLIPSE
  5
C5
330
1F
100
AcDbEntity
  8
0
  6
HIDDEN
 62
     7
370
    18
100
AcDbEllipse
 10
63.3259531154
 20
55.1306600068
 30
0.0
 11
2.394877783509471
 21
0.0
 31
0.0
210
0.0
220
0.0
230
1.0
 40
0.5052226057
 41
0.0
 42
1.570796326794897
  0
LINE
  5
C6
330
1F
100
AcDbEntity
  8
0
  6
HIDDEN
 62
     7
370
    18
100
AcDbLine
 10
60.9310753319
 20
24.0043649063
 30
0.0
 11
60.9310753319
 21
21.2389982404
 31
0.0
  0
LINE
  5
C7
330
1F
100
AcDbEntity
  8
0
  6
HIDDEN
 62
     7
370
    18
100
AcDbLine
 10
60.9310753319
 20
29.5350982383
 30
0.0
 11
60.9310753319
 21
24.0043649063
 31
0.0
  0
LINE
  5
C8
330
1F
100
AcDbEntity
  8
0
  6
HIDDEN
 62
     7
370
    18
100
AcDbLine
 10
60.9310753319
 20
24.0043649063
 30
0.0
 11
56.1413197649
 21
24.0043649063
 31
0.0
  0
LINE
  5
C9
330
1F
100
AcDbEntity
  8
0
  6
HIDDEN
 62
     7
370
    18
100
AcDbLine
 10
60.9310753319
 20
29.5350982383
 30
0.0
 11
56.1413197649
 21
29.5350982383
 31
0.0
  0
LINE
  5
CA
330
1F
100
AcDbEntity
  8
0
  6
HIDDEN
 62
     7
370
    18
100
AcDbLine
 10
60.9310753319
 20
32.3004649043
 30
0.0
 11
60.9310753319
 21
29.5350982383
 31
0.0
  0
LINE
  5
CB
330
1F
100
AcDbEntity
  8
0
  6
HIDDEN
 62
     7
370
    18
100
AcDbLine
 10
60.9310753319
 20
32.3004649043
 30
0.0
 11
56.1413197649
 21
32.3004649043
 31
0.0
  0
LINE
  5
CC
330
1F
100
AcDbEntity
  8
0
  6
HIDDEN
 62
     7
370
    18
100
AcDbLine
 10
60.9310753319
 20
21.2389982404
 30
0.0
 11
56.1413197649
 21
21.2389982404
 31
0.0
  0
ARC
  5
CD
330
1F
100
AcDbEntity
  8
0
  6
HIDDEN
 62
     7
370
    18
100
AcDbCircle
 10
63.3259531154
 20
57.1826715642
 30
0.0
 40
2.394877783509472
100
AcDbArc
 50
0.0
 51
90.0
  0
ARC
  5
CE
330
1F
100
AcDbEntity
  8
0
  6
HIDDEN
 62
     7
370
    18
100
AcDbCircle
 10
58.5361975484
 20
57.1826715642
 30
0.0
 40
2.394877783509472
100
AcDbArc
 50
90.0
 51
180.0
  0
LINE
  5
CF
330
1F
100
AcDbEntity
  8
0
  6
HIDDEN
 62
     7
370
    18
100
AcDbLine
 10
58.5361975484
 20
59.5775493477
 30
0.0
 11
63.3259531154
 21
59.5775493477
 31
0.0
  0
ARC
  5
D0
330
1F
100
AcDbEntity
  8
0
  6
HIDDEN
 62
     7
370
    18
100
AcDbCircle
 10
58.5361975484
 20
54.494957458
 30
0.0
 40
2.394877783509479
100
AcDbArc
 50
90.0
 51
180.0
  0
ARC
  5
D1
330
1F
100
AcDbEntity
  8
0
  6
HIDDEN
 62
     7
370
    18
100
AcDbCircle
 10
63.3259531154
 20
54.494957458
 30
0.0
 40
2.394877783509479
100
AcDbArc
 50
0.0
 51
90.0
  0
LINE
  5
D2
330
1F
100
AcDbEntity
  8
0
  6
HIDDEN
 62
     7
370
    18
100
AcDbLine
 10
58.5361975484
 20
56.8898352415
 30
0.0
 11
63.3259531154
 21
56.8898352415
 31
0.0
  0
ARC
  5
D3
330
1F
100
AcDbEntity
  8
0
  6
HIDDEN
 62
     7
370
    18
100
AcDbCircle
 10
63.3259531154
 20
51.8063706741
 30
0.0
 40
2.394877783509479
100
AcDbArc
 50
0.0
 51
90.0
  0
ARC
  5
D4
330
1F
100
AcDbEntity
  8
0
  6
HIDDEN
 62
     7
370
    18
100
AcDbCircle
 10
58.5361975484
 20
51.8063706741
 30
0.0
 40
2.394877783509479
100
AcDbArc
 50
90.0
 51
180.0
  0
LINE
  5
D5
330
1F
100
AcDbEntity
  8
0
  6
HIDDEN
 62
     7
370
    18
100
AcDbLine
 10
58.5361975484
 20
54.2012484576
 30
0.0
 11
63.3259531154
 21
54.2012484576
 31
0.0
  0
ARC
  5
D6
330
1F
100
AcDbEntity
  8
0
  6
HIDDEN
 62
     7
370
    18
100
AcDbCircle
 10
58.5361975484
 20
49.1536899751
 30
0.0
 40
2.394877783509479
100
AcDbArc
 50
90.0
 51
180.0
  0
ARC
  5
D7
330
1F
100
AcDbEntity
  8
0
  6
HIDDEN
 62
     7
370
    18
100
AcDbCircle
 10
63.3259531154
 20
49.1536899751
 30
0.0
 40
2.394877783509479
100
AcDbArc
 50
0.0
 51
90.0
  0
LINE
  5
D8
330
1F
100
AcDbEntity
  8
0
  6
HIDDEN
 62
     7
370
    18
100
AcDbLine
 10
58.5361975484
 20
51.5485677586
 30
0.0
 11
63.3259531154
 21
51.5485677586
 31
0.0
  0
ARC
  5
D9
330
1F
100
AcDbEntity
  8
0
  6
HIDDEN
 62
     7
370
    18
100
AcDbCircle
 10
58.5361975484
 20
46.4485915226
 30
0.0
 40
2.394877783509479
100
AcDbArc
 50
90.0
 51
180.0
  0
ARC
  5
DA
330
1F
100
AcDbEntity
  8
0
  6
HIDDEN
 62
     7
370
    18
100
AcDbCircle
 10
63.3259531154
 20
46.4485915226
 30
0.0
 40
2.394877783509479
100
AcDbArc
 50
0.0
 51
90.0
  0
LINE
  5
DB
330
1F
100
AcDbEntity
  8
0
  6
HIDDEN
 62
     7
370
    18
100
AcDbLine
 10
58.5361975484
 20
48.8434693061
 30
0.0
 11
63.3259531154
 21
48.8434693061
 31
0.0
  0
ARC
  5
DC
330
1F
100
AcDbEntity
  8
0
  6
HIDDEN
 62
     7
370
    18
100
AcDbCircle
 10
58.5361975484
 20
43.7597373202
 30
0.0
 40
2.394877783509479
100
AcDbArc
 50
90.0
 51
180.0
  0
ARC
  5
DD
330
1F
100
AcDbEntity
  8
0
  6
HIDDEN
 62
     7
370
    18
100
AcDbCircle
 10
63.3259531154
 20
43.7597373202
 30
0.0
 40
2.394877783509479
100
AcDbArc
 50
0.0
 51
90.0
  0
LINE
  5
DE
330
1F
100
AcDbEntity
  8
0
  6
HIDDEN
 62
     7
370
    18
100
AcDbLine
 10
58.5361975484
 20
46.1546151037
 30
0.0
 11
63.3259531154
 21
46.1546151037
 31
0.0
  0
ARC
  5
DF
330
1F
100
AcDbEntity
  8
0
  6
HIDDEN
 62
     7
370
    18
100
AcDbCircle
 10
58.5361975484
 20
41.0121993316
 30
0.0
 40
2.394877783509472
100
AcDbArc
 50
90.0
 51
180.0
  0
ARC
  5
E0
330
1F
100
AcDbEntity
  8
0
  6
HIDDEN
 62
     7
370
    18
100
AcDbCircle
 10
63.3259531154
 20
41.0121993316
 30
0.0
 40
2.394877783509472
100
AcDbArc
 50
0.0
 51
90.0
  0
LINE
  5
E1
330
1F
100
AcDbEntity
  8
0
  6
HIDDEN
 62
     7
370
    18
100
AcDbLine
 10
58.5361975484
 20
43.4070771151
 30
0.0
 11
63.3259531154
 21
43.4070771151
 31
0.0
  0
ARC
  5
E2
330
1F
100
AcDbEntity
  8
0
  6
HIDDEN
 62
     7
370
    18
100
AcDbCircle
 10
58.5361975484
 20
38.3302386514
 30
0.0
 40
2.394877783509474
100
AcDbArc
 50
90.0
 51
167.8831442614
  0
ARC
  5
E3
330
1F
100
AcDbEntity
  8
0
  6
HIDDEN
 62
     7
370
    18
100
AcDbCircle
 10
63.3259531154
 20
38.3302386514
 30
0.0
 40
2.394877783509481
100
AcDbArc
 50
12.1898942639
 51
90.0
  0
LINE
  5
E4
330
1F
100
AcDbEntity
  8
0
  6
HIDDEN
 62
     7
370
    18
100
AcDbLine
 10
58.5361975484
 20
40.7251164349
 30
0.0
 11
63.3259531154
 21
40.7251164349
 31
0.0
  0
ARC
  5
E5
330
1F
100
AcDbEntity
  8
0
  6
HIDDEN
 62
     7
370
    18
100
AcDbCircle
 10
63.3259531154
 20
35.7068268257
 30
0.0
 40
2.394877783509479
100
AcDbArc
 50
0.0
 51
90.0
  0
ARC
  5
E6
330
1F
100
AcDbEntity
  8
0
  6
HIDDEN
 62
     7
370
    18
100
AcDbCircle
 10
58.5361975484
 20
35.7068268257
 30
0.0
 40
2.394877783509479
100
AcDbArc
 50
90.0
 51
180.0
  0
LINE
  5
E7
330
1F
100
AcDbEntity
  8
0
  6
HIDDEN
 62
     7
370
    18
100
AcDbLine
 10
58.5361975484
 20
38.1017046092
 30
0.0
 11
63.3259531154
 21
38.1017046092
 31
0.0
  0
LINE
  5
E8
330
1F
100
AcDbEntity
  8
0
  6
HIDDEN
 62
     7
370
    18
100
AcDbLine
 10
60.9310753319
 20
23.47677462
 30
0.0
 11
65.7208308989
 21
23.47677462
 31
0.0
  0
LINE
  5
E9
330
1F
100
AcDbEntity
  8
0
  6
HIDDEN
 62
     7
370
    18
100
AcDbLine
 10
65.7208308989
 20
30.0626885246
 30
0.0
 11
60.9310753319
 21
30.0626885246
 31
0.0
  0
INSERT
  5
F5
330
1F
100
AcDbEntity
  8
10
100
AcDbBlockReference
  2
SW_CENTERMARKSYMBOL_0
 10
103.6197515299
 20
83.4359078848
 30
0.0
  0
ARC
  5
F6
330
1F
100
AcDbEntity
  8
0
  6
Continuous
 62
     7
370
    25
100
AcDbCircle
 10
92.8428015041
 20
184.7383978988
 30
0.0
 40
5.987194458773729
100
AcDbArc
 50
0.0
 51
90.0
  0
SPLINE
  5
F7
330
1F
100
AcDbEntity
  8
0
  6
Continuous
 62
     7
370
    25
100
AcDbSpline
210
0.0
220
0.0
230
1.0
 70
     8
 71
     3
 72
    11
 73
     7
 74
     0
 42
0.00000001
 43
0.00000001
 40
0.0
 40
0.0
 40
0.0
 40
0.0
 40
0.2153801355675886
 40
0.4368457410363992
 40
0.6909406138667705
 40
1.0
 40
1.0
 40
1.0
 40
1.0
 10
108.4094551124338
 20
188.1716645013064
 30
0.0
 10
108.4230536331504
 20
188.484146605799
 30
0.0
 10
108.450634894736
 20
189.1179398576137
 30
0.0
 10
108.7062538716404
 20
190.1070005155226
 30
0.0
 10
109.0714402488732
 20
190.9930600890783
 30
0.0
 10
109.3628901146514
 20
191.4180576701354
 30
0.0
 10
109.522837971162
 20
191.6512965907668
 30
0.0
  0
LINE
  5
F8
330
1F
100
AcDbEntity
  8
0
  6
Continuous
 62
     7
370
    25
100
AcDbLine
 10
98.8299959628
 20
184.7383978988
 30
0.0
 11
98.8299959628
 21
182.9422395612
 31
0.0
  0
LINE
  5
F9
330
1F
100
AcDbEntity
  8
0
  6
Continuous
 62
     7
370
    25
100
AcDbLine
 10
108.4095070969
 20
182.9422395612
 30
0.0
 11
108.4095070969
 21
188.1949318478
 31
0.0
  0
ARC
  5
FA
330
1F
100
AcDbEntity
  8
0
  6
Continuous
 62
     7
370
    25
100
AcDbCircle
 10
106.0146293134
 20
182.9422395612
 30
0.0
 40
2.394877783509472
100
AcDbArc
 50
270.0
 51
0.0
  0
ARC
  5
FB
330
1F
100
AcDbEntity
  8
0
  6
Continuous
 62
     7
370
    25
100
AcDbCircle
 10
101.2248737463
 20
182.9422395612
 30
0.0
 40
2.394877783509486
100
AcDbArc
 50
180.0
 51
270.0
  0
ARC
  5
FC
330
1F
100
AcDbEntity
  8
0
  6
Continuous
 62
     7
370
    25
100
AcDbCircle
 10
63.3259531154
 20
205.6050922805
 30
0.0
 40
2.394877783509457
100
AcDbArc
 50
35.5303653047
 51
90.0
  0
ARC
  5
FD
330
1F
100
AcDbEntity
  8
0
  6
Continuous
 62
     7
370
    25
100
AcDbCircle
 10
63.3259531154
 20
190.7255923576
 30
0.0
 40
2.394877783509474
100
AcDbArc
 50
270.0
 51
324.4696346952
  0
LINE
  5
FE
330
1F
100
AcDbEntity
  8
0
  6
Continuous
 62
     7
370
    25
100
AcDbLine
 10
56.1413197649
 20
204.4076533888
 30
0.0
 11
56.1413197649
 21
205.6050922805
 31
0.0
  0
ARC
  5
FF
330
1F
100
AcDbEntity
  8
0
  6
Continuous
 62
     7
370
    25
100
AcDbCircle
 10
58.5361975484
 20
205.6050922805
 30
0.0
 40
2.394877783509465
100
AcDbArc
 50
90.0
 51
180.0
  0
LINE
  5
100
330
1F
100
AcDbEntity
  8
0
  6
Continuous
 62
     7
370
    25
100
AcDbLine
 10
63.3259531154
 20
207.999970064
 30
0.0
 11
58.5361975484
 21
207.999970064
 31
0.0
  0
LINE
  5
101
330
1F
100
AcDbEntity
  8
0
  6
Continuous
 62
     7
370
    25
100
AcDbLine
 10
56.1413197649
 20
191.9230312493
 30
0.0
 11
56.1413197649
 21
204.4076533888
 31
0.0
  0
LINE
  5
102
330
1F
100
AcDbEntity
  8
0
  6
Continuous
 62
     7
370
    25
100
AcDbLine
 10
63.3259531154
 20
188.3307145741
 30
0.0
 11
58.5361975484
 21
188.3307145741
 31
0.0
  0
LINE
  5
103
330
1F
100
AcDbEntity
  8
0
  6
Continuous
 62
     7
370
    25
100
AcDbLine
 10
56.1413197649
 20
190.7255923576
 30
0.0
 11
56.1413197649
 21
191.9230312493
 31
0.0
  0
ARC
  5
104
330
1F
100
AcDbEntity
  8
0
  6
Continuous
 62
     7
370
    25
100
AcDbCircle
 10
58.5361975484
 20
190.7255923576
 30
0.0
 40
2.394877783509465
100
AcDbArc
 50
180.0
 51
270.0
  0
ARC
  5
105
330
1F
100
AcDbEntity
  8
0
  6
Continuous
 62
     7
370
    25
100
AcDbCircle
 10
69.1921816813
 20
211.5922867393
 30
0.0
 40
5.987194458773767
100
AcDbArc
 50
225.5846914028
 51
270.0
  0
ARC
  5
106
330
1F
100
AcDbEntity
  8
0
  6
Continuous
 62
     7
370
    25
100
AcDbCircle
 10
69.1921816813
 20
184.7383978988
 30
0.0
 40
5.987194458773729
100
AcDbArc
 50
90.0
 51
134.4153085972
  0
LINE
  5
107
330
1F
100
AcDbEntity
  8
0
  6
Continuous
 62
     7
370
    25
100
AcDbLine
 10
69.1921816813
 20
205.6050922805
 30
0.0
 11
107.6311921103
 21
205.6050922805
 31
0.0
  0
LINE
  5
108
330
1F
100
AcDbEntity
  8
0
  6
Continuous
 62
     7
370
    25
100
AcDbLine
 10
94.0216435163
 20
190.7255923576
 30
0.0
 11
69.1921816813
 21
190.7255923576
 31
0.0
  0
ARC
  5
109
330
1F
100
AcDbEntity
  8
0
  6
Continuous
 62
     7
370
    25
100
AcDbCircle
 10
107.6311921103
 20
193.1204701411
 30
0.0
 40
2.394877783509486
100
AcDbArc
 50
311.797653755
 51
0.0
  0
ARC
  5
10A
330
1F
100
AcDbEntity
  8
0
  6
Continuous
 62
     7
370
    25
100
AcDbCircle
 10
107.6311921103
 20
203.210214497
 30
0.0
 40
2.394877783509486
100
AcDbArc
 50
0.0
 51
90.0
  0
LINE
  5
10B
330
1F
100
AcDbEntity
  8
0
  6
Continuous
 62
     7
370
    25
100
AcDbLine
 10
110.0260698938
 20
203.210214497
 30
0.0
 11
110.0260698938
 21
193.1204701411
 31
0.0
  0
LINE
  5
10C
330
1F
100
AcDbEntity
  8
0
  6
Continuous
 62
     7
370
    25
100
AcDbLine
 10
106.0146293134
 20
180.5473617777
 30
0.0
 11
101.2248740348
 21
180.5473617777
 31
0.0
  0
SPLINE
  5
10D
330
1F
100
AcDbEntity
  8
0
  6
Continuous
 62
     7
370
    25
100
AcDbSpline
210
0.0
220
0.0
230
1.0
 70
     8
 71
     3
 72
    22
 73
    18
 74
     0
 42
0.00000001
 43
0.00000001
 40
0.0
 40
0.0
 40
0.0
 40
0.0
 40
0.125
 40
0.125
 40
0.2499999999999999
 40
0.2499999999999999
 40
0.3749999999999999
 40
0.3749999999999999
 40
0.4999999999999999
 40
0.4999999999999999
 40
0.6249999999999999
 40
0.6249999999999999
 40
0.7499999999999998
 40
0.7499999999999998
 40
0.8749999999999998
 40
0.8749999999999998
 40
1.0
 40
1.0
 40
1.0
 40
1.0
 10
58.53619754839579
 20
113.1760488980252
 30
0.0
 10
58.3655665381812
 20
113.1760488980252
 30
0.0
 10
58.1986093661178
 20
113.1695409944578
 30
0.0
 10
57.87159809153124
 20
113.1449347793887
 30
0.0
 10
57.7106147068939
 20
113.1265543161672
 30
0.0
 10
57.41103538922228
 20
113.082037966758
 30
0.0
 10
57.26949310730969
 20
113.055623114765
 30
0.0
 10
57.00777350109801
 20
112.9982871969341
 30
0.0
 10
56.88979764970691
 20
112.9679359335198
 30
0.0
 10
56.67718313040226
 20
112.9065353489278
 30
0.0
 10
56.58259231657368
 20
112.8754022580167
 30
0.0
 10
56.42230041738079
 20
112.8168822987008
 30
0.0
 10
56.35549823163001
 20
112.7891807064747
 30
0.0
 10
56.24764407113837
 20
112.7386343939667
 30
0.0
 10
56.20769477236923
 20
112.7162829859494
 30
0.0
 10
56.15463189003764
 20
112.678916575859
 30
0.0
 10
56.14131976488632
 20
112.6637581305822
 30
0.0
 10
56.14131976488632
 20
112.6527542827393
 30
0.0
  0
SPLINE
  5
10E
330
1F
100
AcDbEntity
  8
0
  6
Continuous
 62
     7
370
    25
100
AcDbSpline
210
0.0
220
0.0
230
1.0
 70
     8
 71
     3
 72
    24
 73
    20
 74
     0
 42
0.00000001
 43
0.00000001
 40
0.0
 40
0.0
 40
0.0
 40
0.0
 40
0.1250000000000003
 40
0.1250000000000003
 40
0.2500000000000006
 40
0.2500000000000006
 40
0.3750000000000008
 40
0.3750000000000008
 40
0.5000000000000011
 40
0.5000000000000011
 40
0.6250000000000013
 40
0.6250000000000013
 40
0.7500000000000017
 40
0.7500000000000017
 40
0.875000000000002
 40
0.875000000000002
 40
0.937500000000001
 40
0.937500000000001
 40
1.0
 40
1.0
 40
1.0
 40
1.0
 10
58.53619754839579
 20
118.0521780738651
 30
0.0
 10
58.36043026208738
 20
118.052178073865
 30
0.0
 10
58.1900066610124
 20
118.039663966095
 30
0.0
 10
57.85842283353039
 20
117.9930247340918
 30
0.0
 10
57.69858807959978
 20
117.9587887700307
 30
0.0
 10
57.40330864306098
 20
117.8761074442534
 30
0.0
 10
57.26441284569409
 20
117.826779914385
 30
0.0
 10
57.01256288797236
 20
117.7193430693354
 30
0.0
 10
56.89835164656286
 20
117.6609709806636
 30
0.0
 10
56.69077771855984
 20
117.5360380314164
 30
0.0
 10
56.59734527656886
 20
117.469150501727
 30
0.0
 10
56.4367008957889
 20
117.3316602952018
 30
0.0
 10
56.36858819137404
 20
117.2605741351158
 30
0.0
 10
56.25710580963421
 20
117.1136540572248
 30
0.0
 10
56.21398387460384
 20
117.0377637135922
 30
0.0
 10
56.17073836919749
 20
116.9234724156134
 30
0.0
 10
56.1597989929688
 20
116.8851656851259
 30
0.0
 10
56.14508593430056
 20
116.8081149053866
 30
0.0
 10
56.1413197648863
 20
116.7688638867295
 30
0.0
 10
56.14131976488632
 20
116.7305264544761
 30
0.0
  0
LINE
  5
10F
330
1F
100
AcDbEntity
  8
0
  6
Continuous
 62
     7
370
    25
100
AcDbLine
 10
56.1413197649
 20
112.6527542827
 30
0.0
 11
56.1413197649
 21
116.7305264545
 31
0.0
  0
SPLINE
  5
110
330
1F
100
AcDbEntity
  8
0
  6
Continuous
 62
     7
370
    25
100
AcDbSpline
210
0.0
220
0.0
230
1.0
 70
     8
 71
     3
 72
    22
 73
    18
 74
     0
 42
0.00000001
 43
0.00000001
 40
0.0
 40
0.0
 40
0.0
 40
0.0
 40
0.125
 40
0.125
 40
0.2499999999999999
 40
0.2499999999999999
 40
0.3749999999999999
 40
0.3749999999999999
 40
0.4999999999999999
 40
0.4999999999999999
 40
0.6249999999999999
 40
0.6249999999999999
 40
0.7499999999999998
 40
0.7499999999999998
 40
0.8749999999999998
 40
0.8749999999999998
 40
1.0
 40
1.0
 40
1.0
 40
1.0
 10
63.32595311541475
 20
113.1760488980252
 30
0.0
 10
63.49658412562933
 20
113.1760488980252
 30
0.0
 10
63.66354129769274
 20
113.1695409944578
 30
0.0
 10
63.9905525722793
 20
113.1449347793887
 30
0.0
 10
64.15153595691663
 20
113.1265543161672
 30
0.0
 10
64.45111527458828
 20
113.082037966758
 30
0.0
 10
64.59265755650085
 20
113.055623114765
 30
0.0
 10
64.85437716271254
 20
112.9982871969341
 30
0.0
 10
64.97235301410363
 20
112.9679359335198
 30
0.0
 10
65.18496753340828
 20
112.9065353489278
 30
0.0
 10
65.27955834723687
 20
112.8754022580167
 30
0.0
 10
65.43985024642976
 20
112.8168822987008
 30
0.0
 10
65.50665243218053
 20
112.7891807064747
 30
0.0
 10
65.61450659267217
 20
112.7386343939667
 30
0.0
 10
65.65445589144132
 20
112.7162829859494
 30
0.0
 10
65.70751877377289
 20
112.678916575859
 30
0.0
 10
65.72083089892422
 20
112.6637581305822
 30
0.0
 10
65.72083089892423
 20
112.6527542827393
 30
0.0
  0
SPLINE
  5
111
330
1F
100
AcDbEntity
  8
0
  6
Continuous
 62
     7
370
    25
100
AcDbSpline
210
0.0
220
0.0
230
1.0
 70
     8
 71
     3
 72
    24
 73
    20
 74
     0
 42
0.00000001
 43
0.00000001
 40
0.0
 40
0.0
 40
0.0
 40
0.0
 40
0.1250000000000003
 40
0.1250000000000003
 40
0.2500000000000006
 40
0.2500000000000006
 40
0.3750000000000008
 40
0.3750000000000008
 40
0.5000000000000011
 40
0.5000000000000011
 40
0.6250000000000013
 40
0.6250000000000013
 40
0.7500000000000017
 40
0.7500000000000017
 40
0.875000000000002
 40
0.875000000000002
 40
0.937500000000001
 40
0.937500000000001
 40
1.0
 40
1.0
 40
1.0
 40
1.0
 10
63.32595311541475
 20
118.0521780738651
 30
0.0
 10
63.50172040172317
 20
118.052178073865
 30
0.0
 10
63.67214400279813
 20
118.039663966095
 30
0.0
 10
64.00372783028016
 20
117.9930247340918
 30
0.0
 10
64.16356258421077
 20
117.9587887700307
 30
0.0
 10
64.45884202074956
 20
117.8761074442534
 30
0.0
 10
64.59773781811647
 20
117.826779914385
 30
0.0
 10
64.84958777583819
 20
117.7193430693354
 30
0.0
 10
64.9637990172477
 20
117.6609709806636
 30
0.0
 10
65.1713729452507
 20
117.5360380314164
 30
0.0
 10
65.26480538724167
 20
117.469150501727
 30
0.0
 10
65.42544976802166
 20
117.3316602952018
 30
0.0
 10
65.49356247243651
 20
117.2605741351158
 30
0.0
 10
65.60504485417634
 20
117.1136540572248
 30
0.0
 10
65.64816678920671
 20
117.0377637135922
 30
0.0
 10
65.69141229461304
 20
116.9234724156134
 30
0.0
 10
65.70235167084175
 20
116.8851656851259
 30
0.0
 10
65.71706472950997
 20
116.8081149053866
 30
0.0
 10
65.72083089892423
 20
116.7688638867295
 30
0.0
 10
65.72083089892423
 20
116.7305264544761
 30
0.0
  0
LINE
  5
112
330
1F
100
AcDbEntity
  8
0
  6
Continuous
 62
     7
370
    25
100
AcDbLine
 10
65.7208308989
 20
116.7305264545
 30
0.0
 11
65.7208308989
 21
112.6527542827
 31
0.0
  0
SPLINE
  5
113
330
1F
100
AcDbEntity
  8
0
  6
Continuous
 62
     7
370
    25
100
AcDbSpline
210
0.0
220
0.0
230
1.0
 70
     8
 71
     3
 72
    22
 73
    18
 74
     0
 42
0.00000001
 43
0.00000001
 40
0.0
 40
0.0
 40
0.0
 40
0.0
 40
0.125
 40
0.125
 40
0.25
 40
0.25
 40
0.375
 40
0.375
 40
0.5
 40
0.5
 40
0.625
 40
0.625
 40
0.75
 40
0.75
 40
0.875
 40
0.875
 40
1.0
 40
1.0
 40
1.0
 40
1.0
 10
58.53619754839579
 20
108.0
 30
0.0
 10
58.3780196696854
 20
108.0
 30
0.0
 10
58.22248580360793
 20
108.0155171448573
 30
0.0
 10
57.91648959483411
 20
108.0763148320506
 30
0.0
 10
57.7644427968126
 20
108.1223330496552
 30
0.0
 10
57.47449717100908
 20
108.242470463178
 30
0.0
 10
57.33697998712166
 20
108.3159858877864
 30
0.0
 10
57.07672082127706
 20
108.4896633713316
 30
0.0
 10
56.95349791257879
 20
108.5907475313167
 30
0.0
 10
56.73262214250249
 20
108.8115458981015
 30
0.0
 10
56.63350373737329
 20
108.9320172134492
 30
0.0
 10
56.45843923547068
 20
109.193576331329
 30
0.0
 10
56.38403186321976
 20
109.3328449696286
 30
0.0
 10
56.26453579226042
 20
109.6207436220613
 30
0.0
 10
56.21856139447759
 20
109.7712760734563
 30
0.0
 10
56.15679488425289
 20
110.080617705549
 30
0.0
 10
56.1413197648863
 20
110.2390508068628
 30
0.0
 10
56.14131976488632
 20
110.3948777835095
 30
0.0
  0
LINE
  5
114
330
1F
100
AcDbEntity
  8
0
  6
Continuous
 62
     7
370
    25
100
AcDbLine
 10
56.1413197649
 20
110.3948777835
 30
0.0
 11
56.1413197649
 21
112.6527542827
 31
0.0
  0
SPLINE
  5
115
330
1F
100
AcDbEntity
  8
0
  6
Continuous
 62
     7
370
    25
100
AcDbSpline
210
0.0
220
0.0
230
1.0
 70
     8
 71
     3
 72
    22
 73
    18
 74
     0
 42
0.00000001
 43
0.00000001
 40
0.0
 40
0.0
 40
0.0
 40
0.0
 40
0.125
 40
0.125
 40
0.25
 40
0.25
 40
0.375
 40
0.375
 40
0.5
 40
0.5
 40
0.625
 40
0.625
 40
0.75
 40
0.75
 40
0.875
 40
0.875
 40
1.0
 40
1.0
 40
1.0
 40
1.0
 10
63.32595311541475
 20
108.0
 30
0.0
 10
63.48413099412515
 20
108.0
 30
0.0
 10
63.6396648602026
 20
108.0155171448573
 30
0.0
 10
63.94566106897643
 20
108.0763148320506
 30
0.0
 10
64.09770786699794
 20
108.1223330496552
 30
0.0
 10
64.38765349280148
 20
108.242470463178
 30
0.0
 10
64.52517067668887
 20
108.3159858877864
 30
0.0
 10
64.78542984253347
 20
108.4896633713316
 30
0.0
 10
64.90865275123176
 20
108.5907475313167
 30
0.0
 10
65.12952852130805
 20
108.8115458981015
 30
0.0
 10
65.22864692643725
 20
108.9320172134492
 30
0.0
 10
65.40371142833985
 20
109.193576331329
 30
0.0
 10
65.47811880059079
 20
109.3328449696286
 30
0.0
 10
65.59761487155014
 20
109.6207436220613
 30
0.0
 10
65.64358926933295
 20
109.7712760734563
 30
0.0
 10
65.70535577955765
 20
110.080617705549
 30
0.0
 10
65.72083089892423
 20
110.2390508068628
 30
0.0
 10
65.72083089892423
 20
110.3948777835095
 30
0.0
  0
LINE
  5
116
330
1F
100
AcDbEntity
  8
0
  6
Continuous
 62
     7
370
    25
100
AcDbLine
 10
65.7208308989
 20
112.6527542827
 30
0.0
 11
65.7208308989
 21
110.3948777835
 31
0.0
  0
LINE
  5
117
330
1F
100
AcDbEntity
  8
0
  6
Continuous
 62
     7
370
    25
100
AcDbLine
 10
63.3259531154
 20
113.176048898
 30
0.0
 11
58.5361975484
 21
113.176048898
 31
0.0
  0
LINE
  5
118
330
1F
100
AcDbEntity
  8
0
  6
Continuous
 62
     7
370
    25
100
AcDbLine
 10
63.3259531154
 20
118.0521780739
 30
0.0
 11
58.5361975484
 21
118.0521780739
 31
0.0
  0
LINE
  5
119
330
1F
100
AcDbEntity
  8
0
  6
Continuous
 62
     7
370
    25
100
AcDbLine
 10
63.3259531154
 20
108.0
 30
0.0
 11
58.5361975484
 21
108.0
 31
0.0
  0
SPLINE
  5
11A
330
1F
100
AcDbEntity
  8
0
  6
Continuous
 62
     7
370
    25
100
AcDbSpline
210
0.0
220
0.0
230
1.0
 70
     8
 71
     3
 72
    24
 73
    20
 74
     0
 42
0.00000001
 43
0.00000001
 40
0.0
 40
0.0
 40
0.0
 40
0.0
 40
0.125
 40
0.125
 40
0.2499999999999999
 40
0.2499999999999999
 40
0.3749999999999999
 40
0.3749999999999999
 40
0.4999999999999999
 40
0.4999999999999999
 40
0.6249999999999999
 40
0.6249999999999999
 40
0.7499999999999998
 40
0.7499999999999998
 40
0.8749999999999998
 40
0.8749999999999998
 40
0.9374999999999999
 40
0.9374999999999999
 40
1.0
 40
1.0
 40
1.0
 40
1.0
 10
63.32595311541475
 20
123.381950858681
 30
0.0
 10
63.50158885734145
 20
123.381950858681
 30
0.0
 10
63.67182561157775
 20
123.3694764832128
 30
0.0
 10
64.0029836793024
 20
123.3230093808028
 30
0.0
 10
64.16257142401386
 20
123.2889096406566
 30
0.0
 10
64.45744973407146
 20
123.2065071718251
 30
0.0
 10
64.59617288648694
 20
123.1573275742773
 30
0.0
 10
64.84787002895057
 20
123.0500399726639
 30
0.0
 10
64.96209225982615
 20
122.9916695520239
 30
0.0
 10
65.16980470973651
 20
122.8665056057358
 30
0.0
 10
65.26340343843196
 20
122.7993572919384
 30
0.0
 10
65.42441609837502
 20
122.6610536450622
 30
0.0
 10
65.49272159239433
 20
122.5894260546458
 30
0.0
 10
65.60455382857216
 20
122.4411424555886
 30
0.0
 10
65.64787395226213
 20
122.3643552243431
 30
0.0
 10
65.69129640757481
 20
122.2485940564649
 30
0.0
 10
65.70227874191248
 20
122.2097744045461
 30
0.0
 10
65.71704889634775
 20
122.1316555562561
 30
0.0
 10
65.72083089892422
 20
122.0918425912519
 30
0.0
 10
65.72083089892423
 20
122.0529123249872
 30
0.0
  0
LINE
  5
11B
330
1F
100
AcDbEntity
  8
0
  6
Continuous
 62
     7
370
    25
100
AcDbLine
 10
65.7208308989
 20
122.052912325
 30
0.0
 11
65.7208308989
 21
116.7305264545
 31
0.0
  0
SPLINE
  5
11C
330
1F
100
AcDbEntity
  8
0
  6
Continuous
 62
     7
370
    25
100
AcDbSpline
210
0.0
220
0.0
230
1.0
 70
     8
 71
     3
 72
    24
 73
    20
 74
     0
 42
0.00000001
 43
0.00000001
 40
0.0
 40
0.0
 40
0.0
 40
0.0
 40
0.125
 40
0.125
 40
0.2499999999999999
 40
0.2499999999999999
 40
0.3749999999999999
 40
0.3749999999999999
 40
0.4999999999999999
 40
0.4999999999999999
 40
0.6249999999999999
 40
0.6249999999999999
 40
0.7499999999999998
 40
0.7499999999999998
 40
0.8749999999999998
 40
0.8749999999999998
 40
0.9374999999999999
 40
0.9374999999999999
 40
1.0
 40
1.0
 40
1.0
 40
1.0
 10
58.53619754839579
 20
123.381950858681
 30
0.0
 10
58.36056180646909
 20
123.381950858681
 30
0.0
 10
58.19032505223279
 20
123.3694764832128
 30
0.0
 10
57.85916698450814
 20
123.3230093808028
 30
0.0
 10
57.69957923979667
 20
123.2889096406566
 30
0.0
 10
57.40470092973909
 20
123.2065071718251
 30
0.0
 10
57.2659777773236
 20
123.1573275742773
 30
0.0
 10
57.01428063485997
 20
123.0500399726639
 30
0.0
 10
56.9000584039844
 20
122.9916695520239
 30
0.0
 10
56.69234595407405
 20
122.8665056057358
 30
0.0
 10
56.59874722537858
 20
122.7993572919384
 30
0.0
 10
56.43773456543553
 20
122.6610536450622
 30
0.0
 10
56.36942907141621
 20
122.5894260546458
 30
0.0
 10
56.25759683523839
 20
122.4411424555886
 30
0.0
 10
56.21427671154842
 20
122.3643552243431
 30
0.0
 10
56.17085425623574
 20
122.2485940564649
 30
0.0
 10
56.15987192189806
 20
122.2097744045461
 30
0.0
 10
56.1451017674628
 20
122.1316555562561
 30
0.0
 10
56.1413197648863
 20
122.0918425912519
 30
0.0
 10
56.14131976488632
 20
122.0529123249872
 30
0.0
  0
LINE
  5
11D
330
1F
100
AcDbEntity
  8
0
  6
Continuous
 62
     7
370
    25
100
AcDbLine
 10
56.1413197649
 20
116.7305264545
 30
0.0
 11
56.1413197649
 21
122.052912325
 31
0.0
  0
LINE
  5
11E
330
1F
100
AcDbEntity
  8
0
  6
Continuous
 62
     7
370
    25
100
AcDbLine
 10
63.3259531154
 20
123.3819508587
 30
0.0
 11
58.5361975484
 21
123.3819508587
 31
0.0
  0
SPLINE
  5
11F
330
1F
100
AcDbEntity
  8
0
  6
Continuous
 62
     7
370
    25
100
AcDbSpline
210
0.0
220
0.0
230
1.0
 70
     8
 71
     3
 72
    24
 73
    20
 74
     0
 42
0.00000001
 43
0.00000001
 40
0.0
 40
0.0
 40
0.0
 40
0.0
 40
0.1250000000000001
 40
0.1250000000000001
 40
0.2500000000000002
 40
0.2500000000000002
 40
0.3750000000000002
 40
0.3750000000000002
 40
0.5000000000000003
 40
0.5000000000000003
 40
0.6250000000000004
 40
0.6250000000000004
 40
0.7500000000000004
 40
0.7500000000000004
 40
0.8750000000000006
 40
0.8750000000000006
 40
0.9375000000000003
 40
0.9375000000000003
 40
1.0
 40
1.0
 40
1.0
 40
1.0
 10
58.53619754839579
 20
128.7117281043051
 30
0.0
 10
58.36086113578744
 20
128.7117281043051
 30
0.0
 10
58.19084380245346
 20
128.6997452076309
 30
0.0
 10
57.86001858702096
 20
128.6550148613662
 30
0.0
 10
57.70043126713212
 20
128.6221393916495
 30
0.0
 10
57.40550619785647
 20
128.5425273367972
 30
0.0
 10
57.26668125225796
 20
128.494932237393
 30
0.0
 10
57.01472810617231
 20
128.3908969785913
 30
0.0
 10
56.90040707916442
 20
128.3342301523502
 30
0.0
 10
56.69254595351943
 20
128.2125882140344
 30
0.0
 10
56.59886670689651
 20
128.1472468613314
 30
0.0
 10
56.43775109997664
 20
128.0125539200587
 30
0.0
 10
56.36942559261006
 20
127.9427501273107
 30
0.0
 10
56.25758011490741
 20
127.7981605257392
 30
0.0
 10
56.21426086388107
 20
127.7232369902843
 30
0.0
 10
56.17084454359892
 20
127.6102309474078
 30
0.0
 10
56.15986499939422
 20
127.5723265829125
 30
0.0
 10
56.14509947859481
 20
127.496033492422
 30
0.0
 10
56.14131976488631
 20
127.4571417207459
 30
0.0
 10
56.14131976488632
 20
127.4191137626525
 30
0.0
  0
LINE
  5
120
330
1F
100
AcDbEntity
  8
0
  6
Continuous
 62
     7
370
    25
100
AcDbLine
 10
56.1413197649
 20
122.052912325
 30
0.0
 11
56.1413197649
 21
127.4191137627
 31
0.0
  0
SPLINE
  5
121
330
1F
100
AcDbEntity
  8
0
  6
Continuous
 62
     7
370
    25
100
AcDbSpline
210
0.0
220
0.0
230
1.0
 70
     8
 71
     3
 72
    24
 73
    20
 74
     0
 42
0.00000001
 43
0.00000001
 40
0.0
 40
0.0
 40
0.0
 40
0.0
 40
0.125
 40
0.125
 40
0.2500000000000001
 40
0.2500000000000001
 40
0.3750000000000001
 40
0.3750000000000001
 40
0.5000000000000001
 40
0.5000000000000001
 40
0.6250000000000001
 40
0.6250000000000001
 40
0.7499999999999999
 40
0.7499999999999999
 40
0.8749999999999998
 40
0.8749999999999998
 40
0.9374999999999999
 40
0.9374999999999999
 40
1.0
 40
1.0
 40
1.0
 40
1.0
 10
63.32595311541475
 20
128.7117281043051
 30
0.0
 10
63.5012895280231
 20
128.7117281043051
 30
0.0
 10
63.6713068613571
 20
128.6997452076309
 30
0.0
 10
64.0021320767896
 20
128.6550148613662
 30
0.0
 10
64.16171939667842
 20
128.6221393916495
 30
0.0
 10
64.45664446595407
 20
128.5425273367972
 30
0.0
 10
64.59546941155259
 20
128.494932237393
 30
0.0
 10
64.84742255763823
 20
128.3908969785913
 30
0.0
 10
64.96174358464611
 20
128.3342301523502
 30
0.0
 10
65.16960471029111
 20
128.2125882140344
 30
0.0
 10
65.26328395691402
 20
128.1472468613314
 30
0.0
 10
65.42439956383389
 20
128.0125539200587
 30
0.0
 10
65.4927250712005
 20
127.9427501273107
 30
0.0
 10
65.60457054890314
 20
127.7981605257392
 30
0.0
 10
65.64788979992947
 20
127.7232369902843
 30
0.0
 10
65.6913061202116
 20
127.6102309474078
 30
0.0
 10
65.70228566441631
 20
127.5723265829125
 30
0.0
 10
65.71705118521572
 20
127.496033492422
 30
0.0
 10
65.72083089892422
 20
127.4571417207459
 30
0.0
 10
65.72083089892423
 20
127.4191137626525
 30
0.0
  0
LINE
  5
122
330
1F
100
AcDbEntity
  8
0
  6
Continuous
 62
     7
370
    25
100
AcDbLine
 10
65.7208308989
 20
127.4191137627
 30
0.0
 11
65.7208308989
 21
122.052912325
 31
0.0
  0
LINE
  5
123
330
1F
100
AcDbEntity
  8
0
  6
Continuous
 62
     7
370
    25
100
AcDbLine
 10
63.3259531154
 20
128.7117281043
 30
0.0
 11
58.5361975484
 21
128.7117281043
 31
0.0
  0
ELLIPSE
  5
124
330
1F
100
AcDbEntity
  8
0
  6
Continuous
 62
     7
370
    25
100
AcDbEllipse
 10
63.3259531154
 20
162.5187091983
 30
0.0
 11
2.394877783509471
 21
0.0
 31
0.0
210
0.0
220
0.0
230
1.0
 40
0.0717239086
 41
4.712388980384691
 42
6.283185307179586
  0
LINE
  5
125
330
1F
100
AcDbEntity
  8
0
  6
Continuous
 62
     7
370
    25
100
AcDbLine
 10
65.7208308989
 20
189.6165349646
 30
0.0
 11
65.7208308989
 21
162.5187091983
 31
0.0
  0
ELLIPSE
  5
126
330
1F
100
AcDbEntity
  8
0
  6
Continuous
 62
     7
370
    25
100
AcDbEllipse
 10
58.5361975484
 20
162.5187091983
 30
0.0
 11
2.394877783509479
 21
0.0
 31
0.0
210
0.0
220
0.0
230
1.0
 40
0.0717239086
 41
3.141592653589791
 42
4.712388980384691
  0
LINE
  5
127
330
1F
100
AcDbEntity
  8
0
  6
Continuous
 62
     7
370
    25
100
AcDbLine
 10
56.1413197649
 20
162.5187091983
 30
0.0
 11
56.1413197649
 21
190.7255923576
 31
0.0
  0
LINE
  5
128
330
1F
100
AcDbEntity
  8
0
  6
Continuous
 62
     7
370
    25
100
AcDbLine
 10
63.3259531154
 20
162.346939203
 30
0.0
 11
58.5361975484
 21
162.346939203
 31
0.0
  0
SPLINE
  5
129
330
1F
100
AcDbEntity
  8
0
  6
Continuous
 62
     7
370
    25
100
AcDbSpline
210
0.0
220
0.0
230
1.0
 70
     8
 71
     3
 72
    24
 73
    20
 74
     0
 42
0.00000001
 43
0.00000001
 40
0.0
 40
0.0
 40
0.0
 40
0.0
 40
0.1249999999999998
 40
0.1249999999999998
 40
0.2499999999999995
 40
0.2499999999999995
 40
0.3749999999999992
 40
0.3749999999999992
 40
0.499999999999999
 40
0.499999999999999
 40
0.6249999999999988
 40
0.6249999999999988
 40
0.7499999999999984
 40
0.7499999999999984
 40
0.8749999999999982
 40
0.8749999999999982
 40
0.9374999999999991
 40
0.9374999999999991
 40
1.0
 40
1.0
 40
1.0
 40
1.0
 10
58.53619754839579
 20
134.1185167303751
 30
0.0
 10
58.36011935871889
 20
134.1185167303751
 30
0.0
 10
58.18953462755421
 20
134.1058176039205
 30
0.0
 10
57.85781127585756
 20
134.0586050145188
 30
0.0
 10
57.69816075713209
 20
134.0240154746657
 30
0.0
 10
57.4032420104601
 20
133.9405945745546
 30
0.0
 10
57.26461801972791
 20
133.8908922800639
 30
0.0
 10
57.01322898121845
 20
133.7826795937805
 30
0.0
 10
56.89914554382356
 20
133.7238694375581
 30
0.0
 10
56.69167608325555
 20
133.5978876155057
 30
0.0
 10
56.59823479774138
 20
133.5303963383517
 30
0.0
 10
56.43746228074337
 20
133.391494219373
 30
0.0
 10
56.36923591237382
 20
133.3195975863649
 30
0.0
 10
56.25751340417651
 20
133.1708289249989
 30
0.0
 10
56.21424189497773
 20
133.0938589408828
 30
0.0
 10
56.17084748377996
 20
132.9778408373713
 30
0.0
 10
56.15986887808924
 20
132.9389386612198
 30
0.0
 10
56.14510182550908
 20
132.8606596875505
 30
0.0
 10
56.14131976488632
 20
132.8207642835166
 30
0.0
 10
56.14131976488632
 20
132.7817725014912
 30
0.0
  0
LINE
  5
12A
330
1F
100
AcDbEntity
  8
0
  6
Continuous
 62
     7
370
    25
100
AcDbLine
 10
56.1413197649
 20
127.4191137627
 30
0.0
 11
56.1413197649
 21
132.7817725015
 31
0.0
  0
SPLINE
  5
12B
330
1F
100
AcDbEntity
  8
0
  6
Continuous
 62
     7
370
    25
100
AcDbSpline
210
0.0
220
0.0
230
1.0
 70
     8
 71
     3
 72
    24
 73
    20
 74
     0
 42
0.00000001
 43
0.00000001
 40
0.0
 40
0.0
 40
0.0
 40
0.0
 40
0.1249999999999998
 40
0.1249999999999998
 40
0.2499999999999995
 40
0.2499999999999995
 40
0.3749999999999992
 40
0.3749999999999992
 40
0.499999999999999
 40
0.499999999999999
 40
0.6249999999999988
 40
0.6249999999999988
 40
0.7499999999999984
 40
0.7499999999999984
 40
0.8749999999999982
 40
0.8749999999999982
 40
0.9374999999999991
 40
0.9374999999999991
 40
1.0
 40
1.0
 40
1.0
 40
1.0
 10
63.32595311541475
 20
134.1185167303751
 30
0.0
 10
63.50203130509166
 20
134.1185167303751
 30
0.0
 10
63.67261603625633
 20
134.1058176039205
 30
0.0
 10
64.004339387953
 20
134.0586050145188
 30
0.0
 10
64.16398990667845
 20
134.0240154746657
 30
0.0
 10
64.45890865335043
 20
133.9405945745546
 30
0.0
 10
64.59753264408263
 20
133.8908922800639
 30
0.0
 10
64.84892168259209
 20
133.7826795937805
 30
0.0
 10
64.96300511998699
 20
133.7238694375581
 30
0.0
 10
65.170474580555
 20
133.5978876155057
 30
0.0
 10
65.26391586606917
 20
133.5303963383517
 30
0.0
 10
65.42468838306716
 20
133.391494219373
 30
0.0
 10
65.49291475143671
 20
133.3195975863649
 30
0.0
 10
65.60463725963403
 20
133.1708289249989
 30
0.0
 10
65.64790876883282
 20
133.0938589408828
 30
0.0
 10
65.69130318003059
 20
132.9778408373713
 30
0.0
 10
65.7022817857213
 20
132.9389386612198
 30
0.0
 10
65.71704883830145
 20
132.8606596875505
 30
0.0
 10
65.72083089892423
 20
132.8207642835166
 30
0.0
 10
65.72083089892423
 20
132.7817725014912
 30
0.0
  0
LINE
  5
12C
330
1F
100
AcDbEntity
  8
0
  6
Continuous
 62
     7
370
    25
100
AcDbLine
 10
65.7208308989
 20
132.7817725015
 30
0.0
 11
65.7208308989
 21
127.4191137627
 31
0.0
  0
LINE
  5
12D
330
1F
100
AcDbEntity
  8
0
  6
Continuous
 62
     7
370
    25
100
AcDbLine
 10
63.3259531154
 20
134.1185167304
 30
0.0
 11
58.5361975484
 21
134.1185167304
 31
0.0
  0
SPLINE
  5
12E
330
1F
100
AcDbEntity
  8
0
  6
Continuous
 62
     7
370
    25
100
AcDbSpline
210
0.0
220
0.0
230
1.0
 70
     8
 71
     3
 72
    24
 73
    20
 74
     0
 42
0.00000001
 43
0.00000001
 40
0.0
 40
0.0
 40
0.0
 40
0.0
 40
0.125
 40
0.125
 40
0.25
 40
0.25
 40
0.375
 40
0.375
 40
0.5
 40
0.5
 40
0.625
 40
0.625
 40
0.75
 40
0.75
 40
0.875
 40
0.875
 40
0.9375
 40
0.9375
 40
1.0
 40
1.0
 40
1.0
 40
1.0
 10
63.32595311541475
 20
139.4328908077483
 30
0.0
 10
63.50145762986926
 20
139.4328908077483
 30
0.0
 10
63.67160023826794
 20
139.4207061299016
 30
0.0
 10
64.00261857464251
 20
139.3752580352087
 30
0.0
 10
64.1622113822732
 20
139.3418771825576
 30
0.0
 10
64.457118253188
 20
139.2610973938072
 30
0.0
 10
64.59589022320749
 20
139.212832979918
 30
0.0
 10
64.84770259836519
 20
139.1074013494145
 30
0.0
 10
64.96196746068195
 20
139.0499893402181
 30
0.0
 10
65.16974109116843
 20
138.9267702077705
 30
0.0
 10
65.26337113015116
 20
138.8606042319537
 30
0.0
 10
65.42442036088556
 20
138.7242254455377
 30
0.0
 10
65.49273039803738
 20
138.6535507085667
 30
0.0
 10
65.60456174068301
 20
138.50715877139
 30
0.0
 10
65.6478785887008
 20
138.4313091303086
 30
0.0
 10
65.69129888114115
 20
138.3169001175123
 30
0.0
 10
65.7022806272244
 20
138.2785243202136
 30
0.0
 10
65.71704981220884
 20
138.201280578794
 30
0.0
 10
65.72083089892423
 20
138.1619021074054
 30
0.0
 10
65.72083089892423
 20
138.1234012019362
 30
0.0
  0
LINE
  5
12F
330
1F
100
AcDbEntity
  8
0
  6
Continuous
 62
     7
370
    25
100
AcDbLine
 10
65.7208308989
 20
138.1234012019
 30
0.0
 11
65.7208308989
 21
132.7817725015
 31
0.0
  0
SPLINE
  5
130
330
1F
100
AcDbEntity
  8
0
  6
Continuous
 62
     7
370
    25
100
AcDbSpline
210
0.0
220
0.0
230
1.0
 70
     8
 71
     3
 72
    24
 73
    20
 74
     0
 42
0.00000001
 43
0.00000001
 40
0.0
 40
0.0
 40
0.0
 40
0.0
 40
0.125
 40
0.125
 40
0.25
 40
0.25
 40
0.375
 40
0.375
 40
0.5
 40
0.5
 40
0.625
 40
0.625
 40
0.75
 40
0.75
 40
0.875
 40
0.875
 40
0.9375
 40
0.9375
 40
1.0
 40
1.0
 40
1.0
 40
1.0
 10
58.53619754839579
 20
139.4328908077483
 30
0.0
 10
58.36069303394129
 20
139.4328908077483
 30
0.0
 10
58.1905504255426
 20
139.4207061299016
 30
0.0
 10
57.85953208916804
 20
139.3752580352087
 30
0.0
 10
57.69993928153735
 20
139.3418771825576
 30
0.0
 10
57.40503241062253
 20
139.2610973938072
 30
0.0
 10
57.26626044060304
 20
139.212832979918
 30
0.0
 10
57.01444806544536
 20
139.1074013494145
 30
0.0
 10
56.90018320312859
 20
139.0499893402181
 30
0.0
 10
56.6924095726421
 20
138.9267702077705
 30
0.0
 10
56.59877953365939
 20
138.8606042319537
 30
0.0
 10
56.43773030292497
 20
138.7242254455377
 30
0.0
 10
56.36942026577317
 20
138.6535507085667
 30
0.0
 10
56.25758892312753
 20
138.50715877139
 30
0.0
 10
56.21427207510975
 20
138.4313091303086
 30
0.0
 10
56.17085178266939
 20
138.3169001175123
 30
0.0
 10
56.15987003658615
 20
138.2785243202136
 30
0.0
 10
56.14510085160171
 20
138.201280578794
 30
0.0
 10
56.14131976488631
 20
138.1619021074054
 30
0.0
 10
56.14131976488632
 20
138.1234012019362
 30
0.0
  0
LINE
  5
131
330
1F
100
AcDbEntity
  8
0
  6
Continuous
 62
     7
370
    25
100
AcDbLine
 10
56.1413197649
 20
132.7817725015
 30
0.0
 11
56.1413197649
 21
138.1234012019
 31
0.0
  0
LINE
  5
132
330
1F
100
AcDbEntity
  8
0
  6
Continuous
 62
     7
370
    25
100
AcDbLine
 10
63.3259531154
 20
139.4328908077
 30
0.0
 11
58.5361975484
 21
139.4328908077
 31
0.0
  0
SPLINE
  5
133
330
1F
100
AcDbEntity
  8
0
  6
Continuous
 62
     7
370
    25
100
AcDbSpline
210
0.0
220
0.0
230
1.0
 70
     8
 71
     3
 72
    24
 73
    20
 74
     0
 42
0.00000001
 43
0.00000001
 40
0.0
 40
0.0
 40
0.0
 40
0.0
 40
0.1250000000000001
 40
0.1250000000000001
 40
0.2500000000000002
 40
0.2500000000000002
 40
0.3750000000000003
 40
0.3750000000000003
 40
0.5000000000000004
 40
0.5000000000000004
 40
0.6250000000000006
 40
0.6250000000000006
 40
0.7500000000000007
 40
0.7500000000000007
 40
0.8750000000000008
 40
0.8750000000000008
 40
0.9375000000000003
 40
0.9375000000000003
 40
1.0
 40
1.0
 40
1.0
 40
1.0
 10
58.53619754839579
 20
144.8088730973165
 30
0.0
 10
58.36065655891516
 20
144.8088730973165
 30
0.0
 10
58.19045528679207
 20
144.79656220928
 30
0.0
 10
57.85929752267693
 20
144.7506157474959
 30
0.0
 10
57.69961662778289
 20
144.7168580598843
 30
0.0
 10
57.40456389274026
 20
144.635139047938
 30
0.0
 10
57.26572552563972
 20
144.586300407971
 30
0.0
 10
57.01384486474896
 20
144.4796138576988
 30
0.0
 10
56.89957743045412
 20
144.4215201741666
 30
0.0
 10
56.69184180198222
 20
144.2968566200203
 30
0.0
 10
56.59826415660338
 20
144.2299314618261
 30
0.0
 10
56.43733715167464
 20
144.0920230655156
 30
0.0
 10
56.36909343421649
 20
144.0205686574064
 30
0.0
 10
56.25738636884446
 20
143.8725903052252
 30
0.0
 10
56.21414286019903
 20
143.7959562389713
 30
0.0
 10
56.17079802969968
 20
143.6803925497612
 30
0.0
 10
56.15983616667378
 20
143.6416333658226
 30
0.0
 10
56.14509404956561
 20
143.5636254908663
 30
0.0
 10
56.14131976488632
 20
143.5238646521946
 30
0.0
 10
56.14131976488632
 20
143.484980898118
 30
0.0
  0
LINE
  5
134
330
1F
100
AcDbEntity
  8
0
  6
Continuous
 62
     7
370
    25
100
AcDbLine
 10
56.1413197649
 20
138.1234012019
 30
0.0
 11
56.1413197649
 21
143.4849808981
 31
0.0
  0
SPLINE
  5
135
330
1F
100
AcDbEntity
  8
0
  6
Continuous
 62
     7
370
    25
100
AcDbSpline
210
0.0
220
0.0
230
1.0
 70
     8
 71
     3
 72
    24
 73
    20
 74
     0
 42
0.00000001
 43
0.00000001
 40
0.0
 40
0.0
 40
0.0
 40
0.0
 40
0.1250000000000001
 40
0.1250000000000001
 40
0.2500000000000002
 40
0.2500000000000002
 40
0.3750000000000003
 40
0.3750000000000003
 40
0.5000000000000004
 40
0.5000000000000004
 40
0.6250000000000006
 40
0.6250000000000006
 40
0.7500000000000007
 40
0.7500000000000007
 40
0.8750000000000008
 40
0.8750000000000008
 40
0.9375000000000003
 40
0.9375000000000003
 40
1.0
 40
1.0
 40
1.0
 40
1.0
 10
63.32595311541475
 20
144.8088730973165
 30
0.0
 10
63.50149410489536
 20
144.8088730973165
 30
0.0
 10
63.67169537701847
 20
144.79656220928
 30
0.0
 10
64.00285314113361
 20
144.7506157474959
 30
0.0
 10
64.16253403602767
 20
144.7168580598843
 30
0.0
 10
64.45758677107028
 20
144.635139047938
 30
0.0
 10
64.59642513817084
 20
144.586300407971
 30
0.0
 10
64.84830579906159
 20
144.4796138576988
 30
0.0
 10
64.96257323335642
 20
144.4215201741666
 30
0.0
 10
65.17030886182833
 20
144.2968566200203
 30
0.0
 10
65.26388650720716
 20
144.2299314618261
 30
0.0
 10
65.4248135121359
 20
144.0920230655156
 30
0.0
 10
65.49305722959406
 20
144.0205686574064
 30
0.0
 10
65.60476429496609
 20
143.8725903052252
 30
0.0
 10
65.6480078036115
 20
143.7959562389713
 30
0.0
 10
65.69135263411086
 20
143.6803925497612
 30
0.0
 10
65.70231449713677
 20
143.6416333658226
 30
0.0
 10
65.71705661424492
 20
143.5636254908663
 30
0.0
 10
65.72083089892422
 20
143.5238646521946
 30
0.0
 10
65.72083089892423
 20
143.484980898118
 30
0.0
  0
LINE
  5
136
330
1F
100
AcDbEntity
  8
0
  6
Continuous
 62
     7
370
    25
100
AcDbLine
 10
65.7208308989
 20
143.4849808981
 30
0.0
 11
65.7208308989
 21
138.1234012019
 31
0.0
  0
LINE
  5
137
330
1F
100
AcDbEntity
  8
0
  6
Continuous
 62
     7
370
    25
100
AcDbLine
 10
63.3259531154
 20
144.8088730973
 30
0.0
 11
58.5361975484
 21
144.8088730973
 31
0.0
  0
SPLINE
  5
138
330
1F
100
AcDbEntity
  8
0
  6
Continuous
 62
     7
370
    25
100
AcDbSpline
210
0.0
220
0.0
230
1.0
 70
     8
 71
     3
 72
    24
 73
    20
 74
     0
 42
0.00000001
 43
0.00000001
 40
0.0
 40
0.0
 40
0.0
 40
0.0
 40
0.1249999999999999
 40
0.1249999999999999
 40
0.2499999999999997
 40
0.2499999999999997
 40
0.3749999999999996
 40
0.3749999999999996
 40
0.4999999999999994
 40
0.4999999999999994
 40
0.6249999999999993
 40
0.6249999999999993
 40
0.7499999999999991
 40
0.7499999999999991
 40
0.874999999999999
 40
0.874999999999999
 40
0.9374999999999996
 40
0.9374999999999996
 40
1.0
 40
1.0
 40
1.0
 40
1.0
 10
63.32595311541475
 20
150.1232382530751
 30
0.0
 10
63.49926500739215
 20
150.1232382530751
 30
0.0
 10
63.66776107737692
 20
150.1123303116054
 30
0.0
 10
63.99623205038016
 20
150.0711664387159
 30
0.0
 10
64.15570826361578
 20
150.0406557884427
 30
0.0
 10
64.4508599958496
 20
149.965960754353
 30
0.0
 10
64.59025217211767
 20
149.9209425988738
 30
0.0
 10
64.84401717566108
 20
149.8214525647152
 30
0.0
 10
64.95905273340163
 20
149.7669852219449
 30
0.0
 10
65.16800804317683
 20
149.6495717383272
 30
0.0
 10
65.2622711279887
 20
149.5861404135386
 30
0.0
 10
65.42420154503844
 20
149.4549523152185
 30
0.0
 10
65.49270369455174
 20
149.3868294707231
 30
0.0
 10
65.6046925163813
 20
149.2455075493976
 30
0.0
 10
65.64802463943991
 20
149.1720950134198
 30
0.0
 10
65.6913914371606
 20
149.0612692589241
 30
0.0
 10
65.70234548761059
 20
149.024080902636
 30
0.0
 10
65.71706864971358
 20
148.9492016357527
 30
0.0
 10
65.72083089892423
 20
148.9110227822381
 30
0.0
 10
65.72083089892423
 20
148.873676129473
 30
0.0
  0
LINE
  5
139
330
1F
100
AcDbEntity
  8
0
  6
Continuous
 62
     7
370
    25
100
AcDbLine
 10
65.7208308989
 20
148.8736761295
 30
0.0
 11
65.7208308989
 21
143.4849808981
 31
0.0
  0
SPLINE
  5
13A
330
1F
100
AcDbEntity
  8
0
  6
Continuous
 62
     7
370
    25
100
AcDbSpline
210
0.0
220
0.0
230
1.0
 70
     8
 71
     3
 72
    24
 73
    20
 74
     0
 42
0.00000001
 43
0.00000001
 40
0.0
 40
0.0
 40
0.0
 40
0.0
 40
0.1249999999999999
 40
0.1249999999999999
 40
0.2499999999999997
 40
0.2499999999999997
 40
0.3749999999999996
 40
0.3749999999999996
 40
0.4999999999999994
 40
0.4999999999999994
 40
0.6249999999999993
 40
0.6249999999999993
 40
0.7499999999999991
 40
0.7499999999999991
 40
0.874999999999999
 40
0.874999999999999
 40
0.9374999999999996
 40
0.9374999999999996
 40
1.0
 40
1.0
 40
1.0
 40
1.0
 10
58.53619754839579
 20
150.1232382530751
 30
0.0
 10
58.36288565641838
 20
150.1232382530751
 30
0.0
 10
58.19438958643362
 20
150.1123303116054
 30
0.0
 10
57.8659186134304
 20
150.0711664387159
 30
0.0
 10
57.70644240019477
 20
150.0406557884427
 30
0.0
 10
57.41129066796094
 20
149.965960754353
 30
0.0
 10
57.27189849169289
 20
149.9209425988738
 30
0.0
 10
57.01813348814946
 20
149.8214525647152
 30
0.0
 10
56.90309793040889
 20
149.7669852219449
 30
0.0
 10
56.69414262063369
 20
149.6495717383272
 30
0.0
 10
56.59987953582183
 20
149.5861404135386
 30
0.0
 10
56.4379491187721
 20
149.4549523152185
 30
0.0
 10
56.36944696925882
 20
149.3868294707231
 30
0.0
 10
56.25745814742922
 20
149.2455075493976
 30
0.0
 10
56.21412602437062
 20
149.1720950134198
 30
0.0
 10
56.17075922664995
 20
149.0612692589241
 30
0.0
 10
56.15980517619995
 20
149.024080902636
 30
0.0
 10
56.14508201409696
 20
148.9492016357527
 30
0.0
 10
56.14131976488631
 20
148.9110227822381
 30
0.0
 10
56.14131976488632
 20
148.873676129473
 30
0.0
  0
LINE
  5
13B
330
1F
100
AcDbEntity
  8
0
  6
Continuous
 62
     7
370
    25
100
AcDbLine
 10
56.1413197649
 20
143.4849808981
 30
0.0
 11
56.1413197649
 21
148.8736761295
 31
0.0
  0
LINE
  5
13C
330
1F
100
AcDbEntity
  8
0
  6
Continuous
 62
     7
370
    25
100
AcDbLine
 10
63.3259531154
 20
150.1232382531
 30
0.0
 11
58.5361975484
 21
150.1232382531
 31
0.0
  0
SPLINE
  5
13D
330
1F
100
AcDbEntity
  8
0
  6
Continuous
 62
     7
370
    25
100
AcDbSpline
210
0.0
220
0.0
230
1.0
 70
     8
 71
     3
 72
    24
 73
    20
 74
     0
 42
0.00000001
 43
0.00000001
 40
0.0
 40
0.0
 40
0.0
 40
0.0
 40
0.1249999999999998
 40
0.1249999999999998
 40
0.2499999999999996
 40
0.2499999999999996
 40
0.3749999999999994
 40
0.3749999999999994
 40
0.4999999999999992
 40
0.4999999999999992
 40
0.624999999999999
 40
0.624999999999999
 40
0.7499999999999989
 40
0.7499999999999989
 40
0.8749999999999987
 40
0.8749999999999987
 40
0.9374999999999993
 40
0.9374999999999993
 40
1.0
 40
1.0
 40
1.0
 40
1.0
 10
63.32595311541475
 20
155.4376123304477
 30
0.0
 10
63.49852293224133
 20
155.4376123304477
 30
0.0
 10
63.6664102208651
 20
155.4259204473717
 30
0.0
 10
63.99386036149235
 20
155.3818062504377
 30
0.0
 10
64.15314120645508
 20
155.3490791546685
 30
0.0
 10
64.44813709716212
 20
155.269016707598
 30
0.0
 10
64.58757714105549
 20
155.2208027092488
 30
0.0
 10
64.84187869850551
 20
155.1142606620271
 30
0.0
 10
64.9571637577655
 20
155.0560283340785
 30
0.0
 10
65.1665664975831
 20
154.9307872205181
 30
0.0
 10
65.2611031196008
 20
154.8632164963961
 30
0.0
 10
65.42352446355373
 20
154.723716208033
 30
0.0
 10
65.49219660223993
 20
154.6514405453971
 30
0.0
 10
65.60443441460565
 20
154.5018333596808
 30
0.0
 10
65.64788137845251
 20
154.4242199960728
 30
0.0
 10
65.69134342706148
 20
154.3072698752684
 30
0.0
 10
65.7023173947859
 20
154.2680643542442
 30
0.0
 10
65.71706468164057
 20
154.1891943102755
 30
0.0
 10
65.72083089892422
 20
154.1490184808365
 30
0.0
 10
65.72083089892423
 20
154.1097501720262
 30
0.0
  0
LINE
  5
13E
330
1F
100
AcDbEntity
  8
0
  6
Continuous
 62
     7
370
    25
100
AcDbLine
 10
65.7208308989
 20
154.109750172
 30
0.0
 11
65.7208308989
 21
148.8736761295
 31
0.0
  0
SPLINE
  5
13F
330
1F
100
AcDbEntity
  8
0
  6
Continuous
 62
     7
370
    25
100
AcDbSpline
210
0.0
220
0.0
230
1.0
 70
     8
 71
     3
 72
    24
 73
    20
 74
     0
 42
0.00000001
 43
0.00000001
 40
0.0
 40
0.0
 40
0.0
 40
0.0
 40
0.1249999999999998
 40
0.1249999999999998
 40
0.2499999999999996
 40
0.2499999999999996
 40
0.3749999999999994
 40
0.3749999999999994
 40
0.4999999999999992
 40
0.4999999999999992
 40
0.624999999999999
 40
0.624999999999999
 40
0.7499999999999989
 40
0.7499999999999989
 40
0.8749999999999987
 40
0.8749999999999987
 40
0.9374999999999993
 40
0.9374999999999993
 40
1.0
 40
1.0
 40
1.0
 40
1.0
 10
58.53619754839579
 20
155.4376123304477
 30
0.0
 10
58.36362773156921
 20
155.4376123304477
 30
0.0
 10
58.19574044294544
 20
155.4259204473717
 30
0.0
 10
57.86829030231819
 20
155.3818062504377
 30
0.0
 10
57.70900945735548
 20
155.3490791546685
 30
0.0
 10
57.41401356664842
 20
155.269016707598
 30
0.0
 10
57.27457352275503
 20
155.2208027092488
 30
0.0
 10
57.02027196530503
 20
155.1142606620271
 30
0.0
 10
56.90498690604505
 20
155.0560283340785
 30
0.0
 10
56.69558416622744
 20
154.9307872205181
 30
0.0
 10
56.60104754420976
 20
154.8632164963961
 30
0.0
 10
56.43862620025681
 20
154.723716208033
 30
0.0
 10
56.3699540615706
 20
154.6514405453971
 30
0.0
 10
56.2577162492049
 20
154.5018333596808
 30
0.0
 10
56.21426928535804
 20
154.4242199960728
 30
0.0
 10
56.17080723674906
 20
154.3072698752684
 30
0.0
 10
56.15983326902465
 20
154.2680643542442
 30
0.0
 10
56.14508598216997
 20
154.1891943102755
 30
0.0
 10
56.14131976488631
 20
154.1490184808365
 30
0.0
 10
56.14131976488632
 20
154.1097501720262
 30
0.0
  0
LINE
  5
140
330
1F
100
AcDbEntity
  8
0
  6
Continuous
 62
     7
370
    25
100
AcDbLine
 10
56.1413197649
 20
148.8736761295
 30
0.0
 11
56.1413197649
 21
154.109750172
 31
0.0
  0
LINE
  5
141
330
1F
100
AcDbEntity
  8
0
  6
Continuous
 62
     7
370
    25
100
AcDbLine
 10
63.3259531154
 20
155.4376123304
 30
0.0
 11
58.5361975484
 21
155.4376123304
 31
0.0
  0
SPLINE
  5
142
330
1F
100
AcDbEntity
  8
0
  6
Continuous
 62
     7
370
    25
100
AcDbSpline
210
0.0
220
0.0
230
1.0
 70
     8
 71
     3
 72
    20
 73
    16
 74
     0
 42
0.00000001
 43
0.00000001
 40
0.0
 40
0.0
 40
0.0
 40
0.0
 40
0.1249999999999999
 40
0.1249999999999999
 40
0.2499999999999998
 40
0.2499999999999998
 40
0.3749999999999997
 40
0.3749999999999997
 40
0.4999999999999996
 40
0.4999999999999996
 40
0.6249999999999994
 40
0.6249999999999994
 40
0.7499999999999993
 40
0.7499999999999993
 40
1.0
 40
1.0
 40
1.0
 40
1.0
 10
63.32595311541475
 20
160.4747204576929
 30
0.0
 10
63.48897909821005
 20
160.4747204576929
 30
0.0
 10
63.64890756000325
 20
160.4725207271921
 30
0.0
 10
63.96289777133783
 20
160.4637166896856
 30
0.0
 10
64.11856326729381
 20
160.4569802926949
 30
0.0
 10
64.4116484935419
 20
160.4390055792921
 30
0.0
 10
64.55009248114142
 20
160.4277909825281
 30
0.0
 10
64.81121320030387
 20
160.4002206574824
 30
0.0
 10
64.9319297163754
 20
160.3840058874169
 30
0.0
 10
65.14883383524469
 20
160.3470867998619
 30
0.0
 10
65.24676816460173
 20
160.326073464857
 30
0.0
 10
65.41623048018451
 20
160.2796093213322
 30
0.0
 10
65.4871963329969
 20
160.2544209685278
 30
0.0
 10
65.66023057404892
 20
160.1726987334505
 30
0.0
 10
65.72083089892422
 20
160.1092081140447
 30
0.0
 10
65.72083089892423
 20
160.0433469008072
 30
0.0
  0
LINE
  5
143
330
1F
100
AcDbEntity
  8
0
  6
Continuous
 62
     7
370
    25
100
AcDbLine
 10
65.7208308989
 20
160.0433469008
 30
0.0
 11
65.7208308989
 21
154.109750172
 31
0.0
  0
SPLINE
  5
144
330
1F
100
AcDbEntity
  8
0
  6
Continuous
 62
     7
370
    25
100
AcDbSpline
210
0.0
220
0.0
230
1.0
 70
     8
 71
     3
 72
    20
 73
    16
 74
     0
 42
0.00000001
 43
0.00000001
 40
0.0
 40
0.0
 40
0.0
 40
0.0
 40
0.1249999999999997
 40
0.1249999999999997
 40
0.2499999999999994
 40
0.2499999999999994
 40
0.3749999999999991
 40
0.3749999999999991
 40
0.4999999999999988
 40
0.4999999999999988
 40
0.6249999999999984
 40
0.6249999999999984
 40
0.7499999999999982
 40
0.7499999999999982
 40
1.0
 40
1.0
 40
1.0
 40
1.0
 10
58.53619754839579
 20
160.474720457692
 30
0.0
 10
58.37317156560048
 20
160.474720457692
 30
0.0
 10
58.21324310380736
 20
160.4725207271912
 30
0.0
 10
57.89925289247277
 20
160.4637166896848
 30
0.0
 10
57.74358739651678
 20
160.456980292694
 30
0.0
 10
57.45050217026868
 20
160.4390055792913
 30
0.0
 10
57.31205818266915
 20
160.4277909825272
 30
0.0
 10
57.05093746350671
 20
160.4002206574815
 30
0.0
 10
56.93022094743519
 20
160.384005887416
 30
0.0
 10
56.71331682856589
 20
160.3470867998609
 30
0.0
 10
56.61538249920883
 20
160.326073464856
 30
0.0
 10
56.44592018362604
 20
160.2796093213312
 30
0.0
 10
56.37495433081366
 20
160.2544209685268
 30
0.0
 10
56.20192008976163
 20
160.1726987334495
 30
0.0
 10
56.14131976488632
 20
160.1092081140462
 30
0.0
 10
56.14131976488632
 20
160.0433469008061
 30
0.0
  0
LINE
  5
145
330
1F
100
AcDbEntity
  8
0
  6
Continuous
 62
     7
370
    25
100
AcDbLine
 10
56.1413197649
 20
154.109750172
 30
0.0
 11
56.1413197649
 21
160.0433469008
 31
0.0
  0
LINE
  5
146
330
1F
100
AcDbEntity
  8
0
  6
Continuous
 62
     7
370
    25
100
AcDbLine
 10
63.3259531154
 20
160.4747204577
 30
0.0
 11
58.5361975484
 21
160.4747204577
 31
0.0
  0
LINE
  5
147
330
1F
100
AcDbEntity
  8
0
  6
Continuous
 62
     7
370
    25
100
AcDbLine
 10
65.7208308989
 20
162.5187091983
 30
0.0
 11
65.7208308989
 21
160.0433469008
 31
0.0
  0
LINE
  5
148
330
1F
100
AcDbEntity
  8
0
  6
Continuous
 62
     7
370
    25
100
AcDbLine
 10
56.1413197649
 20
160.0433469008
 30
0.0
 11
56.1413197649
 21
162.5187091983
 31
0.0
  0
SPLINE
  5
149
330
1F
100
AcDbEntity
  8
0
  6
HIDDEN
 62
     7
370
    18
100
AcDbSpline
210
0.0
220
0.0
230
1.0
 70
     8
 71
     3
 72
     9
 73
     5
 74
     0
 42
0.00000001
 43
0.00000001
 40
0.0
 40
0.0
 40
0.0
 40
0.0
 40
0.9654155361452567
 40
1.0
 40
1.0
 40
1.0
 40
1.0
 10
65.27492296747835
 20
206.9968379877845
 30
0.0
 10
65.18822110187894
 20
207.1051187956487
 30
0.0
 10
65.09841328094248
 20
207.2172785898617
 30
0.0
 10
65.07365953682832
 20
207.2423845351441
 30
0.0
 10
65.07280344185972
 20
207.2432528108012
 30
0.0
  0
SPLINE
  5
14A
330
1F
100
AcDbEntity
  8
0
  6
HIDDEN
 62
     7
370
    18
100
AcDbSpline
210
0.0
220
0.0
230
1.0
 70
     8
 71
     3
 72
     9
 73
     5
 74
     0
 42
0.00000001
 43
0.00000001
 40
0.0
 40
0.0
 40
0.0
 40
0.0
 40
0.3300766631505175
 40
1.0
 40
1.0
 40
1.0
 40
1.0
 10
65.03905565516195
 20
189.0528823916108
 30
0.0
 10
65.04778230304277
 20
189.0607458355572
 30
0.0
 10
65.07422054862344
 20
189.0845689191744
 30
0.0
 10
65.19440715505358
 20
189.2338438742796
 30
0.0
 10
65.27492296747788
 20
189.3338466503118
 30
0.0
  0
LINE
  5
14B
330
1F
100
AcDbEntity
  8
0
  6
HIDDEN
 62
     7
370
    18
100
AcDbLine
 10
94.1741177136
 20
190.7255923576
 30
0.0
 11
94.0216435163
 21
190.7255923576
 31
0.0
  0
SPLINE
  5
14C
330
1F
100
AcDbEntity
  8
0
  6
HIDDEN
 62
     7
370
    18
100
AcDbSpline
210
0.0
220
0.0
230
1.0
 70
     8
 71
     3
 72
     9
 73
     5
 74
     0
 42
0.00000001
 43
0.00000001
 40
0.0
 40
0.0
 40
0.0
 40
0.0
 40
0.7441290048778259
 40
1.0
 40
1.0
 40
1.0
 40
1.0
 10
109.3178183109589
 20
191.4300130360292
 30
0.0
 10
109.3912072608695
 20
191.5055059309776
 30
0.0
 10
109.4898312218086
 20
191.6069572847799
 30
0.0
 10
109.5051863643514
 20
191.6293707122621
 30
0.0
 10
109.5091152999541
 20
191.6351056582561
 30
0.0
  0
SPLINE
  5
14D
330
1F
100
AcDbEntity
  8
0
  6
HIDDEN
 62
     7
370
    18
100
AcDbSpline
210
0.0
220
0.0
230
1.0
 70
     8
 71
     3
 72
    14
 73
    10
 74
     0
 42
0.00000001
 43
0.00000001
 40
0.0
 40
0.0
 40
0.0
 40
0.0
 40
0.0779338989763034
 40
0.185457324702256
 40
0.2889207374844355
 40
0.3883947345819646
 40
0.4839587518720516
 40
0.7832893776883342
 40
1.0
 40
1.0
 40
1.0
 40
1.0
 10
65.28903694983347
 20
206.9761864710752
 30
0.0
 10
65.30125162644548
 20
206.9586949497697
 30
0.0
 10
65.33031858288321
 20
206.9170708197199
 30
0.0
 10
65.37831977365263
 20
206.8406382539222
 30
0.0
 10
65.43104936486397
 20
206.748649496474
 30
0.0
 10
65.48273988946504
 20
206.6487927887701
 30
0.0
 10
65.56677692855712
 20
206.4595612645489
 30
0.0
 10
65.67591541378418
 20
206.1946443827228
 30
0.0
 10
65.70754718976046
 20
205.7794517166494
 30
0.0
 10
65.72083089892423
 20
205.6050922805182
 30
0.0
  0
SPLINE
  5
14E
330
1F
100
AcDbEntity
  8
0
  6
HIDDEN
 62
     7
370
    18
100
AcDbSpline
210
0.0
220
0.0
230
1.0
 70
     8
 71
     3
 72
    10
 73
     6
 74
     0
 42
0.00000001
 43
0.00000001
 40
0.0
 40
0.0
 40
0.0
 40
0.0
 40
0.3148622936065297
 40
0.7491607941690289
 40
1.0
 40
1.0
 40
1.0
 40
1.0
 10
65.72083089892423
 20
190.725592357579
 30
0.0
 10
65.70743020568493
 20
190.5512362543979
 30
0.0
 10
65.6755455558128
 20
190.1363858281014
 30
0.0
 10
65.55295176067986
 20
189.8278467113633
 30
0.0
 10
65.47231915669677
 20
189.6707363521082
 30
0.0
 10
65.44279834918834
 20
189.6132158896148
 30
0.0
  0
LINE
  5
14F
330
1F
100
AcDbEntity
  8
0
  6
HIDDEN
 62
     7
370
    18
100
AcDbLine
 10
65.3007617633
 20
189.3744671696
 30
0.0
 11
65.290012462
 21
189.3577141151
 31
0.0
  0
LINE
  5
150
330
1F
100
AcDbEntity
  8
0
  6
HIDDEN
 62
     7
370
    18
100
AcDbLine
 10
65.7208308989
 20
205.6050922805
 30
0.0
 11
65.7208308989
 21
203.210214497
 31
0.0
  0
LINE
  5
151
330
1F
100
AcDbEntity
  8
0
  6
HIDDEN
 62
     7
370
    18
100
AcDbLine
 10
65.7208308989
 20
193.1204701411
 30
0.0
 11
65.7208308989
 21
190.7255923576
 31
0.0
  0
LINE
  5
152
330
1F
100
AcDbEntity
  8
0
  6
HIDDEN
 62
     7
370
    18
100
AcDbLine
 10
65.7208308989
 20
203.210214497
 30
0.0
 11
65.7208308989
 21
193.1204701411
 31
0.0
  0
ARC
  5
153
330
1F
100
AcDbEntity
  8
0
  6
HIDDEN
 62
     7
370
    18
100
AcDbCircle
 10
63.3259573324
 20
205.5123716831
 30
0.0
 40
2.394873566521621
100
AcDbArc
 50
0.0001008891
 51
90.0001008888
  0
ARC
  5
154
330
1F
100
AcDbEntity
  8
0
  6
HIDDEN
 62
     7
370
    18
100
AcDbCircle
 10
58.5361933314
 20
205.5123716831
 30
0.0
 40
2.394873566524087
100
AcDbArc
 50
89.9998991113
 51
179.9998991109
  0
LINE
  5
155
330
1F
100
AcDbEntity
  8
0
  6
HIDDEN
 62
     7
370
    18
100
AcDbLine
 10
65.7208308989
 20
190.7255923576
 30
0.0
 11
65.7208308989
 21
189.6165349646
 31
0.0
  0
SPLINE
  5
156
330
1F
100
AcDbEntity
  8
0
  6
HIDDEN
 62
     7
370
    18
100
AcDbSpline
210
0.0
220
0.0
230
1.0
 70
     8
 71
     3
 72
    22
 73
    18
 74
     0
 42
0.00000001
 43
0.00000001
 40
0.0
 40
0.0
 40
0.0
 40
0.0
 40
0.125
 40
0.125
 40
0.25
 40
0.25
 40
0.375
 40
0.375
 40
0.5
 40
0.5
 40
0.625
 40
0.625
 40
0.75
 40
0.75
 40
0.875
 40
0.875
 40
1.0
 40
1.0
 40
1.0
 40
1.0
 10
58.53619754839579
 20
112.5549260636139
 30
0.0
 10
58.37786424023695
 20
112.5549260636139
 30
0.0
 10
58.22218499820802
 20
112.5611202959146
 30
0.0
 10
57.9159166182512
 20
112.5853710426881
 30
0.0
 10
57.76373415249779
 20
112.6037239560084
 30
0.0
 10
57.47364317286535
 20
112.6515584523069
 30
0.0
 10
57.33607279465479
 20
112.6808052891839
 30
0.0
 10
57.07574475481852
 20
112.7497776688175
 30
0.0
 10
56.95255310658813
 20
112.789853834563
 30
0.0
 10
56.73178748063246
 20
112.8771733993894
 30
0.0
 10
56.63273234375789
 20
112.924726486923
 30
0.0
 10
56.45781059196644
 20
113.0276740595945
 30
0.0
 10
56.38355970785936
 20
113.0822922464672
 30
0.0
 10
56.26426401422655
 20
113.1948607641693
 30
0.0
 10
56.2183634300019
 20
113.2535596842255
 30
0.0
 10
56.15675906005924
 20
113.3735662149075
 30
0.0
 10
56.14131976488631
 20
113.4347918651016
 30
0.0
 10
56.14131976488632
 20
113.4947438376936
 30
0.0
  0
SPLINE
  5
157
330
1F
100
AcDbEntity
  8
0
  6
HIDDEN
 62
     7
370
    18
100
AcDbSpline
210
0.0
220
0.0
230
1.0
 70
     8
 71
     3
 72
    22
 73
    18
 74
     0
 42
0.00000001
 43
0.00000001
 40
0.0
 40
0.0
 40
0.0
 40
0.0
 40
0.125
 40
0.125
 40
0.25
 40
0.25
 40
0.375
 40
0.375
 40
0.5
 40
0.5
 40
0.625
 40
0.625
 40
0.75
 40
0.75
 40
0.875
 40
0.875
 40
1.0
 40
1.0
 40
1.0
 40
1.0
 10
63.32595311541475
 20
112.5549260636114
 30
0.0
 10
63.48428642357359
 20
112.5549260636114
 30
0.0
 10
63.63996566560252
 20
112.5611202959121
 30
0.0
 10
63.94623404555936
 20
112.5853710426857
 30
0.0
 10
64.09841651131276
 20
112.603723956006
 30
0.0
 10
64.3885074909452
 20
112.6515584523044
 30
0.0
 10
64.52607786915576
 20
112.6808052891814
 30
0.0
 10
64.78640590899201
 20
112.7497776688151
 30
0.0
 10
64.90959755722241
 20
112.7898538345606
 30
0.0
 10
65.13036318317808
 20
112.8771733993871
 30
0.0
 10
65.22941832005264
 20
112.9247264869206
 30
0.0
 10
65.40434007184409
 20
113.0276740595923
 30
0.0
 10
65.47859095595118
 20
113.0822922464649
 30
0.0
 10
65.597886649584
 20
113.1948607641671
 30
0.0
 10
65.64378723380864
 20
113.2535596842233
 30
0.0
 10
65.70539160375131
 20
113.3735662149054
 30
0.0
 10
65.72083089892422
 20
113.4347918651015
 30
0.0
 10
65.72083089892423
 20
113.4947438376916
 30
0.0
  0
LINE
  5
158
330
1F
100
AcDbEntity
  8
0
  6
HIDDEN
 62
     7
370
    18
100
AcDbLine
 10
63.3259531154
 20
112.5549260636
 30
0.0
 11
58.5361975484
 21
112.5549260636
 31
0.0
  0
LINE
  5
159
330
1F
100
AcDbEntity
  8
0
  6
HIDDEN
 62
     7
370
    18
100
AcDbLine
 10
60.9310753319
 20
183.8616561997
 30
0.0
 11
60.9310753319
 21
179.0719006326
 31
0.0
  0
LINE
  5
15A
330
1F
100
AcDbEntity
  8
0
  6
HIDDEN
 62
     7
370
    18
100
AcDbLine
 10
60.9310753319
 20
179.0719006326
 30
0.0
 11
60.9310753319
 21
174.2821450656
 31
0.0
  0
LINE
  5
15B
330
1F
100
AcDbEntity
  8
0
  6
HIDDEN
 62
     7
370
    18
100
AcDbLine
 10
60.9310753319
 20
179.0719006326
 30
0.0
 11
56.1413197649
 21
179.0719006326
 31
0.0
  0
LINE
  5
15C
330
1F
100
AcDbEntity
  8
0
  6
HIDDEN
 62
     7
370
    18
100
AcDbLine
 10
60.9310753319
 20
183.8616561997
 30
0.0
 11
56.1413197649
 21
183.8616561997
 31
0.0
  0
LINE
  5
15D
330
1F
100
AcDbEntity
  8
0
  6
HIDDEN
 62
     7
370
    18
100
AcDbLine
 10
60.9310753319
 20
174.2821450656
 30
0.0
 11
56.1413197649
 21
174.2821450656
 31
0.0
  0
SPLINE
  5
15E
330
1F
100
AcDbEntity
  8
0
  6
HIDDEN
 62
     7
370
    18
100
AcDbSpline
210
0.0
220
0.0
230
1.0
 70
     8
 71
     3
 72
    12
 73
     8
 74
     0
 42
0.00000001
 43
0.00000001
 40
0.0
 40
0.0
 40
0.0
 40
0.0
 40
0.3524635882876698
 40
0.6414519071304775
 40
0.85729152068862
 40
0.9371773435440677
 40
1.0
 40
1.0
 40
1.0
 40
1.0
 10
65.28731531607154
 20
206.9790211105912
 30
0.0
 10
65.36450282965531
 20
206.860895570012
 30
0.0
 10
65.50497713520133
 20
206.6459177515841
 30
0.0
 10
65.68863513388607
 20
206.2090292462475
 30
0.0
 10
65.78485676059928
 20
205.8109391608529
 30
0.0
 10
65.81747287862018
 20
205.5037364570844
 30
0.0
 10
65.81977255060804
 20
205.3579840267477
 30
0.0
 10
65.82078490463178
 20
205.293821372203
 30
0.0
  0
SPLINE
  5
15F
330
1F
100
AcDbEntity
  8
0
  6
HIDDEN
 62
     7
370
    18
100
AcDbSpline
210
0.0
220
0.0
230
1.0
 70
     8
 71
     3
 72
    12
 73
     8
 74
     0
 42
0.00000001
 43
0.00000001
 40
0.0
 40
0.0
 40
0.0
 40
0.0
 40
0.0622903661857009
 40
0.1424992527053986
 40
0.3585887109549519
 40
0.6468480476081807
 40
1.0
 40
1.0
 40
1.0
 40
1.0
 10
65.82078490463178
 20
191.0368632658942
 30
0.0
 10
65.8197103597869
 20
190.9730670674361
 30
0.0
 10
65.81725216525746
 20
190.8271229806952
 30
0.0
 10
65.78505973790162
 20
190.5205896896023
 30
0.0
 10
65.6885763855166
 20
190.1204875748325
 30
0.0
 10
65.50409060437836
 20
189.6830415453198
 30
0.0
 10
65.36387907396143
 20
189.4687719755969
 30
0.0
 10
65.28668059529372
 20
189.3507981915706
 30
0.0
  0
LINE
  5
160
330
1F
100
AcDbEntity
  8
0
  6
HIDDEN
 62
     7
370
    18
100
AcDbLine
 10
60.9310753319
 20
175.7789436803
 30
0.0
 11
65.7208308989
 21
175.7789436803
 31
0.0
  0
LINE
  5
161
330
1F
100
AcDbEntity
  8
0
  6
HIDDEN
 62
     7
370
    18
100
AcDbLine
 10
65.7208308989
 20
182.364857585
 30
0.0
 11
60.9310753319
 21
182.364857585
 31
0.0
  0
LINE
  5
162
330
1F
100
AcDbEntity
  8
0
  6
Continuous
 62
     7
370
    25
100
AcDbLine
 10
252.1428415698
 20
88.2256634518
 30
0.0
 11
247.9422395612
 21
88.2256634518
 31
0.0
  0
LINE
  5
163
330
1F
100
AcDbEntity
  8
0
  6
Continuous
 62
     7
370
    25
100
AcDbLine
 10
247.9422395612
 20
78.6461523177
 30
0.0
 11
251.863593404
 21
78.6461523177
 31
0.0
  0
ARC
  5
164
330
1F
100
AcDbEntity
  8
0
  6
Continuous
 62
     7
370
    25
100
AcDbCircle
 10
247.9422395612
 20
81.0410301013
 30
0.0
 40
2.394877783509486
100
AcDbArc
 50
180.0
 51
270.0
  0
ARC
  5
165
330
1F
100
AcDbEntity
  8
0
  6
Continuous
 62
     7
370
    25
100
AcDbCircle
 10
247.9422395612
 20
85.8307856683
 30
0.0
 40
2.394877783509486
100
AcDbArc
 50
90.0
 51
180.0
  0
SPLINE
  5
166
330
1F
100
AcDbEntity
  8
0
  6
Continuous
 62
     7
370
    25
100
AcDbSpline
210
0.0
220
0.0
230
1.0
 70
     8
 71
     3
 72
    15
 73
    11
 74
     0
 42
0.00000001
 43
0.00000001
 40
0.0
 40
0.0
 40
0.0
 40
0.0
 40
0.0888478350866367
 40
0.178754821896541
 40
0.2707923473414711
 40
0.3719959560585271
 40
0.4918356600099926
 40
0.636666505513496
 40
0.8075633815417727
 40
1.0
 40
1.0
 40
1.0
 40
1.0
 10
251.8731625232231
 20
78.64614580159798
 30
0.0
 10
252.0784482575092
 20
78.64014920421998
 30
0.0
 10
252.4914669296516
 20
78.62808452425061
 30
0.0
 10
253.1146037282227
 20
78.52800999441233
 30
0.0
 10
253.7558313360004
 20
78.35466634659554
 30
0.0
 10
254.3708056636157
 20
78.11449388938688
 30
0.0
 10
254.922062238213
 20
77.84667562968761
 30
0.0
 10
255.4117254802248
 20
77.56097570343285
 30
0.0
 10
255.8493619907709
 20
77.2464071186277
 30
0.0
 10
256.0523884824604
 20
77.00152105502345
 30
0.0
 10
256.1599198059168
 20
76.8718191511179
 30
0.0
  0
SPLINE
  5
167
330
1F
100
AcDbEntity
  8
0
  6
Continuous
 62
     7
370
    25
100
AcDbSpline
210
0.0
220
0.0
230
1.0
 70
     8
 71
     3
 72
    11
 73
     7
 74
     0
 42
0.00000001
 43
0.00000001
 40
0.0
 40
0.0
 40
0.0
 40
0.0
 40
0.2475849540098902
 40
0.500052929298264
 40
0.7525042811383021
 40
1.0
 40
1.0
 40
1.0
 40
1.0
 10
256.4125731699756
 20
90.01568106603395
 30
0.0
 10
256.1217384567435
 20
89.75145916900001
 30
0.0
 10
255.5343330109038
 20
89.21780422972905
 30
0.0
 10
254.4713326137314
 20
88.65902725850047
 30
0.0
 10
253.3278176200213
 20
88.2926953117763
 30
0.0
 10
252.5352684449547
 20
88.24787256253238
 30
0.0
 10
252.1429218560626
 20
88.22568333652106
 30
0.0
  0
ARC
  5
168
330
1F
100
AcDbEntity
  8
0
  6
Continuous
 62
     7
370
    25
100
AcDbCircle
 10
258.1204701411
 20
88.3368235561
 30
0.0
 40
2.394877783509486
100
AcDbArc
 50
90.0
 51
142.5090329296
  0
ARC
  5
169
330
1F
100
AcDbEntity
  8
0
  6
Continuous
 62
     7
370
    25
100
AcDbCircle
 10
258.1204701411
 20
78.2472034542
 30
0.0
 40
2.394877783509481
100
AcDbArc
 50
215.0508006072
 51
270.0
  0
LINE
  5
16A
330
1F
100
AcDbEntity
  8
0
  6
Continuous
 62
     7
370
    25
100
AcDbLine
 10
270.6050922805
 20
88.3368235561
 30
0.0
 11
270.6050922805
 21
78.2472034542
 31
0.0
  0
ARC
  5
16B
330
1F
100
AcDbEntity
  8
0
  6
Continuous
 62
     7
370
    25
100
AcDbCircle
 10
268.210214497
 20
88.3368235561
 30
0.0
 40
2.394877783509486
100
AcDbArc
 50
0.0
 51
90.0
  0
ARC
  5
16C
330
1F
100
AcDbEntity
  8
0
  6
Continuous
 62
     7
370
    25
100
AcDbCircle
 10
268.210214497
 20
78.2472034542
 30
0.0
 40
2.394877783509457
100
AcDbArc
 50
270.0
 51
0.0
  0
LINE
  5
16D
330
1F
100
AcDbEntity
  8
0
  6
Continuous
 62
     7
370
    25
100
AcDbLine
 10
258.1204701411
 20
90.7317013397
 30
0.0
 11
268.210214497
 21
90.7317013397
 31
0.0
  0
LINE
  5
16E
330
1F
100
AcDbEntity
  8
0
  6
Continuous
 62
     7
370
    25
100
AcDbLine
 10
268.210214497
 20
75.8523256707
 30
0.0
 11
258.1204701411
 21
75.8523256707
 31
0.0
  0
LINE
  5
16F
330
1F
100
AcDbEntity
  8
0
  6
Continuous
 62
     7
370
    25
100
AcDbLine
 10
245.5473617777
 20
83.4359078848
 30
0.0
 11
245.5473617777
 21
85.8307856683
 31
0.0
  0
LINE
  5
170
330
1F
100
AcDbEntity
  8
0
  6
Continuous
 62
     7
370
    25
100
AcDbLine
 10
245.5473617777
 20
81.0410301013
 30
0.0
 11
245.5473617777
 21
83.4359078848
 31
0.0
  0
SPLINE
  5
171
330
1F
100
AcDbEntity
  8
0
  6
Continuous
 62
     7
370
    25
100
AcDbSpline
210
0.0
220
0.0
230
1.0
 70
     8
 71
     3
 72
    24
 73
    20
 74
     0
 42
0.00000001
 43
0.00000001
 40
0.0
 40
0.0
 40
0.0
 40
0.0
 40
0.1249999999999998
 40
0.1249999999999998
 40
0.2499999999999995
 40
0.2499999999999995
 40
0.3749999999999992
 40
0.3749999999999992
 40
0.499999999999999
 40
0.499999999999999
 40
0.6249999999999988
 40
0.6249999999999988
 40
0.7499999999999984
 40
0.7499999999999984
 40
0.8749999999999982
 40
0.8749999999999982
 40
0.9374999999999991
 40
0.9374999999999991
 40
1.0
 40
1.0
 40
1.0
 40
1.0
 10
199.1185167303751
 20
51.78814716376732
 30
0.0
 10
199.1185167303751
 20
51.78814716376732
 30
0.0
 10
199.1058176039205
 20
51.76325459551045
 30
0.0
 10
199.0586050145188
 20
51.67065494539806
 30
0.0
 10
199.0240154746657
 20
51.60279431150465
 30
0.0
 10
198.9405945745546
 20
51.43900451200948
 30
0.0
 10
198.8908922800639
 20
51.34136369373023
 30
0.0
 10
198.7826795937805
 20
51.12860954947525
 30
0.0
 10
198.7238694375581
 20
51.01290936448898
 30
0.0
 10
198.5978876155057
 20
50.76487817009041
 30
0.0
 10
198.5303963383517
 20
50.63191629392897
 30
0.0
 10
198.391494219373
 20
50.35809587742965
 30
0.0
 10
198.3195975863649
 20
50.2162819649905
 30
0.0
 10
198.1708289249989
 20
49.92268207260573
 30
0.0
 10
198.0938589408828
 20
49.77070148435232
 30
0.0
 10
197.9778408373713
 20
49.54151679418609
 30
0.0
 10
197.9389386612198
 20
49.46465201529318
 30
0.0
 10
197.8606596875505
 20
49.3099540193091
 30
0.0
 10
197.8207642835166
 20
49.23109487612144
 30
0.0
 10
197.7817725014912
 20
49.15400944118812
 30
0.0
  0
ARC
  5
172
330
1F
100
AcDbEntity
  8
0
  6
Continuous
 62
     7
370
    25
100
AcDbCircle
 10
203.065709987
 20
52.9613157162
 30
0.0
 40
4.117846410118477
100
AcDbArc
 50
196.5527857066
 51
289.3910356625
  0
SPLINE
  5
173
330
1F
100
AcDbEntity
  8
0
  6
Continuous
 62
     7
370
    25
100
AcDbSpline
210
0.0
220
0.0
230
1.0
 70
     8
 71
     3
 72
    24
 73
    20
 74
     0
 42
0.00000001
 43
0.00000001
 40
0.0
 40
0.0
 40
0.0
 40
0.0
 40
0.125
 40
0.125
 40
0.25
 40
0.25
 40
0.375
 40
0.375
 40
0.5
 40
0.5
 40
0.625
 40
0.625
 40
0.75
 40
0.75
 40
0.875
 40
0.875
 40
0.9375
 40
0.9375
 40
1.0
 40
1.0
 40
1.0
 40
1.0
 10
204.4328908077483
 20
49.07705572741455
 30
0.0
 10
204.4328908077483
 20
49.07705572741455
 30
0.0
 10
204.4207061299016
 20
49.05247802920116
 30
0.0
 10
204.3752580352087
 20
48.96085547866486
 30
0.0
 10
204.3418771825576
 20
48.89357787912744
 30
0.0
 10
204.2610973938072
 20
48.73088973893482
 30
0.0
 10
204.212832979918
 20
48.63373772531366
 30
0.0
 10
204.1074013494145
 20
48.42167265377618
 30
0.0
 10
204.0499893402181
 20
48.30626492000845
 30
0.0
 10
203.9267702077705
 20
48.05874471145288
 30
0.0
 10
203.8606042319537
 20
47.92591295527461
 30
0.0
 10
203.7242254455377
 20
47.65229069414313
 30
0.0
 10
203.6535507085667
 20
47.51057121934247
 30
0.0
 10
203.50715877139
 20
47.2171703961587
 30
0.0
 10
203.4313091303086
 20
47.06522485304901
 30
0.0
 10
203.3169001175123
 20
46.83613156432093
 30
0.0
 10
203.2785243202136
 20
46.75930326628412
 30
0.0
 10
203.201280578794
 20
46.60469029167618
 30
0.0
 10
203.1619021074054
 20
46.52588470953836
 30
0.0
 10
203.1234012019362
 20
46.44884704865418
 30
0.0
  0
SPLINE
  5
174
330
1F
100
AcDbEntity
  8
0
  6
Continuous
 62
     7
370
    25
100
AcDbSpline
210
0.0
220
0.0
230
1.0
 70
     8
 71
     3
 72
    24
 73
    20
 74
     0
 42
0.00000001
 43
0.00000001
 40
0.0
 40
0.0
 40
0.0
 40
0.0
 40
0.125
 40
0.125
 40
0.2500000000000001
 40
0.2500000000000001
 40
0.3750000000000001
 40
0.3750000000000001
 40
0.5000000000000001
 40
0.5000000000000001
 40
0.6250000000000001
 40
0.6250000000000001
 40
0.7499999999999999
 40
0.7499999999999999
 40
0.8749999999999998
 40
0.8749999999999998
 40
0.9374999999999999
 40
0.9374999999999999
 40
1.0
 40
1.0
 40
1.0
 40
1.0
 10
193.7117281043051
 20
54.43762592711717
 30
0.0
 10
193.7117281043051
 20
54.43762592711717
 30
0.0
 10
193.6997452076309
 20
54.41313208633974
 30
0.0
 10
193.6550148613662
 20
54.32174428298022
 30
0.0
 10
193.6221393916495
 20
54.2545922225141
 30
0.0
 10
193.5425273367972
 20
54.09207944865924
 30
0.0
 10
193.494932237393
 20
53.99496762249299
 30
0.0
 10
193.3908969785913
 20
53.7828360377174
 30
0.0
 10
193.3342301523502
 20
53.66735210742704
 30
0.0
 10
193.2125882140344
 20
53.41960183054025
 30
0.0
 10
193.1472468613314
 20
53.28659094476349
 30
0.0
 10
193.0125539200587
 20
53.01255080076491
 30
0.0
 10
192.9427501273107
 20
52.87059958340919
 30
0.0
 10
192.7981605257392
 20
52.57669686391829
 30
0.0
 10
192.7232369902843
 20
52.42446650712319
 30
0.0
 10
192.6102309474078
 20
52.19494413838997
 30
0.0
 10
192.5723265829125
 20
52.11797170361353
 30
0.0
 10
192.496033492422
 20
51.96306859858819
 30
0.0
 10
192.4571417207459
 20
51.88411741883315
 30
0.0
 10
192.4191137626525
 20
51.80693007325584
 30
0.0
  0
ARC
  5
175
330
1F
100
AcDbEntity
  8
0
  6
Continuous
 62
     7
370
    25
100
AcDbCircle
 10
197.716759277
 20
55.7691355653
 30
0.0
 40
4.220567806729944
100
AcDbArc
 50
198.3898635727
 51
289.3978249193
  0
SPLINE
  5
176
330
1F
100
AcDbEntity
  8
0
  6
Continuous
 62
     7
370
    25
100
AcDbSpline
210
0.0
220
0.0
230
1.0
 70
     8
 71
     3
 72
    24
 73
    20
 74
     0
 42
0.00000001
 43
0.00000001
 40
0.0
 40
0.0
 40
0.0
 40
0.0
 40
0.125
 40
0.125
 40
0.2499999999999999
 40
0.2499999999999999
 40
0.3749999999999999
 40
0.3749999999999999
 40
0.4999999999999999
 40
0.4999999999999999
 40
0.6249999999999999
 40
0.6249999999999999
 40
0.7499999999999998
 40
0.7499999999999998
 40
0.8749999999999998
 40
0.8749999999999998
 40
0.9374999999999999
 40
0.9374999999999999
 40
1.0
 40
1.0
 40
1.0
 40
1.0
 10
188.381950858681
 20
57.11791994858415
 30
0.0
 10
188.381950858681
 20
57.11791994858415
 30
0.0
 10
188.3694764832128
 20
57.0933313634343
 30
0.0
 10
188.3230093808028
 20
57.00172638765189
 30
0.0
 10
188.2889096406566
 20
56.93449805088153
 30
0.0
 10
188.2065071718251
 20
56.77201069350624
 30
0.0
 10
188.1573275742773
 20
56.67502221660672
 30
0.0
 10
188.0500399726639
 20
56.46339851583888
 30
0.0
 10
187.9916695520239
 20
56.3482462421248
 30
0.0
 10
187.8665056057358
 20
56.10128319187589
 30
0.0
 10
187.7993572919384
 20
55.96877199682559
 30
0.0
 10
187.6610536450623
 20
55.6958018968457
 30
0.0
 10
187.5894260546458
 20
55.55441142754634
 30
0.0
 10
187.4411424555886
 20
55.26166822951502
 30
0.0
 10
187.3643552243431
 20
55.1100561363173
 30
0.0
 10
187.2485940564649
 20
54.88146880648371
 30
0.0
 10
187.2097744045461
 20
54.80480993503595
 30
0.0
 10
187.1316555562561
 20
54.65053818974656
 30
0.0
 10
187.0918425912519
 20
54.57191047132937
 30
0.0
 10
187.0529123249872
 20
54.49502317180023
 30
0.0
  0
ARC
  5
177
330
1F
100
AcDbEntity
  8
0
  6
Continuous
 62
     7
370
    25
100
AcDbCircle
 10
192.3336405043
 20
58.3365828132
 30
0.0
 40
4.135334355623694
100
AcDbArc
 50
197.1392564896
 51
289.4659716574
  0
SPLINE
  5
178
330
1F
100
AcDbEntity
  8
0
  6
Continuous
 62
     7
370
    25
100
AcDbSpline
210
0.0
220
0.0
230
1.0
 70
     8
 71
     3
 72
    24
 73
    20
 74
     0
 42
0.00000001
 43
0.00000001
 40
0.0
 40
0.0
 40
0.0
 40
0.0
 40
0.1250000000000003
 40
0.1250000000000003
 40
0.2500000000000006
 40
0.2500000000000006
 40
0.3750000000000008
 40
0.3750000000000008
 40
0.5000000000000011
 40
0.5000000000000011
 40
0.6250000000000013
 40
0.6250000000000013
 40
0.7500000000000017
 40
0.7500000000000017
 40
0.875000000000002
 40
0.875000000000002
 40
0.937500000000001
 40
0.937500000000001
 40
1.0
 40
1.0
 40
1.0
 40
1.0
 10
183.052178073865
 20
59.81361267749332
 30
0.0
 10
183.052178073865
 20
59.81361267749332
 30
0.0
 10
183.039663966095
 20
59.78921992873222
 30
0.0
 10
182.9930247340918
 20
59.69810696167526
 30
0.0
 10
182.9587887700307
 20
59.63115434004023
 30
0.0
 10
182.8761074442534
 20
59.46897675481296
 30
0.0
 10
182.826779914385
 20
59.37201483990054
 30
0.0
 10
182.7193430693354
 20
59.16017604890039
 30
0.0
 10
182.6609709806636
 20
59.04479042503392
 30
0.0
 10
182.5360380314164
 20
58.79712328529936
 30
0.0
 10
182.469150501727
 20
58.66418762158347
 30
0.0
 10
182.3316602952018
 20
58.39023774649649
 30
0.0
 10
182.2605741351158
 20
58.24826928176907
 30
0.0
 10
182.1136540572248
 20
57.95421452167579
 30
0.0
 10
182.0377637135922
 20
57.80201021983795
 30
0.0
 10
181.9234724156134
 20
57.57237630159127
 30
0.0
 10
181.8851656851259
 20
57.49534315766515
 30
0.0
 10
181.8081149053866
 20
57.34027232793904
 30
0.0
 10
181.7688638867295
 20
57.26121007731959
 30
0.0
 10
181.7305264544761
 20
57.18393709988968
 30
0.0
  0
ARC
  5
179
330
1F
100
AcDbEntity
  8
0
  6
Continuous
 62
     7
370
    25
100
AcDbCircle
 10
187.0235633099
 20
61.0489027014
 30
0.0
 40
4.159067459879731
100
AcDbArc
 50
197.2781828587
 51
289.0630651285
  0
ARC
  5
17A
330
1F
100
AcDbEntity
  8
0
  6
Continuous
 62
     7
370
    25
100
AcDbCircle
 10
208.4450101735
 20
50.3698865457
 30
0.0
 40
4.21527144196625
100
AcDbArc
 50
197.8605701717
 51
288.8779205116
  0
SPLINE
  5
17B
330
1F
100
AcDbEntity
  8
0
  6
Continuous
 62
     7
370
    25
100
AcDbSpline
210
0.0
220
0.0
230
1.0
 70
     8
 71
     3
 72
    24
 73
    20
 74
     0
 42
0.00000001
 43
0.00000001
 40
0.0
 40
0.0
 40
0.0
 40
0.0
 40
0.1250000000000001
 40
0.1250000000000001
 40
0.2500000000000002
 40
0.2500000000000002
 40
0.3750000000000003
 40
0.3750000000000003
 40
0.5000000000000004
 40
0.5000000000000004
 40
0.6250000000000006
 40
0.6250000000000006
 40
0.7500000000000007
 40
0.7500000000000007
 40
0.8750000000000008
 40
0.8750000000000008
 40
0.9375000000000003
 40
0.9375000000000003
 40
1.0
 40
1.0
 40
1.0
 40
1.0
 10
209.8088730973165
 20
46.38135407689042
 30
0.0
 10
209.8088730973165
 20
46.38135407689042
 30
0.0
 10
209.79656220928
 20
46.35691288026197
 30
0.0
 10
209.7506157474959
 20
46.26572017580503
 30
0.0
 10
209.7168580598843
 20
46.19872836248497
 30
0.0
 10
209.635139047938
 20
46.03662004963562
 30
0.0
 10
209.586300407971
 20
45.93976402516719
 30
0.0
 10
209.4796138576988
 20
45.72826821663543
 30
0.0
 10
209.4215201741666
 20
45.61314001658788
 30
0.0
 10
209.2968566200203
 20
45.36617533720566
 30
0.0
 10
209.2299314618261
 20
45.23363584440061
 30
0.0
 10
209.0920230655156
 20
44.96060722590045
 30
0.0
 10
209.0205686574064
 20
44.8191841384343
 30
0.0
 10
208.8725903052252
 20
44.52638319582333
 30
0.0
 10
208.7959562389713
 20
44.37478809678785
 30
0.0
 10
208.6803925497612
 20
44.14623453688847
 30
0.0
 10
208.6416333658226
 20
44.0695876798202
 30
0.0
 10
208.5636254908663
 20
43.91534127556371
 30
0.0
 10
208.5238646521946
 20
43.83672956622411
 30
0.0
 10
208.484980898118
 20
43.75985817021201
 30
0.0
  0
ARC
  5
17C
330
1F
100
AcDbEntity
  8
0
  6
Continuous
 62
     7
370
    25
100
AcDbCircle
 10
213.8764208035
 20
47.6755544818
 30
0.0
 40
4.268477366687763
100
AcDbArc
 50
197.6498770983
 51
286.9836546479
  0
SPLINE
  5
17D
330
1F
100
AcDbEntity
  8
0
  6
Continuous
 62
     7
370
    25
100
AcDbSpline
210
0.0
220
0.0
230
1.0
 70
     8
 71
     3
 72
    24
 73
    20
 74
     0
 42
0.00000001
 43
0.00000001
 40
0.0
 40
0.0
 40
0.0
 40
0.0
 40
0.1249999999999999
 40
0.1249999999999999
 40
0.2499999999999997
 40
0.2499999999999997
 40
0.3749999999999996
 40
0.3749999999999996
 40
0.4999999999999994
 40
0.4999999999999994
 40
0.6249999999999993
 40
0.6249999999999993
 40
0.7499999999999991
 40
0.7499999999999991
 40
0.874999999999999
 40
0.874999999999999
 40
0.9374999999999996
 40
0.9374999999999996
 40
1.0
 40
1.0
 40
1.0
 40
1.0
 10
215.1232382530751
 20
43.59323341686111
 30
0.0
 10
215.1232382530751
 20
43.59323341686111
 30
0.0
 10
215.1123303116054
 20
43.57039756193166
 30
0.0
 10
215.0711664387159
 20
43.48434249805477
 30
0.0
 10
215.0406557884427
 20
43.42059981631233
 30
0.0
 10
214.965960754353
 20
43.26484853279236
 30
0.0
 10
214.9209425988738
 20
43.17110552746992
 30
0.0
 10
214.8214525647152
 20
42.96435352950516
 30
0.0
 10
214.7669852219449
 20
42.85134892972351
 30
0.0
 10
214.6495717383272
 20
42.60820766676458
 30
0.0
 10
214.5861404135386
 20
42.47707095486858
 30
0.0
 10
214.4549523152185
 20
42.20631040211925
 30
0.0
 10
214.3868294707231
 20
42.06592480020998
 30
0.0
 10
214.2455075493976
 20
41.77510730515574
 30
0.0
 10
214.1720950134198
 20
41.62423981247214
 30
0.0
 10
214.0612692589241
 20
41.39675588109338
 30
0.0
 10
214.024080902636
 20
41.32046585102013
 30
0.0
 10
213.9492016357527
 20
41.16693616947016
 30
0.0
 10
213.9110227822381
 20
41.08869885190013
 30
0.0
 10
213.873676129473
 20
41.01219989688171
 30
0.0
  0
SPLINE
  5
17E
330
1F
100
AcDbEntity
  8
0
  6
Continuous
 62
     7
370
    25
100
AcDbSpline
210
0.0
220
0.0
230
1.0
 70
     8
 71
     3
 72
    22
 73
    18
 74
     0
 42
0.00000001
 43
0.00000001
 40
0.0
 40
0.0
 40
0.0
 40
0.0
 40
0.125
 40
0.125
 40
0.2499999999999999
 40
0.2499999999999999
 40
0.3749999999999999
 40
0.3749999999999999
 40
0.4999999999999999
 40
0.4999999999999999
 40
0.6249999999999999
 40
0.6249999999999999
 40
0.7499999999999998
 40
0.7499999999999998
 40
0.8749999999999998
 40
0.8749999999999998
 40
1.0
 40
1.0
 40
1.0
 40
1.0
 10
178.1760488980252
 20
61.10271609866565
 30
0.0
 10
178.1760488980252
 20
61.10271609866565
 30
0.0
 10
178.1695409944578
 20
61.08294453046471
 30
0.0
 10
178.1449347793887
 20
61.00604704023154
 30
0.0
 10
178.1265543161672
 20
60.94794431020898
 30
0.0
 10
178.082037966758
 20
60.80058892736711
 30
0.0
 10
178.055623114765
 20
60.71038936932306
 30
0.0
 10
177.9982871969341
 20
60.50177133590086
 30
0.0
 10
177.9679359335198
 20
60.3854288560588
 30
0.0
 10
177.9065353489278
 20
60.13035482483578
 30
0.0
 10
177.8754022580167
 20
59.99097698250597
 30
0.0
 10
177.8168822987008
 20
59.70065603744676
 30
0.0
 10
177.7891807064748
 20
59.54854667819266
 30
0.0
 10
177.7386343939667
 20
59.23056617305288
 30
0.0
 10
177.7162829859494
 20
59.06758483547843
 30
0.0
 10
177.678916575859
 20
58.73797650039752
 30
0.0
 10
177.6637581305822
 20
58.56870928524747
 30
0.0
 10
177.6527542827393
 20
58.40103608881903
 30
0.0
  0
ARC
  5
17F
330
1F
100
AcDbEntity
  8
0
  6
Continuous
 62
     7
370
    25
100
AcDbCircle
 10
181.5974717921
 20
64.1777900194
 30
0.0
 40
4.60024067173119
100
AcDbArc
 50
221.9482683031
 51
288.4347184284
  0
ARC
  5
180
330
1F
100
AcDbEntity
  8
0
  6
Continuous
 62
     7
370
    25
100
AcDbCircle
 10
219.3700150809
 20
45.3032435846
 30
0.0
 40
4.578127149727766
100
AcDbArc
 50
201.9327089522
 51
283.4852594933
  0
SPLINE
  5
181
330
1F
100
AcDbEntity
  8
0
  6
Continuous
 62
     7
370
    25
100
AcDbSpline
210
0.0
220
0.0
230
1.0
 70
     8
 71
     3
 72
    24
 73
    20
 74
     0
 42
0.00000001
 43
0.00000001
 40
0.0
 40
0.0
 40
0.0
 40
0.0
 40
0.1249999999999998
 40
0.1249999999999998
 40
0.2499999999999996
 40
0.2499999999999996
 40
0.3749999999999994
 40
0.3749999999999994
 40
0.4999999999999992
 40
0.4999999999999992
 40
0.624999999999999
 40
0.624999999999999
 40
0.7499999999999989
 40
0.7499999999999989
 40
0.8749999999999987
 40
0.8749999999999987
 40
0.9374999999999993
 40
0.9374999999999993
 40
1.0
 40
1.0
 40
1.0
 40
1.0
 10
220.4376123304477
 20
40.85133564400738
 30
0.0
 10
220.4376123304477
 20
40.85133564400738
 30
0.0
 10
220.4259204473717
 20
40.82952009961034
 30
0.0
 10
220.3818062504377
 20
40.74707666030319
 30
0.0
 10
220.3490791546686
 20
40.68586949506219
 30
0.0
 10
220.269016707598
 20
40.53580375601553
 30
0.0
 10
220.2208027092488
 20
40.44529383070783
 30
0.0
 10
220.1142606620271
 20
40.24481949021159
 30
0.0
 10
220.0560283340785
 20
40.13504041580146
 30
0.0
 10
219.9307872205181
 20
39.89842110720784
 30
0.0
 10
219.8632164963961
 20
39.77051386202328
 30
0.0
 10
219.723716208033
 20
39.50593171176618
 30
0.0
 10
219.6514405453971
 20
39.3686075018312
 30
0.0
 10
219.5018333596808
 20
39.08388043351876
 30
0.0
 10
219.4242199960728
 20
38.93593688576536
 30
0.0
 10
219.3072698752684
 20
38.71270151116786
 30
0.0
 10
219.2680643542442
 20
38.63781542123855
 30
0.0
 10
219.1891943102755
 20
38.48707311482243
 30
0.0
 10
219.1490184808365
 20
38.41023641720115
 30
0.0
 10
219.1097501720262
 20
38.33509749143228
 30
0.0
  0
ARC
  5
182
330
1F
100
AcDbEntity
  8
0
  6
Continuous
 62
     7
370
    25
100
AcDbCircle
 10
224.3762158218
 20
42.2973708635
 30
0.0
 40
4.195666254335213
100
AcDbArc
 50
200.1604151328
 51
285.1780154084
  0
SPLINE
  5
183
330
1F
100
AcDbEntity
  8
0
  6
Continuous
 62
     7
370
    25
100
AcDbSpline
210
0.0
220
0.0
230
1.0
 70
     8
 71
     3
 72
    20
 73
    16
 74
     0
 42
0.00000001
 43
0.00000001
 40
0.0
 40
0.0
 40
0.0
 40
0.0
 40
0.1249999999999999
 40
0.1249999999999999
 40
0.2499999999999998
 40
0.2499999999999998
 40
0.3749999999999997
 40
0.3749999999999997
 40
0.4999999999999996
 40
0.4999999999999996
 40
0.6249999999999994
 40
0.6249999999999994
 40
0.7499999999999993
 40
0.7499999999999993
 40
1.0
 40
1.0
 40
1.0
 40
1.0
 10
225.4747204576929
 20
38.24806192460183
 30
0.0
 10
225.4747204576929
 20
38.24806192460183
 30
0.0
 10
225.4725207271921
 20
38.23038333485385
 30
0.0
 10
225.4637166896856
 20
38.16157348703104
 30
0.0
 10
225.4569802926949
 20
38.10948399279069
 30
0.0
 10
225.4390055792921
 20
37.97611135850141
 30
0.0
 10
225.4277909825281
 20
37.89500204794307
 30
0.0
 10
225.4002206574824
 20
37.70481535209766
 30
0.0
 10
225.3840058874169
 20
37.59683581125714
 30
0.0
 10
225.3470867998619
 20
37.36222946170271
 30
0.0
 10
225.326073464857
 20
37.23366243866834
 30
0.0
 10
225.2796093213322
 20
36.961635182844
 30
0.0
 10
225.2544209685278
 20
36.8196195462011
 30
0.0
 10
225.1726987334505
 20
36.37627990358074
 30
0.0
 10
225.1092081140447
 20
36.05508849735857
 30
0.0
 10
225.0433469008072
 20
35.74067910330525
 30
0.0
  0
SPLINE
  5
184
330
1F
100
AcDbEntity
  8
0
  6
Continuous
 62
     7
370
    25
100
AcDbSpline
210
0.0
220
0.0
230
1.0
 70
     8
 71
     3
 72
    22
 73
    18
 74
     0
 42
0.00000001
 43
0.00000001
 40
0.0
 40
0.0
 40
0.0
 40
0.0
 40
0.125
 40
0.125
 40
0.25
 40
0.25
 40
0.375
 40
0.375
 40
0.5
 40
0.5
 40
0.625
 40
0.625
 40
0.75
 40
0.75
 40
0.875
 40
0.875
 40
1.0
 40
1.0
 40
1.0
 40
1.0
 10
173.0
 20
55.09849598674101
 30
0.0
 10
173.0
 20
55.09849598674101
 30
0.0
 10
173.0155171448573
 20
55.09803031893216
 30
0.0
 10
173.0763148320506
 20
55.09619621577266
 30
0.0
 10
173.1223330496553
 20
55.09480545036804
 30
0.0
 10
173.2424704631779
 20
55.09114248178895
 30
0.0
 10
173.3159858877864
 20
55.08888883735801
 30
0.0
 10
173.4896633713316
 20
55.08349906248274
 30
0.0
 10
173.5907475313167
 20
55.08033316374359
 30
0.0
 10
173.8115458981015
 20
55.07330797385949
 30
0.0
 10
173.9320172134492
 20
55.06942610417111
 30
0.0
 10
174.193576331329
 20
55.06083327286669
 30
0.0
 10
174.3328449696286
 20
55.05618019424212
 30
0.0
 10
174.6207436220614
 20
55.04634237333011
 30
0.0
 10
174.7712760734563
 20
55.041093249293
 30
0.0
 10
175.080617705549
 20
55.03001929025387
 30
0.0
 10
175.2390508068628
 20
55.0241909899767
 30
0.0
 10
175.3948777835095
 20
55.01831874965374
 30
0.0
  0
ARC
  5
185
330
1F
100
AcDbEntity
  8
0
  6
Continuous
 62
     7
370
    25
100
AcDbCircle
 10
179.5260222386
 20
54.7057822789
 30
0.0
 40
6.537827644971589
100
AcDbArc
 50
101.9165329244
 51
176.556288672
  0
LINE
  5
186
330
1F
100
AcDbEntity
  8
0
  6
Continuous
 62
     7
370
    25
100
AcDbLine
 10
225.4747204577
 20
38.2480619246
 30
0.0
 11
227.346939203
 21
37.1892268164
 31
0.0
  0
LINE
  5
187
330
1F
100
AcDbEntity
  8
0
  6
Continuous
 62
     7
370
    25
100
AcDbLine
 10
227.346939203
 20
37.1892268164
 30
0.0
 11
227.5187091983
 21
34.3407355803
 31
0.0
  0
LINE
  5
188
330
1F
100
AcDbEntity
  8
0
  6
Continuous
 62
     7
370
    25
100
AcDbLine
 10
224.8464494469
 20
18.1967948096
 30
0.0
 11
177.5549260636
 21
42.3653975867
 31
0.0
  0
SPLINE
  5
189
330
1F
100
AcDbEntity
  8
0
  6
Continuous
 62
     7
370
    25
100
AcDbSpline
210
0.0
220
0.0
230
1.0
 70
     8
 71
     3
 72
    22
 73
    18
 74
     0
 42
0.00000001
 43
0.00000001
 40
0.0
 40
0.0
 40
0.0
 40
0.0
 40
0.125
 40
0.125
 40
0.25
 40
0.25
 40
0.375
 40
0.375
 40
0.5
 40
0.5
 40
0.625
 40
0.625
 40
0.75
 40
0.75
 40
0.875
 40
0.875
 40
1.0
 40
1.0
 40
1.0
 40
1.0
 10
177.5549260636114
 20
42.36539758672076
 30
0.0
 10
177.5549260636114
 20
42.36539758672076
 30
0.0
 10
177.5611202959121
 20
42.3796919966762
 30
0.0
 10
177.5853710426857
 20
42.43570287193921
 30
0.0
 10
177.603723956006
 20
42.47810433823337
 30
0.0
 10
177.6515584523044
 20
42.58877764202133
 30
0.0
 10
177.6808052891814
 20
42.65650564222017
 30
0.0
 10
177.7497776688151
 20
42.81655195669051
 30
0.0
 10
177.7898538345606
 20
42.90968965379331
 30
0.0
 10
177.8771733993871
 20
43.11316280612785
 30
0.0
 10
177.9247264869207
 20
43.2242125468251
 30
0.0
 10
178.0276740595923
 20
43.46543173626605
 30
0.0
 10
178.0822922464649
 20
43.59379115521514
 30
0.0
 10
178.1948607641671
 20
43.85940656790144
 30
0.0
 10
178.2535596842233
 20
43.99842703250565
 30
0.0
 10
178.3735662149054
 20
44.28403312514164
 30
0.0
 10
178.4347918651015
 20
44.43048416549952
 30
0.0
 10
178.4947438376917
 20
44.57459827905968
 30
0.0
  0
ARC
  5
18A
330
1F
100
AcDbEntity
  8
0
  6
Continuous
 62
     7
370
    25
100
AcDbCircle
 10
179.9417206575
 20
49.0036215935
 30
0.0
 40
7.054275752871664
100
AcDbArc
 50
190.2488029402
 51
250.2237902323
  0
SPLINE
  5
18B
330
1F
100
AcDbEntity
  8
0
  6
Continuous
 62
     7
370
    25
100
AcDbSpline
210
0.0
220
0.0
230
1.0
 70
     8
 71
     3
 72
    20
 73
    16
 74
     0
 42
0.00000001
 43
0.00000001
 40
0.0
 40
0.0
 40
0.0
 40
0.0
 40
0.1250000000000001
 40
0.1250000000000001
 40
0.2500000000000003
 40
0.2500000000000003
 40
0.3750000000000004
 40
0.3750000000000004
 40
0.5000000000000006
 40
0.5000000000000006
 40
0.7500000000000009
 40
0.7500000000000009
 40
0.8750000000000004
 40
0.8750000000000004
 40
1.0
 40
1.0
 40
1.0
 40
1.0
 10
173.0
 20
47.74850378584488
 30
0.0
 10
173.0
 20
47.74850378584488
 30
0.0
 10
173.0155860379391
 20
47.74989926393395
 30
0.0
 10
173.0766422520411
 20
47.75539272680638
 30
0.0
 10
173.1228662081617
 20
47.75955878264698
 30
0.0
 10
173.2434154723903
 20
47.77051356519197
 30
0.0
 10
173.3171656571468
 20
47.77724961410571
 30
0.0
 10
173.4913553486299
 20
47.79334213934055
 30
0.0
 10
173.5926406993333
 20
47.80278001647763
 30
0.0
 10
173.9242615740956
 20
47.83413581614191
 30
0.0
 10
174.1913021533331
 20
47.85994785346186
 30
0.0
 10
174.6226387102735
 20
47.90350387555366
 30
0.0
 10
174.7730979555333
 20
47.9189823703333
 30
0.0
 10
175.0815293049008
 20
47.9514755938732
 30
0.0
 10
175.2395414373301
 20
47.96852341417973
 30
0.0
 10
175.3948777835095
 20
47.98567792298867
 30
0.0
  0
LINE
  5
18C
330
1F
100
AcDbEntity
  8
0
  6
Continuous
 62
     7
370
    25
100
AcDbLine
 10
272.999970064
 20
92.5158852884
 30
0.0
 11
272.999970064
 21
56.4130947778
 31
0.0
  0
CIRCLE
  5
18D
330
1F
100
AcDbEntity
  8
0
  6
Continuous
 62
     7
370
    25
100
AcDbCircle
 10
244.0719006326
 20
26.7697315723
 30
0.0
 40
3.292956952325511
  0
LINE
  5
18E
330
1F
100
AcDbEntity
  8
0
  6
Continuous
 62
     7
370
    25
100
AcDbLine
 10
253.3307145741
 20
56.3406064008
 30
0.0
 11
255.7255923576
 21
55.1306600068
 31
0.0
  0
LINE
  5
18F
330
1F
100
AcDbEntity
  8
0
  6
Continuous
 62
     7
370
    25
100
AcDbLine
 10
253.3307145741
 20
56.3406064008
 30
0.0
 11
253.3307145741
 21
78.4583419872
 31
0.0
  0
LINE
  5
190
330
1F
100
AcDbEntity
  8
0
  6
Continuous
 62
     7
370
    25
100
AcDbLine
 10
253.3307145741
 20
88.3466598109
 30
0.0
 11
253.3307145741
 21
92.5158852884
 31
0.0
  0
LINE
  5
191
330
1F
100
AcDbEntity
  8
0
  6
Continuous
 62
     7
370
    25
100
AcDbLine
 10
269.3054074644
 20
17.8917807514
 30
0.0
 11
253.2287869146
 21
17.9344471449
 31
0.0
  0
LINE
  5
192
330
1F
100
AcDbEntity
  8
0
  6
Continuous
 62
     7
370
    25
100
AcDbLine
 10
253.2287869146
 20
17.9344471449
 30
0.0
 11
225.9362911282
 21
17.9344471449
 31
0.0
  0
LINE
  5
193
330
1F
100
AcDbEntity
  8
0
  6
Continuous
 62
     7
370
    25
100
AcDbLine
 10
272.999970064
 20
56.4130947778
 30
0.0
 11
272.9072452496
 21
21.4745510147
 31
0.0
  0
ARC
  5
194
330
1F
100
AcDbEntity
  8
0
  6
Continuous
 62
     7
370
    25
100
AcDbCircle
 10
269.3149412253
 20
21.4840847757
 30
0.0
 40
3.592316675264261
100
AcDbArc
 50
269.8479407704
 51
359.8479407704
  0
LINE
  5
195
330
1F
100
AcDbEntity
  8
0
  6
Continuous
 62
     7
370
    25
100
AcDbLine
 10
227.346939203
 20
37.1892268164
 30
0.0
 11
253.3307145741
 21
56.3406064008
 31
0.0
  0
ARC
  5
196
330
1F
100
AcDbEntity
  8
0
  6
Continuous
 62
     7
370
    25
100
AcDbCircle
 10
225.9362911282
 20
20.3293249284
 30
0.0
 40
2.394877783509573
100
AcDbArc
 50
242.9304368698
 51
270.0
  0
LINE
  5
197
330
1F
100
AcDbEntity
  8
0
  6
Continuous
 62
     7
370
    25
100
AcDbLine
 10
173.0
 20
47.7485037858
 30
0.0
 11
173.0
 21
55.0984959867
 31
0.0
  0
ARC
  5
198
330
1F
100
AcDbEntity
  8
0
  6
Continuous
 62
     7
370
    25
100
AcDbCircle
 10
269.4076533888
 20
92.5158852884
 30
0.0
 40
3.592316675264215
100
AcDbArc
 50
0.0
 51
90.0
  0
ARC
  5
199
330
1F
100
AcDbEntity
  8
0
  6
Continuous
 62
     7
370
    25
100
AcDbCircle
 10
256.9230312493
 20
92.5158852884
 30
0.0
 40
3.592316675264215
100
AcDbArc
 50
90.0
 51
180.0
  0
LINE
  5
19A
330
1F
100
AcDbEntity
  8
0
  6
Continuous
 62
     7
370
    25
100
AcDbLine
 10
256.9230312493
 20
96.1082019636
 30
0.0
 11
269.4076533888
 21
96.1082019636
 31
0.0
  0
SPLINE
  5
19B
330
1F
100
AcDbEntity
  8
0
  6
HIDDEN
 62
     7
370
    18
100
AcDbSpline
210
0.0
220
0.0
230
1.0
 70
     8
 71
     3
 72
    25
 73
    21
 74
     0
 42
0.00000001
 43
0.00000001
 40
0.0
 40
0.0
 40
0.0
 40
0.0
 40
0.0361422160678846
 40
0.072130179230989
 40
0.1079738359508345
 40
0.1436832540697709
 40
0.179268616037022
 40
0.2147402116795195
 40
0.2501084305352841
 40
0.3743714418804756
 40
0.5001082371531577
 40
0.6268227415230313
 40
0.7500458698644754
 40
0.7931752935876327
 40
0.8337686078003476
 40
0.8718556524619991
 40
0.9074725666466303
 40
0.9406635581974937
 40
0.9714832750636693
 40
1.0
 40
1.0
 40
1.0
 40
1.0
 10
256.1599198059171
 20
76.87181915111822
 30
0.0
 10
256.1727688793449
 20
76.85383186799251
 30
0.0
 10
256.1984121870923
 20
76.81793407043355
 30
0.0
 10
256.2323795023675
 20
76.7736640375226
 30
0.0
 10
256.2622950032554
 20
76.7361460352235
 30
0.0
 10
256.287481960635
 20
76.70577696514721
 30
0.0
 10
256.3076882585317
 20
76.68211622099685
 30
0.0
 10
256.3226364681214
 20
76.66500308491433
 30
0.0
 10
256.3401721560405
 20
76.6452828712647
 30
0.0
 10
256.3317799951856
 20
76.65441328763204
 30
0.0
 10
256.2534158659876
 20
76.74438497480034
 30
0.0
 10
256.1229286580124
 20
76.91732825733713
 30
0.0
 10
255.9953204182165
 20
77.13267406143149
 30
0.0
 10
255.9066225269154
 20
77.33030557728628
 30
0.0
 10
255.8563922262163
 20
77.46213614840924
 30
0.0
 10
255.8124623104107
 20
77.60230011517605
 30
0.0
 10
255.7759011781203
 20
77.75035353892224
 30
0.0
 10
255.7483423932557
 20
77.90664988408832
 30
0.0
 10
255.7295985663667
 20
78.06843599646707
 30
0.0
 10
255.7268927541188
 20
78.18917637779457
 30
0.0
 10
255.725592357579
 20
78.24720345421557
 30
0.0
  0
SPLINE
  5
19C
330
1F
100
AcDbEntity
  8
0
  6
HIDDEN
 62
     7
370
    18
100
AcDbSpline
210
0.0
220
0.0
230
1.0
 70
     8
 71
     3
 72
    14
 73
    10
 74
     0
 42
0.00000001
 43
0.00000001
 40
0.0
 40
0.0
 40
0.0
 40
0.0
 40
0.089752679029615
 40
0.1905608779665563
 40
0.3028612293439774
 40
0.4269691421658768
 40
0.5631179980204865
 40
0.8408833720470301
 40
1.0
 40
1.0
 40
1.0
 40
1.0
 10
255.725592357579
 20
88.33682355614098
 30
0.0
 10
255.7284881275764
 20
88.4222773060412
 30
0.0
 10
255.7346363615796
 20
88.60371079396134
 30
0.0
 10
255.7745968067878
 20
88.83392830160206
 30
0.0
 10
255.8314255918367
 20
89.05301574339651
 30
0.0
 10
255.9052606701582
 20
89.25471708327358
 30
0.0
 10
256.0181658779545
 20
89.49681325161616
 30
0.0
 10
256.1467057920205
 20
89.70134209880761
 30
0.0
 10
256.2174943335995
 20
89.78784441262933
 30
0.0
 10
256.2432762014328
 20
89.81934938748083
 30
0.0
  0
SPLINE
  5
19D
330
1F
100
AcDbEntity
  8
0
  6
HIDDEN
 62
     7
370
    18
100
AcDbSpline
210
0.0
220
0.0
230
1.0
 70
     8
 71
     3
 72
     9
 73
     5
 74
     0
 42
0.00000001
 43
0.00000001
 40
0.0
 40
0.0
 40
0.0
 40
0.0
 40
0.4278869523193808
 40
1.0
 40
1.0
 40
1.0
 40
1.0
 10
256.4001109449267
 20
90.0027824113959
 30
0.0
 10
256.3985927809068
 20
90.0023051957064
 30
0.0
 10
256.3950447315643
 20
90.00118991119749
 30
0.0
 10
256.2838639853645
 20
89.86967475552599
 30
0.0
 10
256.2202560298128
 20
89.79443321899858
 30
0.0
  0
LINE
  5
19E
330
1F
100
AcDbEntity
  8
0
  6
HIDDEN
 62
     7
370
    18
100
AcDbLine
 10
255.7255923576
 20
78.2472034542
 30
0.0
 11
255.7255923576
 21
88.3368235561
 31
0.0
  0
LINE
  5
19F
330
1F
100
AcDbEntity
  8
0
  6
HIDDEN
 62
     7
370
    18
100
AcDbLine
 10
253.3307145741
 20
78.4583419872
 30
0.0
 11
253.3307145741
 21
88.3466598109
 31
0.0
  0
LINE
  5
1A0
330
1F
100
AcDbEntity
  8
0
  6
HIDDEN
 62
     7
370
    18
100
AcDbLine
 10
248.8616561997
 20
24.0043649063
 30
0.0
 11
248.8616561997
 21
29.5350982383
 31
0.0
  0
LINE
  5
1A1
330
1F
100
AcDbEntity
  8
0
  6
HIDDEN
 62
     7
370
    18
100
AcDbLine
 10
248.8616561997
 20
29.5350982383
 30
0.0
 11
244.0719006326
 21
32.3004649043
 31
0.0
  0
LINE
  5
1A2
330
1F
100
AcDbEntity
  8
0
  6
HIDDEN
 62
     7
370
    18
100
AcDbLine
 10
244.0719006326
 20
21.2389982404
 30
0.0
 11
248.8616561997
 21
24.0043649063
 31
0.0
  0
LINE
  5
1A3
330
1F
100
AcDbEntity
  8
0
  6
HIDDEN
 62
     7
370
    18
100
AcDbLine
 10
239.2821450656
 20
24.0043649063
 30
0.0
 11
244.0719006326
 21
21.2389982404
 31
0.0
  0
LINE
  5
1A4
330
1F
100
AcDbEntity
  8
0
  6
HIDDEN
 62
     7
370
    18
100
AcDbLine
 10
244.0719006326
 20
32.3004649043
 30
0.0
 11
239.2821450656
 21
29.5350982383
 31
0.0
  0
LINE
  5
1A5
330
1F
100
AcDbEntity
  8
0
  6
HIDDEN
 62
     7
370
    18
100
AcDbLine
 10
239.2821450656
 20
29.5350982383
 30
0.0
 11
239.2821450656
 21
24.0043649063
 31
0.0
  0
INSERT
  5
1B1
330
1F
100
AcDbEntity
  8
10
100
AcDbBlockReference
  2
SW_CENTERMARKSYMBOL_1
 10
244.0719006326
 20
26.7697315723
 30
0.0
  0
ENDSEC
  0
SECTION
  2
OBJECTS
  0
DICTIONARY
  5
C
330
0
100
AcDbDictionary
281
     1
  3
ACAD_GROUP
350
D
  3
ACAD_LAYOUT
350
1A
  3
ACAD_MLINESTYLE
350
17
  3
ACAD_PLOTSETTINGS
350
19
  3
ACAD_PLOTSTYLENAME
350
E
  3
ACAD_SCALELIST
350
47
  3
DWGPROPS
350
1B2
  0
DICTIONARY
  5
D
102
{ACAD_REACTORS
330
C
102
}
330
C
100
AcDbDictionary
281
     1
  0
DICTIONARY
  5
1A
102
{ACAD_REACTORS
330
C
102
}
330
C
100
AcDbDictionary
281
     1
  3
Layout1
350
1E
  3
Layout2
350
26
  3
Model
350
22
  0
DICTIONARY
  5
17
102
{ACAD_REACTORS
330
C
102
}
330
C
100
AcDbDictionary
281
     1
  3
Standard
350
18
  0
DICTIONARY
  5
19
102
{ACAD_REACTORS
330
C
102
}
330
C
100
AcDbDictionary
281
     1
  0
ACDBDICTIONARYWDFLT
  5
E
102
{ACAD_REACTORS
330
C
102
}
330
C
100
AcDbDictionary
281
     1
  3
Normal
350
F
100
AcDbDictionaryWithDefault
340
F
  0
DICTIONARY
  5
47
102
{ACAD_REACTORS
330
C
102
}
330
C
100
AcDbDictionary
281
     1
  3
A0
350
48
  3
A1
350
49
  3
A2
350
4A
  3
A3
350
4B
  3
A4
350
4C
  3
A5
350
4D
  3
A6
350
4E
  3
A7
350
4F
  3
A8
350
50
  3
A9
350
51
  3
B0
350
52
  3
B1
350
53
  3
B2
350
54
  3
B3
350
55
  3
B4
350
56
  3
B5
350
57
  3
B6
350
58
  0
XRECORD
  5
1B2
102
{ACAD_REACTORS
330
C
102
}
330
C
100
AcDbXrecord
280
     1
  1
DWGPROPS COOKIE
  2

  3

  4

  6

  7

  8

  9

300
=
301
=
302
=
303
=
304
=
305
=
306
=
307
=
308
=
309
=
 40
0.0
 41
2461213.510874572
 42
2461213.510874919
  1

 90
        0
  0
LAYOUT
  5
1E
102
{ACAD_REACTORS
330
1A
102
}
330
1A
100
AcDbPlotSettings
  1

  2
none_device
  4

  6

 40
0.0
 41
0.0
 42
0.0
 43
0.0
 44
0.0
 45
0.0
 46
0.0
 47
0.0
 48
0.0
 49
0.0
140
0.0
141
0.0
142
1.0
143
1.0
 70
   688
 72
     1
 73
     0
 74
     5
  7

 75
    16
147
1.0
148
0.0
149
0.0
100
AcDbLayout
  1
Layout1
 70
     1
 71
     1
 10
0.0
 20
0.0
 11
420.0
 21
297.0
 12
0.0
 22
0.0
 32
0.0
 14
1.0000000000E+20
 24
1.0000000000E+20
 34
1.0000000000E+20
 15
-1.0000000000E+20
 25
-1.0000000000E+20
 35
-1.0000000000E+20
146
0.0
 13
0.0
 23
0.0
 33
0.0
 16
1.0
 26
0.0
 36
0.0
 17
0.0
 27
1.0
 37
0.0
 76
     0
330
1B
  0
LAYOUT
  5
26
102
{ACAD_REACTORS
330
1A
102
}
330
1A
100
AcDbPlotSettings
  1

  2
none_device
  4

  6

 40
0.0
 41
0.0
 42
0.0
 43
0.0
 44
0.0
 45
0.0
 46
0.0
 47
0.0
 48
0.0
 49
0.0
140
0.0
141
0.0
142
1.0
143
1.0
 70
   688
 72
     1
 73
     0
 74
     5
  7

 75
    16
147
1.0
148
0.0
149
0.0
100
AcDbLayout
  1
Layout2
 70
     1
 71
     2
 10
0.0
 20
0.0
 11
0.0
 21
0.0
 12
0.0
 22
0.0
 32
0.0
 14
0.0
 24
0.0
 34
0.0
 15
0.0
 25
0.0
 35
0.0
146
0.0
 13
0.0
 23
0.0
 33
0.0
 16
1.0
 26
0.0
 36
0.0
 17
0.0
 27
1.0
 37
0.0
 76
     0
330
23
  0
LAYOUT
  5
22
102
{ACAD_REACTORS
330
1A
102
}
330
1A
100
AcDbPlotSettings
  1

  2
none_device
  4
Letter_(8.50_x_11.00_Inches)
  6

 40
6.35
 41
6.35
 42
6.35000508
 43
6.35000508
 44
215.9
 45
279.4
 46
0.0
 47
0.0
 48
0.0
 49
0.0
140
0.0
141
0.0
142
1.0
143
1.0
 70
  1712
 72
     1
 73
     0
 74
     0
  7

 75
     0
147
1.0
148
0.0
149
0.0
100
AcDbLayout
  1
Model
 70
     1
 71
     0
 10
0.0
 20
0.0
 11
297.0
 21
210.0
 12
0.0
 22
0.0
 32
0.0
 14
0.0
 24
0.0
 34
0.0
 15
297.0
 25
210.0
 35
0.0
146
0.0
 13
0.0
 23
0.0
 33
0.0
 16
1.0
 26
0.0
 36
0.0
 17
0.0
 27
1.0
 37
0.0
 76
     0
330
1F
331
29
  0
MLINESTYLE
  5
18
102
{ACAD_REACTORS
330
17
102
}
330
17
100
AcDbMlineStyle
  2
Standard
 70
     0
  3

 62
   256
 51
90.0
 52
90.0
 71
     2
 49
0.5
 62
   256
  6
BYLAYER
 49
-0.5
 62
   256
  6
BYLAYER
  0
ACDBPLACEHOLDER
  5
F
102
{ACAD_REACTORS
330
E
102
}
330
E
  0
SCALE
  5
48
102
{ACAD_REACTORS
330
47
102
}
330
47
100
AcDbScale
 70
     0
300
1:1
140
1.0
141
1.0
290
     1
  0
SCALE
  5
49
102
{ACAD_REACTORS
330
47
102
}
330
47
100
AcDbScale
 70
     0
300
1:2
140
1.0
141
2.0
290
     0
  0
SCALE
  5
4A
102
{ACAD_REACTORS
330
47
102
}
330
47
100
AcDbScale
 70
     0
300
1:4
140
1.0
141
4.0
290
     0
  0
SCALE
  5
4B
102
{ACAD_REACTORS
330
47
102
}
330
47
100
AcDbScale
 70
     0
300
1:5
140
1.0
141
5.0
290
     0
  0
SCALE
  5
4C
102
{ACAD_REACTORS
330
47
102
}
330
47
100
AcDbScale
 70
     0
300
1:8
140
1.0
141
8.0
290
     0
  0
SCALE
  5
4D
102
{ACAD_REACTORS
330
47
102
}
330
47
100
AcDbScale
 70
     0
300
1:10
140
1.0
141
10.0
290
     0
  0
SCALE
  5
4E
102
{ACAD_REACTORS
330
47
102
}
330
47
100
AcDbScale
 70
     0
300
1:16
140
1.0
141
16.0
290
     0
  0
SCALE
  5
4F
102
{ACAD_REACTORS
330
47
102
}
330
47
100
AcDbScale
 70
     0
300
1:20
140
1.0
141
20.0
290
     0
  0
SCALE
  5
50
102
{ACAD_REACTORS
330
47
102
}
330
47
100
AcDbScale
 70
     0
300
1:30
140
1.0
141
30.0
290
     0
  0
SCALE
  5
51
102
{ACAD_REACTORS
330
47
102
}
330
47
100
AcDbScale
 70
     0
300
1:40
140
1.0
141
40.0
290
     0
  0
SCALE
  5
52
102
{ACAD_REACTORS
330
47
102
}
330
47
100
AcDbScale
 70
     0
300
1:50
140
1.0
141
50.0
290
     0
  0
SCALE
  5
53
102
{ACAD_REACTORS
330
47
102
}
330
47
100
AcDbScale
 70
     0
300
1:100
140
1.0
141
100.0
290
     0
  0
SCALE
  5
54
102
{ACAD_REACTORS
330
47
102
}
330
47
100
AcDbScale
 70
     0
300
2:1
140
2.0
141
1.0
290
     0
  0
SCALE
  5
55
102
{ACAD_REACTORS
330
47
102
}
330
47
100
AcDbScale
 70
     0
300
4:1
140
4.0
141
1.0
290
     0
  0
SCALE
  5
56
102
{ACAD_REACTORS
330
47
102
}
330
47
100
AcDbScale
 70
     0
300
8:1
140
8.0
141
1.0
290
     0
  0
SCALE
  5
57
102
{ACAD_REACTORS
330
47
102
}
330
47
100
AcDbScale
 70
     0
300
10:1
140
10.0
141
1.0
290
     0
  0
SCALE
  5
58
102
{ACAD_REACTORS
330
47
102
}
330
47
100
AcDbScale
 70
     0
300
100:1
140
100.0
141
1.0
290
     0
  0
ENDSEC
  0
EOF
