ISO-10303-21;
HEADER;
FILE_DESCRIPTION (( 'STEP AP203' ),
    '1' );
FILE_NAME ('006446.step',
    '2026-06-29T04:20:23',
    ( '' ),
    ( '' ),
    'SwSTEP 2.0',
    'SolidWorks 2025',
    '' );
FILE_SCHEMA (( 'CONFIG_CONTROL_DESIGN' ));
ENDSEC;

DATA;
#1 = CARTESIAN_POINT ( 'NONE',  ( 0.1864077652780671279, 0.5634784807582861044, 0.08991003883102055561 ) ) ;
#2 = LINE ( 'NONE', #363, #2609 ) ;
#3 = ORIENTED_EDGE ( 'NONE', *, *, #3406, .F. ) ;
#4 = LINE ( 'NONE', #1756, #1937 ) ;
#5 = ADVANCED_FACE ( 'NONE', ( #957 ), #956, .T. ) ;
#6 = DIRECTION ( 'NONE',  ( 0.000000000000000000, 0.000000000000000000, 1.000000000000000000 ) ) ;
#7 = CARTESIAN_POINT ( 'NONE',  ( 0.1622981079032984886, 0.8290112752751885861, 0.08991003883102055561 ) ) ;
#8 = B_SPLINE_SURFACE_WITH_KNOTS ( 'NONE', 2, 1, ( 
 ( #135, #3452 ),
 ( #2833, #1075 ),
 ( #2253, #1022 ) ),
 .UNSPECIFIED., .F., .F., .F.,
 ( 3, 3 ),
 ( 2, 2 ),
 ( -0.4727631538831210123, 0.000000000000000000 ),
 ( 0.000000000000000000, 1.000000000000000000 ),
 .UNSPECIFIED. ) ;
#9 = CARTESIAN_POINT ( 'NONE',  ( 0.6083924369812019339, 0.3357781734466556700, -8.996116897953610793E-05 ) ) ;
#10 = VERTEX_POINT ( 'NONE', #1835 ) ;
#11 = CARTESIAN_POINT ( 'NONE',  ( -0.3766523303985596649, -0.6495042247772221389, -8.996116897953610793E-05 ) ) ;
#12 = FACE_OUTER_BOUND ( 'NONE', #1974, .T. ) ;
#13 = VECTOR ( 'NONE', #121, 999.9999999999998863 ) ;
#14 = VERTEX_POINT ( 'NONE', #937 ) ;
#15 = FACE_OUTER_BOUND ( 'NONE', #3019, .T. ) ;
#16 = CARTESIAN_POINT ( 'NONE',  ( 0.5313621195955978704, 0.1153972079990729926, 0.08991003883102055561 ) ) ;
#17 = EDGE_CURVE ( 'NONE', #2949, #3838, #646, .T. ) ;
#18 = AXIS2_PLACEMENT_3D ( 'NONE', #1648, #429, #1356 ) ;
#19 = B_SPLINE_CURVE_WITH_KNOTS ( 'NONE', 3,
 ( #690, #1882, #1245, #3035 ),
 .UNSPECIFIED., .F., .F.,
 ( 4, 4 ),
 ( -0.2541014619926829643, 0.000000000000000000 ),
 .UNSPECIFIED. ) ;
#20 = EDGE_CURVE ( 'NONE', #821, #492, #1798, .T. ) ;
#21 = ORIENTED_EDGE ( 'NONE', *, *, #1030, .T. ) ;
#22 = CARTESIAN_POINT ( 'NONE',  ( 0.5406853294372562235, -0.5672711143493657238, -8.996116897953610793E-05 ) ) ;
#23 = FACE_OUTER_BOUND ( 'NONE', #1033, .T. ) ;
#24 = CARTESIAN_POINT ( 'NONE',  ( 0.4597310500540712774, -0.7034335748406899125, 0.08991003883102055561 ) ) ;
#25 = ORIENTED_EDGE ( 'NONE', *, *, #2417, .T. ) ;
#26 = CARTESIAN_POINT ( 'NONE',  ( 0.1596342071909727101, 0.8148831842151935678, 0.2999100388310207976 ) ) ;
#27 = CARTESIAN_POINT ( 'NONE',  ( 0.1671517489854612570, 0.8395077897493379293, 0.08991003883102055561 ) ) ;
#28 = DIRECTION ( 'NONE',  ( 0.000000000000000000, 0.000000000000000000, 1.000000000000000000 ) ) ;
#29 = VERTEX_POINT ( 'NONE', #321 ) ;
#30 = ADVANCED_FACE ( 'NONE', ( #1546 ), #2727, .T. ) ;
#31 = CARTESIAN_POINT ( 'NONE',  ( -0.3677611579895007088, 0.4151534156799299713, 0.08991003883102055561 ) ) ;
#32 = CARTESIAN_POINT ( 'NONE',  ( 0.03471994362375693116, 0.7165961826628112208, -8.996116897953610793E-05 ) ) ;
#33 = ORIENTED_EDGE ( 'NONE', *, *, #424, .F. ) ;
#34 = DIRECTION ( 'NONE',  ( 1.000000000000000000, 0.000000000000000000, 0.000000000000000000 ) ) ;
#35 = CARTESIAN_POINT ( 'NONE',  ( -0.4511228859712889672, 0.3406385987575316077, 0.08991003883102054173 ) ) ;
#36 = B_SPLINE_CURVE_WITH_KNOTS ( 'NONE', 3,
 ( #1395, #3553, #2558, #2034, #1460, #3199 ),
 .UNSPECIFIED., .F., .F.,
 ( 4, 2, 4 ),
 ( -0.2321407571825910010, -0.1194806280906180046, 0.000000000000000000 ),
 .UNSPECIFIED. ) ;
#37 = ORIENTED_EDGE ( 'NONE', *, *, #2891, .F. ) ;
#38 = CARTESIAN_POINT ( 'NONE',  ( 0.08171198290453822455, 0.7168346926953569342, -8.996116897953610793E-05 ) ) ;
#39 = LINE ( 'NONE', #930, #2548 ) ;
#40 = EDGE_CURVE ( 'NONE', #151, #1770, #2465, .T. ) ;
#41 = CARTESIAN_POINT ( 'NONE',  ( 0.6139485416412360230, -0.5671921463012699061, -8.996116897953610793E-05 ) ) ;
#42 = CARTESIAN_POINT ( 'NONE',  ( 0.4959172286987309497, -0.6433921947479247505, -8.996116897953610793E-05 ) ) ;
#43 = CARTESIAN_POINT ( 'NONE',  ( 0.5360039557655552622, 0.1180089248815771041, -8.996116897953610793E-05 ) ) ;
#44 = CARTESIAN_POINT ( 'NONE',  ( 0.2255063288304751390, 0.8674319390974433164, 0.08991003883102055561 ) ) ;
#45 = LINE ( 'NONE', #61, #1258 ) ;
#46 = CARTESIAN_POINT ( 'NONE',  ( 0.4821887682714329215, -0.6413766554701979539, -8.996116897953610793E-05 ) ) ;
#47 = CARTESIAN_POINT ( 'NONE',  ( -0.4514349780788579625, 0.3403008330909542689, 0.08991003883102055561 ) ) ;
#48 = CARTESIAN_POINT ( 'NONE',  ( 0.01318062624164634440, 0.7060770001488841929, 0.2999100388310207976 ) ) ;
#49 = ORIENTED_EDGE ( 'NONE', *, *, #2478, .F. ) ;
#50 = CARTESIAN_POINT ( 'NONE',  ( 0.6850684738159199538, -0.2654874515533449664, -8.996116897953610793E-05 ) ) ;
#51 = EDGE_CURVE ( 'NONE', #1218, #3300, #484, .T. ) ;
#52 = CARTESIAN_POINT ( 'NONE',  ( -0.6496625355389487044, 0.09296830794644406204, -8.996116897953610793E-05 ) ) ;
#53 = EDGE_CURVE ( 'NONE', #3098, #1102, #1975, .T. ) ;
#54 = ORIENTED_EDGE ( 'NONE', *, *, #3215, .T. ) ;
#55 = LINE ( 'NONE', #3002, #1808 ) ;
#56 = CARTESIAN_POINT ( 'NONE',  ( -0.5191299467086796238, -0.5663983478546149586, -8.996116897953610793E-05 ) ) ;
#57 = CARTESIAN_POINT ( 'NONE',  ( 0.1568742833734241282, 0.8003980738056571953, -8.996116897953610793E-05 ) ) ;
#58 = CARTESIAN_POINT ( 'NONE',  ( 0.2369999947026373011, 0.6179999794811009695, 0.08991003883102055561 ) ) ;
#59 = CARTESIAN_POINT ( 'NONE',  ( 0.1640168497423236671, 0.8340455242943242142, 0.2999100388310207976 ) ) ;
#60 = CARTESIAN_POINT ( 'NONE',  ( 0.1600595321276653271, 0.8183861502180785896, 0.08991003883102055561 ) ) ;
#61 = CARTESIAN_POINT ( 'NONE',  ( -0.9000000000000000222, -0.9000000000000000222, -8.996116897953610793E-05 ) ) ;
#62 = VECTOR ( 'NONE', #1888, 1000.000000000000000 ) ;
#63 = EDGE_CURVE ( 'NONE', #268, #2291, #1400, .T. ) ;
#64 = CARTESIAN_POINT ( 'NONE',  ( 0.4959172286987309497, -0.6433921947479247505, -8.996116897953610793E-05 ) ) ;
#65 = VECTOR ( 'NONE', #2149, 1000.000000000000000 ) ;
#66 = DIRECTION ( 'NONE',  ( 0.000000000000000000, 0.000000000000000000, 1.000000000000000000 ) ) ;
#67 = CARTESIAN_POINT ( 'NONE',  ( 0.01561655291729290192, 0.7079508520880732902, 0.2999100388310207976 ) ) ;
#68 = VECTOR ( 'NONE', #932, 1000.000000000000000 ) ;
#69 = ORIENTED_EDGE ( 'NONE', *, *, #1902, .F. ) ;
#70 = CARTESIAN_POINT ( 'NONE',  ( 0.4612308769226070027, -0.1864300193786624371, -8.996116897953610793E-05 ) ) ;
#71 = CARTESIAN_POINT ( 'NONE',  ( -0.01027519806340434529, 0.1159237015528888637, 0.08991003883102055561 ) ) ;
#72 = CARTESIAN_POINT ( 'NONE',  ( 0.5084568988115040211, -0.6452432689491035545, 0.08991003883102055561 ) ) ;
#73 = EDGE_LOOP ( 'NONE', ( #1419, #2841, #3641, #1550 ) ) ;
#74 = ORIENTED_EDGE ( 'NONE', *, *, #1303, .F. ) ;
#75 = CARTESIAN_POINT ( 'NONE',  ( -0.5973143701553342844, 0.1155915164947499962, -8.996116897953610793E-05 ) ) ;
#76 = EDGE_CURVE ( 'NONE', #2450, #2515, #3367, .T. ) ;
#77 = LINE ( 'NONE', #1265, #2746 ) ;
#78 = VECTOR ( 'NONE', #840, 1000.000000000000000 ) ;
#79 = CARTESIAN_POINT ( 'NONE',  ( 0.4611334176313226507, -0.6556744116002726219, -8.996116897953610793E-05 ) ) ;
#80 =( GEOMETRIC_REPRESENTATION_CONTEXT ( 3 ) GLOBAL_UNCERTAINTY_ASSIGNED_CONTEXT ( ( #3560 ) ) GLOBAL_UNIT_ASSIGNED_CONTEXT ( ( #2497, #2858, #1632 ) ) REPRESENTATION_CONTEXT ( 'NONE', 'WORKASPACE' ) );
#81 = CARTESIAN_POINT ( 'NONE',  ( -0.5946949806213392975, -0.4147128391265873515, -8.996116897953610793E-05 ) ) ;
#82 = CARTESIAN_POINT ( 'NONE',  ( -0.06827992248535108555, -0.6663312015533459087, 0.08991003883102055561 ) ) ;
#83 = CARTESIAN_POINT ( 'NONE',  ( 0.2776946300115848976, 0.8570074389440039964, 0.08991003883102055561 ) ) ;
#84 = CARTESIAN_POINT ( 'NONE',  ( 0.5084568988115040211, -0.6452432689491035545, -8.996116897953610793E-05 ) ) ;
#85 = B_SPLINE_CURVE_WITH_KNOTS ( 'NONE', 3,
 ( #2082, #3232, #553, #2313 ),
 .UNSPECIFIED., .F., .F.,
 ( 4, 4 ),
 ( -0.2439563933612720059, 2.775557561562891351E-17 ),
 .UNSPECIFIED. ) ;
#86 = CARTESIAN_POINT ( 'NONE',  ( -0.06899943541696045013, -0.6976387456020899380, 0.2999100388310207976 ) ) ;
#87 = EDGE_CURVE ( 'NONE', #334, #155, #993, .T. ) ;
#88 = DIRECTION ( 'NONE',  ( -1.000000000000000000, 0.000000000000000000, 0.000000000000000000 ) ) ;
#89 = CARTESIAN_POINT ( 'NONE',  ( -0.4453911094665509718, -0.6386298885345446097, -8.996116897953610793E-05 ) ) ;
#90 = EDGE_CURVE ( 'NONE', #29, #615, #2280, .T. ) ;
#91 = EDGE_CURVE ( 'NONE', #2918, #2572, #1584, .T. ) ;
#92 = ORIENTED_EDGE ( 'NONE', *, *, #40, .F. ) ;
#93 = CARTESIAN_POINT ( 'NONE',  ( 0.5048533858810976271, 0.1099311336523439986, 0.2999100388310207976 ) ) ;
#94 = CARTESIAN_POINT ( 'NONE',  ( -0.2009942054748528883, 0.4130895881652840163, 0.2999100388310207976 ) ) ;
#95 = CARTESIAN_POINT ( 'NONE',  ( 0.1734893013588578725, 0.5635242047427272416, 0.2999100388310207976 ) ) ;
#96 = ORIENTED_EDGE ( 'NONE', *, *, #2977, .T. ) ;
#97 = VERTEX_POINT ( 'NONE', #1604 ) ;
#98 = PLANE ( 'NONE',  #3251 ) ;
#99 = DIRECTION ( 'NONE',  ( 0.000000000000000000, 0.000000000000000000, 1.000000000000000000 ) ) ;
#100 = CARTESIAN_POINT ( 'NONE',  ( 0.5390979747772228770, 0.1848862209320067396, -8.996116897953610793E-05 ) ) ;
#101 = CARTESIAN_POINT ( 'NONE',  ( 0.4959172286987309497, -0.6433921947479247505, -8.996116897953610793E-05 ) ) ;
#102 = CARTESIAN_POINT ( 'NONE',  ( 0.1568742833734241282, 0.8003980738056571953, -8.996116897953610793E-05 ) ) ;
#103 = CARTESIAN_POINT ( 'NONE',  ( 0.2408571522985002988, 0.8674694522832149257, 0.08991003883102055561 ) ) ;
#104 = DIRECTION ( 'NONE',  ( -0.3641399650541250477, -0.9313442359570280882, 0.000000000000000000 ) ) ;
#105 = DIRECTION ( 'NONE',  ( 0.000000000000000000, 0.000000000000000000, 1.000000000000000000 ) ) ;
#106 = CARTESIAN_POINT ( 'NONE',  ( -0.5191299467086796238, -0.4189197044372562351, 0.2999100388310207976 ) ) ;
#107 = CARTESIAN_POINT ( 'NONE',  ( -0.4453911094665509718, -0.6386298885345446097, -8.996116897953610793E-05 ) ) ;
#108 = ORIENTED_EDGE ( 'NONE', *, *, #3037, .T. ) ;
#109 = ORIENTED_EDGE ( 'NONE', *, *, #3674, .T. ) ;
#110 = EDGE_CURVE ( 'NONE', #1595, #3274, #2447, .T. ) ;
#111 = CARTESIAN_POINT ( 'NONE',  ( 0.9000000000000000222, -0.9000000000000000222, -8.996116897953610793E-05 ) ) ;
#112 = ADVANCED_FACE ( 'NONE', ( #2263 ), #2408, .T. ) ;
#113 = FACE_OUTER_BOUND ( 'NONE', #206, .T. ) ;
#114 = LINE ( 'NONE', #1944, #818 ) ;
#115 = B_SPLINE_CURVE_WITH_KNOTS ( 'NONE', 3,
 ( #1994, #507, #2176, #1085 ),
 .UNSPECIFIED., .F., .F.,
 ( 4, 4 ),
 ( -0.2177022276052849870, 0.000000000000000000 ),
 .UNSPECIFIED. ) ;
#116 = ORIENTED_EDGE ( 'NONE', *, *, #3316, .F. ) ;
#117 = EDGE_CURVE ( 'NONE', #2637, #3509, #115, .T. ) ;
#118 = CARTESIAN_POINT ( 'NONE',  ( 0.2413217429752273213, 0.6076914855899967494, -8.996116897953610793E-05 ) ) ;
#119 = DIRECTION ( 'NONE',  ( 0.000000000000000000, 0.000000000000000000, 1.000000000000000000 ) ) ;
#120 = CARTESIAN_POINT ( 'NONE',  ( -0.6422406492233276865, -0.1893673400878911339, 0.2999100388310207976 ) ) ;
#121 = DIRECTION ( 'NONE',  ( -0.1643989873053569861, -0.9863939238321438596, 0.000000000000000000 ) ) ;
#122 = EDGE_CURVE ( 'NONE', #1001, #1641, #1511, .T. ) ;
#123 = CARTESIAN_POINT ( 'NONE',  ( 0.02562735625512126830, 0.7133432584090626527, 0.08991003883102055561 ) ) ;
#124 = DIRECTION ( 'NONE',  ( 0.000000000000000000, 0.000000000000000000, 1.000000000000000000 ) ) ;
#125 = DIRECTION ( 'NONE',  ( 0.000000000000000000, 0.000000000000000000, -1.000000000000000000 ) ) ;
#126 = EDGE_CURVE ( 'NONE', #1993, #3723, #3388, .T. ) ;
#127 = CARTESIAN_POINT ( 'NONE',  ( -0.4509526027251986591, 0.3408107475340502734, -8.996116897953610793E-05 ) ) ;
#128 = CARTESIAN_POINT ( 'NONE',  ( 0.2623173885345463363, 0.4150739631652829997, 0.08991003883102055561 ) ) ;
#129 = AXIS2_PLACEMENT_3D ( 'NONE', #3294, #977, #356 ) ;
#130 = DIRECTION ( 'NONE',  ( 1.000000000000000000, -2.643225957226330048E-15, 0.000000000000000000 ) ) ;
#131 = ADVANCED_FACE ( 'NONE', ( #2486 ), #1272, .T. ) ;
#132 =( BOUNDED_SURFACE ( )  B_SPLINE_SURFACE ( 1, 2, ( 
 ( #1609, #3751, #3110 ),
 ( #2798, #1659, #460 ) ),
 .UNSPECIFIED., .F., .F., .T. ) 
 B_SPLINE_SURFACE_WITH_KNOTS ( ( 2, 2 ),
 ( 3, 3 ),
 ( 0.000000000000000000, 3.399344109225030053 ),
 ( -2.984347825521199926, -2.445892071248870092 ),
 .UNSPECIFIED. ) 
 GEOMETRIC_REPRESENTATION_ITEM ( )  RATIONAL_B_SPLINE_SURFACE ( (
 ( 1.000000000000000000, 0.9639765584987740610, 1.000000000000000000),
 ( 1.000000000000000000, 0.9639765584987740610, 1.000000000000000000) ) ) 
 REPRESENTATION_ITEM ( '' )  SURFACE ( )  );
#133 = ORIENTED_EDGE ( 'NONE', *, *, #1180, .F. ) ;
#134 = CARTESIAN_POINT ( 'NONE',  ( 0.5249162226809457321, -0.6408050877758760810, -8.996116897953610793E-05 ) ) ;
#135 = CARTESIAN_POINT ( 'NONE',  ( 0.1011094639679822327, 0.3978540235190942687, -8.996116897953610793E-05 ) ) ;
#136 = VECTOR ( 'NONE', #768, 1000.000000000000227 ) ;
#137 = VERTEX_POINT ( 'NONE', #1104 ) ;
#138 = CARTESIAN_POINT ( 'NONE',  ( 0.2418010926452283382, 0.5870156228578287116, -8.996116897953610793E-05 ) ) ;
#139 = CARTESIAN_POINT ( 'NONE',  ( 0.3735218410491960017, 0.4132482509613032984, 0.2999100388310207976 ) ) ;
#140 = EDGE_CURVE ( 'NONE', #3402, #2515, #3495, .T. ) ;
#141 = DIRECTION ( 'NONE',  ( 0.000000000000000000, 0.000000000000000000, 1.000000000000000000 ) ) ;
#142 = EDGE_CURVE ( 'NONE', #3759, #703, #2968, .T. ) ;
#143 = ORIENTED_EDGE ( 'NONE', *, *, #122, .F. ) ;
#144 = VECTOR ( 'NONE', #3291, 1000.000000000000114 ) ;
#145 = CARTESIAN_POINT ( 'NONE',  ( 0.03388631207770322756, 0.7163405143644572259, 0.08991003883102055561 ) ) ;
#146 = CARTESIAN_POINT ( 'NONE',  ( 0.2815946575428627252, 0.8544978751917995385, 0.08991003883102055561 ) ) ;
#147 = CARTESIAN_POINT ( 'NONE',  ( -0.4469781007766726599, 0.3458587112426763088, 0.2999100388310207976 ) ) ;
#148 = VECTOR ( 'NONE', #2938, 1000.000000000000000 ) ;
#149 = CARTESIAN_POINT ( 'NONE',  ( -0.5687393217086790242, -0.4161415309906004723, 0.2999100388310207976 ) ) ;
#150 = DIRECTION ( 'NONE',  ( 8.847903528206049659E-16, -1.000000000000000000, 0.000000000000000000 ) ) ;
#151 = VERTEX_POINT ( 'NONE', #603 ) ;
#152 = CARTESIAN_POINT ( 'NONE',  ( 0.1588052996303367381, 0.4918381944820532925, 0.08991003883102055561 ) ) ;
#153 = LINE ( 'NONE', #758, #794 ) ;
#154 = EDGE_LOOP ( 'NONE', ( #619, #3750, #3515, #540 ) ) ;
#155 = VERTEX_POINT ( 'NONE', #314 ) ;
#156 = CARTESIAN_POINT ( 'NONE',  ( -0.4488786370950236249, 0.3427770889768346207, -8.996116897953610793E-05 ) ) ;
#157 = CARTESIAN_POINT ( 'NONE',  ( 0.5404474563598645753, 0.3389531249999996887, -8.996116897953610793E-05 ) ) ;
#158 = APPLICATION_PROTOCOL_DEFINITION ( 'international standard', 'config_control_design', 1994, #766 ) ;
#159 = EDGE_LOOP ( 'NONE', ( #3768, #2894, #2739, #3573 ) ) ;
#160 = EDGE_CURVE ( 'NONE', #2124, #1725, #2950, .T. ) ;
#161 = CARTESIAN_POINT ( 'NONE',  ( -0.6315026864406271256, 0.1110959805436950582, -8.996116897953610793E-05 ) ) ;
#162 = CARTESIAN_POINT ( 'NONE',  ( 0.1588052996303367381, 0.4918381944820532925, -8.996116897953610793E-05 ) ) ;
#163 = EDGE_CURVE ( 'NONE', #1416, #1988, #1168, .T. ) ;
#164 = FACE_OUTER_BOUND ( 'NONE', #2962, .T. ) ;
#165 = EDGE_LOOP ( 'NONE', ( #2273, #1985, #1378, #2189 ) ) ;
#166 = CARTESIAN_POINT ( 'NONE',  ( -0.5687393217086790242, -0.4161415309906004723, -8.996116897953610793E-05 ) ) ;
#167 = PLANE ( 'NONE',  #2804 ) ;
#168 = EDGE_CURVE ( 'NONE', #215, #268, #2903, .T. ) ;
#169 = ORIENTED_EDGE ( 'NONE', *, *, #163, .F. ) ;
#170 = LINE ( 'NONE', #1035, #2604 ) ;
#171 = CARTESIAN_POINT ( 'NONE',  ( -0.4716520923161853229, 0.3376283111775926216, 0.2999100388310207976 ) ) ;
#172 = ORIENTED_EDGE ( 'NONE', *, *, #1687, .T. ) ;
#173 = ORIENTED_EDGE ( 'NONE', *, *, #3076, .T. ) ;
#174 = ADVANCED_FACE ( 'NONE', ( #2926 ), #3536, .T. ) ;
#175 = CARTESIAN_POINT ( 'NONE',  ( 0.9000000000000000222, -0.9000000000000000222, -8.996116897953610793E-05 ) ) ;
#176 = PLANE ( 'NONE',  #3508 ) ;
#177 = ORIENTED_EDGE ( 'NONE', *, *, #1279, .T. ) ;
#178 = VERTEX_POINT ( 'NONE', #831 ) ;
#179 = CARTESIAN_POINT ( 'NONE',  ( 0.01681727551610354837, 0.7086976488495448923, 0.08991003883102055561 ) ) ;
#180 = DIRECTION ( 'NONE',  ( 0.000000000000000000, 1.000000000000000000, 0.000000000000000000 ) ) ;
#181 = LINE ( 'NONE', #2266, #3707 ) ;
#182 = CARTESIAN_POINT ( 'NONE',  ( -0.3637141666412336272, -0.6634740600585926629, -8.996116897953610793E-05 ) ) ;
#183 = CARTESIAN_POINT ( 'NONE',  ( 0.2290407119287080906, 0.5707694746112157436, -8.996116897953610793E-05 ) ) ;
#184 = CARTESIAN_POINT ( 'NONE',  ( -0.5112423772388909882, 0.3305916590993972504, 0.08991003883102055561 ) ) ;
#185 = EDGE_CURVE ( 'NONE', #2823, #1432, #3422, .T. ) ;
#186 = ORIENTED_EDGE ( 'NONE', *, *, #1287, .F. ) ;
#187 = DIRECTION ( 'NONE',  ( 0.000000000000000000, 1.000000000000000000, 0.000000000000000000 ) ) ;
#188 = CARTESIAN_POINT ( 'NONE',  ( -0.5114305620193473345, 0.3303804893493663131, 0.2999100388310207976 ) ) ;
#189 = VECTOR ( 'NONE', #2908, 1000.000000000000000 ) ;
#190 = VERTEX_POINT ( 'NONE', #1464 ) ;
#191 = VERTEX_POINT ( 'NONE', #2645 ) ;
#192 = CARTESIAN_POINT ( 'NONE',  ( 0.08086528587341365593, -0.6437892150878912201, -8.996116897953610793E-05 ) ) ;
#193 = VECTOR ( 'NONE', #3205, 1000.000000000000000 ) ;
#194 = CARTESIAN_POINT ( 'NONE',  ( 0.03551207461361370610, 0.7168346926953569342, -8.996116897953610793E-05 ) ) ;
#195 = LINE ( 'NONE', #2839, #1631 ) ;
#196 = ORIENTED_EDGE ( 'NONE', *, *, #2228, .F. ) ;
#197 = ORIENTED_EDGE ( 'NONE', *, *, #3728, .F. ) ;
#198 = EDGE_CURVE ( 'NONE', #3823, #2998, #2987, .T. ) ;
#199 = CARTESIAN_POINT ( 'NONE',  ( -0.07081638017431382548, -0.6815497057972019768, 0.2999100388310207976 ) ) ;
#200 = CARTESIAN_POINT ( 'NONE',  ( 0.01527732040373592885, 0.7076453107429195866, 0.08991003883102055561 ) ) ;
#201 = CARTESIAN_POINT ( 'NONE',  ( 0.5390979747772228770, 0.1848862209320067396, -8.996116897953610793E-05 ) ) ;
#202 = CARTESIAN_POINT ( 'NONE',  ( -0.4469781007766726599, 0.3458587112426763088, -8.996116897953610793E-05 ) ) ;
#203 = CARTESIAN_POINT ( 'NONE',  ( -0.4512813079645466852, 0.3404691686008529672, -8.996116897953609437E-05 ) ) ;
#204 = CARTESIAN_POINT ( 'NONE',  ( 0.5407557513795062665, -0.5672711143493657238, -8.996116897953610793E-05 ) ) ;
#205 = VECTOR ( 'NONE', #1889, 1000.000000000000000 ) ;
#206 = EDGE_LOOP ( 'NONE', ( #3056, #3733, #2243, #54 ) ) ;
#207 = EDGE_LOOP ( 'NONE', ( #3774, #196, #2802, #798 ) ) ;
#208 = CARTESIAN_POINT ( 'NONE',  ( 0.2019149452592412797, 0.6328262249640755899, 0.08991003883102055561 ) ) ;
#209 = ADVANCED_FACE ( 'NONE', ( #2017 ), #3366, .T. ) ;
#210 = CARTESIAN_POINT ( 'NONE',  ( -0.5114305620193473345, 0.3303804893493663131, -8.996116897953610793E-05 ) ) ;
#211 = ORIENTED_EDGE ( 'NONE', *, *, #1209, .F. ) ;
#212 = ORIENTED_EDGE ( 'NONE', *, *, #1856, .T. ) ;
#213 = CARTESIAN_POINT ( 'NONE',  ( 0.1597286267021357786, 0.5486110182262259327, -8.996116897953610793E-05 ) ) ;
#214 = CARTESIAN_POINT ( 'NONE',  ( -0.5946949806213392975, -0.4147128391265873515, 0.08991003883102055561 ) ) ;
#215 = VERTEX_POINT ( 'NONE', #1726 ) ;
#216 = EDGE_LOOP ( 'NONE', ( #1135, #463, #2861, #2877 ) ) ;
#217 = ORIENTED_EDGE ( 'NONE', *, *, #140, .F. ) ;
#218 = CARTESIAN_POINT ( 'NONE',  ( -0.4515018072128279547, 0.3402233963012699647, 0.08991003883102055561 ) ) ;
#219 = CARTESIAN_POINT ( 'NONE',  ( 0.2159755930140206115, 0.5648171294184569646, 0.08991003883102055561 ) ) ;
#220 = DIRECTION ( 'NONE',  ( 0.9863939238321437486, -0.1643989873053569584, 0.000000000000000000 ) ) ;
#221 = ORIENTED_EDGE ( 'NONE', *, *, #308, .F. ) ;
#222 = CARTESIAN_POINT ( 'NONE',  ( 0.4612308769226070027, 0.08507175230099393859, 0.2999100388310207976 ) ) ;
#223 = CARTESIAN_POINT ( 'NONE',  ( 0.1906601611424083298, 0.8594650466827522539, -8.996116897953610793E-05 ) ) ;
#224 = CARTESIAN_POINT ( 'NONE',  ( 0.1594146702133728000, 0.8130714190509005235, 0.08991003883102055561 ) ) ;
#225 = CARTESIAN_POINT ( 'NONE',  ( 0.2290407119287080906, 0.5707694746112157436, 0.2999100388310207976 ) ) ;
#226 = ORIENTED_EDGE ( 'NONE', *, *, #843, .T. ) ;
#227 = CARTESIAN_POINT ( 'NONE',  ( -0.6702600145339951965, -0.1873035125732429862, -8.996116897953610793E-05 ) ) ;
#228 = CARTESIAN_POINT ( 'NONE',  ( 0.5407642974853529294, -0.5671921463012699061, 0.08991003883102055561 ) ) ;
#229 = ORIENTED_EDGE ( 'NONE', *, *, #1720, .F. ) ;
#230 = EDGE_CURVE ( 'NONE', #1064, #3429, #871, .T. ) ;
#231 = ORIENTED_EDGE ( 'NONE', *, *, #2314, .F. ) ;
#232 = LINE ( 'NONE', #2339, #2866 ) ;
#233 = CARTESIAN_POINT ( 'NONE',  ( -0.4454699563980089594, -0.5698114147186288392, 0.08991003883102055561 ) ) ;
#234 = COORDINATED_UNIVERSAL_TIME_OFFSET ( 8, 0, .AHEAD. ) ;
#235 = VERTEX_POINT ( 'NONE', #1191 ) ;
#236 = ORIENTED_EDGE ( 'NONE', *, *, #283, .T. ) ;
#237 = ORIENTED_EDGE ( 'NONE', *, *, #2030, .F. ) ;
#238 = CARTESIAN_POINT ( 'NONE',  ( 0.4592988184568309595, -0.6662447057006756213, 0.08991003883102055561 ) ) ;
#239 = CARTESIAN_POINT ( 'NONE',  ( 0.1763595131244542757, 0.5637826967515289223, 0.08991003883102055561 ) ) ;
#240 = FACE_OUTER_BOUND ( 'NONE', #154, .T. ) ;
#241 = ORIENTED_EDGE ( 'NONE', *, *, #1091, .F. ) ;
#242 = LINE ( 'NONE', #571, #2064 ) ;
#243 = CARTESIAN_POINT ( 'NONE',  ( 0.2587110692354913088, 0.8649760826135932668, 0.2999100388310207976 ) ) ;
#244 = CARTESIAN_POINT ( 'NONE',  ( -0.4514286358256202614, 0.3402958292594139289, -8.996116897953609437E-05 ) ) ;
#245 = CARTESIAN_POINT ( 'NONE',  ( -0.5230875588465508930, 0.2657633093956350279, -8.996116897953610793E-05 ) ) ;
#246 = ORIENTED_EDGE ( 'NONE', *, *, #2417, .F. ) ;
#247 = EDGE_CURVE ( 'NONE', #1523, #2099, #1771, .T. ) ;
#248 = VERTEX_POINT ( 'NONE', #2056 ) ;
#249 = EDGE_CURVE ( 'NONE', #1770, #3714, #1707, .T. ) ;
#250 = CARTESIAN_POINT ( 'NONE',  ( 0.03551207461361370610, 0.7168346926953569342, -8.996116897953610793E-05 ) ) ;
#251 = EDGE_LOOP ( 'NONE', ( #1880, #2222, #2303, #3651 ) ) ;
#252 = CARTESIAN_POINT ( 'NONE',  ( -0.9000000000000000222, 0.9000000000000000222, -8.996116897953610793E-05 ) ) ;
#253 = FACE_OUTER_BOUND ( 'NONE', #1125, .T. ) ;
#254 = VECTOR ( 'NONE', #1793, 1000.000000000000000 ) ;
#255 = CALENDAR_DATE ( 2026, 29, 6 ) ;
#256 = ORIENTED_EDGE ( 'NONE', *, *, #76, .T. ) ;
#257 = PRODUCT ( '006446', '006446', '', ( #2221 ) ) ;
#258 = VERTEX_POINT ( 'NONE', #1502 ) ;
#259 = EDGE_CURVE ( 'NONE', #1282, #14, #585, .T. ) ;
#260 = CARTESIAN_POINT ( 'NONE',  ( 0.5391767005920423683, 0.1849651889801011140, -8.996116897953610793E-05 ) ) ;
#261 = CARTESIAN_POINT ( 'NONE',  ( 0.2087107861039847467, 0.5631498312882929902, 0.08991003883102055561 ) ) ;
#262 = DIRECTION ( 'NONE',  ( -1.000000000000000000, -2.255976957703900510E-16, 0.000000000000000000 ) ) ;
#263 = ADVANCED_FACE ( 'NONE', ( #2074 ), #2684, .T. ) ;
#264 = CARTESIAN_POINT ( 'NONE',  ( 0.5404474563598645753, 0.3389531249999996887, 0.08991003883102055561 ) ) ;
#265 = CARTESIAN_POINT ( 'NONE',  ( 0.3119999930262566945, 0.7919999755918973872, 0.2999100388310207976 ) ) ;
#266 = CARTESIAN_POINT ( 'NONE',  ( 0.5406853294372562235, -0.5672711143493657238, -8.996116897953610793E-05 ) ) ;
#267 = CARTESIAN_POINT ( 'NONE',  ( 0.2369999947026373011, 0.6179999794811009695, 0.2999100388310207976 ) ) ;
#268 = VERTEX_POINT ( 'NONE', #3596 ) ;
#269 = DIRECTION ( 'NONE',  ( 0.000000000000000000, 0.000000000000000000, 1.000000000000000000 ) ) ;
#270 = FACE_OUTER_BOUND ( 'NONE', #459, .T. ) ;
#271 = VECTOR ( 'NONE', #141, 1000.000000000000000 ) ;
#272 = VERTEX_POINT ( 'NONE', #2091 ) ;
#273 = CARTESIAN_POINT ( 'NONE',  ( -0.05611588271042931148, -0.6460753719071167245, 0.08991003883102056948 ) ) ;
#274 = LINE ( 'NONE', #3836, #2118 ) ;
#275 = ORIENTED_EDGE ( 'NONE', *, *, #1967, .T. ) ;
#276 = ORIENTED_EDGE ( 'NONE', *, *, #2753, .F. ) ;
#277 = CARTESIAN_POINT ( 'NONE',  ( -0.3677611579895007088, 0.4151534156799299713, -8.996116897953610793E-05 ) ) ;
#278 = CARTESIAN_POINT ( 'NONE',  ( 0.1827606788366324397, 0.5638129325630010236, 0.08991003883102055561 ) ) ;
#279 = DIRECTION ( 'NONE',  ( 0.000000000000000000, 0.000000000000000000, 1.000000000000000000 ) ) ;
#280 = EDGE_LOOP ( 'NONE', ( #535, #2524, #2627, #1166 ) ) ;
#281 = LINE ( 'NONE', #3270, #693 ) ;
#282 = EDGE_CURVE ( 'NONE', #3135, #1058, #525, .T. ) ;
#283 = EDGE_CURVE ( 'NONE', #2883, #2450, #3510, .T. ) ;
#284 = CARTESIAN_POINT ( 'NONE',  ( 0.2978543259816713862, 0.8372568751479414484, 0.2999100388310207976 ) ) ;
#285 = LINE ( 'NONE', #3249, #2535 ) ;
#286 = CARTESIAN_POINT ( 'NONE',  ( -0.5197649612426756827, 0.2888672771453849597, 0.08991003883102055561 ) ) ;
#287 = VERTEX_POINT ( 'NONE', #3839 ) ;
#288 = CARTESIAN_POINT ( 'NONE',  ( 0.9000000000000000222, 0.4500000000000000111, -8.996116897953610793E-05 ) ) ;
#289 = CARTESIAN_POINT ( 'NONE',  ( -0.6000000000000001998, 0.6000000000000001998, -0.09008996116897960427 ) ) ;
#290 = B_SPLINE_SURFACE_WITH_KNOTS ( 'NONE', 3, 1, ( 
 ( #1830, #1268 ),
 ( #2789, #3023 ),
 ( #2404, #2482 ),
 ( #3061, #414 ) ),
 .UNSPECIFIED., .F., .F., .F.,
 ( 4, 4 ),
 ( 2, 2 ),
 ( -1.000000000000000000, 0.000000000000000000 ),
 ( 0.000000000000000000, 1.000000000000000000 ),
 .UNSPECIFIED. ) ;
#291 = VERTEX_POINT ( 'NONE', #1826 ) ;
#292 = CARTESIAN_POINT ( 'NONE',  ( -0.06827992248535108555, -0.6663312015533459087, 0.08991003883102055561 ) ) ;
#293 = CARTESIAN_POINT ( 'NONE',  ( 0.08664461019289260157, 0.7870896554900282949, -8.996116897953610793E-05 ) ) ;
#294 = PERSON_AND_ORGANIZATION ( #1765, #2881 ) ;
#295 = ADVANCED_FACE ( 'NONE', ( #2764 ), #3323, .T. ) ;
#296 = ORIENTED_EDGE ( 'NONE', *, *, #3674, .F. ) ;
#297 = ORIENTED_EDGE ( 'NONE', *, *, #938, .T. ) ;
#298 = DIRECTION ( 'NONE',  ( 0.000000000000000000, 0.000000000000000000, 1.000000000000000000 ) ) ;
#299 = CARTESIAN_POINT ( 'NONE',  ( 0.1903166574782720333, 0.5630604609167045860, 0.08991003883102055561 ) ) ;
#300 = DIRECTION ( 'NONE',  ( 0.08304547985373998686, -0.9965457582448796758, 0.000000000000000000 ) ) ;
#301 = FACE_OUTER_BOUND ( 'NONE', #3049, .T. ) ;
#302 = CARTESIAN_POINT ( 'NONE',  ( 0.2296035145798160371, 0.8678497181542792482, -8.996116897953610793E-05 ) ) ;
#303 = CARTESIAN_POINT ( 'NONE',  ( 0.1626111046013088701, 0.8299684846505284153, 0.08991003883102055561 ) ) ;
#304 = CARTESIAN_POINT ( 'NONE',  ( -0.5235750484466552557, 0.3167279796600332431, 0.08991003883102055561 ) ) ;
#305 = VERTEX_POINT ( 'NONE', #1304 ) ;
#306 = CARTESIAN_POINT ( 'NONE',  ( 0.6851474418640138841, -0.4166177616119393634, -8.996116897953610793E-05 ) ) ;
#307 = CARTESIAN_POINT ( 'NONE',  ( -0.4479251341832342637, 0.3437266517336159399, -8.996116897953610793E-05 ) ) ;
#308 = EDGE_CURVE ( 'NONE', #3556, #649, #670, .T. ) ;
#309 = ORIENTED_EDGE ( 'NONE', *, *, #1393, .F. ) ;
#310 = CARTESIAN_POINT ( 'NONE',  ( 0.5452100048065202653, 0.4076919040679936601, -8.996116897953610793E-05 ) ) ;
#311 = CARTESIAN_POINT ( 'NONE',  ( -0.8032253743224719855, 0.6000000000000001998, -8.996116897953610793E-05 ) ) ;
#312 = ADVANCED_FACE ( 'NONE', ( #1809 ), #3380, .T. ) ;
#313 = ORIENTED_EDGE ( 'NONE', *, *, #2602, .F. ) ;
#314 = CARTESIAN_POINT ( 'NONE',  ( 0.4845673885345469500, 0.4155501937866210027, -8.996116897953610793E-05 ) ) ;
#315 = CARTESIAN_POINT ( 'NONE',  ( -0.06383421516418406882, 0.3403026065826422752, -8.996116897953610793E-05 ) ) ;
#316 = FACE_OUTER_BOUND ( 'NONE', #2959, .T. ) ;
#317 = CARTESIAN_POINT ( 'NONE',  ( 0.1535466568668477916, 0.7927456847103963034, 0.2999100388310207976 ) ) ;
#318 = CARTESIAN_POINT ( 'NONE',  ( 0.1610547621624426329, 0.8242993281842873055, 0.08991003883102055561 ) ) ;
#319 = VECTOR ( 'NONE', #908, 1000.000000000000000 ) ;
#320 = FACE_OUTER_BOUND ( 'NONE', #1442, .T. ) ;
#321 = CARTESIAN_POINT ( 'NONE',  ( -0.06827992248535108555, -0.6663312015533459087, -8.996116897953610793E-05 ) ) ;
#322 = ORIENTED_EDGE ( 'NONE', *, *, #3868, .T. ) ;
#323 = CARTESIAN_POINT ( 'NONE',  ( -0.3637141666412336272, -0.6634740600585926629, -8.996116897953610793E-05 ) ) ;
#324 = CARTESIAN_POINT ( 'NONE',  ( -0.4182448740005493271, -0.6420429553985611548, -8.996116897953610793E-05 ) ) ;
#325 = ORIENTED_EDGE ( 'NONE', *, *, #2364, .T. ) ;
#326 = ADVANCED_FACE ( 'NONE', ( #1538 ), #98, .T. ) ;
#327 = CARTESIAN_POINT ( 'NONE',  ( 0.6850684738159199538, -0.2654874515533449664, -8.996116897953610793E-05 ) ) ;
#328 = CARTESIAN_POINT ( 'NONE',  ( -0.1177299079895016004, 0.4161058769226059773, 0.08991003883102055561 ) ) ;
#329 = ORIENTED_EDGE ( 'NONE', *, *, #359, .F. ) ;
#330 = DIRECTION ( 'NONE',  ( 0.9916865446282978613, 0.1286771044249409579, 0.000000000000000000 ) ) ;
#331 = AXIS2_PLACEMENT_3D ( 'NONE', #1151, #2329, #2667 ) ;
#332 = CARTESIAN_POINT ( 'NONE',  ( -0.06685050392150850007, 0.3661789340972906870, -8.996116897953610793E-05 ) ) ;
#333 = CARTESIAN_POINT ( 'NONE',  ( 0.4607544040679942277, -0.6803012790679923150, -8.996116897953610793E-05 ) ) ;
#334 = VERTEX_POINT ( 'NONE', #1842 ) ;
#335 = FACE_OUTER_BOUND ( 'NONE', #1370, .T. ) ;
#336 = CARTESIAN_POINT ( 'NONE',  ( 0.1591696040884590102, 0.8108962657022392717, -8.996116897953610793E-05 ) ) ;
#337 = CARTESIAN_POINT ( 'NONE',  ( 0.1887109039362312168, 0.8582367838487364731, 0.08991003883102055561 ) ) ;
#338 = CARTESIAN_POINT ( 'NONE',  ( 0.000000000000000000, -0.2999999999999996558, -0.09008996116897960427 ) ) ;
#339 = ORIENTED_EDGE ( 'NONE', *, *, #1712, .F. ) ;
#340 = DIRECTION ( 'NONE',  ( -1.000000000000000000, 0.000000000000000000, 0.000000000000000000 ) ) ;
#341 = CARTESIAN_POINT ( 'NONE',  ( 0.01318062624164634440, 0.7060770001488841929, -8.996116897953610793E-05 ) ) ;
#342 = ORIENTED_EDGE ( 'NONE', *, *, #1799, .F. ) ;
#343 = FACE_OUTER_BOUND ( 'NONE', #2547, .T. ) ;
#344 = CARTESIAN_POINT ( 'NONE',  ( -0.5230980911254887733, 0.2656901550292948833, -8.996116897953610793E-05 ) ) ;
#345 = EDGE_CURVE ( 'NONE', #2343, #151, #19, .T. ) ;
#346 = ORIENTED_EDGE ( 'NONE', *, *, #2890, .T. ) ;
#347 = DIRECTION ( 'NONE',  ( -1.000000000000000000, 0.000000000000000000, 0.000000000000000000 ) ) ;
#348 = CARTESIAN_POINT ( 'NONE',  ( -0.06685050392150850007, 0.3661789340972906870, 0.2999100388310207976 ) ) ;
#349 = CARTESIAN_POINT ( 'NONE',  ( -0.1177299079895016004, 0.4161058769226059773, 0.08991003883102055561 ) ) ;
#350 = EDGE_CURVE ( 'NONE', #3838, #3723, #802, .T. ) ;
#351 = CARTESIAN_POINT ( 'NONE',  ( -0.6702600145339951965, -0.1873035125732429862, -8.996116897953610793E-05 ) ) ;
#352 = CARTESIAN_POINT ( 'NONE',  ( 0.1511923885345461127, 0.4152326259613022263, 0.08991003883102055561 ) ) ;
#353 = CARTESIAN_POINT ( 'NONE',  ( 0.1606898366047193050, 0.8224142210146385690, 0.08991003883102055561 ) ) ;
#354 = CARTESIAN_POINT ( 'NONE',  ( -0.1177299079895016004, 0.4161058769226059773, -8.996116897953610793E-05 ) ) ;
#355 = DIRECTION ( 'NONE',  ( 0.000000000000000000, 0.000000000000000000, 1.000000000000000000 ) ) ;
#356 = DIRECTION ( 'NONE',  ( 1.000000000000000000, 0.000000000000000000, 0.000000000000000000 ) ) ;
#357 = CARTESIAN_POINT ( 'NONE',  ( 0.01831129283810177880, 0.7097090572421397292, -8.996116897953610793E-05 ) ) ;
#358 = ORIENTED_EDGE ( 'NONE', *, *, #2079, .F. ) ;
#359 = EDGE_CURVE ( 'NONE', #493, #3001, #3531, .T. ) ;
#360 = EDGE_CURVE ( 'NONE', #3494, #1354, #55, .T. ) ;
#361 = VERTEX_POINT ( 'NONE', #3079 ) ;
#362 = CARTESIAN_POINT ( 'NONE',  ( 0.5379872268204747288, 0.1613249519916059860, -8.996116897953610793E-05 ) ) ;
#363 = CARTESIAN_POINT ( 'NONE',  ( 0.6083924369812019339, 0.01950607972372496099, 0.08991003883102055561 ) ) ;
#364 = CARTESIAN_POINT ( 'NONE',  ( 0.1011094639680092389, 0.3978540235191059815, 0.2999100388310207976 ) ) ;
#365 = ORIENTED_EDGE ( 'NONE', *, *, #2195, .F. ) ;
#366 = B_SPLINE_CURVE_WITH_KNOTS ( 'NONE', 2,
 ( #2246, #470, #1328 ),
 .UNSPECIFIED., .F., .F.,
 ( 3, 3 ),
 ( 0.000000000000000000, 0.3116900744025239978 ),
 .UNSPECIFIED. ) ;
#367 = CARTESIAN_POINT ( 'NONE',  ( -0.6203330717086799062, -0.1909546947479253409, 0.08991003883102055561 ) ) ;
#368 = B_SPLINE_CURVE_WITH_KNOTS ( 'NONE', 3,
 ( #2916, #2048, #2028, #3486 ),
 .UNSPECIFIED., .F., .F.,
 ( 4, 4 ),
 ( 0.000000000000000000, 1.000000000000000000 ),
 .UNSPECIFIED. ) ;
#369 = DIRECTION ( 'NONE',  ( 0.000000000000000000, 0.000000000000000000, 1.000000000000000000 ) ) ;
#370 = CARTESIAN_POINT ( 'NONE',  ( 0.1541079772067321663, 0.7936634670095276123, -8.996116897953610793E-05 ) ) ;
#371 = EDGE_CURVE ( 'NONE', #2515, #755, #861, .T. ) ;
#372 = CARTESIAN_POINT ( 'NONE',  ( -0.1177299079895016004, 0.4161058769226059773, -8.996116897953610793E-05 ) ) ;
#373 = EDGE_CURVE ( 'NONE', #2205, #493, #1567, .T. ) ;
#374 = DIRECTION ( 'NONE',  ( 0.9972731701045530750, 0.07379853785553788792, 0.000000000000000000 ) ) ;
#375 = CARTESIAN_POINT ( 'NONE',  ( 0.2051019605354464648, 0.8642528613350729527, 0.08991003883102055561 ) ) ;
#376 = EDGE_CURVE ( 'NONE', #3135, #584, #3613, .T. ) ;
#377 = DIRECTION ( 'NONE',  ( 0.000000000000000000, 0.000000000000000000, 1.000000000000000000 ) ) ;
#378 = VECTOR ( 'NONE', #2377, 1000.000000000000000 ) ;
#379 = EDGE_LOOP ( 'NONE', ( #727, #799, #1852, #1645 ) ) ;
#380 = VECTOR ( 'NONE', #2906, 1000.000000000000000 ) ;
#381 = CARTESIAN_POINT ( 'NONE',  ( 0.4912812208732797448, 0.1021716166027859807, -8.996116897953610793E-05 ) ) ;
#382 = CARTESIAN_POINT ( 'NONE',  ( 0.5391767005920423683, 0.1849651889801011140, 0.08991003883102055561 ) ) ;
#383 = ORIENTED_EDGE ( 'NONE', *, *, #457, .F. ) ;
#384 = ORIENTED_EDGE ( 'NONE', *, *, #87, .T. ) ;
#385 = CARTESIAN_POINT ( 'NONE',  ( -0.4509526027252049318, 0.3408107475340530490, -8.996116897953610793E-05 ) ) ;
#386 = VECTOR ( 'NONE', #2444, 1000.000000000000000 ) ;
#387 = CARTESIAN_POINT ( 'NONE',  ( -0.05846796933648182315, -0.6484382164930023729, -8.996116897953610793E-05 ) ) ;
#388 = CARTESIAN_POINT ( 'NONE',  ( 0.1631030942380175819, 0.5554147913106479706, -8.996116897953610793E-05 ) ) ;
#389 = ORIENTED_EDGE ( 'NONE', *, *, #90, .F. ) ;
#390 = ORIENTED_EDGE ( 'NONE', *, *, #3518, .F. ) ;
#391 = DIRECTION ( 'NONE',  ( -0.01626138923291049754, -0.9998677748683650890, 0.000000000000000000 ) ) ;
#392 = CARTESIAN_POINT ( 'NONE',  ( -0.6496625355389487044, 0.09296830794644406204, -8.996116897953610793E-05 ) ) ;
#393 = AXIS2_PLACEMENT_3D ( 'NONE', #3854, #1163, #3491 ) ;
#394 = CARTESIAN_POINT ( 'NONE',  ( 0.1535466568668477916, 0.7927456847103963034, -8.996116897953610793E-05 ) ) ;
#395 = B_SPLINE_CURVE_WITH_KNOTS ( 'NONE', 3,
 ( #922, #2734, #1260, #2125 ),
 .UNSPECIFIED., .F., .F.,
 ( 4, 4 ),
 ( 0.000000000000000000, 1.000000000000000000 ),
 .UNSPECIFIED. ) ;
#396 = CARTESIAN_POINT ( 'NONE',  ( -0.1177299079895016004, 0.4161058769226059773, -8.996116897953610793E-05 ) ) ;
#397 = CARTESIAN_POINT ( 'NONE',  ( 0.009024865372193126983, 0.7019493945175107052, 0.08991003883102055561 ) ) ;
#398 = CARTESIAN_POINT ( 'NONE',  ( 0.2630788663619181289, 0.8635204016399069538, 0.08991003883102055561 ) ) ;
#399 = FACE_OUTER_BOUND ( 'NONE', #927, .T. ) ;
#400 = EDGE_CURVE ( 'NONE', #893, #2998, #3658, .T. ) ;
#401 = DIRECTION ( 'NONE',  ( 0.000000000000000000, 0.000000000000000000, 1.000000000000000000 ) ) ;
#402 = CARTESIAN_POINT ( 'NONE',  ( 0.5373514728546147090, -0.6012436046600340145, 0.08991003883102055561 ) ) ;
#403 = CARTESIAN_POINT ( 'NONE',  ( 0.009405611103104819307, 0.7024316524889065994, -8.996116897953610793E-05 ) ) ;
#404 = ORIENTED_EDGE ( 'NONE', *, *, #3601, .F. ) ;
#405 = CARTESIAN_POINT ( 'NONE',  ( -0.5946949806213392975, -0.4147128391265873515, -8.996116897953610793E-05 ) ) ;
#406 = DIRECTION ( 'NONE',  ( 0.000000000000000000, -1.000000000000000000, 0.000000000000000000 ) ) ;
#407 = LINE ( 'NONE', #3075, #2688 ) ;
#408 = ORIENTED_EDGE ( 'NONE', *, *, #2297, .F. ) ;
#409 = EDGE_LOOP ( 'NONE', ( #1373, #389, #1677, #2279 ) ) ;
#410 = CARTESIAN_POINT ( 'NONE',  ( 0.2369999947026373011, 0.6179999794811009695, -8.996116897953610793E-05 ) ) ;
#411 = DIRECTION ( 'NONE',  ( 1.000000000000000000, 0.000000000000000000, 0.000000000000000000 ) ) ;
#412 = FACE_OUTER_BOUND ( 'NONE', #3712, .T. ) ;
#413 = EDGE_CURVE ( 'NONE', #1441, #777, #1264, .T. ) ;
#414 = CARTESIAN_POINT ( 'NONE',  ( -0.4454699563980089594, -0.5698114147186288392, 0.2999100388310207976 ) ) ;
#415 = CARTESIAN_POINT ( 'NONE',  ( 0.2424648716859909570, 0.5914037556448621391, 0.08991003883102055561 ) ) ;
#416 = CARTESIAN_POINT ( 'NONE',  ( 0.2649319435649703514, 0.8629147981291481750, 0.08991003883102055561 ) ) ;
#417 = CARTESIAN_POINT ( 'NONE',  ( -0.5114305620193473345, 0.3303804893493663131, -8.996116897953610793E-05 ) ) ;
#418 = CARTESIAN_POINT ( 'NONE',  ( 0.3462363517284386960, -0.2654874515533456880, 0.08991003883102055561 ) ) ;
#419 = DIRECTION ( 'NONE',  ( 0.000000000000000000, 0.000000000000000000, 1.000000000000000000 ) ) ;
#420 = LINE ( 'NONE', #2520, #1924 ) ;
#421 = EDGE_CURVE ( 'NONE', #137, #2086, #2110, .T. ) ;
#422 = EDGE_LOOP ( 'NONE', ( #25, #2527, #3055, #322 ) ) ;
#423 = DIRECTION ( 'NONE',  ( -8.847903528206049659E-16, 1.000000000000000000, 0.000000000000000000 ) ) ;
#424 = EDGE_CURVE ( 'NONE', #2616, #3494, #2105, .T. ) ;
#425 = DIRECTION ( 'NONE',  ( -0.7065638971405108215, -0.7076492487508296847, 0.000000000000000000 ) ) ;
#426 = B_SPLINE_CURVE_WITH_KNOTS ( 'NONE', 5,
 ( #2132, #3059, #394, #370, #1526, #3082, #57, #3325, #2112, #1286, #3342, #2704, #2459, #623, #1811, #3680, #1248, #987, #3615, #931, #3005, #640, #1828, #2422, #3640, #656, #1559, #1845, #2745, #2806, #1598, #724, #1972, #3474, #744, #1340, #1954, #3722, #781, #1665 ),
 .UNSPECIFIED., .F., .F.,
 ( 6, 1, 1, 1, 1, 1, 1, 1, 1, 1, 1, 1, 1, 1, 1, 1, 1, 1, 1, 1, 1, 1, 1, 1, 1, 1, 1, 1, 1, 1, 1, 1, 1, 1, 1, 6 ),
 ( 0.000000000000000000, 0.02857142857142859829, 0.05714285714285709944, 0.08571428571428570120, 0.1142857142857140046, 0.1428571428571430157, 0.1714285714285710138, 0.2000000000000000111, 0.2285714285714289806, 0.2571428571428570065, 0.2857142857142860315, 0.3142857142857140018, 0.3428571428571430268, 0.3714285714285709972, 0.4000000000000000222, 0.4285714285714289917, 0.4571428571428570176, 0.4857142857142860426, 0.5142857142857140129, 0.5428571428571430380, 0.5714285714285719520, 0.5999999999999999778, 0.6285714285714290028, 0.6571428571428569176, 0.6857142857142859427, 0.7142857142857139685, 0.7428571428571429935, 0.7714285714285719076, 0.8000000000000000444, 0.8285714285714290694, 0.8571428571428569843, 0.8857142857142860093, 0.9142857142857140351, 0.9428571428571430602, 0.9714285714285719742, 1.000000000000000000 ),
 .UNSPECIFIED. ) ;
#427 = ORIENTED_EDGE ( 'NONE', *, *, #1347, .F. ) ;
#428 = CARTESIAN_POINT ( 'NONE',  ( -0.06518369674682586434, 0.3507801647186276628, 0.08991003883102055561 ) ) ;
#429 = DIRECTION ( 'NONE',  ( 0.000000000000000000, 0.000000000000000000, -1.000000000000000000 ) ) ;
#430 = CARTESIAN_POINT ( 'NONE',  ( -0.5973143701553342844, 0.1155915164947499962, -8.996116897953610793E-05 ) ) ;
#431 = ORIENTED_EDGE ( 'NONE', *, *, #2653, .F. ) ;
#432 = CARTESIAN_POINT ( 'NONE',  ( -0.5114305620193473345, 0.3303804893493663131, -8.996116897953610793E-05 ) ) ;
#433 = CARTESIAN_POINT ( 'NONE',  ( 0.2972131211797074402, 0.8379242437306102520, 0.08991003883102055561 ) ) ;
#434 = DIRECTION ( 'NONE',  ( 1.000000000000000000, 0.000000000000000000, 0.000000000000000000 ) ) ;
#435 = CARTESIAN_POINT ( 'NONE',  ( -0.5946949806213392975, -0.4147128391265873515, -8.996116897953610793E-05 ) ) ;
#436 = VECTOR ( 'NONE', #279, 1000.000000000000000 ) ;
#437 = DIRECTION ( 'NONE',  ( 0.000000000000000000, 0.000000000000000000, 1.000000000000000000 ) ) ;
#438 = ORIENTED_EDGE ( 'NONE', *, *, #3747, .F. ) ;
#439 = CARTESIAN_POINT ( 'NONE',  ( 0.4589333004485069423, -0.7170524272918709086, -8.996116897953610793E-05 ) ) ;
#440 = CARTESIAN_POINT ( 'NONE',  ( -0.6702600145339951965, 0.03399402618408303017, -8.996116897953610793E-05 ) ) ;
#441 = ADVANCED_FACE ( 'NONE', ( #2240 ), #3399, .T. ) ;
#442 = VECTOR ( 'NONE', #99, 1000.000000000000000 ) ;
#443 = ORIENTED_EDGE ( 'NONE', *, *, #230, .T. ) ;
#444 = ADVANCED_FACE ( 'NONE', ( #3720 ), #2203, .T. ) ;
#445 = CARTESIAN_POINT ( 'NONE',  ( -0.06383421516418406882, 0.3403026065826422752, 0.08991003883102055561 ) ) ;
#446 = CARTESIAN_POINT ( 'NONE',  ( 0.01098504021316750075, 0.7040957556258025107, -8.996116897953610793E-05 ) ) ;
#447 = CARTESIAN_POINT ( 'NONE',  ( -0.8032253743224719855, 0.6000000000000001998, -0.09008996116897960427 ) ) ;
#448 = VECTOR ( 'NONE', #708, 1000.000000000000000 ) ;
#449 = EDGE_LOOP ( 'NONE', ( #3352, #2854, #2055, #3166 ) ) ;
#450 = VECTOR ( 'NONE', #2416, 1000.000000000000000 ) ;
#451 = CARTESIAN_POINT ( 'NONE',  ( 0.2425227060237429566, 0.6011939597151662040, 0.08991003883102055561 ) ) ;
#452 = LINE ( 'NONE', #162, #62 ) ;
#453 = CARTESIAN_POINT ( 'NONE',  ( 0.5362590860221616573, -0.6348764096269262636, 0.08991003883102055561 ) ) ;
#454 = VECTOR ( 'NONE', #895, 1000.000000000000000 ) ;
#455 = CARTESIAN_POINT ( 'NONE',  ( -0.6702600145339951965, 0.07233426364391100372, -8.996116897953610793E-05 ) ) ;
#456 = CARTESIAN_POINT ( 'NONE',  ( -0.3766523303985596649, -0.6495042247772221389, 0.2999100388310207976 ) ) ;
#457 = EDGE_CURVE ( 'NONE', #1070, #821, #3430, .T. ) ;
#458 = B_SPLINE_CURVE_WITH_KNOTS ( 'NONE', 3,
 ( #3433, #776, #3111, #497 ),
 .UNSPECIFIED., .F., .F.,
 ( 4, 4 ),
 ( -0.3003957384414679965, 0.000000000000000000 ),
 .UNSPECIFIED. ) ;
#459 = EDGE_LOOP ( 'NONE', ( #2584, #2296, #2009, #1076 ) ) ;
#460 = CARTESIAN_POINT ( 'NONE',  ( -0.05846796933645627414, -0.6484382164929689552, 0.08991003883102055561 ) ) ;
#461 = CARTESIAN_POINT ( 'NONE',  ( -0.4716520923161853229, 0.3376283111775926216, -8.996116897953610793E-05 ) ) ;
#462 = VERTEX_POINT ( 'NONE', #175 ) ;
#463 = ORIENTED_EDGE ( 'NONE', *, *, #3090, .F. ) ;
#464 = CARTESIAN_POINT ( 'NONE',  ( -0.05216729164123499324, -0.6447416763305673371, -8.996116897953610793E-05 ) ) ;
#465 = LINE ( 'NONE', #2531, #1322 ) ;
#466 = ORIENTED_EDGE ( 'NONE', *, *, #2194, .T. ) ;
#467 = CARTESIAN_POINT ( 'NONE',  ( 0.01834552372923331162, 0.7096706693213218342, 0.08991003883102055561 ) ) ;
#468 = CARTESIAN_POINT ( 'NONE',  ( 0.2686128215956930521, 0.8615499288447815429, 0.08991003883102055561 ) ) ;
#469 = EDGE_CURVE ( 'NONE', #1052, #2758, #2337, .T. ) ;
#470 = CARTESIAN_POINT ( 'NONE',  ( 0.5048533858810976271, 0.1099311336523439986, -8.996116897953610793E-05 ) ) ;
#471 = CARTESIAN_POINT ( 'NONE',  ( 0.6083924369812019339, 0.1887710887000738635, -8.996116897953610793E-05 ) ) ;
#472 = FACE_OUTER_BOUND ( 'NONE', #2644, .T. ) ;
#473 = CARTESIAN_POINT ( 'NONE',  ( -0.3880823497772219466, -0.6371217441558836292, -8.996116897953610793E-05 ) ) ;
#474 = ORIENTED_EDGE ( 'NONE', *, *, #515, .T. ) ;
#475 = ORIENTED_EDGE ( 'NONE', *, *, #3548, .T. ) ;
#476 = DIRECTION ( 'NONE',  ( -0.1425039873803990165, -0.9897942278982471143, 0.000000000000000000 ) ) ;
#477 = CARTESIAN_POINT ( 'NONE',  ( -0.6496625355389487044, 0.09296830794644406204, -8.996116897953610793E-05 ) ) ;
#478 = ORIENTED_EDGE ( 'NONE', *, *, #1553, .T. ) ;
#479 = ORIENTED_EDGE ( 'NONE', *, *, #867, .F. ) ;
#480 = CARTESIAN_POINT ( 'NONE',  ( 0.1613430557021111322, 0.5522443626340890477, -8.996116897953610793E-05 ) ) ;
#481 = CARTESIAN_POINT ( 'NONE',  ( 0.02127280975061151408, 0.7113480571312083001, -8.996116897953610793E-05 ) ) ;
#482 = CARTESIAN_POINT ( 'NONE',  ( 0.007294551161412599245, 0.6898320666464039519, 0.08991003883102055561 ) ) ;
#483 = ORIENTED_EDGE ( 'NONE', *, *, #1160, .T. ) ;
#484 = LINE ( 'NONE', #3477, #3116 ) ;
#485 = CARTESIAN_POINT ( 'NONE',  ( 0.2411643265210612619, 0.6075805535320949469, 0.08991003883102055561 ) ) ;
#486 = CARTESIAN_POINT ( 'NONE',  ( -0.4514286358256202614, 0.3402958292594139289, -8.996116897953610793E-05 ) ) ;
#487 = DIRECTION ( 'NONE',  ( 0.000000000000000000, 0.000000000000000000, 1.000000000000000000 ) ) ;
#488 = CC_DESIGN_PERSON_AND_ORGANIZATION_ASSIGNMENT ( #2577, #2035, ( #698 ) ) ;
#489 = EDGE_CURVE ( 'NONE', #1686, #498, #1196, .T. ) ;
#490 = CARTESIAN_POINT ( 'NONE',  ( 0.1578474211352387246, 0.8040244821257582775, 0.08991003883102055561 ) ) ;
#491 = CARTESIAN_POINT ( 'NONE',  ( 0.2085293129134618562, 0.5628905882994239551, -8.996116897953610793E-05 ) ) ;
#492 = VERTEX_POINT ( 'NONE', #1080 ) ;
#493 = VERTEX_POINT ( 'NONE', #1970 ) ;
#494 = VECTOR ( 'NONE', #476, 1000.000000000000114 ) ;
#495 = ORIENTED_EDGE ( 'NONE', *, *, #2480, .F. ) ;
#496 = CARTESIAN_POINT ( 'NONE',  ( 0.5400714141813987013, -0.6216188659451935550, 0.2999100388310207976 ) ) ;
#497 = CARTESIAN_POINT ( 'NONE',  ( -0.5946949806213392975, -0.4147128391265873515, 0.08991003883102055561 ) ) ;
#498 = VERTEX_POINT ( 'NONE', #500 ) ;
#499 = ORIENTED_EDGE ( 'NONE', *, *, #2065, .F. ) ;
#500 = CARTESIAN_POINT ( 'NONE',  ( -0.06383421516418406882, 0.3403026065826422752, 0.08991003883102055561 ) ) ;
#501 = VECTOR ( 'NONE', #2304, 1000.000000000000000 ) ;
#502 = CARTESIAN_POINT ( 'NONE',  ( -0.5946949806213392975, -0.1927804069519045149, -8.996116897953610793E-05 ) ) ;
#503 = DATE_AND_TIME ( #1396, #2951 ) ;
#504 = ORIENTED_EDGE ( 'NONE', *, *, #2779, .F. ) ;
#505 = B_SPLINE_CURVE_WITH_KNOTS ( 'NONE', 3,
 ( #3321, #16, #2699, #946 ),
 .UNSPECIFIED., .F., .F.,
 ( 4, 4 ),
 ( -0.03806883986393009428, 0.000000000000000000 ),
 .UNSPECIFIED. ) ;
#506 = ORIENTED_EDGE ( 'NONE', *, *, #1141, .T. ) ;
#507 = CARTESIAN_POINT ( 'NONE',  ( 0.5379872268204747288, 0.1613249519916059860, 0.08991003883102055561 ) ) ;
#508 = CARTESIAN_POINT ( 'NONE',  ( 0.1851528641149983445, 0.5636106231956936607, 0.08991003883102055561 ) ) ;
#509 = CARTESIAN_POINT ( 'NONE',  ( -0.4514286358256202614, 0.3402958292594139289, 0.2999100388310207976 ) ) ;
#510 = VECTOR ( 'NONE', #1730, 1000.000000000000000 ) ;
#511 = CARTESIAN_POINT ( 'NONE',  ( 0.5373514728546147090, -0.6012436046600340145, 0.08991003883102055561 ) ) ;
#512 = CARTESIAN_POINT ( 'NONE',  ( 0.1584584130756113707, 0.8068117815120535719, 0.08991003883102055561 ) ) ;
#513 = CARTESIAN_POINT ( 'NONE',  ( 0.2085293129134618562, 0.5628905882994239551, 0.2999100388310207976 ) ) ;
#514 = VECTOR ( 'NONE', #2088, 1000.000000000000000 ) ;
#515 = EDGE_CURVE ( 'NONE', #1049, #1161, #722, .T. ) ;
#516 = ORIENTED_EDGE ( 'NONE', *, *, #117, .F. ) ;
#517 = DIRECTION ( 'NONE',  ( 0.000000000000000000, 0.000000000000000000, 1.000000000000000000 ) ) ;
#518 = CARTESIAN_POINT ( 'NONE',  ( -0.5973143701553342844, 0.1155915164947499962, -8.996116897953610793E-05 ) ) ;
#519 = VERTEX_POINT ( 'NONE', #1935 ) ;
#520 = ORIENTED_EDGE ( 'NONE', *, *, #359, .T. ) ;
#521 = CARTESIAN_POINT ( 'NONE',  ( 0.03641523742675800007, -0.6437892150878912201, -8.996116897953610793E-05 ) ) ;
#522 = CARTESIAN_POINT ( 'NONE',  ( 0.6083924369812019339, 0.3357781734466556700, 0.2999100388310207976 ) ) ;
#523 = APPROVAL_DATE_TIME ( #503, #3846 ) ;
#524 = VERTEX_POINT ( 'NONE', #2218 ) ;
#525 = LINE ( 'NONE', #1421, #380 ) ;
#526 = CARTESIAN_POINT ( 'NONE',  ( 0.1927752392405019388, 0.5628173592064525943, 0.08991003883102055561 ) ) ;
#527 = CARTESIAN_POINT ( 'NONE',  ( -0.4514258586118145011, 0.3402990968043889675, 0.2999100388310207976 ) ) ;
#528 = ORIENTED_EDGE ( 'NONE', *, *, #63, .T. ) ;
#529 = CARTESIAN_POINT ( 'NONE',  ( -0.5197649612426756827, 0.2888672771453849597, 0.2999100388310207976 ) ) ;
#530 = EDGE_CURVE ( 'NONE', #2701, #738, #1520, .T. ) ;
#531 = CARTESIAN_POINT ( 'NONE',  ( 0.2877531994996938014, 0.8497166269704784503, 0.2999100388310207976 ) ) ;
#532 = CARTESIAN_POINT ( 'NONE',  ( 0.1598188613779618072, 0.8164461951149003527, 0.08991003883102055561 ) ) ;
#533 = B_SPLINE_SURFACE_WITH_KNOTS ( 'NONE', 2, 1, ( 
 ( #1308, #746 ),
 ( #161, #1652 ),
 ( #3460, #2190 ) ),
 .UNSPECIFIED., .F., .F., .F.,
 ( 3, 3 ),
 ( 2, 2 ),
 ( 0.000000000000000000, 0.4676028399092490018 ),
 ( 0.000000000000000000, 1.000000000000000000 ),
 .UNSPECIFIED. ) ;
#534 = CARTESIAN_POINT ( 'NONE',  ( 0.2378683236462310613, 0.6162309152105669430, 0.2999100388310207976 ) ) ;
#535 = ORIENTED_EDGE ( 'NONE', *, *, #2891, .T. ) ;
#536 = DIRECTION ( 'NONE',  ( 0.000000000000000000, 1.000000000000000000, 0.000000000000000000 ) ) ;
#537 = FACE_OUTER_BOUND ( 'NONE', #216, .T. ) ;
#538 = APPROVAL ( #1143, '未' ) ;
#539 = ORIENTED_EDGE ( 'NONE', *, *, #2768, .F. ) ;
#540 = ORIENTED_EDGE ( 'NONE', *, *, #616, .T. ) ;
#541 = EDGE_CURVE ( 'NONE', #2758, #979, #2879, .T. ) ;
#542 = DIRECTION ( 'NONE',  ( 0.000000000000000000, 0.000000000000000000, 1.000000000000000000 ) ) ;
#543 = CARTESIAN_POINT ( 'NONE',  ( 0.08419890022277884412, -0.6944305038452162071, 0.08991003883102055561 ) ) ;
#544 = DATE_AND_TIME ( #255, #2432 ) ;
#545 = EDGE_LOOP ( 'NONE', ( #3754, #2840, #889, #1616 ) ) ;
#546 = ORIENTED_EDGE ( 'NONE', *, *, #1711, .T. ) ;
#547 = CARTESIAN_POINT ( 'NONE',  ( 0.4673313206626346639, -0.6493895050109040890, 0.08991003883102055561 ) ) ;
#548 = CARTESIAN_POINT ( 'NONE',  ( 0.1724633549258151322, 0.5628956110118036316, 0.08991003883102055561 ) ) ;
#549 = FACE_OUTER_BOUND ( 'NONE', #1650, .T. ) ;
#550 = LINE ( 'NONE', #874, #3580 ) ;
#551 = CARTESIAN_POINT ( 'NONE',  ( 0.1762849044543834121, 0.8504168681081033521, 0.2999100388310207976 ) ) ;
#552 = CARTESIAN_POINT ( 'NONE',  ( 0.4612308769226070027, -0.1864300193786624371, -8.996116897953610793E-05 ) ) ;
#553 = CARTESIAN_POINT ( 'NONE',  ( 0.4612308769226070027, 0.06984515237221196327, 0.08991003883102055561 ) ) ;
#554 = B_SPLINE_CURVE_WITH_KNOTS ( 'NONE', 3,
 ( #1310, #3685, #3330, #417 ),
 .UNSPECIFIED., .F., .F.,
 ( 4, 4 ),
 ( 0.000000000000000000, 1.000000000000000000 ),
 .UNSPECIFIED. ) ;
#555 = EDGE_LOOP ( 'NONE', ( #256, #217, #2899, #1963 ) ) ;
#556 = B_SPLINE_CURVE_WITH_KNOTS ( 'NONE', 3,
 ( #3735, #1036, #1391, #3716 ),
 .UNSPECIFIED., .F., .F.,
 ( 4, 4 ),
 ( -0.1918893103940390032, 0.000000000000000000 ),
 .UNSPECIFIED. ) ;
#557 = DIRECTION ( 'NONE',  ( 0.000000000000000000, 1.000000000000000000, 0.000000000000000000 ) ) ;
#558 = CARTESIAN_POINT ( 'NONE',  ( -0.5102320714529282597, 0.3315842491641237122, -8.996116897953610793E-05 ) ) ;
#559 = ORIENTED_EDGE ( 'NONE', *, *, #3140, .F. ) ;
#560 = CARTESIAN_POINT ( 'NONE',  ( 0.08570704460144075443, -0.7170524272918709086, -8.996116897953610793E-05 ) ) ;
#561 = CARTESIAN_POINT ( 'NONE',  ( -0.05216729164123499324, -0.6447416763305673371, -8.996116897953610793E-05 ) ) ;
#562 = VECTOR ( 'NONE', #3235, 1000.000000000000000 ) ;
#563 = ADVANCED_FACE ( 'NONE', ( #2820 ), #3337, .T. ) ;
#564 = EDGE_CURVE ( 'NONE', #777, #1420, #903, .T. ) ;
#565 = ADVANCED_FACE ( 'NONE', ( #3835 ), #2767, .T. ) ;
#566 = B_SPLINE_SURFACE_WITH_KNOTS ( 'NONE', 3, 1, ( 
 ( #2384, #622 ),
 ( #655, #1844 ),
 ( #3341, #1229 ),
 ( #891, #1558 ) ),
 .UNSPECIFIED., .F., .F., .F.,
 ( 4, 4 ),
 ( 2, 2 ),
 ( 0.000000000000000000, 1.000000000000000000 ),
 ( 0.000000000000000000, 1.000000000000000000 ),
 .UNSPECIFIED. ) ;
#567 = VERTEX_POINT ( 'NONE', #1099 ) ;
#568 = CARTESIAN_POINT ( 'NONE',  ( 0.007404229640961179117, -0.1497589292526249616, 0.08991003883102055561 ) ) ;
#569 = CARTESIAN_POINT ( 'NONE',  ( 0.2282043827380060563, 0.5705489936039553900, 0.08991003883102055561 ) ) ;
#570 = DIRECTION ( 'NONE',  ( -0.08494455047810547943, 0.9963856800175686645, 0.000000000000000000 ) ) ;
#571 = CARTESIAN_POINT ( 'NONE',  ( -0.5946949806213392975, -0.1712696681022649048, 0.08991003883102055561 ) ) ;
#572 = AXIS2_PLACEMENT_3D ( 'NONE', #2160, #2999, #1535 ) ;
#573 = CARTESIAN_POINT ( 'NONE',  ( 0.1709868008619080948, 0.8451080965400813438, 0.2999100388310207976 ) ) ;
#574 = CARTESIAN_POINT ( 'NONE',  ( 0.1547672776273247008, 0.7950406617714905755, 0.08991003883102055561 ) ) ;
#575 = DIRECTION ( 'NONE',  ( 0.000000000000000000, 0.000000000000000000, 1.000000000000000000 ) ) ;
#576 = ORIENTED_EDGE ( 'NONE', *, *, #2782, .T. ) ;
#577 = CARTESIAN_POINT ( 'NONE',  ( 0.08171198290453822455, 0.7168346926953569342, 0.08991003883102055561 ) ) ;
#578 = VECTOR ( 'NONE', #104, 1000.000000000000114 ) ;
#579 = CARTESIAN_POINT ( 'NONE',  ( 0.5245714874267576322, 0.1118608818054209891, 0.2999100388310207976 ) ) ;
#580 = ADVANCED_FACE ( 'NONE', ( #3871 ), #2161, .T. ) ;
#581 = ORIENTED_EDGE ( 'NONE', *, *, #350, .T. ) ;
#582 = DIRECTION ( 'NONE',  ( 0.000000000000000000, 0.000000000000000000, 1.000000000000000000 ) ) ;
#583 = FACE_OUTER_BOUND ( 'NONE', #2148, .T. ) ;
#584 = VERTEX_POINT ( 'NONE', #1743 ) ;
#585 = LINE ( 'NONE', #3579, #319 ) ;
#586 = CARTESIAN_POINT ( 'NONE',  ( 0.1964113768486832334, 0.5625657259023779666, 0.08991003883102055561 ) ) ;
#587 = CARTESIAN_POINT ( 'NONE',  ( -0.6422406492233276865, -0.1893673400878911339, -8.996116897953610793E-05 ) ) ;
#588 = ORIENTED_EDGE ( 'NONE', *, *, #2602, .T. ) ;
#589 = DIRECTION ( 'NONE',  ( 0.000000000000000000, 0.000000000000000000, -1.000000000000000000 ) ) ;
#590 = CC_DESIGN_DATE_AND_TIME_ASSIGNMENT ( #3514, #2882, ( #698 ) ) ;
#591 = CARTESIAN_POINT ( 'NONE',  ( 0.3100303974069603119, 0.8047370583507778008, -8.996116897953610793E-05 ) ) ;
#592 = CARTESIAN_POINT ( 'NONE',  ( 0.2302460884247608808, 0.8676731775854483741, 0.08991003883102055561 ) ) ;
#593 = CARTESIAN_POINT ( 'NONE',  ( 0.5281238487203252507, 0.1121767061412301120, -8.996116897953610793E-05 ) ) ;
#594 = ORIENTED_EDGE ( 'NONE', *, *, #2955, .F. ) ;
#595 = CARTESIAN_POINT ( 'NONE',  ( 0.5307128868871169303, 0.005429943620300988101, 0.08991003883102055561 ) ) ;
#596 = CARTESIAN_POINT ( 'NONE',  ( 0.5377484931945811786, -0.2394524612426763566, 0.2999100388310207976 ) ) ;
#597 = B_SPLINE_CURVE_WITH_KNOTS ( 'NONE', 3,
 ( #3604, #286, #304, #1509 ),
 .UNSPECIFIED., .F., .F.,
 ( 4, 4 ),
 ( -0.1958907536977120001, 2.775557561562891351E-17 ),
 .UNSPECIFIED. ) ;
#598 = B_SPLINE_SURFACE_WITH_KNOTS ( 'NONE', 3, 1, ( 
 ( #333, #2402 ),
 ( #2442, #3660 ),
 ( #79, #3022 ),
 ( #2686, #970 ) ),
 .UNSPECIFIED., .F., .F., .F.,
 ( 4, 4 ),
 ( 2, 2 ),
 ( 0.000000000000000000, 0.5239361901301520241 ),
 ( 0.000000000000000000, 1.000000000000000000 ),
 .UNSPECIFIED. ) ;
#599 = VERTEX_POINT ( 'NONE', #2982 ) ;
#600 = CARTESIAN_POINT ( 'NONE',  ( 0.5244930038452140231, 0.4163437500000002900, -8.996116897953610793E-05 ) ) ;
#601 = CARTESIAN_POINT ( 'NONE',  ( 0.6139485416412360230, -0.4166967296600351256, -8.996116897953610793E-05 ) ) ;
#602 = ORIENTED_EDGE ( 'NONE', *, *, #3427, .T. ) ;
#603 = CARTESIAN_POINT ( 'NONE',  ( 0.5413204650878908897, -0.2654874515533452994, 0.08991003883102055561 ) ) ;
#604 = CARTESIAN_POINT ( 'NONE',  ( -0.5230193653106702811, 0.2657691230773917002, 0.08991003883102055561 ) ) ;
#605 = FACE_OUTER_BOUND ( 'NONE', #1350, .T. ) ;
#606 = EDGE_LOOP ( 'NONE', ( #2871, #689, #1910, #2066 ) ) ;
#607 = CARTESIAN_POINT ( 'NONE',  ( 0.08664461019289260157, 0.7870896554900282949, 0.08991003883102055561 ) ) ;
#608 = CARTESIAN_POINT ( 'NONE',  ( 0.2397831028472721393, 0.8677348010542078605, 0.2999100388310207976 ) ) ;
#609 = CARTESIAN_POINT ( 'NONE',  ( 0.1741143021259982104, 0.8480622630656033945, 0.08991003883102055561 ) ) ;
#610 = CARTESIAN_POINT ( 'NONE',  ( 0.5245714874267576322, 0.1118608818054209891, -8.996116897953610793E-05 ) ) ;
#611 = EDGE_CURVE ( 'NONE', #960, #3699, #3192, .T. ) ;
#612 = CARTESIAN_POINT ( 'NONE',  ( 0.4821887682714329215, -0.6413766554701979539, 0.2999100388310207976 ) ) ;
#613 = CARTESIAN_POINT ( 'NONE',  ( -0.6375559694734052041, 0.1050534230112840500, 0.08991003883102055561 ) ) ;
#614 = CARTESIAN_POINT ( 'NONE',  ( 0.01561655291729290192, 0.7079508520880732902, -8.996116897953610793E-05 ) ) ;
#615 = VERTEX_POINT ( 'NONE', #292 ) ;
#616 = EDGE_CURVE ( 'NONE', #1898, #2014, #1181, .T. ) ;
#617 = DIRECTION ( 'NONE',  ( -1.000000000000000000, -1.853615422347660279E-15, 0.000000000000000000 ) ) ;
#618 = CARTESIAN_POINT ( 'NONE',  ( 0.4821887682714329215, -0.6413766554701979539, 0.08991003883102055561 ) ) ;
#619 = ORIENTED_EDGE ( 'NONE', *, *, #3288, .T. ) ;
#620 = CARTESIAN_POINT ( 'NONE',  ( -0.6702600145339951965, 0.05955418449063306502, 0.08991003883102055561 ) ) ;
#621 = CIRCLE ( 'NONE', #3370, 0.2032253743224718689 ) ;
#622 = CARTESIAN_POINT ( 'NONE',  ( 0.5373514728546147090, -0.6012436046600340145, 0.2999100388310207976 ) ) ;
#623 = CARTESIAN_POINT ( 'NONE',  ( 0.1620599035893730278, 0.8287246076713613574, -8.996116897953610793E-05 ) ) ;
#624 = VECTOR ( 'NONE', #437, 1000.000000000000000 ) ;
#625 = CARTESIAN_POINT ( 'NONE',  ( -0.2009942054748528883, 0.4130895881652840163, -8.996116897953610793E-05 ) ) ;
#626 = CARTESIAN_POINT ( 'NONE',  ( 0.1608445511284208040, 0.8237470385532096318, -8.996116897953610793E-05 ) ) ;
#627 = CARTESIAN_POINT ( 'NONE',  ( 0.1637549077534959652, 0.8329854784764563203, 0.08991003883102055561 ) ) ;
#628 = CARTESIAN_POINT ( 'NONE',  ( -0.06685050392150850007, 0.3661789340972906870, -8.996116897953610793E-05 ) ) ;
#629 = ORIENTED_EDGE ( 'NONE', *, *, #3624, .F. ) ;
#630 = PLANE ( 'NONE',  #3631 ) ;
#631 = EDGE_CURVE ( 'NONE', #793, #2237, #232, .T. ) ;
#632 = CARTESIAN_POINT ( 'NONE',  ( -0.07828052330017053195, 0.4175345687866199862, 0.08991003883102055561 ) ) ;
#633 = VECTOR ( 'NONE', #3778, 1000.000000000000227 ) ;
#634 = ORIENTED_EDGE ( 'NONE', *, *, #1902, .T. ) ;
#635 = CARTESIAN_POINT ( 'NONE',  ( 0.07753191375732478019, 0.3403815746307362611, -8.996116897953610793E-05 ) ) ;
#636 = CARTESIAN_POINT ( 'NONE',  ( 0.08419890022277884412, -0.6944305038452162071, -8.996116897953610793E-05 ) ) ;
#637 = ORIENTED_EDGE ( 'NONE', *, *, #1698, .F. ) ;
#638 = DIRECTION ( 'NONE',  ( 1.000000000000000000, 0.000000000000000000, 0.000000000000000000 ) ) ;
#639 = CARTESIAN_POINT ( 'NONE',  ( -0.6702600145339951965, 0.03399402618408303017, 0.08991003883102055561 ) ) ;
#640 = CARTESIAN_POINT ( 'NONE',  ( 0.2091485321210055370, 0.8654288821456823655, -8.996116897953610793E-05 ) ) ;
#641 = CARTESIAN_POINT ( 'NONE',  ( 0.5392568798065197067, 0.3487955474853512428, -8.996116897953610793E-05 ) ) ;
#642 = EDGE_CURVE ( 'NONE', #3001, #2395, #1920, .T. ) ;
#643 = CARTESIAN_POINT ( 'NONE',  ( 0.01218456215741003240, 0.7051771973028122531, 0.08991003883102055561 ) ) ;
#644 = CARTESIAN_POINT ( 'NONE',  ( 0.1762514056440032117, 0.8499993611502941748, 0.08991003883102055561 ) ) ;
#645 = CARTESIAN_POINT ( 'NONE',  ( -0.07828052330017053195, 0.4175345687866199862, -8.996116897953610793E-05 ) ) ;
#646 = LINE ( 'NONE', #3027, #3185 ) ;
#647 = CYLINDRICAL_SURFACE ( 'NONE', #129, 0.2032253743224718689 ) ;
#648 = LINE ( 'NONE', #1515, #2737 ) ;
#649 = VERTEX_POINT ( 'NONE', #252 ) ;
#650 = CARTESIAN_POINT ( 'NONE',  ( 0.5370352071266970562, 0.1394288780294939134, -8.996116897953610793E-05 ) ) ;
#651 = CARTESIAN_POINT ( 'NONE',  ( -0.4514230813980086299, 0.3403023643493640060, 0.08991003883102054173 ) ) ;
#652 = EDGE_CURVE ( 'NONE', #2489, #2652, #2621, .T. ) ;
#653 = ORIENTED_EDGE ( 'NONE', *, *, #2349, .F. ) ;
#654 = CARTESIAN_POINT ( 'NONE',  ( 0.3119999930262566945, 0.6419999789446588778, -8.996116897953610793E-05 ) ) ;
#655 = CARTESIAN_POINT ( 'NONE',  ( 0.5360814437866225912, -0.5914803924560546600, -8.996116897953610793E-05 ) ) ;
#656 = CARTESIAN_POINT ( 'NONE',  ( 0.2495530647367451560, 0.8667690766511165767, -8.996116897953610793E-05 ) ) ;
#657 = CARTESIAN_POINT ( 'NONE',  ( 0.5642298229888321748, 0.1863924477999479579, -8.996116897953610793E-05 ) ) ;
#658 = CARTESIAN_POINT ( 'NONE',  ( 0.1541079772067321663, 0.7936634670095276123, -8.996116897953610793E-05 ) ) ;
#659 = CARTESIAN_POINT ( 'NONE',  ( 0.1679004954696302898, 0.8406190442541473518, 0.08991003883102055561 ) ) ;
#660 = CARTESIAN_POINT ( 'NONE',  ( -0.4260907967839137056, 0.3950897330463479795, 0.2999100388310207976 ) ) ;
#661 = CARTESIAN_POINT ( 'NONE',  ( 0.4673313206626346639, -0.6493895050109040890, -8.996116897953610793E-05 ) ) ;
#662 = CARTESIAN_POINT ( 'NONE',  ( 0.4612308769226070027, 0.08507175230113793452, -8.996116897953610793E-05 ) ) ;
#663 = CARTESIAN_POINT ( 'NONE',  ( 0.02793721395382415748, 0.7142947867649248606, 0.2999100388310207976 ) ) ;
#664 = B_SPLINE_CURVE_WITH_KNOTS ( 'NONE', 3,
 ( #3050, #2396, #2760, #666 ),
 .UNSPECIFIED., .F., .F.,
 ( 4, 4 ),
 ( 0.4827839519066770002, 1.000000000000000000 ),
 .UNSPECIFIED. ) ;
#665 = ORIENTED_EDGE ( 'NONE', *, *, #1145, .T. ) ;
#666 = CARTESIAN_POINT ( 'NONE',  ( -0.4469781007766726599, 0.3458587112426763088, -8.996116897953610793E-05 ) ) ;
#667 = CARTESIAN_POINT ( 'NONE',  ( 0.4912812208732797448, 0.1021716166027859807, -8.996116897953610793E-05 ) ) ;
#668 = CARTESIAN_POINT ( 'NONE',  ( -0.5703607169109180530, 0.2615667559555888144, -8.996116897953610793E-05 ) ) ;
#669 = ORIENTED_EDGE ( 'NONE', *, *, #2138, .T. ) ;
#670 = LINE ( 'NONE', #2166, #3438 ) ;
#671 = CARTESIAN_POINT ( 'NONE',  ( 0.08173877906799396909, 0.3485571899414066643, -8.996116897953610793E-05 ) ) ;
#672 = ADVANCED_FACE ( 'NONE', ( #2659 ), #3617, .T. ) ;
#673 = CARTESIAN_POINT ( 'NONE',  ( 0.5407642974853529294, -0.5671921463012699061, -8.996116897953610793E-05 ) ) ;
#674 = DIRECTION ( 'NONE',  ( 0.000000000000000000, 0.000000000000000000, 1.000000000000000000 ) ) ;
#675 = CARTESIAN_POINT ( 'NONE',  ( 0.1558793150729240462, 0.7975644676840286662, 0.2999100388310207976 ) ) ;
#676 = CARTESIAN_POINT ( 'NONE',  ( 0.2955834530592398313, 0.8402350936441895790, 0.08991003883102055561 ) ) ;
#677 = CARTESIAN_POINT ( 'NONE',  ( -0.9000000000000000222, 0.9000000000000000222, -0.09008996116897960427 ) ) ;
#678 = AXIS2_PLACEMENT_3D ( 'NONE', #884, #2068, #3831 ) ;
#679 = CARTESIAN_POINT ( 'NONE',  ( 0.1529999965801835948, 0.7919999755918973872, -8.996116897953610793E-05 ) ) ;
#680 = VECTOR ( 'NONE', #582, 1000.000000000000000 ) ;
#681 = FACE_OUTER_BOUND ( 'NONE', #1841, .T. ) ;
#682 = CARTESIAN_POINT ( 'NONE',  ( 0.08086528587341365593, -0.6437892150878912201, -8.996116897953610793E-05 ) ) ;
#683 = VERTEX_POINT ( 'NONE', #1438 ) ;
#684 = FACE_OUTER_BOUND ( 'NONE', #2620, .T. ) ;
#685 = VECTOR ( 'NONE', #3457, 1000.000000000000000 ) ;
#686 = CARTESIAN_POINT ( 'NONE',  ( 0.2399999946355821367, 0.6359999790787713714, -8.996116897953610793E-05 ) ) ;
#687 = EDGE_CURVE ( 'NONE', #979, #852, #3598, .T. ) ;
#688 = CARTESIAN_POINT ( 'NONE',  ( 0.1949029474054258526, 0.5625445814281204715, -8.996116897953610793E-05 ) ) ;
#689 = ORIENTED_EDGE ( 'NONE', *, *, #2169, .F. ) ;
#690 = CARTESIAN_POINT ( 'NONE',  ( 0.5298109931945790274, -0.1980981540679935260, 0.08991003883102055561 ) ) ;
#691 = CARTESIAN_POINT ( 'NONE',  ( 0.03086755558763966401, 0.7153552550666376630, -8.996116897953610793E-05 ) ) ;
#692 = CARTESIAN_POINT ( 'NONE',  ( 0.6850684738159172893, -0.4166177616119393634, 0.08991003883102055561 ) ) ;
#693 = VECTOR ( 'NONE', #3824, 1000.000000000000000 ) ;
#694 = CARTESIAN_POINT ( 'NONE',  ( 0.2399999946355821367, 0.6359999790787713714, -8.996116897953610793E-05 ) ) ;
#695 = CARTESIAN_POINT ( 'NONE',  ( 0.1669346434352147468, 0.8395733904326946329, 0.2999100388310207976 ) ) ;
#696 = CARTESIAN_POINT ( 'NONE',  ( 0.3115596560132699588, 0.7955219980511306632, 0.08991003883102055561 ) ) ;
#697 = DIRECTION ( 'NONE',  ( 1.000000000000000000, 0.000000000000000000, 0.000000000000000000 ) ) ;
#698 = PRODUCT_DEFINITION ( '�', '', #2374, #1751 ) ;
#699 = EDGE_CURVE ( 'NONE', #2713, #3263, #1459, .T. ) ;
#700 = DIRECTION ( 'NONE',  ( 0.000000000000000000, 1.000000000000000000, 0.000000000000000000 ) ) ;
#701 = FACE_OUTER_BOUND ( 'NONE', #555, .T. ) ;
#702 = CARTESIAN_POINT ( 'NONE',  ( 0.6083924369812019339, 0.3357781734466556700, 0.08991003883102055561 ) ) ;
#703 = VERTEX_POINT ( 'NONE', #50 ) ;
#704 = CARTESIAN_POINT ( 'NONE',  ( -0.4509526027252049318, 0.3408107475340529380, 0.08991003883102054173 ) ) ;
#705 = DIRECTION ( 'NONE',  ( 0.000000000000000000, 0.000000000000000000, 1.000000000000000000 ) ) ;
#706 = ORIENTED_EDGE ( 'NONE', *, *, #3809, .F. ) ;
#707 = CARTESIAN_POINT ( 'NONE',  ( -0.5230980911254887733, 0.2656901550292948833, -8.996116897953610793E-05 ) ) ;
#708 = DIRECTION ( 'NONE',  ( 0.000000000000000000, 0.000000000000000000, 1.000000000000000000 ) ) ;
#709 = CARTESIAN_POINT ( 'NONE',  ( -0.6702600145339951965, -0.1873035125732429862, -8.996116897953610793E-05 ) ) ;
#710 = VERTEX_POINT ( 'NONE', #1877 ) ;
#711 = CARTESIAN_POINT ( 'NONE',  ( 0.2414965813474269640, 0.5873405566226822527, 0.08991003883102055561 ) ) ;
#712 = CARTESIAN_POINT ( 'NONE',  ( 0.2667273209420040203, 0.8622490723389125700, 0.08991003883102055561 ) ) ;
#713 = CARTESIAN_POINT ( 'NONE',  ( -0.5973930959701525545, 0.2592607994079598743, -8.996116897953610793E-05 ) ) ;
#714 = DIRECTION ( 'NONE',  ( -1.000000000000000000, 3.746537964288020597E-15, 0.000000000000000000 ) ) ;
#715 = DIRECTION ( 'NONE',  ( 0.000000000000000000, 1.000000000000000000, 0.000000000000000000 ) ) ;
#716 = CARTESIAN_POINT ( 'NONE',  ( -0.5106484958303312283, 0.3311988113860109828, 0.08991003883102055561 ) ) ;
#717 = EDGE_CURVE ( 'NONE', #1064, #567, #3236, .T. ) ;
#718 = VERTEX_POINT ( 'NONE', #3353 ) ;
#719 = FACE_OUTER_BOUND ( 'NONE', #73, .T. ) ;
#720 = CARTESIAN_POINT ( 'NONE',  ( -0.06736372140300327105, -0.6607805458846437441, -8.996116897953610793E-05 ) ) ;
#721 = ORIENTED_EDGE ( 'NONE', *, *, #611, .F. ) ;
#722 = LINE ( 'NONE', #1355, #3757 ) ;
#723 = CARTESIAN_POINT ( 'NONE',  ( 0.02793721395382415748, 0.7142947867649248606, -8.996116897953610793E-05 ) ) ;
#724 = CARTESIAN_POINT ( 'NONE',  ( 0.2931404721587054230, 0.8438890325825303407, -8.996116897953610793E-05 ) ) ;
#725 = ADVANCED_FACE ( 'NONE', ( #15 ), #905, .F. ) ;
#726 = B_SPLINE_CURVE_WITH_KNOTS ( 'NONE', 3,
 ( #511, #3726, #453, #2542 ),
 .UNSPECIFIED., .F., .F.,
 ( 4, 4 ),
 ( -0.1475501797854920083, 0.000000000000000000 ),
 .UNSPECIFIED. ) ;
#727 = ORIENTED_EDGE ( 'NONE', *, *, #2700, .T. ) ;
#728 = FACE_OUTER_BOUND ( 'NONE', #606, .T. ) ;
#729 = CARTESIAN_POINT ( 'NONE',  ( 0.2741020719004943484, 0.8590491562150566196, 0.08991003883102055561 ) ) ;
#730 = CARTESIAN_POINT ( 'NONE',  ( -0.06383421516418406882, 0.3403026065826422752, -8.996116897953610793E-05 ) ) ;
#731 = EDGE_CURVE ( 'NONE', #2701, #1218, #664, .T. ) ;
#732 = VECTOR ( 'NONE', #3255, 1000.000000000000000 ) ;
#733 = CARTESIAN_POINT ( 'NONE',  ( 0.4845673885345469500, 0.4155501937866210027, 0.08991003883102055561 ) ) ;
#734 = CARTESIAN_POINT ( 'NONE',  ( -0.4747006684357046868, 0.3133422259099622464, 0.08991003883102055561 ) ) ;
#735 = ORIENTED_EDGE ( 'NONE', *, *, #3124, .T. ) ;
#736 = CARTESIAN_POINT ( 'NONE',  ( -0.5973143701553342844, 0.2592675147315779971, -8.996116897953610793E-05 ) ) ;
#737 = CARTESIAN_POINT ( 'NONE',  ( -0.06300840849533431709, -0.6529614899742899325, -8.996116897953610793E-05 ) ) ;
#738 = VERTEX_POINT ( 'NONE', #385 ) ;
#739 = EDGE_LOOP ( 'NONE', ( #2165, #2550, #1680, #3410 ) ) ;
#740 = EDGE_CURVE ( 'NONE', #2905, #1190, #2850, .T. ) ;
#741 = CARTESIAN_POINT ( 'NONE',  ( -0.5472839464223372419, 0.2636283346112638371, -8.996116897953610793E-05 ) ) ;
#742 = EDGE_CURVE ( 'NONE', #3378, #1572, #395, .T. ) ;
#743 = CARTESIAN_POINT ( 'NONE',  ( 0.03471994362375693116, 0.7165961826628112208, -8.996116897953610793E-05 ) ) ;
#744 = CARTESIAN_POINT ( 'NONE',  ( 0.3053779742832867239, 0.8215959924132210102, -8.996116897953610793E-05 ) ) ;
#745 = ORIENTED_EDGE ( 'NONE', *, *, #2403, .T. ) ;
#746 = CARTESIAN_POINT ( 'NONE',  ( -0.5973930959701525545, 0.1155127906799310461, 0.2999100388310207976 ) ) ;
#747 = LINE ( 'NONE', #3761, #2167 ) ;
#748 = CARTESIAN_POINT ( 'NONE',  ( 0.9000000000000000222, 0.4500000000000000111, -0.09008996116897960427 ) ) ;
#749 = CC_DESIGN_APPROVAL ( #538, ( #820 ) ) ;
#750 = CARTESIAN_POINT ( 'NONE',  ( -0.6702600145339951965, 0.03399402618408303017, -8.996116897953610793E-05 ) ) ;
#751 = CARTESIAN_POINT ( 'NONE',  ( 0.2431364322759231589, 0.5938479157102981576, -8.996116897953610793E-05 ) ) ;
#752 = LINE ( 'NONE', #734, #1739 ) ;
#753 = ADVANCED_FACE ( 'NONE', ( #1241 ), #3297, .T. ) ;
#754 = ORIENTED_EDGE ( 'NONE', *, *, #3454, .F. ) ;
#755 = VERTEX_POINT ( 'NONE', #1590 ) ;
#756 = ORIENTED_EDGE ( 'NONE', *, *, #1847, .T. ) ;
#757 = DIRECTION ( 'NONE',  ( -1.853615422347660279E-15, 1.000000000000000000, 0.000000000000000000 ) ) ;
#758 = CARTESIAN_POINT ( 'NONE',  ( -0.2101878532933689203, -0.4030653370363775911, 0.08991003883102055561 ) ) ;
#759 = ORIENTED_EDGE ( 'NONE', *, *, #1716, .T. ) ;
#760 = ORIENTED_EDGE ( 'NONE', *, *, #1981, .T. ) ;
#761 = CARTESIAN_POINT ( 'NONE',  ( 0.1949029474054258526, 0.5625445814281204715, -8.996116897953610793E-05 ) ) ;
#762 = CARTESIAN_POINT ( 'NONE',  ( 0.2623173885345463363, 0.4150739631652829997, 0.2999100388310207976 ) ) ;
#763 = ADVANCED_FACE ( 'NONE', ( #1278 ), #3015, .T. ) ;
#764 = CARTESIAN_POINT ( 'NONE',  ( -0.5946949806213392975, -0.1927804069519045149, 0.2999100388310207976 ) ) ;
#765 = ADVANCED_FACE ( 'NONE', ( #1573 ), #2471, .T. ) ;
#766 = APPLICATION_CONTEXT ( 'configuration controlled 3d designs of mechanical parts and assemblies' ) ;
#767 = ORIENTED_EDGE ( 'NONE', *, *, #185, .T. ) ;
#768 = DIRECTION ( 'NONE',  ( 0.9963856800175685535, 0.08494455047810546555, 0.000000000000000000 ) ) ;
#769 = PLANE ( 'NONE',  #3813 ) ;
#770 = LINE ( 'NONE', #748, #3832 ) ;
#771 = CARTESIAN_POINT ( 'NONE',  ( -0.4514349780788579625, 0.3403008330909542689, -8.996116897953610793E-05 ) ) ;
#772 = CARTESIAN_POINT ( 'NONE',  ( 0.2394434849079030980, 0.6127484029338986504, -8.996116897953610793E-05 ) ) ;
#773 = ORIENTED_EDGE ( 'NONE', *, *, #3693, .T. ) ;
#774 = ORIENTED_EDGE ( 'NONE', *, *, #168, .T. ) ;
#775 = CARTESIAN_POINT ( 'NONE',  ( 0.5360039557655552622, 0.1180089248815771041, -8.996116897953610793E-05 ) ) ;
#776 = CARTESIAN_POINT ( 'NONE',  ( -0.5467524127960202707, -0.4174115600585942554, 0.08991003883102055561 ) ) ;
#777 = VERTEX_POINT ( 'NONE', #2436 ) ;
#778 = ORIENTED_EDGE ( 'NONE', *, *, #2801, .F. ) ;
#779 = DIRECTION ( 'NONE',  ( 0.000000000000000000, 0.000000000000000000, -1.000000000000000000 ) ) ;
#780 = DIRECTION ( 'NONE',  ( 0.000000000000000000, 0.000000000000000000, 1.000000000000000000 ) ) ;
#781 = CARTESIAN_POINT ( 'NONE',  ( 0.3117256555710843369, 0.7941942555411931615, -8.996116897953610793E-05 ) ) ;
#782 = EDGE_LOOP ( 'NONE', ( #2716, #1179, #408, #863 ) ) ;
#783 = ORIENTED_EDGE ( 'NONE', *, *, #345, .F. ) ;
#784 = ORIENTED_EDGE ( 'NONE', *, *, #3624, .T. ) ;
#785 = DIRECTION ( 'NONE',  ( 1.000000000000000000, 1.853615422347660279E-15, 0.000000000000000000 ) ) ;
#786 = ADVANCED_FACE ( 'NONE', ( #684 ), #3593, .T. ) ;
#787 = CARTESIAN_POINT ( 'NONE',  ( 0.1771801026529265799, 0.5638499849615191684, 0.08991003883102055561 ) ) ;
#788 = PLANE ( 'NONE',  #1495 ) ;
#789 = CARTESIAN_POINT ( 'NONE',  ( 0.4912812208730879537, 0.1021716166026839373, -8.996116897953610793E-05 ) ) ;
#790 = B_SPLINE_CURVE_WITH_KNOTS ( 'NONE', 3,
 ( #1709, #1383, #3479, #1128 ),
 .UNSPECIFIED., .F., .F.,
 ( 4, 4 ),
 ( 0.000000000000000000, 0.9615981752316300479 ),
 .UNSPECIFIED. ) ;
#791 = DIRECTION ( 'NONE',  ( 0.000000000000000000, 0.000000000000000000, 1.000000000000000000 ) ) ;
#792 = CARTESIAN_POINT ( 'NONE',  ( 0.1657004804570942902, 0.5588453556761975305, -8.996116897953610793E-05 ) ) ;
#793 = VERTEX_POINT ( 'NONE', #1823 ) ;
#794 = VECTOR ( 'NONE', #425, 1000.000000000000114 ) ;
#795 = ORIENTED_EDGE ( 'NONE', *, *, #3018, .T. ) ;
#796 = CARTESIAN_POINT ( 'NONE',  ( 0.5404474563598645753, 0.3389531249999996887, 0.08991003883102055561 ) ) ;
#797 = CARTESIAN_POINT ( 'NONE',  ( 0.5245714874267576322, 0.1118608818054209891, -8.996116897953610793E-05 ) ) ;
#798 = ORIENTED_EDGE ( 'NONE', *, *, #541, .T. ) ;
#799 = ORIENTED_EDGE ( 'NONE', *, *, #699, .F. ) ;
#800 = EDGE_CURVE ( 'NONE', #703, #2269, #3652, .T. ) ;
#801 = CARTESIAN_POINT ( 'NONE',  ( 0.03641523742675800007, -0.6437892150878912201, 0.2999100388310207976 ) ) ;
#802 = CIRCLE ( 'NONE', #3499, 0.2032253743224718689 ) ;
#803 = CARTESIAN_POINT ( 'NONE',  ( -0.4488786370950236249, 0.3427770889768346207, -8.996116897953610793E-05 ) ) ;
#804 = APPROVAL_DATE_TIME ( #544, #538 ) ;
#805 = EDGE_CURVE ( 'NONE', #1998, #291, #1223, .T. ) ;
#806 = ORIENTED_EDGE ( 'NONE', *, *, #2480, .T. ) ;
#807 = ORIENTED_EDGE ( 'NONE', *, *, #360, .T. ) ;
#808 = CARTESIAN_POINT ( 'NONE',  ( -0.6702600145339951965, 0.03399402618408303017, -8.996116897953610793E-05 ) ) ;
#809 = CARTESIAN_POINT ( 'NONE',  ( 0.2199208065079805985, 0.5662111625188981368, 0.08991003883102055561 ) ) ;
#810 = CARTESIAN_POINT ( 'NONE',  ( 0.007294551161412599245, 0.4918381944820532925, -8.996116897953610793E-05 ) ) ;
#811 = VECTOR ( 'NONE', #2094, 1000.000000000000000 ) ;
#812 = VERTEX_POINT ( 'NONE', #635 ) ;
#813 = CARTESIAN_POINT ( 'NONE',  ( 0.9000000000000000222, 0.9000000000000000222, -8.996116897953610793E-05 ) ) ;
#814 = CARTESIAN_POINT ( 'NONE',  ( 0.2978543259816713862, 0.8372568751479414484, -8.996116897953610793E-05 ) ) ;
#815 = CARTESIAN_POINT ( 'NONE',  ( 0.1596100508001530860, 0.8146934047400885559, 0.08991003883102055561 ) ) ;
#816 = CARTESIAN_POINT ( 'NONE',  ( 0.2015331313288690473, 0.5623199746190252757, 0.2999100388310207976 ) ) ;
#817 = ADVANCED_FACE ( 'NONE', ( #343 ), #3016, .T. ) ;
#818 = VECTOR ( 'NONE', #2268, 1000.000000000000000 ) ;
#819 = ADVANCED_FACE ( 'NONE', ( #1371 ), #1332, .T. ) ;
#820 = SECURITY_CLASSIFICATION ( '', '', #3837 ) ;
#821 = VERTEX_POINT ( 'NONE', #736 ) ;
#822 = CARTESIAN_POINT ( 'NONE',  ( -0.5191299467086796238, -0.4189197044372562351, -8.996116897953610793E-05 ) ) ;
#823 = CARTESIAN_POINT ( 'NONE',  ( 0.5413204650878908897, -0.2654874515533452994, -8.996116897953610793E-05 ) ) ;
#824 = EDGE_LOOP ( 'NONE', ( #3852, #1789, #1073, #848 ) ) ;
#825 = VERTEX_POINT ( 'NONE', #152 ) ;
#826 = EDGE_CURVE ( 'NONE', #2316, #893, #2832, .T. ) ;
#827 = CARTESIAN_POINT ( 'NONE',  ( 0.5452100048065202653, 0.4076919040679936601, 0.2999100388310207976 ) ) ;
#828 = LINE ( 'NONE', #502, #1819 ) ;
#829 = ORIENTED_EDGE ( 'NONE', *, *, #2653, .T. ) ;
#830 = ORIENTED_EDGE ( 'NONE', *, *, #3419, .F. ) ;
#831 = CARTESIAN_POINT ( 'NONE',  ( -0.5230980911254887733, 0.2656901550292948833, 0.08991003883102055561 ) ) ;
#832 = CARTESIAN_POINT ( 'NONE',  ( 0.2226008183769053739, 0.5674111122052591938, 0.08991003883102055561 ) ) ;
#833 = CARTESIAN_POINT ( 'NONE',  ( 0.6139485416412360230, -0.4166967296600351256, -8.996116897953610793E-05 ) ) ;
#834 = CARTESIAN_POINT ( 'NONE',  ( -0.5235750484466552557, 0.3167279796600332431, -8.996116897953610793E-05 ) ) ;
#835 = B_SPLINE_CURVE_WITH_KNOTS ( 'NONE', 3,
 ( #82, #2689, #1562, #2748 ),
 .UNSPECIFIED., .F., .F.,
 ( 4, 4 ),
 ( -0.1837124715626229920, 0.000000000000000000 ),
 .UNSPECIFIED. ) ;
#836 = CARTESIAN_POINT ( 'NONE',  ( 0.3117256555710843369, 0.7941942555411931615, -8.996116897953610793E-05 ) ) ;
#837 = DIRECTION ( 'NONE',  ( 0.000000000000000000, 1.000000000000000000, 0.000000000000000000 ) ) ;
#838 = EDGE_LOOP ( 'NONE', ( #1150, #3503, #2202, #1020 ) ) ;
#839 = B_SPLINE_SURFACE_WITH_KNOTS ( 'NONE', 3, 1, ( 
 ( #709, #3401 ),
 ( #2514, #120 ),
 ( #1917, #1324 ),
 ( #2242, #764 ) ),
 .UNSPECIFIED., .F., .F., .F.,
 ( 4, 4 ),
 ( 2, 2 ),
 ( -1.000000000000000000, 0.000000000000000000 ),
 ( 0.000000000000000000, 1.000000000000000000 ),
 .UNSPECIFIED. ) ;
#840 = DIRECTION ( 'NONE',  ( 0.000000000000000000, 0.000000000000000000, 1.000000000000000000 ) ) ;
#841 = ORIENTED_EDGE ( 'NONE', *, *, #942, .F. ) ;
#842 = CARTESIAN_POINT ( 'NONE',  ( 0.4959172286987309497, -0.6433921947479247505, -8.996116897953610793E-05 ) ) ;
#843 = EDGE_CURVE ( 'NONE', #2491, #1611, #170, .T. ) ;
#844 = CARTESIAN_POINT ( 'NONE',  ( 0.5298109931945790274, -0.1980981540679935260, -8.996116897953610793E-05 ) ) ;
#845 = ORIENTED_EDGE ( 'NONE', *, *, #926, .T. ) ;
#846 = CARTESIAN_POINT ( 'NONE',  ( 0.4612308769226070027, -0.1864300193786624371, 0.2999100388310207976 ) ) ;
#847 = CARTESIAN_POINT ( 'NONE',  ( 0.08277020835876484905, -0.6725231685638431989, 0.08991003883102055561 ) ) ;
#848 = ORIENTED_EDGE ( 'NONE', *, *, #3189, .T. ) ;
#849 = CARTESIAN_POINT ( 'NONE',  ( -0.4060510571310839145, 0.4151534156799299713, -8.996116897953610793E-05 ) ) ;
#850 = CARTESIAN_POINT ( 'NONE',  ( 0.2009365676834907466, 0.5625015299173646843, 0.08991003883102055561 ) ) ;
#851 = DIRECTION ( 'NONE',  ( 0.000000000000000000, 0.000000000000000000, -1.000000000000000000 ) ) ;
#852 = VERTEX_POINT ( 'NONE', #2180 ) ;
#853 = LINE ( 'NONE', #3246, #3326 ) ;
#854 = ADVANCED_FACE ( 'NONE', ( #1930 ), #3132, .T. ) ;
#855 = CARTESIAN_POINT ( 'NONE',  ( 0.2671406907070633108, 0.8623693743855893601, -8.996116897953610793E-05 ) ) ;
#856 = CARTESIAN_POINT ( 'NONE',  ( -0.4511228859712889672, 0.3406385987575316077, -8.996116897953609437E-05 ) ) ;
#857 = LINE ( 'NONE', #3252, #1008 ) ;
#858 = ORIENTED_EDGE ( 'NONE', *, *, #3590, .F. ) ;
#859 = CARTESIAN_POINT ( 'NONE',  ( 0.2369999947026373011, 0.6179999794811009695, -8.996116897953610793E-05 ) ) ;
#860 = LINE ( 'NONE', #250, #2860 ) ;
#861 = B_SPLINE_CURVE_WITH_KNOTS ( 'NONE', 3,
 ( #2419, #620, #2457, #3637 ),
 .UNSPECIFIED., .F., .F.,
 ( 4, 4 ),
 ( -0.2147104724995209935, -2.775557561562891351E-17 ),
 .UNSPECIFIED. ) ;
#862 = AXIS2_PLACEMENT_3D ( 'NONE', #3451, #757, #1351 ) ;
#863 = ORIENTED_EDGE ( 'NONE', *, *, #2537, .T. ) ;
#864 = CARTESIAN_POINT ( 'NONE',  ( 0.5360814437866225912, -0.5914803924560546600, 0.08991003883102055561 ) ) ;
#865 = LINE ( 'NONE', #2920, #2876 ) ;
#866 = AXIS2_PLACEMENT_3D ( 'NONE', #1387, #2587, #791 ) ;
#867 = EDGE_CURVE ( 'NONE', #334, #1136, #2551, .T. ) ;
#868 = B_SPLINE_SURFACE_WITH_KNOTS ( 'NONE', 3, 1, ( 
 ( #2718, #1664 ),
 ( #1597, #139 ),
 ( #3400, #762 ),
 ( #3439, #2168 ) ),
 .UNSPECIFIED., .F., .F., .F.,
 ( 4, 4 ),
 ( 2, 2 ),
 ( 0.000000000000000000, 1.000000000000000000 ),
 ( 0.000000000000000000, 1.000000000000000000 ),
 .UNSPECIFIED. ) ;
#869 = ORIENTED_EDGE ( 'NONE', *, *, #3727, .F. ) ;
#870 = AXIS2_PLACEMENT_3D ( 'NONE', #75, #1556, #2400 ) ;
#871 = LINE ( 'NONE', #890, #2937 ) ;
#872 = CARTESIAN_POINT ( 'NONE',  ( 0.1663170087969255417, 0.5590734714118502646, 0.08991003883102055561 ) ) ;
#873 = DIRECTION ( 'NONE',  ( 0.000000000000000000, 0.000000000000000000, 1.000000000000000000 ) ) ;
#874 = CARTESIAN_POINT ( 'NONE',  ( 0.3119999930262566945, 0.6419999789446588778, -8.996116897953610793E-05 ) ) ;
#875 = ORIENTED_EDGE ( 'NONE', *, *, #1967, .F. ) ;
#876 = ORIENTED_EDGE ( 'NONE', *, *, #3728, .T. ) ;
#877 = VECTOR ( 'NONE', #3679, 1000.000000000000000 ) ;
#878 = CARTESIAN_POINT ( 'NONE',  ( 0.5249162226809457321, -0.6408050877758726394, 0.2999100388310207976 ) ) ;
#879 = CARTESIAN_POINT ( 'NONE',  ( 0.1784383869202844364, 0.8518222368369304798, 0.08991003883102055561 ) ) ;
#880 = CARTESIAN_POINT ( 'NONE',  ( -0.5973930959701525545, 0.1155813013618050278, -8.996116897953610793E-05 ) ) ;
#881 = DIRECTION ( 'NONE',  ( 0.000000000000000000, 0.000000000000000000, -1.000000000000000000 ) ) ;
#882 = CARTESIAN_POINT ( 'NONE',  ( 0.07748406312395166029, 0.3403815746307362611, -8.996116897953610793E-05 ) ) ;
#883 = VECTOR ( 'NONE', #3635, 1000.000000000000000 ) ;
#884 = CARTESIAN_POINT ( 'NONE',  ( 0.07753191375732478019, 0.3403815746307362611, -8.996116897953610793E-05 ) ) ;
#885 = VECTOR ( 'NONE', #2810, 1000.000000000000000 ) ;
#886 = VERTEX_POINT ( 'NONE', #2852 ) ;
#887 = CARTESIAN_POINT ( 'NONE',  ( 0.5406853294372562235, -0.5672711143493657238, 0.08991003883102055561 ) ) ;
#888 = CARTESIAN_POINT ( 'NONE',  ( -0.4509526027252049318, 0.3408107475340529380, 0.08991003883102054173 ) ) ;
#889 = ORIENTED_EDGE ( 'NONE', *, *, #457, .T. ) ;
#890 = CARTESIAN_POINT ( 'NONE',  ( -0.5191299467086796238, -0.4189197044372562351, -8.996116897953610793E-05 ) ) ;
#891 = CARTESIAN_POINT ( 'NONE',  ( 0.5406853294372562235, -0.5672711143493657238, -8.996116897953610793E-05 ) ) ;
#892 = CARTESIAN_POINT ( 'NONE',  ( -0.5946949806213392975, -0.1927804069519045149, -8.996116897953610793E-05 ) ) ;
#893 = VERTEX_POINT ( 'NONE', #3168 ) ;
#894 = ADVANCED_FACE ( 'NONE', ( #1911 ), #132, .T. ) ;
#895 = DIRECTION ( 'NONE',  ( 0.000000000000000000, 0.000000000000000000, 1.000000000000000000 ) ) ;
#896 = CARTESIAN_POINT ( 'NONE',  ( 0.1995056383379788523, 0.8628772005274589763, -8.996116897953610793E-05 ) ) ;
#897 = CARTESIAN_POINT ( 'NONE',  ( 0.1605012676793915183, 0.8213814558042443759, 0.08991003883102055561 ) ) ;
#898 = CARTESIAN_POINT ( 'NONE',  ( 0.6083924369812019339, 0.1887710887000738635, -8.996116897953610793E-05 ) ) ;
#899 = EDGE_CURVE ( 'NONE', #1463, #718, #2525, .T. ) ;
#900 = ORIENTED_EDGE ( 'NONE', *, *, #2890, .F. ) ;
#901 = CARTESIAN_POINT ( 'NONE',  ( -0.3641903972625716301, -0.7161791763305672687, -8.996116897953610793E-05 ) ) ;
#902 = CARTESIAN_POINT ( 'NONE',  ( 0.03315536703511109268, 0.7161103664783136091, -8.996116897953610793E-05 ) ) ;
#903 = B_SPLINE_CURVE_WITH_KNOTS ( 'NONE', 3,
 ( #887, #2361, #864, #3238 ),
 .UNSPECIFIED., .F., .F.,
 ( 4, 4 ),
 ( -0.09915484443732869302, 1.387778780781445676E-17 ),
 .UNSPECIFIED. ) ;
#904 = ORIENTED_EDGE ( 'NONE', *, *, #2552, .F. ) ;
#905 = PLANE ( 'NONE',  #925 ) ;
#906 = CARTESIAN_POINT ( 'NONE',  ( 0.03551207461361370610, 0.7168346926953569342, -8.996116897953610793E-05 ) ) ;
#907 = ORIENTED_EDGE ( 'NONE', *, *, #1834, .T. ) ;
#908 = DIRECTION ( 'NONE',  ( 0.000000000000000000, 0.000000000000000000, 1.000000000000000000 ) ) ;
#909 = CARTESIAN_POINT ( 'NONE',  ( 0.1647322529981408989, 0.5573539153705472371, 0.08991003883102055561 ) ) ;
#910 = FACE_OUTER_BOUND ( 'NONE', #3876, .T. ) ;
#911 = EDGE_CURVE ( 'NONE', #1049, #462, #3393, .T. ) ;
#912 = CARTESIAN_POINT ( 'NONE',  ( 0.5363992538452142522, 0.3566538372039776972, -8.996116897953610793E-05 ) ) ;
#913 = CARTESIAN_POINT ( 'NONE',  ( 0.1591696040884590102, 0.8108962657022392717, 0.2999100388310207976 ) ) ;
#914 = CARTESIAN_POINT ( 'NONE',  ( 0.2029157081401974927, 0.8636341930242965592, 0.08991003883102055561 ) ) ;
#915 = ORIENTED_EDGE ( 'NONE', *, *, #1698, .T. ) ;
#916 = CARTESIAN_POINT ( 'NONE',  ( 0.4592988184568309595, -0.6662447057006756213, -8.996116897953610793E-05 ) ) ;
#917 =( BOUNDED_CURVE ( )  B_SPLINE_CURVE ( 3, ( #3234, #2654, #1737, #3867 ),
 .UNSPECIFIED., .F., .F. ) 
 B_SPLINE_CURVE_WITH_KNOTS ( ( 4, 4 ),
 ( 3.298837481658464910, 3.837293235930745006 ),
 .UNSPECIFIED. ) 
 CURVE ( )  GEOMETRIC_REPRESENTATION_ITEM ( )  RATIONAL_B_SPLINE_CURVE ( ( 1.000000000000000000, 0.9759843723325200004, 0.9759843723325200004, 1.000000000000000000 ) ) 
 REPRESENTATION_ITEM ( '' )  );
#918 = ORIENTED_EDGE ( 'NONE', *, *, #1287, .T. ) ;
#919 = CARTESIAN_POINT ( 'NONE',  ( -0.4260907967839137056, 0.3950897330463479795, 0.08991003883102055561 ) ) ;
#920 = CARTESIAN_POINT ( 'NONE',  ( -0.4479251341832342637, 0.3437266517336159399, 0.08991003883102055561 ) ) ;
#921 = ORIENTED_EDGE ( 'NONE', *, *, #3747, .T. ) ;
#922 = CARTESIAN_POINT ( 'NONE',  ( -0.06383421516418406882, 0.3403026065826422752, -8.996116897953610793E-05 ) ) ;
#923 = B_SPLINE_SURFACE_WITH_KNOTS ( 'NONE', 3, 1, ( 
 ( #1106, #1958 ),
 ( #2283, #3161 ),
 ( #1446, #2626 ),
 ( #2928, #2019 ),
 ( #3822, #527 ),
 ( #486, #509 ),
 ( #3782, #1149 ) ),
 .UNSPECIFIED., .F., .F., .F.,
 ( 4, 3, 4 ),
 ( 2, 2 ),
 ( -0.1050671314557939939, 0.000000000000000000, 0.002058170426502054819 ),
 ( 0.000000000000000000, 1.000000000000000000 ),
 .UNSPECIFIED. ) ;
#924 = CARTESIAN_POINT ( 'NONE',  ( -0.4514258586118145011, 0.3402990968043889675, 0.08991003883102054173 ) ) ;
#925 = AXIS2_PLACEMENT_3D ( 'NONE', #3073, #34, #1858 ) ;
#926 = EDGE_CURVE ( 'NONE', #361, #2978, #3469, .T. ) ;
#927 = EDGE_LOOP ( 'NONE', ( #3356, #3489, #474, #1409 ) ) ;
#928 = CARTESIAN_POINT ( 'NONE',  ( 0.07753191375732478019, 0.3403815746307362611, 0.08991003883102055561 ) ) ;
#929 = AXIS2_PLACEMENT_3D ( 'NONE', #3859, #2761, #2780 ) ;
#930 = CARTESIAN_POINT ( 'NONE',  ( 0.4612308769226070027, -0.1680944743156436993, 0.08991003883102055561 ) ) ;
#931 = CARTESIAN_POINT ( 'NONE',  ( 0.1906601611424083298, 0.8594650466827522539, -8.996116897953610793E-05 ) ) ;
#932 = DIRECTION ( 'NONE',  ( -1.000000000000000000, -3.636934798438500757E-15, 0.000000000000000000 ) ) ;
#933 = CARTESIAN_POINT ( 'NONE',  ( 0.01332317934742478262, 0.7061583453361864882, 0.08991003883102055561 ) ) ;
#934 = CARTESIAN_POINT ( 'NONE',  ( 0.1796246171559152949, 0.8526956533655669634, 0.08991003883102055561 ) ) ;
#935 = VECTOR ( 'NONE', #536, 1000.000000000000000 ) ;
#936 = DIRECTION ( 'NONE',  ( 0.000000000000000000, 0.000000000000000000, 1.000000000000000000 ) ) ;
#937 = CARTESIAN_POINT ( 'NONE',  ( 0.3119999930262566945, 0.7919999755918973872, 0.08991003883102055561 ) ) ;
#938 = EDGE_CURVE ( 'NONE', #272, #137, #1965, .T. ) ;
#939 = LINE ( 'NONE', #3045, #2045 ) ;
#940 = EDGE_LOOP ( 'NONE', ( #2663, #2274, #795, #3488 ) ) ;
#941 = CARTESIAN_POINT ( 'NONE',  ( 0.03315536703511109268, 0.7161103664783136091, 0.2999100388310207976 ) ) ;
#942 = EDGE_CURVE ( 'NONE', #3098, #1070, #1074, .T. ) ;
#943 = VECTOR ( 'NONE', #28, 1000.000000000000000 ) ;
#944 = ORIENTED_EDGE ( 'NONE', *, *, #3794, .T. ) ;
#945 = CARTESIAN_POINT ( 'NONE',  ( 0.5360039557655552622, 0.1180089248815771041, -8.996116897953610793E-05 ) ) ;
#946 = CARTESIAN_POINT ( 'NONE',  ( 0.5245714874267576322, 0.1118608818054209891, 0.08991003883102055561 ) ) ;
#947 = APPROVAL_PERSON_ORGANIZATION ( #3201, #2976, #2599 ) ;
#948 = ORIENTED_EDGE ( 'NONE', *, *, #3316, .T. ) ;
#949 = CARTESIAN_POINT ( 'NONE',  ( 0.08173877906799396909, 0.3485571899414066643, 0.08991003883102055561 ) ) ;
#950 = CARTESIAN_POINT ( 'NONE',  ( -0.06804108047485321609, 0.3587968749999986828, -8.996116897953610793E-05 ) ) ;
#951 = CARTESIAN_POINT ( 'NONE',  ( 0.4589333004485069423, -0.7170524272918709086, 0.08991003883102055561 ) ) ;
#952 = CARTESIAN_POINT ( 'NONE',  ( -0.06375548934936486889, 0.3403815746307362611, -8.996116897953610793E-05 ) ) ;
#953 = CARTESIAN_POINT ( 'NONE',  ( 0.1577960784274390071, 0.8036150752530836217, 0.2999100388310207976 ) ) ;
#954 = CARTESIAN_POINT ( 'NONE',  ( 0.1703448639424785527, 0.8439164461205008738, 0.08991003883102055561 ) ) ;
#955 = CARTESIAN_POINT ( 'NONE',  ( 0.5180542284908492556, -0.6443654134756922058, -8.996116897953610793E-05 ) ) ;
#956 = B_SPLINE_SURFACE_WITH_KNOTS ( 'NONE', 3, 1, ( 
 ( #661, #2709 ),
 ( #3293, #3570 ),
 ( #46, #612 ),
 ( #64, #1237 ) ),
 .UNSPECIFIED., .F., .F., .F.,
 ( 4, 4 ),
 ( 2, 2 ),
 ( -0.4791071567267810027, 0.000000000000000000 ),
 ( 0.000000000000000000, 1.000000000000000000 ),
 .UNSPECIFIED. ) ;
#957 = FACE_OUTER_BOUND ( 'NONE', #2985, .T. ) ;
#958 = CARTESIAN_POINT ( 'NONE',  ( 0.2740447795391091068, -0.5672711143493657238, 0.08991003883102055561 ) ) ;
#959 = CARTESIAN_POINT ( 'NONE',  ( 0.03086755558763966401, 0.7153552550666376630, 0.2999100388310207976 ) ) ;
#960 = VERTEX_POINT ( 'NONE', #775 ) ;
#961 = ADVANCED_FACE ( 'NONE', ( #719 ), #1891, .T. ) ;
#962 = CARTESIAN_POINT ( 'NONE',  ( -0.5467524127960202707, -0.4174115600585942554, -8.996116897953610793E-05 ) ) ;
#963 = DIRECTION ( 'NONE',  ( 0.000000000000000000, 0.000000000000000000, -1.000000000000000000 ) ) ;
#964 = CARTESIAN_POINT ( 'NONE',  ( 0.1529999965801835948, 0.7919999755918973872, -8.996116897953610793E-05 ) ) ;
#965 = ORIENTED_EDGE ( 'NONE', *, *, #3525, .F. ) ;
#966 = ORIENTED_EDGE ( 'NONE', *, *, #717, .F. ) ;
#967 = B_SPLINE_CURVE_WITH_KNOTS ( 'NONE', 3,
 ( #1578, #2075, #3058, #2150 ),
 .UNSPECIFIED., .F., .F.,
 ( 4, 4 ),
 ( 0.001417466385083090020, 1.000000000000000000 ),
 .UNSPECIFIED. ) ;
#968 = CARTESIAN_POINT ( 'NONE',  ( 0.1011094639679822327, 0.3978540235190942687, 0.08991003883102055561 ) ) ;
#969 = CARTESIAN_POINT ( 'NONE',  ( 0.1609999327140314296, 0.5515423608395249033, 0.08991003883102055561 ) ) ;
#970 = CARTESIAN_POINT ( 'NONE',  ( 0.4673313206626382166, -0.6493895050109066425, 0.2999100388310207976 ) ) ;
#971 = CARTESIAN_POINT ( 'NONE',  ( 0.04246807169914317004, 0.3403815746307362611, 0.08991003883102055561 ) ) ;
#972 = CARTESIAN_POINT ( 'NONE',  ( 0.007838551228675624469, 0.7005445595316475149, 0.08991003883102055561 ) ) ;
#973 = CARTESIAN_POINT ( 'NONE',  ( 0.2502560189073239627, 0.8664337195640999800, 0.08991003883102055561 ) ) ;
#974 = CARTESIAN_POINT ( 'NONE',  ( 0.007294551161412599245, 0.4918381944820532925, 0.08991003883102055561 ) ) ;
#975 = EDGE_CURVE ( 'NONE', #3197, #2697, #1021, .T. ) ;
#976 = DIRECTION ( 'NONE',  ( 0.000000000000000000, 0.000000000000000000, 1.000000000000000000 ) ) ;
#977 = DIRECTION ( 'NONE',  ( 0.000000000000000000, 0.000000000000000000, -1.000000000000000000 ) ) ;
#978 = CARTESIAN_POINT ( 'NONE',  ( 0.5421934738159199796, -0.2103217296600347896, -8.996116897953610793E-05 ) ) ;
#979 = VERTEX_POINT ( 'NONE', #2816 ) ;
#980 = CARTESIAN_POINT ( 'NONE',  ( 0.5172698497772222348, -0.1857156734466558212, -8.996116897953610793E-05 ) ) ;
#981 = DIRECTION ( 'NONE',  ( 0.000000000000000000, 0.000000000000000000, -1.000000000000000000 ) ) ;
#982 = CARTESIAN_POINT ( 'NONE',  ( 0.1613430557021111322, 0.5522443626340890477, 0.2999100388310207976 ) ) ;
#983 = ORIENTED_EDGE ( 'NONE', *, *, #1141, .F. ) ;
#984 = DIRECTION ( 'NONE',  ( 0.000000000000000000, 0.000000000000000000, 1.000000000000000000 ) ) ;
#985 = CARTESIAN_POINT ( 'NONE',  ( 0.5392568798065197067, 0.3487955474853512428, -8.996116897953610793E-05 ) ) ;
#986 = CC_DESIGN_PERSON_AND_ORGANIZATION_ASSIGNMENT ( #3873, #2902, ( #2374 ) ) ;
#987 = CARTESIAN_POINT ( 'NONE',  ( 0.1762849044543834121, 0.8504168681081033521, -8.996116897953610793E-05 ) ) ;
#988 = EDGE_CURVE ( 'NONE', #462, #3556, #1137, .T. ) ;
#989 = VECTOR ( 'NONE', #2895, 1000.000000000000000 ) ;
#990 = CARTESIAN_POINT ( 'NONE',  ( 0.5376692829132089235, 0.3638769912719729271, 0.2999100388310207976 ) ) ;
#991 = CARTESIAN_POINT ( 'NONE',  ( 0.1577960784274390071, 0.8036150752530836217, -8.996116897953610793E-05 ) ) ;
#992 = CARTESIAN_POINT ( 'NONE',  ( 0.3086944361335799969, 0.8102757971120256864, 0.08991003883102055561 ) ) ;
#993 = B_SPLINE_CURVE_WITH_KNOTS ( 'NONE', 3,
 ( #1293, #1016, #1566, #1667 ),
 .UNSPECIFIED., .F., .F.,
 ( 4, 4 ),
 ( 0.000000000000000000, 1.000000000000000000 ),
 .UNSPECIFIED. ) ;
#994 = CARTESIAN_POINT ( 'NONE',  ( 0.9000000000000000222, 1.200000000000000400, -8.996116897953610793E-05 ) ) ;
#995 = VECTOR ( 'NONE', #419, 1000.000000000000000 ) ;
#996 = CARTESIAN_POINT ( 'NONE',  ( -0.4509526027251986591, 0.3408107475340502734, 0.2999100388310207976 ) ) ;
#997 = VECTOR ( 'NONE', #700, 1000.000000000000000 ) ;
#998 = CARTESIAN_POINT ( 'NONE',  ( -0.6496625355389666900, 0.09296830794642606255, -8.996116897953610793E-05 ) ) ;
#999 = CARTESIAN_POINT ( 'NONE',  ( 0.4607544040679942277, -0.6803012790679923150, 0.2999100388310207976 ) ) ;
#1000 = EDGE_CURVE ( 'NONE', #649, #2435, #3830, .T. ) ;
#1001 = VERTEX_POINT ( 'NONE', #3214 ) ;
#1002 = CARTESIAN_POINT ( 'NONE',  ( 0.5373514728546147090, -0.6012436046600340145, -8.996116897953610793E-05 ) ) ;
#1003 = CARTESIAN_POINT ( 'NONE',  ( 0.5249162226809457321, -0.6408050877758726394, -8.996116897953610793E-05 ) ) ;
#1004 = CARTESIAN_POINT ( 'NONE',  ( 0.2418010926452283382, 0.5870156228578287116, 0.2999100388310207976 ) ) ;
#1005 = ORIENTED_EDGE ( 'NONE', *, *, #2079, .T. ) ;
#1006 = DIRECTION ( 'NONE',  ( 1.000000000000000000, 0.000000000000000000, 0.000000000000000000 ) ) ;
#1007 = CARTESIAN_POINT ( 'NONE',  ( 0.02448817103570547632, 0.7128736305004232943, -8.996116897953610793E-05 ) ) ;
#1008 = VECTOR ( 'NONE', #575, 1000.000000000000000 ) ;
#1009 = CC_DESIGN_APPROVAL ( #3846, ( #698 ) ) ;
#1010 = VERTEX_POINT ( 'NONE', #796 ) ;
#1011 = EDGE_CURVE ( 'NONE', #178, #3044, #3527, .T. ) ;
#1012 = CARTESIAN_POINT ( 'NONE',  ( 0.2367147913462184228, 0.5783880832841852282, 0.08991003883102055561 ) ) ;
#1013 = DIRECTION ( 'NONE',  ( 3.746537964288020597E-15, -1.000000000000000000, 0.000000000000000000 ) ) ;
#1014 = CARTESIAN_POINT ( 'NONE',  ( -0.3766523303985596649, -0.6495042247772221389, 0.08991003883102055561 ) ) ;
#1015 = B_SPLINE_CURVE_WITH_KNOTS ( 'NONE', 3,
 ( #3081, #3096, #3137, #2458 ),
 .UNSPECIFIED., .F., .F.,
 ( 4, 4 ),
 ( 0.000000000000000000, 1.000000000000000000 ),
 .UNSPECIFIED. ) ;
#1016 = CARTESIAN_POINT ( 'NONE',  ( 0.5452100048065202653, 0.4076919040679936601, -8.996116897953610793E-05 ) ) ;
#1017 = DIRECTION ( 'NONE',  ( 0.000000000000000000, 0.000000000000000000, 1.000000000000000000 ) ) ;
#1018 = CARTESIAN_POINT ( 'NONE',  ( 0.4619426845160519712, -0.6917092549015706471, -8.996116897953610793E-05 ) ) ;
#1019 = VERTEX_POINT ( 'NONE', #842 ) ;
#1020 = ORIENTED_EDGE ( 'NONE', *, *, #2452, .T. ) ;
#1021 = LINE ( 'NONE', #2200, #2101 ) ;
#1022 = CARTESIAN_POINT ( 'NONE',  ( 0.08213555717468315476, 0.3523672771453862929, 0.2999100388310207976 ) ) ;
#1023 = ORIENTED_EDGE ( 'NONE', *, *, #3215, .F. ) ;
#1024 = CARTESIAN_POINT ( 'NONE',  ( 0.1831500665177586973, 0.5638822281208555331, -8.996116897953610793E-05 ) ) ;
#1025 = CYLINDRICAL_SURFACE ( 'NONE', #18, 0.2032253743224718689 ) ;
#1026 = ORIENTED_EDGE ( 'NONE', *, *, #489, .T. ) ;
#1027 = CARTESIAN_POINT ( 'NONE',  ( 0.2421762183752669828, 0.6030761621142122220, 0.08991003883102055561 ) ) ;
#1028 = CARTESIAN_POINT ( 'NONE',  ( 0.2759359205266191384, 0.8580673160692702250, 0.08991003883102055561 ) ) ;
#1029 = LINE ( 'NONE', #1068, #2814 ) ;
#1030 = EDGE_CURVE ( 'NONE', #1876, #1998, #1986, .T. ) ;
#1031 = CARTESIAN_POINT ( 'NONE',  ( 0.08213555717468315476, 0.3523672771453862929, -8.996116897953610793E-05 ) ) ;
#1032 = DIRECTION ( 'NONE',  ( 0.000000000000000000, 0.000000000000000000, 1.000000000000000000 ) ) ;
#1033 = EDGE_LOOP ( 'NONE', ( #2967, #2414, #1397, #1780 ) ) ;
#1034 = VERTEX_POINT ( 'NONE', #1390 ) ;
#1035 = CARTESIAN_POINT ( 'NONE',  ( -0.4454699563980089594, -0.3597851719856268171, 0.08991003883102055561 ) ) ;
#1036 = CARTESIAN_POINT ( 'NONE',  ( 0.4882185707092289717, -0.1900812015533451527, 0.08991003883102055561 ) ) ;
#1037 = ORIENTED_EDGE ( 'NONE', *, *, #2420, .F. ) ;
#1038 = ORIENTED_EDGE ( 'NONE', *, *, #2607, .F. ) ;
#1039 = CARTESIAN_POINT ( 'NONE',  ( 0.5407642974853529294, -0.5671921463012699061, -8.996116897953610793E-05 ) ) ;
#1040 = CARTESIAN_POINT ( 'NONE',  ( 0.9000000000000000222, 0.9000000000000000222, -0.09008996116897960427 ) ) ;
#1041 = EDGE_CURVE ( 'NONE', #155, #2528, #1688, .T. ) ;
#1042 = ORIENTED_EDGE ( 'NONE', *, *, #3717, .T. ) ;
#1043 = ORIENTED_EDGE ( 'NONE', *, *, #2922, .T. ) ;
#1044 = CARTESIAN_POINT ( 'NONE',  ( 0.5404474563598645753, 0.3389531249999996887, -8.996116897953610793E-05 ) ) ;
#1045 = CARTESIAN_POINT ( 'NONE',  ( 0.6140275096893298423, -0.4166177616119384752, 0.08991003883102055561 ) ) ;
#1046 = CARTESIAN_POINT ( 'NONE',  ( 0.6140275096893298423, -0.4166177616119384752, -8.996116897953610793E-05 ) ) ;
#1047 = CARTESIAN_POINT ( 'NONE',  ( 0.1588052996303367381, 0.4918381944820532925, -8.996116897953610793E-05 ) ) ;
#1048 = CARTESIAN_POINT ( 'NONE',  ( -0.5114305620193473345, 0.3303804893493663131, -8.996116897953610793E-05 ) ) ;
#1049 = VERTEX_POINT ( 'NONE', #1764 ) ;
#1050 = ORIENTED_EDGE ( 'NONE', *, *, #1011, .T. ) ;
#1051 = VECTOR ( 'NONE', #2886, 1000.000000000000000 ) ;
#1052 = VERTEX_POINT ( 'NONE', #1456 ) ;
#1053 = DIRECTION ( 'NONE',  ( 0.000000000000000000, 0.000000000000000000, 1.000000000000000000 ) ) ;
#1054 = EDGE_CURVE ( 'NONE', #2435, #462, #3787, .T. ) ;
#1055 = CARTESIAN_POINT ( 'NONE',  ( -0.4989217755492692530, 0.3417122675146743171, -8.996116897953610793E-05 ) ) ;
#1056 = VECTOR ( 'NONE', #269, 1000.000000000000000 ) ;
#1057 = EDGE_LOOP ( 'NONE', ( #1026, #1973, #3636, #2600 ) ) ;
#1058 = VERTEX_POINT ( 'NONE', #577 ) ;
#1059 = CARTESIAN_POINT ( 'NONE',  ( -0.5973143701553342844, 0.2592675147315779971, -8.996116897953610793E-05 ) ) ;
#1060 = CARTESIAN_POINT ( 'NONE',  ( 0.008314373689073818741, 0.7011418700627701783, -8.996116897953610793E-05 ) ) ;
#1061 = PERSON_AND_ORGANIZATION ( #1765, #2881 ) ;
#1062 = ORIENTED_EDGE ( 'NONE', *, *, #1276, .F. ) ;
#1063 = ORIENTED_EDGE ( 'NONE', *, *, #1221, .F. ) ;
#1064 = VERTEX_POINT ( 'NONE', #822 ) ;
#1065 = VECTOR ( 'NONE', #1404, 1000.000000000000000 ) ;
#1066 = CARTESIAN_POINT ( 'NONE',  ( -0.2773058586541056192, 0.2867168582646056896, 0.08991003883102055561 ) ) ;
#1067 = FACE_OUTER_BOUND ( 'NONE', #1477, .T. ) ;
#1068 = CARTESIAN_POINT ( 'NONE',  ( 0.1206796274991863843, 0.7168346926953569342, 0.08991003883102055561 ) ) ;
#1069 = CARTESIAN_POINT ( 'NONE',  ( -0.05216729164123499324, -0.6447416763305673371, 0.08991003883102055561 ) ) ;
#1070 = VERTEX_POINT ( 'NONE', #2027 ) ;
#1071 = CARTESIAN_POINT ( 'NONE',  ( 0.2428531128316040177, 0.6012839727878732665, 0.2999100388310207976 ) ) ;
#1072 = ORIENTED_EDGE ( 'NONE', *, *, #1334, .F. ) ;
#1073 = ORIENTED_EDGE ( 'NONE', *, *, #3037, .F. ) ;
#1074 = LINE ( 'NONE', #3149, #494 ) ;
#1075 = CARTESIAN_POINT ( 'NONE',  ( 0.08547538834900042515, 0.3821625931264442944, 0.2999100388310207976 ) ) ;
#1076 = ORIENTED_EDGE ( 'NONE', *, *, #1519, .T. ) ;
#1077 = EDGE_CURVE ( 'NONE', #2616, #2237, #2634, .T. ) ;
#1078 = ORIENTED_EDGE ( 'NONE', *, *, #3299, .F. ) ;
#1079 = B_SPLINE_CURVE_WITH_KNOTS ( 'NONE', 3,
 ( #1655, #3765, #1314, #1069 ),
 .UNSPECIFIED., .F., .F.,
 ( 4, 4 ),
 ( -0.4433211401641850014, 0.000000000000000000 ),
 .UNSPECIFIED. ) ;
#1080 = CARTESIAN_POINT ( 'NONE',  ( -0.5973143701553342844, 0.2592675147315779971, 0.08991003883102055561 ) ) ;
#1081 = DIRECTION ( 'NONE',  ( -1.000000000000000000, 0.000000000000000000, 0.000000000000000000 ) ) ;
#1082 = LINE ( 'NONE', #482, #1386 ) ;
#1083 = ORIENTED_EDGE ( 'NONE', *, *, #2364, .F. ) ;
#1084 = EDGE_LOOP ( 'NONE', ( #3773, #1706, #1881, #1195 ) ) ;
#1085 = CARTESIAN_POINT ( 'NONE',  ( 0.5360039557655552622, 0.1180089248815771041, 0.08991003883102055561 ) ) ;
#1086 = CARTESIAN_POINT ( 'NONE',  ( 0.02878476159123746769, 0.7145845491543362238, 0.08991003883102055561 ) ) ;
#1087 = PLANE ( 'NONE',  #2103 ) ;
#1088 = CARTESIAN_POINT ( 'NONE',  ( 0.4612308769226070027, 0.03939195251464803343, -8.996116897953610793E-05 ) ) ;
#1089 = FACE_OUTER_BOUND ( 'NONE', #1096, .T. ) ;
#1090 = LINE ( 'NONE', #3376, #2813 ) ;
#1091 = EDGE_CURVE ( 'NONE', #1102, #2568, #3849, .T. ) ;
#1092 = ORIENTED_EDGE ( 'NONE', *, *, #1465, .T. ) ;
#1093 = EDGE_CURVE ( 'NONE', #852, #615, #1227, .T. ) ;
#1094 = LINE ( 'NONE', #208, #1363 ) ;
#1095 = CARTESIAN_POINT ( 'NONE',  ( 0.5391767005920423683, 0.1849651889801011140, -8.996116897953610793E-05 ) ) ;
#1096 = EDGE_LOOP ( 'NONE', ( #2129, #2731, #2360, #1969 ) ) ;
#1097 = VERTEX_POINT ( 'NONE', #2334 ) ;
#1098 = ORIENTED_EDGE ( 'NONE', *, *, #1802, .T. ) ;
#1099 = CARTESIAN_POINT ( 'NONE',  ( -0.5946949806213392975, -0.4147128391265873515, -8.996116897953610793E-05 ) ) ;
#1100 = DIRECTION ( 'NONE',  ( 0.000000000000000000, 0.000000000000000000, 1.000000000000000000 ) ) ;
#1101 = APPROVAL_DATE_TIME ( #3855, #2976 ) ;
#1102 = VERTEX_POINT ( 'NONE', #2006 ) ;
#1103 = VERTEX_POINT ( 'NONE', #3806 ) ;
#1104 = CARTESIAN_POINT ( 'NONE',  ( 0.4589333004485069423, -0.7170524272918709086, 0.08991003883102055561 ) ) ;
#1105 = CARTESIAN_POINT ( 'NONE',  ( 0.2042001611620095358, 0.5626479563295605502, 0.08991003883102055561 ) ) ;
#1106 = CARTESIAN_POINT ( 'NONE',  ( -0.4509526027252049318, 0.3408107475340530490, -8.996116897953610793E-05 ) ) ;
#1107 = EDGE_CURVE ( 'NONE', #2758, #191, #917, .T. ) ;
#1108 = CARTESIAN_POINT ( 'NONE',  ( 0.07753191375732478019, 0.3403815746307362611, 0.2999100388310207976 ) ) ;
#1109 = CARTESIAN_POINT ( 'NONE',  ( 0.3019257700652969723, 0.8298240857335583698, 0.2999100388310207976 ) ) ;
#1110 = CARTESIAN_POINT ( 'NONE',  ( 0.1587063354196584231, 0.8081583512740766473, 0.08991003883102055561 ) ) ;
#1111 = CARTESIAN_POINT ( 'NONE',  ( 0.2389055278956436768, 0.5808379082708069463, -8.996116897953610793E-05 ) ) ;
#1112 = VECTOR ( 'NONE', #2847, 1000.000000000000000 ) ;
#1113 = ORIENTED_EDGE ( 'NONE', *, *, #3163, .F. ) ;
#1114 = LINE ( 'NONE', #2941, #935 ) ;
#1115 = CARTESIAN_POINT ( 'NONE',  ( 0.6140275096893298423, -0.4166967296600351256, 0.08991003883102055561 ) ) ;
#1116 = B_SPLINE_SURFACE_WITH_KNOTS ( 'NONE', 3, 1, ( 
 ( #2635, #3276 ),
 ( #3850, #2980 ),
 ( #307, #1203 ),
 ( #3607, #1257 ) ),
 .UNSPECIFIED., .F., .F., .F.,
 ( 4, 4 ),
 ( 2, 2 ),
 ( -1.000000000000000000, -0.4827839519066770002 ),
 ( 0.000000000000000000, 1.000000000000000000 ),
 .UNSPECIFIED. ) ;
#1117 = ORIENTED_EDGE ( 'NONE', *, *, #2146, .T. ) ;
#1118 = VERTEX_POINT ( 'NONE', #882 ) ;
#1119 = DIRECTION ( 'NONE',  ( 0.000000000000000000, 0.000000000000000000, 1.000000000000000000 ) ) ;
#1120 = VECTOR ( 'NONE', #785, 1000.000000000000000 ) ;
#1121 = CARTESIAN_POINT ( 'NONE',  ( 0.5404474563598645753, 0.3389531249999996887, -8.996116897953610793E-05 ) ) ;
#1122 = ORIENTED_EDGE ( 'NONE', *, *, #249, .F. ) ;
#1123 = B_SPLINE_CURVE_WITH_KNOTS ( 'NONE', 3,
 ( #2953, #1261, #2454, #3672 ),
 .UNSPECIFIED., .F., .F.,
 ( 4, 4 ),
 ( -0.1163475683074250006, 0.000000000000000000 ),
 .UNSPECIFIED. ) ;
#1124 = ORIENTED_EDGE ( 'NONE', *, *, #2301, .F. ) ;
#1125 = EDGE_LOOP ( 'NONE', ( #226, #2213, #2119, #3605 ) ) ;
#1126 = DIRECTION ( 'NONE',  ( 0.000000000000000000, 0.000000000000000000, 1.000000000000000000 ) ) ;
#1127 = CARTESIAN_POINT ( 'NONE',  ( 0.2031006603493594742, 0.5625678166549145098, 0.08991003883102055561 ) ) ;
#1128 = CARTESIAN_POINT ( 'NONE',  ( -0.5102320714529399170, 0.3315842491641390333, -8.996116897953610793E-05 ) ) ;
#1129 = CARTESIAN_POINT ( 'NONE',  ( 0.5363992538452142522, 0.3566538372039776972, 0.08991003883102055561 ) ) ;
#1130 = EDGE_CURVE ( 'NONE', #1595, #2423, #1114, .T. ) ;
#1131 = CARTESIAN_POINT ( 'NONE',  ( 0.2091485321210055370, 0.8654288821456823655, -8.996116897953610793E-05 ) ) ;
#1132 = PLANE ( 'NONE',  #866 ) ;
#1133 = CARTESIAN_POINT ( 'NONE',  ( 0.08171198290453822455, 0.7168346926953569342, -8.996116897953610793E-05 ) ) ;
#1134 = VECTOR ( 'NONE', #3563, 1000.000000000000000 ) ;
#1135 = ORIENTED_EDGE ( 'NONE', *, *, #345, .T. ) ;
#1136 = VERTEX_POINT ( 'NONE', #2067 ) ;
#1137 = LINE ( 'NONE', #288, #2673 ) ;
#1138 = CARTESIAN_POINT ( 'NONE',  ( 0.5281238487203252507, 0.1121767061412301120, 0.2999100388310207976 ) ) ;
#1139 = ORIENTED_EDGE ( 'NONE', *, *, #740, .T. ) ;
#1140 = CARTESIAN_POINT ( 'NONE',  ( -0.007955358505248725717, -0.6429954166412371608, 0.2999100388310207976 ) ) ;
#1141 = EDGE_CURVE ( 'NONE', #3263, #793, #1094, .T. ) ;
#1142 = CARTESIAN_POINT ( 'NONE',  ( 0.3119999930262566945, 0.6419999789446588778, -8.996116897953610793E-05 ) ) ;
#1143 = APPROVAL_STATUS ( 'not_yet_approved' ) ;
#1144 = ORIENTED_EDGE ( 'NONE', *, *, #3454, .T. ) ;
#1145 = EDGE_CURVE ( 'NONE', #1412, #1034, #2271, .T. ) ;
#1146 = ORIENTED_EDGE ( 'NONE', *, *, #717, .T. ) ;
#1147 = CARTESIAN_POINT ( 'NONE',  ( 0.6850684738159199538, -0.2831883454322828286, 0.08991003883102055561 ) ) ;
#1148 = CARTESIAN_POINT ( 'NONE',  ( 0.1788804208454291833, 0.5639456698976672566, 0.08991003883102055561 ) ) ;
#1149 = CARTESIAN_POINT ( 'NONE',  ( -0.4514314130394260771, 0.3402925617144388903, 0.2999100388310207976 ) ) ;
#1150 = ORIENTED_EDGE ( 'NONE', *, *, #3591, .T. ) ;
#1151 = CARTESIAN_POINT ( 'NONE',  ( 0.08570704460144075443, -0.7170524272918709086, -8.996116897953610793E-05 ) ) ;
#1152 = CARTESIAN_POINT ( 'NONE',  ( 0.2192881985492205477, 0.8670870164189339313, 0.2999100388310207976 ) ) ;
#1153 = CARTESIAN_POINT ( 'NONE',  ( 0.1580182661589326909, 0.8047409087578805131, 0.08991003883102055561 ) ) ;
#1154 = B_SPLINE_SURFACE_WITH_KNOTS ( 'NONE', 3, 1, ( 
 ( #107, #2378 ),
 ( #324, #1606 ),
 ( #473, #1640 ),
 ( #3689, #456 ) ),
 .UNSPECIFIED., .F., .F., .F.,
 ( 4, 4 ),
 ( 2, 2 ),
 ( -1.000000000000000000, 0.000000000000000000 ),
 ( 0.000000000000000000, 1.000000000000000000 ),
 .UNSPECIFIED. ) ;
#1155 = LINE ( 'NONE', #2672, #1758 ) ;
#1156 = B_SPLINE_CURVE_WITH_KNOTS ( 'NONE', 3,
 ( #2085, #920, #3589, #2711 ),
 .UNSPECIFIED., .F., .F.,
 ( 4, 4 ),
 ( -0.01167567737263659929, 0.000000000000000000 ),
 .UNSPECIFIED. ) ;
#1157 = EDGE_LOOP ( 'NONE', ( #1358, #1023, #774, #528 ) ) ;
#1158 = CARTESIAN_POINT ( 'NONE',  ( -0.5230193653106702811, 0.2657691230773917002, -8.996116897953610793E-05 ) ) ;
#1159 = CARTESIAN_POINT ( 'NONE',  ( 0.5391731685297537213, 0.1848902665288978953, 0.08991003883102055561 ) ) ;
#1160 = EDGE_CURVE ( 'NONE', #2031, #3402, #1697, .T. ) ;
#1161 = VERTEX_POINT ( 'NONE', #1718 ) ;
#1162 = CARTESIAN_POINT ( 'NONE',  ( 0.5360039557655552622, 0.1180089248815771041, -8.996116897953610793E-05 ) ) ;
#1163 = DIRECTION ( 'NONE',  ( -0.7570555472595839053, 0.6533505172290690055, 0.000000000000000000 ) ) ;
#1164 = SHAPE_DEFINITION_REPRESENTATION ( #2936, #3493 ) ;
#1165 = ADVANCED_FACE ( 'NONE', ( #2915 ), #1433, .T. ) ;
#1166 = ORIENTED_EDGE ( 'NONE', *, *, #1684, .T. ) ;
#1167 = ORIENTED_EDGE ( 'NONE', *, *, #2420, .T. ) ;
#1168 = LINE ( 'NONE', #1790, #3698 ) ;
#1169 = CARTESIAN_POINT ( 'NONE',  ( 0.1679108049000113401, 0.5604215199408808523, 0.08991003883102055561 ) ) ;
#1170 = CARTESIAN_POINT ( 'NONE',  ( -0.1177299079895016004, 0.4161058769226059773, -8.996116897953610793E-05 ) ) ;
#1171 = CARTESIAN_POINT ( 'NONE',  ( 0.08173877906799396909, 0.3485571899414066643, -8.996116897953610793E-05 ) ) ;
#1172 = ADVANCED_FACE ( 'NONE', ( #2676 ), #630, .T. ) ;
#1173 = LINE ( 'NONE', #3542, #1812 ) ;
#1174 = CARTESIAN_POINT ( 'NONE',  ( 0.2325981517162347134, 0.8676885893226334856, 0.08991003883102055561 ) ) ;
#1175 = CARTESIAN_POINT ( 'NONE',  ( 0.5313621195955978704, 0.1153972079990729926, -8.996116897953610793E-05 ) ) ;
#1176 = ORIENTED_EDGE ( 'NONE', *, *, #1345, .F. ) ;
#1177 = CARTESIAN_POINT ( 'NONE',  ( -0.06736372140300506128, -0.6607805458846562896, 0.08991003883102055561 ) ) ;
#1178 = CARTESIAN_POINT ( 'NONE',  ( -0.5102320714529282597, 0.3315842491641237122, 0.2999100388310207976 ) ) ;
#1179 = ORIENTED_EDGE ( 'NONE', *, *, #1077, .F. ) ;
#1180 = EDGE_CURVE ( 'NONE', #519, #1576, #3424, .T. ) ;
#1181 = LINE ( 'NONE', #3198, #680 ) ;
#1182 = LINE ( 'NONE', #293, #1627 ) ;
#1183 = VECTOR ( 'NONE', #180, 1000.000000000000000 ) ;
#1184 = DATE_AND_TIME ( #3221, #3643 ) ;
#1185 = ORIENTED_EDGE ( 'NONE', *, *, #3529, .F. ) ;
#1186 = ORIENTED_EDGE ( 'NONE', *, *, #373, .F. ) ;
#1187 = VECTOR ( 'NONE', #2412, 1000.000000000000000 ) ;
#1188 = B_SPLINE_SURFACE_WITH_KNOTS ( 'NONE', 3, 1, ( 
 ( #2628, #1999 ),
 ( #834, #3209 ),
 ( #2077, #529 ),
 ( #1774, #1424 ) ),
 .UNSPECIFIED., .F., .F., .F.,
 ( 4, 4 ),
 ( 2, 2 ),
 ( -1.000000000000000000, 0.000000000000000000 ),
 ( 0.000000000000000000, 1.000000000000000000 ),
 .UNSPECIFIED. ) ;
#1189 = ORIENTED_EDGE ( 'NONE', *, *, #2004, .T. ) ;
#1190 = VERTEX_POINT ( 'NONE', #1201 ) ;
#1191 = CARTESIAN_POINT ( 'NONE',  ( 0.4959172286987309497, -0.6433921947479247505, 0.08991003883102055561 ) ) ;
#1192 = CARTESIAN_POINT ( 'NONE',  ( 0.1817331953421661150, 0.5638860559754999002, 0.08991003883102055561 ) ) ;
#1193 = CARTESIAN_POINT ( 'NONE',  ( -0.06736372140300506128, -0.6607805458846562896, -8.996116897953610793E-05 ) ) ;
#1194 = CARTESIAN_POINT ( 'NONE',  ( 0.6139485416412360230, -0.5671921463012699061, -8.996116897953610793E-05 ) ) ;
#1195 = ORIENTED_EDGE ( 'NONE', *, *, #988, .T. ) ;
#1196 = B_SPLINE_CURVE_WITH_KNOTS ( 'NONE', 3,
 ( #2856, #1915, #428, #445 ),
 .UNSPECIFIED., .F., .F.,
 ( 4, 4 ),
 ( -0.1051311492240319945, -1.387778780781445676E-17 ),
 .UNSPECIFIED. ) ;
#1197 = CARTESIAN_POINT ( 'NONE',  ( 0.3053779742832867239, 0.8215959924132210102, -8.996116897953610793E-05 ) ) ;
#1198 = CARTESIAN_POINT ( 'NONE',  ( 0.1664732852386194839, 0.8383941486622079609, 0.08991003883102055561 ) ) ;
#1199 = FACE_OUTER_BOUND ( 'NONE', #422, .T. ) ;
#1200 = ORIENTED_EDGE ( 'NONE', *, *, #3432, .F. ) ;
#1201 = CARTESIAN_POINT ( 'NONE',  ( 0.4612308769226070027, -0.1864300193786624371, -8.996116897953610793E-05 ) ) ;
#1202 = AXIS2_PLACEMENT_3D ( 'NONE', #3534, #1081, #3792 ) ;
#1203 = CARTESIAN_POINT ( 'NONE',  ( -0.4479251341832342637, 0.3437266517336159399, 0.2999100388310207976 ) ) ;
#1204 = VECTOR ( 'NONE', #1230, 1000.000000000000000 ) ;
#1205 = EDGE_LOOP ( 'NONE', ( #173, #2589, #3790, #3157 ) ) ;
#1206 = CARTESIAN_POINT ( 'NONE',  ( 0.08171198290453822455, 0.7168346926953569342, -8.996116897953610793E-05 ) ) ;
#1207 = CARTESIAN_POINT ( 'NONE',  ( 0.08277020835876484905, -0.6725231685638431989, -8.996116897953610793E-05 ) ) ;
#1208 = B_SPLINE_CURVE_WITH_KNOTS ( 'NONE', 2,
 ( #440, #1966, #477 ),
 .UNSPECIFIED., .F., .F.,
 ( 3, 3 ),
 ( 0.000000000000000000, 0.5313826273547570533 ),
 .UNSPECIFIED. ) ;
#1209 = EDGE_CURVE ( 'NONE', #3213, #1398, #3565, .T. ) ;
#1210 = VERTEX_POINT ( 'NONE', #1836 ) ;
#1211 = DIRECTION ( 'NONE',  ( 0.000000000000000000, 0.000000000000000000, 1.000000000000000000 ) ) ;
#1212 = CARTESIAN_POINT ( 'NONE',  ( 0.07753191375732478019, 0.3403815746307362611, -8.996116897953610793E-05 ) ) ;
#1213 = LINE ( 'NONE', #41, #3710 ) ;
#1214 = CARTESIAN_POINT ( 'NONE',  ( 0.1521783428612817624, 0.7919391729503582056, 0.08991003883102055561 ) ) ;
#1215 = CARTESIAN_POINT ( 'NONE',  ( 0.1807717619914757934, 0.8535402914720847667, 0.08991003883102055561 ) ) ;
#1216 = CARTESIAN_POINT ( 'NONE',  ( 0.2394434849079030980, 0.6127484029338986504, 0.2999100388310207976 ) ) ;
#1217 = ADVANCED_FACE ( 'NONE', ( #2710 ), #647, .F. ) ;
#1218 = VERTEX_POINT ( 'NONE', #1547 ) ;
#1219 = PLANE ( 'NONE',  #1803 ) ;
#1220 = FACE_OUTER_BOUND ( 'NONE', #3555, .T. ) ;
#1221 = EDGE_CURVE ( 'NONE', #755, #2316, #3039, .T. ) ;
#1222 = ORIENTED_EDGE ( 'NONE', *, *, #2128, .T. ) ;
#1223 = LINE ( 'NONE', #2107, #2532 ) ;
#1224 = CARTESIAN_POINT ( 'NONE',  ( 0.4959172286987309497, -0.6433921947479247505, 0.08991003883102055561 ) ) ;
#1225 = ORIENTED_EDGE ( 'NONE', *, *, #3601, .T. ) ;
#1226 = ORIENTED_EDGE ( 'NONE', *, *, #3302, .F. ) ;
#1227 = B_SPLINE_CURVE_WITH_KNOTS ( 'NONE', 3,
 ( #3571, #2874, #1177, #3546 ),
 .UNSPECIFIED., .F., .F.,
 ( 4, 4 ),
 ( -0.05605709966036739877, -6.938893903907228378E-18 ),
 .UNSPECIFIED. ) ;
#1228 = CARTESIAN_POINT ( 'NONE',  ( 0.2428531128316040177, 0.6012839727878732665, -8.996116897953610793E-05 ) ) ;
#1229 = CARTESIAN_POINT ( 'NONE',  ( 0.5391771850585952430, -0.5811617393493651029, 0.2999100388310207976 ) ) ;
#1230 = DIRECTION ( 'NONE',  ( 0.000000000000000000, 0.000000000000000000, 1.000000000000000000 ) ) ;
#1231 = EDGE_CURVE ( 'NONE', #1968, #190, #3628, .T. ) ;
#1232 = CARTESIAN_POINT ( 'NONE',  ( 0.5376692829132089235, 0.3638769912719729271, -8.996116897953610793E-05 ) ) ;
#1233 = EDGE_CURVE ( 'NONE', #492, #178, #1462, .T. ) ;
#1234 = DIRECTION ( 'NONE',  ( 0.000000000000000000, 0.000000000000000000, 1.000000000000000000 ) ) ;
#1235 = CARTESIAN_POINT ( 'NONE',  ( 0.1858315547196075501, 0.8567092177936793673, 0.08991003883102055561 ) ) ;
#1236 = CARTESIAN_POINT ( 'NONE',  ( -0.06010358047485299393, 0.4076921463012692648, 0.2999100388310207976 ) ) ;
#1237 = CARTESIAN_POINT ( 'NONE',  ( 0.4959172286987309497, -0.6433921947479247505, 0.2999100388310207976 ) ) ;
#1238 = CARTESIAN_POINT ( 'NONE',  ( -0.5973143701553342844, 0.2592675147315779971, 0.08991003883102055561 ) ) ;
#1239 = PLANE ( 'NONE',  #2935 ) ;
#1240 = ORIENTED_EDGE ( 'NONE', *, *, #1847, .F. ) ;
#1241 = FACE_OUTER_BOUND ( 'NONE', #3796, .T. ) ;
#1242 = CARTESIAN_POINT ( 'NONE',  ( -0.4514286358256202614, 0.3402958292594139289, 0.08991003883102054173 ) ) ;
#1243 = VECTOR ( 'NONE', #1053, 1000.000000000000000 ) ;
#1244 = EDGE_LOOP ( 'NONE', ( #1685, #2541, #3418, #2534 ) ) ;
#1245 = CARTESIAN_POINT ( 'NONE',  ( 0.5377484931945811786, -0.2394524612426763566, 0.08991003883102055561 ) ) ;
#1246 = AXIS2_PLACEMENT_3D ( 'NONE', #686, #300, #2347 ) ;
#1247 = CARTESIAN_POINT ( 'NONE',  ( -0.06383421516418406882, 0.3403026065826422752, 0.2999100388310207976 ) ) ;
#1248 = CARTESIAN_POINT ( 'NONE',  ( 0.1709868008619080948, 0.8451080965400813438, -8.996116897953610793E-05 ) ) ;
#1249 = AXIS2_PLACEMENT_3D ( 'NONE', #654, #638, #3358 ) ;
#1250 = CARTESIAN_POINT ( 'NONE',  ( 0.2740842635631570157, -0.5671921463012707942, 0.08991003883102055561 ) ) ;
#1251 = CARTESIAN_POINT ( 'NONE',  ( 0.1608445511284208040, 0.8237470385532096318, 0.2999100388310207976 ) ) ;
#1252 = CARTESIAN_POINT ( 'NONE',  ( 0.2096237291404215441, 0.8652800031126353097, 0.08991003883102055561 ) ) ;
#1253 = CARTESIAN_POINT ( 'NONE',  ( 0.5249162226809457321, -0.6408050877758726394, -8.996116897953610793E-05 ) ) ;
#1254 = EDGE_CURVE ( 'NONE', #1034, #777, #3606, .T. ) ;
#1255 = CARTESIAN_POINT ( 'NONE',  ( 0.6140275096893298423, -0.4166177616119384752, -8.996116897953610793E-05 ) ) ;
#1256 = DIRECTION ( 'NONE',  ( 0.000000000000000000, 0.000000000000000000, 1.000000000000000000 ) ) ;
#1257 = CARTESIAN_POINT ( 'NONE',  ( -0.4488786370950236249, 0.3427770889768346207, 0.2999100388310207976 ) ) ;
#1258 = VECTOR ( 'NONE', #125, 1000.000000000000000 ) ;
#1259 = ORIENTED_EDGE ( 'NONE', *, *, #1430, .T. ) ;
#1260 = CARTESIAN_POINT ( 'NONE',  ( -0.06804108047485321609, 0.3587968749999986828, -8.996116897953610793E-05 ) ) ;
#1261 = CARTESIAN_POINT ( 'NONE',  ( 0.5114260863963180359, 0.1105743830367031250, 0.08991003883102055561 ) ) ;
#1262 = CARTESIAN_POINT ( 'NONE',  ( 0.1511923885345461127, 0.4152326259613022263, 0.2999100388310207976 ) ) ;
#1263 = ORIENTED_EDGE ( 'NONE', *, *, #87, .F. ) ;
#1264 = LINE ( 'NONE', #2440, #1741 ) ;
#1265 = CARTESIAN_POINT ( 'NONE',  ( 0.4607544040679942277, -0.6803012790679923150, -8.996116897953610793E-05 ) ) ;
#1266 = CARTESIAN_POINT ( 'NONE',  ( 0.6850684738159172893, -0.4166177616119393634, -8.996116897953610793E-05 ) ) ;
#1267 = EDGE_CURVE ( 'NONE', #2528, #2395, #2157, .T. ) ;
#1268 = CARTESIAN_POINT ( 'NONE',  ( -0.5191299467086796238, -0.5663983478546149586, 0.2999100388310207976 ) ) ;
#1269 = CARTESIAN_POINT ( 'NONE',  ( -0.07828052330017053195, 0.4175345687866199862, -8.996116897953610793E-05 ) ) ;
#1270 = CARTESIAN_POINT ( 'NONE',  ( 0.2906143153674164981, 0.8464258426547736081, 0.08991003883102055561 ) ) ;
#1271 = CARTESIAN_POINT ( 'NONE',  ( 0.5407642974853529294, -0.5671921463012699061, -8.996116897953610793E-05 ) ) ;
#1272 = B_SPLINE_SURFACE_WITH_KNOTS ( 'NONE', 3, 1, ( 
 ( #3180, #2196 ),
 ( #3087, #86 ),
 ( #3797, #199 ),
 ( #3708, #3407 ) ),
 .UNSPECIFIED., .F., .F., .F.,
 ( 4, 4 ),
 ( 2, 2 ),
 ( 0.001417466385084260091, 1.000000000000000000 ),
 ( 0.000000000000000000, 1.000000000000000000 ),
 .UNSPECIFIED. ) ;
#1273 = CARTESIAN_POINT ( 'NONE',  ( -0.4260907967839137056, 0.3950897330463479795, -8.996116897953610793E-05 ) ) ;
#1274 = CARTESIAN_POINT ( 'NONE',  ( -0.4127309703486926606, 0.4084655214687363256, 0.08991003883102055561 ) ) ;
#1275 = CARTESIAN_POINT ( 'NONE',  ( 0.5413204650878908897, -0.2654874515533452994, -8.996116897953610793E-05 ) ) ;
#1276 = EDGE_CURVE ( 'NONE', #567, #2740, #939, .T. ) ;
#1277 = ORIENTED_EDGE ( 'NONE', *, *, #1231, .F. ) ;
#1278 = FACE_OUTER_BOUND ( 'NONE', #3870, .T. ) ;
#1279 = EDGE_CURVE ( 'NONE', #3379, #1103, #2193, .T. ) ;
#1280 = CARTESIAN_POINT ( 'NONE',  ( -0.2844174079895012697, 0.4151534156799299713, -8.996116897953610793E-05 ) ) ;
#1281 = CARTESIAN_POINT ( 'NONE',  ( 0.2226179463192939356, 0.5670975689476585035, 0.2999100388310207976 ) ) ;
#1282 = VERTEX_POINT ( 'NONE', #2995 ) ;
#1283 = ORIENTED_EDGE ( 'NONE', *, *, #3007, .F. ) ;
#1284 = DIRECTION ( 'NONE',  ( -1.000000000000000000, 0.000000000000000000, 0.000000000000000000 ) ) ;
#1285 = CARTESIAN_POINT ( 'NONE',  ( 0.1511923885345461127, 0.4152326259613022263, -8.996116897953610793E-05 ) ) ;
#1286 = CARTESIAN_POINT ( 'NONE',  ( 0.1591696040884590102, 0.8108962657022392717, -8.996116897953610793E-05 ) ) ;
#1287 = EDGE_CURVE ( 'NONE', #2099, #2014, #1568, .T. ) ;
#1288 = CARTESIAN_POINT ( 'NONE',  ( 0.4729423637121452639, -0.6435881761765653852, -8.996116897953610793E-05 ) ) ;
#1289 = CARTESIAN_POINT ( 'NONE',  ( 0.009686627801026290174, 0.7027036105187726145, 0.08991003883102055561 ) ) ;
#1290 = CARTESIAN_POINT ( 'NONE',  ( 0.2539355052398399315, 0.8658106580294694377, 0.08991003883102055561 ) ) ;
#1291 = CARTESIAN_POINT ( 'NONE',  ( -0.4260907967839137056, 0.3950897330463479795, -8.996116897953610793E-05 ) ) ;
#1292 = EDGE_CURVE ( 'NONE', #2291, #2556, #3184, .T. ) ;
#1293 = CARTESIAN_POINT ( 'NONE',  ( 0.5376692829132089235, 0.3638769912719729271, -8.996116897953610793E-05 ) ) ;
#1294 = CARTESIAN_POINT ( 'NONE',  ( -0.3766523303985596649, -0.6495042247772221389, 0.2999100388310207976 ) ) ;
#1295 = LINE ( 'NONE', #2467, #3186 ) ;
#1296 = VERTEX_POINT ( 'NONE', #3667 ) ;
#1297 = ORIENTED_EDGE ( 'NONE', *, *, #2216, .F. ) ;
#1298 = CARTESIAN_POINT ( 'NONE',  ( 0.5362590860221616573, -0.6348764096269262636, 0.2999100388310207976 ) ) ;
#1299 = LINE ( 'NONE', #3268, #3434 ) ;
#1300 = CARTESIAN_POINT ( 'NONE',  ( 0.1887595174763967709, 0.5632086978140425915, 0.2999100388310207976 ) ) ;
#1301 = EDGE_CURVE ( 'NONE', #3759, #3436, #2979, .T. ) ;
#1302 = ORIENTED_EDGE ( 'NONE', *, *, #1749, .T. ) ;
#1303 = EDGE_CURVE ( 'NONE', #1416, #1968, #2904, .T. ) ;
#1304 = CARTESIAN_POINT ( 'NONE',  ( -0.06899427940444766150, -0.7161791763305672687, 0.08991003883102055561 ) ) ;
#1305 = LINE ( 'NONE', #3381, #877 ) ;
#1306 = B_SPLINE_SURFACE_WITH_KNOTS ( 'NONE', 3, 1, ( 
 ( #3745, #1294 ),
 ( #182, #3709 ),
 ( #1639, #3088 ),
 ( #1364, #3389 ) ),
 .UNSPECIFIED., .F., .F., .F.,
 ( 4, 4 ),
 ( 2, 2 ),
 ( -1.000000000000000000, 0.000000000000000000 ),
 ( 0.000000000000000000, 1.000000000000000000 ),
 .UNSPECIFIED. ) ;
#1307 = LINE ( 'NONE', #952, #1872 ) ;
#1308 = CARTESIAN_POINT ( 'NONE',  ( -0.5973930959701525545, 0.1155127906799310461, -8.996116897953610793E-05 ) ) ;
#1309 = FACE_OUTER_BOUND ( 'NONE', #2251, .T. ) ;
#1310 = CARTESIAN_POINT ( 'NONE',  ( -0.5230193653106702811, 0.2657691230773917002, -8.996116897953610793E-05 ) ) ;
#1311 = CARTESIAN_POINT ( 'NONE',  ( -0.3967746256775283031, 0.6000000000000001998, -8.996116897953610793E-05 ) ) ;
#1312 = VECTOR ( 'NONE', #401, 1000.000000000000000 ) ;
#1313 = ADVANCED_FACE ( 'NONE', ( #2100 ), #1219, .T. ) ;
#1314 = CARTESIAN_POINT ( 'NONE',  ( -0.007955358505248725717, -0.6429954166412371608, 0.08991003883102055561 ) ) ;
#1315 = CARTESIAN_POINT ( 'NONE',  ( -0.5110545313566665637, 0.3308024485580192131, -8.996116897953610793E-05 ) ) ;
#1316 = ORIENTED_EDGE ( 'NONE', *, *, #1620, .F. ) ;
#1317 = DIRECTION ( 'NONE',  ( 0.000000000000000000, 0.000000000000000000, 1.000000000000000000 ) ) ;
#1318 = LINE ( 'NONE', #2493, #1672 ) ;
#1319 = ORIENTED_EDGE ( 'NONE', *, *, #3847, .F. ) ;
#1320 = CARTESIAN_POINT ( 'NONE',  ( 0.1734893013588578725, 0.5635242047427272416, -8.996116897953610793E-05 ) ) ;
#1321 = LINE ( 'NONE', #1936, #448 ) ;
#1322 = VECTOR ( 'NONE', #2857, 1000.000000000000000 ) ;
#1323 = ADVANCED_FACE ( 'NONE', ( #681 ), #2133, .T. ) ;
#1324 = CARTESIAN_POINT ( 'NONE',  ( -0.6203330717086799062, -0.1909546947479253409, 0.2999100388310207976 ) ) ;
#1325 = ORIENTED_EDGE ( 'NONE', *, *, #469, .F. ) ;
#1326 = CARTESIAN_POINT ( 'NONE',  ( 0.2427285132165632187, 0.5993610733747565256, 0.08991003883102055561 ) ) ;
#1327 = CARTESIAN_POINT ( 'NONE',  ( 0.2987242433943695374, 0.8354684722788412454, 0.08991003883102055561 ) ) ;
#1328 = CARTESIAN_POINT ( 'NONE',  ( 0.4912812208732797448, 0.1021716166027859807, -8.996116897953610793E-05 ) ) ;
#1329 = CARTESIAN_POINT ( 'NONE',  ( -0.5467524127960202707, -0.4174115600585942554, -8.996116897953610793E-05 ) ) ;
#1330 = CARTESIAN_POINT ( 'NONE',  ( -0.5973930959701525545, 0.1155127906799310461, -8.996116897953610793E-05 ) ) ;
#1331 = ORIENTED_EDGE ( 'NONE', *, *, #2434, .T. ) ;
#1332 = PLANE ( 'NONE',  #2164 ) ;
#1333 = LINE ( 'NONE', #2526, #3311 ) ;
#1334 = EDGE_CURVE ( 'NONE', #2835, #258, #1893, .T. ) ;
#1335 = ADVANCED_FACE ( 'NONE', ( #3425 ), #1306, .T. ) ;
#1336 = ORIENTED_EDGE ( 'NONE', *, *, #3775, .T. ) ;
#1337 = ORIENTED_EDGE ( 'NONE', *, *, #975, .F. ) ;
#1338 = CARTESIAN_POINT ( 'NONE',  ( -0.4495662476623529802, 0.3420838185949862664, -8.996116897953610793E-05 ) ) ;
#1339 = CARTESIAN_POINT ( 'NONE',  ( 0.007627690514869830268, 0.7002637804798946819, -8.996116897953610793E-05 ) ) ;
#1340 = CARTESIAN_POINT ( 'NONE',  ( 0.3082266013477022448, 0.8125784361724086580, -8.996116897953610793E-05 ) ) ;
#1341 = ORIENTED_EDGE ( 'NONE', *, *, #2376, .T. ) ;
#1342 = CARTESIAN_POINT ( 'NONE',  ( 0.2369999947026373011, 0.6179999794811009695, 0.08991003883102055561 ) ) ;
#1343 = CARTESIAN_POINT ( 'NONE',  ( 0.3041958851652932228, 0.8240964212368494524, 0.08991003883102055561 ) ) ;
#1344 = CARTESIAN_POINT ( 'NONE',  ( 0.4612308769226070027, 0.03939195251464803343, -8.996116897953610793E-05 ) ) ;
#1345 = EDGE_CURVE ( 'NONE', #97, #1210, #2661, .T. ) ;
#1346 = ADVANCED_FACE ( 'NONE', ( #701 ), #1943, .T. ) ;
#1347 = EDGE_CURVE ( 'NONE', #1725, #2491, #3445, .T. ) ;
#1348 = CARTESIAN_POINT ( 'NONE',  ( 0.08547538834900042515, 0.3821625931264442944, -8.996116897953610793E-05 ) ) ;
#1349 = CARTESIAN_POINT ( 'NONE',  ( 0.5838655910491953316, 0.3368895397186292828, 0.08991003883102055561 ) ) ;
#1350 = EDGE_LOOP ( 'NONE', ( #3713, #1939, #948, #2986 ) ) ;
#1351 = DIRECTION ( 'NONE',  ( 1.000000000000000000, 1.853615422347660279E-15, 0.000000000000000000 ) ) ;
#1352 = CARTESIAN_POINT ( 'NONE',  ( -0.5110545313566665637, 0.3308024485580192131, -8.996116897953610793E-05 ) ) ;
#1353 = ORIENTED_EDGE ( 'NONE', *, *, #1846, .F. ) ;
#1354 = VERTEX_POINT ( 'NONE', #1047 ) ;
#1355 = CARTESIAN_POINT ( 'NONE',  ( 0.7499999999999996669, -0.9000000000000000222, -0.09008996116897960427 ) ) ;
#1356 = DIRECTION ( 'NONE',  ( 1.000000000000000000, 0.000000000000000000, 0.000000000000000000 ) ) ;
#1357 = DIRECTION ( 'NONE',  ( 8.847903528206049659E-16, -1.000000000000000000, 0.000000000000000000 ) ) ;
#1358 = ORIENTED_EDGE ( 'NONE', *, *, #1292, .T. ) ;
#1359 = ORIENTED_EDGE ( 'NONE', *, *, #1011, .F. ) ;
#1360 = CARTESIAN_POINT ( 'NONE',  ( 0.03551207461361370610, 0.7168346926953569342, 0.08991003883102055561 ) ) ;
#1361 = FACE_OUTER_BOUND ( 'NONE', #3030, .T. ) ;
#1362 = DIRECTION ( 'NONE',  ( 0.000000000000000000, -1.000000000000000000, 0.000000000000000000 ) ) ;
#1363 = VECTOR ( 'NONE', #1678, 1000.000000000000227 ) ;
#1364 = CARTESIAN_POINT ( 'NONE',  ( -0.3641903972625716301, -0.7161791763305672687, -8.996116897953610793E-05 ) ) ;
#1365 = VECTOR ( 'NONE', #1591, 1000.000000000000000 ) ;
#1366 = CARTESIAN_POINT ( 'NONE',  ( 0.2428531128316040177, 0.6012839727878732665, -8.996116897953610793E-05 ) ) ;
#1367 = CARTESIAN_POINT ( 'NONE',  ( -0.5110483799665826998, 0.3307973636743650192, 0.08991003883102055561 ) ) ;
#1368 = EDGE_CURVE ( 'NONE', #1701, #2418, #1605, .T. ) ;
#1369 = VECTOR ( 'NONE', #2862, 1000.000000000000227 ) ;
#1370 = EDGE_LOOP ( 'NONE', ( #1043, #875, #2873, #172 ) ) ;
#1371 = FACE_OUTER_BOUND ( 'NONE', #3435, .T. ) ;
#1372 = FACE_OUTER_BOUND ( 'NONE', #3476, .T. ) ;
#1373 = ORIENTED_EDGE ( 'NONE', *, *, #1093, .T. ) ;
#1374 = ORIENTED_EDGE ( 'NONE', *, *, #2385, .T. ) ;
#1375 = CARTESIAN_POINT ( 'NONE',  ( 0.2389055278956436768, 0.5808379082708069463, -8.996116897953610793E-05 ) ) ;
#1376 = CARTESIAN_POINT ( 'NONE',  ( 0.4673313206626346639, -0.6493895050109040890, 0.08991003883102055561 ) ) ;
#1377 = LINE ( 'NONE', #1615, #271 ) ;
#1378 = ORIENTED_EDGE ( 'NONE', *, *, #142, .T. ) ;
#1379 = ORIENTED_EDGE ( 'NONE', *, *, #360, .F. ) ;
#1380 = CARTESIAN_POINT ( 'NONE',  ( -0.5230875588465508930, 0.2657633093956350279, -8.996116897953610793E-05 ) ) ;
#1381 = VECTOR ( 'NONE', #2992, 1000.000000000000000 ) ;
#1382 = CARTESIAN_POINT ( 'NONE',  ( 0.03551207461361370610, 0.7168346926953569342, 0.08991003883102055561 ) ) ;
#1383 = CARTESIAN_POINT ( 'NONE',  ( -0.4716520923161853229, 0.3376283111775926216, -8.996116897953610793E-05 ) ) ;
#1384 = CARTESIAN_POINT ( 'NONE',  ( 0.4612308769226070027, 0.08507175230099393859, -8.996116897953610793E-05 ) ) ;
#1385 = ADVANCED_FACE ( 'NONE', ( #3145 ), #3687, .T. ) ;
#1386 = VECTOR ( 'NONE', #3118, 1000.000000000000000 ) ;
#1387 = CARTESIAN_POINT ( 'NONE',  ( 0.007294551161412599245, 0.6998201769746401624, -8.996116897953610793E-05 ) ) ;
#1388 = DIRECTION ( 'NONE',  ( 0.9941949068490231189, -0.1075940853182100199, 0.000000000000000000 ) ) ;
#1389 = EDGE_LOOP ( 'NONE', ( #2940, #2561, #1144, #2262 ) ) ;
#1390 = CARTESIAN_POINT ( 'NONE',  ( 0.5407557513795062665, -0.5672711143493657238, 0.08991003883102055561 ) ) ;
#1391 = CARTESIAN_POINT ( 'NONE',  ( 0.5172698497772222348, -0.1857156734466558212, 0.08991003883102055561 ) ) ;
#1392 = ORIENTED_EDGE ( 'NONE', *, *, #2195, .T. ) ;
#1393 = EDGE_CURVE ( 'NONE', #2395, #1624, #2008, .T. ) ;
#1394 = CARTESIAN_POINT ( 'NONE',  ( 0.5298109931945790274, -0.1980981540679935260, -8.996116897953610793E-05 ) ) ;
#1395 = CARTESIAN_POINT ( 'NONE',  ( 0.6083924369812019339, 0.1887710887000738635, 0.08991003883102055561 ) ) ;
#1396 = CALENDAR_DATE ( 2026, 29, 6 ) ;
#1397 = ORIENTED_EDGE ( 'NONE', *, *, #2022, .T. ) ;
#1398 = VERTEX_POINT ( 'NONE', #1907 ) ;
#1399 = ORIENTED_EDGE ( 'NONE', *, *, #3254, .T. ) ;
#1400 = LINE ( 'NONE', #1273, #2738 ) ;
#1401 = B_SPLINE_CURVE_WITH_KNOTS ( 'NONE', 3,
 ( #892, #3395, #587, #3032 ),
 .UNSPECIFIED., .F., .F.,
 ( 4, 4 ),
 ( 0.000000000000000000, 1.000000000000000000 ),
 .UNSPECIFIED. ) ;
#1402 = CARTESIAN_POINT ( 'NONE',  ( 0.1987131103641871233, 0.5624924298250769672, 0.08991003883102055561 ) ) ;
#1403 = DIRECTION ( 'NONE',  ( 0.000000000000000000, 0.000000000000000000, -1.000000000000000000 ) ) ;
#1404 = DIRECTION ( 'NONE',  ( 0.000000000000000000, 0.000000000000000000, 1.000000000000000000 ) ) ;
#1405 = CARTESIAN_POINT ( 'NONE',  ( 0.1828628743720834837, 0.8552682387387484653, -8.996116897953610793E-05 ) ) ;
#1406 = CARTESIAN_POINT ( 'NONE',  ( 0.1595077465709249520, 0.8138441085101693062, 0.08991003883102055561 ) ) ;
#1407 = PLANE ( 'NONE',  #2236 ) ;
#1408 = EDGE_CURVE ( 'NONE', #1296, #979, #1079, .T. ) ;
#1409 = ORIENTED_EDGE ( 'NONE', *, *, #1608, .T. ) ;
#1410 = CARTESIAN_POINT ( 'NONE',  ( -0.5470057357720712332, 0.09963410909801992399, 0.08991003883102055561 ) ) ;
#1411 = LINE ( 'NONE', #2942, #562 ) ;
#1412 = VERTEX_POINT ( 'NONE', #3368 ) ;
#1413 = ORIENTED_EDGE ( 'NONE', *, *, #3090, .T. ) ;
#1414 = CARTESIAN_POINT ( 'NONE',  ( 0.08086528587341365593, -0.6437892150878912201, 0.2999100388310207976 ) ) ;
#1415 = CARTESIAN_POINT ( 'NONE',  ( 0.5838655910491953316, 0.3368895397186292828, 0.2999100388310207976 ) ) ;
#1416 = VERTEX_POINT ( 'NONE', #3102 ) ;
#1417 = ADVANCED_FACE ( 'NONE', ( #1874 ), #1829, .T. ) ;
#1418 = ORIENTED_EDGE ( 'NONE', *, *, #1519, .F. ) ;
#1419 = ORIENTED_EDGE ( 'NONE', *, *, #3500, .T. ) ;
#1420 = VERTEX_POINT ( 'NONE', #402 ) ;
#1421 = CARTESIAN_POINT ( 'NONE',  ( 0.08171198290453822455, 0.7168346926953569342, -8.996116897953610793E-05 ) ) ;
#1422 = CARTESIAN_POINT ( 'NONE',  ( 0.1747841875296836101, 0.5635213090515034384, 0.08991003883102055561 ) ) ;
#1423 = LINE ( 'NONE', #833, #3753 ) ;
#1424 = CARTESIAN_POINT ( 'NONE',  ( -0.5230193653106702811, 0.2657691230773917002, 0.2999100388310207976 ) ) ;
#1425 = CARTESIAN_POINT ( 'NONE',  ( 0.2296035145798160371, 0.8678497181542792482, 0.2999100388310207976 ) ) ;
#1426 = CARTESIAN_POINT ( 'NONE',  ( 0.5406853294372562235, -0.5672711143493657238, -8.996116897953610793E-05 ) ) ;
#1427 = LINE ( 'NONE', #9, #3195 ) ;
#1428 = VECTOR ( 'NONE', #3694, 1000.000000000000000 ) ;
#1429 = ORIENTED_EDGE ( 'NONE', *, *, #687, .F. ) ;
#1430 = EDGE_CURVE ( 'NONE', #2342, #3703, #3730, .T. ) ;
#1431 = AXIS2_PLACEMENT_3D ( 'NONE', #2272, #2508, #1679 ) ;
#1432 = VERTEX_POINT ( 'NONE', #1714 ) ;
#1433 = PLANE ( 'NONE',  #1614 ) ;
#1434 = CARTESIAN_POINT ( 'NONE',  ( 0.5281238487203252507, 0.1121767061412301120, -8.996116897953610793E-05 ) ) ;
#1435 = B_SPLINE_SURFACE_WITH_KNOTS ( 'NONE', 3, 1, ( 
 ( #797, #579 ),
 ( #1434, #1138 ),
 ( #2618, #1494 ),
 ( #3528, #1987 ) ),
 .UNSPECIFIED., .F., .F., .F.,
 ( 4, 4 ),
 ( 2, 2 ),
 ( -1.000000000000000000, -0.005490132713806389862 ),
 ( 0.000000000000000000, 1.000000000000000000 ),
 .UNSPECIFIED. ) ;
#1436 = VECTOR ( 'NONE', #2773, 1000.000000000000000 ) ;
#1437 = ORIENTED_EDGE ( 'NONE', *, *, #3653, .T. ) ;
#1438 = CARTESIAN_POINT ( 'NONE',  ( 0.6139485416412360230, -0.5671921463012699061, -8.996116897953610793E-05 ) ) ;
#1439 = VECTOR ( 'NONE', #3506, 1000.000000000000000 ) ;
#1440 = PLANE ( 'NONE',  #1202 ) ;
#1441 = VERTEX_POINT ( 'NONE', #266 ) ;
#1442 = EDGE_LOOP ( 'NONE', ( #1050, #2633, #2595, #1042 ) ) ;
#1443 = CARTESIAN_POINT ( 'NONE',  ( -0.4453911094665509718, -0.6386298885345446097, -8.996116897953610793E-05 ) ) ;
#1444 = EDGE_CURVE ( 'NONE', #519, #738, #3375, .T. ) ;
#1445 = CARTESIAN_POINT ( 'NONE',  ( 0.1976268549404613384, 0.5625270203895242904, 0.08991003883102055561 ) ) ;
#1446 = CARTESIAN_POINT ( 'NONE',  ( -0.4512813079645466852, 0.3404691686008529672, -8.996116897953610793E-05 ) ) ;
#1447 = EDGE_LOOP ( 'NONE', ( #807, #3237, #2217, #3505, #3587, #3550, #2859, #1336, #3141, #784, #2366, #3856 ) ) ;
#1448 = PLANE ( 'NONE',  #2184 ) ;
#1449 = AXIS2_PLACEMENT_3D ( 'NONE', #338, #377, #697 ) ;
#1450 = ADVANCED_FACE ( 'NONE', ( #3543 ), #3231, .T. ) ;
#1451 = CARTESIAN_POINT ( 'NONE',  ( 0.2495530647367451560, 0.8667690766511165767, -8.996116897953610793E-05 ) ) ;
#1452 = CARTESIAN_POINT ( 'NONE',  ( 0.1571813056383960239, 0.8015382847123225796, 0.08991003883102055561 ) ) ;
#1453 = CARTESIAN_POINT ( 'NONE',  ( 0.6083924369812019339, 0.1887710887000738635, 0.2999100388310207976 ) ) ;
#1454 = CC_DESIGN_APPROVAL ( #2976, ( #2374 ) ) ;
#1455 = ORIENTED_EDGE ( 'NONE', *, *, #1041, .T. ) ;
#1456 = CARTESIAN_POINT ( 'NONE',  ( 0.08086528587341365593, -0.6437892150878912201, -8.996116897953610793E-05 ) ) ;
#1457 = CARTESIAN_POINT ( 'NONE',  ( -0.6702600145339951965, -0.1873035125732429862, -8.996116897953610793E-05 ) ) ;
#1458 = ORIENTED_EDGE ( 'NONE', *, *, #1461, .F. ) ;
#1459 = LINE ( 'NONE', #3259, #2044 ) ;
#1460 = CARTESIAN_POINT ( 'NONE',  ( 0.5511054217433732916, 0.1856447598616498551, 0.08991003883102055561 ) ) ;
#1461 = EDGE_CURVE ( 'NONE', #272, #2683, #285, .T. ) ;
#1462 = B_SPLINE_CURVE_WITH_KNOTS ( 'NONE', 3,
 ( #1238, #2410, #3588, #2695 ),
 .UNSPECIFIED., .F., .F.,
 ( 4, 4 ),
 ( -0.3171511023983369926, 0.000000000000000000 ),
 .UNSPECIFIED. ) ;
#1463 = VERTEX_POINT ( 'NONE', #3164 ) ;
#1464 = CARTESIAN_POINT ( 'NONE',  ( -0.3766523303985596649, -0.6495042247772221389, 0.08991003883102055561 ) ) ;
#1465 = EDGE_CURVE ( 'NONE', #1441, #1412, #2042, .T. ) ;
#1466 = CARTESIAN_POINT ( 'NONE',  ( 0.1701801940155776849, 0.5618959170790229773, 0.08991003883102055561 ) ) ;
#1467 = CARTESIAN_POINT ( 'NONE',  ( -0.6000000000000001998, 0.6000000000000001998, -8.996116897953610793E-05 ) ) ;
#1468 = DIRECTION ( 'NONE',  ( -0.1075940853182100199, -0.9941949068490231189, 0.000000000000000000 ) ) ;
#1469 = CARTESIAN_POINT ( 'NONE',  ( 0.5249162226809457321, -0.6408050877758726394, -8.996116897953610793E-05 ) ) ;
#1470 = CARTESIAN_POINT ( 'NONE',  ( 0.1581784884017184700, 0.8054751145449033922, 0.08991003883102055561 ) ) ;
#1471 = B_SPLINE_SURFACE_WITH_KNOTS ( 'NONE', 3, 1, ( 
 ( #1945, #3409 ),
 ( #3711, #1623 ),
 ( #1018, #2178 ),
 ( #3147, #999 ) ),
 .UNSPECIFIED., .F., .F., .F.,
 ( 4, 4 ),
 ( 2, 2 ),
 ( 0.001928565853954450045, 1.000000000000000000 ),
 ( 0.000000000000000000, 1.000000000000000000 ),
 .UNSPECIFIED. ) ;
#1472 = CARTESIAN_POINT ( 'NONE',  ( 0.2378683236462310613, 0.6162309152105669430, -8.996116897953610793E-05 ) ) ;
#1473 = ADVANCED_FACE ( 'NONE', ( #1089 ), #1132, .T. ) ;
#1474 = ORIENTED_EDGE ( 'NONE', *, *, #3313, .F. ) ;
#1475 = CARTESIAN_POINT ( 'NONE',  ( 0.2623173885345463363, 0.4150739631652829997, -8.996116897953610793E-05 ) ) ;
#1476 = CARTESIAN_POINT ( 'NONE',  ( -0.4453911094665509718, -0.6386298885345446097, 0.08991003883102055561 ) ) ;
#1477 = EDGE_LOOP ( 'NONE', ( #1500, #2878, #1379, #2815 ) ) ;
#1478 = CARTESIAN_POINT ( 'NONE',  ( 0.08086528587341365593, -0.6437892150878912201, -8.996116897953610793E-05 ) ) ;
#1479 = DIRECTION ( 'NONE',  ( 0.9972731701045530750, 0.07379853785553788792, 0.000000000000000000 ) ) ;
#1480 = ORIENTED_EDGE ( 'NONE', *, *, #1461, .T. ) ;
#1481 = ORIENTED_EDGE ( 'NONE', *, *, #2403, .F. ) ;
#1482 = B_SPLINE_CURVE_WITH_KNOTS ( 'NONE', 3,
 ( #1048, #1315, #2546, #3447 ),
 .UNSPECIFIED., .F., .F.,
 ( 4, 4 ),
 ( 0.000000000000000000, 0.03616338171347889541 ),
 .UNSPECIFIED. ) ;
#1483 = DIRECTION ( 'NONE',  ( 1.000000000000000000, 0.000000000000000000, 0.000000000000000000 ) ) ;
#1484 = CARTESIAN_POINT ( 'NONE',  ( 0.1839373399576576529, 0.5637291925545333537, 0.08991003883102055561 ) ) ;
#1485 = CARTESIAN_POINT ( 'NONE',  ( 0.6139485416412360230, -0.4166967296600351256, -8.996116897953610793E-05 ) ) ;
#1486 = DIRECTION ( 'NONE',  ( -8.847903528206049659E-16, 1.000000000000000000, 0.000000000000000000 ) ) ;
#1487 = ORIENTED_EDGE ( 'NONE', *, *, #3406, .T. ) ;
#1488 = DIRECTION ( 'NONE',  ( -0.6533505172290690055, -0.7570555472595839053, 0.000000000000000000 ) ) ;
#1489 = CARTESIAN_POINT ( 'NONE',  ( 0.1712082676678488014, 0.8449788160434653639, 0.08991003883102055561 ) ) ;
#1490 = LINE ( 'NONE', #3524, #78 ) ;
#1491 = ORIENTED_EDGE ( 'NONE', *, *, #1030, .F. ) ;
#1492 = DIRECTION ( 'NONE',  ( 0.000000000000000000, 0.000000000000000000, 1.000000000000000000 ) ) ;
#1493 = EDGE_CURVE ( 'NONE', #2572, #14, #1635, .T. ) ;
#1494 = CARTESIAN_POINT ( 'NONE',  ( 0.5313621195955978704, 0.1153972079990729926, 0.2999100388310207976 ) ) ;
#1495 = AXIS2_PLACEMENT_3D ( 'NONE', #3182, #220, #1403 ) ;
#1496 = ORIENTED_EDGE ( 'NONE', *, *, #1444, .T. ) ;
#1497 = CARTESIAN_POINT ( 'NONE',  ( 0.5244930038452140231, 0.4163437500000002900, 0.2999100388310207976 ) ) ;
#1498 = CARTESIAN_POINT ( 'NONE',  ( 0.1597286267021357786, 0.5486110182262259327, 0.08991003883102055561 ) ) ;
#1499 = AXIS2_PLACEMENT_3D ( 'NONE', #201, #1997, #3841 ) ;
#1500 = ORIENTED_EDGE ( 'NONE', *, *, #2801, .T. ) ;
#1501 = VECTOR ( 'NONE', #355, 1000.000000000000000 ) ;
#1502 = CARTESIAN_POINT ( 'NONE',  ( 0.07745318794250549699, 0.3403026065826422752, 0.08991003883102055561 ) ) ;
#1503 = CARTESIAN_POINT ( 'NONE',  ( 0.1639359359176582875, 0.5563322789050799688, 0.08991003883102055561 ) ) ;
#1504 = CARTESIAN_POINT ( 'NONE',  ( -0.5230980911254887733, 0.2656901550292948833, -8.996116897953610793E-05 ) ) ;
#1505 = B_SPLINE_CURVE_WITH_KNOTS ( 'NONE', 3,
 ( #3085, #3443, #3421, #3743 ),
 .UNSPECIFIED., .F., .F.,
 ( 4, 4 ),
 ( -0.3948482361048470390, 5.551115123125782702E-17 ),
 .UNSPECIFIED. ) ;
#1506 = EDGE_CURVE ( 'NONE', #1624, #1136, #1505, .T. ) ;
#1507 = CARTESIAN_POINT ( 'NONE',  ( 0.1601199640495367393, 0.8191459060577278573, -8.996116897953610793E-05 ) ) ;
#1508 = CARTESIAN_POINT ( 'NONE',  ( 0.1620210008071727714, 0.8280714159229138893, 0.08991003883102055561 ) ) ;
#1509 = CARTESIAN_POINT ( 'NONE',  ( -0.5114305620193473345, 0.3303804893493663131, 0.08991003883102055561 ) ) ;
#1510 = EDGE_CURVE ( 'NONE', #1354, #1595, #452, .T. ) ;
#1511 = B_SPLINE_CURVE_WITH_KNOTS ( 'NONE', 3,
 ( #2754, #3067, #1689, #218 ),
 .UNSPECIFIED., .F., .F.,
 ( 4, 4 ),
 ( -0.1961673493881839758, 0.000000000000000000 ),
 .UNSPECIFIED. ) ;
#1512 = EDGE_LOOP ( 'NONE', ( #2509, #3808, #1167, #1259 ) ) ;
#1513 = CARTESIAN_POINT ( 'NONE',  ( 0.5373514728546147090, -0.6012436046600340145, -8.996116897953610793E-05 ) ) ;
#1514 = VECTOR ( 'NONE', #3346, 1000.000000000000000 ) ;
#1515 = CARTESIAN_POINT ( 'NONE',  ( -0.5230875588465508930, 0.2657633093956350279, -8.996116897953610793E-05 ) ) ;
#1516 = VERTEX_POINT ( 'NONE', #1045 ) ;
#1517 = CARTESIAN_POINT ( 'NONE',  ( 0.5245714874267576322, 0.1118608818054209891, -8.996116897953610793E-05 ) ) ;
#1518 = CARTESIAN_POINT ( 'NONE',  ( -0.5472839464223372419, 0.2636283346112638371, -8.996116897953610793E-05 ) ) ;
#1519 = EDGE_CURVE ( 'NONE', #2701, #2978, #2484, .T. ) ;
#1520 = B_SPLINE_CURVE_WITH_KNOTS ( 'NONE', 3,
 ( #156, #1338, #2512, #1682 ),
 .UNSPECIFIED., .F., .F.,
 ( 4, 4 ),
 ( 0.5029255724613359568, 0.8789079820700759216 ),
 .UNSPECIFIED. ) ;
#1521 = ADVANCED_FACE ( 'NONE', ( #1309 ), #3705, .T. ) ;
#1522 = ORIENTED_EDGE ( 'NONE', *, *, #3525, .T. ) ;
#1523 = VERTEX_POINT ( 'NONE', #2226 ) ;
#1524 = CARTESIAN_POINT ( 'NONE',  ( 0.04655563712120096981, -0.7170524272918709086, 0.08991003883102055561 ) ) ;
#1525 = CARTESIAN_POINT ( 'NONE',  ( 0.2399999946355821367, 0.6359999790787713714, -8.996116897953610793E-05 ) ) ;
#1526 = CARTESIAN_POINT ( 'NONE',  ( 0.1548816599871167266, 0.7951826263148999985, -8.996116897953610793E-05 ) ) ;
#1527 = CARTESIAN_POINT ( 'NONE',  ( 0.4959172286987309497, -0.6433921947479247505, 0.2999100388310207976 ) ) ;
#1528 = CARTESIAN_POINT ( 'NONE',  ( 0.007294551161412599245, 0.6998201769746401624, -8.996116897953610793E-05 ) ) ;
#1529 = CARTESIAN_POINT ( 'NONE',  ( 0.2201187061753426544, 0.8669856057318808817, 0.08991003883102055561 ) ) ;
#1530 = DIRECTION ( 'NONE',  ( 0.000000000000000000, 0.000000000000000000, 1.000000000000000000 ) ) ;
#1531 = ORIENTED_EDGE ( 'NONE', *, *, #3868, .F. ) ;
#1532 = DIRECTION ( 'NONE',  ( -1.000000000000000000, 0.000000000000000000, 0.000000000000000000 ) ) ;
#1533 = CARTESIAN_POINT ( 'NONE',  ( 0.02127280975061151408, 0.7113480571312083001, -8.996116897953610793E-05 ) ) ;
#1534 = ORIENTED_EDGE ( 'NONE', *, *, #2869, .T. ) ;
#1535 = DIRECTION ( 'NONE',  ( 0.000000000000000000, 0.000000000000000000, -1.000000000000000000 ) ) ;
#1536 = CARTESIAN_POINT ( 'NONE',  ( -0.5472839464223372419, 0.2636283346112638371, 0.2999100388310207976 ) ) ;
#1537 = ORIENTED_EDGE ( 'NONE', *, *, #2753, .T. ) ;
#1538 = FACE_OUTER_BOUND ( 'NONE', #1389, .T. ) ;
#1539 = FACE_OUTER_BOUND ( 'NONE', #2984, .T. ) ;
#1540 = EDGE_CURVE ( 'NONE', #305, #1988, #747, .T. ) ;
#1541 = DIRECTION ( 'NONE',  ( 0.000000000000000000, 0.000000000000000000, 1.000000000000000000 ) ) ;
#1542 = CARTESIAN_POINT ( 'NONE',  ( 0.5860361677487823107, 0.1875819076473599634, -8.996116897953610793E-05 ) ) ;
#1543 = CARTESIAN_POINT ( 'NONE',  ( 0.1601199640495367393, 0.8191459060577278573, 0.2999100388310207976 ) ) ;
#1544 = CARTESIAN_POINT ( 'NONE',  ( 0.1935608319806007560, 0.8604386457267545474, 0.08991003883102055561 ) ) ;
#1545 = CARTESIAN_POINT ( 'NONE',  ( -0.1177299079895016004, 0.4161058769226059773, 0.2999100388310207976 ) ) ;
#1546 = FACE_OUTER_BOUND ( 'NONE', #2657, .T. ) ;
#1547 = CARTESIAN_POINT ( 'NONE',  ( -0.4469781007766726599, 0.3458587112426763088, -8.996116897953610793E-05 ) ) ;
#1548 = CARTESIAN_POINT ( 'NONE',  ( -0.06010358047485299393, 0.4076921463012692648, 0.08991003883102055561 ) ) ;
#1549 = ORIENTED_EDGE ( 'NONE', *, *, #3269, .T. ) ;
#1550 = ORIENTED_EDGE ( 'NONE', *, *, #3173, .T. ) ;
#1551 = CARTESIAN_POINT ( 'NONE',  ( 0.5379872268204747288, 0.1613249519916059860, 0.2999100388310207976 ) ) ;
#1552 = CARTESIAN_POINT ( 'NONE',  ( -0.5191299467086796238, -0.5663983478546149586, -8.996116897953610793E-05 ) ) ;
#1553 = EDGE_CURVE ( 'NONE', #1735, #1876, #1423, .T. ) ;
#1554 = LINE ( 'NONE', #601, #883 ) ;
#1555 = ORIENTED_EDGE ( 'NONE', *, *, #3417, .T. ) ;
#1556 = DIRECTION ( 'NONE',  ( -0.1286771044249409579, 0.9916865446282977503, 0.000000000000000000 ) ) ;
#1557 = AXIS2_PLACEMENT_3D ( 'NONE', #2466, #2811, #1017 ) ;
#1558 = CARTESIAN_POINT ( 'NONE',  ( 0.5406853294372562235, -0.5672711143493657238, 0.2999100388310207976 ) ) ;
#1559 = CARTESIAN_POINT ( 'NONE',  ( 0.2587110692354913088, 0.8649760826135932668, -8.996116897953610793E-05 ) ) ;
#1560 = AXIS2_PLACEMENT_3D ( 'NONE', #1039, #3174, #1663 ) ;
#1561 = CARTESIAN_POINT ( 'NONE',  ( 0.5413204650878908897, -0.2654874515533452994, -8.996116897953610793E-05 ) ) ;
#1562 = CARTESIAN_POINT ( 'NONE',  ( -0.06899943541696045013, -0.6976387456020899380, 0.08991003883102055561 ) ) ;
#1563 = CARTESIAN_POINT ( 'NONE',  ( 0.2121914712591727037, 0.8658183128944624274, 0.08991003883102055561 ) ) ;
#1564 = FACE_OUTER_BOUND ( 'NONE', #2073, .T. ) ;
#1565 = ADVANCED_FACE ( 'NONE', ( #1361 ), #1087, .T. ) ;
#1566 = CARTESIAN_POINT ( 'NONE',  ( 0.5244930038452140231, 0.4163437500000002900, -8.996116897953610793E-05 ) ) ;
#1567 = B_SPLINE_CURVE_WITH_KNOTS ( 'NONE', 3,
 ( #928, #1577, #949, #2130 ),
 .UNSPECIFIED., .F., .F.,
 ( 4, 4 ),
 ( -0.03826854667462350340, 0.000000000000000000 ),
 .UNSPECIFIED. ) ;
#1568 = LINE ( 'NONE', #595, #3247 ) ;
#1569 = CARTESIAN_POINT ( 'NONE',  ( 0.02793721395382415748, 0.7142947867649248606, -8.996116897953610793E-05 ) ) ;
#1570 = ORIENTED_EDGE ( 'NONE', *, *, #2642, .T. ) ;
#1571 = VECTOR ( 'NONE', #3744, 1000.000000000000000 ) ;
#1572 = VERTEX_POINT ( 'NONE', #2539 ) ;
#1573 = FACE_OUTER_BOUND ( 'NONE', #251, .T. ) ;
#1574 = CARTESIAN_POINT ( 'NONE',  ( 0.1597286267021357786, 0.5486110182262259327, -8.996116897953610793E-05 ) ) ;
#1575 = CARTESIAN_POINT ( 'NONE',  ( 0.2156625536402829724, 0.5644616028592256418, 0.2999100388310207976 ) ) ;
#1576 = VERTEX_POINT ( 'NONE', #1728 ) ;
#1577 = CARTESIAN_POINT ( 'NONE',  ( 0.07935762596130387092, 0.3450646705627439803, 0.08991003883102055561 ) ) ;
#1578 = CARTESIAN_POINT ( 'NONE',  ( -0.06899427940444766150, -0.7161791763305672687, -8.996116897953610793E-05 ) ) ;
#1579 = CARTESIAN_POINT ( 'NONE',  ( 0.5407642974853529294, -0.5671921463012699061, -8.996116897953610793E-05 ) ) ;
#1580 = LINE ( 'NONE', #971, #811 ) ;
#1581 = CARTESIAN_POINT ( 'NONE',  ( 0.1531808194523867628, 0.7922321565301285728, -8.996116897953610793E-05 ) ) ;
#1582 = CARTESIAN_POINT ( 'NONE',  ( 0.3016065857853419963, 0.8301067127079982955, 0.08991003883102055561 ) ) ;
#1583 = DIRECTION ( 'NONE',  ( -1.000000000000000000, 0.000000000000000000, 0.000000000000000000 ) ) ;
#1584 = LINE ( 'NONE', #679, #1436 ) ;
#1585 = ADVANCED_FACE ( 'NONE', ( #2307 ), #923, .T. ) ;
#1586 = CARTESIAN_POINT ( 'NONE',  ( -0.1177299079895016004, 0.4161058769226059773, -8.996116897953610793E-05 ) ) ;
#1587 = CARTESIAN_POINT ( 'NONE',  ( 0.03551207461361370610, 0.7168346926953569342, 0.2999100388310207976 ) ) ;
#1588 = ADVANCED_FACE ( 'NONE', ( #240 ), #2564, .T. ) ;
#1589 = ORIENTED_EDGE ( 'NONE', *, *, #3269, .F. ) ;
#1590 = CARTESIAN_POINT ( 'NONE',  ( -0.6496625355389487044, 0.09296830794644406204, 0.08991003883102055561 ) ) ;
#1591 = DIRECTION ( 'NONE',  ( 0.000000000000000000, 0.000000000000000000, 1.000000000000000000 ) ) ;
#1592 = CARTESIAN_POINT ( 'NONE',  ( 0.1780704218311250364, 0.5641205500455839239, -8.996116897953610793E-05 ) ) ;
#1593 = EDGE_CURVE ( 'NONE', #2835, #3378, #3497, .T. ) ;
#1594 = ORIENTED_EDGE ( 'NONE', *, *, #1933, .T. ) ;
#1595 = VERTEX_POINT ( 'NONE', #810 ) ;
#1596 = CARTESIAN_POINT ( 'NONE',  ( 0.2378683236462310613, 0.6162309152105669430, -8.996116897953610793E-05 ) ) ;
#1597 = CARTESIAN_POINT ( 'NONE',  ( 0.3735218410491960017, 0.4132482509613032984, -8.996116897953610793E-05 ) ) ;
#1598 = CARTESIAN_POINT ( 'NONE',  ( 0.2877531994996938014, 0.8497166269704784503, -8.996116897953610793E-05 ) ) ;
#1599 = LINE ( 'NONE', #351, #2939 ) ;
#1600 = CARTESIAN_POINT ( 'NONE',  ( 0.01756600664092799330, 0.7091910372065732826, 0.08991003883102055561 ) ) ;
#1601 = CARTESIAN_POINT ( 'NONE',  ( 0.2923814506193253004, 0.8444932331768315592, 0.08991003883102055561 ) ) ;
#1602 = DIRECTION ( 'NONE',  ( -0.9985557908599629329, -0.05372459902162089046, 0.000000000000000000 ) ) ;
#1603 = ADVANCED_FACE ( 'NONE', ( #1067 ), #2606, .T. ) ;
#1604 = CARTESIAN_POINT ( 'NONE',  ( 0.08213555717468315476, 0.3523672771453862929, -8.996116897953610793E-05 ) ) ;
#1605 = LINE ( 'NONE', #2794, #1112 ) ;
#1606 = CARTESIAN_POINT ( 'NONE',  ( -0.4182448740005493271, -0.6420429553985611548, 0.2999100388310207976 ) ) ;
#1607 = ORIENTED_EDGE ( 'NONE', *, *, #3347, .T. ) ;
#1608 = EDGE_CURVE ( 'NONE', #1161, #3197, #2245, .T. ) ;
#1609 = CARTESIAN_POINT ( 'NONE',  ( -0.05216729164123499324, -0.6447416763305673371, -8.996116897953610793E-05 ) ) ;
#1610 = CARTESIAN_POINT ( 'NONE',  ( 0.5391731685297537213, 0.1848902665288978953, -8.996116897953610793E-05 ) ) ;
#1611 = VERTEX_POINT ( 'NONE', #3226 ) ;
#1612 = CARTESIAN_POINT ( 'NONE',  ( 0.2015331313288690473, 0.5623199746190252757, -8.996116897953610793E-05 ) ) ;
#1613 = CARTESIAN_POINT ( 'NONE',  ( -0.5191299467086796238, -0.5663983478546149586, -8.996116897953610793E-05 ) ) ;
#1614 = AXIS2_PLACEMENT_3D ( 'NONE', #2617, #88, #1492 ) ;
#1615 = CARTESIAN_POINT ( 'NONE',  ( 0.08664461019289260157, 0.7870896554900282949, -8.996116897953610793E-05 ) ) ;
#1616 = ORIENTED_EDGE ( 'NONE', *, *, #20, .T. ) ;
#1617 = CARTESIAN_POINT ( 'NONE',  ( 0.2427970412172480996, 0.5943833945578737010, 0.08991003883102055561 ) ) ;
#1618 = CARTESIAN_POINT ( 'NONE',  ( -0.4488786370950236249, 0.3427770889768346207, -8.996116897953610793E-05 ) ) ;
#1619 = CARTESIAN_POINT ( 'NONE',  ( 0.1597286267021357786, 0.5486110182262259327, -8.996116897953610793E-05 ) ) ;
#1620 = EDGE_CURVE ( 'NONE', #2913, #2319, #790, .T. ) ;
#1621 = VECTOR ( 'NONE', #330, 999.9999999999998863 ) ;
#1622 = CARTESIAN_POINT ( 'NONE',  ( -0.5946949806213392975, -0.4147128391265873515, 0.2999100388310207976 ) ) ;
#1623 = CARTESIAN_POINT ( 'NONE',  ( 0.4597310500540712774, -0.7034335748406899125, 0.2999100388310207976 ) ) ;
#1624 = VERTEX_POINT ( 'NONE', #3245 ) ;
#1625 = CARTESIAN_POINT ( 'NONE',  ( -0.4503306955656806720, 0.3414297747873212274, 0.08991003883102055561 ) ) ;
#1626 = FACE_OUTER_BOUND ( 'NONE', #3526, .T. ) ;
#1627 = VECTOR ( 'NONE', #1479, 1000.000000000000000 ) ;
#1628 = ORIENTED_EDGE ( 'NONE', *, *, #2822, .T. ) ;
#1629 = DIRECTION ( 'NONE',  ( -1.000000000000000000, 0.000000000000000000, 0.000000000000000000 ) ) ;
#1630 = CARTESIAN_POINT ( 'NONE',  ( 0.5390979747772228770, 0.1848862209320067396, 0.08991003883102055561 ) ) ;
#1631 = VECTOR ( 'NONE', #3416, 1000.000000000000000 ) ;
#1632 =( NAMED_UNIT ( * ) SI_UNIT ( $, .STERADIAN. ) SOLID_ANGLE_UNIT ( ) );
#1633 = ADVANCED_FACE ( 'NONE', ( #549 ), #769, .T. ) ;
#1634 = ORIENTED_EDGE ( 'NONE', *, *, #1345, .T. ) ;
#1635 = B_SPLINE_CURVE_WITH_KNOTS ( 'NONE', 3,
 ( #2288, #2311, #2566, #3803, #1982, #3523, #574, #1671, #2911, #2024, #2267, #2650, #1731, #3502, #2934, #2002, #1452, #3844, #3862, #490, #1153, #1470, #2247, #512, #2611, #1110, #3463, #1694, #2331, #3784, #2867, #2892, #224, #1406, #815, #3211, #532, #3827, #60, #3585, #1777, #897, #353, #3329, #318, #2081, #2428, #3621, #1508, #7, #303, #3308, #2136, #627, #3567, #1815, #2725, #3290, #1198, #27, #659, #2116, #2707, #954, #1489, #2690, #2372, #609, #3345, #644, #1832, #879, #934, #1215, #1796, #2671, #2406, #1235, #1850, #337, #3042, #3025, #1544, #2389, #2991, #3603, #3646, #914, #375, #2062, #1252, #1563, #2096, #3009, #1529, #2974, #44, #2749, #592, #1174, #2351, #3272, #2809, #103, #3143, #2791, #3404, #3725, #973, #1941, #1290, #1922, #3663, #1870, #1653, #398, #416, #712, #468, #2771, #3122, #729, #1028, #83, #2445, #146, #2207, #2154, #2462, #1270, #1601, #3364, #676, #433, #1327, #3063, #1582, #3100, #1343, #3684, #2191, #2517, #992, #2825, #2174, #3386, #696, #2501 ),
 .UNSPECIFIED., .F., .F.,
 ( 4, 3, 3, 3, 3, 3, 3, 3, 3, 3, 3, 3, 3, 3, 3, 3, 3, 3, 3, 3, 3, 3, 3, 3, 3, 3, 3, 3, 3, 3, 3, 3, 3, 3, 3, 3, 3, 3, 3, 3, 3, 3, 3, 3, 3, 3, 3, 3, 3, 4 ),
 ( -0.9802462092675300331, -0.9496135152279200353, -0.9277184788936019277, -0.9081410628819670539, -0.8892445379343079104, -0.8662835572857970901, -0.8432451624600389994, -0.8256825635790220330, -0.8098679238995709628, -0.7947527307429139709, -0.7797789617553989583, -0.7637733980907629450, -0.7461809944220620938, -0.7271538039269319631, -0.7086129157168540305, -0.6918852108578240623, -0.6762079738146370422, -0.6607067740585199633, -0.6445219019798309468, -0.6277956547247980357, -0.6108490669311840149, -0.5940089141873190481, -0.5776142642742410072, -0.5618150844827179968, -0.5465875636893779976, -0.5318617783301929913, -0.5170268978630340184, -0.5008698073048138966, -0.4842432248475590506, -0.4665021806288349726, -0.4471164745874910418, -0.4252860003373860609, -0.4032115215936180608, -0.3837831976138490475, -0.3663223571725310324, -0.3497462059232269160, -0.3335426062407350623, -0.3169298962388779062, -0.2995523222745679615, -0.2808303021324068949, -0.2611684852531360734, -0.2398004691675669209, -0.2155188606001200435, -0.1807218465561700738, -0.1530376346270400090, -0.1238845629869660403, -0.09291342224022480778, -0.06093465899910632810, -0.02697232996229004254, 0.000000000000000000 ),
 .UNSPECIFIED. ) ;
#1636 = CARTESIAN_POINT ( 'NONE',  ( 0.2405494970797701360, 0.5848739796085136167, 0.08991003883102055561 ) ) ;
#1637 = DIRECTION ( 'NONE',  ( 0.000000000000000000, 0.000000000000000000, -1.000000000000000000 ) ) ;
#1638 = LINE ( 'NONE', #2826, #2000 ) ;
#1639 = CARTESIAN_POINT ( 'NONE',  ( -0.3676829166412352579, -0.6930015697479239289, -8.996116897953610793E-05 ) ) ;
#1640 = CARTESIAN_POINT ( 'NONE',  ( -0.3880823497772219466, -0.6371217441558836292, 0.2999100388310207976 ) ) ;
#1641 = VERTEX_POINT ( 'NONE', #1977 ) ;
#1642 = ORIENTED_EDGE ( 'NONE', *, *, #3809, .T. ) ;
#1643 = DIRECTION ( 'NONE',  ( 1.000000000000000000, 8.847903528206049659E-16, 0.000000000000000000 ) ) ;
#1644 = CARTESIAN_POINT ( 'NONE',  ( 0.6140275096893298423, -0.4166967296600351256, -8.996116897953610793E-05 ) ) ;
#1645 = ORIENTED_EDGE ( 'NONE', *, *, #259, .T. ) ;
#1646 = VERTEX_POINT ( 'NONE', #3461 ) ;
#1647 = CARTESIAN_POINT ( 'NONE',  ( 0.1693736369723093105, 0.5618140079581053214, -8.996116897953610793E-05 ) ) ;
#1648 = CARTESIAN_POINT ( 'NONE',  ( -0.6000000000000001998, 0.6000000000000001998, -8.996116897953610793E-05 ) ) ;
#1649 = APPLICATION_PROTOCOL_DEFINITION ( 'international standard', 'config_control_design', 1994, #1843 ) ;
#1650 = EDGE_LOOP ( 'NONE', ( #806, #241, #1804, #1857 ) ) ;
#1651 = ADVANCED_FACE ( 'NONE', ( #1669 ), #788, .T. ) ;
#1652 = CARTESIAN_POINT ( 'NONE',  ( -0.6315026864406271256, 0.1110959805436950582, 0.2999100388310207976 ) ) ;
#1653 = CARTESIAN_POINT ( 'NONE',  ( 0.2611704605582340077, 0.8640655530416370134, 0.08991003883102055561 ) ) ;
#1654 = CARTESIAN_POINT ( 'NONE',  ( 0.5298109931945790274, -0.1980981540679935260, -8.996116897953610793E-05 ) ) ;
#1655 = CARTESIAN_POINT ( 'NONE',  ( 0.08086528587341365593, -0.6437892150878912201, 0.08991003883102055561 ) ) ;
#1656 = CARTESIAN_POINT ( 'NONE',  ( 0.2431364322759231589, 0.5938479157102981576, 0.2999100388310207976 ) ) ;
#1657 = CARTESIAN_POINT ( 'NONE',  ( 0.07753191375732478019, 0.3403815746307362611, -8.996116897953610793E-05 ) ) ;
#1658 = VERTEX_POINT ( 'NONE', #2583 ) ;
#1659 = CARTESIAN_POINT ( 'NONE',  ( -0.05489589110104226705, -0.6448498003073577234, 0.08991003883102044458 ) ) ;
#1660 = CARTESIAN_POINT ( 'NONE',  ( -0.2844174079895012697, 0.4151534156799299713, 0.2999100388310207976 ) ) ;
#1661 = ORIENTED_EDGE ( 'NONE', *, *, #3018, .F. ) ;
#1662 = EDGE_CURVE ( 'NONE', #2418, #2109, #1123, .T. ) ;
#1663 = DIRECTION ( 'NONE',  ( 0.000000000000000000, 0.000000000000000000, -1.000000000000000000 ) ) ;
#1664 = CARTESIAN_POINT ( 'NONE',  ( 0.4845673885345469500, 0.4155501937866210027, 0.2999100388310207976 ) ) ;
#1665 = CARTESIAN_POINT ( 'NONE',  ( 0.3119999930262566945, 0.7919999755918973872, -8.996116897953610793E-05 ) ) ;
#1666 = ORIENTED_EDGE ( 'NONE', *, *, #259, .F. ) ;
#1667 = CARTESIAN_POINT ( 'NONE',  ( 0.4845673885345469500, 0.4155501937866210027, -8.996116897953610793E-05 ) ) ;
#1668 = CARTESIAN_POINT ( 'NONE',  ( 0.2417679219022613735, 0.6052941245852946350, 0.08991003883102055561 ) ) ;
#1669 = FACE_OUTER_BOUND ( 'NONE', #782, .T. ) ;
#1670 = LINE ( 'NONE', #1960, #2751 ) ;
#1671 = CARTESIAN_POINT ( 'NONE',  ( 0.1549949230140737211, 0.7955250550638929274, 0.08991003883102055561 ) ) ;
#1672 = VECTOR ( 'NONE', #3169, 1000.000000000000000 ) ;
#1673 = CARTESIAN_POINT ( 'NONE',  ( -0.5973143701553342844, 0.2592675147315779971, 0.2999100388310207976 ) ) ;
#1674 = PRODUCT_RELATED_PRODUCT_CATEGORY ( 'detail', '', ( #257 ) ) ;
#1675 = ADVANCED_FACE ( 'NONE', ( #3799 ), #2182, .T. ) ;
#1676 = AXIS2_PLACEMENT_3D ( 'NONE', #568, #298, #1483 ) ;
#1677 = ORIENTED_EDGE ( 'NONE', *, *, #1799, .T. ) ;
#1678 = DIRECTION ( 'NONE',  ( -0.9965457582448795648, -0.08304547985373997299, 0.000000000000000000 ) ) ;
#1679 = DIRECTION ( 'NONE',  ( 1.000000000000000000, 0.000000000000000000, 0.000000000000000000 ) ) ;
#1680 = ORIENTED_EDGE ( 'NONE', *, *, #3299, .T. ) ;
#1681 = EDGE_LOOP ( 'NONE', ( #1747, #1200, #177, #3131 ) ) ;
#1682 = CARTESIAN_POINT ( 'NONE',  ( -0.4509526027252049318, 0.3408107475340530490, -8.996116897953610793E-05 ) ) ;
#1683 = CARTESIAN_POINT ( 'NONE',  ( -0.4917455959320063408, -0.5676683769226079646, -8.996116897953610793E-05 ) ) ;
#1684 = EDGE_CURVE ( 'NONE', #2555, #10, #1773, .T. ) ;
#1685 = ORIENTED_EDGE ( 'NONE', *, *, #1885, .F. ) ;
#1686 = VERTEX_POINT ( 'NONE', #2735 ) ;
#1687 = EDGE_CURVE ( 'NONE', #3213, #599, #2437, .T. ) ;
#1688 = B_SPLINE_CURVE_WITH_KNOTS ( 'NONE', 3,
 ( #2047, #3485, #1475, #2355 ),
 .UNSPECIFIED., .F., .F.,
 ( 4, 4 ),
 ( 0.000000000000000000, 1.000000000000000000 ),
 .UNSPECIFIED. ) ;
#1689 = CARTESIAN_POINT ( 'NONE',  ( -0.4716520923161853229, 0.3376283111775926216, 0.08991003883102055561 ) ) ;
#1690 = CARTESIAN_POINT ( 'NONE',  ( 0.2172688273716731899, 0.5652337569943977069, 0.08991003883102055561 ) ) ;
#1691 = DIRECTION ( 'NONE',  ( -0.9975443268206231062, 0.07003796133519281375, 0.000000000000000000 ) ) ;
#1692 = LINE ( 'NONE', #2502, #1571 ) ;
#1693 = LOCAL_TIME ( 12, 20, 23.00000000000000000, #3793 ) ;
#1694 = CARTESIAN_POINT ( 'NONE',  ( 0.1589252493777884856, 0.8095094837007236199, 0.08991003883102055561 ) ) ;
#1695 = DIRECTION ( 'NONE',  ( 0.000000000000000000, 1.000000000000000000, 0.000000000000000000 ) ) ;
#1696 = ORIENTED_EDGE ( 'NONE', *, *, #3288, .F. ) ;
#1697 = LINE ( 'NONE', #227, #1439 ) ;
#1698 = EDGE_CURVE ( 'NONE', #649, #3197, #1299, .T. ) ;
#1699 = DIRECTION ( 'NONE',  ( 0.000000000000000000, 0.000000000000000000, -1.000000000000000000 ) ) ;
#1700 = ORIENTED_EDGE ( 'NONE', *, *, #1540, .T. ) ;
#1701 = VERTEX_POINT ( 'NONE', #2162 ) ;
#1702 = CARTESIAN_POINT ( 'NONE',  ( 0.08277020835876484905, -0.6725231685638431989, -8.996116897953610793E-05 ) ) ;
#1703 = CARTESIAN_POINT ( 'NONE',  ( 0.5838655910491953316, 0.3368895397186292828, -8.996116897953610793E-05 ) ) ;
#1704 = APPROVAL_STATUS ( 'not_yet_approved' ) ;
#1705 = B_SPLINE_SURFACE_WITH_KNOTS ( 'NONE', 5, 1, ( 
 ( #2061, #265 ),
 ( #836, #2670 ),
 ( #3584, #2586 ),
 ( #591, #2910 ),
 ( #2933, #2001 ),
 ( #1197, #2350 ),
 ( #2649, #1109 ),
 ( #814, #284 ),
 ( #2330, #3861 ),
 ( #1776, #531 ),
 ( #3210, #3843 ),
 ( #2287, #3289 ),
 ( #855, #2973 ),
 ( #3566, #243 ),
 ( #1451, #2041 ),
 ( #1713, #608 ),
 ( #302, #1425 ),
 ( #2371, #1152 ),
 ( #1131, #2310 ),
 ( #896, #1795 ),
 ( #223, #3522 ),
 ( #1405, #2023 ),
 ( #3230, #551 ),
 ( #3248, #573 ),
 ( #3328, #695 ),
 ( #3344, #59 ),
 ( #2405, #2173 ),
 ( #626, #1251 ),
 ( #1507, #1543 ),
 ( #1849, #26 ),
 ( #336, #913 ),
 ( #3645, #3307 ),
 ( #991, #953 ),
 ( #102, #2427 ),
 ( #2135, #675 ),
 ( #3008, #1831 ),
 ( #658, #2990 ),
 ( #3041, #317 ),
 ( #1581, #1814 ),
 ( #3024, #2153 ) ),
 .UNSPECIFIED., .F., .F., .F.,
 ( 6, 1, 1, 1, 1, 1, 1, 1, 1, 1, 1, 1, 1, 1, 1, 1, 1, 1, 1, 1, 1, 1, 1, 1, 1, 1, 1, 1, 1, 1, 1, 1, 1, 1, 1, 6 ),
 ( 2, 2 ),
 ( -1.000000000000000000, -0.9714285714285719742, -0.9428571428571430602, -0.9142857142857140351, -0.8857142857142860093, -0.8571428571428569843, -0.8285714285714290694, -0.8000000000000000444, -0.7714285714285719076, -0.7428571428571429935, -0.7142857142857139685, -0.6857142857142859427, -0.6571428571428569176, -0.6285714285714290028, -0.5999999999999999778, -0.5714285714285719520, -0.5428571428571430380, -0.5142857142857140129, -0.4857142857142860426, -0.4571428571428570176, -0.4285714285714289917, -0.4000000000000000222, -0.3714285714285709972, -0.3428571428571430268, -0.3142857142857140018, -0.2857142857142860315, -0.2571428571428570065, -0.2285714285714289806, -0.2000000000000000111, -0.1714285714285710138, -0.1428571428571430157, -0.1142857142857140046, -0.08571428571428570120, -0.05714285714285709944, -0.02857142857142859829, 0.000000000000000000 ),
 ( 0.000000000000000000, 1.000000000000000000 ),
 .UNSPECIFIED. ) ;
#1706 = ORIENTED_EDGE ( 'NONE', *, *, #1000, .T. ) ;
#1707 = LINE ( 'NONE', #1147, #2678 ) ;
#1708 = CARTESIAN_POINT ( 'NONE',  ( 0.1915299804887114488, 0.5629354544631752777, 0.08991003883102055561 ) ) ;
#1709 = CARTESIAN_POINT ( 'NONE',  ( -0.4515018072128279547, 0.3402233963012699647, -8.996116897953610793E-05 ) ) ;
#1710 = CARTESIAN_POINT ( 'NONE',  ( 0.6140275096893298423, -0.4166177616119384752, -8.996116897953610793E-05 ) ) ;
#1711 = EDGE_CURVE ( 'NONE', #1993, #2949, #621, .T. ) ;
#1712 = EDGE_CURVE ( 'NONE', #3494, #2917, #3354, .T. ) ;
#1713 = CARTESIAN_POINT ( 'NONE',  ( 0.2397831028472721393, 0.8677348010542078605, -8.996116897953610793E-05 ) ) ;
#1714 = CARTESIAN_POINT ( 'NONE',  ( 0.4607544040679942277, -0.6803012790679923150, 0.08991003883102055561 ) ) ;
#1715 = DIRECTION ( 'NONE',  ( 0.000000000000000000, 0.000000000000000000, 1.000000000000000000 ) ) ;
#1716 = EDGE_CURVE ( 'NONE', #738, #361, #2970, .T. ) ;
#1717 = ORIENTED_EDGE ( 'NONE', *, *, #1303, .T. ) ;
#1718 = CARTESIAN_POINT ( 'NONE',  ( -0.9000000000000000222, -0.9000000000000000222, -0.09008996116897960427 ) ) ;
#1719 = CARTESIAN_POINT ( 'NONE',  ( -0.3880823497772219466, -0.6371217441558836292, 0.08991003883102055561 ) ) ;
#1720 = EDGE_CURVE ( 'NONE', #248, #2031, #1401, .T. ) ;
#1721 = ORIENTED_EDGE ( 'NONE', *, *, #530, .F. ) ;
#1722 = CARTESIAN_POINT ( 'NONE',  ( -0.05216729164123499324, -0.6447416763305673371, 0.08991003883102055561 ) ) ;
#1723 = CARTESIAN_POINT ( 'NONE',  ( 0.08570704460144075443, -0.7170524272918709086, 0.08991003883102055561 ) ) ;
#1724 = CALENDAR_DATE ( 2026, 29, 6 ) ;
#1725 = VERTEX_POINT ( 'NONE', #2058 ) ;
#1726 = CARTESIAN_POINT ( 'NONE',  ( -0.3677611579895007088, 0.4151534156799299713, -8.996116897953610793E-05 ) ) ;
#1727 = CARTESIAN_POINT ( 'NONE',  ( 0.1716787621843613720, 0.5626230064841816203, 0.08991003883102055561 ) ) ;
#1728 = CARTESIAN_POINT ( 'NONE',  ( -0.4514349780788579625, 0.3403008330909542689, 0.08991003883102055561 ) ) ;
#1729 = FACE_OUTER_BOUND ( 'NONE', #159, .T. ) ;
#1730 = DIRECTION ( 'NONE',  ( -8.847903528206049659E-16, 1.000000000000000000, 0.000000000000000000 ) ) ;
#1731 = CARTESIAN_POINT ( 'NONE',  ( 0.1561251640413841013, 0.7983397284523765514, 0.08991003883102055561 ) ) ;
#1732 = CARTESIAN_POINT ( 'NONE',  ( -0.5230875588465508930, 0.2657633093956350279, -8.996116897953610793E-05 ) ) ;
#1733 = EDGE_CURVE ( 'NONE', #1103, #2109, #2472, .T. ) ;
#1734 = VECTOR ( 'NONE', #2201, 1000.000000000000227 ) ;
#1735 = VERTEX_POINT ( 'NONE', #1485 ) ;
#1736 = EDGE_CURVE ( 'NONE', #258, #2720, #2666, .T. ) ;
#1737 = CARTESIAN_POINT ( 'NONE',  ( -0.05611588271042931148, -0.6460753719071167245, -8.996116897953612148E-05 ) ) ;
#1738 = DIRECTION ( 'NONE',  ( 0.000000000000000000, 0.000000000000000000, 1.000000000000000000 ) ) ;
#1739 = VECTOR ( 'NONE', #3731, 1000.000000000000114 ) ;
#1740 = B_SPLINE_SURFACE_WITH_KNOTS ( 'NONE', 3, 1, ( 
 ( #1753, #1859 ),
 ( #1193, #3374 ),
 ( #2076, #2369 ),
 ( #387, #3285 ) ),
 .UNSPECIFIED., .F., .F., .F.,
 ( 4, 4 ),
 ( 2, 2 ),
 ( 0.000000000000000000, 0.6789281855574239577 ),
 ( 0.000000000000000000, 1.000000000000000000 ),
 .UNSPECIFIED. ) ;
#1741 = VECTOR ( 'NONE', #984, 1000.000000000000000 ) ;
#1742 = EDGE_LOOP ( 'NONE', ( #3578, #3736, #3152, #1783 ) ) ;
#1743 = CARTESIAN_POINT ( 'NONE',  ( 0.08664461019289260157, 0.7870896554900282949, -8.996116897953610793E-05 ) ) ;
#1744 = VECTOR ( 'NONE', #2140, 1000.000000000000000 ) ;
#1745 = CARTESIAN_POINT ( 'NONE',  ( -0.4454699563980089594, -0.5698114147186288392, -8.996116897953610793E-05 ) ) ;
#1746 = PERSON_AND_ORGANIZATION ( #1765, #2881 ) ;
#1747 = ORIENTED_EDGE ( 'NONE', *, *, #3159, .T. ) ;
#1748 = ORIENTED_EDGE ( 'NONE', *, *, #2315, .F. ) ;
#1749 = EDGE_CURVE ( 'NONE', #1097, #886, #2, .T. ) ;
#1750 = CARTESIAN_POINT ( 'NONE',  ( -0.4260907967839137056, 0.3950897330463479795, -8.996116897953610793E-05 ) ) ;
#1751 = DESIGN_CONTEXT ( 'detailed design', #1843, 'design' ) ;
#1752 = CARTESIAN_POINT ( 'NONE',  ( 0.2330620920149777675, 0.5743724057702845887, 0.08991003883102055561 ) ) ;
#1753 = CARTESIAN_POINT ( 'NONE',  ( -0.06827992248535108555, -0.6663312015533459087, -8.996116897953610793E-05 ) ) ;
#1754 = EDGE_LOOP ( 'NONE', ( #3339, #1821, #983, #3312, #3632, #246, #2494, #390, #2090, #3470, #1807, #778 ) ) ;
#1755 = ADVANCED_FACE ( 'NONE', ( #1878 ), #1740, .T. ) ;
#1756 = CARTESIAN_POINT ( 'NONE',  ( 0.5599991159431199073, -0.3894578546037039124, 0.08991003883102055561 ) ) ;
#1757 = B_SPLINE_CURVE_WITH_KNOTS ( 'NONE', 3,
 ( #3391, #3426, #1349, #702 ),
 .UNSPECIFIED., .F., .F.,
 ( 4, 4 ),
 ( -0.2055526103434919816, 0.000000000000000000 ),
 .UNSPECIFIED. ) ;
#1758 = VECTOR ( 'NONE', #1715, 1000.000000000000000 ) ;
#1759 = CARTESIAN_POINT ( 'NONE',  ( 0.5180542284908492556, -0.6443654134756922058, 0.2999100388310207976 ) ) ;
#1760 = DIRECTION ( 'NONE',  ( 1.000000000000000000, 0.000000000000000000, 0.000000000000000000 ) ) ;
#1761 = CARTESIAN_POINT ( 'NONE',  ( 0.5360039557655552622, 0.1180089248815771041, -8.996116897953610793E-05 ) ) ;
#1762 = CC_DESIGN_SECURITY_CLASSIFICATION ( #820, ( #2374 ) ) ;
#1763 = ORIENTED_EDGE ( 'NONE', *, *, #1684, .F. ) ;
#1764 = CARTESIAN_POINT ( 'NONE',  ( 0.9000000000000000222, -0.9000000000000000222, -0.09008996116897960427 ) ) ;
#1765 = PERSON ( '未', '未', '未', ('未'), ('未'), ('未') ) ;
#1766 = DIRECTION ( 'NONE',  ( 0.000000000000000000, 1.000000000000000000, 0.000000000000000000 ) ) ;
#1767 = ORIENTED_EDGE ( 'NONE', *, *, #731, .T. ) ;
#1768 = CARTESIAN_POINT ( 'NONE',  ( 0.08570704460144075443, -0.7170524272918709086, 0.2999100388310207976 ) ) ;
#1769 = CARTESIAN_POINT ( 'NONE',  ( -0.4699174709320082521, -0.5687000484466563366, 0.08991003883102055561 ) ) ;
#1770 = VERTEX_POINT ( 'NONE', #3582 ) ;
#1771 = LINE ( 'NONE', #260, #1925 ) ;
#1772 = CARTESIAN_POINT ( 'NONE',  ( 0.2350270279574880883, 0.5763518732574448578, 0.08991003883102055561 ) ) ;
#1773 = LINE ( 'NONE', #1552, #436 ) ;
#1774 = CARTESIAN_POINT ( 'NONE',  ( -0.5230193653106702811, 0.2657691230773917002, -8.996116897953610793E-05 ) ) ;
#1775 = ADVANCED_FACE ( 'NONE', ( #605 ), #2647, .T. ) ;
#1776 = CARTESIAN_POINT ( 'NONE',  ( 0.2877531994996938014, 0.8497166269704784503, -8.996116897953610793E-05 ) ) ;
#1777 = CARTESIAN_POINT ( 'NONE',  ( 0.1603429582847585300, 0.8203751656402643588, 0.08991003883102055561 ) ) ;
#1778 = B_SPLINE_SURFACE_WITH_KNOTS ( 'NONE', 3, 1, ( 
 ( #1991, #522 ),
 ( #1703, #1415 ),
 ( #2598, #3812 ),
 ( #1121, #2299 ) ),
 .UNSPECIFIED., .F., .F., .F.,
 ( 4, 4 ),
 ( 2, 2 ),
 ( 0.000000000000000000, 1.000000000000000000 ),
 ( 0.000000000000000000, 1.000000000000000000 ),
 .UNSPECIFIED. ) ;
#1779 = LINE ( 'NONE', #2912, #148 ) ;
#1780 = ORIENTED_EDGE ( 'NONE', *, *, #413, .T. ) ;
#1781 = CARTESIAN_POINT ( 'NONE',  ( 0.1511923885345461127, 0.4152326259613022263, -8.996116897953610793E-05 ) ) ;
#1782 = DIRECTION ( 'NONE',  ( 0.000000000000000000, 0.000000000000000000, 1.000000000000000000 ) ) ;
#1783 = ORIENTED_EDGE ( 'NONE', *, *, #198, .T. ) ;
#1784 = DIRECTION ( 'NONE',  ( -0.1643989873053569861, -0.9863939238321438596, 0.000000000000000000 ) ) ;
#1785 = ADVANCED_FACE ( 'NONE', ( #113 ), #2358, .T. ) ;
#1786 = CARTESIAN_POINT ( 'NONE',  ( -0.4512813079645466297, 0.3404691686008529672, 0.08991003883102054173 ) ) ;
#1787 = EDGE_LOOP ( 'NONE', ( #475, #3592, #2819, #2005 ) ) ;
#1788 = ADVANCED_FACE ( 'NONE', ( #1372 ), #3530, .T. ) ;
#1789 = ORIENTED_EDGE ( 'NONE', *, *, #198, .F. ) ;
#1790 = CARTESIAN_POINT ( 'NONE',  ( -0.3641903972625716301, -0.7161791763305672687, -8.996116897953610793E-05 ) ) ;
#1791 = EDGE_CURVE ( 'NONE', #3222, #2823, #1949, .T. ) ;
#1792 = FACE_OUTER_BOUND ( 'NONE', #1057, .T. ) ;
#1793 = DIRECTION ( 'NONE',  ( 0.000000000000000000, 0.000000000000000000, 1.000000000000000000 ) ) ;
#1794 = CARTESIAN_POINT ( 'NONE',  ( 0.07935762596130387092, 0.3450646705627439803, 0.2999100388310207976 ) ) ;
#1795 = CARTESIAN_POINT ( 'NONE',  ( 0.1995056383379788523, 0.8628772005274589763, 0.2999100388310207976 ) ) ;
#1796 = CARTESIAN_POINT ( 'NONE',  ( 0.1819764436336023528, 0.8543594924637515353, 0.08991003883102055561 ) ) ;
#1797 = CARTESIAN_POINT ( 'NONE',  ( 0.5391767005920423683, 0.1849651889801011140, 0.2999100388310207976 ) ) ;
#1798 = LINE ( 'NONE', #2994, #1501 ) ;
#1799 = EDGE_CURVE ( 'NONE', #29, #191, #2254, .T. ) ;
#1800 = DIRECTION ( 'NONE',  ( -1.000000000000000000, 0.000000000000000000, 0.000000000000000000 ) ) ;
#1801 = CARTESIAN_POINT ( 'NONE',  ( 0.007294551161412599245, 0.6998201769746401624, -8.996116897953610793E-05 ) ) ;
#1802 = EDGE_CURVE ( 'NONE', #3402, #2540, #1208, .T. ) ;
#1803 = AXIS2_PLACEMENT_3D ( 'NONE', #3012, #1532, #2177 ) ;
#1804 = ORIENTED_EDGE ( 'NONE', *, *, #53, .F. ) ;
#1805 = DIRECTION ( 'NONE',  ( 2.255976957703900510E-16, -1.000000000000000000, 0.000000000000000000 ) ) ;
#1806 = CARTESIAN_POINT ( 'NONE',  ( -0.2009942054748528883, 0.4130895881652840163, 0.08991003883102055561 ) ) ;
#1807 = ORIENTED_EDGE ( 'NONE', *, *, #3591, .F. ) ;
#1808 = VECTOR ( 'NONE', #391, 1000.000000000000227 ) ;
#1809 = FACE_OUTER_BOUND ( 'NONE', #824, .T. ) ;
#1810 = CARTESIAN_POINT ( 'NONE',  ( -0.06518369674682586434, 0.3507801647186276628, 0.2999100388310207976 ) ) ;
#1811 = CARTESIAN_POINT ( 'NONE',  ( 0.1640168497423236671, 0.8340455242943242142, -8.996116897953610793E-05 ) ) ;
#1812 = VECTOR ( 'NONE', #1488, 1000.000000000000114 ) ;
#1813 = CARTESIAN_POINT ( 'NONE',  ( 0.5298109931945790274, -0.1980981540679935260, 0.08991003883102055561 ) ) ;
#1814 = CARTESIAN_POINT ( 'NONE',  ( 0.1531808194523867628, 0.7922321565301285728, 0.2999100388310207976 ) ) ;
#1815 = CARTESIAN_POINT ( 'NONE',  ( 0.1647112429924815213, 0.8351037296744274752, 0.08991003883102055561 ) ) ;
#1816 = CARTESIAN_POINT ( 'NONE',  ( -0.06010358047485299393, 0.4076921463012692648, -8.996116897953610793E-05 ) ) ;
#1817 = ORIENTED_EDGE ( 'NONE', *, *, #1041, .F. ) ;
#1818 = CARTESIAN_POINT ( 'NONE',  ( 0.5400714141813987013, -0.6216188659451935550, -8.996116897953610793E-05 ) ) ;
#1819 = VECTOR ( 'NONE', #2012, 1000.000000000000000 ) ;
#1820 = DIRECTION ( 'NONE',  ( 0.000000000000000000, 0.000000000000000000, 1.000000000000000000 ) ) ;
#1821 = ORIENTED_EDGE ( 'NONE', *, *, #631, .F. ) ;
#1822 = ADVANCED_FACE ( 'NONE', ( #1626 ), #8, .T. ) ;
#1823 = CARTESIAN_POINT ( 'NONE',  ( 0.2399999946355821367, 0.6359999790787713714, 0.08991003883102055561 ) ) ;
#1824 = CARTESIAN_POINT ( 'NONE',  ( -0.4488786370950236249, 0.3427770889768346207, 0.08991003883102055561 ) ) ;
#1825 = ORIENTED_EDGE ( 'NONE', *, *, #1279, .F. ) ;
#1826 = CARTESIAN_POINT ( 'NONE',  ( 0.6139485416412360230, -0.4166967296600351256, 0.08991003883102055561 ) ) ;
#1827 = LINE ( 'NONE', #3021, #2619 ) ;
#1828 = CARTESIAN_POINT ( 'NONE',  ( 0.2192881985492205477, 0.8670870164189339313, -8.996116897953610793E-05 ) ) ;
#1829 = B_SPLINE_SURFACE_WITH_KNOTS ( 'NONE', 3, 1, ( 
 ( #435, #1622 ),
 ( #166, #149 ),
 ( #1329, #3068 ),
 ( #2504, #106 ) ),
 .UNSPECIFIED., .F., .F., .F.,
 ( 4, 4 ),
 ( 2, 2 ),
 ( -1.000000000000000000, 0.000000000000000000 ),
 ( 0.000000000000000000, 1.000000000000000000 ),
 .UNSPECIFIED. ) ;
#1830 = CARTESIAN_POINT ( 'NONE',  ( -0.5191299467086796238, -0.5663983478546149586, -8.996116897953610793E-05 ) ) ;
#1831 = CARTESIAN_POINT ( 'NONE',  ( 0.1548816599871167266, 0.7951826263148999985, 0.2999100388310207976 ) ) ;
#1832 = CARTESIAN_POINT ( 'NONE',  ( 0.1773136810092680871, 0.8509216328069273416, 0.08991003883102055561 ) ) ;
#1833 = CARTESIAN_POINT ( 'NONE',  ( -0.07828052330017053195, 0.4175345687866199862, 0.2999100388310207976 ) ) ;
#1834 = EDGE_CURVE ( 'NONE', #683, #3769, #1318, .T. ) ;
#1835 = CARTESIAN_POINT ( 'NONE',  ( -0.5191299467086796238, -0.5663983478546149586, 0.08991003883102055561 ) ) ;
#1836 = CARTESIAN_POINT ( 'NONE',  ( 0.1011094639679822327, 0.3978540235190942687, -8.996116897953610793E-05 ) ) ;
#1837 = CARTESIAN_POINT ( 'NONE',  ( 1.499999999999999334, -0.9000000000000000222, -8.996116897953610793E-05 ) ) ;
#1838 = ORIENTED_EDGE ( 'NONE', *, *, #611, .T. ) ;
#1839 = CARTESIAN_POINT ( 'NONE',  ( 0.5298109931945790274, -0.1980981540679935260, -8.996116897953610793E-05 ) ) ;
#1840 = CARTESIAN_POINT ( 'NONE',  ( 0.1511923885345461127, 0.4152326259613022263, -8.996116897953610793E-05 ) ) ;
#1841 = EDGE_LOOP ( 'NONE', ( #3204, #1950, #3866, #3816 ) ) ;
#1842 = CARTESIAN_POINT ( 'NONE',  ( 0.5376692829132089235, 0.3638769912719729271, -8.996116897953610793E-05 ) ) ;
#1843 = APPLICATION_CONTEXT ( 'configuration controlled 3d designs of mechanical parts and assemblies' ) ;
#1844 = CARTESIAN_POINT ( 'NONE',  ( 0.5360814437866225912, -0.5914803924560546600, 0.2999100388310207976 ) ) ;
#1845 = CARTESIAN_POINT ( 'NONE',  ( 0.2671406907070633108, 0.8623693743855893601, -8.996116897953610793E-05 ) ) ;
#1846 = EDGE_CURVE ( 'NONE', #3429, #2740, #458, .T. ) ;
#1847 = EDGE_CURVE ( 'NONE', #1523, #1898, #2817, .T. ) ;
#1848 = CARTESIAN_POINT ( 'NONE',  ( 0.5391767005920423683, 0.1849651889801011140, -8.996116897953610793E-05 ) ) ;
#1849 = CARTESIAN_POINT ( 'NONE',  ( 0.1596342071909727101, 0.8148831842151935678, -8.996116897953610793E-05 ) ) ;
#1850 = CARTESIAN_POINT ( 'NONE',  ( 0.1872098085072365914, 0.8574404155549955053, 0.08991003883102055561 ) ) ;
#1851 = LINE ( 'NONE', #1271, #205 ) ;
#1852 = ORIENTED_EDGE ( 'NONE', *, *, #2723, .F. ) ;
#1853 = CARTESIAN_POINT ( 'NONE',  ( -0.4514349780788579625, 0.3403008330909542689, -8.996116897953610793E-05 ) ) ;
#1854 = CARTESIAN_POINT ( 'NONE',  ( 0.007627690514869830268, 0.7002637804798946819, -8.996116897953610793E-05 ) ) ;
#1855 = B_SPLINE_CURVE_WITH_KNOTS ( 'NONE', 3,
 ( #3403, #3742, #3781, #1044 ),
 .UNSPECIFIED., .F., .F.,
 ( 4, 4 ),
 ( 0.000000000000000000, 1.000000000000000000 ),
 .UNSPECIFIED. ) ;
#1856 = EDGE_CURVE ( 'NONE', #710, #2491, #153, .T. ) ;
#1857 = ORIENTED_EDGE ( 'NONE', *, *, #2069, .T. ) ;
#1858 = DIRECTION ( 'NONE',  ( 0.000000000000000000, 1.000000000000000000, 0.000000000000000000 ) ) ;
#1859 = CARTESIAN_POINT ( 'NONE',  ( -0.06827992248535108555, -0.6663312015533459087, 0.2999100388310207976 ) ) ;
#1860 = CARTESIAN_POINT ( 'NONE',  ( -0.5703607169109180530, 0.2615667559555888144, 0.2999100388310207976 ) ) ;
#1861 = ORIENTED_EDGE ( 'NONE', *, *, #2529, .T. ) ;
#1862 = ORIENTED_EDGE ( 'NONE', *, *, #3675, .T. ) ;
#1863 = CARTESIAN_POINT ( 'NONE',  ( -0.6702600145339951965, -0.1873035125732429862, 0.08991003883102055561 ) ) ;
#1864 = VECTOR ( 'NONE', #1766, 1000.000000000000000 ) ;
#1865 = CARTESIAN_POINT ( 'NONE',  ( 0.2399999946355821367, 0.6359999790787713714, -8.996116897953610793E-05 ) ) ;
#1866 = CARTESIAN_POINT ( 'NONE',  ( -0.4444889868868590055, 0.3671868876793559777, 0.08991003883102055561 ) ) ;
#1867 = CARTESIAN_POINT ( 'NONE',  ( 0.4619426845160519712, -0.6917092549015706471, -8.996116897953610793E-05 ) ) ;
#1868 = EDGE_CURVE ( 'NONE', #3759, #3714, #1333, .T. ) ;
#1869 = LINE ( 'NONE', #43, #386 ) ;
#1870 = CARTESIAN_POINT ( 'NONE',  ( 0.2593990992010928864, 0.8645715565996588969, 0.08991003883102055561 ) ) ;
#1871 = CARTESIAN_POINT ( 'NONE',  ( 0.5249162226809457321, -0.6408050877758726394, -8.996116897953610793E-05 ) ) ;
#1872 = VECTOR ( 'NONE', #2769, 1000.000000000000000 ) ;
#1873 = CARTESIAN_POINT ( 'NONE',  ( -0.4488786370950209603, 0.3427770889768292917, 0.2999100388310207976 ) ) ;
#1874 = FACE_OUTER_BOUND ( 'NONE', #3863, .T. ) ;
#1875 = CARTESIAN_POINT ( 'NONE',  ( 0.01831129283810177880, 0.7097090572421397292, 0.2999100388310207976 ) ) ;
#1876 = VERTEX_POINT ( 'NONE', #1644 ) ;
#1877 = CARTESIAN_POINT ( 'NONE',  ( -0.4453911094665509718, -0.6386298885345446097, 0.08991003883102055561 ) ) ;
#1878 = FACE_OUTER_BOUND ( 'NONE', #409, .T. ) ;
#1879 = CARTESIAN_POINT ( 'NONE',  ( 0.2389055278956436768, 0.5808379082708069463, 0.2999100388310207976 ) ) ;
#1880 = ORIENTED_EDGE ( 'NONE', *, *, #1662, .T. ) ;
#1881 = ORIENTED_EDGE ( 'NONE', *, *, #1054, .T. ) ;
#1882 = CARTESIAN_POINT ( 'NONE',  ( 0.5421934738159199796, -0.2103217296600347896, 0.08991003883102055561 ) ) ;
#1883 = CARTESIAN_POINT ( 'NONE',  ( 0.009405611103104819307, 0.7024316524889065994, -8.996116897953610793E-05 ) ) ;
#1884 = CARTESIAN_POINT ( 'NONE',  ( 0.4619426845160519712, -0.6917092549015706471, 0.08991003883102055561 ) ) ;
#1885 = EDGE_CURVE ( 'NONE', #2949, #1993, #3113, .T. ) ;
#1886 = CARTESIAN_POINT ( 'NONE',  ( 0.4597310500540712774, -0.7034335748406899125, -8.996116897953610793E-05 ) ) ;
#1887 = CARTESIAN_POINT ( 'NONE',  ( 0.2418387900500307275, 0.5886294743899825876, 0.08991003883102055561 ) ) ;
#1888 = DIRECTION ( 'NONE',  ( -1.000000000000000000, 0.000000000000000000, 0.000000000000000000 ) ) ;
#1889 = DIRECTION ( 'NONE',  ( 0.000000000000000000, 0.000000000000000000, 1.000000000000000000 ) ) ;
#1890 = EDGE_CURVE ( 'NONE', #1058, #3557, #1897, .T. ) ;
#1891 = B_SPLINE_SURFACE_WITH_KNOTS ( 'NONE', 3, 1, ( 
 ( #134, #3734 ),
 ( #2492, #1298 ),
 ( #2252, #496 ),
 ( #1002, #3715 ) ),
 .UNSPECIFIED., .F., .F., .F.,
 ( 4, 4 ),
 ( 2, 2 ),
 ( 0.3769502199250599483, 1.000000000000000000 ),
 ( 0.000000000000000000, 1.000000000000000000 ),
 .UNSPECIFIED. ) ;
#1892 = CARTESIAN_POINT ( 'NONE',  ( -0.4495662476623529802, 0.3420838185949862664, -8.996116897953610793E-05 ) ) ;
#1893 = LINE ( 'NONE', #3125, #3623 ) ;
#1894 = CARTESIAN_POINT ( 'NONE',  ( -0.5102320714529399170, 0.3315842491641390333, 0.08991003883102055561 ) ) ;
#1895 = ORIENTED_EDGE ( 'NONE', *, *, #1749, .F. ) ;
#1896 = CARTESIAN_POINT ( 'NONE',  ( -0.5973930959701525545, -0.01708881394541043527, 0.08991003883102055561 ) ) ;
#1897 = LINE ( 'NONE', #2875, #1734 ) ;
#1898 = VERTEX_POINT ( 'NONE', #1610 ) ;
#1899 = CARTESIAN_POINT ( 'NONE',  ( -0.5703607169109180530, 0.2615667559555888144, -8.996116897953610793E-05 ) ) ;
#1900 = CARTESIAN_POINT ( 'NONE',  ( -0.5114305620193473345, 0.3303804893493663131, 0.08991003883102055561 ) ) ;
#1901 = DIRECTION ( 'NONE',  ( 0.000000000000000000, 0.000000000000000000, 1.000000000000000000 ) ) ;
#1902 = EDGE_CURVE ( 'NONE', #3532, #2343, #556, .T. ) ;
#1903 = ORIENTED_EDGE ( 'NONE', *, *, #90, .T. ) ;
#1904 = CARTESIAN_POINT ( 'NONE',  ( 0.03539883107625389075, 0.7168005951532495645, 0.08991003883102055561 ) ) ;
#1905 = CARTESIAN_POINT ( 'NONE',  ( 0.6139485416412360230, -0.4166967296600351256, -8.996116897953610793E-05 ) ) ;
#1906 = PLANE ( 'NONE',  #3767 ) ;
#1907 = CARTESIAN_POINT ( 'NONE',  ( 0.5373514728546147090, -0.6012436046600340145, -8.996116897953610793E-05 ) ) ;
#1908 = CARTESIAN_POINT ( 'NONE',  ( -0.5104428466493429184, 0.3313942444717379865, 0.08991003883102055561 ) ) ;
#1909 = ADVANCED_FACE ( 'NONE', ( #1931 ), #3281, .T. ) ;
#1910 = ORIENTED_EDGE ( 'NONE', *, *, #2845, .T. ) ;
#1911 = FACE_OUTER_BOUND ( 'NONE', #207, .T. ) ;
#1912 = ADVANCED_FACE ( 'NONE', ( #2336 ), #1435, .T. ) ;
#1913 = CARTESIAN_POINT ( 'NONE',  ( -0.5102320714529399170, 0.3315842491641390333, 0.2999100388310207976 ) ) ;
#1914 = ORIENTED_EDGE ( 'NONE', *, *, #3500, .F. ) ;
#1915 = CARTESIAN_POINT ( 'NONE',  ( -0.06804108047485321609, 0.3587968749999986828, 0.08991003883102055561 ) ) ;
#1916 = LINE ( 'NONE', #2241, #3060 ) ;
#1917 = CARTESIAN_POINT ( 'NONE',  ( -0.6203330717086799062, -0.1909546947479253409, -8.996116897953610793E-05 ) ) ;
#1918 = AXIS2_PLACEMENT_3D ( 'NONE', #552, #1961, #837 ) ;
#1919 = ORIENTED_EDGE ( 'NONE', *, *, #1885, .T. ) ;
#1920 = B_SPLINE_CURVE_WITH_KNOTS ( 'NONE', 2,
 ( #2945, #2597, #3853 ),
 .UNSPECIFIED., .F., .F.,
 ( 3, 3 ),
 ( 0.000000000000000000, 1.000000000000000000 ),
 .UNSPECIFIED. ) ;
#1921 = CARTESIAN_POINT ( 'NONE',  ( 0.03263087602977326335, 0.7159349573552546975, 0.08991003883102055561 ) ) ;
#1922 = CARTESIAN_POINT ( 'NONE',  ( 0.2557167833242709465, 0.8654269023980820652, 0.08991003883102055561 ) ) ;
#1923 = CARTESIAN_POINT ( 'NONE',  ( -0.6702600145339951965, 0.03399402618408303017, -8.996116897953610793E-05 ) ) ;
#1924 = VECTOR ( 'NONE', #2505, 1000.000000000000000 ) ;
#1925 = VECTOR ( 'NONE', #1126, 1000.000000000000000 ) ;
#1926 = CARTESIAN_POINT ( 'NONE',  ( -0.6702600145339951965, 0.03399402618408303017, 0.2999100388310207976 ) ) ;
#1927 = LINE ( 'NONE', #1657, #624 ) ;
#1928 = ORIENTED_EDGE ( 'NONE', *, *, #2478, .T. ) ;
#1929 = ORIENTED_EDGE ( 'NONE', *, *, #2284, .T. ) ;
#1930 = FACE_OUTER_BOUND ( 'NONE', #2013, .T. ) ;
#1931 = FACE_OUTER_BOUND ( 'NONE', #3875, .T. ) ;
#1932 = B_SPLINE_CURVE_WITH_KNOTS ( 'NONE', 3,
 ( #1723, #543, #847, #1971 ),
 .UNSPECIFIED., .F., .F.,
 ( 4, 4 ),
 ( -0.2958826226878970012, 0.000000000000000000 ),
 .UNSPECIFIED. ) ;
#1933 = EDGE_CURVE ( 'NONE', #3823, #821, #3194, .T. ) ;
#1934 = ORIENTED_EDGE ( 'NONE', *, *, #1444, .F. ) ;
#1935 = CARTESIAN_POINT ( 'NONE',  ( -0.4514349780788579625, 0.3403008330909542689, -8.996116897953610793E-05 ) ) ;
#1936 = CARTESIAN_POINT ( 'NONE',  ( 0.4612308769226070027, -0.1864300193786624371, -8.996116897953610793E-05 ) ) ;
#1937 = VECTOR ( 'NONE', #1468, 1000.000000000000114 ) ;
#1938 = PERSON_AND_ORGANIZATION ( #1765, #2881 ) ;
#1939 = ORIENTED_EDGE ( 'NONE', *, *, #2629, .F. ) ;
#1940 = CARTESIAN_POINT ( 'NONE',  ( 0.2394822816218181716, 0.6125405913213569642, 0.08991003883102055561 ) ) ;
#1941 = CARTESIAN_POINT ( 'NONE',  ( 0.2521137661614075154, 0.8661464374900282870, 0.08991003883102055561 ) ) ;
#1942 = CARTESIAN_POINT ( 'NONE',  ( 0.4612308769226070027, -0.1864300193786624371, 0.08991003883102055561 ) ) ;
#1943 = PLANE ( 'NONE',  #1557 ) ;
#1944 = CARTESIAN_POINT ( 'NONE',  ( 0.04242870879173342435, 0.3403026065826422752, 0.08991003883102055561 ) ) ;
#1945 = CARTESIAN_POINT ( 'NONE',  ( 0.4589333004485069423, -0.7170524272918709086, -8.996116897953610793E-05 ) ) ;
#1946 = ADVANCED_FACE ( 'NONE', ( #2007 ), #2594, .F. ) ;
#1947 = ORIENTED_EDGE ( 'NONE', *, *, #51, .T. ) ;
#1948 = DIRECTION ( 'NONE',  ( 0.000000000000000000, 0.000000000000000000, 1.000000000000000000 ) ) ;
#1949 = LINE ( 'NONE', #3771, #3564 ) ;
#1950 = ORIENTED_EDGE ( 'NONE', *, *, #2549, .F. ) ;
#1951 = EDGE_LOOP ( 'NONE', ( #466, #2302, #1928, #1399 ) ) ;
#1952 = CARTESIAN_POINT ( 'NONE',  ( 0.2226179463192939356, 0.5670975689476585035, -8.996116897953610793E-05 ) ) ;
#1953 = CARTESIAN_POINT ( 'NONE',  ( 0.01318062624164634440, 0.7060770001488841929, -8.996116897953610793E-05 ) ) ;
#1954 = CARTESIAN_POINT ( 'NONE',  ( 0.3100303974069603119, 0.8047370583507778008, -8.996116897953610793E-05 ) ) ;
#1955 = VERTEX_POINT ( 'NONE', #228 ) ;
#1956 = CARTESIAN_POINT ( 'NONE',  ( -0.06827992248535108555, -0.6663312015533459087, -8.996116897953610793E-05 ) ) ;
#1957 = CARTESIAN_POINT ( 'NONE',  ( 0.2403662082324573290, 0.6099340560298920355, 0.08991003883102055561 ) ) ;
#1958 = CARTESIAN_POINT ( 'NONE',  ( -0.4509526027252049318, 0.3408107475340530490, 0.2999100388310207976 ) ) ;
#1959 = ADVANCED_FACE ( 'NONE', ( #537 ), #3568, .T. ) ;
#1960 = CARTESIAN_POINT ( 'NONE',  ( -0.4453911094665509718, -0.6386298885345446097, -8.996116897953610793E-05 ) ) ;
#1961 = DIRECTION ( 'NONE',  ( 1.000000000000000000, 0.000000000000000000, 0.000000000000000000 ) ) ;
#1962 = CARTESIAN_POINT ( 'NONE',  ( 0.1011094639679822327, 0.3978540235190942687, 0.08991003883102055561 ) ) ;
#1963 = ORIENTED_EDGE ( 'NONE', *, *, #2261, .T. ) ;
#1964 = ORIENTED_EDGE ( 'NONE', *, *, #2030, .T. ) ;
#1965 = LINE ( 'NONE', #439, #3618 ) ;
#1966 = CARTESIAN_POINT ( 'NONE',  ( -0.6702600145339951965, 0.07233426364392603336, -8.996116897953610793E-05 ) ) ;
#1967 = EDGE_CURVE ( 'NONE', #1019, #235, #1411, .T. ) ;
#1968 = VERTEX_POINT ( 'NONE', #3507 ) ;
#1969 = ORIENTED_EDGE ( 'NONE', *, *, #110, .T. ) ;
#1970 = CARTESIAN_POINT ( 'NONE',  ( 0.08213555717468315476, 0.3523672771453862929, 0.08991003883102055561 ) ) ;
#1971 = CARTESIAN_POINT ( 'NONE',  ( 0.08086528587341365593, -0.6437892150878912201, 0.08991003883102055561 ) ) ;
#1972 = CARTESIAN_POINT ( 'NONE',  ( 0.2978543259816713862, 0.8372568751479414484, -8.996116897953610793E-05 ) ) ;
#1973 = ORIENTED_EDGE ( 'NONE', *, *, #3653, .F. ) ;
#1974 = EDGE_LOOP ( 'NONE', ( #1929, #3322, #231, #2870 ) ) ;
#1975 = LINE ( 'NONE', #1380, #1369 ) ;
#1976 = CARTESIAN_POINT ( 'NONE',  ( 0.2340826641913600348, 0.5754005255159432286, 0.08991003883102055561 ) ) ;
#1977 = CARTESIAN_POINT ( 'NONE',  ( -0.4515018072128279547, 0.3402233963012699647, 0.08991003883102055561 ) ) ;
#1978 = B_SPLINE_CURVE_WITH_KNOTS ( 'NONE', 3,
 ( #2736, #2682, #1806, #328 ),
 .UNSPECIFIED., .F., .F.,
 ( 4, 4 ),
 ( -0.8335693277151089431, 0.000000000000000000 ),
 .UNSPECIFIED. ) ;
#1979 = CARTESIAN_POINT ( 'NONE',  ( -0.5973143701553342844, 0.05475429273947705899, 0.08991003883102055561 ) ) ;
#1980 = VECTOR ( 'NONE', #2774, 1000.000000000000000 ) ;
#1981 = EDGE_CURVE ( 'NONE', #3723, #3838, #2732, .T. ) ;
#1982 = CARTESIAN_POINT ( 'NONE',  ( 0.1542611894621677138, 0.7940063372198461478, 0.08991003883102055561 ) ) ;
#1983 = VECTOR ( 'NONE', #1032, 1000.000000000000000 ) ;
#1984 = CARTESIAN_POINT ( 'NONE',  ( 0.1780704218311250364, 0.5641205500455839239, 0.2999100388310207976 ) ) ;
#1985 = ORIENTED_EDGE ( 'NONE', *, *, #1868, .F. ) ;
#1986 = LINE ( 'NONE', #2570, #989 ) ;
#1987 = CARTESIAN_POINT ( 'NONE',  ( 0.5360039557655552622, 0.1180089248815771041, 0.2999100388310207976 ) ) ;
#1988 = VERTEX_POINT ( 'NONE', #3807 ) ;
#1989 = ORIENTED_EDGE ( 'NONE', *, *, #1540, .F. ) ;
#1990 = CARTESIAN_POINT ( 'NONE',  ( 0.08419890022277884412, -0.6944305038452162071, 0.2999100388310207976 ) ) ;
#1991 = CARTESIAN_POINT ( 'NONE',  ( 0.6083924369812019339, 0.3357781734466556700, -8.996116897953610793E-05 ) ) ;
#1992 = PERSON_AND_ORGANIZATION_ROLE ( 'classification_officer' ) ;
#1993 = VERTEX_POINT ( 'NONE', #3572 ) ;
#1994 = CARTESIAN_POINT ( 'NONE',  ( 0.5390979747772228770, 0.1848862209320067396, 0.08991003883102055561 ) ) ;
#1995 = VECTOR ( 'NONE', #3423, 1000.000000000000000 ) ;
#1996 = CARTESIAN_POINT ( 'NONE',  ( 0.2122429103238679116, 0.5638237416324359819, 0.08991003883102055561 ) ) ;
#1997 = DIRECTION ( 'NONE',  ( 0.05372459902162089740, -0.9985557908599630439, 0.000000000000000000 ) ) ;
#1998 = VERTEX_POINT ( 'NONE', #1115 ) ;
#1999 = CARTESIAN_POINT ( 'NONE',  ( -0.5114305620193473345, 0.3303804893493663131, 0.2999100388310207976 ) ) ;
#2000 = VECTOR ( 'NONE', #3444, 1000.000000000000000 ) ;
#2001 = CARTESIAN_POINT ( 'NONE',  ( 0.3082266013477022448, 0.8125784361724086580, 0.2999100388310207976 ) ) ;
#2002 = CARTESIAN_POINT ( 'NONE',  ( 0.1569215854648650377, 0.8007032709074339838, 0.08991003883102055561 ) ) ;
#2003 = CARTESIAN_POINT ( 'NONE',  ( 0.5860361677487823107, 0.1875819076473599634, -8.996116897953610793E-05 ) ) ;
#2004 = EDGE_CURVE ( 'NONE', #190, #710, #2728, .T. ) ;
#2005 = ORIENTED_EDGE ( 'NONE', *, *, #867, .T. ) ;
#2006 = CARTESIAN_POINT ( 'NONE',  ( -0.5230193653106702811, 0.2657691230773917002, -8.996116897953610793E-05 ) ) ;
#2007 = FACE_OUTER_BOUND ( 'NONE', #3286, .T. ) ;
#2008 = B_SPLINE_CURVE_WITH_KNOTS ( 'NONE', 3,
 ( #2229, #128, #2210, #733 ),
 .UNSPECIFIED., .F., .F.,
 ( 4, 4 ),
 ( -1.111332912549769958, 0.000000000000000000 ),
 .UNSPECIFIED. ) ;
#2009 = ORIENTED_EDGE ( 'NONE', *, *, #731, .F. ) ;
#2010 = ORIENTED_EDGE ( 'NONE', *, *, #142, .F. ) ;
#2011 = CARTESIAN_POINT ( 'NONE',  ( 0.4845673885345469500, 0.4155501937866210027, -8.996116897953610793E-05 ) ) ;
#2012 = DIRECTION ( 'NONE',  ( 0.000000000000000000, 0.000000000000000000, 1.000000000000000000 ) ) ;
#2013 = EDGE_LOOP ( 'NONE', ( #3612, #559, #3471, #1413 ) ) ;
#2014 = VERTEX_POINT ( 'NONE', #1159 ) ;
#2015 = B_SPLINE_SURFACE_WITH_KNOTS ( 'NONE', 3, 1, ( 
 ( #2931, #2308 ),
 ( #1171, #2348 ),
 ( #2989, #1794 ),
 ( #2040, #1108 ) ),
 .UNSPECIFIED., .F., .F., .F.,
 ( 4, 4 ),
 ( 2, 2 ),
 ( -1.000000000000000000, 0.000000000000000000 ),
 ( 0.000000000000000000, 1.000000000000000000 ),
 .UNSPECIFIED. ) ;
#2016 = EDGE_LOOP ( 'NONE', ( #506, #3466, #629, #2506 ) ) ;
#2017 = FACE_OUTER_BOUND ( 'NONE', #1157, .T. ) ;
#2018 = CARTESIAN_POINT ( 'NONE',  ( 0.2064328472963671279, 0.5628434982207363158, 0.08991003883102055561 ) ) ;
#2019 = CARTESIAN_POINT ( 'NONE',  ( -0.4514230813980086854, 0.3403023643493640060, 0.2999100388310207976 ) ) ;
#2020 = PLANE ( 'NONE',  #331 ) ;
#2021 = ADVANCED_FACE ( 'NONE', ( #12 ), #2294, .T. ) ;
#2022 = EDGE_CURVE ( 'NONE', #1398, #1441, #368, .T. ) ;
#2023 = CARTESIAN_POINT ( 'NONE',  ( 0.1828628743720834837, 0.8552682387387484653, 0.2999100388310207976 ) ) ;
#2024 = CARTESIAN_POINT ( 'NONE',  ( 0.1554560895993997993, 0.7966102890757023047, 0.08991003883102055561 ) ) ;
#2025 = PLANE ( 'NONE',  #3128 ) ;
#2026 = EDGE_LOOP ( 'NONE', ( #3148, #1763, #539, #2578 ) ) ;
#2027 = CARTESIAN_POINT ( 'NONE',  ( -0.5230980911254887733, 0.2656901550292948833, -8.996116897953610793E-05 ) ) ;
#2028 = CARTESIAN_POINT ( 'NONE',  ( 0.5391771850585952430, -0.5811617393493651029, -8.996116897953610793E-05 ) ) ;
#2029 = B_SPLINE_CURVE_WITH_KNOTS ( 'NONE', 3,
 ( #1761, #1175, #593, #610 ),
 .UNSPECIFIED., .F., .F.,
 ( 4, 4 ),
 ( 0.005490132713790899649, 1.000000000000000000 ),
 .UNSPECIFIED. ) ;
#2030 = EDGE_CURVE ( 'NONE', #2379, #2498, #860, .T. ) ;
#2031 = VERTEX_POINT ( 'NONE', #1457 ) ;
#2032 = ADVANCED_FACE ( 'NONE', ( #270 ), #1116, .T. ) ;
#2033 = CARTESIAN_POINT ( 'NONE',  ( 0.4882185707092289717, -0.1900812015533451527, 0.2999100388310207976 ) ) ;
#2034 = CARTESIAN_POINT ( 'NONE',  ( 0.5628288944857382514, 0.1863006604511608655, 0.08991003883102055561 ) ) ;
#2035 = PERSON_AND_ORGANIZATION_ROLE ( 'creator' ) ;
#2036 = ORIENTED_EDGE ( 'NONE', *, *, #2314, .T. ) ;
#2037 = DIRECTION ( 'NONE',  ( -0.7065638971405108215, -0.7076492487508296847, 0.000000000000000000 ) ) ;
#2038 = CARTESIAN_POINT ( 'NONE',  ( 0.1709179291660415656, 0.5622911807152976005, 0.08991003883102055561 ) ) ;
#2039 = CARTESIAN_POINT ( 'NONE',  ( -0.9000000000000000222, -1.049999999999999378, -0.09008996116897960427 ) ) ;
#2040 = CARTESIAN_POINT ( 'NONE',  ( 0.07753191375732478019, 0.3403815746307362611, -8.996116897953610793E-05 ) ) ;
#2041 = CARTESIAN_POINT ( 'NONE',  ( 0.2495530647367451560, 0.8667690766511165767, 0.2999100388310207976 ) ) ;
#2042 = LINE ( 'NONE', #1426, #2932 ) ;
#2043 = DIRECTION ( 'NONE',  ( -0.9897942278982471143, 0.1425039873803990165, 0.000000000000000000 ) ) ;
#2044 = VECTOR ( 'NONE', #542, 1000.000000000000000 ) ;
#2045 = VECTOR ( 'NONE', #3349, 1000.000000000000000 ) ;
#2046 = ORIENTED_EDGE ( 'NONE', *, *, #350, .F. ) ;
#2047 = CARTESIAN_POINT ( 'NONE',  ( 0.4845673885345469500, 0.4155501937866210027, -8.996116897953610793E-05 ) ) ;
#2048 = CARTESIAN_POINT ( 'NONE',  ( 0.5360814437866225912, -0.5914803924560546600, -8.996116897953610793E-05 ) ) ;
#2049 = B_SPLINE_SURFACE_WITH_KNOTS ( 'NONE', 2, 1, ( 
 ( #1088, #3462 ),
 ( #1384, #222 ),
 ( #789, #3144 ) ),
 .UNSPECIFIED., .F., .F., .F.,
 ( 3, 3 ),
 ( 2, 2 ),
 ( 0.000000000000000000, 0.6892133173089219911 ),
 ( 0.000000000000000000, 1.000000000000000000 ),
 .UNSPECIFIED. ) ;
#2050 = ORIENTED_EDGE ( 'NONE', *, *, #2922, .F. ) ;
#2051 = CARTESIAN_POINT ( 'NONE',  ( 0.5390979747772228770, 0.1848862209320067396, -8.996116897953610793E-05 ) ) ;
#2052 = FACE_OUTER_BOUND ( 'NONE', #1084, .T. ) ;
#2053 = APPROVAL_ROLE ( '' ) ;
#2054 = EDGE_CURVE ( 'NONE', #2978, #3300, #1156, .T. ) ;
#2055 = ORIENTED_EDGE ( 'NONE', *, *, #2335, .F. ) ;
#2056 = CARTESIAN_POINT ( 'NONE',  ( -0.5946949806213392975, -0.1927804069519045149, -8.996116897953610793E-05 ) ) ;
#2057 = CARTESIAN_POINT ( 'NONE',  ( 0.2110247384263488069, 0.5635772590551145766, 0.08991003883102055561 ) ) ;
#2058 = CARTESIAN_POINT ( 'NONE',  ( -0.4454699563980089594, -0.6387088565826423148, -8.996116897953610793E-05 ) ) ;
#2059 = ORIENTED_EDGE ( 'NONE', *, *, #2284, .F. ) ;
#2060 = DIRECTION ( 'NONE',  ( -0.9965457582448795648, -0.08304547985373997299, 0.000000000000000000 ) ) ;
#2061 = CARTESIAN_POINT ( 'NONE',  ( 0.3119999930262566945, 0.7919999755918973872, -8.996116897953610793E-05 ) ) ;
#2062 = CARTESIAN_POINT ( 'NONE',  ( 0.2073435453325108424, 0.8648019779872913038, 0.08991003883102055561 ) ) ;
#2063 = CARTESIAN_POINT ( 'NONE',  ( 0.1529999965801835948, 0.7919999755918973872, -8.996116897953610793E-05 ) ) ;
#2064 = VECTOR ( 'NONE', #3287, 1000.000000000000000 ) ;
#2065 = EDGE_CURVE ( 'NONE', #3703, #1686, #3351, .T. ) ;
#2066 = ORIENTED_EDGE ( 'NONE', *, *, #2549, .T. ) ;
#2067 = CARTESIAN_POINT ( 'NONE',  ( 0.5376692829132089235, 0.3638769912719729271, 0.08991003883102055561 ) ) ;
#2068 = DIRECTION ( 'NONE',  ( 9.429486282964380318E-16, 1.000000000000000000, 0.000000000000000000 ) ) ;
#2069 = EDGE_CURVE ( 'NONE', #3098, #3044, #648, .T. ) ;
#2070 = EDGE_LOOP ( 'NONE', ( #1189, #3, #431, #3692 ) ) ;
#2071 = CARTESIAN_POINT ( 'NONE',  ( -0.007955358505248725717, -0.6429954166412371608, -8.996116897953610793E-05 ) ) ;
#2072 = CARTESIAN_POINT ( 'NONE',  ( 0.5180542284908492556, -0.6443654134756922058, 0.08991003883102055561 ) ) ;
#2073 = EDGE_LOOP ( 'NONE', ( #588, #2851, #3331, #1185 ) ) ;
#2074 = FACE_OUTER_BOUND ( 'NONE', #2981, .T. ) ;
#2075 = CARTESIAN_POINT ( 'NONE',  ( -0.06899943541696045013, -0.6976387456020899380, -8.996116897953610793E-05 ) ) ;
#2076 = CARTESIAN_POINT ( 'NONE',  ( -0.06300840849535323251, -0.6529614899743233503, -8.996116897953610793E-05 ) ) ;
#2077 = CARTESIAN_POINT ( 'NONE',  ( -0.5197649612426756827, 0.2888672771453849597, -8.996116897953610793E-05 ) ) ;
#2078 = CC_DESIGN_PERSON_AND_ORGANIZATION_ASSIGNMENT ( #1938, #3139, ( #257 ) ) ;
#2079 = EDGE_CURVE ( 'NONE', #1052, #1296, #3650, .T. ) ;
#2080 = CARTESIAN_POINT ( 'NONE',  ( 0.03551207461361370610, 0.7168346926953569342, -8.996116897953610793E-05 ) ) ;
#2081 = CARTESIAN_POINT ( 'NONE',  ( 0.1612831454329595460, 0.8252743226115023534, 0.08991003883102055561 ) ) ;
#2082 = CARTESIAN_POINT ( 'NONE',  ( 0.4912812208732797448, 0.1021716166027859807, 0.08991003883102055561 ) ) ;
#2083 = EDGE_LOOP ( 'NONE', ( #1225, #276, #3171, #2312 ) ) ;
#2084 = CARTESIAN_POINT ( 'NONE',  ( -0.3676829166412352579, -0.6930015697479239289, -8.996116897953610793E-05 ) ) ;
#2085 = CARTESIAN_POINT ( 'NONE',  ( -0.4488786370950236249, 0.3427770889768346207, 0.08991003883102055561 ) ) ;
#2086 = VERTEX_POINT ( 'NONE', #2730 ) ;
#2087 = CARTESIAN_POINT ( 'NONE',  ( -0.3641903972625716301, -0.7161791763305672687, -8.996116897953610793E-05 ) ) ;
#2088 = DIRECTION ( 'NONE',  ( 1.000000000000000000, 0.000000000000000000, 0.000000000000000000 ) ) ;
#2089 = ADVANCED_FACE ( 'NONE', ( #3369 ), #1239, .F. ) ;
#2090 = ORIENTED_EDGE ( 'NONE', *, *, #2464, .F. ) ;
#2091 = CARTESIAN_POINT ( 'NONE',  ( 0.4589333004485069423, -0.7170524272918709086, -8.996116897953610793E-05 ) ) ;
#2092 = LINE ( 'NONE', #2421, #2424 ) ;
#2093 = CARTESIAN_POINT ( 'NONE',  ( -0.4375265522226057247, 0.3835972282805792943, 0.08991003883102055561 ) ) ;
#2094 = DIRECTION ( 'NONE',  ( 1.000000000000000000, -9.429486282964380318E-16, 0.000000000000000000 ) ) ;
#2095 = LINE ( 'NONE', #2724, #3320 ) ;
#2096 = CARTESIAN_POINT ( 'NONE',  ( 0.2148081015672482219, 0.8662664674439963797, 0.08991003883102055561 ) ) ;
#2097 = CARTESIAN_POINT ( 'NONE',  ( -0.3677611579895007088, 0.4151534156799299713, -8.996116897953610793E-05 ) ) ;
#2098 = ADVANCED_FACE ( 'NONE', ( #1220 ), #2612, .T. ) ;
#2099 = VERTEX_POINT ( 'NONE', #382 ) ;
#2100 = FACE_OUTER_BOUND ( 'NONE', #2083, .T. ) ;
#2101 = VECTOR ( 'NONE', #3411, 1000.000000000000000 ) ;
#2102 = CARTESIAN_POINT ( 'NONE',  ( 0.02448817103570547632, 0.7128736305004232943, -8.996116897953610793E-05 ) ) ;
#2103 = AXIS2_PLACEMENT_3D ( 'NONE', #2864, #1691, #2328 ) ;
#2104 = ORIENTED_EDGE ( 'NONE', *, *, #2787, .F. ) ;
#2105 = B_SPLINE_CURVE_WITH_KNOTS ( 'NONE', 5,
 ( #410, #1596, #2785, #118, #1228, #2557, #138, #1375, #3153, #3456, #1952, #2803, #2186, #1612, #761, #3756, #1024, #3472, #1320, #1647, #3737, #2837, #480, #3095, #213 ),
 .UNSPECIFIED., .F., .F.,
 ( 6, 1, 1, 1, 1, 1, 1, 1, 1, 1, 1, 1, 1, 1, 1, 1, 1, 1, 1, 1, 6 ),
 ( 0.000000000000000000, 0.05000000000000000278, 0.1000000000000000056, 0.1499999999999999944, 0.2000000000000000111, 0.2500000000000000000, 0.2999999999999999889, 0.3499999999999999778, 0.4000000000000000222, 0.4500000000000000111, 0.5000000000000000000, 0.5500000000000000444, 0.5999999999999999778, 0.6500000000000000222, 0.6999999999999999556, 0.7500000000000000000, 0.8000000000000000444, 0.8499999999999999778, 0.9000000000000000222, 0.9499999999999999556, 1.000000000000000000 ),
 .UNSPECIFIED. ) ;
#2106 = ORIENTED_EDGE ( 'NONE', *, *, #17, .F. ) ;
#2107 = CARTESIAN_POINT ( 'NONE',  ( 0.3106763856411002278, -0.4166967296600360693, 0.08991003883102055561 ) ) ;
#2108 = CARTESIAN_POINT ( 'NONE',  ( 0.1185400317800978931, 0.4152744216303686509, 0.2999100388310207976 ) ) ;
#2109 = VERTEX_POINT ( 'NONE', #2757 ) ;
#2110 = LINE ( 'NONE', #1524, #65 ) ;
#2111 = DIRECTION ( 'NONE',  ( 0.000000000000000000, -1.000000000000000000, 0.000000000000000000 ) ) ;
#2112 = CARTESIAN_POINT ( 'NONE',  ( 0.1585726502931140147, 0.8071355797937792564, -8.996116897953610793E-05 ) ) ;
#2113 = ORIENTED_EDGE ( 'NONE', *, *, #3302, .T. ) ;
#2114 = LINE ( 'NONE', #694, #13 ) ;
#2115 = CARTESIAN_POINT ( 'NONE',  ( 0.01455679807180477146, 0.7070970433704597546, 0.08991003883102055561 ) ) ;
#2116 = CARTESIAN_POINT ( 'NONE',  ( 0.1686445393629140976, 0.8417233193935588220, 0.08991003883102055561 ) ) ;
#2117 = CARTESIAN_POINT ( 'NONE',  ( 0.4611334176313226507, -0.6556744116002726219, -8.996116897953610793E-05 ) ) ;
#2118 = VECTOR ( 'NONE', #3175, 1000.000000000000000 ) ;
#2119 = ORIENTED_EDGE ( 'NONE', *, *, #2128, .F. ) ;
#2120 = CARTESIAN_POINT ( 'NONE',  ( 0.5249162226809457321, -0.6408050877758726394, -8.996116897953610793E-05 ) ) ;
#2121 = VECTOR ( 'NONE', #2648, 1000.000000000000000 ) ;
#2122 = EDGE_CURVE ( 'NONE', #2269, #2905, #3106, .T. ) ;
#2123 = CARTESIAN_POINT ( 'NONE',  ( 0.008314373689073818741, 0.7011418700627701783, 0.2999100388310207976 ) ) ;
#2124 = VERTEX_POINT ( 'NONE', #89 ) ;
#2125 = CARTESIAN_POINT ( 'NONE',  ( -0.06685050392150850007, 0.3661789340972906870, -8.996116897953610793E-05 ) ) ;
#2126 = ADVANCED_FACE ( 'NONE', ( #2997 ), #1154, .T. ) ;
#2127 = CARTESIAN_POINT ( 'NONE',  ( 0.4673313206626346639, -0.6493895050109040890, 0.08991003883102055561 ) ) ;
#2128 = EDGE_CURVE ( 'NONE', #1725, #3196, #420, .T. ) ;
#2129 = ORIENTED_EDGE ( 'NONE', *, *, #3834, .T. ) ;
#2130 = CARTESIAN_POINT ( 'NONE',  ( 0.08213555717468315476, 0.3523672771453862929, 0.08991003883102055561 ) ) ;
#2131 = CARTESIAN_POINT ( 'NONE',  ( 0.1600342254788876817, 0.5493272005295791738, 0.08991003883102055561 ) ) ;
#2132 = CARTESIAN_POINT ( 'NONE',  ( 0.1529999965801835948, 0.7919999755918973872, -8.996116897953610793E-05 ) ) ;
#2133 = B_SPLINE_SURFACE_WITH_KNOTS ( 'NONE', 2, 1, ( 
 ( #998, #2519 ),
 ( #455, #2487 ),
 ( #750, #1926 ) ),
 .UNSPECIFIED., .F., .F., .F.,
 ( 3, 3 ),
 ( 2, 2 ),
 ( -0.5313826273545200207, 0.000000000000000000 ),
 ( 0.000000000000000000, 1.000000000000000000 ),
 .UNSPECIFIED. ) ;
#2134 = CARTESIAN_POINT ( 'NONE',  ( -0.3677611579895007088, 0.4151534156799299713, -8.996116897953610793E-05 ) ) ;
#2135 = CARTESIAN_POINT ( 'NONE',  ( 0.1558793150729240462, 0.7975644676840286662, -8.996116897953610793E-05 ) ) ;
#2136 = CARTESIAN_POINT ( 'NONE',  ( 0.1633375857854700020, 0.8319549363751852500, 0.08991003883102055561 ) ) ;
#2137 = CARTESIAN_POINT ( 'NONE',  ( 0.4959172286987309497, -0.6433921947479247505, -8.996116897953610793E-05 ) ) ;
#2138 = EDGE_CURVE ( 'NONE', #1641, #1576, #752, .T. ) ;
#2139 = ORIENTED_EDGE ( 'NONE', *, *, #3417, .F. ) ;
#2140 = DIRECTION ( 'NONE',  ( 0.000000000000000000, 0.000000000000000000, 1.000000000000000000 ) ) ;
#2141 = DIRECTION ( 'NONE',  ( -0.000000000000000000, 1.000000000000000000, 0.000000000000000000 ) ) ;
#2142 = ORIENTED_EDGE ( 'NONE', *, *, #800, .F. ) ;
#2143 = CARTESIAN_POINT ( 'NONE',  ( 0.5245714874267576322, 0.1118608818054209891, 0.2999100388310207976 ) ) ;
#2144 = CARTESIAN_POINT ( 'NONE',  ( -0.1177299079895016004, 0.4161058769226059773, 0.2999100388310207976 ) ) ;
#2145 = CARTESIAN_POINT ( 'NONE',  ( 0.08570704460144075443, -0.7170524272918709086, -8.996116897953610793E-05 ) ) ;
#2146 = EDGE_CURVE ( 'NONE', #1210, #3001, #3746, .T. ) ;
#2147 = EDGE_CURVE ( 'NONE', #1516, #1998, #3103, .T. ) ;
#2148 = EDGE_LOOP ( 'NONE', ( #669, #133, #325, #3202 ) ) ;
#2149 = DIRECTION ( 'NONE',  ( -1.000000000000000000, 0.000000000000000000, 0.000000000000000000 ) ) ;
#2150 = CARTESIAN_POINT ( 'NONE',  ( -0.06827992248535108555, -0.6663312015533459087, -8.996116897953610793E-05 ) ) ;
#2151 = CARTESIAN_POINT ( 'NONE',  ( -0.06685050392150850007, 0.3661789340972906870, -8.996116897953610793E-05 ) ) ;
#2152 = CARTESIAN_POINT ( 'NONE',  ( 0.5392568798065197067, 0.3487955474853512428, 0.2999100388310207976 ) ) ;
#2153 = CARTESIAN_POINT ( 'NONE',  ( 0.1529999965801835948, 0.7919999755918973872, 0.2999100388310207976 ) ) ;
#2154 = CARTESIAN_POINT ( 'NONE',  ( 0.2859937966926225372, 0.8510769964156896794, 0.08991003883102055561 ) ) ;
#2155 = CARTESIAN_POINT ( 'NONE',  ( -0.4432444299419516787, 0.3778509758976962285, -8.996116897953610793E-05 ) ) ;
#2156 = DIRECTION ( 'NONE',  ( 0.000000000000000000, 0.000000000000000000, 1.000000000000000000 ) ) ;
#2157 = LINE ( 'NONE', #1781, #2674 ) ;
#2158 = CARTESIAN_POINT ( 'NONE',  ( -0.06685050392150850007, 0.3661789340972906870, 0.08991003883102055561 ) ) ;
#2159 = ORIENTED_EDGE ( 'NONE', *, *, #3066, .F. ) ;
#2160 = CARTESIAN_POINT ( 'NONE',  ( 0.5391731685297537213, 0.1848902665288978953, -8.996116897953610793E-05 ) ) ;
#2161 = B_SPLINE_SURFACE_WITH_KNOTS ( 'NONE', 3, 1, ( 
 ( #1478, #1414 ),
 ( #1702, #3533 ),
 ( #2900, #1990 ),
 ( #560, #1768 ) ),
 .UNSPECIFIED., .F., .F., .F.,
 ( 4, 4 ),
 ( 2, 2 ),
 ( -1.000000000000000000, 0.000000000000000000 ),
 ( 0.000000000000000000, 1.000000000000000000 ),
 .UNSPECIFIED. ) ;
#2162 = CARTESIAN_POINT ( 'NONE',  ( 0.5245714874267576322, 0.1118608818054209891, -8.996116897953610793E-05 ) ) ;
#2163 = CARTESIAN_POINT ( 'NONE',  ( 0.1831500665177586973, 0.5638822281208555331, -8.996116897953610793E-05 ) ) ;
#2164 = AXIS2_PLACEMENT_3D ( 'NONE', #2778, #1643, #423 ) ;
#2165 = ORIENTED_EDGE ( 'NONE', *, *, #911, .T. ) ;
#2166 = CARTESIAN_POINT ( 'NONE',  ( -0.7499999999999996669, 0.9000000000000000222, -8.996116897953610793E-05 ) ) ;
#2167 = VECTOR ( 'NONE', #262, 1000.000000000000000 ) ;
#2168 = CARTESIAN_POINT ( 'NONE',  ( 0.1511923885345461127, 0.4152326259613022263, 0.2999100388310207976 ) ) ;
#2169 = EDGE_CURVE ( 'NONE', #2694, #2316, #3089, .T. ) ;
#2170 = LINE ( 'NONE', #1579, #2559 ) ;
#2171 = VECTOR ( 'NONE', #2156, 1000.000000000000000 ) ;
#2172 = FACE_OUTER_BOUND ( 'NONE', #1787, .T. ) ;
#2173 = CARTESIAN_POINT ( 'NONE',  ( 0.1620599035893730278, 0.8287246076713613574, 0.2999100388310207976 ) ) ;
#2174 = CARTESIAN_POINT ( 'NONE',  ( 0.3104060665792140461, 0.8022045613301999056, 0.08991003883102055561 ) ) ;
#2175 = LINE ( 'NONE', #3365, #3448 ) ;
#2176 = CARTESIAN_POINT ( 'NONE',  ( 0.5370352071266970562, 0.1394288780294939134, 0.08991003883102055561 ) ) ;
#2177 = DIRECTION ( 'NONE',  ( 0.000000000000000000, 0.000000000000000000, 1.000000000000000000 ) ) ;
#2178 = CARTESIAN_POINT ( 'NONE',  ( 0.4619426845160519712, -0.6917092549015706471, 0.2999100388310207976 ) ) ;
#2179 = ORIENTED_EDGE ( 'NONE', *, *, #282, .T. ) ;
#2180 = CARTESIAN_POINT ( 'NONE',  ( -0.05846796933645627414, -0.6484382164929689552, 0.08991003883102055561 ) ) ;
#2181 = EDGE_CURVE ( 'NONE', #812, #2205, #1927, .T. ) ;
#2182 = PLANE ( 'NONE',  #1246 ) ;
#2183 = ADVANCED_FACE ( 'NONE', ( #2829 ), #167, .T. ) ;
#2184 = AXIS2_PLACEMENT_3D ( 'NONE', #3521, #3498, #589 ) ;
#2185 = ORIENTED_EDGE ( 'NONE', *, *, #2782, .F. ) ;
#2186 = CARTESIAN_POINT ( 'NONE',  ( 0.2085293129134618562, 0.5628905882994239551, -8.996116897953610793E-05 ) ) ;
#2187 = CARTESIAN_POINT ( 'NONE',  ( 0.03315536703511109268, 0.7161103664783136091, -8.996116897953610793E-05 ) ) ;
#2188 = CARTESIAN_POINT ( 'NONE',  ( 0.000000000000000000, 0.000000000000000000, 0.000000000000000000 ) ) ;
#2189 = ORIENTED_EDGE ( 'NONE', *, *, #3140, .T. ) ;
#2190 = CARTESIAN_POINT ( 'NONE',  ( -0.6496625355389639145, 0.09296830794646204765, 0.2999100388310207976 ) ) ;
#2191 = CARTESIAN_POINT ( 'NONE',  ( 0.3066092674274942809, 0.8175521170844171071, 0.08991003883102055561 ) ) ;
#2192 = CARTESIAN_POINT ( 'NONE',  ( -0.5191299467086796238, -0.4189197044372562351, 0.08991003883102055561 ) ) ;
#2193 = B_SPLINE_CURVE_WITH_KNOTS ( 'NONE', 2,
 ( #3314, #662, #381 ),
 .UNSPECIFIED., .F., .F.,
 ( 3, 3 ),
 ( 0.000000000000000000, 0.6892133173110880362 ),
 .UNSPECIFIED. ) ;
#2194 = EDGE_CURVE ( 'NONE', #1010, #1097, #1757, .T. ) ;
#2195 = EDGE_CURVE ( 'NONE', #2489, #2319, #1482, .T. ) ;
#2196 = CARTESIAN_POINT ( 'NONE',  ( -0.06899427940444766150, -0.7161791763305672687, 0.2999100388310207976 ) ) ;
#2197 = CARTESIAN_POINT ( 'NONE',  ( -0.4454699563980089594, -0.6387088565826423148, -8.996116897953610793E-05 ) ) ;
#2198 = CARTESIAN_POINT ( 'NONE',  ( -0.5114305620193473345, 0.3303804893493663131, 0.08991003883102055561 ) ) ;
#2199 = EDGE_LOOP ( 'NONE', ( #2783, #1038, #1458, #297 ) ) ;
#2200 = CARTESIAN_POINT ( 'NONE',  ( -0.7499999999999996669, 0.9000000000000000222, -0.09008996116897960427 ) ) ;
#2201 = DIRECTION ( 'NONE',  ( 0.07003796133519279987, 0.9975443268206229952, 0.000000000000000000 ) ) ;
#2202 = ORIENTED_EDGE ( 'NONE', *, *, #1510, .F. ) ;
#2203 = PLANE ( 'NONE',  #1560 ) ;
#2204 = DIRECTION ( 'NONE',  ( 0.000000000000000000, 0.000000000000000000, 1.000000000000000000 ) ) ;
#2205 = VERTEX_POINT ( 'NONE', #3126 ) ;
#2206 = CARTESIAN_POINT ( 'NONE',  ( 0.2410657518222996953, 0.5860880280171089085, 0.08991003883102055561 ) ) ;
#2207 = CARTESIAN_POINT ( 'NONE',  ( 0.2834027256755744517, 0.8530918769520537959, 0.08991003883102055561 ) ) ;
#2208 = B_SPLINE_CURVE_WITH_KNOTS ( 'NONE', 3,
 ( #2407, #916, #2117, #2772 ),
 .UNSPECIFIED., .F., .F.,
 ( 4, 4 ),
 ( 0.000000000000000000, 0.5239361901301520241 ),
 .UNSPECIFIED. ) ;
#2209 = LINE ( 'NONE', #1654, #1065 ) ;
#2210 = CARTESIAN_POINT ( 'NONE',  ( 0.3735218410491960017, 0.4132482509613032984, 0.08991003883102055561 ) ) ;
#2211 = CARTESIAN_POINT ( 'NONE',  ( 0.6850684738159172893, -0.4166177616119393634, -8.996116897953610793E-05 ) ) ;
#2212 = ADVANCED_FACE ( 'NONE', ( #2488 ), #1471, .T. ) ;
#2213 = ORIENTED_EDGE ( 'NONE', *, *, #3109, .F. ) ;
#2214 = DIRECTION ( 'NONE',  ( 0.000000000000000000, 1.000000000000000000, 0.000000000000000000 ) ) ;
#2215 = CARTESIAN_POINT ( 'NONE',  ( -0.3677611579895007088, 0.4151534156799299713, 0.2999100388310207976 ) ) ;
#2216 = EDGE_CURVE ( 'NONE', #2652, #1001, #3397, .T. ) ;
#2217 = ORIENTED_EDGE ( 'NONE', *, *, #1130, .T. ) ;
#2218 = CARTESIAN_POINT ( 'NONE',  ( 0.4607544040679942277, -0.6803012790679923150, -8.996116897953610793E-05 ) ) ;
#2219 = CARTESIAN_POINT ( 'NONE',  ( 0.5363992538452142522, 0.3566538372039776972, -8.996116897953610793E-05 ) ) ;
#2220 = VECTOR ( 'NONE', #2960, 1000.000000000000114 ) ;
#2221 = MECHANICAL_CONTEXT ( 'NONE', #766, 'mechanical' ) ;
#2222 = ORIENTED_EDGE ( 'NONE', *, *, #1733, .F. ) ;
#2223 = AXIS2_PLACEMENT_3D ( 'NONE', #2318, #3216, #1699 ) ;
#2224 = ORIENTED_EDGE ( 'NONE', *, *, #2122, .F. ) ;
#2225 = CARTESIAN_POINT ( 'NONE',  ( 0.2359070090762280802, 0.5773488249360446689, 0.08991003883102055561 ) ) ;
#2226 = CARTESIAN_POINT ( 'NONE',  ( 0.5391767005920423683, 0.1849651889801011140, -8.996116897953610793E-05 ) ) ;
#2227 = DIRECTION ( 'NONE',  ( 1.000000000000000000, 0.000000000000000000, 0.000000000000000000 ) ) ;
#2228 = EDGE_CURVE ( 'NONE', #191, #852, #1295, .T. ) ;
#2229 = CARTESIAN_POINT ( 'NONE',  ( 0.1511923885345461127, 0.4152326259613022263, 0.08991003883102055561 ) ) ;
#2230 = CARTESIAN_POINT ( 'NONE',  ( -0.5973143701553342844, 0.1155915164947499962, 0.08991003883102055561 ) ) ;
#2231 = DIRECTION ( 'NONE',  ( -2.643225957226330048E-15, -1.000000000000000000, 0.000000000000000000 ) ) ;
#2232 = ORIENTED_EDGE ( 'NONE', *, *, #2656, .T. ) ;
#2233 = EDGE_LOOP ( 'NONE', ( #2831, #143, #1297, #2344, #495, #1359, #3795, #3264, #3372, #3218, #1063, #2451, #2338, #3348, #404, #1353, #37, #504, #2784, #2536, #2759, #2679, #1989, #1481, #2409, #1429, #2392, #2185, #3114, #197, #3805, #3219, #2050, #1914, #2382, #2884, #296, #2818, #706, #2763, #2777, #2398, #1122, #92, #783, #69, #2295, #3223, #3227, #3441, #516, #1696, #186, #2104, #1895, #2929, #3800, #3511, #309, #3455, #329, #1186, #2059, #2601, #1283, #3459, #499, #3014, #3874, #438, #2333, #2399, #900 ) ) ;
#2234 = CARTESIAN_POINT ( 'NONE',  ( -0.4488786370950236249, 0.3427770889768346207, 0.08991003883102055561 ) ) ;
#2235 = CARTESIAN_POINT ( 'NONE',  ( -0.4989217755492692530, 0.3417122675146743171, 0.2999100388310207976 ) ) ;
#2236 = AXIS2_PLACEMENT_3D ( 'NONE', #204, #1388, #2762 ) ;
#2237 = VERTEX_POINT ( 'NONE', #58 ) ;
#2238 = ORIENTED_EDGE ( 'NONE', *, *, #2281, .T. ) ;
#2239 = ADVANCED_FACE ( 'NONE', ( #2172 ), #2897, .T. ) ;
#2240 = FACE_OUTER_BOUND ( 'NONE', #838, .T. ) ;
#2241 = CARTESIAN_POINT ( 'NONE',  ( 0.08570704460144075443, -0.7170524272918709086, -8.996116897953610793E-05 ) ) ;
#2242 = CARTESIAN_POINT ( 'NONE',  ( -0.5946949806213392975, -0.1927804069519045149, -8.996116897953610793E-05 ) ) ;
#2243 = ORIENTED_EDGE ( 'NONE', *, *, #2315, .T. ) ;
#2244 = CARTESIAN_POINT ( 'NONE',  ( 0.02381642141505994556, 0.7125515460109168586, 0.08991003883102055561 ) ) ;
#2245 = LINE ( 'NONE', #2039, #1183 ) ;
#2246 = CARTESIAN_POINT ( 'NONE',  ( 0.5245714874267576322, 0.1118608818054209891, -8.996116897953610793E-05 ) ) ;
#2247 = CARTESIAN_POINT ( 'NONE',  ( 0.1583227641467519764, 0.8061362467640612595, 0.08991003883102055561 ) ) ;
#2248 = CARTESIAN_POINT ( 'NONE',  ( 0.2413217429752273213, 0.6076914855899967494, -8.996116897953610793E-05 ) ) ;
#2249 = ADVANCED_FACE ( 'NONE', ( #3383 ), #290, .T. ) ;
#2250 = ORIENTED_EDGE ( 'NONE', *, *, #530, .T. ) ;
#2251 = EDGE_LOOP ( 'NONE', ( #2456, #2596, #478, #21 ) ) ;
#2252 = CARTESIAN_POINT ( 'NONE',  ( 0.5400714141813987013, -0.6216188659451935550, -8.996116897953610793E-05 ) ) ;
#2253 = CARTESIAN_POINT ( 'NONE',  ( 0.08213555717468315476, 0.3523672771453862929, -8.996116897953610793E-05 ) ) ;
#2254 = B_SPLINE_CURVE_WITH_KNOTS ( 'NONE', 3,
 ( #3788, #720, #737, #3093 ),
 .UNSPECIFIED., .F., .F.,
 ( 4, 4 ),
 ( 0.000000000000000000, 0.6789281855588769066 ),
 .UNSPECIFIED. ) ;
#2255 = ORIENTED_EDGE ( 'NONE', *, *, #616, .F. ) ;
#2256 = ORIENTED_EDGE ( 'NONE', *, *, #740, .F. ) ;
#2257 = DIRECTION ( 'NONE',  ( 0.000000000000000000, -1.000000000000000000, 0.000000000000000000 ) ) ;
#2258 = PLANE ( 'NONE',  #2490 ) ;
#2259 = EDGE_CURVE ( 'NONE', #567, #248, #3619, .T. ) ;
#2260 = CARTESIAN_POINT ( 'NONE',  ( -0.4469781007766726599, 0.3458587112426763088, -8.996116897953610793E-05 ) ) ;
#2261 = EDGE_CURVE ( 'NONE', #2031, #2450, #1599, .T. ) ;
#2262 = ORIENTED_EDGE ( 'NONE', *, *, #2169, .T. ) ;
#2263 = FACE_OUTER_BOUND ( 'NONE', #3616, .T. ) ;
#2264 = CARTESIAN_POINT ( 'NONE',  ( -0.4454699563980089594, -0.6387088565826423148, 0.08991003883102055561 ) ) ;
#2265 = CARTESIAN_POINT ( 'NONE',  ( 0.07745318794250549699, 0.3403026065826422752, -8.996116897953610793E-05 ) ) ;
#2266 = CARTESIAN_POINT ( 'NONE',  ( 0.4612308769226070027, 0.03939195251464803343, -8.996116897953610793E-05 ) ) ;
#2267 = CARTESIAN_POINT ( 'NONE',  ( 0.1556790883987481944, 0.7971522950345489855, 0.08991003883102055561 ) ) ;
#2268 = DIRECTION ( 'NONE',  ( 1.000000000000000000, 0.000000000000000000, 0.000000000000000000 ) ) ;
#2269 = VERTEX_POINT ( 'NONE', #1561 ) ;
#2270 = ORIENTED_EDGE ( 'NONE', *, *, #126, .T. ) ;
#2271 = LINE ( 'NONE', #2293, #3119 ) ;
#2272 = CARTESIAN_POINT ( 'NONE',  ( -0.6000000000000001998, 0.6000000000000001998, -8.996116897953610793E-05 ) ) ;
#2273 = ORIENTED_EDGE ( 'NONE', *, *, #249, .T. ) ;
#2274 = ORIENTED_EDGE ( 'NONE', *, *, #2642, .F. ) ;
#2275 = CARTESIAN_POINT ( 'NONE',  ( -0.05216729164123499324, -0.6447416763305673371, -8.996116897953610793E-05 ) ) ;
#2276 = CARTESIAN_POINT ( 'NONE',  ( -0.4917455959320063408, -0.5676683769226079646, 0.08991003883102055561 ) ) ;
#2277 = CALENDAR_DATE ( 2026, 29, 6 ) ;
#2278 = ORIENTED_EDGE ( 'NONE', *, *, #376, .F. ) ;
#2279 = ORIENTED_EDGE ( 'NONE', *, *, #2228, .T. ) ;
#2280 = LINE ( 'NONE', #1956, #2171 ) ;
#2281 = EDGE_CURVE ( 'NONE', #3233, #1955, #3661, .T. ) ;
#2282 = CARTESIAN_POINT ( 'NONE',  ( 0.1952183542774773573, 0.5626342997185860284, 0.08991003883102055561 ) ) ;
#2283 = CARTESIAN_POINT ( 'NONE',  ( -0.4511228859712889672, 0.3406385987575316077, -8.996116897953610793E-05 ) ) ;
#2284 = EDGE_CURVE ( 'NONE', #2720, #2205, #1580, .T. ) ;
#2285 = CARTESIAN_POINT ( 'NONE',  ( 0.5376692829132089235, 0.3638769912719729271, 0.08991003883102055561 ) ) ;
#2286 = VECTOR ( 'NONE', #1800, 1000.000000000000000 ) ;
#2287 = CARTESIAN_POINT ( 'NONE',  ( 0.2747885887967319030, 0.8589561601439483773, -8.996116897953610793E-05 ) ) ;
#2288 = CARTESIAN_POINT ( 'NONE',  ( 0.1529999965801835948, 0.7919999755918973872, 0.08991003883102055561 ) ) ;
#2289 = B_SPLINE_SURFACE_WITH_KNOTS ( 'NONE', 3, 1, ( 
 ( #101, #1527 ),
 ( #2705, #2630 ),
 ( #2956, #1759 ),
 ( #1469, #878 ) ),
 .UNSPECIFIED., .F., .F., .F.,
 ( 4, 4 ),
 ( 2, 2 ),
 ( -1.000000000000000000, -0.6238580077351190134 ),
 ( 0.000000000000000000, 1.000000000000000000 ),
 .UNSPECIFIED. ) ;
#2290 = CARTESIAN_POINT ( 'NONE',  ( 0.1693736369723093105, 0.5618140079581053214, -8.996116897953610793E-05 ) ) ;
#2291 = VERTEX_POINT ( 'NONE', #3343 ) ;
#2292 = ORIENTED_EDGE ( 'NONE', *, *, #3590, .T. ) ;
#2293 = CARTESIAN_POINT ( 'NONE',  ( 0.5407557513795062665, -0.5672711143493657238, -8.996116897953610793E-05 ) ) ;
#2294 = PLANE ( 'NONE',  #678 ) ;
#2295 = ORIENTED_EDGE ( 'NONE', *, *, #2590, .F. ) ;
#2296 = ORIENTED_EDGE ( 'NONE', *, *, #51, .F. ) ;
#2297 = EDGE_CURVE ( 'NONE', #2579, #2616, #2114, .T. ) ;
#2298 = CARTESIAN_POINT ( 'NONE',  ( 0.5376692829132089235, 0.3638769912719729271, -8.996116897953610793E-05 ) ) ;
#2299 = CARTESIAN_POINT ( 'NONE',  ( 0.5404474563598645753, 0.3389531249999996887, 0.2999100388310207976 ) ) ;
#2300 = COORDINATED_UNIVERSAL_TIME_OFFSET ( 8, 0, .AHEAD. ) ;
#2301 = EDGE_CURVE ( 'NONE', #272, #524, #2972, .T. ) ;
#2302 = ORIENTED_EDGE ( 'NONE', *, *, #3124, .F. ) ;
#2303 = ORIENTED_EDGE ( 'NONE', *, *, #3371, .F. ) ;
#2304 = DIRECTION ( 'NONE',  ( 2.643225957226330048E-15, 1.000000000000000000, 0.000000000000000000 ) ) ;
#2305 = AXIS2_PLACEMENT_3D ( 'NONE', #2063, #2373, #3828 ) ;
#2306 = CARTESIAN_POINT ( 'NONE',  ( 0.2295434384959683383, 0.5714804012915312148, 0.08991003883102055561 ) ) ;
#2307 = FACE_OUTER_BOUND ( 'NONE', #3516, .T. ) ;
#2308 = CARTESIAN_POINT ( 'NONE',  ( 0.08213555717468315476, 0.3523672771453862929, 0.2999100388310207976 ) ) ;
#2309 = APPROVAL_PERSON_ORGANIZATION ( #2947, #538, #3554 ) ;
#2310 = CARTESIAN_POINT ( 'NONE',  ( 0.2091485321210055370, 0.8654288821456823655, 0.2999100388310207976 ) ) ;
#2311 = CARTESIAN_POINT ( 'NONE',  ( 0.1533296216076375229, 0.7924232220938818294, 0.08991003883102055561 ) ) ;
#2312 = ORIENTED_EDGE ( 'NONE', *, *, #1276, .T. ) ;
#2313 = CARTESIAN_POINT ( 'NONE',  ( 0.4612308769226070027, 0.03939195251464803343, 0.08991003883102055561 ) ) ;
#2314 = EDGE_CURVE ( 'NONE', #1118, #812, #1307, .T. ) ;
#2315 = EDGE_CURVE ( 'NONE', #2342, #215, #3625, .T. ) ;
#2316 = VERTEX_POINT ( 'NONE', #3006 ) ;
#2317 = DIRECTION ( 'NONE',  ( 0.000000000000000000, -1.000000000000000000, 0.000000000000000000 ) ) ;
#2318 = CARTESIAN_POINT ( 'NONE',  ( -1.499999999999999334, 0.9000000000000000222, -8.996116897953610793E-05 ) ) ;
#2319 = VERTEX_POINT ( 'NONE', #3306 ) ;
#2320 = CARTESIAN_POINT ( 'NONE',  ( -0.05396397745667233514, -0.6448128721283659104, 0.08991003883102056948 ) ) ;
#2321 = FACE_BOUND ( 'NONE', #3151, .T. ) ;
#2322 = ORIENTED_EDGE ( 'NONE', *, *, #163, .T. ) ;
#2323 = ORIENTED_EDGE ( 'NONE', *, *, #1506, .T. ) ;
#2324 = B_SPLINE_SURFACE_WITH_KNOTS ( 'NONE', 5, 1, ( 
 ( #3766, #3483 ),
 ( #2848, #3673 ),
 ( #2868, #982 ),
 ( #388, #2545 ),
 ( #792, #3165 ),
 ( #2290, #3146 ),
 ( #2567, #95 ),
 ( #1592, #1984 ),
 ( #2163, #2893 ),
 ( #3785, #1300 ),
 ( #688, #2588 ),
 ( #3188, #816 ),
 ( #491, #513 ),
 ( #2473, #1575 ),
 ( #3053, #1281 ),
 ( #183, #225 ),
 ( #2455, #3804 ),
 ( #1111, #1879 ),
 ( #3696, #1004 ),
 ( #751, #1656 ),
 ( #1366, #1071 ),
 ( #2248, #3464 ),
 ( #772, #1216 ),
 ( #1472, #534 ),
 ( #3586, #267 ) ),
 .UNSPECIFIED., .F., .F., .F.,
 ( 6, 1, 1, 1, 1, 1, 1, 1, 1, 1, 1, 1, 1, 1, 1, 1, 1, 1, 1, 1, 6 ),
 ( 2, 2 ),
 ( -1.000000000000000000, -0.9499999999999999556, -0.9000000000000000222, -0.8499999999999999778, -0.8000000000000000444, -0.7500000000000000000, -0.6999999999999999556, -0.6500000000000000222, -0.5999999999999999778, -0.5500000000000000444, -0.5000000000000000000, -0.4500000000000000111, -0.4000000000000000222, -0.3499999999999999778, -0.2999999999999999889, -0.2500000000000000000, -0.2000000000000000111, -0.1499999999999999944, -0.1000000000000000056, -0.05000000000000000278, 0.000000000000000000 ),
 ( 0.000000000000000000, 1.000000000000000000 ),
 .UNSPECIFIED. ) ;
#2325 = ORIENTED_EDGE ( 'NONE', *, *, #3313, .T. ) ;
#2326 = CARTESIAN_POINT ( 'NONE',  ( -0.5946949806213392975, -0.1927804069519045149, 0.08991003883102055561 ) ) ;
#2327 = CARTESIAN_POINT ( 'NONE',  ( 0.2134621659504322699, 0.5641156014049708567, 0.08991003883102055561 ) ) ;
#2328 = DIRECTION ( 'NONE',  ( 0.000000000000000000, 0.000000000000000000, 1.000000000000000000 ) ) ;
#2329 = DIRECTION ( 'NONE',  ( 0.000000000000000000, -1.000000000000000000, 0.000000000000000000 ) ) ;
#2330 = CARTESIAN_POINT ( 'NONE',  ( 0.2931404721587054230, 0.8438890325825303407, -8.996116897953610793E-05 ) ) ;
#2331 = CARTESIAN_POINT ( 'NONE',  ( 0.1590301384796226625, 0.8101843352602072779, 0.08991003883102055561 ) ) ;
#2332 = CARTESIAN_POINT ( 'NONE',  ( 0.5642298229888321748, 0.1863924477999479579, 0.2999100388310207976 ) ) ;
#2333 = ORIENTED_EDGE ( 'NONE', *, *, #2054, .F. ) ;
#2334 = CARTESIAN_POINT ( 'NONE',  ( 0.6083924369812019339, 0.3357781734466556700, 0.08991003883102055561 ) ) ;
#2335 = EDGE_CURVE ( 'NONE', #1463, #1523, #3815, .T. ) ;
#2336 = FACE_OUTER_BOUND ( 'NONE', #3413, .T. ) ;
#2337 = B_SPLINE_CURVE_WITH_KNOTS ( 'NONE', 3,
 ( #192, #3776, #3414, #3115 ),
 .UNSPECIFIED., .F., .F.,
 ( 4, 4 ),
 ( 0.000000000000000000, 1.000000000000000000 ),
 .UNSPECIFIED. ) ;
#2338 = ORIENTED_EDGE ( 'NONE', *, *, #76, .F. ) ;
#2339 = CARTESIAN_POINT ( 'NONE',  ( 0.2409690641406587730, 0.6418143961092296346, 0.08991003883102055561 ) ) ;
#2340 = CARTESIAN_POINT ( 'NONE',  ( -0.5191299467086796238, -0.5663983478546149586, -8.996116897953610793E-05 ) ) ;
#2341 = PERSON_AND_ORGANIZATION_ROLE ( 'design_supplier' ) ;
#2342 = VERTEX_POINT ( 'NONE', #396 ) ;
#2343 = VERTEX_POINT ( 'NONE', #1813 ) ;
#2344 = ORIENTED_EDGE ( 'NONE', *, *, #3076, .F. ) ;
#2345 = CARTESIAN_POINT ( 'NONE',  ( -0.3677611579895007088, 0.4151534156799299713, 0.2999100388310207976 ) ) ;
#2346 = CARTESIAN_POINT ( 'NONE',  ( 0.1670982595656272940, 0.5597935330975739587, 0.08991003883102055561 ) ) ;
#2347 = DIRECTION ( 'NONE',  ( 0.000000000000000000, 0.000000000000000000, -1.000000000000000000 ) ) ;
#2348 = CARTESIAN_POINT ( 'NONE',  ( 0.08173877906799396909, 0.3485571899414066643, 0.2999100388310207976 ) ) ;
#2349 = EDGE_CURVE ( 'NONE', #1019, #3222, #2391, .T. ) ;
#2350 = CARTESIAN_POINT ( 'NONE',  ( 0.3053779742832867239, 0.8215959924132210102, 0.2999100388310207976 ) ) ;
#2351 = CARTESIAN_POINT ( 'NONE',  ( 0.2347120243221825497, 0.8677024403313023937, 0.08991003883102055561 ) ) ;
#2352 = CARTESIAN_POINT ( 'NONE',  ( 0.5860361677487823107, 0.1875819076473599634, 0.2999100388310207976 ) ) ;
#2353 = AXIS2_PLACEMENT_3D ( 'NONE', #289, #1782, #3869 ) ;
#2354 = ORIENTED_EDGE ( 'NONE', *, *, #742, .F. ) ;
#2355 = CARTESIAN_POINT ( 'NONE',  ( 0.1511923885345461127, 0.4152326259613022263, -8.996116897953610793E-05 ) ) ;
#2356 = CARTESIAN_POINT ( 'NONE',  ( 0.5421934738159199796, -0.2103217296600347896, 0.2999100388310207976 ) ) ;
#2357 = VECTOR ( 'NONE', #2812, 1000.000000000000000 ) ;
#2358 = B_SPLINE_SURFACE_WITH_KNOTS ( 'NONE', 3, 1, ( 
 ( #1170, #2144 ),
 ( #3051, #94 ),
 ( #1280, #1660 ),
 ( #3150, #2215 ) ),
 .UNSPECIFIED., .F., .F., .F.,
 ( 4, 4 ),
 ( 2, 2 ),
 ( 0.000000000000000000, 1.000000000000000000 ),
 ( 0.000000000000000000, 1.000000000000000000 ),
 .UNSPECIFIED. ) ;
#2359 = AXIS2_PLACEMENT_3D ( 'NONE', #2495, #2257, #779 ) ;
#2360 = ORIENTED_EDGE ( 'NONE', *, *, #1130, .F. ) ;
#2361 = CARTESIAN_POINT ( 'NONE',  ( 0.5391771850585952430, -0.5811617393493651029, 0.08991003883102055561 ) ) ;
#2362 = CARTESIAN_POINT ( 'NONE',  ( -0.4515018072128279547, 0.3402233963012699647, -8.996116897953610793E-05 ) ) ;
#2363 = ADVANCED_FACE ( 'NONE', ( #335 ), #2289, .T. ) ;
#2364 = EDGE_CURVE ( 'NONE', #519, #2913, #1173, .T. ) ;
#2365 = EDGE_LOOP ( 'NONE', ( #602, #1277, #74, #2322 ) ) ;
#2366 = ORIENTED_EDGE ( 'NONE', *, *, #2297, .T. ) ;
#2367 = CARTESIAN_POINT ( 'NONE',  ( 0.4611334176313226507, -0.6556744116002726219, 0.08991003883102055561 ) ) ;
#2368 = CARTESIAN_POINT ( 'NONE',  ( 0.1807353099884242420, 0.5639325834159872874, 0.08991003883102055561 ) ) ;
#2369 = CARTESIAN_POINT ( 'NONE',  ( -0.06300840849535323251, -0.6529614899743233503, 0.2999100388310207976 ) ) ;
#2370 = FACE_OUTER_BOUND ( 'NONE', #1205, .T. ) ;
#2371 = CARTESIAN_POINT ( 'NONE',  ( 0.2192881985492205477, 0.8670870164189339313, -8.996116897953610793E-05 ) ) ;
#2372 = CARTESIAN_POINT ( 'NONE',  ( 0.1731460239196703776, 0.8470654487876518868, 0.08991003883102055561 ) ) ;
#2373 = DIRECTION ( 'NONE',  ( -0.07379853785553788792, 0.9972731701045530750, 0.000000000000000000 ) ) ;
#2374 = PRODUCT_DEFINITION_FORMATION_WITH_SPECIFIED_SOURCE ( '�', '', #257, .NOT_KNOWN. ) ;
#2375 = EDGE_LOOP ( 'NONE', ( #876, #3398, #3091, #3786 ) ) ;
#2376 = EDGE_CURVE ( 'NONE', #155, #1624, #3802, .T. ) ;
#2377 = DIRECTION ( 'NONE',  ( -1.000000000000000000, 3.746537964288020597E-15, 0.000000000000000000 ) ) ;
#2378 = CARTESIAN_POINT ( 'NONE',  ( -0.4453911094665509718, -0.6386298885345446097, 0.2999100388310207976 ) ) ;
#2379 = VERTEX_POINT ( 'NONE', #2080 ) ;
#2380 = CARTESIAN_POINT ( 'NONE',  ( 0.4912812208732797448, 0.1021716166027859807, 0.2999100388310207976 ) ) ;
#2381 = CARTESIAN_POINT ( 'NONE',  ( 0.1011094639680092389, 0.3978540235191059815, -8.996116897953610793E-05 ) ) ;
#2382 = ORIENTED_EDGE ( 'NONE', *, *, #564, .F. ) ;
#2383 = DIRECTION ( 'NONE',  ( 0.000000000000000000, -1.000000000000000000, 0.000000000000000000 ) ) ;
#2384 = CARTESIAN_POINT ( 'NONE',  ( 0.5373514728546147090, -0.6012436046600340145, -8.996116897953610793E-05 ) ) ;
#2385 = EDGE_CURVE ( 'NONE', #683, #1735, #2610, .T. ) ;
#2386 = CARTESIAN_POINT ( 'NONE',  ( -0.3967746256775283031, 0.6000000000000001998, -0.09008996116897960427 ) ) ;
#2387 = ADVANCED_FACE ( 'NONE', ( #3271 ), #1705, .T. ) ;
#2388 = CARTESIAN_POINT ( 'NONE',  ( -0.06010358047485299393, 0.4076921463012692648, -8.996116897953610793E-05 ) ) ;
#2389 = CARTESIAN_POINT ( 'NONE',  ( 0.1952870012098203434, 0.8611254917049905311, 0.08991003883102055561 ) ) ;
#2390 = FACE_OUTER_BOUND ( 'NONE', #449, .T. ) ;
#2391 = B_SPLINE_CURVE_WITH_KNOTS ( 'NONE', 3,
 ( #42, #3040, #1288, #3083 ),
 .UNSPECIFIED., .F., .F.,
 ( 4, 4 ),
 ( 0.000000000000000000, 0.4791071567267820019 ),
 .UNSPECIFIED. ) ;
#2392 = ORIENTED_EDGE ( 'NONE', *, *, #1408, .F. ) ;
#2393 = CARTESIAN_POINT ( 'NONE',  ( -0.3766523303985596649, -0.6495042247772221389, -8.996116897953610793E-05 ) ) ;
#2394 = CARTESIAN_POINT ( 'NONE',  ( 0.02127280975061151408, 0.7113480571312083001, 0.2999100388310207976 ) ) ;
#2395 = VERTEX_POINT ( 'NONE', #352 ) ;
#2396 = CARTESIAN_POINT ( 'NONE',  ( -0.4479251341832342637, 0.3437266517336159399, -8.996116897953610793E-05 ) ) ;
#2397 = CARTESIAN_POINT ( 'NONE',  ( -0.4514349780788579625, 0.3403008330909542689, 0.08991003883102055561 ) ) ;
#2398 = ORIENTED_EDGE ( 'NONE', *, *, #2554, .F. ) ;
#2399 = ORIENTED_EDGE ( 'NONE', *, *, #926, .F. ) ;
#2400 = DIRECTION ( 'NONE',  ( 0.000000000000000000, 0.000000000000000000, 1.000000000000000000 ) ) ;
#2401 = CARTESIAN_POINT ( 'NONE',  ( 0.1185400317800789916, 0.4152744216303686509, -8.996116897953610793E-05 ) ) ;
#2402 = CARTESIAN_POINT ( 'NONE',  ( 0.4607544040679942277, -0.6803012790679923150, 0.2999100388310207976 ) ) ;
#2403 = EDGE_CURVE ( 'NONE', #615, #305, #835, .T. ) ;
#2404 = CARTESIAN_POINT ( 'NONE',  ( -0.4699174709320082521, -0.5687000484466563366, -8.996116897953610793E-05 ) ) ;
#2405 = CARTESIAN_POINT ( 'NONE',  ( 0.1620599035893730278, 0.8287246076713613574, -8.996116897953610793E-05 ) ) ;
#2406 = CARTESIAN_POINT ( 'NONE',  ( 0.1845059292176468302, 0.8559441796049225282, 0.08991003883102055561 ) ) ;
#2407 = CARTESIAN_POINT ( 'NONE',  ( 0.4607544040679942277, -0.6803012790679923150, -8.996116897953610793E-05 ) ) ;
#2408 = B_SPLINE_SURFACE_WITH_KNOTS ( 'NONE', 3, 1, ( 
 ( #3158, #1873 ),
 ( #1892, #3666 ),
 ( #2793, #3686 ),
 ( #127, #996 ) ),
 .UNSPECIFIED., .F., .F., .F.,
 ( 4, 4 ),
 ( 2, 2 ),
 ( 0.5029255724615420142, 0.8789079820700759216 ),
 ( 0.000000000000000000, 1.000000000000000000 ),
 .UNSPECIFIED. ) ;
#2409 = ORIENTED_EDGE ( 'NONE', *, *, #1093, .F. ) ;
#2410 = CARTESIAN_POINT ( 'NONE',  ( -0.5703607169109180530, 0.2615667559555888144, 0.08991003883102055561 ) ) ;
#2411 = VECTOR ( 'NONE', #187, 1000.000000000000000 ) ;
#2412 = DIRECTION ( 'NONE',  ( 0.000000000000000000, 0.000000000000000000, 1.000000000000000000 ) ) ;
#2413 = VECTOR ( 'NONE', #3695, 1000.000000000000000 ) ;
#2414 = ORIENTED_EDGE ( 'NONE', *, *, #3173, .F. ) ;
#2415 = DIRECTION ( 'NONE',  ( 1.000000000000000000, 0.000000000000000000, 0.000000000000000000 ) ) ;
#2416 = DIRECTION ( 'NONE',  ( 0.000000000000000000, 1.000000000000000000, 0.000000000000000000 ) ) ;
#2417 = EDGE_CURVE ( 'NONE', #3557, #2572, #2461, .T. ) ;
#2418 = VERTEX_POINT ( 'NONE', #2770 ) ;
#2419 = CARTESIAN_POINT ( 'NONE',  ( -0.6702600145339951965, 0.03399402618408303017, 0.08991003883102055561 ) ) ;
#2420 = EDGE_CURVE ( 'NONE', #1572, #2342, #2743, .T. ) ;
#2421 = CARTESIAN_POINT ( 'NONE',  ( 0.3107158696651472485, -0.4166177616119375871, 0.08991003883102055561 ) ) ;
#2422 = CARTESIAN_POINT ( 'NONE',  ( 0.2296035145798160371, 0.8678497181542792482, -8.996116897953610793E-05 ) ) ;
#2423 = VERTEX_POINT ( 'NONE', #1528 ) ;
#2424 = VECTOR ( 'NONE', #3284, 1000.000000000000000 ) ;
#2425 = ORIENTED_EDGE ( 'NONE', *, *, #1077, .T. ) ;
#2426 = CARTESIAN_POINT ( 'NONE',  ( 0.4607544040679942277, -0.6803012790679923150, -8.996116897953610793E-05 ) ) ;
#2427 = CARTESIAN_POINT ( 'NONE',  ( 0.1568742833734241282, 0.8003980738056571953, 0.2999100388310207976 ) ) ;
#2428 = CARTESIAN_POINT ( 'NONE',  ( 0.1614971866716570226, 0.8261880892567199375, 0.08991003883102055561 ) ) ;
#2429 = CARTESIAN_POINT ( 'NONE',  ( 0.07748406312395166029, 0.3403815746307362611, -8.996116897953610793E-05 ) ) ;
#2430 = ORIENTED_EDGE ( 'NONE', *, *, #2607, .T. ) ;
#2431 = CARTESIAN_POINT ( 'NONE',  ( 0.5362590860221616573, -0.6348764096269262636, -8.996116897953610793E-05 ) ) ;
#2432 = LOCAL_TIME ( 12, 20, 23.00000000000000000, #3492 ) ;
#2433 = CARTESIAN_POINT ( 'NONE',  ( 0.03086755558763966401, 0.7153552550666376630, -8.996116897953610793E-05 ) ) ;
#2434 = EDGE_CURVE ( 'NONE', #960, #3509, #1869, .T. ) ;
#2435 = VERTEX_POINT ( 'NONE', #3602 ) ;
#2436 = CARTESIAN_POINT ( 'NONE',  ( 0.5406853294372562235, -0.5672711143493657238, 0.08991003883102055561 ) ) ;
#2437 = LINE ( 'NONE', #1003, #254 ) ;
#2438 = CARTESIAN_POINT ( 'NONE',  ( -0.5230980911254887733, 0.2656901550292948833, 0.2999100388310207976 ) ) ;
#2439 = ORIENTED_EDGE ( 'NONE', *, *, #3480, .F. ) ;
#2440 = CARTESIAN_POINT ( 'NONE',  ( 0.5406853294372562235, -0.5672711143493657238, -8.996116897953610793E-05 ) ) ;
#2441 = CARTESIAN_POINT ( 'NONE',  ( 0.1655663806958300732, 0.5582589944514236846, 0.08991003883102055561 ) ) ;
#2442 = CARTESIAN_POINT ( 'NONE',  ( 0.4592988184568309595, -0.6662447057006756213, -8.996116897953610793E-05 ) ) ;
#2443 = DIRECTION ( 'NONE',  ( 0.000000000000000000, 1.000000000000000000, 0.000000000000000000 ) ) ;
#2444 = DIRECTION ( 'NONE',  ( 0.000000000000000000, 0.000000000000000000, 1.000000000000000000 ) ) ;
#2445 = CARTESIAN_POINT ( 'NONE',  ( 0.2796931447603001608, 0.8558030444235983358, 0.08991003883102055561 ) ) ;
#2446 = CARTESIAN_POINT ( 'NONE',  ( 0.5404474563598645753, 0.3389531249999996887, -8.996116897953610793E-05 ) ) ;
#2447 = LINE ( 'NONE', #2581, #1312 ) ;
#2448 = CARTESIAN_POINT ( 'NONE',  ( -0.3932877574172249369, 0.4151534156799299713, 0.08991003883102055561 ) ) ;
#2449 = CARTESIAN_POINT ( 'NONE',  ( 0.5377484931945811786, -0.2394524612426763566, -8.996116897953610793E-05 ) ) ;
#2450 = VERTEX_POINT ( 'NONE', #3662 ) ;
#2451 = ORIENTED_EDGE ( 'NONE', *, *, #371, .F. ) ;
#2452 = EDGE_CURVE ( 'NONE', #1354, #825, #2095, .T. ) ;
#2453 = CARTESIAN_POINT ( 'NONE',  ( 0.4912812208732797448, 0.1021716166027859807, -8.996116897953610793E-05 ) ) ;
#2454 = CARTESIAN_POINT ( 'NONE',  ( 0.5003293308784919624, 0.1073446279691580019, 0.08991003883102055561 ) ) ;
#2455 = CARTESIAN_POINT ( 'NONE',  ( 0.2345755639116650637, 0.5753879182113209589, -8.996116897953610793E-05 ) ) ;
#2456 = ORIENTED_EDGE ( 'NONE', *, *, #805, .T. ) ;
#2457 = CARTESIAN_POINT ( 'NONE',  ( -0.6633941882023196568, 0.07921227841141498249, 0.08991003883102055561 ) ) ;
#2458 = CARTESIAN_POINT ( 'NONE',  ( -0.4453911094665509718, -0.6386298885345446097, -8.996116897953610793E-05 ) ) ;
#2459 = CARTESIAN_POINT ( 'NONE',  ( 0.1608445511284208040, 0.8237470385532096318, -8.996116897953610793E-05 ) ) ;
#2460 = CARTESIAN_POINT ( 'NONE',  ( 0.6083924369812019339, 0.1887710887000738635, -8.996116897953610793E-05 ) ) ;
#2461 = LINE ( 'NONE', #1214, #3634 ) ;
#2462 = CARTESIAN_POINT ( 'NONE',  ( 0.2883931565952023712, 0.8488549903335155244, 0.08991003883102055561 ) ) ;
#2463 = CARTESIAN_POINT ( 'NONE',  ( -0.4469781007766726599, 0.3458587112426763088, 0.08991003883102055561 ) ) ;
#2464 = EDGE_CURVE ( 'NONE', #1646, #2498, #3453, .T. ) ;
#2465 = LINE ( 'NONE', #418, #1120 ) ;
#2466 = CARTESIAN_POINT ( 'NONE',  ( -0.6702600145339951965, 0.03399402618408303017, -8.996116897953610793E-05 ) ) ;
#2467 = CARTESIAN_POINT ( 'NONE',  ( -0.05846796933645627414, -0.6484382164929689552, -8.996116897953610793E-05 ) ) ;
#2468 = ADVANCED_FACE ( 'NONE', ( #728 ), #533, .T. ) ;
#2469 = EDGE_LOOP ( 'NONE', ( #760, #581 ) ) ;
#2470 = CARTESIAN_POINT ( 'NONE',  ( 0.5376692829132089235, 0.3638769912719729271, -8.996116897953610793E-05 ) ) ;
#2471 = B_SPLINE_SURFACE_WITH_KNOTS ( 'NONE', 2, 1, ( 
 ( #2453, #2380 ),
 ( #3609, #93 ),
 ( #1517, #2143 ) ),
 .UNSPECIFIED., .F., .F., .F.,
 ( 3, 3 ),
 ( 2, 2 ),
 ( -0.3116900744025239978, 0.000000000000000000 ),
 ( 0.000000000000000000, 1.000000000000000000 ),
 .UNSPECIFIED. ) ;
#2472 = LINE ( 'NONE', #667, #1365 ) ;
#2473 = CARTESIAN_POINT ( 'NONE',  ( 0.2156625536402829724, 0.5644616028592256418, -8.996116897953610793E-05 ) ) ;
#2474 = VECTOR ( 'NONE', #3752, 1000.000000000000114 ) ;
#2475 = EDGE_LOOP ( 'NONE', ( #2238, #1589, #3011, #3755 ) ) ;
#2476 = CARTESIAN_POINT ( 'NONE',  ( -0.5973930959701525545, 0.1155813013618050278, -8.996116897953610793E-05 ) ) ;
#2477 = CARTESIAN_POINT ( 'NONE',  ( 0.01561655291729290192, 0.7079508520880732902, -8.996116897953610793E-05 ) ) ;
#2478 = EDGE_CURVE ( 'NONE', #718, #3669, #1855, .T. ) ;
#2479 = LINE ( 'NONE', #2533, #3069 ) ;
#2480 = EDGE_CURVE ( 'NONE', #3044, #2568, #3099, .T. ) ;
#2481 = AXIS2_PLACEMENT_3D ( 'NONE', #22, #2383, #2624 ) ;
#2482 = CARTESIAN_POINT ( 'NONE',  ( -0.4699174709320082521, -0.5687000484466563366, 0.2999100388310207976 ) ) ;
#2483 = CARTESIAN_POINT ( 'NONE',  ( 0.2374966408271262652, 0.5793939776077019488, 0.08991003883102055561 ) ) ;
#2484 = LINE ( 'NONE', #1618, #3178 ) ;
#2485 = CARTESIAN_POINT ( 'NONE',  ( 0.2650420689184209144, 0.1701413826500190463, 0.08991003883102055561 ) ) ;
#2486 = FACE_OUTER_BOUND ( 'NONE', #2944, .T. ) ;
#2487 = CARTESIAN_POINT ( 'NONE',  ( -0.6702600145339951965, 0.07233426364391100372, 0.2999100388310207976 ) ) ;
#2488 = FACE_OUTER_BOUND ( 'NONE', #2375, .T. ) ;
#2489 = VERTEX_POINT ( 'NONE', #432 ) ;
#2490 = AXIS2_PLACEMENT_3D ( 'NONE', #2639, #780, #2622 ) ;
#2491 = VERTEX_POINT ( 'NONE', #2264 ) ;
#2492 = CARTESIAN_POINT ( 'NONE',  ( 0.5362590860221616573, -0.6348764096269262636, -8.996116897953610793E-05 ) ) ;
#2493 = CARTESIAN_POINT ( 'NONE',  ( 0.6140275096893298423, -0.5671921463012699061, -8.996116897953610793E-05 ) ) ;
#2494 = ORIENTED_EDGE ( 'NONE', *, *, #1890, .F. ) ;
#2495 = CARTESIAN_POINT ( 'NONE',  ( 0.007294551161412599245, 0.4918381944820532925, -8.996116897953610793E-05 ) ) ;
#2496 = LINE ( 'NONE', #3117, #685 ) ;
#2497 =( LENGTH_UNIT ( ) NAMED_UNIT ( * ) SI_UNIT ( .MILLI., .METRE. ) );
#2498 = VERTEX_POINT ( 'NONE', #1360 ) ;
#2499 = EDGE_CURVE ( 'NONE', #2237, #2917, #2788, .T. ) ;
#2500 = CARTESIAN_POINT ( 'NONE',  ( 0.03517306820570546139, 0.7167320764693470014, 0.08991003883102055561 ) ) ;
#2501 = CARTESIAN_POINT ( 'NONE',  ( 0.3119999930262566945, 0.7919999755918973872, 0.08991003883102055561 ) ) ;
#2502 = CARTESIAN_POINT ( 'NONE',  ( 0.6140275096893298423, -0.4166177616119384752, -8.996116897953610793E-05 ) ) ;
#2503 = EDGE_CURVE ( 'NONE', #524, #1432, #77, .T. ) ;
#2504 = CARTESIAN_POINT ( 'NONE',  ( -0.5191299467086796238, -0.4189197044372562351, -8.996116897953610793E-05 ) ) ;
#2505 = DIRECTION ( 'NONE',  ( 0.000000000000000000, 1.000000000000000000, 0.000000000000000000 ) ) ;
#2506 = ORIENTED_EDGE ( 'NONE', *, *, #699, .T. ) ;
#2507 = EDGE_LOOP ( 'NONE', ( #2106, #2687, #2270, #2046 ) ) ;
#2508 = DIRECTION ( 'NONE',  ( 0.000000000000000000, 0.000000000000000000, -1.000000000000000000 ) ) ;
#2509 = ORIENTED_EDGE ( 'NONE', *, *, #2065, .T. ) ;
#2510 = ORIENTED_EDGE ( 'NONE', *, *, #1608, .F. ) ;
#2511 = EDGE_CURVE ( 'NONE', #812, #97, #3112, .T. ) ;
#2512 = CARTESIAN_POINT ( 'NONE',  ( -0.4503306955656806720, 0.3414297747873212274, -8.996116897953610793E-05 ) ) ;
#2513 = CARTESIAN_POINT ( 'NONE',  ( 0.5376692829132089235, 0.3638769912719729271, -8.996116897953610793E-05 ) ) ;
#2514 = CARTESIAN_POINT ( 'NONE',  ( -0.6422406492233276865, -0.1893673400878911339, -8.996116897953610793E-05 ) ) ;
#2515 = VERTEX_POINT ( 'NONE', #639 ) ;
#2516 = CARTESIAN_POINT ( 'NONE',  ( 0.2382108513740279765, 0.5804394958885201738, 0.08991003883102055561 ) ) ;
#2517 = CARTESIAN_POINT ( 'NONE',  ( 0.3076204899302819595, 0.8140233961362869364, 0.08991003883102055561 ) ) ;
#2518 = FACE_OUTER_BOUND ( 'NONE', #1681, .T. ) ;
#2519 = CARTESIAN_POINT ( 'NONE',  ( -0.6496625355389666900, 0.09296830794642606255, 0.2999100388310207976 ) ) ;
#2520 = CARTESIAN_POINT ( 'NONE',  ( -0.4454699563980089594, -0.6387088565826423148, -8.996116897953610793E-05 ) ) ;
#2521 = ORIENTED_EDGE ( 'NONE', *, *, #1593, .T. ) ;
#2522 = ORIENTED_EDGE ( 'NONE', *, *, #469, .T. ) ;
#2523 = ADVANCED_FACE ( 'NONE', ( #23 ), #566, .T. ) ;
#2524 = ORIENTED_EDGE ( 'NONE', *, *, #230, .F. ) ;
#2525 = LINE ( 'NONE', #3467, #2411 ) ;
#2526 = CARTESIAN_POINT ( 'NONE',  ( 0.6850684738159172893, -0.4166177616119393634, -8.996116897953610793E-05 ) ) ;
#2527 = ORIENTED_EDGE ( 'NONE', *, *, #91, .F. ) ;
#2528 = VERTEX_POINT ( 'NONE', #2744 ) ;
#2529 = EDGE_CURVE ( 'NONE', #1658, #29, #967, .T. ) ;
#2530 = DIRECTION ( 'NONE',  ( 0.000000000000000000, 0.000000000000000000, 1.000000000000000000 ) ) ;
#2531 = CARTESIAN_POINT ( 'NONE',  ( 0.3119999930262566945, 0.6609219676314119774, 0.08991003883102055561 ) ) ;
#2532 = VECTOR ( 'NONE', #3319, 1000.000000000000000 ) ;
#2533 = CARTESIAN_POINT ( 'NONE',  ( 0.6139485416412360230, -0.3584755377769472950, 0.08991003883102055561 ) ) ;
#2534 = ORIENTED_EDGE ( 'NONE', *, *, #126, .F. ) ;
#2535 = VECTOR ( 'NONE', #3482, 1000.000000000000000 ) ;
#2536 = ORIENTED_EDGE ( 'NONE', *, *, #1856, .F. ) ;
#2537 = EDGE_CURVE ( 'NONE', #2579, #793, #3659, .T. ) ;
#2538 = CARTESIAN_POINT ( 'NONE',  ( 0.03140761389688556671, 0.7155150239185019689, 0.08991003883102055561 ) ) ;
#2539 = CARTESIAN_POINT ( 'NONE',  ( -0.06685050392150850007, 0.3661789340972906870, -8.996116897953610793E-05 ) ) ;
#2540 = VERTEX_POINT ( 'NONE', #392 ) ;
#2541 = ORIENTED_EDGE ( 'NONE', *, *, #17, .T. ) ;
#2542 = CARTESIAN_POINT ( 'NONE',  ( 0.5249162226809457321, -0.6408050877758726394, 0.08991003883102055561 ) ) ;
#2543 = AXIS2_PLACEMENT_3D ( 'NONE', #1255, #2562, #714 ) ;
#2544 = DIRECTION ( 'NONE',  ( 1.000000000000000000, 0.000000000000000000, 0.000000000000000000 ) ) ;
#2545 = CARTESIAN_POINT ( 'NONE',  ( 0.1631030942380175819, 0.5554147913106479706, 0.2999100388310207976 ) ) ;
#2546 = CARTESIAN_POINT ( 'NONE',  ( -0.5106546253178881889, 0.3312033351927506364, -8.996116897953610793E-05 ) ) ;
#2547 = EDGE_LOOP ( 'NONE', ( #3848, #3818, #1838, #773 ) ) ;
#2548 = VECTOR ( 'NONE', #2111, 1000.000000000000000 ) ;
#2549 = EDGE_CURVE ( 'NONE', #2540, #755, #1827, .T. ) ;
#2550 = ORIENTED_EDGE ( 'NONE', *, *, #1054, .F. ) ;
#2551 = LINE ( 'NONE', #2470, #2741 ) ;
#2552 = EDGE_CURVE ( 'NONE', #2528, #1210, #3777, .T. ) ;
#2553 = CARTESIAN_POINT ( 'NONE',  ( -0.5106546253178881889, 0.3312033351927506364, 0.2999100388310207976 ) ) ;
#2554 = EDGE_CURVE ( 'NONE', #3714, #1516, #2092, .T. ) ;
#2555 = VERTEX_POINT ( 'NONE', #56 ) ;
#2556 = VERTEX_POINT ( 'NONE', #3581 ) ;
#2557 = CARTESIAN_POINT ( 'NONE',  ( 0.2431364322759231589, 0.5938479157102981576, -8.996116897953610793E-05 ) ) ;
#2558 = CARTESIAN_POINT ( 'NONE',  ( 0.5860797523686691601, 0.1875766848389701091, 0.08991003883102055561 ) ) ;
#2559 = VECTOR ( 'NONE', #2719, 1000.000000000000114 ) ;
#2560 = ORIENTED_EDGE ( 'NONE', *, *, #413, .F. ) ;
#2561 = ORIENTED_EDGE ( 'NONE', *, *, #3189, .F. ) ;
#2562 = DIRECTION ( 'NONE',  ( -3.746537964288020597E-15, -1.000000000000000000, 0.000000000000000000 ) ) ;
#2563 = CARTESIAN_POINT ( 'NONE',  ( 0.2426261305044578043, 0.5928502852189351247, 0.08991003883102055561 ) ) ;
#2564 = PLANE ( 'NONE',  #1499 ) ;
#2565 = LINE ( 'NONE', #3481, #1995 ) ;
#2566 = CARTESIAN_POINT ( 'NONE',  ( 0.1536676976489466662, 0.7929445619041586291, 0.08991003883102055561 ) ) ;
#2567 = CARTESIAN_POINT ( 'NONE',  ( 0.1734893013588578725, 0.5635242047427272416, -8.996116897953610793E-05 ) ) ;
#2568 = VERTEX_POINT ( 'NONE', #604 ) ;
#2569 = ORIENTED_EDGE ( 'NONE', *, *, #2845, .F. ) ;
#2570 = CARTESIAN_POINT ( 'NONE',  ( 0.6140275096893298423, -0.4166967296600351256, -8.996116897953610793E-05 ) ) ;
#2571 = CARTESIAN_POINT ( 'NONE',  ( -0.5110545313566665637, 0.3308024485580192131, 0.2999100388310207976 ) ) ;
#2572 = VERTEX_POINT ( 'NONE', #3638 ) ;
#2573 = ADVANCED_FACE ( 'NONE', ( #1792 ), #2966, .T. ) ;
#2574 = ORIENTED_EDGE ( 'NONE', *, *, #899, .T. ) ;
#2575 = CARTESIAN_POINT ( 'NONE',  ( 0.5298109931945790274, -0.1980981540679935260, 0.2999100388310207976 ) ) ;
#2576 = FACE_BOUND ( 'NONE', #1447, .T. ) ;
#2577 = PERSON_AND_ORGANIZATION ( #1765, #2881 ) ;
#2578 = ORIENTED_EDGE ( 'NONE', *, *, #3109, .T. ) ;
#2579 = VERTEX_POINT ( 'NONE', #1525 ) ;
#2580 = ORIENTED_EDGE ( 'NONE', *, *, #53, .T. ) ;
#2581 = CARTESIAN_POINT ( 'NONE',  ( 0.007294551161412599245, 0.4918381944820532925, -8.996116897953610793E-05 ) ) ;
#2582 = CARTESIAN_POINT ( 'NONE',  ( 0.1739883032843400068, 0.5633635213305961953, 0.08991003883102055561 ) ) ;
#2583 = CARTESIAN_POINT ( 'NONE',  ( -0.06899427940444766150, -0.7161791763305672687, -8.996116897953610793E-05 ) ) ;
#2584 = ORIENTED_EDGE ( 'NONE', *, *, #2054, .T. ) ;
#2585 = LINE ( 'NONE', #1710, #1134 ) ;
#2586 = CARTESIAN_POINT ( 'NONE',  ( 0.3111181494933869529, 0.7985048887334968981, 0.2999100388310207976 ) ) ;
#2587 = DIRECTION ( 'NONE',  ( -1.000000000000000000, 0.000000000000000000, 0.000000000000000000 ) ) ;
#2588 = CARTESIAN_POINT ( 'NONE',  ( 0.1949029474054258526, 0.5625445814281204715, 0.2999100388310207976 ) ) ;
#2589 = ORIENTED_EDGE ( 'NONE', *, *, #652, .F. ) ;
#2590 = EDGE_CURVE ( 'NONE', #287, #3532, #39, .T. ) ;
#2591 = ORIENTED_EDGE ( 'NONE', *, *, #1791, .F. ) ;
#2592 = ADVANCED_FACE ( 'NONE', ( #1539 ), #868, .T. ) ;
#2593 = CARTESIAN_POINT ( 'NONE',  ( -0.9000000000000000222, -1.049999999999999378, -8.996116897953610793E-05 ) ) ;
#2594 = PLANE ( 'NONE',  #2223 ) ;
#2595 = ORIENTED_EDGE ( 'NONE', *, *, #942, .T. ) ;
#2596 = ORIENTED_EDGE ( 'NONE', *, *, #2869, .F. ) ;
#2597 = CARTESIAN_POINT ( 'NONE',  ( 0.1185400317800978931, 0.4152744216303686509, 0.08991003883102055561 ) ) ;
#2598 = CARTESIAN_POINT ( 'NONE',  ( 0.5630693798065202760, 0.3379212112426739356, -8.996116897953610793E-05 ) ) ;
#2599 = APPROVAL_ROLE ( '' ) ;
#2600 = ORIENTED_EDGE ( 'NONE', *, *, #3764, .T. ) ;
#2601 = ORIENTED_EDGE ( 'NONE', *, *, #1736, .F. ) ;
#2602 = EDGE_CURVE ( 'NONE', #2697, #3556, #1305, .T. ) ;
#2603 = CARTESIAN_POINT ( 'NONE',  ( -0.4260907967839082655, 0.3950897330463416512, 0.2999100388310207976 ) ) ;
#2604 = VECTOR ( 'NONE', #2214, 1000.000000000000000 ) ;
#2605 = CARTESIAN_POINT ( 'NONE',  ( 0.2308071923253370850, 0.5724803743796816891, 0.08991003883102055561 ) ) ;
#2606 = PLANE ( 'NONE',  #3691 ) ;
#2607 = EDGE_CURVE ( 'NONE', #2683, #2086, #1916, .T. ) ;
#2608 = DIRECTION ( 'NONE',  ( 1.000000000000000000, 8.847903528206049659E-16, 0.000000000000000000 ) ) ;
#2609 = VECTOR ( 'NONE', #406, 1000.000000000000000 ) ;
#2610 = LINE ( 'NONE', #3826, #510 ) ;
#2611 = CARTESIAN_POINT ( 'NONE',  ( 0.1585851775027055932, 0.8075002920417565511, 0.08991003883102055561 ) ) ;
#2612 = B_SPLINE_SURFACE_WITH_KNOTS ( 'NONE', 5, 1, ( 
 ( #3013, #1587 ),
 ( #32, #3029 ),
 ( #902, #941 ),
 ( #2433, #959 ),
 ( #1569, #663 ),
 ( #2102, #3668 ),
 ( #1533, #2394 ),
 ( #357, #1875 ),
 ( #614, #67 ),
 ( #341, #48 ),
 ( #3070, #3350 ),
 ( #403, #2696 ),
 ( #3629, #2123 ),
 ( #1854, #3333 ),
 ( #1801, #3047 ) ),
 .UNSPECIFIED., .F., .F., .F.,
 ( 6, 1, 1, 1, 1, 1, 1, 1, 1, 1, 6 ),
 ( 2, 2 ),
 ( -1.000000000000000000, -0.9000000000000000222, -0.8000000000000000444, -0.6999999999999999556, -0.5999999999999999778, -0.5000000000000000000, -0.4000000000000000222, -0.2999999999999999889, -0.2000000000000000111, -0.1000000000000000056, 0.000000000000000000 ),
 ( 0.000000000000000000, 1.000000000000000000 ),
 .UNSPECIFIED. ) ;
#2613 = VECTOR ( 'NONE', #3678, 1000.000000000000227 ) ;
#2614 = PLANE ( 'NONE',  #2305 ) ;
#2615 = ORIENTED_EDGE ( 'NONE', *, *, #2554, .T. ) ;
#2616 = VERTEX_POINT ( 'NONE', #3758 ) ;
#2617 = CARTESIAN_POINT ( 'NONE',  ( -0.5191299467086796238, -0.4189197044372562351, -8.996116897953610793E-05 ) ) ;
#2618 = CARTESIAN_POINT ( 'NONE',  ( 0.5313621195955978704, 0.1153972079990729926, -8.996116897953610793E-05 ) ) ;
#2619 = VECTOR ( 'NONE', #2765, 1000.000000000000000 ) ;
#2620 = EDGE_LOOP ( 'NONE', ( #1700, #169, #1226, #1522 ) ) ;
#2621 = LINE ( 'NONE', #2963, #3440 ) ;
#2622 = DIRECTION ( 'NONE',  ( 1.000000000000000000, 0.000000000000000000, 0.000000000000000000 ) ) ;
#2623 = ORIENTED_EDGE ( 'NONE', *, *, #642, .T. ) ;
#2624 = DIRECTION ( 'NONE',  ( 0.000000000000000000, 0.000000000000000000, -1.000000000000000000 ) ) ;
#2625 = CARTESIAN_POINT ( 'NONE',  ( 0.1876710706111753002, 0.5633454533527619823, 0.08991003883102055561 ) ) ;
#2626 = CARTESIAN_POINT ( 'NONE',  ( -0.4512813079645466852, 0.3404691686008529672, 0.2999100388310207976 ) ) ;
#2627 = ORIENTED_EDGE ( 'NONE', *, *, #2656, .F. ) ;
#2628 = CARTESIAN_POINT ( 'NONE',  ( -0.5114305620193473345, 0.3303804893493663131, -8.996116897953610793E-05 ) ) ;
#2629 = EDGE_CURVE ( 'NONE', #1118, #2720, #2496, .T. ) ;
#2630 = CARTESIAN_POINT ( 'NONE',  ( 0.5084568988115040211, -0.6452432689491035545, 0.2999100388310207976 ) ) ;
#2631 = CARTESIAN_POINT ( 'NONE',  ( -0.4514230813980086854, 0.3403023643493640060, -8.996116897953609437E-05 ) ) ;
#2632 = DIRECTION ( 'NONE',  ( 0.000000000000000000, 0.000000000000000000, 1.000000000000000000 ) ) ;
#2633 = ORIENTED_EDGE ( 'NONE', *, *, #2069, .F. ) ;
#2634 = LINE ( 'NONE', #859, #1056 ) ;
#2635 = CARTESIAN_POINT ( 'NONE',  ( -0.4469781007766726599, 0.3458587112426763088, -8.996116897953610793E-05 ) ) ;
#2636 = EDGE_CURVE ( 'NONE', #2423, #2379, #3105, .T. ) ;
#2637 = VERTEX_POINT ( 'NONE', #1630 ) ;
#2638 = CARTESIAN_POINT ( 'NONE',  ( 0.08086528587341365593, -0.6437892150878912201, -8.996116897953610793E-05 ) ) ;
#2639 = CARTESIAN_POINT ( 'NONE',  ( 0.000000000000000000, -0.2999999999999996558, -8.996116897953610793E-05 ) ) ;
#2640 = COORDINATED_UNIVERSAL_TIME_OFFSET ( 8, 0, .AHEAD. ) ;
#2641 = ORIENTED_EDGE ( 'NONE', *, *, #3775, .F. ) ;
#2642 = EDGE_CURVE ( 'NONE', #1190, #3532, #1321, .T. ) ;
#2643 = B_SPLINE_SURFACE_WITH_KNOTS ( 'NONE', 2, 1, ( 
 ( #1291, #660 ),
 ( #2155, #3183 ),
 ( #202, #147 ) ),
 .UNSPECIFIED., .F., .F., .F.,
 ( 3, 3 ),
 ( 2, 2 ),
 ( -0.4611585852222890303, 0.000000000000000000 ),
 ( 0.000000000000000000, 1.000000000000000000 ),
 .UNSPECIFIED. ) ;
#2644 = EDGE_LOOP ( 'NONE', ( #3191, #339, #33, #2425 ) ) ;
#2645 = CARTESIAN_POINT ( 'NONE',  ( -0.05846796933645627414, -0.6484382164929689552, -8.996116897953610793E-05 ) ) ;
#2646 = CARTESIAN_POINT ( 'NONE',  ( 0.1693979770410588281, 0.5614768209772466045, 0.08991003883102055561 ) ) ;
#2647 = PLANE ( 'NONE',  #929 ) ;
#2648 = DIRECTION ( 'NONE',  ( 0.000000000000000000, 0.000000000000000000, 1.000000000000000000 ) ) ;
#2649 = CARTESIAN_POINT ( 'NONE',  ( 0.3019257700652969723, 0.8298240857335583698, -8.996116897953610793E-05 ) ) ;
#2650 = CARTESIAN_POINT ( 'NONE',  ( 0.1559029446444000488, 0.7977295705227416267, 0.08991003883102055561 ) ) ;
#2651 = LINE ( 'NONE', #3864, #943 ) ;
#2652 = VERTEX_POINT ( 'NONE', #1900 ) ;
#2653 = EDGE_CURVE ( 'NONE', #1968, #2124, #1015, .T. ) ;
#2654 = CARTESIAN_POINT ( 'NONE',  ( -0.05396397745667233514, -0.6448128721283659104, -8.996116897953612148E-05 ) ) ;
#2655 = CARTESIAN_POINT ( 'NONE',  ( -0.4182448740005493271, -0.6420429553985611548, 0.08991003883102055561 ) ) ;
#2656 = EDGE_CURVE ( 'NONE', #2555, #1064, #2821, .T. ) ;
#2657 = EDGE_LOOP ( 'NONE', ( #2615, #2139, #3179, #3078 ) ) ;
#2658 = EDGE_LOOP ( 'NONE', ( #2623, #3170, #2924, #1117 ) ) ;
#2659 = FACE_OUTER_BOUND ( 'NONE', #3177, .T. ) ;
#2660 = CARTESIAN_POINT ( 'NONE',  ( -0.6315026864406271256, 0.1110959805436950582, -8.996116897953610793E-05 ) ) ;
#2661 = B_SPLINE_CURVE_WITH_KNOTS ( 'NONE', 2,
 ( #1031, #1348, #3408 ),
 .UNSPECIFIED., .F., .F.,
 ( 3, 3 ),
 ( 0.000000000000000000, 0.4727631538831210123 ),
 .UNSPECIFIED. ) ;
#2662 = ORIENTED_EDGE ( 'NONE', *, *, #2965, .F. ) ;
#2663 = ORIENTED_EDGE ( 'NONE', *, *, #2590, .T. ) ;
#2664 = CARTESIAN_POINT ( 'NONE',  ( -0.3677611579895007088, 0.4151534156799299713, -8.996116897953610793E-05 ) ) ;
#2665 = CARTESIAN_POINT ( 'NONE',  ( 0.2254541079175887142, 0.5688608725564856528, 0.08991003883102055561 ) ) ;
#2666 = LINE ( 'NONE', #71, #3688 ) ;
#2667 = DIRECTION ( 'NONE',  ( 0.000000000000000000, 0.000000000000000000, -1.000000000000000000 ) ) ;
#2668 = ORIENTED_EDGE ( 'NONE', *, *, #282, .F. ) ;
#2669 = EDGE_CURVE ( 'NONE', #3669, #334, #3396, .T. ) ;
#2670 = CARTESIAN_POINT ( 'NONE',  ( 0.3117256555710843369, 0.7941942555411931615, 0.2999100388310207976 ) ) ;
#2671 = CARTESIAN_POINT ( 'NONE',  ( 0.1832365188294253211, 0.8551489118509673082, 0.08991003883102055561 ) ) ;
#2672 = CARTESIAN_POINT ( 'NONE',  ( -0.4515018072128279547, 0.3402233963012699647, -8.996116897953610793E-05 ) ) ;
#2673 = VECTOR ( 'NONE', #557, 1000.000000000000000 ) ;
#2674 = VECTOR ( 'NONE', #66, 1000.000000000000000 ) ;
#2675 = ORIENTED_EDGE ( 'NONE', *, *, #63, .F. ) ;
#2676 = FACE_OUTER_BOUND ( 'NONE', #1742, .T. ) ;
#2677 = CARTESIAN_POINT ( 'NONE',  ( 0.5413204650878908897, -0.2654874515533452994, 0.2999100388310207976 ) ) ;
#2678 = VECTOR ( 'NONE', #3266, 1000.000000000000000 ) ;
#2679 = ORIENTED_EDGE ( 'NONE', *, *, #3427, .F. ) ;
#2680 = ADVANCED_FACE ( 'NONE', ( #3721 ), #1025, .F. ) ;
#2681 = CARTESIAN_POINT ( 'NONE',  ( 0.4845673885345469500, 0.4155501937866210027, 0.2999100388310207976 ) ) ;
#2682 = CARTESIAN_POINT ( 'NONE',  ( -0.2844174079895012697, 0.4151534156799299713, 0.08991003883102055561 ) ) ;
#2683 = VERTEX_POINT ( 'NONE', #2838 ) ;
#2684 = PLANE ( 'NONE',  #2481 ) ;
#2685 = CARTESIAN_POINT ( 'NONE',  ( -0.06518369674682586434, 0.3507801647186276628, -8.996116897953610793E-05 ) ) ;
#2686 = CARTESIAN_POINT ( 'NONE',  ( 0.4673313206626382166, -0.6493895050109066425, -8.996116897953610793E-05 ) ) ;
#2687 = ORIENTED_EDGE ( 'NONE', *, *, #1711, .F. ) ;
#2688 = VECTOR ( 'NONE', #1695, 1000.000000000000000 ) ;
#2689 = CARTESIAN_POINT ( 'NONE',  ( -0.07081638017431382548, -0.6815497057972019768, 0.08991003883102055561 ) ) ;
#2690 = CARTESIAN_POINT ( 'NONE',  ( 0.1721412513668744704, 0.8460310646404313184, 0.08991003883102055561 ) ) ;
#2691 = CARTESIAN_POINT ( 'NONE',  ( 0.5390979747772228770, 0.1848862209320067396, -8.996116897953610793E-05 ) ) ;
#2692 = ADVANCED_FACE ( 'NONE', ( #3738 ), #176, .T. ) ;
#2693 = VECTOR ( 'NONE', #2766, 1000.000000000000000 ) ;
#2694 = VERTEX_POINT ( 'NONE', #3415 ) ;
#2695 = CARTESIAN_POINT ( 'NONE',  ( -0.5230980911254887733, 0.2656901550292948833, 0.08991003883102055561 ) ) ;
#2696 = CARTESIAN_POINT ( 'NONE',  ( 0.009405611103104819307, 0.7024316524889065994, 0.2999100388310207976 ) ) ;
#2697 = VERTEX_POINT ( 'NONE', #1040 ) ;
#2698 = DIRECTION ( 'NONE',  ( -0.000000000000000000, 1.000000000000000000, 0.000000000000000000 ) ) ;
#2699 = CARTESIAN_POINT ( 'NONE',  ( 0.5281238487203252507, 0.1121767061412301120, 0.08991003883102055561 ) ) ;
#2700 = EDGE_CURVE ( 'NONE', #14, #3263, #465, .T. ) ;
#2701 = VERTEX_POINT ( 'NONE', #803 ) ;
#2702 = CARTESIAN_POINT ( 'NONE',  ( 0.08436211129089486727, 0.3722308211327579608, 0.08991003883102055561 ) ) ;
#2703 = CARTESIAN_POINT ( 'NONE',  ( 0.1631768291609360100, 0.5551930719619045940, 0.08991003883102055561 ) ) ;
#2704 = CARTESIAN_POINT ( 'NONE',  ( 0.1601199640495367393, 0.8191459060577278573, -8.996116897953610793E-05 ) ) ;
#2705 = CARTESIAN_POINT ( 'NONE',  ( 0.5084568988115040211, -0.6452432689491035545, -8.996116897953610793E-05 ) ) ;
#2706 = CARTESIAN_POINT ( 'NONE',  ( 0.008415073659410908166, 0.7012544099623649885, 0.08991003883102055561 ) ) ;
#2707 = CARTESIAN_POINT ( 'NONE',  ( 0.1694579983679191937, 0.8428252077062585723, 0.08991003883102055561 ) ) ;
#2708 = DIRECTION ( 'NONE',  ( -1.000000000000000000, -2.255976957703900510E-16, 0.000000000000000000 ) ) ;
#2709 = CARTESIAN_POINT ( 'NONE',  ( 0.4673313206626346639, -0.6493895050109040890, 0.2999100388310207976 ) ) ;
#2710 = FACE_OUTER_BOUND ( 'NONE', #2507, .T. ) ;
#2711 = CARTESIAN_POINT ( 'NONE',  ( -0.4469781007766726599, 0.3458587112426763088, 0.08991003883102055561 ) ) ;
#2712 = ADVANCED_FACE ( 'NONE', ( #583 ), #3260, .T. ) ;
#2713 = VERTEX_POINT ( 'NONE', #1142 ) ;
#2714 = CARTESIAN_POINT ( 'NONE',  ( 0.4882185707092289717, -0.1900812015533451527, -8.996116897953610793E-05 ) ) ;
#2715 = CARTESIAN_POINT ( 'NONE',  ( -0.5973143701553342844, 0.2592675147315779971, -8.996116897953610793E-05 ) ) ;
#2716 = ORIENTED_EDGE ( 'NONE', *, *, #631, .T. ) ;
#2717 = DIRECTION ( 'NONE',  ( 0.000000000000000000, 0.000000000000000000, 1.000000000000000000 ) ) ;
#2718 = CARTESIAN_POINT ( 'NONE',  ( 0.4845673885345469500, 0.4155501937866210027, -8.996116897953610793E-05 ) ) ;
#2719 = DIRECTION ( 'NONE',  ( -0.1075940853182100199, -0.9941949068490231189, 0.000000000000000000 ) ) ;
#2720 = VERTEX_POINT ( 'NONE', #3239 ) ;
#2721 = ADVANCED_FACE ( 'NONE', ( #253 ), #1440, .T. ) ;
#2722 = CARTESIAN_POINT ( 'NONE',  ( -0.2844174079895012697, 0.4151534156799299713, -8.996116897953610793E-05 ) ) ;
#2723 = EDGE_CURVE ( 'NONE', #1282, #2713, #274, .T. ) ;
#2724 = CARTESIAN_POINT ( 'NONE',  ( 0.1588052996303367381, 0.4918381944820532925, -8.996116897953610793E-05 ) ) ;
#2725 = CARTESIAN_POINT ( 'NONE',  ( 0.1652538771757112446, 0.8361921767237423531, 0.08991003883102055561 ) ) ;
#2726 = FACE_OUTER_BOUND ( 'NONE', #3656, .T. ) ;
#2727 = PLANE ( 'NONE',  #2543 ) ;
#2728 = B_SPLINE_CURVE_WITH_KNOTS ( 'NONE', 3,
 ( #3547, #1719, #2655, #1476 ),
 .UNSPECIFIED., .F., .F.,
 ( 4, 4 ),
 ( -0.2626307637356559699, 0.000000000000000000 ),
 .UNSPECIFIED. ) ;
#2729 = CARTESIAN_POINT ( 'NONE',  ( -0.6201328229504701195, 0.1125682505891071050, 0.08991003883102055561 ) ) ;
#2730 = CARTESIAN_POINT ( 'NONE',  ( 0.08570704460144075443, -0.7170524272918709086, 0.08991003883102055561 ) ) ;
#2731 = ORIENTED_EDGE ( 'NONE', *, *, #3675, .F. ) ;
#2732 = CIRCLE ( 'NONE', #2353, 0.2032253743224718689 ) ;
#2733 = ORIENTED_EDGE ( 'NONE', *, *, #1408, .T. ) ;
#2734 = CARTESIAN_POINT ( 'NONE',  ( -0.06518369674682586434, 0.3507801647186276628, -8.996116897953610793E-05 ) ) ;
#2735 = CARTESIAN_POINT ( 'NONE',  ( -0.06685050392150850007, 0.3661789340972906870, 0.08991003883102055561 ) ) ;
#2736 = CARTESIAN_POINT ( 'NONE',  ( -0.3677611579895007088, 0.4151534156799299713, 0.08991003883102055561 ) ) ;
#2737 = VECTOR ( 'NONE', #1820, 1000.000000000000000 ) ;
#2738 = VECTOR ( 'NONE', #105, 1000.000000000000000 ) ;
#2739 = ORIENTED_EDGE ( 'NONE', *, *, #2511, .F. ) ;
#2740 = VERTEX_POINT ( 'NONE', #214 ) ;
#2741 = VECTOR ( 'NONE', #1317, 1000.000000000000000 ) ;
#2742 = CARTESIAN_POINT ( 'NONE',  ( -0.3168918082349460041, 0.1519779769935810931, 0.08991003883102055561 ) ) ;
#2743 = B_SPLINE_CURVE_WITH_KNOTS ( 'NONE', 3,
 ( #3683, #2388, #1269, #3363 ),
 .UNSPECIFIED., .F., .F.,
 ( 4, 4 ),
 ( 0.000000000000000000, 1.000000000000000000 ),
 .UNSPECIFIED. ) ;
#2744 = CARTESIAN_POINT ( 'NONE',  ( 0.1511923885345461127, 0.4152326259613022263, -8.996116897953610793E-05 ) ) ;
#2745 = CARTESIAN_POINT ( 'NONE',  ( 0.2747885887967319030, 0.8589561601439483773, -8.996116897953610793E-05 ) ) ;
#2746 = VECTOR ( 'NONE', #369, 1000.000000000000000 ) ;
#2747 = DIRECTION ( 'NONE',  ( 0.000000000000000000, 0.000000000000000000, 1.000000000000000000 ) ) ;
#2748 = CARTESIAN_POINT ( 'NONE',  ( -0.06899427940444766150, -0.7161791763305672687, 0.08991003883102055561 ) ) ;
#2749 = CARTESIAN_POINT ( 'NONE',  ( 0.2278766929325594381, 0.8675880302359114671, 0.08991003883102055561 ) ) ;
#2750 = CARTESIAN_POINT ( 'NONE',  ( -0.06685050392150850007, 0.3661789340972906870, 0.2999100388310207976 ) ) ;
#2751 = VECTOR ( 'NONE', #487, 1000.000000000000000 ) ;
#2752 = ADVANCED_FACE ( 'NONE', ( #2901, #2321, #2576, #2052 ), #2258, .T. ) ;
#2753 = EDGE_CURVE ( 'NONE', #248, #2883, #828, .T. ) ;
#2754 = CARTESIAN_POINT ( 'NONE',  ( -0.5102320714529399170, 0.3315842491641390333, 0.08991003883102055561 ) ) ;
#2755 = DIRECTION ( 'NONE',  ( -0.04709060952521597343, -0.9988906218873734311, 0.000000000000000000 ) ) ;
#2756 = APPROVAL_PERSON_ORGANIZATION ( #1061, #3846, #2053 ) ;
#2757 = CARTESIAN_POINT ( 'NONE',  ( 0.4912812208732797448, 0.1021716166027859807, 0.08991003883102055561 ) ) ;
#2758 = VERTEX_POINT ( 'NONE', #561 ) ;
#2759 = ORIENTED_EDGE ( 'NONE', *, *, #2004, .F. ) ;
#2760 = CARTESIAN_POINT ( 'NONE',  ( -0.4471012578366476697, 0.3447501724159648950, -8.996116897953610793E-05 ) ) ;
#2761 = DIRECTION ( 'NONE',  ( -0.9313442359570281992, 0.3641399650541251032, 0.000000000000000000 ) ) ;
#2762 = DIRECTION ( 'NONE',  ( 0.000000000000000000, 0.000000000000000000, -1.000000000000000000 ) ) ;
#2763 = ORIENTED_EDGE ( 'NONE', *, *, #805, .F. ) ;
#2764 = FACE_OUTER_BOUND ( 'NONE', #379, .T. ) ;
#2765 = DIRECTION ( 'NONE',  ( 0.000000000000000000, 0.000000000000000000, 1.000000000000000000 ) ) ;
#2766 = DIRECTION ( 'NONE',  ( 0.000000000000000000, 0.000000000000000000, 1.000000000000000000 ) ) ;
#2767 = B_SPLINE_SURFACE_WITH_KNOTS ( 'NONE', 3, 1, ( 
 ( #2275, #3490 ),
 ( #2071, #1140 ),
 ( #521, #801 ),
 ( #2638, #3811 ) ),
 .UNSPECIFIED., .F., .F., .F.,
 ( 4, 4 ),
 ( 2, 2 ),
 ( -1.000000000000000000, 0.000000000000000000 ),
 ( 0.000000000000000000, 1.000000000000000000 ),
 .UNSPECIFIED. ) ;
#2768 = EDGE_CURVE ( 'NONE', #3196, #2555, #3865, .T. ) ;
#2769 = DIRECTION ( 'NONE',  ( 1.000000000000000000, -9.429486282964380318E-16, 0.000000000000000000 ) ) ;
#2770 = CARTESIAN_POINT ( 'NONE',  ( 0.5245714874267576322, 0.1118608818054209891, 0.08991003883102055561 ) ) ;
#2771 = CARTESIAN_POINT ( 'NONE',  ( 0.2704346965881476716, 0.8607844738619513381, 0.08991003883102055561 ) ) ;
#2772 = CARTESIAN_POINT ( 'NONE',  ( 0.4673313206626346639, -0.6493895050109040890, -8.996116897953610793E-05 ) ) ;
#2773 = DIRECTION ( 'NONE',  ( 0.000000000000000000, 0.000000000000000000, 1.000000000000000000 ) ) ;
#2774 = DIRECTION ( 'NONE',  ( 0.000000000000000000, 0.000000000000000000, 1.000000000000000000 ) ) ;
#2775 = CARTESIAN_POINT ( 'NONE',  ( 0.5298109931945790274, -0.1980981540679935260, -8.996116897953610793E-05 ) ) ;
#2776 = ORIENTED_EDGE ( 'NONE', *, *, #652, .T. ) ;
#2777 = ORIENTED_EDGE ( 'NONE', *, *, #2147, .F. ) ;
#2778 = CARTESIAN_POINT ( 'NONE',  ( 0.6140275096893298423, -0.4166967296600351256, -8.996116897953610793E-05 ) ) ;
#2779 = EDGE_CURVE ( 'NONE', #1611, #10, #3676, .T. ) ;
#2780 = DIRECTION ( 'NONE',  ( 0.000000000000000000, 0.000000000000000000, 1.000000000000000000 ) ) ;
#2781 = FACE_OUTER_BOUND ( 'NONE', #3450, .T. ) ;
#2782 = EDGE_CURVE ( 'NONE', #2086, #1296, #1932, .T. ) ;
#2783 = ORIENTED_EDGE ( 'NONE', *, *, #421, .T. ) ;
#2784 = ORIENTED_EDGE ( 'NONE', *, *, #843, .F. ) ;
#2785 = CARTESIAN_POINT ( 'NONE',  ( 0.2394434849079030980, 0.6127484029338986504, -8.996116897953610793E-05 ) ) ;
#2786 = DIRECTION ( 'NONE',  ( 0.000000000000000000, 1.000000000000000000, 0.000000000000000000 ) ) ;
#2787 = EDGE_CURVE ( 'NONE', #886, #2099, #36, .T. ) ;
#2788 = B_SPLINE_CURVE_WITH_KNOTS ( 'NONE', 3,
 ( #1342, #3121, #1940, #1957, #485, #1668, #1027, #451, #1326, #3724, #2863, #1617, #2563, #415, #3478, #1887, #711, #2206, #1636, #3704, #2824, #2790, #2516, #2483, #1012, #2225, #1772, #1976, #1752, #3561, #2605, #2306, #569, #3821, #2665, #3496, #832, #3181, #809, #2887, #1690, #219, #3244, #2327, #1996, #2057, #3798, #261, #3519, #2018, #3537, #1105, #1127, #3206, #850, #3267, #1402, #1445, #586, #2282, #2969, #526, #1708, #299, #2952, #2625, #1, #508, #1484, #278, #1192, #2368, #2907, #1148, #3225, #787, #239, #3840, #1422, #2582, #2927, #548, #1727, #2038, #1466, #2646, #3858, #1169, #2346, #872, #2441, #909, #1503, #2703, #3303, #969, #2131, #3036, #3324, #3614 ),
 .UNSPECIFIED., .F., .F.,
 ( 4, 3, 3, 3, 3, 3, 3, 3, 3, 3, 3, 3, 3, 3, 3, 3, 3, 3, 3, 3, 3, 3, 3, 3, 3, 3, 3, 3, 3, 3, 3, 3, 3, 4 ),
 ( -0.6703971767255400005, -0.6388994498967669466, -0.6104594057472709778, -0.5863246784806559475, -0.5643999943560409349, -0.5437134697990398946, -0.5242040586333720498, -0.5056796541444710247, -0.4871326939548070167, -0.4679705585703559656, -0.4472620742819110040, -0.4246846779323290022, -0.4028227553843379827, -0.3828021235447909842, -0.3642229884577120047, -0.3468908756572469665, -0.3304224242616459750, -0.3142685988684770226, -0.2982817932203600253, -0.2816379455156340361, -0.2630141192901260250, -0.2426786569607420341, -0.2201808943583589140, -0.1978327986792970394, -0.1783180046296879984, -0.1604826571415850500, -0.1430296264805149820, -0.1251509231704500680, -0.1064867428386759851, -0.08669720364995880946, -0.06469775767757712792, -0.04025110134723564048, -0.003872232805296804692, 0.000000000000000000 ),
 .UNSPECIFIED. ) ;
#2789 = CARTESIAN_POINT ( 'NONE',  ( -0.4917455959320063408, -0.5676683769226079646, -8.996116897953610793E-05 ) ) ;
#2790 = CARTESIAN_POINT ( 'NONE',  ( 0.2388518603977867194, 0.5815219889836107381, 0.08991003883102055561 ) ) ;
#2791 = CARTESIAN_POINT ( 'NONE',  ( 0.2447229316499909824, 0.8671352695194561866, 0.08991003883102055561 ) ) ;
#2792 = LINE ( 'NONE', #2485, #3639 ) ;
#2793 = CARTESIAN_POINT ( 'NONE',  ( -0.4503306955656806720, 0.3414297747873212274, -8.996116897953610793E-05 ) ) ;
#2794 = CARTESIAN_POINT ( 'NONE',  ( 0.5245714874267576322, 0.1118608818054209891, -8.996116897953610793E-05 ) ) ;
#2795 = CARTESIAN_POINT ( 'NONE',  ( 0.6140275096893298423, -0.2832278294563298493, 0.08991003883102055561 ) ) ;
#2796 = ORIENTED_EDGE ( 'NONE', *, *, #1267, .T. ) ;
#2797 = ORIENTED_EDGE ( 'NONE', *, *, #1254, .T. ) ;
#2798 = CARTESIAN_POINT ( 'NONE',  ( -0.05216729164123499324, -0.6447416763305673371, 0.08991003883102055561 ) ) ;
#2799 = CARTESIAN_POINT ( 'NONE',  ( -0.4515018072128279547, 0.3402233963012699647, -8.996116897953610793E-05 ) ) ;
#2800 = AXIS2_PLACEMENT_3D ( 'NONE', #1905, #1013, #1637 ) ;
#2801 = EDGE_CURVE ( 'NONE', #2917, #825, #2946, .T. ) ;
#2802 = ORIENTED_EDGE ( 'NONE', *, *, #1107, .F. ) ;
#2803 = CARTESIAN_POINT ( 'NONE',  ( 0.2156625536402829724, 0.5644616028592256418, -8.996116897953610793E-05 ) ) ;
#2804 = AXIS2_PLACEMENT_3D ( 'NONE', #2211, #130, #2231 ) ;
#2805 = CARTESIAN_POINT ( 'NONE',  ( 0.1596472720938345580, 0.6798439563181676304, 0.08991003883102055561 ) ) ;
#2806 = CARTESIAN_POINT ( 'NONE',  ( 0.2816504050242708002, 0.8547386802060238375, -8.996116897953610793E-05 ) ) ;
#2807 = ORIENTED_EDGE ( 'NONE', *, *, #899, .F. ) ;
#2808 = CARTESIAN_POINT ( 'NONE',  ( 0.02010086180416666493, 0.7106798091862915889, 0.08991003883102055561 ) ) ;
#2809 = CARTESIAN_POINT ( 'NONE',  ( 0.2388870882832899445, 0.8675622412092988123, 0.08991003883102055561 ) ) ;
#2810 = DIRECTION ( 'NONE',  ( 0.000000000000000000, 1.000000000000000000, 0.000000000000000000 ) ) ;
#2811 = DIRECTION ( 'NONE',  ( -1.000000000000000000, 0.000000000000000000, 0.000000000000000000 ) ) ;
#2812 = DIRECTION ( 'NONE',  ( 0.000000000000000000, 0.000000000000000000, 1.000000000000000000 ) ) ;
#2813 = VECTOR ( 'NONE', #3504, 999.9999999999998863 ) ;
#2814 = VECTOR ( 'NONE', #2227, 1000.000000000000000 ) ;
#2815 = ORIENTED_EDGE ( 'NONE', *, *, #1712, .T. ) ;
#2816 = CARTESIAN_POINT ( 'NONE',  ( -0.05216729164123499324, -0.6447416763305673371, 0.08991003883102055561 ) ) ;
#2817 = LINE ( 'NONE', #1095, #2474 ) ;
#2818 = ORIENTED_EDGE ( 'NONE', *, *, #2281, .F. ) ;
#2819 = ORIENTED_EDGE ( 'NONE', *, *, #2669, .T. ) ;
#2820 = FACE_OUTER_BOUND ( 'NONE', #3749, .T. ) ;
#2821 = LINE ( 'NONE', #1613, #3004 ) ;
#2822 = EDGE_CURVE ( 'NONE', #97, #493, #865, .T. ) ;
#2823 = VERTEX_POINT ( 'NONE', #1376 ) ;
#2824 = CARTESIAN_POINT ( 'NONE',  ( 0.2394920898648111585, 0.5826031656155126193, 0.08991003883102055561 ) ) ;
#2825 = CARTESIAN_POINT ( 'NONE',  ( 0.3096224373065850077, 0.8063358041862513925, 0.08991003883102055561 ) ) ;
#2826 = CARTESIAN_POINT ( 'NONE',  ( -0.06899427940444766150, -0.7161791763305672687, -8.996116897953610793E-05 ) ) ;
#2827 = B_SPLINE_CURVE_WITH_KNOTS ( 'NONE', 3,
 ( #1253, #955, #84, #2137 ),
 .UNSPECIFIED., .F., .F.,
 ( 4, 4 ),
 ( 0.6238580077351190134, 1.000000000000000000 ),
 .UNSPECIFIED. ) ;
#2828 = DIRECTION ( 'NONE',  ( 0.000000000000000000, 0.000000000000000000, 1.000000000000000000 ) ) ;
#2829 = FACE_OUTER_BOUND ( 'NONE', #165, .T. ) ;
#2830 = B_SPLINE_CURVE_WITH_KNOTS ( 'NONE', 2,
 ( #2260, #3458, #3739 ),
 .UNSPECIFIED., .F., .F.,
 ( 3, 3 ),
 ( 0.000000000000000000, 0.4611585852222890303 ),
 .UNSPECIFIED. ) ;
#2831 = ORIENTED_EDGE ( 'NONE', *, *, #2138, .F. ) ;
#2832 = LINE ( 'NONE', #1896, #1428 ) ;
#2833 = CARTESIAN_POINT ( 'NONE',  ( 0.08547538834900042515, 0.3821625931264442944, -8.996116897953610793E-05 ) ) ;
#2834 = ADVANCED_FACE ( 'NONE', ( #2880 ), #1778, .T. ) ;
#2835 = VERTEX_POINT ( 'NONE', #3513 ) ;
#2836 = ORIENTED_EDGE ( 'NONE', *, *, #2636, .F. ) ;
#2837 = CARTESIAN_POINT ( 'NONE',  ( 0.1631030942380175819, 0.5554147913106479706, -8.996116897953610793E-05 ) ) ;
#2838 = CARTESIAN_POINT ( 'NONE',  ( 0.08570704460144075443, -0.7170524272918709086, -8.996116897953610793E-05 ) ) ;
#2839 = CARTESIAN_POINT ( 'NONE',  ( -0.5102320714529399170, 0.3315842491641390333, -8.996116897953610793E-05 ) ) ;
#2840 = ORIENTED_EDGE ( 'NONE', *, *, #3717, .F. ) ;
#2841 = ORIENTED_EDGE ( 'NONE', *, *, #1687, .F. ) ;
#2842 = CARTESIAN_POINT ( 'NONE',  ( 0.01603031477550359227, 0.7081790684753906939, 0.08991003883102055561 ) ) ;
#2843 = DIRECTION ( 'NONE',  ( 0.000000000000000000, 0.000000000000000000, 1.000000000000000000 ) ) ;
#2844 = CARTESIAN_POINT ( 'NONE',  ( -0.3676829166412352579, -0.6930015697479239289, 0.08991003883102055561 ) ) ;
#2845 = EDGE_CURVE ( 'NONE', #2694, #2540, #3729, .T. ) ;
#2846 = EDGE_CURVE ( 'NONE', #584, #2918, #1182, .T. ) ;
#2847 = DIRECTION ( 'NONE',  ( 0.000000000000000000, 0.000000000000000000, 1.000000000000000000 ) ) ;
#2848 = CARTESIAN_POINT ( 'NONE',  ( 0.1602529017473651451, 0.5498662187093219522, -8.996116897953610793E-05 ) ) ;
#2849 = CARTESIAN_POINT ( 'NONE',  ( 0.1011094639679822327, 0.3978540235190942687, -8.996116897953610793E-05 ) ) ;
#2850 = B_SPLINE_CURVE_WITH_KNOTS ( 'NONE', 3,
 ( #1839, #980, #2714, #70 ),
 .UNSPECIFIED., .F., .F.,
 ( 4, 4 ),
 ( 0.000000000000000000, 1.000000000000000000 ),
 .UNSPECIFIED. ) ;
#2851 = ORIENTED_EDGE ( 'NONE', *, *, #988, .F. ) ;
#2852 = CARTESIAN_POINT ( 'NONE',  ( 0.6083924369812019339, 0.1887710887000738635, 0.08991003883102055561 ) ) ;
#2853 = CARTESIAN_POINT ( 'NONE',  ( -0.5102320714529399170, 0.3315842491641390333, -8.996116897953610793E-05 ) ) ;
#2854 = ORIENTED_EDGE ( 'NONE', *, *, #247, .F. ) ;
#2855 = EDGE_LOOP ( 'NONE', ( #576, #358, #594, #2430 ) ) ;
#2856 = CARTESIAN_POINT ( 'NONE',  ( -0.06685050392150850007, 0.3661789340972906870, 0.08991003883102055561 ) ) ;
#2857 = DIRECTION ( 'NONE',  ( 0.000000000000000000, -1.000000000000000000, 0.000000000000000000 ) ) ;
#2858 =( NAMED_UNIT ( * ) PLANE_ANGLE_UNIT ( ) SI_UNIT ( $, .RADIAN. ) );
#2859 = ORIENTED_EDGE ( 'NONE', *, *, #2846, .T. ) ;
#2860 = VECTOR ( 'NONE', #1738, 1000.000000000000000 ) ;
#2861 = ORIENTED_EDGE ( 'NONE', *, *, #2122, .T. ) ;
#2862 = DIRECTION ( 'NONE',  ( 0.9963856800175685535, 0.08494455047810546555, 0.000000000000000000 ) ) ;
#2863 = CARTESIAN_POINT ( 'NONE',  ( 0.2428534269066495443, 0.5959602352864682429, 0.08991003883102055561 ) ) ;
#2864 = CARTESIAN_POINT ( 'NONE',  ( 0.08664461019289260157, 0.7870896554900282949, -8.996116897953610793E-05 ) ) ;
#2865 = DIRECTION ( 'NONE',  ( 0.000000000000000000, 0.000000000000000000, 1.000000000000000000 ) ) ;
#2866 = VECTOR ( 'NONE', #1784, 999.9999999999998863 ) ;
#2867 = CARTESIAN_POINT ( 'NONE',  ( 0.1592210916589184844, 0.8115676249667183040, 0.08991003883102055561 ) ) ;
#2868 = CARTESIAN_POINT ( 'NONE',  ( 0.1613430557021111322, 0.5522443626340890477, -8.996116897953610793E-05 ) ) ;
#2869 = EDGE_CURVE ( 'NONE', #1735, #291, #1554, .T. ) ;
#2870 = ORIENTED_EDGE ( 'NONE', *, *, #2629, .T. ) ;
#2871 = ORIENTED_EDGE ( 'NONE', *, *, #1221, .T. ) ;
#2872 = B_SPLINE_CURVE_WITH_KNOTS ( 'NONE', 3,
 ( #3575, #2072, #72, #1224 ),
 .UNSPECIFIED., .F., .F.,
 ( 4, 4 ),
 ( -0.09730319524841919698, 0.000000000000000000 ),
 .UNSPECIFIED. ) ;
#2873 = ORIENTED_EDGE ( 'NONE', *, *, #3347, .F. ) ;
#2874 = CARTESIAN_POINT ( 'NONE',  ( -0.06300840849535323251, -0.6529614899743233503, 0.08991003883102055561 ) ) ;
#2875 = CARTESIAN_POINT ( 'NONE',  ( 0.08307724830296760177, 0.7362800438569919725, 0.08991003883102055561 ) ) ;
#2876 = VECTOR ( 'NONE', #1100, 1000.000000000000000 ) ;
#2877 = ORIENTED_EDGE ( 'NONE', *, *, #3419, .T. ) ;
#2878 = ORIENTED_EDGE ( 'NONE', *, *, #2452, .F. ) ;
#2879 = LINE ( 'NONE', #464, #3054 ) ;
#2880 = FACE_OUTER_BOUND ( 'NONE', #1951, .T. ) ;
#2881 = ORGANIZATION ( '未', '未', '' ) ;
#2882 = DATE_TIME_ROLE ( 'creation_date' ) ;
#2883 = VERTEX_POINT ( 'NONE', #3017 ) ;
#2884 = ORIENTED_EDGE ( 'NONE', *, *, #1254, .F. ) ;
#2885 = ORIENTED_EDGE ( 'NONE', *, *, #541, .F. ) ;
#2886 = DIRECTION ( 'NONE',  ( 0.000000000000000000, 0.000000000000000000, -1.000000000000000000 ) ) ;
#2887 = CARTESIAN_POINT ( 'NONE',  ( 0.2185452982559462076, 0.5657042092981410253, 0.08991003883102055561 ) ) ;
#2888 = CARTESIAN_POINT ( 'NONE',  ( -0.5230193653106702811, 0.2657691230773917002, -8.996116897953610793E-05 ) ) ;
#2889 = CARTESIAN_POINT ( 'NONE',  ( -0.3637141666412336272, -0.6634740600585926629, 0.08991003883102055561 ) ) ;
#2890 = EDGE_CURVE ( 'NONE', #1576, #361, #3394, .T. ) ;
#2891 = EDGE_CURVE ( 'NONE', #10, #3429, #3279, .T. ) ;
#2892 = CARTESIAN_POINT ( 'NONE',  ( 0.1593206015642726348, 0.8123130122322455016, 0.08991003883102055561 ) ) ;
#2893 = CARTESIAN_POINT ( 'NONE',  ( 0.1831500665177586973, 0.5638822281208555331, 0.2999100388310207976 ) ) ;
#2894 = ORIENTED_EDGE ( 'NONE', *, *, #2822, .F. ) ;
#2895 = DIRECTION ( 'NONE',  ( 0.000000000000000000, 0.000000000000000000, 1.000000000000000000 ) ) ;
#2896 = CARTESIAN_POINT ( 'NONE',  ( 0.5377484931945811786, -0.2394524612426763566, -8.996116897953610793E-05 ) ) ;
#2897 = B_SPLINE_SURFACE_WITH_KNOTS ( 'NONE', 3, 1, ( 
 ( #3681, #3327 ),
 ( #641, #2152 ),
 ( #912, #3362 ),
 ( #1232, #990 ) ),
 .UNSPECIFIED., .F., .F., .F.,
 ( 4, 4 ),
 ( 2, 2 ),
 ( 0.000000000000000000, 1.000000000000000000 ),
 ( 0.000000000000000000, 1.000000000000000000 ),
 .UNSPECIFIED. ) ;
#2898 = ADVANCED_FACE ( 'NONE', ( #2983 ), #3817, .T. ) ;
#2899 = ORIENTED_EDGE ( 'NONE', *, *, #1160, .F. ) ;
#2900 = CARTESIAN_POINT ( 'NONE',  ( 0.08419890022277884412, -0.6944305038452162071, -8.996116897953610793E-05 ) ) ;
#2901 = FACE_BOUND ( 'NONE', #3670, .T. ) ;
#2902 = PERSON_AND_ORGANIZATION_ROLE ( 'creator' ) ;
#2903 = B_SPLINE_CURVE_WITH_KNOTS ( 'NONE', 2,
 ( #277, #849, #1750 ),
 .UNSPECIFIED., .F., .F.,
 ( 3, 3 ),
 ( 0.000000000000000000, 0.5377841298580861018 ),
 .UNSPECIFIED. ) ;
#2904 = B_SPLINE_CURVE_WITH_KNOTS ( 'NONE', 3,
 ( #901, #2084, #323, #2393 ),
 .UNSPECIFIED., .F., .F.,
 ( 4, 4 ),
 ( 0.000000000000000000, 1.000000000000000000 ),
 .UNSPECIFIED. ) ;
#2905 = VERTEX_POINT ( 'NONE', #3000 ) ;
#2906 = DIRECTION ( 'NONE',  ( 0.000000000000000000, 0.000000000000000000, 1.000000000000000000 ) ) ;
#2907 = CARTESIAN_POINT ( 'NONE',  ( 0.1797661629351566814, 0.5639394208732045888, 0.08991003883102055561 ) ) ;
#2908 = DIRECTION ( 'NONE',  ( -1.000000000000000000, 0.000000000000000000, 0.000000000000000000 ) ) ;
#2909 = DIRECTION ( 'NONE',  ( -1.000000000000000000, 0.000000000000000000, 0.000000000000000000 ) ) ;
#2910 = CARTESIAN_POINT ( 'NONE',  ( 0.3100303974069603119, 0.8047370583507778008, 0.2999100388310207976 ) ) ;
#2911 = CARTESIAN_POINT ( 'NONE',  ( 0.1552250555718726610, 0.7960487532289531876, 0.08991003883102055561 ) ) ;
#2912 = CARTESIAN_POINT ( 'NONE',  ( 0.5413204650878908897, -0.2654874515533452994, -8.996116897953610793E-05 ) ) ;
#2913 = VERTEX_POINT ( 'NONE', #2362 ) ;
#2914 = ORIENTED_EDGE ( 'NONE', *, *, #1393, .T. ) ;
#2915 = FACE_OUTER_BOUND ( 'NONE', #280, .T. ) ;
#2916 = CARTESIAN_POINT ( 'NONE',  ( 0.5373514728546147090, -0.6012436046600340145, -8.996116897953610793E-05 ) ) ;
#2917 = VERTEX_POINT ( 'NONE', #1498 ) ;
#2918 = VERTEX_POINT ( 'NONE', #964 ) ;
#2919 = CARTESIAN_POINT ( 'NONE',  ( -0.05846796933645627414, -0.6484382164929689552, 0.08991003883102055561 ) ) ;
#2920 = CARTESIAN_POINT ( 'NONE',  ( 0.08213555717468315476, 0.3523672771453862929, -8.996116897953610793E-05 ) ) ;
#2921 = APPROVAL_STATUS ( 'not_yet_approved' ) ;
#2922 = EDGE_CURVE ( 'NONE', #599, #235, #2872, .T. ) ;
#2923 = EDGE_CURVE ( 'NONE', #2556, #3703, #1978, .T. ) ;
#2924 = ORIENTED_EDGE ( 'NONE', *, *, #2552, .T. ) ;
#2925 = ORIENTED_EDGE ( 'NONE', *, *, #3190, .T. ) ;
#2926 = FACE_OUTER_BOUND ( 'NONE', #2233, .T. ) ;
#2927 = CARTESIAN_POINT ( 'NONE',  ( 0.1732149282922491873, 0.5631567430510197036, 0.08991003883102055561 ) ) ;
#2928 = CARTESIAN_POINT ( 'NONE',  ( -0.4514230813980086854, 0.3403023643493640060, -8.996116897953610793E-05 ) ) ;
#2929 = ORIENTED_EDGE ( 'NONE', *, *, #2194, .F. ) ;
#2930 = ORIENTED_EDGE ( 'NONE', *, *, #2216, .T. ) ;
#2931 = CARTESIAN_POINT ( 'NONE',  ( 0.08213555717468315476, 0.3523672771453862929, -8.996116897953610793E-05 ) ) ;
#2932 = VECTOR ( 'NONE', #1760, 1000.000000000000000 ) ;
#2933 = CARTESIAN_POINT ( 'NONE',  ( 0.3082266013477022448, 0.8125784361724086580, -8.996116897953610793E-05 ) ) ;
#2934 = CARTESIAN_POINT ( 'NONE',  ( 0.1566627380094074429, 0.7998710629363379176, 0.08991003883102055561 ) ) ;
#2935 = AXIS2_PLACEMENT_3D ( 'NONE', #1837, #2141, #3295 ) ;
#2936 = PRODUCT_DEFINITION_SHAPE ( 'NONE', 'NONE',  #698 ) ;
#2937 = VECTOR ( 'NONE', #3819, 1000.000000000000000 ) ;
#2938 = DIRECTION ( 'NONE',  ( 0.000000000000000000, 0.000000000000000000, 1.000000000000000000 ) ) ;
#2939 = VECTOR ( 'NONE', #674, 1000.000000000000000 ) ;
#2940 = ORIENTED_EDGE ( 'NONE', *, *, #826, .T. ) ;
#2941 = CARTESIAN_POINT ( 'NONE',  ( 0.007294551161412599245, 0.4918381944820532925, -8.996116897953610793E-05 ) ) ;
#2942 = CARTESIAN_POINT ( 'NONE',  ( 0.4959172286987309497, -0.6433921947479247505, -8.996116897953610793E-05 ) ) ;
#2943 = EDGE_CURVE ( 'NONE', #3509, #2418, #505, .T. ) ;
#2944 = EDGE_LOOP ( 'NONE', ( #745, #965, #1861, #1903 ) ) ;
#2945 = CARTESIAN_POINT ( 'NONE',  ( 0.1011094639679822327, 0.3978540235190942687, 0.08991003883102055561 ) ) ;
#2946 = LINE ( 'NONE', #2964, #633 ) ;
#2947 = PERSON_AND_ORGANIZATION ( #1765, #2881 ) ;
#2948 = AXIS2_PLACEMENT_3D ( 'NONE', #994, #1583, #936 ) ;
#2949 = VERTEX_POINT ( 'NONE', #311 ) ;
#2950 = LINE ( 'NONE', #1443, #3317 ) ;
#2951 = LOCAL_TIME ( 12, 20, 23.00000000000000000, #2640 ) ;
#2952 = CARTESIAN_POINT ( 'NONE',  ( 0.1889743200085493846, 0.5631987594943170805, 0.08991003883102055561 ) ) ;
#2953 = CARTESIAN_POINT ( 'NONE',  ( 0.5245714874267576322, 0.1118608818054209891, 0.08991003883102055561 ) ) ;
#2954 = LINE ( 'NONE', #3860, #454 ) ;
#2955 = EDGE_CURVE ( 'NONE', #2683, #1052, #3257, .T. ) ;
#2956 = CARTESIAN_POINT ( 'NONE',  ( 0.5180542284908492556, -0.6443654134756922058, -8.996116897953610793E-05 ) ) ;
#2957 = CARTESIAN_POINT ( 'NONE',  ( -0.4509526027252049318, 0.3408107475340530490, -8.996116897953610793E-05 ) ) ;
#2958 = DIRECTION ( 'NONE',  ( 0.000000000000000000, 0.000000000000000000, 1.000000000000000000 ) ) ;
#2959 = EDGE_LOOP ( 'NONE', ( #212, #427, #3833, #1487 ) ) ;
#2960 = DIRECTION ( 'NONE',  ( 0.1425039873803990165, 0.9897942278982471143, 0.000000000000000000 ) ) ;
#2961 = CARTESIAN_POINT ( 'NONE',  ( 0.5421934738159199796, -0.2103217296600347896, -8.996116897953610793E-05 ) ) ;
#2962 = EDGE_LOOP ( 'NONE', ( #3034, #1072, #2521, #1437 ) ) ;
#2963 = CARTESIAN_POINT ( 'NONE',  ( -0.5114305620193473345, 0.3303804893493663131, -8.996116897953610793E-05 ) ) ;
#2964 = CARTESIAN_POINT ( 'NONE',  ( 0.1603338262668779213, 0.5858230628727871814, 0.08991003883102055561 ) ) ;
#2965 = EDGE_CURVE ( 'NONE', #2379, #3135, #3594, .T. ) ;
#2966 = B_SPLINE_SURFACE_WITH_KNOTS ( 'NONE', 3, 1, ( 
 ( #315, #1247 ),
 ( #2685, #1810 ),
 ( #950, #3003 ),
 ( #332, #348 ) ),
 .UNSPECIFIED., .F., .F., .F.,
 ( 4, 4 ),
 ( 2, 2 ),
 ( 0.000000000000000000, 1.000000000000000000 ),
 ( 0.000000000000000000, 1.000000000000000000 ),
 .UNSPECIFIED. ) ;
#2967 = ORIENTED_EDGE ( 'NONE', *, *, #564, .T. ) ;
#2968 = LINE ( 'NONE', #3242, #501 ) ;
#2969 = CARTESIAN_POINT ( 'NONE',  ( 0.1940504646268886024, 0.5627218081977539699, 0.08991003883102055561 ) ) ;
#2970 = LINE ( 'NONE', #3562, #2413 ) ;
#2971 = PLANE ( 'NONE',  #3130 ) ;
#2972 = B_SPLINE_CURVE_WITH_KNOTS ( 'NONE', 3,
 ( #3644, #1886, #1867, #2426 ),
 .UNSPECIFIED., .F., .F.,
 ( 4, 4 ),
 ( 0.001928565853954450045, 1.000000000000000000 ),
 .UNSPECIFIED. ) ;
#2973 = CARTESIAN_POINT ( 'NONE',  ( 0.2671406907070633108, 0.8623693743855893601, 0.2999100388310207976 ) ) ;
#2974 = CARTESIAN_POINT ( 'NONE',  ( 0.2228131190589616450, 0.8672545882090295644, 0.08991003883102055561 ) ) ;
#2975 = CARTESIAN_POINT ( 'NONE',  ( 0.5391767005920423683, 0.1849651889801011140, -8.996116897953610793E-05 ) ) ;
#2976 = APPROVAL ( #2921, '未' ) ;
#2977 = EDGE_CURVE ( 'NONE', #235, #2823, #3305, .T. ) ;
#2978 = VERTEX_POINT ( 'NONE', #1824 ) ;
#2979 = LINE ( 'NONE', #306, #378 ) ;
#2980 = CARTESIAN_POINT ( 'NONE',  ( -0.4471012578366476697, 0.3447501724159648950, 0.2999100388310207976 ) ) ;
#2981 = EDGE_LOOP ( 'NONE', ( #2797, #2560, #1092, #665 ) ) ;
#2982 = CARTESIAN_POINT ( 'NONE',  ( 0.5249162226809457321, -0.6408050877758726394, 0.08991003883102055561 ) ) ;
#2983 = FACE_OUTER_BOUND ( 'NONE', #2658, .T. ) ;
#2984 = EDGE_LOOP ( 'NONE', ( #2914, #3814, #1455, #2796 ) ) ;
#2985 = EDGE_LOOP ( 'NONE', ( #96, #2591, #653, #275 ) ) ;
#2986 = ORIENTED_EDGE ( 'NONE', *, *, #1334, .T. ) ;
#2987 = LINE ( 'NONE', #3857, #3627 ) ;
#2988 = CARTESIAN_POINT ( 'NONE',  ( 0.1011094639679822327, 0.3978540235190942687, -8.996116897953610793E-05 ) ) ;
#2989 = CARTESIAN_POINT ( 'NONE',  ( 0.07935762596130387092, 0.3450646705627439803, -8.996116897953610793E-05 ) ) ;
#2990 = CARTESIAN_POINT ( 'NONE',  ( 0.1541079772067321663, 0.7936634670095276123, 0.2999100388310207976 ) ) ;
#2991 = CARTESIAN_POINT ( 'NONE',  ( 0.1970642011822689443, 0.8617631653236473843, 0.08991003883102055561 ) ) ;
#2992 = DIRECTION ( 'NONE',  ( 0.000000000000000000, 0.000000000000000000, 1.000000000000000000 ) ) ;
#2993 = AXIS2_PLACEMENT_3D ( 'NONE', #471, #2544, #715 ) ;
#2994 = CARTESIAN_POINT ( 'NONE',  ( -0.5973143701553342844, 0.2592675147315779971, -8.996116897953610793E-05 ) ) ;
#2995 = CARTESIAN_POINT ( 'NONE',  ( 0.3119999930262566945, 0.7919999755918973872, -8.996116897953610793E-05 ) ) ;
#2996 = ADVANCED_FACE ( 'NONE', ( #3033 ), #3217, .T. ) ;
#2997 = FACE_OUTER_BOUND ( 'NONE', #2070, .T. ) ;
#2998 = VERTEX_POINT ( 'NONE', #2230 ) ;
#2999 = DIRECTION ( 'NONE',  ( 0.9988906218873734311, -0.04709060952521597343, 0.000000000000000000 ) ) ;
#3000 = CARTESIAN_POINT ( 'NONE',  ( 0.5298109931945790274, -0.1980981540679935260, -8.996116897953610793E-05 ) ) ;
#3001 = VERTEX_POINT ( 'NONE', #1962 ) ;
#3002 = CARTESIAN_POINT ( 'NONE',  ( 0.1597286267021357786, 0.5486110182262259327, -8.996116897953610793E-05 ) ) ;
#3003 = CARTESIAN_POINT ( 'NONE',  ( -0.06804108047485321609, 0.3587968749999986828, 0.2999100388310207976 ) ) ;
#3004 = VECTOR ( 'NONE', #2786, 1000.000000000000000 ) ;
#3005 = CARTESIAN_POINT ( 'NONE',  ( 0.1995056383379788523, 0.8628772005274589763, -8.996116897953610793E-05 ) ) ;
#3006 = CARTESIAN_POINT ( 'NONE',  ( -0.5973930959701525545, 0.1155127906799310461, 0.08991003883102055561 ) ) ;
#3007 = EDGE_CURVE ( 'NONE', #498, #258, #114, .T. ) ;
#3008 = CARTESIAN_POINT ( 'NONE',  ( 0.1548816599871167266, 0.7951826263148999985, -8.996116897953610793E-05 ) ) ;
#3009 = CARTESIAN_POINT ( 'NONE',  ( 0.2174486468643971604, 0.8666240382601648751, 0.08991003883102055561 ) ) ;
#3010 = LINE ( 'NONE', #2097, #1514 ) ;
#3011 = ORIENTED_EDGE ( 'NONE', *, *, #1834, .F. ) ;
#3012 = CARTESIAN_POINT ( 'NONE',  ( -0.5946949806213392975, -0.1927804069519045149, -8.996116897953610793E-05 ) ) ;
#3013 = CARTESIAN_POINT ( 'NONE',  ( 0.03551207461361370610, 0.7168346926953569342, -8.996116897953610793E-05 ) ) ;
#3014 = ORIENTED_EDGE ( 'NONE', *, *, #2923, .F. ) ;
#3015 = PLANE ( 'NONE',  #3559 ) ;
#3016 = B_SPLINE_SURFACE_WITH_KNOTS ( 'NONE', 3, 1, ( 
 ( #945, #3336 ),
 ( #650, #3031 ),
 ( #362, #1551 ),
 ( #3431, #3092 ) ),
 .UNSPECIFIED., .F., .F., .F.,
 ( 4, 4 ),
 ( 2, 2 ),
 ( 0.0005563559390538969475, 1.000000000000000000 ),
 ( 0.000000000000000000, 1.000000000000000000 ),
 .UNSPECIFIED. ) ;
#3017 = CARTESIAN_POINT ( 'NONE',  ( -0.5946949806213392975, -0.1927804069519045149, 0.08991003883102055561 ) ) ;
#3018 = EDGE_CURVE ( 'NONE', #1190, #3379, #407, .T. ) ;
#3019 = EDGE_LOOP ( 'NONE', ( #915, #2510, #1078, #3657 ) ) ;
#3020 = CARTESIAN_POINT ( 'NONE',  ( -0.6000000000000001998, 0.6000000000000001998, -0.09008996116897960427 ) ) ;
#3021 = CARTESIAN_POINT ( 'NONE',  ( -0.6496625355389487044, 0.09296830794644406204, -8.996116897953610793E-05 ) ) ;
#3022 = CARTESIAN_POINT ( 'NONE',  ( 0.4611334176313226507, -0.6556744116002726219, 0.2999100388310207976 ) ) ;
#3023 = CARTESIAN_POINT ( 'NONE',  ( -0.4917455959320063408, -0.5676683769226079646, 0.2999100388310207976 ) ) ;
#3024 = CARTESIAN_POINT ( 'NONE',  ( 0.1529999965801835948, 0.7919999755918973872, -8.996116897953610793E-05 ) ) ;
#3025 = CARTESIAN_POINT ( 'NONE',  ( 0.1918940990038257299, 0.8597054734788474040, 0.08991003883102055561 ) ) ;
#3026 = PLANE ( 'NONE',  #2948 ) ;
#3027 = CARTESIAN_POINT ( 'NONE',  ( -0.8032253743224719855, 0.6000000000000001998, -8.996116897953610793E-05 ) ) ;
#3028 = CARTESIAN_POINT ( 'NONE',  ( -0.5973143701553342844, 0.2592675147315779971, -8.996116897953610793E-05 ) ) ;
#3029 = CARTESIAN_POINT ( 'NONE',  ( 0.03471994362375693116, 0.7165961826628112208, 0.2999100388310207976 ) ) ;
#3030 = EDGE_LOOP ( 'NONE', ( #3280, #1531, #2278, #2179 ) ) ;
#3031 = CARTESIAN_POINT ( 'NONE',  ( 0.5370352071266970562, 0.1394288780294939134, 0.2999100388310207976 ) ) ;
#3032 = CARTESIAN_POINT ( 'NONE',  ( -0.6702600145339951965, -0.1873035125732429862, -8.996116897953610793E-05 ) ) ;
#3033 = FACE_OUTER_BOUND ( 'NONE', #545, .T. ) ;
#3034 = ORIENTED_EDGE ( 'NONE', *, *, #3007, .T. ) ;
#3035 = CARTESIAN_POINT ( 'NONE',  ( 0.5413204650878908897, -0.2654874515533452994, 0.08991003883102055561 ) ) ;
#3036 = CARTESIAN_POINT ( 'NONE',  ( 0.1599314338477535180, 0.5490914148450602994, 0.08991003883102055561 ) ) ;
#3037 = EDGE_CURVE ( 'NONE', #3108, #3823, #1090, .T. ) ;
#3038 = LINE ( 'NONE', #2151, #2693 ) ;
#3039 = B_SPLINE_CURVE_WITH_KNOTS ( 'NONE', 3,
 ( #3649, #613, #2729, #3332 ),
 .UNSPECIFIED., .F., .F.,
 ( 4, 4 ),
 ( -0.1933897557601219896, 0.000000000000000000 ),
 .UNSPECIFIED. ) ;
#3040 = CARTESIAN_POINT ( 'NONE',  ( 0.4821887682714329215, -0.6413766554701979539, -8.996116897953610793E-05 ) ) ;
#3041 = CARTESIAN_POINT ( 'NONE',  ( 0.1535466568668477916, 0.7927456847103963034, -8.996116897953610793E-05 ) ) ;
#3042 = CARTESIAN_POINT ( 'NONE',  ( 0.1902744302768729912, 0.8589930041283568851, 0.08991003883102055561 ) ) ;
#3043 = CARTESIAN_POINT ( 'NONE',  ( 0.3119999930262566945, 0.6419999789446588778, 0.08991003883102055561 ) ) ;
#3044 = VERTEX_POINT ( 'NONE', #3446 ) ;
#3045 = CARTESIAN_POINT ( 'NONE',  ( -0.5946949806213392975, -0.4147128391265873515, -8.996116897953610793E-05 ) ) ;
#3046 = VECTOR ( 'NONE', #3275, 1000.000000000000000 ) ;
#3047 = CARTESIAN_POINT ( 'NONE',  ( 0.007294551161412599245, 0.6998201769746401624, 0.2999100388310207976 ) ) ;
#3048 = VECTOR ( 'NONE', #873, 1000.000000000000000 ) ;
#3049 = EDGE_LOOP ( 'NONE', ( #1642, #3241, #1374, #1534 ) ) ;
#3050 = CARTESIAN_POINT ( 'NONE',  ( -0.4488786370950236249, 0.3427770889768346207, -8.996116897953610793E-05 ) ) ;
#3051 = CARTESIAN_POINT ( 'NONE',  ( -0.2009942054748528883, 0.4130895881652840163, -8.996116897953610793E-05 ) ) ;
#3052 = ADVANCED_FACE ( 'NONE', ( #2781 ), #1407, .T. ) ;
#3053 = CARTESIAN_POINT ( 'NONE',  ( 0.2226179463192939356, 0.5670975689476585035, -8.996116897953610793E-05 ) ) ;
#3054 = VECTOR ( 'NONE', #2530, 1000.000000000000000 ) ;
#3055 = ORIENTED_EDGE ( 'NONE', *, *, #2846, .F. ) ;
#3056 = ORIENTED_EDGE ( 'NONE', *, *, #2923, .T. ) ;
#3057 = CARTESIAN_POINT ( 'NONE',  ( 0.09068674688866115718, 0.3873930699239936937, 0.08991003883102055561 ) ) ;
#3058 = CARTESIAN_POINT ( 'NONE',  ( -0.07081638017431382548, -0.6815497057972019768, -8.996116897953610793E-05 ) ) ;
#3059 = CARTESIAN_POINT ( 'NONE',  ( 0.1531808194523867628, 0.7922321565301285728, -8.996116897953610793E-05 ) ) ;
#3060 = VECTOR ( 'NONE', #119, 1000.000000000000000 ) ;
#3061 = CARTESIAN_POINT ( 'NONE',  ( -0.4454699563980089594, -0.5698114147186288392, -8.996116897953610793E-05 ) ) ;
#3062 = CARTESIAN_POINT ( 'NONE',  ( 0.007294551161412599245, 0.6998201769746401624, 0.08991003883102055561 ) ) ;
#3063 = CARTESIAN_POINT ( 'NONE',  ( 0.3001218356601026982, 0.8328686584154993966, 0.08991003883102055561 ) ) ;
#3064 = CARTESIAN_POINT ( 'NONE',  ( 0.4673313206626346639, -0.6493895050109040890, -8.996116897953610793E-05 ) ) ;
#3065 = ADVANCED_FACE ( 'NONE', ( #472 ), #2324, .T. ) ;
#3066 = EDGE_CURVE ( 'NONE', #2913, #1641, #1155, .T. ) ;
#3067 = CARTESIAN_POINT ( 'NONE',  ( -0.4989217755492692530, 0.3417122675146743171, 0.08991003883102055561 ) ) ;
#3068 = CARTESIAN_POINT ( 'NONE',  ( -0.5467524127960202707, -0.4174115600585942554, 0.2999100388310207976 ) ) ;
#3069 = VECTOR ( 'NONE', #1357, 1000.000000000000000 ) ;
#3070 = CARTESIAN_POINT ( 'NONE',  ( 0.01098504021316750075, 0.7040957556258025107, -8.996116897953610793E-05 ) ) ;
#3071 = ORIENTED_EDGE ( 'NONE', *, *, #2261, .F. ) ;
#3072 = ORIENTED_EDGE ( 'NONE', *, *, #1716, .F. ) ;
#3073 = CARTESIAN_POINT ( 'NONE',  ( -0.9000000000000000222, -1.800000000000000044, -8.996116897953610793E-05 ) ) ;
#3074 = DIRECTION ( 'NONE',  ( 1.000000000000000000, 0.000000000000000000, 0.000000000000000000 ) ) ;
#3075 = CARTESIAN_POINT ( 'NONE',  ( 0.4612308769226070027, -0.1864300193786624371, -8.996116897953610793E-05 ) ) ;
#3076 = EDGE_CURVE ( 'NONE', #2568, #2652, #597, .T. ) ;
#3077 = EDGE_LOOP ( 'NONE', ( #2733, #2885, #1325, #1005 ) ) ;
#3078 = ORIENTED_EDGE ( 'NONE', *, *, #1868, .T. ) ;
#3079 = CARTESIAN_POINT ( 'NONE',  ( -0.4509526027252049318, 0.3408107475340529380, 0.08991003883102054173 ) ) ;
#3080 = ADVANCED_FACE ( 'NONE', ( #2390 ), #3851, .T. ) ;
#3081 = CARTESIAN_POINT ( 'NONE',  ( -0.3766523303985596649, -0.6495042247772221389, -8.996116897953610793E-05 ) ) ;
#3082 = CARTESIAN_POINT ( 'NONE',  ( 0.1558793150729240462, 0.7975644676840286662, -8.996116897953610793E-05 ) ) ;
#3083 = CARTESIAN_POINT ( 'NONE',  ( 0.4673313206626346639, -0.6493895050109040890, -8.996116897953610793E-05 ) ) ;
#3084 = CARTESIAN_POINT ( 'NONE',  ( 0.02108774811010802330, 0.7112043725658838689, 0.08991003883102055561 ) ) ;
#3085 = CARTESIAN_POINT ( 'NONE',  ( 0.4845673885345469500, 0.4155501937866210027, 0.08991003883102055561 ) ) ;
#3086 = LINE ( 'NONE', #2429, #578 ) ;
#3087 = CARTESIAN_POINT ( 'NONE',  ( -0.06899943541696045013, -0.6976387456020899380, -8.996116897953610793E-05 ) ) ;
#3088 = CARTESIAN_POINT ( 'NONE',  ( -0.3676829166412352579, -0.6930015697479239289, 0.2999100388310207976 ) ) ;
#3089 = LINE ( 'NONE', #1330, #1983 ) ;
#3090 = EDGE_CURVE ( 'NONE', #2269, #151, #1779, .T. ) ;
#3091 = ORIENTED_EDGE ( 'NONE', *, *, #2301, .T. ) ;
#3092 = CARTESIAN_POINT ( 'NONE',  ( 0.5390979747772228770, 0.1848862209320067396, 0.2999100388310207976 ) ) ;
#3093 = CARTESIAN_POINT ( 'NONE',  ( -0.05846796933645627414, -0.6484382164929689552, -8.996116897953610793E-05 ) ) ;
#3094 = ORIENTED_EDGE ( 'NONE', *, *, #1720, .T. ) ;
#3095 = CARTESIAN_POINT ( 'NONE',  ( 0.1602529017473651451, 0.5498662187093219522, -8.996116897953610793E-05 ) ) ;
#3096 = CARTESIAN_POINT ( 'NONE',  ( -0.3880823497772219466, -0.6371217441558836292, -8.996116897953610793E-05 ) ) ;
#3097 = DIRECTION ( 'NONE',  ( 1.000000000000000000, 0.000000000000000000, 0.000000000000000000 ) ) ;
#3098 = VERTEX_POINT ( 'NONE', #245 ) ;
#3099 = LINE ( 'NONE', #1066, #136 ) ;
#3100 = CARTESIAN_POINT ( 'NONE',  ( 0.3029632126729172592, 0.8271822121268578298, 0.08991003883102055561 ) ) ;
#3101 = CARTESIAN_POINT ( 'NONE',  ( 0.07745318794250549699, 0.3403026065826422752, -8.996116897953610793E-05 ) ) ;
#3102 = CARTESIAN_POINT ( 'NONE',  ( -0.3641903972625716301, -0.7161791763305672687, -8.996116897953610793E-05 ) ) ;
#3103 = LINE ( 'NONE', #2795, #3697 ) ;
#3104 = B_SPLINE_CURVE_WITH_KNOTS ( 'NONE', 3,
 ( #3599, #1884, #24, #951 ),
 .UNSPECIFIED., .F., .F.,
 ( 4, 4 ),
 ( -0.1349007042295559955, 0.000000000000000000 ),
 .UNSPECIFIED. ) ;
#3105 = B_SPLINE_CURVE_WITH_KNOTS ( 'NONE', 5,
 ( #3701, #1339, #1060, #1883, #446, #1953, #2477, #3154, #481, #1007, #723, #691, #2187, #743, #194 ),
 .UNSPECIFIED., .F., .F.,
 ( 6, 1, 1, 1, 1, 1, 1, 1, 1, 1, 6 ),
 ( 0.000000000000000000, 0.1000000000000000056, 0.2000000000000000111, 0.2999999999999999889, 0.4000000000000000222, 0.5000000000000000000, 0.5999999999999999778, 0.6999999999999999556, 0.8000000000000000444, 0.9000000000000000222, 1.000000000000000000 ),
 .UNSPECIFIED. ) ;
#3106 = B_SPLINE_CURVE_WITH_KNOTS ( 'NONE', 3,
 ( #1275, #2449, #978, #2775 ),
 .UNSPECIFIED., .F., .F.,
 ( 4, 4 ),
 ( 0.000000000000000000, 1.000000000000000000 ),
 .UNSPECIFIED. ) ;
#3107 = VECTOR ( 'NONE', #617, 1000.000000000000000 ) ;
#3108 = VERTEX_POINT ( 'NONE', #880 ) ;
#3109 = EDGE_CURVE ( 'NONE', #3196, #1611, #1490, .T. ) ;
#3110 = CARTESIAN_POINT ( 'NONE',  ( -0.05846796933645627414, -0.6484382164929689552, -8.996116897953610793E-05 ) ) ;
#3111 = CARTESIAN_POINT ( 'NONE',  ( -0.5687393217086790242, -0.4161415309906004723, 0.08991003883102055561 ) ) ;
#3112 = B_SPLINE_CURVE_WITH_KNOTS ( 'NONE', 3,
 ( #1212, #3359, #671, #3597 ),
 .UNSPECIFIED., .F., .F.,
 ( 4, 4 ),
 ( 0.000000000000000000, 1.000000000000000000 ),
 .UNSPECIFIED. ) ;
#3113 = CIRCLE ( 'NONE', #1431, 0.2032253743224718689 ) ;
#3114 = ORIENTED_EDGE ( 'NONE', *, *, #421, .F. ) ;
#3115 = CARTESIAN_POINT ( 'NONE',  ( -0.05216729164123499324, -0.6447416763305673371, -8.996116897953610793E-05 ) ) ;
#3116 = VECTOR ( 'NONE', #976, 1000.000000000000000 ) ;
#3117 = CARTESIAN_POINT ( 'NONE',  ( 0.07748406312395166029, 0.3403815746307362611, -8.996116897953610793E-05 ) ) ;
#3118 = DIRECTION ( 'NONE',  ( 0.000000000000000000, 1.000000000000000000, 0.000000000000000000 ) ) ;
#3119 = VECTOR ( 'NONE', #517, 1000.000000000000000 ) ;
#3120 = ORIENTED_EDGE ( 'NONE', *, *, #1620, .T. ) ;
#3121 = CARTESIAN_POINT ( 'NONE',  ( 0.2383599043607907420, 0.6152294077926362403, 0.08991003883102055561 ) ) ;
#3122 = CARTESIAN_POINT ( 'NONE',  ( 0.2721921315228863492, 0.8599528960724484028, 0.08991003883102055561 ) ) ;
#3123 = LINE ( 'NONE', #1979, #885 ) ;
#3124 = EDGE_CURVE ( 'NONE', #718, #1097, #1427, .T. ) ;
#3125 = CARTESIAN_POINT ( 'NONE',  ( 0.07745318794250549699, 0.3403026065826422752, -8.996116897953610793E-05 ) ) ;
#3126 = CARTESIAN_POINT ( 'NONE',  ( 0.07753191375732478019, 0.3403815746307362611, 0.08991003883102055561 ) ) ;
#3127 = ADVANCED_FACE ( 'NONE', ( #1199 ), #2614, .T. ) ;
#3128 = AXIS2_PLACEMENT_3D ( 'NONE', #1732, #2043, #2632 ) ;
#3129 = ORIENTED_EDGE ( 'NONE', *, *, #247, .T. ) ;
#3130 = AXIS2_PLACEMENT_3D ( 'NONE', #1194, #2608, #1486 ) ;
#3131 = ORIENTED_EDGE ( 'NONE', *, *, #1733, .T. ) ;
#3132 = PLANE ( 'NONE',  #862 ) ;
#3133 = CARTESIAN_POINT ( 'NONE',  ( -0.4515018072128279547, 0.3402233963012699647, 0.2999100388310207976 ) ) ;
#3134 = ORIENTED_EDGE ( 'NONE', *, *, #3371, .T. ) ;
#3135 = VERTEX_POINT ( 'NONE', #1133 ) ;
#3136 = CARTESIAN_POINT ( 'NONE',  ( 0.4882185707092289717, -0.1900812015533451527, -8.996116897953610793E-05 ) ) ;
#3137 = CARTESIAN_POINT ( 'NONE',  ( -0.4182448740005493271, -0.6420429553985611548, -8.996116897953610793E-05 ) ) ;
#3138 = CC_DESIGN_PERSON_AND_ORGANIZATION_ASSIGNMENT ( #294, #2341, ( #2374 ) ) ;
#3139 = PERSON_AND_ORGANIZATION_ROLE ( 'design_owner' ) ;
#3140 = EDGE_CURVE ( 'NONE', #703, #1770, #2651, .T. ) ;
#3141 = ORIENTED_EDGE ( 'NONE', *, *, #2723, .T. ) ;
#3142 = CARTESIAN_POINT ( 'NONE',  ( 0.03007715513464439411, 0.7150582909702142276, 0.08991003883102055561 ) ) ;
#3143 = CARTESIAN_POINT ( 'NONE',  ( 0.2428049924361244671, 0.8673268490662012775, 0.08991003883102055561 ) ) ;
#3144 = CARTESIAN_POINT ( 'NONE',  ( 0.4912812208730879537, 0.1021716166026839373, 0.2999100388310207976 ) ) ;
#3145 = FACE_OUTER_BOUND ( 'NONE', #3475, .T. ) ;
#3146 = CARTESIAN_POINT ( 'NONE',  ( 0.1693736369723093105, 0.5618140079581053214, 0.2999100388310207976 ) ) ;
#3147 = CARTESIAN_POINT ( 'NONE',  ( 0.4607544040679942277, -0.6803012790679923150, -8.996116897953610793E-05 ) ) ;
#3148 = ORIENTED_EDGE ( 'NONE', *, *, #2779, .T. ) ;
#3149 = CARTESIAN_POINT ( 'NONE',  ( -0.5230875588465508930, 0.2657633093956350279, -8.996116897953610793E-05 ) ) ;
#3150 = CARTESIAN_POINT ( 'NONE',  ( -0.3677611579895007088, 0.4151534156799299713, -8.996116897953610793E-05 ) ) ;
#3151 = EDGE_LOOP ( 'NONE', ( #1496, #1721, #1767, #3539, #3748, #1748, #1037, #2354, #3156, #116, #2036, #3484, #1634, #904, #1817, #1263, #3648, #49, #2807, #3690, #756, #1113, #721, #2925, #3134, #1825, #1661, #2256, #2224, #2142, #2010, #3741, #2292, #3203, #3258, #907, #3626, #3318, #3392, #211, #1607, #3740, #1474, #1124, #1480, #3732, #2522, #3595, #342, #3277, #2113, #1717, #829, #3535, #1222, #3240, #2232, #1146, #3779, #3094, #483, #1098, #2569, #754, #108, #1594, #383, #841, #2580, #3253, #1392, #1316, #1083 ) ) ;
#3152 = ORIENTED_EDGE ( 'NONE', *, *, #1933, .F. ) ;
#3153 = CARTESIAN_POINT ( 'NONE',  ( 0.2345755639116650637, 0.5753879182113209589, -8.996116897953610793E-05 ) ) ;
#3154 = CARTESIAN_POINT ( 'NONE',  ( 0.01831129283810177880, 0.7097090572421397292, -8.996116897953610793E-05 ) ) ;
#3155 = B_SPLINE_CURVE_WITH_KNOTS ( 'NONE', 3,
 ( #3162, #2844, #2889, #1014 ),
 .UNSPECIFIED., .F., .F.,
 ( 4, 4 ),
 ( -0.2038392217689510011, 0.000000000000000000 ),
 .UNSPECIFIED. ) ;
#3156 = ORIENTED_EDGE ( 'NONE', *, *, #1593, .F. ) ;
#3157 = ORIENTED_EDGE ( 'NONE', *, *, #1091, .T. ) ;
#3158 = CARTESIAN_POINT ( 'NONE',  ( -0.4488786370950209603, 0.3427770889768292917, -8.996116897953610793E-05 ) ) ;
#3159 = EDGE_CURVE ( 'NONE', #2109, #287, #85, .T. ) ;
#3160 = CARTESIAN_POINT ( 'NONE',  ( 0.03528582892641476954, 0.7167663897507782211, 0.08991003883102055561 ) ) ;
#3161 = CARTESIAN_POINT ( 'NONE',  ( -0.4511228859712889672, 0.3406385987575316077, 0.2999100388310207976 ) ) ;
#3162 = CARTESIAN_POINT ( 'NONE',  ( -0.3641903972625716301, -0.7161791763305672687, 0.08991003883102055561 ) ) ;
#3163 = EDGE_CURVE ( 'NONE', #3699, #1898, #3273, .T. ) ;
#3164 = CARTESIAN_POINT ( 'NONE',  ( 0.6083924369812019339, 0.1887710887000738635, -8.996116897953610793E-05 ) ) ;
#3165 = CARTESIAN_POINT ( 'NONE',  ( 0.1657004804570942902, 0.5588453556761975305, 0.2999100388310207976 ) ) ;
#3166 = ORIENTED_EDGE ( 'NONE', *, *, #3480, .T. ) ;
#3167 = ORIENTED_EDGE ( 'NONE', *, *, #3794, .F. ) ;
#3168 = CARTESIAN_POINT ( 'NONE',  ( -0.5973930959701525545, 0.1155813013618050278, 0.08991003883102055561 ) ) ;
#3169 = DIRECTION ( 'NONE',  ( -1.000000000000000000, -3.636934798438500757E-15, 0.000000000000000000 ) ) ;
#3170 = ORIENTED_EDGE ( 'NONE', *, *, #1267, .F. ) ;
#3171 = ORIENTED_EDGE ( 'NONE', *, *, #2259, .F. ) ;
#3172 = ADVANCED_FACE ( 'NONE', ( #320 ), #2025, .T. ) ;
#3173 = EDGE_CURVE ( 'NONE', #1398, #1420, #3845, .T. ) ;
#3174 = DIRECTION ( 'NONE',  ( 3.636934798438500757E-15, -1.000000000000000000, 0.000000000000000000 ) ) ;
#3175 = DIRECTION ( 'NONE',  ( 0.000000000000000000, -1.000000000000000000, 0.000000000000000000 ) ) ;
#3176 = ORIENTED_EDGE ( 'NONE', *, *, #1145, .F. ) ;
#3177 = EDGE_LOOP ( 'NONE', ( #2323, #479, #384, #1341 ) ) ;
#3178 = VECTOR ( 'NONE', #124, 1000.000000000000000 ) ;
#3179 = ORIENTED_EDGE ( 'NONE', *, *, #1301, .F. ) ;
#3180 = CARTESIAN_POINT ( 'NONE',  ( -0.06899427940444766150, -0.7161791763305672687, -8.996116897953610793E-05 ) ) ;
#3181 = CARTESIAN_POINT ( 'NONE',  ( 0.2212768249254071784, 0.5667806109596605912, 0.08991003883102055561 ) ) ;
#3182 = CARTESIAN_POINT ( 'NONE',  ( 0.2369999947026373011, 0.6179999794811009695, -8.996116897953610793E-05 ) ) ;
#3183 = CARTESIAN_POINT ( 'NONE',  ( -0.4432444299419516787, 0.3778509758976962285, 0.2999100388310207976 ) ) ;
#3184 = B_SPLINE_CURVE_WITH_KNOTS ( 'NONE', 3,
 ( #919, #1274, #2448, #31 ),
 .UNSPECIFIED., .F., .F.,
 ( 4, 4 ),
 ( -0.2107108600276640098, 0.000000000000000000 ),
 .UNSPECIFIED. ) ;
#3185 = VECTOR ( 'NONE', #881, 1000.000000000000000 ) ;
#3186 = VECTOR ( 'NONE', #2747, 1000.000000000000000 ) ;
#3187 = CARTESIAN_POINT ( 'NONE',  ( -0.4514258586118145011, 0.3402990968043889675, -8.996116897953609437E-05 ) ) ;
#3188 = CARTESIAN_POINT ( 'NONE',  ( 0.2015331313288690473, 0.5623199746190252757, -8.996116897953610793E-05 ) ) ;
#3189 = EDGE_CURVE ( 'NONE', #3108, #893, #857, .T. ) ;
#3190 = EDGE_CURVE ( 'NONE', #960, #1701, #2029, .T. ) ;
#3191 = ORIENTED_EDGE ( 'NONE', *, *, #2499, .T. ) ;
#3192 = B_SPLINE_CURVE_WITH_KNOTS ( 'NONE', 3,
 ( #1162, #3278, #3574, #2051 ),
 .UNSPECIFIED., .F., .F.,
 ( 4, 4 ),
 ( 0.0005563559390538969475, 1.000000000000000000 ),
 .UNSPECIFIED. ) ;
#3193 = CARTESIAN_POINT ( 'NONE',  ( 0.7499999999999996669, -0.9000000000000000222, -8.996116897953610793E-05 ) ) ;
#3194 = LINE ( 'NONE', #518, #1864 ) ;
#3195 = VECTOR ( 'NONE', #2958, 1000.000000000000000 ) ;
#3196 = VERTEX_POINT ( 'NONE', #3569 ) ;
#3197 = VERTEX_POINT ( 'NONE', #677 ) ;
#3198 = CARTESIAN_POINT ( 'NONE',  ( 0.5391731685297537213, 0.1848902665288978953, -8.996116897953610793E-05 ) ) ;
#3199 = CARTESIAN_POINT ( 'NONE',  ( 0.5391767005920423683, 0.1849651889801011140, 0.08991003883102055561 ) ) ;
#3200 = LOCAL_TIME ( 12, 20, 23.00000000000000000, #2300 ) ;
#3201 = PERSON_AND_ORGANIZATION ( #1765, #2881 ) ;
#3202 = ORIENTED_EDGE ( 'NONE', *, *, #3066, .T. ) ;
#3203 = ORIENTED_EDGE ( 'NONE', *, *, #1553, .F. ) ;
#3204 = ORIENTED_EDGE ( 'NONE', *, *, #371, .T. ) ;
#3205 = DIRECTION ( 'NONE',  ( 0.000000000000000000, 0.000000000000000000, 1.000000000000000000 ) ) ;
#3206 = CARTESIAN_POINT ( 'NONE',  ( 0.2020116546135521940, 0.5625205745518080391, 0.08991003883102055561 ) ) ;
#3207 = DIRECTION ( 'NONE',  ( 0.9998677748683652000, -0.01626138923291050448, 0.000000000000000000 ) ) ;
#3208 = ORIENTED_EDGE ( 'NONE', *, *, #1493, .T. ) ;
#3209 = CARTESIAN_POINT ( 'NONE',  ( -0.5235750484466552557, 0.3167279796600332431, 0.2999100388310207976 ) ) ;
#3210 = CARTESIAN_POINT ( 'NONE',  ( 0.2816504050242708002, 0.8547386802060238375, -8.996116897953610793E-05 ) ) ;
#3211 = CARTESIAN_POINT ( 'NONE',  ( 0.1597111670055483268, 0.8155599929746882859, 0.08991003883102055561 ) ) ;
#3212 = CARTESIAN_POINT ( 'NONE',  ( 0.5642298229888321748, 0.1863924477999479579, -8.996116897953610793E-05 ) ) ;
#3213 = VERTEX_POINT ( 'NONE', #1871 ) ;
#3214 = CARTESIAN_POINT ( 'NONE',  ( -0.5102320714529399170, 0.3315842491641390333, 0.08991003883102055561 ) ) ;
#3215 = EDGE_CURVE ( 'NONE', #215, #2556, #3010, .T. ) ;
#3216 = DIRECTION ( 'NONE',  ( 0.000000000000000000, -1.000000000000000000, 0.000000000000000000 ) ) ;
#3217 = B_SPLINE_SURFACE_WITH_KNOTS ( 'NONE', 3, 1, ( 
 ( #344, #2438 ),
 ( #1518, #1536 ),
 ( #668, #1860 ),
 ( #2715, #1673 ) ),
 .UNSPECIFIED., .F., .F., .F.,
 ( 4, 4 ),
 ( 2, 2 ),
 ( 0.000000000000000000, 0.9990274881974379184 ),
 ( 0.000000000000000000, 1.000000000000000000 ),
 .UNSPECIFIED. ) ;
#3218 = ORIENTED_EDGE ( 'NONE', *, *, #826, .F. ) ;
#3219 = ORIENTED_EDGE ( 'NONE', *, *, #2977, .F. ) ;
#3220 = CARTESIAN_POINT ( 'NONE',  ( -0.5191299467086796238, -0.5663983478546149586, 0.08991003883102055561 ) ) ;
#3221 = CALENDAR_DATE ( 2026, 29, 6 ) ;
#3222 = VERTEX_POINT ( 'NONE', #3064 ) ;
#3223 = ORIENTED_EDGE ( 'NONE', *, *, #3159, .F. ) ;
#3224 = CARTESIAN_POINT ( 'NONE',  ( -0.4260907967839082655, 0.3950897330463416512, -8.996116897953610793E-05 ) ) ;
#3225 = CARTESIAN_POINT ( 'NONE',  ( 0.1780186675801085916, 0.5639187471513271710, 0.08991003883102055561 ) ) ;
#3226 = CARTESIAN_POINT ( 'NONE',  ( -0.4454699563980089594, -0.5698114147186288392, 0.08991003883102055561 ) ) ;
#3227 = ORIENTED_EDGE ( 'NONE', *, *, #1662, .F. ) ;
#3228 = CARTESIAN_POINT ( 'NONE',  ( 0.5404474563598645753, 0.3389531249999996887, -8.996116897953610793E-05 ) ) ;
#3229 = ADVANCED_FACE ( 'NONE', ( #3664, #399 ), #3387, .F. ) ;
#3230 = CARTESIAN_POINT ( 'NONE',  ( 0.1762849044543834121, 0.8504168681081033521, -8.996116897953610793E-05 ) ) ;
#3231 = PLANE ( 'NONE',  #1918 ) ;
#3232 = CARTESIAN_POINT ( 'NONE',  ( 0.4712476582394342639, 0.09077170706822393353, 0.08991003883102055561 ) ) ;
#3233 = VERTEX_POINT ( 'NONE', #3622 ) ;
#3234 = CARTESIAN_POINT ( 'NONE',  ( -0.05216729164123499324, -0.6447416763305673371, -8.996116897953610793E-05 ) ) ;
#3235 = DIRECTION ( 'NONE',  ( 0.000000000000000000, 0.000000000000000000, 1.000000000000000000 ) ) ;
#3236 = B_SPLINE_CURVE_WITH_KNOTS ( 'NONE', 3,
 ( #3373, #962, #3671, #405 ),
 .UNSPECIFIED., .F., .F.,
 ( 4, 4 ),
 ( 0.000000000000000000, 1.000000000000000000 ),
 .UNSPECIFIED. ) ;
#3237 = ORIENTED_EDGE ( 'NONE', *, *, #1510, .T. ) ;
#3238 = CARTESIAN_POINT ( 'NONE',  ( 0.5373514728546147090, -0.6012436046600340145, 0.08991003883102055561 ) ) ;
#3239 = CARTESIAN_POINT ( 'NONE',  ( 0.07748406312395166029, 0.3403815746307362611, 0.08991003883102055561 ) ) ;
#3240 = ORIENTED_EDGE ( 'NONE', *, *, #2768, .T. ) ;
#3241 = ORIENTED_EDGE ( 'NONE', *, *, #3718, .F. ) ;
#3242 = CARTESIAN_POINT ( 'NONE',  ( 0.6850684738159172893, -0.4166967296600342374, -8.996116897953610793E-05 ) ) ;
#3243 = AXIS2_PLACEMENT_3D ( 'NONE', #2087, #1805, #3633 ) ;
#3244 = CARTESIAN_POINT ( 'NONE',  ( 0.2146752399577258330, 0.5644541850905185898, 0.08991003883102055561 ) ) ;
#3245 = CARTESIAN_POINT ( 'NONE',  ( 0.4845673885345469500, 0.4155501937866210027, 0.08991003883102055561 ) ) ;
#3246 = CARTESIAN_POINT ( 'NONE',  ( 0.08347091162762373950, 0.4918381944820532925, 0.08991003883102055561 ) ) ;
#3247 = VECTOR ( 'NONE', #2755, 1000.000000000000114 ) ;
#3248 = CARTESIAN_POINT ( 'NONE',  ( 0.1709868008619080948, 0.8451080965400813438, -8.996116897953610793E-05 ) ) ;
#3249 = CARTESIAN_POINT ( 'NONE',  ( 0.4590076599121112877, -0.7170524272918709086, -8.996116897953610793E-05 ) ) ;
#3250 = B_SPLINE_SURFACE_WITH_KNOTS ( 'NONE', 3, 1, ( 
 ( #628, #2750 ),
 ( #1816, #1236 ),
 ( #645, #1833 ),
 ( #354, #1545 ) ),
 .UNSPECIFIED., .F., .F., .F.,
 ( 4, 4 ),
 ( 2, 2 ),
 ( 0.000000000000000000, 1.000000000000000000 ),
 ( 0.000000000000000000, 1.000000000000000000 ),
 .UNSPECIFIED. ) ;
#3251 = AXIS2_PLACEMENT_3D ( 'NONE', #2476, #1284, #3700 ) ;
#3252 = CARTESIAN_POINT ( 'NONE',  ( -0.5973930959701525545, 0.1155813013618050278, -8.996116897953610793E-05 ) ) ;
#3253 = ORIENTED_EDGE ( 'NONE', *, *, #3265, .T. ) ;
#3254 = EDGE_CURVE ( 'NONE', #3669, #1010, #3647, .T. ) ;
#3255 = DIRECTION ( 'NONE',  ( 0.000000000000000000, 0.000000000000000000, 1.000000000000000000 ) ) ;
#3256 = CARTESIAN_POINT ( 'NONE',  ( 0.5298109931945790274, -0.1980981540679935260, 0.2999100388310207976 ) ) ;
#3257 = B_SPLINE_CURVE_WITH_KNOTS ( 'NONE', 3,
 ( #2145, #636, #1207, #3338 ),
 .UNSPECIFIED., .F., .F.,
 ( 4, 4 ),
 ( 0.000000000000000000, 1.000000000000000000 ),
 .UNSPECIFIED. ) ;
#3258 = ORIENTED_EDGE ( 'NONE', *, *, #2385, .F. ) ;
#3259 = CARTESIAN_POINT ( 'NONE',  ( 0.3119999930262566945, 0.6419999789446588778, -8.996116897953610793E-05 ) ) ;
#3260 = PLANE ( 'NONE',  #393 ) ;
#3261 = DATE_TIME_ROLE ( 'classification_date' ) ;
#3262 = VECTOR ( 'NONE', #1362, 1000.000000000000000 ) ;
#3263 = VERTEX_POINT ( 'NONE', #3043 ) ;
#3264 = ORIENTED_EDGE ( 'NONE', *, *, #3487, .F. ) ;
#3265 = EDGE_CURVE ( 'NONE', #1102, #2489, #554, .T. ) ;
#3266 = DIRECTION ( 'NONE',  ( -2.643225957226330048E-15, -1.000000000000000000, 0.000000000000000000 ) ) ;
#3267 = CARTESIAN_POINT ( 'NONE',  ( 0.1998172957334130029, 0.5624817025670972859, 0.08991003883102055561 ) ) ;
#3268 = CARTESIAN_POINT ( 'NONE',  ( -0.9000000000000000222, 0.9000000000000000222, -8.996116897953610793E-05 ) ) ;
#3269 = EDGE_CURVE ( 'NONE', #3769, #1955, #1851, .T. ) ;
#3270 = CARTESIAN_POINT ( 'NONE',  ( -0.06383421516418406882, 0.3403026065826422752, -8.996116897953610793E-05 ) ) ;
#3271 = FACE_OUTER_BOUND ( 'NONE', #3789, .T. ) ;
#3272 = CARTESIAN_POINT ( 'NONE',  ( 0.2368118795746211869, 0.8676599823923182297, 0.08991003883102055561 ) ) ;
#3273 = LINE ( 'NONE', #2691, #144 ) ;
#3274 = VERTEX_POINT ( 'NONE', #974 ) ;
#3275 = DIRECTION ( 'NONE',  ( 1.000000000000000000, 0.000000000000000000, 0.000000000000000000 ) ) ;
#3276 = CARTESIAN_POINT ( 'NONE',  ( -0.4469781007766726599, 0.3458587112426763088, 0.2999100388310207976 ) ) ;
#3277 = ORIENTED_EDGE ( 'NONE', *, *, #2529, .F. ) ;
#3278 = CARTESIAN_POINT ( 'NONE',  ( 0.5370352071266970562, 0.1394288780294939134, -8.996116897953610793E-05 ) ) ;
#3279 = LINE ( 'NONE', #3610, #450 ) ;
#3280 = ORIENTED_EDGE ( 'NONE', *, *, #1890, .T. ) ;
#3281 = B_SPLINE_SURFACE_WITH_KNOTS ( 'NONE', 3, 1, ( 
 ( #2799, #3133 ),
 ( #461, #171 ),
 ( #1055, #2235 ),
 ( #558, #1178 ) ),
 .UNSPECIFIED., .F., .F., .F.,
 ( 4, 4 ),
 ( 2, 2 ),
 ( 0.000000000000000000, 0.9615981752316300479 ),
 ( 0.000000000000000000, 1.000000000000000000 ),
 .UNSPECIFIED. ) ;
#3282 = ORIENTED_EDGE ( 'NONE', *, *, #2146, .F. ) ;
#3283 = DIRECTION ( 'NONE',  ( 0.000000000000000000, 0.000000000000000000, 1.000000000000000000 ) ) ;
#3284 = DIRECTION ( 'NONE',  ( -1.000000000000000000, 3.746537964288020597E-15, 0.000000000000000000 ) ) ;
#3285 = CARTESIAN_POINT ( 'NONE',  ( -0.05846796933648182315, -0.6484382164930023729, 0.2999100388310207976 ) ) ;
#3286 = EDGE_LOOP ( 'NONE', ( #313, #1337, #637, #221 ) ) ;
#3287 = DIRECTION ( 'NONE',  ( 0.000000000000000000, 1.000000000000000000, 0.000000000000000000 ) ) ;
#3288 = EDGE_CURVE ( 'NONE', #2014, #2637, #2792, .T. ) ;
#3289 = CARTESIAN_POINT ( 'NONE',  ( 0.2747885887967319030, 0.8589561601439483773, 0.2999100388310207976 ) ) ;
#3290 = CARTESIAN_POINT ( 'NONE',  ( 0.1658595915664217990, 0.8372859583146964324, 0.08991003883102055561 ) ) ;
#3291 = DIRECTION ( 'NONE',  ( 0.9985557908599629329, 0.05372459902162089046, 0.000000000000000000 ) ) ;
#3292 = ADVANCED_FACE ( 'NONE', ( #1564 ), #3026, .F. ) ;
#3293 = CARTESIAN_POINT ( 'NONE',  ( 0.4729423637121452639, -0.6435881761765653852, -8.996116897953610793E-05 ) ) ;
#3294 = CARTESIAN_POINT ( 'NONE',  ( -0.6000000000000001998, 0.6000000000000001998, -8.996116897953610793E-05 ) ) ;
#3295 = DIRECTION ( 'NONE',  ( 1.000000000000000000, 0.000000000000000000, 0.000000000000000000 ) ) ;
#3296 = ORIENTED_EDGE ( 'NONE', *, *, #91, .T. ) ;
#3297 = PLANE ( 'NONE',  #572 ) ;
#3298 = CARTESIAN_POINT ( 'NONE',  ( 0.4959172286987309497, -0.6433921947479247505, 0.08991003883102055561 ) ) ;
#3299 = EDGE_CURVE ( 'NONE', #2435, #1161, #45, .T. ) ;
#3300 = VERTEX_POINT ( 'NONE', #2463 ) ;
#3301 = CARTESIAN_POINT ( 'NONE',  ( 0.08213555717468315476, 0.3523672771453862929, 0.08991003883102055561 ) ) ;
#3302 = EDGE_CURVE ( 'NONE', #1658, #1416, #2175, .T. ) ;
#3303 = CARTESIAN_POINT ( 'NONE',  ( 0.1620472086296478043, 0.5534978274643446161, 0.08991003883102055561 ) ) ;
#3304 = LINE ( 'NONE', #1504, #1204 ) ;
#3305 = B_SPLINE_CURVE_WITH_KNOTS ( 'NONE', 3,
 ( #3298, #618, #3355, #2127 ),
 .UNSPECIFIED., .F., .F.,
 ( 4, 4 ),
 ( -0.1008594815503759956, 1.387778780781445676E-17 ),
 .UNSPECIFIED. ) ;
#3306 = CARTESIAN_POINT ( 'NONE',  ( -0.5102320714529399170, 0.3315842491641390333, -8.996116897953610793E-05 ) ) ;
#3307 = CARTESIAN_POINT ( 'NONE',  ( 0.1585726502931140147, 0.8071355797937792564, 0.2999100388310207976 ) ) ;
#3308 = CARTESIAN_POINT ( 'NONE',  ( 0.1629665077580474131, 0.8309402802441988589, 0.08991003883102055561 ) ) ;
#3309 = ORIENTED_EDGE ( 'NONE', *, *, #3518, .T. ) ;
#3310 = FACE_OUTER_BOUND ( 'NONE', #1512, .T. ) ;
#3311 = VECTOR ( 'NONE', #3468, 1000.000000000000000 ) ;
#3312 = ORIENTED_EDGE ( 'NONE', *, *, #2700, .F. ) ;
#3313 = EDGE_CURVE ( 'NONE', #524, #3222, #2208, .T. ) ;
#3314 = CARTESIAN_POINT ( 'NONE',  ( 0.4612308769226070027, 0.03939195251464803343, -8.996116897953610793E-05 ) ) ;
#3315 = CARTESIAN_POINT ( 'NONE',  ( -0.1177299079895016004, 0.4161058769226059773, 0.08991003883102055561 ) ) ;
#3316 = EDGE_CURVE ( 'NONE', #1118, #2835, #3086, .T. ) ;
#3317 = VECTOR ( 'NONE', #2037, 1000.000000000000114 ) ;
#3318 = ORIENTED_EDGE ( 'NONE', *, *, #1465, .F. ) ;
#3319 = DIRECTION ( 'NONE',  ( -1.000000000000000000, -3.746537964288020597E-15, 0.000000000000000000 ) ) ;
#3320 = VECTOR ( 'NONE', #1234, 1000.000000000000000 ) ;
#3321 = CARTESIAN_POINT ( 'NONE',  ( 0.5360039557655552622, 0.1180089248815771041, 0.08991003883102055561 ) ) ;
#3322 = ORIENTED_EDGE ( 'NONE', *, *, #2181, .F. ) ;
#3323 = PLANE ( 'NONE',  #1249 ) ;
#3324 = CARTESIAN_POINT ( 'NONE',  ( 0.1598295676119735331, 0.5488526873271032391, 0.08991003883102055561 ) ) ;
#3325 = CARTESIAN_POINT ( 'NONE',  ( 0.1577960784274390071, 0.8036150752530836217, -8.996116897953610793E-05 ) ) ;
#3326 = VECTOR ( 'NONE', #2909, 1000.000000000000000 ) ;
#3327 = CARTESIAN_POINT ( 'NONE',  ( 0.5404474563598645753, 0.3389531249999996887, 0.2999100388310207976 ) ) ;
#3328 = CARTESIAN_POINT ( 'NONE',  ( 0.1669346434352147468, 0.8395733904326946329, -8.996116897953610793E-05 ) ) ;
#3329 = CARTESIAN_POINT ( 'NONE',  ( 0.1608599646639971847, 0.8233459882219259507, 0.08991003883102055561 ) ) ;
#3330 = CARTESIAN_POINT ( 'NONE',  ( -0.5235750484466552557, 0.3167279796600332431, -8.996116897953610793E-05 ) ) ;
#3331 = ORIENTED_EDGE ( 'NONE', *, *, #911, .F. ) ;
#3332 = CARTESIAN_POINT ( 'NONE',  ( -0.5973930959701525545, 0.1155127906799310461, 0.08991003883102055561 ) ) ;
#3333 = CARTESIAN_POINT ( 'NONE',  ( 0.007627690514869830268, 0.7002637804798946819, 0.2999100388310207976 ) ) ;
#3334 = ORIENTED_EDGE ( 'NONE', *, *, #1180, .T. ) ;
#3335 = ADVANCED_FACE ( 'NONE', ( #3310 ), #3250, .T. ) ;
#3336 = CARTESIAN_POINT ( 'NONE',  ( 0.5360039557655552622, 0.1180089248815771041, 0.2999100388310207976 ) ) ;
#3337 = B_SPLINE_SURFACE_WITH_KNOTS ( 'NONE', 3, 1, ( 
 ( #1394, #2575 ),
 ( #3791, #3437 ),
 ( #3136, #2033 ),
 ( #3552, #846 ) ),
 .UNSPECIFIED., .F., .F., .F.,
 ( 4, 4 ),
 ( 2, 2 ),
 ( 0.000000000000000000, 1.000000000000000000 ),
 ( 0.000000000000000000, 1.000000000000000000 ),
 .UNSPECIFIED. ) ;
#3338 = CARTESIAN_POINT ( 'NONE',  ( 0.08086528587341365593, -0.6437892150878912201, -8.996116897953610793E-05 ) ) ;
#3339 = ORIENTED_EDGE ( 'NONE', *, *, #2499, .F. ) ;
#3340 = CARTESIAN_POINT ( 'NONE',  ( -0.6422406492233276865, -0.1893673400878911339, 0.08991003883102055561 ) ) ;
#3341 = CARTESIAN_POINT ( 'NONE',  ( 0.5391771850585952430, -0.5811617393493651029, -8.996116897953610793E-05 ) ) ;
#3342 = CARTESIAN_POINT ( 'NONE',  ( 0.1596342071909727101, 0.8148831842151935678, -8.996116897953610793E-05 ) ) ;
#3343 = CARTESIAN_POINT ( 'NONE',  ( -0.4260907967839137056, 0.3950897330463479795, 0.08991003883102055561 ) ) ;
#3344 = CARTESIAN_POINT ( 'NONE',  ( 0.1640168497423236671, 0.8340455242943242142, -8.996116897953610793E-05 ) ) ;
#3345 = CARTESIAN_POINT ( 'NONE',  ( 0.1751492512150785164, 0.8490424663334933397, 0.08991003883102055561 ) ) ;
#3346 = DIRECTION ( 'NONE',  ( 0.000000000000000000, 0.000000000000000000, 1.000000000000000000 ) ) ;
#3347 = EDGE_CURVE ( 'NONE', #3213, #1019, #2827, .T. ) ;
#3348 = ORIENTED_EDGE ( 'NONE', *, *, #283, .F. ) ;
#3349 = DIRECTION ( 'NONE',  ( 0.000000000000000000, 0.000000000000000000, 1.000000000000000000 ) ) ;
#3350 = CARTESIAN_POINT ( 'NONE',  ( 0.01098504021316750075, 0.7040957556258025107, 0.2999100388310207976 ) ) ;
#3351 = B_SPLINE_CURVE_WITH_KNOTS ( 'NONE', 3,
 ( #3315, #632, #1548, #2158 ),
 .UNSPECIFIED., .F., .F.,
 ( 4, 4 ),
 ( -0.3675510546696439951, 0.000000000000000000 ),
 .UNSPECIFIED. ) ;
#3352 = ORIENTED_EDGE ( 'NONE', *, *, #2787, .T. ) ;
#3353 = CARTESIAN_POINT ( 'NONE',  ( 0.6083924369812019339, 0.3357781734466556700, -8.996116897953610793E-05 ) ) ;
#3354 = LINE ( 'NONE', #1574, #3048 ) ;
#3355 = CARTESIAN_POINT ( 'NONE',  ( 0.4729423637121452639, -0.6435881761765653852, 0.08991003883102055561 ) ) ;
#3356 = ORIENTED_EDGE ( 'NONE', *, *, #975, .T. ) ;
#3357 = ORIENTED_EDGE ( 'NONE', *, *, #2147, .T. ) ;
#3358 = DIRECTION ( 'NONE',  ( 0.000000000000000000, 1.000000000000000000, 0.000000000000000000 ) ) ;
#3359 = CARTESIAN_POINT ( 'NONE',  ( 0.07935762596130387092, 0.3450646705627439803, -8.996116897953610793E-05 ) ) ;
#3360 = CARTESIAN_POINT ( 'NONE',  ( -0.4469781007766726599, 0.3458587112426763088, 0.08991003883102055561 ) ) ;
#3361 = ADVANCED_FACE ( 'NONE', ( #2726 ), #2643, .T. ) ;
#3362 = CARTESIAN_POINT ( 'NONE',  ( 0.5363992538452142522, 0.3566538372039776972, 0.2999100388310207976 ) ) ;
#3363 = CARTESIAN_POINT ( 'NONE',  ( -0.1177299079895016004, 0.4161058769226059773, -8.996116897953610793E-05 ) ) ;
#3364 = CARTESIAN_POINT ( 'NONE',  ( 0.2940358947717924276, 0.8424295127960975682, 0.08991003883102055561 ) ) ;
#3365 = CARTESIAN_POINT ( 'NONE',  ( -0.06891530036926230007, -0.7161791763305672687, -8.996116897953610793E-05 ) ) ;
#3366 = B_SPLINE_SURFACE_WITH_KNOTS ( 'NONE', 2, 1, ( 
 ( #2664, #2345 ),
 ( #3558, #3877 ),
 ( #3224, #2603 ) ),
 .UNSPECIFIED., .F., .F., .F.,
 ( 3, 3 ),
 ( 2, 2 ),
 ( 0.000000000000000000, 0.5377841298580861018 ),
 ( 0.000000000000000000, 1.000000000000000000 ),
 .UNSPECIFIED. ) ;
#3367 = LINE ( 'NONE', #3780, #997 ) ;
#3368 = CARTESIAN_POINT ( 'NONE',  ( 0.5407557513795062665, -0.5672711143493657238, -8.996116897953610793E-05 ) ) ;
#3369 = FACE_OUTER_BOUND ( 'NONE', #739, .T. ) ;
#3370 = AXIS2_PLACEMENT_3D ( 'NONE', #1467, #963, #3074 ) ;
#3371 = EDGE_CURVE ( 'NONE', #1701, #1103, #366, .T. ) ;
#3372 = ORIENTED_EDGE ( 'NONE', *, *, #400, .F. ) ;
#3373 = CARTESIAN_POINT ( 'NONE',  ( -0.5191299467086796238, -0.4189197044372562351, -8.996116897953610793E-05 ) ) ;
#3374 = CARTESIAN_POINT ( 'NONE',  ( -0.06736372140300506128, -0.6607805458846562896, 0.2999100388310207976 ) ) ;
#3375 = B_SPLINE_CURVE_WITH_KNOTS ( 'NONE', 3,
 ( #771, #244, #3187, #2631, #203, #856, #2957 ),
 .UNSPECIFIED., .F., .F.,
 ( 4, 3, 4 ),
 ( 0.000000000000000000, 1.348175047881292941E-08, 7.017089407893026965E-07 ),
 .UNSPECIFIED. ) ;
#3376 = CARTESIAN_POINT ( 'NONE',  ( -0.5973930959701525545, 0.1155813013618050278, -8.996116897953610793E-05 ) ) ;
#3377 = CLOSED_SHELL ( 'NONE', ( #2680, #1946, #3229, #3292, #2089, #725, #2752, #2692, #174, #763, #1565, #3127, #2387, #295, #1675, #3541, #1822, #2898, #2592, #672, #2239, #2834, #1385, #3080, #753, #1588, #817, #1912, #765, #3384, #1450, #563, #1959, #854, #2183, #30, #819, #1521, #3642, #444, #3052, #263, #2523, #961, #2363, #5, #3702, #2212, #3665, #580, #894, #1755, #565, #131, #1651, #3065, #786, #1335, #2126, #3551, #2721, #2249, #1165, #1417, #1313, #3820, #1346, #1323, #2468, #326, #312, #1172, #2996, #3172, #1633, #3577, #1788, #1909, #2712, #1585, #112, #2032, #3361, #209, #1785, #3335, #2573, #3465, #1775, #2021, #1603, #441, #1473, #2098, #1217 ) ) ;
#3378 = VERTEX_POINT ( 'NONE', #730 ) ;
#3379 = VERTEX_POINT ( 'NONE', #1344 ) ;
#3380 = PLANE ( 'NONE',  #870 ) ;
#3381 = CARTESIAN_POINT ( 'NONE',  ( 0.9000000000000000222, 0.9000000000000000222, -8.996116897953610793E-05 ) ) ;
#3382 = CARTESIAN_POINT ( 'NONE',  ( -0.4260907967839137056, 0.3950897330463479795, 0.08991003883102055561 ) ) ;
#3383 = FACE_OUTER_BOUND ( 'NONE', #2026, .T. ) ;
#3384 = ADVANCED_FACE ( 'NONE', ( #2518 ), #2049, .T. ) ;
#3385 = CARTESIAN_POINT ( 'NONE',  ( 0.01038758283796247829, 0.7034403138957899815, 0.08991003883102055561 ) ) ;
#3386 = CARTESIAN_POINT ( 'NONE',  ( 0.3110284122165387077, 0.7989235953709166171, 0.08991003883102055561 ) ) ;
#3387 = PLANE ( 'NONE',  #1449 ) ;
#3388 = LINE ( 'NONE', #1311, #1051 ) ;
#3389 = CARTESIAN_POINT ( 'NONE',  ( -0.3641903972625716301, -0.7161791763305672687, 0.2999100388310207976 ) ) ;
#3390 = AXIS2_PLACEMENT_3D ( 'NONE', #2188, #1901, #3097 ) ;
#3391 = CARTESIAN_POINT ( 'NONE',  ( 0.5404474563598645753, 0.3389531249999996887, 0.08991003883102055561 ) ) ;
#3392 = ORIENTED_EDGE ( 'NONE', *, *, #2022, .F. ) ;
#3393 = LINE ( 'NONE', #111, #1243 ) ;
#3394 = B_SPLINE_CURVE_WITH_KNOTS ( 'NONE', 3,
 ( #2397, #1242, #924, #651, #1786, #35, #888 ),
 .UNSPECIFIED., .F., .F.,
 ( 4, 3, 4 ),
 ( 0.000000000000000000, 1.348169037268341257E-08, 7.017058123373598853E-07 ),
 .UNSPECIFIED. ) ;
#3395 = CARTESIAN_POINT ( 'NONE',  ( -0.6203330717086799062, -0.1909546947479253409, -8.996116897953610793E-05 ) ) ;
#3396 = B_SPLINE_CURVE_WITH_KNOTS ( 'NONE', 3,
 ( #157, #985, #2219, #2513 ),
 .UNSPECIFIED., .F., .F.,
 ( 4, 4 ),
 ( 0.000000000000000000, 1.000000000000000000 ),
 .UNSPECIFIED. ) ;
#3397 = B_SPLINE_CURVE_WITH_KNOTS ( 'NONE', 3,
 ( #2198, #184, #1367, #716, #1908, #1894 ),
 .UNSPECIFIED., .F., .F.,
 ( 4, 2, 4 ),
 ( -0.005666278526968130010, -0.002837744994781580578, 8.673617379884035472E-19 ),
 .UNSPECIFIED. ) ;
#3398 = ORIENTED_EDGE ( 'NONE', *, *, #938, .F. ) ;
#3399 = PLANE ( 'NONE',  #2359 ) ;
#3400 = CARTESIAN_POINT ( 'NONE',  ( 0.2623173885345463363, 0.4150739631652829997, -8.996116897953610793E-05 ) ) ;
#3401 = CARTESIAN_POINT ( 'NONE',  ( -0.6702600145339951965, -0.1873035125732429862, 0.2999100388310207976 ) ) ;
#3402 = VERTEX_POINT ( 'NONE', #1923 ) ;
#3403 = CARTESIAN_POINT ( 'NONE',  ( 0.6083924369812019339, 0.3357781734466556700, -8.996116897953610793E-05 ) ) ;
#3404 = CARTESIAN_POINT ( 'NONE',  ( 0.2465977648829550672, 0.8669479957526932123, 0.08991003883102055561 ) ) ;
#3405 = LINE ( 'NONE', #713, #3262 ) ;
#3406 = EDGE_CURVE ( 'NONE', #2124, #710, #1670, .T. ) ;
#3407 = CARTESIAN_POINT ( 'NONE',  ( -0.06827992248535108555, -0.6663312015533459087, 0.2999100388310207976 ) ) ;
#3408 = CARTESIAN_POINT ( 'NONE',  ( 0.1011094639679822327, 0.3978540235190942687, -8.996116897953610793E-05 ) ) ;
#3409 = CARTESIAN_POINT ( 'NONE',  ( 0.4589333004485069423, -0.7170524272918709086, 0.2999100388310207976 ) ) ;
#3410 = ORIENTED_EDGE ( 'NONE', *, *, #515, .F. ) ;
#3411 = DIRECTION ( 'NONE',  ( 1.000000000000000000, 0.000000000000000000, 0.000000000000000000 ) ) ;
#3412 = CARTESIAN_POINT ( 'NONE',  ( -0.5106546253178881889, 0.3312033351927506364, -8.996116897953610793E-05 ) ) ;
#3413 = EDGE_LOOP ( 'NONE', ( #3449, #3719, #3677, #1331 ) ) ;
#3414 = CARTESIAN_POINT ( 'NONE',  ( -0.007955358505248725717, -0.6429954166412371608, -8.996116897953610793E-05 ) ) ;
#3415 = CARTESIAN_POINT ( 'NONE',  ( -0.5973930959701525545, 0.1155127906799310461, -8.996116897953610793E-05 ) ) ;
#3416 = DIRECTION ( 'NONE',  ( 0.000000000000000000, 0.000000000000000000, 1.000000000000000000 ) ) ;
#3417 = EDGE_CURVE ( 'NONE', #3436, #1516, #1692, .T. ) ;
#3418 = ORIENTED_EDGE ( 'NONE', *, *, #1981, .F. ) ;
#3419 = EDGE_CURVE ( 'NONE', #2905, #2343, #2209, .T. ) ;
#3420 = CARTESIAN_POINT ( 'NONE',  ( 0.01915586053921213353, 0.7101365301094408888, 0.08991003883102055561 ) ) ;
#3421 = CARTESIAN_POINT ( 'NONE',  ( 0.5452100048065202653, 0.4076919040679936601, 0.08991003883102055561 ) ) ;
#3422 = B_SPLINE_CURVE_WITH_KNOTS ( 'NONE', 3,
 ( #547, #2367, #238, #3517 ),
 .UNSPECIFIED., .F., .F.,
 ( 4, 4 ),
 ( -0.1198641363151979888, 0.000000000000000000 ),
 .UNSPECIFIED. ) ;
#3423 = DIRECTION ( 'NONE',  ( 0.000000000000000000, 0.000000000000000000, 1.000000000000000000 ) ) ;
#3424 = B_SPLINE_CURVE_WITH_KNOTS ( 'NONE', 1,
 ( #1853, #47 ),
 .UNSPECIFIED., .F., .F.,
 ( 2, 2 ),
 ( 0.000000000000000000, 1.000000000000000000 ),
 .UNSPECIFIED. ) ;
#3425 = FACE_OUTER_BOUND ( 'NONE', #2365, .T. ) ;
#3426 = CARTESIAN_POINT ( 'NONE',  ( 0.5630693798065202760, 0.3379212112426739356, 0.08991003883102055561 ) ) ;
#3427 = EDGE_CURVE ( 'NONE', #1988, #190, #3155, .T. ) ;
#3428 = VECTOR ( 'NONE', #2317, 1000.000000000000000 ) ;
#3429 = VERTEX_POINT ( 'NONE', #2192 ) ;
#3430 = B_SPLINE_CURVE_WITH_KNOTS ( 'NONE', 3,
 ( #707, #741, #1899, #1059 ),
 .UNSPECIFIED., .F., .F.,
 ( 4, 4 ),
 ( 0.000000000000000000, 0.9990274881974379184 ),
 .UNSPECIFIED. ) ;
#3431 = CARTESIAN_POINT ( 'NONE',  ( 0.5390979747772228770, 0.1848862209320067396, -8.996116897953610793E-05 ) ) ;
#3432 = EDGE_CURVE ( 'NONE', #3379, #287, #181, .T. ) ;
#3433 = CARTESIAN_POINT ( 'NONE',  ( -0.5191299467086796238, -0.4189197044372562351, 0.08991003883102055561 ) ) ;
#3434 = VECTOR ( 'NONE', #981, 1000.000000000000000 ) ;
#3435 = EDGE_LOOP ( 'NONE', ( #3357, #1491, #858, #1555 ) ) ;
#3436 = VERTEX_POINT ( 'NONE', #1046 ) ;
#3437 = CARTESIAN_POINT ( 'NONE',  ( 0.5172698497772222348, -0.1857156734466558212, 0.2999100388310207976 ) ) ;
#3438 = VECTOR ( 'NONE', #347, 1000.000000000000000 ) ;
#3439 = CARTESIAN_POINT ( 'NONE',  ( 0.1511923885345461127, 0.4152326259613022263, -8.996116897953610793E-05 ) ) ;
#3440 = VECTOR ( 'NONE', #1119, 1000.000000000000000 ) ;
#3441 = ORIENTED_EDGE ( 'NONE', *, *, #2943, .F. ) ;
#3442 = CARTESIAN_POINT ( 'NONE',  ( 0.02753325639954728662, 0.7140925369966534264, 0.08991003883102055561 ) ) ;
#3443 = CARTESIAN_POINT ( 'NONE',  ( 0.5244930038452140231, 0.4163437500000002900, 0.08991003883102055561 ) ) ;
#3444 = DIRECTION ( 'NONE',  ( 0.000000000000000000, 0.000000000000000000, 1.000000000000000000 ) ) ;
#3445 = LINE ( 'NONE', #2197, #995 ) ;
#3446 = CARTESIAN_POINT ( 'NONE',  ( -0.5230875588465508930, 0.2657633093956350279, 0.08991003883102055561 ) ) ;
#3447 = CARTESIAN_POINT ( 'NONE',  ( -0.5102320714529399170, 0.3315842491641390333, -8.996116897953610793E-05 ) ) ;
#3448 = VECTOR ( 'NONE', #2708, 1000.000000000000000 ) ;
#3449 = ORIENTED_EDGE ( 'NONE', *, *, #2943, .T. ) ;
#3450 = EDGE_LOOP ( 'NONE', ( #109, #3176, #869, #1549 ) ) ;
#3451 = CARTESIAN_POINT ( 'NONE',  ( 0.6850684738159199538, -0.2654874515533449664, -8.996116897953610793E-05 ) ) ;
#3452 = CARTESIAN_POINT ( 'NONE',  ( 0.1011094639679822327, 0.3978540235190942687, 0.2999100388310207976 ) ) ;
#3453 = B_SPLINE_CURVE_WITH_KNOTS ( 'NONE', 3,
 ( #3062, #972, #2706, #397, #1289, #3385, #3620, #643, #933, #2115, #200, #2842, #179, #1600, #467, #3420, #2808, #3084, #3760, #2244, #123, #3442, #1086, #3142, #2538, #1921, #145, #2500, #3160, #1904, #1382 ),
 .UNSPECIFIED., .F., .F.,
 ( 4, 3, 3, 3, 3, 3, 3, 3, 3, 3, 4 ),
 ( -0.3122483673041000496, -0.2816552000207869777, -0.2484546689825199994, -0.2013401688644199661, -0.1738219018164510188, -0.1476404394167669942, -0.1171080548806290034, -0.06648415192256629247, -0.03324207596128309072, -0.002678353209343342645, 0.000000000000000000 ),
 .UNSPECIFIED. ) ;
#3454 = EDGE_CURVE ( 'NONE', #3108, #2694, #3405, .T. ) ;
#3455 = ORIENTED_EDGE ( 'NONE', *, *, #642, .F. ) ;
#3456 = CARTESIAN_POINT ( 'NONE',  ( 0.2290407119287080906, 0.5707694746112157436, -8.996116897953610793E-05 ) ) ;
#3457 = DIRECTION ( 'NONE',  ( 0.000000000000000000, 0.000000000000000000, 1.000000000000000000 ) ) ;
#3458 = CARTESIAN_POINT ( 'NONE',  ( -0.4432444299419516787, 0.3778509758976962285, -8.996116897953610793E-05 ) ) ;
#3459 = ORIENTED_EDGE ( 'NONE', *, *, #489, .F. ) ;
#3460 = CARTESIAN_POINT ( 'NONE',  ( -0.6496625355389639145, 0.09296830794646204765, -8.996116897953610793E-05 ) ) ;
#3461 = CARTESIAN_POINT ( 'NONE',  ( 0.007294551161412599245, 0.6998201769746401624, 0.08991003883102055561 ) ) ;
#3462 = CARTESIAN_POINT ( 'NONE',  ( 0.4612308769226070027, 0.03939195251464803343, 0.2999100388310207976 ) ) ;
#3463 = CARTESIAN_POINT ( 'NONE',  ( 0.1588193696199547700, 0.8088282583070218745, 0.08991003883102055561 ) ) ;
#3464 = CARTESIAN_POINT ( 'NONE',  ( 0.2413217429752273213, 0.6076914855899967494, 0.2999100388310207976 ) ) ;
#3465 = ADVANCED_FACE ( 'NONE', ( #164 ), #1906, .T. ) ;
#3466 = ORIENTED_EDGE ( 'NONE', *, *, #2537, .F. ) ;
#3467 = CARTESIAN_POINT ( 'NONE',  ( 0.6083924369812019339, 0.1886963081359859795, -8.996116897953610793E-05 ) ) ;
#3468 = DIRECTION ( 'NONE',  ( 0.000000000000000000, 0.000000000000000000, 1.000000000000000000 ) ) ;
#3469 = B_SPLINE_CURVE_WITH_KNOTS ( 'NONE', 3,
 ( #704, #1625, #3770, #2234 ),
 .UNSPECIFIED., .F., .F.,
 ( 4, 4 ),
 ( -0.009597348839599810152, 0.000000000000000000 ),
 .UNSPECIFIED. ) ;
#3470 = ORIENTED_EDGE ( 'NONE', *, *, #3834, .F. ) ;
#3471 = ORIENTED_EDGE ( 'NONE', *, *, #800, .T. ) ;
#3472 = CARTESIAN_POINT ( 'NONE',  ( 0.1780704218311250364, 0.5641205500455839239, -8.996116897953610793E-05 ) ) ;
#3473 = CARTESIAN_POINT ( 'NONE',  ( -0.4699174709320082521, -0.5687000484466563366, -8.996116897953610793E-05 ) ) ;
#3474 = CARTESIAN_POINT ( 'NONE',  ( 0.3019257700652969723, 0.8298240857335583698, -8.996116897953610793E-05 ) ) ;
#3475 = EDGE_LOOP ( 'NONE', ( #1302, #2439, #2574, #735 ) ) ;
#3476 = EDGE_LOOP ( 'NONE', ( #2930, #3167, #365, #2776 ) ) ;
#3477 = CARTESIAN_POINT ( 'NONE',  ( -0.4469781007766726599, 0.3458587112426763088, -8.996116897953610793E-05 ) ) ;
#3478 = CARTESIAN_POINT ( 'NONE',  ( 0.2422016461439391588, 0.5899961598741718660, 0.08991003883102055561 ) ) ;
#3479 = CARTESIAN_POINT ( 'NONE',  ( -0.4989217755492692530, 0.3417122675146743171, -8.996116897953610793E-05 ) ) ;
#3480 = EDGE_CURVE ( 'NONE', #1463, #886, #2565, .T. ) ;
#3481 = CARTESIAN_POINT ( 'NONE',  ( 0.6083924369812019339, 0.1887710887000738635, -8.996116897953610793E-05 ) ) ;
#3482 = DIRECTION ( 'NONE',  ( -1.000000000000000000, 0.000000000000000000, 0.000000000000000000 ) ) ;
#3483 = CARTESIAN_POINT ( 'NONE',  ( 0.1597286267021357786, 0.5486110182262259327, 0.2999100388310207976 ) ) ;
#3484 = ORIENTED_EDGE ( 'NONE', *, *, #2511, .T. ) ;
#3485 = CARTESIAN_POINT ( 'NONE',  ( 0.3735218410491960017, 0.4132482509613032984, -8.996116897953610793E-05 ) ) ;
#3486 = CARTESIAN_POINT ( 'NONE',  ( 0.5406853294372562235, -0.5672711143493657238, -8.996116897953610793E-05 ) ) ;
#3487 = EDGE_CURVE ( 'NONE', #2998, #492, #3123, .T. ) ;
#3488 = ORIENTED_EDGE ( 'NONE', *, *, #3432, .T. ) ;
#3489 = ORIENTED_EDGE ( 'NONE', *, *, #3529, .T. ) ;
#3490 = CARTESIAN_POINT ( 'NONE',  ( -0.05216729164123499324, -0.6447416763305673371, 0.2999100388310207976 ) ) ;
#3491 = DIRECTION ( 'NONE',  ( 0.000000000000000000, 0.000000000000000000, 1.000000000000000000 ) ) ;
#3492 = COORDINATED_UNIVERSAL_TIME_OFFSET ( 8, 0, .AHEAD. ) ;
#3493 = ADVANCED_BREP_SHAPE_REPRESENTATION ( '006446', ( #3549, #3390 ), #80 ) ;
#3494 = VERTEX_POINT ( 'NONE', #1619 ) ;
#3495 = LINE ( 'NONE', #808, #193 ) ;
#3496 = CARTESIAN_POINT ( 'NONE',  ( 0.2240465790563226089, 0.5680996004362112162, 0.08991003883102055561 ) ) ;
#3497 = LINE ( 'NONE', #2265, #189 ) ;
#3498 = DIRECTION ( 'NONE',  ( 0.7076492487508296847, -0.7065638971405108215, 0.000000000000000000 ) ) ;
#3499 = AXIS2_PLACEMENT_3D ( 'NONE', #3020, #2717, #1006 ) ;
#3500 = EDGE_CURVE ( 'NONE', #1420, #599, #726, .T. ) ;
#3501 = CARTESIAN_POINT ( 'NONE',  ( 0.4845673885345469500, 0.4155501937866210027, -8.996116897953610793E-05 ) ) ;
#3502 = CARTESIAN_POINT ( 'NONE',  ( 0.1563951806337468553, 0.7990811253205144515, 0.08991003883102055561 ) ) ;
#3503 = ORIENTED_EDGE ( 'NONE', *, *, #110, .F. ) ;
#3504 = DIRECTION ( 'NONE',  ( 0.9916865446282978613, 0.1286771044249409579, 0.000000000000000000 ) ) ;
#3505 = ORIENTED_EDGE ( 'NONE', *, *, #2636, .T. ) ;
#3506 = DIRECTION ( 'NONE',  ( 0.000000000000000000, 1.000000000000000000, 0.000000000000000000 ) ) ;
#3507 = CARTESIAN_POINT ( 'NONE',  ( -0.3766523303985596649, -0.6495042247772221389, -8.996116897953610793E-05 ) ) ;
#3508 = AXIS2_PLACEMENT_3D ( 'NONE', #2805, #2204, #411 ) ;
#3509 = VERTEX_POINT ( 'NONE', #3763 ) ;
#3510 = B_SPLINE_CURVE_WITH_KNOTS ( 'NONE', 3,
 ( #2326, #367, #3340, #1863 ),
 .UNSPECIFIED., .F., .F.,
 ( 4, 4 ),
 ( -0.2531447583253310096, 0.000000000000000000 ),
 .UNSPECIFIED. ) ;
#3511 = ORIENTED_EDGE ( 'NONE', *, *, #1506, .F. ) ;
#3512 = CARTESIAN_POINT ( 'NONE',  ( 0.5376692829132089235, 0.3638769912719729271, 0.2999100388310207976 ) ) ;
#3513 = CARTESIAN_POINT ( 'NONE',  ( 0.07745318794250549699, 0.3403026065826422752, -8.996116897953610793E-05 ) ) ;
#3514 = DATE_AND_TIME ( #2277, #3200 ) ;
#3515 = ORIENTED_EDGE ( 'NONE', *, *, #3163, .T. ) ;
#3516 = EDGE_LOOP ( 'NONE', ( #346, #3072, #1934, #3334 ) ) ;
#3517 = CARTESIAN_POINT ( 'NONE',  ( 0.4607544040679942277, -0.6803012790679923150, 0.08991003883102055561 ) ) ;
#3518 = EDGE_CURVE ( 'NONE', #2498, #1058, #1029, .T. ) ;
#3519 = CARTESIAN_POINT ( 'NONE',  ( 0.2075608318939120844, 0.5629951875377492421, 0.08991003883102055561 ) ) ;
#3520 = DIRECTION ( 'NONE',  ( 1.000000000000000000, 3.746537964288020597E-15, 0.000000000000000000 ) ) ;
#3521 = CARTESIAN_POINT ( 'NONE',  ( -0.4454699563980089594, -0.6387088565826423148, -8.996116897953610793E-05 ) ) ;
#3522 = CARTESIAN_POINT ( 'NONE',  ( 0.1906601611424083298, 0.8594650466827522539, 0.2999100388310207976 ) ) ;
#3523 = CARTESIAN_POINT ( 'NONE',  ( 0.1545126830469545354, 0.7944989248675564664, 0.08991003883102055561 ) ) ;
#3524 = CARTESIAN_POINT ( 'NONE',  ( -0.4454699563980089594, -0.5698114147186288392, -8.996116897953610793E-05 ) ) ;
#3525 = EDGE_CURVE ( 'NONE', #1658, #305, #1638, .T. ) ;
#3526 = EDGE_LOOP ( 'NONE', ( #520, #3282, #1176, #1628 ) ) ;
#3527 = LINE ( 'NONE', #1410, #2220 ) ;
#3528 = CARTESIAN_POINT ( 'NONE',  ( 0.5360039557655552622, 0.1180089248815771041, -8.996116897953610793E-05 ) ) ;
#3529 = EDGE_CURVE ( 'NONE', #2697, #1049, #770, .T. ) ;
#3530 = B_SPLINE_SURFACE_WITH_KNOTS ( 'NONE', 3, 1, ( 
 ( #2853, #1913 ),
 ( #3412, #2553 ),
 ( #1352, #2571 ),
 ( #210, #188 ) ),
 .UNSPECIFIED., .F., .F., .F.,
 ( 4, 4 ),
 ( 2, 2 ),
 ( -0.03616338171347889541, 0.000000000000000000 ),
 ( 0.000000000000000000, 1.000000000000000000 ),
 .UNSPECIFIED. ) ;
#3531 = B_SPLINE_CURVE_WITH_KNOTS ( 'NONE', 3,
 ( #3301, #2702, #3057, #968 ),
 .UNSPECIFIED., .F., .F.,
 ( 4, 4 ),
 ( -0.1675190476423119856, 0.000000000000000000 ),
 .UNSPECIFIED. ) ;
#3532 = VERTEX_POINT ( 'NONE', #1942 ) ;
#3533 = CARTESIAN_POINT ( 'NONE',  ( 0.08277020835876484905, -0.6725231685638431989, 0.2999100388310207976 ) ) ;
#3534 = CARTESIAN_POINT ( 'NONE',  ( -0.4454699563980089594, -0.5698114147186288392, -8.996116897953610793E-05 ) ) ;
#3535 = ORIENTED_EDGE ( 'NONE', *, *, #160, .T. ) ;
#3536 = PLANE ( 'NONE',  #1676 ) ;
#3537 = CARTESIAN_POINT ( 'NONE',  ( 0.2053111488438603416, 0.5627289332513906173, 0.08991003883102055561 ) ) ;
#3538 = CARTESIAN_POINT ( 'NONE',  ( 0.1588052996303367381, 0.4918381944820532925, -8.996116897953610793E-05 ) ) ;
#3539 = ORIENTED_EDGE ( 'NONE', *, *, #3847, .T. ) ;
#3540 = LINE ( 'NONE', #3583, #2121 ) ;
#3541 = ADVANCED_FACE ( 'NONE', ( #1729 ), #2015, .T. ) ;
#3542 = CARTESIAN_POINT ( 'NONE',  ( -0.4514349780788552424, 0.3403008330909542689, -8.996116897953610793E-05 ) ) ;
#3543 = FACE_OUTER_BOUND ( 'NONE', #940, .T. ) ;
#3544 = CARTESIAN_POINT ( 'NONE',  ( 0.5373514728546147090, -0.6012436046600340145, -8.996116897953610793E-05 ) ) ;
#3545 = ORIENTED_EDGE ( 'NONE', *, *, #122, .T. ) ;
#3546 = CARTESIAN_POINT ( 'NONE',  ( -0.06827992248535108555, -0.6663312015533459087, 0.08991003883102055561 ) ) ;
#3547 = CARTESIAN_POINT ( 'NONE',  ( -0.3766523303985596649, -0.6495042247772221389, 0.08991003883102055561 ) ) ;
#3548 = EDGE_CURVE ( 'NONE', #1136, #1010, #3682, .T. ) ;
#3549 = MANIFOLD_SOLID_BREP ( 'NONE', #3377 ) ;
#3550 = ORIENTED_EDGE ( 'NONE', *, *, #376, .T. ) ;
#3551 = ADVANCED_FACE ( 'NONE', ( #316 ), #1448, .T. ) ;
#3552 = CARTESIAN_POINT ( 'NONE',  ( 0.4612308769226070027, -0.1864300193786624371, -8.996116897953610793E-05 ) ) ;
#3553 = CARTESIAN_POINT ( 'NONE',  ( 0.5970949159513976312, 0.1881701477375367637, 0.08991003883102055561 ) ) ;
#3554 = APPROVAL_ROLE ( '' ) ;
#3555 = EDGE_LOOP ( 'NONE', ( #3829, #237, #2836, #1862 ) ) ;
#3556 = VERTEX_POINT ( 'NONE', #813 ) ;
#3557 = VERTEX_POINT ( 'NONE', #607 ) ;
#3558 = CARTESIAN_POINT ( 'NONE',  ( -0.4060510571310839145, 0.4151534156799299713, -8.996116897953610793E-05 ) ) ;
#3559 = AXIS2_PLACEMENT_3D ( 'NONE', #1206, #2698, #2415 ) ;
#3560 = UNCERTAINTY_MEASURE_WITH_UNIT (LENGTH_MEASURE( 1.000000000000000082E-05 ), #2497, 'distance_accuracy_value', 'NONE');
#3561 = CARTESIAN_POINT ( 'NONE',  ( 0.2319663351208445801, 0.5733975716802153233, 0.08991003883102055561 ) ) ;
#3562 = CARTESIAN_POINT ( 'NONE',  ( -0.4509526027252049318, 0.3408107475340530490, -8.996116897953610793E-05 ) ) ;
#3563 = DIRECTION ( 'NONE',  ( 8.847903528206049659E-16, -1.000000000000000000, 0.000000000000000000 ) ) ;
#3564 = VECTOR ( 'NONE', #705, 1000.000000000000000 ) ;
#3565 = B_SPLINE_CURVE_WITH_KNOTS ( 'NONE', 3,
 ( #2120, #2431, #1818, #1513 ),
 .UNSPECIFIED., .F., .F.,
 ( 4, 4 ),
 ( 0.3769502199250599483, 1.000000000000000000 ),
 .UNSPECIFIED. ) ;
#3566 = CARTESIAN_POINT ( 'NONE',  ( 0.2587110692354913088, 0.8649760826135932668, -8.996116897953610793E-05 ) ) ;
#3567 = CARTESIAN_POINT ( 'NONE',  ( 0.1642252097007003420, 0.8340271818692255312, 0.08991003883102055561 ) ) ;
#3568 = B_SPLINE_SURFACE_WITH_KNOTS ( 'NONE', 3, 1, ( 
 ( #823, #2677 ),
 ( #2896, #596 ),
 ( #2961, #2356 ),
 ( #844, #3256 ) ),
 .UNSPECIFIED., .F., .F., .F.,
 ( 4, 4 ),
 ( 2, 2 ),
 ( 0.000000000000000000, 1.000000000000000000 ),
 ( 0.000000000000000000, 1.000000000000000000 ),
 .UNSPECIFIED. ) ;
#3569 = CARTESIAN_POINT ( 'NONE',  ( -0.4454699563980089594, -0.5698114147186288392, -8.996116897953610793E-05 ) ) ;
#3570 = CARTESIAN_POINT ( 'NONE',  ( 0.4729423637121452639, -0.6435881761765653852, 0.2999100388310207976 ) ) ;
#3571 = CARTESIAN_POINT ( 'NONE',  ( -0.05846796933645627414, -0.6484382164929689552, 0.08991003883102055561 ) ) ;
#3572 = CARTESIAN_POINT ( 'NONE',  ( -0.3967746256775283031, 0.6000000000000001998, -8.996116897953610793E-05 ) ) ;
#3573 = ORIENTED_EDGE ( 'NONE', *, *, #2181, .T. ) ;
#3574 = CARTESIAN_POINT ( 'NONE',  ( 0.5379872268204747288, 0.1613249519916059860, -8.996116897953610793E-05 ) ) ;
#3575 = CARTESIAN_POINT ( 'NONE',  ( 0.5249162226809457321, -0.6408050877758726394, 0.08991003883102055561 ) ) ;
#3576 = VECTOR ( 'NONE', #1530, 1000.000000000000000 ) ;
#3577 = ADVANCED_FACE ( 'NONE', ( #2370 ), #1188, .T. ) ;
#3578 = ORIENTED_EDGE ( 'NONE', *, *, #3487, .T. ) ;
#3579 = CARTESIAN_POINT ( 'NONE',  ( 0.3119999930262566945, 0.7919999755918973872, -8.996116897953610793E-05 ) ) ;
#3580 = VECTOR ( 'NONE', #2060, 1000.000000000000227 ) ;
#3581 = CARTESIAN_POINT ( 'NONE',  ( -0.3677611579895007088, 0.4151534156799299713, 0.08991003883102055561 ) ) ;
#3582 = CARTESIAN_POINT ( 'NONE',  ( 0.6850684738159199538, -0.2654874515533449664, 0.08991003883102055561 ) ) ;
#3583 = CARTESIAN_POINT ( 'NONE',  ( 0.007294551161412599245, 0.6998201769746401624, -8.996116897953610793E-05 ) ) ;
#3584 = CARTESIAN_POINT ( 'NONE',  ( 0.3111181494933869529, 0.7985048887334968981, -8.996116897953610793E-05 ) ) ;
#3585 = CARTESIAN_POINT ( 'NONE',  ( 0.1602030796197964069, 0.8193935313948653709, 0.08991003883102055561 ) ) ;
#3586 = CARTESIAN_POINT ( 'NONE',  ( 0.2369999947026373011, 0.6179999794811009695, -8.996116897953610793E-05 ) ) ;
#3587 = ORIENTED_EDGE ( 'NONE', *, *, #2965, .T. ) ;
#3588 = CARTESIAN_POINT ( 'NONE',  ( -0.5472839464223372419, 0.2636283346112638371, 0.08991003883102055561 ) ) ;
#3589 = CARTESIAN_POINT ( 'NONE',  ( -0.4471012578366476697, 0.3447501724159648950, 0.08991003883102055561 ) ) ;
#3590 = EDGE_CURVE ( 'NONE', #3436, #1876, #2585, .T. ) ;
#3591 = EDGE_CURVE ( 'NONE', #825, #3274, #853, .T. ) ;
#3592 = ORIENTED_EDGE ( 'NONE', *, *, #3254, .F. ) ;
#3593 = PLANE ( 'NONE',  #3243 ) ;
#3594 = LINE ( 'NONE', #906, #514 ) ;
#3595 = ORIENTED_EDGE ( 'NONE', *, *, #1107, .T. ) ;
#3596 = CARTESIAN_POINT ( 'NONE',  ( -0.4260907967839137056, 0.3950897330463479795, -8.996116897953610793E-05 ) ) ;
#3597 = CARTESIAN_POINT ( 'NONE',  ( 0.08213555717468315476, 0.3523672771453862929, -8.996116897953610793E-05 ) ) ;
#3598 =( BOUNDED_CURVE ( )  B_SPLINE_CURVE ( 3, ( #1722, #2320, #273, #2919 ),
 .UNSPECIFIED., .F., .F. ) 
 B_SPLINE_CURVE_WITH_KNOTS ( ( 4, 4 ),
 ( 3.298837481658464910, 3.837293235930745006 ),
 .UNSPECIFIED. ) 
 CURVE ( )  GEOMETRIC_REPRESENTATION_ITEM ( )  RATIONAL_B_SPLINE_CURVE ( ( 1.000000000000000000, 0.9759843723325200004, 0.9759843723325200004, 1.000000000000000000 ) ) 
 REPRESENTATION_ITEM ( '' )  );
#3599 = CARTESIAN_POINT ( 'NONE',  ( 0.4607544040679942277, -0.6803012790679923150, 0.08991003883102055561 ) ) ;
#3600 = CC_DESIGN_DATE_AND_TIME_ASSIGNMENT ( #1184, #3261, ( #820 ) ) ;
#3601 = EDGE_CURVE ( 'NONE', #2740, #2883, #242, .T. ) ;
#3602 = CARTESIAN_POINT ( 'NONE',  ( -0.9000000000000000222, -0.9000000000000000222, -8.996116897953610793E-05 ) ) ;
#3603 = CARTESIAN_POINT ( 'NONE',  ( 0.1989605249383863406, 0.8624435815122929450, 0.08991003883102055561 ) ) ;
#3604 = CARTESIAN_POINT ( 'NONE',  ( -0.5230193653106702811, 0.2657691230773917002, 0.08991003883102055561 ) ) ;
#3605 = ORIENTED_EDGE ( 'NONE', *, *, #1347, .T. ) ;
#3606 = LINE ( 'NONE', #958, #2286 ) ;
#3607 = CARTESIAN_POINT ( 'NONE',  ( -0.4488786370950236249, 0.3427770889768346207, -8.996116897953610793E-05 ) ) ;
#3608 = ORIENTED_EDGE ( 'NONE', *, *, #1846, .T. ) ;
#3609 = CARTESIAN_POINT ( 'NONE',  ( 0.5048533858810976271, 0.1099311336523439986, -8.996116897953610793E-05 ) ) ;
#3610 = CARTESIAN_POINT ( 'NONE',  ( -0.5191299467086796238, -0.2843393168449412922, 0.08991003883102055561 ) ) ;
#3611 = ORIENTED_EDGE ( 'NONE', *, *, #2503, .F. ) ;
#3612 = ORIENTED_EDGE ( 'NONE', *, *, #40, .T. ) ;
#3613 = LINE ( 'NONE', #38, #2613 ) ;
#3614 = CARTESIAN_POINT ( 'NONE',  ( 0.1597286267021357786, 0.5486110182262259327, 0.08991003883102055561 ) ) ;
#3615 = CARTESIAN_POINT ( 'NONE',  ( 0.1828628743720834837, 0.8552682387387484653, -8.996116897953610793E-05 ) ) ;
#3616 = EDGE_LOOP ( 'NONE', ( #845, #1418, #2250, #759 ) ) ;
#3617 = B_SPLINE_SURFACE_WITH_KNOTS ( 'NONE', 3, 1, ( 
 ( #2298, #3512 ),
 ( #310, #827 ),
 ( #600, #1497 ),
 ( #2011, #2681 ) ),
 .UNSPECIFIED., .F., .F., .F.,
 ( 4, 4 ),
 ( 2, 2 ),
 ( 0.000000000000000000, 1.000000000000000000 ),
 ( 0.000000000000000000, 1.000000000000000000 ),
 .UNSPECIFIED. ) ;
#3618 = VECTOR ( 'NONE', #1948, 1000.000000000000000 ) ;
#3619 = LINE ( 'NONE', #81, #3630 ) ;
#3620 = CARTESIAN_POINT ( 'NONE',  ( 0.01113041598901097322, 0.7041583046707982074, 0.08991003883102055561 ) ) ;
#3621 = CARTESIAN_POINT ( 'NONE',  ( 0.1617407467816350530, 0.8271208831845006104, 0.08991003883102055561 ) ) ;
#3622 = CARTESIAN_POINT ( 'NONE',  ( 0.6139485416412360230, -0.5671921463012699061, 0.08991003883102055561 ) ) ;
#3623 = VECTOR ( 'NONE', #2828, 1000.000000000000000 ) ;
#3624 = EDGE_CURVE ( 'NONE', #2713, #2579, #550, .T. ) ;
#3625 = B_SPLINE_CURVE_WITH_KNOTS ( 'NONE', 3,
 ( #372, #625, #2722, #2134 ),
 .UNSPECIFIED., .F., .F.,
 ( 4, 4 ),
 ( 0.000000000000000000, 1.000000000000000000 ),
 .UNSPECIFIED. ) ;
#3626 = ORIENTED_EDGE ( 'NONE', *, *, #3727, .T. ) ;
#3627 = VECTOR ( 'NONE', #1211, 1000.000000000000000 ) ;
#3628 = LINE ( 'NONE', #11, #1744 ) ;
#3629 = CARTESIAN_POINT ( 'NONE',  ( 0.008314373689073818741, 0.7011418700627701783, -8.996116897953610793E-05 ) ) ;
#3630 = VECTOR ( 'NONE', #2443, 1000.000000000000000 ) ;
#3631 = AXIS2_PLACEMENT_3D ( 'NONE', #3028, #340, #1256 ) ;
#3632 = ORIENTED_EDGE ( 'NONE', *, *, #1493, .F. ) ;
#3633 = DIRECTION ( 'NONE',  ( 0.000000000000000000, 0.000000000000000000, -1.000000000000000000 ) ) ;
#3634 = VECTOR ( 'NONE', #374, 1000.000000000000000 ) ;
#3635 = DIRECTION ( 'NONE',  ( 0.000000000000000000, 0.000000000000000000, 1.000000000000000000 ) ) ;
#3636 = ORIENTED_EDGE ( 'NONE', *, *, #742, .T. ) ;
#3637 = CARTESIAN_POINT ( 'NONE',  ( -0.6496625355389487044, 0.09296830794644406204, 0.08991003883102055561 ) ) ;
#3638 = CARTESIAN_POINT ( 'NONE',  ( 0.1529999965801835948, 0.7919999755918973872, 0.08991003883102055561 ) ) ;
#3639 = VECTOR ( 'NONE', #1602, 1000.000000000000114 ) ;
#3640 = CARTESIAN_POINT ( 'NONE',  ( 0.2397831028472721393, 0.8677348010542078605, -8.996116897953610793E-05 ) ) ;
#3641 = ORIENTED_EDGE ( 'NONE', *, *, #1209, .T. ) ;
#3642 = ADVANCED_FACE ( 'NONE', ( #301 ), #2971, .T. ) ;
#3643 = LOCAL_TIME ( 12, 20, 23.00000000000000000, #234 ) ;
#3644 = CARTESIAN_POINT ( 'NONE',  ( 0.4589333004485069423, -0.7170524272918709086, -8.996116897953610793E-05 ) ) ;
#3645 = CARTESIAN_POINT ( 'NONE',  ( 0.1585726502931140147, 0.8071355797937792564, -8.996116897953610793E-05 ) ) ;
#3646 = CARTESIAN_POINT ( 'NONE',  ( 0.2009149349759556946, 0.8630680118475654305, 0.08991003883102055561 ) ) ;
#3647 = LINE ( 'NONE', #2446, #3576 ) ;
#3648 = ORIENTED_EDGE ( 'NONE', *, *, #2669, .F. ) ;
#3649 = CARTESIAN_POINT ( 'NONE',  ( -0.6496625355389487044, 0.09296830794644406204, 0.08991003883102055561 ) ) ;
#3650 = LINE ( 'NONE', #682, #1187 ) ;
#3651 = ORIENTED_EDGE ( 'NONE', *, *, #1368, .T. ) ;
#3652 = LINE ( 'NONE', #327, #3107 ) ;
#3653 = EDGE_CURVE ( 'NONE', #3378, #498, #281, .T. ) ;
#3654 = DIRECTION ( 'NONE',  ( 0.3641399650541250477, 0.9313442359570280882, 0.000000000000000000 ) ) ;
#3655 = CARTESIAN_POINT ( 'NONE',  ( -0.5973930959701525545, 0.1155127906799310461, -8.996116897953610793E-05 ) ) ;
#3656 = EDGE_LOOP ( 'NONE', ( #921, #2675, #1319, #1947 ) ) ;
#3657 = ORIENTED_EDGE ( 'NONE', *, *, #1000, .F. ) ;
#3658 = LINE ( 'NONE', #2742, #1621 ) ;
#3659 = LINE ( 'NONE', #1865, #442 ) ;
#3660 = CARTESIAN_POINT ( 'NONE',  ( 0.4592988184568309595, -0.6662447057006756213, 0.2999100388310207976 ) ) ;
#3661 = LINE ( 'NONE', #1250, #68 ) ;
#3662 = CARTESIAN_POINT ( 'NONE',  ( -0.6702600145339951965, -0.1873035125732429862, 0.08991003883102055561 ) ) ;
#3663 = CARTESIAN_POINT ( 'NONE',  ( 0.2575800730379750325, 0.8650254783156802185, 0.08991003883102055561 ) ) ;
#3664 = FACE_BOUND ( 'NONE', #2469, .T. ) ;
#3665 = ADVANCED_FACE ( 'NONE', ( #3842 ), #2020, .T. ) ;
#3666 = CARTESIAN_POINT ( 'NONE',  ( -0.4495662476623529802, 0.3420838185949862664, 0.2999100388310207976 ) ) ;
#3667 = CARTESIAN_POINT ( 'NONE',  ( 0.08086528587341365593, -0.6437892150878912201, 0.08991003883102055561 ) ) ;
#3668 = CARTESIAN_POINT ( 'NONE',  ( 0.02448817103570547632, 0.7128736305004232943, 0.2999100388310207976 ) ) ;
#3669 = VERTEX_POINT ( 'NONE', #3228 ) ;
#3670 = EDGE_LOOP ( 'NONE', ( #546, #1919 ) ) ;
#3671 = CARTESIAN_POINT ( 'NONE',  ( -0.5687393217086790242, -0.4161415309906004723, -8.996116897953610793E-05 ) ) ;
#3672 = CARTESIAN_POINT ( 'NONE',  ( 0.4912812208732797448, 0.1021716166027859807, 0.08991003883102055561 ) ) ;
#3673 = CARTESIAN_POINT ( 'NONE',  ( 0.1602529017473651451, 0.5498662187093219522, 0.2999100388310207976 ) ) ;
#3674 = EDGE_CURVE ( 'NONE', #1955, #1034, #4, .T. ) ;
#3675 = EDGE_CURVE ( 'NONE', #2423, #1646, #3540, .T. ) ;
#3676 = B_SPLINE_CURVE_WITH_KNOTS ( 'NONE', 3,
 ( #233, #1769, #2276, #3220 ),
 .UNSPECIFIED., .F., .F.,
 ( 4, 4 ),
 ( -0.2738485810979879864, 0.000000000000000000 ),
 .UNSPECIFIED. ) ;
#3677 = ORIENTED_EDGE ( 'NONE', *, *, #3190, .F. ) ;
#3678 = DIRECTION ( 'NONE',  ( 0.07003796133519279987, 0.9975443268206229952, 0.000000000000000000 ) ) ;
#3679 = DIRECTION ( 'NONE',  ( 0.000000000000000000, 0.000000000000000000, 1.000000000000000000 ) ) ;
#3680 = CARTESIAN_POINT ( 'NONE',  ( 0.1669346434352147468, 0.8395733904326946329, -8.996116897953610793E-05 ) ) ;
#3681 = CARTESIAN_POINT ( 'NONE',  ( 0.5404474563598645753, 0.3389531249999996887, -8.996116897953610793E-05 ) ) ;
#3682 = B_SPLINE_CURVE_WITH_KNOTS ( 'NONE', 3,
 ( #2285, #1129, #3801, #264 ),
 .UNSPECIFIED., .F., .F.,
 ( 4, 4 ),
 ( -0.09875289476199990146, 0.000000000000000000 ),
 .UNSPECIFIED. ) ;
#3683 = CARTESIAN_POINT ( 'NONE',  ( -0.06685050392150850007, 0.3661789340972906870, -8.996116897953610793E-05 ) ) ;
#3684 = CARTESIAN_POINT ( 'NONE',  ( 0.3054686617191149645, 0.8209102364886005088, 0.08991003883102055561 ) ) ;
#3685 = CARTESIAN_POINT ( 'NONE',  ( -0.5197649612426756827, 0.2888672771453849597, -8.996116897953610793E-05 ) ) ;
#3686 = CARTESIAN_POINT ( 'NONE',  ( -0.4503306955656806720, 0.3414297747873212274, 0.2999100388310207976 ) ) ;
#3687 = PLANE ( 'NONE',  #2993 ) ;
#3688 = VECTOR ( 'NONE', #3654, 1000.000000000000114 ) ;
#3689 = CARTESIAN_POINT ( 'NONE',  ( -0.3766523303985596649, -0.6495042247772221389, -8.996116897953610793E-05 ) ) ;
#3690 = ORIENTED_EDGE ( 'NONE', *, *, #2335, .T. ) ;
#3691 = AXIS2_PLACEMENT_3D ( 'NONE', #3538, #3207, #851 ) ;
#3692 = ORIENTED_EDGE ( 'NONE', *, *, #1231, .T. ) ;
#3693 = EDGE_CURVE ( 'NONE', #3699, #2637, #2954, .T. ) ;
#3694 = DIRECTION ( 'NONE',  ( 0.000000000000000000, 1.000000000000000000, 0.000000000000000000 ) ) ;
#3695 = DIRECTION ( 'NONE',  ( 0.000000000000000000, 0.000000000000000000, 1.000000000000000000 ) ) ;
#3696 = CARTESIAN_POINT ( 'NONE',  ( 0.2418010926452283382, 0.5870156228578287116, -8.996116897953610793E-05 ) ) ;
#3697 = VECTOR ( 'NONE', #150, 1000.000000000000000 ) ;
#3698 = VECTOR ( 'NONE', #3283, 1000.000000000000000 ) ;
#3699 = VERTEX_POINT ( 'NONE', #100 ) ;
#3700 = DIRECTION ( 'NONE',  ( 0.000000000000000000, 0.000000000000000000, 1.000000000000000000 ) ) ;
#3701 = CARTESIAN_POINT ( 'NONE',  ( 0.007294551161412599245, 0.6998201769746401624, -8.996116897953610793E-05 ) ) ;
#3702 = ADVANCED_FACE ( 'NONE', ( #910 ), #598, .T. ) ;
#3703 = VERTEX_POINT ( 'NONE', #349 ) ;
#3704 = CARTESIAN_POINT ( 'NONE',  ( 0.2400593074175232100, 0.5837212270421306970, 0.08991003883102055561 ) ) ;
#3705 = PLANE ( 'NONE',  #2800 ) ;
#3706 = DIRECTION ( 'NONE',  ( -0.000000000000000000, 1.000000000000000000, 0.000000000000000000 ) ) ;
#3707 = VECTOR ( 'NONE', #2865, 1000.000000000000000 ) ;
#3708 = CARTESIAN_POINT ( 'NONE',  ( -0.06827992248535108555, -0.6663312015533459087, -8.996116897953610793E-05 ) ) ;
#3709 = CARTESIAN_POINT ( 'NONE',  ( -0.3637141666412336272, -0.6634740600585926629, 0.2999100388310207976 ) ) ;
#3710 = VECTOR ( 'NONE', #1541, 1000.000000000000000 ) ;
#3711 = CARTESIAN_POINT ( 'NONE',  ( 0.4597310500540712774, -0.7034335748406899125, -8.996116897953610793E-05 ) ) ;
#3712 = EDGE_LOOP ( 'NONE', ( #236, #3071, #229, #1537 ) ) ;
#3713 = ORIENTED_EDGE ( 'NONE', *, *, #1736, .T. ) ;
#3714 = VERTEX_POINT ( 'NONE', #692 ) ;
#3715 = CARTESIAN_POINT ( 'NONE',  ( 0.5373514728546147090, -0.6012436046600340145, 0.2999100388310207976 ) ) ;
#3716 = CARTESIAN_POINT ( 'NONE',  ( 0.5298109931945790274, -0.1980981540679935260, 0.08991003883102055561 ) ) ;
#3717 = EDGE_CURVE ( 'NONE', #1070, #178, #3304, .T. ) ;
#3718 = EDGE_CURVE ( 'NONE', #683, #3233, #1213, .T. ) ;
#3719 = ORIENTED_EDGE ( 'NONE', *, *, #1368, .F. ) ;
#3720 = FACE_OUTER_BOUND ( 'NONE', #2475, .T. ) ;
#3721 = FACE_OUTER_BOUND ( 'NONE', #1244, .T. ) ;
#3722 = CARTESIAN_POINT ( 'NONE',  ( 0.3111181494933869529, 0.7985048887334968981, -8.996116897953610793E-05 ) ) ;
#3723 = VERTEX_POINT ( 'NONE', #2386 ) ;
#3724 = CARTESIAN_POINT ( 'NONE',  ( 0.2427939668936955342, 0.5975790640685216815, 0.08991003883102055561 ) ) ;
#3725 = CARTESIAN_POINT ( 'NONE',  ( 0.2484440211770884699, 0.8667139269308525851, 0.08991003883102055561 ) ) ;
#3726 = CARTESIAN_POINT ( 'NONE',  ( 0.5400714141813987013, -0.6216188659451935550, 0.08991003883102055561 ) ) ;
#3727 = EDGE_CURVE ( 'NONE', #3769, #1412, #2170, .T. ) ;
#3728 = EDGE_CURVE ( 'NONE', #1432, #137, #3104, .T. ) ;
#3729 = B_SPLINE_CURVE_WITH_KNOTS ( 'NONE', 2,
 ( #3655, #2660, #52 ),
 .UNSPECIFIED., .F., .F.,
 ( 3, 3 ),
 ( 0.000000000000000000, 0.4676028399092490018 ),
 .UNSPECIFIED. ) ;
#3730 = LINE ( 'NONE', #1586, #1980 ) ;
#3731 = DIRECTION ( 'NONE',  ( 0.6533505172290690055, 0.7570555472595839053, 0.000000000000000000 ) ) ;
#3732 = ORIENTED_EDGE ( 'NONE', *, *, #2955, .T. ) ;
#3733 = ORIENTED_EDGE ( 'NONE', *, *, #1430, .F. ) ;
#3734 = CARTESIAN_POINT ( 'NONE',  ( 0.5249162226809457321, -0.6408050877758760810, 0.2999100388310207976 ) ) ;
#3735 = CARTESIAN_POINT ( 'NONE',  ( 0.4612308769226070027, -0.1864300193786624371, 0.08991003883102055561 ) ) ;
#3736 = ORIENTED_EDGE ( 'NONE', *, *, #20, .F. ) ;
#3737 = CARTESIAN_POINT ( 'NONE',  ( 0.1657004804570942902, 0.5588453556761975305, -8.996116897953610793E-05 ) ) ;
#3738 = FACE_OUTER_BOUND ( 'NONE', #1754, .T. ) ;
#3739 = CARTESIAN_POINT ( 'NONE',  ( -0.4260907967839137056, 0.3950897330463479795, -8.996116897953610793E-05 ) ) ;
#3740 = ORIENTED_EDGE ( 'NONE', *, *, #2349, .T. ) ;
#3741 = ORIENTED_EDGE ( 'NONE', *, *, #1301, .T. ) ;
#3742 = CARTESIAN_POINT ( 'NONE',  ( 0.5838655910491953316, 0.3368895397186292828, -8.996116897953610793E-05 ) ) ;
#3743 = CARTESIAN_POINT ( 'NONE',  ( 0.5376692829132089235, 0.3638769912719729271, 0.08991003883102055561 ) ) ;
#3744 = DIRECTION ( 'NONE',  ( 0.000000000000000000, 0.000000000000000000, 1.000000000000000000 ) ) ;
#3745 = CARTESIAN_POINT ( 'NONE',  ( -0.3766523303985596649, -0.6495042247772221389, -8.996116897953610793E-05 ) ) ;
#3746 = LINE ( 'NONE', #2849, #2357 ) ;
#3747 = EDGE_CURVE ( 'NONE', #3300, #2291, #3825, .T. ) ;
#3748 = ORIENTED_EDGE ( 'NONE', *, *, #168, .F. ) ;
#3749 = EDGE_LOOP ( 'NONE', ( #634, #830, #1139, #1570 ) ) ;
#3750 = ORIENTED_EDGE ( 'NONE', *, *, #3693, .F. ) ;
#3751 = CARTESIAN_POINT ( 'NONE',  ( -0.05489589110104226705, -0.6448498003073577234, -8.996116897953602661E-05 ) ) ;
#3752 = DIRECTION ( 'NONE',  ( -0.04709060952521597343, -0.9988906218873734311, 0.000000000000000000 ) ) ;
#3753 = VECTOR ( 'NONE', #3520, 1000.000000000000000 ) ;
#3754 = ORIENTED_EDGE ( 'NONE', *, *, #1233, .T. ) ;
#3755 = ORIENTED_EDGE ( 'NONE', *, *, #3718, .T. ) ;
#3756 = CARTESIAN_POINT ( 'NONE',  ( 0.1887595174763967709, 0.5632086978140425915, -8.996116897953610793E-05 ) ) ;
#3757 = VECTOR ( 'NONE', #1629, 1000.000000000000000 ) ;
#3758 = CARTESIAN_POINT ( 'NONE',  ( 0.2369999947026373011, 0.6179999794811009695, -8.996116897953610793E-05 ) ) ;
#3759 = VERTEX_POINT ( 'NONE', #1266 ) ;
#3760 = CARTESIAN_POINT ( 'NONE',  ( 0.02211432171509509007, 0.7117112022759476408, 0.08991003883102055561 ) ) ;
#3761 = CARTESIAN_POINT ( 'NONE',  ( -0.1783930838108058192, -0.7161791763305672687, 0.08991003883102055561 ) ) ;
#3762 = VECTOR ( 'NONE', #6, 1000.000000000000000 ) ;
#3763 = CARTESIAN_POINT ( 'NONE',  ( 0.5360039557655552622, 0.1180089248815771041, 0.08991003883102055561 ) ) ;
#3764 = EDGE_CURVE ( 'NONE', #1572, #1686, #3038, .T. ) ;
#3765 = CARTESIAN_POINT ( 'NONE',  ( 0.03641523742675800007, -0.6437892150878912201, 0.08991003883102055561 ) ) ;
#3766 = CARTESIAN_POINT ( 'NONE',  ( 0.1597286267021357786, 0.5486110182262259327, -8.996116897953610793E-05 ) ) ;
#3767 = AXIS2_PLACEMENT_3D ( 'NONE', #3101, #3706, #434 ) ;
#3768 = ORIENTED_EDGE ( 'NONE', *, *, #373, .T. ) ;
#3769 = VERTEX_POINT ( 'NONE', #673 ) ;
#3770 = CARTESIAN_POINT ( 'NONE',  ( -0.4495662476623529802, 0.3420838185949862664, 0.08991003883102055561 ) ) ;
#3771 = CARTESIAN_POINT ( 'NONE',  ( 0.4673313206626346639, -0.6493895050109040890, -8.996116897953610793E-05 ) ) ;
#3772 = CC_DESIGN_PERSON_AND_ORGANIZATION_ASSIGNMENT ( #1746, #1992, ( #820 ) ) ;
#3773 = ORIENTED_EDGE ( 'NONE', *, *, #308, .T. ) ;
#3774 = ORIENTED_EDGE ( 'NONE', *, *, #687, .T. ) ;
#3775 = EDGE_CURVE ( 'NONE', #2918, #1282, #426, .T. ) ;
#3776 = CARTESIAN_POINT ( 'NONE',  ( 0.03641523742675800007, -0.6437892150878912201, -8.996116897953610793E-05 ) ) ;
#3777 = B_SPLINE_CURVE_WITH_KNOTS ( 'NONE', 2,
 ( #1285, #2401, #2988 ),
 .UNSPECIFIED., .F., .F.,
 ( 3, 3 ),
 ( 0.000000000000000000, 0.5260458935863270291 ),
 .UNSPECIFIED. ) ;
#3778 = DIRECTION ( 'NONE',  ( -0.01626138923291049754, -0.9998677748683650890, 0.000000000000000000 ) ) ;
#3779 = ORIENTED_EDGE ( 'NONE', *, *, #2259, .T. ) ;
#3780 = CARTESIAN_POINT ( 'NONE',  ( -0.6702600145339951965, -0.05788245153427173245, 0.08991003883102055561 ) ) ;
#3781 = CARTESIAN_POINT ( 'NONE',  ( 0.5630693798065202760, 0.3379212112426739356, -8.996116897953610793E-05 ) ) ;
#3782 = CARTESIAN_POINT ( 'NONE',  ( -0.4514314130394260771, 0.3402925617144388903, -8.996116897953610793E-05 ) ) ;
#3783 = DIRECTION ( 'NONE',  ( 0.000000000000000000, -1.000000000000000000, 0.000000000000000000 ) ) ;
#3784 = CARTESIAN_POINT ( 'NONE',  ( 0.1591279966348401465, 0.8108702889056997876, 0.08991003883102055561 ) ) ;
#3785 = CARTESIAN_POINT ( 'NONE',  ( 0.1887595174763967709, 0.5632086978140425915, -8.996116897953610793E-05 ) ) ;
#3786 = ORIENTED_EDGE ( 'NONE', *, *, #2503, .T. ) ;
#3787 = LINE ( 'NONE', #3193, #3046 ) ;
#3788 = CARTESIAN_POINT ( 'NONE',  ( -0.06827992248535108555, -0.6663312015533459087, -8.996116897953610793E-05 ) ) ;
#3789 = EDGE_LOOP ( 'NONE', ( #3208, #1666, #2641, #3296 ) ) ;
#3790 = ORIENTED_EDGE ( 'NONE', *, *, #3265, .F. ) ;
#3791 = CARTESIAN_POINT ( 'NONE',  ( 0.5172698497772222348, -0.1857156734466558212, -8.996116897953610793E-05 ) ) ;
#3792 = DIRECTION ( 'NONE',  ( 0.000000000000000000, 0.000000000000000000, 1.000000000000000000 ) ) ;
#3793 = COORDINATED_UNIVERSAL_TIME_OFFSET ( 8, 0, .AHEAD. ) ;
#3794 = EDGE_CURVE ( 'NONE', #2319, #1001, #195, .T. ) ;
#3795 = ORIENTED_EDGE ( 'NONE', *, *, #1233, .F. ) ;
#3796 = EDGE_LOOP ( 'NONE', ( #918, #2255, #1240, #3129 ) ) ;
#3797 = CARTESIAN_POINT ( 'NONE',  ( -0.07081638017431382548, -0.6815497057972019768, -8.996116897953610793E-05 ) ) ;
#3798 = CARTESIAN_POINT ( 'NONE',  ( 0.2098672681907955417, 0.5633430587362502351, 0.08991003883102055561 ) ) ;
#3799 = FACE_OUTER_BOUND ( 'NONE', #2016, .T. ) ;
#3800 = ORIENTED_EDGE ( 'NONE', *, *, #3548, .F. ) ;
#3801 = CARTESIAN_POINT ( 'NONE',  ( 0.5392568798065197067, 0.3487955474853512428, 0.08991003883102055561 ) ) ;
#3802 = LINE ( 'NONE', #3501, #3762 ) ;
#3803 = CARTESIAN_POINT ( 'NONE',  ( 0.1540138053714771582, 0.7935637593861898376, 0.08991003883102055561 ) ) ;
#3804 = CARTESIAN_POINT ( 'NONE',  ( 0.2345755639116650637, 0.5753879182113209589, 0.2999100388310207976 ) ) ;
#3805 = ORIENTED_EDGE ( 'NONE', *, *, #185, .F. ) ;
#3806 = CARTESIAN_POINT ( 'NONE',  ( 0.4912812208732797448, 0.1021716166027859807, -8.996116897953610793E-05 ) ) ;
#3807 = CARTESIAN_POINT ( 'NONE',  ( -0.3641903972625716301, -0.7161791763305672687, 0.08991003883102055561 ) ) ;
#3808 = ORIENTED_EDGE ( 'NONE', *, *, #3764, .F. ) ;
#3809 = EDGE_CURVE ( 'NONE', #291, #3233, #2479, .T. ) ;
#3810 = ORIENTED_EDGE ( 'NONE', *, *, #1791, .T. ) ;
#3811 = CARTESIAN_POINT ( 'NONE',  ( 0.08086528587341365593, -0.6437892150878912201, 0.2999100388310207976 ) ) ;
#3812 = CARTESIAN_POINT ( 'NONE',  ( 0.5630693798065202760, 0.3379212112426739356, 0.2999100388310207976 ) ) ;
#3813 = AXIS2_PLACEMENT_3D ( 'NONE', #2888, #570, #2843 ) ;
#3814 = ORIENTED_EDGE ( 'NONE', *, *, #2376, .F. ) ;
#3815 = B_SPLINE_CURVE_WITH_KNOTS ( 'NONE', 3,
 ( #2460, #1542, #657, #1848 ),
 .UNSPECIFIED., .F., .F.,
 ( 4, 4 ),
 ( 0.001172396576180049881, 1.000000000000000000 ),
 .UNSPECIFIED. ) ;
#3816 = ORIENTED_EDGE ( 'NONE', *, *, #140, .T. ) ;
#3817 = B_SPLINE_SURFACE_WITH_KNOTS ( 'NONE', 2, 1, ( 
 ( #1840, #1262 ),
 ( #3872, #2108 ),
 ( #2381, #364 ) ),
 .UNSPECIFIED., .F., .F., .F.,
 ( 3, 3 ),
 ( 2, 2 ),
 ( 0.000000000000000000, 0.5260458935860210516 ),
 ( 0.000000000000000000, 1.000000000000000000 ),
 .UNSPECIFIED. ) ;
#3818 = ORIENTED_EDGE ( 'NONE', *, *, #2434, .F. ) ;
#3819 = DIRECTION ( 'NONE',  ( 0.000000000000000000, 0.000000000000000000, 1.000000000000000000 ) ) ;
#3820 = ADVANCED_FACE ( 'NONE', ( #412 ), #839, .T. ) ;
#3821 = CARTESIAN_POINT ( 'NONE',  ( 0.2268071055917481593, 0.5696913436912142137, 0.08991003883102055561 ) ) ;
#3822 = CARTESIAN_POINT ( 'NONE',  ( -0.4514258586118145011, 0.3402990968043889675, -8.996116897953610793E-05 ) ) ;
#3823 = VERTEX_POINT ( 'NONE', #430 ) ;
#3824 = DIRECTION ( 'NONE',  ( 0.000000000000000000, 0.000000000000000000, 1.000000000000000000 ) ) ;
#3825 = B_SPLINE_CURVE_WITH_KNOTS ( 'NONE', 3,
 ( #3360, #1866, #2093, #3382 ),
 .UNSPECIFIED., .F., .F.,
 ( 4, 4 ),
 ( -0.1819593427923129891, 0.000000000000000000 ),
 .UNSPECIFIED. ) ;
#3826 = CARTESIAN_POINT ( 'NONE',  ( 0.6139485416412360230, -0.5672711143493657238, -8.996116897953610793E-05 ) ) ;
#3827 = CARTESIAN_POINT ( 'NONE',  ( 0.1599353389996527319, 0.8174046734022653027, 0.08991003883102055561 ) ) ;
#3828 = DIRECTION ( 'NONE',  ( 0.000000000000000000, 0.000000000000000000, 1.000000000000000000 ) ) ;
#3829 = ORIENTED_EDGE ( 'NONE', *, *, #2464, .T. ) ;
#3830 = LINE ( 'NONE', #2593, #3428 ) ;
#3831 = DIRECTION ( 'NONE',  ( 1.000000000000000000, -9.429486282964380318E-16, 0.000000000000000000 ) ) ;
#3832 = VECTOR ( 'NONE', #3783, 1000.000000000000000 ) ;
#3833 = ORIENTED_EDGE ( 'NONE', *, *, #160, .F. ) ;
#3834 = EDGE_CURVE ( 'NONE', #3274, #1646, #1082, .T. ) ;
#3835 = FACE_OUTER_BOUND ( 'NONE', #3077, .T. ) ;
#3836 = CARTESIAN_POINT ( 'NONE',  ( 0.3119999930262566945, 0.7919999755918973872, -8.996116897953610793E-05 ) ) ;
#3837 = SECURITY_CLASSIFICATION_LEVEL ( 'unclassified' ) ;
#3838 = VERTEX_POINT ( 'NONE', #447 ) ;
#3839 = CARTESIAN_POINT ( 'NONE',  ( 0.4612308769226070027, 0.03939195251464803343, 0.08991003883102055561 ) ) ;
#3840 = CARTESIAN_POINT ( 'NONE',  ( 0.1755611226292683735, 0.5636753400169053352, 0.08991003883102055561 ) ) ;
#3841 = DIRECTION ( 'NONE',  ( 0.000000000000000000, 0.000000000000000000, -1.000000000000000000 ) ) ;
#3842 = FACE_OUTER_BOUND ( 'NONE', #2199, .T. ) ;
#3843 = CARTESIAN_POINT ( 'NONE',  ( 0.2816504050242708002, 0.8547386802060238375, 0.2999100388310207976 ) ) ;
#3844 = CARTESIAN_POINT ( 'NONE',  ( 0.1574320995100376708, 0.8024157417143672477, 0.08991003883102055561 ) ) ;
#3845 = LINE ( 'NONE', #3544, #1381 ) ;
#3846 = APPROVAL ( #1704, '未' ) ;
#3847 = EDGE_CURVE ( 'NONE', #1218, #268, #2830, .T. ) ;
#3848 = ORIENTED_EDGE ( 'NONE', *, *, #117, .T. ) ;
#3849 = LINE ( 'NONE', #1158, #732 ) ;
#3850 = CARTESIAN_POINT ( 'NONE',  ( -0.4471012578366476697, 0.3447501724159648950, -8.996116897953610793E-05 ) ) ;
#3851 = B_SPLINE_SURFACE_WITH_KNOTS ( 'NONE', 3, 1, ( 
 ( #2975, #1797 ),
 ( #3212, #2332 ),
 ( #2003, #2352 ),
 ( #898, #1453 ) ),
 .UNSPECIFIED., .F., .F., .F.,
 ( 4, 4 ),
 ( 2, 2 ),
 ( -1.000000000000000000, -0.001172396576181449802 ),
 ( 0.000000000000000000, 1.000000000000000000 ),
 .UNSPECIFIED. ) ;
#3852 = ORIENTED_EDGE ( 'NONE', *, *, #400, .T. ) ;
#3853 = CARTESIAN_POINT ( 'NONE',  ( 0.1511923885345461127, 0.4152326259613022263, 0.08991003883102055561 ) ) ;
#3854 = CARTESIAN_POINT ( 'NONE',  ( -0.4514349780788552424, 0.3403008330909542689, -8.996116897953610793E-05 ) ) ;
#3855 = DATE_AND_TIME ( #1724, #1693 ) ;
#3856 = ORIENTED_EDGE ( 'NONE', *, *, #424, .T. ) ;
#3857 = CARTESIAN_POINT ( 'NONE',  ( -0.5973143701553342844, 0.1155915164947499962, -8.996116897953610793E-05 ) ) ;
#3858 = CARTESIAN_POINT ( 'NONE',  ( 0.1686417277495044220, 0.5609864237235145934, 0.08991003883102055561 ) ) ;
#3859 = CARTESIAN_POINT ( 'NONE',  ( 0.07748406312395166029, 0.3403815746307362611, -8.996116897953610793E-05 ) ) ;
#3860 = CARTESIAN_POINT ( 'NONE',  ( 0.5390979747772228770, 0.1848862209320067396, -8.996116897953610793E-05 ) ) ;
#3861 = CARTESIAN_POINT ( 'NONE',  ( 0.2931404721587054230, 0.8438890325825303407, 0.2999100388310207976 ) ) ;
#3862 = CARTESIAN_POINT ( 'NONE',  ( 0.1576677672291621479, 0.8033285961394946995, 0.08991003883102055561 ) ) ;
#3863 = EDGE_LOOP ( 'NONE', ( #3608, #1062, #966, #443 ) ) ;
#3864 = CARTESIAN_POINT ( 'NONE',  ( 0.6850684738159199538, -0.2654874515533449664, -8.996116897953610793E-05 ) ) ;
#3865 = B_SPLINE_CURVE_WITH_KNOTS ( 'NONE', 3,
 ( #1745, #3473, #1683, #2340 ),
 .UNSPECIFIED., .F., .F.,
 ( 4, 4 ),
 ( 0.000000000000000000, 1.000000000000000000 ),
 .UNSPECIFIED. ) ;
#3866 = ORIENTED_EDGE ( 'NONE', *, *, #1802, .F. ) ;
#3867 = CARTESIAN_POINT ( 'NONE',  ( -0.05846796933645627414, -0.6484382164929689552, -8.996116897953610793E-05 ) ) ;
#3868 = EDGE_CURVE ( 'NONE', #584, #3557, #1377, .T. ) ;
#3869 = DIRECTION ( 'NONE',  ( 1.000000000000000000, 0.000000000000000000, 0.000000000000000000 ) ) ;
#3870 = EDGE_LOOP ( 'NONE', ( #3309, #2668, #2662, #1964 ) ) ;
#3871 = FACE_OUTER_BOUND ( 'NONE', #2855, .T. ) ;
#3872 = CARTESIAN_POINT ( 'NONE',  ( 0.1185400317800978931, 0.4152744216303686509, -8.996116897953610793E-05 ) ) ;
#3873 = PERSON_AND_ORGANIZATION ( #1765, #2881 ) ;
#3874 = ORIENTED_EDGE ( 'NONE', *, *, #1292, .F. ) ;
#3875 = EDGE_LOOP ( 'NONE', ( #3545, #2159, #3120, #944 ) ) ;
#3876 = EDGE_LOOP ( 'NONE', ( #767, #3611, #2325, #3810 ) ) ;
#3877 = CARTESIAN_POINT ( 'NONE',  ( -0.4060510571310839145, 0.4151534156799299713, 0.2999100388310207976 ) ) ;
ENDSEC;
END-ISO-10303-21;
