ISO-10303-21;
HEADER;
FILE_DESCRIPTION (( 'STEP AP203' ),
    '1' );
FILE_NAME ('006889.step',
    '2026-06-29T04:58:33',
    ( '' ),
    ( '' ),
    'SwSTEP 2.0',
    'SolidWorks 2025',
    '' );
FILE_SCHEMA (( 'CONFIG_CONTROL_DESIGN' ));
ENDSEC;

DATA;
#1 = CARTESIAN_POINT ( 'NONE',  ( -0.01346903811102151578, -0.2119517552775235791, 0.5196403551509942709 ) ) ;
#2 = CARTESIAN_POINT ( 'NONE',  ( -0.2713247853183696767, 0.08682340617946683603, -0.6504596527268219353 ) ) ;
#3 =( BOUNDED_CURVE ( )  B_SPLINE_CURVE ( 3, ( #1884, #810, #1346, #2236 ),
 .UNSPECIFIED., .F., .F. ) 
 B_SPLINE_CURVE_WITH_KNOTS ( ( 4, 4 ),
 ( 4.857225732735050004E-16, 0.7853981633974489451 ),
 .UNSPECIFIED. ) 
 CURVE ( )  GEOMETRIC_REPRESENTATION_ITEM ( )  RATIONAL_B_SPLINE_CURVE ( ( 1.000000000000000000, 0.9492530216741910110, 0.9492530216741910110, 1.000000000000000000 ) ) 
 REPRESENTATION_ITEM ( '' )  );
#4 = CARTESIAN_POINT ( 'NONE',  ( -0.2712333831366199877, 0.02697511128236965497, -0.3154363847520004205 ) ) ;
#5 = ORIENTED_EDGE ( 'NONE', *, *, #2263, .F. ) ;
#6 = CARTESIAN_POINT ( 'NONE',  ( 0.2263166812693591656, 0.04250934130560906493, 0.7836410463415340866 ) ) ;
#7 = DIRECTION ( 'NONE',  ( 1.285609448291217972E-17, 1.469458323489273804E-16, 1.000000000000000000 ) ) ;
#8 = ORIENTED_EDGE ( 'NONE', *, *, #1176, .T. ) ;
#9 = CARTESIAN_POINT ( 'NONE',  ( 0.2200042404250665273, 0.02343611180010040165, 0.6235100606141598112 ) ) ;
#10 = DIRECTION ( 'NONE',  ( -1.286944679399165900E-17, -1.469364506284139932E-16, -1.000000000000000000 ) ) ;
#11 = B_SPLINE_CURVE_WITH_KNOTS ( 'NONE', 3,
 ( #2628, #1263, #325, #506, #1048, #2356, #3092, #2579, #14, #3145, #771, #284, #543, #755, #2079, #1860, #3109, #2322, #785, #1824, #3342, #1565, #2302, #1318, #2613 ),
 .UNSPECIFIED., .F., .F.,
 ( 4, 3, 3, 3, 3, 3, 3, 3, 4 ),
 ( -8.300922883092143323E-20, 8.968705488177374413E-06, 1.511933677470895897E-05, 1.924905972090757935E-05, 2.200832940516114430E-05, 2.444254870987856688E-05, 2.556494745435853401E-05, 2.649575747956191328E-05, 2.713329589416068770E-05 ),
 .UNSPECIFIED. ) ;
#12 = CARTESIAN_POINT ( 'NONE',  ( 0.2175014281931899884, -0.3325072404561633110, 0.6234184197866194932 ) ) ;
#13 = EDGE_CURVE ( 'NONE', #1254, #1157, #3147, .T. ) ;
#14 = CARTESIAN_POINT ( 'NONE',  ( -0.09543210906676376226, -0.2220457925592823623, 0.7770379451311963948 ) ) ;
#15 = CARTESIAN_POINT ( 'NONE',  ( 0.07332033748189242806, -0.2887172945462826990, 0.5200710444557742340 ) ) ;
#16 = EDGE_LOOP ( 'NONE', ( #1477, #1716 ) ) ;
#17 = CARTESIAN_POINT ( 'NONE',  ( -0.1011906383169057927, -0.2256410684832667046, 0.4686087288008726759 ) ) ;
#18 = CARTESIAN_POINT ( 'NONE',  ( 0.2414659466301467272, -0.08259015236645868285, 0.6234183948890673621 ) ) ;
#19 = LINE ( 'NONE', #1810, #369 ) ;
#20 = ORIENTED_EDGE ( 'NONE', *, *, #2404, .F. ) ;
#21 = CARTESIAN_POINT ( 'NONE',  ( -0.1808962139247025369, 0.2381106026256626096, -0.3417933319804291603 ) ) ;
#22 = ADVANCED_FACE ( 'NONE', ( #2383 ), #285, .F. ) ;
#23 = ORIENTED_EDGE ( 'NONE', *, *, #907, .F. ) ;
#24 = LINE ( 'NONE', #2606, #789 ) ;
#25 = CARTESIAN_POINT ( 'NONE',  ( -0.09063562242587729079, -0.2193522988872833868, 0.7351584296020401421 ) ) ;
#26 = VERTEX_POINT ( 'NONE', #2108 ) ;
#27 = VERTEX_POINT ( 'NONE', #1607 ) ;
#28 = DIRECTION ( 'NONE',  ( -0.4563851136502764527, 0.5417051140421051958, 0.7058811496697258159 ) ) ;
#29 = CARTESIAN_POINT ( 'NONE',  ( 0.1755785826881577638, -0.2076952981928478770, 0.7887523149099658903 ) ) ;
#30 = CARTESIAN_POINT ( 'NONE',  ( 0.2548700845728630315, -0.3128739475892001742, 0.6234184093709932428 ) ) ;
#31 = CARTESIAN_POINT ( 'NONE',  ( 0.1447061578684643302, -0.2935671939162721733, 0.5201401439010368000 ) ) ;
#32 = CARTESIAN_POINT ( 'NONE',  ( -0.2709826421205695501, -0.1372050207903429686, -0.4288676407892816900 ) ) ;
#33 = VERTEX_POINT ( 'NONE', #1865 ) ;
#34 = AXIS2_PLACEMENT_3D ( 'NONE', #2, #879, #1692 ) ;
#35 = CARTESIAN_POINT ( 'NONE',  ( -0.04301407968503740548, 0.3065393800194763929, -0.3649224782310387383 ) ) ;
#36 = ORIENTED_EDGE ( 'NONE', *, *, #2066, .T. ) ;
#37 = ADVANCED_FACE ( 'NONE', ( #1551 ), #792, .T. ) ;
#38 = AXIS2_PLACEMENT_3D ( 'NONE', #3049, #2052, #2278 ) ;
#39 = CARTESIAN_POINT ( 'NONE',  ( -0.2761361956306480625, 0.1511571698361093563, -0.3711176917171343792 ) ) ;
#40 = ORIENTED_EDGE ( 'NONE', *, *, #2426, .F. ) ;
#41 = ORIENTED_EDGE ( 'NONE', *, *, #762, .T. ) ;
#42 = LINE ( 'NONE', #3119, #2370 ) ;
#43 = LINE ( 'NONE', #1062, #49 ) ;
#44 = AXIS2_PLACEMENT_3D ( 'NONE', #450, #2540, #970 ) ;
#45 = AXIS2_PLACEMENT_3D ( 'NONE', #1816, #257, #2311 ) ;
#46 = CARTESIAN_POINT ( 'NONE',  ( 0.2206098284205638416, 0.03271176320563395218, 0.8561267996688666226 ) ) ;
#47 = APPROVAL_STATUS ( 'not_yet_approved' ) ;
#48 = CARTESIAN_POINT ( 'NONE',  ( -0.2160413168355037605, 0.2507413184001563988, -0.3860727868149246844 ) ) ;
#49 = VECTOR ( 'NONE', #3139, 1000.000000000000227 ) ;
#50 =( GEOMETRIC_REPRESENTATION_CONTEXT ( 3 ) GLOBAL_UNCERTAINTY_ASSIGNED_CONTEXT ( ( #117 ) ) GLOBAL_UNIT_ASSIGNED_CONTEXT ( ( #386, #127, #593 ) ) REPRESENTATION_CONTEXT ( 'NONE', 'WORKASPACE' ) );
#51 = CARTESIAN_POINT ( 'NONE',  ( 0.1411711557133005779, -0.3345137755083115172, 0.6234184372614306469 ) ) ;
#52 = CARTESIAN_POINT ( 'NONE',  ( 0.06775433415947051952, -0.2817416587179583654, 0.6234184275310362677 ) ) ;
#53 = CARTESIAN_POINT ( 'NONE',  ( 0.08744571037433081229, -0.3041422752714713074, 0.5201451776880244848 ) ) ;
#54 = EDGE_LOOP ( 'NONE', ( #2483, #1733, #1817, #1574, #160, #2126, #1077 ) ) ;
#55 = CARTESIAN_POINT ( 'NONE',  ( 0.007981690714443330503, 0.02740153724774197636, 0.6792226913175692937 ) ) ;
#56 = DIRECTION ( 'NONE',  ( 0.9961946980917454342, -0.08715574274765824914, 0.000000000000000000 ) ) ;
#57 = VERTEX_POINT ( 'NONE', #1344 ) ;
#58 = CARTESIAN_POINT ( 'NONE',  ( -0.3084239695491426403, 0.07432363783870626905, -0.3860727868149265163 ) ) ;
#59 = ORIENTED_EDGE ( 'NONE', *, *, #1386, .T. ) ;
#60 = EDGE_LOOP ( 'NONE', ( #3158, #1419, #1544 ) ) ;
#61 = DIRECTION ( 'NONE',  ( -0.7660444431189782355, -0.6427876096865391409, -2.952952626703235509E-16 ) ) ;
#62 = EDGE_CURVE ( 'NONE', #618, #3104, #1775, .T. ) ;
#63 = CARTESIAN_POINT ( 'NONE',  ( -0.1892270694132782149, -0.1209535445268293125, 0.8053291312049344342 ) ) ;
#64 = EDGE_LOOP ( 'NONE', ( #3290, #223, #1517, #3008, #636, #3082 ) ) ;
#65 = EDGE_CURVE ( 'NONE', #1140, #2849, #2200, .T. ) ;
#66 = CARTESIAN_POINT ( 'NONE',  ( -0.2644396732432909292, 0.2763566262757623515, -0.4641566229612887340 ) ) ;
#67 = DIRECTION ( 'NONE',  ( -7.228261246380429926E-17, 1.543945040340209950E-16, 1.000000000000000000 ) ) ;
#68 = B_SPLINE_CURVE_WITH_KNOTS ( 'NONE', 3,
 ( #6, #277, #1291, #2481, #914, #640, #125 ),
 .UNSPECIFIED., .F., .F.,
 ( 4, 3, 4 ),
 ( 2.490673517918549570E-05, 4.751824332372934438E-05, 5.273414929610186223E-05 ),
 .UNSPECIFIED. ) ;
#69 = CARTESIAN_POINT ( 'NONE',  ( 0.1102267757933074604, -0.3214283326035890509, 0.6234184059572895897 ) ) ;
#70 = ADVANCED_FACE ( 'NONE', ( #1658 ), #1384, .F. ) ;
#71 = CARTESIAN_POINT ( 'NONE',  ( 0.03059702840943312810, 0.3066518011985985281, 0.4576412525482470572 ) ) ;
#72 = CARTESIAN_POINT ( 'NONE',  ( 0.1010173465038074897, -0.3151350895764503668, 0.5202111378766618444 ) ) ;
#73 = ORIENTED_EDGE ( 'NONE', *, *, #3087, .T. ) ;
#74 = CARTESIAN_POINT ( 'NONE',  ( -0.1006701539303797716, -0.2252947046871828507, 0.4703113787665070822 ) ) ;
#75 = CARTESIAN_POINT ( 'NONE',  ( 0.2597071933427466117, -0.3079576141009529588, 0.4576412525482470572 ) ) ;
#76 = LINE ( 'NONE', #2633, #1602 ) ;
#77 = ORIENTED_EDGE ( 'NONE', *, *, #2832, .F. ) ;
#78 = CARTESIAN_POINT ( 'NONE',  ( -0.05603430721327895547, 0.3101310413921216647, -0.3417933319804291603 ) ) ;
#79 = CARTESIAN_POINT ( 'NONE',  ( -0.3105894050786727756, 0.08676344002808640543, -0.6504596527268219353 ) ) ;
#80 = CARTESIAN_POINT ( 'NONE',  ( -0.07085130256455429709, -0.2117450443974019103, 0.6809997518104230485 ) ) ;
#81 = EDGE_LOOP ( 'NONE', ( #2728, #809, #1946, #515 ) ) ;
#82 = FACE_OUTER_BOUND ( 'NONE', #1255, .T. ) ;
#83 = CALENDAR_DATE ( 2026, 29, 6 ) ;
#84 = CARTESIAN_POINT ( 'NONE',  ( -0.004502013755334344572, -0.1327871271298441957, 0.1621382881024046041 ) ) ;
#85 = CARTESIAN_POINT ( 'NONE',  ( 0.2196659304970354776, -0.1440242160222965639, 0.5204227185946080914 ) ) ;
#86 = CARTESIAN_POINT ( 'NONE',  ( 0.1447061578684643302, -0.2935671939162721733, 0.5879580729731963551 ) ) ;
#87 = CARTESIAN_POINT ( 'NONE',  ( 0.2511770484943386395, -0.3159702910904866324, 0.5207759521681498693 ) ) ;
#88 = EDGE_CURVE ( 'NONE', #2849, #1140, #2156, .T. ) ;
#89 = CARTESIAN_POINT ( 'NONE',  ( 0.02044160024052559324, -0.2253565380946023211, 0.5197859690535201471 ) ) ;
#90 = DIRECTION ( 'NONE',  ( 1.292953083215570031E-16, 2.289719977101810294E-16, 1.000000000000000000 ) ) ;
#91 = ORIENTED_EDGE ( 'NONE', *, *, #13, .F. ) ;
#92 = CARTESIAN_POINT ( 'NONE',  ( -0.2713979795838906139, 0.1347495268018404357, -0.4177039301764354784 ) ) ;
#93 = CARTESIAN_POINT ( 'NONE',  ( 0.3084443370115437233, -0.2390842852094365589, 0.5900990522043227937 ) ) ;
#94 = CARTESIAN_POINT ( 'NONE',  ( 0.2765828651081555511, -0.1242320074809724895, 0.5891492002289653307 ) ) ;
#95 = VECTOR ( 'NONE', #1962, 1000.000000000000114 ) ;
#96 = ORIENTED_EDGE ( 'NONE', *, *, #2448, .T. ) ;
#97 = AXIS2_PLACEMENT_3D ( 'NONE', #2749, #1231, #3263 ) ;
#98 = CARTESIAN_POINT ( 'NONE',  ( -0.2715805146145871540, 0.2542697629388400160, -0.5043525299480273727 ) ) ;
#99 = DIRECTION ( 'NONE',  ( 2.159011887891894950E-17, 1.448607047974698085E-17, 1.000000000000000000 ) ) ;
#100 = DIRECTION ( 'NONE',  ( 1.000000000000000000, 0.000000000000000000, 0.000000000000000000 ) ) ;
#101 = AXIS2_PLACEMENT_3D ( 'NONE', #2186, #1336, #111 ) ;
#102 = DIRECTION ( 'NONE',  ( 0.6427876096865393629, -0.7660444431189779024, 0.000000000000000000 ) ) ;
#103 = CARTESIAN_POINT ( 'NONE',  ( 0.1070774638678524959, -0.1192137956228253720, 0.8867604301865297245 ) ) ;
#104 = VECTOR ( 'NONE', #3299, 1000.000000000000000 ) ;
#105 = CARTESIAN_POINT ( 'NONE',  ( 0.2688300143061713166, -0.3013165081981796223, 0.5208222051367432659 ) ) ;
#106 = ADVANCED_FACE ( 'NONE', ( #2988 ), #3171, .T. ) ;
#107 = CYLINDRICAL_SURFACE ( 'NONE', #1431, 0.1047057748036452490 ) ;
#108 = CARTESIAN_POINT ( 'NONE',  ( 0.2758562834369721606, -0.1235850262089478319, 0.8344075427847065241 ) ) ;
#109 = CARTESIAN_POINT ( 'NONE',  ( -0.2712554129442334983, 0.04139978252961577093, -0.3293216072772389147 ) ) ;
#110 = DIRECTION ( 'NONE',  ( 0.6427876096865393629, -0.7660444431189779024, 0.000000000000000000 ) ) ;
#111 = DIRECTION ( 'NONE',  ( -0.001527229394122780592, 0.9999988337845089337, 0.000000000000000000 ) ) ;
#112 = ADVANCED_FACE ( 'NONE', ( #2667 ), #1366, .F. ) ;
#113 = CALENDAR_DATE ( 2026, 29, 6 ) ;
#114 = CARTESIAN_POINT ( 'NONE',  ( 0.07398066964404882706, -0.2901722404944925837, 0.6234184257978121479 ) ) ;
#115 = DIRECTION ( 'NONE',  ( -3.360727410001489967E-17, -2.819985130219624827E-17, -1.000000000000000000 ) ) ;
#116 = CARTESIAN_POINT ( 'NONE',  ( 0.2519563365555663181, -0.3154264749484678720, 0.5207781348684764611 ) ) ;
#117 = UNCERTAINTY_MEASURE_WITH_UNIT (LENGTH_MEASURE( 1.000000000000000082E-05 ), #386, 'distance_accuracy_value', 'NONE');
#118 = ADVANCED_FACE ( 'NONE', ( #470 ), #1459, .T. ) ;
#119 = DIRECTION ( 'NONE',  ( 0.7660444431189782355, 0.6427876096865390299, -4.387118058474740015E-17 ) ) ;
#120 = CYLINDRICAL_SURFACE ( 'NONE', #143, 0.2792153994763875713 ) ;
#121 = VERTEX_POINT ( 'NONE', #3310 ) ;
#122 = CARTESIAN_POINT ( 'NONE',  ( -0.2614504041912937282, 0.2340457857441430589, -0.4068139310154600397 ) ) ;
#123 = ADVANCED_FACE ( 'NONE', ( #2030 ), #740, .T. ) ;
#124 = CARTESIAN_POINT ( 'NONE',  ( -0.2715812723213066326, 0.2547658939320877614, -0.5046241708875658372 ) ) ;
#125 = CARTESIAN_POINT ( 'NONE',  ( 0.2160186071590730339, 0.01775990475415479067, 0.7887523149099663344 ) ) ;
#126 = CARTESIAN_POINT ( 'NONE',  ( 0.2040584737885096089, -0.01784651299230417820, 0.8344075427847065241 ) ) ;
#127 =( NAMED_UNIT ( * ) PLANE_ANGLE_UNIT ( ) SI_UNIT ( $, .RADIAN. ) );
#128 = EDGE_CURVE ( 'NONE', #672, #2514, #367, .T. ) ;
#129 = CARTESIAN_POINT ( 'NONE',  ( 0.09851686419396757377, -0.3137838233376727404, 0.6234184448096289355 ) ) ;
#130 = DIRECTION ( 'NONE',  ( 0.000000000000000000, -3.529882049009264862E-16, -1.000000000000000000 ) ) ;
#131 = CARTESIAN_POINT ( 'NONE',  ( 0.2065950177146061995, -0.3357694420661898604, 0.5206356455464862254 ) ) ;
#132 = CARTESIAN_POINT ( 'NONE',  ( 0.2379102454880888395, 0.05875137092645910109, 0.7430114017666882287 ) ) ;
#133 = DIRECTION ( 'NONE',  ( 0.6427876096865393629, -0.7660444431189779024, 0.000000000000000000 ) ) ;
#134 = CARTESIAN_POINT ( 'NONE',  ( 0.1750376239503136089, -0.2095988419991991480, 0.3937707404860333327 ) ) ;
#135 = ORIENTED_EDGE ( 'NONE', *, *, #1041, .T. ) ;
#136 = CARTESIAN_POINT ( 'NONE',  ( 0.2380895142108644114, 0.05898768952995928072, 0.6671981114733316343 ) ) ;
#137 = CARTESIAN_POINT ( 'NONE',  ( 0.2767694973435739780, -0.1242375694102910016, 0.5552545813129677876 ) ) ;
#138 = EDGE_CURVE ( 'NONE', #2450, #1909, #1391, .T. ) ;
#139 = ORIENTED_EDGE ( 'NONE', *, *, #3063, .F. ) ;
#140 = VERTEX_POINT ( 'NONE', #3178 ) ;
#141 = LINE ( 'NONE', #2537, #1392 ) ;
#142 = VECTOR ( 'NONE', #119, 1000.000000000000114 ) ;
#143 = AXIS2_PLACEMENT_3D ( 'NONE', #1139, #1426, #2194 ) ;
#144 = PLANE ( 'NONE',  #1597 ) ;
#145 = CYLINDRICAL_SURFACE ( 'NONE', #692, 0.2792153994763875713 ) ;
#146 = CARTESIAN_POINT ( 'NONE',  ( 0.2943044459320839912, -0.2658806946548402661, 0.5208694049260159664 ) ) ;
#147 = AXIS2_PLACEMENT_3D ( 'NONE', #1378, #3164, #130 ) ;
#148 = CARTESIAN_POINT ( 'NONE',  ( 0.007555264749070993505, 0.3066166110988047810, -0.3154363847520004205 ) ) ;
#149 = CARTESIAN_POINT ( 'NONE',  ( 0.3069890115502240668, -0.2119054119962819893, 0.6234183386597562659 ) ) ;
#150 = FACE_OUTER_BOUND ( 'NONE', #54, .T. ) ;
#151 = DIRECTION ( 'NONE',  ( 0.000000000000000000, 2.353352383074275983E-16, 1.000000000000000000 ) ) ;
#152 = FACE_OUTER_BOUND ( 'NONE', #2279, .T. ) ;
#153 = ORIENTED_EDGE ( 'NONE', *, *, #883, .T. ) ;
#154 = CARTESIAN_POINT ( 'NONE',  ( -0.1909727441679717752, 0.3063134129344358692, -0.4589533703390073494 ) ) ;
#155 = CARTESIAN_POINT ( 'NONE',  ( -0.2715526462398941687, 0.2507993231486351782, -0.4732709910073417681 ) ) ;
#156 = DIRECTION ( 'NONE',  ( -3.360727410001489967E-17, -2.819985130219624827E-17, -1.000000000000000000 ) ) ;
#157 = VERTEX_POINT ( 'NONE', #2132 ) ;
#158 = B_SPLINE_CURVE_WITH_KNOTS ( 'NONE', 3,
 ( #1045, #752, #1538, #1028, #2823, #1857, #1315, #1521, #1580, #2045, #769, #48 ),
 .UNSPECIFIED., .F., .F.,
 ( 4, 2, 2, 2, 2, 4 ),
 ( 0.000000000000000000, 0.1250000000000001665, 0.2500000000000003331, 0.3750000000000004996, 0.5000000000000006661, 1.000000000000000000 ),
 .UNSPECIFIED. ) ;
#159 = ADVANCED_FACE ( 'NONE', ( #2596 ), #2576, .T. ) ;
#160 = ORIENTED_EDGE ( 'NONE', *, *, #235, .T. ) ;
#161 = CARTESIAN_POINT ( 'NONE',  ( -0.2160413168355037605, 0.2507413184001563988, -0.3860727868149246844 ) ) ;
#162 = ADVANCED_FACE ( 'NONE', ( #241 ), #1618, .F. ) ;
#163 = CC_DESIGN_PERSON_AND_ORGANIZATION_ASSIGNMENT ( #1617, #2408, ( #1118 ) ) ;
#164 = DIRECTION ( 'NONE',  ( -0.9999988337845089337, -0.001527229394122710769, 0.000000000000000000 ) ) ;
#165 = CYLINDRICAL_SURFACE ( 'NONE', #2911, 0.05235288740182258288 ) ;
#166 = CARTESIAN_POINT ( 'NONE',  ( 0.2160186071590730339, 0.01775990475415479067, 0.7887523149099663344 ) ) ;
#167 = EDGE_CURVE ( 'NONE', #332, #603, #2860, .T. ) ;
#168 = CARTESIAN_POINT ( 'NONE',  ( -0.04297570878753351892, -0.3126720008996674571, 0.8344075427847065241 ) ) ;
#169 = CARTESIAN_POINT ( 'NONE',  ( 0.2417290029514475858, -0.08224458388035491008, 0.5204211306612648302 ) ) ;
#170 = LINE ( 'NONE', #1463, #534 ) ;
#171 = VERTEX_POINT ( 'NONE', #2968 ) ;
#172 = EDGE_CURVE ( 'NONE', #966, #2308, #1674, .T. ) ;
#173 = CARTESIAN_POINT ( 'NONE',  ( -0.2262718137209829006, 0.2227548751472640531, -0.3727945969931880099 ) ) ;
#174 = LINE ( 'NONE', #1550, #848 ) ;
#175 = VERTEX_POINT ( 'NONE', #2544 ) ;
#176 = ORIENTED_EDGE ( 'NONE', *, *, #3167, .F. ) ;
#177 = CARTESIAN_POINT ( 'NONE',  ( 0.3170434912330996613, -0.009758672154202006552, 0.8344075427847065241 ) ) ;
#178 = PLANE ( 'NONE',  #788 ) ;
#179 = CARTESIAN_POINT ( 'NONE',  ( 0.2287427680050345136, 0.04454506979071796297, 0.6781464723937135064 ) ) ;
#180 = CARTESIAN_POINT ( 'NONE',  ( 0.2971889236054827133, -0.1573150604902447680, 0.5207318644226668347 ) ) ;
#181 = ADVANCED_FACE ( 'NONE', ( #906 ), #599, .F. ) ;
#182 = CARTESIAN_POINT ( 'NONE',  ( 0.1750376239503136089, -0.2095988419991991480, 0.3937707404860333327 ) ) ;
#183 = DIRECTION ( 'NONE',  ( 0.000000000000000000, -2.150468174929300016E-16, -1.000000000000000000 ) ) ;
#184 = DIRECTION ( 'NONE',  ( 4.783814894470229619E-17, 6.260064818712389649E-17, 1.000000000000000000 ) ) ;
#185 = CARTESIAN_POINT ( 'NONE',  ( 0.2379642792541855068, 0.05881834314446020978, 0.4714605967348012849 ) ) ;
#186 = CARTESIAN_POINT ( 'NONE',  ( 0.2382385021718602669, 0.05919432887066989474, 0.4680425930771712206 ) ) ;
#187 = VERTEX_POINT ( 'NONE', #2705 ) ;
#188 = B_SPLINE_CURVE_WITH_KNOTS ( 'NONE', 3,
 ( #3300, #1512, #1763, #975, #2814, #2799, #3253, #477, #1497, #1234, #2292, #3315, #2036, #987, #1970, #3065, #745, #1781, #926, #2379, #811, #3095, #3330, #564, #1809 ),
 .UNSPECIFIED., .F., .F.,
 ( 4, 3, 3, 3, 3, 3, 3, 3, 4 ),
 ( -9.317362419797303730E-20, 8.968705488176808595E-06, 1.511933677470888782E-05, 1.924905972090692205E-05, 2.200832940516019563E-05, 2.444254870987875661E-05, 2.556494745435847980E-05, 2.649575747956133730E-05, 2.713329589415935277E-05 ),
 .UNSPECIFIED. ) ;
#189 = EDGE_LOOP ( 'NONE', ( #346, #320, #260, #3085 ) ) ;
#190 = ORIENTED_EDGE ( 'NONE', *, *, #870, .F. ) ;
#191 = CARTESIAN_POINT ( 'NONE',  ( 0.2763907229372080110, -0.1242222745750286850, 0.6234183948863996072 ) ) ;
#192 = VECTOR ( 'NONE', #3080, 1000.000000000000000 ) ;
#193 = AXIS2_PLACEMENT_3D ( 'NONE', #2121, #825, #830 ) ;
#194 = DIRECTION ( 'NONE',  ( 0.6427876096865393629, -0.7660444431189779024, 0.000000000000000000 ) ) ;
#195 = DIRECTION ( 'NONE',  ( -0.001527229394122780592, 0.9999988337845089337, 0.000000000000000000 ) ) ;
#196 = CYLINDRICAL_SURFACE ( 'NONE', #1212, 0.05235288740182260370 ) ;
#197 = AXIS2_PLACEMENT_3D ( 'NONE', #55, #1073, #2124 ) ;
#198 = DIRECTION ( 'NONE',  ( 1.285609448291217972E-17, 1.469458323489273804E-16, 1.000000000000000000 ) ) ;
#199 = EDGE_CURVE ( 'NONE', #978, #2867, #3, .T. ) ;
#200 = FACE_OUTER_BOUND ( 'NONE', #3209, .T. ) ;
#201 = VECTOR ( 'NONE', #2739, 1000.000000000000114 ) ;
#202 = CARTESIAN_POINT ( 'NONE',  ( 0.07338059056408707814, 0.3067171415885082131, 0.6078940288234704337 ) ) ;
#203 = CARTESIAN_POINT ( 'NONE',  ( 0.2238377031173581222, 0.03522635857408367571, 0.4987575181421465276 ) ) ;
#204 = CARTESIAN_POINT ( 'NONE',  ( 0.2382429854086280385, 0.05918898595714501554, 0.5835452827869418435 ) ) ;
#205 = ORIENTED_EDGE ( 'NONE', *, *, #2297, .F. ) ;
#206 = ORIENTED_EDGE ( 'NONE', *, *, #2246, .T. ) ;
#207 = EDGE_CURVE ( 'NONE', #1771, #3027, #925, .T. ) ;
#208 = ORIENTED_EDGE ( 'NONE', *, *, #521, .F. ) ;
#209 = DIRECTION ( 'NONE',  ( 1.285609448291217972E-17, 1.469458323489273804E-16, 1.000000000000000000 ) ) ;
#210 = DIRECTION ( 'NONE',  ( 0.6427876096865393629, -0.7660444431189779024, 0.000000000000000000 ) ) ;
#211 = CARTESIAN_POINT ( 'NONE',  ( 0.2220956107413088743, 0.03074197013708897253, 0.6827427402626189412 ) ) ;
#212 = CARTESIAN_POINT ( 'NONE',  ( -0.06102757295370581786, 0.3050466860782164447, -0.3467540223472496130 ) ) ;
#213 = CARTESIAN_POINT ( 'NONE',  ( 0.3062939949811958051, -0.1943901223698501490, 0.6234183492954721295 ) ) ;
#214 = PLANE ( 'NONE',  #97 ) ;
#215 = CARTESIAN_POINT ( 'NONE',  ( 0.2623299001596491320, -0.1948691551420461132, 0.5206523476205717760 ) ) ;
#216 = ORIENTED_EDGE ( 'NONE', *, *, #993, .F. ) ;
#217 = CARTESIAN_POINT ( 'NONE',  ( -0.2476644017243062601, 0.1817155741785931589, -0.3644455012990325815 ) ) ;
#218 = CARTESIAN_POINT ( 'NONE',  ( 0.1677615139073178885, -0.3438201745045082469, 0.6239971541127513621 ) ) ;
#219 = EDGE_LOOP ( 'NONE', ( #1749, #2335, #551, #1788 ) ) ;
#220 = EDGE_LOOP ( 'NONE', ( #1552, #294, #2994, #1277 ) ) ;
#221 = APPROVAL ( #47, '未' ) ;
#222 = CARTESIAN_POINT ( 'NONE',  ( -0.01961018617952876505, 0.3065506717826181893, -0.3214935261535352140 ) ) ;
#223 = ORIENTED_EDGE ( 'NONE', *, *, #1630, .T. ) ;
#224 = DIRECTION ( 'NONE',  ( -7.228261246380429926E-17, 1.543945040340209950E-16, 1.000000000000000000 ) ) ;
#225 = CARTESIAN_POINT ( 'NONE',  ( 0.2193637766538464595, 0.02127631391149417336, 0.6234150515858869479 ) ) ;
#226 = DIRECTION ( 'NONE',  ( -1.286944679399165900E-17, -1.469364506284139932E-16, -1.000000000000000000 ) ) ;
#227 = CARTESIAN_POINT ( 'NONE',  ( -0.1248672348809228422, 0.3003285182242259044, -0.3797006452431361812 ) ) ;
#228 = CARTESIAN_POINT ( 'NONE',  ( 0.1784324363073495900, -0.3392130694331961238, 0.6234184027243141468 ) ) ;
#229 = FACE_OUTER_BOUND ( 'NONE', #2353, .T. ) ;
#230 = CARTESIAN_POINT ( 'NONE',  ( 0.1180395548016272278, -0.1423513360309984488, 0.5200389334660295848 ) ) ;
#231 = CARTESIAN_POINT ( 'NONE',  ( 0.2769570629622999380, -0.1242394493160011576, 0.5206107535937531949 ) ) ;
#232 = LINE ( 'NONE', #1499, #1661 ) ;
#233 = ORIENTED_EDGE ( 'NONE', *, *, #663, .F. ) ;
#234 = EDGE_LOOP ( 'NONE', ( #2553, #962, #279, #2830 ) ) ;
#235 = EDGE_CURVE ( 'NONE', #1554, #1852, #2674, .T. ) ;
#236 = CARTESIAN_POINT ( 'NONE',  ( 0.03059702840943295463, 0.3066518011985985281, 0.4576412525482470572 ) ) ;
#237 = VERTEX_POINT ( 'NONE', #1137 ) ;
#238 = EDGE_CURVE ( 'NONE', #1767, #2603, #1306, .T. ) ;
#239 = CARTESIAN_POINT ( 'NONE',  ( -0.2712336485270647191, 0.02719765201379148456, -0.3154696199499520404 ) ) ;
#240 = CARTESIAN_POINT ( 'NONE',  ( 0.2382429854086280385, 0.05918898595714484206, 0.4576412525482470572 ) ) ;
#241 = FACE_OUTER_BOUND ( 'NONE', #3149, .T. ) ;
#242 = CARTESIAN_POINT ( 'NONE',  ( 0.2716985207882036124, -0.2978467166029191149, 0.6234184959300772544 ) ) ;
#243 = CARTESIAN_POINT ( 'NONE',  ( 0.3170434912330996613, -0.009758672154202006552, 0.7887523149099658903 ) ) ;
#244 = CARTESIAN_POINT ( 'NONE',  ( -0.1011305986285015307, -0.2256012936278384007, 0.6401020705612845418 ) ) ;
#245 = AXIS2_PLACEMENT_3D ( 'NONE', #2685, #360, #616 ) ;
#246 = FACE_OUTER_BOUND ( 'NONE', #2280, .T. ) ;
#247 = CARTESIAN_POINT ( 'NONE',  ( -0.04811559216643122860, -0.2076526603535718274, 0.5093164784918774446 ) ) ;
#248 = VERTEX_POINT ( 'NONE', #1530 ) ;
#249 = ORIENTED_EDGE ( 'NONE', *, *, #2672, .F. ) ;
#250 = B_SPLINE_CURVE_WITH_KNOTS ( 'NONE', 3,
 ( #1676, #909, #601, #2434 ),
 .UNSPECIFIED., .F., .F.,
 ( 4, 4 ),
 ( -0.6394752818861049182, 1.399642229108210012 ),
 .UNSPECIFIED. ) ;
#251 = AXIS2_PLACEMENT_3D ( 'NONE', #591, #2389, #1898 ) ;
#252 = ORIENTED_EDGE ( 'NONE', *, *, #2448, .F. ) ;
#253 = CARTESIAN_POINT ( 'NONE',  ( 0.2381961788709595906, 0.05913556168084434239, 0.7719963509393442669 ) ) ;
#254 = ORIENTED_EDGE ( 'NONE', *, *, #754, .T. ) ;
#255 = LINE ( 'NONE', #660, #1107 ) ;
#256 = VECTOR ( 'NONE', #3313, 1000.000000000000227 ) ;
#257 = DIRECTION ( 'NONE',  ( -1.286944679399165900E-17, -1.469364506284139932E-16, -1.000000000000000000 ) ) ;
#258 = LOCAL_TIME ( 12, 58, 33.00000000000000000, #337 ) ;
#259 = ADVANCED_FACE ( 'NONE', ( #3135 ), #355, .T. ) ;
#260 = ORIENTED_EDGE ( 'NONE', *, *, #681, .F. ) ;
#261 = DIRECTION ( 'NONE',  ( 0.001527229394122749367, -0.9999988337845088227, 1.398957135656305580E-16 ) ) ;
#262 = LINE ( 'NONE', #2316, #3190 ) ;
#263 = PRODUCT_DEFINITION_SHAPE ( 'NONE', 'NONE',  #2318 ) ;
#264 = EDGE_CURVE ( 'NONE', #816, #749, #1380, .T. ) ;
#265 = CARTESIAN_POINT ( 'NONE',  ( 0.1703321242432221383, 0.002205007400321347833, 0.6234183948890671401 ) ) ;
#266 = CARTESIAN_POINT ( 'NONE',  ( 0.1889317281190142639, -0.3385937971839369509, 0.6234183936328606679 ) ) ;
#267 = CARTESIAN_POINT ( 'NONE',  ( 0.2382429854086280385, 0.05918898595714511268, 0.7463639313041621204 ) ) ;
#268 = CARTESIAN_POINT ( 'NONE',  ( -0.1012600985051529678, -0.2256879265384585109, 0.6406083753422476823 ) ) ;
#269 = B_SPLINE_CURVE_WITH_KNOTS ( 'NONE', 3,
 ( #3124, #2315, #1578, #1537 ),
 .UNSPECIFIED., .F., .F.,
 ( 4, 4 ),
 ( 0.9902353283345670665, 1.580450223659299880 ),
 .UNSPECIFIED. ) ;
#270 = ADVANCED_FACE ( 'NONE', ( #1347 ), #1092, .T. ) ;
#271 = CARTESIAN_POINT ( 'NONE',  ( 0.2320098824327560816, -0.2781734432005631974, 0.5201401439010368000 ) ) ;
#272 = DIRECTION ( 'NONE',  ( 7.228261246380429926E-17, -1.543945040340209950E-16, -1.000000000000000000 ) ) ;
#273 = EDGE_LOOP ( 'NONE', ( #2418, #321, #2772, #2172 ) ) ;
#274 = CARTESIAN_POINT ( 'NONE',  ( -0.1936979035195559584, 0.2523840690962481093, -0.3711176917171343792 ) ) ;
#275 = ORIENTED_EDGE ( 'NONE', *, *, #1603, .T. ) ;
#276 = VERTEX_POINT ( 'NONE', #3197 ) ;
#277 = CARTESIAN_POINT ( 'NONE',  ( 0.2228224090090556719, 0.03644398403761399396, 0.7860413046584187047 ) ) ;
#278 = CARTESIAN_POINT ( 'NONE',  ( -0.1009869871329464597, -0.2255055459874555912, 0.7444814716908908503 ) ) ;
#279 = ORIENTED_EDGE ( 'NONE', *, *, #2567, .F. ) ;
#280 = EDGE_LOOP ( 'NONE', ( #1451, #1585, #1038, #2711 ) ) ;
#281 = CARTESIAN_POINT ( 'NONE',  ( -0.2278148882524420049, 0.2184378917365550343, -0.3709272846701883175 ) ) ;
#282 = CARTESIAN_POINT ( 'NONE',  ( -0.1012600985051553271, -0.2256879265384597322, 0.7540116441027668870 ) ) ;
#283 = CARTESIAN_POINT ( 'NONE',  ( 0.1924286311329089505, -0.3382464907857919978, 0.6234183919883544700 ) ) ;
#284 = CARTESIAN_POINT ( 'NONE',  ( -0.09786555627598068907, -0.2235035766768713739, 0.7755143533148446400 ) ) ;
#285 = CYLINDRICAL_SURFACE ( 'NONE', #193, 0.01745096246727418157 ) ;
#286 = CARTESIAN_POINT ( 'NONE',  ( 0.1259179846060239361, -0.3289905293757570681, 0.5203235232608780514 ) ) ;
#287 = ADVANCED_FACE ( 'NONE', ( #1923 ), #3174, .F. ) ;
#288 = ORIENTED_EDGE ( 'NONE', *, *, #2263, .T. ) ;
#289 = DIRECTION ( 'NONE',  ( 0.6427876096865393629, -0.7660444431189779024, 0.000000000000000000 ) ) ;
#290 = CARTESIAN_POINT ( 'NONE',  ( -0.03772461887810973913, -0.2075736886675062787, 0.8402220562464831621 ) ) ;
#291 = ORIENTED_EDGE ( 'NONE', *, *, #1646, .T. ) ;
#292 = EDGE_CURVE ( 'NONE', #1851, #26, #2693, .T. ) ;
#293 = CARTESIAN_POINT ( 'NONE',  ( 0.007555264749071164375, 0.3066166110988047810, -0.3154363847520004205 ) ) ;
#294 = ORIENTED_EDGE ( 'NONE', *, *, #1055, .T. ) ;
#295 = ORIENTED_EDGE ( 'NONE', *, *, #2976, .T. ) ;
#296 = CARTESIAN_POINT ( 'NONE',  ( 0.2143742371536744296, -0.004967465050847054767, 0.6234183948890669180 ) ) ;
#297 = EDGE_CURVE ( 'NONE', #299, #414, #1627, .T. ) ;
#298 = FACE_OUTER_BOUND ( 'NONE', #234, .T. ) ;
#299 = VERTEX_POINT ( 'NONE', #639 ) ;
#300 = CARTESIAN_POINT ( 'NONE',  ( 0.2337300602386707671, 0.05373266389059417475, 0.8749476966986917681 ) ) ;
#301 = CARTESIAN_POINT ( 'NONE',  ( 0.2368213306340473945, -0.07704688974132231638, 0.8344075427847065241 ) ) ;
#302 = CARTESIAN_POINT ( 'NONE',  ( 0.2847127541654200233, -0.2815091517254043607, 0.6234184632546718730 ) ) ;
#303 = CARTESIAN_POINT ( 'NONE',  ( 0.1253044267589640548, -0.03604305851192847465, 0.7390750765436973069 ) ) ;
#304 = CARTESIAN_POINT ( 'NONE',  ( 0.1525829212671520607, -0.3370462459712714742, 0.5204346347889162727 ) ) ;
#305 = EDGE_CURVE ( 'NONE', #237, #2010, #514, .T. ) ;
#306 = SPHERICAL_SURFACE ( 'NONE', #2961, 0.2792153994763875713 ) ;
#307 = CARTESIAN_POINT ( 'NONE',  ( -0.2716598091019918337, 0.3061901851334339897, -0.5280089630422005742 ) ) ;
#308 = ORIENTED_EDGE ( 'NONE', *, *, #2071, .F. ) ;
#309 = AXIS2_PLACEMENT_3D ( 'NONE', #168, #1213, #1425 ) ;
#310 = DIRECTION ( 'NONE',  ( -0.6427876096865391409, 0.7660444431189782355, 0.000000000000000000 ) ) ;
#311 = ORIENTED_EDGE ( 'NONE', *, *, #349, .T. ) ;
#312 = AXIS2_PLACEMENT_3D ( 'NONE', #79, #1275, #2350 ) ;
#313 = CARTESIAN_POINT ( 'NONE',  ( -0.2264926931725924075, 0.2213183242125905670, -0.3711176917171343792 ) ) ;
#314 = ORIENTED_EDGE ( 'NONE', *, *, #292, .T. ) ;
#315 = ORIENTED_EDGE ( 'NONE', *, *, #207, .F. ) ;
#316 = DIRECTION ( 'NONE',  ( -0.4545194776720443697, 0.5416752204197026188, -0.7071067811865465735 ) ) ;
#317 = CARTESIAN_POINT ( 'NONE',  ( -0.1013096203497564074, -0.2257294802999990635, 0.4576412525482470572 ) ) ;
#318 = VECTOR ( 'NONE', #3338, 1000.000000000000114 ) ;
#319 = CIRCLE ( 'NONE', #1161, 0.05235288740182260370 ) ;
#320 = ORIENTED_EDGE ( 'NONE', *, *, #1887, .T. ) ;
#321 = ORIENTED_EDGE ( 'NONE', *, *, #481, .T. ) ;
#322 = CARTESIAN_POINT ( 'NONE',  ( 0.2189533131227685003, 0.02022241544590545198, 0.7289129688368877202 ) ) ;
#323 = CARTESIAN_POINT ( 'NONE',  ( 0.09913109921612799080, 0.2249760760996147579, 0.8053291312049344342 ) ) ;
#324 = DIRECTION ( 'NONE',  ( 4.783814894470229619E-17, 6.260064818712389649E-17, 1.000000000000000000 ) ) ;
#325 = CARTESIAN_POINT ( 'NONE',  ( -0.08570061395191656828, -0.2170393032422548996, 0.7816995481301486359 ) ) ;
#326 = CARTESIAN_POINT ( 'NONE',  ( 0.1110737926621190447, -0.3216452739954970275, 0.5202577643461562262 ) ) ;
#327 = ORIENTED_EDGE ( 'NONE', *, *, #2833, .F. ) ;
#328 = CARTESIAN_POINT ( 'NONE',  ( 0.2244627279960559607, 0.03626319896688402072, 0.7297599492444728497 ) ) ;
#329 = CARTESIAN_POINT ( 'NONE',  ( 0.1303890265403329918, -0.1365920334651209989, -0.6089397597484672575 ) ) ;
#330 = ORIENTED_EDGE ( 'NONE', *, *, #2297, .T. ) ;
#331 = CARTESIAN_POINT ( 'NONE',  ( -0.2376389715270484371, 0.2305204587400661587, -0.3860727868149246844 ) ) ;
#332 = VERTEX_POINT ( 'NONE', #2211 ) ;
#333 = LINE ( 'NONE', #587, #418 ) ;
#334 = DIRECTION ( 'NONE',  ( 0.000000000000000000, -1.000000000000000000, 1.543945040340209950E-16 ) ) ;
#335 = CARTESIAN_POINT ( 'NONE',  ( -0.2513134490404081989, 0.2859058774944663872, -0.4478059536595625501 ) ) ;
#336 = CARTESIAN_POINT ( 'NONE',  ( 0.1413858365971075171, -0.1694942035237994027, 0.3937707404860333327 ) ) ;
#337 = COORDINATED_UNIVERSAL_TIME_OFFSET ( 8, 0, .AHEAD. ) ;
#338 = CARTESIAN_POINT ( 'NONE',  ( 0.1042900452721226695, -0.3177494754741699845, 0.6234184220017344735 ) ) ;
#339 = CARTESIAN_POINT ( 'NONE',  ( -0.1860678379112400693, 0.2282358853693233214, -0.3154363847520004205 ) ) ;
#340 = CARTESIAN_POINT ( 'NONE',  ( 0.3040334017768736574, -0.2386365581901818689, 0.5208687174813892984 ) ) ;
#341 = LINE ( 'NONE', #864, #142 ) ;
#342 = CARTESIAN_POINT ( 'NONE',  ( -0.1210773198782868487, -0.1369760807088850063, -0.4288676407892816900 ) ) ;
#343 = EDGE_LOOP ( 'NONE', ( #1827, #854 ) ) ;
#344 = VERTEX_POINT ( 'NONE', #2463 ) ;
#345 = CARTESIAN_POINT ( 'NONE',  ( -0.2712984390442750304, 0.06957240022570722326, -0.3570227846738697197 ) ) ;
#346 = ORIENTED_EDGE ( 'NONE', *, *, #2851, .F. ) ;
#347 = CARTESIAN_POINT ( 'NONE',  ( 0.2341035010046644549, -0.3311212512041809553, 0.5203893176453637803 ) ) ;
#348 = LINE ( 'NONE', #2256, #1005 ) ;
#349 = EDGE_CURVE ( 'NONE', #121, #33, #1726, .T. ) ;
#350 = ORIENTED_EDGE ( 'NONE', *, *, #2387, .F. ) ;
#351 = CARTESIAN_POINT ( 'NONE',  ( -0.2715971820909221512, 0.2653200024393571610, -0.4842322163749482322 ) ) ;
#352 = CARTESIAN_POINT ( 'NONE',  ( -0.1013141035865245260, -0.2257241373864755651, 0.4576412525482470572 ) ) ;
#353 = PERSON_AND_ORGANIZATION ( #2789, #651 ) ;
#354 = CARTESIAN_POINT ( 'NONE',  ( 0.1250587834891661865, -0.03578383612856987639, 0.4576412525482470572 ) ) ;
#355 = B_SPLINE_SURFACE_WITH_KNOTS ( 'NONE', 3, 3, ( 
 ( #293, #1273, #761, #795, #1307, #2330, #1037, #4 ),
 ( #2848, #2087, #1590, #1023, #2634, #1832, #3152, #815 ),
 ( #832, #78, #2400, #21, #2070, #2362, #2604, #2866 ),
 ( #1850, #2586, #3100, #274, #313, #39, #777, #2620 ),
 ( #2899, #2382, #1057, #1288, #331, #2110, #58, #2883 ) ),
 .UNSPECIFIED., .F., .F., .F.,
 ( 4, 1, 4 ),
 ( 4, 1, 1, 1, 1, 4 ),
 ( 0.000000000000000000, 0.2066652000714119808, 0.4822188001666279922 ),
 ( 5.757388857622450016E-16, 1.513615276469029824, 1.639749882841450068, 1.765884489213860098, 2.522692127448380006, 3.531768978427729966 ),
 .UNSPECIFIED. ) ;
#356 =( BOUNDED_CURVE ( )  B_SPLINE_CURVE ( 3, ( #580, #1605, #2304, #2051 ),
 .UNSPECIFIED., .F., .T. ) 
 B_SPLINE_CURVE_WITH_KNOTS ( ( 4, 4 ),
 ( 4.712388980386600146, 4.728712416702539834 ),
 .UNSPECIFIED. ) 
 CURVE ( )  GEOMETRIC_REPRESENTATION_ITEM ( )  RATIONAL_B_SPLINE_CURVE ( ( 1.000000000000000000, 0.9999777955754969305, 0.9999777955754969305, 1.000000000000000000 ) ) 
 REPRESENTATION_ITEM ( '' )  );
#357 = DIRECTION ( 'NONE',  ( -0.7945595011058940171, 0.6071862969487641370, 0.000000000000000000 ) ) ;
#358 = FACE_OUTER_BOUND ( 'NONE', #1659, .T. ) ;
#359 = CARTESIAN_POINT ( 'NONE',  ( 0.2284769759406818090, -0.3285759920788866029, 0.5207079582970001175 ) ) ;
#360 = DIRECTION ( 'NONE',  ( 3.360727410001489967E-17, 2.819985130219624827E-17, 1.000000000000000000 ) ) ;
#361 = CARTESIAN_POINT ( 'NONE',  ( 0.05466299369717850937, 0.2779711006076810431, 0.7522662555026367048 ) ) ;
#362 = ORIENTED_EDGE ( 'NONE', *, *, #537, .T. ) ;
#363 = AXIS2_PLACEMENT_3D ( 'NONE', #3084, #1799, #2196 ) ;
#364 = CARTESIAN_POINT ( 'NONE',  ( -0.2712333831366199877, 0.02697511128236965497, -0.3154363847520004205 ) ) ;
#365 = CARTESIAN_POINT ( 'NONE',  ( 0.1698561917472836413, -0.3438879685400467734, 0.5893528737503143100 ) ) ;
#366 = VECTOR ( 'NONE', #3144, 1000.000000000000114 ) ;
#367 = LINE ( 'NONE', #2150, #2521 ) ;
#368 = ORIENTED_EDGE ( 'NONE', *, *, #738, .F. ) ;
#369 = VECTOR ( 'NONE', #2125, 1000.000000000000000 ) ;
#370 = FACE_OUTER_BOUND ( 'NONE', #1734, .T. ) ;
#371 = CARTESIAN_POINT ( 'NONE',  ( -0.03725520440541319617, -0.1368480649609637445, -0.4288676407892816900 ) ) ;
#372 = ADVANCED_FACE ( 'NONE', ( #1387 ), #3200, .F. ) ;
#373 = CIRCLE ( 'NONE', #1718, 0.2792153994763875713 ) ;
#374 = CARTESIAN_POINT ( 'NONE',  ( 0.1214630534028595249, -0.3273123941628751088, 0.6234184096956087995 ) ) ;
#375 = CARTESIAN_POINT ( 'NONE',  ( 0.09667358250908492101, 0.3067527153719702970, -0.1333646763434380711 ) ) ;
#376 = AXIS2_PLACEMENT_3D ( 'NONE', #3273, #2486, #446 ) ;
#377 = CARTESIAN_POINT ( 'NONE',  ( 0.3037872269594962260, -0.2396364105156894853, 0.5208691595379963957 ) ) ;
#378 = EDGE_CURVE ( 'NONE', #2008, #717, #2942, .T. ) ;
#379 = DIRECTION ( 'NONE',  ( -7.280683935136020121E-17, 1.456136787027204024E-16, 1.000000000000000000 ) ) ;
#380 = CARTESIAN_POINT ( 'NONE',  ( 0.07380701652945927116, 0.02750206773744461389, 0.6078940288234704337 ) ) ;
#381 = ORIENTED_EDGE ( 'NONE', *, *, #2928, .T. ) ;
#382 = EDGE_CURVE ( 'NONE', #1130, #1514, #188, .T. ) ;
#383 = DIRECTION ( 'NONE',  ( -0.001527229394122699927, 0.9999988337845089337, -1.545047161071977709E-16 ) ) ;
#384 = CARTESIAN_POINT ( 'NONE',  ( 0.2623299001596491320, -0.1948691551420461132, 0.5201401439010368000 ) ) ;
#385 = DIRECTION ( 'NONE',  ( -0.7945595011058940171, 0.6071862969487641370, 0.000000000000000000 ) ) ;
#386 =( LENGTH_UNIT ( ) NAMED_UNIT ( * ) SI_UNIT ( .MILLI., .METRE. ) );
#387 = CARTESIAN_POINT ( 'NONE',  ( 0.1128762885935287591, -0.3229726359577523853, 0.6234184019692022849 ) ) ;
#388 = B_SPLINE_CURVE_WITH_KNOTS ( 'NONE', 3,
 ( #976, #1988, #2530, #3331 ),
 .UNSPECIFIED., .F., .F.,
 ( 4, 4 ),
 ( 0.000000000000000000, 1.000000000000000000 ),
 .UNSPECIFIED. ) ;
#389 = CARTESIAN_POINT ( 'NONE',  ( 0.2320098824327560816, -0.2781734432005631974, 0.5206523492658464702 ) ) ;
#390 = CARTESIAN_POINT ( 'NONE',  ( 0.2759744839621136592, -0.2936594126195586907, 0.5208385626822437109 ) ) ;
#391 = DIRECTION ( 'NONE',  ( 0.4088713031476791104, -0.4076243255690859546, 0.8164965809277260345 ) ) ;
#392 = EDGE_CURVE ( 'NONE', #1059, #2571, #3112, .T. ) ;
#393 = CYLINDRICAL_SURFACE ( 'NONE', #2262, 0.2792153994763875713 ) ;
#394 = EDGE_LOOP ( 'NONE', ( #1567, #2827, #2022, #36 ) ) ;
#395 = B_SPLINE_CURVE_WITH_KNOTS ( 'NONE', 3,
 ( #1594, #2170, #94, #2130 ),
 .UNSPECIFIED., .F., .F.,
 ( 4, 4 ),
 ( 0.7503694811377169538, 1.339501469167150072 ),
 .UNSPECIFIED. ) ;
#396 = CARTESIAN_POINT ( 'NONE',  ( -0.2712336153133144689, 0.02712446696707816046, -0.3155456604947886601 ) ) ;
#397 = EDGE_CURVE ( 'NONE', #549, #2349, #1846, .T. ) ;
#398 = CARTESIAN_POINT ( 'NONE',  ( 0.2763844135257342849, -0.1242219535481248610, 0.6245434766421918971 ) ) ;
#399 = VERTEX_POINT ( 'NONE', #231 ) ;
#400 = DIRECTION ( 'NONE',  ( 4.517132638116880001E-17, 5.162645788273069959E-17, 1.000000000000000000 ) ) ;
#401 = CARTESIAN_POINT ( 'NONE',  ( 0.3059616623041455652, -0.2191149159852913419, 0.7887523149099658903 ) ) ;
#402 = CARTESIAN_POINT ( 'NONE',  ( -0.2716598091019924999, 0.3061901851334326574, -0.5162504112891296293 ) ) ;
#403 = CARTESIAN_POINT ( 'NONE',  ( 0.3008977929814012353, -0.2496291568986781506, 0.5208719615417662929 ) ) ;
#404 = CARTESIAN_POINT ( 'NONE',  ( 0.2997278275692443206, -0.2515361070158785850, 0.6234184541010101555 ) ) ;
#405 = CARTESIAN_POINT ( 'NONE',  ( 0.2165947924746252917, -0.02707230335786998260, 0.5202513947382517712 ) ) ;
#406 = CARTESIAN_POINT ( 'NONE',  ( 0.1755777249597303136, -0.2076960179124539285, 0.7887523149099658903 ) ) ;
#407 = ORIENTED_EDGE ( 'NONE', *, *, #2677, .T. ) ;
#408 = ADVANCED_FACE ( 'NONE', ( #790 ), #757, .F. ) ;
#409 = CARTESIAN_POINT ( 'NONE',  ( 0.2362083984528936531, 0.05645407539296133648, 0.6710735792025371849 ) ) ;
#410 = CYLINDRICAL_SURFACE ( 'NONE', #2476, 0.05235288740182260370 ) ;
#411 = CC_DESIGN_PERSON_AND_ORGANIZATION_ASSIGNMENT ( #1915, #1928, ( #2412 ) ) ;
#412 = VECTOR ( 'NONE', #1872, 1000.000000000000114 ) ;
#413 = EDGE_LOOP ( 'NONE', ( #1072, #1348, #497, #1024, #2790, #2088 ) ) ;
#414 = VERTEX_POINT ( 'NONE', #3150 ) ;
#415 = FACE_OUTER_BOUND ( 'NONE', #1467, .T. ) ;
#416 = AXIS2_PLACEMENT_3D ( 'NONE', #2164, #391, #2702 ) ;
#417 = EDGE_CURVE ( 'NONE', #2571, #121, #3191, .T. ) ;
#418 = VECTOR ( 'NONE', #3102, 1000.000000000000000 ) ;
#419 = LINE ( 'NONE', #1703, #95 ) ;
#420 = CARTESIAN_POINT ( 'NONE',  ( -0.04297570878753351892, -0.3126720008996674571, 0.6832577409621463094 ) ) ;
#421 = CARTESIAN_POINT ( 'NONE',  ( 0.2853515142238104985, -0.1353372588624562334, 0.5206574122347870093 ) ) ;
#422 = CIRCLE ( 'NONE', #2101, 0.05758817614200475304 ) ;
#423 = CARTESIAN_POINT ( 'NONE',  ( 0.2084553613311608544, -0.04322849736054974051, 0.8344075427847065241 ) ) ;
#424 = CARTESIAN_POINT ( 'NONE',  ( -0.2145869510408577319, 0.2926688271225180715, -0.4246008798470554679 ) ) ;
#425 = CARTESIAN_POINT ( 'NONE',  ( 0.3065717395399090162, -0.1978711802353826932, 0.6234183404923264726 ) ) ;
#426 = CARTESIAN_POINT ( 'NONE',  ( 0.2324411652215225554, -0.06991751521315896223, 0.5203694218141354799 ) ) ;
#427 = CARTESIAN_POINT ( 'NONE',  ( -0.05364025550151087923, -0.2085107474480259737, 0.6832577409621463094 ) ) ;
#428 = ORIENTED_EDGE ( 'NONE', *, *, #2922, .T. ) ;
#429 = AXIS2_PLACEMENT_3D ( 'NONE', #1840, #1804, #558 ) ;
#430 = CARTESIAN_POINT ( 'NONE',  ( -0.2187292840853278797, 0.2885613256912636926, -0.4114103003574417494 ) ) ;
#431 = DIRECTION ( 'NONE',  ( -7.228261246380429926E-17, 1.543945040340209950E-16, 1.000000000000000000 ) ) ;
#432 = EDGE_LOOP ( 'NONE', ( #480, #2618, #2352, #2587 ) ) ;
#433 = ORIENTED_EDGE ( 'NONE', *, *, #2313, .F. ) ;
#434 = EDGE_CURVE ( 'NONE', #1225, #2867, #2082, .T. ) ;
#435 = CARTESIAN_POINT ( 'NONE',  ( 0.2896446263493883677, -0.2828371251066844616, 0.5464666620746825298 ) ) ;
#436 = FACE_OUTER_BOUND ( 'NONE', #3179, .T. ) ;
#437 = CARTESIAN_POINT ( 'NONE',  ( 0.2597163435234429718, -0.3079499361877049979, 0.7289129688368877202 ) ) ;
#438 = CARTESIAN_POINT ( 'NONE',  ( -0.001067573699139766092, -0.1416164159270115186, 0.8869930713520626231 ) ) ;
#439 = CARTESIAN_POINT ( 'NONE',  ( 0.2783418817645685328, -0.1265481600185379973, 0.6234183948788690754 ) ) ;
#440 = CARTESIAN_POINT ( 'NONE',  ( 0.01138683512728696882, -0.1510901619406943286, 0.5043805588799488149 ) ) ;
#441 = DIRECTION ( 'NONE',  ( -1.497969250490363965E-13, 0.000000000000000000, 1.000000000000000000 ) ) ;
#442 = CARTESIAN_POINT ( 'NONE',  ( -0.2712335530761301738, 0.02708638422696114240, -0.3154529955332081026 ) ) ;
#443 = CARTESIAN_POINT ( 'NONE',  ( 0.2382429854086280385, 0.05918898595714506411, 0.7463639313041621204 ) ) ;
#444 = ORIENTED_EDGE ( 'NONE', *, *, #1452, .F. ) ;
#445 = EDGE_LOOP ( 'NONE', ( #1608, #2821, #1207, #2943 ) ) ;
#446 = DIRECTION ( 'NONE',  ( 0.000000000000000000, 2.353352383074275983E-16, 1.000000000000000000 ) ) ;
#447 = EDGE_CURVE ( 'NONE', #1811, #1771, #2880, .T. ) ;
#448 = ORIENTED_EDGE ( 'NONE', *, *, #1460, .T. ) ;
#449 = DIRECTION ( 'NONE',  ( -3.360727410001489967E-17, -2.819985130219624827E-17, -1.000000000000000000 ) ) ;
#450 = CARTESIAN_POINT ( 'NONE',  ( 0.1750376239503136089, -0.2095988419991991480, 0.3937707404860333327 ) ) ;
#451 = CARTESIAN_POINT ( 'NONE',  ( 0.2791928704895260127, -0.1269047234220357923, 0.5206227883291547620 ) ) ;
#452 = EDGE_CURVE ( 'NONE', #3314, #414, #547, .T. ) ;
#453 = CARTESIAN_POINT ( 'NONE',  ( 0.2997553731483983408, -0.1652817365909859670, 0.6234183607892460621 ) ) ;
#454 = PLANE ( 'NONE',  #1051 ) ;
#455 = DIRECTION ( 'NONE',  ( 7.228261246380429926E-17, -1.543945040340209950E-16, -1.000000000000000000 ) ) ;
#456 = ADVANCED_FACE ( 'NONE', ( #246 ), #2601, .T. ) ;
#457 = CARTESIAN_POINT ( 'NONE',  ( -0.2387961378249243982, 0.1877161921253022447, -0.3576386053286649269 ) ) ;
#458 = CARTESIAN_POINT ( 'NONE',  ( 0.2275193055762771421, -0.06570654509550408195, 0.5830990138831182446 ) ) ;
#459 = ORIENTED_EDGE ( 'NONE', *, *, #1129, .T. ) ;
#460 = VERTEX_POINT ( 'NONE', #18 ) ;
#461 = ORIENTED_EDGE ( 'NONE', *, *, #62, .F. ) ;
#462 = ORIENTED_EDGE ( 'NONE', *, *, #2503, .T. ) ;
#463 = CARTESIAN_POINT ( 'NONE',  ( 0.2623299001596491320, -0.1948691551420461132, 0.5879580729731963551 ) ) ;
#464 = CARTESIAN_POINT ( 'NONE',  ( 0.007555264749070993505, 0.3066166110988047810, -0.3154363847520004205 ) ) ;
#465 = VERTEX_POINT ( 'NONE', #1569 ) ;
#466 = AXIS2_PLACEMENT_3D ( 'NONE', #1953, #2193, #379 ) ;
#467 = FACE_OUTER_BOUND ( 'NONE', #1200, .T. ) ;
#468 = CARTESIAN_POINT ( 'NONE',  ( 0.008227908050057965508, -0.1338165806196446317, 0.8871094282998579494 ) ) ;
#469 = AXIS2_PLACEMENT_3D ( 'NONE', #3170, #510, #829 ) ;
#470 = FACE_OUTER_BOUND ( 'NONE', #2990, .T. ) ;
#471 = CARTESIAN_POINT ( 'NONE',  ( 0.3069906394746322875, -0.2048863719848547371, 0.6234183285500328742 ) ) ;
#472 = DIRECTION ( 'NONE',  ( 0.6427876096865391409, -0.7660444431189782355, 1.647354195508801154E-16 ) ) ;
#473 = VECTOR ( 'NONE', #3307, 1000.000000000000114 ) ;
#474 = CARTESIAN_POINT ( 'NONE',  ( -0.06847807026265471941, -0.2105150671373254845, 0.8556263572510837134 ) ) ;
#475 = EDGE_CURVE ( 'NONE', #3256, #2128, #2473, .T. ) ;
#476 = VECTOR ( 'NONE', #7, 1000.000000000000000 ) ;
#477 = CARTESIAN_POINT ( 'NONE',  ( -0.09435211999042555919, -0.2214287220443727500, 0.6721392775422209143 ) ) ;
#478 = CARTESIAN_POINT ( 'NONE',  ( 0.3059616623041455652, -0.2191149159852913419, 0.8344075427847065241 ) ) ;
#479 = EDGE_LOOP ( 'NONE', ( #461, #3305, #817, #59, #2248, #667, #3252, #2636, #502, #1126, #2831, #327, #3025, #2306, #1684, #3141, #2584, #1682, #702, #2500, #1091, #233, #1622, #2027 ) ) ;
#480 = ORIENTED_EDGE ( 'NONE', *, *, #1720, .F. ) ;
#481 = EDGE_CURVE ( 'NONE', #3038, #2650, #1303, .T. ) ;
#482 = CARTESIAN_POINT ( 'NONE',  ( 0.007345438534740371048, 0.3066174849734211727, -0.3154829651765920229 ) ) ;
#483 = ORIENTED_EDGE ( 'NONE', *, *, #2575, .F. ) ;
#484 = ADVANCED_FACE ( 'NONE', ( #2359 ), #306, .T. ) ;
#485 = CARTESIAN_POINT ( 'NONE',  ( 0.1750376239503136089, -0.2095988419991991480, 0.7887523149099658903 ) ) ;
#486 = CARTESIAN_POINT ( 'NONE',  ( 0.2222810868646839522, 0.03091530038936928654, 0.6239490275513511763 ) ) ;
#487 = CARTESIAN_POINT ( 'NONE',  ( 0.2962178204095274880, -0.1550258528380139555, 0.5207250885022665088 ) ) ;
#488 = DIRECTION ( 'NONE',  ( 0.000000000000000000, -6.821794068423858838E-17, -1.000000000000000000 ) ) ;
#489 = CARTESIAN_POINT ( 'NONE',  ( 0.2985227279300008973, -0.2548349186474994088, 0.6234184409224480250 ) ) ;
#490 = CARTESIAN_POINT ( 'NONE',  ( 0.02047796802678362657, -0.1409427272011478660, 0.7289129688368877202 ) ) ;
#491 = CARTESIAN_POINT ( 'NONE',  ( -0.2711565804115724232, -0.02331375545512504727, 0.4576412525482470572 ) ) ;
#492 = ORIENTED_EDGE ( 'NONE', *, *, #2462, .T. ) ;
#493 = ADVANCED_FACE ( 'NONE', ( #1526 ), #3132, .T. ) ;
#494 = CARTESIAN_POINT ( 'NONE',  ( -0.2712333831366199877, 0.02697511128236983538, -0.3154363847520004205 ) ) ;
#495 = CARTESIAN_POINT ( 'NONE',  ( 0.1489355048230817657, -0.01574889297157719414, 0.4576411653262377754 ) ) ;
#496 = ORIENTED_EDGE ( 'NONE', *, *, #3245, .T. ) ;
#497 = ORIENTED_EDGE ( 'NONE', *, *, #2179, .F. ) ;
#498 = EDGE_CURVE ( 'NONE', #1251, #717, #356, .T. ) ;
#499 = CARTESIAN_POINT ( 'NONE',  ( -0.1414992910638999124, 0.2843353617389061117, -0.3613240685888755577 ) ) ;
#500 = ORIENTED_EDGE ( 'NONE', *, *, #2682, .T. ) ;
#501 = CARTESIAN_POINT ( 'NONE',  ( -0.06245692780140049694, -0.1925934041595478707, 0.8793547851519076808 ) ) ;
#502 = ORIENTED_EDGE ( 'NONE', *, *, #3079, .F. ) ;
#503 = CARTESIAN_POINT ( 'NONE',  ( -0.2160413168355037605, 0.2507413184001563988, -0.3860727868149246844 ) ) ;
#504 = DIRECTION ( 'NONE',  ( 0.9999988337845087116, 0.001527229394122699277, 7.204673234185018028E-17 ) ) ;
#505 = CARTESIAN_POINT ( 'NONE',  ( 0.2667994784865352353, -0.3027981239913137834, 0.6234184680269758694 ) ) ;
#506 = CARTESIAN_POINT ( 'NONE',  ( -0.08820826565493543325, -0.2182404644488129541, 0.7806011791189162441 ) ) ;
#507 = CARTESIAN_POINT ( 'NONE',  ( -0.1006716680818631471, -0.2252965148733297451, 0.6392170674293007337 ) ) ;
#508 = EDGE_LOOP ( 'NONE', ( #2549, #1403, #1700, #2112 ) ) ;
#509 = CARTESIAN_POINT ( 'NONE',  ( -0.1013127162999207104, -0.2257229733147972095, 0.4576029411402319780 ) ) ;
#510 = DIRECTION ( 'NONE',  ( -0.7660444431189782355, -0.6427876096865391409, 4.387118058474740631E-17 ) ) ;
#511 = ORIENTED_EDGE ( 'NONE', *, *, #1649, .T. ) ;
#512 = EDGE_CURVE ( 'NONE', #1059, #1453, #2828, .T. ) ;
#513 = CARTESIAN_POINT ( 'NONE',  ( 0.2304512266661793152, 0.04929411823985507118, 0.7807062274567757587 ) ) ;
#514 = B_SPLINE_CURVE_WITH_KNOTS ( 'NONE', 3,
 ( #2939, #2924, #1908, #136, #1696, #1154, #2723, #1142, #409, #619, #1643, #2977, #2688 ),
 .UNSPECIFIED., .F., .F.,
 ( 4, 3, 3, 3, 4 ),
 ( 3.298168358333884853E-19, 1.414171530292279738E-06, 3.331478126167456140E-06, 8.025618672676397997E-06, 2.240631877000891947E-05 ),
 .UNSPECIFIED. ) ;
#515 = ORIENTED_EDGE ( 'NONE', *, *, #3001, .F. ) ;
#516 = CARTESIAN_POINT ( 'NONE',  ( 0.06722239897279598531, -0.2811077230482122435, 0.7887523149099658903 ) ) ;
#517 = CARTESIAN_POINT ( 'NONE',  ( -0.1000059149947671866, -0.2248605275195214026, 0.7424221168124195414 ) ) ;
#518 = ADVANCED_FACE ( 'NONE', ( #2433 ), #107, .F. ) ;
#519 = CARTESIAN_POINT ( 'NONE',  ( 0.2288311418147079002, 0.04461922422182061643, 0.6285296634575001651 ) ) ;
#520 = CARTESIAN_POINT ( 'NONE',  ( 0.2189513589241013913, 0.02022077567988093613, 0.6234183948890671401 ) ) ;
#521 = EDGE_CURVE ( 'NONE', #157, #685, #2413, .T. ) ;
#522 = CARTESIAN_POINT ( 'NONE',  ( 0.2571512046989605782, -0.3111571602577842821, 0.6234184158699950240 ) ) ;
#523 = CARTESIAN_POINT ( 'NONE',  ( 0.2382429854086280385, 0.05918898595714511268, 0.7443050159508090013 ) ) ;
#524 = CARTESIAN_POINT ( 'NONE',  ( 0.1984347193672258425, -0.3374636035973895276, 0.5206073212509434445 ) ) ;
#525 = AXIS2_PLACEMENT_3D ( 'NONE', #1444, #198, #956 ) ;
#526 = CIRCLE ( 'NONE', #3334, 0.1047057748036452490 ) ;
#527 = CARTESIAN_POINT ( 'NONE',  ( -0.2716598091019918337, 0.3061901851334339897, -0.5280089630422005742 ) ) ;
#528 = PLANE ( 'NONE',  #2750 ) ;
#529 = ORIENTED_EDGE ( 'NONE', *, *, #1925, .T. ) ;
#530 = AXIS2_PLACEMENT_3D ( 'NONE', #3259, #690, #210 ) ;
#531 = CARTESIAN_POINT ( 'NONE',  ( 0.2332373582954435365, 0.05314691110186881007, 0.7787760949558170109 ) ) ;
#532 = ORIENTED_EDGE ( 'NONE', *, *, #2893, .F. ) ;
#533 = DIRECTION ( 'NONE',  ( -0.7660444431189782355, -0.6427876096865390299, 4.387118058474740015E-17 ) ) ;
#534 = VECTOR ( 'NONE', #3047, 1000.000000000000114 ) ;
#535 = CARTESIAN_POINT ( 'NONE',  ( -0.02968391631161963404, -0.1656192736629422679, 0.4575087336591229792 ) ) ;
#536 = CC_DESIGN_SECURITY_CLASSIFICATION ( #1118, ( #2484 ) ) ;
#537 = EDGE_CURVE ( 'NONE', #171, #157, #2427, .T. ) ;
#538 = LINE ( 'NONE', #2299, #2432 ) ;
#539 = CALENDAR_DATE ( 2026, 29, 6 ) ;
#540 = CARTESIAN_POINT ( 'NONE',  ( 0.1070774638678524959, -0.1192137956228253720, 0.8867604301865297245 ) ) ;
#541 = ADVANCED_FACE ( 'NONE', ( #1655, #1381 ), #3221, .T. ) ;
#542 = CARTESIAN_POINT ( 'NONE',  ( 0.1612145702986731155, -0.3384209225828848089, 0.6234184262042782310 ) ) ;
#543 = CARTESIAN_POINT ( 'NONE',  ( -0.09852432240105568617, -0.2239158698277956272, 0.7750211016966357391 ) ) ;
#544 = CARTESIAN_POINT ( 'NONE',  ( -0.1010224579041293091, -0.2255290659853827762, 0.6397798324433178196 ) ) ;
#545 = VERTEX_POINT ( 'NONE', #3207 ) ;
#546 = EDGE_CURVE ( 'NONE', #570, #1152, #600, .T. ) ;
#547 = LINE ( 'NONE', #2631, #2797 ) ;
#548 = FACE_OUTER_BOUND ( 'NONE', #2423, .T. ) ;
#549 = VERTEX_POINT ( 'NONE', #843 ) ;
#550 = CARTESIAN_POINT ( 'NONE',  ( 0.2365047785518357981, 0.05715805409310233121, 0.7752544524103677226 ) ) ;
#551 = ORIENTED_EDGE ( 'NONE', *, *, #2778, .F. ) ;
#552 = EDGE_LOOP ( 'NONE', ( #1834, #73, #2024, #254, #1250, #2384 ) ) ;
#553 = CARTESIAN_POINT ( 'NONE',  ( 0.001344381542151274573, -0.1462648324205954864, 0.7836410463415339755 ) ) ;
#554 = CARTESIAN_POINT ( 'NONE',  ( -0.1004144743174051474, -0.2251258712328316203, 0.7430442584382217497 ) ) ;
#555 = B_SPLINE_CURVE_WITH_KNOTS ( 'NONE', 3,
 ( #873, #1082, #2442, #1616, #1145, #1914, #1595, #1356, #2135, #1876 ),
 .UNSPECIFIED., .F., .F.,
 ( 4, 3, 3, 4 ),
 ( 5.737031247881229696E-05, 8.391804952525696117E-05, 0.0001069303223429656955, 0.0001115876126728572589 ),
 .UNSPECIFIED. ) ;
#556 = DIRECTION ( 'NONE',  ( 0.9999988337845088227, 0.001527229394122779508, -2.119456546549299509E-19 ) ) ;
#557 = DATE_AND_TIME ( #83, #3127 ) ;
#558 = DIRECTION ( 'NONE',  ( -0.6427876096865391409, 0.7660444431189781245, 0.000000000000000000 ) ) ;
#559 = ADVANCED_FACE ( 'NONE', ( #1675 ), #2936, .F. ) ;
#560 = CARTESIAN_POINT ( 'NONE',  ( 0.1547840157853543341, -0.3375265822626105083, 0.6234184331398546774 ) ) ;
#561 = CARTESIAN_POINT ( 'NONE',  ( 0.007981690714443330503, 0.02740153724774197636, 0.8871094282998579494 ) ) ;
#562 = CARTESIAN_POINT ( 'NONE',  ( 0.08243813054798471152, -0.2992251773818122573, 0.5201196523339313149 ) ) ;
#563 = ORIENTED_EDGE ( 'NONE', *, *, #207, .T. ) ;
#564 = CARTESIAN_POINT ( 'NONE',  ( -0.1012600985051532870, -0.2256879265384586775, 0.6660192083315545908 ) ) ;
#565 = CARTESIAN_POINT ( 'NONE',  ( -0.2709826421205695501, -0.1372050207903429686, -0.8999999999995177413 ) ) ;
#566 = ORIENTED_EDGE ( 'NONE', *, *, #2771, .T. ) ;
#567 = ADVANCED_FACE ( 'NONE', ( #1138 ), #1363, .T. ) ;
#568 = CARTESIAN_POINT ( 'NONE',  ( 0.2380078258434858984, 0.05891949055427466581, 0.7727568299344593772 ) ) ;
#569 = EDGE_LOOP ( 'NONE', ( #2494, #2043, #2348, #1144 ) ) ;
#570 = VERTEX_POINT ( 'NONE', #2952 ) ;
#571 = CARTESIAN_POINT ( 'NONE',  ( 0.2344134282266505942, -0.07418313885652877415, 0.6234183948890673621 ) ) ;
#572 = CARTESIAN_POINT ( 'NONE',  ( 0.09330577454449011376, -0.1366486681636467360, -0.4288676407892816900 ) ) ;
#573 = ORIENTED_EDGE ( 'NONE', *, *, #1350, .F. ) ;
#574 = DIRECTION ( 'NONE',  ( -7.228261246380429926E-17, 1.543945040340209950E-16, 1.000000000000000000 ) ) ;
#575 = DIRECTION ( 'NONE',  ( 0.9961946980917454342, -0.08715574274765824914, 0.000000000000000000 ) ) ;
#576 = CARTESIAN_POINT ( 'NONE',  ( 0.09029720220924135343, -0.3071998929168676118, 0.6234184688410987496 ) ) ;
#577 = DIRECTION ( 'NONE',  ( 0.1736500020394209642, -0.9848074313243727618, 1.646007307300987492E-16 ) ) ;
#578 = CARTESIAN_POINT ( 'NONE',  ( 0.1492057208256108713, -0.3363644850015894971, 0.5204210288468931189 ) ) ;
#579 = ORIENTED_EDGE ( 'NONE', *, *, #1004, .T. ) ;
#580 = CARTESIAN_POINT ( 'NONE',  ( 0.2382385021718602669, 0.05919432887066989474, 0.4680425930771712206 ) ) ;
#581 = EDGE_CURVE ( 'NONE', #1535, #1554, #341, .T. ) ;
#582 = CARTESIAN_POINT ( 'NONE',  ( -0.05762228864751092750, -0.2089956922479943857, 0.5042006208009366386 ) ) ;
#583 = ORIENTED_EDGE ( 'NONE', *, *, #3173, .T. ) ;
#584 = AXIS2_PLACEMENT_3D ( 'NONE', #868, #927, #3213 ) ;
#585 = DIRECTION ( 'NONE',  ( 1.286944679399165900E-17, 1.469364506284139932E-16, 1.000000000000000000 ) ) ;
#586 = ORIENTED_EDGE ( 'NONE', *, *, #3094, .T. ) ;
#587 = CARTESIAN_POINT ( 'NONE',  ( 0.1883548779736642642, -0.2858708725999413724, 0.5204989881873720581 ) ) ;
#588 = AXIS2_PLACEMENT_3D ( 'NONE', #2791, #3012, #1228 ) ;
#589 = CARTESIAN_POINT ( 'NONE',  ( -0.2513579351481693980, 0.2854522232444583474, -0.4476316482218659631 ) ) ;
#590 = AXIS2_PLACEMENT_3D ( 'NONE', #2115, #666, #2638 ) ;
#591 = CARTESIAN_POINT ( 'NONE',  ( 0.007981690714443330503, 0.02740153724774197636, 0.6792226913175692937 ) ) ;
#592 = DATE_TIME_ROLE ( 'creation_date' ) ;
#593 =( NAMED_UNIT ( * ) SI_UNIT ( $, .STERADIAN. ) SOLID_ANGLE_UNIT ( ) );
#594 = AXIS2_PLACEMENT_3D ( 'NONE', #2337, #10, #2839 ) ;
#595 = CARTESIAN_POINT ( 'NONE',  ( 0.1750376239503136089, -0.2095988419991991480, 0.6832577409621463094 ) ) ;
#596 = CYLINDRICAL_SURFACE ( 'NONE', #2265, 0.05235288740182272860 ) ;
#597 = CARTESIAN_POINT ( 'NONE',  ( 0.3042677106315357927, -0.2376334125688183974, 0.5208682261556573101 ) ) ;
#598 = ORIENTED_EDGE ( 'NONE', *, *, #1533, .T. ) ;
#599 = B_SPLINE_SURFACE_WITH_KNOTS ( 'NONE', 3, 3, ( 
 ( #148, #934, #2817, #3344, #1557, #1185, #1127, #1170, #1642, #1660, #2243, #912 ),
 ( #1984, #894, #1939, #2975, #1679, #1695, #2722, #154, #1956, #1084, #2138, #1522 ),
 ( #1261, #2319, #708, #1180, #212, #227, #999, #424, #935, #1979, #814, #1683 ),
 ( #3051, #2803, #482, #222, #1239, #499, #1516, #2568, #3270, #2502, #3274, #949 ),
 ( #464, #1996, #704, #917, #1961, #1737, #2013, #1448, #122, #2496, #637, #1678 ) ),
 .UNSPECIFIED., .F., .F., .F.,
 ( 4, 1, 4 ),
 ( 4, 2, 1, 1, 1, 1, 1, 1, 4 ),
 ( 0.000000000000000000, 0.5714285714285709528, 1.000000000000000000 ),
 ( -0.001576314326432150074, 0.000000000000000000, 0.4038189329496660318, 0.8076378658993310644, 1.211456798848999927, 1.413366265323830140, 1.615275731798660130, 1.817185198273499891, 2.019094664748329659 ),
 .UNSPECIFIED. ) ;
#600 = LINE ( 'NONE', #89, #1986 ) ;
#601 = CARTESIAN_POINT ( 'NONE',  ( 0.1280887902480084550, -0.05602197218540493073, 0.7289129688368877202 ) ) ;
#602 = DIRECTION ( 'NONE',  ( 0.6427876096865391409, -0.7660444431189782355, 1.647354195508801154E-16 ) ) ;
#603 = VERTEX_POINT ( 'NONE', #634 ) ;
#604 = EDGE_CURVE ( 'NONE', #1783, #1225, #2039, .T. ) ;
#605 = CARTESIAN_POINT ( 'NONE',  ( -0.2713528983547344731, 0.1052312522365518727, -0.3911209617996748156 ) ) ;
#606 = LINE ( 'NONE', #1612, #2312 ) ;
#607 = CARTESIAN_POINT ( 'NONE',  ( -0.2713247853183696767, 0.08682340617946684991, -0.5928714765848172030 ) ) ;
#608 = CARTESIAN_POINT ( 'NONE',  ( -0.2513282777429953763, 0.2857546594111300409, -0.4477478518469973356 ) ) ;
#609 = CARTESIAN_POINT ( 'NONE',  ( 0.3059710472891514765, -0.2190954769654322454, 0.6832577409621463094 ) ) ;
#610 = PERSON_AND_ORGANIZATION_ROLE ( 'creator' ) ;
#611 = CARTESIAN_POINT ( 'NONE',  ( -0.02087860908037374869, -0.1348175960454048583, -0.1333646763434380711 ) ) ;
#612 = LINE ( 'NONE', #1102, #2094 ) ;
#613 = CARTESIAN_POINT ( 'NONE',  ( 0.0007626098234161052952, 0.3066062371444399082, -0.8999999999995177413 ) ) ;
#614 = CARTESIAN_POINT ( 'NONE',  ( 0.2831144385677475395, -0.2846465867471152933, 0.5208530459751726793 ) ) ;
#615 = CARTESIAN_POINT ( 'NONE',  ( -0.1009834445874789183, -0.2255031884459267888, 0.4692865174251250049 ) ) ;
#616 = DIRECTION ( 'NONE',  ( -0.6427876096865391409, 0.7660444431189781245, 0.000000000000000000 ) ) ;
#617 = CARTESIAN_POINT ( 'NONE',  ( -0.03339875918435023655, -0.1687455017431759019, 0.6216453999292930188 ) ) ;
#618 = VERTEX_POINT ( 'NONE', #1413 ) ;
#619 = CARTESIAN_POINT ( 'NONE',  ( 0.2354741181485209833, 0.05540612392240826939, 0.6719526681154905923 ) ) ;
#620 = ORIENTED_EDGE ( 'NONE', *, *, #2346, .T. ) ;
#621 = CARTESIAN_POINT ( 'NONE',  ( 0.2310875325790365531, -0.3324453734977056985, 0.5896896770671180565 ) ) ;
#622 = EDGE_CURVE ( 'NONE', #749, #715, #2986, .T. ) ;
#623 = DIRECTION ( 'NONE',  ( 1.789356555896929751E-16, 1.794830438011784890E-16, 1.000000000000000000 ) ) ;
#624 = EDGE_CURVE ( 'NONE', #344, #2514, #1316, .T. ) ;
#625 = CARTESIAN_POINT ( 'NONE',  ( -0.2716729219286651009, 0.3147761980997753062, -0.5039143860319073021 ) ) ;
#626 = DIRECTION ( 'NONE',  ( 4.783814894470229619E-17, 6.260064818712389649E-17, 1.000000000000000000 ) ) ;
#627 = CARTESIAN_POINT ( 'NONE',  ( 0.04656691106746017883, -0.1367200492130422884, -0.4288676407892816900 ) ) ;
#628 = CARTESIAN_POINT ( 'NONE',  ( 0.06775433415947051952, -0.2817416587179583654, 0.6234184275310362677 ) ) ;
#629 = CARTESIAN_POINT ( 'NONE',  ( 0.2173734032865269061, 0.04167732729566679672, 0.8867604301865297245 ) ) ;
#630 = EDGE_CURVE ( 'NONE', #1254, #2268, #2981, .T. ) ;
#631 = CARTESIAN_POINT ( 'NONE',  ( 0.07127144568889867693, -0.2859331890187050695, 0.5200595490289876555 ) ) ;
#632 = CARTESIAN_POINT ( 'NONE',  ( 0.2018800697620059259, -0.3368338044861504676, 0.5206193975939508167 ) ) ;
#633 = B_SPLINE_CURVE_WITH_KNOTS ( 'NONE', 3,
 ( #2360, #2067, #2829, #1570, #35, #3096, #3113, #775, #2617, #2344, #791, #307 ),
 .UNSPECIFIED., .F., .F.,
 ( 4, 2, 1, 1, 1, 1, 1, 1, 4 ),
 ( -0.001576314326432150074, 0.000000000000000000, 0.4038189329496660318, 0.8076378658993310644, 1.211456798848999927, 1.413366265323830140, 1.615275731798660130, 1.817185198273499891, 2.019094664748329659 ),
 .UNSPECIFIED. ) ;
#634 = CARTESIAN_POINT ( 'NONE',  ( -0.05762228864751092750, -0.2089956922479943857, 0.5042006208009366386 ) ) ;
#635 = DIRECTION ( 'NONE',  ( 0.9961946980917454342, -0.08715574274765824914, 0.000000000000000000 ) ) ;
#636 = ORIENTED_EDGE ( 'NONE', *, *, #546, .T. ) ;
#637 = CARTESIAN_POINT ( 'NONE',  ( -0.3017427241631618351, 0.2181182728858075126, -0.4213657653822955318 ) ) ;
#638 = VECTOR ( 'NONE', #2090, 1000.000000000000114 ) ;
#639 = CARTESIAN_POINT ( 'NONE',  ( 0.03059702840943295463, 0.3066518011985985281, 0.6078940288234704337 ) ) ;
#640 = CARTESIAN_POINT ( 'NONE',  ( 0.2164731562054530156, 0.01942862348439382270, 0.7887523149099667785 ) ) ;
#641 = VECTOR ( 'NONE', #779, 1000.000000000000114 ) ;
#642 = ORIENTED_EDGE ( 'NONE', *, *, #2341, .F. ) ;
#643 = CIRCLE ( 'NONE', #2533, 0.05235288740182260370 ) ;
#644 = CARTESIAN_POINT ( 'NONE',  ( 0.2381610954739884767, 0.05909528137451448143, 0.8853447589701989306 ) ) ;
#645 = APPROVAL_DATE_TIME ( #2694, #2526 ) ;
#646 = VECTOR ( 'NONE', #885, 1000.000000000000000 ) ;
#647 = EDGE_CURVE ( 'NONE', #2342, #1811, #3229, .T. ) ;
#648 = DIRECTION ( 'NONE',  ( -7.228261246380429926E-17, 1.543945040340209950E-16, 1.000000000000000000 ) ) ;
#649 = CARTESIAN_POINT ( 'NONE',  ( -0.1897559349520490934, 0.2245361030932211122, -0.3154363847520004205 ) ) ;
#650 = CARTESIAN_POINT ( 'NONE',  ( 0.3066878897375879820, -0.2239047898442728946, 0.5208585356615785811 ) ) ;
#651 = ORGANIZATION ( '未', '未', '' ) ;
#652 = CARTESIAN_POINT ( 'NONE',  ( 0.2381354850316048932, 0.05904909760697101689, 0.7440805296987051953 ) ) ;
#653 = CARTESIAN_POINT ( 'NONE',  ( 0.2354571552473265217, 0.05537761163288333621, 0.6346944773604876744 ) ) ;
#654 = EDGE_LOOP ( 'NONE', ( #836, #1224, #1075, #96, #778, #1468, #2635, #946, #767 ) ) ;
#655 = CARTESIAN_POINT ( 'NONE',  ( -0.2714058281018811303, 0.1459076289804234761, -0.4050468349023796377 ) ) ;
#656 = CARTESIAN_POINT ( 'NONE',  ( 0.2897940512042491146, -0.1395422427594950054, 0.5206804368056090482 ) ) ;
#657 = ORIENTED_EDGE ( 'NONE', *, *, #1753, .F. ) ;
#658 = ORIENTED_EDGE ( 'NONE', *, *, #2611, .F. ) ;
#659 = PLANE ( 'NONE',  #2914 ) ;
#660 = CARTESIAN_POINT ( 'NONE',  ( 0.04822626435957187707, -0.1230345882032786164, 0.6234183948890671401 ) ) ;
#661 = CARTESIAN_POINT ( 'NONE',  ( 0.2382429854086280385, 0.05918898595714501554, 0.4576412525482470572 ) ) ;
#662 = CARTESIAN_POINT ( 'NONE',  ( 0.2971778232230630756, -0.2594695460291073785, 0.5208714348366878522 ) ) ;
#663 = EDGE_CURVE ( 'NONE', #2784, #1896, #1766, .T. ) ;
#664 = CARTESIAN_POINT ( 'NONE',  ( 0.2303789152527166706, 0.04744849672243867805, 0.7327626512123363023 ) ) ;
#665 = FACE_OUTER_BOUND ( 'NONE', #1640, .T. ) ;
#666 = DIRECTION ( 'NONE',  ( -0.9999988337845089337, -0.001527229394122849764, -1.099282755175069863E-16 ) ) ;
#667 = ORIENTED_EDGE ( 'NONE', *, *, #1350, .T. ) ;
#668 = EDGE_CURVE ( 'NONE', #1831, #2450, #984, .T. ) ;
#669 = DIRECTION ( 'NONE',  ( -3.360727410001489967E-17, -2.819985130219624827E-17, -1.000000000000000000 ) ) ;
#670 = CARTESIAN_POINT ( 'NONE',  ( 0.1750376239503136089, -0.2095988419991991480, 0.7289129688368877202 ) ) ;
#671 = ORIENTED_EDGE ( 'NONE', *, *, #1654, .T. ) ;
#672 = VERTEX_POINT ( 'NONE', #3045 ) ;
#673 = CARTESIAN_POINT ( 'NONE',  ( -0.2130120669437655934, 0.2518477361177733909, -0.3846639070964985585 ) ) ;
#674 = CARTESIAN_POINT ( 'NONE',  ( -0.07413797932526630663, -0.2126528104634075877, 0.7856934509519076792 ) ) ;
#675 = CARTESIAN_POINT ( 'NONE',  ( -0.2630957657248513826, 0.2975715476407194693, -0.4775432557869691008 ) ) ;
#676 = CARTESIAN_POINT ( 'NONE',  ( 0.007931462705377105918, 0.06028981891833221779, 0.8871094282998579494 ) ) ;
#677 = CARTESIAN_POINT ( 'NONE',  ( 0.3048256830830359809, -0.1843787312691791413, 0.6234183881697588081 ) ) ;
#678 = CARTESIAN_POINT ( 'NONE',  ( 0.2395113943922857480, -0.08025402963257741162, 0.7060853548995169593 ) ) ;
#679 = DIRECTION ( 'NONE',  ( 0.6426786698374529205, -0.7661280311737330706, 0.003459362054116629694 ) ) ;
#680 = ORIENTED_EDGE ( 'NONE', *, *, #264, .F. ) ;
#681 = EDGE_CURVE ( 'NONE', #1909, #2569, #2764, .T. ) ;
#682 = CARTESIAN_POINT ( 'NONE',  ( -0.1956547920084248660, 0.3063062623701344189, -0.4107014940443178275 ) ) ;
#683 = CARTESIAN_POINT ( 'NONE',  ( -0.2713247853183696767, 0.08682340617946683603, -0.7080478288688266675 ) ) ;
#684 = AXIS2_PLACEMENT_3D ( 'NONE', #2415, #1108, #2435 ) ;
#685 = VERTEX_POINT ( 'NONE', #2002 ) ;
#686 = ORIENTED_EDGE ( 'NONE', *, *, #2592, .F. ) ;
#687 = CARTESIAN_POINT ( 'NONE',  ( 0.007332779159994784988, 0.3066161453331772702, -0.3154696346738167789 ) ) ;
#688 = VECTOR ( 'NONE', #1739, 1000.000000000000114 ) ;
#689 = CARTESIAN_POINT ( 'NONE',  ( 0.03723356816326604812, -0.2453684261932558008, 0.6234183948890671401 ) ) ;
#690 = DIRECTION ( 'NONE',  ( 3.360727410001489967E-17, 2.819985130219624827E-17, 1.000000000000000000 ) ) ;
#691 = LINE ( 'NONE', #3143, #2710 ) ;
#692 = AXIS2_PLACEMENT_3D ( 'NONE', #932, #1457, #3247 ) ;
#693 = AXIS2_PLACEMENT_3D ( 'NONE', #3306, #1312, #1556 ) ;
#694 = CARTESIAN_POINT ( 'NONE',  ( 0.2985657977536859686, -0.1620168072616929023, 0.6234183454542955305 ) ) ;
#695 = DIRECTION ( 'NONE',  ( 0.6427876096865393629, -0.7660444431189779024, 0.000000000000000000 ) ) ;
#696 = LINE ( 'NONE', #1446, #3024 ) ;
#697 = CARTESIAN_POINT ( 'NONE',  ( 0.2357953072763459557, 0.05583266082436572769, 0.4784724260980952604 ) ) ;
#698 = CARTESIAN_POINT ( 'NONE',  ( 0.03723356816326604812, -0.2453684261932558008, 0.7540116441027668870 ) ) ;
#699 = ORIENTED_EDGE ( 'NONE', *, *, #1654, .F. ) ;
#700 = ADVANCED_FACE ( 'NONE', ( #2491 ), #724, .F. ) ;
#701 = ORIENTED_EDGE ( 'NONE', *, *, #2567, .T. ) ;
#702 = ORIENTED_EDGE ( 'NONE', *, *, #883, .F. ) ;
#703 = CARTESIAN_POINT ( 'NONE',  ( -0.2711565804115724232, -0.02331375545512504727, 0.4576412525482470572 ) ) ;
#704 = CARTESIAN_POINT ( 'NONE',  ( 0.007332777369793335234, 0.3066161451437442453, -0.3154696327887103191 ) ) ;
#705 = CARTESIAN_POINT ( 'NONE',  ( 0.09330577454449011376, -0.1366486681636467360, -0.8999999999995177413 ) ) ;
#706 = CARTESIAN_POINT ( 'NONE',  ( -0.2673345803040546587, 0.3018306404993824077, -0.4932719709387380358 ) ) ;
#707 = CARTESIAN_POINT ( 'NONE',  ( 0.3066412790037855718, -0.1924997319596615242, 0.5208154393700374918 ) ) ;
#708 = CARTESIAN_POINT ( 'NONE',  ( 0.007375627120182711924, 0.3066172834546497805, -0.3155142882619828004 ) ) ;
#709 = CARTESIAN_POINT ( 'NONE',  ( 0.3042161279712016775, -0.1813003637606676322, 0.6234183983095521464 ) ) ;
#710 = CARTESIAN_POINT ( 'NONE',  ( 0.1750376239503136089, -0.2095988419991991480, 0.5879580729731963551 ) ) ;
#711 = DIRECTION ( 'NONE',  ( -0.7945595011058940171, 0.6071862969487641370, 0.000000000000000000 ) ) ;
#712 = CARTESIAN_POINT ( 'NONE',  ( -0.2712333831366199877, 0.02697511128236983538, -0.3154363847520004205 ) ) ;
#713 = CARTESIAN_POINT ( 'NONE',  ( 0.2066476908313157057, -0.01671593935294119967, 0.4685611405650560446 ) ) ;
#714 = ORIENTED_EDGE ( 'NONE', *, *, #1515, .F. ) ;
#715 = VERTEX_POINT ( 'NONE', #3249 ) ;
#716 = EDGE_CURVE ( 'NONE', #2513, #793, #2212, .T. ) ;
#717 = VERTEX_POINT ( 'NONE', #1651 ) ;
#718 = LINE ( 'NONE', #703, #1325 ) ;
#719 = EDGE_CURVE ( 'NONE', #2650, #989, #1256, .T. ) ;
#720 = ORIENTED_EDGE ( 'NONE', *, *, #1502, .F. ) ;
#721 = CARTESIAN_POINT ( 'NONE',  ( 0.2173734032865269061, 0.04167732729566679672, 0.8867604301865297245 ) ) ;
#722 = CARTESIAN_POINT ( 'NONE',  ( 0.2198108164372375717, 0.02319919839496687244, 0.6831718616269775168 ) ) ;
#723 = EDGE_CURVE ( 'NONE', #3007, #1732, #3014, .T. ) ;
#724 = CYLINDRICAL_SURFACE ( 'NONE', #1153, 0.05235288740182260370 ) ;
#725 = CARTESIAN_POINT ( 'NONE',  ( -0.2712972866740007705, 0.06881785154212415045, -0.3154363848207657472 ) ) ;
#726 = CARTESIAN_POINT ( 'NONE',  ( 0.02079376471818959390, -0.2257762313760421913, 0.6071275889885217047 ) ) ;
#727 = CARTESIAN_POINT ( 'NONE',  ( 0.2381079524144437964, 0.05901024129687171965, 0.4706259855147428839 ) ) ;
#728 = CARTESIAN_POINT ( 'NONE',  ( 0.06722239897279636001, -0.2811077230482122435, 0.7289129688368877202 ) ) ;
#729 = ORIENTED_EDGE ( 'NONE', *, *, #2632, .T. ) ;
#730 = ORIENTED_EDGE ( 'NONE', *, *, #822, .F. ) ;
#731 = ORIENTED_EDGE ( 'NONE', *, *, #2851, .T. ) ;
#732 = LINE ( 'NONE', #236, #2214 ) ;
#733 = AXIS2_PLACEMENT_3D ( 'NONE', #846, #602, #1625 ) ;
#734 = ORIENTED_EDGE ( 'NONE', *, *, #521, .T. ) ;
#735 = VECTOR ( 'NONE', #1034, 1000.000000000000114 ) ;
#736 = LINE ( 'NONE', #1772, #2591 ) ;
#737 = CARTESIAN_POINT ( 'NONE',  ( -0.05364025550151087923, -0.2085107474480259737, 0.6832577409621463094 ) ) ;
#738 = EDGE_CURVE ( 'NONE', #332, #1251, #2681, .T. ) ;
#739 = VECTOR ( 'NONE', #2547, 1000.000000000000000 ) ;
#740 = PLANE ( 'NONE',  #1877 ) ;
#741 = CARTESIAN_POINT ( 'NONE',  ( 0.1311366690673510804, -0.3312924539807319824, 0.6234184270331295519 ) ) ;
#742 = CARTESIAN_POINT ( 'NONE',  ( -0.09004283605408661129, -0.2390561393635933785, 0.7289129688368877202 ) ) ;
#743 = AXIS2_PLACEMENT_3D ( 'NONE', #2593, #261, #2336 ) ;
#744 = CARTESIAN_POINT ( 'NONE',  ( 0.3283708676154259432, -0.009684918354379493458, 0.7289129688368877202 ) ) ;
#745 = CARTESIAN_POINT ( 'NONE',  ( -0.1004027341152065461, -0.2251190886221481890, 0.6678260473192928481 ) ) ;
#746 = CARTESIAN_POINT ( 'NONE',  ( 0.1099748801965213102, -0.3266870296998991563, 0.5890176750683485674 ) ) ;
#747 = ORIENTED_EDGE ( 'NONE', *, *, #1165, .T. ) ;
#748 = ORIENTED_EDGE ( 'NONE', *, *, #1697, .T. ) ;
#749 = VERTEX_POINT ( 'NONE', #2713 ) ;
#750 = CARTESIAN_POINT ( 'NONE',  ( -0.005710230734069173669, -0.1455120677327032264, 0.8867604301865297245 ) ) ;
#751 = CARTESIAN_POINT ( 'NONE',  ( -0.2712333831366199877, 0.02697511128236965497, -0.3154363847520004205 ) ) ;
#752 = CARTESIAN_POINT ( 'NONE',  ( -0.2509960604240034088, 0.2855795299982367141, -0.4471329685845248925 ) ) ;
#753 = CARTESIAN_POINT ( 'NONE',  ( 0.1344558035246840588, -0.3324560014687725218, 0.6234184318241463574 ) ) ;
#754 = EDGE_CURVE ( 'NONE', #549, #1528, #2662, .T. ) ;
#755 = CARTESIAN_POINT ( 'NONE',  ( -0.09910456828237425297, -0.2242790205631076672, 0.7745866421683975656 ) ) ;
#756 = CARTESIAN_POINT ( 'NONE',  ( 0.1413858365971075171, -0.1694942035237993749, 0.7289129688368877202 ) ) ;
#757 = CYLINDRICAL_SURFACE ( 'NONE', #1046, 0.01745096246727418157 ) ;
#758 = CARTESIAN_POINT ( 'NONE',  ( 0.07751654376851443984, -0.2967805685409878325, 0.6234774788280129654 ) ) ;
#759 = ORIENTED_EDGE ( 'NONE', *, *, #1753, .T. ) ;
#760 = ORIENTED_EDGE ( 'NONE', *, *, #1354, .F. ) ;
#761 = CARTESIAN_POINT ( 'NONE',  ( -0.1227291745958077746, 0.2828204646502145425, -0.3154363847520004205 ) ) ;
#762 = EDGE_CURVE ( 'NONE', #2349, #332, #612, .T. ) ;
#763 = ORIENTED_EDGE ( 'NONE', *, *, #2066, .F. ) ;
#764 = CARTESIAN_POINT ( 'NONE',  ( 0.02079376471818959390, -0.2257762313760421913, 0.6071275889885217047 ) ) ;
#765 = CARTESIAN_POINT ( 'NONE',  ( -0.1012600985051553271, -0.2256879265384597322, 0.7463639313041621204 ) ) ;
#766 = ORIENTED_EDGE ( 'NONE', *, *, #3219, .T. ) ;
#767 = ORIENTED_EDGE ( 'NONE', *, *, #349, .F. ) ;
#768 = CARTESIAN_POINT ( 'NONE',  ( -0.2513210615437096451, 0.1503243886129205786, -0.3431969959336196307 ) ) ;
#769 = CARTESIAN_POINT ( 'NONE',  ( -0.2213949695604377765, 0.2560786426465921362, -0.3939650043247601152 ) ) ;
#770 = CARTESIAN_POINT ( 'NONE',  ( 0.2062032182993048524, -0.3357584851331637532, 0.6234184010608865290 ) ) ;
#771 = CARTESIAN_POINT ( 'NONE',  ( -0.09717906657486378996, -0.2230842902941871930, 0.7759651081901300929 ) ) ;
#772 = CARTESIAN_POINT ( 'NONE',  ( 0.1226977132811190724, -0.3276372612810328766, 0.5203095822464743891 ) ) ;
#773 = B_SPLINE_CURVE_WITH_KNOTS ( 'NONE', 3,
 ( #2255, #725, #1445, #1760, #2003 ),
 .UNSPECIFIED., .F., .F.,
 ( 4, 1, 4 ),
 ( 0.000000000000000000, 0.5714366203062675176, 1.000000000000000000 ),
 .UNSPECIFIED. ) ;
#774 = CARTESIAN_POINT ( 'NONE',  ( 0.007981690714443330503, 0.02740153724774197636, 0.6078940288234704337 ) ) ;
#775 = CARTESIAN_POINT ( 'NONE',  ( -0.1774295755989922507, 0.3063340964836850366, -0.4786340977491965742 ) ) ;
#776 = EDGE_CURVE ( 'NONE', #3068, #1873, #887, .T. ) ;
#777 = CARTESIAN_POINT ( 'NONE',  ( -0.2940826261601051095, 0.07216405974705270010, -0.3711176917171362111 ) ) ;
#778 = ORIENTED_EDGE ( 'NONE', *, *, #2503, .F. ) ;
#779 = DIRECTION ( 'NONE',  ( -0.9999988337845087116, -0.001527229394122699277, 4.140413492149793888E-19 ) ) ;
#780 = CARTESIAN_POINT ( 'NONE',  ( -0.06195544923120448189, -0.2096163752810503711, 0.7290599867275667778 ) ) ;
#781 = DIRECTION ( 'NONE',  ( -0.7660444431189782355, -0.6427876096865390299, 4.387118058474740015E-17 ) ) ;
#782 = FACE_OUTER_BOUND ( 'NONE', #2535, .T. ) ;
#783 = ADVANCED_FACE ( 'NONE', ( #2409 ), #859, .F. ) ;
#784 = CARTESIAN_POINT ( 'NONE',  ( 0.1819411273907935722, -0.3391474795500583062, 0.6234183986043372316 ) ) ;
#785 = CARTESIAN_POINT ( 'NONE',  ( -0.1008070379044296583, -0.2253860532917912329, 0.7727468941760893273 ) ) ;
#786 = CARTESIAN_POINT ( 'NONE',  ( -0.09202641005920884909, -0.2200752702134057270, 0.6332478195552724287 ) ) ;
#787 = VERTEX_POINT ( 'NONE', #2697 ) ;
#788 = AXIS2_PLACEMENT_3D ( 'NONE', #764, #2250, #1470 ) ;
#789 = VECTOR ( 'NONE', #1853, 1000.000000000000114 ) ;
#790 = FACE_OUTER_BOUND ( 'NONE', #2310, .T. ) ;
#791 = CARTESIAN_POINT ( 'NONE',  ( -0.2605720221440316342, 0.3062071187473389133, -0.5240578621535675330 ) ) ;
#792 = PLANE ( 'NONE',  #1430 ) ;
#793 = VERTEX_POINT ( 'NONE', #823 ) ;
#794 = AXIS2_PLACEMENT_3D ( 'NONE', #1394, #626, #385 ) ;
#795 = CARTESIAN_POINT ( 'NONE',  ( -0.1784844104196323944, 0.2354189425378911127, -0.3154363847520004205 ) ) ;
#796 = EDGE_LOOP ( 'NONE', ( #1483, #206, #2230, #2916 ) ) ;
#797 = FACE_OUTER_BOUND ( 'NONE', #1233, .T. ) ;
#798 = VECTOR ( 'NONE', #2559, 1000.000000000000114 ) ;
#799 = ADVANCED_FACE ( 'NONE', ( #3204 ), #1805, .F. ) ;
#800 = CARTESIAN_POINT ( 'NONE',  ( -0.05364025550151129557, -0.2085107474480261125, 0.7289129688368877202 ) ) ;
#801 = ORIENTED_EDGE ( 'NONE', *, *, #1020, .F. ) ;
#802 = ORIENTED_EDGE ( 'NONE', *, *, #1308, .F. ) ;
#803 = DIRECTION ( 'NONE',  ( 1.297769706555389639E-16, -8.641073006654399153E-17, 1.000000000000000000 ) ) ;
#804 = CARTESIAN_POINT ( 'NONE',  ( -0.1342436259482654715, -0.1864802608094588421, 0.8506238572570339329 ) ) ;
#805 = CARTESIAN_POINT ( 'NONE',  ( 0.1749887025076508340, -0.3392774450342702641, 0.6234184067680157426 ) ) ;
#806 = ADVANCED_FACE ( 'NONE', ( #2745 ), #144, .T. ) ;
#807 = DIRECTION ( 'NONE',  ( 0.000000000000000000, -1.671400169155334849E-16, -1.000000000000000000 ) ) ;
#808 = CARTESIAN_POINT ( 'NONE',  ( 0.1084726810050636731, -0.3200538197874198687, 0.5202458306361118501 ) ) ;
#809 = ORIENTED_EDGE ( 'NONE', *, *, #993, .T. ) ;
#810 = CARTESIAN_POINT ( 'NONE',  ( -0.2711565804115721456, -0.02331375545512567871, 0.6829362673001764250 ) ) ;
#811 = CARTESIAN_POINT ( 'NONE',  ( -0.1010920127771886556, -0.2255754798355535662, 0.6667288769728328957 ) ) ;
#812 = DIRECTION ( 'NONE',  ( 0.7660444431189782355, 0.6427876096865390299, -4.387118058474740015E-17 ) ) ;
#813 = ORIENTED_EDGE ( 'NONE', *, *, #1176, .F. ) ;
#814 = CARTESIAN_POINT ( 'NONE',  ( -0.2903259333834189992, 0.2856369088154087077, -0.4501376213183126418 ) ) ;
#815 = CARTESIAN_POINT ( 'NONE',  ( -0.2712333831366199877, 0.02697511128236965497, -0.3220079639044429731 ) ) ;
#816 = VERTEX_POINT ( 'NONE', #401 ) ;
#817 = ORIENTED_EDGE ( 'NONE', *, *, #167, .T. ) ;
#818 = CARTESIAN_POINT ( 'NONE',  ( 0.2382429854086280385, 0.05918898595714501554, 0.4576412525482470572 ) ) ;
#819 = LINE ( 'NONE', #1629, #2482 ) ;
#820 = CARTESIAN_POINT ( 'NONE',  ( 0.2253387878113708442, 0.03815475518610412370, 0.6258224347569589785 ) ) ;
#821 = DIRECTION ( 'NONE',  ( 0.7660444431189782355, 0.6427876096865391409, 0.000000000000000000 ) ) ;
#822 = EDGE_CURVE ( 'NONE', #2514, #1912, #1536, .T. ) ;
#823 = CARTESIAN_POINT ( 'NONE',  ( 0.06775433415947051952, -0.2817416587179583654, 0.6234184275310362677 ) ) ;
#824 = CARTESIAN_POINT ( 'NONE',  ( 0.1250752907707013972, -0.03576998487472307642, 0.7443050159508090013 ) ) ;
#825 = DIRECTION ( 'NONE',  ( 0.7660444431189782355, 0.6427876096865391409, -2.952952626703235509E-16 ) ) ;
#826 = CARTESIAN_POINT ( 'NONE',  ( 0.1195305488696973839, -0.3261544816195267038, 0.5202956641340891197 ) ) ;
#827 = ORIENTED_EDGE ( 'NONE', *, *, #235, .F. ) ;
#828 = DIRECTION ( 'NONE',  ( -3.360727410001489967E-17, -2.819985130219624827E-17, -1.000000000000000000 ) ) ;
#829 = DIRECTION ( 'NONE',  ( -0.6427876096865391409, 0.7660444431189782355, 0.000000000000000000 ) ) ;
#830 = DIRECTION ( 'NONE',  ( -0.4545194776720443697, 0.5416752204197026188, -0.7071067811865465735 ) ) ;
#831 = ORIENTED_EDGE ( 'NONE', *, *, #2771, .F. ) ;
#832 = CARTESIAN_POINT ( 'NONE',  ( 0.007549749095881782245, 0.3102281489451629293, -0.3417933319804291603 ) ) ;
#833 = CARTESIAN_POINT ( 'NONE',  ( 0.1250752907707013972, -0.03576998487472307642, 0.7463639313041621204 ) ) ;
#834 = CARTESIAN_POINT ( 'NONE',  ( 0.2160618404155722483, -0.03025042944978541606, 0.6234183948890669180 ) ) ;
#835 = LINE ( 'NONE', #572, #2706 ) ;
#836 = ORIENTED_EDGE ( 'NONE', *, *, #417, .F. ) ;
#837 = CARTESIAN_POINT ( 'NONE',  ( -0.2715978127041083767, 0.2656417724798164626, -0.4843882960340279431 ) ) ;
#838 = DIRECTION ( 'NONE',  ( -0.9999988337845087116, -0.001527229394122849547, -1.099282755175069617E-16 ) ) ;
#839 = CARTESIAN_POINT ( 'NONE',  ( -0.1622987693443680990, -0.1511891793687079322, 0.1621382881024046041 ) ) ;
#840 = CARTESIAN_POINT ( 'NONE',  ( 0.1750376239503136089, -0.2095988419991991480, 0.6832577409621463094 ) ) ;
#841 = CARTESIAN_POINT ( 'NONE',  ( 0.1914922133871073406, -0.3384494632497604405, 0.5205825991023066424 ) ) ;
#842 = EDGE_CURVE ( 'NONE', #1132, #1767, #419, .T. ) ;
#843 = CARTESIAN_POINT ( 'NONE',  ( -0.1013113289131438305, -0.2257218091590638132, 0.4575646297406417151 ) ) ;
#844 = CARTESIAN_POINT ( 'NONE',  ( 0.2382429854086278442, 0.05918898595714527922, 0.6403985751275367289 ) ) ;
#845 = VECTOR ( 'NONE', #1638, 1000.000000000000000 ) ;
#846 = CARTESIAN_POINT ( 'NONE',  ( -0.03339875918435023655, -0.1687455017431759019, 0.6216453999292930188 ) ) ;
#847 = ORIENTED_EDGE ( 'NONE', *, *, #630, .T. ) ;
#848 = VECTOR ( 'NONE', #2326, 1000.000000000000114 ) ;
#849 = CARTESIAN_POINT ( 'NONE',  ( -0.2712333831366199877, 0.02697511128236983538, -0.3154363847520004205 ) ) ;
#850 = CARTESIAN_POINT ( 'NONE',  ( 0.2149247068452468934, -0.009213090472988724744, 0.5185297086155656876 ) ) ;
#851 = CARTESIAN_POINT ( 'NONE',  ( -0.05854309967401386677, -0.2091299533140648093, 0.6236249678874149494 ) ) ;
#852 = VECTOR ( 'NONE', #2931, 1000.000000000000000 ) ;
#853 = AXIS2_PLACEMENT_3D ( 'NONE', #744, #184, #711 ) ;
#854 = ORIENTED_EDGE ( 'NONE', *, *, #2035, .T. ) ;
#855 = EDGE_LOOP ( 'NONE', ( #1717, #3131, #462, #1252, #2478 ) ) ;
#856 = CARTESIAN_POINT ( 'NONE',  ( 0.2189533131227675566, 0.02022241544590449094, 0.6832577409621463094 ) ) ;
#857 = CARTESIAN_POINT ( 'NONE',  ( 0.09889482601526464189, -0.06942924049006003739, 0.1621382881024046041 ) ) ;
#858 = VECTOR ( 'NONE', #1297, 1000.000000000000000 ) ;
#859 = CYLINDRICAL_SURFACE ( 'NONE', #3177, 0.1134312560372822548 ) ;
#860 = CARTESIAN_POINT ( 'NONE',  ( 0.1663403461630979241, -0.07133169365769934100, -0.1333646763434380711 ) ) ;
#861 = CARTESIAN_POINT ( 'NONE',  ( 0.2850838036125338260, -0.2817322319076959181, 0.5208564547625803565 ) ) ;
#862 = EDGE_CURVE ( 'NONE', #942, #2658, #2903, .T. ) ;
#863 = B_SPLINE_SURFACE_WITH_KNOTS ( 'NONE', 3, 3, ( 
 ( #1220, #204, #2006, #3286 ),
 ( #1465, #1782, #2305, #2815 ),
 ( #2800, #1007, #3037, #713 ),
 ( #2783, #458, #1187, #2565 ),
 ( #3268, #988, #2755, #1480 ) ),
 .UNSPECIFIED., .F., .F., .F.,
 ( 4, 1, 4 ),
 ( 4, 4 ),
 ( 0.000000000000000000, 0.5714285714285709528, 1.000000000000000000 ),
 ( 0.8929078943069790331, 1.878376467093870072 ),
 .UNSPECIFIED. ) ;
#864 = CARTESIAN_POINT ( 'NONE',  ( 0.1024221131121389600, -0.05477825789301553339, 0.8871094282998579494 ) ) ;
#865 = CARTESIAN_POINT ( 'NONE',  ( 0.2084553613311608544, -0.04322849736054974051, 0.8344075427847065241 ) ) ;
#866 = CARTESIAN_POINT ( 'NONE',  ( -0.09706460969104700742, -0.2228729039857526295, 0.8664815145993056689 ) ) ;
#867 = DIRECTION ( 'NONE',  ( 0.6427876096865393629, -0.7660444431189779024, 0.000000000000000000 ) ) ;
#868 = CARTESIAN_POINT ( 'NONE',  ( 0.007981690714443330503, 0.02740153724774197636, 0.6078940288234704337 ) ) ;
#869 = CARTESIAN_POINT ( 'NONE',  ( 0.01047568914741953475, -0.2207924264901213185, 0.5197423215253058615 ) ) ;
#870 = EDGE_CURVE ( 'NONE', #1058, #1453, #1177, .T. ) ;
#871 = ORIENTED_EDGE ( 'NONE', *, *, #1101, .F. ) ;
#872 = CARTESIAN_POINT ( 'NONE',  ( -0.2716065292117979535, 0.2713035935949520416, -0.5136788688108346879 ) ) ;
#873 = CARTESIAN_POINT ( 'NONE',  ( 0.2170878095579536204, 0.02142082396245369863, 0.8497413484900049330 ) ) ;
#874 = MECHANICAL_CONTEXT ( 'NONE', #1507, 'mechanical' ) ;
#875 = CARTESIAN_POINT ( 'NONE',  ( -0.2709826421205695501, -0.1372050207903429686, -0.4288676407892816900 ) ) ;
#876 = CARTESIAN_POINT ( 'NONE',  ( 0.2053459216028258594, -0.1269582939766406016, 0.5203456444329616071 ) ) ;
#877 = CARTESIAN_POINT ( 'NONE',  ( 0.2353003855157260182, -0.3254371565085235618, 0.5207292824385589824 ) ) ;
#878 = CARTESIAN_POINT ( 'NONE',  ( 0.2007109625272319453, 0.02769587940002868690, 0.8871094282998579494 ) ) ;
#879 = DIRECTION ( 'NONE',  ( 0.9999988337845088227, 0.001527229394122699493, -4.140413492149794370E-19 ) ) ;
#880 = ORIENTED_EDGE ( 'NONE', *, *, #2743, .F. ) ;
#881 = CARTESIAN_POINT ( 'NONE',  ( -0.2715548195058303249, 0.2374451268433684370, -0.4951407289953033697 ) ) ;
#882 = LINE ( 'NONE', #2956, #201 ) ;
#883 = EDGE_CURVE ( 'NONE', #2182, #57, #2131, .T. ) ;
#884 = VERTEX_POINT ( 'NONE', #1191 ) ;
#885 = DIRECTION ( 'NONE',  ( -3.360727410001489967E-17, -2.819985130219624827E-17, -1.000000000000000000 ) ) ;
#886 = APPLICATION_CONTEXT ( 'configuration controlled 3d designs of mechanical parts and assemblies' ) ;
#887 = LINE ( 'NONE', #85, #3327 ) ;
#888 = CARTESIAN_POINT ( 'NONE',  ( 0.1690276664088960767, 0.1416765910376297233, 0.4576412525482470572 ) ) ;
#889 = CARTESIAN_POINT ( 'NONE',  ( 0.3056443188832304592, -0.2307596227529484512, 0.5208639951929245893 ) ) ;
#890 = DIRECTION ( 'NONE',  ( 0.000000000000000000, 0.000000000000000000, -1.000000000000000000 ) ) ;
#891 = LINE ( 'NONE', #3239, #1714 ) ;
#892 = CARTESIAN_POINT ( 'NONE',  ( -0.09258499672016479165, -0.2203206125202267773, 0.8682706627260217136 ) ) ;
#893 = ORIENTED_EDGE ( 'NONE', *, *, #1110, .F. ) ;
#894 = CARTESIAN_POINT ( 'NONE',  ( 0.007480605775319104471, 0.3066164970772927156, -0.3154911801233868940 ) ) ;
#895 = CARTESIAN_POINT ( 'NONE',  ( -0.2715039401997360047, 0.2041303890876246252, -0.4738901165119861481 ) ) ;
#896 = FACE_OUTER_BOUND ( 'NONE', #2416, .T. ) ;
#897 = VECTOR ( 'NONE', #2107, 1000.000000000000000 ) ;
#898 = ORIENTED_EDGE ( 'NONE', *, *, #1949, .T. ) ;
#899 = EDGE_CURVE ( 'NONE', #2658, #3291, #255, .T. ) ;
#900 = CIRCLE ( 'NONE', #3020, 0.1308822185045566411 ) ;
#901 = DIRECTION ( 'NONE',  ( 0.000000000000000000, -1.000000000000000000, 1.543945040340209950E-16 ) ) ;
#902 = VECTOR ( 'NONE', #923, 1000.000000000000114 ) ;
#903 = CARTESIAN_POINT ( 'NONE',  ( 0.2086894113035197007, -0.2497034804745988934, 0.6832577409621463094 ) ) ;
#904 = CARTESIAN_POINT ( 'NONE',  ( 0.08772217931163957261, -0.2256563327508666339, 0.5192536464211489067 ) ) ;
#905 = CARTESIAN_POINT ( 'NONE',  ( 0.2445126742088848670, -0.3203449269429224366, 0.5207569089074908231 ) ) ;
#906 = FACE_OUTER_BOUND ( 'NONE', #2441, .T. ) ;
#907 = EDGE_CURVE ( 'NONE', #248, #1328, #3246, .T. ) ;
#908 = CARTESIAN_POINT ( 'NONE',  ( 0.2318491585186047144, 0.04997017353588987382, 0.7337391356930610398 ) ) ;
#909 = CARTESIAN_POINT ( 'NONE',  ( 0.03722426737324851381, -0.1322663598167146681, 0.7289129688368877202 ) ) ;
#910 = DIRECTION ( 'NONE',  ( 0.9999988337845088227, 0.001527229394122699493, -4.140413492149794370E-19 ) ) ;
#911 = ORIENTED_EDGE ( 'NONE', *, *, #167, .F. ) ;
#912 = CARTESIAN_POINT ( 'NONE',  ( -0.2716598091019925554, 0.3061901851334330460, -0.5280089630422001301 ) ) ;
#913 = CARTESIAN_POINT ( 'NONE',  ( -0.2713001614488697033, 0.07510191391571739705, -0.3514283029688785587 ) ) ;
#914 = CARTESIAN_POINT ( 'NONE',  ( 0.2169697010494420764, 0.02108779116133195283, 0.7886689458804629904 ) ) ;
#915 = VERTEX_POINT ( 'NONE', #3232 ) ;
#916 = DIRECTION ( 'NONE',  ( -7.228261246380429926E-17, 1.543945040340209950E-16, 1.000000000000000000 ) ) ;
#917 = CARTESIAN_POINT ( 'NONE',  ( -0.02130078991115274753, 0.3065692725392098472, -0.3197456788877177103 ) ) ;
#918 = LINE ( 'NONE', #1722, #2258 ) ;
#919 = CARTESIAN_POINT ( 'NONE',  ( 0.2053459216028258594, -0.1269582939766406016, 0.5879580729731963551 ) ) ;
#920 = CARTESIAN_POINT ( 'NONE',  ( 0.3019926085945480732, -0.2463404680721611173, 0.5208715805061994164 ) ) ;
#921 = CARTESIAN_POINT ( 'NONE',  ( 0.3008145030936757447, -0.1685950702833132198, 0.6234183741996753847 ) ) ;
#922 = CARTESIAN_POINT ( 'NONE',  ( -0.09644701738027641746, -0.2314239332604820232, 0.7298197700101266561 ) ) ;
#923 = DIRECTION ( 'NONE',  ( 0.7660444431189782355, 0.6427876096865390299, -4.387118058474740015E-17 ) ) ;
#924 = ORIENTED_EDGE ( 'NONE', *, *, #392, .T. ) ;
#925 = LINE ( 'NONE', #1412, #944 ) ;
#926 = CARTESIAN_POINT ( 'NONE',  ( -0.1008070379044281872, -0.2253860532917902615, 0.6672523202282674148 ) ) ;
#927 = DIRECTION ( 'NONE',  ( 0.001527229394122749367, -0.9999988337845088227, 1.398957135656305580E-16 ) ) ;
#928 = ORIENTED_EDGE ( 'NONE', *, *, #498, .T. ) ;
#929 = ORIENTED_EDGE ( 'NONE', *, *, #2222, .T. ) ;
#930 = DIRECTION ( 'NONE',  ( 7.228261246380429926E-17, -1.543945040340209950E-16, -1.000000000000000000 ) ) ;
#931 = CARTESIAN_POINT ( 'NONE',  ( 0.09149490886694193470, -0.3100345739158403835, 0.7289129688368877202 ) ) ;
#932 = CARTESIAN_POINT ( 'NONE',  ( 0.007931462705377105918, 0.06028981891833221779, 0.6078940288234704337 ) ) ;
#933 = CARTESIAN_POINT ( 'NONE',  ( 0.003579440782923798414, -0.1377171077890364803, 0.8871094282998567282 ) ) ;
#934 = CARTESIAN_POINT ( 'NONE',  ( 0.007489196438203521260, 0.3066165101972209150, -0.3154999674459942893 ) ) ;
#935 = CARTESIAN_POINT ( 'NONE',  ( -0.2438282777421611203, 0.2901073104945749437, -0.4367407277511440866 ) ) ;
#936 = CARTESIAN_POINT ( 'NONE',  ( 0.3068510962548746668, -0.2013724437504030851, 0.6234183316380859097 ) ) ;
#937 = EDGE_CURVE ( 'NONE', #26, #2128, #1976, .T. ) ;
#938 = LINE ( 'NONE', #440, #2963 ) ;
#939 = DIRECTION ( 'NONE',  ( 0.000000000000000000, -0.9999990665715554616, 0.001366329395819242728 ) ) ;
#940 = CARTESIAN_POINT ( 'NONE',  ( -0.2712333831366199877, 0.02697511128236983538, -0.3154363847520004205 ) ) ;
#941 = CARTESIAN_POINT ( 'NONE',  ( 0.06801771721144617144, -0.2818988813808945837, 0.5887760911631571004 ) ) ;
#942 = VERTEX_POINT ( 'NONE', #689 ) ;
#943 = B_SPLINE_CURVE_WITH_KNOTS ( 'NONE', 3,
 ( #765, #1802, #2607, #278, #2837, #554, #517, #1534, #3120, #2333, #1276, #25, #1026, #2624, #2074, #3103, #780, #2852, #800 ),
 .UNSPECIFIED., .F., .F.,
 ( 4, 3, 3, 3, 3, 3, 4 ),
 ( 0.000000000000000000, 1.910891593631546166E-06, 4.282773413148938787E-06, 8.756676847787109525E-06, 2.187703978598407837E-05, 4.477297896367398475E-05, 5.744406029489068356E-05 ),
 .UNSPECIFIED. ) ;
#944 = VECTOR ( 'NONE', #2718, 1000.000000000000114 ) ;
#945 = ORIENTED_EDGE ( 'NONE', *, *, #2991, .T. ) ;
#946 = ORIENTED_EDGE ( 'NONE', *, *, #1558, .F. ) ;
#947 = DIRECTION ( 'NONE',  ( -0.001527229394122699277, 0.9999988337845087116, -1.545047161071979681E-16 ) ) ;
#948 = VECTOR ( 'NONE', #1134, 1000.000000000000227 ) ;
#949 = CARTESIAN_POINT ( 'NONE',  ( -0.3074340415087322698, 0.2367121234410081154, -0.4273196631747367413 ) ) ;
#950 = AXIS2_PLACEMENT_3D ( 'NONE', #670, #1924, #3254 ) ;
#951 = CARTESIAN_POINT ( 'NONE',  ( -0.1078988535259330916, -0.1961450137696280627, 0.1621382881024046041 ) ) ;
#952 = CARTESIAN_POINT ( 'NONE',  ( 0.03723356816326604812, -0.2453684261932558008, 0.6832577409621463094 ) ) ;
#953 = CARTESIAN_POINT ( 'NONE',  ( 0.2908471360412681062, -0.1442831030130179715, 0.5206902497261629570 ) ) ;
#954 = AXIS2_PLACEMENT_3D ( 'NONE', #2425, #99, #2888 ) ;
#955 = VECTOR ( 'NONE', #967, 1000.000000000000000 ) ;
#956 = DIRECTION ( 'NONE',  ( 0.9961946980917454342, -0.08715574274765824914, 0.000000000000000000 ) ) ;
#957 = CARTESIAN_POINT ( 'NONE',  ( 0.2227817003663307704, -0.05196883031536623371, 0.5203086369140156320 ) ) ;
#958 = LINE ( 'NONE', #2240, #2166 ) ;
#959 = EDGE_CURVE ( 'NONE', #1631, #2979, #918, .T. ) ;
#960 = CARTESIAN_POINT ( 'NONE',  ( -0.2712335432135692392, 0.02707992642214230791, -0.3154597058064646520 ) ) ;
#961 = FACE_OUTER_BOUND ( 'NONE', #1588, .T. ) ;
#962 = ORIENTED_EDGE ( 'NONE', *, *, #1845, .F. ) ;
#963 = ORIENTED_EDGE ( 'NONE', *, *, #1055, .F. ) ;
#964 = ADVANCED_FACE ( 'NONE', ( #436 ), #178, .T. ) ;
#965 = ORIENTED_EDGE ( 'NONE', *, *, #546, .F. ) ;
#966 = VERTEX_POINT ( 'NONE', #516 ) ;
#967 = DIRECTION ( 'NONE',  ( -7.228261246380429926E-17, 1.543945040340209950E-16, 1.000000000000000000 ) ) ;
#968 = EDGE_CURVE ( 'NONE', #3038, #1353, #2696, .T. ) ;
#969 = ORIENTED_EDGE ( 'NONE', *, *, #434, .F. ) ;
#970 = DIRECTION ( 'NONE',  ( 0.6427876096865393629, -0.7660444431189779024, 0.000000000000000000 ) ) ;
#971 = CARTESIAN_POINT ( 'NONE',  ( 0.1750376239503136089, -0.2095988419991991480, 0.3937707404860333327 ) ) ;
#972 = CARTESIAN_POINT ( 'NONE',  ( 0.3068491861362188655, -0.2154104971309271921, 0.6234183517808886688 ) ) ;
#973 = DIRECTION ( 'NONE',  ( -0.6427876096865391409, 0.7660444431189782355, 0.000000000000000000 ) ) ;
#974 = DIRECTION ( 'NONE',  ( -0.3420218841213358285, -0.9396919871862755569, 1.203610430022859384E-16 ) ) ;
#975 = CARTESIAN_POINT ( 'NONE',  ( -0.08820826565493412874, -0.2182404644488123435, 0.6751066051710954419 ) ) ;
#976 = CARTESIAN_POINT ( 'NONE',  ( -0.2513134490404294041, 0.2859058774942512260, -0.4478059536594807266 ) ) ;
#977 = VERTEX_POINT ( 'NONE', #1208 ) ;
#978 = VERTEX_POINT ( 'NONE', #2269 ) ;
#979 = ORIENTED_EDGE ( 'NONE', *, *, #738, .T. ) ;
#980 = ADVANCED_FACE ( 'NONE', ( #3294, #2056 ), #3086, .T. ) ;
#981 = CARTESIAN_POINT ( 'NONE',  ( 0.2597163312433630744, -0.3079499215528778699, 0.6832577409621463094 ) ) ;
#982 = CARTESIAN_POINT ( 'NONE',  ( -0.2716598091019918337, 0.3061901851334339897, -0.5280089630422005742 ) ) ;
#983 = FACE_BOUND ( 'NONE', #1352, .T. ) ;
#984 = LINE ( 'NONE', #1743, #2309 ) ;
#985 = FACE_OUTER_BOUND ( 'NONE', #508, .T. ) ;
#986 = LINE ( 'NONE', #1510, #2756 ) ;
#987 = CARTESIAN_POINT ( 'NONE',  ( -0.09910456828237283744, -0.2242790205631067790, 0.6690920682205764303 ) ) ;
#988 = CARTESIAN_POINT ( 'NONE',  ( 0.2415692745973571087, -0.08245516547322605250, 0.5830787434648767587 ) ) ;
#989 = VERTEX_POINT ( 'NONE', #903 ) ;
#990 = ORIENTED_EDGE ( 'NONE', *, *, #3284, .F. ) ;
#991 = EDGE_LOOP ( 'NONE', ( #2785, #291 ) ) ;
#992 = DIRECTION ( 'NONE',  ( -7.228261246380429926E-17, 1.543945040340209950E-16, 1.000000000000000000 ) ) ;
#993 = EDGE_CURVE ( 'NONE', #3333, #1140, #1950, .T. ) ;
#994 = AXIS2_PLACEMENT_3D ( 'NONE', #1456, #2730, #164 ) ;
#995 = CARTESIAN_POINT ( 'NONE',  ( 0.2375224466726793549, 0.05836193286512364464, 0.8823374244750847861 ) ) ;
#996 = LINE ( 'NONE', #2875, #3026 ) ;
#997 = VECTOR ( 'NONE', #812, 1000.000000000000114 ) ;
#998 = EDGE_CURVE ( 'NONE', #2603, #57, #2869, .T. ) ;
#999 = CARTESIAN_POINT ( 'NONE',  ( -0.1753644782076873854, 0.2960330941883157485, -0.4060921055737933827 ) ) ;
#1000 = CARTESIAN_POINT ( 'NONE',  ( 0.2095772682956421884, -0.3348678368144165640, 0.6234184065358084892 ) ) ;
#1001 = CARTESIAN_POINT ( 'NONE',  ( 0.06933611153541138772, -0.2836267475884203249, 0.5713693785822814286 ) ) ;
#1002 = CIRCLE ( 'NONE', #530, 0.05235288740182260370 ) ;
#1003 = CARTESIAN_POINT ( 'NONE',  ( 0.007555264749071343919, 0.3066166110988047810, 0.6792226913175692937 ) ) ;
#1004 = EDGE_CURVE ( 'NONE', #717, #1631, #2623, .T. ) ;
#1005 = VECTOR ( 'NONE', #3283, 1000.000000000000000 ) ;
#1006 = CARTESIAN_POINT ( 'NONE',  ( 0.1750376239503136089, -0.2095988419991991480, 0.5879580729731963551 ) ) ;
#1007 = CARTESIAN_POINT ( 'NONE',  ( 0.2062820570160830147, -0.01686120175058335169, 0.5832085646994071837 ) ) ;
#1008 = ORIENTED_EDGE ( 'NONE', *, *, #959, .F. ) ;
#1009 = EDGE_LOOP ( 'NONE', ( #2640, #3041, #1371, #1519, #2906 ) ) ;
#1010 = CC_DESIGN_APPROVAL ( #2526, ( #2318 ) ) ;
#1011 = VERTEX_POINT ( 'NONE', #3138 ) ;
#1012 = CARTESIAN_POINT ( 'NONE',  ( -0.08045770853849769366, -0.2149049360367986661, 0.7836410463415339755 ) ) ;
#1013 = DIRECTION ( 'NONE',  ( -0.1179693366074169858, -0.2141428763850229677, -0.9696525481397728630 ) ) ;
#1014 = ORIENTED_EDGE ( 'NONE', *, *, #1165, .F. ) ;
#1015 = CARTESIAN_POINT ( 'NONE',  ( 0.2189513589241013913, 0.02022077567988093613, 0.6234183948890671401 ) ) ;
#1016 = CARTESIAN_POINT ( 'NONE',  ( 0.1755868751404268679, -0.2076883399992063006, 0.6262760084871007438 ) ) ;
#1017 = CARTESIAN_POINT ( 'NONE',  ( 0.2593790647921860870, -0.3093647175125179283, 0.6234184256108163957 ) ) ;
#1018 = CARTESIAN_POINT ( 'NONE',  ( -0.09969135567046258362, -0.2275574814475611329, 0.7335210498242987764 ) ) ;
#1019 = CARTESIAN_POINT ( 'NONE',  ( 0.08493904098010371384, -0.3016808988749183906, 0.5201324003332740142 ) ) ;
#1020 = EDGE_CURVE ( 'NONE', #942, #793, #24, .T. ) ;
#1021 = CARTESIAN_POINT ( 'NONE',  ( 0.1413858365971075171, -0.1694942035237994027, 0.3937707404860333327 ) ) ;
#1022 = DIRECTION ( 'NONE',  ( 0.9848074313243728728, 0.1736500020394209920, 4.437384796951098980E-17 ) ) ;
#1023 = CARTESIAN_POINT ( 'NONE',  ( -0.1784842849321503500, 0.2354210187796801912, -0.3220079639044429731 ) ) ;
#1024 = ORIENTED_EDGE ( 'NONE', *, *, #1991, .F. ) ;
#1025 = CARTESIAN_POINT ( 'NONE',  ( 0.2191888089424761377, -0.04291433127643851791, 0.6234183948890668070 ) ) ;
#1026 = CARTESIAN_POINT ( 'NONE',  ( -0.08692256285450862541, -0.2176353064345955823, 0.7337718169062907858 ) ) ;
#1027 = LINE ( 'NONE', #3105, #1885 ) ;
#1028 = CARTESIAN_POINT ( 'NONE',  ( -0.2475710773195956282, 0.2821892510364886753, -0.4398980703820635219 ) ) ;
#1029 = CARTESIAN_POINT ( 'NONE',  ( 0.1715390496163219092, -0.3392053510406715100, 0.6234184115097757273 ) ) ;
#1030 = CARTESIAN_POINT ( 'NONE',  ( 0.01190759613277270548, -0.1307289557065924313, 0.7443050159508090013 ) ) ;
#1031 = CARTESIAN_POINT ( 'NONE',  ( 0.1291552982599084853, -0.3303509592397070871, 0.5203375380539587702 ) ) ;
#1032 = EDGE_CURVE ( 'NONE', #2209, #2804, #42, .T. ) ;
#1033 = B_SPLINE_SURFACE_WITH_KNOTS ( 'NONE', 3, 3, ( 
 ( #2978, #137, #2420, #398 ),
 ( #656, #1681, #3198, #1172 ),
 ( #1910, #1112, #3006, #1417 ),
 ( #1155, #2213, #93, #2993 ),
 ( #3242, #1698, #1433, #2940 ),
 ( #347, #1369, #621, #1644 ),
 ( #2690, #1389, #365, #218 ),
 ( #1235, #3301, #746, #2260 ),
 ( #3066, #2511, #1249, #758 ),
 ( #1513, #1764, #941, #3316 ) ),
 .UNSPECIFIED., .F., .F., .F.,
 ( 4, 1, 1, 1, 1, 1, 1, 4 ),
 ( 4, 4 ),
 ( 0.000000000000000000, 0.2009092438187360108, 0.4018184876374730208, 0.6027277314562089483, 0.8036369752749449313, 1.004546219093680026, 1.205455462912419895, 1.406364706731149994 ),
 ( 0.7503657674231190011, 1.345948675005089967 ),
 .UNSPECIFIED. ) ;
#1034 = DIRECTION ( 'NONE',  ( 0.001527229394122709251, -0.9999988337845087116, 1.453406370955493323E-16 ) ) ;
#1035 = CARTESIAN_POINT ( 'NONE',  ( 0.1755868751404268679, -0.2076883399992063006, 0.6262760084871007438 ) ) ;
#1036 = VERTEX_POINT ( 'NONE', #2113 ) ;
#1037 = CARTESIAN_POINT ( 'NONE',  ( -0.2712972866740006039, 0.06881785154201072729, -0.3154363847520004205 ) ) ;
#1038 = ORIENTED_EDGE ( 'NONE', *, *, #1238, .F. ) ;
#1039 = CARTESIAN_POINT ( 'NONE',  ( -0.3105894050786727756, 0.08676344002808639155, -0.7080478288688266675 ) ) ;
#1040 = CARTESIAN_POINT ( 'NONE',  ( 0.2382429854086280385, 0.05918898595714501554, 0.4576412525482470572 ) ) ;
#1041 = EDGE_CURVE ( 'NONE', #3291, #460, #1545, .T. ) ;
#1042 = CARTESIAN_POINT ( 'NONE',  ( 0.2319827824915876857, 0.05129847407474767695, 0.8723564102552930910 ) ) ;
#1043 = VECTOR ( 'NONE', #2844, 1000.000000000000114 ) ;
#1044 = APPROVAL_ROLE ( '' ) ;
#1045 = CARTESIAN_POINT ( 'NONE',  ( -0.2513134490404294041, 0.2859058774942512260, -0.4478059536594807266 ) ) ;
#1046 = AXIS2_PLACEMENT_3D ( 'NONE', #1248, #1285, #1829 ) ;
#1047 = CARTESIAN_POINT ( 'NONE',  ( 0.2520730958277026534, -0.3149789813350662437, 0.6234184014022626785 ) ) ;
#1048 = CARTESIAN_POINT ( 'NONE',  ( -0.08992897481615202970, -0.2190646814203063286, 0.7798474964532777776 ) ) ;
#1049 = CARTESIAN_POINT ( 'NONE',  ( 0.1629630237662141046, -0.3385754287590378442, 0.5204756751017300953 ) ) ;
#1050 = EDGE_LOOP ( 'NONE', ( #2741, #8, #2419, #1889 ) ) ;
#1051 = AXIS2_PLACEMENT_3D ( 'NONE', #2239, #1214, #2765 ) ;
#1052 = CIRCLE ( 'NONE', #584, 0.2792153994763875158 ) ;
#1053 = CARTESIAN_POINT ( 'NONE',  ( -0.2716326864995141643, 0.2884308550998733733, -0.5216804770293309579 ) ) ;
#1054 = CARTESIAN_POINT ( 'NONE',  ( -0.01330152163167519670, -0.2119978671007654858, 0.8344075427847070792 ) ) ;
#1055 = EDGE_CURVE ( 'NONE', #1800, #276, #2073, .T. ) ;
#1056 = CIRCLE ( 'NONE', #743, 0.2792153994763875158 ) ;
#1057 = CARTESIAN_POINT ( 'NONE',  ( -0.1401055660810828496, 0.3167752492410735865, -0.3860727868149246844 ) ) ;
#1058 = VERTEX_POINT ( 'NONE', #2148 ) ;
#1059 = VERTEX_POINT ( 'NONE', #1892 ) ;
#1060 = DIRECTION ( 'NONE',  ( -7.228261246380429926E-17, 1.543945040340209950E-16, 1.000000000000000000 ) ) ;
#1061 = VECTOR ( 'NONE', #2556, 1000.000000000000114 ) ;
#1062 = CARTESIAN_POINT ( 'NONE',  ( 0.1019674635568225962, -0.2426332014275878191, 0.5201156179717427719 ) ) ;
#1063 = LOCAL_TIME ( 12, 58, 33.00000000000000000, #1117 ) ;
#1064 = ORIENTED_EDGE ( 'NONE', *, *, #2358, .F. ) ;
#1065 = CARTESIAN_POINT ( 'NONE',  ( 0.007981690714443330503, 0.02740153724774197636, 0.6078940288234704337 ) ) ;
#1066 = CARTESIAN_POINT ( 'NONE',  ( -0.1013141035865246509, -0.2257241373864754264, 0.8646644395414381234 ) ) ;
#1067 = ADVANCED_FACE ( 'NONE', ( #2129 ), #3154, .F. ) ;
#1068 = B_SPLINE_SURFACE_WITH_KNOTS ( 'NONE', 3, 3, ( 
 ( #2137, #2174, #1879, #2932 ),
 ( #1633, #84, #611, #371 ),
 ( #354, #857, #2910, #627 ),
 ( #2187, #2455, #1408, #2680 ) ),
 .UNSPECIFIED., .F., .F., .F.,
 ( 4, 4 ),
 ( 4, 4 ),
 ( -1.615431908250160034E-16, 1.000000000000000000 ),
 ( 0.000000000000000000, 1.000000000000000000 ),
 .UNSPECIFIED. ) ;
#1069 = CARTESIAN_POINT ( 'NONE',  ( 0.1378147413745189342, -0.3334852751261583315, 0.6234184345438087416 ) ) ;
#1070 = CARTESIAN_POINT ( 'NONE',  ( 0.06799766738968833490, -0.2820316519692682711, 0.6147421651910849327 ) ) ;
#1071 = CARTESIAN_POINT ( 'NONE',  ( 0.1164252456864464935, -0.3245432547383431121, 0.5202818070578767440 ) ) ;
#1072 = ORIENTED_EDGE ( 'NONE', *, *, #2918, .T. ) ;
#1073 = DIRECTION ( 'NONE',  ( 1.789356555896929751E-16, 1.794830438011784890E-16, 1.000000000000000000 ) ) ;
#1074 = PLANE ( 'NONE',  #469 ) ;
#1075 = ORIENTED_EDGE ( 'NONE', *, *, #512, .T. ) ;
#1076 = CARTESIAN_POINT ( 'NONE',  ( 0.2274121491945595985, 0.04437703465378851214, 0.7828808655908544578 ) ) ;
#1077 = ORIENTED_EDGE ( 'NONE', *, *, #2893, .T. ) ;
#1078 = CARTESIAN_POINT ( 'NONE',  ( 0.2189513589241013913, 0.02022077567988093613, 0.6234183948890671401 ) ) ;
#1079 = PLANE ( 'NONE',  #2317 ) ;
#1080 = ADVANCED_FACE ( 'NONE', ( #797 ), #2332, .F. ) ;
#1081 = ORIENTED_EDGE ( 'NONE', *, *, #1376, .T. ) ;
#1082 = CARTESIAN_POINT ( 'NONE',  ( 0.2147814531669200999, 0.01402707313377259124, 0.8455599040655586984 ) ) ;
#1083 = EDGE_CURVE ( 'NONE', #2209, #2008, #1296, .T. ) ;
#1084 = CARTESIAN_POINT ( 'NONE',  ( -0.2510427511384395460, 0.3062216721470963909, -0.4897885487328318410 ) ) ;
#1085 = DIRECTION ( 'NONE',  ( -3.360727410001489967E-17, -2.819985130219624827E-17, -1.000000000000000000 ) ) ;
#1086 = FACE_BOUND ( 'NONE', #343, .T. ) ;
#1087 = CARTESIAN_POINT ( 'NONE',  ( 0.1424641142238031177, -0.3347277221557590221, 0.5203934876727964731 ) ) ;
#1088 = ORIENTED_EDGE ( 'NONE', *, *, #1146, .F. ) ;
#1089 = CARTESIAN_POINT ( 'NONE',  ( 0.2665320426630486961, -0.3067446260240282996, 0.7289129688368877202 ) ) ;
#1090 = LINE ( 'NONE', #329, #3064 ) ;
#1091 = ORIENTED_EDGE ( 'NONE', *, *, #1354, .T. ) ;
#1092 = PLANE ( 'NONE',  #363 ) ;
#1093 = EDGE_LOOP ( 'NONE', ( #532, #2676, #1862, #2925, #1969, #657, #2929, #3287, #428 ) ) ;
#1094 = DIRECTION ( 'NONE',  ( -7.228261246380429926E-17, 1.543945040340209950E-16, 1.000000000000000000 ) ) ;
#1095 = CARTESIAN_POINT ( 'NONE',  ( -0.07413797932526586254, -0.2126528104634073935, 0.6801988770040868770 ) ) ;
#1096 = EDGE_LOOP ( 'NONE', ( #2583, #1437, #2111, #2195 ) ) ;
#1097 = VERTEX_POINT ( 'NONE', #2656 ) ;
#1098 = LINE ( 'NONE', #2692, #2479 ) ;
#1099 = SECURITY_CLASSIFICATION_LEVEL ( 'unclassified' ) ;
#1100 = CARTESIAN_POINT ( 'NONE',  ( 0.000000000000000000, 0.000000000000000000, 0.000000000000000000 ) ) ;
#1101 = EDGE_CURVE ( 'NONE', #1011, #1831, #333, .T. ) ;
#1102 = CARTESIAN_POINT ( 'NONE',  ( -0.1013141035865245260, -0.2257241373864755651, 0.7540116441027668870 ) ) ;
#1103 = CARTESIAN_POINT ( 'NONE',  ( -0.1227291745958077746, 0.2828204646502145425, -0.3154363847520004205 ) ) ;
#1104 = CARTESIAN_POINT ( 'NONE',  ( 0.2061641555206084886, -0.3358706387566356422, 0.5206341661820684807 ) ) ;
#1105 = DIRECTION ( 'NONE',  ( 0.000000000000000000, 2.353352383074275983E-16, 1.000000000000000000 ) ) ;
#1106 = CARTESIAN_POINT ( 'NONE',  ( 0.1413858365971075171, -0.1694942035237993749, 0.7887523149099658903 ) ) ;
#1107 = VECTOR ( 'NONE', #2504, 1000.000000000000114 ) ;
#1108 = DIRECTION ( 'NONE',  ( 4.517132638116880001E-17, 5.162645788273069959E-17, 1.000000000000000000 ) ) ;
#1109 = VERTEX_POINT ( 'NONE', #2850 ) ;
#1110 = EDGE_CURVE ( 'NONE', #1852, #2329, #606, .T. ) ;
#1111 = CARTESIAN_POINT ( 'NONE',  ( -0.2712984390442750304, 0.06957240022570722326, -0.3570227846738697197 ) ) ;
#1112 = CARTESIAN_POINT ( 'NONE',  ( 0.3082778831160093991, -0.1764595312712734787, 0.5554337425105997372 ) ) ;
#1113 = CARTESIAN_POINT ( 'NONE',  ( 0.03723356816326604812, -0.2453684261932558008, 0.5198763479673577104 ) ) ;
#1114 = AXIS2_PLACEMENT_3D ( 'NONE', #726, #2781, #2524 ) ;
#1115 = CARTESIAN_POINT ( 'NONE',  ( -0.2638887629947528346, 0.2924627721170767192, -0.4709178701336246275 ) ) ;
#1116 = LINE ( 'NONE', #3215, #1940 ) ;
#1117 = COORDINATED_UNIVERSAL_TIME_OFFSET ( 8, 0, .AHEAD. ) ;
#1118 = SECURITY_CLASSIFICATION ( '', '', #1099 ) ;
#1119 = CARTESIAN_POINT ( 'NONE',  ( -0.1666722649850412574, -0.1441207867190398284, -0.1333646763434380711 ) ) ;
#1120 = DIRECTION ( 'NONE',  ( -7.228261246380429926E-17, 1.543945040340209950E-16, 1.000000000000000000 ) ) ;
#1121 = CARTESIAN_POINT ( 'NONE',  ( 0.2926765780893609836, -0.2689979025590008566, 0.5208675530655868524 ) ) ;
#1122 = CARTESIAN_POINT ( 'NONE',  ( -0.09962091284587842877, -0.2246116799008195108, 0.4721284068160122582 ) ) ;
#1123 = DIRECTION ( 'NONE',  ( -2.159011887891894950E-17, -1.448607047974698085E-17, -1.000000000000000000 ) ) ;
#1124 = ADVANCED_FACE ( 'NONE', ( #1349 ), #1555, .F. ) ;
#1125 = DIRECTION ( 'NONE',  ( -1.285609448291217972E-17, -1.469458323489273804E-16, -1.000000000000000000 ) ) ;
#1126 = ORIENTED_EDGE ( 'NONE', *, *, #3304, .F. ) ;
#1127 = CARTESIAN_POINT ( 'NONE',  ( -0.1394477953922690638, 0.3063921034425061696, -0.4510563800608587415 ) ) ;
#1128 = CARTESIAN_POINT ( 'NONE',  ( -0.2715812723213066326, 0.2547658939320877614, -0.5046241708875658372 ) ) ;
#1129 = EDGE_CURVE ( 'NONE', #2603, #3114, #68, .T. ) ;
#1130 = VERTEX_POINT ( 'NONE', #2709 ) ;
#1131 = CARTESIAN_POINT ( 'NONE',  ( 0.03723356816326604812, -0.2453684261932558008, 0.5198763479673577104 ) ) ;
#1132 = VERTEX_POINT ( 'NONE', #2465 ) ;
#1133 = CARTESIAN_POINT ( 'NONE',  ( -0.005710230734069173669, -0.1455120677327032264, 0.8867604301865297245 ) ) ;
#1134 = DIRECTION ( 'NONE',  ( -0.02218198978245369823, 0.09959312665829868350, -0.9947809650630208278 ) ) ;
#1135 = CARTESIAN_POINT ( 'NONE',  ( 0.007555264749071343919, 0.3066166110988047810, 0.6078940288234704337 ) ) ;
#1136 = CARTESIAN_POINT ( 'NONE',  ( 0.3044900159009231722, -0.2366271602827101916, 0.5208676852177817063 ) ) ;
#1137 = CARTESIAN_POINT ( 'NONE',  ( 0.2382429854086273169, 0.05918898595714430083, 0.6658067784948719092 ) ) ;
#1138 = FACE_OUTER_BOUND ( 'NONE', #1009, .T. ) ;
#1139 = CARTESIAN_POINT ( 'NONE',  ( 0.007931462705377105918, 0.06028981891833221779, 0.6078940288234704337 ) ) ;
#1140 = VERTEX_POINT ( 'NONE', #683 ) ;
#1141 = EDGE_CURVE ( 'NONE', #2816, #2396, #2700, .T. ) ;
#1142 = CARTESIAN_POINT ( 'NONE',  ( 0.2369461403330398730, 0.05746474026068425917, 0.6700868172782639132 ) ) ;
#1143 = LINE ( 'NONE', #2724, #2207 ) ;
#1144 = ORIENTED_EDGE ( 'NONE', *, *, #2619, .F. ) ;
#1145 = CARTESIAN_POINT ( 'NONE',  ( 0.2120878795093441849, -0.009555935015382944694, 0.8367489711390607710 ) ) ;
#1146 = EDGE_CURVE ( 'NONE', #1353, #3038, #1486, .T. ) ;
#1147 = CARTESIAN_POINT ( 'NONE',  ( 0.06971632849745360017, -0.2846360869480930589, 0.6234184009211938271 ) ) ;
#1148 = CARTESIAN_POINT ( 'NONE',  ( 0.2758484713289271473, -0.1235588716161903633, 0.6832577409621463094 ) ) ;
#1149 = CARTESIAN_POINT ( 'NONE',  ( 0.2303094028663181525, -0.3277706748668305914, 0.5207137360605971210 ) ) ;
#1150 = CARTESIAN_POINT ( 'NONE',  ( 0.2369315522848832178, 0.05743811389295777614, 0.7400322549928625149 ) ) ;
#1151 = CARTESIAN_POINT ( 'NONE',  ( 0.03059702840943295463, 0.3066518011985985281, 0.6078940288234704337 ) ) ;
#1152 = VERTEX_POINT ( 'NONE', #1131 ) ;
#1153 = AXIS2_PLACEMENT_3D ( 'NONE', #182, #1181, #1966 ) ;
#1154 = CARTESIAN_POINT ( 'NONE',  ( 0.2377511526320937041, 0.05854169446264751581, 0.6683567319858897404 ) ) ;
#1155 = CARTESIAN_POINT ( 'NONE',  ( 0.3090360862199564851, -0.2376264056459382878, 0.5207899377883534742 ) ) ;
#1156 = VECTOR ( 'NONE', #1060, 1000.000000000000000 ) ;
#1157 = VERTEX_POINT ( 'NONE', #2184 ) ;
#1158 = EDGE_LOOP ( 'NONE', ( #190, #1393, #1367, #2436, #252 ) ) ;
#1159 = VECTOR ( 'NONE', #1120, 1000.000000000000000 ) ;
#1160 = DIRECTION ( 'NONE',  ( -0.4545194776720443697, 0.5416752204197026188, 0.7071067811865465735 ) ) ;
#1161 = AXIS2_PLACEMENT_3D ( 'NONE', #485, #2025, #2351 ) ;
#1162 = CARTESIAN_POINT ( 'NONE',  ( -0.07734831447917066283, -0.2137128545569995375, 0.7847265389231572463 ) ) ;
#1163 = FACE_OUTER_BOUND ( 'NONE', #2882, .T. ) ;
#1164 = CARTESIAN_POINT ( 'NONE',  ( 0.2321222175673000321, -0.3269230990121135827, 0.5207193827847980128 ) ) ;
#1165 = EDGE_CURVE ( 'NONE', #3007, #344, #1052, .T. ) ;
#1166 = CARTESIAN_POINT ( 'NONE',  ( 0.2198788185090179426, 0.02360842560346286187, 0.7289129688368877202 ) ) ;
#1167 = CARTESIAN_POINT ( 'NONE',  ( -0.1012600985051552438, -0.2256879265384597322, 0.6658067784948719092 ) ) ;
#1168 = CARTESIAN_POINT ( 'NONE',  ( 0.06722239897279616572, -0.2811077230482122435, 0.4576412525482470572 ) ) ;
#1169 = ORIENTED_EDGE ( 'NONE', *, *, #3162, .T. ) ;
#1170 = CARTESIAN_POINT ( 'NONE',  ( -0.1774295755989922507, 0.3063340964836850366, -0.4786340977491965742 ) ) ;
#1171 = CARTESIAN_POINT ( 'NONE',  ( 0.2382429854086278442, 0.05918898595714506411, 0.4688971358547107671 ) ) ;
#1172 = CARTESIAN_POINT ( 'NONE',  ( 0.2894525502881450940, -0.1398003395938842153, 0.6246212425663877355 ) ) ;
#1173 = ORIENTED_EDGE ( 'NONE', *, *, #2146, .T. ) ;
#1174 = ORIENTED_EDGE ( 'NONE', *, *, #1146, .T. ) ;
#1175 = CARTESIAN_POINT ( 'NONE',  ( -0.02130055087177936193, 0.3065692699093540696, -0.3197459260209623011 ) ) ;
#1176 = EDGE_CURVE ( 'NONE', #1109, #1036, #882, .T. ) ;
#1177 = LINE ( 'NONE', #705, #688 ) ;
#1178 = CARTESIAN_POINT ( 'NONE',  ( 0.007981690714443330503, 0.02740153724774197636, 0.6078940288234704337 ) ) ;
#1179 = CARTESIAN_POINT ( 'NONE',  ( 0.3070138820860855433, -0.1959526924081309296, 0.5208215522642890560 ) ) ;
#1180 = CARTESIAN_POINT ( 'NONE',  ( -0.01569856429828444394, 0.3065633852197108267, -0.3255521608292383240 ) ) ;
#1181 = DIRECTION ( 'NONE',  ( -3.360727410001489967E-17, -2.819985130219624827E-17, -1.000000000000000000 ) ) ;
#1182 = FACE_OUTER_BOUND ( 'NONE', #2563, .T. ) ;
#1183 = FACE_OUTER_BOUND ( 'NONE', #64, .T. ) ;
#1184 = VERTEX_POINT ( 'NONE', #1664 ) ;
#1185 = CARTESIAN_POINT ( 'NONE',  ( -0.09431981667117705914, 0.3064610242984828203, -0.4132269036645829785 ) ) ;
#1186 = CARTESIAN_POINT ( 'NONE',  ( -0.2513210615437096451, 0.1503243886129205786, -0.3431969959336196307 ) ) ;
#1187 = CARTESIAN_POINT ( 'NONE',  ( 0.2276877451251175244, -0.06554140675663469584, 0.5257751069335760974 ) ) ;
#1188 = ORIENTED_EDGE ( 'NONE', *, *, #2216, .T. ) ;
#1189 = ORIENTED_EDGE ( 'NONE', *, *, #2976, .F. ) ;
#1190 = FACE_OUTER_BOUND ( 'NONE', #1313, .T. ) ;
#1191 = CARTESIAN_POINT ( 'NONE',  ( 0.08772217931163957261, -0.2256563327508666339, 0.5200389459983739693 ) ) ;
#1192 = LINE ( 'NONE', #2251, #1487 ) ;
#1193 = CARTESIAN_POINT ( 'NONE',  ( 0.3042709115822331833, -0.1791553195250441266, 0.5207883193718314541 ) ) ;
#1194 = ADVANCED_FACE ( 'NONE', ( #896 ), #410, .F. ) ;
#1195 = CARTESIAN_POINT ( 'NONE',  ( 0.3053235353438548128, -0.1874740235736372940, 0.6234183766358620815 ) ) ;
#1196 = CARTESIAN_POINT ( 'NONE',  ( 0.2367883116228153839, -0.07635489627312858074, 0.5203945363365541921 ) ) ;
#1197 = CARTESIAN_POINT ( 'NONE',  ( 0.2382429854086280385, 0.05918898595714501554, 0.8853341718056316756 ) ) ;
#1198 = CARTESIAN_POINT ( 'NONE',  ( -0.2712335202009274471, 0.02706485821089856317, -0.3154753631107351519 ) ) ;
#1199 = CARTESIAN_POINT ( 'NONE',  ( -0.02968391631161963404, -0.1656192736629422679, 0.4575087336591229792 ) ) ;
#1200 = EDGE_LOOP ( 'NONE', ( #969, #1420, #747, #275, #2364 ) ) ;
#1201 = VECTOR ( 'NONE', #1432, 1000.000000000000000 ) ;
#1202 = ORIENTED_EDGE ( 'NONE', *, *, #1837, .T. ) ;
#1203 = ORIENTED_EDGE ( 'NONE', *, *, #2016, .T. ) ;
#1204 = CARTESIAN_POINT ( 'NONE',  ( 0.007555264749071164375, 0.3066166110988047810, -0.3154363847520004205 ) ) ;
#1205 = AXIS2_PLACEMENT_3D ( 'NONE', #3276, #2517, #194 ) ;
#1206 = AXIS2_PLACEMENT_3D ( 'NONE', #2229, #2440, #110 ) ;
#1207 = ORIENTED_EDGE ( 'NONE', *, *, #382, .T. ) ;
#1208 = CARTESIAN_POINT ( 'NONE',  ( -0.02968167159485786064, -0.1656219488122072647, 0.4576412525482470572 ) ) ;
#1209 = FACE_OUTER_BOUND ( 'NONE', #432, .T. ) ;
#1210 = CARTESIAN_POINT ( 'NONE',  ( 0.3074889836471155768, -0.2029174188830189796, 0.5208328481175223956 ) ) ;
#1211 = CIRCLE ( 'NONE', #101, 0.2792153994763875713 ) ;
#1212 = AXIS2_PLACEMENT_3D ( 'NONE', #971, #1443, #1964 ) ;
#1213 = DIRECTION ( 'NONE',  ( -2.159011887891894950E-17, -1.448607047974698085E-17, -1.000000000000000000 ) ) ;
#1214 = DIRECTION ( 'NONE',  ( -0.6427876096865391409, 0.7660444431189782355, -1.647354195508802140E-16 ) ) ;
#1215 = CARTESIAN_POINT ( 'NONE',  ( 0.2381610954739884767, 0.05909528137451448143, 0.8853447589701989306 ) ) ;
#1216 = ORIENTED_EDGE ( 'NONE', *, *, #2991, .F. ) ;
#1217 = AXIS2_PLACEMENT_3D ( 'NONE', #1016, #2097, #575 ) ;
#1218 = ADVANCED_FACE ( 'NONE', ( #1971 ), #3225, .T. ) ;
#1219 = CARTESIAN_POINT ( 'NONE',  ( 0.2382049346586913863, 0.05913859877175887264, 0.4697631936117648843 ) ) ;
#1220 = CARTESIAN_POINT ( 'NONE',  ( 0.2382429854086280385, 0.05918898595714501554, 0.6408693573563415402 ) ) ;
#1221 = EDGE_LOOP ( 'NONE', ( #3052, #2264, #671, #529 ) ) ;
#1222 = ORIENTED_EDGE ( 'NONE', *, *, #498, .F. ) ;
#1223 = B_SPLINE_CURVE_WITH_KNOTS ( 'NONE', 3,
 ( #161, #673, #2217, #3043, #1469, #1175, #687, #2516, #1204 ),
 .UNSPECIFIED., .F., .F.,
 ( 4, 1, 1, 1, 2, 4 ),
 ( 0.000000000000000000, 0.05117827746573751224, 0.3670411928236302357, 0.6829041081815200309, 0.9987670235394104923, 1.000000000000000000 ),
 .UNSPECIFIED. ) ;
#1224 = ORIENTED_EDGE ( 'NONE', *, *, #392, .F. ) ;
#1225 = VERTEX_POINT ( 'NONE', #2453 ) ;
#1226 = LINE ( 'NONE', #463, #2974 ) ;
#1227 = ORIENTED_EDGE ( 'NONE', *, *, #3054, .T. ) ;
#1228 = DIRECTION ( 'NONE',  ( 0.000000000000000000, -1.000000000000000000, 1.543945040340209950E-16 ) ) ;
#1229 = CARTESIAN_POINT ( 'NONE',  ( 0.2195117871479305705, 0.02221201557967687062, 0.6832280241692169076 ) ) ;
#1230 = CARTESIAN_POINT ( 'NONE',  ( 0.3049351296873898387, -0.2318226595130138123, 0.6234184490456320393 ) ) ;
#1231 = DIRECTION ( 'NONE',  ( 0.7660444431189782355, 0.6427876096865391409, -4.387118058474741248E-17 ) ) ;
#1232 = CARTESIAN_POINT ( 'NONE',  ( -0.1012600985051547858, -0.2256879265384593436, 0.6408693573563415402 ) ) ;
#1233 = EDGE_LOOP ( 'NONE', ( #3101, #2689, #2327, #2247 ) ) ;
#1234 = CARTESIAN_POINT ( 'NONE',  ( -0.09647935599217670466, -0.2226683397906172868, 0.6709002386613805990 ) ) ;
#1235 = CARTESIAN_POINT ( 'NONE',  ( 0.1143143816284581532, -0.3286810239673818024, 0.5197406333293084213 ) ) ;
#1236 = ORIENTED_EDGE ( 'NONE', *, *, #65, .F. ) ;
#1237 = ORIENTED_EDGE ( 'NONE', *, *, #1406, .T. ) ;
#1238 = EDGE_CURVE ( 'NONE', #3302, #715, #1143, .T. ) ;
#1239 = CARTESIAN_POINT ( 'NONE',  ( -0.07236950342153444793, 0.3009202574007120989, -0.3352951760013444527 ) ) ;
#1240 = ORIENTED_EDGE ( 'NONE', *, *, #668, .F. ) ;
#1241 = CARTESIAN_POINT ( 'NONE',  ( 0.1413858365971075171, -0.1694942035237993749, 0.6832577409621463094 ) ) ;
#1242 = LINE ( 'NONE', #2625, #318 ) ;
#1243 = PLANE ( 'NONE',  #1828 ) ;
#1244 = ADVANCED_FACE ( 'NONE', ( #1942 ), #1033, .F. ) ;
#1245 = CARTESIAN_POINT ( 'NONE',  ( 0.2276650047515893227, -0.3286491381360138186, 0.6234184281499387525 ) ) ;
#1246 = CARTESIAN_POINT ( 'NONE',  ( 0.1298883718955799738, -0.04150599159674536742, 0.7298197700101266561 ) ) ;
#1247 = LINE ( 'NONE', #202, #1492 ) ;
#1248 = CARTESIAN_POINT ( 'NONE',  ( 0.009276183887651185539, -0.1557175863615921918, 0.7713013524426924894 ) ) ;
#1249 = CARTESIAN_POINT ( 'NONE',  ( 0.07937850474496675746, -0.2986209065048374689, 0.5888424514075923932 ) ) ;
#1250 = ORIENTED_EDGE ( 'NONE', *, *, #2757, .T. ) ;
#1251 = VERTEX_POINT ( 'NONE', #186 ) ;
#1252 = ORIENTED_EDGE ( 'NONE', *, *, #3194, .T. ) ;
#1253 = CYLINDRICAL_SURFACE ( 'NONE', #45, 0.1308822185045566411 ) ;
#1254 = VERTEX_POINT ( 'NONE', #443 ) ;
#1255 = EDGE_LOOP ( 'NONE', ( #2995, #699, #1294, #2566 ) ) ;
#1256 = CIRCLE ( 'NONE', #3062, 0.05235288740182260370 ) ;
#1257 = CARTESIAN_POINT ( 'NONE',  ( -0.2658450489380720372, 0.09851709563497111632, -0.3277380258344005926 ) ) ;
#1258 = FACE_OUTER_BOUND ( 'NONE', #394, .T. ) ;
#1259 = AXIS2_PLACEMENT_3D ( 'NONE', #617, #1954, #3222 ) ;
#1260 = CARTESIAN_POINT ( 'NONE',  ( -0.2513431064455822206, 0.2856034413277946382, -0.4476897500344321212 ) ) ;
#1261 = CARTESIAN_POINT ( 'NONE',  ( 0.007555264749070993505, 0.3066166110988047810, -0.3154363847520004205 ) ) ;
#1262 = CARTESIAN_POINT ( 'NONE',  ( 0.2027980363525553054, -0.3365140522156034875, 0.6234183966349536865 ) ) ;
#1263 = CARTESIAN_POINT ( 'NONE',  ( -0.08311172117144977056, -0.2159224330945951342, 0.7827145278721358013 ) ) ;
#1264 = CIRCLE ( 'NONE', #1770, 0.2792153994763875713 ) ;
#1265 = CARTESIAN_POINT ( 'NONE',  ( 0.08003440299041958417, -0.2966689506047663905, 0.5201071297867533305 ) ) ;
#1266 = AXIS2_PLACEMENT_3D ( 'NONE', #2509, #2548, #441 ) ;
#1267 = EDGE_CURVE ( 'NONE', #2639, #549, #1758, .T. ) ;
#1268 = FACE_OUTER_BOUND ( 'NONE', #2294, .T. ) ;
#1269 = ORIENTED_EDGE ( 'NONE', *, *, #452, .F. ) ;
#1270 = CARTESIAN_POINT ( 'NONE',  ( 0.2623299001596491320, -0.1948691551420461132, 0.5879580729731963551 ) ) ;
#1271 = EDGE_LOOP ( 'NONE', ( #2485, #1293, #2123, #1663, #500, #1169, #583 ) ) ;
#1272 = APPROVAL_PERSON_ORGANIZATION ( #2136, #221, #2157 ) ;
#1273 = CARTESIAN_POINT ( 'NONE',  ( -0.05520884563963333880, 0.3065207557927360216, -0.3154363847520004205 ) ) ;
#1274 = ORIENTED_EDGE ( 'NONE', *, *, #3284, .T. ) ;
#1275 = DIRECTION ( 'NONE',  ( -0.9999988337845089337, -0.001527229394122699710, 4.140413492149794851E-19 ) ) ;
#1276 = CARTESIAN_POINT ( 'NONE',  ( -0.09423117972118884300, -0.2213021483936479794, 0.7368728455234686558 ) ) ;
#1277 = ORIENTED_EDGE ( 'NONE', *, *, #1533, .F. ) ;
#1278 = DIRECTION ( 'NONE',  ( -7.228261246380429926E-17, 1.543945040340209950E-16, 1.000000000000000000 ) ) ;
#1279 = CYLINDRICAL_SURFACE ( 'NONE', #594, 0.1308822185045566411 ) ;
#1280 = EDGE_CURVE ( 'NONE', #1157, #1132, #2037, .T. ) ;
#1281 =( BOUNDED_CURVE ( )  B_SPLINE_CURVE ( 3, ( #1562, #2594, #2626, #323 ),
 .UNSPECIFIED., .F., .T. ) 
 B_SPLINE_CURVE_WITH_KNOTS ( ( 4, 4 ),
 ( 4.825214214231130505, 5.497787143782139729 ),
 .UNSPECIFIED. ) 
 CURVE ( )  GEOMETRIC_REPRESENTATION_ITEM ( )  RATIONAL_B_SPLINE_CURVE ( ( 1.000000000000000000, 0.9626577188650169425, 0.9626577188650169425, 1.000000000000000000 ) ) 
 REPRESENTATION_ITEM ( '' )  );
#1282 = CARTESIAN_POINT ( 'NONE',  ( 0.2615493905190740542, -0.3074987234678525083, 0.6234184369381948754 ) ) ;
#1283 = CARTESIAN_POINT ( 'NONE',  ( 0.2758484713289271473, -0.1235588716161903633, 0.7289129688368877202 ) ) ;
#1284 = CARTESIAN_POINT ( 'NONE',  ( 0.07127144568889867693, -0.2859331890187050695, 0.5200595490289876555 ) ) ;
#1285 = DIRECTION ( 'NONE',  ( -0.7660444431189782355, -0.6427876096865391409, -4.134133677384526162E-16 ) ) ;
#1286 = CARTESIAN_POINT ( 'NONE',  ( -0.006709998536663978018, -0.2144472711355615291, 0.5196691378868252276 ) ) ;
#1287 = ORIENTED_EDGE ( 'NONE', *, *, #1568, .T. ) ;
#1288 = CARTESIAN_POINT ( 'NONE',  ( -0.2032727703187724722, 0.2630722815429787365, -0.3860727868149246844 ) ) ;
#1289 = ORIENTED_EDGE ( 'NONE', *, *, #2218, .F. ) ;
#1290 = ORIENTED_EDGE ( 'NONE', *, *, #2619, .T. ) ;
#1291 = CARTESIAN_POINT ( 'NONE',  ( 0.2197912944150196557, 0.02973377083761098369, 0.7878730532112111495 ) ) ;
#1292 = CARTESIAN_POINT ( 'NONE',  ( 0.09149490886694193470, -0.3100345739158403835, 0.6832577409621463094 ) ) ;
#1293 = ORIENTED_EDGE ( 'NONE', *, *, #434, .T. ) ;
#1294 = ORIENTED_EDGE ( 'NONE', *, *, #1558, .T. ) ;
#1295 = CARTESIAN_POINT ( 'NONE',  ( 0.2165947924746252917, -0.02707230335786998260, 0.5202513947382517712 ) ) ;
#1296 = B_SPLINE_CURVE_WITH_KNOTS ( 'NONE', 3,
 ( #1870, #2901, #850, #2926, #1835, #1575, #2402 ),
 .UNSPECIFIED., .F., .F.,
 ( 4, 3, 4 ),
 ( -5.433514190300333914E-05, -2.763882784749025111E-05, 0.000000000000000000 ),
 .UNSPECIFIED. ) ;
#1297 = DIRECTION ( 'NONE',  ( 7.228261246380429926E-17, -1.543945040340209950E-16, -1.000000000000000000 ) ) ;
#1298 = CARTESIAN_POINT ( 'NONE',  ( 0.2806475624692478243, -0.2872171373089184576, 0.6234184921220016218 ) ) ;
#1299 = ADVANCED_FACE ( 'NONE', ( #961 ), #863, .T. ) ;
#1300 = LINE ( 'NONE', #31, #2163 ) ;
#1301 = CARTESIAN_POINT ( 'NONE',  ( -0.1008571584074084843, -0.2254189982237391754, 0.6394841625832716758 ) ) ;
#1302 = ORIENTED_EDGE ( 'NONE', *, *, #3054, .F. ) ;
#1303 = LINE ( 'NONE', #1021, #1818 ) ;
#1304 = CARTESIAN_POINT ( 'NONE',  ( 0.2758562834369721606, -0.1235850262089478319, 0.6904371024296943604 ) ) ;
#1305 = ORIENTED_EDGE ( 'NONE', *, *, #3245, .F. ) ;
#1306 = B_SPLINE_CURVE_WITH_KNOTS ( 'NONE', 3,
 ( #2578, #3117, #253, #1553, #568, #2834, #1327, #1573, #550, #2347, #531, #513, #1813, #1076, #2655, #2127 ),
 .UNSPECIFIED., .F., .F.,
 ( 4, 3, 3, 3, 3, 4 ),
 ( 2.222779722172118918E-19, 1.036355112093587136E-06, 2.437880935464281595E-06, 6.153420974954884262E-06, 2.143859651992789558E-05, 2.490673517918549909E-05 ),
 .UNSPECIFIED. ) ;
#1307 = CARTESIAN_POINT ( 'NONE',  ( -0.2088181203860639268, 0.2066867138636191148, -0.3154363847520004205 ) ) ;
#1308 = EDGE_CURVE ( 'NONE', #1993, #121, #388, .T. ) ;
#1309 = ORIENTED_EDGE ( 'NONE', *, *, #1399, .T. ) ;
#1310 = ORIENTED_EDGE ( 'NONE', *, *, #378, .F. ) ;
#1311 = CARTESIAN_POINT ( 'NONE',  ( 0.2152175357296015057, -0.01760141069092737917, 0.6234183948890669180 ) ) ;
#1312 = DIRECTION ( 'NONE',  ( -1.285609448291217972E-17, -1.469458323489273804E-16, -1.000000000000000000 ) ) ;
#1313 = EDGE_LOOP ( 'NONE', ( #2084, #2868, #3317, #3335 ) ) ;
#1314 = CARTESIAN_POINT ( 'NONE',  ( -0.05364025550151132332, -0.2085107474480261680, 0.7887523149099658903 ) ) ;
#1315 = CARTESIAN_POINT ( 'NONE',  ( -0.2400907534087388384, 0.2747145941693711069, -0.4253960940012656566 ) ) ;
#1316 = CIRCLE ( 'NONE', #1482, 0.2792153994763875713 ) ;
#1317 = CARTESIAN_POINT ( 'NONE',  ( 0.1854436854053995165, -0.3389402235922830964, 0.6234183952731978673 ) ) ;
#1318 = CARTESIAN_POINT ( 'NONE',  ( -0.1012600985051556463, -0.2256879265384602595, 0.7715137822793756150 ) ) ;
#1319 = CARTESIAN_POINT ( 'NONE',  ( 0.1664651654753481758, -0.3388526320221289523, 0.5204891958727104750 ) ) ;
#1320 = ORIENTED_EDGE ( 'NONE', *, *, #1646, .F. ) ;
#1321 = CIRCLE ( 'NONE', #3236, 0.1047057748036452490 ) ;
#1322 = DIRECTION ( 'NONE',  ( -0.5782313421766088757, 0.5764678495729869123, 0.5773502691896258421 ) ) ;
#1323 = CYLINDRICAL_SURFACE ( 'NONE', #1822, 0.1308822185045566966 ) ;
#1324 = ORIENTED_EDGE ( 'NONE', *, *, #1925, .F. ) ;
#1325 = VECTOR ( 'NONE', #2729, 1000.000000000000114 ) ;
#1326 = EDGE_CURVE ( 'NONE', #2555, #248, #3231, .T. ) ;
#1327 = CARTESIAN_POINT ( 'NONE',  ( 0.2376501244816033032, 0.05850546625751505692, 0.7735271124584105484 ) ) ;
#1328 = VERTEX_POINT ( 'NONE', #728 ) ;
#1329 = VERTEX_POINT ( 'NONE', #478 ) ;
#1330 = CARTESIAN_POINT ( 'NONE',  ( 0.2285584102432471620, -0.06462977854489634910, 0.6234183948890668070 ) ) ;
#1331 = AXIS2_PLACEMENT_3D ( 'NONE', #1100, #1358, #100 ) ;
#1332 = CARTESIAN_POINT ( 'NONE',  ( -0.07359610388645440593, -0.2122743296641942112, 0.6261342703983664437 ) ) ;
#1333 = EDGE_CURVE ( 'NONE', #3314, #977, #1388, .T. ) ;
#1334 = ORIENTED_EDGE ( 'NONE', *, *, #1434, .F. ) ;
#1335 = CARTESIAN_POINT ( 'NONE',  ( -0.2633149809229384797, 0.3080832959991280928, -0.4762932367062414629 ) ) ;
#1336 = DIRECTION ( 'NONE',  ( 0.9999988337845088227, 0.001527229394122779508, -2.119456546549299509E-19 ) ) ;
#1337 = COORDINATED_UNIVERSAL_TIME_OFFSET ( 8, 0, .AHEAD. ) ;
#1338 = FACE_OUTER_BOUND ( 'NONE', #552, .T. ) ;
#1339 = CARTESIAN_POINT ( 'NONE',  ( -0.2166986851628030786, -0.1062333449677858727, 0.1621382881024046041 ) ) ;
#1340 = CARTESIAN_POINT ( 'NONE',  ( 0.1413858365971075171, -0.1694942035237993749, 0.6234183948890671401 ) ) ;
#1341 = CARTESIAN_POINT ( 'NONE',  ( 0.09274541672153571725, -0.3087566457310135237, 0.5201713791269219067 ) ) ;
#1342 = CARTESIAN_POINT ( 'NONE',  ( 0.2221961108092339043, 0.03023463654444434948, 0.7292794615410073122 ) ) ;
#1343 = CARTESIAN_POINT ( 'NONE',  ( 0.2141849768901101514, -0.02933992094953376262, 0.8344075427847067461 ) ) ;
#1344 = CARTESIAN_POINT ( 'NONE',  ( -0.08045770853849769366, -0.2149049360367986661, 0.7836410463415339755 ) ) ;
#1345 = ORIENTED_EDGE ( 'NONE', *, *, #2557, .T. ) ;
#1346 = CARTESIAN_POINT ( 'NONE',  ( -0.2423867620640202947, -0.05760028982910372214, 0.7522662555026367048 ) ) ;
#1347 = FACE_OUTER_BOUND ( 'NONE', #60, .T. ) ;
#1348 = ORIENTED_EDGE ( 'NONE', *, *, #2254, .T. ) ;
#1349 = FACE_OUTER_BOUND ( 'NONE', #81, .T. ) ;
#1350 = EDGE_CURVE ( 'NONE', #1152, #942, #232, .T. ) ;
#1351 = LINE ( 'NONE', #1168, #2267 ) ;
#1352 = EDGE_LOOP ( 'NONE', ( #1345, #1202 ) ) ;
#1353 = VERTEX_POINT ( 'NONE', #1450 ) ;
#1354 = EDGE_CURVE ( 'NONE', #2308, #1896, #2498, .T. ) ;
#1355 = CARTESIAN_POINT ( 'NONE',  ( -0.2715810197523969016, 0.2546005169321625683, -0.5045336239065286721 ) ) ;
#1356 = CARTESIAN_POINT ( 'NONE',  ( 0.2136344182835792638, -0.02626010660201462399, 0.8344609751604060710 ) ) ;
#1357 = APPROVAL_DATE_TIME ( #1561, #2923 ) ;
#1358 = DIRECTION ( 'NONE',  ( 0.000000000000000000, 0.000000000000000000, 1.000000000000000000 ) ) ;
#1359 = DIRECTION ( 'NONE',  ( -0.8941541173264544451, 0.000000000000000000, 0.4477593265004639056 ) ) ;
#1360 = EDGE_CURVE ( 'NONE', #1783, #1554, #174, .T. ) ;
#1361 = CARTESIAN_POINT ( 'NONE',  ( -0.1784844104196323944, 0.2354189425378911127, -0.3154363847520004205 ) ) ;
#1362 = CARTESIAN_POINT ( 'NONE',  ( 0.2527300695689153054, -0.3148740092819425351, 0.5207802848831950548 ) ) ;
#1363 = SPHERICAL_SURFACE ( 'NONE', #416, 0.2792153994763875713 ) ;
#1364 = CARTESIAN_POINT ( 'NONE',  ( 0.2332473323304027069, 0.05221163817471966007, 0.6320384248008379391 ) ) ;
#1365 = ADVANCED_FACE ( 'NONE', ( #1268 ), #1323, .T. ) ;
#1366 = CYLINDRICAL_SURFACE ( 'NONE', #684, 0.1047057748036452490 ) ;
#1367 = ORIENTED_EDGE ( 'NONE', *, *, #2757, .F. ) ;
#1368 = CARTESIAN_POINT ( 'NONE',  ( -0.2712334840382038537, 0.02704117959322982490, -0.3154999674460186032 ) ) ;
#1369 = CARTESIAN_POINT ( 'NONE',  ( 0.2326139705225162557, -0.3317901243745990381, 0.5550393232476130700 ) ) ;
#1370 = CARTESIAN_POINT ( 'NONE',  ( 0.01443902465101025087, -0.1286048349705868621, 0.6658067784948719092 ) ) ;
#1371 = ORIENTED_EDGE ( 'NONE', *, *, #604, .F. ) ;
#1372 = VERTEX_POINT ( 'NONE', #1343 ) ;
#1373 = CARTESIAN_POINT ( 'NONE',  ( -0.2716383747591407105, 0.2982655644223053404, -0.4989547314206539963 ) ) ;
#1374 = CARTESIAN_POINT ( 'NONE',  ( 0.3059616623041455652, -0.2191149159852913697, 0.6904371024296943604 ) ) ;
#1375 = APPROVAL_ROLE ( '' ) ;
#1376 = EDGE_CURVE ( 'NONE', #1694, #1058, #1090, .T. ) ;
#1377 = CARTESIAN_POINT ( 'NONE',  ( -0.2710986009812383912, -0.06127751056686427805, 0.1621382881024046041 ) ) ;
#1378 = CARTESIAN_POINT ( 'NONE',  ( 0.1180425027228851759, -0.1423524089927736269, 0.5879580729731963551 ) ) ;
#1379 = CARTESIAN_POINT ( 'NONE',  ( 0.2474894669170649431, -0.3184848710500566282, 0.5207655433892371954 ) ) ;
#1380 = CIRCLE ( 'NONE', #3275, 0.1308822185045566411 ) ;
#1381 = FACE_OUTER_BOUND ( 'NONE', #3040, .T. ) ;
#1382 = CARTESIAN_POINT ( 'NONE',  ( 0.008227908050057965508, -0.1338165806196446317, 0.8871094282998579494 ) ) ;
#1383 = AXIS2_PLACEMENT_3D ( 'NONE', #3216, #2890, #1359 ) ;
#1384 = CYLINDRICAL_SURFACE ( 'NONE', #2744, 0.05235288740182260370 ) ;
#1385 = ORIENTED_EDGE ( 'NONE', *, *, #1494, .F. ) ;
#1386 = EDGE_CURVE ( 'NONE', #603, #2804, #2328, .T. ) ;
#1387 = FACE_OUTER_BOUND ( 'NONE', #2011, .T. ) ;
#1388 = B_SPLINE_CURVE_WITH_KNOTS ( 'NONE', 3,
 ( #2552, #495, #1731, #3022 ),
 .UNSPECIFIED., .F., .F.,
 ( 4, 4 ),
 ( 0.000000000000000000, 1.000000000000000000 ),
 .UNSPECIFIED. ) ;
#1389 = CARTESIAN_POINT ( 'NONE',  ( 0.1719103933357263303, -0.3439093084143796664, 0.5547085549266218552 ) ) ;
#1390 = CIRCLE ( 'NONE', #794, 0.1134312560372822548 ) ;
#1391 = LINE ( 'NONE', #3075, #412 ) ;
#1392 = VECTOR ( 'NONE', #2012, 1000.000000000000000 ) ;
#1393 = ORIENTED_EDGE ( 'NONE', *, *, #1376, .F. ) ;
#1394 = CARTESIAN_POINT ( 'NONE',  ( 0.3283708676154259432, -0.009684918354379493458, 0.6832577409621463094 ) ) ;
#1395 = PERSON_AND_ORGANIZATION_ROLE ( 'creator' ) ;
#1396 = CARTESIAN_POINT ( 'NONE',  ( -0.2145409270576335570, -0.09078566373674976098, 0.4576412525482470572 ) ) ;
#1397 = DIRECTION ( 'NONE',  ( 0.6427876096865393629, -0.7660444431189779024, 0.000000000000000000 ) ) ;
#1398 = CARTESIAN_POINT ( 'NONE',  ( 0.2910691835784222636, -0.2720759060326868872, 0.5208657244955945398 ) ) ;
#1399 = EDGE_CURVE ( 'NONE', #2784, #1372, #2864, .T. ) ;
#1400 = CARTESIAN_POINT ( 'NONE',  ( -0.2498305787816943735, 0.3010276858280577783, -0.4536161349161191847 ) ) ;
#1401 = CARTESIAN_POINT ( 'NONE',  ( 0.2415160778936848163, -0.08264404749255641058, 0.7887523149099658903 ) ) ;
#1402 = CARTESIAN_POINT ( 'NONE',  ( 0.2309212279094325637, 0.04848804646275578500, 0.6301498717917165537 ) ) ;
#1403 = ORIENTED_EDGE ( 'NONE', *, *, #13, .T. ) ;
#1404 = CARTESIAN_POINT ( 'NONE',  ( -0.2712335849368393004, 0.02710724597347495893, -0.3155635538084287095 ) ) ;
#1405 = DIRECTION ( 'NONE',  ( -0.9396935761238337514, 0.3420175185448849353, -1.207291317443698849E-16 ) ) ;
#1406 = EDGE_CURVE ( 'NONE', #1511, #3271, #76, .T. ) ;
#1407 = CYLINDRICAL_SURFACE ( 'NONE', #251, 0.2792153994763875713 ) ;
#1408 = CARTESIAN_POINT ( 'NONE',  ( 0.1663403461630979241, -0.07133169365769934100, -0.1333646763434380711 ) ) ;
#1409 = CARTESIAN_POINT ( 'NONE',  ( 0.08770255922008922400, -0.3048214360547029655, 0.6234184694717673780 ) ) ;
#1410 = CARTESIAN_POINT ( 'NONE',  ( 0.1300468833425334203, 0.08743639350468918048, -0.6504596527268219353 ) ) ;
#1411 = CARTESIAN_POINT ( 'NONE',  ( 0.3075063541041130888, -0.2134505809778080299, 0.5208473093987284752 ) ) ;
#1412 = CARTESIAN_POINT ( 'NONE',  ( 0.3008559587047422990, -0.1533616345380730273, 0.7289129688368877202 ) ) ;
#1413 = CARTESIAN_POINT ( 'NONE',  ( -0.1013141035865246509, -0.2257241373864754264, 0.8646644395414381234 ) ) ;
#1414 = CARTESIAN_POINT ( 'NONE',  ( 0.1755868751404268679, -0.2076883399992063006, 0.7289129688368877202 ) ) ;
#1415 = CARTESIAN_POINT ( 'NONE',  ( -0.2712334971882847667, 0.02704978999965482189, -0.3154910204150055408 ) ) ;
#1416 = ORIENTED_EDGE ( 'NONE', *, *, #2218, .T. ) ;
#1417 = CARTESIAN_POINT ( 'NONE',  ( 0.3081798053243266500, -0.1771488419525093783, 0.6247369916440047577 ) ) ;
#1418 = ADVANCED_FACE ( 'NONE', ( #2083, #548 ), #528, .T. ) ;
#1419 = ORIENTED_EDGE ( 'NONE', *, *, #3173, .F. ) ;
#1420 = ORIENTED_EDGE ( 'NONE', *, *, #2237, .T. ) ;
#1421 = CARTESIAN_POINT ( 'NONE',  ( 0.1750376239503136089, -0.2095988419991991480, 0.6234183948890671401 ) ) ;
#1422 = DIRECTION ( 'NONE',  ( -0.5571650170049660122, 0.8304017966176711063, 0.000000000000000000 ) ) ;
#1423 = DIRECTION ( 'NONE',  ( 7.228261246380429926E-17, -1.543945040340209950E-16, -1.000000000000000000 ) ) ;
#1424 = CARTESIAN_POINT ( 'NONE',  ( 0.3029573135087519908, -0.2430071488492855925, 0.5208706498152265718 ) ) ;
#1425 = DIRECTION ( 'NONE',  ( -0.5571650170049660122, 0.8304017966176711063, 0.000000000000000000 ) ) ;
#1426 = DIRECTION ( 'NONE',  ( 0.001527229394122709685, -0.9999988337845089337, 1.453406370955493816E-16 ) ) ;
#1427 = CARTESIAN_POINT ( 'NONE',  ( 0.007680162022654730448, 0.2248364093773314309, 0.8053291312049349893 ) ) ;
#1428 = ORIENTED_EDGE ( 'NONE', *, *, #1101, .T. ) ;
#1429 = B_SPLINE_CURVE_WITH_KNOTS ( 'NONE', 3,
 ( #1215, #3061, #1779, #1197 ),
 .UNSPECIFIED., .F., .F.,
 ( 4, 4 ),
 ( 3.182989244684200081, 3.183690844461009917 ),
 .UNSPECIFIED. ) ;
#1430 = AXIS2_PLACEMENT_3D ( 'NONE', #1270, #3098, #310 ) ;
#1431 = AXIS2_PLACEMENT_3D ( 'NONE', #2180, #1123, #2144 ) ;
#1432 = DIRECTION ( 'NONE',  ( 1.345224776421419991E-16, -2.285690869628840365E-16, -1.000000000000000000 ) ) ;
#1433 = CARTESIAN_POINT ( 'NONE',  ( 0.2807928321178147502, -0.2949116024360577404, 0.5899573132040148993 ) ) ;
#1434 = EDGE_CURVE ( 'NONE', #3050, #2571, #633, .T. ) ;
#1435 = AXIS2_PLACEMENT_3D ( 'NONE', #2385, #61, #1815 ) ;
#1436 = VERTEX_POINT ( 'NONE', #2881 ) ;
#1437 = ORIENTED_EDGE ( 'NONE', *, *, #1141, .F. ) ;
#1438 = DIRECTION ( 'NONE',  ( 0.000000000000000000, -2.150468174929300016E-16, -1.000000000000000000 ) ) ;
#1439 = ADVANCED_FACE ( 'NONE', ( #2380 ), #1074, .T. ) ;
#1440 = AXIS2_PLACEMENT_3D ( 'NONE', #1421, #2788, #1702 ) ;
#1441 = CARTESIAN_POINT ( 'NONE',  ( -0.06532826351363410500, -0.2102196046305283561, 0.7878401419587195420 ) ) ;
#1442 = DIRECTION ( 'NONE',  ( 0.9999988337845088227, 0.001527229394122779508, -2.119456546549299509E-19 ) ) ;
#1443 = DIRECTION ( 'NONE',  ( -3.360727410001489967E-17, -2.819985130219624827E-17, -1.000000000000000000 ) ) ;
#1444 = CARTESIAN_POINT ( 'NONE',  ( 0.1755868751404268679, -0.2076883399992063006, 0.6832577409621463094 ) ) ;
#1445 = CARTESIAN_POINT ( 'NONE',  ( -0.2547136849374324608, 0.1418050725445616222, -0.3154363848207657472 ) ) ;
#1446 = CARTESIAN_POINT ( 'NONE',  ( 0.009276183887651185539, -0.1557175863615921918, 0.7887523149099658903 ) ) ;
#1447 = EDGE_LOOP ( 'NONE', ( #2921, #2819 ) ) ;
#1448 = CARTESIAN_POINT ( 'NONE',  ( -0.2348469609282221038, 0.2438371674033480152, -0.3949161587569753884 ) ) ;
#1449 = CARTESIAN_POINT ( 'NONE',  ( -0.2712336428189668358, 0.02715460190397480170, -0.3155143498786828760 ) ) ;
#1450 = CARTESIAN_POINT ( 'NONE',  ( 0.2086894113035197007, -0.2497034804745988934, 0.7289129688368877202 ) ) ;
#1451 = ORIENTED_EDGE ( 'NONE', *, *, #1473, .F. ) ;
#1452 = EDGE_CURVE ( 'NONE', #460, #2513, #19, .T. ) ;
#1453 = VERTEX_POINT ( 'NONE', #565 ) ;
#1454 = PLANE ( 'NONE',  #2648 ) ;
#1455 = PRODUCT_RELATED_PRODUCT_CATEGORY ( 'detail', '', ( #2412 ) ) ;
#1456 = CARTESIAN_POINT ( 'NONE',  ( 0.007981690714443330503, 0.02740153724774197636, 0.6078940288234704337 ) ) ;
#1457 = DIRECTION ( 'NONE',  ( 0.001527229394122709685, -0.9999988337845089337, 1.453406370955493816E-16 ) ) ;
#1458 = CARTESIAN_POINT ( 'NONE',  ( 0.3009112235930230805, -0.1671705706441703743, 0.5207593191364204843 ) ) ;
#1459 = PLANE ( 'NONE',  #2898 ) ;
#1460 = EDGE_CURVE ( 'NONE', #1184, #2784, #2452, .T. ) ;
#1461 = CARTESIAN_POINT ( 'NONE',  ( 0.3042620243058004048, -0.2352712028023975777, 0.6234184691231965392 ) ) ;
#1462 = CARTESIAN_POINT ( 'NONE',  ( 0.1362925532217693914, -0.04913819769985636188, 0.7289129688368877202 ) ) ;
#1463 = CARTESIAN_POINT ( 'NONE',  ( 0.007461346609101371548, -0.2098872741965682742, 0.8344075427847065241 ) ) ;
#1464 = CARTESIAN_POINT ( 'NONE',  ( 0.2366048989811613545, 0.05696253435085751188, 0.4763214600408796628 ) ) ;
#1465 = CARTESIAN_POINT ( 'NONE',  ( 0.2205011633033558960, 0.03600481940054051783, 0.6407463287228070126 ) ) ;
#1466 = ORIENTED_EDGE ( 'NONE', *, *, #3309, .F. ) ;
#1467 = EDGE_LOOP ( 'NONE', ( #1751, #2089, #1302, #1237, #2668, #1529 ) ) ;
#1468 = ORIENTED_EDGE ( 'NONE', *, *, #2086, .T. ) ;
#1469 = CARTESIAN_POINT ( 'NONE',  ( -0.07718128916301982001, 0.2986334224547388394, -0.3304254750149474007 ) ) ;
#1470 = DIRECTION ( 'NONE',  ( -0.6427876096865391409, 0.7660444431189782355, 0.000000000000000000 ) ) ;
#1471 = CARTESIAN_POINT ( 'NONE',  ( 0.2086894113035197007, -0.2497034804745988934, 0.3937707404860333327 ) ) ;
#1472 = CARTESIAN_POINT ( 'NONE',  ( 0.1300504430496217945, 0.08510556949676723049, -0.6089397597484672575 ) ) ;
#1473 = EDGE_CURVE ( 'NONE', #749, #1592, #1796, .T. ) ;
#1474 = CARTESIAN_POINT ( 'NONE',  ( 0.3069898235514901819, -0.2084043468728943860, 0.6234183336170715517 ) ) ;
#1475 = CARTESIAN_POINT ( 'NONE',  ( 0.2287980042871064212, -0.06314799447634118768, 0.5203464961990171833 ) ) ;
#1476 = CARTESIAN_POINT ( 'NONE',  ( -0.3105894050786727756, 0.08676344002808641931, -0.5928714765848172030 ) ) ;
#1477 = ORIENTED_EDGE ( 'NONE', *, *, #88, .T. ) ;
#1478 = ADVANCED_FACE ( 'NONE', ( #3133 ), #1527, .T. ) ;
#1479 = CARTESIAN_POINT ( 'NONE',  ( -0.2674228350964938938, 0.09440975637174615909, -0.3318947590033839434 ) ) ;
#1480 = CARTESIAN_POINT ( 'NONE',  ( 0.2418613709740710938, -0.08206965280149869368, 0.4684305965326750476 ) ) ;
#1481 = EDGE_LOOP ( 'NONE', ( #2873, #5, #3243, #1290 ) ) ;
#1482 = AXIS2_PLACEMENT_3D ( 'NONE', #2447, #890, #1935 ) ;
#1483 = ORIENTED_EDGE ( 'NONE', *, *, #292, .F. ) ;
#1484 = ORIENTED_EDGE ( 'NONE', *, *, #2928, .F. ) ;
#1485 = CARTESIAN_POINT ( 'NONE',  ( -0.2709826421205695501, -0.1372050207903429686, -0.6089397597484672575 ) ) ;
#1486 = CIRCLE ( 'NONE', #950, 0.05235288740182260370 ) ;
#1487 = VECTOR ( 'NONE', #3277, 1000.000000000000114 ) ;
#1488 = ORIENTED_EDGE ( 'NONE', *, *, #3304, .T. ) ;
#1489 = CARTESIAN_POINT ( 'NONE',  ( -0.2654594629037121956, 0.2999447095752514336, -0.4852997906378440640 ) ) ;
#1490 = CARTESIAN_POINT ( 'NONE',  ( 0.2872591751801294446, -0.1382654972284080019, 0.5206685678612432699 ) ) ;
#1491 = CARTESIAN_POINT ( 'NONE',  ( 0.2382429854086280385, 0.05918898595714511268, 0.9008956992170138456 ) ) ;
#1492 = VECTOR ( 'NONE', #1496, 1000.000000000000114 ) ;
#1493 = CARTESIAN_POINT ( 'NONE',  ( 0.3058780449938281465, -0.1909215713451116736, 0.6234183637893673247 ) ) ;
#1494 = EDGE_CURVE ( 'NONE', #1771, #2515, #3121, .T. ) ;
#1495 = PLANE ( 'NONE',  #2431 ) ;
#1496 = DIRECTION ( 'NONE',  ( -0.9999988337845087116, -0.001527229394122809215, -7.204673234185018028E-17 ) ) ;
#1497 = CARTESIAN_POINT ( 'NONE',  ( -0.09543210906676255489, -0.2220457925592816961, 0.6715433711833754815 ) ) ;
#1498 = CC_DESIGN_PERSON_AND_ORGANIZATION_ASSIGNMENT ( #2909, #610, ( #2484 ) ) ;
#1499 = CARTESIAN_POINT ( 'NONE',  ( 0.03723356816326604812, -0.2453684261932558008, 0.7540116441027668870 ) ) ;
#1500 = ORIENTED_EDGE ( 'NONE', *, *, #1794, .T. ) ;
#1501 = ORIENTED_EDGE ( 'NONE', *, *, #2009, .F. ) ;
#1502 = EDGE_CURVE ( 'NONE', #2555, #2268, #250, .T. ) ;
#1503 = ORIENTED_EDGE ( 'NONE', *, *, #2404, .T. ) ;
#1504 = CARTESIAN_POINT ( 'NONE',  ( 0.2263166812693591656, 0.04250934130560906493, 0.7836410463415340866 ) ) ;
#1505 = CARTESIAN_POINT ( 'NONE',  ( 0.2196765694004930991, 0.02235974874575429386, 0.6234468869439638850 ) ) ;
#1506 = CARTESIAN_POINT ( 'NONE',  ( 0.2769570629622999380, -0.1242394493160011576, 0.5206107535937531949 ) ) ;
#1507 = APPLICATION_CONTEXT ( 'configuration controlled 3d designs of mechanical parts and assemblies' ) ;
#1508 = CARTESIAN_POINT ( 'NONE',  ( 0.2899754678607159297, -0.2729747938650088357, 0.6234184269233016273 ) ) ;
#1509 = CARTESIAN_POINT ( 'NONE',  ( -0.09268972661114407985, -0.2359016980330171931, 0.7289129688368877202 ) ) ;
#1510 = CARTESIAN_POINT ( 'NONE',  ( 0.3229333003322178430, -0.2549045861062741447, 0.6832577409621463094 ) ) ;
#1511 = VERTEX_POINT ( 'NONE', #2720 ) ;
#1512 = CARTESIAN_POINT ( 'NONE',  ( -0.08311172117144879912, -0.2159224330945946901, 0.6772199539243149990 ) ) ;
#1513 = CARTESIAN_POINT ( 'NONE',  ( 0.07129790593273148402, -0.2859650863845630275, 0.5195054193142658594 ) ) ;
#1514 = VERTEX_POINT ( 'NONE', #1167 ) ;
#1515 = EDGE_CURVE ( 'NONE', #545, #299, #2543, .T. ) ;
#1516 = CARTESIAN_POINT ( 'NONE',  ( -0.1923384366498973597, 0.2703002716587078469, -0.3846606290627732627 ) ) ;
#1517 = ORIENTED_EDGE ( 'NONE', *, *, #2818, .T. ) ;
#1518 = DIRECTION ( 'NONE',  ( -0.6427876096865391409, 0.7660444431189781245, 0.000000000000000000 ) ) ;
#1519 = ORIENTED_EDGE ( 'NONE', *, *, #2198, .F. ) ;
#1520 = LINE ( 'NONE', #2838, #2042 ) ;
#1521 = CARTESIAN_POINT ( 'NONE',  ( -0.2371851408445672937, 0.2718164260421675471, -0.4201437344147636588 ) ) ;
#1522 = CARTESIAN_POINT ( 'NONE',  ( -0.2816252300127387032, 0.3061749656319432411, -0.5000434099367860874 ) ) ;
#1523 = CARTESIAN_POINT ( 'NONE',  ( 0.2914315552170859136, -0.2703368280445407335, 0.6234184209429232126 ) ) ;
#1524 = CARTESIAN_POINT ( 'NONE',  ( 0.2053459216028258594, -0.1269582939766406016, 0.5879580729731963551 ) ) ;
#1525 = CARTESIAN_POINT ( 'NONE',  ( -0.08045770853849670834, -0.2149049360367982497, 0.6285296634575000541 ) ) ;
#1526 = FACE_OUTER_BOUND ( 'NONE', #2401, .T. ) ;
#1527 = PLANE ( 'NONE',  #1259 ) ;
#1528 = VERTEX_POINT ( 'NONE', #342 ) ;
#1529 = ORIENTED_EDGE ( 'NONE', *, *, #2532, .T. ) ;
#1530 = CARTESIAN_POINT ( 'NONE',  ( 0.03723356816326604812, -0.2453684261932558008, 0.7289129688368877202 ) ) ;
#1531 = ORIENTED_EDGE ( 'NONE', *, *, #2778, .T. ) ;
#1532 = DIRECTION ( 'NONE',  ( -0.001527229394122699493, 0.9999988337845087116, 0.000000000000000000 ) ) ;
#1533 = EDGE_CURVE ( 'NONE', #966, #187, #2224, .T. ) ;
#1534 = CARTESIAN_POINT ( 'NONE',  ( -0.09923719753446848257, -0.2243612748183834993, 0.7412515374031801718 ) ) ;
#1535 = VERTEX_POINT ( 'NONE', #1382 ) ;
#1536 = CIRCLE ( 'NONE', #994, 0.2792153994763875713 ) ;
#1537 = CARTESIAN_POINT ( 'NONE',  ( 0.2417290029514475858, -0.08224458388035491008, 0.5204211306612648302 ) ) ;
#1538 = CARTESIAN_POINT ( 'NONE',  ( -0.2501910653893790748, 0.2847906475782490121, -0.4453799825578373950 ) ) ;
#1539 = AXIS2_PLACEMENT_3D ( 'NONE', #2492, #472, #183 ) ;
#1540 = CARTESIAN_POINT ( 'NONE',  ( 0.2943895563571389262, -0.2645144748643281085, 0.6234184178130075527 ) ) ;
#1541 = LINE ( 'NONE', #2599, #2373 ) ;
#1542 = VECTOR ( 'NONE', #2960, 1000.000000000000000 ) ;
#1543 = CARTESIAN_POINT ( 'NONE',  ( 0.1594677476430760021, -0.3381557717800175999, 0.5204619865271817858 ) ) ;
#1544 = ORIENTED_EDGE ( 'NONE', *, *, #581, .T. ) ;
#1545 = B_SPLINE_CURVE_WITH_KNOTS ( 'NONE', 3,
 ( #1078, #1628, #296, #1311, #834, #1025, #2365, #1330, #571, #3175 ),
 .UNSPECIFIED., .F., .F.,
 ( 4, 3, 3, 4 ),
 ( 0.000000000000000000, 3.798617662152888356E-05, 7.604334734659906451E-05, 0.0001088600979794274935 ),
 .UNSPECIFIED. ) ;
#1546 = VECTOR ( 'NONE', #224, 1000.000000000000000 ) ;
#1547 = MANIFOLD_SOLID_BREP ( 'NONE', #3226 ) ;
#1548 = CARTESIAN_POINT ( 'NONE',  ( -0.1895034094242123157, 0.05998829022654365156, 0.8053291312049349893 ) ) ;
#1549 = B_SPLINE_CURVE_WITH_KNOTS ( 'NONE', 3,
 ( #2813, #2275, #474, #3078 ),
 .UNSPECIFIED., .F., .F.,
 ( 4, 4 ),
 ( 3.168775385181003969E-15, 3.767880659941934388E-05 ),
 .UNSPECIFIED. ) ;
#1550 = CARTESIAN_POINT ( 'NONE',  ( 0.07380701652945927116, 0.02750206773744461389, 0.8871094282998579494 ) ) ;
#1551 = FACE_OUTER_BOUND ( 'NONE', #1481, .T. ) ;
#1552 = ORIENTED_EDGE ( 'NONE', *, *, #2793, .T. ) ;
#1553 = CARTESIAN_POINT ( 'NONE',  ( 0.2381161169147024415, 0.05904371777838161167, 0.7723196026378065238 ) ) ;
#1554 = VERTEX_POINT ( 'NONE', #878 ) ;
#1555 = CYLINDRICAL_SURFACE ( 'NONE', #312, 0.05758817614200475304 ) ;
#1556 = DIRECTION ( 'NONE',  ( 0.9961946980917454342, -0.08715574274765824914, 0.000000000000000000 ) ) ;
#1557 = CARTESIAN_POINT ( 'NONE',  ( -0.04301407968503740548, 0.3065393800194763929, -0.3649224782310387383 ) ) ;
#1558 = EDGE_CURVE ( 'NONE', #33, #344, #891, .T. ) ;
#1559 = ORIENTED_EDGE ( 'NONE', *, *, #537, .F. ) ;
#1560 = CARTESIAN_POINT ( 'NONE',  ( 0.1755777249597303136, -0.2076960179124539285, 0.4576412525482470572 ) ) ;
#1561 = DATE_AND_TIME ( #1899, #258 ) ;
#1562 = CARTESIAN_POINT ( 'NONE',  ( 0.2382429854086280385, 0.05918898595714501554, 0.8853341718056316756 ) ) ;
#1563 = ADVANCED_FACE ( 'NONE', ( #150 ), #393, .T. ) ;
#1564 = CARTESIAN_POINT ( 'NONE',  ( 0.2692715272322731557, -0.3002996519083208082, 0.6234184821068348148 ) ) ;
#1565 = CARTESIAN_POINT ( 'NONE',  ( -0.1011730112512205376, -0.2256296361386971594, 0.7719299667593580994 ) ) ;
#1566 = CARTESIAN_POINT ( 'NONE',  ( 0.09005001993893428647, -0.3065026910900647827, 0.5201581815847252654 ) ) ;
#1567 = ORIENTED_EDGE ( 'NONE', *, *, #2520, .T. ) ;
#1568 = EDGE_CURVE ( 'NONE', #1631, #1036, #2726, .T. ) ;
#1569 = CARTESIAN_POINT ( 'NONE',  ( 0.2086894113035197007, -0.2497034804745988934, 0.7887523149099658903 ) ) ;
#1570 = CARTESIAN_POINT ( 'NONE',  ( -0.009564874908526012354, 0.3065904646877946615, -0.3319192016285474889 ) ) ;
#1571 = VERTEX_POINT ( 'NONE', #1106 ) ;
#1572 = CARTESIAN_POINT ( 'NONE',  ( -0.1013141035865208900, -0.2257241373864725953, 0.4678792625523827131 ) ) ;
#1573 = CARTESIAN_POINT ( 'NONE',  ( 0.2371512979835931900, 0.05792531515587769769, 0.7744896932726642591 ) ) ;
#1574 = ORIENTED_EDGE ( 'NONE', *, *, #1360, .T. ) ;
#1575 = CARTESIAN_POINT ( 'NONE',  ( 0.2180463358683436270, 0.01656121719450101906, 0.5093370735573949926 ) ) ;
#1576 = CARTESIAN_POINT ( 'NONE',  ( 0.3059710472891515876, -0.2190954769654322454, 0.6262760084871007438 ) ) ;
#1577 = B_SPLINE_CURVE_WITH_KNOTS ( 'NONE', 3,
 ( #649, #339, #1361, #1103, #2457, #2160 ),
 .UNSPECIFIED., .F., .F.,
 ( 4, 1, 1, 4 ),
 ( 0.000000000000000000, 0.07144165048637560189, 0.1428692158335780615, 1.000000000000000000 ),
 .UNSPECIFIED. ) ;
#1578 = CARTESIAN_POINT ( 'NONE',  ( 0.2416415001933691076, -0.08235999114074743499, 0.5547535518051717185 ) ) ;
#1579 = PERSON_AND_ORGANIZATION ( #2789, #651 ) ;
#1580 = CARTESIAN_POINT ( 'NONE',  ( -0.2364519861220311381, 0.2710885569918338733, -0.4188427613765651758 ) ) ;
#1581 = CARTESIAN_POINT ( 'NONE',  ( 0.1445673256019170960, -0.3354082072521851754, 0.6234184379787882646 ) ) ;
#1582 = PLANE ( 'NONE',  #1990 ) ;
#1583 = CARTESIAN_POINT ( 'NONE',  ( -0.02968391631161963404, -0.1656192736629422679, 0.4575087336591229792 ) ) ;
#1584 = EDGE_CURVE ( 'NONE', #3302, #1592, #3195, .T. ) ;
#1585 = ORIENTED_EDGE ( 'NONE', *, *, #622, .T. ) ;
#1586 = CARTESIAN_POINT ( 'NONE',  ( 0.2758484713289271473, -0.1235588716161903633, 0.6262760084871007438 ) ) ;
#1587 = CARTESIAN_POINT ( 'NONE',  ( -0.02043144917327814614, -0.2101824265569489369, 0.8355626503892119583 ) ) ;
#1588 = EDGE_LOOP ( 'NONE', ( #579, #1287, #929, #135, #1188, #2954, #2740, #1701 ) ) ;
#1589 = ADVANCED_FACE ( 'NONE', ( #665 ), #1906, .F. ) ;
#1590 = CARTESIAN_POINT ( 'NONE',  ( -0.1227166740427674124, 0.2828299124977304291, -0.3220079639044412523 ) ) ;
#1591 = ORIENTED_EDGE ( 'NONE', *, *, #297, .T. ) ;
#1592 = VERTEX_POINT ( 'NONE', #108 ) ;
#1593 = CARTESIAN_POINT ( 'NONE',  ( 0.2597071933427466117, -0.3079576141009529588, 0.4576412525482470572 ) ) ;
#1594 = CARTESIAN_POINT ( 'NONE',  ( 0.2769570629622999380, -0.1242394493160011576, 0.5206107535937531949 ) ) ;
#1595 = CARTESIAN_POINT ( 'NONE',  ( 0.2134115350356855789, -0.02471584207129937441, 0.8345636103974243269 ) ) ;
#1596 = CARTESIAN_POINT ( 'NONE',  ( 0.1300468833425334203, 0.08743639350468915272, -0.7080478288688266675 ) ) ;
#1597 = AXIS2_PLACEMENT_3D ( 'NONE', #2588, #1686, #3030 ) ;
#1598 = CARTESIAN_POINT ( 'NONE',  ( 0.09298304595842439568, -0.3094712707565616672, 0.6234184630327795906 ) ) ;
#1599 = CARTESIAN_POINT ( 'NONE',  ( 0.06877444141800503896, -0.2829573752081485094, 0.5887165332807988705 ) ) ;
#1600 = CARTESIAN_POINT ( 'NONE',  ( -0.08315434724977573133, -0.2159387751077202766, 0.6294710627335522446 ) ) ;
#1601 = ORIENTED_EDGE ( 'NONE', *, *, #475, .F. ) ;
#1602 = VECTOR ( 'NONE', #1022, 999.9999999999998863 ) ;
#1603 = EDGE_CURVE ( 'NONE', #344, #978, #2937, .T. ) ;
#1604 = VECTOR ( 'NONE', #2731, 1000.000000000000114 ) ;
#1605 = CARTESIAN_POINT ( 'NONE',  ( 0.2382385021718599061, 0.05919432887066981841, 0.4683274564825524178 ) ) ;
#1606 = CARTESIAN_POINT ( 'NONE',  ( -0.006506984911152589521, -0.2145224647007634988, 0.8344075427847067461 ) ) ;
#1607 = CARTESIAN_POINT ( 'NONE',  ( 0.1297118595589104306, 0.3068031724586552933, -0.4288676407892816900 ) ) ;
#1608 = ORIENTED_EDGE ( 'NONE', *, *, #305, .T. ) ;
#1609 = AXIS2_PLACEMENT_3D ( 'NONE', #406, #2403, #1708 ) ;
#1610 = DIRECTION ( 'NONE',  ( 0.9961863506420357561, -0.08725110196726944267, 0.000000000000000000 ) ) ;
#1611 = ORIENTED_EDGE ( 'NONE', *, *, #2276, .T. ) ;
#1612 = CARTESIAN_POINT ( 'NONE',  ( 0.07342567651464686207, -0.07910915714742626503, 0.8867604301865297245 ) ) ;
#1613 = CARTESIAN_POINT ( 'NONE',  ( 0.09296719105377893033, 0.08504893479824132685, -0.8999999999995177413 ) ) ;
#1614 = ADVANCED_FACE ( 'NONE', ( #2449 ), #120, .T. ) ;
#1615 = CARTESIAN_POINT ( 'NONE',  ( -0.2483216882430038519, 0.3158980707894884499, -0.4582186442654212488 ) ) ;
#1616 = CARTESIAN_POINT ( 'NONE',  ( 0.2126013007872790128, -0.002333840027440079942, 0.8391192509983408376 ) ) ;
#1617 = PERSON_AND_ORGANIZATION ( #2789, #651 ) ;
#1618 = B_SPLINE_SURFACE_WITH_KNOTS ( 'NONE', 3, 3, ( 
 ( #589, #1260, #608, #335, #1400, #1615, #2642 ),
 ( #66, #1897, #2154, #2659, #1115, #1335, #3159 ),
 ( #351, #2134, #837, #1875, #2424, #1373, #625 ),
 ( #98, #3202, #1355, #3182, #872, #1913, #2406 ) ),
 .UNSPECIFIED., .F., .F., .F.,
 ( 4, 4 ),
 ( 4, 3, 4 ),
 ( 0.5076682492826509741, 1.000000000000000000 ),
 ( -0.003241242873408795022, 1.066610559248949900E-09, 0.3241243950685460118 ),
 .UNSPECIFIED. ) ;
#1619 = CARTESIAN_POINT ( 'NONE',  ( 0.001628126240881777554, -0.1393453503057312248, 0.4674256425322206310 ) ) ;
#1620 = CARTESIAN_POINT ( 'NONE',  ( 0.07052416304992084606, -0.2850426122490068437, 0.5371527568213566584 ) ) ;
#1621 = CARTESIAN_POINT ( 'NONE',  ( 0.2503923568160462132, -0.3165053761936436061, 0.5207737372524863240 ) ) ;
#1622 = ORIENTED_EDGE ( 'NONE', *, *, #1460, .F. ) ;
#1623 = CARTESIAN_POINT ( 'NONE',  ( 0.2356068495037320354, 0.05560902505602074303, 0.7376381128158374656 ) ) ;
#1624 = CARTESIAN_POINT ( 'NONE',  ( 0.03059702840943350280, 0.3066518011985986392, 0.6829362673001764250 ) ) ;
#1625 = DIRECTION ( 'NONE',  ( 0.000000000000000000, -2.150468174929300016E-16, -1.000000000000000000 ) ) ;
#1626 = ORIENTED_EDGE ( 'NONE', *, *, #1406, .F. ) ;
#1627 = LINE ( 'NONE', #2955, #1201 ) ;
#1628 = CARTESIAN_POINT ( 'NONE',  ( 0.2157311249082536353, 0.007974463103523489471, 0.6234183948890671401 ) ) ;
#1629 = CARTESIAN_POINT ( 'NONE',  ( 0.1413858365971075171, -0.1694942035237994027, 0.3937707404860333327 ) ) ;
#1630 = EDGE_CURVE ( 'NONE', #2209, #2752, #3318, .T. ) ;
#1631 = VERTEX_POINT ( 'NONE', #2523 ) ;
#1632 = CARTESIAN_POINT ( 'NONE',  ( 0.1755785826881577638, -0.2076952981928478770, 0.8344075427847065241 ) ) ;
#1633 = CARTESIAN_POINT ( 'NONE',  ( 0.01187458156970511332, -0.1307566582142853095, 0.4576412525482470572 ) ) ;
#1634 = CARTESIAN_POINT ( 'NONE',  ( 0.1183407837413453373, -0.3257783668683765232, 0.6234184062582909247 ) ) ;
#1635 = CARTESIAN_POINT ( 'NONE',  ( 0.06990476248899045453, -0.2843044394052802737, 0.5542595369420423301 ) ) ;
#1636 = CARTESIAN_POINT ( 'NONE',  ( 0.2384183021619906417, -0.3238213705011289134, 0.5207387794881299659 ) ) ;
#1637 = CARTESIAN_POINT ( 'NONE',  ( -0.1001738188319396539, -0.2249673392040138220, 0.4712567654257753813 ) ) ;
#1638 = DIRECTION ( 'NONE',  ( -7.228261246380429926E-17, 1.543945040340209950E-16, 1.000000000000000000 ) ) ;
#1639 = CARTESIAN_POINT ( 'NONE',  ( 0.2369398536899979535, 0.05745687697044742082, 0.6365780839275387848 ) ) ;
#1640 = EDGE_LOOP ( 'NONE', ( #2331, #20, #2512, #1601 ) ) ;
#1641 = B_SPLINE_CURVE_WITH_KNOTS ( 'NONE', 3,
 ( #2558, #1819, #995, #2354, #2059, #300, #1042, #3073, #46, #2808 ),
 .UNSPECIFIED., .F., .F.,
 ( 4, 3, 3, 4 ),
 ( 1.129173798657890576E-17, 4.688630860292293302E-06, 1.659580533786317547E-05, 5.737031247881229696E-05 ),
 .UNSPECIFIED. ) ;
#1642 = CARTESIAN_POINT ( 'NONE',  ( -0.2074438529235846651, 0.3062882577436547571, -0.4978576096667221562 ) ) ;
#1643 = CARTESIAN_POINT ( 'NONE',  ( 0.2332353871043375271, 0.05221104776967232242, 0.6746329029363167251 ) ) ;
#1644 = CARTESIAN_POINT ( 'NONE',  ( 0.2295191300454228200, -0.3330881054848526812, 0.6243404805879797514 ) ) ;
#1645 = B_SPLINE_SURFACE_WITH_KNOTS ( 'NONE', 3, 3, ( 
 ( #661, #2410, #860, #3217 ),
 ( #888, #2698, #2714, #2934 ),
 ( #1671, #2429, #1951, #2176 ),
 ( #71, #3205, #375, #2965 ) ),
 .UNSPECIFIED., .F., .F., .F.,
 ( 4, 4 ),
 ( 4, 4 ),
 ( 0.000000000000000000, 1.000000000000000000 ),
 ( 0.000000000000000000, 1.000000000000000000 ),
 .UNSPECIFIED. ) ;
#1646 = EDGE_CURVE ( 'NONE', #2396, #2816, #643, .T. ) ;
#1647 = DIRECTION ( 'NONE',  ( -3.360727410001489967E-17, -2.819985130219624827E-17, -1.000000000000000000 ) ) ;
#1648 = CALENDAR_DATE ( 2026, 29, 6 ) ;
#1649 = EDGE_CURVE ( 'NONE', #2128, #3256, #2590, .T. ) ;
#1650 = AXIS2_PLACEMENT_3D ( 'NONE', #1957, #669, #867 ) ;
#1651 = CARTESIAN_POINT ( 'NONE',  ( 0.2382429854086278442, 0.05918898595714506411, 0.4688971358547107671 ) ) ;
#1652 = CARTESIAN_POINT ( 'NONE',  ( 0.2597076222069583662, -0.3079572542411495584, 0.7887523149099658903 ) ) ;
#1653 = CARTESIAN_POINT ( 'NONE',  ( 0.2985484456923653274, -0.2562402552765017383, 0.5208721697862601641 ) ) ;
#1654 = EDGE_CURVE ( 'NONE', #33, #672, #773, .T. ) ;
#1655 = FACE_BOUND ( 'NONE', #2608, .T. ) ;
#1656 = CARTESIAN_POINT ( 'NONE',  ( -0.2712836111456856658, 0.05986339295296010110, 0.6078940288234704337 ) ) ;
#1657 = AXIS2_PLACEMENT_3D ( 'NONE', #1089, #3193, #1905 ) ;
#1658 = FACE_OUTER_BOUND ( 'NONE', #796, .T. ) ;
#1659 = EDGE_LOOP ( 'NONE', ( #407, #1173, #249, #1269 ) ) ;
#1660 = CARTESIAN_POINT ( 'NONE',  ( -0.2388108928822468557, 0.3062403530223548609, -0.5148116231326483883 ) ) ;
#1661 = VECTOR ( 'NONE', #431, 1000.000000000000000 ) ;
#1662 = CARTESIAN_POINT ( 'NONE',  ( -0.2715548195058303249, 0.2374451268433684370, -0.4951407289953033697 ) ) ;
#1663 = ORIENTED_EDGE ( 'NONE', *, *, #62, .T. ) ;
#1664 = CARTESIAN_POINT ( 'NONE',  ( -0.05748967794362988548, -0.2089770445297091384, 0.8497413484900049330 ) ) ;
#1665 = AXIS2_PLACEMENT_3D ( 'NONE', #126, #574, #2643 ) ;
#1666 = VECTOR ( 'NONE', #2927, 1000.000000000000114 ) ;
#1667 = DIRECTION ( 'NONE',  ( -0.6427876096865391409, 0.7660444431189781245, 0.000000000000000000 ) ) ;
#1668 = PERSON_AND_ORGANIZATION ( #2789, #651 ) ;
#1669 = ADVANCED_FACE ( 'NONE', ( #1981 ), #3281, .F. ) ;
#1670 = CARTESIAN_POINT ( 'NONE',  ( -0.2710406215509035821, -0.09924126567860422354, -0.1333646763434380711 ) ) ;
#1671 = CARTESIAN_POINT ( 'NONE',  ( 0.09981234740916410109, 0.2241641961181142229, 0.4576412525482470572 ) ) ;
#1672 = CARTESIAN_POINT ( 'NONE',  ( 0.3070042506497494550, -0.2204599256667031382, 0.5208550112190004633 ) ) ;
#1673 = ADVANCED_FACE ( 'NONE', ( #229 ), #3298, .T. ) ;
#1674 = LINE ( 'NONE', #2717, #3010 ) ;
#1675 = FACE_OUTER_BOUND ( 'NONE', #2670, .T. ) ;
#1676 = CARTESIAN_POINT ( 'NONE',  ( -0.05364025550151129557, -0.2085107474480261125, 0.7289129688368877202 ) ) ;
#1677 = ORIENTED_EDGE ( 'NONE', *, *, #2062, .T. ) ;
#1678 = CARTESIAN_POINT ( 'NONE',  ( -0.3088615765952835712, 0.2148733360868562425, -0.4232200425969555591 ) ) ;
#1679 = CARTESIAN_POINT ( 'NONE',  ( -0.04956289339581305270, 0.3065293784670169441, -0.3583156105579838879 ) ) ;
#1680 = CARTESIAN_POINT ( 'NONE',  ( -0.2713526344996698425, 0.1143136348966709431, -0.3814735608955546753 ) ) ;
#1681 = CARTESIAN_POINT ( 'NONE',  ( 0.2896825050628996090, -0.1396301898487010973, 0.5553272416377773579 ) ) ;
#1682 = ORIENTED_EDGE ( 'NONE', *, *, #1780, .F. ) ;
#1683 = CARTESIAN_POINT ( 'NONE',  ( -0.2989246541597162521, 0.2846713755691291370, -0.4514046967412597144 ) ) ;
#1684 = ORIENTED_EDGE ( 'NONE', *, *, #1326, .F. ) ;
#1685 = DIRECTION ( 'NONE',  ( 0.6427876096865391409, -0.7660444431189782355, 1.647354195508801154E-16 ) ) ;
#1686 = DIRECTION ( 'NONE',  ( -0.7660444431189782355, -0.6427876096865391409, 4.387118058474730771E-17 ) ) ;
#1687 = CARTESIAN_POINT ( 'NONE',  ( 0.2173734032865269061, 0.04167732729566679672, 0.8867604301865297245 ) ) ;
#1688 = CARTESIAN_POINT ( 'NONE',  ( 0.2053012396635559289, -0.3360664614705883846, 0.5206311939406418343 ) ) ;
#1689 = CARTESIAN_POINT ( 'NONE',  ( 0.2895755083720366607, -0.1430249790880233351, 0.6234183266425080694 ) ) ;
#1690 = ADVANCED_FACE ( 'NONE', ( #200 ), #1495, .F. ) ;
#1691 = CARTESIAN_POINT ( 'NONE',  ( 0.06722239897279616572, -0.2811077230482122435, 0.4576412525482470572 ) ) ;
#1692 = DIRECTION ( 'NONE',  ( 0.000000000000000000, 2.353352383074275983E-16, 1.000000000000000000 ) ) ;
#1693 = LINE ( 'NONE', #3251, #3288 ) ;
#1694 = VERTEX_POINT ( 'NONE', #1728 ) ;
#1695 = CARTESIAN_POINT ( 'NONE',  ( -0.1054358846835910246, 0.3064440474928687985, -0.4010328201695986805 ) ) ;
#1696 = CARTESIAN_POINT ( 'NONE',  ( 0.2379576957987580288, 0.05881439270877771019, 0.6677985136326238802 ) ) ;
#1697 = EDGE_CURVE ( 'NONE', #3027, #2687, #2780, .T. ) ;
#1698 = CARTESIAN_POINT ( 'NONE',  ( 0.2816472970648073448, -0.2940156564317954468, 0.5553029316494018097 ) ) ;
#1699 = B_SPLINE_CURVE_WITH_KNOTS ( 'NONE', 3,
 ( #1232, #268, #2862, #244, #544, #1301, #507, #1883, #2122, #2600, #3110, #786, #1826, #2340, #1600, #1525 ),
 .UNSPECIFIED., .F., .F.,
 ( 4, 3, 3, 3, 3, 4 ),
 ( 4.422777484980741524E-19, 7.829460422814341036E-07, 1.823535686016899846E-06, 4.773169644844595071E-06, 1.813767879925558697E-05, 2.731471538810973640E-05 ),
 .UNSPECIFIED. ) ;
#1700 = ORIENTED_EDGE ( 'NONE', *, *, #2716, .T. ) ;
#1701 = ORIENTED_EDGE ( 'NONE', *, *, #378, .T. ) ;
#1702 = DIRECTION ( 'NONE',  ( 0.6427876096865393629, -0.7660444431189779024, 0.000000000000000000 ) ) ;
#1703 = CARTESIAN_POINT ( 'NONE',  ( -0.001941078563417512892, -0.1423493735364585455, 0.7713013524426924894 ) ) ;
#1704 = CARTESIAN_POINT ( 'NONE',  ( -0.2546257677412337439, 0.2891332032201031077, -0.4549982644936295673 ) ) ;
#1705 = CARTESIAN_POINT ( 'NONE',  ( 0.2998033813363018552, -0.1638379183509245385, 0.5207506010409086450 ) ) ;
#1706 = CARTESIAN_POINT ( 'NONE',  ( 0.3018329355183635432, -0.1717810877131157599, 0.6234183870948043493 ) ) ;
#1707 = DIRECTION ( 'NONE',  ( 0.6427876096865393629, -0.7660444431189779024, 0.000000000000000000 ) ) ;
#1708 = DIRECTION ( 'NONE',  ( -0.6427876096865391409, 0.7660444431189781245, 0.000000000000000000 ) ) ;
#1709 = ORIENTED_EDGE ( 'NONE', *, *, #2026, .T. ) ;
#1710 = ADVANCED_FACE ( 'NONE', ( #1182 ), #454, .F. ) ;
#1711 = AXIS2_PLACEMENT_3D ( 'NONE', #2487, #2997, #1422 ) ;
#1712 = CARTESIAN_POINT ( 'NONE',  ( -0.2585878178022514851, 0.2417248622589397711, -0.4216697502996725189 ) ) ;
#1713 = CARTESIAN_POINT ( 'NONE',  ( 0.1750376239503136089, -0.2095988419991991480, 0.3937707404860333327 ) ) ;
#1714 = VECTOR ( 'NONE', #90, 1000.000000000000000 ) ;
#1715 = ADVANCED_FACE ( 'NONE', ( #3046 ), #214, .T. ) ;
#1716 = ORIENTED_EDGE ( 'NONE', *, *, #65, .T. ) ;
#1717 = ORIENTED_EDGE ( 'NONE', *, *, #397, .T. ) ;
#1718 = AXIS2_PLACEMENT_3D ( 'NONE', #1065, #556, #2095 ) ;
#1719 = CARTESIAN_POINT ( 'NONE',  ( 0.1300504430496217945, 0.08510556949676723049, -0.8999999999995177413 ) ) ;
#1720 = EDGE_CURVE ( 'NONE', #2008, #603, #938, .T. ) ;
#1721 = CIRCLE ( 'NONE', #693, 0.1308822185045566966 ) ;
#1722 = CARTESIAN_POINT ( 'NONE',  ( 0.03700900190850315435, -0.1096663753781450118, 0.6408693573563415402 ) ) ;
#1723 = CARTESIAN_POINT ( 'NONE',  ( 0.03527991359408789301, -0.1794499887811321359, 0.4674256425322206310 ) ) ;
#1724 = CC_DESIGN_APPROVAL ( #2923, ( #2484 ) ) ;
#1725 = CARTESIAN_POINT ( 'NONE',  ( 0.3040460931034043579, -0.1781893828894387521, 0.5207861556219166577 ) ) ;
#1726 = B_SPLINE_CURVE_WITH_KNOTS ( 'NONE', 3,
 ( #1128, #881, #895, #3241, #2480, #605, #345, #2738, #2183, #1368, #364 ),
 .UNSPECIFIED., .F., .F.,
 ( 4, 1, 1, 1, 1, 1, 2, 4 ),
 ( 0.000000000000000000, 0.3394718279783879855, 0.6789436559567759710, 0.8486795699459699360, 1.018415483935160015, 1.357887311913550166, 1.697359139891940094, 1.698935454218559737 ),
 .UNSPECIFIED. ) ;
#1727 = CARTESIAN_POINT ( 'NONE',  ( 0.3059486828357848021, -0.2252213886014300670, 0.6234184078357722925 ) ) ;
#1728 = CARTESIAN_POINT ( 'NONE',  ( 0.1303890265403329918, -0.1365920334651209989, -0.4288676407892816900 ) ) ;
#1729 = PLANE ( 'NONE',  #1114 ) ;
#1730 = CARTESIAN_POINT ( 'NONE',  ( 0.2371715742930165516, 0.05775339155600593688, 0.4748158871032956974 ) ) ;
#1731 = CARTESIAN_POINT ( 'NONE',  ( 0.05962803484909220270, -0.09068675263775875794, 0.4576411653262377754 ) ) ;
#1732 = VERTEX_POINT ( 'NONE', #3312 ) ;
#1733 = ORIENTED_EDGE ( 'NONE', *, *, #2313, .T. ) ;
#1734 = EDGE_LOOP ( 'NONE', ( #2973, #2770, #40, #2622, #1755, #2846, #1855, #2055 ) ) ;
#1735 = ADVANCED_FACE ( 'NONE', ( #985 ), #1901, .T. ) ;
#1736 = DIRECTION ( 'NONE',  ( -0.3420175185448849353, -0.9396935761238337514, 1.203616038807829614E-16 ) ) ;
#1737 = CARTESIAN_POINT ( 'NONE',  ( -0.1477714262065536466, 0.2759525653253919186, -0.3543581102867747745 ) ) ;
#1738 = B_SPLINE_CURVE_WITH_KNOTS ( 'NONE', 3,
 ( #1284, #15, #2649, #2878, #1265, #562, #1019, #53, #1566, #1341, #3146, #3093, #72, #2580, #2629, #808, #326, #2064, #1071, #826, #772, #286, #1031, #2323, #2357, #1861, #1087, #2892, #578, #304, #2141, #1543, #1049, #1319, #2102, #2377, #3130, #2395, #1843, #1808, #3165, #841, #2843, #524, #632, #1688, #1932, #1104, #131, #2684, #2221, #2966, #2664, #2446, #1918, #359, #1149, #1164, #877, #1636, #2203, #905, #1379, #1621, #87, #116, #1362, #2177, #2472, #2430, #2161, #3206, #105, #3189, #2935, #390, #3235, #2411, #1952, #2915, #614, #861, #2950, #3248, #2732, #2985, #1398, #1121, #146, #1904, #662, #1653, #2699, #403, #920, #1424, #377, #340, #597, #1136, #2190, #3218, #889, #2458, #650, #1672, #2715, #1411, #3323, #3278, #1210, #2777, #1179, #707, #2809, #2542, #2747, #2506, #1193, #1725, #3260, #2519, #3308, #1458, #1705, #2286, #180, #487, #1742, #1757, #2300, #953, #2001, #1490, #421, #3032, #2015, #451, #1506 ),
 .UNSPECIFIED., .F., .F.,
 ( 4, 3, 3, 3, 3, 3, 3, 3, 3, 3, 3, 3, 3, 3, 3, 3, 3, 3, 3, 3, 3, 3, 3, 3, 3, 3, 3, 3, 3, 3, 3, 3, 3, 3, 3, 3, 3, 3, 3, 3, 3, 3, 3, 3, 3, 3, 4 ),
 ( 0.001003472218355170144, 0.06043293326531959386, 0.1209605253266280017, 0.1816274970732950078, 0.2417201414502050116, 0.2929904571374679634, 0.3454189349664090192, 0.4057377619124199475, 0.4663758083243439989, 0.5266910625545559999, 0.5859772549466879532, 0.6465679166102159536, 0.6899566179308650460, 0.7504100081504380126, 0.8110607053057830029, 0.8713534678377869991, 0.8789606343537860189, 0.9393625427378430315, 0.9999766937094909380, 1.034543918843560117, 1.095146057014479979, 1.155599821445659980, 1.171941318202829985, 1.232354209136149903, 1.293011157985570092, 1.353326833176199839, 1.379109748413860137, 1.439670705286290042, 1.464920273614729984, 1.524786278187590050, 1.585414794120230120, 1.645986449613149993, 1.705835408572309753, 1.723588231506720136, 1.757898591870300065, 1.817549671045649795, 1.878157591859319853, 1.938797433875229848, 1.998694376760320024, 2.050877440318689793, 2.067935886723079708, 2.128015883284840370, 2.188506711751470046, 2.231310371957180294, 2.291786538289230180, 2.351936341619690118, 2.411742016164060143 ),
 .UNSPECIFIED. ) ;
#1739 = DIRECTION ( 'NONE',  ( -0.9999988337845087116, -0.001527229394122699277, -7.204673234185018028E-17 ) ) ;
#1740 = ADVANCED_FACE ( 'NONE', ( #1792 ), #1582, .T. ) ;
#1741 = LINE ( 'NONE', #1471, #2210 ) ;
#1742 = CARTESIAN_POINT ( 'NONE',  ( 0.2951814567538343370, -0.1527629709930241053, 0.5207181046570745764 ) ) ;
#1743 = CARTESIAN_POINT ( 'NONE',  ( 0.2320098824327560816, -0.2781734432005631974, 0.5201401439010368000 ) ) ;
#1744 = DIRECTION ( 'NONE',  ( -0.7660444431189782355, -0.6427876096865391409, 4.387118058474740631E-17 ) ) ;
#1745 = FACE_OUTER_BOUND ( 'NONE', #2466, .T. ) ;
#1746 = B_SPLINE_CURVE_WITH_KNOTS ( 'NONE', 3,
 ( #52, #1070, #2120, #2891, #1599, #3325, #1001, #1635, #1620, #631 ),
 .UNSPECIFIED., .F., .F.,
 ( 4, 3, 3, 4 ),
 ( 3.260738498811125012E-11, 2.605364880089317071E-05, 5.210734432109195065E-05, 0.0001035065667295023380 ),
 .UNSPECIFIED. ) ;
#1747 = CARTESIAN_POINT ( 'NONE',  ( -0.2558795408972147634, 0.2741242322231359219, -0.4350933279008252774 ) ) ;
#1748 = CARTESIAN_POINT ( 'NONE',  ( -0.1012600985051553271, -0.2256879265384597322, 0.7540116441027668870 ) ) ;
#1749 = ORIENTED_EDGE ( 'NONE', *, *, #2216, .F. ) ;
#1750 = ORIENTED_EDGE ( 'NONE', *, *, #2387, .T. ) ;
#1751 = ORIENTED_EDGE ( 'NONE', *, *, #138, .T. ) ;
#1752 = DIRECTION ( 'NONE',  ( 0.9961946980917454342, -0.08715574274765824914, 0.000000000000000000 ) ) ;
#1753 = EDGE_CURVE ( 'NONE', #3114, #715, #526, .T. ) ;
#1754 =( BOUNDED_CURVE ( )  B_SPLINE_CURVE ( 3, ( #2887, #869, #1894, #1113 ),
 .UNSPECIFIED., .F., .T. ) 
 B_SPLINE_CURVE_WITH_KNOTS ( ( 4, 4 ),
 ( 1.575414905961505019, 2.094393249873935048 ),
 .UNSPECIFIED. ) 
 CURVE ( )  GEOMETRIC_REPRESENTATION_ITEM ( )  RATIONAL_B_SPLINE_CURVE ( ( 1.000000000000000000, 0.9776807839978440828, 0.9776807839978440828, 1.000000000000000000 ) ) 
 REPRESENTATION_ITEM ( '' )  );
#1755 = ORIENTED_EDGE ( 'NONE', *, *, #663, .T. ) ;
#1756 = CARTESIAN_POINT ( 'NONE',  ( -0.2576915207029794042, 0.2921768092264891425, -0.4624053046011897261 ) ) ;
#1757 = CARTESIAN_POINT ( 'NONE',  ( 0.2940809829664922104, -0.1505292436500212938, 0.5207109213548907212 ) ) ;
#1758 = B_SPLINE_CURVE_WITH_KNOTS ( 'NONE', 3,
 ( #1199, #2293, #2021, #2245 ),
 .UNSPECIFIED., .F., .F.,
 ( 4, 4 ),
 ( -0.4376038787433830235, 0.000000000000000000 ),
 .UNSPECIFIED. ) ;
#1759 = CARTESIAN_POINT ( 'NONE',  ( 0.2802072188849887291, -0.1289391182576833106, 0.6234183863824453997 ) ) ;
#1760 = CARTESIAN_POINT ( 'NONE',  ( -0.2118778246895313966, 0.2023612711090015115, -0.3154363848207657472 ) ) ;
#1761 = PLANE ( 'NONE',  #1266 ) ;
#1762 = EDGE_CURVE ( 'NONE', #1831, #3068, #1541, .T. ) ;
#1763 = CARTESIAN_POINT ( 'NONE',  ( -0.08570061395191541642, -0.2170393032422544000, 0.6762049741823279447 ) ) ;
#1764 = CARTESIAN_POINT ( 'NONE',  ( 0.06964387472422201020, -0.2839717853592542141, 0.5541410550794464429 ) ) ;
#1765 = ORIENTED_EDGE ( 'NONE', *, *, #3087, .F. ) ;
#1766 = CIRCLE ( 'NONE', #309, 0.1047057748036452490 ) ;
#1767 = VERTEX_POINT ( 'NONE', #2877 ) ;
#1768 = LINE ( 'NONE', #1040, #1774 ) ;
#1769 = AXIS2_PLACEMENT_3D ( 'NONE', #710, #2508, #695 ) ;
#1770 = AXIS2_PLACEMENT_3D ( 'NONE', #1178, #1442, #195 ) ;
#1771 = VERTEX_POINT ( 'NONE', #1283 ) ;
#1772 = CARTESIAN_POINT ( 'NONE',  ( 0.2597163435234429718, -0.3079499361877049979, 0.6262760084871007438 ) ) ;
#1773 = LINE ( 'NONE', #676, #798 ) ;
#1774 = VECTOR ( 'NONE', #992, 1000.000000000000000 ) ;
#1775 = B_SPLINE_CURVE_WITH_KNOTS ( 'NONE', 3,
 ( #2068, #866, #892, #1922 ),
 .UNSPECIFIED., .F., .F.,
 ( 4, 4 ),
 ( 4.886433157332429079E-20, 1.629126846731250545E-05 ),
 .UNSPECIFIED. ) ;
#1776 = DIRECTION ( 'NONE',  ( 0.7661674893241827711, 0.6426409404190479568, -4.383964155476991883E-17 ) ) ;
#1777 = CARTESIAN_POINT ( 'NONE',  ( 0.2243380539625506043, -0.3300744609071104008, 0.6234184295949309895 ) ) ;
#1778 = CARTESIAN_POINT ( 'NONE',  ( 0.2468133573026391470, 0.04897521446258874117, 0.7289129688368877202 ) ) ;
#1779 = CARTESIAN_POINT ( 'NONE',  ( 0.2382156772528987443, 0.05915777537590711371, 0.8853377034352473141 ) ) ;
#1780 = EDGE_CURVE ( 'NONE', #57, #1132, #11, .T. ) ;
#1781 = CARTESIAN_POINT ( 'NONE',  ( -0.1006218175682704885, -0.2252633355060179310, 0.6675536918847168044 ) ) ;
#1782 = CARTESIAN_POINT ( 'NONE',  ( 0.2205795824153469475, 0.03600288971586680653, 0.5834223915891763035 ) ) ;
#1783 = VERTEX_POINT ( 'NONE', #561 ) ;
#1784 = ORIENTED_EDGE ( 'NONE', *, *, #624, .F. ) ;
#1785 = EDGE_CURVE ( 'NONE', #1011, #1909, #1300, .T. ) ;
#1786 = ORIENTED_EDGE ( 'NONE', *, *, #2490, .T. ) ;
#1787 = CYLINDRICAL_SURFACE ( 'NONE', #1890, 0.1308822185045565578 ) ;
#1788 = ORIENTED_EDGE ( 'NONE', *, *, #2818, .F. ) ;
#1789 = CARTESIAN_POINT ( 'NONE',  ( -0.2203660162497086128, 0.2388798082748255780, -0.3805232772092066451 ) ) ;
#1790 = CARTESIAN_POINT ( 'NONE',  ( -0.1892270694132782149, -0.1209535445268293125, 0.8053291312049344342 ) ) ;
#1791 = CARTESIAN_POINT ( 'NONE',  ( 0.2740251659432065834, -0.2953004230590571821, 0.6234185068509074945 ) ) ;
#1792 = FACE_OUTER_BOUND ( 'NONE', #2171, .T. ) ;
#1793 = FACE_BOUND ( 'NONE', #3166, .T. ) ;
#1794 = EDGE_CURVE ( 'NONE', #793, #570, #1746, .T. ) ;
#1795 = CARTESIAN_POINT ( 'NONE',  ( -0.2716598091019916117, 0.3061901851334330460, 0.6792226913175692937 ) ) ;
#1796 = LINE ( 'NONE', #1304, #897 ) ;
#1797 = ORIENTED_EDGE ( 'NONE', *, *, #776, .T. ) ;
#1798 = EDGE_LOOP ( 'NONE', ( #2363, #2801, #2261, #2787, #759, #3023, #680, #2081 ) ) ;
#1799 = DIRECTION ( 'NONE',  ( -7.228261246380429926E-17, 1.543945040340209950E-16, 1.000000000000000000 ) ) ;
#1800 = VERTEX_POINT ( 'NONE', #1652 ) ;
#1801 = CARTESIAN_POINT ( 'NONE',  ( -0.2712858295535994779, 0.06131596146360641930, 0.6792226913175692937 ) ) ;
#1802 = CARTESIAN_POINT ( 'NONE',  ( -0.1012600985051554103, -0.2256879265384595934, 0.7457269674396183046 ) ) ;
#1803 = CARTESIAN_POINT ( 'NONE',  ( -0.2387961378249243982, 0.1877161921253022447, -0.3576386053286649269 ) ) ;
#1804 = DIRECTION ( 'NONE',  ( -3.360727410001489967E-17, -2.819985130219624827E-17, -1.000000000000000000 ) ) ;
#1805 = B_SPLINE_SURFACE_WITH_KNOTS ( 'NONE', 3, 3, ( 
 ( #1881, #1377, #1670, #875 ),
 ( #1396, #1339, #1859, #2428 ),
 ( #2139, #839, #1119, #2201 ),
 ( #2219, #951, #1998, #2233 ) ),
 .UNSPECIFIED., .F., .F., .F.,
 ( 4, 4 ),
 ( 4, 4 ),
 ( 0.000000000000000000, 1.000000000000000000 ),
 ( 0.000000000000000000, 1.000000000000000000 ),
 .UNSPECIFIED. ) ;
#1806 = CARTESIAN_POINT ( 'NONE',  ( 0.2402397613756297179, -0.3224913159913514460, 0.6234184069608129652 ) ) ;
#1807 = CARTESIAN_POINT ( 'NONE',  ( 0.1266440336053936133, -0.03763953978382439391, 0.7335210498242970001 ) ) ;
#1808 = CARTESIAN_POINT ( 'NONE',  ( 0.1844901162263679617, -0.3390166542458539767, 0.5205570812134011627 ) ) ;
#1809 = CARTESIAN_POINT ( 'NONE',  ( -0.1012600985051552438, -0.2256879265384597322, 0.6658067784948719092 ) ) ;
#1810 = CARTESIAN_POINT ( 'NONE',  ( 0.1703321242432221383, 0.002205007400321347833, 0.6234183948890671401 ) ) ;
#1811 = VERTEX_POINT ( 'NONE', #1148 ) ;
#1812 = ADVANCED_FACE ( 'NONE', ( #3233 ), #596, .F. ) ;
#1813 = CARTESIAN_POINT ( 'NONE',  ( 0.2279766761770850581, 0.04529041260666719082, 0.7824769134325495479 ) ) ;
#1814 = EDGE_LOOP ( 'NONE', ( #362, #734, #1274, #831 ) ) ;
#1815 = DIRECTION ( 'NONE',  ( -0.4545194776720443697, 0.5416752204197026188, 0.7071067811865465735 ) ) ;
#1816 = CARTESIAN_POINT ( 'NONE',  ( 0.1755785826881577638, -0.2076952981928478770, 0.6904371024296943604 ) ) ;
#1817 = ORIENTED_EDGE ( 'NONE', *, *, #2198, .T. ) ;
#1818 = VECTOR ( 'NONE', #828, 1000.000000000000000 ) ;
#1819 = CARTESIAN_POINT ( 'NONE',  ( 0.2379837626154614194, 0.05889212033566990773, 0.8838053230276707861 ) ) ;
#1820 = CYLINDRICAL_SURFACE ( 'NONE', #2320, 0.05235288740182272860 ) ;
#1821 = EDGE_CURVE ( 'NONE', #989, #2650, #2970, .T. ) ;
#1822 = AXIS2_PLACEMENT_3D ( 'NONE', #1035, #2652, #56 ) ;
#1823 = CARTESIAN_POINT ( 'NONE',  ( 0.1675354769204256411, -0.3389584718839357969, 0.6234184173636033721 ) ) ;
#1824 = CARTESIAN_POINT ( 'NONE',  ( -0.1009600119751133118, -0.2254874063053117772, 0.7724979903568216510 ) ) ;
#1825 = VECTOR ( 'NONE', #3031, 1000.000000000000000 ) ;
#1826 = CARTESIAN_POINT ( 'NONE',  ( -0.08832917459471505139, -0.2182984748634506089, 0.6316225846986512904 ) ) ;
#1827 = ORIENTED_EDGE ( 'NONE', *, *, #2654, .T. ) ;
#1828 = AXIS2_PLACEMENT_3D ( 'NONE', #1472, #2235, #2272 ) ;
#1829 = DIRECTION ( 'NONE',  ( -0.4545194776720443697, 0.5416752204197026188, 0.7071067811865465735 ) ) ;
#1830 = CARTESIAN_POINT ( 'NONE',  ( -0.02055307403699377714, -0.2101588407976707207, 0.5184730849536716146 ) ) ;
#1831 = VERTEX_POINT ( 'NONE', #389 ) ;
#1832 = CARTESIAN_POINT ( 'NONE',  ( -0.2547169507340941719, 0.1417990192318923925, -0.3220079639044412523 ) ) ;
#1833 = EDGE_LOOP ( 'NONE', ( #827, #3212, #2069, #893 ) ) ;
#1834 = ORIENTED_EDGE ( 'NONE', *, *, #1333, .T. ) ;
#1835 = CARTESIAN_POINT ( 'NONE',  ( 0.2163224744886539930, 0.008086411415632542218, 0.5131475754223226993 ) ) ;
#1836 = LINE ( 'NONE', #2057, #2438 ) ;
#1837 = EDGE_CURVE ( 'NONE', #3333, #787, #422, .T. ) ;
#1838 = ORIENTED_EDGE ( 'NONE', *, *, #1494, .T. ) ;
#1839 = CYLINDRICAL_SURFACE ( 'NONE', #2753, 0.05235288740182258288 ) ;
#1840 = CARTESIAN_POINT ( 'NONE',  ( 0.1755777249597303136, -0.2076960179124539285, 0.7289129688368877202 ) ) ;
#1841 = CARTESIAN_POINT ( 'NONE',  ( 0.1513741934739924466, -0.3369126853838514957, 0.6234184358602314902 ) ) ;
#1842 = CARTESIAN_POINT ( 'NONE',  ( 0.01190759613277254242, -0.1307289557065924313, 0.7463639313041621204 ) ) ;
#1843 = CARTESIAN_POINT ( 'NONE',  ( 0.1809967741590289003, -0.3392287365447063108, 0.5205442540144967767 ) ) ;
#1844 = ORIENTED_EDGE ( 'NONE', *, *, #968, .T. ) ;
#1845 = EDGE_CURVE ( 'NONE', #1436, #1059, #2984, .T. ) ;
#1846 = LINE ( 'NONE', #509, #1043 ) ;
#1847 = DIRECTION ( 'NONE',  ( 0.000000000000000000, -1.000000000000000000, 1.543945040340209950E-16 ) ) ;
#1848 = ORIENTED_EDGE ( 'NONE', *, *, #2632, .F. ) ;
#1849 = B_SPLINE_CURVE_WITH_KNOTS ( 'NONE', 3,
 ( #751, #2822, #239, #2076, #1257, #768, #1803, #281, #1789, #503 ),
 .UNSPECIFIED., .F., .F.,
 ( 4, 2, 1, 1, 1, 1, 4 ),
 ( 0.000000000000000000, 0.001235536592622146638, 0.2673181690654404252, 0.5334008015382585288, 0.6664421177746637781, 0.7994834340110720250, 1.000000000000000000 ),
 .UNSPECIFIED. ) ;
#1850 = CARTESIAN_POINT ( 'NONE',  ( 0.007520474154230272733, 0.3293967870181402358, -0.3711176917171362111 ) ) ;
#1851 = VERTEX_POINT ( 'NONE', #1340 ) ;
#1852 = VERTEX_POINT ( 'NONE', #1687 ) ;
#1853 = DIRECTION ( 'NONE',  ( 0.6427876096865390299, -0.7660444431189782355, 1.647354195508799921E-16 ) ) ;
#1854 = DIRECTION ( 'NONE',  ( -7.228261246380429926E-17, 1.543945040340209950E-16, 1.000000000000000000 ) ) ;
#1855 = ORIENTED_EDGE ( 'NONE', *, *, #2391, .F. ) ;
#1856 = CARTESIAN_POINT ( 'NONE',  ( 0.03723356816326604812, -0.2453684261932558008, 0.7887523149099658903 ) ) ;
#1857 = CARTESIAN_POINT ( 'NONE',  ( -0.2416780370686050783, 0.2763021783037464818, -0.4283344429259275943 ) ) ;
#1858 = ADVANCED_FACE ( 'NONE', ( #1086, #2140 ), #2189, .T. ) ;
#1859 = CARTESIAN_POINT ( 'NONE',  ( -0.2188564432679726002, -0.1216810261988219982, -0.1333646763434380711 ) ) ;
#1860 = CARTESIAN_POINT ( 'NONE',  ( -0.1001711969841785760, -0.2249680933061108945, 0.7735731723999011988 ) ) ;
#1861 = CARTESIAN_POINT ( 'NONE',  ( 0.1391009360404926454, -0.3337681820937248300, 0.5203795507614856763 ) ) ;
#1862 = ORIENTED_EDGE ( 'NONE', *, *, #2284, .T. ) ;
#1863 = CARTESIAN_POINT ( 'NONE',  ( -0.2713035275824405290, 0.07290427181757551389, -0.8999999999995177413 ) ) ;
#1864 = CARTESIAN_POINT ( 'NONE',  ( -0.02735717418570011647, -0.2091376556121106456, 0.8374286913891861861 ) ) ;
#1865 = CARTESIAN_POINT ( 'NONE',  ( -0.2712333831366199877, 0.02697511128236965497, -0.3154363847520004205 ) ) ;
#1866 = EDGE_LOOP ( 'NONE', ( #763, #2879, #208, #2399 ) ) ;
#1867 = ADVANCED_FACE ( 'NONE', ( #2949 ), #1903, .T. ) ;
#1868 = CARTESIAN_POINT ( 'NONE',  ( 0.1755785826881577638, -0.2076952981928478770, 0.7887523149099658903 ) ) ;
#1869 = CARTESIAN_POINT ( 'NONE',  ( 0.01190759613277254242, -0.1307289557065924313, 0.7463639313041621204 ) ) ;
#1870 = CARTESIAN_POINT ( 'NONE',  ( 0.2165947924746252917, -0.02707230335786998260, 0.5202513947382517712 ) ) ;
#1871 = CARTESIAN_POINT ( 'NONE',  ( -0.006709998536663978018, -0.2144472711355615291, 0.5196691378868252276 ) ) ;
#1872 = DIRECTION ( 'NONE',  ( -0.9848082380480036591, -0.1736454268697749659, -4.437461266265107817E-17 ) ) ;
#1873 = VERTEX_POINT ( 'NONE', #876 ) ;
#1874 = ORIENTED_EDGE ( 'NONE', *, *, #2071, .T. ) ;
#1875 = CARTESIAN_POINT ( 'NONE',  ( -0.2715981280107005458, 0.2658026575000455582, -0.4844663358635677985 ) ) ;
#1876 = CARTESIAN_POINT ( 'NONE',  ( 0.2141849768901101514, -0.02933992094953376262, 0.8344075427847067461 ) ) ;
#1877 = AXIS2_PLACEMENT_3D ( 'NONE', #423, #1776, #488 ) ;
#1878 = DATE_AND_TIME ( #539, #2169 ) ;
#1879 = CARTESIAN_POINT ( 'NONE',  ( -0.1144880867021101367, -0.1665605472392574504, -0.1333646763434380711 ) ) ;
#1880 = VECTOR ( 'NONE', #2397, 1000.000000000000000 ) ;
#1881 = CARTESIAN_POINT ( 'NONE',  ( -0.2711565804115724232, -0.02331375545512504727, 0.4576412525482470572 ) ) ;
#1882 = CARTESIAN_POINT ( 'NONE',  ( 0.1337537431753739736, -0.2401782327386990656, 0.7887523149099658903 ) ) ;
#1883 = CARTESIAN_POINT ( 'NONE',  ( -0.1001497704521510379, -0.2249518943651176439, 0.6384655655525575124 ) ) ;
#1884 = CARTESIAN_POINT ( 'NONE',  ( -0.2711565804115724232, -0.02331375545512504727, 0.6078940288234704337 ) ) ;
#1885 = VECTOR ( 'NONE', #781, 1000.000000000000114 ) ;
#1886 = CARTESIAN_POINT ( 'NONE',  ( 0.2382429854086280385, 0.05918898595714511268, 0.7452314965098932875 ) ) ;
#1887 = EDGE_CURVE ( 'NONE', #884, #2569, #2663, .T. ) ;
#1888 = CARTESIAN_POINT ( 'NONE',  ( 0.2361959925428555596, 0.05643613050769097361, 0.6355825081049086833 ) ) ;
#1889 = ORIENTED_EDGE ( 'NONE', *, *, #959, .T. ) ;
#1890 = AXIS2_PLACEMENT_3D ( 'NONE', #2820, #2870, #1518 ) ;
#1891 = CARTESIAN_POINT ( 'NONE',  ( -0.2544669831959705530, 0.2899317838464596786, -0.4404441532888166977 ) ) ;
#1892 = CARTESIAN_POINT ( 'NONE',  ( -0.2716598091019916117, 0.3061901851334330460, -0.8999999999995177413 ) ) ;
#1893 = AXIS2_PLACEMENT_3D ( 'NONE', #1978, #226, #2489 ) ;
#1894 = CARTESIAN_POINT ( 'NONE',  ( 0.02545793673414899899, -0.2313347751325395552, 0.5198129683335230844 ) ) ;
#1895 = ORIENTED_EDGE ( 'NONE', *, *, #3269, .T. ) ;
#1896 = VERTEX_POINT ( 'NONE', #2683 ) ;
#1897 = CARTESIAN_POINT ( 'NONE',  ( -0.2644343246001011338, 0.2765129966237370174, -0.4642222661377187753 ) ) ;
#1898 = DIRECTION ( 'NONE',  ( -0.7081858708086770093, 0.7060260422866538876, 0.000000000000000000 ) ) ;
#1899 = CALENDAR_DATE ( 2026, 29, 6 ) ;
#1900 = APPLICATION_PROTOCOL_DEFINITION ( 'international standard', 'config_control_design', 1994, #886 ) ;
#1901 = B_SPLINE_SURFACE_WITH_KNOTS ( 'NONE', 3, 3, ( 
 ( #2033, #1462, #3060, #742 ),
 ( #1778, #2812, #490, #1509 ),
 ( #2561, #1246, #3250, #922 ),
 ( #1967, #1807, #3129, #1018 ),
 ( #2861, #303, #2842, #2049 ),
 ( #523, #824, #1030, #2100 ),
 ( #267, #2339, #1842, #3077 ) ),
 .UNSPECIFIED., .F., .F., .F.,
 ( 4, 1, 1, 1, 4 ),
 ( 4, 4 ),
 ( 0.000000000000000000, 0.2857142857142860315, 0.5714285714285709528, 0.8571428571428569843, 1.000000000000000000 ),
 ( -1.627847263962030055, 0.9117822912728479334 ),
 .UNSPECIFIED. ) ;
#1902 = CARTESIAN_POINT ( 'NONE',  ( 0.3283708676154259432, -0.009684918354379493458, 0.4576412525482470572 ) ) ;
#1903 = PLANE ( 'NONE',  #147 ) ;
#1904 = CARTESIAN_POINT ( 'NONE',  ( 0.2958059141091142763, -0.2627018682143298922, 0.5208706991971959743 ) ) ;
#1905 = DIRECTION ( 'NONE',  ( 0.000000000000000000, -1.000000000000000000, 1.543945040340209950E-16 ) ) ;
#1906 = CYLINDRICAL_SURFACE ( 'NONE', #2098, 0.05235288740182260370 ) ;
#1907 = ADVANCED_FACE ( 'NONE', ( #358 ), #1645, .F. ) ;
#1908 = CARTESIAN_POINT ( 'NONE',  ( 0.2381868079835298968, 0.05911559807668098632, 0.6667549610039806840 ) ) ;
#1909 = VERTEX_POINT ( 'NONE', #86 ) ;
#1910 = CARTESIAN_POINT ( 'NONE',  ( 0.3083241651247470849, -0.1761192462277355042, 0.5207827457545217698 ) ) ;
#1911 = CARTESIAN_POINT ( 'NONE',  ( -0.006506984911152589521, -0.2145224647007634988, 0.8344075427847067461 ) ) ;
#1912 = VERTEX_POINT ( 'NONE', #1135 ) ;
#1913 = CARTESIAN_POINT ( 'NONE',  ( -0.2716326864995141643, 0.2884308550998733733, -0.5216804770293309579 ) ) ;
#1914 = CARTESIAN_POINT ( 'NONE',  ( 0.2123255928182689878, -0.01719180397238080638, 0.8350636746145693179 ) ) ;
#1915 = PERSON_AND_ORGANIZATION ( #2789, #651 ) ;
#1916 = CARTESIAN_POINT ( 'NONE',  ( 0.08090057256897791038, -0.2981180090465724852, 0.6234184588307308816 ) ) ;
#1917 = DIRECTION ( 'NONE',  ( 0.000000000000000000, 2.353352383074275983E-16, 1.000000000000000000 ) ) ;
#1918 = CARTESIAN_POINT ( 'NONE',  ( 0.2266265200691835457, -0.3293387844722243107, 0.5207020547857568182 ) ) ;
#1919 = DESIGN_CONTEXT ( 'detailed design', #886, 'design' ) ;
#1920 = DIRECTION ( 'NONE',  ( -0.9999988337845089337, -0.001527229394122699710, 4.140413492149794851E-19 ) ) ;
#1921 = CARTESIAN_POINT ( 'NONE',  ( 0.2381867198396892538, 0.05911559114184109648, 0.6399224098816232997 ) ) ;
#1922 = CARTESIAN_POINT ( 'NONE',  ( -0.08793043472724114407, -0.2181078856474518157, 0.8699819150314533900 ) ) ;
#1923 = FACE_OUTER_BOUND ( 'NONE', #1158, .T. ) ;
#1924 = DIRECTION ( 'NONE',  ( -3.360727410001489967E-17, -2.819985130219624827E-17, -1.000000000000000000 ) ) ;
#1925 = EDGE_CURVE ( 'NONE', #672, #3050, #1577, .T. ) ;
#1926 = CC_DESIGN_DATE_AND_TIME_ASSIGNMENT ( #2857, #592, ( #2318 ) ) ;
#1927 = LINE ( 'NONE', #1374, #1542 ) ;
#1928 = PERSON_AND_ORGANIZATION_ROLE ( 'design_owner' ) ;
#1929 = CARTESIAN_POINT ( 'NONE',  ( 0.09575338703800984064, -0.3116302216047472373, 0.6234184539099032474 ) ) ;
#1930 = ADVANCED_FACE ( 'NONE', ( #3187 ), #2518, .F. ) ;
#1931 = DIRECTION ( 'NONE',  ( -0.4545194776720419827, 0.5416752204196997322, -0.7071067811865503483 ) ) ;
#1932 = CARTESIAN_POINT ( 'NONE',  ( 0.2057328902966957251, -0.3359696454374669905, 0.5206326822913120989 ) ) ;
#1933 = AXIS2_PLACEMENT_3D ( 'NONE', #1006, #2616, #289 ) ;
#1934 = CARTESIAN_POINT ( 'NONE',  ( -0.05762228864751092750, -0.2089956922479943857, 0.5042006208009366386 ) ) ;
#1935 = DIRECTION ( 'NONE',  ( -0.9999988337845089337, -0.001527229394122710769, 0.000000000000000000 ) ) ;
#1936 = CARTESIAN_POINT ( 'NONE',  ( 0.2379572738754233696, 0.05881425155934858623, 0.6388788586095464073 ) ) ;
#1937 = CARTESIAN_POINT ( 'NONE',  ( -0.2713247853183696767, 0.08682340617946683603, -0.6504596527268219353 ) ) ;
#1938 = VERTEX_POINT ( 'NONE', #437 ) ;
#1939 = CARTESIAN_POINT ( 'NONE',  ( 0.007405893156151944004, 0.3066163829738517976, -0.3155455070777268833 ) ) ;
#1940 = VECTOR ( 'NONE', #838, 1000.000000000000114 ) ;
#1941 = CARTESIAN_POINT ( 'NONE',  ( -0.2715350228792057785, 0.2178151967066553896, -0.4548734873162516013 ) ) ;
#1942 = FACE_OUTER_BOUND ( 'NONE', #2109, .T. ) ;
#1943 = CIRCLE ( 'NONE', #1609, 0.1308822185045565578 ) ;
#1944 = ORIENTED_EDGE ( 'NONE', *, *, #199, .F. ) ;
#1945 = CIRCLE ( 'NONE', #1440, 0.05235288740182260370 ) ;
#1946 = ORIENTED_EDGE ( 'NONE', *, *, #88, .F. ) ;
#1947 = FACE_OUTER_BOUND ( 'NONE', #1866, .T. ) ;
#1948 = LOCAL_TIME ( 12, 58, 33.00000000000000000, #2443 ) ;
#1949 = EDGE_CURVE ( 'NONE', #1353, #989, #1741, .T. ) ;
#1950 = LINE ( 'NONE', #1039, #641 ) ;
#1951 = CARTESIAN_POINT ( 'NONE',  ( 0.1198958370604232410, 0.1807245790287469178, -0.1333646763434380711 ) ) ;
#1952 = CARTESIAN_POINT ( 'NONE',  ( 0.2788363917344466314, -0.2902136647563487992, 0.5208445967429905510 ) ) ;
#1953 = CARTESIAN_POINT ( 'NONE',  ( 0.007981690714443330503, 0.02740153724774197636, 0.6078940288234704337 ) ) ;
#1954 = DIRECTION ( 'NONE',  ( 0.6427876096865391409, -0.7660444431189782355, 1.647354195508801154E-16 ) ) ;
#1955 = ORIENTED_EDGE ( 'NONE', *, *, #862, .F. ) ;
#1956 = CARTESIAN_POINT ( 'NONE',  ( -0.2207124487229876753, 0.3062679935304983836, -0.4755850057440736411 ) ) ;
#1957 = CARTESIAN_POINT ( 'NONE',  ( 0.1750376239503136089, -0.2095988419991991480, 0.6234183948890671401 ) ) ;
#1958 = DIRECTION ( 'NONE',  ( -1.284771278764813956E-16, 0.000000000000000000, 1.000000000000000000 ) ) ;
#1959 = EDGE_LOOP ( 'NONE', ( #573, #965, #2282, #801 ) ) ;
#1960 = CARTESIAN_POINT ( 'NONE',  ( -0.2160413168355037605, 0.2507413184001563988, -0.3860727868149246844 ) ) ;
#1961 = CARTESIAN_POINT ( 'NONE',  ( -0.07718196961218784513, 0.2986330990701061561, -0.3304247863758653647 ) ) ;
#1962 = DIRECTION ( 'NONE',  ( 0.7660444431189782355, 0.6427876096865390299, -4.387118058474740015E-17 ) ) ;
#1963 = DIRECTION ( 'NONE',  ( -0.4563851136502764527, 0.5417051140421051958, 0.7058811496697258159 ) ) ;
#1964 = DIRECTION ( 'NONE',  ( 0.6427876096865393629, -0.7660444431189779024, 0.000000000000000000 ) ) ;
#1965 = ADVANCED_FACE ( 'NONE', ( #467 ), #145, .T. ) ;
#1966 = DIRECTION ( 'NONE',  ( 0.6427876096865393629, -0.7660444431189779024, 0.000000000000000000 ) ) ;
#1967 = CARTESIAN_POINT ( 'NONE',  ( 0.2398117282433218922, 0.05731943104804361477, 0.7335210498242970001 ) ) ;
#1968 = CARTESIAN_POINT ( 'NONE',  ( 0.2417290029514475858, -0.08224458388035491008, 0.5204211306612648302 ) ) ;
#1969 = ORIENTED_EDGE ( 'NONE', *, *, #1238, .T. ) ;
#1970 = CARTESIAN_POINT ( 'NONE',  ( -0.09966983840049747911, -0.2246411358222082377, 0.6686254596733350875 ) ) ;
#1971 = FACE_OUTER_BOUND ( 'NONE', #569, .T. ) ;
#1972 = EDGE_CURVE ( 'NONE', #3271, #140, #2014, .T. ) ;
#1973 = ORIENTED_EDGE ( 'NONE', *, *, #998, .F. ) ;
#1974 = ORIENTED_EDGE ( 'NONE', *, *, #3029, .T. ) ;
#1975 = CARTESIAN_POINT ( 'NONE',  ( -0.05364025550151129557, -0.2085107474480261125, 0.7289129688368877202 ) ) ;
#1976 = LINE ( 'NONE', #3011, #3279 ) ;
#1977 = CARTESIAN_POINT ( 'NONE',  ( 0.2243057856370672121, 0.04749428676918529546, 0.8864698482346284880 ) ) ;
#1978 = CARTESIAN_POINT ( 'NONE',  ( 0.1755785826881577638, -0.2076952981928478770, 0.8344075427847065241 ) ) ;
#1979 = CARTESIAN_POINT ( 'NONE',  ( -0.2723156865153952833, 0.2874867107705403879, -0.4462040607276692716 ) ) ;
#1980 = CARTESIAN_POINT ( 'NONE',  ( 0.2912846267351138496, -0.1460915670904587016, 0.6234183193687206082 ) ) ;
#1981 = FACE_OUTER_BOUND ( 'NONE', #445, .T. ) ;
#1982 = CARTESIAN_POINT ( 'NONE',  ( -0.1012600985051547858, -0.2256879265384593436, 0.6408693573563415402 ) ) ;
#1983 = EDGE_LOOP ( 'NONE', ( #1334, #2721, #1216, #1591, #2388, #2605, #3303, #924 ) ) ;
#1984 = CARTESIAN_POINT ( 'NONE',  ( 0.007555264749070993505, 0.3066166110988047810, -0.3154363847520004205 ) ) ;
#1985 = ADVANCED_FACE ( 'NONE', ( #1209 ), #165, .F. ) ;
#1986 = VECTOR ( 'NONE', #3169, 1000.000000000000227 ) ;
#1987 = CARTESIAN_POINT ( 'NONE',  ( 0.2338565881240726729, 0.05294225906850127950, 0.4822638960001376374 ) ) ;
#1988 = CARTESIAN_POINT ( 'NONE',  ( -0.2643335141104475317, 0.2768119563201882904, -0.4643789643888662777 ) ) ;
#1989 = ORIENTED_EDGE ( 'NONE', *, *, #417, .T. ) ;
#1990 = AXIS2_PLACEMENT_3D ( 'NONE', #1524, #577, #807 ) ;
#1991 = EDGE_CURVE ( 'NONE', #1852, #2369, #2422, .T. ) ;
#1992 = ORIENTED_EDGE ( 'NONE', *, *, #1697, .F. ) ;
#1993 = VERTEX_POINT ( 'NONE', #2762 ) ;
#1994 = CIRCLE ( 'NONE', #954, 0.1047057748036452490 ) ;
#1995 = CARTESIAN_POINT ( 'NONE',  ( 0.08772217931163957261, -0.2256563327508666339, 0.5879580729731963551 ) ) ;
#1996 = CARTESIAN_POINT ( 'NONE',  ( 0.007443991804489647271, 0.3066164411592955386, -0.3154529955331784041 ) ) ;
#1997 = VECTOR ( 'NONE', #974, 1000.000000000000000 ) ;
#1998 = CARTESIAN_POINT ( 'NONE',  ( -0.1144880867021099563, -0.1665605472392574504, -0.1333646763434380711 ) ) ;
#1999 = LINE ( 'NONE', #3057, #1825 ) ;
#2000 = APPROVAL_PERSON_ORGANIZATION ( #353, #2923, #1044 ) ;
#2001 = CARTESIAN_POINT ( 'NONE',  ( 0.2890483018562393092, -0.1412661595690073435, 0.5206793794627112559 ) ) ;
#2002 = CARTESIAN_POINT ( 'NONE',  ( 0.2597071933427466117, -0.3079576141009529588, 0.7289129688368877202 ) ) ;
#2003 = CARTESIAN_POINT ( 'NONE',  ( -0.1897559349520490934, 0.2245361030932211122, -0.3154363847520004205 ) ) ;
#2004 = CARTESIAN_POINT ( 'NONE',  ( 0.1618080536477036202, -0.1346352779419540402, 0.5201926951427920942 ) ) ;
#2005 = CARTESIAN_POINT ( 'NONE',  ( -0.2009292712775499201, 0.2923437373682930551, -0.4051714407027216525 ) ) ;
#2006 = CARTESIAN_POINT ( 'NONE',  ( 0.2382429854086280385, 0.05918898595714501554, 0.5262212089465538867 ) ) ;
#2007 = ORIENTED_EDGE ( 'NONE', *, *, #2958, .F. ) ;
#2008 = VERTEX_POINT ( 'NONE', #2746 ) ;
#2009 = EDGE_CURVE ( 'NONE', #3172, #2058, #1321, .T. ) ;
#2010 = VERTEX_POINT ( 'NONE', #179 ) ;
#2011 = EDGE_LOOP ( 'NONE', ( #2464, #2865, #311, #2153 ) ) ;
#2012 = DIRECTION ( 'NONE',  ( -7.228261246380429926E-17, 1.543945040340209950E-16, 1.000000000000000000 ) ) ;
#2013 = CARTESIAN_POINT ( 'NONE',  ( -0.1979188946231293100, 0.2573716546078926304, -0.3775554172177048584 ) ) ;
#2014 = LINE ( 'NONE', #919, #473 ) ;
#2015 = CARTESIAN_POINT ( 'NONE',  ( 0.2813177085893032725, -0.1296573341148890834, 0.5206345206421769678 ) ) ;
#2016 = EDGE_CURVE ( 'NONE', #2571, #1993, #2855, .T. ) ;
#2017 = CARTESIAN_POINT ( 'NONE',  ( 0.3063156843176887967, -0.2220736172022149124, 0.6234183869438085779 ) ) ;
#2018 = CARTESIAN_POINT ( 'NONE',  ( 0.2414774842520606979, -0.08259712428632583203, 0.4576412525482470572 ) ) ;
#2019 = DIRECTION ( 'NONE',  ( -0.7660444431189782355, -0.6427876096865390299, 4.387118058474740015E-17 ) ) ;
#2020 = CARTESIAN_POINT ( 'NONE',  ( -0.2145348621922343879, 0.3031074918127093509, -0.4164911355485736433 ) ) ;
#2021 = CARTESIAN_POINT ( 'NONE',  ( -0.08181139193812395072, -0.2093594192353452066, 0.4575558313084549522 ) ) ;
#2022 = ORIENTED_EDGE ( 'NONE', *, *, #2611, .T. ) ;
#2023 = ORIENTED_EDGE ( 'NONE', *, *, #481, .F. ) ;
#2024 = ORIENTED_EDGE ( 'NONE', *, *, #1267, .T. ) ;
#2025 = DIRECTION ( 'NONE',  ( 3.360727410001489967E-17, 2.819985130219624827E-17, 1.000000000000000000 ) ) ;
#2026 = EDGE_CURVE ( 'NONE', #1732, #2835, #1264, .T. ) ;
#2027 = ORIENTED_EDGE ( 'NONE', *, *, #2918, .F. ) ;
#2028 = CARTESIAN_POINT ( 'NONE',  ( -0.2513134490404294041, 0.2859058774942512260, -0.4478059536594807266 ) ) ;
#2029 = CARTESIAN_POINT ( 'NONE',  ( 0.2192256760904749691, 0.02121886969555182578, 0.6832577409621461983 ) ) ;
#2030 = FACE_OUTER_BOUND ( 'NONE', #280, .T. ) ;
#2031 = ADVANCED_FACE ( 'NONE', ( #2488, #1163 ), #2234, .T. ) ;
#2032 = CARTESIAN_POINT ( 'NONE',  ( 0.2877459098276579641, -0.1400302768085793237, 0.6234183378292750266 ) ) ;
#2033 = CARTESIAN_POINT ( 'NONE',  ( 0.2494602478596976702, 0.04582077313201184110, 0.7289129688368877202 ) ) ;
#2034 = CARTESIAN_POINT ( 'NONE',  ( 0.007555264749071164375, 0.3066166110988047810, -0.3154363847520004205 ) ) ;
#2035 = EDGE_CURVE ( 'NONE', #1571, #465, #1002, .T. ) ;
#2036 = CARTESIAN_POINT ( 'NONE',  ( -0.09852432240105404859, -0.2239158698277946002, 0.6695265277488149369 ) ) ;
#2037 = LINE ( 'NONE', #1748, #2641 ) ;
#2038 = ORIENTED_EDGE ( 'NONE', *, *, #2871, .T. ) ;
#2039 = CIRCLE ( 'NONE', #466, 0.2792153994763875158 ) ;
#2040 = ORIENTED_EDGE ( 'NONE', *, *, #907, .T. ) ;
#2041 = CARTESIAN_POINT ( 'NONE',  ( -0.08793043472724114407, -0.2181078856474518157, 0.8699819150314533900 ) ) ;
#2042 = VECTOR ( 'NONE', #3089, 1000.000000000000114 ) ;
#2043 = ORIENTED_EDGE ( 'NONE', *, *, #668, .T. ) ;
#2044 = FACE_OUTER_BOUND ( 'NONE', #1814, .T. ) ;
#2045 = CARTESIAN_POINT ( 'NONE',  ( -0.2276579376307424907, 0.2623187818848661812, -0.4036151138598384480 ) ) ;
#2046 = AXIS2_PLACEMENT_3D ( 'NONE', #2760, #2742, #1160 ) ;
#2047 = EDGE_CURVE ( 'NONE', #685, #1938, #1192, .T. ) ;
#2048 = CARTESIAN_POINT ( 'NONE',  ( 0.1582167606584131692, -0.3380039971018485301, 0.6234184294375201274 ) ) ;
#2049 = CARTESIAN_POINT ( 'NONE',  ( -0.1010309625168923225, -0.2259610001756653108, 0.7390750765436973069 ) ) ;
#2050 = LINE ( 'NONE', #2493, #1997 ) ;
#2051 = CARTESIAN_POINT ( 'NONE',  ( 0.2382429854086278442, 0.05918898595714506411, 0.4688971358547107671 ) ) ;
#2052 = DIRECTION ( 'NONE',  ( -2.159011887891894950E-17, -1.448607047974698085E-17, -1.000000000000000000 ) ) ;
#2053 = ORIENTED_EDGE ( 'NONE', *, *, #1720, .T. ) ;
#2054 = ORIENTED_EDGE ( 'NONE', *, *, #138, .F. ) ;
#2055 = ORIENTED_EDGE ( 'NONE', *, *, #2346, .F. ) ;
#2056 = FACE_OUTER_BOUND ( 'NONE', #654, .T. ) ;
#2057 = CARTESIAN_POINT ( 'NONE',  ( 0.2382429854086280385, 0.05918898595714501554, 0.4576412525482470572 ) ) ;
#2058 = VERTEX_POINT ( 'NONE', #952 ) ;
#2059 = CARTESIAN_POINT ( 'NONE',  ( 0.2355976019452793724, 0.05607789962129518940, 0.8776902459741557916 ) ) ;
#2060 = DIRECTION ( 'NONE',  ( 0.9961863506420357561, -0.08725110196726944267, 0.000000000000000000 ) ) ;
#2061 = CARTESIAN_POINT ( 'NONE',  ( 0.2122394860148270612, -0.3341650909338576558, 0.6234184108556718451 ) ) ;
#2062 = EDGE_CURVE ( 'NONE', #332, #618, #1999, .T. ) ;
#2063 = DIRECTION ( 'NONE',  ( 0.3420175185448848243, 0.9396935761238335294, -1.855913079370898998E-08 ) ) ;
#2064 = CARTESIAN_POINT ( 'NONE',  ( 0.1137261494450515220, -0.3231427936038251403, 0.5202697626357670746 ) ) ;
#2065 = DIRECTION ( 'NONE',  ( -9.479116585202201533E-16, 0.000000000000000000, 1.000000000000000000 ) ) ;
#2066 = EDGE_CURVE ( 'NONE', #1938, #2630, #736, .T. ) ;
#2067 = CARTESIAN_POINT ( 'NONE',  ( 0.007489196438203521260, 0.3066165101972209150, -0.3154999674459942893 ) ) ;
#2068 = CARTESIAN_POINT ( 'NONE',  ( -0.1013141035865246509, -0.2257241373864754264, 0.8646644395414381234 ) ) ;
#2069 = ORIENTED_EDGE ( 'NONE', *, *, #3162, .F. ) ;
#2070 = CARTESIAN_POINT ( 'NONE',  ( -0.2116245452532191651, 0.2090049777895333916, -0.3417933319804291603 ) ) ;
#2071 = EDGE_CURVE ( 'NONE', #1254, #1767, #2471, .T. ) ;
#2072 = ORIENTED_EDGE ( 'NONE', *, *, #397, .F. ) ;
#2073 = LINE ( 'NONE', #1593, #1156 ) ;
#2074 = CARTESIAN_POINT ( 'NONE',  ( -0.07331187853314623248, -0.2121790222640954626, 0.7300627671957267140 ) ) ;
#2075 = ORIENTED_EDGE ( 'NONE', *, *, #172, .F. ) ;
#2076 = CARTESIAN_POINT ( 'NONE',  ( -0.2712517958138701557, 0.05126990833426893490, -0.3190709263927148931 ) ) ;
#2077 = LINE ( 'NONE', #2574, #2597 ) ;
#2078 = CARTESIAN_POINT ( 'NONE',  ( 0.1642298682655739250, -0.3387337487593914398, 0.6234184222552150434 ) ) ;
#2079 = CARTESIAN_POINT ( 'NONE',  ( -0.09966983840049864485, -0.2246411358222090149, 0.7741200336211564448 ) ) ;
#2080 = CARTESIAN_POINT ( 'NONE',  ( -0.02968134196228616045, -0.1656231838105542420, 0.4575970862491698377 ) ) ;
#2081 = ORIENTED_EDGE ( 'NONE', *, *, #3219, .F. ) ;
#2082 = LINE ( 'NONE', #1548, #735 ) ;
#2083 = FACE_BOUND ( 'NONE', #2884, .T. ) ;
#2084 = ORIENTED_EDGE ( 'NONE', *, *, #238, .T. ) ;
#2085 = ORIENTED_EDGE ( 'NONE', *, *, #716, .F. ) ;
#2086 = EDGE_CURVE ( 'NONE', #2938, #978, #538, .T. ) ;
#2087 = CARTESIAN_POINT ( 'NONE',  ( -0.05522510822377005996, 0.3065207309560093463, -0.3220079639044429731 ) ) ;
#2088 = ORIENTED_EDGE ( 'NONE', *, *, #2682, .F. ) ;
#2089 = ORIENTED_EDGE ( 'NONE', *, *, #681, .T. ) ;
#2090 = DIRECTION ( 'NONE',  ( -0.7660444431189782355, -0.6427876096865390299, -4.134133677384525669E-16 ) ) ;
#2091 = CARTESIAN_POINT ( 'NONE',  ( 0.2623299001596491320, -0.1948691551420461132, 0.5201401439010368000 ) ) ;
#2092 = VECTOR ( 'NONE', #2223, 1000.000000000000114 ) ;
#2093 = EDGE_LOOP ( 'NONE', ( #813, #3320, #2381, #2468 ) ) ;
#2094 = VECTOR ( 'NONE', #648, 1000.000000000000000 ) ;
#2095 = DIRECTION ( 'NONE',  ( -0.001527229394122780592, 0.9999988337845089337, 0.000000000000000000 ) ) ;
#2096 = DATE_TIME_ROLE ( 'classification_date' ) ;
#2097 = DIRECTION ( 'NONE',  ( 1.285609448291217972E-17, 1.469458323489273804E-16, 1.000000000000000000 ) ) ;
#2098 = AXIS2_PLACEMENT_3D ( 'NONE', #2181, #2953, #133 ) ;
#2099 = CARTESIAN_POINT ( 'NONE',  ( 0.2866317781619883154, -0.2785710766546954376, 0.6234184474075868954 ) ) ;
#2100 = CARTESIAN_POINT ( 'NONE',  ( -0.1012600985051553271, -0.2256879265384597322, 0.7443050159508090013 ) ) ;
#2101 = AXIS2_PLACEMENT_3D ( 'NONE', #1410, #2445, #1917 ) ;
#2102 = CARTESIAN_POINT ( 'NONE',  ( 0.1689730334607471851, -0.3390511360367269300, 0.5204988780362235223 ) ) ;
#2103 = ORIENTED_EDGE ( 'NONE', *, *, #3042, .T. ) ;
#2104 = AXIS2_PLACEMENT_3D ( 'NONE', #230, #3264, #939 ) ;
#2105 =( BOUNDED_CURVE ( )  B_SPLINE_CURVE ( 3, ( #2763, #438, #933, #468 ),
 .UNSPECIFIED., .F., .F. ) 
 B_SPLINE_CURVE_WITH_KNOTS ( ( 4, 4 ),
 ( 1.520792631450314847, 1.570796326794895004 ),
 .UNSPECIFIED. ) 
 CURVE ( )  GEOMETRIC_REPRESENTATION_ITEM ( )  RATIONAL_B_SPLINE_CURVE ( ( 1.000000000000000000, 0.9997916467246670269, 0.9997916467246670269, 1.000000000000000000 ) ) 
 REPRESENTATION_ITEM ( '' )  );
#2106 = CARTESIAN_POINT ( 'NONE',  ( -0.2715812723213066326, 0.2547658939320877614, -0.5046241708875658372 ) ) ;
#2107 = DIRECTION ( 'NONE',  ( -7.228261246380429926E-17, 1.543945040340209950E-16, 1.000000000000000000 ) ) ;
#2108 = CARTESIAN_POINT ( 'NONE',  ( 0.2086894113035197007, -0.2497034804745988934, 0.6234183948890671401 ) ) ;
#2109 = EDGE_LOOP ( 'NONE', ( #1500, #586, #1531, #2405 ) ) ;
#2110 = CARTESIAN_POINT ( 'NONE',  ( -0.2896357832485294548, 0.1570136063715537322, -0.3860727868149246844 ) ) ;
#2111 = ORIENTED_EDGE ( 'NONE', *, *, #3265, .T. ) ;
#2112 = ORIENTED_EDGE ( 'NONE', *, *, #1502, .T. ) ;
#2113 = CARTESIAN_POINT ( 'NONE',  ( 0.2288311418147079002, 0.04461922422182061643, 0.6285296634575001651 ) ) ;
#2114 = ADVANCED_FACE ( 'NONE', ( #2044 ), #3322, .T. ) ;
#2115 = CARTESIAN_POINT ( 'NONE',  ( 0.07380701652945927116, 0.02750206773744461389, 0.6078940288234704337 ) ) ;
#2116 = ORIENTED_EDGE ( 'NONE', *, *, #2490, .F. ) ;
#2117 = CARTESIAN_POINT ( 'NONE',  ( 0.2086894113035197007, -0.2497034804745988934, 0.5879580729731963551 ) ) ;
#2118 = CYLINDRICAL_SURFACE ( 'NONE', #1217, 0.1308822185045566966 ) ;
#2119 = CARTESIAN_POINT ( 'NONE',  ( 0.2432797927132531735, -0.3207271231768437092, 0.6234184011567885930 ) ) ;
#2120 = CARTESIAN_POINT ( 'NONE',  ( 0.06824931391525222713, -0.2823315526201728431, 0.6060664181574531018 ) ) ;
#2121 = CARTESIAN_POINT ( 'NONE',  ( 0.04822626435957187707, -0.1230345882032786164, 0.6408693573563415402 ) ) ;
#2122 = CARTESIAN_POINT ( 'NONE',  ( -0.09946772804839852655, -0.2245095452593696139, 0.6378787558002819713 ) ) ;
#2123 = ORIENTED_EDGE ( 'NONE', *, *, #3309, .T. ) ;
#2124 = DIRECTION ( 'NONE',  ( -0.7081858708086770093, 0.7060260422866538876, 0.000000000000000000 ) ) ;
#2125 = DIRECTION ( 'NONE',  ( 0.6426934162193329581, -0.7661234709551217881, 1.647408124645589618E-16 ) ) ;
#2126 = ORIENTED_EDGE ( 'NONE', *, *, #1991, .T. ) ;
#2127 = CARTESIAN_POINT ( 'NONE',  ( 0.2263166812693591656, 0.04250934130560906493, 0.7836410463415340866 ) ) ;
#2128 = VERTEX_POINT ( 'NONE', #2117 ) ;
#2129 = FACE_OUTER_BOUND ( 'NONE', #1050, .T. ) ;
#2130 = CARTESIAN_POINT ( 'NONE',  ( 0.2763907229372080110, -0.1242222745750286850, 0.6234183948863996072 ) ) ;
#2131 = B_SPLINE_CURVE_WITH_KNOTS ( 'NONE', 3,
 ( #2775, #2983, #1441, #3258, #674, #1162, #1012 ),
 .UNSPECIFIED., .F., .F.,
 ( 4, 3, 4 ),
 ( -2.830067998654192741E-05, -1.051467794741457439E-05, -8.470329472543003391E-20 ),
 .UNSPECIFIED. ) ;
#2132 = CARTESIAN_POINT ( 'NONE',  ( 0.2597071810626663257, -0.3079575994661259419, 0.6832577409621463094 ) ) ;
#2133 = ORIENTED_EDGE ( 'NONE', *, *, #2525, .F. ) ;
#2134 = CARTESIAN_POINT ( 'NONE',  ( -0.2715974973975152085, 0.2654808874595865897, -0.4843102562044880322 ) ) ;
#2135 = CARTESIAN_POINT ( 'NONE',  ( 0.2138925576299381681, -0.02780386924103758414, 0.8344075427847069681 ) ) ;
#2136 = PERSON_AND_ORGANIZATION ( #2789, #651 ) ;
#2137 = CARTESIAN_POINT ( 'NONE',  ( -0.1013096203497564074, -0.2257294803000008399, 0.4576412525482470572 ) ) ;
#2138 = CARTESIAN_POINT ( 'NONE',  ( -0.2714418117636033245, 0.3061905180657648051, -0.4970828581176987004 ) ) ;
#2139 = CARTESIAN_POINT ( 'NONE',  ( -0.1579252737036950516, -0.1582575720183744816, 0.4576412525482470572 ) ) ;
#2140 = FACE_OUTER_BOUND ( 'NONE', #1798, .T. ) ;
#2141 = CARTESIAN_POINT ( 'NONE',  ( 0.1559878749950832921, -0.3375949720875803250, 0.5204481618407382770 ) ) ;
#2142 = ORIENTED_EDGE ( 'NONE', *, *, #2284, .F. ) ;
#2143 = CARTESIAN_POINT ( 'NONE',  ( -0.09759521570888179953, -0.2233086409567861252, 0.4753218637747059772 ) ) ;
#2144 = DIRECTION ( 'NONE',  ( -0.5571650170049660122, 0.8304017966176711063, 0.000000000000000000 ) ) ;
#2145 = CARTESIAN_POINT ( 'NONE',  ( 0.1070774638678524959, -0.1192137956228253720, 0.8344075427847065241 ) ) ;
#2146 = EDGE_CURVE ( 'NONE', #1694, #27, #1520, .T. ) ;
#2147 = CARTESIAN_POINT ( 'NONE',  ( -0.2714502604398159602, 0.1776541256738991270, -0.4279687835912551197 ) ) ;
#2148 = CARTESIAN_POINT ( 'NONE',  ( 0.1303890265403329918, -0.1365920334651209989, -0.8999999999995177413 ) ) ;
#2149 = CARTESIAN_POINT ( 'NONE',  ( -0.07734831447917003833, -0.2137128545569993154, 0.6792319649753364441 ) ) ;
#2150 = CARTESIAN_POINT ( 'NONE',  ( -0.1897547101069347875, 0.2245348806855429757, 0.6792226913175692937 ) ) ;
#2151 = B_SPLINE_CURVE_WITH_KNOTS ( 'NONE', 3,
 ( #2999, #3013, #211, #722, #1229, #2029, #3058 ),
 .UNSPECIFIED., .F., .F.,
 ( 4, 3, 4 ),
 ( 2.240631877000891947E-05, 4.657303521189979826E-05, 4.968109696327385034E-05 ),
 .UNSPECIFIED. ) ;
#2152 = ORIENTED_EDGE ( 'NONE', *, *, #1821, .T. ) ;
#2153 = ORIENTED_EDGE ( 'NONE', *, *, #2185, .T. ) ;
#2154 = CARTESIAN_POINT ( 'NONE',  ( -0.2644289759569112275, 0.2766693669717107396, -0.4642879093141495384 ) ) ;
#2155 = CARTESIAN_POINT ( 'NONE',  ( 0.1297118595589104306, 0.3068031724586552933, -0.6089397597484672575 ) ) ;
#2156 = CIRCLE ( 'NONE', #2957, 0.05758817614200475304 ) ;
#2157 = APPROVAL_ROLE ( '' ) ;
#2158 = AXIS2_PLACEMENT_3D ( 'NONE', #2919, #1920, #1105 ) ;
#2159 = CARTESIAN_POINT ( 'NONE',  ( 0.1062349990843506758, -0.3190284958792338199, 0.6234184150454616935 ) ) ;
#2160 = CARTESIAN_POINT ( 'NONE',  ( 0.007555264749071164375, 0.3066166110988047810, -0.3154363847520004205 ) ) ;
#2161 = CARTESIAN_POINT ( 'NONE',  ( 0.2637354853786551545, -0.3061567133123325180, 0.5208096926042656838 ) ) ;
#2162 = ADVANCED_FACE ( 'NONE', ( #3142 ), #1839, .F. ) ;
#2163 = VECTOR ( 'NONE', #2375, 1000.000000000000000 ) ;
#2164 = CARTESIAN_POINT ( 'NONE',  ( 0.007981690714443330503, 0.02740153724774197636, 0.6078940288234704337 ) ) ;
#2165 = ORIENTED_EDGE ( 'NONE', *, *, #1004, .F. ) ;
#2166 = VECTOR ( 'NONE', #455, 1000.000000000000000 ) ;
#2167 = CARTESIAN_POINT ( 'NONE',  ( -0.2712334840382038537, 0.02704117959322982490, -0.3154999674460186032 ) ) ;
#2168 = DIRECTION ( 'NONE',  ( 0.6427876096865393629, -0.7660444431189779024, 0.000000000000000000 ) ) ;
#2169 = LOCAL_TIME ( 12, 58, 33.00000000000000000, #1337 ) ;
#2170 = CARTESIAN_POINT ( 'NONE',  ( 0.2767715254074313846, -0.1242375896903389343, 0.5548799856950321630 ) ) ;
#2171 = EDGE_LOOP ( 'NONE', ( #1189, #288, #1626, #642 ) ) ;
#2172 = ORIENTED_EDGE ( 'NONE', *, *, #1949, .F. ) ;
#2173 = CARTESIAN_POINT ( 'NONE',  ( 0.2053459216028258594, -0.1269582939766406016, 0.5192536464211489067 ) ) ;
#2174 = CARTESIAN_POINT ( 'NONE',  ( -0.1078988535259332859, -0.1961450137696280627, 0.1621382881024046041 ) ) ;
#2175 = CARTESIAN_POINT ( 'NONE',  ( 0.08535294569661172615, -0.3026675927584518422, 0.6234184700428768711 ) ) ;
#2176 = CARTESIAN_POINT ( 'NONE',  ( 0.1299375818860518117, 0.1590047704840634180, -0.4288676407892816900 ) ) ;
#2177 = CARTESIAN_POINT ( 'NONE',  ( 0.2555904836938588387, -0.3128315985681593969, 0.5207882332741333720 ) ) ;
#2178 = CARTESIAN_POINT ( 'NONE',  ( -0.09486547361552537250, -0.2216747325400497959, 0.4778853117822392527 ) ) ;
#2179 = EDGE_CURVE ( 'NONE', #2369, #1097, #1641, .T. ) ;
#2180 = CARTESIAN_POINT ( 'NONE',  ( -0.04297570878753351892, -0.3126720008996674571, 0.7540116441027668870 ) ) ;
#2181 = CARTESIAN_POINT ( 'NONE',  ( 0.1750376239503136089, -0.2095988419991991480, 0.3937707404860333327 ) ) ;
#2182 = VERTEX_POINT ( 'NONE', #1314 ) ;
#2183 = CARTESIAN_POINT ( 'NONE',  ( -0.2712335849368393004, 0.02710724597347495893, -0.3155635538084287095 ) ) ;
#2184 = CARTESIAN_POINT ( 'NONE',  ( -0.1012600985051553271, -0.2256879265384597322, 0.7463639313041621204 ) ) ;
#2185 = EDGE_CURVE ( 'NONE', #33, #2539, #1849, .T. ) ;
#2186 = CARTESIAN_POINT ( 'NONE',  ( 0.007981690714443330503, 0.02740153724774197636, 0.6078940288234704337 ) ) ;
#2187 = CARTESIAN_POINT ( 'NONE',  ( 0.2382429854086280385, 0.05918898595714501554, 0.4576412525482470572 ) ) ;
#2188 = CARTESIAN_POINT ( 'NONE',  ( 0.1013644297547845602, -0.3158255624637302805, 0.6234184324654171716 ) ) ;
#2189 = PLANE ( 'NONE',  #2967 ) ;
#2190 = CARTESIAN_POINT ( 'NONE',  ( 0.3049196587769631983, -0.2346824059931774120, 0.5208666397630108413 ) ) ;
#2191 = CARTESIAN_POINT ( 'NONE',  ( -0.08213819015696478820, -0.2149117856231388679, 0.4894222216603548725 ) ) ;
#2192 = CARTESIAN_POINT ( 'NONE',  ( 0.2007109625272319453, 0.02769587940002868690, 0.8871094282998579494 ) ) ;
#2193 = DIRECTION ( 'NONE',  ( 0.001527229394122749367, -0.9999988337845088227, 1.398957135656305580E-16 ) ) ;
#2194 = DIRECTION ( 'NONE',  ( -0.7071059565476649489, -0.001079914261011472162, 0.7071067811865479058 ) ) ;
#2195 = ORIENTED_EDGE ( 'NONE', *, *, #2035, .F. ) ;
#2196 = DIRECTION ( 'NONE',  ( 0.000000000000000000, -1.000000000000000000, 1.543945040340209950E-16 ) ) ;
#2197 = DIRECTION ( 'NONE',  ( 7.228261246380429926E-17, -1.543945040340209950E-16, -1.000000000000000000 ) ) ;
#2198 = EDGE_CURVE ( 'NONE', #2835, #1783, #373, .T. ) ;
#2199 = PLANE ( 'NONE',  #1665 ) ;
#2200 = CIRCLE ( 'NONE', #34, 0.05758817614200475304 ) ;
#2201 = CARTESIAN_POINT ( 'NONE',  ( -0.1710457606257143048, -0.1370523940693714748, -0.4288676407892816900 ) ) ;
#2202 = DIRECTION ( 'NONE',  ( 0.7660444431189782355, 0.6427876096865391409, 0.000000000000000000 ) ) ;
#2203 = CARTESIAN_POINT ( 'NONE',  ( 0.2414692230085744296, -0.3220810182479198480, 0.5207478553080898687 ) ) ;
#2204 = AXIS2_PLACEMENT_3D ( 'NONE', #271, #2343, #2065 ) ;
#2205 = CARTESIAN_POINT ( 'NONE',  ( 0.2363423177446964396, 0.05663542067246601919, 0.7387377217684271136 ) ) ;
#2206 = CARTESIAN_POINT ( 'NONE',  ( 0.09913109921612799080, 0.2249760760996147579, 0.8053291312049344342 ) ) ;
#2207 = VECTOR ( 'NONE', #2197, 1000.000000000000000 ) ;
#2208 = DIRECTION ( 'NONE',  ( 0.6427876096865393629, -0.7660444431189779024, 0.000000000000000000 ) ) ;
#2209 = VERTEX_POINT ( 'NONE', #1295 ) ;
#2210 = VECTOR ( 'NONE', #2220, 1000.000000000000000 ) ;
#2211 = CARTESIAN_POINT ( 'NONE',  ( -0.1013141035865247896, -0.2257241373864752321, 0.4671572254581994876 ) ) ;
#2212 = B_SPLINE_CURVE_WITH_KNOTS ( 'NONE', 3,
 ( #2273, #439, #1759, #2779, #2253, #2794, #2032, #1689, #1980, #3000, #3033, #2238, #3015, #694, #453, #921, #1706, #3262, #3297, #709, #677, #1195, #1493, #213, #425, #936, #471, #1474, #149, #972, #2748, #2017, #1727, #2546, #1230, #1461, #2288, #2733, #3311, #3280, #404, #489, #2355, #2598, #1540, #3341, #1523, #1508, #2824, #2099, #302, #3128, #1298, #3108, #2374, #1791, #242, #1564, #505, #2612, #1282, #1017, #522, #30, #1047, #2577, #2627, #2119, #1806, #2876, #2560, #2338, #1245, #1777, #2841, #12, #2301, #2061, #1000, #770, #1262, #3091, #2321, #283, #266, #1317, #784, #228, #805, #1029, #2859, #2810, #1823, #3324, #2078, #542, #2048, #560, #1841, #3076, #1581, #51, #1069, #753, #741, #2456, #2964, #374, #1634, #2912, #387, #69, #2444, #2159, #338, #2188, #129, #1929, #1598, #576, #1409, #2175, #3163, #1916, #2948, #3186, #114, #2392, #1147, #628 ),
 .UNSPECIFIED., .F., .F.,
 ( 4, 3, 3, 3, 3, 3, 3, 3, 3, 3, 3, 3, 3, 3, 3, 3, 3, 3, 3, 3, 3, 3, 3, 3, 3, 3, 3, 3, 3, 3, 3, 3, 3, 3, 3, 3, 3, 3, 3, 3, 3, 3, 3, 4 ),
 ( 0.000000000000000000, 0.05219044965698550059, 0.1119372861741590175, 0.1725320269315089861, 0.2331743380817270228, 0.2929843863766699585, 0.3504962080160689553, 0.4046408526587390031, 0.4649473538270780248, 0.5256039014673600240, 0.5859688927498070132, 0.6405087433462470781, 0.7011189383079100557, 0.7579799174890039515, 0.8185568555452129580, 0.8789549730483420253, 0.9307981421840230141, 0.9913163029357170419, 1.051814448348949993, 1.111327787419309931, 1.171945943921630207, 1.221147499062479991, 1.281475841440830044, 1.342143003406369939, 1.402520474032389997, 1.464944409154999905, 1.512392492938150035, 1.572527396917279940, 1.633213683773570013, 1.693746206364130202, 1.753158075083440126, 1.757949463201150087, 1.810130897917719972, 1.869883041645109989, 1.930493744776659915, 1.991150017901649916, 2.050955533051100232, 2.103784230993619886, 2.143907835791480032, 2.204262092057220013, 2.264766256204340245, 2.319556569577930105, 2.380090797761500010, 2.440294265785734940 ),
 .UNSPECIFIED. ) ;
#2213 = CARTESIAN_POINT ( 'NONE',  ( 0.3087451923259725839, -0.2383511277452310673, 0.5554441868229452739 ) ) ;
#2214 = VECTOR ( 'NONE', #2298, 1000.000000000000000 ) ;
#2215 = ORIENTED_EDGE ( 'NONE', *, *, #1041, .F. ) ;
#2216 = EDGE_CURVE ( 'NONE', #460, #2752, #269, .T. ) ;
#2217 = CARTESIAN_POINT ( 'NONE',  ( -0.1911386934781662272, 0.2598853351883419482, -0.3744203925627619944 ) ) ;
#2218 = EDGE_CURVE ( 'NONE', #2687, #1811, #1242, .T. ) ;
#2219 = CARTESIAN_POINT ( 'NONE',  ( -0.1013096203497564074, -0.2257294802999990635, 0.4576412525482470572 ) ) ;
#2220 = DIRECTION ( 'NONE',  ( -3.360727410001489967E-17, -2.819985130219624827E-17, -1.000000000000000000 ) ) ;
#2221 = CARTESIAN_POINT ( 'NONE',  ( 0.2133985325869153238, -0.3340275362621379918, 0.5206588076795534148 ) ) ;
#2222 = EDGE_CURVE ( 'NONE', #1036, #3291, #3056, .T. ) ;
#2223 = DIRECTION ( 'NONE',  ( -0.6427876096865390299, 0.7660444431189782355, -1.647354195508799921E-16 ) ) ;
#2224 = LINE ( 'NONE', #1691, #3282 ) ;
#2225 = CARTESIAN_POINT ( 'NONE',  ( 0.2062680036544410067, 0.03235879056030693118, 0.8871094282998567282 ) ) ;
#2226 = CARTESIAN_POINT ( 'NONE',  ( -0.06616138555216490025, -0.2102753511202273828, 0.6242489873908479980 ) ) ;
#2227 = EDGE_LOOP ( 'NONE', ( #2023, #1088, #898, #2152 ) ) ;
#2228 = CARTESIAN_POINT ( 'NONE',  ( -0.2620478769002380082, 0.1998967660668991564, -0.4007821471972473071 ) ) ;
#2229 = CARTESIAN_POINT ( 'NONE',  ( 0.1750376239503136089, -0.2095988419991991480, 0.8344075427847065241 ) ) ;
#2230 = ORIENTED_EDGE ( 'NONE', *, *, #1649, .F. ) ;
#2231 = EDGE_LOOP ( 'NONE', ( #3067, #496, #2872, #1227 ) ) ;
#2232 = DIRECTION ( 'NONE',  ( -0.7525898735981423338, 0.6584895459743700386, 0.000000000000000000 ) ) ;
#2233 = CARTESIAN_POINT ( 'NONE',  ( -0.1210773198782868487, -0.1369760807088850063, -0.4288676407892816900 ) ) ;
#2234 = PLANE ( 'NONE',  #588 ) ;
#2235 = DIRECTION ( 'NONE',  ( 0.9999988337845089337, 0.001527229394122699927, 7.204673234185020494E-17 ) ) ;
#2236 = CARTESIAN_POINT ( 'NONE',  ( -0.1892270694132782149, -0.1209535445268293125, 0.8053291312049344342 ) ) ;
#2237 = EDGE_CURVE ( 'NONE', #1225, #3007, #1056, .T. ) ;
#2238 = CARTESIAN_POINT ( 'NONE',  ( 0.2959178025718905425, -0.1555529072473963714, 0.6234183240242046065 ) ) ;
#2239 = CARTESIAN_POINT ( 'NONE',  ( -0.06549900994907199847, -0.1956717055247078341, 0.6071275889885217047 ) ) ;
#2240 = CARTESIAN_POINT ( 'NONE',  ( 0.2382385021718602669, 0.05919432887066989474, 0.6945904912456857261 ) ) ;
#2241 = ORIENTED_EDGE ( 'NONE', *, *, #2358, .T. ) ;
#2242 = EDGE_CURVE ( 'NONE', #2295, #3172, #1027, .T. ) ;
#2243 = CARTESIAN_POINT ( 'NONE',  ( -0.2605720221440316342, 0.3062071187473389133, -0.5240578621535675330 ) ) ;
#2244 = CARTESIAN_POINT ( 'NONE',  ( -0.2712546443088841297, 0.04985959733130853472, -0.3205356754564270272 ) ) ;
#2245 = CARTESIAN_POINT ( 'NONE',  ( -0.1013113289131438305, -0.2257218091590638132, 0.4575646297406417151 ) ) ;
#2246 = EDGE_CURVE ( 'NONE', #1851, #3256, #2660, .T. ) ;
#2247 = ORIENTED_EDGE ( 'NONE', *, *, #2833, .T. ) ;
#2248 = ORIENTED_EDGE ( 'NONE', *, *, #2774, .T. ) ;
#2249 = LINE ( 'NONE', #2266, #2538 ) ;
#2250 = DIRECTION ( 'NONE',  ( -0.7660444431189782355, -0.6427876096865391409, 4.387118058474730771E-17 ) ) ;
#2251 = CARTESIAN_POINT ( 'NONE',  ( 0.2769770428535907603, -0.2934664897459159927, 0.7289129688368877202 ) ) ;
#2252 = FACE_OUTER_BOUND ( 'NONE', #3055, .T. ) ;
#2253 = CARTESIAN_POINT ( 'NONE',  ( 0.2840207772211361115, -0.1341945608177020355, 0.6234183636532457662 ) ) ;
#2254 = EDGE_CURVE ( 'NONE', #1184, #1097, #1098, .T. ) ;
#2255 = CARTESIAN_POINT ( 'NONE',  ( -0.2712333831366199877, 0.02697511128236965497, -0.3154363847520004205 ) ) ;
#2256 = CARTESIAN_POINT ( 'NONE',  ( 0.2382429854086280385, 0.05918898595714501554, 0.4576412525482470572 ) ) ;
#2257 = AXIS2_PLACEMENT_3D ( 'NONE', #3211, #383, #2669 ) ;
#2258 = VECTOR ( 'NONE', #2761, 1000.000000000000114 ) ;
#2259 = CARTESIAN_POINT ( 'NONE',  ( -0.2647991912106376078, 0.1654386139025396107, -0.3828998231769653593 ) ) ;
#2260 = CARTESIAN_POINT ( 'NONE',  ( 0.1077810870614366034, -0.3255801984939151739, 0.6236554907321142371 ) ) ;
#2261 = ORIENTED_EDGE ( 'NONE', *, *, #2368, .T. ) ;
#2262 = AXIS2_PLACEMENT_3D ( 'NONE', #380, #2972, #2920 ) ;
#2263 = EDGE_CURVE ( 'NONE', #1873, #3271, #2712, .T. ) ;
#2264 = ORIENTED_EDGE ( 'NONE', *, *, #2185, .F. ) ;
#2265 = AXIS2_PLACEMENT_3D ( 'NONE', #103, #2202, #1931 ) ;
#2266 = CARTESIAN_POINT ( 'NONE',  ( 0.03723356816326604812, -0.2453684261932558008, 0.7540116441027668870 ) ) ;
#2267 = VECTOR ( 'NONE', #1854, 1000.000000000000000 ) ;
#2268 = VERTEX_POINT ( 'NONE', #322 ) ;
#2269 = CARTESIAN_POINT ( 'NONE',  ( -0.2711565804115724232, -0.02331375545512504727, 0.6078940288234704337 ) ) ;
#2270 = DIRECTION ( 'NONE',  ( -0.7660429149768888113, -0.6427863274230749546, -0.001997421254205704322 ) ) ;
#2271 = CIRCLE ( 'NONE', #2541, 0.1308822185045566411 ) ;
#2272 = DIRECTION ( 'NONE',  ( 0.000000000000000000, 4.717479418554320012E-14, -1.000000000000000000 ) ) ;
#2273 = CARTESIAN_POINT ( 'NONE',  ( 0.2763907229372080110, -0.1242222745750286850, 0.6234183948863996072 ) ) ;
#2274 = CARTESIAN_POINT ( 'NONE',  ( 0.1750376239503136089, -0.2095988419991991480, 0.8344075427847065241 ) ) ;
#2275 = CARTESIAN_POINT ( 'NONE',  ( -0.07882866357601571450, -0.2137810051338243367, 0.8624866182103319012 ) ) ;
#2276 = EDGE_CURVE ( 'NONE', #1436, #27, #3183, .T. ) ;
#2277 = CARTESIAN_POINT ( 'NONE',  ( -0.2712336511737235556, 0.02718473778984295194, -0.3154830378837427118 ) ) ;
#2278 = DIRECTION ( 'NONE',  ( -0.5571650170049660122, 0.8304017966176711063, 0.000000000000000000 ) ) ;
#2279 = EDGE_LOOP ( 'NONE', ( #433, #3039, #945, #330, #1709 ) ) ;
#2280 = EDGE_LOOP ( 'NONE', ( #871, #2959, #2054, #1240 ) ) ;
#2281 = ORIENTED_EDGE ( 'NONE', *, *, #899, .F. ) ;
#2282 = ORIENTED_EDGE ( 'NONE', *, *, #1794, .F. ) ;
#2283 = FACE_BOUND ( 'NONE', #2534, .T. ) ;
#2284 = EDGE_CURVE ( 'NONE', #1097, #1372, #555, .T. ) ;
#2285 = CARTESIAN_POINT ( 'NONE',  ( 0.2312318607195430198, 0.05330402244655853966, 0.8859977712465969546 ) ) ;
#2286 = CARTESIAN_POINT ( 'NONE',  ( 0.2985613024293398143, -0.1605502059602848253, 0.5207414402635379691 ) ) ;
#2287 = DIRECTION ( 'NONE',  ( 0.000000000000000000, -6.825144094818748664E-17, -1.000000000000000000 ) ) ;
#2288 = CARTESIAN_POINT ( 'NONE',  ( 0.3034494219777447155, -0.2386851106335608208, 0.6234184750875793046 ) ) ;
#2289 = DIRECTION ( 'NONE',  ( -0.7660429149768887003, -0.6427863274230748436, -0.001997421254205704322 ) ) ;
#2290 = LINE ( 'NONE', #2004, #256 ) ;
#2291 = ORIENTED_EDGE ( 'NONE', *, *, #297, .F. ) ;
#2292 = CARTESIAN_POINT ( 'NONE',  ( -0.09717906657486233279, -0.2230842902941863326, 0.6704705342423094017 ) ) ;
#2293 = CARTESIAN_POINT ( 'NONE',  ( -0.05289586494759180441, -0.1850963921398599832, 0.4575397855307351547 ) ) ;
#2294 = EDGE_LOOP ( 'NONE', ( #686, #2296, #3240, #1838 ) ) ;
#2295 = VERTEX_POINT ( 'NONE', #856 ) ;
#2296 = ORIENTED_EDGE ( 'NONE', *, *, #647, .T. ) ;
#2297 = EDGE_CURVE ( 'NONE', #1912, #1732, #1211, .T. ) ;
#2298 = DIRECTION ( 'NONE',  ( 0.1111112465173280522, 0.0001696925595967420874, -0.9938079603735324730 ) ) ;
#2299 = CARTESIAN_POINT ( 'NONE',  ( -0.2711565804115724232, -0.02331375545512522768, 0.7900591952672905149 ) ) ;
#2300 = CARTESIAN_POINT ( 'NONE',  ( 0.2925261524803263735, -0.1473732690047071803, 0.5207007722560622609 ) ) ;
#2301 = CARTESIAN_POINT ( 'NONE',  ( 0.2148823197711000332, -0.3333782313668461339, 0.6234184158108082574 ) ) ;
#2302 = CARTESIAN_POINT ( 'NONE',  ( -0.1012286532817474882, -0.2256668388972523087, 0.7717283573480995251 ) ) ;
#2303 = DIRECTION ( 'NONE',  ( -0.7660444431189782355, -0.6427876096865390299, 4.387118058474740015E-17 ) ) ;
#2304 = CARTESIAN_POINT ( 'NONE',  ( 0.2382399966172993877, 0.05919254785994850637, 0.4686123104000912698 ) ) ;
#2305 = CARTESIAN_POINT ( 'NONE',  ( 0.2206547144306818253, 0.03600333983842195912, 0.5260984486596897991 ) ) ;
#2306 = ORIENTED_EDGE ( 'NONE', *, *, #2525, .T. ) ;
#2307 = AXIS2_PLACEMENT_3D ( 'NONE', #265, #3156, #2904 ) ;
#2308 = VERTEX_POINT ( 'NONE', #1856 ) ;
#2309 = VECTOR ( 'NONE', #2474, 1000.000000000000000 ) ;
#2310 = EDGE_LOOP ( 'NONE', ( #1973, #459, #1974, #153 ) ) ;
#2311 = DIRECTION ( 'NONE',  ( 0.9961863506420357561, -0.08725110196726944267, 0.000000000000000000 ) ) ;
#2312 = VECTOR ( 'NONE', #533, 1000.000000000000114 ) ;
#2313 = EDGE_CURVE ( 'NONE', #545, #2835, #1116, .T. ) ;
#2314 = VECTOR ( 'NONE', #67, 1000.000000000000000 ) ;
#2315 = CARTESIAN_POINT ( 'NONE',  ( 0.2415538145943282589, -0.08247518044706060591, 0.5890859732160353968 ) ) ;
#2316 = CARTESIAN_POINT ( 'NONE',  ( 0.1180425027228851759, -0.1423524089927736269, 0.5200389459983739693 ) ) ;
#2317 = AXIS2_PLACEMENT_3D ( 'NONE', #1613, #2657, #334 ) ;
#2318 = PRODUCT_DEFINITION ( '�', '', #2484, #1919 ) ;
#2319 = CARTESIAN_POINT ( 'NONE',  ( 0.007465686830779998638, 0.3066154303973403494, -0.3154754192368644516 ) ) ;
#2320 = AXIS2_PLACEMENT_3D ( 'NONE', #540, #821, #2889 ) ;
#2321 = CARTESIAN_POINT ( 'NONE',  ( 0.1959109572196984783, -0.3377593040504164867, 0.6234183921112027571 ) ) ;
#2322 = CARTESIAN_POINT ( 'NONE',  ( -0.1006218175682718069, -0.2252633355060187914, 0.7730482658325387169 ) ) ;
#2323 = CARTESIAN_POINT ( 'NONE',  ( 0.1324462940572843084, -0.3315805068607421968, 0.5203515760553099057 ) ) ;
#2324 = ADVANCED_FACE ( 'NONE', ( #82 ), #1407, .T. ) ;
#2325 = CARTESIAN_POINT ( 'NONE',  ( -0.2716065292117979535, 0.2713035935949520416, -0.5136788688108346879 ) ) ;
#2326 = DIRECTION ( 'NONE',  ( 0.9999988337845087116, 0.001527229394122809215, 7.204673234185018028E-17 ) ) ;
#2327 = ORIENTED_EDGE ( 'NONE', *, *, #2242, .T. ) ;
#2328 = B_SPLINE_CURVE_WITH_KNOTS ( 'NONE', 3,
 ( #582, #247, #2582, #2398, #1830, #1, #1286 ),
 .UNSPECIFIED., .F., .F.,
 ( 4, 3, 4 ),
 ( 6.163816483373193164E-05, 9.476605965538403332E-05, 0.0001165894845256266836 ),
 .UNSPECIFIED. ) ;
#2329 = VERTEX_POINT ( 'NONE', #1133 ) ;
#2330 = CARTESIAN_POINT ( 'NONE',  ( -0.2547136849373981549, 0.1418050725446249605, -0.3154363847520004205 ) ) ;
#2331 = ORIENTED_EDGE ( 'NONE', *, *, #2246, .F. ) ;
#2332 = CYLINDRICAL_SURFACE ( 'NONE', #1435, 0.01745096246727418157 ) ;
#2333 = CARTESIAN_POINT ( 'NONE',  ( -0.09722764877099612790, -0.2231174014350814638, 0.7393994240123041850 ) ) ;
#2334 = B_SPLINE_CURVE_WITH_KNOTS ( 'NONE', 3,
 ( #2041, #501, #3337, #750 ),
 .UNSPECIFIED., .F., .F.,
 ( 4, 4 ),
 ( 2.237064233155803081E-15, 0.0001109587008472198759 ),
 .UNSPECIFIED. ) ;
#2335 = ORIENTED_EDGE ( 'NONE', *, *, #1452, .T. ) ;
#2336 = DIRECTION ( 'NONE',  ( -7.280683935136020121E-17, 1.456136787027204024E-16, 1.000000000000000000 ) ) ;
#2337 = CARTESIAN_POINT ( 'NONE',  ( 0.1755785826881577638, -0.2076952981928478770, 0.6904371024296943604 ) ) ;
#2338 = CARTESIAN_POINT ( 'NONE',  ( 0.2308828870133345645, -0.3272705421924007041, 0.6234184267523169565 ) ) ;
#2339 = CARTESIAN_POINT ( 'NONE',  ( 0.1250752907707013972, -0.03576998487472307642, 0.7463639313041621204 ) ) ;
#2340 = CARTESIAN_POINT ( 'NONE',  ( -0.08578383697478755843, -0.2170752517037181362, 0.6305037023711654864 ) ) ;
#2341 = EDGE_CURVE ( 'NONE', #175, #1511, #2908, .T. ) ;
#2342 = VERTEX_POINT ( 'NONE', #609 ) ;
#2343 = DIRECTION ( 'NONE',  ( -0.1736454268697749381, 0.9848082380480037701, -1.646005245785799599E-16 ) ) ;
#2344 = CARTESIAN_POINT ( 'NONE',  ( -0.2388108928822468557, 0.3062403530223548609, -0.5148116231326483883 ) ) ;
#2345 = ORIENTED_EDGE ( 'NONE', *, *, #1326, .T. ) ;
#2346 = EDGE_CURVE ( 'NONE', #1329, #276, #900, .T. ) ;
#2347 = CARTESIAN_POINT ( 'NONE',  ( 0.2358628093134372272, 0.05636996128313939702, 0.7759463701942497238 ) ) ;
#2348 = ORIENTED_EDGE ( 'NONE', *, *, #2532, .F. ) ;
#2349 = VERTEX_POINT ( 'NONE', #352 ) ;
#2350 = DIRECTION ( 'NONE',  ( 0.000000000000000000, 2.353352383074275983E-16, 1.000000000000000000 ) ) ;
#2351 = DIRECTION ( 'NONE',  ( 0.6427876096865393629, -0.7660444431189779024, 0.000000000000000000 ) ) ;
#2352 = ORIENTED_EDGE ( 'NONE', *, *, #1032, .T. ) ;
#2353 = EDGE_LOOP ( 'NONE', ( #1008, #3255, #880, #1488 ) ) ;
#2354 = CARTESIAN_POINT ( 'NONE',  ( 0.2369778917092818793, 0.05771576041194521195, 0.8810226981065359952 ) ) ;
#2355 = CARTESIAN_POINT ( 'NONE',  ( 0.2971859945330754260, -0.2580842308356698367, 0.6234184318501646560 ) ) ;
#2356 = CARTESIAN_POINT ( 'NONE',  ( -0.09161441195309155683, -0.2199300899732508086, 0.7790541919180118402 ) ) ;
#2357 = CARTESIAN_POINT ( 'NONE',  ( 0.1357824947834348484, -0.3326772636388330984, 0.5203656007369228398 ) ) ;
#2358 = EDGE_CURVE ( 'NONE', #1329, #816, #1927, .T. ) ;
#2359 = FACE_OUTER_BOUND ( 'NONE', #2885, .T. ) ;
#2360 = CARTESIAN_POINT ( 'NONE',  ( 0.007555264749071164375, 0.3066166110988047810, -0.3154363847520004205 ) ) ;
#2361 = ORIENTED_EDGE ( 'NONE', *, *, #2941, .T. ) ;
#2362 = CARTESIAN_POINT ( 'NONE',  ( -0.2581131769093460981, 0.1432818163388619725, -0.3417933319804291603 ) ) ;
#2363 = ORIENTED_EDGE ( 'NONE', *, *, #2793, .F. ) ;
#2364 = ORIENTED_EDGE ( 'NONE', *, *, #199, .T. ) ;
#2365 = CARTESIAN_POINT ( 'NONE',  ( 0.2242110947111627395, -0.05455422696421610013, 0.6234183948890668070 ) ) ;
#2366 = CARTESIAN_POINT ( 'NONE',  ( -0.05528038360135735518, -0.2086786719128160827, 0.6234183948890673621 ) ) ;
#2367 = VECTOR ( 'NONE', #2863, 1000.000000000000000 ) ;
#2368 = EDGE_CURVE ( 'NONE', #2308, #2182, #1994, .T. ) ;
#2369 = VERTEX_POINT ( 'NONE', #644 ) ;
#2370 = VECTOR ( 'NONE', #2886, 1000.000000000000114 ) ;
#2371 = CARTESIAN_POINT ( 'NONE',  ( 0.03527991359408789301, -0.1794499887811321359, 0.4674256425322206310 ) ) ;
#2372 = DIRECTION ( 'NONE',  ( -3.360727410001489967E-17, -2.819985130219624827E-17, -1.000000000000000000 ) ) ;
#2373 = VECTOR ( 'NONE', #2063, 1000.000000000000114 ) ;
#2374 = CARTESIAN_POINT ( 'NONE',  ( 0.2762449490797870277, -0.2926655688817590972, 0.6234185059898084136 ) ) ;
#2375 = DIRECTION ( 'NONE',  ( -7.228261246380429926E-17, 1.543945040340209950E-16, 1.000000000000000000 ) ) ;
#2376 = CIRCLE ( 'NONE', #376, 0.05758817614200475304 ) ;
#2377 = CARTESIAN_POINT ( 'NONE',  ( 0.1714844309836200120, -0.3391765734670677546, 0.5205084741986778507 ) ) ;
#2378 = ORIENTED_EDGE ( 'NONE', *, *, #305, .F. ) ;
#2379 = CARTESIAN_POINT ( 'NONE',  ( -0.1009600119751116465, -0.2254874063053106947, 0.6670034164089998496 ) ) ;
#2380 = FACE_OUTER_BOUND ( 'NONE', #3111, .T. ) ;
#2381 = ORIENTED_EDGE ( 'NONE', *, *, #899, .T. ) ;
#2382 = CARTESIAN_POINT ( 'NONE',  ( -0.06360924521809747934, 0.3436262007072798386, -0.3860727868149265163 ) ) ;
#2383 = FACE_OUTER_BOUND ( 'NONE', #2093, .T. ) ;
#2384 = ORIENTED_EDGE ( 'NONE', *, *, #2677, .F. ) ;
#2385 = CARTESIAN_POINT ( 'NONE',  ( 0.02565628710207893889, -0.1419730477957204806, 0.6658067784948719092 ) ) ;
#2386 = CARTESIAN_POINT ( 'NONE',  ( -0.05364025550151077515, -0.2085107474480261125, 0.6234183948890672511 ) ) ;
#2387 = EDGE_CURVE ( 'NONE', #2295, #2687, #1390, .T. ) ;
#2388 = ORIENTED_EDGE ( 'NONE', *, *, #2672, .T. ) ;
#2389 = DIRECTION ( 'NONE',  ( 1.789356555896929751E-16, 1.794830438011784890E-16, 1.000000000000000000 ) ) ;
#2390 = FACE_OUTER_BOUND ( 'NONE', #413, .T. ) ;
#2391 = EDGE_CURVE ( 'NONE', #276, #187, #2701, .T. ) ;
#2392 = CARTESIAN_POINT ( 'NONE',  ( 0.07179405805427226117, -0.2874480133060735576, 0.6234184133949823847 ) ) ;
#2393 = DIRECTION ( 'NONE',  ( 7.228261246380429926E-17, -1.543945040340209950E-16, -1.000000000000000000 ) ) ;
#2394 = ADVANCED_FACE ( 'NONE', ( #2454, #370 ), #2199, .T. ) ;
#2395 = CARTESIAN_POINT ( 'NONE',  ( 0.1774960780522472359, -0.3393000990077012502, 0.5205312079418349391 ) ) ;
#2396 = VERTEX_POINT ( 'NONE', #2980 ) ;
#2397 = DIRECTION ( 'NONE',  ( -0.6426409404190479568, 0.7661674893241827711, -1.647438155708829527E-16 ) ) ;
#2398 = CARTESIAN_POINT ( 'NONE',  ( -0.02743467938340634835, -0.2091259933364023327, 0.5166049902587194209 ) ) ;
#2399 = ORIENTED_EDGE ( 'NONE', *, *, #2941, .F. ) ;
#2400 = CARTESIAN_POINT ( 'NONE',  ( -0.1244136295008379106, 0.2861289240806363376, -0.3417933319804291603 ) ) ;
#2401 = EDGE_LOOP ( 'NONE', ( #1324, #3070, #2531, #2103 ) ) ;
#2402 = CARTESIAN_POINT ( 'NONE',  ( 0.2204611654826480194, 0.02434403154913627673, 0.5049257104673986474 ) ) ;
#2403 = DIRECTION ( 'NONE',  ( 3.360727410001489967E-17, 2.819985130219624827E-17, 1.000000000000000000 ) ) ;
#2404 = EDGE_CURVE ( 'NONE', #26, #1851, #1945, .T. ) ;
#2405 = ORIENTED_EDGE ( 'NONE', *, *, #716, .T. ) ;
#2406 = CARTESIAN_POINT ( 'NONE',  ( -0.2716598091019916117, 0.3061901851334348779, -0.5280089630422010183 ) ) ;
#2407 = CARTESIAN_POINT ( 'NONE',  ( 0.1180425027228851759, -0.1423524089927736269, 0.5192536464211489067 ) ) ;
#2408 = PERSON_AND_ORGANIZATION_ROLE ( 'classification_officer' ) ;
#2409 = FACE_OUTER_BOUND ( 'NONE', #3004, .T. ) ;
#2410 = CARTESIAN_POINT ( 'NONE',  ( 0.2022916657858628009, -0.006071353850276734257, 0.1621382881024046041 ) ) ;
#2411 = CARTESIAN_POINT ( 'NONE',  ( 0.2779022403824980558, -0.2913790825072885005, 0.5208426829536038083 ) ) ;
#2412 = PRODUCT ( '006889', '006889', '', ( #874 ) ) ;
#2413 = LINE ( 'NONE', #75, #845 ) ;
#2414 = CARTESIAN_POINT ( 'NONE',  ( 0.2377502624165390710, 0.05854112444132391485, 0.6383201995952567653 ) ) ;
#2415 = CARTESIAN_POINT ( 'NONE',  ( 0.3170434912330996613, -0.009758672154202006552, 0.4576412525482470572 ) ) ;
#2416 = EDGE_LOOP ( 'NONE', ( #1320, #2038, #3099, #3214 ) ) ;
#2417 = CARTESIAN_POINT ( 'NONE',  ( -0.2714440900339308849, 0.1649417143296873500, -0.4435110737987111307 ) ) ;
#2418 = ORIENTED_EDGE ( 'NONE', *, *, #968, .F. ) ;
#2419 = ORIENTED_EDGE ( 'NONE', *, *, #1568, .F. ) ;
#2420 = CARTESIAN_POINT ( 'NONE',  ( 0.2765787367123163643, -0.1242318849185019836, 0.5898990391474748796 ) ) ;
#2421 = LINE ( 'NONE', #1370, #902 ) ;
#2422 = B_SPLINE_CURVE_WITH_KNOTS ( 'NONE', 3,
 ( #721, #1977, #2285, #2505 ),
 .UNSPECIFIED., .F., .F.,
 ( 4, 4 ),
 ( 5.480909540607840044E-16, 0.001508737306011285117 ),
 .UNSPECIFIED. ) ;
#2423 = EDGE_LOOP ( 'NONE', ( #2281, #1955, #3180, #2085, #444, #2215 ) ) ;
#2424 = CARTESIAN_POINT ( 'NONE',  ( -0.2716296586700006066, 0.2818911595229929290, -0.4922703188175400202 ) ) ;
#2425 = CARTESIAN_POINT ( 'NONE',  ( -0.04297570878753351892, -0.3126720008996674571, 0.7887523149099658903 ) ) ;
#2426 = EDGE_CURVE ( 'NONE', #1372, #3302, #2858, .T. ) ;
#2427 = CIRCLE ( 'NONE', #245, 0.1308822185045565578 ) ;
#2428 = CARTESIAN_POINT ( 'NONE',  ( -0.2210142013731417887, -0.1371287074298563335, -0.4288676407892816900 ) ) ;
#2429 = CARTESIAN_POINT ( 'NONE',  ( 0.1098540922347944898, 0.2024443875734304177, 0.1621382881024046041 ) ) ;
#2430 = CARTESIAN_POINT ( 'NONE',  ( 0.2610442764174544239, -0.3084224009951667678, 0.5208026845372449865 ) ) ;
#2431 = AXIS2_PLACEMENT_3D ( 'NONE', #678, #1744, #973 ) ;
#2432 = VECTOR ( 'NONE', #803, 1000.000000000000000 ) ;
#2433 = FACE_OUTER_BOUND ( 'NONE', #479, .T. ) ;
#2434 = CARTESIAN_POINT ( 'NONE',  ( 0.2189533131227685003, 0.02022241544590545198, 0.7289129688368877202 ) ) ;
#2435 = DIRECTION ( 'NONE',  ( -0.7525898735981423338, 0.6584895459743700386, 0.000000000000000000 ) ) ;
#2436 = ORIENTED_EDGE ( 'NONE', *, *, #3194, .F. ) ;
#2437 = ADVANCED_FACE ( 'NONE', ( #1190 ), #3292, .F. ) ;
#2438 = VECTOR ( 'NONE', #1013, 1000.000000000000114 ) ;
#2439 = CARTESIAN_POINT ( 'NONE',  ( -0.2713528983547344731, 0.1052312522365518727, -0.3911209617996748156 ) ) ;
#2440 = DIRECTION ( 'NONE',  ( -3.360727410001489967E-17, -2.819985130219624827E-17, -1.000000000000000000 ) ) ;
#2441 = EDGE_LOOP ( 'NONE', ( #1895, #492, #3319, #1203 ) ) ;
#2442 = CARTESIAN_POINT ( 'NONE',  ( 0.2131944702659586133, 0.006010041504319558157, 0.8418576993815271026 ) ) ;
#2443 = COORDINATED_UNIVERSAL_TIME_OFFSET ( 8, 0, .AHEAD. ) ;
#2444 = CARTESIAN_POINT ( 'NONE',  ( 0.1082144603541011080, -0.3202554281050190021, 0.6234184089862584432 ) ) ;
#2445 = DIRECTION ( 'NONE',  ( -0.9999988337845088227, -0.001527229394122699493, 4.140413492149794370E-19 ) ) ;
#2446 = CARTESIAN_POINT ( 'NONE',  ( 0.2233817177708694313, -0.3306763524462381643, 0.5206917028896925759 ) ) ;
#2447 = CARTESIAN_POINT ( 'NONE',  ( 0.007981690714443330503, 0.02740153724774197636, 0.6078940288234704337 ) ) ;
#2448 = EDGE_CURVE ( 'NONE', #1453, #3083, #2469, .T. ) ;
#2449 = FACE_OUTER_BOUND ( 'NONE', #1271, .T. ) ;
#2450 = VERTEX_POINT ( 'NONE', #3028 ) ;
#2451 = CARTESIAN_POINT ( 'NONE',  ( -0.2712333831366199877, 0.02697511128236983538, -0.3154363847520004205 ) ) ;
#2452 = B_SPLINE_CURVE_WITH_KNOTS ( 'NONE', 3,
 ( #2845, #3151, #290, #1864, #1587, #1054, #1606 ),
 .UNSPECIFIED., .F., .F.,
 ( 4, 3, 4 ),
 ( 3.767880659941934388E-05, 7.028627600666555902E-05, 9.195760175569842607E-05 ),
 .UNSPECIFIED. ) ;
#2453 = CARTESIAN_POINT ( 'NONE',  ( -0.1894531814151461380, 0.02710000855595339625, 0.8053291312049349893 ) ) ;
#2454 = FACE_BOUND ( 'NONE', #991, .T. ) ;
#2455 = CARTESIAN_POINT ( 'NONE',  ( 0.2022916657858628009, -0.006071353850276734257, 0.1621382881024046041 ) ) ;
#2456 = CARTESIAN_POINT ( 'NONE',  ( 0.1278658829941130282, -0.3299965435326415730, 0.6234184214716057548 ) ) ;
#2457 = CARTESIAN_POINT ( 'NONE',  ( -0.05520884563963333880, 0.3065207557927360216, -0.3154363847520004205 ) ) ;
#2458 = CARTESIAN_POINT ( 'NONE',  ( 0.3062351690096036805, -0.2273408496285575509, 0.5208615371401369432 ) ) ;
#2459 = DIRECTION ( 'NONE',  ( -0.6427876096865390299, 0.7660444431189782355, -1.647354195508799921E-16 ) ) ;
#2460 = CARTESIAN_POINT ( 'NONE',  ( 0.2373404043085745319, 0.05799507843800515844, 0.7409304924389874536 ) ) ;
#2461 = CARTESIAN_POINT ( 'NONE',  ( 0.2375153991553828337, 0.05822690041020159302, 0.6378153198307237037 ) ) ;
#2462 = EDGE_CURVE ( 'NONE', #2539, #3050, #1223, .T. ) ;
#2463 = CARTESIAN_POINT ( 'NONE',  ( -0.2712333831366199877, 0.02697511128236983538, 0.6078940288234704337 ) ) ;
#2464 = ORIENTED_EDGE ( 'NONE', *, *, #3269, .F. ) ;
#2465 = CARTESIAN_POINT ( 'NONE',  ( -0.1012600985051553409, -0.2256879265384597322, 0.7713013524426924894 ) ) ;
#2466 = EDGE_LOOP ( 'NONE', ( #760, #2075, #598, #139 ) ) ;
#2467 = ADVANCED_BREP_SHAPE_REPRESENTATION ( '006889', ( #1547, #1331 ), #50 ) ;
#2468 = ORIENTED_EDGE ( 'NONE', *, *, #2222, .F. ) ;
#2469 = LINE ( 'NONE', #1485, #955 ) ;
#2470 = DIRECTION ( 'NONE',  ( 0.6427876096865390299, -0.7660444431189782355, 1.647354195508799921E-16 ) ) ;
#2471 = LINE ( 'NONE', #2856, #3069 ) ;
#2472 = CARTESIAN_POINT ( 'NONE',  ( 0.2583638957432539129, -0.3106789725087099052, 0.5207957046677240687 ) ) ;
#2473 = CIRCLE ( 'NONE', #1933, 0.05235288740182260370 ) ;
#2474 = DIRECTION ( 'NONE',  ( -7.228261246380429926E-17, 1.543945040340209950E-16, 1.000000000000000000 ) ) ;
#2475 = CARTESIAN_POINT ( 'NONE',  ( 0.2185656336843717906, -0.03961369040500015148, 0.5202759288417114769 ) ) ;
#2476 = AXIS2_PLACEMENT_3D ( 'NONE', #1713, #156, #2168 ) ;
#2477 = CARTESIAN_POINT ( 'NONE',  ( -0.08045770853849670834, -0.2149049360367982497, 0.6285296634575000541 ) ) ;
#2478 = ORIENTED_EDGE ( 'NONE', *, *, #754, .F. ) ;
#2479 = VECTOR ( 'NONE', #3160, 1000.000000000000114 ) ;
#2480 = CARTESIAN_POINT ( 'NONE',  ( -0.2713979795838906139, 0.1347495268018404357, -0.4177039301764354784 ) ) ;
#2481 = CARTESIAN_POINT ( 'NONE',  ( 0.2175042318964928445, 0.02272571067742041803, 0.7885181696602440171 ) ) ;
#2482 = VECTOR ( 'NONE', #2673, 1000.000000000000000 ) ;
#2483 = ORIENTED_EDGE ( 'NONE', *, *, #3293, .T. ) ;
#2484 = PRODUCT_DEFINITION_FORMATION_WITH_SPECIFIED_SOURCE ( '�', '', #2412, .NOT_KNOWN. ) ;
#2485 = ORIENTED_EDGE ( 'NONE', *, *, #604, .T. ) ;
#2486 = DIRECTION ( 'NONE',  ( -0.9999988337845088227, -0.001527229394122699493, 4.140413492149794370E-19 ) ) ;
#2487 = CARTESIAN_POINT ( 'NONE',  ( -0.04297570878753351892, -0.3126720008996674571, 0.6234183948890671401 ) ) ;
#2488 = FACE_BOUND ( 'NONE', #1447, .T. ) ;
#2489 = DIRECTION ( 'NONE',  ( 0.9961863506420357561, -0.08725110196726944267, 0.000000000000000000 ) ) ;
#2490 = EDGE_CURVE ( 'NONE', #237, #1254, #141, .T. ) ;
#2491 = FACE_OUTER_BOUND ( 'NONE', #2227, .T. ) ;
#2492 = CARTESIAN_POINT ( 'NONE',  ( -0.03339875918435023655, -0.1687455017431759019, 0.6216453999292930188 ) ) ;
#2493 = CARTESIAN_POINT ( 'NONE',  ( 0.1180425027228851759, -0.1423524089927736269, 0.5879580729731963551 ) ) ;
#2494 = ORIENTED_EDGE ( 'NONE', *, *, #1762, .F. ) ;
#2495 = B_SPLINE_CURVE_WITH_KNOTS ( 'NONE', 3,
 ( #2477, #1332, #2226, #851, #3003, #2366, #2386 ),
 .UNSPECIFIED., .F., .F.,
 ( 4, 3, 4 ),
 ( 2.731471538810973640E-05, 5.088796699737374493E-05, 5.584881236394485565E-05 ),
 .UNSPECIFIED. ) ;
#2496 = CARTESIAN_POINT ( 'NONE',  ( -0.2865121764828123530, 0.2245096950210960229, -0.4166466329322620066 ) ) ;
#2497 = CARTESIAN_POINT ( 'NONE',  ( -0.2569163206471010708, 0.1446195024332507240, -0.3492711987818598041 ) ) ;
#2498 = LINE ( 'NONE', #698, #2907 ) ;
#2499 = EDGE_LOOP ( 'NONE', ( #3272, #448, #1309, #2142 ) ) ;
#2500 = ORIENTED_EDGE ( 'NONE', *, *, #2368, .F. ) ;
#2501 = LINE ( 'NONE', #1719, #3336 ) ;
#2502 = CARTESIAN_POINT ( 'NONE',  ( -0.2840026996684682503, 0.2445541607769429471, -0.4219640275316910993 ) ) ;
#2503 = EDGE_CURVE ( 'NONE', #2938, #3083, #718, .T. ) ;
#2504 = DIRECTION ( 'NONE',  ( 0.7660444431189782355, 0.6427876096865390299, -4.387118058474740015E-17 ) ) ;
#2505 = CARTESIAN_POINT ( 'NONE',  ( 0.2381610954739884767, 0.05909528137451448143, 0.8853447589701989306 ) ) ;
#2506 = CARTESIAN_POINT ( 'NONE',  ( 0.3044846593255875478, -0.1801240592620344527, 0.5207904451361087261 ) ) ;
#2507 = CARTESIAN_POINT ( 'NONE',  ( 0.1447061578684643302, -0.2935671939162721733, 0.5879580729731963551 ) ) ;
#2508 = DIRECTION ( 'NONE',  ( 3.360727410001489967E-17, 2.819985130219624827E-17, 1.000000000000000000 ) ) ;
#2509 = CARTESIAN_POINT ( 'NONE',  ( -0.09110338791623473487, 0.3064659365287516479, 0.6792226913175692937 ) ) ;
#2510 = CARTESIAN_POINT ( 'NONE',  ( -0.2712598304089126056, 0.04656971538899520174, -0.3239523436012921032 ) ) ;
#2511 = CARTESIAN_POINT ( 'NONE',  ( 0.08125299543090817866, -0.3003740109759529542, 0.5542067067699492089 ) ) ;
#2512 = ORIENTED_EDGE ( 'NONE', *, *, #937, .T. ) ;
#2513 = VERTEX_POINT ( 'NONE', #191 ) ;
#2514 = VERTEX_POINT ( 'NONE', #3009 ) ;
#2515 = VERTEX_POINT ( 'NONE', #3244 ) ;
#2516 = CARTESIAN_POINT ( 'NONE',  ( 0.007443992753565393215, 0.3066164409653377443, -0.3154529964935084418 ) ) ;
#2517 = DIRECTION ( 'NONE',  ( -3.360727410001489967E-17, -2.819985130219624827E-17, -1.000000000000000000 ) ) ;
#2518 = CYLINDRICAL_SURFACE ( 'NONE', #44, 0.05235288740182260370 ) ;
#2519 = CARTESIAN_POINT ( 'NONE',  ( 0.3029794449823706159, -0.1738349494989037680, 0.5207762002427603898 ) ) ;
#2520 = EDGE_CURVE ( 'NONE', #2630, #2342, #3237, .T. ) ;
#2521 = VECTOR ( 'NONE', #623, 1000.000000000000000 ) ;
#2522 = CARTESIAN_POINT ( 'NONE',  ( 0.2209641930014831224, 0.02695808263559776666, 0.7290183140646069315 ) ) ;
#2523 = CARTESIAN_POINT ( 'NONE',  ( 0.2382429854086280385, 0.05918898595714490452, 0.6408693573563415402 ) ) ;
#2524 = DIRECTION ( 'NONE',  ( -0.6427876096865391409, 0.7660444431189782355, 0.000000000000000000 ) ) ;
#2525 = EDGE_CURVE ( 'NONE', #2058, #248, #2249, .T. ) ;
#2526 = APPROVAL ( #2962, '未' ) ;
#2527 = VECTOR ( 'NONE', #1094, 1000.000000000000000 ) ;
#2528 = VECTOR ( 'NONE', #2703, 1000.000000000000114 ) ;
#2529 = CARTESIAN_POINT ( 'NONE',  ( 0.2204611654826480194, 0.02434403154913627673, 0.5049257104673986474 ) ) ;
#2530 = CARTESIAN_POINT ( 'NONE',  ( -0.2715981268972924578, 0.2658019317116224745, -0.4844676515306569620 ) ) ;
#2531 = ORIENTED_EDGE ( 'NONE', *, *, #822, .T. ) ;
#2532 = EDGE_CURVE ( 'NONE', #140, #2450, #1226, .T. ) ;
#2533 = AXIS2_PLACEMENT_3D ( 'NONE', #2274, #3002, #1707 ) ;
#2534 = EDGE_LOOP ( 'NONE', ( #511, #2802 ) ) ;
#2535 = EDGE_LOOP ( 'NONE', ( #1064, #620, #963, #766 ) ) ;
#2536 = AXIS2_PLACEMENT_3D ( 'NONE', #1560, #2609, #2573 ) ;
#2537 = CARTESIAN_POINT ( 'NONE',  ( 0.2382429854086280385, 0.05918898595714501554, 0.4576412525482470572 ) ) ;
#2538 = VECTOR ( 'NONE', #916, 1000.000000000000000 ) ;
#2539 = VERTEX_POINT ( 'NONE', #1960 ) ;
#2540 = DIRECTION ( 'NONE',  ( -3.360727410001489967E-17, -2.819985130219624827E-17, -1.000000000000000000 ) ) ;
#2541 = AXIS2_PLACEMENT_3D ( 'NONE', #29, #2644, #2060 ) ;
#2542 = CARTESIAN_POINT ( 'NONE',  ( 0.3056870604392279422, -0.1860691114384160350, 0.5208030778431607111 ) ) ;
#2543 =( BOUNDED_CURVE ( )  B_SPLINE_CURVE ( 3, ( #2206, #361, #1624, #1151 ),
 .UNSPECIFIED., .F., .F. ) 
 B_SPLINE_CURVE_WITH_KNOTS ( ( 4, 4 ),
 ( 5.497787143782139729, 6.283185307179590673 ),
 .UNSPECIFIED. ) 
 CURVE ( )  GEOMETRIC_REPRESENTATION_ITEM ( )  RATIONAL_B_SPLINE_CURVE ( ( 1.000000000000000000, 0.9492530216741910110, 0.9492530216741910110, 1.000000000000000000 ) ) 
 REPRESENTATION_ITEM ( '' )  );
#2544 = CARTESIAN_POINT ( 'NONE',  ( 0.1180425027228851759, -0.1423524089927736269, 0.5200389459983739693 ) ) ;
#2545 = DIRECTION ( 'NONE',  ( 0.7660444431189782355, 0.6427876096865391409, -4.387118058474741248E-17 ) ) ;
#2546 = CARTESIAN_POINT ( 'NONE',  ( 0.3054686219116479751, -0.2283480250479838769, 0.6234184273544772781 ) ) ;
#2547 = DIRECTION ( 'NONE',  ( 7.228261246380429926E-17, -1.543945040340209950E-16, -1.000000000000000000 ) ) ;
#2548 = DIRECTION ( 'NONE',  ( -0.001527229394122809865, 0.9999988337845089337, -2.287742670840997992E-16 ) ) ;
#2549 = ORIENTED_EDGE ( 'NONE', *, *, #630, .F. ) ;
#2550 = ADVANCED_FACE ( 'NONE', ( #2283, #415 ), #1454, .T. ) ;
#2551 = CARTESIAN_POINT ( 'NONE',  ( -0.2712336485270647191, 0.02719765201379148456, -0.3154696199499520404 ) ) ;
#2552 = CARTESIAN_POINT ( 'NONE',  ( 0.2382429854086280385, 0.05918898595714484206, 0.4576412525482470572 ) ) ;
#2553 = ORIENTED_EDGE ( 'NONE', *, *, #512, .F. ) ;
#2554 = ADVANCED_FACE ( 'NONE', ( #1947 ), #659, .T. ) ;
#2555 = VERTEX_POINT ( 'NONE', #1975 ) ;
#2556 = DIRECTION ( 'NONE',  ( -0.6427876096865390299, 0.7660444431189782355, -1.647354195508799921E-16 ) ) ;
#2557 = EDGE_CURVE ( 'NONE', #787, #3333, #2376, .T. ) ;
#2558 = CARTESIAN_POINT ( 'NONE',  ( 0.2381610954739884767, 0.05909528137451448143, 0.8853447589701989306 ) ) ;
#2559 = DIRECTION ( 'NONE',  ( -0.001527229394122699277, 0.9999988337845087116, -1.545047161071979681E-16 ) ) ;
#2560 = CARTESIAN_POINT ( 'NONE',  ( 0.2340409955306499146, -0.3257624280662478888, 0.6234184197890781931 ) ) ;
#2561 = CARTESIAN_POINT ( 'NONE',  ( 0.2430560665335064485, 0.05345297923512327271, 0.7298197700101266561 ) ) ;
#2562 = FACE_OUTER_BOUND ( 'NONE', #1983, .T. ) ;
#2563 = EDGE_LOOP ( 'NONE', ( #368, #3136, #2072, #2621, #1765, #2691, #2007 ) ) ;
#2564 = CARTESIAN_POINT ( 'NONE',  ( -0.2712517958138701557, 0.05126990833426893490, -0.3190709263927148931 ) ) ;
#2565 = CARTESIAN_POINT ( 'NONE',  ( 0.2278557780126093946, -0.06537440050087038601, 0.4684512035329461699 ) ) ;
#2566 = ORIENTED_EDGE ( 'NONE', *, *, #624, .T. ) ;
#2567 = EDGE_CURVE ( 'NONE', #1058, #1436, #2501, .T. ) ;
#2568 = CARTESIAN_POINT ( 'NONE',  ( -0.2302984302210921985, 0.2598468672352248765, -0.4016131638335792009 ) ) ;
#2569 = VERTEX_POINT ( 'NONE', #1995 ) ;
#2570 = FACE_OUTER_BOUND ( 'NONE', #2897, .T. ) ;
#2571 = VERTEX_POINT ( 'NONE', #2773 ) ;
#2572 = ORIENTED_EDGE ( 'NONE', *, *, #723, .T. ) ;
#2573 = DIRECTION ( 'NONE',  ( -0.6427876096865391409, 0.7660444431189781245, 0.000000000000000000 ) ) ;
#2574 = CARTESIAN_POINT ( 'NONE',  ( 0.01772448475657903075, -0.1325202938547237752, 0.6781464723937133954 ) ) ;
#2575 = EDGE_CURVE ( 'NONE', #1631, #237, #1768, .T. ) ;
#2576 = PLANE ( 'NONE',  #2307 ) ;
#2577 = CARTESIAN_POINT ( 'NONE',  ( 0.2491960451966042378, -0.3169702942668479184, 0.6234183983766786730 ) ) ;
#2578 = CARTESIAN_POINT ( 'NONE',  ( 0.2382429854086285381, 0.05918898595714537636, 0.7713013524426926004 ) ) ;
#2579 = CARTESIAN_POINT ( 'NONE',  ( -0.09435211999042662778, -0.2214287220443733328, 0.7776338514900418275 ) ) ;
#2580 = CARTESIAN_POINT ( 'NONE',  ( 0.1034427801591066565, -0.3168565315624451983, 0.5202225906394322141 ) ) ;
#2581 = DIRECTION ( 'NONE',  ( 0.001527229394122699277, -0.9999988337845087116, 1.545047161071979681E-16 ) ) ;
#2582 = CARTESIAN_POINT ( 'NONE',  ( -0.03782529249265496885, -0.2075664853683227562, 0.5137843331228367783 ) ) ;
#2583 = ORIENTED_EDGE ( 'NONE', *, *, #2871, .F. ) ;
#2584 = ORIENTED_EDGE ( 'NONE', *, *, #1280, .T. ) ;
#2585 = VECTOR ( 'NONE', #2581, 1000.000000000000114 ) ;
#2586 = CARTESIAN_POINT ( 'NONE',  ( -0.06031513443423688892, 0.3292931863619144583, -0.3711176917171362111 ) ) ;
#2587 = ORIENTED_EDGE ( 'NONE', *, *, #1386, .F. ) ;
#2588 = CARTESIAN_POINT ( 'NONE',  ( 0.02079376471818959390, -0.2257762313760421913, 0.6071275889885217047 ) ) ;
#2589 = LINE ( 'NONE', #1292, #1061 ) ;
#2590 = CIRCLE ( 'NONE', #1769, 0.05235288740182260370 ) ;
#2591 = VECTOR ( 'NONE', #1423, 1000.000000000000000 ) ;
#2592 = EDGE_CURVE ( 'NONE', #2342, #2515, #2806, .T. ) ;
#2593 = CARTESIAN_POINT ( 'NONE',  ( 0.007981690714443330503, 0.02740153724774197636, 0.6078940288234704337 ) ) ;
#2594 = CARTESIAN_POINT ( 'NONE',  ( 0.1851109234034024054, 0.1225093117338118404, 0.8781503864096479317 ) ) ;
#2595 = VECTOR ( 'NONE', #2796, 1000.000000000000114 ) ;
#2596 = FACE_OUTER_BOUND ( 'NONE', #219, .T. ) ;
#2597 = VECTOR ( 'NONE', #3339, 1000.000000000000114 ) ;
#2598 = CARTESIAN_POINT ( 'NONE',  ( 0.2958532071164710064, -0.2613239511920092406, 0.6234184228046587561 ) ) ;
#2599 = CARTESIAN_POINT ( 'NONE',  ( 0.2623300423367149192, -0.1948687645103747701, 0.5206523476205627832 ) ) ;
#2600 = CARTESIAN_POINT ( 'NONE',  ( -0.09877638475034249133, -0.2240741237280033937, 0.6373417753205775638 ) ) ;
#2601 = PLANE ( 'NONE',  #2204 ) ;
#2602 = CARTESIAN_POINT ( 'NONE',  ( 0.2116539041192139481, -0.1748122364220700553, 0.6234183948890671401 ) ) ;
#2603 = VERTEX_POINT ( 'NONE', #1504 ) ;
#2604 = CARTESIAN_POINT ( 'NONE',  ( -0.2749096593516728859, 0.06935896650246560491, -0.3417933319804291603 ) ) ;
#2605 = ORIENTED_EDGE ( 'NONE', *, *, #2276, .F. ) ;
#2606 = CARTESIAN_POINT ( 'NONE',  ( 0.04767573638059804247, -0.2578129176807328338, 0.6234183948890671401 ) ) ;
#2607 = CARTESIAN_POINT ( 'NONE',  ( -0.1011657424532090288, -0.2256245117598954519, 0.7450811521434655971 ) ) ;
#2608 = EDGE_LOOP ( 'NONE', ( #1174, #1844 ) ) ;
#2609 = DIRECTION ( 'NONE',  ( -3.360727410001489967E-17, -2.819985130219624827E-17, -1.000000000000000000 ) ) ;
#2610 = LINE ( 'NONE', #282, #858 ) ;
#2611 = EDGE_CURVE ( 'NONE', #2515, #1938, #1721, .T. ) ;
#2612 = CARTESIAN_POINT ( 'NONE',  ( 0.2642233130037790478, -0.3051997490003132696, 0.6234184508939512037 ) ) ;
#2613 = CARTESIAN_POINT ( 'NONE',  ( -0.1012600985051553409, -0.2256879265384597322, 0.7713013524426924894 ) ) ;
#2614 = CARTESIAN_POINT ( 'NONE',  ( -0.02968167159485786064, -0.1656219488122072647, 0.4576412525482470572 ) ) ;
#2615 = ORIENTED_EDGE ( 'NONE', *, *, #452, .T. ) ;
#2616 = DIRECTION ( 'NONE',  ( 3.360727410001489967E-17, 2.819985130219624827E-17, 1.000000000000000000 ) ) ;
#2617 = CARTESIAN_POINT ( 'NONE',  ( -0.2074438529235846651, 0.3062882577436547571, -0.4978576096667221562 ) ) ;
#2618 = ORIENTED_EDGE ( 'NONE', *, *, #1083, .F. ) ;
#2619 = EDGE_CURVE ( 'NONE', #3068, #140, #3072, .T. ) ;
#2620 = CARTESIAN_POINT ( 'NONE',  ( -0.2940135590559535550, 0.02694032068752914497, -0.3711176917171362111 ) ) ;
#2621 = ORIENTED_EDGE ( 'NONE', *, *, #1267, .F. ) ;
#2622 = ORIENTED_EDGE ( 'NONE', *, *, #1399, .F. ) ;
#2623 = LINE ( 'NONE', #818, #2527 ) ;
#2624 = CARTESIAN_POINT ( 'NONE',  ( -0.08047619900085553613, -0.2146543798237354750, 0.7313644733694888433 ) ) ;
#2625 = CARTESIAN_POINT ( 'NONE',  ( 0.3008559587047422990, -0.1533616345380730273, 0.6832577409621463094 ) ) ;
#2626 = CARTESIAN_POINT ( 'NONE',  ( 0.1369415400160184648, 0.1799153474387744645, 0.8504475525318488938 ) ) ;
#2627 = CARTESIAN_POINT ( 'NONE',  ( 0.2462462024950279604, -0.3188434486618648700, 0.6234183997628406360 ) ) ;
#2628 = CARTESIAN_POINT ( 'NONE',  ( -0.08045770853849769366, -0.2149049360367986661, 0.7836410463415339755 ) ) ;
#2629 = CARTESIAN_POINT ( 'NONE',  ( 0.1059290287469576292, -0.3184975213182390519, 0.5202341605455876872 ) ) ;
#2630 = VERTEX_POINT ( 'NONE', #981 ) ;
#2631 = CARTESIAN_POINT ( 'NONE',  ( 0.2382429854086280385, 0.05918898595714501554, 0.4576412525482470572 ) ) ;
#2632 = EDGE_CURVE ( 'NONE', #171, #2058, #2589, .T. ) ;
#2633 = CARTESIAN_POINT ( 'NONE',  ( 0.1180425027228851759, -0.1423524089927736269, 0.5879580729731963551 ) ) ;
#2634 = CARTESIAN_POINT ( 'NONE',  ( -0.2088225364170178955, 0.2066852717563896769, -0.3220079639044429731 ) ) ;
#2635 = ORIENTED_EDGE ( 'NONE', *, *, #1603, .F. ) ;
#2636 = ORIENTED_EDGE ( 'NONE', *, *, #2840, .F. ) ;
#2637 = DIRECTION ( 'NONE',  ( 0.7660444431189782355, 0.6427876096865391409, -2.952952626703235509E-16 ) ) ;
#2638 = DIRECTION ( 'NONE',  ( -0.001079914261011787665, 0.7071059565476649489, 0.7071067811865479058 ) ) ;
#2639 = VERTEX_POINT ( 'NONE', #535 ) ;
#2640 = ORIENTED_EDGE ( 'NONE', *, *, #723, .F. ) ;
#2641 = VECTOR ( 'NONE', #3081, 1000.000000000000000 ) ;
#2642 = CARTESIAN_POINT ( 'NONE',  ( -0.2467152784671435561, 0.3300661536732094059, -0.4611138725388063686 ) ) ;
#2643 = DIRECTION ( 'NONE',  ( 0.000000000000000000, -1.000000000000000000, 1.543945040340209950E-16 ) ) ;
#2644 = DIRECTION ( 'NONE',  ( 1.286944679399165900E-17, 1.469364506284139932E-16, 1.000000000000000000 ) ) ;
#2645 = VECTOR ( 'NONE', #3203, 1000.000000000000000 ) ;
#2646 = DIRECTION ( 'NONE',  ( -0.6427837628862538288, 0.7660398586809188393, -0.003459636094443089074 ) ) ;
#2647 = DIRECTION ( 'NONE',  ( 4.517132638116880001E-17, 5.162645788273069959E-17, 1.000000000000000000 ) ) ;
#2648 = AXIS2_PLACEMENT_3D ( 'NONE', #2996, #930, #901 ) ;
#2649 = CARTESIAN_POINT ( 'NONE',  ( 0.07547738601603146136, -0.2914132937854305716, 0.5200828305712329458 ) ) ;
#2650 = VERTEX_POINT ( 'NONE', #1241 ) ;
#2651 = CARTESIAN_POINT ( 'NONE',  ( 0.2272939295930770931, 0.04215730649002244479, 0.7307137109520477347 ) ) ;
#2652 = DIRECTION ( 'NONE',  ( 1.285609448291217972E-17, 1.469458323489273804E-16, 1.000000000000000000 ) ) ;
#2653 = ORIENTED_EDGE ( 'NONE', *, *, #2958, .T. ) ;
#2654 = EDGE_CURVE ( 'NONE', #465, #1571, #319, .T. ) ;
#2655 = CARTESIAN_POINT ( 'NONE',  ( 0.2268584014546616012, 0.04344965912241775113, 0.7832689321262317206 ) ) ;
#2656 = CARTESIAN_POINT ( 'NONE',  ( 0.2170878095579536204, 0.02142082396245369863, 0.8497413484900049330 ) ) ;
#2657 = DIRECTION ( 'NONE',  ( -7.228261246380429926E-17, 1.543945040340209950E-16, 1.000000000000000000 ) ) ;
#2658 = VERTEX_POINT ( 'NONE', #3053 ) ;
#2659 = CARTESIAN_POINT ( 'NONE',  ( -0.2644236273137217652, 0.2768257373196844617, -0.4643535524905795797 ) ) ;
#2660 = LINE ( 'NONE', #336, #646 ) ;
#2661 = COORDINATED_UNIVERSAL_TIME_OFFSET ( 8, 0, .AHEAD. ) ;
#2662 = LINE ( 'NONE', #2933, #948 ) ;
#2663 = LINE ( 'NONE', #904, #1159 ) ;
#2664 = CARTESIAN_POINT ( 'NONE',  ( 0.2200814898860852520, -0.3318832145109351650, 0.5206809644000873760 ) ) ;
#2665 = CARTESIAN_POINT ( 'NONE',  ( 0.2348451148801344868, 0.05449906268055325353, 0.7367134107519277553 ) ) ;
#2666 = DIRECTION ( 'NONE',  ( -7.228261246380429926E-17, 1.543945040340209950E-16, 1.000000000000000000 ) ) ;
#2667 = FACE_OUTER_BOUND ( 'NONE', #1093, .T. ) ;
#2668 = ORIENTED_EDGE ( 'NONE', *, *, #1972, .T. ) ;
#2669 = DIRECTION ( 'NONE',  ( -1.011666726045116019E-13, 0.000000000000000000, 1.000000000000000000 ) ) ;
#2670 = EDGE_LOOP ( 'NONE', ( #216, #2786, #2894, #1236 ) ) ;
#2671 = CARTESIAN_POINT ( 'NONE',  ( 0.04822626435957187707, -0.1230345882032786164, 0.6408693573563415402 ) ) ;
#2672 = EDGE_CURVE ( 'NONE', #414, #27, #732, .T. ) ;
#2673 = DIRECTION ( 'NONE',  ( -3.360727410001489967E-17, -2.819985130219624827E-17, -1.000000000000000000 ) ) ;
#2674 =( BOUNDED_CURVE ( )  B_SPLINE_CURVE ( 3, ( #2192, #2225, #3148, #629 ),
 .UNSPECIFIED., .F., .T. ) 
 B_SPLINE_CURVE_WITH_KNOTS ( ( 4, 4 ),
 ( 4.712388980384689674, 4.762392675729270053 ),
 .UNSPECIFIED. ) 
 CURVE ( )  GEOMETRIC_REPRESENTATION_ITEM ( )  RATIONAL_B_SPLINE_CURVE ( ( 1.000000000000000000, 0.9997916467246670269, 0.9997916467246670269, 1.000000000000000000 ) ) 
 REPRESENTATION_ITEM ( '' )  );
#2675 = ORIENTED_EDGE ( 'NONE', *, *, #2016, .F. ) ;
#2676 = ORIENTED_EDGE ( 'NONE', *, *, #2179, .T. ) ;
#2677 = EDGE_CURVE ( 'NONE', #3314, #1694, #1836, .T. ) ;
#2678 = DIRECTION ( 'NONE',  ( -1.286944679399165900E-17, -1.469364506284139932E-16, -1.000000000000000000 ) ) ;
#2679 = SHAPE_DEFINITION_REPRESENTATION ( #263, #2467 ) ;
#2680 = CARTESIAN_POINT ( 'NONE',  ( 0.1303890265403329918, -0.1365920334651209989, -0.4288676407892816900 ) ) ;
#2681 = LINE ( 'NONE', #1619, #366 ) ;
#2682 = EDGE_CURVE ( 'NONE', #3104, #2329, #2334, .T. ) ;
#2683 = CARTESIAN_POINT ( 'NONE',  ( 0.03723356816326604812, -0.2453684261932558008, 0.8344075427847065241 ) ) ;
#2684 = CARTESIAN_POINT ( 'NONE',  ( 0.2100161205277582543, -0.3349659269581447552, 0.5206473918956340263 ) ) ;
#2685 = CARTESIAN_POINT ( 'NONE',  ( 0.1755777249597303136, -0.2076960179124539285, 0.6832577409621463094 ) ) ;
#2686 = DIRECTION ( 'NONE',  ( 0.6426409404190472907, -0.7661674893241832152, 1.647438155708830267E-16 ) ) ;
#2687 = VERTEX_POINT ( 'NONE', #3321 ) ;
#2688 = CARTESIAN_POINT ( 'NONE',  ( 0.2287427680050345136, 0.04454506979071796297, 0.6781464723937135064 ) ) ;
#2689 = ORIENTED_EDGE ( 'NONE', *, *, #3167, .T. ) ;
#2690 = CARTESIAN_POINT ( 'NONE',  ( 0.1739283454309493160, -0.3438924543811648360, 0.5200642155313434101 ) ) ;
#2691 = ORIENTED_EDGE ( 'NONE', *, *, #1333, .F. ) ;
#2692 = CARTESIAN_POINT ( 'NONE',  ( 0.08328205683135281312, -0.09085553379983531130, 0.8497413484900049330 ) ) ;
#2693 = CIRCLE ( 'NONE', #1650, 0.05235288740182260370 ) ;
#2694 = DATE_AND_TIME ( #1648, #1063 ) ;
#2695 = ADVANCED_FACE ( 'NONE', ( #3088 ), #1787, .T. ) ;
#2696 = CIRCLE ( 'NONE', #1205, 0.05235288740182260370 ) ;
#2697 = CARTESIAN_POINT ( 'NONE',  ( 0.1300468833425334203, 0.08743639350468918048, -0.5928714765848172030 ) ) ;
#2698 = CARTESIAN_POINT ( 'NONE',  ( 0.1560728790103279306, 0.09818651686157688074, 0.1621382881024046041 ) ) ;
#2699 = CARTESIAN_POINT ( 'NONE',  ( 0.2997897570973830916, -0.2529575577612397375, 0.5208723471784660886 ) ) ;
#2700 = CIRCLE ( 'NONE', #1206, 0.05235288740182260370 ) ;
#2701 = CIRCLE ( 'NONE', #3122, 0.1308822185045565578 ) ;
#2702 = DIRECTION ( 'NONE',  ( -0.5782313421766088757, 0.5764678495729869123, 0.5773502691896258421 ) ) ;
#2703 = DIRECTION ( 'NONE',  ( 0.001527229394122699277, -0.9999988337845087116, 1.545047161071979681E-16 ) ) ;
#2704 = ORIENTED_EDGE ( 'NONE', *, *, #3192, .T. ) ;
#2705 = CARTESIAN_POINT ( 'NONE',  ( 0.06722239897279616572, -0.2811077230482122435, 0.8344075427847065241 ) ) ;
#2706 = VECTOR ( 'NONE', #3199, 1000.000000000000114 ) ;
#2707 = ADVANCED_FACE ( 'NONE', ( #2570 ), #1253, .T. ) ;
#2708 = CARTESIAN_POINT ( 'NONE',  ( -0.2715039401997360047, 0.2041303890876246252, -0.4738901165119861481 ) ) ;
#2709 = CARTESIAN_POINT ( 'NONE',  ( -0.08045770853849688875, -0.2149049360367983330, 0.6781464723937133954 ) ) ;
#2710 = VECTOR ( 'NONE', #504, 1000.000000000000114 ) ;
#2711 = ORIENTED_EDGE ( 'NONE', *, *, #1584, .T. ) ;
#2712 = LINE ( 'NONE', #2173, #2645 ) ;
#2713 = CARTESIAN_POINT ( 'NONE',  ( 0.2758562834369721606, -0.1235850262089478319, 0.7887523149099658903 ) ) ;
#2714 = CARTESIAN_POINT ( 'NONE',  ( 0.1431180916117615609, 0.05469644268552413535, -0.1333646763434380711 ) ) ;
#2715 = CARTESIAN_POINT ( 'NONE',  ( 0.3073256861942160190, -0.2169598036542541020, 0.5208514302421016762 ) ) ;
#2716 = EDGE_CURVE ( 'NONE', #1157, #2555, #943, .T. ) ;
#2717 = CARTESIAN_POINT ( 'NONE',  ( 0.04767573638059804247, -0.2578129176807328338, 0.7887523149099658903 ) ) ;
#2718 = DIRECTION ( 'NONE',  ( -0.6427876096865390299, 0.7660444431189782355, -1.647354195508799921E-16 ) ) ;
#2719 = CARTESIAN_POINT ( 'NONE',  ( 0.2376848486781465986, 0.05845343636765769346, 0.7419415273497226293 ) ) ;
#2720 = CARTESIAN_POINT ( 'NONE',  ( 0.1180425027228851759, -0.1423524089927736269, 0.5879580729731963551 ) ) ;
#2721 = ORIENTED_EDGE ( 'NONE', *, *, #3042, .F. ) ;
#2722 = CARTESIAN_POINT ( 'NONE',  ( -0.1525240590804541607, 0.3063721329649472525, -0.4346927207695297501 ) ) ;
#2723 = CARTESIAN_POINT ( 'NONE',  ( 0.2375165108484800502, 0.05822778813461268466, 0.6688610103668330975 ) ) ;
#2724 = CARTESIAN_POINT ( 'NONE',  ( 0.2368213306340473945, -0.07704688974132231638, 0.4576412525482470572 ) ) ;
#2725 = ADVANCED_FACE ( 'NONE', ( #298 ), #1079, .F. ) ;
#2726 = B_SPLINE_CURVE_WITH_KNOTS ( 'NONE', 3,
 ( #2734, #844, #1921, #2987, #1936, #2414, #2461, #1639, #1888, #653, #1364, #1402, #3208 ),
 .UNSPECIFIED., .F., .F.,
 ( 4, 3, 3, 3, 4 ),
 ( 6.776263578034426787E-21, 1.412346686414153332E-06, 3.331758572804100744E-06, 8.069393403323464180E-06, 2.230466363606624464E-05 ),
 .UNSPECIFIED. ) ;
#2727 = ORIENTED_EDGE ( 'NONE', *, *, #447, .F. ) ;
#2728 = ORIENTED_EDGE ( 'NONE', *, *, #1837, .F. ) ;
#2729 = DIRECTION ( 'NONE',  ( 0.0001946064997247200191, -0.1274243892376079879, -0.9918482682122971017 ) ) ;
#2730 = DIRECTION ( 'NONE',  ( 0.000000000000000000, 0.000000000000000000, -1.000000000000000000 ) ) ;
#2731 = DIRECTION ( 'NONE',  ( -0.9999988337845087116, -0.001527229394122809215, -7.204673234185018028E-17 ) ) ;
#2732 = CARTESIAN_POINT ( 'NONE',  ( 0.2874869888091343140, -0.2780433439899267500, 0.5208604334371961242 ) ) ;
#2733 = CARTESIAN_POINT ( 'NONE',  ( 0.3026870854749942885, -0.2418878414981735780, 0.6234184806830179726 ) ) ;
#2734 = CARTESIAN_POINT ( 'NONE',  ( 0.2382429854086280385, 0.05918898595714490452, 0.6408693573563415402 ) ) ;
#2735 = DIRECTION ( 'NONE',  ( -3.360727410001489967E-17, -2.819985130219624827E-17, -1.000000000000000000 ) ) ;
#2736 = CARTESIAN_POINT ( 'NONE',  ( -0.05949540474686133146, -0.2091102267224698996, 0.6832577409621459763 ) ) ;
#2737 = EDGE_LOOP ( 'NONE', ( #2930, #3134, #91, #1874 ) ) ;
#2738 = CARTESIAN_POINT ( 'NONE',  ( -0.2712554129442334983, 0.04139978252961577093, -0.3293216072772389147 ) ) ;
#2739 = DIRECTION ( 'NONE',  ( 0.7660444431189782355, 0.6427876096865390299, -2.952952626703235016E-16 ) ) ;
#2740 = ORIENTED_EDGE ( 'NONE', *, *, #1083, .T. ) ;
#2741 = ORIENTED_EDGE ( 'NONE', *, *, #3079, .T. ) ;
#2742 = DIRECTION ( 'NONE',  ( -0.7660444431189782355, -0.6427876096865391409, -4.134133677384526162E-16 ) ) ;
#2743 = EDGE_CURVE ( 'NONE', #1514, #237, #2421, .T. ) ;
#2744 = AXIS2_PLACEMENT_3D ( 'NONE', #134, #2735, #2208 ) ;
#2745 = FACE_OUTER_BOUND ( 'NONE', #1959, .T. ) ;
#2746 = CARTESIAN_POINT ( 'NONE',  ( 0.2204611654826480194, 0.02434403154913627673, 0.5049257104673986474 ) ) ;
#2747 = CARTESIAN_POINT ( 'NONE',  ( 0.3051385296612878495, -0.1830875065812404834, 0.5207969480080382185 ) ) ;
#2748 = CARTESIAN_POINT ( 'NONE',  ( 0.3065689121973834697, -0.2189109517544243211, 0.6234183702536468807 ) ) ;
#2749 = CARTESIAN_POINT ( 'NONE',  ( 0.1447061578684643302, -0.2935671939162721733, 0.5201401439010368000 ) ) ;
#2750 = AXIS2_PLACEMENT_3D ( 'NONE', #2602, #2896, #1847 ) ;
#2751 = CARTESIAN_POINT ( 'NONE',  ( 0.2086894113035197007, -0.2497034804745988934, 0.8344075427847065241 ) ) ;
#2752 = VERTEX_POINT ( 'NONE', #1968 ) ;
#2753 = AXIS2_PLACEMENT_3D ( 'NONE', #2371, #2874, #28 ) ;
#2754 = CARTESIAN_POINT ( 'NONE',  ( -0.2702888919459900952, 0.08478327451869800691, -0.3416342232869618578 ) ) ;
#2755 = CARTESIAN_POINT ( 'NONE',  ( 0.2417155779837755203, -0.08226271334412829650, 0.5257546696244906892 ) ) ;
#2756 = VECTOR ( 'NONE', #2303, 1000.000000000000114 ) ;
#2757 = EDGE_CURVE ( 'NONE', #1528, #1694, #835, .T. ) ;
#2758 = APPROVAL_PERSON_ORGANIZATION ( #2946, #2526, #1375 ) ;
#2759 = EDGE_LOOP ( 'NONE', ( #1310, #2053, #911, #979, #928 ) ) ;
#2760 = CARTESIAN_POINT ( 'NONE',  ( 0.009276183887651185539, -0.1557175863615921918, 0.7713013524426924894 ) ) ;
#2761 = DIRECTION ( 'NONE',  ( -0.7660444431189782355, -0.6427876096865390299, 4.387118058474740015E-17 ) ) ;
#2762 = CARTESIAN_POINT ( 'NONE',  ( -0.2513134490404294041, 0.2859058774942512260, -0.4478059536594807266 ) ) ;
#2763 = CARTESIAN_POINT ( 'NONE',  ( -0.005710230734069173669, -0.1455120677327032264, 0.8867604301865297245 ) ) ;
#2764 = LINE ( 'NONE', #2507, #2092 ) ;
#2765 = DIRECTION ( 'NONE',  ( -2.562828173231510232E-16, 0.000000000000000000, 1.000000000000000000 ) ) ;
#2766 = LINE ( 'NONE', #1003, #104 ) ;
#2767 = CARTESIAN_POINT ( 'NONE',  ( 0.2376676902521063783, 0.05842220178150666493, 0.4731835108019530889 ) ) ;
#2768 = DIRECTION ( 'NONE',  ( -7.228261246380429926E-17, 1.543945040340209950E-16, 1.000000000000000000 ) ) ;
#2769 = ORIENTED_EDGE ( 'NONE', *, *, #2922, .F. ) ;
#2770 = ORIENTED_EDGE ( 'NONE', *, *, #1584, .F. ) ;
#2771 = EDGE_CURVE ( 'NONE', #171, #1328, #1351, .T. ) ;
#2772 = ORIENTED_EDGE ( 'NONE', *, *, #719, .T. ) ;
#2773 = CARTESIAN_POINT ( 'NONE',  ( -0.2716598091019918337, 0.3061901851334339897, -0.5280089630422005742 ) ) ;
#2774 = EDGE_CURVE ( 'NONE', #2804, #1152, #1754, .T. ) ;
#2775 = CARTESIAN_POINT ( 'NONE',  ( -0.05364025550151132332, -0.2085107474480261680, 0.7887523149099658903 ) ) ;
#2776 = CARTESIAN_POINT ( 'NONE',  ( -0.2699581489502623222, 0.3044693388766466779, -0.5044262390797727980 ) ) ;
#2777 = CARTESIAN_POINT ( 'NONE',  ( 0.3072499687801935608, -0.1994135929474921687, 0.5208271653812858171 ) ) ;
#2778 = EDGE_CURVE ( 'NONE', #399, #2513, #395, .T. ) ;
#2779 = CARTESIAN_POINT ( 'NONE',  ( 0.2819852798971789198, -0.1313894537958090192, 0.6234183757850191299 ) ) ;
#2780 = LINE ( 'NONE', #2018, #739 ) ;
#2781 = DIRECTION ( 'NONE',  ( -0.7660444431189782355, -0.6427876096865391409, 4.387118058474730771E-17 ) ) ;
#2782 = CARTESIAN_POINT ( 'NONE',  ( -0.2674403124010412136, 0.1302193982616624279, -0.3645809340310195990 ) ) ;
#2783 = CARTESIAN_POINT ( 'NONE',  ( 0.2273502844315758720, -0.06587238279189885914, 0.6404229176660232170 ) ) ;
#2784 = VERTEX_POINT ( 'NONE', #1911 ) ;
#2785 = ORIENTED_EDGE ( 'NONE', *, *, #1141, .T. ) ;
#2786 = ORIENTED_EDGE ( 'NONE', *, *, #2557, .F. ) ;
#2787 = ORIENTED_EDGE ( 'NONE', *, *, #3029, .F. ) ;
#2788 = DIRECTION ( 'NONE',  ( -3.360727410001489967E-17, -2.819985130219624827E-17, -1.000000000000000000 ) ) ;
#2789 = PERSON ( '未', '未', '未', ('未'), ('未'), ('未') ) ;
#2790 = ORIENTED_EDGE ( 'NONE', *, *, #1110, .T. ) ;
#2791 = CARTESIAN_POINT ( 'NONE',  ( 0.2541522945769180697, -0.3171324680771680504, 0.6832577409621463094 ) ) ;
#2792 = CARTESIAN_POINT ( 'NONE',  ( -0.08793043472724114407, -0.2181078856474518157, 0.8699819150314533900 ) ) ;
#2793 = EDGE_CURVE ( 'NONE', #966, #1800, #1943, .T. ) ;
#2794 = CARTESIAN_POINT ( 'NONE',  ( 0.2859419129170884810, -0.1370774794985958334, 0.6234183488595067546 ) ) ;
#2795 = DIRECTION ( 'NONE',  ( -0.4545194776720443697, 0.5416752204197026188, 0.7071067811865465735 ) ) ;
#2796 = DIRECTION ( 'NONE',  ( -0.9999988337845087116, -0.001527229394122699277, 4.140413492149793888E-19 ) ) ;
#2797 = VECTOR ( 'NONE', #3345, 1000.000000000000114 ) ;
#2798 = VECTOR ( 'NONE', #2686, 1000.000000000000114 ) ;
#2799 = CARTESIAN_POINT ( 'NONE',  ( -0.09161441195309055763, -0.2199300899732503090, 0.6735596179701909270 ) ) ;
#2800 = CARTESIAN_POINT ( 'NONE',  ( 0.2060990284833796315, -0.01693302927566259566, 0.6405322767150821717 ) ) ;
#2801 = ORIENTED_EDGE ( 'NONE', *, *, #172, .T. ) ;
#2802 = ORIENTED_EDGE ( 'NONE', *, *, #475, .T. ) ;
#2803 = CARTESIAN_POINT ( 'NONE',  ( 0.007450704144897455847, 0.3066150693237321700, -0.3154597874607133479 ) ) ;
#2804 = VERTEX_POINT ( 'NONE', #1871 ) ;
#2805 = CIRCLE ( 'NONE', #853, 0.1134312560372822548 ) ;
#2806 = LINE ( 'NONE', #1576, #476 ) ;
#2807 = CC_DESIGN_APPROVAL ( #221, ( #1118 ) ) ;
#2808 = CARTESIAN_POINT ( 'NONE',  ( 0.2170878095579536204, 0.02142082396245369863, 0.8497413484900049330 ) ) ;
#2809 = CARTESIAN_POINT ( 'NONE',  ( 0.3061313327905871851, -0.1890631287482665013, 0.5208088332170509593 ) ) ;
#2810 = CARTESIAN_POINT ( 'NONE',  ( 0.1678134952096081711, -0.3389764626328114483, 0.6234184169547785093 ) ) ;
#2811 = ADVANCED_FACE ( 'NONE', ( #152 ), #2989, .T. ) ;
#2812 = CARTESIAN_POINT ( 'NONE',  ( 0.1336456626647126444, -0.04598375636927944793, 0.7289129688368877202 ) ) ;
#2813 = CARTESIAN_POINT ( 'NONE',  ( -0.08793043472724114407, -0.2181078856474518157, 0.8699819150314533900 ) ) ;
#2814 = CARTESIAN_POINT ( 'NONE',  ( -0.08992897481615086397, -0.2190646814203057458, 0.6743529225054569753 ) ) ;
#2815 = CARTESIAN_POINT ( 'NONE',  ( 0.2207330068036724435, 0.03600209635391498492, 0.4687745118810686118 ) ) ;
#2816 = VERTEX_POINT ( 'NONE', #2751 ) ;
#2817 = CARTESIAN_POINT ( 'NONE',  ( 0.007423126874092386522, 0.3066164092937226915, -0.3155635488983400960 ) ) ;
#2818 = EDGE_CURVE ( 'NONE', #2752, #399, #1693, .T. ) ;
#2819 = ORIENTED_EDGE ( 'NONE', *, *, #719, .F. ) ;
#2820 = CARTESIAN_POINT ( 'NONE',  ( 0.1755777249597303136, -0.2076960179124539285, 0.4576412525482470572 ) ) ;
#2821 = ORIENTED_EDGE ( 'NONE', *, *, #3289, .T. ) ;
#2822 = CARTESIAN_POINT ( 'NONE',  ( -0.2712335530761301738, 0.02708638422696114240, -0.3154529955332081026 ) ) ;
#2823 = CARTESIAN_POINT ( 'NONE',  ( -0.2451064739921784974, 0.2797210106969196808, -0.4349197881336060445 ) ) ;
#2824 = CARTESIAN_POINT ( 'NONE',  ( 0.2884326998037499701, -0.2755569013880111440, 0.6234184363746877455 ) ) ;
#2825 = DIRECTION ( 'NONE',  ( -0.7525898735981423338, 0.6584895459743700386, 0.000000000000000000 ) ) ;
#2826 = PLANE ( 'NONE',  #2104 ) ;
#2827 = ORIENTED_EDGE ( 'NONE', *, *, #2592, .T. ) ;
#2828 = LINE ( 'NONE', #1863, #2585 ) ;
#2829 = CARTESIAN_POINT ( 'NONE',  ( 0.007423126874092386522, 0.3066164092937226915, -0.3155635488983400960 ) ) ;
#2830 = ORIENTED_EDGE ( 'NONE', *, *, #870, .T. ) ;
#2831 = ORIENTED_EDGE ( 'NONE', *, *, #382, .F. ) ;
#2832 = EDGE_CURVE ( 'NONE', #2349, #2938, #3155, .T. ) ;
#2833 = EDGE_CURVE ( 'NONE', #3172, #1130, #2982, .T. ) ;
#2834 = CARTESIAN_POINT ( 'NONE',  ( 0.2378396782566453427, 0.05872592333397119030, 0.7731613323167125795 ) ) ;
#2835 = VERTEX_POINT ( 'NONE', #1427 ) ;
#2836 = DIRECTION ( 'NONE',  ( -0.9999988337845089337, -0.001527229394122699927, 1.296448503006999836E-16 ) ) ;
#2837 = CARTESIAN_POINT ( 'NONE',  ( -0.1007652330995001677, -0.2253579635835201989, 0.7437375410546332999 ) ) ;
#2838 = CARTESIAN_POINT ( 'NONE',  ( 0.1300504430496217945, 0.08510556949676741090, -0.4288676407892816900 ) ) ;
#2839 = DIRECTION ( 'NONE',  ( 0.9961863506420357561, -0.08725110196726944267, 0.000000000000000000 ) ) ;
#2840 = EDGE_CURVE ( 'NONE', #1109, #2658, #2495, .T. ) ;
#2841 = CARTESIAN_POINT ( 'NONE',  ( 0.2209471954651994474, -0.3313613421233816414, 0.6234184250173007147 ) ) ;
#2842 = CARTESIAN_POINT ( 'NONE',  ( 0.01213673212103561459, -0.1310020293437960115, 0.7390750765436973069 ) ) ;
#2843 = CARTESIAN_POINT ( 'NONE',  ( 0.1949737396208363061, -0.3379550745877513140, 0.5205949967594745154 ) ) ;
#2844 = DIRECTION ( 'NONE',  ( -0.03617432983444129890, -0.03035386687260504743, 0.9988844080407448534 ) ) ;
#2845 = CARTESIAN_POINT ( 'NONE',  ( -0.05748967794362988548, -0.2089770445297091384, 0.8497413484900049330 ) ) ;
#2846 = ORIENTED_EDGE ( 'NONE', *, *, #3063, .T. ) ;
#2847 = VECTOR ( 'NONE', #2470, 1000.000000000000114 ) ;
#2848 = CARTESIAN_POINT ( 'NONE',  ( 0.007555264749071164375, 0.3066166110988047810, -0.3220079639044429731 ) ) ;
#2849 = VERTEX_POINT ( 'NONE', #607 ) ;
#2850 = CARTESIAN_POINT ( 'NONE',  ( -0.08045770853849670834, -0.2149049360367982497, 0.6285296634575000541 ) ) ;
#2851 = EDGE_CURVE ( 'NONE', #884, #1011, #43, .T. ) ;
#2852 = CARTESIAN_POINT ( 'NONE',  ( -0.05780444941329768160, -0.2089370983129272552, 0.7289129688368877202 ) ) ;
#2853 = AXIS2_PLACEMENT_3D ( 'NONE', #384, #1405, #1958 ) ;
#2854 = AXIS2_PLACEMENT_3D ( 'NONE', #840, #115, #1397 ) ;
#2855 = B_SPLINE_CURVE_WITH_KNOTS ( 'NONE', 3,
 ( #982, #402, #2776, #706, #1489, #675, #3044, #1756, #1704, #2028 ),
 .UNSPECIFIED., .F., .F.,
 ( 4, 3, 3, 4 ),
 ( 4.404050043830987246E-19, 3.527565525921219582E-05, 6.029001603447571567E-05, 8.572089225135926254E-05 ),
 .UNSPECIFIED. ) ;
#2856 = CARTESIAN_POINT ( 'NONE',  ( 0.2382429854086280385, 0.05918898595714501554, 0.4576412525482470572 ) ) ;
#2857 = DATE_AND_TIME ( #113, #1948 ) ;
#2858 = CIRCLE ( 'NONE', #3071, 0.1047057748036452490 ) ;
#2859 = CARTESIAN_POINT ( 'NONE',  ( 0.1680915274776835777, -0.3389935442148334088, 0.6234184165484275564 ) ) ;
#2860 = B_SPLINE_CURVE_WITH_KNOTS ( 'NONE', 3,
 ( #2944, #1572, #17, #615, #74, #1637, #1122, #2143, #2178, #2951, #2191, #3220, #1934 ),
 .UNSPECIFIED., .F., .F.,
 ( 4, 3, 3, 3, 4 ),
 ( 8.816437145929362390E-19, 2.166111282549749744E-06, 5.442055915174107853E-06, 1.751926638124501025E-05, 6.163816483373193164E-05 ),
 .UNSPECIFIED. ) ;
#2861 = CARTESIAN_POINT ( 'NONE',  ( 0.2384721213968905296, 0.05891591231993998506, 0.7390750765436973069 ) ) ;
#2862 = CARTESIAN_POINT ( 'NONE',  ( -0.1012118178280298070, -0.2256555402711646341, 0.6403440878230578504 ) ) ;
#2863 = DIRECTION ( 'NONE',  ( -7.228261246380429926E-17, 1.543945040340209950E-16, 1.000000000000000000 ) ) ;
#2864 = LINE ( 'NONE', #2145, #997 ) ;
#2865 = ORIENTED_EDGE ( 'NONE', *, *, #1308, .T. ) ;
#2866 = CARTESIAN_POINT ( 'NONE',  ( -0.2748449209829780804, 0.02696959562918027284, -0.3417933319804291603 ) ) ;
#2867 = VERTEX_POINT ( 'NONE', #63 ) ;
#2868 = ORIENTED_EDGE ( 'NONE', *, *, #998, .T. ) ;
#2869 = LINE ( 'NONE', #553, #638 ) ;
#2870 = DIRECTION ( 'NONE',  ( -3.360727410001489967E-17, -2.819985130219624827E-17, -1.000000000000000000 ) ) ;
#2871 = EDGE_CURVE ( 'NONE', #2396, #1571, #819, .T. ) ;
#2872 = ORIENTED_EDGE ( 'NONE', *, *, #2341, .T. ) ;
#2873 = ORIENTED_EDGE ( 'NONE', *, *, #1972, .F. ) ;
#2874 = DIRECTION ( 'NONE',  ( -0.7660429149768888113, -0.6427863274230749546, -0.001997421254205704322 ) ) ;
#2875 = CARTESIAN_POINT ( 'NONE',  ( 0.2086894113035197007, -0.2497034804745988934, 0.3937707404860333327 ) ) ;
#2876 = CARTESIAN_POINT ( 'NONE',  ( 0.2371329608223761987, -0.3241307863404827572, 0.6234184133902970215 ) ) ;
#2877 = CARTESIAN_POINT ( 'NONE',  ( 0.2382429854086285381, 0.05918898595714537636, 0.7713013524426926004 ) ) ;
#2878 = CARTESIAN_POINT ( 'NONE',  ( 0.07773503619792961061, -0.2940170660866646135, 0.5200948689570110695 ) ) ;
#2879 = ORIENTED_EDGE ( 'NONE', *, *, #2047, .F. ) ;
#2880 = LINE ( 'NONE', #1586, #2367 ) ;
#2881 = CARTESIAN_POINT ( 'NONE',  ( 0.1297118595589104306, 0.3068031724586552933, -0.8999999999995177413 ) ) ;
#2882 = EDGE_LOOP ( 'NONE', ( #3201, #1750, #1416, #3097, #3196, #2361, #1559, #729, #1501 ) ) ;
#2883 = CARTESIAN_POINT ( 'NONE',  ( -0.3083515708275228473, 0.02691842322896126002, -0.3860727868149265163 ) ) ;
#2884 = EDGE_LOOP ( 'NONE', ( #1503, #314 ) ) ;
#2885 = EDGE_LOOP ( 'NONE', ( #1014, #2572, #205, #730, #1784 ) ) ;
#2886 = DIRECTION ( 'NONE',  ( -0.7660429149768887003, -0.6427863274230748436, -0.001997421254205289723 ) ) ;
#2887 = CARTESIAN_POINT ( 'NONE',  ( -0.006709998536663978018, -0.2144472711355615291, 0.5196691378868252276 ) ) ;
#2888 = DIRECTION ( 'NONE',  ( -0.5571650170049660122, 0.8304017966176711063, 0.000000000000000000 ) ) ;
#2889 = DIRECTION ( 'NONE',  ( -0.4545194776720419827, 0.5416752204196997322, -0.7071067811865503483 ) ) ;
#2890 = DIRECTION ( 'NONE',  ( -0.4088713031476791104, 0.4076243255690858991, -0.8164965809277260345 ) ) ;
#2891 = CARTESIAN_POINT ( 'NONE',  ( 0.06851187753129413249, -0.2826444637528753301, 0.5973914801904938177 ) ) ;
#2892 = CARTESIAN_POINT ( 'NONE',  ( 0.1458639202260849643, -0.3355531450076458810, 0.5204073767432418895 ) ) ;
#2893 = EDGE_CURVE ( 'NONE', #2369, #915, #1429, .T. ) ;
#2894 = ORIENTED_EDGE ( 'NONE', *, *, #3001, .T. ) ;
#2895 = DIRECTION ( 'NONE',  ( 0.4088713031476791104, -0.4076243255690859546, 0.8164965809277260345 ) ) ;
#2896 = DIRECTION ( 'NONE',  ( -7.228261246380429926E-17, 1.543945040340209950E-16, 1.000000000000000000 ) ) ;
#2897 = EDGE_LOOP ( 'NONE', ( #2704, #2241, #3118, #3137 ) ) ;
#2898 = AXIS2_PLACEMENT_3D ( 'NONE', #1491, #2545, #2287 ) ;
#2899 = CARTESIAN_POINT ( 'NONE',  ( 0.007498576695662266360, 0.3437347987897068635, -0.3860727868149265163 ) ) ;
#2900 = CARTESIAN_POINT ( 'NONE',  ( -0.1012600985051553271, -0.2256879265384597322, 0.7463639313041621204 ) ) ;
#2901 = CARTESIAN_POINT ( 'NONE',  ( 0.2151918924335595174, -0.01827854588928911131, 0.5202331973566632906 ) ) ;
#2902 = CARTESIAN_POINT ( 'NONE',  ( -0.06532826351363384132, -0.2102196046305282728, 0.6823455680108987398 ) ) ;
#2903 = CIRCLE ( 'NONE', #1711, 0.1047057748036452490 ) ;
#2904 = DIRECTION ( 'NONE',  ( 0.000000000000000000, 0.006399505874860820717, -0.9999795229526240448 ) ) ;
#2905 = ORIENTED_EDGE ( 'NONE', *, *, #2047, .T. ) ;
#2906 = ORIENTED_EDGE ( 'NONE', *, *, #2026, .F. ) ;
#2907 = VECTOR ( 'NONE', #2768, 1000.000000000000000 ) ;
#2908 = LINE ( 'NONE', #2407, #852 ) ;
#2909 = PERSON_AND_ORGANIZATION ( #2789, #651 ) ;
#2910 = CARTESIAN_POINT ( 'NONE',  ( 0.07273086854136236179, -0.1030746448515520858, -0.1333646763434380711 ) ) ;
#2911 = AXIS2_PLACEMENT_3D ( 'NONE', #1723, #2270, #1963 ) ;
#2912 = CARTESIAN_POINT ( 'NONE',  ( 0.1155827531411387776, -0.3244232967820432911, 0.6234184032219646232 ) ) ;
#2913 = DIRECTION ( 'NONE',  ( 0.000000000000000000, -1.000000000000000000, 1.543945040340209950E-16 ) ) ;
#2914 = AXIS2_PLACEMENT_3D ( 'NONE', #435, #1685, #1438 ) ;
#2915 = CARTESIAN_POINT ( 'NONE',  ( 0.2810306005435013743, -0.2874762390811524959, 0.5208490920033412852 ) ) ;
#2916 = ORIENTED_EDGE ( 'NONE', *, *, #937, .F. ) ;
#2917 = CIRCLE ( 'NONE', #429, 0.1308822185045565578 ) ;
#2918 = EDGE_CURVE ( 'NONE', #3104, #1184, #1549, .T. ) ;
#2919 = CARTESIAN_POINT ( 'NONE',  ( -0.3105894050786727756, 0.08676344002808640543, -0.6504596527268219353 ) ) ;
#2920 = DIRECTION ( 'NONE',  ( -0.001079914261011787665, 0.7071059565476649489, 0.7071067811865479058 ) ) ;
#2921 = ORIENTED_EDGE ( 'NONE', *, *, #1821, .F. ) ;
#2922 = EDGE_CURVE ( 'NONE', #1767, #915, #348, .T. ) ;
#2923 = APPROVAL ( #3106, '未' ) ;
#2924 = CARTESIAN_POINT ( 'NONE',  ( 0.2382429854086262067, 0.05918898595714269795, 0.6662781690049692784 ) ) ;
#2925 = ORIENTED_EDGE ( 'NONE', *, *, #2426, .T. ) ;
#2926 = CARTESIAN_POINT ( 'NONE',  ( 0.2156096947615491477, -0.0007353225065841203058, 0.5158921484898252308 ) ) ;
#2927 = DIRECTION ( 'NONE',  ( -0.6427876096865390299, 0.7660444431189782355, -1.647354195508799921E-16 ) ) ;
#2928 = EDGE_CURVE ( 'NONE', #2268, #3027, #2805, .T. ) ;
#2929 = ORIENTED_EDGE ( 'NONE', *, *, #1129, .F. ) ;
#2930 = ORIENTED_EDGE ( 'NONE', *, *, #842, .F. ) ;
#2931 = DIRECTION ( 'NONE',  ( -7.228261246380429926E-17, 1.543945040340209950E-16, 1.000000000000000000 ) ) ;
#2932 = CARTESIAN_POINT ( 'NONE',  ( -0.1210773198782868487, -0.1369760807088850063, -0.4288676407892816900 ) ) ;
#2933 = CARTESIAN_POINT ( 'NONE',  ( -0.1013096203497564074, -0.2257294802999990635, 0.4576412525482470572 ) ) ;
#2934 = CARTESIAN_POINT ( 'NONE',  ( 0.1301633042131934148, 0.01120636850947141078, -0.4288676407892816900 ) ) ;
#2935 = CARTESIAN_POINT ( 'NONE',  ( 0.2736968999123061130, -0.2963067170315683563, 0.5208336305532241806 ) ) ;
#2936 = CYLINDRICAL_SURFACE ( 'NONE', #2158, 0.05758817614200475304 ) ;
#2937 = LINE ( 'NONE', #1656, #2528 ) ;
#2938 = VERTEX_POINT ( 'NONE', #491 ) ;
#2939 = CARTESIAN_POINT ( 'NONE',  ( 0.2382429854086273169, 0.05918898595714430083, 0.6658067784948719092 ) ) ;
#2940 = CARTESIAN_POINT ( 'NONE',  ( 0.2799090258404771658, -0.2958116442764029408, 0.6246124353218754921 ) ) ;
#2941 = EDGE_CURVE ( 'NONE', #2630, #157, #986, .T. ) ;
#2942 = B_SPLINE_CURVE_WITH_KNOTS ( 'NONE', 3,
 ( #2529, #203, #3267, #1987, #3021, #697, #1464, #1730, #2767, #185, #727, #1219, #1171 ),
 .UNSPECIFIED., .F., .F.,
 ( 4, 3, 3, 3, 4 ),
 ( 0.000000000000000000, 3.886970285378941434E-05, 4.641958910728070903E-05, 5.171603369216799020E-05, 5.426088384320297022E-05 ),
 .UNSPECIFIED. ) ;
#2943 = ORIENTED_EDGE ( 'NONE', *, *, #2743, .T. ) ;
#2944 = CARTESIAN_POINT ( 'NONE',  ( -0.1013141035865247896, -0.2257241373864752321, 0.4671572254581994876 ) ) ;
#2945 = DIRECTION ( 'NONE',  ( 0.9961863506420357561, -0.08725110196726944267, 0.000000000000000000 ) ) ;
#2946 = PERSON_AND_ORGANIZATION ( #2789, #651 ) ;
#2947 = ADVANCED_FACE ( 'NONE', ( #2562 ), #1761, .T. ) ;
#2948 = CARTESIAN_POINT ( 'NONE',  ( 0.07848800952072522430, -0.2955619722744396438, 0.6234184507171417478 ) ) ;
#2949 = FACE_OUTER_BOUND ( 'NONE', #2231, .T. ) ;
#2950 = CARTESIAN_POINT ( 'NONE',  ( 0.2859048873574089877, -0.2805171553063439682, 0.5208578759820419180 ) ) ;
#2951 = CARTESIAN_POINT ( 'NONE',  ( -0.09210790833257920251, -0.2202094341761685614, 0.4803849639865728771 ) ) ;
#2952 = CARTESIAN_POINT ( 'NONE',  ( 0.07127144568889867693, -0.2859331890187050695, 0.5200595490289876555 ) ) ;
#2953 = DIRECTION ( 'NONE',  ( -3.360727410001489967E-17, -2.819985130219624827E-17, -1.000000000000000000 ) ) ;
#2954 = ORIENTED_EDGE ( 'NONE', *, *, #1630, .F. ) ;
#2955 = CARTESIAN_POINT ( 'NONE',  ( 0.03059702840943295463, 0.3066518011985985281, 0.7900591952672905149 ) ) ;
#2956 = CARTESIAN_POINT ( 'NONE',  ( 0.04029446201407196199, -0.1135818342622819249, 0.6285296634575000541 ) ) ;
#2957 = AXIS2_PLACEMENT_3D ( 'NONE', #1937, #910, #151 ) ;
#2958 = EDGE_CURVE ( 'NONE', #1251, #3314, #958, .T. ) ;
#2959 = ORIENTED_EDGE ( 'NONE', *, *, #1785, .T. ) ;
#2960 = DIRECTION ( 'NONE',  ( -1.286944679399165900E-17, -1.469364506284139932E-16, -1.000000000000000000 ) ) ;
#2961 = AXIS2_PLACEMENT_3D ( 'NONE', #774, #2895, #1322 ) ;
#2962 = APPROVAL_STATUS ( 'not_yet_approved' ) ;
#2963 = VECTOR ( 'NONE', #2289, 1000.000000000000114 ) ;
#2964 = CARTESIAN_POINT ( 'NONE',  ( 0.1246409725936584445, -0.3287188093768355635, 0.6234184159880857834 ) ) ;
#2965 = CARTESIAN_POINT ( 'NONE',  ( 0.1297118595589104306, 0.3068031724586552933, -0.4288676407892816900 ) ) ;
#2966 = CARTESIAN_POINT ( 'NONE',  ( 0.2167341508236039493, -0.3329572557832350954, 0.5206698666101690076 ) ) ;
#2967 = AXIS2_PLACEMENT_3D ( 'NONE', #1882, #2393, #2913 ) ;
#2968 = CARTESIAN_POINT ( 'NONE',  ( 0.06722239897279636001, -0.2811077230482122435, 0.6832577409621463094 ) ) ;
#2969 = ADVANCED_FACE ( 'NONE', ( #1793, #1183 ), #2826, .T. ) ;
#2970 = CIRCLE ( 'NONE', #2854, 0.05235288740182260370 ) ;
#2971 = CARTESIAN_POINT ( 'NONE',  ( 0.2382429854086280385, 0.05918898595714506411, 0.7463639313041621204 ) ) ;
#2972 = DIRECTION ( 'NONE',  ( -0.9999988337845089337, -0.001527229394122849764, -1.099282755175069863E-16 ) ) ;
#2973 = ORIENTED_EDGE ( 'NONE', *, *, #3192, .F. ) ;
#2974 = VECTOR ( 'NONE', #1736, 1000.000000000000114 ) ;
#2975 = CARTESIAN_POINT ( 'NONE',  ( -0.01180031096956238486, 0.3065870506601524048, -0.3296043751455662862 ) ) ;
#2976 = EDGE_CURVE ( 'NONE', #1873, #175, #2290, .T. ) ;
#2977 = CARTESIAN_POINT ( 'NONE',  ( 0.2308681636936474879, 0.04844971997817652809, 0.6765215148296089831 ) ) ;
#2978 = CARTESIAN_POINT ( 'NONE',  ( 0.2769570664710219732, -0.1242394493511683046, 0.5206101055243046449 ) ) ;
#2979 = VERTEX_POINT ( 'NONE', #1982 ) ;
#2980 = CARTESIAN_POINT ( 'NONE',  ( 0.1413858365971075171, -0.1694942035237993749, 0.8344075427847065241 ) ) ;
#2981 = B_SPLINE_CURVE_WITH_KNOTS ( 'NONE', 3,
 ( #2971, #1886, #652, #132, #2719, #2460, #1150, #2205, #1623, #2665, #3238, #908, #664, #2651, #328, #1342, #2522, #1166, #3059 ),
 .UNSPECIFIED., .F., .F.,
 ( 4, 3, 3, 3, 3, 3, 4 ),
 ( 0.000000000000000000, 3.397304382806712142E-06, 6.793079834728152434E-06, 1.170164960477433027E-05, 2.098116645494883152E-05, 4.056443822468039329E-05, 5.113070663654737199E-05 ),
 .UNSPECIFIED. ) ;
#2982 = B_SPLINE_CURVE_WITH_KNOTS ( 'NONE', 3,
 ( #427, #2736, #2902, #80, #1095, #2149, #3176 ),
 .UNSPECIFIED., .F., .F.,
 ( 4, 3, 4 ),
 ( -2.830067998654141242E-05, -1.051467794741399163E-05, -9.147955830346443662E-20 ),
 .UNSPECIFIED. ) ;
#2983 = CARTESIAN_POINT ( 'NONE',  ( -0.05949540474686159514, -0.2091102267224699551, 0.7887523149099666675 ) ) ;
#2984 = LINE ( 'NONE', #613, #1604 ) ;
#2985 = CARTESIAN_POINT ( 'NONE',  ( 0.2893385424564321462, -0.2750938409906938942, 0.5208633522396430848 ) ) ;
#2986 = LINE ( 'NONE', #1401, #1880 ) ;
#2987 = CARTESIAN_POINT ( 'NONE',  ( 0.2380894191799582671, 0.05898780270906829604, 0.6394798733237846422 ) ) ;
#2988 = FACE_OUTER_BOUND ( 'NONE', #1833, .T. ) ;
#2989 = CYLINDRICAL_SURFACE ( 'NONE', #590, 0.2792153994763875713 ) ;
#2990 = EDGE_LOOP ( 'NONE', ( #3332, #2769, #308, #2116, #483, #2165, #1222, #2653, #2615, #2291, #714 ) ) ;
#2991 = EDGE_CURVE ( 'NONE', #299, #1912, #1247, .T. ) ;
#2992 = CARTESIAN_POINT ( 'NONE',  ( -0.2712570098208178515, 0.04327954891612310201, -0.3273694524649683468 ) ) ;
#2993 = CARTESIAN_POINT ( 'NONE',  ( 0.3081312879223252477, -0.2398273950838331059, 0.6247546872948521735 ) ) ;
#2994 = ORIENTED_EDGE ( 'NONE', *, *, #2391, .T. ) ;
#2995 = ORIENTED_EDGE ( 'NONE', *, *, #128, .F. ) ;
#2996 = CARTESIAN_POINT ( 'NONE',  ( 0.2053584760366225226, -0.2512300328095871116, 0.5879580729731963551 ) ) ;
#2997 = DIRECTION ( 'NONE',  ( 2.159011887891894950E-17, 1.448607047974698085E-17, 1.000000000000000000 ) ) ;
#2998 = DIRECTION ( 'NONE',  ( -0.5571650170049660122, 0.8304017966176711063, 0.000000000000000000 ) ) ;
#2999 = CARTESIAN_POINT ( 'NONE',  ( 0.2287427680050345136, 0.04454506979071796297, 0.6781464723937135064 ) ) ;
#3000 = CARTESIAN_POINT ( 'NONE',  ( 0.2928696254447882286, -0.1492222923050347261, 0.6234183187030429840 ) ) ;
#3001 = EDGE_CURVE ( 'NONE', #787, #2849, #3035, .T. ) ;
#3002 = DIRECTION ( 'NONE',  ( -3.360727410001489967E-17, -2.819985130219624827E-17, -1.000000000000000000 ) ) ;
#3003 = CARTESIAN_POINT ( 'NONE',  ( -0.05691804394796334127, -0.2088856286335158130, 0.6234918583555019156 ) ) ;
#3004 = EDGE_LOOP ( 'NONE', ( #381, #748, #350, #176, #2378, #1786, #847 ) ) ;
#3005 = CARTESIAN_POINT ( 'NONE',  ( -0.2658450489380720372, 0.09851709563497111632, -0.3277380258344005926 ) ) ;
#3006 = CARTESIAN_POINT ( 'NONE',  ( 0.3082293033178684083, -0.1768024291853541041, 0.5900851205399426647 ) ) ;
#3007 = VERTEX_POINT ( 'NONE', #3326 ) ;
#3008 = ORIENTED_EDGE ( 'NONE', *, *, #3094, .F. ) ;
#3009 = CARTESIAN_POINT ( 'NONE',  ( -0.1897547101069348707, 0.2245348806855428647, 0.6078940288234704337 ) ) ;
#3010 = VECTOR ( 'NONE', #2459, 1000.000000000000114 ) ;
#3011 = CARTESIAN_POINT ( 'NONE',  ( 0.2086894113035197007, -0.2497034804745988934, 0.3937707404860333327 ) ) ;
#3012 = DIRECTION ( 'NONE',  ( 7.228261246380429926E-17, -1.543945040340209950E-16, -1.000000000000000000 ) ) ;
#3013 = CARTESIAN_POINT ( 'NONE',  ( 0.2251986134743642065, 0.03803396048212832198, 0.6808561328789694000 ) ) ;
#3014 = CIRCLE ( 'NONE', #1383, 0.2792153994763875158 ) ;
#3015 = CARTESIAN_POINT ( 'NONE',  ( 0.2972509482942198300, -0.1588071883400748452, 0.6234183348132850133 ) ) ;
#3016 = CARTESIAN_POINT ( 'NONE',  ( 0.02565628710207893889, -0.1419730477957204806, 0.6658067784948719092 ) ) ;
#3017 = AXIS2_PLACEMENT_3D ( 'NONE', #3016, #3034, #2795 ) ;
#3018 = CARTESIAN_POINT ( 'NONE',  ( 0.2414774842520606979, -0.08259712428632583203, 0.7289129688368877202 ) ) ;
#3019 = ADVANCED_FACE ( 'NONE', ( #1745 ), #1729, .T. ) ;
#3020 = AXIS2_PLACEMENT_3D ( 'NONE', #1632, #2678, #2945 ) ;
#3021 = CARTESIAN_POINT ( 'NONE',  ( 0.2348320866592361333, 0.05443892396587726029, 0.4804289287833942712 ) ) ;
#3022 = CARTESIAN_POINT ( 'NONE',  ( -0.02968167159485786064, -0.1656219488122072647, 0.4576412525482470572 ) ) ;
#3023 = ORIENTED_EDGE ( 'NONE', *, *, #622, .F. ) ;
#3024 = VECTOR ( 'NONE', #2019, 1000.000000000000114 ) ;
#3025 = ORIENTED_EDGE ( 'NONE', *, *, #2009, .T. ) ;
#3026 = VECTOR ( 'NONE', #2372, 1000.000000000000000 ) ;
#3027 = VERTEX_POINT ( 'NONE', #3018 ) ;
#3028 = CARTESIAN_POINT ( 'NONE',  ( 0.2320098824327560816, -0.2781734432005631974, 0.5879580729731963551 ) ) ;
#3029 = EDGE_CURVE ( 'NONE', #3114, #2182, #696, .T. ) ;
#3030 = DIRECTION ( 'NONE',  ( -0.6427876096865391409, 0.7660444431189782355, 0.000000000000000000 ) ) ;
#3031 = DIRECTION ( 'NONE',  ( -7.228261246380429926E-17, 1.543945040340209950E-16, 1.000000000000000000 ) ) ;
#3032 = CARTESIAN_POINT ( 'NONE',  ( 0.2833288253071598595, -0.1324891491925137554, 0.5206459336027317031 ) ) ;
#3033 = CARTESIAN_POINT ( 'NONE',  ( 0.2944558684705622653, -0.1523554753208413437, 0.6234183180368441102 ) ) ;
#3034 = DIRECTION ( 'NONE',  ( -0.7660444431189782355, -0.6427876096865391409, -2.952952626703235509E-16 ) ) ;
#3035 = LINE ( 'NONE', #1476, #2595 ) ;
#3036 = CARTESIAN_POINT ( 'NONE',  ( -0.2115740156273920869, 0.2629258110616091715, -0.3919694121268367248 ) ) ;
#3037 = CARTESIAN_POINT ( 'NONE',  ( 0.2064654264521115778, -0.01678897819016960877, 0.5258848539221305796 ) ) ;
#3038 = VERTEX_POINT ( 'NONE', #756 ) ;
#3039 = ORIENTED_EDGE ( 'NONE', *, *, #1515, .T. ) ;
#3040 = EDGE_LOOP ( 'NONE', ( #720, #2345, #2040, #990, #2905, #658, #1385, #563, #1484 ) ) ;
#3041 = ORIENTED_EDGE ( 'NONE', *, *, #2237, .F. ) ;
#3042 = EDGE_CURVE ( 'NONE', #1912, #3050, #2766, .T. ) ;
#3043 = CARTESIAN_POINT ( 'NONE',  ( -0.1477705393650886601, 0.2759537505836140436, -0.3543590952303095065 ) ) ;
#3044 = CARTESIAN_POINT ( 'NONE',  ( -0.2604170219369118522, 0.2948975160310881583, -0.4700397668561522857 ) ) ;
#3045 = CARTESIAN_POINT ( 'NONE',  ( -0.1897559349520490934, 0.2245361030932211122, -0.3154363847520004205 ) ) ;
#3046 = FACE_OUTER_BOUND ( 'NONE', #189, .T. ) ;
#3047 = DIRECTION ( 'NONE',  ( 0.6427876096865390299, -0.7660444431189782355, 1.647354195508799921E-16 ) ) ;
#3048 = CARTESIAN_POINT ( 'NONE',  ( -0.2270699871520939495, 0.2580580904369784712, -0.3988366479279598642 ) ) ;
#3049 = CARTESIAN_POINT ( 'NONE',  ( -0.04297570878753351892, -0.3126720008996674571, 0.7289129688368877202 ) ) ;
#3050 = VERTEX_POINT ( 'NONE', #2034 ) ;
#3051 = CARTESIAN_POINT ( 'NONE',  ( 0.007555264749070993505, 0.3066166110988047810, -0.3154363847520004205 ) ) ;
#3052 = ORIENTED_EDGE ( 'NONE', *, *, #2462, .F. ) ;
#3053 = CARTESIAN_POINT ( 'NONE',  ( -0.05364025550151077515, -0.2085107474480261125, 0.6234183948890672511 ) ) ;
#3054 = EDGE_CURVE ( 'NONE', #1511, #2569, #2050, .T. ) ;
#3055 = EDGE_LOOP ( 'NONE', ( #3223, #1081, #701, #1611 ) ) ;
#3056 = B_SPLINE_CURVE_WITH_KNOTS ( 'NONE', 3,
 ( #519, #820, #486, #9, #1505, #225, #1015 ),
 .UNSPECIFIED., .F., .F.,
 ( 4, 3, 4 ),
 ( 2.230466363606624464E-05, 4.627504207896915425E-05, 4.966628168873251541E-05 ),
 .UNSPECIFIED. ) ;
#3057 = CARTESIAN_POINT ( 'NONE',  ( -0.1013141035865245260, -0.2257241373864755651, 0.7540116441027668870 ) ) ;
#3058 = CARTESIAN_POINT ( 'NONE',  ( 0.2189533131227675566, 0.02022241544590449094, 0.6832577409621463094 ) ) ;
#3059 = CARTESIAN_POINT ( 'NONE',  ( 0.2189533131227685003, 0.02022241544590545198, 0.7289129688368877202 ) ) ;
#3060 = CARTESIAN_POINT ( 'NONE',  ( 0.02312485858384123738, -0.1440971685317243012, 0.7289129688368877202 ) ) ;
#3061 = CARTESIAN_POINT ( 'NONE',  ( 0.2381883757975081506, 0.05912653502323142463, 0.8853412331175469774 ) ) ;
#3062 = AXIS2_PLACEMENT_3D ( 'NONE', #595, #1085, #102 ) ;
#3063 = EDGE_CURVE ( 'NONE', #1896, #187, #170, .T. ) ;
#3064 = VECTOR ( 'NONE', #272, 1000.000000000000000 ) ;
#3065 = CARTESIAN_POINT ( 'NONE',  ( -0.1001711969841774935, -0.2249680933061101729, 0.6680785984520793974 ) ) ;
#3066 = CARTESIAN_POINT ( 'NONE',  ( 0.08314182501875973241, -0.3020488037934967451, 0.5195704164012501236 ) ) ;
#3067 = ORIENTED_EDGE ( 'NONE', *, *, #1887, .F. ) ;
#3068 = VERTEX_POINT ( 'NONE', #215 ) ;
#3069 = VECTOR ( 'NONE', #1278, 1000.000000000000000 ) ;
#3070 = ORIENTED_EDGE ( 'NONE', *, *, #128, .T. ) ;
#3071 = AXIS2_PLACEMENT_3D ( 'NONE', #177, #400, #2232 ) ;
#3072 = LINE ( 'NONE', #2091, #1546 ) ;
#3073 = CARTESIAN_POINT ( 'NONE',  ( 0.2260542894006916381, 0.04303929631708048459, 0.8635642054659472544 ) ) ;
#3074 = CARTESIAN_POINT ( 'NONE',  ( 0.2053459216028258594, -0.1269582939766406016, 0.5879580729731963551 ) ) ;
#3075 = CARTESIAN_POINT ( 'NONE',  ( 0.2320098824327560816, -0.2781734432005631974, 0.5879580729731963551 ) ) ;
#3076 = CARTESIAN_POINT ( 'NONE',  ( 0.1479950365494118181, -0.3361658121093823448, 0.6234184369119534219 ) ) ;
#3077 = CARTESIAN_POINT ( 'NONE',  ( -0.1012600985051553271, -0.2256879265384597322, 0.7463639313041621204 ) ) ;
#3078 = CARTESIAN_POINT ( 'NONE',  ( -0.05748967794362988548, -0.2089770445297091384, 0.8497413484900049330 ) ) ;
#3079 = EDGE_CURVE ( 'NONE', #2979, #1109, #1699, .T. ) ;
#3080 = DIRECTION ( 'NONE',  ( 1.292953083215570031E-16, 2.289719977101810294E-16, 1.000000000000000000 ) ) ;
#3081 = DIRECTION ( 'NONE',  ( -7.228261246380429926E-17, 1.543945040340209950E-16, 1.000000000000000000 ) ) ;
#3082 = ORIENTED_EDGE ( 'NONE', *, *, #2774, .F. ) ;
#3083 = VERTEX_POINT ( 'NONE', #32 ) ;
#3084 = CARTESIAN_POINT ( 'NONE',  ( 0.2382429854086280385, 0.05918898595714511268, 0.8871094282998579494 ) ) ;
#3085 = ORIENTED_EDGE ( 'NONE', *, *, #1785, .F. ) ;
#3086 = PLANE ( 'NONE',  #3116 ) ;
#3087 = EDGE_CURVE ( 'NONE', #977, #2639, #3234, .T. ) ;
#3088 = FACE_OUTER_BOUND ( 'NONE', #220, .T. ) ;
#3089 = DIRECTION ( 'NONE',  ( -0.001527229394122699277, 0.9999988337845087116, -1.545047161071979681E-16 ) ) ;
#3090 = DIRECTION ( 'NONE',  ( 0.3420218841213358285, 0.9396919871862755569, -1.203610430022859384E-16 ) ) ;
#3091 = CARTESIAN_POINT ( 'NONE',  ( 0.1993702118170788962, -0.3371338367004161340, 0.6234183943833992991 ) ) ;
#3092 = CARTESIAN_POINT ( 'NONE',  ( -0.09325222164160774929, -0.2208266333928313729, 0.7782044857834654605 ) ) ;
#3093 = CARTESIAN_POINT ( 'NONE',  ( 0.09817455686707741991, -0.3131174308260964989, 0.5201977143821663319 ) ) ;
#3094 = EDGE_CURVE ( 'NONE', #570, #399, #1738, .T. ) ;
#3095 = CARTESIAN_POINT ( 'NONE',  ( -0.1011730112512185670, -0.2256296361386958549, 0.6664353928115364090 ) ) ;
#3096 = CARTESIAN_POINT ( 'NONE',  ( -0.09431981667117705914, 0.3064610242984828203, -0.4132269036645829785 ) ) ;
#3097 = ORIENTED_EDGE ( 'NONE', *, *, #647, .F. ) ;
#3098 = DIRECTION ( 'NONE',  ( -0.7660444431189782355, -0.6427876096865391409, 4.387118058474740631E-17 ) ) ;
#3099 = ORIENTED_EDGE ( 'NONE', *, *, #2654, .F. ) ;
#3100 = CARTESIAN_POINT ( 'NONE',  ( -0.1334312366645539483, 0.3036306108188359110, -0.3711176917171343792 ) ) ;
#3101 = ORIENTED_EDGE ( 'NONE', *, *, #3289, .F. ) ;
#3102 = DIRECTION ( 'NONE',  ( 0.9848023444113419567, 0.1736443876795910057, 0.003459634273219069824 ) ) ;
#3103 = CARTESIAN_POINT ( 'NONE',  ( -0.06602367740188176681, -0.2105343955822151780, 0.7294192140551982728 ) ) ;
#3104 = VERTEX_POINT ( 'NONE', #2792 ) ;
#3105 = CARTESIAN_POINT ( 'NONE',  ( 0.02565628710207893889, -0.1419730477957204806, 0.6832577409621463094 ) ) ;
#3106 = APPROVAL_STATUS ( 'not_yet_approved' ) ;
#3107 = CARTESIAN_POINT ( 'NONE',  ( 0.1413858365971075171, -0.1694942035237993749, 0.5879580729731963551 ) ) ;
#3108 = CARTESIAN_POINT ( 'NONE',  ( 0.2785014644271103790, -0.2899871140403603720, 0.6234185051144629508 ) ) ;
#3109 = CARTESIAN_POINT ( 'NONE',  ( -0.1004027341152077396, -0.2251190886221489662, 0.7733206212671147606 ) ) ;
#3110 = CARTESIAN_POINT ( 'NONE',  ( -0.09565642817572650447, -0.2221091140528747010, 0.6349184412363310104 ) ) ;
#3111 = EDGE_LOOP ( 'NONE', ( #1944, #3123, #77, #41, #1677, #1466 ) ) ;
#3112 = LINE ( 'NONE', #1795, #192 ) ;
#3113 = CARTESIAN_POINT ( 'NONE',  ( -0.1394477953922690638, 0.3063921034425061696, -0.4510563800608587415 ) ) ;
#3114 = VERTEX_POINT ( 'NONE', #166 ) ;
#3115 = ADVANCED_FACE ( 'NONE', ( #983, #2252 ), #1243, .T. ) ;
#3116 = AXIS2_PLACEMENT_3D ( 'NONE', #1801, #2836, #1532 ) ;
#3117 = CARTESIAN_POINT ( 'NONE',  ( 0.2382429854086294263, 0.05918898595714578575, 0.7716468041467237082 ) ) ;
#3118 = ORIENTED_EDGE ( 'NONE', *, *, #264, .T. ) ;
#3119 = CARTESIAN_POINT ( 'NONE',  ( 0.03508338551027490732, -0.1793784579961247849, 0.5197781121909385016 ) ) ;
#3120 = CARTESIAN_POINT ( 'NONE',  ( -0.09825903477255358565, -0.2237422123525643347, 0.7402690734703516462 ) ) ;
#3121 = CIRCLE ( 'NONE', #3181, 0.1308822185045566966 ) ;
#3122 = AXIS2_PLACEMENT_3D ( 'NONE', #3228, #1647, #1667 ) ;
#3123 = ORIENTED_EDGE ( 'NONE', *, *, #2086, .F. ) ;
#3124 = CARTESIAN_POINT ( 'NONE',  ( 0.2414659466301467272, -0.08259015236645868285, 0.6234183948890673621 ) ) ;
#3125 = CARTESIAN_POINT ( 'NONE',  ( -0.1639070039092970776, -0.1511288235559196946, 0.8306030826071525430 ) ) ;
#3126 = CIRCLE ( 'NONE', #1893, 0.1308822185045566411 ) ;
#3127 = LOCAL_TIME ( 12, 58, 33.00000000000000000, #2661 ) ;
#3128 = CARTESIAN_POINT ( 'NONE',  ( 0.2826798221387220589, -0.2843636165496797874, 0.6234184776907240044 ) ) ;
#3129 = CARTESIAN_POINT ( 'NONE',  ( 0.01347633896746523036, -0.1325985106156938320, 0.7335210498242987764 ) ) ;
#3130 = CARTESIAN_POINT ( 'NONE',  ( 0.1739962983317923928, -0.3392281865722022727, 0.5205179731174425228 ) ) ;
#3131 = ORIENTED_EDGE ( 'NONE', *, *, #2832, .T. ) ;
#3132 = CYLINDRICAL_SURFACE ( 'NONE', #197, 0.2792153994763875713 ) ;
#3133 = FACE_OUTER_BOUND ( 'NONE', #2737, .T. ) ;
#3134 = ORIENTED_EDGE ( 'NONE', *, *, #1280, .F. ) ;
#3135 = FACE_OUTER_BOUND ( 'NONE', #1221, .T. ) ;
#3136 = ORIENTED_EDGE ( 'NONE', *, *, #762, .F. ) ;
#3137 = ORIENTED_EDGE ( 'NONE', *, *, #1473, .T. ) ;
#3138 = CARTESIAN_POINT ( 'NONE',  ( 0.1447061578684643302, -0.2935671939162721733, 0.5203456491859813626 ) ) ;
#3139 = DIRECTION ( 'NONE',  ( 0.6427837628862538288, -0.7660398586809188393, 0.003459636094443089074 ) ) ;
#3140 = ADVANCED_FACE ( 'NONE', ( #3296 ), #196, .F. ) ;
#3141 = ORIENTED_EDGE ( 'NONE', *, *, #2716, .F. ) ;
#3142 = FACE_OUTER_BOUND ( 'NONE', #2759, .T. ) ;
#3143 = CARTESIAN_POINT ( 'NONE',  ( 0.09330577454449011376, -0.1366486681636467360, -0.4288676407892816900 ) ) ;
#3144 = DIRECTION ( 'NONE',  ( 0.7660429149768887003, 0.6427863274230748436, 0.001997421254205289723 ) ) ;
#3145 = CARTESIAN_POINT ( 'NONE',  ( -0.09647935599217809244, -0.2226683397906180917, 0.7763948126092012902 ) ) ;
#3146 = CARTESIAN_POINT ( 'NONE',  ( 0.09541529648721647217, -0.3109892624379394510, 0.5201844517294778036 ) ) ;
#3147 = B_SPLINE_CURVE_WITH_KNOTS ( 'NONE', 3,
 ( #3153, #833, #1869, #2900 ),
 .UNSPECIFIED., .F., .F.,
 ( 4, 4 ),
 ( -1.627847263962030055, 0.9117822912728481555 ),
 .UNSPECIFIED. ) ;
#3148 = CARTESIAN_POINT ( 'NONE',  ( 0.2118233080400704349, 0.03702024442136597759, 0.8869930713520626231 ) ) ;
#3149 = EDGE_LOOP ( 'NONE', ( #2675, #1989, #802 ) ) ;
#3150 = CARTESIAN_POINT ( 'NONE',  ( 0.03059702840943295463, 0.3066518011985985281, 0.4576412525482470572 ) ) ;
#3151 = CARTESIAN_POINT ( 'NONE',  ( -0.04799660125919068959, -0.2076483181671433531, 0.8446571798659208152 ) ) ;
#3152 = CARTESIAN_POINT ( 'NONE',  ( -0.2712973032318171662, 0.06882869326476843963, -0.3220079639044429731 ) ) ;
#3153 = CARTESIAN_POINT ( 'NONE',  ( 0.2382429854086280385, 0.05918898595714506411, 0.7463639313041621204 ) ) ;
#3154 = CYLINDRICAL_SURFACE ( 'NONE', #3329, 0.01745096246727418157 ) ;
#3155 = LINE ( 'NONE', #317, #1666 ) ;
#3156 = DIRECTION ( 'NONE',  ( 0.7661169908562202036, 0.6426879801283382765, 0.004112969726009670958 ) ) ;
#3157 = ORIENTED_EDGE ( 'NONE', *, *, #1762, .T. ) ;
#3158 = ORIENTED_EDGE ( 'NONE', *, *, #1360, .F. ) ;
#3159 = CARTESIAN_POINT ( 'NONE',  ( -0.2627189736000954956, 0.3233465813925760490, -0.4799021008311757930 ) ) ;
#3160 = DIRECTION ( 'NONE',  ( 0.7660444431189782355, 0.6427876096865390299, 0.000000000000000000 ) ) ;
#3161 = PERSON_AND_ORGANIZATION_ROLE ( 'design_supplier' ) ;
#3162 = EDGE_CURVE ( 'NONE', #2329, #1535, #2105, .T. ) ;
#3163 = CARTESIAN_POINT ( 'NONE',  ( 0.08308421460776874157, -0.3004315110097074415, 0.6234184661744445188 ) ) ;
#3164 = DIRECTION ( 'NONE',  ( 0.9396919871862755569, -0.3420218841213358285, 1.207296909128230237E-16 ) ) ;
#3165 = CARTESIAN_POINT ( 'NONE',  ( 0.1879948598150531502, -0.3388038797557397230, 0.5205699502775424925 ) ) ;
#3166 = EDGE_LOOP ( 'NONE', ( #1797, #295, #1305, #731, #1428, #3157 ) ) ;
#3167 = EDGE_CURVE ( 'NONE', #2010, #2295, #2151, .T. ) ;
#3168 = CC_DESIGN_PERSON_AND_ORGANIZATION_ASSIGNMENT ( #1579, #3161, ( #2484 ) ) ;
#3169 = DIRECTION ( 'NONE',  ( -0.6427837628862538288, 0.7660398586809188393, -0.003459636094443089074 ) ) ;
#3170 = CARTESIAN_POINT ( 'NONE',  ( -0.3862280866069008334, 0.1138231254583847024, 0.9008956992170138456 ) ) ;
#3171 = PLANE ( 'NONE',  #733 ) ;
#3172 = VERTEX_POINT ( 'NONE', #737 ) ;
#3173 = EDGE_CURVE ( 'NONE', #1535, #1783, #1773, .T. ) ;
#3174 = PLANE ( 'NONE',  #2257 ) ;
#3175 = CARTESIAN_POINT ( 'NONE',  ( 0.2414659466301467272, -0.08259015236645868285, 0.6234183948890673621 ) ) ;
#3176 = CARTESIAN_POINT ( 'NONE',  ( -0.08045770853849688875, -0.2149049360367983330, 0.6781464723937133954 ) ) ;
#3177 = AXIS2_PLACEMENT_3D ( 'NONE', #1902, #324, #357 ) ;
#3178 = CARTESIAN_POINT ( 'NONE',  ( 0.2623299001596491320, -0.1948691551420461132, 0.5879580729731963551 ) ) ;
#3179 = EDGE_LOOP ( 'NONE', ( #2133, #1848, #566, #23 ) ) ;
#3180 = ORIENTED_EDGE ( 'NONE', *, *, #1020, .T. ) ;
#3181 = AXIS2_PLACEMENT_3D ( 'NONE', #1414, #1125, #635 ) ;
#3182 = CARTESIAN_POINT ( 'NONE',  ( -0.2715812723213012481, 0.2547658939288239832, -0.5046241708857793773 ) ) ;
#3183 = LINE ( 'NONE', #2155, #2314 ) ;
#3184 = APPROVAL_DATE_TIME ( #1878, #221 ) ;
#3185 = APPLICATION_PROTOCOL_DEFINITION ( 'international standard', 'config_control_design', 1994, #1507 ) ;
#3186 = CARTESIAN_POINT ( 'NONE',  ( 0.07617929456165513369, -0.2929114346914319933, 0.6234184382687852910 ) ) ;
#3187 = FACE_OUTER_BOUND ( 'NONE', #1096, .T. ) ;
#3188 = AXIS2_PLACEMENT_3D ( 'NONE', #3257, #209, #1752 ) ;
#3189 = CARTESIAN_POINT ( 'NONE',  ( 0.2713130595233788078, -0.2988606804544017281, 0.5208281712950308950 ) ) ;
#3190 = VECTOR ( 'NONE', #3090, 1000.000000000000000 ) ;
#3191 = B_SPLINE_CURVE_WITH_KNOTS ( 'NONE', 3,
 ( #527, #1053, #2325, #2106 ),
 .UNSPECIFIED., .F., .F.,
 ( 4, 4 ),
 ( -0.3241243950685460118, -1.066610577638016366E-09 ),
 .UNSPECIFIED. ) ;
#3192 = EDGE_CURVE ( 'NONE', #1592, #1329, #3126, .T. ) ;
#3193 = DIRECTION ( 'NONE',  ( -7.228261246380429926E-17, 1.543945040340209950E-16, 1.000000000000000000 ) ) ;
#3194 = EDGE_CURVE ( 'NONE', #3083, #1528, #691, .T. ) ;
#3195 = LINE ( 'NONE', #865, #2798 ) ;
#3196 = ORIENTED_EDGE ( 'NONE', *, *, #2520, .F. ) ;
#3197 = CARTESIAN_POINT ( 'NONE',  ( 0.2597076222069583662, -0.3079572542411495584, 0.8344075427847065241 ) ) ;
#3198 = CARTESIAN_POINT ( 'NONE',  ( 0.2895679958697374157, -0.1397171182816249191, 0.5899741627898642538 ) ) ;
#3199 = DIRECTION ( 'NONE',  ( 0.9999988337845087116, 0.001527229394122699277, 7.204673234185018028E-17 ) ) ;
#3200 = B_SPLINE_SURFACE_WITH_KNOTS ( 'NONE', 3, 3, ( 
 ( #124, #1662, #2708, #2417, #92, #2439, #1111, #109, #1404, #2167, #2451 ),
 ( #3224, #155, #1941, #2147, #655, #1680, #913, #2992, #396, #1415, #849 ),
 ( #1891, #1747, #1712, #2228, #2259, #2782, #2754, #2510, #1449, #1198, #940 ),
 ( #2020, #430, #3048, #3285, #217, #2497, #1479, #2244, #2277, #960, #712 ),
 ( #682, #2005, #3036, #173, #457, #1186, #3005, #2564, #2551, #442, #494 ) ),
 .UNSPECIFIED., .F., .F., .F.,
 ( 4, 1, 4 ),
 ( 4, 1, 1, 1, 1, 1, 2, 4 ),
 ( 0.000000000000000000, 0.5714285714285709528, 1.000000000000000000 ),
 ( 0.000000000000000000, 0.3394718279783879855, 0.6789436559567759710, 0.8486795699459699360, 1.018415483935160015, 1.357887311913549944, 1.697359139891940094, 1.698935454218559959 ),
 .UNSPECIFIED. ) ;
#3201 = ORIENTED_EDGE ( 'NONE', *, *, #2242, .F. ) ;
#3202 = CARTESIAN_POINT ( 'NONE',  ( -0.2715807671834915560, 0.2544351399355014864, -0.5044430769272780779 ) ) ;
#3203 = DIRECTION ( 'NONE',  ( -7.228261246380429926E-17, 1.543945040340209950E-16, 1.000000000000000000 ) ) ;
#3204 = FACE_OUTER_BOUND ( 'NONE', #855, .T. ) ;
#3205 = CARTESIAN_POINT ( 'NONE',  ( 0.06363530545925899506, 0.3067022582852835244, 0.1621382881024046041 ) ) ;
#3206 = CARTESIAN_POINT ( 'NONE',  ( 0.2663329197075456900, -0.3037862313234945821, 0.5208162052211828819 ) ) ;
#3207 = CARTESIAN_POINT ( 'NONE',  ( 0.09913109921612799080, 0.2249760760996147579, 0.8053291312049344342 ) ) ;
#3208 = CARTESIAN_POINT ( 'NONE',  ( 0.2288311418147079002, 0.04461922422182061643, 0.6285296634575001651 ) ) ;
#3209 = EDGE_LOOP ( 'NONE', ( #1992, #315, #2727, #1289 ) ) ;
#3210 = ADVANCED_FACE ( 'NONE', ( #2390 ), #1820, .F. ) ;
#3211 = CARTESIAN_POINT ( 'NONE',  ( 0.09330577454449011376, -0.1366486681636467360, -0.6089397597484672575 ) ) ;
#3212 = ORIENTED_EDGE ( 'NONE', *, *, #581, .F. ) ;
#3213 = DIRECTION ( 'NONE',  ( -7.280683935136020121E-17, 1.456136787027204024E-16, 1.000000000000000000 ) ) ;
#3214 = ORIENTED_EDGE ( 'NONE', *, *, #3265, .F. ) ;
#3215 = CARTESIAN_POINT ( 'NONE',  ( 0.07350548783767062166, 0.2249369398670340303, 0.8053291312049349893 ) ) ;
#3216 = CARTESIAN_POINT ( 'NONE',  ( 0.007981690714443330503, 0.02740153724774197636, 0.6078940288234704337 ) ) ;
#3217 = CARTESIAN_POINT ( 'NONE',  ( 0.1303890265403329918, -0.1365920334651209989, -0.4288676407892816900 ) ) ;
#3218 = CARTESIAN_POINT ( 'NONE',  ( 0.3053044712050813625, -0.2327260471583521007, 0.5208654090261383152 ) ) ;
#3219 = EDGE_CURVE ( 'NONE', #1800, #816, #2271, .T. ) ;
#3220 = CARTESIAN_POINT ( 'NONE',  ( -0.07025948161589427865, -0.2107809762576590418, 0.4974001427412965692 ) ) ;
#3221 = PLANE ( 'NONE',  #1657 ) ;
#3222 = DIRECTION ( 'NONE',  ( 0.000000000000000000, -2.150468174929300016E-16, -1.000000000000000000 ) ) ;
#3223 = ORIENTED_EDGE ( 'NONE', *, *, #2146, .F. ) ;
#3224 = CARTESIAN_POINT ( 'NONE',  ( -0.2716008360047372783, 0.2675757970745483716, -0.4812278271555342490 ) ) ;
#3225 = PLANE ( 'NONE',  #2853 ) ;
#3226 = CLOSED_SHELL ( 'NONE', ( #1124, #484, #1563, #493, #1614, #3210, #2162, #1067, #1669, #2437, #1194, #70, #3140, #2707, #3328, #181, #259, #372, #162, #2947, #2725, #3115, #287, #118, #112, #270, #106, #980, #2969, #1418, #2031, #1858, #1735, #1478, #2394, #518, #3019, #964, #806, #1710, #3340, #2695, #541, #2114, #1244, #1673, #799, #1439, #1299, #159, #783, #1690, #2550, #1867, #1740, #37, #1715, #456, #1218, #123, #2554, #1907, #1365, #3261, #700, #1589, #1930, #408, #1080, #22, #1985, #1812, #1965, #2324, #2811, #567, #559 ) ) ;
#3227 = CC_DESIGN_DATE_AND_TIME_ASSIGNMENT ( #557, #2096, ( #1118 ) ) ;
#3228 = CARTESIAN_POINT ( 'NONE',  ( 0.1755777249597303136, -0.2076960179124539285, 0.8344075427847065241 ) ) ;
#3229 = CIRCLE ( 'NONE', #525, 0.1308822185045566966 ) ;
#3230 =( BOUNDED_CURVE ( )  B_SPLINE_CURVE ( 3, ( #1790, #3125, #804, #1066 ),
 .UNSPECIFIED., .F., .T. ) 
 B_SPLINE_CURVE_WITH_KNOTS ( ( 4, 4 ),
 ( 0.7853981633974489451, 1.167096907443581966 ),
 .UNSPECIFIED. ) 
 CURVE ( )  GEOMETRIC_REPRESENTATION_ITEM ( )  RATIONAL_B_SPLINE_CURVE ( ( 1.000000000000000000, 0.9878956462998870203, 0.9878956462998870203, 1.000000000000000000 ) ) 
 REPRESENTATION_ITEM ( '' )  );
#3231 = CIRCLE ( 'NONE', #38, 0.1047057748036452490 ) ;
#3232 = CARTESIAN_POINT ( 'NONE',  ( 0.2382429854086280385, 0.05918898595714501554, 0.8853341718056316756 ) ) ;
#3233 = FACE_OUTER_BOUND ( 'NONE', #2499, .T. ) ;
#3234 = B_SPLINE_CURVE_WITH_KNOTS ( 'NONE', 3,
 ( #2614, #2080, #3343, #1583 ),
 .UNSPECIFIED., .F., .F.,
 ( 4, 4 ),
 ( 0.000000000000000000, 1.000000000000000000 ),
 .UNSPECIFIED. ) ;
#3235 = CARTESIAN_POINT ( 'NONE',  ( 0.2769480742654180094, -0.2925277793410219207, 0.5208406710009199081 ) ) ;
#3236 = AXIS2_PLACEMENT_3D ( 'NONE', #420, #3295, #2998 ) ;
#3237 = CIRCLE ( 'NONE', #3188, 0.1308822185045566966 ) ;
#3238 = CARTESIAN_POINT ( 'NONE',  ( 0.2334095203087383774, 0.05240718460213608654, 0.7349706814312647607 ) ) ;
#3239 = CARTESIAN_POINT ( 'NONE',  ( -0.2712333831366199877, 0.02697511128236983538, 0.6792226913175692937 ) ) ;
#3240 = ORIENTED_EDGE ( 'NONE', *, *, #447, .T. ) ;
#3241 = CARTESIAN_POINT ( 'NONE',  ( -0.2714440900339308849, 0.1649417143296873500, -0.4435110737987111307 ) ) ;
#3242 = CARTESIAN_POINT ( 'NONE',  ( 0.2824776147706711260, -0.2931258908176518907, 0.5206491588198689513 ) ) ;
#3243 = ORIENTED_EDGE ( 'NONE', *, *, #776, .F. ) ;
#3244 = CARTESIAN_POINT ( 'NONE',  ( 0.3059710472891514765, -0.2190954769654322454, 0.7289129688368877202 ) ) ;
#3245 = EDGE_CURVE ( 'NONE', #884, #175, #262, .T. ) ;
#3246 = LINE ( 'NONE', #931, #2847 ) ;
#3247 = DIRECTION ( 'NONE',  ( -0.7071059565476649489, -0.001079914261011472162, 0.7071067811865479058 ) ) ;
#3248 = CARTESIAN_POINT ( 'NONE',  ( 0.2867060626279931412, -0.2792873501340711329, 0.5208592023795626247 ) ) ;
#3249 = CARTESIAN_POINT ( 'NONE',  ( 0.2368213306340473945, -0.07704688974132231638, 0.7887523149099658903 ) ) ;
#3250 = CARTESIAN_POINT ( 'NONE',  ( 0.01672067725765176774, -0.1364649624286129181, 0.7298197700101266561 ) ) ;
#3251 = CARTESIAN_POINT ( 'NONE',  ( 0.1955613549273295948, -0.02720879236484415389, 0.5201726229431813397 ) ) ;
#3252 = ORIENTED_EDGE ( 'NONE', *, *, #862, .T. ) ;
#3253 = CARTESIAN_POINT ( 'NONE',  ( -0.09325222164160684724, -0.2208266333928309011, 0.6727099118356445473 ) ) ;
#3254 = DIRECTION ( 'NONE',  ( 0.6427876096865393629, -0.7660444431189779024, 0.000000000000000000 ) ) ;
#3255 = ORIENTED_EDGE ( 'NONE', *, *, #2575, .T. ) ;
#3256 = VERTEX_POINT ( 'NONE', #3107 ) ;
#3257 = CARTESIAN_POINT ( 'NONE',  ( 0.1755868751404268679, -0.2076883399992063006, 0.6832577409621463094 ) ) ;
#3258 = CARTESIAN_POINT ( 'NONE',  ( -0.07085130256455454689, -0.2117450443974020213, 0.7864943257582438507 ) ) ;
#3259 = CARTESIAN_POINT ( 'NONE',  ( 0.1750376239503136089, -0.2095988419991991480, 0.7887523149099658903 ) ) ;
#3260 = CARTESIAN_POINT ( 'NONE',  ( 0.3038102138309518030, -0.1772264406033660922, 0.5207839540827722269 ) ) ;
#3261 = ADVANCED_FACE ( 'NONE', ( #782 ), #1279, .T. ) ;
#3262 = CARTESIAN_POINT ( 'NONE',  ( 0.3027269722493922122, -0.1750000585605192005, 0.6234183984196904893 ) ) ;
#3263 = DIRECTION ( 'NONE',  ( 0.000000000000000000, -6.825144094818748664E-17, -1.000000000000000000 ) ) ;
#3264 = DIRECTION ( 'NONE',  ( 0.003753911074754701094, -0.001366319768732000969, -0.9999920206291310620 ) ) ;
#3265 = EDGE_CURVE ( 'NONE', #2816, #465, #996, .T. ) ;
#3266 = CC_DESIGN_PERSON_AND_ORGANIZATION_ASSIGNMENT ( #1668, #1395, ( #2318 ) ) ;
#3267 = CARTESIAN_POINT ( 'NONE',  ( 0.2289213576045652510, 0.04537034992384251370, 0.4915473401919324137 ) ) ;
#3268 = CARTESIAN_POINT ( 'NONE',  ( 0.2414224630279546702, -0.08264701182684562608, 0.6404028180342765664 ) ) ;
#3269 = EDGE_CURVE ( 'NONE', #1993, #2539, #158, .T. ) ;
#3270 = CARTESIAN_POINT ( 'NONE',  ( -0.2578721991492351484, 0.2521591727245446890, -0.4129468089600195624 ) ) ;
#3271 = VERTEX_POINT ( 'NONE', #3074 ) ;
#3272 = ORIENTED_EDGE ( 'NONE', *, *, #2254, .F. ) ;
#3273 = CARTESIAN_POINT ( 'NONE',  ( 0.1300468833425334203, 0.08743639350468918048, -0.6504596527268219353 ) ) ;
#3274 = CARTESIAN_POINT ( 'NONE',  ( -0.2999689253984343384, 0.2393686532147834556, -0.4259177941313793125 ) ) ;
#3275 = AXIS2_PLACEMENT_3D ( 'NONE', #1868, #585, #1610 ) ;
#3276 = CARTESIAN_POINT ( 'NONE',  ( 0.1750376239503136089, -0.2095988419991991480, 0.7289129688368877202 ) ) ;
#3277 = DIRECTION ( 'NONE',  ( 0.7660444431189782355, 0.6427876096865390299, -4.387118058474740015E-17 ) ) ;
#3278 = CARTESIAN_POINT ( 'NONE',  ( 0.3075880765928524219, -0.2064293950142821465, 0.5208380186130431300 ) ) ;
#3279 = VECTOR ( 'NONE', #449, 1000.000000000000000 ) ;
#3280 = CARTESIAN_POINT ( 'NONE',  ( 0.3007977125685388775, -0.2481956457735126631, 0.6234184642686387834 ) ) ;
#3281 = CYLINDRICAL_SURFACE ( 'NONE', #3017, 0.01745096246727418157 ) ;
#3282 = VECTOR ( 'NONE', #2666, 1000.000000000000000 ) ;
#3283 = DIRECTION ( 'NONE',  ( -7.228261246380429926E-17, 1.543945040340209950E-16, 1.000000000000000000 ) ) ;
#3284 = EDGE_CURVE ( 'NONE', #685, #1328, #2917, .T. ) ;
#3285 = CARTESIAN_POINT ( 'NONE',  ( -0.2382969348378479457, 0.2169548924310270299, -0.3799092636012399993 ) ) ;
#3286 = CARTESIAN_POINT ( 'NONE',  ( 0.2382429854086280385, 0.05918898595714501554, 0.4688971358547400770 ) ) ;
#3287 = ORIENTED_EDGE ( 'NONE', *, *, #238, .F. ) ;
#3288 = VECTOR ( 'NONE', #679, 1000.000000000000341 ) ;
#3289 = EDGE_CURVE ( 'NONE', #2010, #1130, #2077, .T. ) ;
#3290 = ORIENTED_EDGE ( 'NONE', *, *, #1032, .F. ) ;
#3291 = VERTEX_POINT ( 'NONE', #520 ) ;
#3292 = CYLINDRICAL_SURFACE ( 'NONE', #2046, 0.01745096246727418157 ) ;
#3293 = EDGE_CURVE ( 'NONE', #915, #545, #1281, .T. ) ;
#3294 = FACE_BOUND ( 'NONE', #16, .T. ) ;
#3295 = DIRECTION ( 'NONE',  ( -2.159011887891894950E-17, -1.448607047974698085E-17, -1.000000000000000000 ) ) ;
#3296 = FACE_OUTER_BOUND ( 'NONE', #273, .T. ) ;
#3297 = CARTESIAN_POINT ( 'NONE',  ( 0.3034940040310511455, -0.1782452089849404786, 0.6234183983629608683 ) ) ;
#3298 = PLANE ( 'NONE',  #1539 ) ;
#3299 = DIRECTION ( 'NONE',  ( -1.292953083215570031E-16, -2.289719977101810294E-16, -1.000000000000000000 ) ) ;
#3300 = CARTESIAN_POINT ( 'NONE',  ( -0.08045770853849688875, -0.2149049360367983330, 0.6781464723937133954 ) ) ;
#3301 = CARTESIAN_POINT ( 'NONE',  ( 0.1121522828745162709, -0.3277186277907094825, 0.5543793567445877146 ) ) ;
#3302 = VERTEX_POINT ( 'NONE', #301 ) ;
#3303 = ORIENTED_EDGE ( 'NONE', *, *, #1845, .T. ) ;
#3304 = EDGE_CURVE ( 'NONE', #1514, #2979, #2610, .T. ) ;
#3305 = ORIENTED_EDGE ( 'NONE', *, *, #2062, .F. ) ;
#3306 = CARTESIAN_POINT ( 'NONE',  ( 0.1755868751404268679, -0.2076883399992063006, 0.7289129688368877202 ) ) ;
#3307 = DIRECTION ( 'NONE',  ( 0.6427876096865390299, -0.7660444431189782355, 1.647354195508799921E-16 ) ) ;
#3308 = CARTESIAN_POINT ( 'NONE',  ( 0.3020115417844249639, -0.1704805887641948070, 0.5207679780217693288 ) ) ;
#3309 = EDGE_CURVE ( 'NONE', #2867, #618, #3230, .T. ) ;
#3310 = CARTESIAN_POINT ( 'NONE',  ( -0.2715812723213066326, 0.2547658939320877614, -0.5046241708875658372 ) ) ;
#3311 = CARTESIAN_POINT ( 'NONE',  ( 0.3018019678284305507, -0.2450600977703897843, 0.6234184738125582159 ) ) ;
#3312 = CARTESIAN_POINT ( 'NONE',  ( 0.007600283736066155288, 0.2771390914371826275, 0.7327629515422627859 ) ) ;
#3313 = DIRECTION ( 'NONE',  ( -0.9848015377241544632, -0.1736489628274319463, -0.003459624993798123341 ) ) ;
#3314 = VERTEX_POINT ( 'NONE', #240 ) ;
#3315 = CARTESIAN_POINT ( 'NONE',  ( -0.09786555627597914864, -0.2235035766768704302, 0.6700197793670239488 ) ) ;
#3316 = CARTESIAN_POINT ( 'NONE',  ( 0.06642392436566940672, -0.2797389239744766942, 0.6234103742593712916 ) ) ;
#3317 = ORIENTED_EDGE ( 'NONE', *, *, #1780, .T. ) ;
#3318 = B_SPLINE_CURVE_WITH_KNOTS ( 'NONE', 3,
 ( #405, #2475, #957, #1475, #426, #1196, #169 ),
 .UNSPECIFIED., .F., .F.,
 ( 4, 3, 4 ),
 ( 0.000000000000000000, 3.808594908592478543E-05, 6.094478199992463144E-05 ),
 .UNSPECIFIED. ) ;
#3319 = ORIENTED_EDGE ( 'NONE', *, *, #1434, .T. ) ;
#3320 = ORIENTED_EDGE ( 'NONE', *, *, #2840, .T. ) ;
#3321 = CARTESIAN_POINT ( 'NONE',  ( 0.2414774842520606979, -0.08259712428632583203, 0.6832577409621463094 ) ) ;
#3322 = CYLINDRICAL_SURFACE ( 'NONE', #2536, 0.1308822185045565578 ) ;
#3323 = CARTESIAN_POINT ( 'NONE',  ( 0.3075472045908403951, -0.2099409122386538817, 0.5208426652288894454 ) ) ;
#3324 = CARTESIAN_POINT ( 'NONE',  ( 0.1672574767574931121, -0.3389395727728306551, 0.6234184177749853006 ) ) ;
#3325 = CARTESIAN_POINT ( 'NONE',  ( 0.06904786255370500003, -0.2832832258289100791, 0.5800423516933178592 ) ) ;
#3326 = CARTESIAN_POINT ( 'NONE',  ( -0.2417558634749973068, 0.02702013026936482890, 0.7327629515422627859 ) ) ;
#3327 = VECTOR ( 'NONE', #2646, 1000.000000000000227 ) ;
#3328 = ADVANCED_FACE ( 'NONE', ( #1258 ), #2118, .T. ) ;
#3329 = AXIS2_PLACEMENT_3D ( 'NONE', #2671, #2637, #316 ) ;
#3330 = CARTESIAN_POINT ( 'NONE',  ( -0.1012286532817453510, -0.2256668388972508654, 0.6662337834002781678 ) ) ;
#3331 = CARTESIAN_POINT ( 'NONE',  ( -0.2715812723213066326, 0.2547658939320877614, -0.5046241708875658372 ) ) ;
#3332 = ORIENTED_EDGE ( 'NONE', *, *, #3293, .F. ) ;
#3333 = VERTEX_POINT ( 'NONE', #1596 ) ;
#3334 = AXIS2_PLACEMENT_3D ( 'NONE', #243, #2647, #2825 ) ;
#3335 = ORIENTED_EDGE ( 'NONE', *, *, #842, .T. ) ;
#3336 = VECTOR ( 'NONE', #947, 1000.000000000000114 ) ;
#3337 = CARTESIAN_POINT ( 'NONE',  ( -0.03421457758481440126, -0.1694300546621117232, 0.8853320919689430246 ) ) ;
#3338 = DIRECTION ( 'NONE',  ( 0.6427876096865390299, -0.7660444431189782355, 1.647354195508799921E-16 ) ) ;
#3339 = DIRECTION ( 'NONE',  ( -0.7660444431189782355, -0.6427876096865390299, -2.952952626703235016E-16 ) ) ;
#3340 = ADVANCED_FACE ( 'NONE', ( #1338 ), #1068, .F. ) ;
#3341 = CARTESIAN_POINT ( 'NONE',  ( 0.2927978274507674894, -0.2676475391943450854, 0.6234184194972459681 ) ) ;
#3342 = CARTESIAN_POINT ( 'NONE',  ( -0.1010920127771904459, -0.2255754798355547874, 0.7722234509206546971 ) ) ;
#3343 = CARTESIAN_POINT ( 'NONE',  ( -0.02968325257285258159, -0.1656217524905194416, 0.4575529199500925626 ) ) ;
#3344 = CARTESIAN_POINT ( 'NONE',  ( -0.009564874908526012354, 0.3065904646877946615, -0.3319192016285474889 ) ) ;
#3345 = DIRECTION ( 'NONE',  ( -0.6427876096865390299, 0.7660444431189782355, -1.647354195508799921E-16 ) ) ;
ENDSEC;
END-ISO-10303-21;
