  0
SECTION
  2
HEADER
  9
$ACADVER
  1
AC1015
  9
$ACADMAINTVER
 70
     6
  9
$DWGCODEPAGE
  3
ANSI_936
  9
$INSBASE
 10
0.0
 20
0.0
 30
0.0
  9
$EXTMIN
 10
0.0
 20
0.0
 30
0.0
  9
$EXTMAX
 10
297.0
 20
210.0
 30
0.0
  9
$LIMMIN
 10
0.0
 20
0.0
  9
$LIMMAX
 10
297.0
 20
210.0
  9
$ORTHOMODE
 70
     0
  9
$REGENMODE
 70
     1
  9
$FILLMODE
 70
     1
  9
$QTEXTMODE
 70
     0
  9
$MIRRTEXT
 70
     1
  9
$LTSCALE
 40
1.0
  9
$ATTMODE
 70
     1
  9
$TEXTSIZE
 40
3.5
  9
$TRACEWID
 40
1.0
  9
$TEXTSTYLE
  7
Standard
  9
$CLAYER
  8
0
  9
$CELTYPE
  6
ByLayer
  9
$CECOLOR
 62
   256
  9
$CELTSCALE
 40
1.0
  9
$DISPSILH
 70
     0
  9
$DIMSCALE
 40
1.0
  9
$DIMASZ
 40
4.08
  9
$DIMEXO
 40
0.0
  9
$DIMDLI
 40
3.75
  9
$DIMRND
 40
0.0
  9
$DIMDLE
 40
0.0
  9
$DIMEXE
 40
2.0
  9
$DIMTP
 40
0.0
  9
$DIMTM
 40
0.0
  9
$DIMTXT
 40
3.5
  9
$DIMCEN
 40
2.5
  9
$DIMTSZ
 40
0.0
  9
$DIMTOL
 70
     0
  9
$DIMLIM
 70
     0
  9
$DIMTIH
 70
     1
  9
$DIMTOH
 70
     1
  9
$DIMSE1
 70
     0
  9
$DIMSE2
 70
     0
  9
$DIMTAD
 70
     1
  9
$DIMZIN
 70
     0
  9
$DIMBLK
  1

  9
$DIMASO
 70
     1
  9
$DIMSHO
 70
     1
  9
$DIMPOST
  1

  9
$DIMAPOST
  1

  9
$DIMALT
 70
     0
  9
$DIMALTD
 70
     3
  9
$DIMALTF
 40
0.0393700787
  9
$DIMLFAC
 40
2.0
  9
$DIMTOFL
 70
     1
  9
$DIMTVP
 40
0.0
  9
$DIMTIX
 70
     0
  9
$DIMSOXD
 70
     0
  9
$DIMSAH
 70
     0
  9
$DIMBLK1
  1

  9
$DIMBLK2
  1

  9
$DIMSTYLE
  2
ISO-25
  9
$DIMCLRD
 70
     0
  9
$DIMCLRE
 70
     0
  9
$DIMCLRT
 70
     0
  9
$DIMTFAC
 40
1.0
  9
$DIMGAP
 40
1.524
  9
$DIMJUST
 70
     0
  9
$DIMSD1
 70
     0
  9
$DIMSD2
 70
     0
  9
$DIMTOLJ
 70
     0
  9
$DIMTZIN
 70
     0
  9
$DIMALTZ
 70
     0
  9
$DIMALTTZ
 70
     0
  9
$DIMUPT
 70
     0
  9
$DIMDEC
 70
     2
  9
$DIMTDEC
 70
     2
  9
$DIMALTU
 70
     2
  9
$DIMALTTD
 70
     3
  9
$DIMTXSTY
  7
Standard
  9
$DIMAUNIT
 70
     0
  9
$DIMADEC
 70
     2
  9
$DIMALTRND
 40
0.0
  9
$DIMAZIN
 70
     0
  9
$DIMDSEP
 70
    44
  9
$DIMATFIT
 70
     3
  9
$DIMFRAC
 70
     0
  9
$DIMLDRBLK
  1

  9
$DIMLUNIT
 70
     2
  9
$DIMLWD
 70
    -2
  9
$DIMLWE
 70
    -2
  9
$DIMTMOVE
 70
     0
  9
$LUNITS
 70
     2
  9
$LUPREC
 70
     2
  9
$SKETCHINC
 40
1.0
  9
$FILLETRAD
 40
0.0
  9
$AUNITS
 70
     0
  9
$AUPREC
 70
     2
  9
$MENU
  1
.
  9
$ELEVATION
 40
0.0
  9
$PELEVATION
 40
0.0
  9
$THICKNESS
 40
0.0
  9
$LIMCHECK
 70
     0
  9
$CHAMFERA
 40
0.0
  9
$CHAMFERB
 40
0.0
  9
$CHAMFERC
 40
0.0
  9
$CHAMFERD
 40
0.0
  9
$SKPOLY
 70
     0
  9
$TDCREATE
 40
2461215.727805869
  9
$TDUCREATE
 40
2461215.394472535
  9
$TDUPDATE
 40
2461215.72780684
  9
$TDUUPDATE
 40
2461215.394473507
  9
$TDINDWG
 40
0.0000000116
  9
$TDUSRTIMER
 40
0.0000000116
  9
$USRTIMER
 70
     1
  9
$ANGBASE
 50
0.0
  9
$ANGDIR
 70
     0
  9
$PDMODE
 70
     0
  9
$PDSIZE
 40
-1.0
  9
$PLINEWID
 40
0.0
  9
$SPLFRAME
 70
     0
  9
$SPLINETYPE
 70
     6
  9
$SPLINESEGS
 70
     8
  9
$HANDSEED
  5
19F
  9
$SURFTAB1
 70
     6
  9
$SURFTAB2
 70
     6
  9
$SURFTYPE
 70
     6
  9
$SURFU
 70
     6
  9
$SURFV
 70
     6
  9
$UCSBASE
  2

  9
$UCSNAME
  2

  9
$UCSORG
 10
0.0
 20
0.0
 30
0.0
  9
$UCSXDIR
 10
1.0
 20
0.0
 30
0.0
  9
$UCSYDIR
 10
0.0
 20
1.0
 30
0.0
  9
$UCSORTHOREF
  2

  9
$UCSORTHOVIEW
 70
     0
  9
$UCSORGTOP
 10
0.0
 20
0.0
 30
0.0
  9
$UCSORGBOTTOM
 10
0.0
 20
0.0
 30
0.0
  9
$UCSORGLEFT
 10
0.0
 20
0.0
 30
0.0
  9
$UCSORGRIGHT
 10
0.0
 20
0.0
 30
0.0
  9
$UCSORGFRONT
 10
0.0
 20
0.0
 30
0.0
  9
$UCSORGBACK
 10
0.0
 20
0.0
 30
0.0
  9
$PUCSBASE
  2

  9
$PUCSNAME
  2

  9
$PUCSORG
 10
0.0
 20
0.0
 30
0.0
  9
$PUCSXDIR
 10
1.0
 20
0.0
 30
0.0
  9
$PUCSYDIR
 10
0.0
 20
1.0
 30
0.0
  9
$PUCSORTHOREF
  2

  9
$PUCSORTHOVIEW
 70
     0
  9
$PUCSORGTOP
 10
0.0
 20
0.0
 30
0.0
  9
$PUCSORGBOTTOM
 10
0.0
 20
0.0
 30
0.0
  9
$PUCSORGLEFT
 10
0.0
 20
0.0
 30
0.0
  9
$PUCSORGRIGHT
 10
0.0
 20
0.0
 30
0.0
  9
$PUCSORGFRONT
 10
0.0
 20
0.0
 30
0.0
  9
$PUCSORGBACK
 10
0.0
 20
0.0
 30
0.0
  9
$USERI1
 70
     0
  9
$USERI2
 70
     0
  9
$USERI3
 70
     0
  9
$USERI4
 70
     0
  9
$USERI5
 70
     0
  9
$USERR1
 40
0.0
  9
$USERR2
 40
0.0
  9
$USERR3
 40
0.0
  9
$USERR4
 40
0.0
  9
$USERR5
 40
0.0
  9
$WORLDVIEW
 70
     1
  9
$SHADEDGE
 70
     3
  9
$SHADEDIF
 70
    70
  9
$TILEMODE
 70
     1
  9
$MAXACTVP
 70
    64
  9
$PINSBASE
 10
0.0
 20
0.0
 30
0.0
  9
$PLIMCHECK
 70
     0
  9
$PEXTMIN
 10
1.0000000000E+20
 20
1.0000000000E+20
 30
1.0000000000E+20
  9
$PEXTMAX
 10
-1.0000000000E+20
 20
-1.0000000000E+20
 30
-1.0000000000E+20
  9
$PLIMMIN
 10
0.0
 20
0.0
  9
$PLIMMAX
 10
420.0
 20
297.0
  9
$UNITMODE
 70
     0
  9
$VISRETAIN
 70
     1
  9
$PLINEGEN
 70
     0
  9
$PSLTSCALE
 70
     1
  9
$TREEDEPTH
 70
  3020
  9
$CMLSTYLE
  2
Standard
  9
$CMLJUST
 70
     0
  9
$CMLSCALE
 40
20.0
  9
$PROXYGRAPHICS
 70
     1
  9
$MEASUREMENT
 70
     1
  9
$CELWEIGHT
370
    -1
  9
$ENDCAPS
280
     0
  9
$JOINSTYLE
280
     0
  9
$LWDISPLAY
290
     1
  9
$INSUNITS
 70
     4
  9
$HYPERLINKBASE
  1

  9
$STYLESHEET
  1

  9
$XEDIT
290
     1
  9
$CEPSNTYPE
380
     0
  9
$PSTYLEMODE
290
     1
  9
$FINGERPRINTGUID
  2
{d35733a0-6401-4408-ad4c-2d3a6bd18add}
  9
$VERSIONGUID
  2
{FAEB1C32-E019-11D5-929B-00C0DF256EC4}
  9
$EXTNAMES
290
     1
  9
$PSVPSCALE
 40
0.0
  9
$OLESTARTUP
290
     0
  0
ENDSEC
  0
SECTION
  2
CLASSES
  0
CLASS
  1
ACDBDICTIONARYWDFLT
  2
AcDbDictionaryWithDefault
  3
ObjectDBX Classes
 90
        0
280
     0
281
     0
  0
CLASS
  1
VISUALSTYLE
  2
AcDbVisualStyle
  3
ObjectDBX Classes
 90
     4095
280
     0
281
     0
  0
CLASS
  1
MATERIAL
  2
AcDbMaterial
  3
ObjectDBX Classes
 90
     1153
280
     0
281
     0
  0
CLASS
  1
SCALE
  2
AcDbScale
  3
ObjectDBX Classes
 90
     1153
280
     0
281
     0
  0
CLASS
  1
TABLESTYLE
  2
AcDbTableStyle
  3
ObjectDBX Classes
 90
     4095
280
     0
281
     0
  0
CLASS
  1
MLEADERSTYLE
  2
AcDbMLeaderStyle
  3
ACDB_MLEADERSTYLE_CLASS
 90
     4095
280
     0
281
     0
  0
CLASS
  1
SUN
  2
AcDbSun
  3
SCENEOE
 90
     1153
280
     0
281
     0
  0
CLASS
  1
ACDBPLACEHOLDER
  2
AcDbPlaceHolder
  3
ObjectDBX Classes
 90
        0
280
     0
281
     0
  0
CLASS
  1
LAYOUT
  2
AcDbLayout
  3
ObjectDBX Classes
 90
        0
280
     0
281
     0
  0
ENDSEC
  0
SECTION
  2
TABLES
  0
TABLE
  2
VPORT
  5
8
330
0
100
AcDbSymbolTable
 70
     1
  0
VPORT
  5
29
330
8
100
AcDbSymbolTableRecord
100
AcDbViewportTableRecord
  2
*Active
 70
     0
 10
0.0
 20
0.0
 11
1.0
 21
1.0
 12
148.5
 22
105.0
 13
0.0
 23
0.0
 14
10.0
 24
10.0
 15
10.0
 25
10.0
 16
0.0
 26
0.0
 36
1.0
 17
0.0
 27
0.0
 37
0.0
 40
210.0
 41
1.4142857143
 42
50.0
 43
0.0
 44
0.0
 50
0.0
 51
0.0
 71
     0
 72
  2000
 73
     1
 74
     3
 75
     0
 76
     0
 77
     0
 78
     0
281
     0
 65
     1
110
0.0
120
0.0
130
0.0
111
1.0
121
0.0
131
0.0
112
0.0
122
1.0
132
0.0
 79
     0
146
0.0
  0
ENDTAB
  0
TABLE
  2
LTYPE
  5
5
330
0
100
AcDbSymbolTable
 70
     6
  0
LTYPE
  5
14
330
5
100
AcDbSymbolTableRecord
100
AcDbLinetypeTableRecord
  2
ByBlock
 70
     0
  3

 72
    65
 73
     0
 40
0.0
  0
LTYPE
  5
15
330
5
100
AcDbSymbolTableRecord
100
AcDbLinetypeTableRecord
  2
ByLayer
 70
     0
  3

 72
    65
 73
     0
 40
0.0
  0
LTYPE
  5
16
330
5
100
AcDbSymbolTableRecord
100
AcDbLinetypeTableRecord
  2
Continuous
 70
     0
  3
Solid line
 72
    65
 73
     0
 40
0.0
  0
LTYPE
  5
5E
330
5
100
AcDbSymbolTableRecord
100
AcDbLinetypeTableRecord
  2
HIDDEN
 70
     0
  3
Hidden __ __ __ __ __ __ __ __ __ __ __ __ __ __
 72
    65
 73
     2
 40
1.905
 49
1.27
 74
     0
 49
-0.635
 74
     0
  0
LTYPE
  5
5F
330
5
100
AcDbSymbolTableRecord
100
AcDbLinetypeTableRecord
  2
PHANTOM
 70
     0
  3
Phantom ______  __  __  ______  __  __  ______
 72
    65
 73
     6
 40
12.7
 49
6.35
 74
     0
 49
-1.27
 74
     0
 49
1.27
 74
     0
 49
-1.27
 74
     0
 49
1.27
 74
     0
 49
-1.27
 74
     0
  0
LTYPE
  5
60
330
5
100
AcDbSymbolTableRecord
100
AcDbLinetypeTableRecord
  2
CENTER
 70
     0
  3
Center ____ _ ____ _ ____ _ ____ _ ____ _ ____
 72
    65
 73
     4
 40
10.16
 49
6.35
 74
     0
 49
-1.27
 74
     0
 49
1.27
 74
     0
 49
-1.27
 74
     0
  0
LTYPE
  5
61
330
5
100
AcDbSymbolTableRecord
100
AcDbLinetypeTableRecord
  2
CENTERX2
 70
     0
  3
Center (2x) ________  __  ________  __  _____
 72
    65
 73
     4
 40
20.32
 49
12.7
 74
     0
 49
-2.54
 74
     0
 49
2.54
 74
     0
 49
-2.54
 74
     0
  0
LTYPE
  5
62
330
5
100
AcDbSymbolTableRecord
100
AcDbLinetypeTableRecord
  2
DOT2
 70
     0
  3
Dot (.5x) ........................................
 72
    65
 73
     2
 40
0.635
 49
0.0
 74
     0
 49
-0.635
 74
     0
  0
ENDTAB
  0
TABLE
  2
LAYER
  5
2
330
0
100
AcDbSymbolTable
 70
    14
  0
LAYER
  5
10
330
2
100
AcDbSymbolTableRecord
100
AcDbLayerTableRecord
  2
0
 70
     0
 62
     7
  6
Continuous
370
    -3
390
F
  0
LAYER
  5
63
330
2
100
AcDbSymbolTableRecord
100
AcDbLayerTableRecord
  2
SLD-0
 70
     0
 62
     7
  6
Continuous
370
    -3
390
F
  0
LAYER
  5
64
330
2
100
AcDbSymbolTableRecord
100
AcDbLayerTableRecord
  2
5
 70
     0
 62
     7
  6
Continuous
370
    -3
390
F
  0
LAYER
  5
65
330
2
100
AcDbSymbolTableRecord
100
AcDbLayerTableRecord
  2
9
 70
     0
 62
     7
  6
Continuous
370
    -3
390
F
  0
LAYER
  5
66
330
2
100
AcDbSymbolTableRecord
100
AcDbLayerTableRecord
  2
10
 70
     0
 62
     7
  6
Continuous
370
    -3
390
F
  0
LAYER
  5
67
330
2
100
AcDbSymbolTableRecord
100
AcDbLayerTableRecord
  2
轮廓实线层
 70
     0
 62
     7
  6
Continuous
370
    50
390
F
  0
LAYER
  5
68
330
2
100
AcDbSymbolTableRecord
100
AcDbLayerTableRecord
  2
细线层
 70
     0
 62
     4
  6
Continuous
370
    25
390
F
  0
LAYER
  5
69
330
2
100
AcDbSymbolTableRecord
100
AcDbLayerTableRecord
  2
中心线层
 70
     0
 62
     1
  6
CENTERX2
370
    25
390
F
  0
LAYER
  5
6A
330
2
100
AcDbSymbolTableRecord
100
AcDbLayerTableRecord
  2
虚线层
 70
     0
 62
     6
  6
HIDDEN
370
    25
390
F
  0
LAYER
  5
6B
330
2
100
AcDbSymbolTableRecord
100
AcDbLayerTableRecord
  2
剖面线层
 70
     0
 62
     2
  6
Continuous
370
    25
390
F
  0
LAYER
  5
6C
330
2
100
AcDbSymbolTableRecord
100
AcDbLayerTableRecord
  2
文字层
 70
     0
 62
     3
  6
Continuous
370
    25
390
F
  0
LAYER
  5
6D
330
2
100
AcDbSymbolTableRecord
100
AcDbLayerTableRecord
  2
标注层
 70
     0
 62
     4
  6
Continuous
370
    25
390
F
  0
LAYER
  5
6E
330
2
100
AcDbSymbolTableRecord
100
AcDbLayerTableRecord
  2
符号标注层
 70
     0
 62
    31
  6
Continuous
370
    25
390
F
  0
LAYER
  5
6F
330
2
100
AcDbSymbolTableRecord
100
AcDbLayerTableRecord
  2
双点划线层
 70
     0
 62
     6
  6
PHANTOM
370
    25
390
F
  0
ENDTAB
  0
TABLE
  2
STYLE
  5
3
330
0
100
AcDbSymbolTable
 70
     1
  0
STYLE
  5
11
330
3
100
AcDbSymbolTableRecord
100
AcDbTextStyleTableRecord
  2
Standard
 70
     0
 40
0.0
 41
1.0
 50
0.0
 71
     0
 42
3.5
  3
txt
  4

  0
ENDTAB
  0
TABLE
  2
VIEW
  5
6
330
0
100
AcDbSymbolTable
 70
     0
  0
ENDTAB
  0
TABLE
  2
UCS
  5
7
330
0
100
AcDbSymbolTable
 70
     0
  0
ENDTAB
  0
TABLE
  2
APPID
  5
9
330
0
100
AcDbSymbolTable
 70
     1
  0
APPID
  5
12
330
9
100
AcDbSymbolTableRecord
100
AcDbRegAppTableRecord
  2
ACAD
 70
     0
  0
ENDTAB
  0
TABLE
  2
DIMSTYLE
  5
A
330
0
100
AcDbSymbolTable
 70
     1
100
AcDbDimStyleTable
  0
DIMSTYLE
105
27
330
A
100
AcDbSymbolTableRecord
100
AcDbDimStyleTableRecord
  2
ISO-25
 70
     0
 41
2.5
 42
0.625
 43
3.75
 44
1.25
 73
     0
 74
     0
 77
     1
 78
     8
140
2.5
141
2.5
143
0.0393700787
147
0.625
171
     3
172
     1
178
     0
271
     2
272
     2
274
     3
278
    44
283
     0
284
     8
340
11
  0
ENDTAB
  0
TABLE
  2
BLOCK_RECORD
  5
1
330
0
100
AcDbSymbolTable
 70
     7
  0
BLOCK_RECORD
  5
1F
330
1
100
AcDbSymbolTableRecord
100
AcDbBlockTableRecord
  2
*Model_Space
340
22
  0
BLOCK_RECORD
  5
1B
330
1
100
AcDbSymbolTableRecord
100
AcDbBlockTableRecord
  2
*Paper_Space
340
1E
  0
BLOCK_RECORD
  5
23
330
1
100
AcDbSymbolTableRecord
100
AcDbBlockTableRecord
  2
*Paper_Space0
340
26
  0
BLOCK_RECORD
  5
B7
330
1
100
AcDbSymbolTableRecord
100
AcDbBlockTableRecord
  2
SW_CENTERMARKSYMBOL_0
340
0
102
{BLKREFS
331
C2
102
}
  0
BLOCK_RECORD
  5
C3
330
1
100
AcDbSymbolTableRecord
100
AcDbBlockTableRecord
  2
SW_CENTERMARKSYMBOL_1
340
0
102
{BLKREFS
331
CE
102
}
  0
BLOCK_RECORD
  5
16E
330
1
100
AcDbSymbolTableRecord
100
AcDbBlockTableRecord
  2
SW_CENTERMARKSYMBOL_2
340
0
102
{BLKREFS
331
179
102
}
  0
BLOCK_RECORD
  5
17A
330
1
100
AcDbSymbolTableRecord
100
AcDbBlockTableRecord
  2
SW_CENTERMARKSYMBOL_3
340
0
102
{BLKREFS
331
185
102
}
  0
BLOCK_RECORD
  5
186
330
1
100
AcDbSymbolTableRecord
100
AcDbBlockTableRecord
  2
SW_CENTERMARKSYMBOL_4
340
0
102
{BLKREFS
331
191
102
}
  0
BLOCK_RECORD
  5
192
330
1
100
AcDbSymbolTableRecord
100
AcDbBlockTableRecord
  2
SW_CENTERMARKSYMBOL_5
340
0
102
{BLKREFS
331
19D
102
}
  0
ENDTAB
  0
ENDSEC
  0
SECTION
  2
BLOCKS
  0
BLOCK
  5
20
330
1F
100
AcDbEntity
  8
0
100
AcDbBlockBegin
  2
*Model_Space
 70
     0
 10
0.0
 20
0.0
 30
0.0
  3
*Model_Space
  1

  0
ENDBLK
  5
21
330
1F
100
AcDbEntity
  8
0
100
AcDbBlockEnd
  0
BLOCK
  5
1C
330
1B
100
AcDbEntity
 67
     1
  8
0
100
AcDbBlockBegin
  2
*Paper_Space
 70
     0
 10
0.0
 20
0.0
 30
0.0
  3
*Paper_Space
  1

  0
ENDBLK
  5
1D
330
1B
100
AcDbEntity
 67
     1
  8
0
100
AcDbBlockEnd
  0
BLOCK
  5
24
330
23
100
AcDbEntity
  8
0
100
AcDbBlockBegin
  2
*Paper_Space0
 70
     0
 10
0.0
 20
0.0
 30
0.0
  3
*Paper_Space0
  1

  0
ENDBLK
  5
25
330
23
100
AcDbEntity
  8
0
100
AcDbBlockEnd
  0
BLOCK
  5
B8
330
B7
100
AcDbEntity
  8
0
100
AcDbBlockBegin
  2
SW_CENTERMARKSYMBOL_0
 70
     0
 10
0.0
 20
0.0
 30
0.0
  3
SW_CENTERMARKSYMBOL_0
  1

  0
LINE
  5
BA
330
B7
100
AcDbEntity
  8
10
 62
     0
100
AcDbLine
 10
0.0
 20
0.0
 30
0.0
 11
0.0
 21
2.5
 31
0.0
  0
LINE
  5
BB
330
B7
100
AcDbEntity
  8
10
 62
     0
100
AcDbLine
 10
0.0
 20
0.0
 30
0.0
 11
-2.5
 21
0.0
 31
0.0
  0
LINE
  5
BC
330
B7
100
AcDbEntity
  8
10
 62
     0
100
AcDbLine
 10
0.0
 20
0.0
 30
0.0
 11
0.0
 21
-2.5
 31
0.0
  0
LINE
  5
BD
330
B7
100
AcDbEntity
  8
10
 62
     0
100
AcDbLine
 10
0.0
 20
0.0
 30
0.0
 11
2.5
 21
0.0
 31
0.0
  0
LINE
  5
BE
330
B7
100
AcDbEntity
  8
10
 62
     0
100
AcDbLine
 10
0.0
 20
5.0
 30
0.0
 11
0.0
 21
6.2953222793
 31
0.0
  0
LINE
  5
BF
330
B7
100
AcDbEntity
  8
10
 62
     0
100
AcDbLine
 10
-5.0
 20
0.0
 30
0.0
 11
-6.2953222793
 21
0.0
 31
0.0
  0
LINE
  5
C0
330
B7
100
AcDbEntity
  8
10
 62
     0
100
AcDbLine
 10
0.0
 20
-5.0
 30
0.0
 11
0.0
 21
-6.2953222793
 31
0.0
  0
LINE
  5
C1
330
B7
100
AcDbEntity
  8
10
 62
     0
100
AcDbLine
 10
5.0
 20
0.0
 30
0.0
 11
6.2953222793
 21
0.0
 31
0.0
  0
ENDBLK
  5
B9
330
B7
100
AcDbEntity
  8
0
100
AcDbBlockEnd
  0
BLOCK
  5
C4
330
C3
100
AcDbEntity
  8
0
100
AcDbBlockBegin
  2
SW_CENTERMARKSYMBOL_1
 70
     0
 10
0.0
 20
0.0
 30
0.0
  3
SW_CENTERMARKSYMBOL_1
  1

  0
LINE
  5
C6
330
C3
100
AcDbEntity
  8
10
 62
     0
100
AcDbLine
 10
0.0
 20
0.0
 30
0.0
 11
0.0
 21
2.5
 31
0.0
  0
LINE
  5
C7
330
C3
100
AcDbEntity
  8
10
 62
     0
100
AcDbLine
 10
0.0
 20
0.0
 30
0.0
 11
-2.5
 21
0.0
 31
0.0
  0
LINE
  5
C8
330
C3
100
AcDbEntity
  8
10
 62
     0
100
AcDbLine
 10
0.0
 20
0.0
 30
0.0
 11
0.0
 21
-2.5
 31
0.0
  0
LINE
  5
C9
330
C3
100
AcDbEntity
  8
10
 62
     0
100
AcDbLine
 10
0.0
 20
0.0
 30
0.0
 11
2.5
 21
0.0
 31
0.0
  0
LINE
  5
CA
330
C3
100
AcDbEntity
  8
10
 62
     0
100
AcDbLine
 10
0.0
 20
5.0
 30
0.0
 11
0.0
 21
6.2953222793
 31
0.0
  0
LINE
  5
CB
330
C3
100
AcDbEntity
  8
10
 62
     0
100
AcDbLine
 10
-5.0
 20
0.0
 30
0.0
 11
-6.2953222793
 21
0.0
 31
0.0
  0
LINE
  5
CC
330
C3
100
AcDbEntity
  8
10
 62
     0
100
AcDbLine
 10
0.0
 20
-5.0
 30
0.0
 11
0.0
 21
-6.2953222793
 31
0.0
  0
LINE
  5
CD
330
C3
100
AcDbEntity
  8
10
 62
     0
100
AcDbLine
 10
5.0
 20
0.0
 30
0.0
 11
6.2953222793
 21
0.0
 31
0.0
  0
ENDBLK
  5
C5
330
C3
100
AcDbEntity
  8
0
100
AcDbBlockEnd
  0
BLOCK
  5
16F
330
16E
100
AcDbEntity
  8
0
100
AcDbBlockBegin
  2
SW_CENTERMARKSYMBOL_2
 70
     0
 10
0.0
 20
0.0
 30
0.0
  3
SW_CENTERMARKSYMBOL_2
  1

  0
LINE
  5
171
330
16E
100
AcDbEntity
  8
10
 62
     0
100
AcDbLine
 10
0.0
 20
0.0
 30
0.0
 11
0.0
 21
2.5
 31
0.0
  0
LINE
  5
172
330
16E
100
AcDbEntity
  8
10
 62
     0
100
AcDbLine
 10
0.0
 20
0.0
 30
0.0
 11
-2.5
 21
0.0
 31
0.0
  0
LINE
  5
173
330
16E
100
AcDbEntity
  8
10
 62
     0
100
AcDbLine
 10
0.0
 20
0.0
 30
0.0
 11
0.0
 21
-2.5
 31
0.0
  0
LINE
  5
174
330
16E
100
AcDbEntity
  8
10
 62
     0
100
AcDbLine
 10
0.0
 20
0.0
 30
0.0
 11
2.5
 21
0.0
 31
0.0
  0
LINE
  5
175
330
16E
100
AcDbEntity
  8
10
 62
     0
100
AcDbLine
 10
0.0
 20
2.5
 30
0.0
 11
0.0
 21
4.3976611396
 31
0.0
  0
LINE
  5
176
330
16E
100
AcDbEntity
  8
10
 62
     0
100
AcDbLine
 10
-2.5
 20
0.0
 30
0.0
 11
-4.3976611396
 21
0.0
 31
0.0
  0
LINE
  5
177
330
16E
100
AcDbEntity
  8
10
 62
     0
100
AcDbLine
 10
0.0
 20
-2.5
 30
0.0
 11
0.0
 21
-4.3976611396
 31
0.0
  0
LINE
  5
178
330
16E
100
AcDbEntity
  8
10
 62
     0
100
AcDbLine
 10
2.5
 20
0.0
 30
0.0
 11
4.3976611396
 21
0.0
 31
0.0
  0
ENDBLK
  5
170
330
16E
100
AcDbEntity
  8
0
100
AcDbBlockEnd
  0
BLOCK
  5
17B
330
17A
100
AcDbEntity
  8
0
100
AcDbBlockBegin
  2
SW_CENTERMARKSYMBOL_3
 70
     0
 10
0.0
 20
0.0
 30
0.0
  3
SW_CENTERMARKSYMBOL_3
  1

  0
LINE
  5
17D
330
17A
100
AcDbEntity
  8
10
 62
     0
100
AcDbLine
 10
0.0
 20
0.0
 30
0.0
 11
0.0
 21
2.5
 31
0.0
  0
LINE
  5
17E
330
17A
100
AcDbEntity
  8
10
 62
     0
100
AcDbLine
 10
0.0
 20
0.0
 30
0.0
 11
-2.5
 21
0.0
 31
0.0
  0
LINE
  5
17F
330
17A
100
AcDbEntity
  8
10
 62
     0
100
AcDbLine
 10
0.0
 20
0.0
 30
0.0
 11
0.0
 21
-2.5
 31
0.0
  0
LINE
  5
180
330
17A
100
AcDbEntity
  8
10
 62
     0
100
AcDbLine
 10
0.0
 20
0.0
 30
0.0
 11
2.5
 21
0.0
 31
0.0
  0
LINE
  5
181
330
17A
100
AcDbEntity
  8
10
 62
     0
100
AcDbLine
 10
0.0
 20
5.0
 30
0.0
 11
0.0
 21
5.9157900513
 31
0.0
  0
LINE
  5
182
330
17A
100
AcDbEntity
  8
10
 62
     0
100
AcDbLine
 10
-5.0
 20
0.0
 30
0.0
 11
-5.9157900513
 21
0.0
 31
0.0
  0
LINE
  5
183
330
17A
100
AcDbEntity
  8
10
 62
     0
100
AcDbLine
 10
0.0
 20
-5.0
 30
0.0
 11
0.0
 21
-5.9157900513
 31
0.0
  0
LINE
  5
184
330
17A
100
AcDbEntity
  8
10
 62
     0
100
AcDbLine
 10
5.0
 20
0.0
 30
0.0
 11
5.9157900513
 21
0.0
 31
0.0
  0
ENDBLK
  5
17C
330
17A
100
AcDbEntity
  8
0
100
AcDbBlockEnd
  0
BLOCK
  5
187
330
186
100
AcDbEntity
  8
0
100
AcDbBlockBegin
  2
SW_CENTERMARKSYMBOL_4
 70
     0
 10
0.0
 20
0.0
 30
0.0
  3
SW_CENTERMARKSYMBOL_4
  1

  0
LINE
  5
189
330
186
100
AcDbEntity
  8
10
 62
     0
100
AcDbLine
 10
0.0
 20
0.0
 30
0.0
 11
0.0
 21
2.5
 31
0.0
  0
LINE
  5
18A
330
186
100
AcDbEntity
  8
10
 62
     0
100
AcDbLine
 10
0.0
 20
0.0
 30
0.0
 11
-2.5
 21
0.0
 31
0.0
  0
LINE
  5
18B
330
186
100
AcDbEntity
  8
10
 62
     0
100
AcDbLine
 10
0.0
 20
0.0
 30
0.0
 11
0.0
 21
-2.5
 31
0.0
  0
LINE
  5
18C
330
186
100
AcDbEntity
  8
10
 62
     0
100
AcDbLine
 10
0.0
 20
0.0
 30
0.0
 11
2.5
 21
0.0
 31
0.0
  0
LINE
  5
18D
330
186
100
AcDbEntity
  8
10
 62
     0
100
AcDbLine
 10
0.0
 20
5.0
 30
0.0
 11
0.0
 21
8.5725156468
 31
0.0
  0
LINE
  5
18E
330
186
100
AcDbEntity
  8
10
 62
     0
100
AcDbLine
 10
-5.0
 20
0.0
 30
0.0
 11
-8.5725156468
 21
0.0
 31
0.0
  0
LINE
  5
18F
330
186
100
AcDbEntity
  8
10
 62
     0
100
AcDbLine
 10
0.0
 20
-5.0
 30
0.0
 11
0.0
 21
-8.5725156468
 31
0.0
  0
LINE
  5
190
330
186
100
AcDbEntity
  8
10
 62
     0
100
AcDbLine
 10
5.0
 20
0.0
 30
0.0
 11
8.5725156468
 21
0.0
 31
0.0
  0
ENDBLK
  5
188
330
186
100
AcDbEntity
  8
0
100
AcDbBlockEnd
  0
BLOCK
  5
193
330
192
100
AcDbEntity
  8
0
100
AcDbBlockBegin
  2
SW_CENTERMARKSYMBOL_5
 70
     0
 10
0.0
 20
0.0
 30
0.0
  3
SW_CENTERMARKSYMBOL_5
  1

  0
LINE
  5
195
330
192
100
AcDbEntity
  8
10
 62
     0
100
AcDbLine
 10
0.0
 20
0.0
 30
0.0
 11
0.0
 21
2.5
 31
0.0
  0
LINE
  5
196
330
192
100
AcDbEntity
  8
10
 62
     0
100
AcDbLine
 10
0.0
 20
0.0
 30
0.0
 11
-2.5
 21
0.0
 31
0.0
  0
LINE
  5
197
330
192
100
AcDbEntity
  8
10
 62
     0
100
AcDbLine
 10
0.0
 20
0.0
 30
0.0
 11
0.0
 21
-2.5
 31
0.0
  0
LINE
  5
198
330
192
100
AcDbEntity
  8
10
 62
     0
100
AcDbLine
 10
0.0
 20
0.0
 30
0.0
 11
2.5
 21
0.0
 31
0.0
  0
LINE
  5
199
330
192
100
AcDbEntity
  8
10
 62
     0
100
AcDbLine
 10
0.0
 20
5.0
 30
0.0
 11
0.0
 21
8.5725156468
 31
0.0
  0
LINE
  5
19A
330
192
100
AcDbEntity
  8
10
 62
     0
100
AcDbLine
 10
-5.0
 20
0.0
 30
0.0
 11
-8.5725156468
 21
0.0
 31
0.0
  0
LINE
  5
19B
330
192
100
AcDbEntity
  8
10
 62
     0
100
AcDbLine
 10
0.0
 20
-5.0
 30
0.0
 11
0.0
 21
-8.5725156468
 31
0.0
  0
LINE
  5
19C
330
192
100
AcDbEntity
  8
10
 62
     0
100
AcDbLine
 10
5.0
 20
0.0
 30
0.0
 11
8.5725156468
 21
0.0
 31
0.0
  0
ENDBLK
  5
194
330
192
100
AcDbEntity
  8
0
100
AcDbBlockEnd
  0
ENDSEC
  0
SECTION
  2
ENTITIES
  0
LINE
  5
70
330
1F
100
AcDbEntity
  8
0
  6
Continuous
 62
     7
370
    25
100
AcDbLine
 10
109.5672749314
 20
97.2314464109
 30
0.0
 11
106.5068751466
 21
100.2920341215
 31
0.0
  0
LINE
  5
71
330
1F
100
AcDbEntity
  8
0
  6
Continuous
 62
     7
370
    25
100
AcDbLine
 10
106.5068751466
 20
13.7080014431
 30
0.0
 11
109.5672749314
 21
16.7685776906
 31
0.0
  0
LINE
  5
72
330
1F
100
AcDbEntity
  8
0
  6
Continuous
 62
     7
370
    25
100
AcDbLine
 10
56.4327630218
 20
16.7685776906
 30
0.0
 11
59.4935269349
 21
13.7076372934
 31
0.0
  0
LINE
  5
73
330
1F
100
AcDbEntity
  8
0
  6
Continuous
 62
     7
370
    25
100
AcDbLine
 10
59.4935269349
 20
100.2923982726
 30
0.0
 11
56.4327630218
 21
97.2314464109
 31
0.0
  0
LINE
  5
74
330
1F
100
AcDbEntity
  8
0
  6
Continuous
 62
     7
370
    25
100
AcDbLine
 10
56.4327630218
 20
16.7685535891
 30
0.0
 11
59.4935269361
 21
13.7076017261
 31
0.0
  0
SPLINE
  5
75
330
1F
100
AcDbEntity
  8
0
  6
Continuous
 62
     7
370
    25
100
AcDbSpline
210
0.0
220
0.0
230
1.0
 70
     8
 71
     3
 72
    34
 73
    30
 74
     0
 42
0.00000001
 43
0.00000001
 40
0.0
 40
0.0
 40
0.0
 40
0.0
 40
0.1250000000000001
 40
0.1250000000000001
 40
0.1875000000000001
 40
0.1875000000000001
 40
0.2500000000000001
 40
0.2500000000000001
 40
0.3125000000000001
 40
0.3125000000000001
 40
0.3750000000000002
 40
0.3750000000000002
 40
0.4375000000000002
 40
0.4375000000000002
 40
0.5000000000000002
 40
0.5000000000000002
 40
0.6249999999999998
 40
0.6249999999999998
 40
0.6874999999999999
 40
0.6874999999999999
 40
0.7499999999999999
 40
0.7499999999999999
 40
0.8124999999999999
 40
0.8124999999999999
 40
0.8749999999999999
 40
0.8749999999999999
 40
0.9375
 40
0.9375
 40
1.0
 40
1.0
 40
1.0
 40
1.0
 10
99.64493862643789
 20
88.12164269501488
 30
0.0
 10
99.37741346661169
 20
88.58500986309525
 30
0.0
 10
99.05560217017846
 20
89.00337606094732
 30
0.0
 10
98.4939965664207
 20
89.5653207308993
 30
0.0
 10
98.29191656021268
 20
89.74258365599671
 30
0.0
 10
97.87098370257584
 20
90.06540346841277
 30
0.0
 10
97.65157166583582
 20
90.21187091518682
 30
0.0
 10
97.19512778060829
 20
90.47552694015457
 30
0.0
 10
96.95809685267402
 20
90.59271763168017
 30
0.0
 10
96.46574186792807
 20
90.79687190031785
 30
0.0
 10
96.21311671225432
 20
90.88251501169248
 30
0.0
 10
95.70318143102024
 20
91.01919653740512
 30
0.0
 10
95.44465771259235
 20
91.070747505726
 30
0.0
 10
94.92043265458564
 20
91.14011183690104
 30
0.0
 10
94.65273358222997
 20
91.15786957980029
 30
0.0
 10
93.85460567899163
 20
91.15796225748277
 30
0.0
 10
93.33173514787993
 20
91.08928127220605
 30
0.0
 10
92.56114180306358
 20
90.88332270459544
 30
0.0
 10
92.30731051430722
 20
90.79716150830295
 30
0.0
 10
91.818972202768
 20
90.59498780380702
 30
0.0
 10
91.58255890123755
 20
90.47852237862841
 30
0.0
 10
91.12511630938899
 20
90.2148940782554
 30
0.0
 10
90.90292406133267
 20
90.06682197753346
 30
0.0
 10
90.480018960197
 20
89.74262200892178
 30
0.0
 10
90.28121890564535
 20
89.5682244675659
 30
0.0
 10
89.90812316889941
 20
89.19558052998666
 30
0.0
 10
89.73382877976965
 20
88.99733189432914
 30
0.0
 10
89.41025095489884
 20
88.57651036286474
 30
0.0
 10
89.26080370842725
 20
88.35334035455956
 30
0.0
 10
89.1270329993632
 20
88.12164268989612
 30
0.0
  0
SPLINE
  5
76
330
1F
100
AcDbEntity
  8
0
  6
Continuous
 62
     7
370
    25
100
AcDbSpline
210
0.0
220
0.0
230
1.0
 70
     8
 71
     3
 72
    19
 73
    15
 74
     0
 42
0.00000001
 43
0.00000001
 40
0.0
 40
0.0
 40
0.0
 40
0.0
 40
0.059639071020947
 40
0.1345392920864182
 40
0.2120081186158207
 40
0.2894437899738921
 40
0.3711312262451834
 40
0.4548716228435847
 40
0.5366748841170887
 40
0.6211672771676898
 40
0.7177619225628052
 40
0.8171386914575761
 40
0.9080525630918116
 40
1.0
 40
1.0
 40
1.0
 40
1.0
 10
59.46897416317683
 20
100.2616350593192
 30
0.0
 10
59.4685913526467
 20
100.259361118421
 30
0.0
 10
59.46772777350561
 20
100.2542313537643
 30
0.0
 10
59.47412197071913
 20
100.1438367444194
 30
0.0
 10
59.46926928452618
 20
99.85697131033585
 30
0.0
 10
59.47079128747698
 20
99.38206289193242
 30
0.0
 10
59.46830835961186
 20
98.69337585412937
 30
0.0
 10
59.47007986323212
 20
97.77019632470518
 30
0.0
 10
59.47037991379632
 20
96.60939794848383
 30
0.0
 10
59.46791436150922
 20
95.19268293459099
 30
0.0
 10
59.4713811118721
 20
93.52795333978719
 30
0.0
 10
59.46859795385843
 20
91.7243916665752
 30
0.0
 10
59.47429493429291
 20
89.90289194065346
 30
0.0
 10
59.47078548692623
 20
88.71762555366274
 30
0.0
 10
59.46902084522644
 20
88.12164268989612
 30
0.0
  0
LINE
  5
77
330
1F
100
AcDbEntity
  8
0
  6
Continuous
 62
     7
370
    25
100
AcDbLine
 10
59.4690208452
 20
100.2666739835
 30
0.0
 11
106.531017108
 21
100.2666739835
 31
0.0
  0
SPLINE
  5
78
330
1F
100
AcDbEntity
  8
0
  6
Continuous
 62
     7
370
    25
100
AcDbSpline
210
0.0
220
0.0
230
1.0
 70
     8
 71
     3
 72
    19
 73
    15
 74
     0
 42
0.00000001
 43
0.00000001
 40
0.0
 40
0.0
 40
0.0
 40
0.0
 40
0.0749896629268884
 40
0.1498921502178697
 40
0.2273634799712379
 40
0.3048016535345607
 40
0.3864884897474514
 40
0.47022829844715
 40
0.552030956918974
 40
0.6365226582212637
 40
0.7331179374559226
 40
0.8324953309492789
 40
0.9234046972792824
 40
1.0
 40
1.0
 40
1.0
 40
1.0
 10
106.5310171079953
 20
88.12164268989612
 30
0.0
 10
106.5314707919155
 20
88.60752871460585
 30
0.0
 10
106.5323776323475
 20
89.57873592053184
 30
0.0
 10
106.5256376942268
 20
91.04962998004402
 30
0.0
 10
106.5307735946069
 20
92.51415642468366
 30
0.0
 10
106.5292741091465
 20
93.97576982584978
 30
0.0
 10
106.5317836576399
 20
95.39681909175188
 30
0.0
 10
106.53002378981
 20
96.71569851694186
 30
0.0
 10
106.529583594489
 20
97.85865444389357
 30
0.0
 10
106.532105888691
 20
98.81920250306631
 30
0.0
 10
106.5285635739882
 20
99.5699138460668
 30
0.0
 10
106.5316035407989
 20
100.0485317336781
 30
0.0
 10
106.5262770966026
 20
100.2534432252898
 30
0.0
 10
106.5291642966909
 20
100.2580830515699
 30
0.0
 10
106.5304845343059
 20
100.2602047171958
 30
0.0
  0
SPLINE
  5
79
330
1F
100
AcDbEntity
  8
0
  6
Continuous
 62
     7
370
    25
100
AcDbSpline
210
0.0
220
0.0
230
1.0
 70
    24
 71
     3
 72
    18
 73
    14
 74
     0
 42
0.00000001
 43
0.00000001
 40
0.0
 40
0.0
 40
0.0
 40
0.0
 40
0.1298180283355595
 40
0.2060607952993787
 40
0.2822569212712497
 40
0.3576166110140078
 40
0.4346550315986388
 40
0.5101754233793857
 40
0.5885246834098257
 40
0.6779199832107969
 40
0.7698462798831761
 40
0.8839756140551439
 40
1.0
 40
1.0
 40
1.0
 40
1.0
 10
109.5672749314008
 20
97.2198041848628
 30
0.0
 10
109.5672749314008
 20
97.21563405060246
 30
0.0
 10
109.5672749314008
 20
97.20901477596698
 30
0.0
 10
109.5672749314008
 20
96.98851666075502
 30
0.0
 10
109.5672749314009
 20
96.68648665527621
 30
0.0
 10
109.5672749314008
 20
96.2450731737892
 30
0.0
 10
109.5672749314009
 20
95.65457033036276
 30
0.0
 10
109.5672749314008
 20
94.89070571255914
 30
0.0
 10
109.5672749314009
 20
93.92542536690216
 30
0.0
 10
109.5672749314008
 20
92.77732346054276
 30
0.0
 10
109.5672749314008
 20
91.3890545656237
 30
0.0
 10
109.5672749314009
 20
89.8177176973436
 30
0.0
 10
109.5672749314008
 20
88.69009591616818
 30
0.0
 10
109.5672749314008
 20
88.12164268989612
 30
0.0
  0
SPLINE
  5
7A
330
1F
100
AcDbEntity
  8
0
  6
Continuous
 62
     7
370
    25
100
AcDbSpline
210
0.0
220
0.0
230
1.0
 70
    24
 71
     3
 72
    18
 73
    14
 74
     0
 42
0.00000001
 43
0.00000001
 40
0.0
 40
0.0
 40
0.0
 40
0.0
 40
0.1484581540382017
 40
0.2246836750185254
 40
0.3008625655570137
 40
0.376205209066832
 40
0.4532262036924773
 40
0.5287295128897587
 40
0.6070610504515697
 40
0.6964361291885715
 40
0.7883416322898148
 40
0.9024451506016122
 40
1.0
 40
1.0
 40
1.0
 40
1.0
 10
109.5672749314008
 20
25.87835731010369
 30
0.0
 10
109.5672749314008
 20
25.14978850430985
 30
0.0
 10
109.5672749314008
 20
24.04713760682198
 30
0.0
 10
109.5672749314009
 20
22.58790397094774
 30
0.0
 10
109.5672749314008
 20
21.51133834356762
 30
0.0
 10
109.5672749314009
 20
20.47858938393177
 30
0.0
 10
109.5672749314008
 20
19.52525956197777
 30
0.0
 10
109.5672749314009
 20
18.68168815044168
 30
0.0
 10
109.5672749314008
 20
17.97111702277857
 30
0.0
 10
109.5672749314008
 20
17.40991280462378
 30
0.0
 10
109.5672749314008
 20
16.98348343823969
 30
0.0
 10
109.5672749314009
 20
16.7843849983262
 30
0.0
 10
109.5672749314008
 20
16.77890046593518
 30
0.0
 10
109.5672749314008
 20
16.77637260588782
 30
0.0
  0
SPLINE
  5
7B
330
1F
100
AcDbEntity
  8
0
  6
Continuous
 62
     7
370
    25
100
AcDbSpline
210
0.0
220
0.0
230
1.0
 70
     8
 71
     3
 72
    19
 73
    15
 74
     0
 42
0.00000001
 43
0.00000001
 40
0.0
 40
0.0
 40
0.0
 40
0.0
 40
0.059889702733466
 40
0.1347724915364844
 40
0.2122234472260289
 40
0.2896412554452223
 40
0.3713066089648443
 40
0.4550243950632494
 40
0.5368055403818895
 40
0.6212750213438271
 40
0.7178448971371065
 40
0.8171961555252071
 40
0.9080816137431829
 40
1.0
 40
1.0
 40
1.0
 40
1.0
 10
106.531021520987
 20
13.73827854924226
 30
0.0
 10
106.5313466128911
 20
13.74055296178255
 30
0.0
 10
106.5320781818236
 20
13.74567117461124
 30
0.0
 10
106.5255928226596
 20
13.8561621803792
 30
0.0
 10
106.530785763754
 20
14.1430654058432
 30
0.0
 10
106.5292706397696
 20
14.61799956572655
 30
0.0
 10
106.5317846841817
 20
15.30671686442611
 30
0.0
 10
106.5300233341591
 20
16.22991536943481
 30
0.0
 10
106.5295843979138
 20
17.39072841679621
 30
0.0
 10
106.5321028555734
 20
18.80745667328226
 30
0.0
 10
106.5285767699283
 20
20.47220195927941
 30
0.0
 10
106.5315547961332
 20
22.27575171484654
 30
0.0
 10
106.5261361281291
 20
24.09719819561652
 30
0.0
 10
106.5293839973756
 20
25.28240527872174
 30
0.0
 10
106.5310171079963
 20
25.87835731010369
 30
0.0
  0
SPLINE
  5
7C
330
1F
100
AcDbEntity
  8
0
  6
Continuous
 62
     7
370
    25
100
AcDbSpline
210
0.0
220
0.0
230
1.0
 70
     8
 71
     3
 72
    19
 73
    15
 74
     0
 42
0.00000001
 43
0.00000001
 40
0.0
 40
0.0
 40
0.0
 40
0.0
 40
0.0749674834298247
 40
0.1498478565573473
 40
0.2272961544896368
 40
0.3047113060364405
 40
0.3863770958139899
 40
0.4700953019011714
 40
0.5518768859882678
 40
0.6363468892548207
 40
0.7329159378693014
 40
0.8322663727437632
 40
0.9231561529553377
 40
1.0
 40
1.0
 40
1.0
 40
1.0
 10
59.46902084522644
 20
25.87835731010369
 30
0.0
 10
59.46849107578927
 20
25.39248674399333
 30
0.0
 10
59.46743215249352
 20
24.42131018096924
 30
0.0
 10
59.47407545954899
 20
22.95046303485351
 30
0.0
 10
59.4692818983328
 20
21.48598162313174
 30
0.0
 10
59.4707876910671
 20
20.02439070036467
 30
0.0
 10
59.46830942417461
 20
18.60333861273087
 30
0.0
 10
59.47007938919958
 20
17.28443350772734
 30
0.0
 10
59.47038075290746
 20
16.14144773470772
 30
0.0
 10
59.46791119160469
 20
15.18087336248821
 30
0.0
 10
59.47139490346555
 20
14.43014663888556
 30
0.0
 10
59.46854700752263
 20
13.95147524150074
 30
0.0
 10
59.47415133283815
 20
13.74641350878023
 30
0.0
 10
59.47102355583994
 20
13.74179873572569
 30
0.0
 10
59.46959062661058
 20
13.739684568635
 30
0.0
  0
SPLINE
  5
7D
330
1F
100
AcDbEntity
  8
0
  6
Continuous
 62
     7
370
    25
100
AcDbSpline
210
0.0
220
0.0
230
1.0
 70
     8
 71
     3
 72
    34
 73
    30
 74
     0
 42
0.00000001
 43
0.00000001
 40
0.0
 40
0.0
 40
0.0
 40
0.0
 40
0.1249999999999996
 40
0.1249999999999996
 40
0.1874999999999994
 40
0.1874999999999994
 40
0.2499999999999993
 40
0.2499999999999993
 40
0.3124999999999992
 40
0.3124999999999992
 40
0.3749999999999991
 40
0.3749999999999991
 40
0.437499999999999
 40
0.437499999999999
 40
0.4999999999999989
 40
0.4999999999999989
 40
0.6249999999999991
 40
0.6249999999999991
 40
0.6874999999999993
 40
0.6874999999999993
 40
0.7499999999999994
 40
0.7499999999999994
 40
0.8124999999999996
 40
0.8124999999999996
 40
0.8749999999999997
 40
0.8749999999999997
 40
0.9374999999999999
 40
0.9374999999999999
 40
1.0
 40
1.0
 40
1.0
 40
1.0
 10
89.12703299942612
 20
25.8783573101136
 30
0.0
 10
89.39455815892246
 20
25.41499014156699
 30
0.0
 10
89.7163694550922
 20
24.9966239431736
 30
0.0
 10
90.27797505863855
 20
24.43467927248356
 30
0.0
 10
90.48005506479802
 20
24.25741634713811
 30
0.0
 10
90.90098792236618
 20
23.93459653425027
 30
0.0
 10
91.12039995909377
 20
23.78812908724453
 30
0.0
 10
91.57684384434066
 20
23.52447306182366
 30
0.0
 10
91.81387477230666
 20
23.40728237007663
 30
0.0
 10
92.30622975716395
 20
23.20312810101011
 30
0.0
 10
92.55885491287339
 20
23.11748498944582
 30
0.0
 10
93.06879019424657
 20
22.98080346336427
 30
0.0
 10
93.3273139127634
 20
22.92925249486968
 30
0.0
 10
93.8515389709883
 20
22.85988816337409
 30
0.0
 10
94.11923804348207
 20
22.84213042032867
 30
0.0
 10
94.91736594703224
 20
22.84203774225967
 30
0.0
 10
95.44023647841314
 20
22.91071872733588
 30
0.0
 10
96.21082982371837
 20
23.11667729477632
 30
0.0
 10
96.46466111259011
 20
23.20283849101525
 30
0.0
 10
96.95299942439182
 20
23.40501219544368
 30
0.0
 10
97.1894127260623
 20
23.52147762060772
 30
0.0
 10
97.64685531820444
 20
23.78510592099819
 30
0.0
 10
97.86904756644358
 20
23.93317802177606
 30
0.0
 10
98.29195266778139
 20
24.25737799042017
 30
0.0
 10
98.49075272243905
 20
24.4317755318116
 30
0.0
 10
98.86384845939911
 20
24.80441946950666
 30
0.0
 10
99.03814284863702
 20
25.00266810524446
 30
0.0
 10
99.36172067371743
 20
25.42348963692378
 30
0.0
 10
99.51116792026805
 20
25.64665964533426
 30
0.0
 10
99.6449386293933
 20
25.87835731010369
 30
0.0
  0
LINE
  5
7E
330
1F
100
AcDbEntity
  8
0
  6
Continuous
 62
     7
370
    25
100
AcDbLine
 10
106.531017108
 20
13.7333260165
 30
0.0
 11
59.4690208452
 21
13.7333260165
 31
0.0
  0
SPLINE
  5
7F
330
1F
100
AcDbEntity
  8
0
  6
Continuous
 62
     7
370
    25
100
AcDbSpline
210
0.0
220
0.0
230
1.0
 70
    24
 71
     3
 72
    18
 73
    14
 74
     0
 42
0.00000001
 43
0.00000001
 40
0.0
 40
0.0
 40
0.0
 40
0.0
 40
0.1300532958689177
 40
0.2062729058779736
 40
0.2824452651513718
 40
0.3577854020153671
 40
0.4348031832415787
 40
0.510303865584987
 40
0.5886324069273218
 40
0.6780114832512184
 40
0.7699210252579126
 40
0.8840102075193237
 40
0.9999999999999999
 40
0.9999999999999999
 40
0.9999999999999999
 40
0.9999999999999999
 10
56.43276302182193
 20
16.78007060827785
 30
0.0
 10
56.43276302182193
 20
16.78434720256633
 30
0.0
 10
56.43276302182193
 20
16.79113015662569
 30
0.0
 10
56.43276302182193
 20
17.01155710484067
 30
0.0
 10
56.43276302182193
 20
17.31342740713045
 30
0.0
 10
56.43276302182193
 20
17.75496312043446
 30
0.0
 10
56.43276302182193
 20
18.34534124150374
 30
0.0
 10
56.43276302182193
 20
19.10930381137419
 30
0.0
 10
56.43276302182194
 20
20.07460845839486
 30
0.0
 10
56.43276302182193
 20
21.22278186860357
 30
0.0
 10
56.43276302182193
 20
22.61107325556418
 30
0.0
 10
56.43276302182193
 20
24.18234695021228
 30
0.0
 10
56.43276302182193
 20
25.30991569294309
 30
0.0
 10
56.43276302182193
 20
25.87835731010369
 30
0.0
  0
SPLINE
  5
80
330
1F
100
AcDbEntity
  8
0
  6
Continuous
 62
     7
370
    25
100
AcDbSpline
210
0.0
220
0.0
230
1.0
 70
    24
 71
     3
 72
    18
 73
    14
 74
     0
 42
0.00000001
 43
0.00000001
 40
0.0
 40
0.0
 40
0.0
 40
0.0
 40
0.1484987468262671
 40
0.2247422695010745
 40
0.3009385266160718
 40
0.3763023002253891
 40
0.4533442445306182
 40
0.5288686139878884
 40
0.6072217296389538
 40
0.696628847197619
 40
0.7885672243316241
 40
0.902692200222534
 40
1.0
 40
1.0
 40
1.0
 40
1.0
 10
56.43276302182193
 20
88.12164268989612
 30
0.0
 10
56.43276302182193
 20
88.85020605920226
 30
0.0
 10
56.43276302182193
 20
89.95283479239134
 30
0.0
 10
56.43276302182193
 20
91.41206496232759
 30
0.0
 10
56.43276302182191
 20
92.48866610889256
 30
0.0
 10
56.43276302182193
 20
93.52134448005516
 30
0.0
 10
56.43276302182194
 20
94.47475852033462
 30
0.0
 10
56.43276302182192
 20
95.31826015253215
 30
0.0
 10
56.43276302182194
 20
96.0288515695443
 30
0.0
 10
56.43276302182193
 20
96.59011016530083
 30
0.0
 10
56.43276302182193
 20
97.01650545942731
 30
0.0
 10
56.43276302182193
 20
97.21582896010365
 30
0.0
 10
56.43276302182193
 20
97.22112666432093
 30
0.0
 10
56.43276302182193
 20
97.22356482907391
 30
0.0
  0
LINE
  5
81
330
1F
100
AcDbEntity
  8
0
  6
Continuous
 62
     7
370
    25
100
AcDbLine
 10
56.4327630218
 20
25.8783573101
 30
0.0
 11
56.4327630218
 21
88.1216426899
 31
0.0
  0
LINE
  5
82
330
1F
100
AcDbEntity
  8
0
  6
Continuous
 62
     7
370
    25
100
AcDbLine
 10
59.4690208452
 20
88.1216426899
 30
0.0
 11
59.4690208452
 21
25.8783573101
 31
0.0
  0
LINE
  5
83
330
1F
100
AcDbEntity
  8
0
  6
Continuous
 62
     7
370
    25
100
AcDbLine
 10
106.531017108
 20
25.8783573101
 30
0.0
 11
106.531017108
 21
88.1216426899
 31
0.0
  0
ARC
  5
84
330
1F
100
AcDbEntity
  8
0
  6
Continuous
 62
     7
370
    25
100
AcDbCircle
 10
94.3859858144
 20
28.9146151335
 30
0.0
 40
6.072515646809033
100
AcDbArc
 50
330.0
 51
210.0000000005
  0
ARC
  5
85
330
1F
100
AcDbEntity
  8
0
  6
Continuous
 62
     7
370
    25
100
AcDbCircle
 10
94.3859858144
 20
85.0853848665
 30
0.0
 40
6.072515646809114
100
AcDbArc
 50
150.0
 51
30.0000000558
  0
LINE
  5
86
330
1F
100
AcDbEntity
  8
0
  6
Continuous
 62
     7
370
    25
100
AcDbLine
 10
109.5672749314
 20
88.1216426899
 30
0.0
 11
109.5672749314
 21
25.8783573101
 31
0.0
  0
CIRCLE
  5
87
330
1F
100
AcDbEntity
  8
0
  6
Continuous
 62
     7
370
    25
100
AcDbCircle
 10
94.3859858144
 20
85.0853848665
 30
0.0
 40
3.795322279255629
  0
CIRCLE
  5
88
330
1F
100
AcDbEntity
  8
0
  6
Continuous
 62
     7
370
    25
100
AcDbCircle
 10
94.3859858144
 20
28.9146151335
 30
0.0
 40
3.795322279255629
  0
LINE
  5
89
330
1F
100
AcDbEntity
  8
0
  6
HIDDEN
 62
     7
370
    18
100
AcDbLine
 10
109.5672749314
 20
97.2304161601
 30
0.0
 11
106.531017108
 21
100.2666739835
 31
0.0
  0
LINE
  5
8A
330
1F
100
AcDbEntity
  8
0
  6
HIDDEN
 62
     7
370
    18
100
AcDbLine
 10
109.5672749314
 20
16.7695838399
 30
0.0
 11
106.531017108
 21
13.7333260165
 31
0.0
  0
LINE
  5
8B
330
1F
100
AcDbEntity
  8
0
  6
HIDDEN
 62
     7
370
    18
100
AcDbLine
 10
56.4327630218
 20
16.7695838399
 30
0.0
 11
59.4690208452
 21
13.7333260165
 31
0.0
  0
LINE
  5
8C
330
1F
100
AcDbEntity
  8
0
  6
HIDDEN
 62
     7
370
    18
100
AcDbLine
 10
56.4327630218
 20
97.2304161601
 30
0.0
 11
59.4690208452
 21
100.2666739835
 31
0.0
  0
LINE
  5
8D
330
1F
100
AcDbEntity
  8
0
  6
HIDDEN
 62
     7
370
    18
100
AcDbLine
 10
56.4327630218
 20
66.4883056981
 30
0.0
 11
101.9766303729
 21
66.4883056981
 31
0.0
  0
LINE
  5
8E
330
1F
100
AcDbEntity
  8
0
  6
HIDDEN
 62
     7
370
    18
100
AcDbLine
 10
56.4327630218
 20
47.5116943019
 30
0.0
 11
101.9766303729
 21
47.5116943019
 31
0.0
  0
LINE
  5
8F
330
1F
100
AcDbEntity
  8
0
  6
HIDDEN
 62
     7
370
    18
100
AcDbLine
 10
101.9766303729
 20
66.4883056981
 30
0.0
 11
101.9766303729
 21
47.5116943019
 31
0.0
  0
LINE
  5
90
330
1F
100
AcDbEntity
  8
0
  6
HIDDEN
 62
     7
370
    18
100
AcDbLine
 10
57.9508919335
 20
23.6011639426
 30
0.0
 11
57.9508919335
 21
35.7461952362
 31
0.0
  0
LINE
  5
91
330
1F
100
AcDbEntity
  8
0
  6
HIDDEN
 62
     7
370
    18
100
AcDbLine
 10
101.9766303729
 20
47.5116943019
 30
0.0
 11
101.9766303729
 21
42.1982431109
 31
0.0
  0
LINE
  5
92
330
1F
100
AcDbEntity
  8
0
  6
HIDDEN
 62
     7
370
    18
100
AcDbLine
 10
101.9766303729
 20
71.8017568891
 30
0.0
 11
101.9766303729
 21
66.4883056981
 31
0.0
  0
LINE
  5
93
330
1F
100
AcDbEntity
  8
0
  6
HIDDEN
 62
     7
370
    18
100
AcDbLine
 10
57.9508919335
 20
78.2538047638
 30
0.0
 11
57.9508919335
 21
90.3988360574
 31
0.0
  0
LINE
  5
94
330
1F
100
AcDbEntity
  8
0
  6
HIDDEN
 62
     7
370
    18
100
AcDbLine
 10
101.9766303729
 20
71.8017568891
 30
0.0
 11
56.4327630218
 21
71.8017568891
 31
0.0
  0
LINE
  5
95
330
1F
100
AcDbEntity
  8
0
  6
HIDDEN
 62
     7
370
    18
100
AcDbLine
 10
101.9766303729
 20
42.1982431109
 30
0.0
 11
56.4327630218
 21
42.1982431109
 31
0.0
  0
LINE
  5
96
330
1F
100
AcDbEntity
  8
0
  6
HIDDEN
 62
     7
370
    18
100
AcDbLine
 10
101.9766303729
 20
20.2278251227
 30
0.0
 11
101.9766303729
 21
24.0231474019
 31
0.0
  0
LINE
  5
97
330
1F
100
AcDbEntity
  8
0
  6
HIDDEN
 62
     7
370
    18
100
AcDbLine
 10
84.8217736707
 20
90.3988360574
 30
0.0
 11
84.8217736707
 21
78.2538047638
 31
0.0
  0
LINE
  5
98
330
1F
100
AcDbEntity
  8
0
  6
HIDDEN
 62
     7
370
    18
100
AcDbLine
 10
84.8217736707
 20
35.7461952362
 30
0.0
 11
84.8217736707
 21
23.6011639426
 31
0.0
  0
SPLINE
  5
99
330
1F
100
AcDbEntity
  8
0
  6
HIDDEN
 62
     7
370
    18
100
AcDbSpline
210
0.0
220
0.0
230
1.0
 70
     8
 71
     3
 72
    28
 73
    24
 74
     0
 42
0.00000001
 43
0.00000001
 40
0.0
 40
0.0
 40
0.0
 40
0.0
 40
0.1249999999999993
 40
0.1249999999999993
 40
0.187499999999999
 40
0.187499999999999
 40
0.2499999999999987
 40
0.2499999999999987
 40
0.3749999999999981
 40
0.3749999999999981
 40
0.437499999999998
 40
0.437499999999998
 40
0.4999999999999979
 40
0.4999999999999979
 40
0.6249999999999982
 40
0.6249999999999982
 40
0.6874999999999987
 40
0.6874999999999987
 40
0.749999999999999
 40
0.749999999999999
 40
0.8749999999999996
 40
0.8749999999999996
 40
1.0
 40
1.0
 40
1.0
 40
1.0
 10
64.85108398125142
 20
21.32397057499691
 30
0.0
 10
64.76858690715663
 20
20.67310454404265
 30
0.0
 10
64.66292632222604
 20
20.04909590053629
 30
0.0
 10
64.46804278618112
 20
19.15527911790743
 30
0.0
 10
64.3969662844465
 20
18.86443072175092
 30
0.0
 10
64.24159623476615
 20
18.29805869318064
 30
0.0
 10
64.15704050024598
 20
18.02219861286495
 30
0.0
 10
63.8887287916062
 20
17.23941862614933
 30
0.0
 10
63.68841261921227
 20
16.7705705731406
 30
0.0
 10
63.35656157210137
 20
16.14486394766545
 30
0.0
 10
63.24014795548191
 20
15.94820643922123
 30
0.0
 10
63.00039759909412
 20
15.58391747295839
 30
0.0
 10
62.87771408837916
 20
15.41698448261811
 30
0.0
 10
62.50226504589879
 20
14.95625996353186
 30
0.0
 10
62.24219138146866
 20
14.70205335092773
 30
0.0
 10
61.83955857982551
 20
14.38857120910128
 30
0.0
 10
61.70275678429438
 20
14.29525032521015
 30
0.0
 10
61.42754430078816
 20
14.13219041692673
 30
0.0
 10
61.28942286905038
 20
14.06253066780846
 30
0.0
 10
60.87363290112262
 20
13.88639955011599
 30
0.0
 10
60.59450729951785
 20
13.81349961289866
 30
0.0
 10
60.03328535167182
 20
13.7361470083211
 30
0.0
 10
59.75111818753916
 20
13.73332601648566
 30
0.0
 10
59.46882858687434
 20
13.73332601648565
 30
0.0
  0
SPLINE
  5
9A
330
1F
100
AcDbEntity
  8
0
  6
HIDDEN
 62
     7
370
    18
100
AcDbSpline
210
0.0
220
0.0
230
1.0
 70
     8
 71
     3
 72
    28
 73
    24
 74
     0
 42
0.00000001
 43
0.00000001
 40
0.0
 40
0.0
 40
0.0
 40
0.0
 40
0.1250000000000011
 40
0.1250000000000011
 40
0.187500000000001
 40
0.187500000000001
 40
0.2500000000000009
 40
0.2500000000000009
 40
0.3750000000000008
 40
0.3750000000000008
 40
0.4375000000000007
 40
0.4375000000000007
 40
0.5000000000000006
 40
0.5000000000000006
 40
0.6250000000000001
 40
0.6250000000000001
 40
0.6875000000000001
 40
0.6875000000000001
 40
0.7500000000000001
 40
0.7500000000000001
 40
0.875
 40
0.875
 40
1.0
 40
1.0
 40
1.0
 40
1.0
 10
64.85108398126785
 20
92.67602942500288
 30
0.0
 10
64.76858928681776
 20
93.32687668159609
 30
0.0
 10
64.66293240126637
 20
93.95086808093345
 30
0.0
 10
64.46805661095793
 20
94.84466154427832
 30
0.0
 10
64.39698306349386
 20
95.13550259907835
 30
0.0
 10
64.2416197905764
 20
95.70186095161259
 30
0.0
 10
64.15706764893011
 20
95.97771555638701
 30
0.0
 10
63.88876736771049
 20
96.76048208042182
 30
0.0
 10
63.68846008348025
 20
97.22932429754461
 30
0.0
 10
63.35662399008438
 20
97.85502617756825
 30
0.0
 10
63.24021597333482
 20
98.05168231341382
 30
0.0
 10
63.00047480917526
 20
98.41597310291898
 30
0.0
 10
62.87779597435099
 20
98.58290743699472
 30
0.0
 10
62.50236119049028
 20
99.04363723822831
 30
0.0
 10
62.2422973363274
 20
99.29784902171805
 30
0.0
 10
61.83967981198862
 20
99.61134196345523
 30
0.0
 10
61.70288348761182
 20
99.70466686544715
 30
0.0
 10
61.42767955312269
 20
99.86773717967121
 30
0.0
 10
61.28956236775797
 20
99.9374025214099
 30
0.0
 10
60.87378505782552
 20
100.1135514200082
 30
0.0
 10
60.59466779890613
 20
100.1864648925638
 30
0.0
 10
60.03346216463579
 20
100.2638419867952
 30
0.0
 10
59.75130296737937
 20
100.2666739835142
 30
0.0
 10
59.46902084522644
 20
100.2666739835142
 30
0.0
  0
SPLINE
  5
9B
330
1F
100
AcDbEntity
  8
0
  6
HIDDEN
 62
     7
370
    18
100
AcDbSpline
210
0.0
220
0.0
230
1.0
 70
    24
 71
     3
 72
    12
 73
     8
 74
     0
 42
0.00000001
 43
0.00000001
 40
0.0
 40
0.0
 40
0.0
 40
0.0
 40
0.2499999999999988
 40
0.2499999999999988
 40
0.4999999999999977
 40
0.4999999999999977
 40
1.0
 40
1.0
 40
1.0
 40
1.0
 10
101.9766303728896
 20
88.12164268989612
 30
0.0
 10
101.9766303728896
 20
88.48640115257444
 30
0.0
 10
101.9766303728896
 20
88.85154746176713
 30
0.0
 10
101.9766303728896
 20
89.59189838996792
 30
0.0
 10
101.9766303728896
 20
89.9670354753959
 30
0.0
 10
101.9766303728896
 20
91.10911645298937
 30
0.0
 10
101.9766303728896
 20
91.89454781427109
 30
0.0
 10
101.9766303728896
 20
92.67602942431495
 30
0.0
  0
LINE
  5
9C
330
1F
100
AcDbEntity
  8
0
  6
HIDDEN
 62
     7
370
    18
100
AcDbLine
 10
101.9766303729
 20
24.1194404522
 30
0.0
 11
101.9766303729
 21
25.8783573101
 31
0.0
  0
LINE
  5
9D
330
1F
100
AcDbEntity
  8
0
  6
HIDDEN
 62
     7
370
    18
100
AcDbLine
 10
101.9766303729
 20
21.323970575
 30
0.0
 11
64.8510839813
 21
21.323970575
 31
0.0
  0
LINE
  5
9E
330
1F
100
AcDbEntity
  8
0
  6
HIDDEN
 62
     7
370
    18
100
AcDbLine
 10
64.8510839813
 20
92.676029425
 30
0.0
 11
101.9766303729
 21
92.6760294247
 31
0.0
  0
LINE
  5
9F
330
1F
100
AcDbEntity
  8
0
  6
HIDDEN
 62
     7
370
    18
100
AcDbLine
 10
101.9766303729
 20
25.8783573101
 30
0.0
 11
101.9766303729
 21
42.1982431109
 31
0.0
  0
LINE
  5
A0
330
1F
100
AcDbEntity
  8
0
  6
HIDDEN
 62
     7
370
    18
100
AcDbLine
 10
101.9766303729
 20
71.8017568891
 30
0.0
 11
101.9766303729
 21
88.1216426899
 31
0.0
  0
LINE
  5
A1
330
1F
100
AcDbEntity
  8
0
  6
HIDDEN
 62
     7
370
    18
100
AcDbLine
 10
101.9766303729
 20
28.9146151335
 30
0.0
 11
109.5672749314
 21
28.9146151335
 31
0.0
  0
LINE
  5
A2
330
1F
100
AcDbEntity
  8
0
  6
HIDDEN
 62
     7
370
    18
100
AcDbLine
 10
109.5672749314
 20
85.0853848665
 30
0.0
 11
101.9766303729
 21
85.0853848665
 31
0.0
  0
LINE
  5
A3
330
1F
100
AcDbEntity
  8
0
  6
HIDDEN
 62
     7
370
    18
100
AcDbLine
 10
86.7953412559
 20
92.676029425
 30
0.0
 11
86.7953412559
 21
100.2666739835
 31
0.0
  0
LINE
  5
A4
330
1F
100
AcDbEntity
  8
0
  6
HIDDEN
 62
     7
370
    18
100
AcDbLine
 10
86.7953412559
 20
13.7333260165
 30
0.0
 11
86.7953412559
 21
21.323970575
 31
0.0
  0
CIRCLE
  5
A5
330
1F
100
AcDbEntity
  8
0
  6
HIDDEN
 62
     7
370
    18
100
AcDbCircle
 10
94.3859858144
 20
85.0853848665
 30
0.0
 40
6.831580102660141
  0
CIRCLE
  5
A6
330
1F
100
AcDbEntity
  8
0
  6
HIDDEN
 62
     7
370
    18
100
AcDbCircle
 10
94.3859858144
 20
28.9146151335
 30
0.0
 40
6.831580102660141
  0
LINE
  5
A7
330
1F
100
AcDbEntity
  8
0
  6
HIDDEN
 62
     7
370
    18
100
AcDbLine
 10
86.7953412559
 20
21.323970575
 30
0.0
 11
86.7953412559
 21
92.676029425
 31
0.0
  0
LINE
  5
A8
330
1F
100
AcDbEntity
  8
0
  6
HIDDEN
 62
     7
370
    18
100
AcDbLine
 10
56.4327630218
 20
22.0830350308
 30
0.0
 11
57.9508919335
 21
23.6011639426
 31
0.0
  0
LINE
  5
A9
330
1F
100
AcDbEntity
  8
0
  6
HIDDEN
 62
     7
370
    18
100
AcDbLine
 10
57.9508919335
 20
35.7461952362
 30
0.0
 11
56.4327630218
 21
37.2643241479
 31
0.0
  0
LINE
  5
AA
330
1F
100
AcDbEntity
  8
0
  6
HIDDEN
 62
     7
370
    18
100
AcDbLine
 10
56.4327630218
 20
76.7356758521
 30
0.0
 11
57.9508919335
 21
78.2538047638
 31
0.0
  0
LINE
  5
AB
330
1F
100
AcDbEntity
  8
0
  6
HIDDEN
 62
     7
370
    18
100
AcDbLine
 10
57.9508919335
 20
90.3988360574
 30
0.0
 11
56.4327630218
 21
91.9169649692
 31
0.0
  0
LINE
  5
AC
330
1F
100
AcDbEntity
  8
0
  6
HIDDEN
 62
     7
370
    18
100
AcDbLine
 10
109.5672749314
 20
24.0231474019
 30
0.0
 11
101.9766303729
 21
24.0231474019
 31
0.0
  0
LINE
  5
AD
330
1F
100
AcDbEntity
  8
0
  6
HIDDEN
 62
     7
370
    18
100
AcDbLine
 10
101.9766303729
 20
20.2278251227
 30
0.0
 11
109.5672749314
 21
20.2278251227
 31
0.0
  0
LINE
  5
AE
330
1F
100
AcDbEntity
  8
0
  6
HIDDEN
 62
     7
370
    18
100
AcDbLine
 10
109.5672749314
 20
63.4520478747
 30
0.0
 11
106.531017108
 21
60.4157900513
 31
0.0
  0
LINE
  5
AF
330
1F
100
AcDbEntity
  8
0
  6
HIDDEN
 62
     7
370
    18
100
AcDbLine
 10
106.531017108
 20
53.5842099487
 30
0.0
 11
109.5672749314
 21
50.5479521253
 31
0.0
  0
LINE
  5
B0
330
1F
100
AcDbEntity
  8
0
  6
HIDDEN
 62
     7
370
    18
100
AcDbLine
 10
57.9508919335
 20
78.2538047638
 30
0.0
 11
84.8217736707
 21
78.2538047638
 31
0.0
  0
LINE
  5
B1
330
1F
100
AcDbEntity
  8
0
  6
HIDDEN
 62
     7
370
    18
100
AcDbLine
 10
84.8217736707
 20
90.3988360574
 30
0.0
 11
57.9508919335
 21
90.3988360574
 31
0.0
  0
LINE
  5
B2
330
1F
100
AcDbEntity
  8
0
  6
HIDDEN
 62
     7
370
    18
100
AcDbLine
 10
57.9508919335
 20
23.6011639426
 30
0.0
 11
84.8217736707
 21
23.6011639426
 31
0.0
  0
LINE
  5
B3
330
1F
100
AcDbEntity
  8
0
  6
HIDDEN
 62
     7
370
    18
100
AcDbLine
 10
84.8217736707
 20
35.7461952362
 30
0.0
 11
57.9508919335
 21
35.7461952362
 31
0.0
  0
LINE
  5
B4
330
1F
100
AcDbEntity
  8
0
  6
HIDDEN
 62
     7
370
    18
100
AcDbLine
 10
101.9766303729
 20
53.5842099487
 30
0.0
 11
106.531017108
 21
53.5842099487
 31
0.0
  0
LINE
  5
B5
330
1F
100
AcDbEntity
  8
0
  6
HIDDEN
 62
     7
370
    18
100
AcDbLine
 10
106.531017108
 20
60.4157900513
 30
0.0
 11
101.9766303729
 21
60.4157900513
 31
0.0
  0
LINE
  5
B6
330
1F
100
AcDbEntity
  8
0
  6
HIDDEN
 62
     7
370
    18
100
AcDbLine
 10
59.4935269349
 20
100.2923627066
 30
0.0
 11
56.4327630218
 21
97.2314223094
 31
0.0
  0
INSERT
  5
C2
330
1F
100
AcDbEntity
  8
10
100
AcDbBlockReference
  2
SW_CENTERMARKSYMBOL_0
 10
94.3859858144
 20
28.9146151335
 30
0.0
  0
INSERT
  5
CE
330
1F
100
AcDbEntity
  8
10
100
AcDbBlockReference
  2
SW_CENTERMARKSYMBOL_1
 10
94.3859858144
 20
85.0853848665
 30
0.0
  0
LINE
  5
CF
330
1F
100
AcDbEntity
  8
0
  6
Continuous
 62
     7
370
    25
100
AcDbLine
 10
106.5068751466
 20
109.296296166
 30
0.0
 11
109.5672749314
 21
112.3568724135
 31
0.0
  0
LINE
  5
D0
330
1F
100
AcDbEntity
  8
0
  6
Continuous
 62
     7
370
    25
100
AcDbLine
 10
59.4935269349
 20
148.8186967327
 30
0.0
 11
56.4327630218
 21
145.757744871
 31
0.0
  0
LINE
  5
D1
330
1F
100
AcDbEntity
  8
0
  6
Continuous
 62
     7
370
    25
100
AcDbLine
 10
56.4327630218
 20
112.3568724135
 30
0.0
 11
59.4935269349
 21
109.2959320163
 31
0.0
  0
LINE
  5
D2
330
1F
100
AcDbEntity
  8
0
  6
Continuous
 62
     7
370
    25
100
AcDbLine
 10
106.5068751466
 20
109.2962606014
 30
0.0
 11
109.5672749314
 21
112.356848312
 31
0.0
  0
LINE
  5
D3
330
1F
100
AcDbEntity
  8
0
  6
Continuous
 62
     7
370
    25
100
AcDbLine
 10
56.4327630218
 20
112.356848312
 30
0.0
 11
59.4935269349
 21
109.2958964502
 31
0.0
  0
SPLINE
  5
D4
330
1F
100
AcDbEntity
  8
0
  6
Continuous
 62
     7
370
    25
100
AcDbSpline
210
0.0
220
0.0
230
1.0
 70
     8
 71
     3
 72
    34
 73
    30
 74
     0
 42
0.00000001
 43
0.00000001
 40
0.0
 40
0.0
 40
0.0
 40
0.0
 40
0.1250000000000001
 40
0.1250000000000001
 40
0.1875000000000001
 40
0.1875000000000001
 40
0.2500000000000001
 40
0.2500000000000001
 40
0.3125000000000001
 40
0.3125000000000001
 40
0.3750000000000002
 40
0.3750000000000002
 40
0.4375000000000002
 40
0.4375000000000002
 40
0.5000000000000002
 40
0.5000000000000002
 40
0.6249999999999998
 40
0.6249999999999998
 40
0.6874999999999999
 40
0.6874999999999999
 40
0.7499999999999999
 40
0.7499999999999999
 40
0.8124999999999999
 40
0.8124999999999999
 40
0.8749999999999999
 40
0.8749999999999999
 40
0.9375
 40
0.9375
 40
1.0
 40
1.0
 40
1.0
 40
1.0
 10
99.64493862643789
 20
109.3216207393535
 30
0.0
 10
99.37741346661169
 20
109.3216207393535
 30
0.0
 10
99.05560217017846
 20
109.3236621670415
 30
0.0
 10
98.4939965664207
 20
109.3419605081916
 30
0.0
 10
98.29191656021268
 20
109.3503175216809
 30
0.0
 10
97.87098370257584
 20
109.3699237685305
 30
0.0
 10
97.65157166583582
 20
109.3811434983512
 30
0.0
 10
97.19512778060829
 20
109.4044779797623
 30
0.0
 10
96.95809685267402
 20
109.4165854410086
 30
0.0
 10
96.46574186792807
 20
109.4396122104575
 30
0.0
 10
96.21311671225432
 20
109.4503713908963
 30
0.0
 10
95.70318143102024
 20
109.4683425874592
 30
0.0
 10
95.44465771259235
 20
109.4756131706223
 30
0.0
 10
94.92043265458564
 20
109.4855406154475
 30
0.0
 10
94.65273358222997
 20
109.4881870075948
 30
0.0
 10
93.85460567899163
 20
109.4882006430882
 30
0.0
 10
93.33173514787993
 20
109.4775689826955
 30
0.0
 10
92.56114180306358
 20
109.4504719104275
 30
0.0
 10
92.30731051430722
 20
109.4396541829506
 30
0.0
 10
91.818972202768
 20
109.4168323058379
 30
0.0
 10
91.58255890123755
 20
109.4047698659446
 30
0.0
 10
91.12511630938899
 20
109.3813848838832
 30
0.0
 10
90.90292406133267
 20
109.3700169337261
 30
0.0
 10
90.480018960197
 20
109.3503128694763
 30
0.0
 10
90.28121890564535
 20
109.3420897431812
 30
0.0
 10
89.90812316889941
 20
109.3298868667499
 30
0.0
 10
89.73382877976965
 20
109.3259408165669
 30
0.0
 10
89.41025095489884
 20
109.3217783773709
 30
0.0
 10
89.26080370842725
 20
109.3216207393535
 30
0.0
 10
89.1270329993632
 20
109.3216207393535
 30
0.0
  0
LINE
  5
D5
330
1F
100
AcDbEntity
  8
0
  6
Continuous
 62
     7
370
    25
100
AcDbLine
 10
89.1270329994
 20
109.3216207394
 30
0.0
 11
59.4690208452
 21
109.3216207394
 31
0.0
  0
SPLINE
  5
D6
330
1F
100
AcDbEntity
  8
0
  6
Continuous
 62
     7
370
    25
100
AcDbSpline
210
0.0
220
0.0
230
1.0
 70
     8
 71
     3
 72
    19
 73
    15
 74
     0
 42
0.00000001
 43
0.00000001
 40
0.0
 40
0.0
 40
0.0
 40
0.0
 40
0.0749674834298198
 40
0.1498478565573379
 40
0.2272961544896231
 40
0.3047113060364227
 40
0.3863770958139708
 40
0.4700953019011533
 40
0.5518768859882482
 40
0.6363468892548018
 40
0.7329159378692784
 40
0.8322663727437363
 40
0.9231561529553083
 40
1.0
 40
1.0
 40
1.0
 40
1.0
 10
59.46902084522644
 20
121.4666520329715
 30
0.0
 10
59.46849107578925
 20
120.9807814668612
 30
0.0
 10
59.46743215249342
 20
120.0096049038371
 30
0.0
 10
59.47407545954896
 20
118.5387577577214
 30
0.0
 10
59.46928189833281
 20
117.0742763459997
 30
0.0
 10
59.47078769106702
 20
115.6126854232326
 30
0.0
 10
59.46830942417458
 20
114.1916333355988
 30
0.0
 10
59.47007938919944
 20
112.8727282305952
 30
0.0
 10
59.47038075290741
 20
111.7297424575756
 30
0.0
 10
59.4679111916045
 20
110.769168085356
 30
0.0
 10
59.47139490346552
 20
110.0184413617534
 30
0.0
 10
59.46854700752252
 20
109.5397699643686
 30
0.0
 10
59.47415133283825
 20
109.334708231648
 30
0.0
 10
59.47102355583997
 20
109.3300934585935
 30
0.0
 10
59.46959062661059
 20
109.3279792915028
 30
0.0
  0
SPLINE
  5
D7
330
1F
100
AcDbEntity
  8
0
  6
Continuous
 62
     7
370
    25
100
AcDbSpline
210
0.0
220
0.0
230
1.0
 70
     8
 71
     3
 72
    19
 73
    15
 74
     0
 42
0.00000001
 43
0.00000001
 40
0.0
 40
0.0
 40
0.0
 40
0.0
 40
0.0598897027335156
 40
0.134772491536534
 40
0.2122234472260786
 40
0.2896412554452722
 40
0.3713066089648899
 40
0.4550243950632926
 40
0.5368055403819287
 40
0.6212750213438631
 40
0.7178448971371398
 40
0.8171961555252371
 40
0.9080816137431988
 40
1.0
 40
1.0
 40
1.0
 40
1.0
 10
106.5310215209869
 20
109.3265732721101
 30
0.0
 10
106.531346612891
 20
109.3288476846504
 30
0.0
 10
106.5320781818236
 20
109.333965897479
 30
0.0
 10
106.5255928226596
 20
109.4444569032471
 30
0.0
 10
106.530785763754
 20
109.7313601287111
 30
0.0
 10
106.5292706397696
 20
110.2062942885945
 30
0.0
 10
106.5317846841817
 20
110.8950115872941
 30
0.0
 10
106.5300233341593
 20
111.8182100923028
 30
0.0
 10
106.5295843979139
 20
112.9790231396643
 30
0.0
 10
106.5321028555734
 20
114.3957513961504
 30
0.0
 10
106.5285767699283
 20
116.0604966821476
 30
0.0
 10
106.5315547961331
 20
117.8640464377147
 30
0.0
 10
106.5261361281291
 20
119.6854929184846
 30
0.0
 10
106.5293839973756
 20
120.8707000015896
 30
0.0
 10
106.5310171079963
 20
121.4666520329715
 30
0.0
  0
LINE
  5
D8
330
1F
100
AcDbEntity
  8
0
  6
Continuous
 62
     7
370
    25
100
AcDbLine
 10
106.531017108
 20
109.3216207394
 30
0.0
 11
99.6449386264
 21
109.3216207394
 31
0.0
  0
SPLINE
  5
D9
330
1F
100
AcDbEntity
  8
0
  6
Continuous
 62
     7
370
    25
100
AcDbSpline
210
0.0
220
0.0
230
1.0
 70
    24
 71
     3
 72
    18
 73
    14
 74
     0
 42
0.00000001
 43
0.00000001
 40
0.0
 40
0.0
 40
0.0
 40
0.0
 40
0.1484581540381804
 40
0.2246836750184916
 40
0.3008625655569673
 40
0.3762052090667747
 40
0.4532262036924093
 40
0.5287295128896795
 40
0.6070610504514821
 40
0.6964361291885092
 40
0.7883416322897799
 40
0.9024451506015255
 40
0.9999999999999999
 40
0.9999999999999999
 40
0.9999999999999999
 40
0.9999999999999999
 10
109.5672749314008
 20
121.4666520329715
 30
0.0
 10
109.5672749314008
 20
120.7380832271777
 30
0.0
 10
109.5672749314008
 20
119.6354323296898
 30
0.0
 10
109.5672749314008
 20
118.1761986938156
 30
0.0
 10
109.5672749314008
 20
117.0996330664355
 30
0.0
 10
109.5672749314008
 20
116.0668841067996
 30
0.0
 10
109.5672749314009
 20
115.1135542848456
 30
0.0
 10
109.5672749314008
 20
114.2699828733096
 30
0.0
 10
109.5672749314009
 20
113.5594117456463
 30
0.0
 10
109.5672749314008
 20
112.9982075274915
 30
0.0
 10
109.5672749314009
 20
112.5717781611072
 30
0.0
 10
109.5672749314009
 20
112.372679721194
 30
0.0
 10
109.5672749314008
 20
112.367195188803
 30
0.0
 10
109.5672749314008
 20
112.3646673287556
 30
0.0
  0
SPLINE
  5
DA
330
1F
100
AcDbEntity
  8
0
  6
Continuous
 62
     7
370
    25
100
AcDbSpline
210
0.0
220
0.0
230
1.0
 70
     8
 71
     3
 72
    19
 73
    15
 74
     0
 42
0.00000001
 43
0.00000001
 40
0.0
 40
0.0
 40
0.0
 40
0.0
 40
0.0596390710210277
 40
0.1345392920864096
 40
0.2120081186157211
 40
0.2894437899737011
 40
0.3711312262448956
 40
0.4548716228431966
 40
0.5366748841166042
 40
0.6211672771671045
 40
0.7177619225621023
 40
0.8171386914567526
 40
0.9080525630908791
 40
1.0
 40
1.0
 40
1.0
 40
1.0
 10
59.46897416317685
 20
148.7879335194172
 30
0.0
 10
59.46859135264674
 20
148.785659578519
 30
0.0
 10
59.4677277735057
 20
148.7805298138623
 30
0.0
 10
59.47412197071915
 20
148.6701352045174
 30
0.0
 10
59.46926928452609
 20
148.3832697704338
 30
0.0
 10
59.47079128747698
 20
147.9083613520303
 30
0.0
 10
59.46830835961197
 20
147.2196743142273
 30
0.0
 10
59.47007986323215
 20
146.2964947848031
 30
0.0
 10
59.47037991379633
 20
145.1356964085817
 30
0.0
 10
59.4679143615094
 20
143.7189813946889
 30
0.0
 10
59.47138111187221
 20
142.0542517998851
 30
0.0
 10
59.46859795385823
 20
140.2506901266731
 30
0.0
 10
59.47429493429393
 20
138.4291904007447
 30
0.0
 10
59.47078548692378
 20
137.2439240137472
 30
0.0
 10
59.46902084522224
 20
136.6479411499738
 30
0.0
  0
LINE
  5
DB
330
1F
100
AcDbEntity
  8
0
  6
Continuous
 62
     7
370
    25
100
AcDbLine
 10
59.4690208452
 20
148.7929724436
 30
0.0
 11
65.0744199038
 21
148.7929724436
 31
0.0
  0
SPLINE
  5
DC
330
1F
100
AcDbEntity
  8
0
  6
Continuous
 62
     7
370
    25
100
AcDbSpline
210
0.0
220
0.0
230
1.0
 70
    24
 71
     3
 72
    18
 73
    14
 74
     0
 42
0.00000001
 43
0.00000001
 40
0.0
 40
0.0
 40
0.0
 40
0.0
 40
0.1484987468262676
 40
0.2247422695010761
 40
0.3009385266160747
 40
0.3763023002253934
 40
0.4533442445306238
 40
0.5288686139878953
 40
0.6072217296389606
 40
0.6966288471976235
 40
0.7885672243316276
 40
0.9026922002225362
 40
1.0
 40
1.0
 40
1.0
 40
1.0
 10
56.43276302182193
 20
136.647941149994
 30
0.0
 10
56.43276302182193
 20
137.3765045193002
 30
0.0
 10
56.43276302182191
 20
138.4791332524893
 30
0.0
 10
56.43276302182194
 20
139.9383634224255
 30
0.0
 10
56.43276302182193
 20
141.0149645689905
 30
0.0
 10
56.43276302182194
 20
142.0476429401531
 30
0.0
 10
56.43276302182194
 20
143.0010569804326
 30
0.0
 10
56.43276302182193
 20
143.8445586126301
 30
0.0
 10
56.43276302182193
 20
144.5551500296422
 30
0.0
 10
56.43276302182193
 20
145.1164086253988
 30
0.0
 10
56.43276302182194
 20
145.5428039195253
 30
0.0
 10
56.43276302182193
 20
145.7421274202016
 30
0.0
 10
56.43276302182193
 20
145.7474251244189
 30
0.0
 10
56.43276302182193
 20
145.7498632891718
 30
0.0
  0
SPLINE
  5
DD
330
1F
100
AcDbEntity
  8
0
  6
Continuous
 62
     7
370
    25
100
AcDbSpline
210
0.0
220
0.0
230
1.0
 70
    24
 71
     3
 72
    18
 73
    14
 74
     0
 42
0.00000001
 43
0.00000001
 40
0.0
 40
0.0
 40
0.0
 40
0.0
 40
0.1300532958689765
 40
0.2062729058780263
 40
0.2824452651514175
 40
0.3577854020154045
 40
0.4348031832416093
 40
0.5103038655850103
 40
0.5886324069273358
 40
0.6780114832512373
 40
0.7699210252579349
 40
0.884010207519336
 40
1.0
 40
1.0
 40
1.0
 40
1.0
 10
56.43276302182193
 20
112.3683653311456
 30
0.0
 10
56.43276302182193
 20
112.3726419254341
 30
0.0
 10
56.43276302182193
 20
112.3794248794935
 30
0.0
 10
56.43276302182191
 20
112.5998518277084
 30
0.0
 10
56.43276302182193
 20
112.9017221299982
 30
0.0
 10
56.43276302182193
 20
113.3432578433022
 30
0.0
 10
56.43276302182195
 20
113.9336359643714
 30
0.0
 10
56.43276302182192
 20
114.6975985342419
 30
0.0
 10
56.43276302182194
 20
115.6629031812625
 30
0.0
 10
56.43276302182192
 20
116.8110765914713
 30
0.0
 10
56.43276302182193
 20
118.199367978432
 30
0.0
 10
56.43276302182193
 20
119.7706416730801
 30
0.0
 10
56.43276302182193
 20
120.8982104158109
 30
0.0
 10
56.43276302182193
 20
121.4666520329715
 30
0.0
  0
LINE
  5
DE
330
1F
100
AcDbEntity
  8
0
  6
Continuous
 62
     7
370
    25
100
AcDbLine
 10
109.5672749314
 20
208.0
 30
0.0
 11
109.5672749314
 21
121.466652033
 31
0.0
  0
LINE
  5
DF
330
1F
100
AcDbEntity
  8
0
  6
Continuous
 62
     7
370
    25
100
AcDbLine
 10
106.531017108
 20
121.466652033
 30
0.0
 11
106.531017108
 21
208.0
 31
0.0
  0
LINE
  5
E0
330
1F
100
AcDbEntity
  8
0
  6
Continuous
 62
     7
370
    25
100
AcDbLine
 10
106.531017108
 20
208.0
 30
0.0
 11
109.5672749314
 21
208.0
 31
0.0
  0
LINE
  5
E1
330
1F
100
AcDbEntity
  8
0
  6
Continuous
 62
     7
370
    25
100
AcDbLine
 10
59.4690208452
 20
136.64794115
 30
0.0
 11
59.4690208452
 21
121.466652033
 31
0.0
  0
LINE
  5
E2
330
1F
100
AcDbEntity
  8
0
  6
Continuous
 62
     7
370
    25
100
AcDbLine
 10
86.7953412559
 20
195.8549687064
 30
0.0
 11
59.4690208452
 21
136.64794115
 31
0.0
  0
LINE
  5
E3
330
1F
100
AcDbEntity
  8
0
  6
Continuous
 62
     7
370
    25
100
AcDbLine
 10
86.7953412559
 20
195.8549687064
 30
0.0
 11
86.7953412559
 21
208.0
 31
0.0
  0
LINE
  5
E4
330
1F
100
AcDbEntity
  8
0
  6
Continuous
 62
     7
370
    25
100
AcDbLine
 10
86.7953412559
 20
208.0
 30
0.0
 11
106.531017108
 21
208.0
 31
0.0
  0
LINE
  5
E5
330
1F
100
AcDbEntity
  8
0
  6
Continuous
 62
     7
370
    25
100
AcDbLine
 10
56.4327630218
 20
121.466652033
 30
0.0
 11
56.4327630218
 21
136.64794115
 31
0.0
  0
LINE
  5
E6
330
1F
100
AcDbEntity
  8
0
  6
HIDDEN
 62
     7
370
    18
100
AcDbLine
 10
109.5672749314
 20
112.3578785628
 30
0.0
 11
106.531017108
 21
109.3216207394
 31
0.0
  0
LINE
  5
E7
330
1F
100
AcDbEntity
  8
0
  6
HIDDEN
 62
     7
370
    18
100
AcDbLine
 10
65.0744199038
 20
148.7929724436
 30
0.0
 11
89.1270329994
 21
148.7929724436
 31
0.0
  0
SPLINE
  5
E8
330
1F
100
AcDbEntity
  8
0
  6
HIDDEN
 62
     7
370
    18
100
AcDbSpline
210
0.0
220
0.0
230
1.0
 70
     8
 71
     3
 72
    34
 73
    30
 74
     0
 42
0.00000001
 43
0.00000001
 40
0.0
 40
0.0
 40
0.0
 40
0.0
 40
0.1249999999999994
 40
0.1249999999999994
 40
0.1874999999999991
 40
0.1874999999999991
 40
0.2499999999999989
 40
0.2499999999999989
 40
0.3124999999999991
 40
0.3124999999999991
 40
0.3749999999999993
 40
0.3749999999999993
 40
0.4374999999999994
 40
0.4374999999999994
 40
0.4999999999999996
 40
0.4999999999999996
 40
0.6250000000000003
 40
0.6250000000000003
 40
0.6875000000000002
 40
0.6875000000000002
 40
0.7500000000000002
 40
0.7500000000000002
 40
0.8125000000000001
 40
0.8125000000000001
 40
0.8750000000000001
 40
0.8750000000000001
 40
0.9375
 40
0.9375
 40
1.0
 40
1.0
 40
1.0
 40
1.0
 10
89.12703299936115
 20
148.7929724436121
 30
0.0
 10
89.39455815885947
 20
148.7929724436121
 30
0.0
 10
89.71636945506044
 20
148.7909310159946
 30
0.0
 10
90.2779750586059
 20
148.7726326749175
 30
0.0
 10
90.48005506476484
 20
148.7642756614488
 30
0.0
 10
90.90098792233263
 20
148.7446694146262
 30
0.0
 10
91.12039995906018
 20
148.7334496848118
 30
0.0
 10
91.5768438443072
 20
148.7101152033995
 30
0.0
 10
91.81387477227342
 20
148.6980077421456
 30
0.0
 10
92.30622975713133
 20
148.6749809726705
 30
0.0
 10
92.55885491284147
 20
148.6642217922154
 30
0.0
 10
93.06879019421602
 20
148.6462505956133
 30
0.0
 10
93.32731391273363
 20
148.6389800124281
 30
0.0
 10
93.85153897096028
 20
148.629052567559
 30
0.0
 10
94.11923804345503
 20
148.62640617539
 30
0.0
 10
94.91736594700845
 20
148.6263925398391
 30
0.0
 10
95.44023647839172
 20
148.6370242002033
 30
0.0
 10
96.21082982370082
 20
148.6641212724577
 30
0.0
 10
96.46466111257382
 20
148.6749389999321
 30
0.0
 10
96.95299942437802
 20
148.6977608770476
 30
0.0
 10
97.18941272604972
 20
148.7098233169459
 30
0.0
 10
97.64685531819433
 20
148.7332082990224
 30
0.0
 10
97.86904756643479
 20
148.7445762491906
 30
0.0
 10
98.29195266777467
 20
148.7642803134555
 30
0.0
 10
98.49075272243334
 20
148.7725034397588
 30
0.0
 10
98.8638484593953
 20
148.784706316204
 30
0.0
 10
99.03814284863412
 20
148.7886523663925
 30
0.0
 10
99.36172067371618
 20
148.7928148055944
 30
0.0
 10
99.51116792026772
 20
148.7929724436121
 30
0.0
 10
99.6449386293935
 20
148.7929724436121
 30
0.0
  0
LINE
  5
E9
330
1F
100
AcDbEntity
  8
0
  6
HIDDEN
 62
     7
370
    18
100
AcDbLine
 10
99.6449386294
 20
148.7929724436
 30
0.0
 11
101.9766303729
 21
148.7929724436
 31
0.0
  0
LINE
  5
EA
330
1F
100
AcDbEntity
  8
0
  6
HIDDEN
 62
     7
370
    18
100
AcDbLine
 10
64.8510839813
 20
148.3090779447
 30
0.0
 11
101.9766303729
 21
148.3090779448
 31
0.0
  0
LINE
  5
EB
330
1F
100
AcDbEntity
  8
0
  6
HIDDEN
 62
     7
370
    18
100
AcDbLine
 10
59.4690208452
 20
148.7929724436
 30
0.0
 11
56.4327630218
 21
145.7567146202
 31
0.0
  0
LINE
  5
EC
330
1F
100
AcDbEntity
  8
0
  6
HIDDEN
 62
     7
370
    18
100
AcDbLine
 10
56.4327630218
 20
112.3578785628
 30
0.0
 11
59.4690208452
 21
109.3216207394
 31
0.0
  0
LINE
  5
ED
330
1F
100
AcDbEntity
  8
0
  6
HIDDEN
 62
     7
370
    18
100
AcDbLine
 10
101.9766303729
 20
148.3090779448
 30
0.0
 11
101.9766303729
 21
195.8549687064
 31
0.0
  0
LINE
  5
EE
330
1F
100
AcDbEntity
  8
0
  6
HIDDEN
 62
     7
370
    18
100
AcDbLine
 10
86.7953412559
 20
195.8549687064
 30
0.0
 11
101.9766303729
 21
195.8549687064
 31
0.0
  0
LINE
  5
EF
330
1F
100
AcDbEntity
  8
0
  6
HIDDEN
 62
     7
370
    18
100
AcDbLine
 10
98.1813080936
 20
198.8912265298
 30
0.0
 11
90.5906635351
 21
198.8912265298
 31
0.0
  0
LINE
  5
F0
330
1F
100
AcDbEntity
  8
0
  6
HIDDEN
 62
     7
370
    18
100
AcDbLine
 10
57.9508919335
 20
129.0572965915
 30
0.0
 11
57.9508919335
 21
135.1298122383
 31
0.0
  0
LINE
  5
F1
330
1F
100
AcDbEntity
  8
0
  6
HIDDEN
 62
     7
370
    18
100
AcDbLine
 10
57.9508919335
 20
122.9847809447
 30
0.0
 11
57.9508919335
 21
129.0572965915
 31
0.0
  0
LINE
  5
F2
330
1F
100
AcDbEntity
  8
0
  6
HIDDEN
 62
     7
370
    18
100
AcDbLine
 10
84.8217736707
 20
129.0572965915
 30
0.0
 11
84.8217736707
 21
122.9847809447
 31
0.0
  0
LINE
  5
F3
330
1F
100
AcDbEntity
  8
0
  6
HIDDEN
 62
     7
370
    18
100
AcDbLine
 10
84.8217736707
 20
135.1298122383
 30
0.0
 11
84.8217736707
 21
129.0572965915
 31
0.0
  0
LINE
  5
F4
330
1F
100
AcDbEntity
  8
0
  6
HIDDEN
 62
     7
370
    18
100
AcDbLine
 10
109.5672749314
 20
188.2643241479
 30
0.0
 11
101.9766303729
 21
188.2643241479
 31
0.0
  0
LINE
  5
F5
330
1F
100
AcDbEntity
  8
0
  6
HIDDEN
 62
     7
370
    18
100
AcDbLine
 10
101.9766303729
 20
156.3836170021
 30
0.0
 11
109.5672749314
 21
156.3836170021
 31
0.0
  0
LINE
  5
F6
330
1F
100
AcDbEntity
  8
0
  6
HIDDEN
 62
     7
370
    18
100
AcDbLine
 10
101.9766303729
 20
121.466652033
 30
0.0
 11
101.9766303729
 21
136.64794115
 31
0.0
  0
LINE
  5
F7
330
1F
100
AcDbEntity
  8
0
  6
HIDDEN
 62
     7
370
    18
100
AcDbLine
 10
101.9766303729
 20
136.64794115
 30
0.0
 11
56.4327630218
 21
136.64794115
 31
0.0
  0
LINE
  5
F8
330
1F
100
AcDbEntity
  8
0
  6
HIDDEN
 62
     7
370
    18
100
AcDbLine
 10
101.9766303729
 20
121.466652033
 30
0.0
 11
56.4327630218
 21
121.466652033
 31
0.0
  0
LINE
  5
F9
330
1F
100
AcDbEntity
  8
0
  6
HIDDEN
 62
     7
370
    18
100
AcDbLine
 10
56.4327630218
 20
143.8590534806
 30
0.0
 11
101.9766303729
 21
143.8590534806
 31
0.0
  0
LINE
  5
FA
330
1F
100
AcDbEntity
  8
0
  6
HIDDEN
 62
     7
370
    18
100
AcDbLine
 10
101.9766303729
 20
136.64794115
 30
0.0
 11
101.9766303729
 21
143.8590534806
 31
0.0
  0
LINE
  5
FB
330
1F
100
AcDbEntity
  8
0
  6
HIDDEN
 62
     7
370
    18
100
AcDbLine
 10
101.9766303729
 20
114.2555397024
 30
0.0
 11
101.9766303729
 21
121.466652033
 31
0.0
  0
LINE
  5
FC
330
1F
100
AcDbEntity
  8
0
  6
HIDDEN
 62
     7
370
    18
100
AcDbLine
 10
56.4327630218
 20
114.2555397024
 30
0.0
 11
101.9766303729
 21
114.2555397024
 31
0.0
  0
LINE
  5
FD
330
1F
100
AcDbEntity
  8
0
  6
HIDDEN
 62
     7
370
    18
100
AcDbLine
 10
101.9766303729
 20
195.8549687064
 30
0.0
 11
101.9766303729
 21
197.752629846
 31
0.0
  0
LINE
  5
FE
330
1F
100
AcDbEntity
  8
0
  6
HIDDEN
 62
     7
370
    18
100
AcDbLine
 10
101.217565917
 20
195.8549687064
 30
0.0
 11
98.1813080936
 21
198.8912265298
 31
0.0
  0
LINE
  5
FF
330
1F
100
AcDbEntity
  8
0
  6
HIDDEN
 62
     7
370
    18
100
AcDbLine
 10
90.5906635351
 20
198.8912265298
 30
0.0
 11
87.5544057117
 21
195.8549687064
 31
0.0
  0
LINE
  5
100
330
1F
100
AcDbEntity
  8
0
  6
HIDDEN
 62
     7
370
    18
100
AcDbLine
 10
56.4327630218
 20
121.466652033
 30
0.0
 11
57.9508919335
 21
122.9847809447
 31
0.0
  0
LINE
  5
101
330
1F
100
AcDbEntity
  8
0
  6
HIDDEN
 62
     7
370
    18
100
AcDbLine
 10
57.9508919335
 20
135.1298122383
 30
0.0
 11
56.4327630218
 21
136.64794115
 31
0.0
  0
LINE
  5
102
330
1F
100
AcDbEntity
  8
0
  6
HIDDEN
 62
     7
370
    18
100
AcDbLine
 10
100.4585014612
 20
109.3216207394
 30
0.0
 11
100.4585014612
 21
148.7929724436
 31
0.0
  0
LINE
  5
103
330
1F
100
AcDbEntity
  8
0
  6
HIDDEN
 62
     7
370
    18
100
AcDbLine
 10
88.3134701676
 20
148.7929724436
 30
0.0
 11
88.3134701676
 21
109.3216207394
 31
0.0
  0
LINE
  5
104
330
1F
100
AcDbEntity
  8
0
  6
HIDDEN
 62
     7
370
    18
100
AcDbLine
 10
57.9508919335
 20
122.9847809447
 30
0.0
 11
84.8217736707
 21
122.9847809447
 31
0.0
  0
LINE
  5
105
330
1F
100
AcDbEntity
  8
0
  6
HIDDEN
 62
     7
370
    18
100
AcDbLine
 10
84.8217736707
 20
135.1298122383
 30
0.0
 11
57.9508919335
 21
135.1298122383
 31
0.0
  0
LINE
  5
106
330
1F
100
AcDbEntity
  8
0
  6
HIDDEN
 62
     7
370
    18
100
AcDbLine
 10
90.5906635351
 20
208.0
 30
0.0
 11
90.5906635351
 21
198.8912265298
 31
0.0
  0
LINE
  5
107
330
1F
100
AcDbEntity
  8
0
  6
HIDDEN
 62
     7
370
    18
100
AcDbLine
 10
98.1813080936
 20
198.8912265298
 30
0.0
 11
98.1813080936
 21
208.0
 31
0.0
  0
LINE
  5
108
330
1F
100
AcDbEntity
  8
0
  6
HIDDEN
 62
     7
370
    18
100
AcDbLine
 10
109.5672749314
 20
135.5093444662
 30
0.0
 11
106.531017108
 21
132.4730866428
 31
0.0
  0
LINE
  5
109
330
1F
100
AcDbEntity
  8
0
  6
HIDDEN
 62
     7
370
    18
100
AcDbLine
 10
106.531017108
 20
125.6415065402
 30
0.0
 11
109.5672749314
 21
122.6052487167
 31
0.0
  0
LINE
  5
10A
330
1F
100
AcDbEntity
  8
0
  6
HIDDEN
 62
     7
370
    18
100
AcDbLine
 10
101.9766303729
 20
125.6415065402
 30
0.0
 11
106.531017108
 21
125.6415065402
 31
0.0
  0
LINE
  5
10B
330
1F
100
AcDbEntity
  8
0
  6
HIDDEN
 62
     7
370
    18
100
AcDbLine
 10
106.531017108
 20
132.4730866428
 30
0.0
 11
101.9766303729
 21
132.4730866428
 31
0.0
  0
LINE
  5
10C
330
1F
100
AcDbEntity
  8
0
  6
HIDDEN
 62
     7
370
    18
100
AcDbLine
 10
59.4935269361
 20
148.8186611679
 30
0.0
 11
56.4327630218
 21
145.7577207695
 31
0.0
  0
LINE
  5
10D
330
1F
100
AcDbEntity
  8
0
  6
HIDDEN
 62
     7
370
    18
100
AcDbLine
 10
109.5672749314
 20
197.752629846
 30
0.0
 11
101.9766303729
 21
197.752629846
 31
0.0
  0
LINE
  5
10E
330
1F
100
AcDbEntity
  8
0
  6
HIDDEN
 62
     7
370
    18
100
AcDbLine
 10
101.9766303729
 20
193.9573075668
 30
0.0
 11
109.5672749314
 21
193.9573075668
 31
0.0
  0
LINE
  5
10F
330
1F
100
AcDbEntity
  8
0
  6
HIDDEN
 62
     7
370
    18
100
AcDbLine
 10
109.5672749314
 20
162.076600421
 30
0.0
 11
101.9766303729
 21
162.076600421
 31
0.0
  0
LINE
  5
110
330
1F
100
AcDbEntity
  8
0
  6
HIDDEN
 62
     7
370
    18
100
AcDbLine
 10
101.9766303729
 20
158.2812781418
 30
0.0
 11
109.5672749314
 21
158.2812781418
 31
0.0
  0
LINE
  5
111
330
1F
100
AcDbEntity
  8
0
  6
HIDDEN
 62
     7
370
    18
100
AcDbLine
 10
109.5672749314
 20
125.6985738412
 30
0.0
 11
101.9766303729
 21
125.6985738412
 31
0.0
  0
LINE
  5
112
330
1F
100
AcDbEntity
  8
0
  6
HIDDEN
 62
     7
370
    18
100
AcDbLine
 10
101.9766303729
 20
121.9032515619
 30
0.0
 11
109.5672749314
 21
121.9032515619
 31
0.0
  0
LINE
  5
113
330
1F
100
AcDbEntity
  8
0
  6
Continuous
 62
     7
370
    25
100
AcDbLine
 10
186.466652033
 20
16.7695838399
 30
0.0
 11
273.0
 21
16.7695838399
 31
0.0
  0
LINE
  5
114
330
1F
100
AcDbEntity
  8
0
  6
Continuous
 62
     7
370
    25
100
AcDbLine
 10
273.0
 20
16.7695838399
 30
0.0
 11
273.0
 21
13.7333260165
 31
0.0
  0
LINE
  5
115
330
1F
100
AcDbEntity
  8
0
  6
Continuous
 62
     7
370
    25
100
AcDbLine
 10
273.0
 20
13.7333260165
 30
0.0
 11
186.466652033
 21
13.7333260165
 31
0.0
  0
LINE
  5
116
330
1F
100
AcDbEntity
  8
0
  6
Continuous
 62
     7
370
    25
100
AcDbLine
 10
273.0
 20
97.2304161601
 30
0.0
 11
186.466652033
 21
97.2304161601
 31
0.0
  0
LINE
  5
117
330
1F
100
AcDbEntity
  8
0
  6
Continuous
 62
     7
370
    25
100
AcDbLine
 10
186.466652033
 20
100.2666739835
 30
0.0
 11
273.0
 21
100.2666739835
 31
0.0
  0
LINE
  5
118
330
1F
100
AcDbEntity
  8
0
  6
Continuous
 62
     7
370
    25
100
AcDbLine
 10
273.0
 20
100.2666739835
 30
0.0
 11
273.0
 21
97.2304161601
 31
0.0
  0
CIRCLE
  5
119
330
1F
100
AcDbEntity
  8
0
  6
Continuous
 62
     7
370
    25
100
AcDbCircle
 10
260.8549687064
 20
22.1254862623
 30
0.0
 40
1.897661139627818
  0
CIRCLE
  5
11A
330
1F
100
AcDbEntity
  8
0
  6
Continuous
 62
     7
370
    25
100
AcDbCircle
 10
225.1789392814
 20
22.1254862623
 30
0.0
 40
1.897661139627818
  0
CIRCLE
  5
11B
330
1F
100
AcDbEntity
  8
0
  6
Continuous
 62
     7
370
    25
100
AcDbCircle
 10
188.8009127016
 20
22.1254862623
 30
0.0
 40
1.897661139627818
  0
CIRCLE
  5
11C
330
1F
100
AcDbEntity
  8
0
  6
Continuous
 62
     7
370
    25
100
AcDbCircle
 10
194.0572965915
 20
57.0
 30
0.0
 40
6.452047874734575
  0
LINE
  5
11D
330
1F
100
AcDbEntity
  8
0
  6
Continuous
 62
     7
370
    25
100
AcDbLine
 10
177.3578785628
 20
88.1216426899
 30
0.0
 11
177.3578785628
 21
25.8783573101
 31
0.0
  0
SPLINE
  5
11E
330
1F
100
AcDbEntity
  8
0
  6
Continuous
 62
     7
370
    25
100
AcDbSpline
210
0.0
220
0.0
230
1.0
 70
     8
 71
     3
 72
    18
 73
    14
 74
     0
 42
0.00000001
 43
0.00000001
 40
0.0
 40
0.0
 40
0.0
 40
0.0
 40
0.0024511057855033
 40
0.0024511057855033
 40
0.0036766586782549
 40
0.0036766586782549
 40
0.0049022115710066
 40
0.0049022115710066
 40
0.0061277644637582
 40
0.0061277644637582
 40
0.0073533173565099
 40
0.0073533173565099
 40
0.0098044231420132
 40
0.0098044231420132
 40
0.0098044231420132
 40
0.0098044231420132
 10
186.4666520329715
 20
97.23041616010967
 30
0.0
 10
185.2178897777154
 20
97.23931880814915
 30
0.0
 10
183.9749811359704
 20
97.1963999657476
 30
0.0
 10
182.1570684954162
 20
96.70322728750696
 30
0.0
 10
181.5681606864438
 20
96.47976157182026
 30
0.0
 10
180.463672683078
 20
95.89321491004694
 30
0.0
 10
179.9416669704777
 20
95.52008487820402
 30
0.0
 10
179.0692552183188
 20
94.6480783276773
 30
0.0
 10
178.6956079092988
 20
94.1255079173133
 30
0.0
 10
178.1099665920634
 20
93.02293326554634
 30
0.0
 10
177.8873941802063
 20
92.43790866934145
 30
0.0
 10
177.3926773647381
 20
90.62013040303266
 30
0.0
 10
177.3490384031356
 20
89.37140337556487
 30
0.0
 10
177.3578785627579
 20
88.12164268989612
 30
0.0
  0
SPLINE
  5
11F
330
1F
100
AcDbEntity
  8
0
  6
Continuous
 62
     7
370
    25
100
AcDbSpline
210
0.0
220
0.0
230
1.0
 70
     8
 71
     3
 72
    18
 73
    14
 74
     0
 42
0.00000001
 43
0.00000001
 40
0.0
 40
0.0
 40
0.0
 40
0.0
 40
0.0024511057855033
 40
0.0024511057855033
 40
0.0036766586782549
 40
0.0036766586782549
 40
0.0049022115710066
 40
0.0049022115710066
 40
0.0061277644637582
 40
0.0061277644637582
 40
0.0073533173565099
 40
0.0073533173565099
 40
0.0098044231420132
 40
0.0098044231420132
 40
0.0098044231420132
 40
0.0098044231420132
 10
177.3578785627579
 20
25.87835731010368
 30
0.0
 10
177.3489759147184
 20
24.62959505484755
 30
0.0
 10
177.39189475712
 20
23.3866864131025
 30
0.0
 10
177.8850674353608
 20
21.56877377254838
 30
0.0
 10
178.1085331510474
 20
20.97986596357597
 30
0.0
 10
178.6950798128207
 20
19.87537796021015
 30
0.0
 10
179.0682098446636
 20
19.35337224760997
 30
0.0
 10
179.9402163951902
 20
18.480960495451
 30
0.0
 10
180.4627868055542
 20
18.10731318643109
 30
0.0
 10
181.5653614573212
 20
17.52167186919551
 30
0.0
 10
182.1503860535262
 20
17.29909945733848
 30
0.0
 10
183.9681643198351
 20
16.80438264187034
 30
0.0
 10
185.2168913473027
 20
16.76074368026768
 30
0.0
 10
186.4666520329715
 20
16.76958383989011
 30
0.0
  0
SPLINE
  5
120
330
1F
100
AcDbEntity
  8
0
  6
Continuous
 62
     7
370
    25
100
AcDbSpline
210
0.0
220
0.0
230
1.0
 70
     8
 71
     3
 72
    22
 73
    18
 74
     0
 42
0.00000001
 43
0.00000001
 40
0.0
 40
0.0
 40
0.0
 40
0.0
 40
0.125
 40
0.125
 40
0.25
 40
0.25
 40
0.375
 40
0.375
 40
0.5
 40
0.5
 40
0.625
 40
0.625
 40
0.75
 40
0.75
 40
0.875
 40
0.875
 40
1.0
 40
1.0
 40
1.0
 40
1.0
 10
247.1918085010617
 20
85.08538486649161
 30
0.0
 10
247.5713407289873
 20
85.08538486649161
 30
0.0
 10
247.9541675075025
 20
85.08307868107886
 30
0.0
 10
248.7481541996037
 20
85.0076334725763
 30
0.0
 10
249.1579962929538
 20
84.93515335960441
 30
0.0
 10
249.9697735582391
 20
84.69794571715094
 30
0.0
 10
250.3703909099383
 20
84.5338770977873
 30
0.0
 10
251.1116647926054
 20
84.11579862796303
 30
0.0
 10
251.4510035033375
 20
83.86244768762039
 30
0.0
 10
252.0413869689995
 20
83.27206422195837
 30
0.0
 10
252.2947379093422
 20
82.93272551122634
 30
0.0
 10
252.7128163791664
 20
82.19145162855922
 30
0.0
 10
252.87688499853
 20
81.79083427686001
 30
0.0
 10
253.1140926409835
 20
80.97905701157477
 30
0.0
 10
253.1865727539554
 20
80.56921491822457
 30
0.0
 10
253.2620179624579
 20
79.77522822612335
 30
0.0
 10
253.2643241478707
 20
79.39240144760818
 30
0.0
 10
253.2643241478707
 20
79.0128692196826
 30
0.0
  0
LINE
  5
121
330
1F
100
AcDbEntity
  8
0
  6
Continuous
 62
     7
370
    25
100
AcDbLine
 10
247.1918085011
 20
85.0853848665
 30
0.0
 11
227.4561326489
 21
85.0853848665
 31
0.0
  0
SPLINE
  5
122
330
1F
100
AcDbEntity
  8
0
  6
Continuous
 62
     7
370
    25
100
AcDbSpline
210
0.0
220
0.0
230
1.0
 70
     8
 71
     3
 72
    22
 73
    18
 74
     0
 42
0.00000001
 43
0.00000001
 40
0.0
 40
0.0
 40
0.0
 40
0.0
 40
0.125
 40
0.125
 40
0.25
 40
0.25
 40
0.375
 40
0.375
 40
0.5
 40
0.5
 40
0.625
 40
0.625
 40
0.75
 40
0.75
 40
0.875
 40
0.875
 40
1.0
 40
1.0
 40
1.0
 40
1.0
 10
221.3836170021234
 20
79.01286921968259
 30
0.0
 10
221.3836170021234
 20
79.39240144760817
 30
0.0
 10
221.3859231875361
 20
79.77522822612335
 30
0.0
 10
221.4613683960387
 20
80.56921491822457
 30
0.0
 10
221.5338485090106
 20
80.97905701157474
 30
0.0
 10
221.771056151464
 20
81.79083427685995
 30
0.0
 10
221.9351247708277
 20
82.19145162855916
 30
0.0
 10
222.3532032406519
 20
82.93272551122627
 30
0.0
 10
222.6065541809946
 20
83.27206422195832
 30
0.0
 10
223.1969376466566
 20
83.86244768762032
 30
0.0
 10
223.5362763573887
 20
84.115798627963
 30
0.0
 10
224.2775502400558
 20
84.53387709778727
 30
0.0
 10
224.678167591755
 20
84.69794571715092
 30
0.0
 10
225.4899448570402
 20
84.93515335960441
 30
0.0
 10
225.8997869503904
 20
85.0076334725763
 30
0.0
 10
226.6937736424916
 20
85.08307868107887
 30
0.0
 10
227.0766004210068
 20
85.08538486649161
 30
0.0
 10
227.4561326489324
 20
85.08538486649161
 30
0.0
  0
LINE
  5
123
330
1F
100
AcDbEntity
  8
0
  6
Continuous
 62
     7
370
    25
100
AcDbLine
 10
221.3836170021
 20
34.9871307803
 30
0.0
 11
221.3836170021
 21
79.0128692197
 31
0.0
  0
SPLINE
  5
124
330
1F
100
AcDbEntity
  8
0
  6
Continuous
 62
     7
370
    25
100
AcDbSpline
210
0.0
220
0.0
230
1.0
 70
     8
 71
     3
 72
    22
 73
    18
 74
     0
 42
0.00000001
 43
0.00000001
 40
0.0
 40
0.0
 40
0.0
 40
0.0
 40
0.125
 40
0.125
 40
0.2500000000000001
 40
0.2500000000000001
 40
0.3750000000000001
 40
0.3750000000000001
 40
0.5
 40
0.5
 40
0.625
 40
0.625
 40
0.75
 40
0.75
 40
0.8750000000000001
 40
0.8750000000000001
 40
1.0
 40
1.0
 40
1.0
 40
1.0
 10
227.4561326489324
 20
28.9146151335082
 30
0.0
 10
227.0766004210068
 20
28.9146151335082
 30
0.0
 10
226.6937736424916
 20
28.91692131892093
 30
0.0
 10
225.8997869503904
 20
28.99236652742351
 30
0.0
 10
225.4899448570402
 20
29.06484664039541
 30
0.0
 10
224.678167591755
 20
29.30205428284888
 30
0.0
 10
224.2775502400558
 20
29.46612290221254
 30
0.0
 10
223.5362763573887
 20
29.8842013720368
 30
0.0
 10
223.1969376466567
 20
30.13755231237949
 30
0.0
 10
222.6065541809946
 20
30.72793577804149
 30
0.0
 10
222.353203240652
 20
31.06727448877356
 30
0.0
 10
221.9351247708277
 20
31.80854837144065
 30
0.0
 10
221.7710561514641
 20
32.20916572313986
 30
0.0
 10
221.5338485090106
 20
33.02094298842508
 30
0.0
 10
221.4613683960387
 20
33.43078508177524
 30
0.0
 10
221.3859231875361
 20
34.22477177387645
 30
0.0
 10
221.3836170021234
 20
34.60759855239165
 30
0.0
 10
221.3836170021234
 20
34.98713078031722
 30
0.0
  0
LINE
  5
125
330
1F
100
AcDbEntity
  8
0
  6
Continuous
 62
     7
370
    25
100
AcDbLine
 10
247.1918085011
 20
28.9146151335
 30
0.0
 11
227.4561326489
 21
28.9146151335
 31
0.0
  0
SPLINE
  5
126
330
1F
100
AcDbEntity
  8
0
  6
Continuous
 62
     7
370
    25
100
AcDbSpline
210
0.0
220
0.0
230
1.0
 70
     8
 71
     3
 72
    22
 73
    18
 74
     0
 42
0.00000001
 43
0.00000001
 40
0.0
 40
0.0
 40
0.0
 40
0.0
 40
0.125
 40
0.125
 40
0.25
 40
0.25
 40
0.375
 40
0.375
 40
0.5
 40
0.5
 40
0.625
 40
0.625
 40
0.75
 40
0.75
 40
0.875
 40
0.875
 40
1.0
 40
1.0
 40
1.0
 40
1.0
 10
253.2643241478707
 20
34.98713078031722
 30
0.0
 10
253.2643241478707
 20
34.60759855239165
 30
0.0
 10
253.2620179624579
 20
34.22477177387645
 30
0.0
 10
253.1865727539554
 20
33.43078508177523
 30
0.0
 10
253.1140926409835
 20
33.02094298842506
 30
0.0
 10
252.87688499853
 20
32.20916572313981
 30
0.0
 10
252.7128163791664
 20
31.8085483714406
 30
0.0
 10
252.2947379093422
 20
31.06727448877348
 30
0.0
 10
252.0413869689995
 20
30.72793577804142
 30
0.0
 10
251.4510035033375
 20
30.13755231237944
 30
0.0
 10
251.1116647926054
 20
29.88420137203678
 30
0.0
 10
250.3703909099383
 20
29.46612290221253
 30
0.0
 10
249.9697735582391
 20
29.30205428284888
 30
0.0
 10
249.1579962929538
 20
29.0648466403954
 30
0.0
 10
248.7481541996037
 20
28.99236652742351
 30
0.0
 10
247.9541675075025
 20
28.91692131892094
 30
0.0
 10
247.5713407289873
 20
28.9146151335082
 30
0.0
 10
247.1918085010617
 20
28.9146151335082
 30
0.0
  0
LINE
  5
127
330
1F
100
AcDbEntity
  8
0
  6
Continuous
 62
     7
370
    25
100
AcDbLine
 10
253.2643241479
 20
34.9871307803
 30
0.0
 11
253.2643241479
 21
79.0128692197
 31
0.0
  0
LINE
  5
128
330
1F
100
AcDbEntity
  8
0
  6
Continuous
 62
     7
370
    25
100
AcDbLine
 10
273.0
 20
16.7695838399
 30
0.0
 11
273.0
 21
97.2304161601
 31
0.0
  0
CIRCLE
  5
129
330
1F
100
AcDbEntity
  8
0
  6
Continuous
 62
     7
370
    25
100
AcDbCircle
 10
194.0572965915
 20
57.0
 30
0.0
 40
3.41579005133007
  0
SPLINE
  5
12A
330
1F
100
AcDbEntity
  8
0
  6
Continuous
 62
     7
370
    25
100
AcDbSpline
210
0.0
220
0.0
230
1.0
 70
     8
 71
     3
 72
    36
 73
    32
 74
     0
 42
0.00000001
 43
0.00000001
 40
0.0
 40
0.0
 40
0.0
 40
0.0
 40
0.0625000000000002
 40
0.0625000000000002
 40
0.1250000000000005
 40
0.1250000000000005
 40
0.1875000000000007
 40
0.1875000000000007
 40
0.2500000000000009
 40
0.2500000000000009
 40
0.3125000000000012
 40
0.3125000000000012
 40
0.3750000000000014
 40
0.3750000000000014
 40
0.4375000000000017
 40
0.4375000000000017
 40
0.5000000000000019
 40
0.5000000000000019
 40
0.5625000000000021
 40
0.5625000000000021
 40
0.6250000000000023
 40
0.6250000000000023
 40
0.7500000000000013
 40
0.7500000000000013
 40
0.8125000000000011
 40
0.8125000000000011
 40
0.8750000000000008
 40
0.8750000000000008
 40
0.9375000000000004
 40
0.9375000000000004
 40
1.0
 40
1.0
 40
1.0
 40
1.0
 10
186.4666520329715
 20
13.73332601648565
 30
0.0
 10
186.056177061229
 20
13.73332601648564
 30
0.0
 10
185.6457957385293
 20
13.73391963316107
 30
0.0
 10
184.8288368440724
 20
13.7594872005972
 30
0.0
 10
184.4222316742764
 20
13.78428436322748
 30
0.0
 10
183.614387194888
 20
13.86827437840051
 30
0.0
 10
183.2131126024763
 20
13.92724092314716
 30
0.0
 10
182.4165431706681
 20
14.08349879323932
 30
0.0
 10
182.021228917109
 20
14.1806634379229
 30
0.0
 10
181.2371067161681
 20
14.41669434318477
 30
0.0
 10
180.8462705433136
 20
14.55635289659769
 30
0.0
 10
180.0813616263901
 20
14.87907640036418
 30
0.0
 10
179.7107598932772
 20
15.06042148486268
 30
0.0
 10
178.9948846527667
 20
15.46581490677356
 30
0.0
 10
178.6496158176965
 20
15.68987110626298
 30
0.0
 10
177.9875045143751
 20
16.18590937258961
 30
0.0
 10
177.6697029843739
 20
16.45963255114338
 30
0.0
 10
177.0846587827995
 20
17.04105031964826
 30
0.0
 10
176.8148007960873
 20
17.35036682028504
 30
0.0
 10
176.317709249855
 20
18.00399359360347
 30
0.0
 10
176.0903986614515
 20
18.34824065811948
 30
0.0
 10
175.4685762618724
 20
19.43033225332531
 30
0.0
 10
175.1485042422051
 20
20.18923759244478
 30
0.0
 10
174.7864828830191
 20
21.36715948365427
 30
0.0
 10
174.6857217242962
 20
21.76692914330868
 30
0.0
 10
174.5226164885285
 20
22.58022043592581
 30
0.0
 10
174.4610650695748
 20
22.99094148785464
 30
0.0
 10
174.374014608485
 20
23.81257451688577
 30
0.0
 10
174.3485011816472
 20
24.2246661760001
 30
0.0
 10
174.3222139282693
 20
25.0506013070144
 30
0.0
 10
174.3216207393535
 20
25.46445759367826
 30
0.0
 10
174.3216207393535
 20
25.87835731010369
 30
0.0
  0
SPLINE
  5
12B
330
1F
100
AcDbEntity
  8
0
  6
Continuous
 62
     7
370
    25
100
AcDbSpline
210
0.0
220
0.0
230
1.0
 70
     8
 71
     3
 72
    36
 73
    32
 74
     0
 42
0.00000001
 43
0.00000001
 40
0.0
 40
0.0
 40
0.0
 40
0.0
 40
0.0624999999999998
 40
0.0624999999999998
 40
0.1249999999999996
 40
0.1249999999999996
 40
0.1874999999999993
 40
0.1874999999999993
 40
0.2499999999999991
 40
0.2499999999999991
 40
0.3124999999999989
 40
0.3124999999999989
 40
0.3749999999999987
 40
0.3749999999999987
 40
0.4374999999999984
 40
0.4374999999999984
 40
0.4999999999999982
 40
0.4999999999999982
 40
0.562499999999998
 40
0.562499999999998
 40
0.6249999999999978
 40
0.6249999999999978
 40
0.7499999999999979
 40
0.7499999999999979
 40
0.8124999999999984
 40
0.8124999999999984
 40
0.874999999999999
 40
0.874999999999999
 40
0.9374999999999996
 40
0.9374999999999996
 40
1.0
 40
1.0
 40
1.0
 40
1.0
 10
174.3216207393535
 20
88.12164268989612
 30
0.0
 10
174.3216207393535
 20
88.53211766163865
 30
0.0
 10
174.3222143560289
 20
88.94249898433836
 30
0.0
 10
174.347781923465
 20
89.75945787879523
 30
0.0
 10
174.3725790860953
 20
90.16606304859116
 30
0.0
 10
174.4565691012683
 20
90.9739075279796
 30
0.0
 10
174.515535646015
 20
91.37518212039133
 30
0.0
 10
174.6717935161071
 20
92.17175155219951
 30
0.0
 10
174.7689581607907
 20
92.56706580575865
 30
0.0
 10
175.0049890660526
 20
93.35118800669956
 30
0.0
 10
175.1446476194655
 20
93.74202417955405
 30
0.0
 10
175.4673711232321
 20
94.50693309647748
 30
0.0
 10
175.6487162077305
 20
94.87753482959039
 30
0.0
 10
176.0541096296414
 20
95.59341007010097
 30
0.0
 10
176.2781658291308
 20
95.9386789051711
 30
0.0
 10
176.7742040954574
 20
96.6007902084925
 30
0.0
 10
177.0479272740112
 20
96.91859173849372
 30
0.0
 10
177.6293450425161
 20
97.50363594006812
 30
0.0
 10
177.9386615431528
 20
97.77349392678028
 30
0.0
 10
178.5922883164713
 20
98.27058547301262
 30
0.0
 10
178.9365353809873
 20
98.4978960614161
 30
0.0
 10
180.0186269761931
 20
99.11971846099522
 30
0.0
 10
180.7775323153126
 20
99.43979048066248
 30
0.0
 10
181.9554542065221
 20
99.80181183984853
 30
0.0
 10
182.3552238661765
 20
99.90257299857142
 30
0.0
 10
183.1685151587936
 20
100.0656782343391
 30
0.0
 10
183.5792362107225
 20
100.1272296532928
 30
0.0
 10
184.4008692397536
 20
100.2142801143827
 30
0.0
 10
184.8129608988679
 20
100.2397935412204
 30
0.0
 10
185.6388960298822
 20
100.2660807945983
 30
0.0
 10
186.052752316546
 20
100.2666739835142
 30
0.0
 10
186.4666520329715
 20
100.2666739835142
 30
0.0
  0
LINE
  5
12C
330
1F
100
AcDbEntity
  8
0
  6
Continuous
 62
     7
370
    25
100
AcDbLine
 10
174.3216207394
 20
25.8783573101
 30
0.0
 11
174.3216207394
 21
88.1216426899
 31
0.0
  0
LINE
  5
12D
330
1F
100
AcDbEntity
  8
0
  6
Continuous
 62
     7
370
    25
100
AcDbLine
 10
260.8549687064
 20
21.323970575
 30
0.0
 11
260.8549687064
 21
24.0231474019
 31
0.0
  0
LINE
  5
12E
330
1F
100
AcDbEntity
  8
0
  6
Continuous
 62
     7
370
    25
100
AcDbLine
 10
259.1348842887
 20
21.323970575
 30
0.0
 11
260.8549687064
 21
21.323970575
 31
0.0
  0
LINE
  5
12F
330
1F
100
AcDbEntity
  8
0
  6
Continuous
 62
     7
370
    25
100
AcDbLine
 10
223.4588548637
 20
21.323970575
 30
0.0
 11
226.899023699
 21
21.323970575
 31
0.0
  0
LWPOLYLINE
  5
130
330
1F
100
AcDbEntity
  8
0
  6
HIDDEN
 62
     7
370
    18
100
AcDbPolyline
 90
        2
 70
   128
 43
0.0
 10
253.2643241479
 20
79.0128692197
 10
253.2643241479
 20
79.0128692197
  0
LWPOLYLINE
  5
131
330
1F
100
AcDbEntity
  8
0
  6
HIDDEN
 62
     7
370
    18
100
AcDbPolyline
 90
        2
 70
   128
 43
0.0
 10
253.2643241479
 20
34.9871307803
 10
253.2643241479
 20
34.9871307803
  0
LWPOLYLINE
  5
132
330
1F
100
AcDbEntity
  8
0
  6
HIDDEN
 62
     7
370
    18
100
AcDbPolyline
 90
        2
 70
   128
 43
0.0
 10
247.1918085011
 20
85.0853848665
 10
247.1918085011
 20
85.0853848665
  0
LWPOLYLINE
  5
133
330
1F
100
AcDbEntity
  8
0
  6
HIDDEN
 62
     7
370
    18
100
AcDbPolyline
 90
        2
 70
   128
 43
0.0
 10
247.1918085011
 20
28.9146151335
 10
247.1918085011
 20
28.9146151335
  0
LWPOLYLINE
  5
134
330
1F
100
AcDbEntity
  8
0
  6
HIDDEN
 62
     7
370
    18
100
AcDbPolyline
 90
        2
 70
   128
 43
0.0
 10
227.4561326489
 20
85.0853848665
 10
227.4561326489
 20
85.0853848665
  0
LWPOLYLINE
  5
135
330
1F
100
AcDbEntity
  8
0
  6
HIDDEN
 62
     7
370
    18
100
AcDbPolyline
 90
        2
 70
   128
 43
0.0
 10
227.4561326489
 20
28.9146151335
 10
227.4561326489
 20
28.9146151335
  0
LWPOLYLINE
  5
136
330
1F
100
AcDbEntity
  8
0
  6
HIDDEN
 62
     7
370
    18
100
AcDbPolyline
 90
        2
 70
   128
 43
0.0
 10
221.3836170021
 20
34.9871307803
 10
221.3836170021
 20
34.9871307803
  0
LWPOLYLINE
  5
137
330
1F
100
AcDbEntity
  8
0
  6
HIDDEN
 62
     7
370
    18
100
AcDbPolyline
 90
        2
 70
   128
 43
0.0
 10
221.3836170021
 20
79.0128692197
 10
221.3836170021
 20
79.0128692197
  0
LWPOLYLINE
  5
138
330
1F
100
AcDbEntity
  8
0
  6
HIDDEN
 62
     7
370
    18
100
AcDbPolyline
 90
        2
 70
   128
 43
0.0
 10
186.466652033
 20
13.7333260165
 10
186.466652033
 20
13.7333260165
  0
LWPOLYLINE
  5
139
330
1F
100
AcDbEntity
  8
0
  6
HIDDEN
 62
     7
370
    18
100
AcDbPolyline
 90
        2
 70
   128
 43
0.0
 10
186.466652033
 20
100.2666739835
 10
186.466652033
 20
100.2666739835
  0
LWPOLYLINE
  5
13A
330
1F
100
AcDbEntity
  8
0
  6
HIDDEN
 62
     7
370
    18
100
AcDbPolyline
 90
        2
 70
   128
 43
0.0
 10
174.3216207394
 20
25.8783573101
 10
174.3216207394
 20
25.8783573101
  0
LWPOLYLINE
  5
13B
330
1F
100
AcDbEntity
  8
0
  6
HIDDEN
 62
     7
370
    18
100
AcDbPolyline
 90
        2
 70
   128
 43
0.0
 10
174.3216207394
 20
25.8783573101
 10
174.3216207394
 20
25.8783573101
  0
LWPOLYLINE
  5
13C
330
1F
100
AcDbEntity
  8
0
  6
HIDDEN
 62
     7
370
    18
100
AcDbPolyline
 90
        2
 70
   128
 43
0.0
 10
174.3216207394
 20
88.1216426899
 10
174.3216207394
 20
88.1216426899
  0
LWPOLYLINE
  5
13D
330
1F
100
AcDbEntity
  8
0
  6
HIDDEN
 62
     7
370
    18
100
AcDbPolyline
 90
        2
 70
   128
 43
0.0
 10
174.3216207394
 20
88.1216426899
 10
174.3216207394
 20
88.1216426899
  0
LINE
  5
13E
330
1F
100
AcDbEntity
  8
0
  6
HIDDEN
 62
     7
370
    18
100
AcDbLine
 10
226.899023699
 20
21.323970575
 30
0.0
 11
259.1348842887
 21
21.323970575
 31
0.0
  0
LINE
  5
13F
330
1F
100
AcDbEntity
  8
0
  6
HIDDEN
 62
     7
370
    18
100
AcDbLine
 10
213.3091876938
 20
21.323970575
 30
0.0
 11
223.4588548637
 21
21.323970575
 31
0.0
  0
SPLINE
  5
140
330
1F
100
AcDbEntity
  8
0
  6
HIDDEN
 62
     7
370
    18
100
AcDbSpline
210
0.0
220
0.0
230
1.0
 70
     8
 71
     3
 72
    12
 73
     8
 74
     0
 42
0.00000001
 43
0.00000001
 40
0.0
 40
0.0
 40
0.0
 40
0.0
 40
0.5
 40
0.5
 40
0.75
 40
0.75
 40
1.0
 40
1.0
 40
1.0
 40
1.0
 10
213.3090856412582
 20
21.32399860084086
 30
0.0
 10
213.5236962738553
 20
22.10547569239284
 30
0.0
 10
213.6538372576701
 20
22.89090200202258
 30
0.0
 10
213.7552210107006
 20
24.03297577549985
 30
0.0
 10
213.7738156583399
 20
24.40811051576187
 30
0.0
 10
213.7927082576861
 20
25.14845690757302
 30
0.0
 10
213.7929724436121
 20
25.51360102756023
 30
0.0
 10
213.7929724436121
 20
25.87835731010369
 30
0.0
  0
LINE
  5
141
330
1F
100
AcDbEntity
  8
0
  6
HIDDEN
 62
     7
370
    18
100
AcDbLine
 10
260.8549687064
 20
24.0231474019
 30
0.0
 11
260.8549687064
 21
92.676029425
 31
0.0
  0
LINE
  5
142
330
1F
100
AcDbEntity
  8
0
  6
HIDDEN
 62
     7
370
    18
100
AcDbLine
 10
213.3090779448
 20
92.6760294247
 30
0.0
 11
260.8549687064
 21
92.676029425
 31
0.0
  0
SPLINE
  5
143
330
1F
100
AcDbEntity
  8
0
  6
HIDDEN
 62
     7
370
    18
100
AcDbSpline
210
0.0
220
0.0
230
1.0
 70
     8
 71
     3
 72
    12
 73
     8
 74
     0
 42
0.00000001
 43
0.00000001
 40
0.0
 40
0.0
 40
0.0
 40
0.0
 40
0.2499999999999988
 40
0.2499999999999988
 40
0.4999999999999977
 40
0.4999999999999977
 40
1.0
 40
1.0
 40
1.0
 40
1.0
 10
213.7929724436121
 20
88.12164268989612
 30
0.0
 10
213.7929724436121
 20
88.48640115257444
 30
0.0
 10
213.7927082514709
 20
88.85154746176713
 30
0.0
 10
213.7738153257921
 20
89.59189838996792
 30
0.0
 10
213.7552203590447
 20
89.9670354753959
 30
0.0
 10
213.6538349251609
 20
91.10911645298937
 30
0.0
 10
213.5236918238708
 20
91.89454781427109
 30
0.0
 10
213.3090779449039
 20
92.67602942431495
 30
0.0
  0
LWPOLYLINE
  5
144
330
1F
100
AcDbEntity
  8
0
  6
HIDDEN
 62
     7
370
    18
100
AcDbPolyline
 90
        2
 70
   128
 43
0.0
 10
213.7929724436
 20
88.1216426899
 10
213.7929724436
 20
88.1216426899
  0
LWPOLYLINE
  5
145
330
1F
100
AcDbEntity
  8
0
  6
HIDDEN
 62
     7
370
    18
100
AcDbPolyline
 90
        2
 70
   128
 43
0.0
 10
213.7929724436
 20
88.1216426899
 10
213.7929724436
 20
88.1216426899
  0
LWPOLYLINE
  5
146
330
1F
100
AcDbEntity
  8
0
  6
HIDDEN
 62
     7
370
    18
100
AcDbPolyline
 90
        2
 70
   128
 43
0.0
 10
213.7929724436
 20
25.8783573101
 10
213.7929724436
 20
25.8783573101
  0
LWPOLYLINE
  5
147
330
1F
100
AcDbEntity
  8
0
  6
HIDDEN
 62
     7
370
    18
100
AcDbPolyline
 90
        2
 70
   128
 43
0.0
 10
213.7929724436
 20
25.8783573101
 10
213.7929724436
 20
25.8783573101
  0
LINE
  5
148
330
1F
100
AcDbEntity
  8
0
  6
HIDDEN
 62
     7
370
    18
100
AcDbLine
 10
213.7929724436
 20
25.8783573101
 30
0.0
 11
213.7929724436
 21
88.1216426899
 31
0.0
  0
LINE
  5
149
330
1F
100
AcDbEntity
  8
0
  6
HIDDEN
 62
     7
370
    18
100
AcDbLine
 10
208.8590534806
 20
66.4883056981
 30
0.0
 11
208.8590534806
 21
47.5116943019
 31
0.0
  0
LINE
  5
14A
330
1F
100
AcDbEntity
  8
0
  6
HIDDEN
 62
     7
370
    18
100
AcDbLine
 10
201.64794115
 20
47.5116943019
 30
0.0
 11
208.8590534806
 21
47.5116943019
 31
0.0
  0
LINE
  5
14B
330
1F
100
AcDbEntity
  8
0
  6
HIDDEN
 62
     7
370
    18
100
AcDbLine
 10
201.64794115
 20
66.4883056981
 30
0.0
 11
208.8590534806
 21
66.4883056981
 31
0.0
  0
LINE
  5
14C
330
1F
100
AcDbEntity
  8
0
  6
HIDDEN
 62
     7
370
    18
100
AcDbLine
 10
186.466652033
 20
42.1982431109
 30
0.0
 11
201.64794115
 21
42.1982431109
 31
0.0
  0
LINE
  5
14D
330
1F
100
AcDbEntity
  8
0
  6
HIDDEN
 62
     7
370
    18
100
AcDbLine
 10
201.64794115
 20
42.1982431109
 30
0.0
 11
201.64794115
 21
47.5116943019
 31
0.0
  0
LINE
  5
14E
330
1F
100
AcDbEntity
  8
0
  6
HIDDEN
 62
     7
370
    18
100
AcDbLine
 10
186.466652033
 20
71.8017568891
 30
0.0
 11
201.64794115
 21
71.8017568891
 31
0.0
  0
LINE
  5
14F
330
1F
100
AcDbEntity
  8
0
  6
HIDDEN
 62
     7
370
    18
100
AcDbLine
 10
201.64794115
 20
66.4883056981
 30
0.0
 11
201.64794115
 21
71.8017568891
 31
0.0
  0
LINE
  5
150
330
1F
100
AcDbEntity
  8
0
  6
HIDDEN
 62
     7
370
    18
100
AcDbLine
 10
186.466652033
 20
71.8017568891
 30
0.0
 11
186.466652033
 21
66.4883056981
 31
0.0
  0
LINE
  5
151
330
1F
100
AcDbEntity
  8
0
  6
HIDDEN
 62
     7
370
    18
100
AcDbLine
 10
186.466652033
 20
47.5116943019
 30
0.0
 11
186.466652033
 21
42.1982431109
 31
0.0
  0
LINE
  5
152
330
1F
100
AcDbEntity
  8
0
  6
HIDDEN
 62
     7
370
    18
100
AcDbLine
 10
179.2555397024
 20
47.5116943019
 30
0.0
 11
186.466652033
 21
47.5116943019
 31
0.0
  0
LINE
  5
153
330
1F
100
AcDbEntity
  8
0
  6
HIDDEN
 62
     7
370
    18
100
AcDbLine
 10
179.2555397024
 20
66.4883056981
 30
0.0
 11
186.466652033
 21
66.4883056981
 31
0.0
  0
LINE
  5
154
330
1F
100
AcDbEntity
  8
0
  6
HIDDEN
 62
     7
370
    18
100
AcDbLine
 10
179.2555397024
 20
66.4883056981
 30
0.0
 11
179.2555397024
 21
47.5116943019
 31
0.0
  0
LINE
  5
155
330
1F
100
AcDbEntity
  8
0
  6
HIDDEN
 62
     7
370
    18
100
AcDbLine
 10
263.8912265298
 20
81.2900625872
 30
0.0
 11
263.8912265298
 21
88.8807071457
 31
0.0
  0
LINE
  5
156
330
1F
100
AcDbEntity
  8
0
  6
HIDDEN
 62
     7
370
    18
100
AcDbLine
 10
263.8912265298
 20
25.1192928543
 30
0.0
 11
263.8912265298
 21
32.7099374128
 31
0.0
  0
SPLINE
  5
157
330
1F
100
AcDbEntity
  8
0
  6
HIDDEN
 62
     7
370
    18
100
AcDbSpline
210
0.0
220
0.0
230
1.0
 70
     8
 71
     3
 72
    28
 73
    24
 74
     0
 42
0.00000001
 43
0.00000001
 40
0.0
 40
0.0
 40
0.0
 40
0.0
 40
0.1249999999999993
 40
0.1249999999999993
 40
0.187499999999999
 40
0.187499999999999
 40
0.2499999999999987
 40
0.2499999999999987
 40
0.3749999999999981
 40
0.3749999999999981
 40
0.437499999999998
 40
0.437499999999998
 40
0.4999999999999979
 40
0.4999999999999979
 40
0.6249999999999982
 40
0.6249999999999982
 40
0.6874999999999987
 40
0.6874999999999987
 40
0.749999999999999
 40
0.749999999999999
 40
0.8749999999999996
 40
0.8749999999999996
 40
1.0
 40
1.0
 40
1.0
 40
1.0
 10
213.309077944715
 20
21.32397057499691
 30
0.0
 10
213.1303342841763
 20
20.67310454404265
 30
0.0
 10
212.9014030168267
 20
20.04909590053629
 30
0.0
 10
212.479155355396
 20
19.15527911790743
 30
0.0
 10
212.3251562683044
 20
18.86443072175092
 30
0.0
 10
211.9885211606636
 20
18.29805869318064
 30
0.0
 10
211.805317069203
 20
18.02219861286495
 30
0.0
 10
211.2239750338169
 20
17.23941862614933
 30
0.0
 10
210.7899566602969
 20
16.7705705731406
 30
0.0
 10
210.0709460582233
 20
16.14486394766545
 30
0.0
 10
209.8187165555478
 20
15.94820643922123
 30
0.0
 10
209.2992574500408
 20
15.58391747295839
 30
0.0
 10
209.033443176825
 20
15.41698448261811
 30
0.0
 10
208.2199702514509
 20
14.95625996353186
 30
0.0
 10
207.6564773118524
 20
14.70205335092773
 30
0.0
 10
206.7841062416256
 20
14.38857120910128
 30
0.0
 10
206.4877023513081
 20
14.29525032521015
 30
0.0
 10
205.8914086370447
 20
14.13219041692673
 30
0.0
 10
205.5921455349462
 20
14.06253066780846
 30
0.0
 10
204.6912672711027
 20
13.88639955011599
 30
0.0
 10
204.0864951342924
 20
13.81349961289866
 30
0.0
 10
202.8705142472927
 20
13.7361470083211
 30
0.0
 10
202.2591520583387
 20
13.73332601648566
 30
0.0
 10
201.6475245902317
 20
13.73332601648565
 30
0.0
  0
LINE
  5
158
330
1F
100
AcDbEntity
  8
0
  6
HIDDEN
 62
     7
370
    18
100
AcDbLine
 10
260.8549687064
 20
13.7333260165
 30
0.0
 11
260.8549687064
 21
21.323970575
 31
0.0
  0
LINE
  5
159
330
1F
100
AcDbEntity
  8
0
  6
HIDDEN
 62
     7
370
    18
100
AcDbLine
 10
260.8549687064
 20
92.676029425
 30
0.0
 11
260.8549687064
 21
100.2666739835
 31
0.0
  0
SPLINE
  5
15A
330
1F
100
AcDbEntity
  8
0
  6
HIDDEN
 62
     7
370
    18
100
AcDbSpline
210
0.0
220
0.0
230
1.0
 70
     8
 71
     3
 72
    28
 73
    24
 74
     0
 42
0.00000001
 43
0.00000001
 40
0.0
 40
0.0
 40
0.0
 40
0.0
 40
0.1250000000000011
 40
0.1250000000000011
 40
0.187500000000001
 40
0.187500000000001
 40
0.2500000000000009
 40
0.2500000000000009
 40
0.3750000000000008
 40
0.3750000000000008
 40
0.4375000000000007
 40
0.4375000000000007
 40
0.5000000000000006
 40
0.5000000000000006
 40
0.6250000000000001
 40
0.6250000000000001
 40
0.6875000000000001
 40
0.6875000000000001
 40
0.7500000000000001
 40
0.7500000000000001
 40
0.875
 40
0.875
 40
1.0
 40
1.0
 40
1.0
 40
1.0
 10
213.309077944715
 20
92.67602942500288
 30
0.0
 10
213.130339440073
 20
93.32687668159609
 30
0.0
 10
212.9014161880448
 20
93.95086808093345
 30
0.0
 10
212.4791853090429
 20
94.84466154427832
 30
0.0
 10
212.3251926228706
 20
95.13550259907835
 30
0.0
 10
211.9885721982158
 20
95.70186095161259
 30
0.0
 10
211.8053758913153
 20
95.97771555638701
 30
0.0
 10
211.2240586153389
 20
96.76048208042182
 30
0.0
 10
210.7900594995067
 20
97.22932429754461
 30
0.0
 10
210.0710812971484
 20
97.85502617756825
 30
0.0
 10
209.8188639275242
 20
98.05168231341382
 30
0.0
 10
209.2994247385114
 20
98.41597310291898
 30
0.0
 10
209.0336205963918
 20
98.58290743699472
 30
0.0
 10
208.220178564693
 20
99.04363723822831
 30
0.0
 10
207.6567068806731
 20
99.29784902171805
 30
0.0
 10
206.7843689112718
 20
99.61134196345523
 30
0.0
 10
206.4879768751219
 20
99.70466686544715
 30
0.0
 10
205.8917016837283
 20
99.86773717967121
 30
0.0
 10
205.5924477821045
 20
99.9374025214099
 30
0.0
 10
204.6915969439169
 20
100.1135514200082
 30
0.0
 10
204.0868428829244
 20
100.1864648925638
 30
0.0
 10
202.8708973420044
 20
100.2638419867952
 30
0.0
 10
202.2595524146592
 20
100.2666739835142
 30
0.0
 10
201.647941149994
 20
100.2666739835142
 30
0.0
  0
CIRCLE
  5
15B
330
1F
100
AcDbEntity
  8
0
  6
HIDDEN
 62
     7
370
    18
100
AcDbCircle
 10
194.0572965915
 20
84.3263204106
 30
0.0
 40
6.072515646809009
  0
CIRCLE
  5
15C
330
1F
100
AcDbEntity
  8
0
  6
HIDDEN
 62
     7
370
    18
100
AcDbCircle
 10
194.0572965915
 20
29.6736795894
 30
0.0
 40
6.072515646809013
  0
CIRCLE
  5
15D
330
1F
100
AcDbEntity
  8
0
  6
HIDDEN
 62
     7
370
    18
100
AcDbCircle
 10
194.0572965915
 20
84.3263204106
 30
0.0
 40
7.590644558511258
  0
CIRCLE
  5
15E
330
1F
100
AcDbEntity
  8
0
  6
HIDDEN
 62
     7
370
    18
100
AcDbCircle
 10
194.0572965915
 20
29.6736795894
 30
0.0
 40
7.590644558511269
  0
LINE
  5
15F
330
1F
100
AcDbEntity
  8
0
  6
HIDDEN
 62
     7
370
    18
100
AcDbLine
 10
210.7567146202
 20
88.1216426899
 30
0.0
 11
210.7567146202
 21
25.8783573101
 31
0.0
  0
SPLINE
  5
160
330
1F
100
AcDbEntity
  8
0
  6
HIDDEN
 62
     7
370
    18
100
AcDbSpline
210
0.0
220
0.0
230
1.0
 70
     8
 71
     3
 72
    18
 73
    14
 74
     0
 42
0.00000001
 43
0.00000001
 40
0.0
 40
0.0
 40
0.0
 40
0.0
 40
0.0024511057855033
 40
0.0024511057855033
 40
0.0036766586782549
 40
0.0036766586782549
 40
0.0049022115710066
 40
0.0049022115710066
 40
0.0061277644637582
 40
0.0061277644637582
 40
0.0073533173565099
 40
0.0073533173565099
 40
0.0098044231420132
 40
0.0098044231420132
 40
0.0098044231420132
 40
0.0098044231420132
 10
201.647941149994
 20
97.23041616010968
 30
0.0
 10
202.8977018356628
 20
97.23925631973212
 30
0.0
 10
204.1464288631304
 20
97.19561735812945
 30
0.0
 10
205.9642071294394
 20
96.70090054266147
 30
0.0
 10
206.5492317256444
 20
96.47832813080429
 30
0.0
 10
207.6518063774112
 20
95.89268681356886
 30
0.0
 10
208.1743767877752
 20
95.5190395045488
 30
0.0
 10
209.046383338302
 20
94.64662775238985
 30
0.0
 10
209.4195133701449
 20
94.12462203978966
 30
0.0
 10
210.0060600319182
 20
93.02013403642384
 30
0.0
 10
210.2295257476049
 20
92.43122622745143
 30
0.0
 10
210.7226984258456
 20
90.6133135868973
 30
0.0
 10
210.7656172682471
 20
89.3704049451521
 30
0.0
 10
210.7567146202076
 20
88.12164268989612
 30
0.0
  0
SPLINE
  5
161
330
1F
100
AcDbEntity
  8
0
  6
HIDDEN
 62
     7
370
    18
100
AcDbSpline
210
0.0
220
0.0
230
1.0
 70
     8
 71
     3
 72
    18
 73
    14
 74
     0
 42
0.00000001
 43
0.00000001
 40
0.0
 40
0.0
 40
0.0
 40
0.0
 40
0.0024511057855033
 40
0.0024511057855033
 40
0.003676658678255
 40
0.003676658678255
 40
0.0049022115710066
 40
0.0049022115710066
 40
0.0061277644637582
 40
0.0061277644637582
 40
0.0073533173565099
 40
0.0073533173565099
 40
0.0098044231420132
 40
0.0098044231420132
 40
0.0098044231420132
 40
0.0098044231420132
 10
210.7567146202076
 20
25.87835731010368
 30
0.0
 10
210.76555477983
 20
24.62859662443494
 30
0.0
 10
210.7219158182273
 20
23.37986959696717
 30
0.0
 10
210.2271990027592
 20
21.56209133065838
 30
0.0
 10
210.0046265909022
 20
20.97706673445334
 30
0.0
 10
209.4189852736667
 20
19.87449208268653
 30
0.0
 10
209.0453379646468
 20
19.35192167232255
 30
0.0
 10
208.1729262124877
 20
18.47991512179598
 30
0.0
 10
207.6509204998876
 20
18.10678508995307
 30
0.0
 10
206.5464324965217
 20
17.5202384281796
 30
0.0
 10
205.9575246875494
 20
17.29677271249288
 30
0.0
 10
204.1396120469951
 20
16.80360003425226
 30
0.0
 10
202.8967034052502
 20
16.76068119185069
 30
0.0
 10
201.647941149994
 20
16.76958383989017
 30
0.0
  0
LINE
  5
162
330
1F
100
AcDbEntity
  8
0
  6
HIDDEN
 62
     7
370
    18
100
AcDbLine
 10
260.8549687064
 20
78.2538047638
 30
0.0
 11
263.8912265298
 21
81.2900625872
 31
0.0
  0
LINE
  5
163
330
1F
100
AcDbEntity
  8
0
  6
HIDDEN
 62
     7
370
    18
100
AcDbLine
 10
263.8912265298
 20
88.8807071457
 30
0.0
 11
260.8549687064
 21
91.9169649692
 31
0.0
  0
LINE
  5
164
330
1F
100
AcDbEntity
  8
0
  6
HIDDEN
 62
     7
370
    18
100
AcDbLine
 10
260.8549687064
 20
22.0830350308
 30
0.0
 11
263.8912265298
 21
25.1192928543
 31
0.0
  0
LINE
  5
165
330
1F
100
AcDbEntity
  8
0
  6
HIDDEN
 62
     7
370
    18
100
AcDbLine
 10
263.8912265298
 20
32.7099374128
 30
0.0
 11
260.8549687064
 21
35.7461952362
 31
0.0
  0
LINE
  5
166
330
1F
100
AcDbEntity
  8
0
  6
HIDDEN
 62
     7
370
    18
100
AcDbLine
 10
174.4860839539
 20
22.8420994867
 30
0.0
 11
213.6285092291
 21
22.8420994867
 31
0.0
  0
LINE
  5
167
330
1F
100
AcDbEntity
  8
0
  6
HIDDEN
 62
     7
370
    18
100
AcDbLine
 10
213.7929724436
 20
34.9871307803
 30
0.0
 11
174.3216207394
 21
34.9871307803
 31
0.0
  0
LINE
  5
168
330
1F
100
AcDbEntity
  8
0
  6
HIDDEN
 62
     7
370
    18
100
AcDbLine
 10
174.3216207394
 20
79.0128692197
 30
0.0
 11
213.7929724436
 21
79.0128692197
 31
0.0
  0
LINE
  5
169
330
1F
100
AcDbEntity
  8
0
  6
HIDDEN
 62
     7
370
    18
100
AcDbLine
 10
213.6285092291
 20
91.1579005133
 30
0.0
 11
174.4860839539
 21
91.1579005133
 31
0.0
  0
LINE
  5
16A
330
1F
100
AcDbEntity
  8
0
  6
HIDDEN
 62
     7
370
    18
100
AcDbLine
 10
273.0
 20
32.7099374128
 30
0.0
 11
263.8912265298
 21
32.7099374128
 31
0.0
  0
LINE
  5
16B
330
1F
100
AcDbEntity
  8
0
  6
HIDDEN
 62
     7
370
    18
100
AcDbLine
 10
263.8912265298
 20
25.1192928543
 30
0.0
 11
273.0
 21
25.1192928543
 31
0.0
  0
LINE
  5
16C
330
1F
100
AcDbEntity
  8
0
  6
HIDDEN
 62
     7
370
    18
100
AcDbLine
 10
273.0
 20
88.8807071457
 30
0.0
 11
263.8912265298
 21
88.8807071457
 31
0.0
  0
LINE
  5
16D
330
1F
100
AcDbEntity
  8
0
  6
HIDDEN
 62
     7
370
    18
100
AcDbLine
 10
263.8912265298
 20
81.2900625872
 30
0.0
 11
273.0
 21
81.2900625872
 31
0.0
  0
INSERT
  5
179
330
1F
100
AcDbEntity
  8
10
100
AcDbBlockReference
  2
SW_CENTERMARKSYMBOL_2
 10
188.8009127016
 20
22.1254862623
 30
0.0
  0
INSERT
  5
185
330
1F
100
AcDbEntity
  8
10
100
AcDbBlockReference
  2
SW_CENTERMARKSYMBOL_3
 10
194.0572965915
 20
57.0
 30
0.0
  0
INSERT
  5
191
330
1F
100
AcDbEntity
  8
10
100
AcDbBlockReference
  2
SW_CENTERMARKSYMBOL_4
 10
194.0572965915
 20
29.6736795894
 30
0.0
  0
INSERT
  5
19D
330
1F
100
AcDbEntity
  8
10
100
AcDbBlockReference
  2
SW_CENTERMARKSYMBOL_5
 10
194.0572965915
 20
84.3263204106
 30
0.0
  0
ENDSEC
  0
SECTION
  2
OBJECTS
  0
DICTIONARY
  5
C
330
0
100
AcDbDictionary
281
     1
  3
ACAD_GROUP
350
D
  3
ACAD_LAYOUT
350
1A
  3
ACAD_MLINESTYLE
350
17
  3
ACAD_PLOTSETTINGS
350
19
  3
ACAD_PLOTSTYLENAME
350
E
  3
ACAD_SCALELIST
350
47
  3
DWGPROPS
350
19E
  0
DICTIONARY
  5
D
102
{ACAD_REACTORS
330
C
102
}
330
C
100
AcDbDictionary
281
     1
  0
DICTIONARY
  5
1A
102
{ACAD_REACTORS
330
C
102
}
330
C
100
AcDbDictionary
281
     1
  3
Layout1
350
1E
  3
Layout2
350
26
  3
Model
350
22
  0
DICTIONARY
  5
17
102
{ACAD_REACTORS
330
C
102
}
330
C
100
AcDbDictionary
281
     1
  3
Standard
350
18
  0
DICTIONARY
  5
19
102
{ACAD_REACTORS
330
C
102
}
330
C
100
AcDbDictionary
281
     1
  0
ACDBDICTIONARYWDFLT
  5
E
102
{ACAD_REACTORS
330
C
102
}
330
C
100
AcDbDictionary
281
     1
  3
Normal
350
F
100
AcDbDictionaryWithDefault
340
F
  0
DICTIONARY
  5
47
102
{ACAD_REACTORS
330
C
102
}
330
C
100
AcDbDictionary
281
     1
  3
A0
350
48
  3
A1
350
49
  3
A2
350
4A
  3
A3
350
4B
  3
A4
350
4C
  3
A5
350
4D
  3
A6
350
4E
  3
A7
350
4F
  3
A8
350
50
  3
A9
350
51
  3
B0
350
52
  3
B1
350
53
  3
B2
350
54
  3
B3
350
55
  3
B4
350
56
  3
B5
350
57
  3
B6
350
58
  0
XRECORD
  5
19E
102
{ACAD_REACTORS
330
C
102
}
330
C
100
AcDbXrecord
280
     1
  1
DWGPROPS COOKIE
  2

  3

  4

  6

  7

  8

  9

300
=
301
=
302
=
303
=
304
=
305
=
306
=
307
=
308
=
309
=
 40
0.0
 41
2461215.394472535
 42
2461215.394473507
  1

 90
        0
  0
LAYOUT
  5
1E
102
{ACAD_REACTORS
330
1A
102
}
330
1A
100
AcDbPlotSettings
  1

  2
none_device
  4

  6

 40
0.0
 41
0.0
 42
0.0
 43
0.0
 44
0.0
 45
0.0
 46
0.0
 47
0.0
 48
0.0
 49
0.0
140
0.0
141
0.0
142
1.0
143
1.0
 70
   688
 72
     1
 73
     0
 74
     5
  7

 75
    16
147
1.0
148
0.0
149
0.0
100
AcDbLayout
  1
Layout1
 70
     1
 71
     1
 10
0.0
 20
0.0
 11
420.0
 21
297.0
 12
0.0
 22
0.0
 32
0.0
 14
1.0000000000E+20
 24
1.0000000000E+20
 34
1.0000000000E+20
 15
-1.0000000000E+20
 25
-1.0000000000E+20
 35
-1.0000000000E+20
146
0.0
 13
0.0
 23
0.0
 33
0.0
 16
1.0
 26
0.0
 36
0.0
 17
0.0
 27
1.0
 37
0.0
 76
     0
330
1B
  0
LAYOUT
  5
26
102
{ACAD_REACTORS
330
1A
102
}
330
1A
100
AcDbPlotSettings
  1

  2
none_device
  4

  6

 40
0.0
 41
0.0
 42
0.0
 43
0.0
 44
0.0
 45
0.0
 46
0.0
 47
0.0
 48
0.0
 49
0.0
140
0.0
141
0.0
142
1.0
143
1.0
 70
   688
 72
     1
 73
     0
 74
     5
  7

 75
    16
147
1.0
148
0.0
149
0.0
100
AcDbLayout
  1
Layout2
 70
     1
 71
     2
 10
0.0
 20
0.0
 11
0.0
 21
0.0
 12
0.0
 22
0.0
 32
0.0
 14
0.0
 24
0.0
 34
0.0
 15
0.0
 25
0.0
 35
0.0
146
0.0
 13
0.0
 23
0.0
 33
0.0
 16
1.0
 26
0.0
 36
0.0
 17
0.0
 27
1.0
 37
0.0
 76
     0
330
23
  0
LAYOUT
  5
22
102
{ACAD_REACTORS
330
1A
102
}
330
1A
100
AcDbPlotSettings
  1

  2
none_device
  4
Letter_(8.50_x_11.00_Inches)
  6

 40
6.35
 41
6.35
 42
6.35000508
 43
6.35000508
 44
215.9
 45
279.4
 46
0.0
 47
0.0
 48
0.0
 49
0.0
140
0.0
141
0.0
142
1.0
143
1.0
 70
  1712
 72
     1
 73
     0
 74
     0
  7

 75
     0
147
1.0
148
0.0
149
0.0
100
AcDbLayout
  1
Model
 70
     1
 71
     0
 10
0.0
 20
0.0
 11
297.0
 21
210.0
 12
0.0
 22
0.0
 32
0.0
 14
0.0
 24
0.0
 34
0.0
 15
297.0
 25
210.0
 35
0.0
146
0.0
 13
0.0
 23
0.0
 33
0.0
 16
1.0
 26
0.0
 36
0.0
 17
0.0
 27
1.0
 37
0.0
 76
     0
330
1F
331
29
  0
MLINESTYLE
  5
18
102
{ACAD_REACTORS
330
17
102
}
330
17
100
AcDbMlineStyle
  2
Standard
 70
     0
  3

 62
   256
 51
90.0
 52
90.0
 71
     2
 49
0.5
 62
   256
  6
BYLAYER
 49
-0.5
 62
   256
  6
BYLAYER
  0
ACDBPLACEHOLDER
  5
F
102
{ACAD_REACTORS
330
E
102
}
330
E
  0
SCALE
  5
48
102
{ACAD_REACTORS
330
47
102
}
330
47
100
AcDbScale
 70
     0
300
1:1
140
1.0
141
1.0
290
     1
  0
SCALE
  5
49
102
{ACAD_REACTORS
330
47
102
}
330
47
100
AcDbScale
 70
     0
300
1:2
140
1.0
141
2.0
290
     0
  0
SCALE
  5
4A
102
{ACAD_REACTORS
330
47
102
}
330
47
100
AcDbScale
 70
     0
300
1:4
140
1.0
141
4.0
290
     0
  0
SCALE
  5
4B
102
{ACAD_REACTORS
330
47
102
}
330
47
100
AcDbScale
 70
     0
300
1:5
140
1.0
141
5.0
290
     0
  0
SCALE
  5
4C
102
{ACAD_REACTORS
330
47
102
}
330
47
100
AcDbScale
 70
     0
300
1:8
140
1.0
141
8.0
290
     0
  0
SCALE
  5
4D
102
{ACAD_REACTORS
330
47
102
}
330
47
100
AcDbScale
 70
     0
300
1:10
140
1.0
141
10.0
290
     0
  0
SCALE
  5
4E
102
{ACAD_REACTORS
330
47
102
}
330
47
100
AcDbScale
 70
     0
300
1:16
140
1.0
141
16.0
290
     0
  0
SCALE
  5
4F
102
{ACAD_REACTORS
330
47
102
}
330
47
100
AcDbScale
 70
     0
300
1:20
140
1.0
141
20.0
290
     0
  0
SCALE
  5
50
102
{ACAD_REACTORS
330
47
102
}
330
47
100
AcDbScale
 70
     0
300
1:30
140
1.0
141
30.0
290
     0
  0
SCALE
  5
51
102
{ACAD_REACTORS
330
47
102
}
330
47
100
AcDbScale
 70
     0
300
1:40
140
1.0
141
40.0
290
     0
  0
SCALE
  5
52
102
{ACAD_REACTORS
330
47
102
}
330
47
100
AcDbScale
 70
     0
300
1:50
140
1.0
141
50.0
290
     0
  0
SCALE
  5
53
102
{ACAD_REACTORS
330
47
102
}
330
47
100
AcDbScale
 70
     0
300
1:100
140
1.0
141
100.0
290
     0
  0
SCALE
  5
54
102
{ACAD_REACTORS
330
47
102
}
330
47
100
AcDbScale
 70
     0
300
2:1
140
2.0
141
1.0
290
     0
  0
SCALE
  5
55
102
{ACAD_REACTORS
330
47
102
}
330
47
100
AcDbScale
 70
     0
300
4:1
140
4.0
141
1.0
290
     0
  0
SCALE
  5
56
102
{ACAD_REACTORS
330
47
102
}
330
47
100
AcDbScale
 70
     0
300
8:1
140
8.0
141
1.0
290
     0
  0
SCALE
  5
57
102
{ACAD_REACTORS
330
47
102
}
330
47
100
AcDbScale
 70
     0
300
10:1
140
10.0
141
1.0
290
     0
  0
SCALE
  5
58
102
{ACAD_REACTORS
330
47
102
}
330
47
100
AcDbScale
 70
     0
300
100:1
140
100.0
141
1.0
290
     0
  0
ENDSEC
  0
EOF
