ISO-10303-21;
HEADER;
FILE_DESCRIPTION (( 'STEP AP203' ),
    '1' );
FILE_NAME ('007589.step',
    '2026-06-29T05:54:13',
    ( '' ),
    ( '' ),
    'SwSTEP 2.0',
    'SolidWorks 2025',
    '' );
FILE_SCHEMA (( 'CONFIG_CONTROL_DESIGN' ));
ENDSEC;

DATA;
#1 = DIRECTION ( 'NONE',  ( 0.000000000000000000, -0.4856406976879716897, 0.8741585169459484828 ) ) ;
#2 = EDGE_LOOP ( 'NONE', ( #2607, #429 ) ) ;
#3 = EDGE_CURVE ( 'NONE', #2819, #2857, #4759, .T. ) ;
#4 =( BOUNDED_CURVE ( )  B_SPLINE_CURVE ( 3, ( #1159, #5366, #4848, #695 ),
 .UNSPECIFIED., .F., .T. ) 
 B_SPLINE_CURVE_WITH_KNOTS ( ( 4, 4 ),
 ( 1.570795778643224949, 1.706907131712025016 ),
 .UNSPECIFIED. ) 
 CURVE ( )  GEOMETRIC_REPRESENTATION_ITEM ( )  RATIONAL_B_SPLINE_CURVE ( ( 1.000000000000000000, 0.9984567374131609885, 0.9984567374131609885, 1.000000000000000000 ) ) 
 REPRESENTATION_ITEM ( '' )  );
#5 = DIRECTION ( 'NONE',  ( 0.000000000000000000, 1.000000000000000000, 0.000000000000000000 ) ) ;
#6 = CARTESIAN_POINT ( 'NONE',  ( 0.5385857402195070032, -0.8777540228946846268, -0.2158133735238846052 ) ) ;
#7 = EDGE_LOOP ( 'NONE', ( #5745, #5628, #2220, #5596 ) ) ;
#8 = DIRECTION ( 'NONE',  ( -1.000000000000000000, 0.000000000000000000, 0.000000000000000000 ) ) ;
#9 = APPROVAL_ROLE ( '' ) ;
#10 = ORIENTED_EDGE ( 'NONE', *, *, #3498, .T. ) ;
#11 = VECTOR ( 'NONE', #3400, 1000.000000000000000 ) ;
#12 = CARTESIAN_POINT ( 'NONE',  ( -0.6246105172581994935, 0.4334096228025230979, -0.03528843159870404672 ) ) ;
#13 = ORIENTED_EDGE ( 'NONE', *, *, #672, .F. ) ;
#14 = DIRECTION ( 'NONE',  ( 1.000000000000000000, 0.000000000000000000, 0.000000000000000000 ) ) ;
#15 = PLANE ( 'NONE',  #1258 ) ;
#16 = ORIENTED_EDGE ( 'NONE', *, *, #3878, .F. ) ;
#17 = AXIS2_PLACEMENT_3D ( 'NONE', #5210, #2438, #1062 ) ;
#18 = AXIS2_PLACEMENT_3D ( 'NONE', #2795, #3279, #5112 ) ;
#19 = DIRECTION ( 'NONE',  ( 1.000000000000000000, 0.000000000000000000, 0.000000000000000000 ) ) ;
#20 = DIRECTION ( 'NONE',  ( 0.000000000000000000, 0.000000000000000000, -1.000000000000000000 ) ) ;
#21 = EDGE_CURVE ( 'NONE', #5377, #2284, #3233, .T. ) ;
#22 = ORIENTED_EDGE ( 'NONE', *, *, #5348, .T. ) ;
#23 = DIRECTION ( 'NONE',  ( 0.000000000000000000, -0.8741585169459485938, -0.4856406976879717452 ) ) ;
#24 = CARTESIAN_POINT ( 'NONE',  ( -0.5096867790322197056, -0.4446077372439614650, -0.2076411822409144625 ) ) ;
#25 = ORIENTED_EDGE ( 'NONE', *, *, #1532, .T. ) ;
#26 = CIRCLE ( 'NONE', #1007, 0.03447712146779388642 ) ;
#27 = CYLINDRICAL_SURFACE ( 'NONE', #3140, 0.04367102052587229499 ) ;
#28 = EDGE_CURVE ( 'NONE', #503, #3038, #2991, .T. ) ;
#29 = LINE ( 'NONE', #3660, #5714 ) ;
#30 = LINE ( 'NONE', #58, #4978 ) ;
#31 = ORIENTED_EDGE ( 'NONE', *, *, #3128, .F. ) ;
#32 = DIRECTION ( 'NONE',  ( 0.000000000000000000, -1.000000000000000000, 0.000000000000000000 ) ) ;
#33 = ORIENTED_EDGE ( 'NONE', *, *, #5532, .F. ) ;
#34 = EDGE_CURVE ( 'NONE', #4344, #5134, #1956, .T. ) ;
#35 = DIRECTION ( 'NONE',  ( -1.000000000000000000, 0.000000000000000000, 0.000000000000000000 ) ) ;
#36 = CIRCLE ( 'NONE', #3068, 0.02068627288067634643 ) ;
#37 = CARTESIAN_POINT ( 'NONE',  ( 0.4567857719998895671, 0.4821960588683705806, -0.1177229139595878382 ) ) ;
#38 = ORIENTED_EDGE ( 'NONE', *, *, #1802, .F. ) ;
#39 = CARTESIAN_POINT ( 'NONE',  ( 0.4491432190181312567, -0.4055336662471280551, -0.08789668957863107368 ) ) ;
#40 = ORIENTED_EDGE ( 'NONE', *, *, #2732, .T. ) ;
#41 = EDGE_CURVE ( 'NONE', #626, #2152, #3805, .T. ) ;
#42 = CARTESIAN_POINT ( 'NONE',  ( 0.4476279603901904824, 0.9000000000000000222, -0.2105142756965640016 ) ) ;
#43 = ORIENTED_EDGE ( 'NONE', *, *, #2555, .F. ) ;
#44 = FACE_BOUND ( 'NONE', #4537, .T. ) ;
#45 = DIRECTION ( 'NONE',  ( 0.000000000000000000, -2.800000000000000139E-16, -1.000000000000000000 ) ) ;
#46 = ORIENTED_EDGE ( 'NONE', *, *, #117, .T. ) ;
#47 = LINE ( 'NONE', #480, #501 ) ;
#48 = CARTESIAN_POINT ( 'NONE',  ( 0.4733025157684394579, -0.4055336662468985720, -0.09205445074300326602 ) ) ;
#49 = ORIENTED_EDGE ( 'NONE', *, *, #63, .F. ) ;
#50 = CARTESIAN_POINT ( 'NONE',  ( 0.4463110174761269477, -0.4285184138923239239, -0.1120470085486490464 ) ) ;
#51 = CARTESIAN_POINT ( 'NONE',  ( 0.5077003172317808843, -0.8999999999999999112, -0.2287827668465392816 ) ) ;
#52 = AXIS2_PLACEMENT_3D ( 'NONE', #1558, #574, #2442 ) ;
#53 = ORIENTED_EDGE ( 'NONE', *, *, #4510, .F. ) ;
#54 = B_SPLINE_CURVE_WITH_KNOTS ( 'NONE', 7,
 ( #1766, #5857, #2682, #4512, #4998, #3220, #394, #1711, #3192, #4940, #817, #2167, #5422, #2767, #847, #418, #4124, #2709, #4540, #3591, #362, #785, #3561, #5027, #4598, #2230, #5915, #1335, #5391, #2259, #3616, #4014, #4096, #5967, #2651, #1310, #1821, #5941, #2738, #3106, #1251, #332, #2200, #4044, #1794, #5884, #3645, #1738, #1280, #3133 ),
 .UNSPECIFIED., .F., .F.,
 ( 8, 6, 6, 6, 6, 6, 6, 6, 8 ),
 ( 0.000000000000000000, 0.1160304198490000049, 0.1922097997979999862, 0.2507261779739999863, 0.5001815285720000448, 0.7485559641819999888, 0.8070686442100000191, 0.8832324572929999285, 1.000000000000000000 ),
 .UNSPECIFIED. ) ;
#55 = VECTOR ( 'NONE', #1035, 1000.000000000000000 ) ;
#56 = DIRECTION ( 'NONE',  ( 0.000000000000000000, 1.000000000000000000, 0.000000000000000000 ) ) ;
#57 = CARTESIAN_POINT ( 'NONE',  ( 0.5096867790322197056, -0.4446077372439614650, -0.2076411822409144625 ) ) ;
#58 = CARTESIAN_POINT ( 'NONE',  ( 0.3947630408062398066, -0.1572983916790124115, -0.2076411822409144625 ) ) ;
#59 = EDGE_LOOP ( 'NONE', ( #4471, #5472, #2342, #1716 ) ) ;
#60 = CARTESIAN_POINT ( 'NONE',  ( 0.5073883387448211435, 0.4793791180929146689, 0.02791801549324953238 ) ) ;
#61 = EDGE_LOOP ( 'NONE', ( #4438, #3857 ) ) ;
#62 = VECTOR ( 'NONE', #2674, 1000.000000000000000 ) ;
#63 = EDGE_CURVE ( 'NONE', #178, #5672, #2083, .T. ) ;
#64 = AXIS2_PLACEMENT_3D ( 'NONE', #4314, #4767, #157 ) ;
#65 = LINE ( 'NONE', #1935, #2526 ) ;
#66 = LINE ( 'NONE', #556, #2568 ) ;
#67 = EDGE_LOOP ( 'NONE', ( #5859, #4197, #5029 ) ) ;
#68 = DIRECTION ( 'NONE',  ( 0.000000000000000000, -0.4856406976879717452, 0.8741585169459485938 ) ) ;
#69 = ADVANCED_FACE ( 'NONE', ( #5834 ), #248, .F. ) ;
#70 = ORIENTED_EDGE ( 'NONE', *, *, #5090, .F. ) ;
#71 = CARTESIAN_POINT ( 'NONE',  ( 0.4752096575644259580, -0.1917755131468061036, -0.2076411822409144625 ) ) ;
#72 = ORIENTED_EDGE ( 'NONE', *, *, #338, .F. ) ;
#73 = CARTESIAN_POINT ( 'NONE',  ( 0.4839512293471499582, 0.4801265902956608489, -0.1129878178800847038 ) ) ;
#74 = DIRECTION ( 'NONE',  ( -1.000000000000000000, 0.000000000000000000, 0.000000000000000000 ) ) ;
#75 = CC_DESIGN_APPROVAL ( #4127, ( #4561 ) ) ;
#76 = ORIENTED_EDGE ( 'NONE', *, *, #5183, .F. ) ;
#77 = ADVANCED_FACE ( 'NONE', ( #1689 ), #1257, .F. ) ;
#78 = LOCAL_TIME ( 13, 54, 13.00000000000000000, #2735 ) ;
#79 = VECTOR ( 'NONE', #3245, 1000.000000000000000 ) ;
#80 = DIRECTION ( 'NONE',  ( -1.000000000000000000, 0.000000000000000000, 0.000000000000000000 ) ) ;
#81 = CARTESIAN_POINT ( 'NONE',  ( 0.6246105172581994935, 0.4449019966251209213, 0.2290690230178078768 ) ) ;
#82 = ORIENTED_EDGE ( 'NONE', *, *, #3461, .T. ) ;
#83 = DIRECTION ( 'NONE',  ( 1.000000000000000000, 0.000000000000000000, 0.000000000000000000 ) ) ;
#84 = CARTESIAN_POINT ( 'NONE',  ( 0.6246105172581994935, 0.4334096228025230979, 0.06584445804015801040 ) ) ;
#85 = VERTEX_POINT ( 'NONE', #2567 ) ;
#86 = AXIS2_PLACEMENT_3D ( 'NONE', #3362, #2029, #2575 ) ;
#87 = CARTESIAN_POINT ( 'NONE',  ( 0.4430310453382724778, 0.4793791180929146689, 0.1307747726978751024 ) ) ;
#88 = CARTESIAN_POINT ( 'NONE',  ( -0.6246105172581994935, 0.3702015667782341257, 0.07676221317162604252 ) ) ;
#89 = CIRCLE ( 'NONE', #4550, 0.02068627288067634643 ) ;
#90 = CARTESIAN_POINT ( 'NONE',  ( 0.4863670536775373532, -0.8707953559783877528, -0.2122077186812721117 ) ) ;
#91 = DIRECTION ( 'NONE',  ( 0.000000000000000000, 0.000000000000000000, -1.000000000000000000 ) ) ;
#92 = EDGE_LOOP ( 'NONE', ( #2290, #691, #3946, #1673, #773, #3973, #4290, #5896, #2530, #1336, #1314, #2694, #5405, #70, #4818, #4393, #1270, #3928, #1394, #148, #5170, #5605 ) ) ;
#93 = CARTESIAN_POINT ( 'NONE',  ( 0.5901333957904049132, -0.8548729227270773778, -0.2030148911047409688 ) ) ;
#94 = ORIENTED_EDGE ( 'NONE', *, *, #4709, .F. ) ;
#95 = DIRECTION ( 'NONE',  ( 0.000000000000000000, 1.000000000000000000, -2.200000000000000003E-16 ) ) ;
#96 = CARTESIAN_POINT ( 'NONE',  ( 0.4377967816221818853, 0.4793791180929146689, -0.1090193855032193376 ) ) ;
#97 = EDGE_CURVE ( 'NONE', #2874, #2904, #1479, .T. ) ;
#98 = ORIENTED_EDGE ( 'NONE', *, *, #4000, .F. ) ;
#99 = CARTESIAN_POINT ( 'NONE',  ( -0.4165985165920551014, 0.4334096228025230979, 0.1307747726978751024 ) ) ;
#100 = ORIENTED_EDGE ( 'NONE', *, *, #3271, .F. ) ;
#101 = EDGE_CURVE ( 'NONE', #5475, #1653, #3507, .T. ) ;
#102 = B_SPLINE_CURVE_WITH_KNOTS ( 'NONE', 10,
 ( #2962, #3898, #3541, #4434, #2116, #5739, #669, #1593, #3929, #3055, #310 ),
 .UNSPECIFIED., .F., .F.,
 ( 11, 11 ),
 ( 7.075291698147999853, 9.889308631237000213 ),
 .UNSPECIFIED. ) ;
#103 = CARTESIAN_POINT ( 'NONE',  ( -0.4028077024820585494, 0.8402396561224900751, -0.1490891920209079236 ) ) ;
#104 = LINE ( 'NONE', #5659, #999 ) ;
#105 = EDGE_CURVE ( 'NONE', #5101, #594, #2175, .T. ) ;
#106 = VERTEX_POINT ( 'NONE', #3083 ) ;
#107 = FACE_BOUND ( 'NONE', #3067, .T. ) ;
#108 = FACE_BOUND ( 'NONE', #272, .T. ) ;
#109 = VERTEX_POINT ( 'NONE', #4916 ) ;
#110 = ADVANCED_FACE ( 'NONE', ( #3539 ), #4020, .F. ) ;
#111 = AXIS2_PLACEMENT_3D ( 'NONE', #2917, #5265, #137 ) ;
#112 = DIRECTION ( 'NONE',  ( 0.000000000000000000, 1.000000000000000000, 0.000000000000000000 ) ) ;
#113 = DIRECTION ( 'NONE',  ( 0.000000000000000000, 1.000000000000000000, 0.000000000000000000 ) ) ;
#114 = ORIENTED_EDGE ( 'NONE', *, *, #4587, .T. ) ;
#115 = ADVANCED_FACE ( 'NONE', ( #2114 ), #4402, .F. ) ;
#116 = CARTESIAN_POINT ( 'NONE',  ( 0.4363232799698595343, -0.4285184138923239239, -0.1071139713768213958 ) ) ;
#117 = EDGE_CURVE ( 'NONE', #3414, #3156, #2628, .T. ) ;
#118 = CARTESIAN_POINT ( 'NONE',  ( -0.4100221611028664892, 0.4563943704476729479, -0.09345793522391890318 ) ) ;
#119 = EDGE_LOOP ( 'NONE', ( #4313, #4705, #76, #5540 ) ) ;
#120 = AXIS2_PLACEMENT_3D ( 'NONE', #301, #4845, #692 ) ;
#121 = DIRECTION ( 'NONE',  ( 0.000000000000000000, 1.000000000000000000, -2.800000000000000139E-16 ) ) ;
#122 = CARTESIAN_POINT ( 'NONE',  ( 0.4839512293470005777, -0.4292658860948631028, -0.1129878178801077687 ) ) ;
#123 = EDGE_CURVE ( 'NONE', #923, #3027, #5398, .T. ) ;
#124 = DIRECTION ( 'NONE',  ( 1.000000000000000000, 0.000000000000000000, 0.000000000000000000 ) ) ;
#125 = CARTESIAN_POINT ( 'NONE',  ( 0.5073870286142054820, -0.4055336662471280551, -0.07321487414561253515 ) ) ;
#126 = VECTOR ( 'NONE', #4029, 1000.000000000000000 ) ;
#127 = VERTEX_POINT ( 'NONE', #1196 ) ;
#128 = CARTESIAN_POINT ( 'NONE',  ( 0.3855691417481612593, 0.8863157684196035779, -0.2270716007326095409 ) ) ;
#129 = ORIENTED_EDGE ( 'NONE', *, *, #2907, .F. ) ;
#130 = CARTESIAN_POINT ( 'NONE',  ( 0.4637173182189488485, -0.4055336662471280551, 0.02791801549324952544 ) ) ;
#131 = CARTESIAN_POINT ( 'NONE',  ( -0.3971482351849602299, -0.4285184138923239239, -0.1113155008413195535 ) ) ;
#132 = VERTEX_POINT ( 'NONE', #3053 ) ;
#133 = CARTESIAN_POINT ( 'NONE',  ( 0.4888761251555268639, -0.8678967925279589268, -0.2107399331315880087 ) ) ;
#134 = EDGE_LOOP ( 'NONE', ( #2337, #3502 ) ) ;
#135 = AXIS2_PLACEMENT_3D ( 'NONE', #4690, #534, #5175 ) ;
#136 = CARTESIAN_POINT ( 'NONE',  ( -0.3858350497966062109, -0.4285184138923239239, -0.1042098178375330253 ) ) ;
#137 = DIRECTION ( 'NONE',  ( -1.000000000000000000, 0.000000000000000000, 0.000000000000000000 ) ) ;
#138 = CARTESIAN_POINT ( 'NONE',  ( 0.6246105172581994935, -0.3250870494889427365, 0.1141452847918281582 ) ) ;
#139 = ORIENTED_EDGE ( 'NONE', *, *, #1341, .T. ) ;
#140 = CARTESIAN_POINT ( 'NONE',  ( -0.5096867790322197056, 0.8287991014134581391, -0.1501793131279247906 ) ) ;
#141 = DIRECTION ( 'NONE',  ( 0.000000000000000000, 0.000000000000000000, -1.000000000000000000 ) ) ;
#142 = ORIENTED_EDGE ( 'NONE', *, *, #4432, .T. ) ;
#143 = EDGE_CURVE ( 'NONE', #2819, #1668, #278, .T. ) ;
#144 = VECTOR ( 'NONE', #335, 1000.000000000000000 ) ;
#145 = EDGE_CURVE ( 'NONE', #1798, #4527, #592, .T. ) ;
#146 = DIRECTION ( 'NONE',  ( 1.000000000000000000, 0.000000000000000000, 0.000000000000000000 ) ) ;
#147 = CARTESIAN_POINT ( 'NONE',  ( 0.4200462976930765535, 0.4793791180929146689, 0.02791801549324952544 ) ) ;
#148 = ORIENTED_EDGE ( 'NONE', *, *, #5123, .T. ) ;
#149 = FACE_OUTER_BOUND ( 'NONE', #1149, .T. ) ;
#150 = CYLINDRICAL_SURFACE ( 'NONE', #52, 0.04367102052587229499 ) ;
#151 = ORIENTED_EDGE ( 'NONE', *, *, #5318, .T. ) ;
#152 = EDGE_CURVE ( 'NONE', #958, #4017, #1608, .T. ) ;
#153 = CARTESIAN_POINT ( 'NONE',  ( 0.4476279603901908155, -0.8699562858134970433, -0.1777024489421400733 ) ) ;
#154 = CARTESIAN_POINT ( 'NONE',  ( 0.4944807850143176919, -0.4285184138923239239, -0.1042098178375330253 ) ) ;
#155 = CARTESIAN_POINT ( 'NONE',  ( -0.4448839634054667092, 0.4793791180929146689, -0.1064469993768536321 ) ) ;
#156 = ORIENTED_EDGE ( 'NONE', *, *, #5090, .T. ) ;
#157 = DIRECTION ( 'NONE',  ( 1.000000000000000000, 0.000000000000000000, 0.000000000000000000 ) ) ;
#158 = ORIENTED_EDGE ( 'NONE', *, *, #2166, .T. ) ;
#159 = CIRCLE ( 'NONE', #5972, 0.04367102052587229499 ) ;
#160 = EDGE_CURVE ( 'NONE', #865, #1700, #2170, .T. ) ;
#161 = CYLINDRICAL_SURFACE ( 'NONE', #86, 0.02068627288067634643 ) ;
#162 = CARTESIAN_POINT ( 'NONE',  ( -0.3883321163708828849, -0.4285184138923239239, -0.1064604583088483297 ) ) ;
#163 = ORIENTED_EDGE ( 'NONE', *, *, #4969, .T. ) ;
#164 = DIRECTION ( 'NONE',  ( 0.000000000000000000, 1.000000000000000000, -2.200000000000000003E-16 ) ) ;
#165 = AXIS2_PLACEMENT_3D ( 'NONE', #674, #4826, #1566 ) ;
#166 = EDGE_LOOP ( 'NONE', ( #1216, #3560, #3190, #4162, #466, #996 ) ) ;
#167 = VECTOR ( 'NONE', #614, 1000.000000000000000 ) ;
#168 = CARTESIAN_POINT ( 'NONE',  ( -0.3963646054638656491, -0.4292658860950934741, -0.1129878178800618610 ) ) ;
#169 = DIRECTION ( 'NONE',  ( -1.000000000000000000, 0.000000000000000000, 0.000000000000000000 ) ) ;
#170 = PLANE ( 'NONE',  #4394 ) ;
#171 = ORIENTED_EDGE ( 'NONE', *, *, #3291, .T. ) ;
#172 = CARTESIAN_POINT ( 'NONE',  ( 0.02355896410324203813, -0.4285184138923239239, 0.02849263801516691702 ) ) ;
#173 = CARTESIAN_POINT ( 'NONE',  ( 0.003054138318807758917, 0.05459412116997054004, -0.1731640607731207704 ) ) ;
#174 = EDGE_LOOP ( 'NONE', ( #2673, #5045, #4303, #4684 ) ) ;
#175 = DIRECTION ( 'NONE',  ( 1.000000000000000000, 0.000000000000000000, 0.000000000000000000 ) ) ;
#176 = DIRECTION ( 'NONE',  ( 0.000000000000000000, 1.000000000000000000, -2.200000000000000003E-16 ) ) ;
#177 = VECTOR ( 'NONE', #5539, 1000.000000000000000 ) ;
#178 = VERTEX_POINT ( 'NONE', #1182 ) ;
#179 = CARTESIAN_POINT ( 'NONE',  ( 0.4410544718306727008, -0.4285184138923239239, -0.1099206148198303562 ) ) ;
#180 = EDGE_CURVE ( 'NONE', #5695, #923, #1293, .T. ) ;
#181 = CARTESIAN_POINT ( 'NONE',  ( -0.4020270376523993883, 0.4563943704477188557, -0.08789668957863107368 ) ) ;
#182 = ORIENTED_EDGE ( 'NONE', *, *, #4156, .T. ) ;
#183 = VECTOR ( 'NONE', #4332, 1000.000000000000000 ) ;
#184 = EDGE_CURVE ( 'NONE', #4734, #4328, #2938, .T. ) ;
#185 = DIRECTION ( 'NONE',  ( 1.000000000000000000, 0.000000000000000000, 0.000000000000000000 ) ) ;
#186 = CARTESIAN_POINT ( 'NONE',  ( 0.5096867790322197056, 0.7735838994437965743, -0.2283274551215908887 ) ) ;
#187 = CARTESIAN_POINT ( 'NONE',  ( -0.4350559331649591077, 0.4793791180929146689, -0.1116887810331437803 ) ) ;
#188 = ADVANCED_FACE ( 'NONE', ( #3006 ), #4294, .T. ) ;
#189 = CIRCLE ( 'NONE', #3114, 0.02068627288067634643 ) ;
#190 = DIRECTION ( 'NONE',  ( -1.000000000000000000, 0.000000000000000000, 0.000000000000000000 ) ) ;
#191 = ORIENTED_EDGE ( 'NONE', *, *, #3767, .F. ) ;
#192 = AXIS2_PLACEMENT_3D ( 'NONE', #4703, #457, #4613 ) ;
#193 = DIRECTION ( 'NONE',  ( 0.000000000000000000, 0.000000000000000000, -1.000000000000000000 ) ) ;
#194 = CARTESIAN_POINT ( 'NONE',  ( -0.4305035813214842522, 0.4811604284125601816, -0.1159455959559519966 ) ) ;
#195 = ORIENTED_EDGE ( 'NONE', *, *, #4773, .T. ) ;
#196 = PLANE ( 'NONE',  #5794 ) ;
#197 = EDGE_CURVE ( 'NONE', #5497, #5599, #4184, .T. ) ;
#198 = ORIENTED_EDGE ( 'NONE', *, *, #2250, .F. ) ;
#199 = VECTOR ( 'NONE', #1892, 1000.000000000000000 ) ;
#200 = DIRECTION ( 'NONE',  ( 0.000000000000000000, 0.000000000000000000, -1.000000000000000000 ) ) ;
#201 = DIRECTION ( 'NONE',  ( -1.000000000000000000, 0.000000000000000000, 0.000000000000000000 ) ) ;
#202 = CARTESIAN_POINT ( 'NONE',  ( 0.4734858014910359181, -0.8357378691163013240, -0.1919672599023046766 ) ) ;
#203 = ORIENTED_EDGE ( 'NONE', *, *, #4937, .F. ) ;
#204 = CARTESIAN_POINT ( 'NONE',  ( -0.6246105172581994935, -0.3283285315945022598, 0.08193378139179516295 ) ) ;
#205 = CARTESIAN_POINT ( 'NONE',  ( -0.4602708472485429470, -0.4285184138923239239, -0.07321487414561253515 ) ) ;
#206 = VERTEX_POINT ( 'NONE', #2005 ) ;
#207 = ADVANCED_FACE ( 'NONE', ( #3370 ), #4779, .F. ) ;
#208 = CARTESIAN_POINT ( 'NONE',  ( 0.3855691417481612593, 0.9000000000000000222, -0.1731640607731207704 ) ) ;
#209 = DIRECTION ( 'NONE',  ( 1.000000000000000000, 0.000000000000000000, 0.000000000000000000 ) ) ;
#210 = ORIENTED_EDGE ( 'NONE', *, *, #5192, .T. ) ;
#211 = CARTESIAN_POINT ( 'NONE',  ( 0.4345699403554505458, -0.4285184138923239239, -0.1057403446951233617 ) ) ;
#212 = DIRECTION ( 'NONE',  ( 1.000000000000000000, 0.000000000000000000, 0.000000000000000000 ) ) ;
#213 = DIRECTION ( 'NONE',  ( -1.000000000000000000, 0.000000000000000000, 0.000000000000000000 ) ) ;
#214 = AXIS2_PLACEMENT_3D ( 'NONE', #2491, #3459, #5295 ) ;
#215 = EDGE_CURVE ( 'NONE', #5478, #1126, #4871, .T. ) ;
#216 = CARTESIAN_POINT ( 'NONE',  ( -0.4165985165920551014, 0.4793791180929146689, 0.1307747726978751024 ) ) ;
#217 = CARTESIAN_POINT ( 'NONE',  ( 0.4844022809690095577, -0.4055336662471280551, -0.07321487414561235474 ) ) ;
#218 = CARTESIAN_POINT ( 'NONE',  ( -0.4025572359184070304, 0.4793791180929146689, -0.1130642719316670430 ) ) ;
#219 = AXIS2_PLACEMENT_3D ( 'NONE', #5522, #4446, #2160 ) ;
#220 = DIRECTION ( 'NONE',  ( 0.000000000000000000, 1.000000000000000000, 0.000000000000000000 ) ) ;
#221 = ORIENTED_EDGE ( 'NONE', *, *, #2019, .T. ) ;
#222 = AXIS2_PLACEMENT_3D ( 'NONE', #3014, #3466, #1553 ) ;
#223 = EDGE_CURVE ( 'NONE', #3730, #4945, #5738, .T. ) ;
#224 = AXIS2_PLACEMENT_3D ( 'NONE', #42, #1912, #3761 ) ;
#225 = CARTESIAN_POINT ( 'NONE',  ( -0.4070133190423340097, -0.4055336662471280551, -0.09205445074294582586 ) ) ;
#226 = CARTESIAN_POINT ( 'NONE',  ( -0.3906806002565192393, 0.4793791180929146689, -0.1090193855032308562 ) ) ;
#227 = VERTEX_POINT ( 'NONE', #624 ) ;
#228 = DIRECTION ( 'NONE',  ( 0.000000000000000000, -1.000000000000000000, 0.000000000000000000 ) ) ;
#229 = ORIENTED_EDGE ( 'NONE', *, *, #2346, .F. ) ;
#230 = EDGE_CURVE ( 'NONE', #3468, #3357, #3852, .T. ) ;
#231 = AXIS2_PLACEMENT_3D ( 'NONE', #1619, #2447, #3356 ) ;
#232 = EDGE_CURVE ( 'NONE', #4810, #1945, #5235, .T. ) ;
#233 = CARTESIAN_POINT ( 'NONE',  ( 0.6246105172581994935, -0.3940412924245302317, -0.1203319978859289513 ) ) ;
#234 = DIRECTION ( 'NONE',  ( 0.000000000000000000, 1.000000000000000000, 0.000000000000000000 ) ) ;
#235 = CYLINDRICAL_SURFACE ( 'NONE', #3631, 0.005746186911298988009 ) ;
#236 = ORIENTED_EDGE ( 'NONE', *, *, #735, .F. ) ;
#237 = PLANE ( 'NONE',  #2099 ) ;
#238 =( LENGTH_UNIT ( ) NAMED_UNIT ( * ) SI_UNIT ( .MILLI., .METRE. ) );
#239 = EDGE_LOOP ( 'NONE', ( #5109, #1614, #3335, #3496, #5563, #1776, #4417, #4933 ) ) ;
#240 = EDGE_CURVE ( 'NONE', #1792, #2493, #2430, .T. ) ;
#241 = CARTESIAN_POINT ( 'NONE',  ( -0.3729274960661828064, -0.4285184138923239239, 0.02791801549324952544 ) ) ;
#242 = LINE ( 'NONE', #1252, #1843 ) ;
#243 = VERTEX_POINT ( 'NONE', #2038 ) ;
#244 = DIRECTION ( 'NONE',  ( -1.000000000000000000, 0.000000000000000000, 0.000000000000000000 ) ) ;
#245 = LINE ( 'NONE', #5918, #4844 ) ;
#246 = CIRCLE ( 'NONE', #1895, 0.04367102052587229499 ) ;
#247 = CARTESIAN_POINT ( 'NONE',  ( 0.6246105172581994935, 0.4793791180929146689, -0.1386869393053268840 ) ) ;
#248 = CYLINDRICAL_SURFACE ( 'NONE', #2269, 0.04367102052587229499 ) ;
#249 = DIRECTION ( 'NONE',  ( -1.000000000000000000, 0.000000000000000000, 0.000000000000000000 ) ) ;
#250 = CARTESIAN_POINT ( 'NONE',  ( -0.4165985165920551014, -0.3940412924245302317, 0.02791801549324952544 ) ) ;
#251 = DIRECTION ( 'NONE',  ( 0.000000000000000000, 0.000000000000000000, -1.000000000000000000 ) ) ;
#252 = CARTESIAN_POINT ( 'NONE',  ( -0.6246105172581994935, -0.3308332364002412596, -0.03184071945192468167 ) ) ;
#253 = VERTEX_POINT ( 'NONE', #5724 ) ;
#254 = CARTESIAN_POINT ( 'NONE',  ( -0.3858350497966062109, -0.4285184138923239239, -0.1042098178375330253 ) ) ;
#255 = CARTESIAN_POINT ( 'NONE',  ( -0.3866304114909674405, -0.4285184138923239239, -0.1049992732192339684 ) ) ;
#256 = ORIENTED_EDGE ( 'NONE', *, *, #1670, .F. ) ;
#257 = LINE ( 'NONE', #2096, #1537 ) ;
#258 = ORIENTED_EDGE ( 'NONE', *, *, #2115, .F. ) ;
#259 = EDGE_CURVE ( 'NONE', #127, #3215, #3225, .T. ) ;
#260 = AXIS2_PLACEMENT_3D ( 'NONE', #4607, #1804, #2325 ) ;
#261 = LINE ( 'NONE', #890, #3624 ) ;
#262 = AXIS2_PLACEMENT_3D ( 'NONE', #3899, #3385, #5160 ) ;
#263 = LINE ( 'NONE', #4838, #2851 ) ;
#264 = ORIENTED_EDGE ( 'NONE', *, *, #752, .F. ) ;
#265 = DIRECTION ( 'NONE',  ( 0.000000000000000000, 1.000000000000000000, 0.000000000000000000 ) ) ;
#266 = CARTESIAN_POINT ( 'NONE',  ( -0.4602695371179273964, 0.4793791180929146689, 0.1307747726978751024 ) ) ;
#267 = ORIENTED_EDGE ( 'NONE', *, *, #5036, .F. ) ;
#268 = ADVANCED_FACE ( 'NONE', ( #1115 ), #4808, .T. ) ;
#269 = VECTOR ( 'NONE', #2387, 1000.000000000000227 ) ;
#270 = CARTESIAN_POINT ( 'NONE',  ( 0.6246105172581994935, 0.3656046172491944635, 0.06584445804015801040 ) ) ;
#271 = CARTESIAN_POINT ( 'NONE',  ( -0.6246105172581994935, 0.3702015667782341257, -0.02264682039384628351 ) ) ;
#272 = EDGE_LOOP ( 'NONE', ( #2935, #163 ) ) ;
#273 = LINE ( 'NONE', #1502, #5458 ) ;
#274 = DIRECTION ( 'NONE',  ( -1.000000000000000000, 0.000000000000000000, 9.827188711743682843E-15 ) ) ;
#275 = EDGE_LOOP ( 'NONE', ( #5083, #5086, #3793, #756 ) ) ;
#276 = LINE ( 'NONE', #5340, #1630 ) ;
#277 = ADVANCED_FACE ( 'NONE', ( #3491 ), #4837, .F. ) ;
#278 = LINE ( 'NONE', #2144, #11 ) ;
#279 = AXIS2_PLACEMENT_3D ( 'NONE', #3254, #2712, #1425 ) ;
#280 = LINE ( 'NONE', #3569, #4769 ) ;
#281 = CYLINDRICAL_SURFACE ( 'NONE', #5194, 0.02068627288067634643 ) ;
#282 = CARTESIAN_POINT ( 'NONE',  ( -0.6246105172581994935, -0.4629955353601184487, -0.1042098178375330253 ) ) ;
#283 = DIRECTION ( 'NONE',  ( 0.000000000000000000, 0.000000000000000000, 1.000000000000000000 ) ) ;
#284 = EDGE_LOOP ( 'NONE', ( #1573, #5688 ) ) ;
#285 = ADVANCED_FACE ( 'NONE', ( #4262, #5327, #5723 ), #714, .F. ) ;
#286 = AXIS2_PLACEMENT_3D ( 'NONE', #3259, #2348, #20 ) ;
#287 = DIRECTION ( 'NONE',  ( 0.000000000000000000, 0.000000000000000000, -1.000000000000000000 ) ) ;
#288 = CARTESIAN_POINT ( 'NONE',  ( -0.3947630408062398066, -0.4446077372439614650, -0.2076411822409144625 ) ) ;
#289 = VERTEX_POINT ( 'NONE', #2490 ) ;
#290 = DIRECTION ( 'NONE',  ( 0.000000000000000000, 0.000000000000000000, -1.000000000000000000 ) ) ;
#291 = VERTEX_POINT ( 'NONE', #3368 ) ;
#292 = EDGE_CURVE ( 'NONE', #5213, #711, #1357, .T. ) ;
#293 = CYLINDRICAL_SURFACE ( 'NONE', #2360, 0.02873093455649494005 ) ;
#294 = LINE ( 'NONE', #326, #3338 ) ;
#295 = AXIS2_PLACEMENT_3D ( 'NONE', #3964, #1201, #5403 ) ;
#296 = ORIENTED_EDGE ( 'NONE', *, *, #3478, .T. ) ;
#297 = CARTESIAN_POINT ( 'NONE',  ( -0.4372860996033470227, 0.4563943704477188557, -0.07321487414561252127 ) ) ;
#298 = ORIENTED_EDGE ( 'NONE', *, *, #702, .F. ) ;
#299 = ADVANCED_FACE ( 'NONE', ( #5692 ), #2975, .F. ) ;
#300 = EDGE_CURVE ( 'NONE', #872, #3038, #5203, .T. ) ;
#301 = CARTESIAN_POINT ( 'NONE',  ( -0.4165985165920551014, 0.4793791180929146689, 0.02791801549324952544 ) ) ;
#302 = CARTESIAN_POINT ( 'NONE',  ( 0.6246105172581994935, 0.3676968619725294318, 0.08193378139179516295 ) ) ;
#303 = ORIENTED_EDGE ( 'NONE', *, *, #4865, .T. ) ;
#304 = LINE ( 'NONE', #4884, #2853 ) ;
#305 = DIRECTION ( 'NONE',  ( 0.000000000000000000, -2.800000000000000139E-16, -1.000000000000000000 ) ) ;
#306 = ORIENTED_EDGE ( 'NONE', *, *, #735, .T. ) ;
#307 = LINE ( 'NONE', #2174, #3754 ) ;
#308 = DIRECTION ( 'NONE',  ( 0.000000000000000000, 1.000000000000000000, -2.200000000000000003E-16 ) ) ;
#309 = ADVANCED_FACE ( 'NONE', ( #1575 ), #685, .T. ) ;
#310 = CARTESIAN_POINT ( 'NONE',  ( 0.4491432190181312567, 0.4563943704477188557, -0.08789668957863107368 ) ) ;
#311 = CARTESIAN_POINT ( 'NONE',  ( 0.5292245155654294875, -0.8818015227963601488, -0.2185621302659217502 ) ) ;
#312 = CARTESIAN_POINT ( 'NONE',  ( 0.5102617482407511007, -0.9000000000000000222, -0.2285749410535072579 ) ) ;
#313 = CARTESIAN_POINT ( 'NONE',  ( 0.3671820446668083160, -0.8008713257444980416, -0.1386869393053268840 ) ) ;
#314 = ORIENTED_EDGE ( 'NONE', *, *, #3044, .T. ) ;
#315 = AXIS2_PLACEMENT_3D ( 'NONE', #5693, #2068, #4747 ) ;
#316 = ADVANCED_FACE ( 'NONE', ( #5785 ), #4807, .T. ) ;
#317 = AXIS2_PLACEMENT_3D ( 'NONE', #2100, #5326, #1545 ) ;
#318 = LINE ( 'NONE', #2187, #2919 ) ;
#319 = DIRECTION ( 'NONE',  ( -1.000000000000000000, 0.000000000000000000, 0.000000000000000000 ) ) ;
#320 = VERTEX_POINT ( 'NONE', #2519 ) ;
#321 = DIRECTION ( 'NONE',  ( 0.000000000000000000, 1.000000000000000000, -2.200000000000000003E-16 ) ) ;
#322 = ORIENTED_EDGE ( 'NONE', *, *, #2390, .T. ) ;
#323 = VECTOR ( 'NONE', #5459, 1000.000000000000000 ) ;
#324 = VECTOR ( 'NONE', #3523, 1000.000000000000000 ) ;
#325 = DIRECTION ( 'NONE',  ( 0.000000000000000000, 1.000000000000000000, 0.000000000000000000 ) ) ;
#326 = CARTESIAN_POINT ( 'NONE',  ( -0.6246105172581994935, 0.3644553798669347700, 0.07676221317162604252 ) ) ;
#327 = ORIENTED_EDGE ( 'NONE', *, *, #4372, .T. ) ;
#328 = CARTESIAN_POINT ( 'NONE',  ( 0.4603698049750596377, -0.4055336662465539033, -0.09432545575171247254 ) ) ;
#329 = DIRECTION ( 'NONE',  ( 0.000000000000000000, 1.000000000000000000, -2.200000000000000003E-16 ) ) ;
#330 = ORIENTED_EDGE ( 'NONE', *, *, #3974, .T. ) ;
#331 = CIRCLE ( 'NONE', #5856, 0.02068627288067634643 ) ;
#332 = CARTESIAN_POINT ( 'NONE',  ( 0.4869804651336593349, 0.4793791180929146689, -0.1096129251914115532 ) ) ;
#333 = DIRECTION ( 'NONE',  ( -1.000000000000000000, 0.000000000000000000, 9.930632803446247427E-15 ) ) ;
#334 = ORIENTED_EDGE ( 'NONE', *, *, #3315, .T. ) ;
#335 = DIRECTION ( 'NONE',  ( 0.000000000000000000, 0.000000000000000000, -1.000000000000000000 ) ) ;
#336 = CARTESIAN_POINT ( 'NONE',  ( 0.4430297352076568718, 0.4793791180929146689, -0.07321487414561253515 ) ) ;
#337 = VERTEX_POINT ( 'NONE', #4355 ) ;
#338 = EDGE_CURVE ( 'NONE', #4677, #2364, #2004, .T. ) ;
#339 = CIRCLE ( 'NONE', #3836, 0.03447712146779387254 ) ;
#340 = DIRECTION ( 'NONE',  ( 0.000000000000000000, 0.000000000000000000, 1.000000000000000000 ) ) ;
#341 = FACE_OUTER_BOUND ( 'NONE', #2736, .T. ) ;
#342 = EDGE_LOOP ( 'NONE', ( #5811, #4610, #2617, #5943 ) ) ;
#343 = CARTESIAN_POINT ( 'NONE',  ( -0.4311726157928267855, -0.4055336662471280551, -0.08789668957863107368 ) ) ;
#344 = DIRECTION ( 'NONE',  ( 0.000000000000000000, 0.000000000000000000, 1.000000000000000000 ) ) ;
#345 = EDGE_LOOP ( 'NONE', ( #4223, #4350, #114, #1471 ) ) ;
#346 = EDGE_CURVE ( 'NONE', #4191, #2152, #2947, .T. ) ;
#347 = CC_DESIGN_PERSON_AND_ORGANIZATION_ASSIGNMENT ( #5299, #3188, ( #1154 ) ) ;
#348 = CIRCLE ( 'NONE', #4992, 0.02068627288067634643 ) ;
#349 = DIRECTION ( 'NONE',  ( 0.000000000000000000, 1.000000000000000000, -2.200000000000000003E-16 ) ) ;
#350 = CARTESIAN_POINT ( 'NONE',  ( -0.4345316453340638541, -0.4285184138923239239, -0.1118718458726598031 ) ) ;
#351 = ORIENTED_EDGE ( 'NONE', *, *, #4052, .T. ) ;
#352 = CARTESIAN_POINT ( 'NONE',  ( -0.6246105172581994935, -0.7434094566315085917, -0.1731640607731207704 ) ) ;
#353 = ORIENTED_EDGE ( 'NONE', *, *, #4300, .T. ) ;
#354 = EDGE_CURVE ( 'NONE', #5481, #3414, #5448, .T. ) ;
#355 = LINE ( 'NONE', #5851, #4291 ) ;
#356 = ORIENTED_EDGE ( 'NONE', *, *, #3201, .F. ) ;
#357 = AXIS2_PLACEMENT_3D ( 'NONE', #3628, #5839, #3514 ) ;
#358 = CARTESIAN_POINT ( 'NONE',  ( 0.4776197626876751423, -0.4302997242123949850, -0.1159455959558486904 ) ) ;
#359 = CALENDAR_DATE ( 2026, 29, 6 ) ;
#360 = ORIENTED_EDGE ( 'NONE', *, *, #1795, .F. ) ;
#361 = AXIS2_PLACEMENT_3D ( 'NONE', #728, #1688, #1228 ) ;
#362 = CARTESIAN_POINT ( 'NONE',  ( 0.4519414022935967501, 0.4793791180929146689, -0.1135998518405244989 ) ) ;
#363 = ORIENTED_EDGE ( 'NONE', *, *, #2346, .T. ) ;
#364 = CARTESIAN_POINT ( 'NONE',  ( 0.4912169484541616393, -0.8658286108237240875, -0.2093926911918173872 ) ) ;
#365 = CARTESIAN_POINT ( 'NONE',  ( 0.5108367174492824958, -0.9115913541422375754, -0.1705952984195978905 ) ) ;
#366 = EDGE_LOOP ( 'NONE', ( #5870, #5164, #2518, #2592 ) ) ;
#367 = AXIS2_PLACEMENT_3D ( 'NONE', #5382, #3663, #3180 ) ;
#368 = CIRCLE ( 'NONE', #1638, 0.04367102052587229499 ) ;
#369 = CYLINDRICAL_SURFACE ( 'NONE', #4573, 0.02068627288067634643 ) ;
#370 = DIRECTION ( 'NONE',  ( -0.000000000000000000, 1.000000000000000000, 0.000000000000000000 ) ) ;
#371 = ADVANCED_FACE ( 'NONE', ( #3914 ), #5756, .T. ) ;
#372 = CARTESIAN_POINT ( 'NONE',  ( -0.3933353696773328467, 0.4793791180929146689, -0.1096129251914230579 ) ) ;
#373 = DIRECTION ( 'NONE',  ( -1.000000000000000000, 0.000000000000000000, 0.000000000000000000 ) ) ;
#374 = ORIENTED_EDGE ( 'NONE', *, *, #4876, .T. ) ;
#375 = ADVANCED_FACE ( 'NONE', ( #3490, #1146, #3005, #4778, #2549 ), #4387, .F. ) ;
#376 = DIRECTION ( 'NONE',  ( 0.000000000000000000, 1.000000000000000000, -2.200000000000000003E-16 ) ) ;
#377 = DIRECTION ( 'NONE',  ( 0.000000000000000000, -2.800000000000000139E-16, -1.000000000000000000 ) ) ;
#378 = AXIS2_PLACEMENT_3D ( 'NONE', #4154, #908, #5970 ) ;
#379 = ORIENTED_EDGE ( 'NONE', *, *, #937, .T. ) ;
#380 = LINE ( 'NONE', #5875, #2894 ) ;
#381 = ORIENTED_EDGE ( 'NONE', *, *, #2669, .F. ) ;
#382 = CC_DESIGN_APPROVAL ( #1166, ( #3196 ) ) ;
#383 = AXIS2_PLACEMENT_3D ( 'NONE', #1739, #661, #4455 ) ;
#384 = EDGE_CURVE ( 'NONE', #902, #5288, #3399, .T. ) ;
#385 = CARTESIAN_POINT ( 'NONE',  ( 0.4912161342690410382, -0.8658515932233424861, -0.2093534367280855124 ) ) ;
#386 = ORIENTED_EDGE ( 'NONE', *, *, #1161, .T. ) ;
#387 = DIRECTION ( 'NONE',  ( -1.000000000000000000, -8.479197196227380517E-16, 0.000000000000000000 ) ) ;
#388 = CALENDAR_DATE ( 2026, 29, 6 ) ;
#389 = VERTEX_POINT ( 'NONE', #1676 ) ;
#390 = VECTOR ( 'NONE', #1671, 1000.000000000000000 ) ;
#391 = B_SPLINE_CURVE_WITH_KNOTS ( 'NONE', 7,
 ( #4549, #1922, #401, #2350, #5037, #886, #2266, #2296, #4107, #4577, #942, #1432, #3708, #1406, #427, #5951, #4133, #5975, #2805, #1830, #5066, #3289, #912, #5094, #2777, #453, #2324, #3739, #5124, #974, #2832, #2379, #50, #3348, #4697, #5670, #2015, #573, #2531, #5767, #179, #2048, #4367, #3894, #4727, #116, #1523, #211, #5214, #603 ),
 .UNSPECIFIED., .F., .F.,
 ( 8, 6, 6, 6, 6, 6, 6, 6, 8 ),
 ( 0.000000000000000000, 0.1167675510500000013, 0.1929313695750000113, 0.2514440537839999767, 0.4998185071400000345, 0.7492738755710000031, 0.8077902579269999883, 0.8839696433200000536, 1.000000000000000000 ),
 .UNSPECIFIED. ) ;
#392 = VECTOR ( 'NONE', #1290, 1000.000000000000000 ) ;
#393 = ADVANCED_FACE ( 'NONE', ( #777 ), #293, .F. ) ;
#394 = CARTESIAN_POINT ( 'NONE',  ( 0.4381801398025919614, 0.4793791180929146689, -0.1083306311933360105 ) ) ;
#395 = ORIENTED_EDGE ( 'NONE', *, *, #1662, .T. ) ;
#396 = LINE ( 'NONE', #364, #4036 ) ;
#397 = FACE_OUTER_BOUND ( 'NONE', #2024, .T. ) ;
#398 = ORIENTED_EDGE ( 'NONE', *, *, #3355, .F. ) ;
#399 = DIRECTION ( 'NONE',  ( 0.000000000000000000, 0.000000000000000000, -1.000000000000000000 ) ) ;
#400 = CARTESIAN_POINT ( 'NONE',  ( 0.6246105172581994935, 0.5138562395607083610, -0.1386869393053268840 ) ) ;
#401 = CARTESIAN_POINT ( 'NONE',  ( 0.4928515545367205819, -0.4285184138923239239, -0.1057498176824573088 ) ) ;
#402 = ADVANCED_FACE ( 'NONE', ( #5551 ), #3069, .T. ) ;
#403 = LINE ( 'NONE', #2267, #3191 ) ;
#404 = ORIENTED_EDGE ( 'NONE', *, *, #3683, .T. ) ;
#405 = DIRECTION ( 'NONE',  ( -1.000000000000000000, 0.000000000000000000, 0.000000000000000000 ) ) ;
#406 = DIRECTION ( 'NONE',  ( 0.000000000000000000, 1.000000000000000000, -2.800000000000000139E-16 ) ) ;
#407 = ORIENTED_EDGE ( 'NONE', *, *, #839, .T. ) ;
#408 = DIRECTION ( 'NONE',  ( 0.000000000000000000, 0.000000000000000000, -1.000000000000000000 ) ) ;
#409 = VERTEX_POINT ( 'NONE', #1806 ) ;
#410 = ADVANCED_FACE ( 'NONE', ( #4901 ), #5850, .T. ) ;
#411 = AXIS2_PLACEMENT_3D ( 'NONE', #1607, #3458, #1181 ) ;
#412 = CARTESIAN_POINT ( 'NONE',  ( 0.5901333957904049132, -0.7997279457992354512, -0.1386869393053268840 ) ) ;
#413 = AXIS2_PLACEMENT_3D ( 'NONE', #699, #1131, #2994 ) ;
#414 = ORIENTED_EDGE ( 'NONE', *, *, #3692, .F. ) ;
#415 = ORIENTED_EDGE ( 'NONE', *, *, #3028, .F. ) ;
#416 = EDGE_CURVE ( 'NONE', #3231, #5781, #3711, .T. ) ;
#417 = AXIS2_PLACEMENT_3D ( 'NONE', #4264, #2823, #4151 ) ;
#418 = CARTESIAN_POINT ( 'NONE',  ( 0.4452599016459755088, 0.4793791180929146689, -0.1116887810331552988 ) ) ;
#419 = VECTOR ( 'NONE', #2787, 1000.000000000000000 ) ;
#420 = ORIENTED_EDGE ( 'NONE', *, *, #4566, .F. ) ;
#421 = LINE ( 'NONE', #1312, #4505 ) ;
#422 = CARTESIAN_POINT ( 'NONE',  ( -0.5671486481452092665, -0.8008713257444980416, -0.1386869393053268840 ) ) ;
#423 = EDGE_LOOP ( 'NONE', ( #5415, #3464, #1064, #4202 ) ) ;
#424 = ADVANCED_FACE ( 'NONE', ( #4137 ), #1409, .T. ) ;
#425 = CARTESIAN_POINT ( 'NONE',  ( 0.6246105172581994935, 0.4334096228025230979, -0.03528843159870404672 ) ) ;
#426 = DIRECTION ( 'NONE',  ( 1.000000000000000000, 0.000000000000000000, 0.000000000000000000 ) ) ;
#427 = CARTESIAN_POINT ( 'NONE',  ( 0.4826488010000660744, -0.4285184138923239239, -0.1115142800412767254 ) ) ;
#428 = DIRECTION ( 'NONE',  ( 0.000000000000000000, 0.000000000000000000, 1.000000000000000000 ) ) ;
#429 = ORIENTED_EDGE ( 'NONE', *, *, #3509, .F. ) ;
#430 = DIRECTION ( 'NONE',  ( -1.000000000000000000, 0.000000000000000000, 0.000000000000000000 ) ) ;
#431 = DIRECTION ( 'NONE',  ( 0.000000000000000000, 1.000000000000000000, 0.000000000000000000 ) ) ;
#432 = LINE ( 'NONE', #2354, #4395 ) ;
#433 = EDGE_CURVE ( 'NONE', #1873, #1074, #261, .T. ) ;
#434 = EDGE_LOOP ( 'NONE', ( #2142, #2755, #5068, #4125 ) ) ;
#435 = CARTESIAN_POINT ( 'NONE',  ( 0.4292401622740334433, -0.1917755131468061036, -0.2076411822409144625 ) ) ;
#436 = AXIS2_PLACEMENT_3D ( 'NONE', #873, #2734, #1790 ) ;
#437 = VERTEX_POINT ( 'NONE', #3522 ) ;
#438 = PLANE ( 'NONE',  #2633 ) ;
#439 = CARTESIAN_POINT ( 'NONE',  ( 0.4200462976930765535, -0.4055336662471280551, 0.1307747726978751024 ) ) ;
#440 = EDGE_CURVE ( 'NONE', #5705, #933, #1875, .T. ) ;
#441 = ORIENTED_EDGE ( 'NONE', *, *, #2540, .F. ) ;
#442 = CARTESIAN_POINT ( 'NONE',  ( 0.4782887971585361719, -0.4055336662471280551, -0.08789668957863107368 ) ) ;
#443 = VERTEX_POINT ( 'NONE', #4581 ) ;
#444 = FACE_BOUND ( 'NONE', #575, .T. ) ;
#445 = VERTEX_POINT ( 'NONE', #1243 ) ;
#446 = CARTESIAN_POINT ( 'NONE',  ( 0.5073883387448211435, -0.4285184138923239239, 0.02791801549324952544 ) ) ;
#447 = FACE_BOUND ( 'NONE', #3078, .T. ) ;
#448 = ORIENTED_EDGE ( 'NONE', *, *, #2011, .T. ) ;
#449 = AXIS2_PLACEMENT_3D ( 'NONE', #2538, #3807, #670 ) ;
#450 = DIRECTION ( 'NONE',  ( -1.000000000000000000, 0.000000000000000000, 0.000000000000000000 ) ) ;
#451 = FACE_OUTER_BOUND ( 'NONE', #533, .T. ) ;
#452 = EDGE_CURVE ( 'NONE', #1452, #3449, #4967, .T. ) ;
#453 = CARTESIAN_POINT ( 'NONE',  ( 0.4613584102771958184, -0.4285184138923239239, -0.1146296875948727284 ) ) ;
#454 = DIRECTION ( 'NONE',  ( 0.000000000000000000, 0.000000000000000000, 1.000000000000000000 ) ) ;
#455 = ORIENTED_EDGE ( 'NONE', *, *, #1309, .F. ) ;
#456 = CARTESIAN_POINT ( 'NONE',  ( 0.4637173182189488485, 0.4793791180929146689, 0.02791801549324952544 ) ) ;
#457 = DIRECTION ( 'NONE',  ( 0.000000000000000000, 1.000000000000000000, 0.000000000000000000 ) ) ;
#458 = CARTESIAN_POINT ( 'NONE',  ( -0.5096867790322197056, -0.1572983916790124115, -0.1731640607731207704 ) ) ;
#459 = ORIENTED_EDGE ( 'NONE', *, *, #1542, .T. ) ;
#460 = DIRECTION ( 'NONE',  ( 0.000000000000000000, -1.000000000000000000, 0.000000000000000000 ) ) ;
#461 = ORIENTED_EDGE ( 'NONE', *, *, #1497, .F. ) ;
#462 = EDGE_CURVE ( 'NONE', #443, #4383, #3911, .T. ) ;
#463 = AXIS2_PLACEMENT_3D ( 'NONE', #5208, #2042, #45 ) ;
#464 = LINE ( 'NONE', #2391, #5119 ) ;
#465 = CARTESIAN_POINT ( 'NONE',  ( 0.4910025119304370356, -0.8660933779817315825, -0.2093352764496800300 ) ) ;
#466 = ORIENTED_EDGE ( 'NONE', *, *, #1812, .F. ) ;
#467 = CARTESIAN_POINT ( 'NONE',  ( -0.6246105172581994935, -0.3250870494889427365, 0.06929217018693738239 ) ) ;
#468 = COORDINATED_UNIVERSAL_TIME_OFFSET ( 8, 0, .AHEAD. ) ;
#469 = EDGE_LOOP ( 'NONE', ( #5206, #1755, #4281, #3919 ) ) ;
#470 = CIRCLE ( 'NONE', #683, 0.04367102052587229499 ) ;
#471 = EDGE_CURVE ( 'NONE', #4734, #5977, #4930, .T. ) ;
#472 = DIRECTION ( 'NONE',  ( 1.000000000000000000, 0.000000000000000000, 0.000000000000000000 ) ) ;
#473 = ORIENTED_EDGE ( 'NONE', *, *, #5147, .T. ) ;
#474 = CARTESIAN_POINT ( 'NONE',  ( 0.4782887971585361719, 0.4563943704477188557, -0.08789668957863107368 ) ) ;
#475 = DIRECTION ( 'NONE',  ( 0.000000000000000000, -1.000000000000000000, 2.200000000000000003E-16 ) ) ;
#476 = ORIENTED_EDGE ( 'NONE', *, *, #3498, .F. ) ;
#477 = ADVANCED_FACE ( 'NONE', ( #1836 ), #1704, .F. ) ;
#478 = AXIS2_PLACEMENT_3D ( 'NONE', #3744, #3236, #3687 ) ;
#479 = VECTOR ( 'NONE', #4463, 1000.000000000000000 ) ;
#480 = CARTESIAN_POINT ( 'NONE',  ( 0.6246105172581994935, 0.3644553798669347700, -0.03184071945192468167 ) ) ;
#481 = DIRECTION ( 'NONE',  ( 0.000000000000000000, 0.000000000000000000, 1.000000000000000000 ) ) ;
#482 = ORIENTED_EDGE ( 'NONE', *, *, #4626, .T. ) ;
#483 = DIRECTION ( 'NONE',  ( -1.000000000000000000, 0.000000000000000000, 0.000000000000000000 ) ) ;
#484 = AXIS2_PLACEMENT_3D ( 'NONE', #2988, #2893, #1065 ) ;
#485 = CARTESIAN_POINT ( 'NONE',  ( 0.3625843941029654460, -0.8147487108565565350, -0.1798491821505645571 ) ) ;
#486 = ORIENTED_EDGE ( 'NONE', *, *, #3622, .T. ) ;
#487 = EDGE_CURVE ( 'NONE', #5475, #5197, #5494, .T. ) ;
#488 = FACE_OUTER_BOUND ( 'NONE', #3181, .T. ) ;
#489 = LINE ( 'NONE', #891, #5226 ) ;
#490 = CARTESIAN_POINT ( 'NONE',  ( -0.6246105172581994935, 0.5138562395607083610, -0.1042098178375330253 ) ) ;
#491 = ORIENTED_EDGE ( 'NONE', *, *, #3785, .F. ) ;
#492 = LINE ( 'NONE', #522, #5104 ) ;
#493 = VERTEX_POINT ( 'NONE', #3685 ) ;
#494 = ADVANCED_FACE ( 'NONE', ( #1378 ), #5041, .F. ) ;
#495 = PLANE ( 'NONE',  #4938 ) ;
#496 = CARTESIAN_POINT ( 'NONE',  ( 0.4896352345544846552, 0.4793791180929146689, -0.1090193855032193376 ) ) ;
#497 = ORIENTED_EDGE ( 'NONE', *, *, #2574, .F. ) ;
#498 = DIRECTION ( 'NONE',  ( 0.000000000000000000, 0.000000000000000000, 1.000000000000000000 ) ) ;
#499 = ORIENTED_EDGE ( 'NONE', *, *, #5183, .T. ) ;
#500 = AXIS2_PLACEMENT_3D ( 'NONE', #4293, #1972, #3822 ) ;
#501 = VECTOR ( 'NONE', #5149, 1000.000000000000000 ) ;
#502 = DIRECTION ( 'NONE',  ( 0.000000000000000000, 0.000000000000000000, 1.000000000000000000 ) ) ;
#503 = VERTEX_POINT ( 'NONE', #2300 ) ;
#504 = DIRECTION ( 'NONE',  ( -1.000000000000000000, 0.000000000000000000, 0.000000000000000000 ) ) ;
#505 = DIRECTION ( 'NONE',  ( 0.000000000000000000, 0.000000000000000000, 1.000000000000000000 ) ) ;
#506 = ORIENTED_EDGE ( 'NONE', *, *, #5010, .T. ) ;
#507 = VECTOR ( 'NONE', #2077, 1000.000000000000000 ) ;
#508 = VECTOR ( 'NONE', #5107, 1000.000000000000000 ) ;
#509 = DIRECTION ( 'NONE',  ( 0.000000000000000000, 0.000000000000000000, -1.000000000000000000 ) ) ;
#510 = DIRECTION ( 'NONE',  ( 0.000000000000000000, 0.000000000000000000, -1.000000000000000000 ) ) ;
#511 = ORIENTED_EDGE ( 'NONE', *, *, #4641, .F. ) ;
#512 = CARTESIAN_POINT ( 'NONE',  ( -0.3729274960661828064, -0.4055336662471280551, 0.1307747726978751024 ) ) ;
#513 = ADVANCED_FACE ( 'NONE', ( #917, #2780 ), #4612, .F. ) ;
#514 = LINE ( 'NONE', #5575, #4530 ) ;
#515 = ORIENTED_EDGE ( 'NONE', *, *, #1386, .F. ) ;
#516 = VECTOR ( 'NONE', #3109, 1000.000000000000000 ) ;
#517 = CARTESIAN_POINT ( 'NONE',  ( -0.3855691417481612593, 0.8402914752360569617, -0.1961488084183167502 ) ) ;
#518 = DIRECTION ( 'NONE',  ( 1.000000000000000000, 0.000000000000000000, 0.000000000000000000 ) ) ;
#519 = DIRECTION ( 'NONE',  ( -1.000000000000000000, 0.000000000000000000, 0.000000000000000000 ) ) ;
#520 = ADVANCED_FACE ( 'NONE', ( #546 ), #27, .F. ) ;
#521 = ORIENTED_EDGE ( 'NONE', *, *, #2069, .F. ) ;
#522 = CARTESIAN_POINT ( 'NONE',  ( -0.3947630408062398066, -0.1572983916790124115, -0.1731640607731207704 ) ) ;
#523 = EDGE_LOOP ( 'NONE', ( #1882, #3893, #4496, #2281, #3147, #4030, #1030, #1975 ) ) ;
#524 = LINE ( 'NONE', #3751, #2815 ) ;
#525 = CIRCLE ( 'NONE', #916, 0.02068627288067634643 ) ;
#526 = CARTESIAN_POINT ( 'NONE',  ( -0.6246105172581994935, 0.3644553798669347700, -0.02238826546738882303 ) ) ;
#527 = EDGE_LOOP ( 'NONE', ( #3676, #1408, #3419, #5513 ) ) ;
#528 = DIRECTION ( 'NONE',  ( 0.000000000000000000, -0.4856406976879716897, 0.8741585169459484828 ) ) ;
#529 = ADVANCED_FACE ( 'NONE', ( #3806, #488 ), #1562, .F. ) ;
#530 = EDGE_LOOP ( 'NONE', ( #3579, #1495, #1770, #3585 ) ) ;
#531 = AXIS2_PLACEMENT_3D ( 'NONE', #5000, #2655, #4072 ) ;
#532 = CARTESIAN_POINT ( 'NONE',  ( 0.6246105172581994935, 0.3656046172491944635, -0.03528843159870404672 ) ) ;
#533 = EDGE_LOOP ( 'NONE', ( #5778, #3372 ) ) ;
#534 = DIRECTION ( 'NONE',  ( -1.000000000000000000, 0.000000000000000000, 0.000000000000000000 ) ) ;
#535 = CARTESIAN_POINT ( 'NONE',  ( 0.3625843941029654460, -0.8827361887137533669, -0.1848023522669397511 ) ) ;
#536 = ORIENTED_EDGE ( 'NONE', *, *, #2383, .F. ) ;
#537 = CARTESIAN_POINT ( 'NONE',  ( 0.4102777454667475565, -0.8356320035742947905, -0.1921578190247951179 ) ) ;
#538 = CARTESIAN_POINT ( 'NONE',  ( 0.4731935003220338887, -0.8394522354789299978, -0.1941117506711297902 ) ) ;
#539 = VERTEX_POINT ( 'NONE', #5218 ) ;
#540 = DIRECTION ( 'NONE',  ( 0.000000000000000000, 1.000000000000000000, -2.200000000000000003E-16 ) ) ;
#541 = FACE_OUTER_BOUND ( 'NONE', #3742, .T. ) ;
#542 = AXIS2_PLACEMENT_3D ( 'NONE', #1346, #454, #4134 ) ;
#543 = DIRECTION ( 'NONE',  ( 0.000000000000000000, -1.000000000000000000, 0.000000000000000000 ) ) ;
#544 = EDGE_CURVE ( 'NONE', #320, #5590, #4248, .T. ) ;
#545 = CIRCLE ( 'NONE', #2309, 0.03447712146779387254 ) ;
#546 = FACE_OUTER_BOUND ( 'NONE', #2957, .T. ) ;
#547 = CARTESIAN_POINT ( 'NONE',  ( 0.6246105172581994935, -0.3250870494889427365, 0.1141452847918281582 ) ) ;
#548 = DIRECTION ( 'NONE',  ( 0.000000000000000000, -0.4856406976879716897, 0.8741585169459484828 ) ) ;
#549 = CARTESIAN_POINT ( 'NONE',  ( -0.4288773550486634778, 0.4563943704477188557, -0.09017490584132765996 ) ) ;
#550 = VERTEX_POINT ( 'NONE', #5674 ) ;
#551 = DIRECTION ( 'NONE',  ( -1.000000000000000000, 0.000000000000000000, 0.000000000000000000 ) ) ;
#552 = ORIENTED_EDGE ( 'NONE', *, *, #867, .T. ) ;
#553 = AXIS2_PLACEMENT_3D ( 'NONE', #3877, #5260, #4805 ) ;
#554 = EDGE_CURVE ( 'NONE', #5680, #5381, #1295, .T. ) ;
#555 = CARTESIAN_POINT ( 'NONE',  ( -0.6246105172581994935, -0.3308332364002412596, 0.07676221317162604252 ) ) ;
#556 = CARTESIAN_POINT ( 'NONE',  ( -0.6246105172581994935, -0.3250870494889427365, 0.06782686904000519157 ) ) ;
#557 = ORIENTED_EDGE ( 'NONE', *, *, #3386, .F. ) ;
#558 = CARTESIAN_POINT ( 'NONE',  ( 0.5050898295031807095, -0.8699562858134970433, -0.1777024489421400733 ) ) ;
#559 = ORIENTED_EDGE ( 'NONE', *, *, #4876, .F. ) ;
#560 = VECTOR ( 'NONE', #1518, 1000.000000000000000 ) ;
#561 = EDGE_CURVE ( 'NONE', #3260, #3481, #609, .T. ) ;
#562 = EDGE_CURVE ( 'NONE', #4591, #5886, #5612, .T. ) ;
#563 = LINE ( 'NONE', #1974, #4106 ) ;
#564 = ORIENTED_EDGE ( 'NONE', *, *, #1167, .T. ) ;
#565 = CARTESIAN_POINT ( 'NONE',  ( 0.6246105172581994935, 0.5138562395607083610, -0.1042098178375330253 ) ) ;
#566 = CYLINDRICAL_SURFACE ( 'NONE', #4631, 0.04367102052587229499 ) ;
#567 = EDGE_LOOP ( 'NONE', ( #43, #3041, #1726, #5244 ) ) ;
#568 = EDGE_CURVE ( 'NONE', #3773, #2456, #4192, .T. ) ;
#569 = CIRCLE ( 'NONE', #5812, 0.02068627288067634643 ) ;
#570 = DIRECTION ( 'NONE',  ( 0.000000000000000000, 0.000000000000000000, -1.000000000000000000 ) ) ;
#571 = CARTESIAN_POINT ( 'NONE',  ( -5.286491958395061017E-17, 0.8410888837184614664, -0.2248797429748115584 ) ) ;
#572 = ORIENTED_EDGE ( 'NONE', *, *, #5771, .T. ) ;
#573 = CARTESIAN_POINT ( 'NONE',  ( 0.4430332581876809117, -0.4285184138923239239, -0.1108197995425342086 ) ) ;
#574 = DIRECTION ( 'NONE',  ( 0.000000000000000000, 1.000000000000000000, -2.200000000000000003E-16 ) ) ;
#575 = EDGE_LOOP ( 'NONE', ( #615, #351 ) ) ;
#576 = AXIS2_PLACEMENT_3D ( 'NONE', #5195, #709, #5749 ) ;
#577 = CARTESIAN_POINT ( 'NONE',  ( -0.3959122437113787862, 0.4793791180929146689, 0.1307747726978751024 ) ) ;
#578 = FACE_OUTER_BOUND ( 'NONE', #2880, .T. ) ;
#579 = AXIS2_PLACEMENT_3D ( 'NONE', #4427, #4885, #274 ) ;
#580 = CARTESIAN_POINT ( 'NONE',  ( 0.4637160080883331870, 0.4563943704477188557, -0.07321487414561253515 ) ) ;
#581 = DIRECTION ( 'NONE',  ( 0.000000000000000000, -1.000000000000000000, 0.000000000000000000 ) ) ;
#582 = EDGE_LOOP ( 'NONE', ( #4545, #4171, #2106, #2260, #5919, #2331, #1371, #3193 ) ) ;
#583 = CARTESIAN_POINT ( 'NONE',  ( 0.5292245155654737854, -0.8926743212277352679, -0.2248395415983585610 ) ) ;
#584 = ORIENTED_EDGE ( 'NONE', *, *, #667, .F. ) ;
#585 = CARTESIAN_POINT ( 'NONE',  ( -0.4261863344028921086, -0.4055336662471280551, -0.09205445074295735830 ) ) ;
#586 = CARTESIAN_POINT ( 'NONE',  ( -0.3910997818505366763, -0.4285184138923239239, -0.1083530554916515010 ) ) ;
#587 = EDGE_LOOP ( 'NONE', ( #4789, #1591, #3395, #395 ) ) ;
#588 = DIRECTION ( 'NONE',  ( 0.000000000000000000, 1.000000000000000000, 1.520000000000000047E-15 ) ) ;
#589 = EDGE_LOOP ( 'NONE', ( #1190, #2481, #740, #3762, #1046, #258, #2079, #3925 ) ) ;
#590 = EDGE_CURVE ( 'NONE', #1399, #206, #2353, .T. ) ;
#591 = CARTESIAN_POINT ( 'NONE',  ( -0.3855691417481612593, 0.7092265945448735787, -0.1731640607731207704 ) ) ;
#592 = LINE ( 'NONE', #2948, #4662 ) ;
#593 = CARTESIAN_POINT ( 'NONE',  ( 0.4329512311623497922, -0.4285184138923239239, -0.1042098178375330253 ) ) ;
#594 = VERTEX_POINT ( 'NONE', #3324 ) ;
#595 = CARTESIAN_POINT ( 'NONE',  ( 0.4896352345544846552, 0.4793791180929146689, -0.1090193855032193376 ) ) ;
#596 = CARTESIAN_POINT ( 'NONE',  ( 0.6246105172581994935, 0.4334096228025230979, 0.08193378139179516295 ) ) ;
#597 = ORIENTED_EDGE ( 'NONE', *, *, #857, .F. ) ;
#598 = AXIS2_PLACEMENT_3D ( 'NONE', #2520, #201, #1147 ) ;
#599 = AXIS2_PLACEMENT_3D ( 'NONE', #1641, #653, #4388 ) ;
#600 = CYLINDRICAL_SURFACE ( 'NONE', #4868, 0.01838779811615674081 ) ;
#601 = CARTESIAN_POINT ( 'NONE',  ( 0.6246105172581994935, -0.3262362868712024300, -0.01919910824706693234 ) ) ;
#602 = VERTEX_POINT ( 'NONE', #3294 ) ;
#603 = CARTESIAN_POINT ( 'NONE',  ( 0.4329512311623497922, -0.4285184138923239239, -0.1042098178375330253 ) ) ;
#604 = AXIS2_PLACEMENT_3D ( 'NONE', #4491, #5949, #5485 ) ;
#605 = DIRECTION ( 'NONE',  ( 0.000000000000000000, 1.000000000000000000, -2.200000000000000003E-16 ) ) ;
#606 = EDGE_CURVE ( 'NONE', #1702, #5965, #1070, .T. ) ;
#607 = CARTESIAN_POINT ( 'NONE',  ( -0.6246105172581994935, -0.3250870494889427365, 0.06929217018693738239 ) ) ;
#608 = CIRCLE ( 'NONE', #2467, 0.04367102052587229499 ) ;
#609 = LINE ( 'NONE', #153, #4671 ) ;
#610 = CARTESIAN_POINT ( 'NONE',  ( 0.4953213117539849719, -0.8446928950317990070, -0.1971374471324442157 ) ) ;
#611 = LINE ( 'NONE', #3839, #5421 ) ;
#612 = VECTOR ( 'NONE', #5306, 1000.000000000000000 ) ;
#613 = ORIENTED_EDGE ( 'NONE', *, *, #742, .T. ) ;
#614 = DIRECTION ( 'NONE',  ( 0.000000000000000000, 1.000000000000000000, 0.000000000000000000 ) ) ;
#615 = ORIENTED_EDGE ( 'NONE', *, *, #1896, .T. ) ;
#616 = CYLINDRICAL_SURFACE ( 'NONE', #3013, 0.01149237382259797602 ) ;
#617 = CARTESIAN_POINT ( 'NONE',  ( -0.3963646054637505189, 0.4801265902957067011, -0.1129878178800618610 ) ) ;
#618 = ORIENTED_EDGE ( 'NONE', *, *, #2027, .F. ) ;
#619 = CARTESIAN_POINT ( 'NONE',  ( -0.4165998267226706520, -0.4055336662471280551, -0.07321487414561253515 ) ) ;
#620 = ORIENTED_EDGE ( 'NONE', *, *, #4204, .F. ) ;
#621 = CIRCLE ( 'NONE', #4032, 0.04367102052587229499 ) ;
#622 = EDGE_CURVE ( 'NONE', #5783, #3311, #1645, .T. ) ;
#623 = CARTESIAN_POINT ( 'NONE',  ( -0.4096695906344330340, -0.4313353546677914374, -0.1177229139595074026 ) ) ;
#624 = CARTESIAN_POINT ( 'NONE',  ( -0.4602695371179273964, -0.4055336662471280551, 0.1307747726978751024 ) ) ;
#625 = PLANE ( 'NONE',  #4016 ) ;
#626 = VERTEX_POINT ( 'NONE', #4730 ) ;
#627 = DIRECTION ( 'NONE',  ( 0.000000000000000000, 1.000000000000000000, -2.200000000000000003E-16 ) ) ;
#628 = CARTESIAN_POINT ( 'NONE',  ( 0.4637173182189488485, -0.4055336662471280551, 0.1307747726978751024 ) ) ;
#629 = ORIENTED_EDGE ( 'NONE', *, *, #2397, .F. ) ;
#630 = AXIS2_PLACEMENT_3D ( 'NONE', #140, #504, #2797 ) ;
#631 = LINE ( 'NONE', #2137, #4968 ) ;
#632 = CARTESIAN_POINT ( 'NONE',  ( 0.3855691417481612593, 0.9000000000000000222, -0.2306259298861106088 ) ) ;
#633 = VERTEX_POINT ( 'NONE', #4218 ) ;
#634 = DIRECTION ( 'NONE',  ( -1.000000000000000000, 0.000000000000000000, 0.000000000000000000 ) ) ;
#635 = CARTESIAN_POINT ( 'NONE',  ( -0.4165985165920551014, 0.4563943704477188557, 0.1307747726978751024 ) ) ;
#636 = VERTEX_POINT ( 'NONE', #2836 ) ;
#637 = EDGE_CURVE ( 'NONE', #5362, #1743, #949, .T. ) ;
#638 = CARTESIAN_POINT ( 'NONE',  ( -0.5096867790322197056, 0.8247217346575649310, -0.2076411822409144625 ) ) ;
#639 = CARTESIAN_POINT ( 'NONE',  ( 0.02355896410324203813, -0.4055336662471280551, 0.02849263801516691702 ) ) ;
#640 = CARTESIAN_POINT ( 'NONE',  ( 0.4844388899359565182, -0.8739512765088388591, -0.2140297897356917833 ) ) ;
#641 = DIRECTION ( 'NONE',  ( 0.000000000000000000, 1.000000000000000000, 0.000000000000000000 ) ) ;
#642 = ORIENTED_EDGE ( 'NONE', *, *, #1323, .T. ) ;
#643 = AXIS2_PLACEMENT_3D ( 'NONE', #4887, #5803, #3538 ) ;
#644 = DIRECTION ( 'NONE',  ( 0.000000000000000000, -1.000000000000000000, 0.000000000000000000 ) ) ;
#645 = CARTESIAN_POINT ( 'NONE',  ( -0.3947630408062398066, -0.1572983916790124115, -0.2076411822409144625 ) ) ;
#646 = ORIENTED_EDGE ( 'NONE', *, *, #931, .T. ) ;
#647 = CARTESIAN_POINT ( 'NONE',  ( -0.4165985165920551014, 0.4793791180929146689, 0.1307747726978751024 ) ) ;
#648 = VECTOR ( 'NONE', #228, 1000.000000000000000 ) ;
#649 = VERTEX_POINT ( 'NONE', #1927 ) ;
#650 = EDGE_CURVE ( 'NONE', #5453, #4019, #2020, .T. ) ;
#651 = VECTOR ( 'NONE', #4215, 1000.000000000000000 ) ;
#652 = DIRECTION ( 'NONE',  ( 0.000000000000000000, 1.000000000000000000, 0.000000000000000000 ) ) ;
#653 = DIRECTION ( 'NONE',  ( 0.000000000000000000, -0.4856406976879716897, 0.8741585169459484828 ) ) ;
#654 = CARTESIAN_POINT ( 'NONE',  ( 0.4102777454667470569, -0.8357378688385955767, -0.1919672604021815943 ) ) ;
#655 = EDGE_LOOP ( 'NONE', ( #2374, #2710, #5698, #4954, #1020, #2726 ) ) ;
#656 = LINE ( 'NONE', #5298, #4894 ) ;
#657 = DIRECTION ( 'NONE',  ( 0.000000000000000000, -1.000000000000000000, 2.200000000000000003E-16 ) ) ;
#658 = EDGE_LOOP ( 'NONE', ( #1234, #3411, #3639, #1913 ) ) ;
#659 = EDGE_CURVE ( 'NONE', #3328, #602, #3775, .T. ) ;
#660 = LINE ( 'NONE', #1188, #3817 ) ;
#661 = DIRECTION ( 'NONE',  ( -1.000000000000000000, 0.000000000000000000, 0.000000000000000000 ) ) ;
#662 = CIRCLE ( 'NONE', #1834, 0.03447712146779387254 ) ;
#663 = ORIENTED_EDGE ( 'NONE', *, *, #3995, .T. ) ;
#664 = CARTESIAN_POINT ( 'NONE',  ( -0.4473646036486199074, 0.4793791180929146689, -0.1042098178375330253 ) ) ;
#665 = CARTESIAN_POINT ( 'NONE',  ( -0.4165998267225554108, 0.4563943704476378649, -0.09461899453407192351 ) ) ;
#666 = ORIENTED_EDGE ( 'NONE', *, *, #1219, .F. ) ;
#667 = EDGE_CURVE ( 'NONE', #3449, #5389, #2866, .T. ) ;
#668 = CIRCLE ( 'NONE', #3204, 0.02068627288067634643 ) ;
#669 = CARTESIAN_POINT ( 'NONE',  ( 0.4603698049756229649, 0.4563943704476729479, -0.09432545575160895812 ) ) ;
#670 = DIRECTION ( 'NONE',  ( -1.000000000000000000, 0.000000000000000000, 0.000000000000000000 ) ) ;
#671 = CARTESIAN_POINT ( 'NONE',  ( 0.4888795235915915360, -0.8679807298835080509, -0.2105826940055984531 ) ) ;
#672 = EDGE_CURVE ( 'NONE', #1126, #4191, #5579, .T. ) ;
#673 = AXIS2_PLACEMENT_3D ( 'NONE', #2964, #2480, #4312 ) ;
#674 = CARTESIAN_POINT ( 'NONE',  ( 0.4637173182189488485, -0.4285184138923239239, 0.02791801549324952544 ) ) ;
#675 = VERTEX_POINT ( 'NONE', #517 ) ;
#676 = EDGE_CURVE ( 'NONE', #929, #2240, #5159, .T. ) ;
#677 = AXIS2_PLACEMENT_3D ( 'NONE', #3018, #3988, #5801 ) ;
#678 = LINE ( 'NONE', #2543, #3598 ) ;
#679 = CARTESIAN_POINT ( 'NONE',  ( -0.3858350497966062109, 0.4793791180929146689, -0.1042098178375330253 ) ) ;
#680 = EDGE_LOOP ( 'NONE', ( #4513, #973, #5954, #2971 ) ) ;
#681 = CARTESIAN_POINT ( 'NONE',  ( -0.5096867790322197056, 0.9000000000000000222, -0.1731640607731207704 ) ) ;
#682 = VERTEX_POINT ( 'NONE', #3867 ) ;
#683 = AXIS2_PLACEMENT_3D ( 'NONE', #5995, #3648, #3223 ) ;
#684 = EDGE_CURVE ( 'NONE', #5991, #5993, #5706, .T. ) ;
#685 = PLANE ( 'NONE',  #3042 ) ;
#686 = EDGE_CURVE ( 'NONE', #2120, #4017, #1069, .T. ) ;
#687 = CARTESIAN_POINT ( 'NONE',  ( 0.4637173182189488485, 0.4793791180929146689, 0.1307747726978751024 ) ) ;
#688 = DIRECTION ( 'NONE',  ( 0.000000000000000000, 0.000000000000000000, -1.000000000000000000 ) ) ;
#689 = ORIENTED_EDGE ( 'NONE', *, *, #180, .F. ) ;
#690 = LINE ( 'NONE', #1579, #2967 ) ;
#691 = ORIENTED_EDGE ( 'NONE', *, *, #3576, .T. ) ;
#692 = DIRECTION ( 'NONE',  ( -1.000000000000000000, 0.000000000000000000, 0.000000000000000000 ) ) ;
#693 = CARTESIAN_POINT ( 'NONE',  ( -0.3729288061967983570, 0.4793791180929146689, -0.07321487414561253515 ) ) ;
#694 = ORIENTED_EDGE ( 'NONE', *, *, #4895, .F. ) ;
#695 = CARTESIAN_POINT ( 'NONE',  ( 0.4731935003220338887, -0.8394522354789299978, -0.1941117506711297902 ) ) ;
#696 = CARTESIAN_POINT ( 'NONE',  ( -0.3959135538419943368, 0.4334096228025230979, -0.07321487414561252127 ) ) ;
#697 = CARTESIAN_POINT ( 'NONE',  ( 0.4637173182189488485, -0.4285184138923239239, 0.1307747726978751024 ) ) ;
#698 = CARTESIAN_POINT ( 'NONE',  ( 0.6246105172581994935, -0.3940412924245302317, -0.01919910824706693234 ) ) ;
#699 = CARTESIAN_POINT ( 'NONE',  ( 0.4763588949466857625, -0.8557243164882377684, -0.2033201479073623030 ) ) ;
#700 = DIRECTION ( 'NONE',  ( 0.000000000000000000, 0.000000000000000000, 1.000000000000000000 ) ) ;
#701 = CIRCLE ( 'NONE', #4882, 0.03447712146779387254 ) ;
#702 = EDGE_CURVE ( 'NONE', #5695, #1723, #4854, .T. ) ;
#703 = CARTESIAN_POINT ( 'NONE',  ( -0.3926965279917571938, 0.4793791180929146689, -0.1092678989583958094 ) ) ;
#704 = CARTESIAN_POINT ( 'NONE',  ( -0.6246105172581994935, 0.4449019966251209213, 0.1945919015500139904 ) ) ;
#705 = ORIENTED_EDGE ( 'NONE', *, *, #2982, .F. ) ;
#706 = VECTOR ( 'NONE', #5477, 1000.000000000000000 ) ;
#707 = EDGE_CURVE ( 'NONE', #2183, #602, #1560, .T. ) ;
#708 = AXIS2_PLACEMENT_3D ( 'NONE', #2544, #4772, #5196 ) ;
#709 = DIRECTION ( 'NONE',  ( 0.000000000000000000, 1.000000000000000000, -2.200000000000000003E-16 ) ) ;
#710 = LINE ( 'NONE', #645, #5849 ) ;
#711 = VERTEX_POINT ( 'NONE', #1168 ) ;
#712 = FACE_OUTER_BOUND ( 'NONE', #1916, .T. ) ;
#713 = ORIENTED_EDGE ( 'NONE', *, *, #676, .F. ) ;
#714 = PLANE ( 'NONE',  #500 ) ;
#715 = EDGE_CURVE ( 'NONE', #2364, #4699, #3084, .T. ) ;
#716 = DIRECTION ( 'NONE',  ( 0.000000000000000000, 1.000000000000000000, 0.000000000000000000 ) ) ;
#717 = ORIENTED_EDGE ( 'NONE', *, *, #1940, .T. ) ;
#718 = CARTESIAN_POINT ( 'NONE',  ( 0.4882933203420810608, -0.8881415125453430148, -0.2222225240227816978 ) ) ;
#719 = CYLINDRICAL_SURFACE ( 'NONE', #4538, 0.02068627288067634643 ) ;
#720 = ORIENTED_EDGE ( 'NONE', *, *, #3757, .F. ) ;
#721 = DIRECTION ( 'NONE',  ( 0.000000000000000000, 0.000000000000000000, 1.000000000000000000 ) ) ;
#722 = CARTESIAN_POINT ( 'NONE',  ( 0.4731935003220338887, -0.8393807423219200592, -0.1942404391280772025 ) ) ;
#723 = ORIENTED_EDGE ( 'NONE', *, *, #2277, .T. ) ;
#724 = DIRECTION ( 'NONE',  ( 0.000000000000000000, 0.000000000000000000, -1.000000000000000000 ) ) ;
#725 = CARTESIAN_POINT ( 'NONE',  ( 0.6246105172581994935, -0.3940412924245302317, 0.08193378139179516295 ) ) ;
#726 = AXIS2_PLACEMENT_3D ( 'NONE', #3755, #5591, #4148 ) ;
#727 = ORIENTED_EDGE ( 'NONE', *, *, #4661, .F. ) ;
#728 = CARTESIAN_POINT ( 'NONE',  ( 0.6246105172581994935, -0.4629955353601184487, -0.1042098178375330253 ) ) ;
#729 = DIRECTION ( 'NONE',  ( 0.000000000000000000, 1.000000000000000000, -2.200000000000000003E-16 ) ) ;
#730 = DIRECTION ( 'NONE',  ( 0.000000000000000000, 1.000000000000000000, 0.000000000000000000 ) ) ;
#731 = DIRECTION ( 'NONE',  ( 0.000000000000000000, 1.000000000000000000, 0.000000000000000000 ) ) ;
#732 = CARTESIAN_POINT ( 'NONE',  ( 0.6131181434356016702, -0.7997279457992354512, -0.1731640607731207704 ) ) ;
#733 = CARTESIAN_POINT ( 'NONE',  ( -0.6246105172581994935, 0.3656046172491944635, -0.01919910824706693234 ) ) ;
#734 = VERTEX_POINT ( 'NONE', #638 ) ;
#735 = EDGE_CURVE ( 'NONE', #4863, #127, #1933, .T. ) ;
#736 = CARTESIAN_POINT ( 'NONE',  ( -0.4372860996033470227, 0.4334096228025230979, -0.07321487414561253515 ) ) ;
#737 = CARTESIAN_POINT ( 'NONE',  ( -0.4386080115425978199, -0.4285184138923239239, -0.1102353140211317917 ) ) ;
#738 = ORIENTED_EDGE ( 'NONE', *, *, #3355, .T. ) ;
#739 = CARTESIAN_POINT ( 'NONE',  ( -0.4165985165920551014, -0.3940412924245302317, 0.02791801549324952544 ) ) ;
#740 = ORIENTED_EDGE ( 'NONE', *, *, #2390, .F. ) ;
#741 = VECTOR ( 'NONE', #5092, 1000.000000000000000 ) ;
#742 = EDGE_CURVE ( 'NONE', #2943, #4516, #5484, .T. ) ;
#743 = AXIS2_PLACEMENT_3D ( 'NONE', #3511, #764, #185 ) ;
#744 = DIRECTION ( 'NONE',  ( -1.000000000000000000, 0.000000000000000000, 0.000000000000000000 ) ) ;
#745 = CIRCLE ( 'NONE', #3091, 0.03447712146779387254 ) ;
#746 = CARTESIAN_POINT ( 'NONE',  ( 0.4947597542506904644, -0.8633683217388867792, -0.2079197196720454499 ) ) ;
#747 = VERTEX_POINT ( 'NONE', #3023 ) ;
#748 = DIRECTION ( 'NONE',  ( 0.000000000000000000, 1.000000000000000000, 0.000000000000000000 ) ) ;
#749 = CARTESIAN_POINT ( 'NONE',  ( -0.6246105172581994935, -0.1760351102566003745, -0.01919910824706693234 ) ) ;
#750 = EDGE_CURVE ( 'NONE', #4507, #4268, #1264, .T. ) ;
#751 = ORIENTED_EDGE ( 'NONE', *, *, #5461, .F. ) ;
#752 = EDGE_CURVE ( 'NONE', #2033, #3664, #280, .T. ) ;
#753 = VECTOR ( 'NONE', #3358, 1000.000000000000114 ) ;
#754 = DIRECTION ( 'NONE',  ( 0.000000000000000000, 0.000000000000000000, -1.000000000000000000 ) ) ;
#755 = DIRECTION ( 'NONE',  ( 0.000000000000000000, 1.000000000000000000, -2.200000000000000003E-16 ) ) ;
#756 = ORIENTED_EDGE ( 'NONE', *, *, #223, .T. ) ;
#757 = CARTESIAN_POINT ( 'NONE',  ( 0.4637173182189488485, 0.4793791180929146689, 0.1307747726978751024 ) ) ;
#758 = CARTESIAN_POINT ( 'NONE',  ( -0.4752096575644259580, -0.4446077372439614650, -0.2076411822409144625 ) ) ;
#759 = ORIENTED_EDGE ( 'NONE', *, *, #5003, .F. ) ;
#760 = DIRECTION ( 'NONE',  ( 0.000000000000000000, 1.000000000000000000, 0.000000000000000000 ) ) ;
#761 = DIRECTION ( 'NONE',  ( 0.000000000000000000, 1.000000000000000000, -2.200000000000000003E-16 ) ) ;
#762 = ADVANCED_FACE ( 'NONE', ( #1198 ), #5400, .T. ) ;
#763 = AXIS2_PLACEMENT_3D ( 'NONE', #5088, #505, #2373 ) ;
#764 = DIRECTION ( 'NONE',  ( 0.000000000000000000, -0.4856406976879721338, 0.8741585169459482607 ) ) ;
#765 = PLANE ( 'NONE',  #4611 ) ;
#766 = CARTESIAN_POINT ( 'NONE',  ( -0.3866304135436208211, 0.4793791180929146689, -0.1049992750667708696 ) ) ;
#767 = LINE ( 'NONE', #3998, #5802 ) ;
#768 = ORIENTED_EDGE ( 'NONE', *, *, #1497, .T. ) ;
#769 = EDGE_CURVE ( 'NONE', #4827, #2874, #102, .T. ) ;
#770 = AXIS2_PLACEMENT_3D ( 'NONE', #4226, #2335, #1017 ) ;
#771 = CARTESIAN_POINT ( 'NONE',  ( 0.4889268669111667687, -0.8678443574180852993, -0.2107108026905087084 ) ) ;
#772 = CARTESIAN_POINT ( 'NONE',  ( -0.4457458971093951061, -0.4285184138923239239, -0.1057403425193872010 ) ) ;
#773 = ORIENTED_EDGE ( 'NONE', *, *, #816, .F. ) ;
#774 = CARTESIAN_POINT ( 'NONE',  ( -0.6246105172581994935, 0.3676968619725294318, 0.08193378139179516295 ) ) ;
#775 = ORIENTED_EDGE ( 'NONE', *, *, #1639, .F. ) ;
#776 = AXIS2_PLACEMENT_3D ( 'NONE', #3326, #548, #518 ) ;
#777 = FACE_OUTER_BOUND ( 'NONE', #1363, .T. ) ;
#778 = LINE ( 'NONE', #2280, #1786 ) ;
#779 = EDGE_CURVE ( 'NONE', #1945, #4428, #3445, .T. ) ;
#780 = AXIS2_PLACEMENT_3D ( 'NONE', #3080, #5307, #1255 ) ;
#781 = ORIENTED_EDGE ( 'NONE', *, *, #5461, .T. ) ;
#782 = CARTESIAN_POINT ( 'NONE',  ( 0.4702936737084137397, -0.4055336662474727794, -0.09345793522378104123 ) ) ;
#783 = CARTESIAN_POINT ( 'NONE',  ( -0.4752096575644259580, -0.4101306157761677729, -0.1731640607731207704 ) ) ;
#784 = ORIENTED_EDGE ( 'NONE', *, *, #2397, .T. ) ;
#785 = CARTESIAN_POINT ( 'NONE',  ( 0.4542739641652031590, 0.4793791180929146689, -0.1140200246231114350 ) ) ;
#786 = CARTESIAN_POINT ( 'NONE',  ( -0.6246105172581994935, -0.3886440259746626324, -0.1386869393053268840 ) ) ;
#787 = ORIENTED_EDGE ( 'NONE', *, *, #2828, .F. ) ;
#788 = DIRECTION ( 'NONE',  ( 0.000000000000000000, 1.000000000000000000, -2.200000000000000003E-16 ) ) ;
#789 = DIRECTION ( 'NONE',  ( 0.000000000000000000, -0.4856406976879716897, 0.8741585169459484828 ) ) ;
#790 = EDGE_LOOP ( 'NONE', ( #5510, #1833 ) ) ;
#791 = CARTESIAN_POINT ( 'NONE',  ( -0.4165985165920551014, 0.4793791180929146689, 0.02791801549324952544 ) ) ;
#792 = CARTESIAN_POINT ( 'NONE',  ( 0.4637173182189488485, 0.4793791180929146689, 0.02791801549324952544 ) ) ;
#793 = FACE_BOUND ( 'NONE', #5040, .T. ) ;
#794 = ORIENTED_EDGE ( 'NONE', *, *, #5565, .F. ) ;
#795 =( BOUNDED_CURVE ( )  B_SPLINE_CURVE ( 3, ( #4651, #3695, #4146, #1079 ),
 .UNSPECIFIED., .F., .T. ) 
 B_SPLINE_CURVE_WITH_KNOTS ( ( 4, 4 ),
 ( 4.712388432232160085, 5.254074331011840293 ),
 .UNSPECIFIED. ) 
 CURVE ( )  GEOMETRIC_REPRESENTATION_ITEM ( )  RATIONAL_B_SPLINE_CURVE ( ( 1.000000000000000000, 0.9756971419202900009, 0.9756971419202900009, 1.000000000000000000 ) ) 
 REPRESENTATION_ITEM ( '' )  );
#796 = ADVANCED_FACE ( 'NONE', ( #4023 ), #5281, .F. ) ;
#797 = CARTESIAN_POINT ( 'NONE',  ( -0.3946355445457431221, 0.4793791180929146689, -0.1102558973115747437 ) ) ;
#798 = DIRECTION ( 'NONE',  ( 0.000000000000000000, 0.000000000000000000, -1.000000000000000000 ) ) ;
#799 = EDGE_LOOP ( 'NONE', ( #5536, #5877, #5958, #2454 ) ) ;
#800 = VECTOR ( 'NONE', #4431, 1000.000000000000000 ) ;
#801 = AXIS2_PLACEMENT_3D ( 'NONE', #2612, #4475, #325 ) ;
#802 = CARTESIAN_POINT ( 'NONE',  ( 0.4862192170467268260, -0.8706346207845451213, -0.2122609396756809652 ) ) ;
#803 = LINE ( 'NONE', #288, #2184 ) ;
#804 = EDGE_LOOP ( 'NONE', ( #723, #4988 ) ) ;
#805 = CARTESIAN_POINT ( 'NONE',  ( -0.6246105172581994935, -0.3940412924245302317, -0.1203319978859289513 ) ) ;
#806 = ORIENTED_EDGE ( 'NONE', *, *, #3644, .T. ) ;
#807 = VECTOR ( 'NONE', #4663, 1000.000000000000000 ) ;
#808 = VECTOR ( 'NONE', #2676, 1000.000000000000000 ) ;
#809 = CARTESIAN_POINT ( 'NONE',  ( 0.5385081269428235728, -0.8773335005821920607, -0.2159825171646862774 ) ) ;
#810 = VERTEX_POINT ( 'NONE', #2146 ) ;
#811 = LINE ( 'NONE', #5880, #3643 ) ;
#812 = CALENDAR_DATE ( 2026, 29, 6 ) ;
#813 = ORIENTED_EDGE ( 'NONE', *, *, #4961, .F. ) ;
#814 = EDGE_CURVE ( 'NONE', #2440, #2487, #2537, .T. ) ;
#815 = CIRCLE ( 'NONE', #231, 0.04367102052587229499 ) ;
#816 = EDGE_CURVE ( 'NONE', #4833, #2667, #1624, .T. ) ;
#817 = CARTESIAN_POINT ( 'NONE',  ( 0.4417078232681990735, 0.4793791180929146689, -0.1102353140210284577 ) ) ;
#818 = CARTESIAN_POINT ( 'NONE',  ( 0.6246105172581994935, -0.3262362868712024300, -0.03528843159870404672 ) ) ;
#819 = ORIENTED_EDGE ( 'NONE', *, *, #2019, .F. ) ;
#820 = DIRECTION ( 'NONE',  ( -1.000000000000000000, 0.000000000000000000, 0.000000000000000000 ) ) ;
#821 = LINE ( 'NONE', #725, #5329 ) ;
#822 = EDGE_LOOP ( 'NONE', ( #1089, #4928, #2139, #3703 ) ) ;
#823 = EDGE_CURVE ( 'NONE', #5993, #1930, #701, .T. ) ;
#824 = EDGE_CURVE ( 'NONE', #4178, #2125, #3043, .T. ) ;
#825 = AXIS2_PLACEMENT_3D ( 'NONE', #3725, #5081, #1908 ) ;
#826 = PLANE ( 'NONE',  #5442 ) ;
#827 = DIRECTION ( 'NONE',  ( 1.000000000000000000, 0.000000000000000000, 0.000000000000000000 ) ) ;
#828 = CARTESIAN_POINT ( 'NONE',  ( -0.4043222983965626960, -0.4055336662470138132, -0.09017490584132765996 ) ) ;
#829 = DIRECTION ( 'NONE',  ( 0.000000000000000000, 1.000000000000000000, 0.000000000000000000 ) ) ;
#830 = ORIENTED_EDGE ( 'NONE', *, *, #2462, .F. ) ;
#831 = VECTOR ( 'NONE', #1424, 1000.000000000000000 ) ;
#832 = EDGE_CURVE ( 'NONE', #1681, #3664, #4157, .T. ) ;
#833 =( BOUNDED_CURVE ( )  B_SPLINE_CURVE ( 3, ( #3130, #4964, #3102, #2704 ),
 .UNSPECIFIED., .F., .T. ) 
 B_SPLINE_CURVE_WITH_KNOTS ( ( 4, 4 ),
 ( 2.341356646250710050, 3.941828660927235273 ),
 .UNSPECIFIED. ) 
 CURVE ( )  GEOMETRIC_REPRESENTATION_ITEM ( )  RATIONAL_B_SPLINE_CURVE ( ( 1.000000000000000000, 0.7976915924293609406, 0.7976915924293609406, 1.000000000000000000 ) ) 
 REPRESENTATION_ITEM ( '' )  );
#834 = CYLINDRICAL_SURFACE ( 'NONE', #4738, 0.02068627288067634643 ) ;
#835 = LINE ( 'NONE', #4987, #126 ) ;
#836 = ORIENTED_EDGE ( 'NONE', *, *, #2689, .F. ) ;
#837 = LINE ( 'NONE', #3550, #62 ) ;
#838 = ORIENTED_EDGE ( 'NONE', *, *, #1211, .T. ) ;
#839 = EDGE_CURVE ( 'NONE', #5475, #243, #5430, .T. ) ;
#840 = CARTESIAN_POINT ( 'NONE',  ( 0.3855691417481612593, 0.8402396561224900751, -0.1814163578993224779 ) ) ;
#841 = ORIENTED_EDGE ( 'NONE', *, *, #4553, .F. ) ;
#842 = CIRCLE ( 'NONE', #1133, 0.03447712146779388642 ) ;
#843 = CARTESIAN_POINT ( 'NONE',  ( 0.5096867790322197056, 0.8402396561224900751, -0.1961488084183167502 ) ) ;
#844 = COORDINATED_UNIVERSAL_TIME_OFFSET ( 8, 0, .AHEAD. ) ;
#845 = VERTEX_POINT ( 'NONE', #4519 ) ;
#846 = CIRCLE ( 'NONE', #1038, 0.01838779811615674081 ) ;
#847 = CARTESIAN_POINT ( 'NONE',  ( 0.4447383468971651821, 0.4793791180929146689, -0.1114976366291530741 ) ) ;
#848 = EDGE_LOOP ( 'NONE', ( #4579, #314 ) ) ;
#849 = DIRECTION ( 'NONE',  ( -1.000000000000000000, 0.000000000000000000, 0.000000000000000000 ) ) ;
#850 = CARTESIAN_POINT ( 'NONE',  ( 0.4637173182189488485, 0.4793791180929146689, 0.02791801549324952544 ) ) ;
#851 = ORIENTED_EDGE ( 'NONE', *, *, #3677, .F. ) ;
#852 = AXIS2_PLACEMENT_3D ( 'NONE', #1472, #1440, #460 ) ;
#853 = VECTOR ( 'NONE', #1203, 1000.000000000000000 ) ;
#854 = CARTESIAN_POINT ( 'NONE',  ( 0.6246105172581994935, 0.3644553798669347700, 0.06929217018693738239 ) ) ;
#855 = DIRECTION ( 'NONE',  ( -1.000000000000000000, 0.000000000000000000, 0.000000000000000000 ) ) ;
#856 = CARTESIAN_POINT ( 'NONE',  ( -0.3729274960661828064, -0.4055336662471280551, 0.02791801549324952544 ) ) ;
#857 = EDGE_CURVE ( 'NONE', #2303, #4191, #5064, .T. ) ;
#858 = FACE_BOUND ( 'NONE', #2, .T. ) ;
#859 = EDGE_LOOP ( 'NONE', ( #210, #5928 ) ) ;
#860 = AXIS2_PLACEMENT_3D ( 'NONE', #3948, #5417, #4875 ) ;
#861 = ADVANCED_FACE ( 'NONE', ( #3170 ), #1859, .F. ) ;
#862 = DIRECTION ( 'NONE',  ( 0.000000000000000000, -1.000000000000000000, 0.000000000000000000 ) ) ;
#863 = CARTESIAN_POINT ( 'NONE',  ( -0.4372825766225867383, -0.4285184138923239239, -0.1108197995428099880 ) ) ;
#864 = LOCAL_TIME ( 13, 54, 13.00000000000000000, #3158 ) ;
#865 = VERTEX_POINT ( 'NONE', #5999 ) ;
#866 = CARTESIAN_POINT ( 'NONE',  ( 0.5096867790322197056, 0.8402396561224900751, -0.1814163578993224779 ) ) ;
#867 = EDGE_CURVE ( 'NONE', #4665, #2095, #3704, .T. ) ;
#868 = ORIENTED_EDGE ( 'NONE', *, *, #1835, .T. ) ;
#869 = PRODUCT_DEFINITION_SHAPE ( 'NONE', 'NONE',  #4561 ) ;
#870 = VECTOR ( 'NONE', #1063, 1000.000000000000000 ) ;
#871 = LINE ( 'NONE', #2731, #5069 ) ;
#872 = VERTEX_POINT ( 'NONE', #3115 ) ;
#873 = CARTESIAN_POINT ( 'NONE',  ( -0.4292401622740334433, -0.4101306157761677729, -0.2076411822409144625 ) ) ;
#874 = PERSON_AND_ORGANIZATION ( #2066, #1157 ) ;
#875 = ADVANCED_FACE ( 'NONE', ( #4949 ), #369, .F. ) ;
#876 = ORIENTED_EDGE ( 'NONE', *, *, #5953, .F. ) ;
#877 = AXIS2_PLACEMENT_3D ( 'NONE', #2244, #405, #2215 ) ;
#878 = CIRCLE ( 'NONE', #4358, 0.05746186911298988009 ) ;
#879 = LINE ( 'NONE', #905, #1979 ) ;
#880 = ORIENTED_EDGE ( 'NONE', *, *, #3361, .F. ) ;
#881 = PLANE ( 'NONE',  #3257 ) ;
#882 = CARTESIAN_POINT ( 'NONE',  ( 0.4844035910996252192, -0.3940412924245302317, 0.1307747726978752689 ) ) ;
#883 = VERTEX_POINT ( 'NONE', #3678 ) ;
#884 = CARTESIAN_POINT ( 'NONE',  ( -0.4165985165920551014, 0.4793791180929146689, 0.1307747726978751024 ) ) ;
#885 = FACE_BOUND ( 'NONE', #119, .T. ) ;
#886 = CARTESIAN_POINT ( 'NONE',  ( 0.4901624301242284987, -0.4285184138923239239, -0.1077614919117021453 ) ) ;
#887 = PLANE ( 'NONE',  #5891 ) ;
#888 = ORIENTED_EDGE ( 'NONE', *, *, #5576, .T. ) ;
#889 = EDGE_CURVE ( 'NONE', #5137, #5977, #5354, .T. ) ;
#890 = CARTESIAN_POINT ( 'NONE',  ( 0.4200449875624608920, -0.4285184138923239239, -0.07321487414561253515 ) ) ;
#891 = CARTESIAN_POINT ( 'NONE',  ( -0.6246105172581994935, 0.3644553798669347700, -0.02264682039384628351 ) ) ;
#892 = LINE ( 'NONE', #458, #3438 ) ;
#893 = ORIENTED_EDGE ( 'NONE', *, *, #5443, .T. ) ;
#894 = CARTESIAN_POINT ( 'NONE',  ( -0.6246105172581994935, 0.3644553798669347700, -0.02238826546738882303 ) ) ;
#895 = ORIENTED_EDGE ( 'NONE', *, *, #5292, .F. ) ;
#896 = ADVANCED_FACE ( 'NONE', ( #3599, #2264 ), #3227, .F. ) ;
#897 = CARTESIAN_POINT ( 'NONE',  ( 0.5073883387448211435, 0.4563943704477188557, 0.02791801549324953238 ) ) ;
#898 = VECTOR ( 'NONE', #4241, 1000.000000000000000 ) ;
#899 = VERTEX_POINT ( 'NONE', #3651 ) ;
#900 = CARTESIAN_POINT ( 'NONE',  ( -0.4372847894727314721, -0.3940412924245302317, 0.02791801549324952544 ) ) ;
#901 = PERSON_AND_ORGANIZATION_ROLE ( 'classification_officer' ) ;
#902 = VERTEX_POINT ( 'NONE', #854 ) ;
#903 = CIRCLE ( 'NONE', #5940, 0.04367102052587229499 ) ;
#904 = EDGE_CURVE ( 'NONE', #5377, #1144, #2322, .T. ) ;
#905 = CARTESIAN_POINT ( 'NONE',  ( 0.3625843941029654460, -0.9000000000000000222, -0.1829431935585881797 ) ) ;
#906 = VERTEX_POINT ( 'NONE', #4104 ) ;
#907 = CARTESIAN_POINT ( 'NONE',  ( 0.6246105172581994935, 0.4449019966251209213, 0.1945919015500139904 ) ) ;
#908 = DIRECTION ( 'NONE',  ( 0.000000000000000000, 1.000000000000000000, 0.000000000000000000 ) ) ;
#909 = EDGE_LOOP ( 'NONE', ( #5845, #4922, #3724, #4257, #559, #5968 ) ) ;
#910 = DIRECTION ( 'NONE',  ( 0.000000000000000000, -0.4856406976879716897, 0.8741585169459484828 ) ) ;
#911 = CARTESIAN_POINT ( 'NONE',  ( -0.4165998267226706520, -0.4055336662471280551, -0.07321487414561253515 ) ) ;
#912 = CARTESIAN_POINT ( 'NONE',  ( 0.4707996712008542528, -0.4285184138923239239, -0.1143270087967830501 ) ) ;
#913 = CARTESIAN_POINT ( 'NONE',  ( -0.5096867790322197056, -0.1917755131468061036, -0.2076411822409144625 ) ) ;
#914 = ADVANCED_FACE ( 'NONE', ( #4547 ), #4130, .F. ) ;
#915 = ORIENTED_EDGE ( 'NONE', *, *, #5632, .T. ) ;
#916 = AXIS2_PLACEMENT_3D ( 'NONE', #99, #3248, #4622 ) ;
#917 = FACE_BOUND ( 'NONE', #5132, .T. ) ;
#918 = CARTESIAN_POINT ( 'NONE',  ( 0.4912161342690410382, -0.8658515932233424861, -0.2093534367280855124 ) ) ;
#919 = DIRECTION ( 'NONE',  ( -1.000000000000000000, 0.000000000000000000, 0.000000000000000000 ) ) ;
#920 = EDGE_LOOP ( 'NONE', ( #5798, #4654, #3885, #4231, #5946, #3609 ) ) ;
#921 = LINE ( 'NONE', #60, #5397 ) ;
#922 = AXIS2_PLACEMENT_3D ( 'NONE', #2203, #5917, #5887 ) ;
#923 = VERTEX_POINT ( 'NONE', #1343 ) ;
#924 = ADVANCED_FACE ( 'NONE', ( #5034 ), #826, .F. ) ;
#925 = CARTESIAN_POINT ( 'NONE',  ( 0.4844035910996252192, 0.4334096228025230979, 0.1307747726978751024 ) ) ;
#926 = CARTESIAN_POINT ( 'NONE',  ( 0.4776197626873304181, 0.4811604284126294595, -0.1159455959559061028 ) ) ;
#927 = EDGE_LOOP ( 'NONE', ( #4473, #2779, #4913, #3662 ) ) ;
#928 = CARTESIAN_POINT ( 'NONE',  ( -0.4165985165920551014, -0.4285184138923239239, 0.1307747726978751024 ) ) ;
#929 = VERTEX_POINT ( 'NONE', #425 ) ;
#930 = ADVANCED_FACE ( 'NONE', ( #5892 ), #2294, .T. ) ;
#931 = EDGE_CURVE ( 'NONE', #5174, #3328, #2663, .T. ) ;
#932 = PLANE ( 'NONE',  #18 ) ;
#933 = VERTEX_POINT ( 'NONE', #2690 ) ;
#934 = CARTESIAN_POINT ( 'NONE',  ( -0.6246105172581994935, 0.3702015667782341257, -0.02264682039384628351 ) ) ;
#935 = CARTESIAN_POINT ( 'NONE',  ( 0.02355896410324203813, -0.4055336662471280551, 0.02849263801516691702 ) ) ;
#936 = ORIENTED_EDGE ( 'NONE', *, *, #5241, .F. ) ;
#937 = EDGE_CURVE ( 'NONE', #649, #4782, #3830, .T. ) ;
#938 = CIRCLE ( 'NONE', #3086, 0.02068627288067634643 ) ;
#939 = CARTESIAN_POINT ( 'NONE',  ( 0.6246105172581994935, 0.8247217346575649310, -0.2248797429748115584 ) ) ;
#940 = DIRECTION ( 'NONE',  ( 0.000000000000000000, -2.800000000000000139E-16, -1.000000000000000000 ) ) ;
#941 = ORIENTED_EDGE ( 'NONE', *, *, #4709, .T. ) ;
#942 = CARTESIAN_POINT ( 'NONE',  ( 0.4856802902652032627, -0.4285184138923239239, -0.1102558973115632390 ) ) ;
#943 = CIRCLE ( 'NONE', #2320, 0.04367102052587229499 ) ;
#944 = CARTESIAN_POINT ( 'NONE',  ( 0.5072000759776826850, -0.9000000000000000222, -0.2285749410535072579 ) ) ;
#945 = EDGE_CURVE ( 'NONE', #2284, #5377, #4285, .T. ) ;
#946 = ORIENTED_EDGE ( 'NONE', *, *, #3, .F. ) ;
#947 = VECTOR ( 'NONE', #2482, 1000.000000000000000 ) ;
#948 = DIRECTION ( 'NONE',  ( 0.000000000000000000, -1.640000000000000025E-15, -1.000000000000000000 ) ) ;
#949 = CIRCLE ( 'NONE', #4339, 0.02068627288067634643 ) ;
#950 = FACE_OUTER_BOUND ( 'NONE', #5916, .T. ) ;
#951 = CYLINDRICAL_SURFACE ( 'NONE', #5263, 0.05516339434847022244 ) ;
#952 = ORIENTED_EDGE ( 'NONE', *, *, #5673, .F. ) ;
#953 = LINE ( 'NONE', #3747, #1143 ) ;
#954 = ORIENTED_EDGE ( 'NONE', *, *, #5938, .T. ) ;
#955 = AXIS2_PLACEMENT_3D ( 'NONE', #173, #4237, #4209 ) ;
#956 = CARTESIAN_POINT ( 'NONE',  ( -0.3855691417481612593, 0.7735838994437965743, -0.1731640607731207704 ) ) ;
#957 = DIRECTION ( 'NONE',  ( 0.000000000000000000, 1.000000000000000000, 0.000000000000000000 ) ) ;
#958 = VERTEX_POINT ( 'NONE', #2858 ) ;
#959 = CARTESIAN_POINT ( 'NONE',  ( -0.6246105172581994935, 0.4334096228025230979, 0.1669773476790199773 ) ) ;
#960 = VERTEX_POINT ( 'NONE', #2469 ) ;
#961 = CIRCLE ( 'NONE', #1750, 0.02068627288067634643 ) ;
#962 = EDGE_CURVE ( 'NONE', #1033, #1253, #1403, .T. ) ;
#963 = CARTESIAN_POINT ( 'NONE',  ( -0.3855691417481612593, 0.8402396561224900751, -0.2248797429748115584 ) ) ;
#964 = ORIENTED_EDGE ( 'NONE', *, *, #2701, .T. ) ;
#965 = CARTESIAN_POINT ( 'NONE',  ( 0.4491432190181312567, 0.4563943704477188557, -0.08789668957863107368 ) ) ;
#966 = CARTESIAN_POINT ( 'NONE',  ( 0.4912161342690410382, -0.8658515932233424861, -0.2093534367280855124 ) ) ;
#967 = ORIENTED_EDGE ( 'NONE', *, *, #4517, .T. ) ;
#968 = CIRCLE ( 'NONE', #3118, 0.04367102052587229499 ) ;
#969 = ADVANCED_FACE ( 'NONE', ( #1520 ), #3286, .F. ) ;
#970 = CC_DESIGN_PERSON_AND_ORGANIZATION_ASSIGNMENT ( #3726, #5082, ( #4561 ) ) ;
#971 = DIRECTION ( 'NONE',  ( -1.000000000000000000, 0.000000000000000000, 0.000000000000000000 ) ) ;
#972 = LINE ( 'NONE', #400, #741 ) ;
#973 = ORIENTED_EDGE ( 'NONE', *, *, #1622, .T. ) ;
#974 = CARTESIAN_POINT ( 'NONE',  ( 0.4519414022932520258, -0.4285184138923239239, -0.1135998518404669061 ) ) ;
#975 = CIRCLE ( 'NONE', #295, 0.03447712146779387254 ) ;
#976 = CARTESIAN_POINT ( 'NONE',  ( -0.6246105172581994935, 0.4793791180929146689, 0.1252887381529950439 ) ) ;
#977 = ORIENTED_EDGE ( 'NONE', *, *, #300, .T. ) ;
#978 = EDGE_CURVE ( 'NONE', #5389, #337, #4211, .T. ) ;
#979 = CARTESIAN_POINT ( 'NONE',  ( 0.6246105172581994935, 0.8247217346575649310, -0.2248797429748115584 ) ) ;
#980 = CARTESIAN_POINT ( 'NONE',  ( -0.4292401622740334433, -0.4101306157761677729, -0.1731640607731207704 ) ) ;
#981 = CARTESIAN_POINT ( 'NONE',  ( -0.3963646054637505189, 0.4801265902957067011, -0.1129878178800618610 ) ) ;
#982 = ORIENTED_EDGE ( 'NONE', *, *, #554, .F. ) ;
#983 = LINE ( 'NONE', #2417, #3475 ) ;
#984 = ORIENTED_EDGE ( 'NONE', *, *, #240, .F. ) ;
#985 = DIRECTION ( 'NONE',  ( 0.000000000000000000, 0.000000000000000000, -1.000000000000000000 ) ) ;
#986 = DIRECTION ( 'NONE',  ( -1.000000000000000000, 0.000000000000000000, 0.000000000000000000 ) ) ;
#987 = ORIENTED_EDGE ( 'NONE', *, *, #3242, .F. ) ;
#988 = CARTESIAN_POINT ( 'NONE',  ( -0.4476279603901904824, 0.8402914752360569617, -0.1846564345957186493 ) ) ;
#989 = ORIENTED_EDGE ( 'NONE', *, *, #4985, .T. ) ;
#990 = VECTOR ( 'NONE', #1130, 1000.000000000000000 ) ;
#991 = CIRCLE ( 'NONE', #4384, 0.04367102052587229499 ) ;
#992 = DIRECTION ( 'NONE',  ( 0.01903446382984339338, -0.4708629485394688619, 0.8820010050331166251 ) ) ;
#993 = VERTEX_POINT ( 'NONE', #2375 ) ;
#994 = PLANE ( 'NONE',  #135 ) ;
#995 = LINE ( 'NONE', #2856, #5117 ) ;
#996 = ORIENTED_EDGE ( 'NONE', *, *, #4156, .F. ) ;
#997 = VECTOR ( 'NONE', #5334, 1000.000000000000000 ) ;
#998 = EDGE_CURVE ( 'NONE', #1749, #4827, #5062, .T. ) ;
#999 = VECTOR ( 'NONE', #3371, 1000.000000000000000 ) ;
#1000 = LINE ( 'NONE', #2404, #1589 ) ;
#1001 = CARTESIAN_POINT ( 'NONE',  ( 0.5073870286142054820, 0.4793791180929146689, -0.07321487414561253515 ) ) ;
#1002 = ORIENTED_EDGE ( 'NONE', *, *, #2532, .T. ) ;
#1003 = CARTESIAN_POINT ( 'NONE',  ( 0.4637173182189488485, 0.4793791180929146689, 0.02791801549324952544 ) ) ;
#1004 = LINE ( 'NONE', #4638, #4723 ) ;
#1005 = VERTEX_POINT ( 'NONE', #537 ) ;
#1006 = EDGE_CURVE ( 'NONE', #1227, #2902, #1480, .T. ) ;
#1007 = AXIS2_PLACEMENT_3D ( 'NONE', #490, #1899, #1381 ) ;
#1008 = CARTESIAN_POINT ( 'NONE',  ( 0.6246105172581994935, 0.4334096228025230979, -0.03528843159870404672 ) ) ;
#1009 = LINE ( 'NONE', #1563, #5008 ) ;
#1010 = CARTESIAN_POINT ( 'NONE',  ( 0.6246105172581994935, 0.4334096228025230979, 0.08193378139179516295 ) ) ;
#1011 = DIRECTION ( 'NONE',  ( 0.000000000000000000, 0.8741585169459485938, 0.4856406976879717452 ) ) ;
#1012 = ORIENTED_EDGE ( 'NONE', *, *, #4710, .F. ) ;
#1013 = DIRECTION ( 'NONE',  ( 9.045676381548923963E-09, 0.5000000605841070644, -0.8660253688061853028 ) ) ;
#1014 = ORIENTED_EDGE ( 'NONE', *, *, #5113, .T. ) ;
#1015 = EDGE_CURVE ( 'NONE', #5654, #4960, #5541, .T. ) ;
#1016 = EDGE_CURVE ( 'NONE', #2827, #4991, #5634, .T. ) ;
#1017 = DIRECTION ( 'NONE',  ( 0.000000000000000000, 1.000000000000000000, 0.000000000000000000 ) ) ;
#1018 = VECTOR ( 'NONE', #3640, 1000.000000000000114 ) ;
#1019 = CARTESIAN_POINT ( 'NONE',  ( -0.6246105172581994935, -0.3250870494889427365, 0.07676221317162604252 ) ) ;
#1020 = ORIENTED_EDGE ( 'NONE', *, *, #5055, .F. ) ;
#1021 = CARTESIAN_POINT ( 'NONE',  ( 0.4571383424689773323, -0.4055336662473585374, -0.09345793522379255980 ) ) ;
#1022 = VERTEX_POINT ( 'NONE', #1950 ) ;
#1023 = ADVANCED_FACE ( 'NONE', ( #2889 ), #600, .F. ) ;
#1024 =( BOUNDED_CURVE ( )  B_SPLINE_CURVE ( 3, ( #4824, #2867, #610, #4701 ),
 .UNSPECIFIED., .F., .T. ) 
 B_SPLINE_CURVE_WITH_KNOTS ( ( 4, 4 ),
 ( 6.115469691304710409, 7.853981085824049302 ),
 .UNSPECIFIED. ) 
 CURVE ( )  GEOMETRIC_REPRESENTATION_ITEM ( )  RATIONAL_B_SPLINE_CURVE ( ( 1.000000000000000000, 0.7635968404648000307, 0.7635968404648000307, 1.000000000000000000 ) ) 
 REPRESENTATION_ITEM ( '' )  );
#1025 = EDGE_CURVE ( 'NONE', #1178, #2316, #2012, .T. ) ;
#1026 = CARTESIAN_POINT ( 'NONE',  ( -0.3947630408062398066, -0.4101306157761677729, -0.2076411822409144625 ) ) ;
#1027 = ORIENTED_EDGE ( 'NONE', *, *, #650, .F. ) ;
#1028 = CARTESIAN_POINT ( 'NONE',  ( -0.3855691417481612593, 0.8402914752360569617, -0.1501793131279247906 ) ) ;
#1029 = DIRECTION ( 'NONE',  ( -1.000000000000000000, 0.000000000000000000, 0.000000000000000000 ) ) ;
#1030 = ORIENTED_EDGE ( 'NONE', *, *, #3650, .T. ) ;
#1031 = DIRECTION ( 'NONE',  ( -1.000000000000000000, 0.000000000000000000, 0.000000000000000000 ) ) ;
#1032 = CARTESIAN_POINT ( 'NONE',  ( 0.4571383424689773323, -0.4055336662473585374, -0.09345793522379255980 ) ) ;
#1033 = VERTEX_POINT ( 'NONE', #2829 ) ;
#1034 = CARTESIAN_POINT ( 'NONE',  ( 0.6246105172581994935, 0.4449019966251209213, 0.2290690230178078768 ) ) ;
#1035 = DIRECTION ( 'NONE',  ( 1.000000000000000000, 0.000000000000000000, 0.000000000000000000 ) ) ;
#1036 = AXIS2_PLACEMENT_3D ( 'NONE', #247, #5369, #1195 ) ;
#1037 = ORIENTED_EDGE ( 'NONE', *, *, #5167, .F. ) ;
#1038 = AXIS2_PLACEMENT_3D ( 'NONE', #2899, #5645, #3868 ) ;
#1039 = DIRECTION ( 'NONE',  ( -1.000000000000000000, 0.000000000000000000, 9.827188711743682843E-15 ) ) ;
#1040 = DIRECTION ( 'NONE',  ( -1.000000000000000000, 0.000000000000000000, 0.000000000000000000 ) ) ;
#1041 = EDGE_CURVE ( 'NONE', #5288, #253, #1097, .T. ) ;
#1042 = CARTESIAN_POINT ( 'NONE',  ( -0.4048520632800974850, 0.4793791180929146689, -0.1136043072444841151 ) ) ;
#1043 = LINE ( 'NONE', #3469, #612 ) ;
#1044 = ORIENTED_EDGE ( 'NONE', *, *, #2944, .F. ) ;
#1045 = CARTESIAN_POINT ( 'NONE',  ( 0.4637173182189488485, 0.4563943704477188557, 0.1307747726978751024 ) ) ;
#1046 = ORIENTED_EDGE ( 'NONE', *, *, #4773, .F. ) ;
#1047 = AXIS2_PLACEMENT_3D ( 'NONE', #435, #2304, #4141 ) ;
#1048 = CARTESIAN_POINT ( 'NONE',  ( -0.3906806002565192393, -0.4285184138923239239, -0.1090193855032308562 ) ) ;
#1049 = CARTESIAN_POINT ( 'NONE',  ( -0.4165998267224402807, 0.4823384189448590709, -0.1180069949234320154 ) ) ;
#1050 = ORIENTED_EDGE ( 'NONE', *, *, #931, .F. ) ;
#1051 = DIRECTION ( 'NONE',  ( 0.000000000000000000, -1.000000000000000000, 0.000000000000000000 ) ) ;
#1052 = ORIENTED_EDGE ( 'NONE', *, *, #5374, .T. ) ;
#1053 = CARTESIAN_POINT ( 'NONE',  ( 0.4476279603901904824, 0.8701198280612457703, -0.1961488084183167502 ) ) ;
#1055 = EDGE_CURVE ( 'NONE', #1967, #3231, #4301, .T. ) ;
#1054 = DIRECTION ( 'NONE',  ( 0.000000000000000000, 0.000000000000000000, -1.000000000000000000 ) ) ;
#1056 = LINE ( 'NONE', #963, #5449 ) ;
#1057 = ORIENTED_EDGE ( 'NONE', *, *, #823, .T. ) ;
#1058 = CARTESIAN_POINT ( 'NONE',  ( 0.6246105172581994935, 0.8287991014134581391, -0.1386869393053268840 ) ) ;
#1059 = FACE_OUTER_BOUND ( 'NONE', #2653, .T. ) ;
#1060 = ORIENTED_EDGE ( 'NONE', *, *, #5113, .F. ) ;
#1061 = AXIS2_PLACEMENT_3D ( 'NONE', #2621, #2561, #4397 ) ;
#1062 = DIRECTION ( 'NONE',  ( 0.000000000000000000, 0.000000000000000000, -1.000000000000000000 ) ) ;
#1063 = DIRECTION ( 'NONE',  ( 0.000000000000000000, 1.000000000000000000, 0.000000000000000000 ) ) ;
#1064 = ORIENTED_EDGE ( 'NONE', *, *, #622, .T. ) ;
#1065 = DIRECTION ( 'NONE',  ( 1.000000000000000000, 0.000000000000000000, 0.000000000000000000 ) ) ;
#1066 = DIRECTION ( 'NONE',  ( 0.000000000000000000, 1.000000000000000000, 0.000000000000000000 ) ) ;
#1067 = ORIENTED_EDGE ( 'NONE', *, *, #1025, .F. ) ;
#1068 = VECTOR ( 'NONE', #4986, 1000.000000000000000 ) ;
#1069 = CIRCLE ( 'NONE', #5227, 0.02068627288067634643 ) ;
#1070 = LINE ( 'NONE', #1897, #4624 ) ;
#1071 = CARTESIAN_POINT ( 'NONE',  ( 0.4567857719993261845, -0.4313353546672172856, -0.1177229139596683155 ) ) ;
#1072 = AXIS2_PLACEMENT_3D ( 'NONE', #2441, #3861, #4304 ) ;
#1073 = DIRECTION ( 'NONE',  ( -1.000000000000000000, 0.000000000000000000, 0.000000000000000000 ) ) ;
#1074 = VERTEX_POINT ( 'NONE', #2801 ) ;
#1075 = CARTESIAN_POINT ( 'NONE',  ( -0.5096867790322197056, -0.1917755131468061036, -0.1731640607731207704 ) ) ;
#1076 = ORIENTED_EDGE ( 'NONE', *, *, #2166, .F. ) ;
#1077 = EDGE_CURVE ( 'NONE', #734, #2316, #2926, .T. ) ;
#1078 = FACE_OUTER_BOUND ( 'NONE', #3292, .T. ) ;
#1079 = CARTESIAN_POINT ( 'NONE',  ( 0.4601111248043675550, -0.8471779598099178354, -0.1985722005505679844 ) ) ;
#1080 = ORIENTED_EDGE ( 'NONE', *, *, #3144, .F. ) ;
#1081 = LINE ( 'NONE', #3153, #3381 ) ;
#1082 = ORIENTED_EDGE ( 'NONE', *, *, #3551, .T. ) ;
#1083 = DIRECTION ( 'NONE',  ( -1.000000000000000000, 0.000000000000000000, 0.000000000000000000 ) ) ;
#1084 = DIRECTION ( 'NONE',  ( 0.000000000000000000, -1.000000000000000000, 0.000000000000000000 ) ) ;
#1085 = CARTESIAN_POINT ( 'NONE',  ( 0.4734858014910234281, -0.7809906341717676170, -0.1603589239631235952 ) ) ;
#1086 = ORIENTED_EDGE ( 'NONE', *, *, #4232, .F. ) ;
#1087 = LINE ( 'NONE', #5728, #2865 ) ;
#1088 = FACE_OUTER_BOUND ( 'NONE', #2998, .T. ) ;
#1089 = ORIENTED_EDGE ( 'NONE', *, *, #2060, .T. ) ;
#1090 = AXIS2_PLACEMENT_3D ( 'NONE', #3942, #1513, #4415 ) ;
#1091 = EDGE_CURVE ( 'NONE', #2943, #4542, #3331, .T. ) ;
#1092 = AXIS2_PLACEMENT_3D ( 'NONE', #3099, #2644, #3265 ) ;
#1093 = LINE ( 'NONE', #2955, #997 ) ;
#1094 = DIRECTION ( 'NONE',  ( 0.000000000000000000, 1.000000000000000000, 0.000000000000000000 ) ) ;
#1095 = ORIENTED_EDGE ( 'NONE', *, *, #471, .F. ) ;
#1096 = CARTESIAN_POINT ( 'NONE',  ( 0.4418817734788919038, -0.8356320035742437202, -0.1921578190247667517 ) ) ;
#1097 = CIRCLE ( 'NONE', #17, 0.005746186911298988009 ) ;
#1098 = CARTESIAN_POINT ( 'NONE',  ( 0.3947630408062398066, -0.4446077372439614650, -0.2076411822409144625 ) ) ;
#1099 = ORIENTED_EDGE ( 'NONE', *, *, #215, .F. ) ;
#1100 = CARTESIAN_POINT ( 'NONE',  ( 0.5096867790322197056, -0.1572983916790124115, -0.1731640607731207704 ) ) ;
#1101 = FACE_OUTER_BOUND ( 'NONE', #2636, .T. ) ;
#1102 = CARTESIAN_POINT ( 'NONE',  ( -0.4439925565352351722, 0.4793791180929146689, -0.1071139702175512021 ) ) ;
#1103 = EDGE_CURVE ( 'NONE', #2640, #106, #47, .T. ) ;
#1104 = AXIS2_PLACEMENT_3D ( 'NONE', #5616, #2302, #5072 ) ;
#1105 = CARTESIAN_POINT ( 'NONE',  ( -0.3729274960661828064, 0.4563943704477188557, 0.02791801549324953238 ) ) ;
#1106 = ORIENTED_EDGE ( 'NONE', *, *, #5565, .T. ) ;
#1107 = CARTESIAN_POINT ( 'NONE',  ( -0.4311726157928267855, -0.4055336662471280551, -0.08789668957863107368 ) ) ;
#1108 = CARTESIAN_POINT ( 'NONE',  ( -0.4025572359184070304, -0.4285184138923239239, -0.1130642719316670430 ) ) ;
#1109 = EDGE_CURVE ( 'NONE', #5663, #2416, #1000, .T. ) ;
#1110 = ORIENTED_EDGE ( 'NONE', *, *, #5608, .T. ) ;
#1111 = CARTESIAN_POINT ( 'NONE',  ( 0.4888795235915915360, -0.8679807298835080509, -0.2105826940055984531 ) ) ;
#1112 = ORIENTED_EDGE ( 'NONE', *, *, #5108, .F. ) ;
#1113 = VECTOR ( 'NONE', #1734, 1000.000000000000114 ) ;
#1114 = CARTESIAN_POINT ( 'NONE',  ( -0.3906806002565192393, -0.4285184138923239239, -0.1090193855032308562 ) ) ;
#1115 = FACE_OUTER_BOUND ( 'NONE', #589, .T. ) ;
#1116 = FACE_OUTER_BOUND ( 'NONE', #5057, .T. ) ;
#1117 = EDGE_CURVE ( 'NONE', #2841, #3135, #4113, .T. ) ;
#1118 = ORIENTED_EDGE ( 'NONE', *, *, #1765, .T. ) ;
#1119 = DIRECTION ( 'NONE',  ( 1.000000000000000000, 0.000000000000000000, 0.000000000000000000 ) ) ;
#1120 = FACE_OUTER_BOUND ( 'NONE', #4295, .T. ) ;
#1121 = ORIENTED_EDGE ( 'NONE', *, *, #28, .F. ) ;
#1122 = CIRCLE ( 'NONE', #2687, 0.02068627288067634643 ) ;
#1123 = B_SPLINE_CURVE_WITH_KNOTS ( 'NONE', 7,
 ( #4862, #255, #2123, #162, #1509, #5750, #586, #2452, #1601, #5258, #3875, #1539, #4287, #131, #5718, #2000, #3394, #3453, #5229, #1108, #2970, #2486, #4803, #2515, #4349, #1237, #1672, #2245, #3969, #5350, #3606, #3093, #4002, #350, #2155, #3123, #2188, #863, #2639, #737, #3517, #3151, #5844, #1699, #2606, #4556, #2696, #772, #4085, #3634 ),
 .UNSPECIFIED., .F., .F.,
 ( 8, 6, 6, 6, 6, 6, 6, 6, 8 ),
 ( 0.000000000000000000, 0.1167675427080000078, 0.1929313557910000143, 0.2514440358189999891, 0.4998184714289999886, 0.7492738220230000801, 0.8077902001979999635, 0.8839695801479999782, 1.000000000000000000 ),
 .UNSPECIFIED. ) ;
#1124 = DIRECTION ( 'NONE',  ( 0.000000000000000000, -1.000000000000000000, 0.000000000000000000 ) ) ;
#1125 = CARTESIAN_POINT ( 'NONE',  ( 0.4541295004079165532, -0.4055336662468985720, -0.09205445074299173358 ) ) ;
#1126 = VERTEX_POINT ( 'NONE', #4331 ) ;
#1127 = EDGE_CURVE ( 'NONE', #3260, #3566, #1496, .T. ) ;
#1128 = CARTESIAN_POINT ( 'NONE',  ( 0.4734858014910363067, -0.8498639728996180143, -0.1665401200595445497 ) ) ;
#1129 = CARTESIAN_POINT ( 'NONE',  ( -0.4311726157928267855, 0.4563943704477188557, -0.08789668957863107368 ) ) ;
#1130 = DIRECTION ( 'NONE',  ( 1.000000000000000000, 0.000000000000000000, 0.000000000000000000 ) ) ;
#1131 = DIRECTION ( 'NONE',  ( 0.000000000000000000, -0.4856406976879716897, 0.8741585169459484828 ) ) ;
#1132 = CARTESIAN_POINT ( 'NONE',  ( 0.4637173182189488485, 0.4334096228025230979, 0.02791801549324952544 ) ) ;
#1133 = AXIS2_PLACEMENT_3D ( 'NONE', #3574, #3146, #4983 ) ;
#1134 = ADVANCED_FACE ( 'NONE', ( #2045 ), #5764, .T. ) ;
#1135 = CARTESIAN_POINT ( 'NONE',  ( -0.4118693758205120847, 0.4793791180929146689, -0.1145280462037552849 ) ) ;
#1136 = LINE ( 'NONE', #5315, #1911 ) ;
#1137 = EDGE_LOOP ( 'NONE', ( #5322, #1050, #303, #3004 ) ) ;
#1138 = VECTOR ( 'NONE', #212, 1000.000000000000000 ) ;
#1139 = CARTESIAN_POINT ( 'NONE',  ( -0.4132536236100053384, -0.4055336662472432963, -0.09432545575152850859 ) ) ;
#1140 = CARTESIAN_POINT ( 'NONE',  ( -0.4096695906343187921, 0.4821960588684964799, -0.1177229139595074026 ) ) ;
#1141 = ORIENTED_EDGE ( 'NONE', *, *, #5681, .F. ) ;
#1142 = CARTESIAN_POINT ( 'NONE',  ( -0.6246105172581994935, 0.2376903473569263181, -0.03528843159870404672 ) ) ;
#1143 = VECTOR ( 'NONE', #4222, 1000.000000000000000 ) ;
#1144 = VERTEX_POINT ( 'NONE', #241 ) ;
#1145 = VECTOR ( 'NONE', #3709, 999.9999999999998863 ) ;
#1146 = FACE_BOUND ( 'NONE', #4893, .T. ) ;
#1147 = DIRECTION ( 'NONE',  ( 0.000000000000000000, 0.000000000000000000, 1.000000000000000000 ) ) ;
#1148 = CARTESIAN_POINT ( 'NONE',  ( -0.5671486481452092665, 0.8402396561224900751, -0.1898575609534919606 ) ) ;
#1149 = EDGE_LOOP ( 'NONE', ( #629, #2699, #2214, #1012 ) ) ;
#1150 = DIRECTION ( 'NONE',  ( 0.000000000000000000, 1.000000000000000000, -2.800000000000000139E-16 ) ) ;
#1151 = FACE_OUTER_BOUND ( 'NONE', #2817, .T. ) ;
#1152 = ORIENTED_EDGE ( 'NONE', *, *, #4625, .F. ) ;
#1153 = EDGE_CURVE ( 'NONE', #5351, #227, #991, .T. ) ;
#1154 = PRODUCT ( '007589', '007589', '', ( #3587 ) ) ;
#1155 = CARTESIAN_POINT ( 'NONE',  ( 0.5096867790322197056, 0.8408644111021967849, -0.1974963327533974522 ) ) ;
#1156 = DIRECTION ( 'NONE',  ( -1.000000000000000000, 0.000000000000000000, 9.930632803446247427E-15 ) ) ;
#1157 = ORGANIZATION ( '未', '未', '' ) ;
#1158 = VERTEX_POINT ( 'NONE', #4364 ) ;
#1159 = CARTESIAN_POINT ( 'NONE',  ( 0.4734858014910359181, -0.8357378691163013240, -0.1919672599023046766 ) ) ;
#1160 = DIRECTION ( 'NONE',  ( 1.000000000000000000, 0.000000000000000000, 0.000000000000000000 ) ) ;
#1161 = EDGE_CURVE ( 'NONE', #1180, #132, #1778, .T. ) ;
#1162 = LINE ( 'NONE', #4851, #55 ) ;
#1163 = VERTEX_POINT ( 'NONE', #2498 ) ;
#1164 = ADVANCED_FACE ( 'NONE', ( #4816 ), #4908, .F. ) ;
#1165 = CIRCLE ( 'NONE', #4452, 0.04367102052587229499 ) ;
#1166 = APPROVAL ( #1817, '未' ) ;
#1167 = EDGE_CURVE ( 'NONE', #4699, #1847, #2528, .T. ) ;
#1168 = CARTESIAN_POINT ( 'NONE',  ( -0.4473646036486199074, -0.4285184138923239239, -0.1042098178375330253 ) ) ;
#1169 = PLANE ( 'NONE',  #2221 ) ;
#1170 = CARTESIAN_POINT ( 'NONE',  ( -0.4306788978290333469, 0.4793791180929146689, -0.1130558865432532006 ) ) ;
#1171 = CIRCLE ( 'NONE', #2820, 0.01149237382259794826 ) ;
#1172 = CARTESIAN_POINT ( 'NONE',  ( -0.4602695371179273964, -0.4285184138923239239, 0.02791801549324953238 ) ) ;
#1173 = EDGE_LOOP ( 'NONE', ( #4238, #142 ) ) ;
#1174 = EDGE_CURVE ( 'NONE', #389, #3607, #2847, .T. ) ;
#1175 = VECTOR ( 'NONE', #3200, 1000.000000000000000 ) ;
#1176 = LINE ( 'NONE', #5286, #5610 ) ;
#1177 = DIRECTION ( 'NONE',  ( 0.000000000000000000, -0.4856406976879716897, 0.8741585169459484828 ) ) ;
#1178 = VERTEX_POINT ( 'NONE', #1616 ) ;
#1179 = CARTESIAN_POINT ( 'NONE',  ( -0.4372847894727314721, 0.4793791180929146689, 0.02791801549324952544 ) ) ;
#1180 = VERTEX_POINT ( 'NONE', #2620 ) ;
#1181 = DIRECTION ( 'NONE',  ( 0.000000000000000000, -1.000000000000000000, 0.000000000000000000 ) ) ;
#1182 = CARTESIAN_POINT ( 'NONE',  ( 0.4844035910996252192, -0.4055336662471280551, 0.1307747726978752689 ) ) ;
#1183 = FACE_OUTER_BOUND ( 'NONE', #3811, .T. ) ;
#1184 = ORIENTED_EDGE ( 'NONE', *, *, #750, .F. ) ;
#1185 = DIRECTION ( 'NONE',  ( 0.000000000000000000, 1.000000000000000000, 0.000000000000000000 ) ) ;
#1186 = LINE ( 'NONE', #205, #3391 ) ;
#1187 = ORIENTED_EDGE ( 'NONE', *, *, #5440, .F. ) ;
#1188 = CARTESIAN_POINT ( 'NONE',  ( 0.3947630408062398066, -0.1917755131468061036, -0.1731640607731207704 ) ) ;
#1189 = CARTESIAN_POINT ( 'NONE',  ( 0.4831653079557414188, -0.8773335005821920607, -0.2159825171646862774 ) ) ;
#1190 = ORIENTED_EDGE ( 'NONE', *, *, #2862, .T. ) ;
#1191 = CARTESIAN_POINT ( 'NONE',  ( -0.4311726157928267855, 0.4563943704477188557, -0.08789668957863107368 ) ) ;
#1192 = FACE_BOUND ( 'NONE', #3696, .T. ) ;
#1193 = ORIENTED_EDGE ( 'NONE', *, *, #2159, .T. ) ;
#1194 = EDGE_CURVE ( 'NONE', #872, #4715, #5732, .T. ) ;
#1195 = DIRECTION ( 'NONE',  ( 0.000000000000000000, -1.000000000000000000, 0.000000000000000000 ) ) ;
#1196 = CARTESIAN_POINT ( 'NONE',  ( 0.4944807850143176919, 0.4793791180929146689, -0.1042098178375330253 ) ) ;
#1197 = EDGE_CURVE ( 'NONE', #5481, #3209, #660, .T. ) ;
#1198 = FACE_OUTER_BOUND ( 'NONE', #5230, .T. ) ;
#1199 = DIRECTION ( 'NONE',  ( 1.000000000000000000, 0.000000000000000000, 0.000000000000000000 ) ) ;
#1200 = VECTOR ( 'NONE', #1317, 1000.000000000000000 ) ;
#1201 = DIRECTION ( 'NONE',  ( -1.000000000000000000, 0.000000000000000000, 0.000000000000000000 ) ) ;
#1202 = ADVANCED_FACE ( 'NONE', ( #4396 ), #1585, .T. ) ;
#1203 = DIRECTION ( 'NONE',  ( -1.000000000000000000, 0.000000000000000000, 0.000000000000000000 ) ) ;
#1204 = ORIENTED_EDGE ( 'NONE', *, *, #433, .F. ) ;
#1205 = VECTOR ( 'NONE', #721, 1000.000000000000000 ) ;
#1206 = CIRCLE ( 'NONE', #4770, 0.03447712146779387254 ) ;
#1207 = CARTESIAN_POINT ( 'NONE',  ( 0.4831456765166340928, -0.8773952327700090814, -0.2160168126183693027 ) ) ;
#1208 = CARTESIAN_POINT ( 'NONE',  ( 0.4637160080883331870, 0.4334096228025230979, -0.07321487414561253515 ) ) ;
#1209 = ORIENTED_EDGE ( 'NONE', *, *, #1605, .F. ) ;
#1210 = CARTESIAN_POINT ( 'NONE',  ( 0.4844035910996252192, 0.4334096228025230979, 0.02791801549324953585 ) ) ;
#1211 = EDGE_CURVE ( 'NONE', #4715, #503, #631, .T. ) ;
#1212 = ADVANCED_FACE ( 'NONE', ( #2108 ), #3530, .F. ) ;
#1213 = ORIENTED_EDGE ( 'NONE', *, *, #5690, .F. ) ;
#1214 = CARTESIAN_POINT ( 'NONE',  ( 0.3625843941029654460, -0.8669507449049369541, -0.1754837656101592425 ) ) ;
#1215 = CYLINDRICAL_SURFACE ( 'NONE', #5648, 0.03447712146779387254 ) ;
#1216 = ORIENTED_EDGE ( 'NONE', *, *, #5342, .F. ) ;
#1217 = LINE ( 'NONE', #4418, #1508 ) ;
#1218 = CYLINDRICAL_SURFACE ( 'NONE', #1544, 0.02068627288067634643 ) ;
#1219 = EDGE_CURVE ( 'NONE', #4565, #3219, #1093, .T. ) ;
#1220 = ORIENTED_EDGE ( 'NONE', *, *, #1286, .F. ) ;
#1221 = PLANE ( 'NONE',  #4576 ) ;
#1222 = DIRECTION ( 'NONE',  ( -1.000000000000000000, 0.000000000000000000, 9.853049734669323200E-15 ) ) ;
#1223 = ORIENTED_EDGE ( 'NONE', *, *, #2870, .F. ) ;
#1224 = CARTESIAN_POINT ( 'NONE',  ( -0.4231774923423596291, 0.4563943704476837726, -0.09345793522390738461 ) ) ;
#1225 = CARTESIAN_POINT ( 'NONE',  ( -0.4165998267226706520, -0.3940412924245302317, -0.07321487414561253515 ) ) ;
#1226 = VECTOR ( 'NONE', #3586, 1000.000000000000000 ) ;
#1227 = VERTEX_POINT ( 'NONE', #4787 ) ;
#1228 = DIRECTION ( 'NONE',  ( 0.000000000000000000, 1.000000000000000000, 0.000000000000000000 ) ) ;
#1229 = CARTESIAN_POINT ( 'NONE',  ( 0.4637160080883331870, 0.4793791180929146689, -0.07321487414561253515 ) ) ;
#1230 = DIRECTION ( 'NONE',  ( 0.000000000000000000, 1.000000000000000000, -2.200000000000000003E-16 ) ) ;
#1231 = DIRECTION ( 'NONE',  ( -1.000000000000000000, 0.000000000000000000, 0.000000000000000000 ) ) ;
#1232 = CARTESIAN_POINT ( 'NONE',  ( -0.3959613923743331987, 0.4793791180929146689, -0.1108385730497116750 ) ) ;
#1233 = CARTESIAN_POINT ( 'NONE',  ( 0.6246105172581994935, 0.3656046172491944635, 0.06584445804015801040 ) ) ;
#1234 = ORIENTED_EDGE ( 'NONE', *, *, #4702, .T. ) ;
#1235 = EDGE_CURVE ( 'NONE', #3481, #993, #3535, .T. ) ;
#1236 = CARTESIAN_POINT ( 'NONE',  ( 0.4889268669111667687, -0.8679323404479577508, -0.2105545879231827400 ) ) ;
#1237 = CARTESIAN_POINT ( 'NONE',  ( -0.4189574245336586955, -0.4285184138923239239, -0.1146296875948727284 ) ) ;
#1238 = EDGE_LOOP ( 'NONE', ( #1634, #5393, #5424, #1490 ) ) ;
#1239 = DIRECTION ( 'NONE',  ( -1.000000000000000000, 0.000000000000000000, 0.000000000000000000 ) ) ;
#1240 = ORIENTED_EDGE ( 'NONE', *, *, #2532, .F. ) ;
#1241 = CIRCLE ( 'NONE', #1526, 0.005746186911298974132 ) ;
#1242 = EDGE_CURVE ( 'NONE', #2667, #1033, #1650, .T. ) ;
#1243 = CARTESIAN_POINT ( 'NONE',  ( -0.3729288061967983570, 0.4793791180929146689, -0.07321487414561253515 ) ) ;
#1244 = DIRECTION ( 'NONE',  ( -1.000000000000000000, 0.000000000000000000, 0.000000000000000000 ) ) ;
#1245 = VERTEX_POINT ( 'NONE', #270 ) ;
#1246 = CARTESIAN_POINT ( 'NONE',  ( 0.5901333957904049132, -0.9000000000000000222, -0.2290690230178078768 ) ) ;
#1247 = ORIENTED_EDGE ( 'NONE', *, *, #3527, .F. ) ;
#1248 = AXIS2_PLACEMENT_3D ( 'NONE', #619, #4289, #4382 ) ;
#1249 = ADVANCED_FACE ( 'NONE', ( #5827 ), #1221, .F. ) ;
#1250 = AXIS2_PLACEMENT_3D ( 'NONE', #2382, #56, #3352 ) ;
#1251 = CARTESIAN_POINT ( 'NONE',  ( 0.4863338935614359149, 0.4793791180929146689, -0.1099421402316922841 ) ) ;
#1252 = CARTESIAN_POINT ( 'NONE',  ( 0.5073883387448211435, 0.4793791180929146689, 0.1307747726978751024 ) ) ;
#1253 = VERTEX_POINT ( 'NONE', #5056 ) ;
#1254 = LINE ( 'NONE', #2901, #4490 ) ;
#1255 = DIRECTION ( 'NONE',  ( -1.000000000000000000, 0.000000000000000000, 0.000000000000000000 ) ) ;
#1256 = EDGE_LOOP ( 'NONE', ( #727, #5177, #2573, #5185 ) ) ;
#1257 = CYLINDRICAL_SURFACE ( 'NONE', #3421, 0.04367102052587229499 ) ;
#1258 = AXIS2_PLACEMENT_3D ( 'NONE', #1857, #5456, #3702 ) ;
#1259 = CARTESIAN_POINT ( 'NONE',  ( 0.6246105172581994935, 0.4334096228025230979, -0.03528843159870404672 ) ) ;
#1260 = CARTESIAN_POINT ( 'NONE',  ( -0.6246105172581994935, 0.3656046172491944635, -0.03528843159870404672 ) ) ;
#1261 = CARTESIAN_POINT ( 'NONE',  ( -0.3976670338109486447, 0.4793791180929146689, -0.1115142800412882579 ) ) ;
#1262 = DIRECTION ( 'NONE',  ( 1.000000000000000000, 0.000000000000000000, 0.000000000000000000 ) ) ;
#1263 = ORIENTED_EDGE ( 'NONE', *, *, #5897, .F. ) ;
#1264 = CIRCLE ( 'NONE', #413, 0.01896241680728657369 ) ;
#1265 = AXIS2_PLACEMENT_3D ( 'NONE', #5006, #5150, #1489 ) ;
#1266 = DIRECTION ( 'NONE',  ( 0.000000000000000000, 0.000000000000000000, 1.000000000000000000 ) ) ;
#1267 = PLANE ( 'NONE',  #2088 ) ;
#1268 = ORIENTED_EDGE ( 'NONE', *, *, #3278, .T. ) ;
#1269 = DIRECTION ( 'NONE',  ( -1.000000000000000000, 0.000000000000000000, 0.000000000000000000 ) ) ;
#1270 = ORIENTED_EDGE ( 'NONE', *, *, #2722, .T. ) ;
#1271 = EDGE_CURVE ( 'NONE', #4352, #493, #1785, .T. ) ;
#1272 = CIRCLE ( 'NONE', #4643, 0.04367102052587229499 ) ;
#1273 = EDGE_CURVE ( 'NONE', #4425, #1749, #2286, .T. ) ;
#1274 = CARTESIAN_POINT ( 'NONE',  ( 0.5084104841432189881, -0.8591428532454300493, -0.2054801449873188135 ) ) ;
#1275 = VECTOR ( 'NONE', #5432, 999.9999999999998863 ) ;
#1276 = ORIENTED_EDGE ( 'NONE', *, *, #354, .F. ) ;
#1277 = LINE ( 'NONE', #4534, #3734 ) ;
#1278 = DIRECTION ( 'NONE',  ( 0.000000000000000000, 0.000000000000000000, -1.000000000000000000 ) ) ;
#1279 = ORIENTED_EDGE ( 'NONE', *, *, #3144, .T. ) ;
#1280 = CARTESIAN_POINT ( 'NONE',  ( 0.4936854233199437503, 0.4793791180929146689, -0.1049992732192339684 ) ) ;
#1281 = DIRECTION ( 'NONE',  ( 0.000000000000000000, 1.000000000000000000, -2.200000000000000003E-16 ) ) ;
#1282 = ORIENTED_EDGE ( 'NONE', *, *, #742, .F. ) ;
#1283 = DIRECTION ( 'NONE',  ( 0.000000000000000000, 1.000000000000000000, 0.000000000000000000 ) ) ;
#1284 = LINE ( 'NONE', #4975, #3309 ) ;
#1285 = ORIENTED_EDGE ( 'NONE', *, *, #1568, .F. ) ;
#1286 = EDGE_CURVE ( 'NONE', #1253, #4602, #879, .T. ) ;
#1287 = EDGE_CURVE ( 'NONE', #3215, #127, #54, .T. ) ;
#1288 = DIRECTION ( 'NONE',  ( 0.000000000000000000, 1.000000000000000000, -2.800000000000000139E-16 ) ) ;
#1289 = LINE ( 'NONE', #4950, #2600 ) ;
#1290 = DIRECTION ( 'NONE',  ( -1.000000000000000000, 0.000000000000000000, 1.049999999999999904E-15 ) ) ;
#1291 = DIRECTION ( 'NONE',  ( 0.000000000000000000, 1.000000000000000000, 0.000000000000000000 ) ) ;
#1292 = ORIENTED_EDGE ( 'NONE', *, *, #3615, .F. ) ;
#1293 = CIRCLE ( 'NONE', #1383, 0.05746186911298988009 ) ;
#1294 = AXIS2_PLACEMENT_3D ( 'NONE', #1983, #4185, #3439 ) ;
#1295 = CIRCLE ( 'NONE', #5939, 0.04367102052587229499 ) ;
#1296 = DIRECTION ( 'NONE',  ( 1.000000000000000000, 0.000000000000000000, 0.000000000000000000 ) ) ;
#1297 = FACE_OUTER_BOUND ( 'NONE', #5533, .T. ) ;
#1298 = ORIENTED_EDGE ( 'NONE', *, *, #4554, .F. ) ;
#1299 = DIRECTION ( 'NONE',  ( 0.000000000000000000, 1.000000000000000000, 0.000000000000000000 ) ) ;
#1300 = EDGE_LOOP ( 'NONE', ( #830, #1382, #2892, #2103 ) ) ;
#1301 = CIRCLE ( 'NONE', #4676, 0.04367102052587229499 ) ;
#1302 = EDGE_CURVE ( 'NONE', #2943, #437, #4970, .T. ) ;
#1303 = CARTESIAN_POINT ( 'NONE',  ( 0.5185114861559002586, -0.8598649110679241758, -0.2058970251479986802 ) ) ;
#1304 = ORIENTED_EDGE ( 'NONE', *, *, #4052, .F. ) ;
#1305 = CARTESIAN_POINT ( 'NONE',  ( 0.5096867790322197056, 0.8863157684196035779, -0.2270716007326095409 ) ) ;
#1306 = APPROVAL_DATE_TIME ( #2256, #4127 ) ;
#1307 = ORIENTED_EDGE ( 'NONE', *, *, #1273, .F. ) ;
#1308 = VECTOR ( 'NONE', #3048, 1000.000000000000000 ) ;
#1309 = EDGE_CURVE ( 'NONE', #5101, #4344, #4627, .T. ) ;
#1310 = CARTESIAN_POINT ( 'NONE',  ( 0.4826488010000318796, 0.4793791180929146689, -0.1115142800412882579 ) ) ;
#1311 = EDGE_LOOP ( 'NONE', ( #1761, #2585, #98, #455, #5126, #4325, #53, #2156, #2677, #1675, #1285, #5636, #4736, #3002, #2707, #5963, #5279, #491, #1439, #1355, #2812, #5300, #4958, #713, #1263, #4142, #1706, #1948 ) ) ;
#1312 = CARTESIAN_POINT ( 'NONE',  ( 0.6246105172581994935, -0.3250870494889427365, -0.02264682039384628351 ) ) ;
#1313 = CARTESIAN_POINT ( 'NONE',  ( 0.2554183587246411924, -0.8773335005821920607, -0.2159825171647093145 ) ) ;
#1314 = ORIENTED_EDGE ( 'NONE', *, *, #4034, .F. ) ;
#1315 = EDGE_CURVE ( 'NONE', #1074, #3597, #903, .T. ) ;
#1316 = VECTOR ( 'NONE', #3978, 1000.000000000000000 ) ;
#1317 = DIRECTION ( 'NONE',  ( 0.000000000000000000, -1.000000000000000000, 0.000000000000000000 ) ) ;
#1318 = DIRECTION ( 'NONE',  ( 0.000000000000000000, 1.000000000000000000, -2.200000000000000003E-16 ) ) ;
#1319 = DIRECTION ( 'NONE',  ( 0.000000000000000000, 0.000000000000000000, -1.000000000000000000 ) ) ;
#1320 = PLANE ( 'NONE',  #5482 ) ;
#1321 = ORIENTED_EDGE ( 'NONE', *, *, #1989, .F. ) ;
#1322 = AXIS2_PLACEMENT_3D ( 'NONE', #565, #3795, #5207 ) ;
#1323 = EDGE_CURVE ( 'NONE', #4801, #1700, #563, .T. ) ;
#1324 = DIRECTION ( 'NONE',  ( -1.000000000000000000, 0.000000000000000000, 0.000000000000000000 ) ) ;
#1325 = DIRECTION ( 'NONE',  ( 1.000000000000000000, 0.000000000000000000, 0.000000000000000000 ) ) ;
#1326 = ORIENTED_EDGE ( 'NONE', *, *, #3351, .T. ) ;
#1327 = CARTESIAN_POINT ( 'NONE',  ( -0.4165985165920551014, 0.4793791180929146689, 0.1307747726978751024 ) ) ;
#1328 = VERTEX_POINT ( 'NONE', #1026 ) ;
#1329 = CARTESIAN_POINT ( 'NONE',  ( 0.5139731176667841073, -0.8999999999999999112, -0.2287827668465392816 ) ) ;
#1330 = VERTEX_POINT ( 'NONE', #5627 ) ;
#1331 = AXIS2_PLACEMENT_3D ( 'NONE', #1954, #3472, #2502 ) ;
#1332 = DIRECTION ( 'NONE',  ( 0.000000000000000000, 0.000000000000000000, 1.000000000000000000 ) ) ;
#1333 = VERTEX_POINT ( 'NONE', #3310 ) ;
#1334 = VECTOR ( 'NONE', #2147, 1000.000000000000000 ) ;
#1335 = CARTESIAN_POINT ( 'NONE',  ( 0.4707996712009010487, 0.4793791180929146689, -0.1143270087967830501 ) ) ;
#1336 = ORIENTED_EDGE ( 'NONE', *, *, #5771, .F. ) ;
#1337 = CYLINDRICAL_SURFACE ( 'NONE', #2774, 0.03447712146779387254 ) ;
#1338 = FACE_OUTER_BOUND ( 'NONE', #1455, .T. ) ;
#1339 = VERTEX_POINT ( 'NONE', #12 ) ;
#1340 = VECTOR ( 'NONE', #5231, 1000.000000000000114 ) ;
#1341 = EDGE_CURVE ( 'NONE', #2240, #4129, #2852, .T. ) ;
#1342 = VECTOR ( 'NONE', #3290, 1000.000000000000000 ) ;
#1343 = CARTESIAN_POINT ( 'NONE',  ( -0.5671486481452092665, -0.8008713257444980416, -0.1731640607731207704 ) ) ;
#1344 = CARTESIAN_POINT ( 'NONE',  ( 0.6246105172581994935, 0.4334096228025230979, -0.03528843159870404672 ) ) ;
#1345 = DIRECTION ( 'NONE',  ( 0.000000000000000000, -1.000000000000000000, 0.000000000000000000 ) ) ;
#1346 = CARTESIAN_POINT ( 'NONE',  ( 0.01659352801096128371, -0.6419822244791021371, -0.1386869393053268840 ) ) ;
#1347 = ORIENTED_EDGE ( 'NONE', *, *, #2897, .T. ) ;
#1348 = ADVANCED_FACE ( 'NONE', ( #444, #2398, #5595 ), #4234, .F. ) ;
#1349 = APPROVAL_PERSON_ORGANIZATION ( #2226, #1166, #9 ) ;
#1350 = CARTESIAN_POINT ( 'NONE',  ( 0.2966036128091927848, -0.7997279457992354512, -0.1731640607731207704 ) ) ;
#1351 = CARTESIAN_POINT ( 'NONE',  ( 0.4752096575644259580, -0.4446077372439614650, -0.1731640607731207704 ) ) ;
#1352 = CARTESIAN_POINT ( 'NONE',  ( -0.4305035813214842522, 0.4811604284125601816, -0.1159455959559519966 ) ) ;
#1353 = ORIENTED_EDGE ( 'NONE', *, *, #28, .T. ) ;
#1354 = CYLINDRICAL_SURFACE ( 'NONE', #2222, 0.02068627288067634643 ) ;
#1355 = ORIENTED_EDGE ( 'NONE', *, *, #2906, .F. ) ;
#1356 = EDGE_CURVE ( 'NONE', #3515, #1653, #2341, .T. ) ;
#1357 = B_SPLINE_CURVE_WITH_KNOTS ( 'NONE', 10,
 ( #136, #1114, #168, #4870, #623, #4746, #5657, #4836, #2582, #4321, #3881 ),
 .UNSPECIFIED., .F., .F.,
 ( 11, 11 ),
 ( 7.075291698147999853, 9.889308631237000213 ),
 .UNSPECIFIED. ) ;
#1358 = AXIS2_PLACEMENT_3D ( 'NONE', #5733, #1586, #1156 ) ;
#1359 = CARTESIAN_POINT ( 'NONE',  ( -0.3959135538419943368, 0.4793791180929146689, -0.07321487414561253515 ) ) ;
#1360 = ORIENTED_EDGE ( 'NONE', *, *, #5217, .F. ) ;
#1361 = CARTESIAN_POINT ( 'NONE',  ( 0.4434807868293328958, -0.4292658860948631028, -0.1129878178800962363 ) ) ;
#1362 = PERSON_AND_ORGANIZATION_ROLE ( 'design_supplier' ) ;
#1363 = EDGE_LOOP ( 'NONE', ( #2953, #775, #3089, #806 ) ) ;
#1364 = CIRCLE ( 'NONE', #192, 0.02068627288067634643 ) ;
#1365 = AXIS2_PLACEMENT_3D ( 'NONE', #3145, #5867, #3573 ) ;
#1366 = EDGE_CURVE ( 'NONE', #5197, #3664, #5746, .T. ) ;
#1367 = CARTESIAN_POINT ( 'NONE',  ( 0.6246105172581994935, 0.4449019966251209213, 0.1945919015500139904 ) ) ;
#1368 = ORIENTED_EDGE ( 'NONE', *, *, #4448, .T. ) ;
#1369 = DIRECTION ( 'NONE',  ( 1.000000000000000000, 0.000000000000000000, 0.000000000000000000 ) ) ;
#1370 = DIRECTION ( 'NONE',  ( -1.000000000000000000, 0.000000000000000000, 0.000000000000000000 ) ) ;
#1371 = ORIENTED_EDGE ( 'NONE', *, *, #2737, .F. ) ;
#1372 = CARTESIAN_POINT ( 'NONE',  ( -0.4165985165920551014, -0.4055336662471280551, 0.1307747726978751024 ) ) ;
#1373 = CYLINDRICAL_SURFACE ( 'NONE', #1820, 0.04367102052587229499 ) ;
#1374 = EDGE_CURVE ( 'NONE', #1178, #2595, #1056, .T. ) ;
#1375 = LINE ( 'NONE', #5606, #2340 ) ;
#1376 = CARTESIAN_POINT ( 'NONE',  ( 0.4844022809690095577, 0.4793791180929146689, -0.07321487414561253515 ) ) ;
#1377 = ORIENTED_EDGE ( 'NONE', *, *, #1896, .F. ) ;
#1378 = FACE_OUTER_BOUND ( 'NONE', #3532, .T. ) ;
#1379 = EDGE_CURVE ( 'NONE', #4843, #85, #4672, .T. ) ;
#1380 = CARTESIAN_POINT ( 'NONE',  ( -0.3855691417481612593, 0.8402914752360569617, -0.1616716869505228638 ) ) ;
#1381 = DIRECTION ( 'NONE',  ( 0.000000000000000000, 0.000000000000000000, -1.000000000000000000 ) ) ;
#1382 = ORIENTED_EDGE ( 'NONE', *, *, #3516, .T. ) ;
#1383 = AXIS2_PLACEMENT_3D ( 'NONE', #3915, #5757, #3823 ) ;
#1384 = CARTESIAN_POINT ( 'NONE',  ( 0.5096867790322197056, -0.1572983916790124115, -0.2076411822409144625 ) ) ;
#1385 = ORIENTED_EDGE ( 'NONE', *, *, #3728, .T. ) ;
#1386 = EDGE_CURVE ( 'NONE', #3156, #5453, #2081, .T. ) ;
#1387 = VECTOR ( 'NONE', #3205, 1000.000000000000000 ) ;
#1388 = ADVANCED_FACE ( 'NONE', ( #5085 ), #3339, .T. ) ;
#1389 = DIRECTION ( 'NONE',  ( -0.000000000000000000, 1.000000000000000000, 0.000000000000000000 ) ) ;
#1390 = CARTESIAN_POINT ( 'NONE',  ( -0.5096867790322197056, 0.7735838994437965743, -0.2283274551215908887 ) ) ;
#1391 = VECTOR ( 'NONE', #4724, 1000.000000000000000 ) ;
#1392 = EDGE_LOOP ( 'NONE', ( #1057, #4155, #3364, #3649 ) ) ;
#1393 = FACE_OUTER_BOUND ( 'NONE', #1392, .T. ) ;
#1394 = ORIENTED_EDGE ( 'NONE', *, *, #2925, .F. ) ;
#1395 = AXIS2_PLACEMENT_3D ( 'NONE', #2223, #2252, #4993 ) ;
#1396 = EDGE_CURVE ( 'NONE', #1126, #626, #104, .T. ) ;
#1397 = FACE_OUTER_BOUND ( 'NONE', #1637, .T. ) ;
#1398 = AXIS2_PLACEMENT_3D ( 'NONE', #4911, #4399, #244 ) ;
#1399 = VERTEX_POINT ( 'NONE', #2918 ) ;
#1400 = CARTESIAN_POINT ( 'NONE',  ( 0.4637173182189488485, -0.4285184138923239239, 0.1307747726978751024 ) ) ;
#1401 = PLANE ( 'NONE',  #2235 ) ;
#1402 = ORIENTED_EDGE ( 'NONE', *, *, #667, .T. ) ;
#1403 = LINE ( 'NONE', #1429, #2458 ) ;
#1404 = DIRECTION ( 'NONE',  ( 1.000000000000000000, 0.000000000000000000, 0.000000000000000000 ) ) ;
#1405 = ORIENTED_EDGE ( 'NONE', *, *, #5146, .T. ) ;
#1406 = CARTESIAN_POINT ( 'NONE',  ( 0.4831675996260212380, -0.4285184138923239239, -0.1113155008413080349 ) ) ;
#1407 = CARTESIAN_POINT ( 'NONE',  ( 0.5073870286142054820, -0.4285184138923239239, -0.07321487414561253515 ) ) ;
#1408 = ORIENTED_EDGE ( 'NONE', *, *, #2737, .T. ) ;
#1409 = CYLINDRICAL_SURFACE ( 'NONE', #219, 0.03447712146779387254 ) ;
#1410 = CARTESIAN_POINT ( 'NONE',  ( -0.4165985165920551014, 0.4334096228025230979, 0.1307747726978751024 ) ) ;
#1411 = CARTESIAN_POINT ( 'NONE',  ( -0.4043222983965626960, 0.4563943704477188557, -0.09017490584132765996 ) ) ;
#1412 = ORIENTED_EDGE ( 'NONE', *, *, #63, .T. ) ;
#1413 = CARTESIAN_POINT ( 'NONE',  ( 0.4329512311623497922, 0.4793791180929146689, -0.1042098178375330253 ) ) ;
#1414 = ORIENTED_EDGE ( 'NONE', *, *, #3544, .T. ) ;
#1415 = ADVANCED_FACE ( 'NONE', ( #1854 ), #3729, .F. ) ;
#1416 = CARTESIAN_POINT ( 'NONE',  ( -0.3959135538419943368, 0.4563943704477188557, -0.07321487414561252127 ) ) ;
#1417 = CARTESIAN_POINT ( 'NONE',  ( 0.5322464205290745598, -0.8569323312046678298, -0.2046486023948794197 ) ) ;
#1418 = ORIENTED_EDGE ( 'NONE', *, *, #3128, .T. ) ;
#1419 = CYLINDRICAL_SURFACE ( 'NONE', #3160, 0.01896241680728657369 ) ;
#1420 =( BOUNDED_CURVE ( )  B_SPLINE_CURVE ( 3, ( #3715, #5099, #2301, #5552 ),
 .UNSPECIFIED., .F., .T. ) 
 B_SPLINE_CURVE_WITH_KNOTS ( ( 4, 4 ),
 ( 4.281230381731850443, 4.712388432233399982 ),
 .UNSPECIFIED. ) 
 CURVE ( )  GEOMETRIC_REPRESENTATION_ITEM ( )  RATIONAL_B_SPLINE_CURVE ( ( 1.000000000000000000, 0.9845684645933600043, 0.9845684645933600043, 1.000000000000000000 ) ) 
 REPRESENTATION_ITEM ( '' )  );
#1421 = ORIENTED_EDGE ( 'NONE', *, *, #2643, .T. ) ;
#1422 = DIRECTION ( 'NONE',  ( 0.000000000000000000, 1.000000000000000000, 0.000000000000000000 ) ) ;
#1423 = EDGE_LOOP ( 'NONE', ( #5903, #2483 ) ) ;
#1424 = DIRECTION ( 'NONE',  ( 0.000000000000000000, 0.000000000000000000, -1.000000000000000000 ) ) ;
#1425 = DIRECTION ( 'NONE',  ( 0.000000000000000000, 0.000000000000000000, 1.000000000000000000 ) ) ;
#1426 = EDGE_LOOP ( 'NONE', ( #296, #2358, #3072, #5151 ) ) ;
#1427 = AXIS2_PLACEMENT_3D ( 'NONE', #697, #3382, #2895 ) ;
#1428 = ADVANCED_FACE ( 'NONE', ( #1397 ), #932, .T. ) ;
#1429 = CARTESIAN_POINT ( 'NONE',  ( 0.5055654773451689898, -0.9000000000000000222, -0.1943933008137623542 ) ) ;
#1430 = FACE_OUTER_BOUND ( 'NONE', #5012, .T. ) ;
#1431 = ORIENTED_EDGE ( 'NONE', *, *, #2914, .T. ) ;
#1432 = CARTESIAN_POINT ( 'NONE',  ( 0.4850202863443967560, -0.4285184138923239239, -0.1105545761637182905 ) ) ;
#1433 = LINE ( 'NONE', #5547, #1626 ) ;
#1434 = EDGE_LOOP ( 'NONE', ( #5118, #876, #5554, #448 ) ) ;
#1435 = VECTOR ( 'NONE', #4793, 1000.000000000000000 ) ;
#1436 = DIRECTION ( 'NONE',  ( -1.000000000000000000, 0.000000000000000000, 0.000000000000000000 ) ) ;
#1437 = DIRECTION ( 'NONE',  ( 0.000000000000000000, 1.000000000000000000, 0.000000000000000000 ) ) ;
#1438 = DIRECTION ( 'NONE',  ( 0.000000000000000000, 1.000000000000000000, -2.200000000000000003E-16 ) ) ;
#1439 = ORIENTED_EDGE ( 'NONE', *, *, #4164, .F. ) ;
#1440 = DIRECTION ( 'NONE',  ( 0.000000000000000000, 0.000000000000000000, -1.000000000000000000 ) ) ;
#1441 = ORIENTED_EDGE ( 'NONE', *, *, #3012, .F. ) ;
#1442 = VECTOR ( 'NONE', #2524, 1000.000000000000000 ) ;
#1443 = CARTESIAN_POINT ( 'NONE',  ( 0.6246105172581994935, 0.4334096228025230979, -0.03528843159870404672 ) ) ;
#1444 = CARTESIAN_POINT ( 'NONE',  ( 0.3855691417481612593, 0.9000000000000000222, -0.2133873691522135130 ) ) ;
#1445 = ADVANCED_FACE ( 'NONE', ( #2369 ), #4206, .T. ) ;
#1446 = EDGE_LOOP ( 'NONE', ( #5500, #5353, #2228, #2263, #1646, #16, #3738, #4867 ) ) ;
#1447 = LINE ( 'NONE', #5138, #1710 ) ;
#1448 = ORIENTED_EDGE ( 'NONE', *, *, #4670, .T. ) ;
#1449 = CARTESIAN_POINT ( 'NONE',  ( 0.4637160080883331870, -0.4285184138923239239, -0.07321487414561253515 ) ) ;
#1450 = EDGE_CURVE ( 'NONE', #4276, #2556, #608, .T. ) ;
#1451 = CIRCLE ( 'NONE', #2723, 0.01149237382259794826 ) ;
#1452 = VERTEX_POINT ( 'NONE', #2039 ) ;
#1453 = FACE_OUTER_BOUND ( 'NONE', #5685, .T. ) ;
#1454 = CARTESIAN_POINT ( 'NONE',  ( 0.4430310453382724778, 0.4563943704477188557, 0.1307747726978751024 ) ) ;
#1455 = EDGE_LOOP ( 'NONE', ( #4149, #4235, #1360, #415 ) ) ;
#1456 = AXIS2_PLACEMENT_3D ( 'NONE', #365, #789, #5888 ) ;
#1457 = DIRECTION ( 'NONE',  ( 1.000000000000000000, 0.000000000000000000, 0.000000000000000000 ) ) ;
#1458 = CARTESIAN_POINT ( 'NONE',  ( 0.4491432190181312567, -0.4055336662471280551, -0.08789668957863107368 ) ) ;
#1459 = VERTEX_POINT ( 'NONE', #1610 ) ;
#1460 = ADVANCED_FACE ( 'NONE', ( #3460 ), #235, .T. ) ;
#1461 = LINE ( 'NONE', #2746, #2153 ) ;
#1462 = ADVANCED_FACE ( 'NONE', ( #4780, #5328, #4324 ), #170, .F. ) ;
#1463 = VECTOR ( 'NONE', #4400, 1000.000000000000000 ) ;
#1464 = CARTESIAN_POINT ( 'NONE',  ( -0.6246105172581994935, 0.2376903473569263181, -0.03528843159870404672 ) ) ;
#1465 = ORIENTED_EDGE ( 'NONE', *, *, #2618, .T. ) ;
#1466 = DIRECTION ( 'NONE',  ( 1.000000000000000000, 0.000000000000000000, 0.000000000000000000 ) ) ;
#1467 = DIRECTION ( 'NONE',  ( 1.000000000000000000, 0.000000000000000000, 0.000000000000000000 ) ) ;
#1468 = ADVANCED_FACE ( 'NONE', ( #1116 ), #3492, .T. ) ;
#1469 = CARTESIAN_POINT ( 'NONE',  ( 0.3855691417481612593, 0.7735838994437965743, -0.2283274551215908887 ) ) ;
#1470 = CARTESIAN_POINT ( 'NONE',  ( 0.6131181434356016702, -0.7997279457992354512, -0.1386869393053268840 ) ) ;
#1471 = ORIENTED_EDGE ( 'NONE', *, *, #5003, .T. ) ;
#1472 = CARTESIAN_POINT ( 'NONE',  ( 0.6246105172581994935, -0.3940412924245302317, -0.01919910824706693234 ) ) ;
#1473 = VERTEX_POINT ( 'NONE', #3945 ) ;
#1474 = LINE ( 'NONE', #5588, #1552 ) ;
#1475 = CARTESIAN_POINT ( 'NONE',  ( 0.5086969486478932767, -0.8513341296685621451, -0.2011357434025170809 ) ) ;
#1476 = EDGE_LOOP ( 'NONE', ( #5527, #1713 ) ) ;
#1477 = DIRECTION ( 'NONE',  ( -1.000000000000000000, 0.000000000000000000, 0.000000000000000000 ) ) ;
#1478 = EDGE_LOOP ( 'NONE', ( #3167, #1414, #2426, #4568 ) ) ;
#1479 = CIRCLE ( 'NONE', #1691, 0.02068627288067634643 ) ;
#1480 = CIRCLE ( 'NONE', #2946, 0.02068627288067634643 ) ;
#1481 = DIRECTION ( 'NONE',  ( 0.000000000000000000, 1.000000000000000000, 0.000000000000000000 ) ) ;
#1482 = ORIENTED_EDGE ( 'NONE', *, *, #606, .F. ) ;
#1483 = FACE_OUTER_BOUND ( 'NONE', #3820, .T. ) ;
#1484 = PLANE ( 'NONE',  #5900 ) ;
#1485 = ORIENTED_EDGE ( 'NONE', *, *, #4309, .T. ) ;
#1486 = ADVANCED_FACE ( 'NONE', ( #3916 ), #3007, .F. ) ;
#1487 = CIRCLE ( 'NONE', #2278, 0.02068627288067634643 ) ;
#1488 = DIRECTION ( 'NONE',  ( 0.000000000000000000, -0.4856406976879716897, 0.8741585169459484828 ) ) ;
#1489 = DIRECTION ( 'NONE',  ( -1.000000000000000000, 0.000000000000000000, 0.000000000000000000 ) ) ;
#1490 = ORIENTED_EDGE ( 'NONE', *, *, #5841, .F. ) ;
#1491 = B_SPLINE_CURVE_WITH_KNOTS ( 'NONE', 10,
 ( #154, #2963, #122, #2086, #5707, #3353, #1071, #1500, #2445, #1991, #2508 ),
 .UNSPECIFIED., .F., .F.,
 ( 11, 11 ),
 ( 7.075291698147999853, 9.889308631237000213 ),
 .UNSPECIFIED. ) ;
#1492 = DIRECTION ( 'NONE',  ( 1.000000000000000000, 0.000000000000000000, 0.000000000000000000 ) ) ;
#1493 = LINE ( 'NONE', #1098, #5487 ) ;
#1494 = EDGE_CURVE ( 'NONE', #1339, #503, #263, .T. ) ;
#1495 = ORIENTED_EDGE ( 'NONE', *, *, #1153, .F. ) ;
#1496 = CIRCLE ( 'NONE', #3910, 0.02873093455649494005 ) ;
#1497 = EDGE_CURVE ( 'NONE', #5232, #3487, #1642, .T. ) ;
#1498 = ADVANCED_FACE ( 'NONE', ( #1183 ), #1215, .T. ) ;
#1499 = CARTESIAN_POINT ( 'NONE',  ( -0.4165985165920551014, -0.4055336662471280551, 0.02791801549324952544 ) ) ;
#1500 = CARTESIAN_POINT ( 'NONE',  ( 0.4498122534897726066, -0.4302997242122798549, -0.1159455959558600147 ) ) ;
#1501 = CARTESIAN_POINT ( 'NONE',  ( -0.6246105172581994935, -0.3262362868712024300, -0.03528843159870404672 ) ) ;
#1502 = CARTESIAN_POINT ( 'NONE',  ( 0.3855691417481612593, 0.8701198280612457703, -0.1961488084183167502 ) ) ;
#1503 = ORIENTED_EDGE ( 'NONE', *, *, #1989, .T. ) ;
#1504 = DIRECTION ( 'NONE',  ( -1.000000000000000000, 0.000000000000000000, 0.000000000000000000 ) ) ;
#1505 = VERTEX_POINT ( 'NONE', #593 ) ;
#1506 = ADVANCED_FACE ( 'NONE', ( #4872 ), #625, .T. ) ;
#1507 = DIRECTION ( 'NONE',  ( 0.000000000000000000, 0.000000000000000000, -1.000000000000000000 ) ) ;
#1508 = VECTOR ( 'NONE', #4326, 1000.000000000000000 ) ;
#1509 = CARTESIAN_POINT ( 'NONE',  ( -0.3892297491814220578, -0.4285184138923239239, -0.1071309043043323223 ) ) ;
#1510 = EDGE_LOOP ( 'NONE', ( #2796, #1559, #473, #1740 ) ) ;
#1511 = DIRECTION ( 'NONE',  ( 1.000000000000000000, 0.000000000000000000, 0.000000000000000000 ) ) ;
#1512 = ORIENTED_EDGE ( 'NONE', *, *, #1341, .F. ) ;
#1513 = DIRECTION ( 'NONE',  ( 0.000000000000000000, 1.000000000000000000, -2.200000000000000003E-16 ) ) ;
#1514 = DIRECTION ( 'NONE',  ( 0.000000000000000000, 1.000000000000000000, -2.200000000000000003E-16 ) ) ;
#1515 = DIRECTION ( 'NONE',  ( -0.000000000000000000, 1.000000000000000000, 0.000000000000000000 ) ) ;
#1516 = ORIENTED_EDGE ( 'NONE', *, *, #750, .T. ) ;
#1517 = FACE_OUTER_BOUND ( 'NONE', #1256, .T. ) ;
#1518 = DIRECTION ( 'NONE',  ( 0.000000000000000000, 0.000000000000000000, 1.000000000000000000 ) ) ;
#1519 = EDGE_LOOP ( 'NONE', ( #2923, #5139, #1879, #4886 ) ) ;
#1520 = FACE_OUTER_BOUND ( 'NONE', #4375, .T. ) ;
#1521 = CARTESIAN_POINT ( 'NONE',  ( 0.4844022809690095577, 0.4334096228025230979, -0.07321487414561252127 ) ) ;
#1522 = ORIENTED_EDGE ( 'NONE', *, *, #832, .F. ) ;
#1523 = CARTESIAN_POINT ( 'NONE',  ( 0.4354318736011439928, -0.4285184138923239239, -0.1064470010196423566 ) ) ;
#1524 = ADVANCED_FACE ( 'NONE', ( #3976 ), #4748, .F. ) ;
#1525 = FACE_OUTER_BOUND ( 'NONE', #567, .T. ) ;
#1526 = AXIS2_PLACEMENT_3D ( 'NONE', #88, #1958, #2117 ) ;
#1527 = ORIENTED_EDGE ( 'NONE', *, *, #606, .T. ) ;
#1528 = VECTOR ( 'NONE', #1404, 1000.000000000000000 ) ;
#1529 = DIRECTION ( 'NONE',  ( 0.000000000000000000, 1.000000000000000000, 0.000000000000000000 ) ) ;
#1530 = LINE ( 'NONE', #2054, #2990 ) ;
#1531 = CARTESIAN_POINT ( 'NONE',  ( -0.4379482282885271971, 0.4793791180929146689, -0.1105349102198026068 ) ) ;
#1532 = EDGE_CURVE ( 'NONE', #5930, #3103, #4809, .T. ) ;
#1533 = EDGE_LOOP ( 'NONE', ( #5879, #5054 ) ) ;
#1534 = CYLINDRICAL_SURFACE ( 'NONE', #165, 0.04367102052587229499 ) ;
#1535 = CC_DESIGN_PERSON_AND_ORGANIZATION_ASSIGNMENT ( #874, #901, ( #3196 ) ) ;
#1536 = VERTEX_POINT ( 'NONE', #2461 ) ;
#1537 = VECTOR ( 'NONE', #2972, 1000.000000000000000 ) ;
#1538 = DIRECTION ( 'NONE',  ( 1.000000000000000000, 0.000000000000000000, 0.000000000000000000 ) ) ;
#1539 = CARTESIAN_POINT ( 'NONE',  ( -0.3952955484666071939, -0.4285184138923239239, -0.1105545761637298230 ) ) ;
#1540 = ORIENTED_EDGE ( 'NONE', *, *, #462, .T. ) ;
#1541 = LINE ( 'NONE', #3396, #1340 ) ;
#1542 = EDGE_CURVE ( 'NONE', #5631, #2703, #1849, .T. ) ;
#1543 = ORIENTED_EDGE ( 'NONE', *, *, #2453, .T. ) ;
#1544 = AXIS2_PLACEMENT_3D ( 'NONE', #4479, #329, #2616 ) ;
#1545 = DIRECTION ( 'NONE',  ( 0.000000000000000000, 0.000000000000000000, -1.000000000000000000 ) ) ;
#1546 = DIRECTION ( 'NONE',  ( 0.000000000000000000, 0.000000000000000000, -1.000000000000000000 ) ) ;
#1547 = CYLINDRICAL_SURFACE ( 'NONE', #2367, 0.04367102052587229499 ) ;
#1548 = VERTEX_POINT ( 'NONE', #2006 ) ;
#1549 = LINE ( 'NONE', #3494, #2581 ) ;
#1550 = DIRECTION ( 'NONE',  ( 0.000000000000000000, 0.000000000000000000, -1.000000000000000000 ) ) ;
#1551 = VERTEX_POINT ( 'NONE', #3853 ) ;
#1552 = VECTOR ( 'NONE', #985, 1000.000000000000000 ) ;
#1553 = DIRECTION ( 'NONE',  ( -1.000000000000000000, 0.000000000000000000, 0.000000000000000000 ) ) ;
#1554 = CARTESIAN_POINT ( 'NONE',  ( -0.6246105172581994935, -0.3940412924245302317, 0.1669773476790199773 ) ) ;
#1555 = ORIENTED_EDGE ( 'NONE', *, *, #152, .T. ) ;
#1556 = CARTESIAN_POINT ( 'NONE',  ( -0.4165998267226706520, 0.4563943704477188557, -0.07321487414561253515 ) ) ;
#1557 = DESIGN_CONTEXT ( 'detailed design', #3794, 'design' ) ;
#1558 = CARTESIAN_POINT ( 'NONE',  ( -0.4165998267226706520, 0.4793791180929146689, -0.07321487414561253515 ) ) ;
#1559 = ORIENTED_EDGE ( 'NONE', *, *, #4879, .T. ) ;
#1560 = CIRCLE ( 'NONE', #5715, 0.02068627288067634643 ) ;
#1561 = ADVANCED_FACE ( 'NONE', ( #5694 ), #1547, .F. ) ;
#1562 = PLANE ( 'NONE',  #1779 ) ;
#1563 = CARTESIAN_POINT ( 'NONE',  ( 0.000000000000000000, 0.8402396561224900751, -0.1961488084183167502 ) ) ;
#1564 = AXIS2_PLACEMENT_3D ( 'NONE', #282, #3601, #1319 ) ;
#1565 = CARTESIAN_POINT ( 'NONE',  ( -0.4236901904839643906, 0.4793791180929146689, -0.1143270532786249682 ) ) ;
#1566 = DIRECTION ( 'NONE',  ( 1.000000000000000000, 0.000000000000000000, 0.000000000000000000 ) ) ;
#1567 = ORIENTED_EDGE ( 'NONE', *, *, #3360, .F. ) ;
#1568 = EDGE_CURVE ( 'NONE', #1945, #5155, #3611, .T. ) ;
#1569 = CYLINDRICAL_SURFACE ( 'NONE', #576, 0.02068627288067634643 ) ;
#1570 = CARTESIAN_POINT ( 'NONE',  ( -0.4235300628111377530, 0.4821960588684740534, -0.1177229139595189211 ) ) ;
#1571 = ORIENTED_EDGE ( 'NONE', *, *, #839, .F. ) ;
#1572 = DIRECTION ( 'NONE',  ( 1.000000000000000000, 0.000000000000000000, 0.000000000000000000 ) ) ;
#1573 = ORIENTED_EDGE ( 'NONE', *, *, #1174, .F. ) ;
#1574 = EDGE_CURVE ( 'NONE', #3730, #4833, #2475, .T. ) ;
#1575 = FACE_OUTER_BOUND ( 'NONE', #1822, .T. ) ;
#1576 = CARTESIAN_POINT ( 'NONE',  ( 0.4637160080883331870, 0.4793791180929146689, -0.07321487414561253515 ) ) ;
#1577 = CARTESIAN_POINT ( 'NONE',  ( -0.3855691417481612593, 0.8942538130887004444, -0.2191335560635125357 ) ) ;
#1578 = ORIENTED_EDGE ( 'NONE', *, *, #1690, .F. ) ;
#1579 = CARTESIAN_POINT ( 'NONE',  ( 0.6246105172581994935, -0.9249889630285564879, 0.2290690230178078768 ) ) ;
#1580 = CARTESIAN_POINT ( 'NONE',  ( -0.6246105172581994935, -0.3308332364002412596, -0.03184071945192468167 ) ) ;
#1581 = EDGE_LOOP ( 'NONE', ( #506, #4444 ) ) ;
#1582 = VECTOR ( 'NONE', #1084, 1000.000000000000000 ) ;
#1583 = ADVANCED_FACE ( 'NONE', ( #1787 ), #1813, .F. ) ;
#1584 = AXIS2_PLACEMENT_3D ( 'NONE', #2459, #3035, #5293 ) ;
#1585 = CYLINDRICAL_SURFACE ( 'NONE', #3334, 0.005746186911298988009 ) ;
#1586 = DIRECTION ( 'NONE',  ( 0.000000000000000000, 1.000000000000000000, 0.000000000000000000 ) ) ;
#1587 = ORIENTED_EDGE ( 'NONE', *, *, #5440, .T. ) ;
#1588 = FACE_OUTER_BOUND ( 'NONE', #434, .T. ) ;
#1589 = VECTOR ( 'NONE', #112, 1000.000000000000000 ) ;
#1590 = CARTESIAN_POINT ( 'NONE',  ( -0.4261863344028921086, 0.4563943704477305130, -0.09205445074294582586 ) ) ;
#1591 = ORIENTED_EDGE ( 'NONE', *, *, #4595, .F. ) ;
#1592 = AXIS2_PLACEMENT_3D ( 'NONE', #1936, #4227, #3273 ) ;
#1593 = CARTESIAN_POINT ( 'NONE',  ( 0.4571383424686325525, 0.4563943704477413377, -0.09345793522384997221 ) ) ;
#1594 = FACE_OUTER_BOUND ( 'NONE', #909, .T. ) ;
#1595 = CARTESIAN_POINT ( 'NONE',  ( -0.4142283532677638602, 0.4793791180929146689, -0.1146288057561260787 ) ) ;
#1596 = VECTOR ( 'NONE', #1438, 1000.000000000000000 ) ;
#1597 = DIRECTION ( 'NONE',  ( 0.000000000000000000, 1.000000000000000000, 0.000000000000000000 ) ) ;
#1598 = EDGE_LOOP ( 'NONE', ( #3031, #642, #5467, #3152 ) ) ;
#1599 = EDGE_CURVE ( 'NONE', #1909, #1602, #294, .T. ) ;
#1600 = CARTESIAN_POINT ( 'NONE',  ( -0.4425190531887069345, -0.4285184138923239239, -0.1090193855032308562 ) ) ;
#1601 = CARTESIAN_POINT ( 'NONE',  ( -0.3933353696773328467, -0.4285184138923239239, -0.1096129251914230579 ) ) ;
#1602 = VERTEX_POINT ( 'NONE', #2193 ) ;
#1603 = CARTESIAN_POINT ( 'NONE',  ( -0.6246105172581994935, -0.4285184138923239239, 0.1945919015500139904 ) ) ;
#1604 = EDGE_LOOP ( 'NONE', ( #4749, #4713, #4594, #1095 ) ) ;
#1605 = EDGE_CURVE ( 'NONE', #2603, #4689, #778, .T. ) ;
#1606 = AXIS2_PLACEMENT_3D ( 'NONE', #934, #2464, #3341 ) ;
#1607 = CARTESIAN_POINT ( 'NONE',  ( 0.6246105172581994935, 0.3702015667782341257, -0.03184071945192468167 ) ) ;
#1608 = LINE ( 'NONE', #1973, #4006 ) ;
#1609 = EDGE_CURVE ( 'NONE', #1870, #5089, #5731, .T. ) ;
#1610 = CARTESIAN_POINT ( 'NONE',  ( 0.6246105172581994935, -0.4629955353601184487, -0.1386869393053268840 ) ) ;
#1611 = ORIENTED_EDGE ( 'NONE', *, *, #2944, .T. ) ;
#1612 = CARTESIAN_POINT ( 'NONE',  ( -0.4292401622740334433, -0.1917755131468061036, -0.2076411822409144625 ) ) ;
#1613 = CARTESIAN_POINT ( 'NONE',  ( 0.6246105172581994935, -0.4285184138923239239, 0.1945919015500139904 ) ) ;
#1614 = ORIENTED_EDGE ( 'NONE', *, *, #3758, .T. ) ;
#1615 = AXIS2_PLACEMENT_3D ( 'NONE', #4543, #4570, #5969 ) ;
#1616 = CARTESIAN_POINT ( 'NONE',  ( -0.3855691417481612593, 0.8247217346575649310, -0.2248797429748115584 ) ) ;
#1617 = DIRECTION ( 'NONE',  ( 0.000000000000000000, 1.000000000000000000, 0.000000000000000000 ) ) ;
#1618 = ORIENTED_EDGE ( 'NONE', *, *, #2873, .F. ) ;
#1619 = CARTESIAN_POINT ( 'NONE',  ( 0.4637173182189488485, 0.4563943704477188557, 0.1307747726978751024 ) ) ;
#1620 = CARTESIAN_POINT ( 'NONE',  ( 0.6246105172581994935, -0.4285184138923239239, -0.1386869393053268840 ) ) ;
#1621 = DIRECTION ( 'NONE',  ( 0.000000000000000000, -2.800000000000000139E-16, -1.000000000000000000 ) ) ;
#1622 = EDGE_CURVE ( 'NONE', #3860, #1548, #355, .T. ) ;
#1623 = EDGE_LOOP ( 'NONE', ( #4459, #2516, #3277, #888 ) ) ;
#1624 = LINE ( 'NONE', #5372, #5848 ) ;
#1625 = DIRECTION ( 'NONE',  ( 0.000000000000000000, -1.000000000000000000, 2.200000000000000003E-16 ) ) ;
#1626 = VECTOR ( 'NONE', #3321, 1000.000000000000114 ) ;
#1627 = CARTESIAN_POINT ( 'NONE',  ( 0.4853247035491285999, -0.8723374250636123373, -0.2130980324318801911 ) ) ;
#1628 = FACE_OUTER_BOUND ( 'NONE', #2268, .T. ) ;
#1629 = ORIENTED_EDGE ( 'NONE', *, *, #3677, .T. ) ;
#1630 = VECTOR ( 'NONE', #3990, 999.9999999999998863 ) ;
#1631 = CARTESIAN_POINT ( 'NONE',  ( -0.4043222983965626960, -0.4055336662470138132, -0.09017490584132765996 ) ) ;
#1632 = CARTESIAN_POINT ( 'NONE',  ( 0.6246105172581994935, 0.8247217346575649310, -0.2076411822409144625 ) ) ;
#1633 = VECTOR ( 'NONE', #4673, 1000.000000000000000 ) ;
#1634 = ORIENTED_EDGE ( 'NONE', *, *, #34, .F. ) ;
#1635 = CYLINDRICAL_SURFACE ( 'NONE', #2506, 0.04367102052587229499 ) ;
#1636 = AXIS2_PLACEMENT_3D ( 'NONE', #2218, #1299, #2247 ) ;
#1637 = EDGE_LOOP ( 'NONE', ( #4584, #2001, #4477, #5145 ) ) ;
#1638 = AXIS2_PLACEMENT_3D ( 'NONE', #2936, #4800, #4735 ) ;
#1639 = EDGE_CURVE ( 'NONE', #3566, #3260, #2668, .T. ) ;
#1640 = DIRECTION ( 'NONE',  ( 0.000000000000000000, 1.000000000000000000, 0.000000000000000000 ) ) ;
#1641 = CARTESIAN_POINT ( 'NONE',  ( 0.5108367174492824958, -0.8842436483798915559, -0.2198214650586545749 ) ) ;
#1642 = LINE ( 'NONE', #5788, #4485 ) ;
#1643 = ORIENTED_EDGE ( 'NONE', *, *, #5876, .T. ) ;
#1644 = CARTESIAN_POINT ( 'NONE',  ( 0.6246105172581994935, -0.3250870494889427365, 0.07676221317162604252 ) ) ;
#1645 = CIRCLE ( 'NONE', #1250, 0.02068627288067634643 ) ;
#1646 = ORIENTED_EDGE ( 'NONE', *, *, #3232, .F. ) ;
#1647 = APPROVAL_PERSON_ORGANIZATION ( #4509, #1982, #1850 ) ;
#1648 = EDGE_CURVE ( 'NONE', #109, #4699, #4090, .T. ) ;
#1649 = EDGE_CURVE ( 'NONE', #4636, #5719, #871, .T. ) ;
#1650 = LINE ( 'NONE', #4880, #1205 ) ;
#1651 = LINE ( 'NONE', #786, #3684 ) ;
#1652 = CC_DESIGN_SECURITY_CLASSIFICATION ( #3196, ( #4247 ) ) ;
#1653 = VERTEX_POINT ( 'NONE', #412 ) ;
#1654 = CARTESIAN_POINT ( 'NONE',  ( -0.4070133190423340097, 0.4563943704477305130, -0.09205445074294582586 ) ) ;
#1655 = LINE ( 'NONE', #5861, #2437 ) ;
#1656 = ORIENTED_EDGE ( 'NONE', *, *, #1730, .T. ) ;
#1657 = DIRECTION ( 'NONE',  ( 0.000000000000000000, 0.000000000000000000, -1.000000000000000000 ) ) ;
#1658 = DIRECTION ( 'NONE',  ( 1.000000000000000000, 0.000000000000000000, 0.000000000000000000 ) ) ;
#1659 = CIRCLE ( 'NONE', #1358, 0.04367102052587229499 ) ;
#1660 = ADVANCED_FACE ( 'NONE', ( #5962 ), #3666, .T. ) ;
#1661 = CARTESIAN_POINT ( 'NONE',  ( 0.05722180140824288663, 0.8402396561224900751, -0.1731640607731207704 ) ) ;
#1662 = EDGE_CURVE ( 'NONE', #1333, #734, #4972, .T. ) ;
#1663 = CARTESIAN_POINT ( 'NONE',  ( 0.02023112936295014611, 0.01491358683653279914, 0.2290690230178078768 ) ) ;
#1664 =( BOUNDED_CURVE ( )  B_SPLINE_CURVE ( 3, ( #3930, #3570, #311, #3116 ),
 .UNSPECIFIED., .F., .T. ) 
 B_SPLINE_CURVE_WITH_KNOTS ( ( 4, 4 ),
 ( 1.126414341567046007, 1.570796326791444875 ),
 .UNSPECIFIED. ) 
 CURVE ( )  GEOMETRIC_REPRESENTATION_ITEM ( )  RATIONAL_B_SPLINE_CURVE ( ( 1.000000000000000000, 0.9836113118995809534, 0.9836113118995809534, 1.000000000000000000 ) ) 
 REPRESENTATION_ITEM ( '' )  );
#1665 = CARTESIAN_POINT ( 'NONE',  ( -0.3910997822470236307, 0.4793791180929146689, -0.1083530557188097238 ) ) ;
#1666 = CIRCLE ( 'NONE', #3301, 0.02068627288067634643 ) ;
#1667 = LINE ( 'NONE', #3088, #3657 ) ;
#1668 = VERTEX_POINT ( 'NONE', #1019 ) ;
#1669 = VECTOR ( 'NONE', #4757, 1000.000000000000000 ) ;
#1670 = EDGE_CURVE ( 'NONE', #5134, #594, #2362, .T. ) ;
#1671 = DIRECTION ( 'NONE',  ( 0.000000000000000000, 1.000000000000000000, -2.200000000000000003E-16 ) ) ;
#1672 = CARTESIAN_POINT ( 'NONE',  ( -0.4213267045588097726, -0.4285184138923239239, -0.1145289346839449968 ) ) ;
#1673 = ORIENTED_EDGE ( 'NONE', *, *, #3242, .T. ) ;
#1674 = CARTESIAN_POINT ( 'NONE',  ( -0.4372860996033470227, 0.4793791180929146689, -0.07321487414561253515 ) ) ;
#1675 = ORIENTED_EDGE ( 'NONE', *, *, #5493, .F. ) ;
#1676 = CARTESIAN_POINT ( 'NONE',  ( -0.4602695371179273964, 0.4793791180929146689, 0.02791801549324952544 ) ) ;
#1677 = CARTESIAN_POINT ( 'NONE',  ( 0.6246105172581994935, 0.4334096228025230979, 0.06584445804015801040 ) ) ;
#1678 = EDGE_LOOP ( 'NONE', ( #2931, #2074 ) ) ;
#1679 = CARTESIAN_POINT ( 'NONE',  ( -0.3855691417481612593, 0.8402396561224900751, -0.1490891920209079236 ) ) ;
#1680 = DIRECTION ( 'NONE',  ( 1.000000000000000000, 0.000000000000000000, 0.000000000000000000 ) ) ;
#1681 = VERTEX_POINT ( 'NONE', #3333 ) ;
#1682 = DIRECTION ( 'NONE',  ( -1.000000000000000000, 0.000000000000000000, 0.000000000000000000 ) ) ;
#1683 = CARTESIAN_POINT ( 'NONE',  ( 0.4430310453382724778, 0.4334096228025230979, 0.1307747726978751024 ) ) ;
#1684 = EDGE_LOOP ( 'NONE', ( #1618, #2966 ) ) ;
#1685 = DIRECTION ( 'NONE',  ( 0.000000000000000000, 0.000000000000000000, -1.000000000000000000 ) ) ;
#1686 = FACE_OUTER_BOUND ( 'NONE', #3444, .T. ) ;
#1687 = EDGE_LOOP ( 'NONE', ( #3120, #5625, #1448, #3249 ) ) ;
#1688 = DIRECTION ( 'NONE',  ( -1.000000000000000000, 0.000000000000000000, 0.000000000000000000 ) ) ;
#1689 = FACE_OUTER_BOUND ( 'NONE', #1519, .T. ) ;
#1690 = EDGE_CURVE ( 'NONE', #5654, #4639, #5079, .T. ) ;
#1691 = AXIS2_PLACEMENT_3D ( 'NONE', #5341, #5804, #5370 ) ;
#1692 = CARTESIAN_POINT ( 'NONE',  ( 0.6246105172581994935, -0.3308332364002412596, 0.07676221317162604252 ) ) ;
#1693 = DIRECTION ( 'NONE',  ( 0.000000000000000000, 1.000000000000000000, -2.200000000000000003E-16 ) ) ;
#1694 = CARTESIAN_POINT ( 'NONE',  ( -0.4199460298354502075, -0.4055336662472432963, -0.09432545575154002715 ) ) ;
#1695 = FACE_OUTER_BOUND ( 'NONE', #804, .T. ) ;
#1696 = EDGE_LOOP ( 'NONE', ( #5983, #5080, #3849, #461 ) ) ;
#1697 = VECTOR ( 'NONE', #3816, 1000.000000000000000 ) ;
#1698 = DIRECTION ( 'NONE',  ( 0.000000000000000000, 1.000000000000000000, -2.200000000000000003E-16 ) ) ;
#1699 = CARTESIAN_POINT ( 'NONE',  ( -0.4421356950082157011, -0.4285184138923239239, -0.1083306311934508631 ) ) ;
#1700 = VERTEX_POINT ( 'NONE', #4683 ) ;
#1701 = FACE_OUTER_BOUND ( 'NONE', #2248, .T. ) ;
#1702 = VERTEX_POINT ( 'NONE', #4201 ) ;
#1703 = EDGE_CURVE ( 'NONE', #127, #3215, #2279, .T. ) ;
#1704 = CYLINDRICAL_SURFACE ( 'NONE', #4385, 0.04367102052587229499 ) ;
#1705 = DIRECTION ( 'NONE',  ( 0.000000000000000000, -1.000000000000000000, 0.000000000000000000 ) ) ;
#1706 = ORIENTED_EDGE ( 'NONE', *, *, #4609, .F. ) ;
#1707 = CARTESIAN_POINT ( 'NONE',  ( 0.4759935364144412540, -0.4055336662471280551, -0.09017490584131614140 ) ) ;
#1708 = CARTESIAN_POINT ( 'NONE',  ( 0.5096867790322197056, -0.1917755131468061036, -0.1731640607731207704 ) ) ;
#1709 = ORIENTED_EDGE ( 'NONE', *, *, #5241, .T. ) ;
#1710 = VECTOR ( 'NONE', #3305, 1000.000000000000000 ) ;
#1711 = CARTESIAN_POINT ( 'NONE',  ( 0.4397696684394560851, 0.4793791180929146689, -0.1092444177287780899 ) ) ;
#1712 = CARTESIAN_POINT ( 'NONE',  ( 0.4430310453382724778, 0.4793791180929146689, 0.02791801549324952544 ) ) ;
#1713 = ORIENTED_EDGE ( 'NONE', *, *, #5420, .T. ) ;
#1714 = CARTESIAN_POINT ( 'NONE',  ( -0.4165998267225554108, 0.4563943704476378649, -0.09461899453407192351 ) ) ;
#1715 = DIRECTION ( 'NONE',  ( -0.000000000000000000, 1.000000000000000000, 0.000000000000000000 ) ) ;
#1716 = ORIENTED_EDGE ( 'NONE', *, *, #3, .T. ) ;
#1717 = DIRECTION ( 'NONE',  ( 1.000000000000000000, 0.000000000000000000, 0.000000000000000000 ) ) ;
#1718 = DIRECTION ( 'NONE',  ( -1.000000000000000000, 0.000000000000000000, 0.000000000000000000 ) ) ;
#1719 = FACE_OUTER_BOUND ( 'NONE', #1426, .T. ) ;
#1720 = EDGE_CURVE ( 'NONE', #4963, #106, #5529, .T. ) ;
#1721 = CARTESIAN_POINT ( 'NONE',  ( -0.3883321178438597365, 0.4793791180929146689, -0.1064604594090707984 ) ) ;
#1722 = CARTESIAN_POINT ( 'NONE',  ( 0.4292401622740334433, -0.1572983916790124115, -0.1731640607731207704 ) ) ;
#1723 = VERTEX_POINT ( 'NONE', #1906 ) ;
#1724 = LINE ( 'NONE', #5349, #1068 ) ;
#1725 = DIRECTION ( 'NONE',  ( 0.000000000000000000, 1.000000000000000000, 0.000000000000000000 ) ) ;
#1726 = ORIENTED_EDGE ( 'NONE', *, *, #3061, .T. ) ;
#1727 = CARTESIAN_POINT ( 'NONE',  ( 0.4763588949466857625, -0.8643751213721759807, -0.1877486053990913839 ) ) ;
#1728 = ORIENTED_EDGE ( 'NONE', *, *, #4119, .T. ) ;
#1729 = VECTOR ( 'NONE', #5806, 1000.000000000000000 ) ;
#1730 = EDGE_CURVE ( 'NONE', #2640, #5073, #1877, .T. ) ;
#1731 = VECTOR ( 'NONE', #4706, 1000.000000000000000 ) ;
#1732 = CARTESIAN_POINT ( 'NONE',  ( 0.5209581816335321358, -0.8605718080498528932, -0.2063051521958145784 ) ) ;
#1733 = ORIENTED_EDGE ( 'NONE', *, *, #3447, .T. ) ;
#1734 = DIRECTION ( 'NONE',  ( 0.000000000000000000, 0.7071067811865474617, 0.7071067811865474617 ) ) ;
#1735 =( NAMED_UNIT ( * ) SI_UNIT ( $, .STERADIAN. ) SOLID_ANGLE_UNIT ( ) );
#1736 = VERTEX_POINT ( 'NONE', #5589 ) ;
#1737 = AXIS2_PLACEMENT_3D ( 'NONE', #4892, #1291, #5869 ) ;
#1738 = CARTESIAN_POINT ( 'NONE',  ( 0.4928515545367205819, 0.4793791180929146689, -0.1057498176824688413 ) ) ;
#1739 = CARTESIAN_POINT ( 'NONE',  ( 0.6246105172581994935, -0.3308332364002412596, 0.06929217018693738239 ) ) ;
#1740 = ORIENTED_EDGE ( 'NONE', *, *, #3903, .F. ) ;
#1741 = FACE_OUTER_BOUND ( 'NONE', #3843, .T. ) ;
#1742 = LINE ( 'NONE', #336, #1463 ) ;
#1743 = VERTEX_POINT ( 'NONE', #1966 ) ;
#1744 = VECTOR ( 'NONE', #657, 1000.000000000000000 ) ;
#1745 = DIRECTION ( 'NONE',  ( -1.000000000000000000, 0.000000000000000000, 0.000000000000000000 ) ) ;
#1746 = CARTESIAN_POINT ( 'NONE',  ( -0.3947630408062398066, -0.1572983916790124115, -0.1731640607731207704 ) ) ;
#1747 = CARTESIAN_POINT ( 'NONE',  ( 0.4573964781393990986, -0.8699562858134970433, -0.1777024489421400733 ) ) ;
#1748 = DIRECTION ( 'NONE',  ( 0.000000000000000000, -2.800000000000000139E-16, -1.000000000000000000 ) ) ;
#1749 = VERTEX_POINT ( 'NONE', #4175 ) ;
#1750 = AXIS2_PLACEMENT_3D ( 'NONE', #2078, #5858, #5797 ) ;
#1751 = EDGE_CURVE ( 'NONE', #1399, #4628, #66, .T. ) ;
#1752 = AXIS2_PLACEMENT_3D ( 'NONE', #1469, #5043, #431 ) ;
#1753 = DIRECTION ( 'NONE',  ( 0.000000000000000000, -1.000000000000000000, 0.000000000000000000 ) ) ;
#1754 = DIRECTION ( 'NONE',  ( 0.000000000000000000, 0.000000000000000000, -1.000000000000000000 ) ) ;
#1755 = ORIENTED_EDGE ( 'NONE', *, *, #21, .F. ) ;
#1756 = DIRECTION ( 'NONE',  ( 0.000000000000000000, -0.4856406976879716897, 0.8741585169459484828 ) ) ;
#1757 = VERTEX_POINT ( 'NONE', #1444 ) ;
#1758 = ADVANCED_FACE ( 'NONE', ( #2423 ), #4503, .T. ) ;
#1759 = CARTESIAN_POINT ( 'NONE',  ( 0.5129622098001243025, -0.9000000000000000222, -0.2290690230178078768 ) ) ;
#1760 = AXIS2_PLACEMENT_3D ( 'NONE', #2204, #4912, #3504 ) ;
#1761 = ORIENTED_EDGE ( 'NONE', *, *, #4931, .F. ) ;
#1762 = PLANE ( 'NONE',  #5664 ) ;
#1763 = DATE_TIME_ROLE ( 'classification_date' ) ;
#1764 = VERTEX_POINT ( 'NONE', #897 ) ;
#1765 = EDGE_CURVE ( 'NONE', #4019, #4243, #5136, .T. ) ;
#1766 = CARTESIAN_POINT ( 'NONE',  ( 0.4329512311623497922, 0.4793791180929146689, -0.1042098178375330253 ) ) ;
#1767 = ORIENTED_EDGE ( 'NONE', *, *, #715, .F. ) ;
#1768 = FACE_BOUND ( 'NONE', #1311, .T. ) ;
#1769 = DIRECTION ( 'NONE',  ( 0.000000000000000000, 1.000000000000000000, -2.200000000000000003E-16 ) ) ;
#1770 = ORIENTED_EDGE ( 'NONE', *, *, #4625, .T. ) ;
#1771 = EDGE_CURVE ( 'NONE', #3304, #3832, #5942, .T. ) ;
#1772 = DIRECTION ( 'NONE',  ( 0.000000000000000000, 0.000000000000000000, -1.000000000000000000 ) ) ;
#1773 = DIRECTION ( 'NONE',  ( -1.000000000000000000, 0.000000000000000000, 0.000000000000000000 ) ) ;
#1774 = DIRECTION ( 'NONE',  ( -1.000000000000000000, 0.000000000000000000, 0.000000000000000000 ) ) ;
#1775 = CARTESIAN_POINT ( 'NONE',  ( 0.4476279603901908155, -0.8699562858134970433, -0.1777024489421400733 ) ) ;
#1776 = ORIENTED_EDGE ( 'NONE', *, *, #3189, .T. ) ;
#1777 = VECTOR ( 'NONE', #169, 1000.000000000000000 ) ;
#1778 = CIRCLE ( 'NONE', #2558, 0.03447712146779387254 ) ;
#1779 = AXIS2_PLACEMENT_3D ( 'NONE', #4761, #121, #1990 ) ;
#1780 = CARTESIAN_POINT ( 'NONE',  ( -0.4165985165920551014, 0.4793791180929146689, 0.02791801549324952544 ) ) ;
#1781 = DIRECTION ( 'NONE',  ( 0.000000000000000000, 1.000000000000000000, 0.000000000000000000 ) ) ;
#1782 = ORIENTED_EDGE ( 'NONE', *, *, #143, .F. ) ;
#1783 = DIRECTION ( 'NONE',  ( 0.000000000000000000, 1.000000000000000000, -2.200000000000000003E-16 ) ) ;
#1784 = VERTEX_POINT ( 'NONE', #439 ) ;
#1785 = CIRCLE ( 'NONE', #5642, 0.03447712146779387254 ) ;
#1786 = VECTOR ( 'NONE', #1705, 1000.000000000000000 ) ;
#1787 = FACE_OUTER_BOUND ( 'NONE', #2675, .T. ) ;
#1788 = EDGE_CURVE ( 'NONE', #4411, #4268, #795, .T. ) ;
#1789 = EDGE_LOOP ( 'NONE', ( #5237, #3390, #613 ) ) ;
#1790 = DIRECTION ( 'NONE',  ( 0.000000000000000000, 1.000000000000000000, 0.000000000000000000 ) ) ;
#1791 = APPROVAL_DATE_TIME ( #5936, #1166 ) ;
#1792 = VERTEX_POINT ( 'NONE', #2307 ) ;
#1793 = CIRCLE ( 'NONE', #3244, 0.04367102052587229499 ) ;
#1794 = CARTESIAN_POINT ( 'NONE',  ( 0.4901624301242051840, 0.4793791180929146689, -0.1077614919117136777 ) ) ;
#1795 = EDGE_CURVE ( 'NONE', #289, #5497, #1844, .T. ) ;
#1796 = EDGE_LOOP ( 'NONE', ( #977, #1106, #3630, #4049 ) ) ;
#1797 = DIRECTION ( 'NONE',  ( 0.000000000000000000, -1.000000000000000000, 2.200000000000000003E-16 ) ) ;
#1798 = VERTEX_POINT ( 'NONE', #4317 ) ;
#1799 = VECTOR ( 'NONE', #1119, 1000.000000000000000 ) ;
#1800 = CARTESIAN_POINT ( 'NONE',  ( 0.6246105172581994935, -0.7882355719766375168, -0.1386869393053268840 ) ) ;
#1801 = DIRECTION ( 'NONE',  ( 0.000000000000000000, 1.000000000000000000, -2.200000000000000003E-16 ) ) ;
#1802 = EDGE_CURVE ( 'NONE', #1548, #1328, #710, .T. ) ;
#1803 = LINE ( 'NONE', #3680, #199 ) ;
#1804 = DIRECTION ( 'NONE',  ( 0.000000000000000000, -0.4856406976879721338, 0.8741585169459482607 ) ) ;
#1805 = ORIENTED_EDGE ( 'NONE', *, *, #2208, .F. ) ;
#1806 = CARTESIAN_POINT ( 'NONE',  ( -0.6246105172581994935, 0.4449019966251209213, 0.2290690230178078768 ) ) ;
#1807 = LINE ( 'NONE', #1380, #4166 ) ;
#1808 = CARTESIAN_POINT ( 'NONE',  ( -0.4096695906343187921, 0.4821960588684964799, -0.1177229139595074026 ) ) ;
#1809 = ORIENTED_EDGE ( 'NONE', *, *, #4979, .F. ) ;
#1810 = CARTESIAN_POINT ( 'NONE',  ( 0.4752096575644259580, -0.1572983916790124115, -0.1731640607731207704 ) ) ;
#1811 = ORIENTED_EDGE ( 'NONE', *, *, #3278, .F. ) ;
#1812 = EDGE_CURVE ( 'NONE', #3597, #633, #1301, .T. ) ;
#1813 = PLANE ( 'NONE',  #5256 ) ;
#1814 = ORIENTED_EDGE ( 'NONE', *, *, #4603, .T. ) ;
#1815 = AXIS2_PLACEMENT_3D ( 'NONE', #250, #3512, #4855 ) ;
#1816 = CARTESIAN_POINT ( 'NONE',  ( 0.4637160080890577740, -0.4314777147450044592, -0.1180069949232365328 ) ) ;
#1817 = APPROVAL_STATUS ( 'not_yet_approved' ) ;
#1818 = ORIENTED_EDGE ( 'NONE', *, *, #702, .T. ) ;
#1819 = EDGE_CURVE ( 'NONE', #1005, #2728, #3238, .T. ) ;
#1820 = AXIS2_PLACEMENT_3D ( 'NONE', #2265, #1801, #855 ) ;
#1821 = CARTESIAN_POINT ( 'NONE',  ( 0.4831675996259978678, 0.4793791180929146689, -0.1113155008413195535 ) ) ;
#1822 = EDGE_LOOP ( 'NONE', ( #4623, #158, #663, #4951 ) ) ;
#1823 = DIRECTION ( 'NONE',  ( 0.000000000000000000, 1.000000000000000000, 0.000000000000000000 ) ) ;
#1824 = DIRECTION ( 'NONE',  ( -1.000000000000000000, 0.000000000000000000, 0.000000000000000000 ) ) ;
#1825 = ORIENTED_EDGE ( 'NONE', *, *, #5476, .T. ) ;
#1826 = ADVANCED_FACE ( 'NONE', ( #4832 ), #2062, .F. ) ;
#1827 = ADVANCED_FACE ( 'NONE', ( #3846 ), #2576, .F. ) ;
#1828 = CARTESIAN_POINT ( 'NONE',  ( 0.4418817734788919038, -0.8498639728996180143, -0.1665401200595445497 ) ) ;
#1829 = CARTESIAN_POINT ( 'NONE',  ( 0.6246105172581994935, -0.3262362868712024300, 0.06584445804015801040 ) ) ;
#1830 = CARTESIAN_POINT ( 'NONE',  ( 0.4777585988925959204, -0.4285184138923239239, -0.1130642719316555245 ) ) ;
#1831 = DIRECTION ( 'NONE',  ( 1.000000000000000000, 0.000000000000000000, 0.000000000000000000 ) ) ;
#1832 = VECTOR ( 'NONE', #1466, 1000.000000000000000 ) ;
#1833 = ORIENTED_EDGE ( 'NONE', *, *, #568, .T. ) ;
#1834 = AXIS2_PLACEMENT_3D ( 'NONE', #783, #2648, #5361 ) ;
#1835 = EDGE_CURVE ( 'NONE', #5478, #2303, #5653, .T. ) ;
#1836 = FACE_OUTER_BOUND ( 'NONE', #5019, .T. ) ;
#1837 = CYLINDRICAL_SURFACE ( 'NONE', #5514, 0.03447712146779387254 ) ;
#1838 = CARTESIAN_POINT ( 'NONE',  ( 0.6246105172581994935, 0.8402396561224900751, -0.1731640607731207704 ) ) ;
#1839 = ORIENTED_EDGE ( 'NONE', *, *, #3401, .F. ) ;
#1840 = LINE ( 'NONE', #128, #753 ) ;
#1841 = ORIENTED_EDGE ( 'NONE', *, *, #2925, .T. ) ;
#1842 = EDGE_CURVE ( 'NONE', #3328, #5174, #1487, .T. ) ;
#1843 = VECTOR ( 'NONE', #3107, 1000.000000000000000 ) ;
#1844 = B_SPLINE_CURVE_WITH_KNOTS ( 'NONE', 10,
 ( #679, #226, #617, #3484, #1140, #1049, #1570, #194, #5287, #2940, #3363 ),
 .UNSPECIFIED., .F., .F.,
 ( 11, 11 ),
 ( 7.075291698147999853, 9.889308631237000213 ),
 .UNSPECIFIED. ) ;
#1845 = CARTESIAN_POINT ( 'NONE',  ( 0.6246105172581994935, 0.8287991014134581391, -0.1501793131279247906 ) ) ;
#1846 = CARTESIAN_POINT ( 'NONE',  ( 0.5385857402195070032, -0.8775812408433592005, -0.2161201498190978287 ) ) ;
#1847 = VERTEX_POINT ( 'NONE', #3030 ) ;
#1848 = FACE_OUTER_BOUND ( 'NONE', #5567, .T. ) ;
#1849 =( BOUNDED_CURVE ( )  B_SPLINE_CURVE ( 3, ( #654, #2521, #1085, #202 ),
 .UNSPECIFIED., .F., .T. ) 
 B_SPLINE_CURVE_WITH_KNOTS ( ( 4, 4 ),
 ( 4.712388432233399982, 7.853981085822809405 ),
 .UNSPECIFIED. ) 
 CURVE ( )  GEOMETRIC_REPRESENTATION_ITEM ( )  RATIONAL_B_SPLINE_CURVE ( ( 1.000000000000000000, 0.3333333333334609905, 0.3333333333334609905, 1.000000000000000000 ) ) 
 REPRESENTATION_ITEM ( '' )  );
#1850 = APPROVAL_ROLE ( '' ) ;
#1851 = EDGE_LOOP ( 'NONE', ( #646, #2047 ) ) ;
#1852 = VECTOR ( 'NONE', #4195, 1000.000000000000000 ) ;
#1853 = VECTOR ( 'NONE', #4792, 1000.000000000000000 ) ;
#1854 = FACE_OUTER_BOUND ( 'NONE', #5734, .T. ) ;
#1855 = ORIENTED_EDGE ( 'NONE', *, *, #5292, .T. ) ;
#1856 = DIRECTION ( 'NONE',  ( 1.000000000000000000, 0.000000000000000000, 0.000000000000000000 ) ) ;
#1857 = CARTESIAN_POINT ( 'NONE',  ( 0.02355896410324203813, 0.4563943704477188557, 0.02849263801516691702 ) ) ;
#1858 = ORIENTED_EDGE ( 'NONE', *, *, #2982, .T. ) ;
#1859 = PLANE ( 'NONE',  #3139 ) ;
#1860 = DIRECTION ( 'NONE',  ( 0.000000000000000000, 1.000000000000000000, 0.000000000000000000 ) ) ;
#1861 = EDGE_LOOP ( 'NONE', ( #868, #4936, #13, #1099 ) ) ;
#1862 = CARTESIAN_POINT ( 'NONE',  ( -0.6246105172581994935, -0.1760351102566003745, 0.08193378139179516295 ) ) ;
#1863 = EDGE_CURVE ( 'NONE', #5213, #711, #1123, .T. ) ;
#1864 = DIRECTION ( 'NONE',  ( 0.000000000000000000, 1.000000000000000000, -2.200000000000000003E-16 ) ) ;
#1865 = ORIENTED_EDGE ( 'NONE', *, *, #5406, .F. ) ;
#1866 = EDGE_CURVE ( 'NONE', #5061, #4019, #1206, .T. ) ;
#1867 = DIRECTION ( 'NONE',  ( 0.000000000000000000, 1.000000000000000000, -2.800000000000000139E-16 ) ) ;
#1868 = DIRECTION ( 'NONE',  ( -1.000000000000000000, 0.000000000000000000, 0.000000000000000000 ) ) ;
#1869 = CARTESIAN_POINT ( 'NONE',  ( 0.5072000759776826850, -0.9000000000000000222, -0.2285749410535072579 ) ) ;
#1870 = VERTEX_POINT ( 'NONE', #4470 ) ;
#1871 = VECTOR ( 'NONE', #4307, 1000.000000000000000 ) ;
#1872 = LINE ( 'NONE', #1384, #5013 ) ;
#1873 = VERTEX_POINT ( 'NONE', #4526 ) ;
#1874 = ADVANCED_FACE ( 'NONE', ( #4499, #1297 ), #5380, .T. ) ;
#1875 = CIRCLE ( 'NONE', #5252, 0.04367102052587229499 ) ;
#1876 = DIRECTION ( 'NONE',  ( 0.000000000000000000, 1.000000000000000000, 0.000000000000000000 ) ) ;
#1877 = LINE ( 'NONE', #5560, #419 ) ;
#1878 = VECTOR ( 'NONE', #399, 1000.000000000000000 ) ;
#1879 = ORIENTED_EDGE ( 'NONE', *, *, #5716, .T. ) ;
#1880 = CARTESIAN_POINT ( 'NONE',  ( 0.6246105172581994935, -0.3940412924245302317, 0.1945919015500139904 ) ) ;
#1881 = EDGE_CURVE ( 'NONE', #636, #5590, #803, .T. ) ;
#1882 = ORIENTED_EDGE ( 'NONE', *, *, #1574, .T. ) ;
#1883 = DIRECTION ( 'NONE',  ( 0.000000000000000000, 1.000000000000000000, 0.000000000000000000 ) ) ;
#1884 = AXIS2_PLACEMENT_3D ( 'NONE', #3079, #1685, #5799 ) ;
#1885 = ORIENTED_EDGE ( 'NONE', *, *, #354, .T. ) ;
#1886 = CARTESIAN_POINT ( 'NONE',  ( 0.4571383424686325525, 0.4563943704477413377, -0.09345793522384997221 ) ) ;
#1887 = CARTESIAN_POINT ( 'NONE',  ( 0.4200449875624608920, 0.4793791180929146689, -0.07321487414561253515 ) ) ;
#1888 = ORIENTED_EDGE ( 'NONE', *, *, #962, .F. ) ;
#1889 = CARTESIAN_POINT ( 'NONE',  ( -0.5096867790322197056, 0.8247217346575649310, -0.2076411822409144625 ) ) ;
#1890 = CARTESIAN_POINT ( 'NONE',  ( -0.6246105172581994935, -0.4285184138923239239, -0.05858924300857241974 ) ) ;
#1891 = ORIENTED_EDGE ( 'NONE', *, *, #300, .F. ) ;
#1892 = DIRECTION ( 'NONE',  ( 1.000000000000000000, 0.000000000000000000, 0.000000000000000000 ) ) ;
#1893 = CARTESIAN_POINT ( 'NONE',  ( 0.5082043245515682761, -0.8999999999999999112, -0.2289475559617614731 ) ) ;
#1894 = ORIENTED_EDGE ( 'NONE', *, *, #4164, .T. ) ;
#1895 = AXIS2_PLACEMENT_3D ( 'NONE', #2951, #3463, #2104 ) ;
#1896 = EDGE_CURVE ( 'NONE', #4973, #958, #3821, .T. ) ;
#1897 = CARTESIAN_POINT ( 'NONE',  ( -0.5096867790322197056, 0.8402396561224900751, -0.1157021916601309180 ) ) ;
#1898 = CARTESIAN_POINT ( 'NONE',  ( 0.4637160080883331870, 0.4793791180929146689, -0.07321487414561253515 ) ) ;
#1899 = DIRECTION ( 'NONE',  ( 1.000000000000000000, 0.000000000000000000, 0.000000000000000000 ) ) ;
#1900 = ORIENTED_EDGE ( 'NONE', *, *, #197, .F. ) ;
#1901 = PLANE ( 'NONE',  #3760 ) ;
#1902 = VECTOR ( 'NONE', #2400, 1000.000000000000000 ) ;
#1903 = EDGE_LOOP ( 'NONE', ( #4646, #4500, #584, #2768 ) ) ;
#1904 = EDGE_CURVE ( 'NONE', #5381, #5680, #1981, .T. ) ;
#1905 = DIRECTION ( 'NONE',  ( 0.000000000000000000, 0.000000000000000000, -1.000000000000000000 ) ) ;
#1906 = CARTESIAN_POINT ( 'NONE',  ( -0.6246105172581994935, 0.8402396561224900751, -0.1731640607731207704 ) ) ;
#1907 = ORIENTED_EDGE ( 'NONE', *, *, #5443, .F. ) ;
#1908 = DIRECTION ( 'NONE',  ( 1.000000000000000000, 0.000000000000000000, 0.000000000000000000 ) ) ;
#1909 = VERTEX_POINT ( 'NONE', #5814 ) ;
#1910 = EDGE_CURVE ( 'NONE', #3101, #4246, #835, .T. ) ;
#1911 = VECTOR ( 'NONE', #2541, 1000.000000000000000 ) ;
#1912 = DIRECTION ( 'NONE',  ( -0.000000000000000000, 1.000000000000000000, 0.000000000000000000 ) ) ;
#1913 = ORIENTED_EDGE ( 'NONE', *, *, #2472, .T. ) ;
#1914 = DIRECTION ( 'NONE',  ( 0.000000000000000000, 0.000000000000000000, -1.000000000000000000 ) ) ;
#1915 = CARTESIAN_POINT ( 'NONE',  ( 0.4637173182189488485, -0.4285184138923239239, 0.1307747726978751024 ) ) ;
#1916 = EDGE_LOOP ( 'NONE', ( #1086, #4180, #5901, #666, #3224, #895 ) ) ;
#1917 = CIRCLE ( 'NONE', #5294, 0.05516339434847022244 ) ;
#1918 = EDGE_CURVE ( 'NONE', #4425, #1330, #3540, .T. ) ;
#1919 = DIRECTION ( 'NONE',  ( 0.000000000000000000, 1.000000000000000000, -2.200000000000000003E-16 ) ) ;
#1920 = CARTESIAN_POINT ( 'NONE',  ( 0.6246105172581994935, 0.3644553798669347700, -0.06628498422295976689 ) ) ;
#1921 = EDGE_LOOP ( 'NONE', ( #3971, #330 ) ) ;
#1922 = CARTESIAN_POINT ( 'NONE',  ( 0.4936854233199437503, -0.4285184138923239239, -0.1049992732192224498 ) ) ;
#1923 = VECTOR ( 'NONE', #2578, 1000.000000000000000 ) ;
#1924 = CARTESIAN_POINT ( 'NONE',  ( 0.5050898295031807095, -0.8643751213721937443, -0.1877486053991012371 ) ) ;
#1925 = ORIENTED_EDGE ( 'NONE', *, *, #1703, .F. ) ;
#1926 = VECTOR ( 'NONE', #5976, 1000.000000000000000 ) ;
#1927 = CARTESIAN_POINT ( 'NONE',  ( 0.4430310453382724778, -0.4055336662471280551, 0.1307747726978752689 ) ) ;
#1928 = DIRECTION ( 'NONE',  ( -1.000000000000000000, 0.000000000000000000, 0.000000000000000000 ) ) ;
#1929 = DIRECTION ( 'NONE',  ( 1.000000000000000000, 0.000000000000000000, 0.000000000000000000 ) ) ;
#1930 = VERTEX_POINT ( 'NONE', #2725 ) ;
#1931 = FACE_OUTER_BOUND ( 'NONE', #2824, .T. ) ;
#1932 = ORIENTED_EDGE ( 'NONE', *, *, #3232, .T. ) ;
#1933 = CIRCLE ( 'NONE', #4445, 0.04367102052587229499 ) ;
#1934 = LOCAL_TIME ( 13, 54, 13.00000000000000000, #844 ) ;
#1935 = CARTESIAN_POINT ( 'NONE',  ( 0.4430310453382724778, 0.4793791180929146689, 0.02791801549324952544 ) ) ;
#1936 = CARTESIAN_POINT ( 'NONE',  ( 0.6246105172581994935, -0.3308332364002412596, -0.02264682039384628351 ) ) ;
#1937 = ORIENTED_EDGE ( 'NONE', *, *, #3510, .F. ) ;
#1938 = LINE ( 'NONE', #3787, #3256 ) ;
#1939 = ORIENTED_EDGE ( 'NONE', *, *, #5048, .F. ) ;
#1940 = EDGE_CURVE ( 'NONE', #682, #1163, #4777, .T. ) ;
#1941 = VECTOR ( 'NONE', #1281, 1000.000000000000000 ) ;
#1942 = ADVANCED_FACE ( 'NONE', ( #3178, #4957, #5408 ), #1267, .F. ) ;
#1943 = DIRECTION ( 'NONE',  ( 0.000000000000000000, 0.000000000000000000, -1.000000000000000000 ) ) ;
#1944 = AXIS2_PLACEMENT_3D ( 'NONE', #5014, #862, #3063 ) ;
#1945 = VERTEX_POINT ( 'NONE', #5015 ) ;
#1946 = CARTESIAN_POINT ( 'NONE',  ( 0.4498122534894162250, 0.4811604284126177467, -0.1159455959559176214 ) ) ;
#1947 = CARTESIAN_POINT ( 'NONE',  ( -0.6246105172581994935, -0.3940412924245302317, -0.03528843159870404672 ) ) ;
#1948 = ORIENTED_EDGE ( 'NONE', *, *, #867, .F. ) ;
#1949 = ADVANCED_FACE ( 'NONE', ( #4645 ), #951, .F. ) ;
#1950 = CARTESIAN_POINT ( 'NONE',  ( 0.5274386286658190315, -0.8773335005821920607, -0.2159825171646977959 ) ) ;
#1951 = DIRECTION ( 'NONE',  ( -1.000000000000000000, 0.000000000000000000, 0.000000000000000000 ) ) ;
#1952 = EDGE_LOOP ( 'NONE', ( #3383, #4254 ) ) ;
#1953 = FACE_BOUND ( 'NONE', #848, .T. ) ;
#1954 = CARTESIAN_POINT ( 'NONE',  ( 0.4637173182189488485, -0.4055336662471280551, 0.02791801549324952544 ) ) ;
#1955 = EDGE_CURVE ( 'NONE', #602, #2183, #331, .T. ) ;
#1956 = LINE ( 'NONE', #2018, #4474 ) ;
#1957 = DIRECTION ( 'NONE',  ( 0.000000000000000000, 0.000000000000000000, 1.000000000000000000 ) ) ;
#1958 = DIRECTION ( 'NONE',  ( -1.000000000000000000, 0.000000000000000000, 0.000000000000000000 ) ) ;
#1959 = EDGE_CURVE ( 'NONE', #1330, #4425, #3721, .T. ) ;
#1960 = LINE ( 'NONE', #4732, #3022 ) ;
#1961 = CARTESIAN_POINT ( 'NONE',  ( -0.6246105172581994935, 0.3676968619725294318, 0.08193378139179516295 ) ) ;
#1962 = ORIENTED_EDGE ( 'NONE', *, *, #1242, .F. ) ;
#1963 = DIRECTION ( 'NONE',  ( 0.000000000000000000, 1.000000000000000000, -2.200000000000000003E-16 ) ) ;
#1964 = ORIENTED_EDGE ( 'NONE', *, *, #3683, .F. ) ;
#1965 = CARTESIAN_POINT ( 'NONE',  ( 0.6246105172581994935, 0.4334096228025230979, -0.1203319978859289513 ) ) ;
#1966 = CARTESIAN_POINT ( 'NONE',  ( 0.4430310453382724778, -0.3940412924245302317, 0.02791801549324952544 ) ) ;
#1967 = VERTEX_POINT ( 'NONE', #2782 ) ;
#1968 = CARTESIAN_POINT ( 'NONE',  ( 0.5292245155654392574, -0.9115913541422375754, -0.1705952984195978905 ) ) ;
#1969 = ORIENTED_EDGE ( 'NONE', *, *, #1077, .F. ) ;
#1970 = AXIS2_PLACEMENT_3D ( 'NONE', #1692, #2661, #1772 ) ;
#1971 = EDGE_CURVE ( 'NONE', #3876, #1994, #26, .T. ) ;
#1972 = DIRECTION ( 'NONE',  ( 0.000000000000000000, -1.000000000000000000, 0.000000000000000000 ) ) ;
#1973 = CARTESIAN_POINT ( 'NONE',  ( -0.3959122437113787862, 0.4793791180929146689, 0.02791801549324952891 ) ) ;
#1974 = CARTESIAN_POINT ( 'NONE',  ( -0.3959122437113787862, 0.4793791180929146689, 0.1307747726978751024 ) ) ;
#1975 = ORIENTED_EDGE ( 'NONE', *, *, #5271, .F. ) ;
#1976 = PLANE ( 'NONE',  #4308 ) ;
#1977 = PLANE ( 'NONE',  #955 ) ;
#1978 = EDGE_LOOP ( 'NONE', ( #3129, #3264 ) ) ;
#1979 = VECTOR ( 'NONE', #5508, 1000.000000000000000 ) ;
#1980 = EDGE_CURVE ( 'NONE', #1022, #1870, #432, .T. ) ;
#1981 = CIRCLE ( 'NONE', #2760, 0.04367102052587229499 ) ;
#1982 = APPROVAL ( #2764, '未' ) ;
#1983 = CARTESIAN_POINT ( 'NONE',  ( -0.4165985165920551014, -0.4285184138923239239, 0.1307747726978751024 ) ) ;
#1984 = FACE_OUTER_BOUND ( 'NONE', #2886, .T. ) ;
#1985 = ORIENTED_EDGE ( 'NONE', *, *, #3559, .T. ) ;
#1986 = CARTESIAN_POINT ( 'NONE',  ( 0.6246105172581994935, -0.3940412924245302317, 0.08193378139179516295 ) ) ;
#1987 = CARTESIAN_POINT ( 'NONE',  ( -0.4199460298353350773, 0.4563943704477881891, -0.09432545575151699002 ) ) ;
#1988 = ORIENTED_EDGE ( 'NONE', *, *, #4626, .F. ) ;
#1989 = EDGE_CURVE ( 'NONE', #1033, #1653, #3777, .T. ) ;
#1990 = DIRECTION ( 'NONE',  ( 0.000000000000000000, -2.800000000000000139E-16, -1.000000000000000000 ) ) ;
#1991 = CARTESIAN_POINT ( 'NONE',  ( 0.4377967816222277930, -0.4285184138923239239, -0.1090193855032193376 ) ) ;
#1992 = CARTESIAN_POINT ( 'NONE',  ( -0.4473646036486199074, 0.4793791180929146689, -0.1042098178375330253 ) ) ;
#1993 = DIRECTION ( 'NONE',  ( 1.000000000000000000, 0.000000000000000000, 0.000000000000000000 ) ) ;
#1994 = VERTEX_POINT ( 'NONE', #2385 ) ;
#1995 = PLANE ( 'NONE',  #64 ) ;
#1996 = EDGE_LOOP ( 'NONE', ( #3388, #1110 ) ) ;
#1997 = AXIS2_PLACEMENT_3D ( 'NONE', #928, #2791, #1511 ) ;
#1998 = CARTESIAN_POINT ( 'NONE',  ( -0.3963646054638656491, -0.4292658860950934741, -0.1129878178800618610 ) ) ;
#1999 = CIRCLE ( 'NONE', #4589, 0.03447712146779387254 ) ;
#2000 = CARTESIAN_POINT ( 'NONE',  ( -0.3981887611483112543, -0.4285184138923239239, -0.1117048115648897749 ) ) ;
#2001 = ORIENTED_EDGE ( 'NONE', *, *, #4372, .F. ) ;
#2002 = DIRECTION ( 'NONE',  ( 0.000000000000000000, 1.000000000000000000, -2.200000000000000003E-16 ) ) ;
#2003 = ORIENTED_EDGE ( 'NONE', *, *, #3189, .F. ) ;
#2004 = LINE ( 'NONE', #591, #4860 ) ;
#2005 = CARTESIAN_POINT ( 'NONE',  ( 0.6246105172581994935, -0.3250870494889427365, -0.03184071945192468167 ) ) ;
#2006 = CARTESIAN_POINT ( 'NONE',  ( -0.3947630408062398066, -0.1917755131468061036, -0.2076411822409144625 ) ) ;
#2007 = EDGE_LOOP ( 'NONE', ( #33, #4068 ) ) ;
#2008 = CARTESIAN_POINT ( 'NONE',  ( 0.4776197626873304181, 0.4811604284126294595, -0.1159455959559061028 ) ) ;
#2009 = DIRECTION ( 'NONE',  ( -0.000000000000000000, 1.000000000000000000, 0.000000000000000000 ) ) ;
#2010 = ORIENTED_EDGE ( 'NONE', *, *, #3218, .T. ) ;
#2011 = EDGE_CURVE ( 'NONE', #2902, #1227, #4022, .T. ) ;
#2012 = LINE ( 'NONE', #939, #5255 ) ;
#2013 = DIRECTION ( 'NONE',  ( -0.000000000000000000, 1.000000000000000000, 0.000000000000000000 ) ) ;
#2014 = VERTEX_POINT ( 'NONE', #4196 ) ;
#2015 = CARTESIAN_POINT ( 'NONE',  ( 0.4442197342989437914, -0.4285184138923239239, -0.1112982323574668309 ) ) ;
#2016 = LINE ( 'NONE', #3865, #3572 ) ;
#2017 = AXIS2_PLACEMENT_3D ( 'NONE', #3895, #605, #2474 ) ;
#2018 = CARTESIAN_POINT ( 'NONE',  ( 0.6246105172581994935, -0.3262362868712024300, -0.01919910824706693234 ) ) ;
#2019 = EDGE_CURVE ( 'NONE', #1158, #5197, #4168, .T. ) ;
#2020 = LINE ( 'NONE', #1100, #1633 ) ;
#2021 = CARTESIAN_POINT ( 'NONE',  ( 0.6246105172581994935, -0.3250870494889427365, 0.1141452847918281582 ) ) ;
#2022 = CARTESIAN_POINT ( 'NONE',  ( -0.4355774879137586653, 0.4793791180929146689, -0.1114976366291530741 ) ) ;
#2023 = EDGE_CURVE ( 'NONE', #5991, #633, #3267, .T. ) ;
#2024 = EDGE_LOOP ( 'NONE', ( #521, #4122, #2614, #3474 ) ) ;
#2025 = CARTESIAN_POINT ( 'NONE',  ( -0.5096867790322197056, -0.4101306157761677729, -0.1731640607731207704 ) ) ;
#2026 = ORIENTED_EDGE ( 'NONE', *, *, #5913, .T. ) ;
#2027 = EDGE_CURVE ( 'NONE', #4973, #2120, #4220, .T. ) ;
#2028 = VECTOR ( 'NONE', #164, 1000.000000000000000 ) ;
#2029 = DIRECTION ( 'NONE',  ( 0.000000000000000000, 1.000000000000000000, -2.200000000000000003E-16 ) ) ;
#2030 = DIRECTION ( 'NONE',  ( -1.000000000000000000, 0.000000000000000000, 9.930632803446247427E-15 ) ) ;
#2031 = EDGE_LOOP ( 'NONE', ( #3902, #4284, #5985, #4813 ) ) ;
#2032 = DIRECTION ( 'NONE',  ( -1.000000000000000000, 0.000000000000000000, 0.000000000000000000 ) ) ;
#2033 = VERTEX_POINT ( 'NONE', #1838 ) ;
#2034 = EDGE_CURVE ( 'NONE', #3449, #4135, #892, .T. ) ;
#2035 = CIRCLE ( 'NONE', #2420, 0.005746186911298984540 ) ;
#2036 =( BOUNDED_CURVE ( )  B_SPLINE_CURVE ( 3, ( #5095, #1893, #51, #944 ),
 .UNSPECIFIED., .F., .T. ) 
 B_SPLINE_CURVE_WITH_KNOTS ( ( 4, 4 ),
 ( 3.257444174729214659, 3.340679923306449695 ),
 .UNSPECIFIED. ) 
 CURVE ( )  GEOMETRIC_REPRESENTATION_ITEM ( )  RATIONAL_B_SPLINE_CURVE ( ( 1.000000000000000000, 0.9994227341747660143, 0.9994227341747660143, 1.000000000000000000 ) ) 
 REPRESENTATION_ITEM ( '' )  );
#2037 = DIRECTION ( 'NONE',  ( 0.000000000000000000, 0.000000000000000000, 1.000000000000000000 ) ) ;
#2038 = CARTESIAN_POINT ( 'NONE',  ( 0.5901333957904049132, -0.8031697890166439313, -0.1731640607731207704 ) ) ;
#2039 = CARTESIAN_POINT ( 'NONE',  ( -0.5096867790322197056, -0.1917755131468061036, -0.1731640607731207704 ) ) ;
#2040 = ORIENTED_EDGE ( 'NONE', *, *, #590, .T. ) ;
#2041 = DIRECTION ( 'NONE',  ( 0.000000000000000000, -2.800000000000000139E-16, -1.000000000000000000 ) ) ;
#2042 = DIRECTION ( 'NONE',  ( 0.000000000000000000, 1.000000000000000000, -2.800000000000000139E-16 ) ) ;
#2043 = EDGE_LOOP ( 'NONE', ( #2165, #784 ) ) ;
#2044 = AXIS2_PLACEMENT_3D ( 'NONE', #571, #3831, #5667 ) ;
#2045 = FACE_OUTER_BOUND ( 'NONE', #4221, .T. ) ;
#2046 = CARTESIAN_POINT ( 'NONE',  ( -0.4165985165920551014, -0.4285184138923239239, 0.1307747726978751024 ) ) ;
#2047 = ORIENTED_EDGE ( 'NONE', *, *, #1842, .T. ) ;
#2048 = CARTESIAN_POINT ( 'NONE',  ( 0.4404081863877461478, -0.4285184138923239239, -0.1095904334437221433 ) ) ;
#2049 = FACE_OUTER_BOUND ( 'NONE', #5267, .T. ) ;
#2050 =( BOUNDED_CURVE ( )  B_SPLINE_CURVE ( 3, ( #5031, #5480, #2289, #966 ),
 .UNSPECIFIED., .F., .T. ) 
 B_SPLINE_CURVE_WITH_KNOTS ( ( 4, 4 ),
 ( 1.570795778644464846, 2.241297841434475302 ),
 .UNSPECIFIED. ) 
 CURVE ( )  GEOMETRIC_REPRESENTATION_ITEM ( )  RATIONAL_B_SPLINE_CURVE ( ( 1.000000000000000000, 0.9628851656622149369, 0.9628851656622149369, 1.000000000000000000 ) ) 
 REPRESENTATION_ITEM ( '' )  );
#2051 = EDGE_LOOP ( 'NONE', ( #946, #4906, #5817, #4362 ) ) ;
#2052 = VECTOR ( 'NONE', #4219, 1000.000000000000000 ) ;
#2053 = CARTESIAN_POINT ( 'NONE',  ( 0.4418817734788919038, -0.8498639728996180143, -0.1665401200595445497 ) ) ;
#2054 = CARTESIAN_POINT ( 'NONE',  ( -0.5211791528548175290, 0.8402396561224900751, -0.1490891920208964050 ) ) ;
#2055 = EDGE_CURVE ( 'NONE', #5427, #4843, #30, .T. ) ;
#2056 = AXIS2_PLACEMENT_3D ( 'NONE', #4521, #2238, #4079 ) ;
#2057 = CARTESIAN_POINT ( 'NONE',  ( -0.4283744325174413947, 0.4793791180929146689, -0.1135998518405244989 ) ) ;
#2058 = LINE ( 'NONE', #3842, #167 ) ;
#2059 = ORIENTED_EDGE ( 'NONE', *, *, #2298, .T. ) ;
#2060 = EDGE_CURVE ( 'NONE', #4621, #3582, #5957, .T. ) ;
#2061 = CARTESIAN_POINT ( 'NONE',  ( -0.4305035813213690110, -0.4302997242119351307, -0.1159455959559635152 ) ) ;
#2062 = PLANE ( 'NONE',  #708 ) ;
#2063 = ORIENTED_EDGE ( 'NONE', *, *, #5841, .T. ) ;
#2064 = CYLINDRICAL_SURFACE ( 'NONE', #3184, 0.02068627288067634643 ) ;
#2065 = VERTEX_POINT ( 'NONE', #3296 ) ;
#2066 = PERSON ( '未', '未', '未', ('未'), ('未'), ('未') ) ;
#2067 = DIRECTION ( 'NONE',  ( 0.000000000000000000, 1.000000000000000000, 0.000000000000000000 ) ) ;
#2069 = EDGE_CURVE ( 'NONE', #4213, #5362, #5131, .T. ) ;
#2068 = DIRECTION ( 'NONE',  ( 1.000000000000000000, -4.402226040911000110E-16, -2.836008874726000025E-16 ) ) ;
#2070 = CARTESIAN_POINT ( 'NONE',  ( 0.4292401622740334433, -0.4101306157761677729, -0.1731640607731207704 ) ) ;
#2071 = ORIENTED_EDGE ( 'NONE', *, *, #814, .F. ) ;
#2072 = CARTESIAN_POINT ( 'NONE',  ( -0.5096867790322197056, 0.8402914752360569617, -0.1501793131279247906 ) ) ;
#2073 = DIRECTION ( 'NONE',  ( 0.000000000000000000, -1.000000000000000000, 2.200000000000000003E-16 ) ) ;
#2074 = ORIENTED_EDGE ( 'NONE', *, *, #4057, .F. ) ;
#2075 = AXIS2_PLACEMENT_3D ( 'NONE', #884, #4574, #450 ) ;
#2076 = AXIS2_PLACEMENT_3D ( 'NONE', #2916, #200, #2067 ) ;
#2077 = DIRECTION ( 'NONE',  ( 0.000000000000000000, -1.000000000000000000, 0.000000000000000000 ) ) ;
#2078 = CARTESIAN_POINT ( 'NONE',  ( -0.4165985165920551014, 0.4563943704477188557, 0.1307747726978751024 ) ) ;
#2079 = ORIENTED_EDGE ( 'NONE', *, *, #4753, .T. ) ;
#2080 = CARTESIAN_POINT ( 'NONE',  ( 0.6246105172581994935, -0.3940412924245302317, -0.01919910824706693234 ) ) ;
#2081 = CIRCLE ( 'NONE', #2276, 0.03447712146779387254 ) ;
#2082 = FACE_BOUND ( 'NONE', #1851, .T. ) ;
#2083 = LINE ( 'NONE', #5640, #2654 ) ;
#2084 = AXIS2_PLACEMENT_3D ( 'NONE', #4380, #1177, #4410 ) ;
#2085 = DIRECTION ( 'NONE',  ( -1.000000000000000000, 0.000000000000000000, 0.000000000000000000 ) ) ;
#2086 = CARTESIAN_POINT ( 'NONE',  ( 0.4776197626876751423, -0.4302997242123949850, -0.1159455959558486904 ) ) ;
#2087 = CARTESIAN_POINT ( 'NONE',  ( -0.3997695142758356246, 0.4793791180929146689, -0.1122287072138504760 ) ) ;
#2088 = AXIS2_PLACEMENT_3D ( 'NONE', #2672, #4059, #1754 ) ;
#2089 = LINE ( 'NONE', #1172, #3766 ) ;
#2090 = B_SPLINE_SURFACE_WITH_KNOTS ( 'NONE', 1, 10, ( 
 ( #2282, #4121, #5964, #358, #3558, #1816, #5853, #4934, #1361, #3216, #5052 ),
 ( #442, #1707, #5388, #782, #2647, #4478, #328, #1021, #2911, #4653, #39 ) ),
 .UNSPECIFIED., .F., .F., .F.,
 ( 2, 2 ),
 ( 11, 11 ),
 ( 0.000000000000000000, 2.814016933089000361 ),
 ( 7.075291698147999853, 9.889308631237000213 ),
 .UNSPECIFIED. ) ;
#2091 = VERTEX_POINT ( 'NONE', #1869 ) ;
#2092 = ADVANCED_FACE ( 'NONE', ( #5162 ), #3488, .F. ) ;
#2093 = FACE_OUTER_BOUND ( 'NONE', #3060, .T. ) ;
#2094 = DIRECTION ( 'NONE',  ( 0.000000000000000000, -1.000000000000000000, 2.200000000000000003E-16 ) ) ;
#2095 = VERTEX_POINT ( 'NONE', #2415 ) ;
#2096 = CARTESIAN_POINT ( 'NONE',  ( 0.6246105172581994935, -0.3940412924245302317, -0.01919910824706693234 ) ) ;
#2097 = EDGE_LOOP ( 'NONE', ( #25, #5909, #2864, #1894 ) ) ;
#2098 = EDGE_CURVE ( 'NONE', #3111, #4493, #2171, .T. ) ;
#2099 = AXIS2_PLACEMENT_3D ( 'NONE', #172, #1150, #2041 ) ;
#2100 = CARTESIAN_POINT ( 'NONE',  ( 0.6246105172581994935, 0.4793791180929146689, 0.2290690230178078768 ) ) ;
#2101 = DIRECTION ( 'NONE',  ( -1.000000000000000000, 0.000000000000000000, 0.000000000000000000 ) ) ;
#2102 = CARTESIAN_POINT ( 'NONE',  ( -0.6246105172581994935, -0.3308332364002412596, 0.06929217018693738239 ) ) ;
#2103 = ORIENTED_EDGE ( 'NONE', *, *, #2292, .F. ) ;
#2104 = DIRECTION ( 'NONE',  ( 1.000000000000000000, 0.000000000000000000, 0.000000000000000000 ) ) ;
#2105 = CARTESIAN_POINT ( 'NONE',  ( 0.4782887971585361719, -0.4055336662471280551, -0.08789668957863107368 ) ) ;
#2106 = ORIENTED_EDGE ( 'NONE', *, *, #2611, .T. ) ;
#2107 = EDGE_CURVE ( 'NONE', #2595, #1536, #5394, .T. ) ;
#2108 = FACE_OUTER_BOUND ( 'NONE', #1581, .T. ) ;
#2109 = DIRECTION ( 'NONE',  ( 0.000000000000000000, 1.000000000000000000, 0.000000000000000000 ) ) ;
#2110 = VERTEX_POINT ( 'NONE', #4251 ) ;
#2111 = LINE ( 'NONE', #4457, #3452 ) ;
#2112 = DIRECTION ( 'NONE',  ( -1.000000000000000000, 0.000000000000000000, 0.000000000000000000 ) ) ;
#2113 = CARTESIAN_POINT ( 'NONE',  ( -0.4292401622740334433, -0.1917755131468061036, -0.1731640607731207704 ) ) ;
#2114 = FACE_OUTER_BOUND ( 'NONE', #1861, .T. ) ;
#2115 = EDGE_CURVE ( 'NONE', #2416, #899, #2140, .T. ) ;
#2116 = CARTESIAN_POINT ( 'NONE',  ( 0.4670622112010210381, 0.4563943704476495222, -0.09432545575160895812 ) ) ;
#2117 = DIRECTION ( 'NONE',  ( 0.000000000000000000, 0.000000000000000000, 1.000000000000000000 ) ) ;
#2118 = CARTESIAN_POINT ( 'NONE',  ( -0.3947630408062398066, -0.4101306157761677729, -0.1731640607731207704 ) ) ;
#2119 = DIRECTION ( 'NONE',  ( -1.000000000000000000, 0.000000000000000000, 0.000000000000000000 ) ) ;
#2120 = VERTEX_POINT ( 'NONE', #3840 ) ;
#2121 = VECTOR ( 'NONE', #5313, 1000.000000000000000 ) ;
#2122 = CARTESIAN_POINT ( 'NONE',  ( -0.4473646036486199074, -0.4285184138923239239, -0.1042098178375330253 ) ) ;
#2123 = CARTESIAN_POINT ( 'NONE',  ( -0.3874642802742032099, -0.4285184138923239239, -0.1057498176824688413 ) ) ;
#2124 = VECTOR ( 'NONE', #4700, 1000.000000000000000 ) ;
#2125 = VERTEX_POINT ( 'NONE', #3503 ) ;
#2126 = CIRCLE ( 'NONE', #1636, 0.04367102052587229499 ) ;
#2127 = ORIENTED_EDGE ( 'NONE', *, *, #160, .F. ) ;
#2128 = AXIS2_PLACEMENT_3D ( 'NONE', #2239, #2635, #5463 ) ;
#2129 = DIRECTION ( 'NONE',  ( 0.000000000000000000, -1.000000000000000000, 0.000000000000000000 ) ) ;
#2130 = DIRECTION ( 'NONE',  ( 0.000000000000000000, 0.7071067811865475727, -0.7071067811865475727 ) ) ;
#2131 = EDGE_CURVE ( 'NONE', #3414, #5427, #304, .T. ) ;
#2132 = VERTEX_POINT ( 'NONE', #125 ) ;
#2133 = CARTESIAN_POINT ( 'NONE',  ( -0.4165998267226706520, 0.4793791180929146689, -0.07321487414561253515 ) ) ;
#2134 = ORIENTED_EDGE ( 'NONE', *, *, #3361, .T. ) ;
#2135 = AXIS2_PLACEMENT_3D ( 'NONE', #5239, #2495, #5269 ) ;
#2136 = EDGE_CURVE ( 'NONE', #4187, #5232, #1254, .T. ) ;
#2137 = CARTESIAN_POINT ( 'NONE',  ( 0.6246105172581994935, 0.4334096228025230979, -0.1203319978859289513 ) ) ;
#2138 = DIRECTION ( 'NONE',  ( 1.000000000000000000, 0.000000000000000000, 0.000000000000000000 ) ) ;
#2139 = ORIENTED_EDGE ( 'NONE', *, *, #4661, .T. ) ;
#2140 = LINE ( 'NONE', #5830, #516 ) ;
#2141 = PLANE ( 'NONE',  #6003 ) ;
#2142 = ORIENTED_EDGE ( 'NONE', *, *, #34, .T. ) ;
#2143 = CARTESIAN_POINT ( 'NONE',  ( -0.6246105172581994935, 0.4793791180929146689, -0.1042098178375330253 ) ) ;
#2144 = CARTESIAN_POINT ( 'NONE',  ( -0.6246105172581994935, -0.3250870494889427365, 0.06782686904000519157 ) ) ;
#2145 = CIRCLE ( 'NONE', #286, 0.005746186911298974132 ) ;
#2146 = CARTESIAN_POINT ( 'NONE',  ( -0.4311726157928267855, 0.4563943704477188557, -0.08789668957863107368 ) ) ;
#2147 = DIRECTION ( 'NONE',  ( 1.000000000000000000, 0.000000000000000000, 0.000000000000000000 ) ) ;
#2148 = ADVANCED_FACE ( 'NONE', ( #5860 ), #3810, .F. ) ;
#2149 = CARTESIAN_POINT ( 'NONE',  ( -0.4070133190423340097, -0.4055336662471280551, -0.09205445074294582586 ) ) ;
#2150 = AXIS2_PLACEMENT_3D ( 'NONE', #4498, #1324, #2724 ) ;
#2151 = LINE ( 'NONE', #2602, #4062 ) ;
#2152 = VERTEX_POINT ( 'NONE', #5677 ) ;
#2153 = VECTOR ( 'NONE', #4666, 1000.000000000000000 ) ;
#2154 = CARTESIAN_POINT ( 'NONE',  ( 0.4842615994186147410, -0.8739567062529962627, -0.2139014376717931210 ) ) ;
#2155 = CARTESIAN_POINT ( 'NONE',  ( -0.4350559331647296246, -0.4285184138923239239, -0.1116887810332242575 ) ) ;
#2156 = ORIENTED_EDGE ( 'NONE', *, *, #4035, .F. ) ;
#2157 = DIRECTION ( 'NONE',  ( 0.000000000000000000, 1.000000000000000000, -2.200000000000000003E-16 ) ) ;
#2158 = ORIENTED_EDGE ( 'NONE', *, *, #5076, .F. ) ;
#2159 = EDGE_CURVE ( 'NONE', #4976, #1847, #3017, .T. ) ;
#2160 = DIRECTION ( 'NONE',  ( 0.000000000000000000, 1.000000000000000000, 0.000000000000000000 ) ) ;
#2161 = CARTESIAN_POINT ( 'NONE',  ( 0.5276861884508670109, -0.8638241628272272932, -0.2081828995729444742 ) ) ;
#2162 = ORIENTED_EDGE ( 'NONE', *, *, #5501, .F. ) ;
#2163 = LINE ( 'NONE', #5823, #2199 ) ;
#2164 = CARTESIAN_POINT ( 'NONE',  ( -0.4165985165920551014, 0.4793791180929146689, 0.02791801549324952544 ) ) ;
#2165 = ORIENTED_EDGE ( 'NONE', *, *, #4791, .T. ) ;
#2166 = EDGE_CURVE ( 'NONE', #4252, #109, #273, .T. ) ;
#2167 = CARTESIAN_POINT ( 'NONE',  ( 0.4423676065224884657, 0.4793791180929146689, -0.1105349102198141253 ) ) ;
#2168 = CARTESIAN_POINT ( 'NONE',  ( -0.4372860996033470227, -0.4055336662471280551, -0.07321487414561235474 ) ) ;
#2169 = ORIENTED_EDGE ( 'NONE', *, *, #1091, .F. ) ;
#2170 = CIRCLE ( 'NONE', #5534, 0.02068627288067634643 ) ;
#2171 = LINE ( 'NONE', #1961, #2670 ) ;
#2172 = CARTESIAN_POINT ( 'NONE',  ( 0.6246105172581994935, 0.3702015667782341257, 0.06929217018693738239 ) ) ;
#2173 = ORIENTED_EDGE ( 'NONE', *, *, #5413, .F. ) ;
#2174 = CARTESIAN_POINT ( 'NONE',  ( -0.4602695371179273964, 0.4793791180929146689, 0.02791801549324952544 ) ) ;
#2175 = LINE ( 'NONE', #698, #2557 ) ;
#2176 = EDGE_CURVE ( 'NONE', #4999, #3359, #815, .T. ) ;
#2177 = VECTOR ( 'NONE', #2477, 1000.000000000000000 ) ;
#2178 = CARTESIAN_POINT ( 'NONE',  ( 0.6246105172581994935, -0.3940412924245302317, 0.1669773476790199773 ) ) ;
#2179 = CARTESIAN_POINT ( 'NONE',  ( -0.4292401622740334433, -0.1572983916790124115, -0.1731640607731207704 ) ) ;
#2180 = VECTOR ( 'NONE', #2085, 1000.000000000000000 ) ;
#2181 = CARTESIAN_POINT ( 'NONE',  ( -0.4020270376523993883, -0.4055336662471280551, -0.08789668957863107368 ) ) ;
#2182 = LINE ( 'NONE', #2719, #3465 ) ;
#2183 = VERTEX_POINT ( 'NONE', #3533 ) ;
#2184 = VECTOR ( 'NONE', #4924, 1000.000000000000000 ) ;
#2185 = EDGE_CURVE ( 'NONE', #4768, #1764, #1793, .T. ) ;
#2186 = CIRCLE ( 'NONE', #1398, 0.02068627288067634643 ) ;
#2187 = CARTESIAN_POINT ( 'NONE',  ( -0.3729274960661828064, 0.4793791180929146689, 0.02791801549324953238 ) ) ;
#2188 = CARTESIAN_POINT ( 'NONE',  ( -0.4360961005113131450, -0.4285184138923239239, -0.1112982323577195454 ) ) ;
#2189 = EDGE_LOOP ( 'NONE', ( #4835, #3553 ) ) ;
#2190 = FACE_OUTER_BOUND ( 'NONE', #527, .T. ) ;
#2191 = ORIENTED_EDGE ( 'NONE', *, *, #1356, .T. ) ;
#2192 = CARTESIAN_POINT ( 'NONE',  ( -0.4602695371179273964, 0.4793791180929146689, 0.1307747726978751024 ) ) ;
#2193 = CARTESIAN_POINT ( 'NONE',  ( 0.6246105172581994935, 0.3644553798669347700, 0.07676221317162604252 ) ) ;
#2194 = ORIENTED_EDGE ( 'NONE', *, *, #21, .T. ) ;
#2195 = DIRECTION ( 'NONE',  ( 0.000000000000000000, 1.000000000000000000, 0.000000000000000000 ) ) ;
#2196 = FACE_OUTER_BOUND ( 'NONE', #4366, .T. ) ;
#2197 = EDGE_CURVE ( 'NONE', #4527, #3101, #1043, .T. ) ;
#2198 = ORIENTED_EDGE ( 'NONE', *, *, #4329, .F. ) ;
#2199 = VECTOR ( 'NONE', #3886, 1000.000000000000000 ) ;
#2200 = CARTESIAN_POINT ( 'NONE',  ( 0.4876193068191539415, 0.4793791180929146689, -0.1092678989583842908 ) ) ;
#2201 = DIRECTION ( 'NONE',  ( 0.000000000000000000, 0.000000000000000000, 1.000000000000000000 ) ) ;
#2202 = ORIENTED_EDGE ( 'NONE', *, *, #5800, .T. ) ;
#2203 = CARTESIAN_POINT ( 'NONE',  ( 0.4637160080883331870, 0.4793791180929146689, -0.07321487414561253515 ) ) ;
#2204 = CARTESIAN_POINT ( 'NONE',  ( -0.4165998267226706520, -0.4285184138923239239, -0.07321487414561253515 ) ) ;
#2205 = CIRCLE ( 'NONE', #5871, 0.02068627288067634643 ) ;
#2206 = EDGE_LOOP ( 'NONE', ( #3847, #1220, #1643, #3896, #94 ) ) ;
#2207 = EDGE_CURVE ( 'NONE', #2703, #4391, #4, .T. ) ;
#2208 = EDGE_CURVE ( 'NONE', #4636, #4591, #2186, .T. ) ;
#2209 = CARTESIAN_POINT ( 'NONE',  ( 0.3671820446668083160, -0.8111297895728382112, -0.1147836540066201061 ) ) ;
#2210 = CARTESIAN_POINT ( 'NONE',  ( -0.3959122437113787862, -0.3940412924245302317, 0.02791801549324972320 ) ) ;
#2211 = CARTESIAN_POINT ( 'NONE',  ( -0.3971482351849602299, 0.4793791180929146689, -0.1113155008413195535 ) ) ;
#2212 = EDGE_CURVE ( 'NONE', #4873, #2850, #4795, .T. ) ;
#2213 = CARTESIAN_POINT ( 'NONE',  ( 0.3671820446668083160, -0.7997279457992354512, -0.1386869393053268840 ) ) ;
#2214 = ORIENTED_EDGE ( 'NONE', *, *, #637, .T. ) ;
#2215 = DIRECTION ( 'NONE',  ( 0.000000000000000000, 0.000000000000000000, 1.000000000000000000 ) ) ;
#2216 = DIRECTION ( 'NONE',  ( -1.000000000000000000, 0.000000000000000000, 0.000000000000000000 ) ) ;
#2217 = ORIENTED_EDGE ( 'NONE', *, *, #3218, .F. ) ;
#2218 = CARTESIAN_POINT ( 'NONE',  ( -0.4165985165920551014, -0.4285184138923239239, 0.02791801549324952544 ) ) ;
#2219 = EDGE_CURVE ( 'NONE', #4428, #2827, #2111, .T. ) ;
#2220 = ORIENTED_EDGE ( 'NONE', *, *, #2098, .T. ) ;
#2221 = AXIS2_PLACEMENT_3D ( 'NONE', #1746, #3024, #700 ) ;
#2222 = AXIS2_PLACEMENT_3D ( 'NONE', #1327, #1783, #2727 ) ;
#2223 = CARTESIAN_POINT ( 'NONE',  ( 0.4763588949466857625, -0.8643751213721759807, -0.1877486053990913839 ) ) ;
#2224 = ORIENTED_EDGE ( 'NONE', *, *, #2115, .T. ) ;
#2225 = CARTESIAN_POINT ( 'NONE',  ( 0.4734858014910359181, -0.8357378691163013240, -0.1919672599023046766 ) ) ;
#2226 = PERSON_AND_ORGANIZATION ( #2066, #1157 ) ;
#2227 = ADVANCED_FACE ( 'NONE', ( #3619 ), #1337, .T. ) ;
#2228 = ORIENTED_EDGE ( 'NONE', *, *, #5947, .F. ) ;
#2229 = AXIS2_PLACEMENT_3D ( 'NONE', #4467, #5895, #1262 ) ;
#2230 = CARTESIAN_POINT ( 'NONE',  ( 0.4660874815432175522, 0.4793791180929146689, -0.1146288057561260787 ) ) ;
#2231 = ORIENTED_EDGE ( 'NONE', *, *, #1918, .T. ) ;
#2232 = DIRECTION ( 'NONE',  ( 0.000000000000000000, 1.000000000000000000, -2.200000000000000003E-16 ) ) ;
#2233 = DIRECTION ( 'NONE',  ( -1.000000000000000000, 0.000000000000000000, 0.000000000000000000 ) ) ;
#2234 = ORIENTED_EDGE ( 'NONE', *, *, #2747, .F. ) ;
#2235 = AXIS2_PLACEMENT_3D ( 'NONE', #935, #4100, #2262 ) ;
#2236 = DIRECTION ( 'NONE',  ( -1.000000000000000000, 0.000000000000000000, 0.000000000000000000 ) ) ;
#2237 = CARTESIAN_POINT ( 'NONE',  ( 0.6246105172581994935, 0.4334096228025230979, 0.06584445804015801040 ) ) ;
#2238 = DIRECTION ( 'NONE',  ( 0.000000000000000000, 1.000000000000000000, 0.000000000000000000 ) ) ;
#2239 = CARTESIAN_POINT ( 'NONE',  ( -0.5096867790322197056, -0.4446077372439614650, -0.1731640607731207704 ) ) ;
#2240 = VERTEX_POINT ( 'NONE', #3136 ) ;
#2241 = AXIS2_PLACEMENT_3D ( 'NONE', #4045, #3077, #5335 ) ;
#2242 = EDGE_CURVE ( 'NONE', #1743, #5362, #2205, .T. ) ;
#2243 = AXIS2_PLACEMENT_3D ( 'NONE', #130, #2514, #5320 ) ;
#2244 = CARTESIAN_POINT ( 'NONE',  ( 0.6246105172581994935, -0.3308332364002412596, -0.03184071945192468167 ) ) ;
#2245 = CARTESIAN_POINT ( 'NONE',  ( -0.4236901904838492050, -0.4285184138923239239, -0.1143270532786249682 ) ) ;
#2246 = EDGE_LOOP ( 'NONE', ( #3779, #4743 ) ) ;
#2247 = DIRECTION ( 'NONE',  ( -1.000000000000000000, 0.000000000000000000, 9.853049734669323200E-15 ) ) ;
#2248 = EDGE_LOOP ( 'NONE', ( #1571, #5855, #1321, #1962, #987 ) ) ;
#2249 = VECTOR ( 'NONE', #3058, 999.9999999999998863 ) ;
#2250 = EDGE_CURVE ( 'NONE', #4449, #5213, #5280, .T. ) ;
#2251 = EDGE_CURVE ( 'NONE', #3457, #2406, #3166, .T. ) ;
#2252 = DIRECTION ( 'NONE',  ( 0.000000000000000000, -0.4856406976879721338, 0.8741585169459482607 ) ) ;
#2253 = AXIS2_PLACEMENT_3D ( 'NONE', #2172, #1160, #4488 ) ;
#2254 = ORIENTED_EDGE ( 'NONE', *, *, #3315, .F. ) ;
#2255 = DIRECTION ( 'NONE',  ( -1.000000000000000000, 0.000000000000000000, 0.000000000000000000 ) ) ;
#2256 = DATE_AND_TIME ( #5506, #1934 ) ;
#2257 = ORIENTED_EDGE ( 'NONE', *, *, #4292, .T. ) ;
#2258 = EDGE_CURVE ( 'NONE', #2299, #4628, #421, .T. ) ;
#2259 = CARTESIAN_POINT ( 'NONE',  ( 0.4754637715308840384, 0.4793791180929146689, -0.1136043072444725965 ) ) ;
#2260 = ORIENTED_EDGE ( 'NONE', *, *, #1802, .T. ) ;
#2261 = CARTESIAN_POINT ( 'NONE',  ( -0.4165985165920551014, 0.4563943704477188557, 0.02791801549324952544 ) ) ;
#2262 = DIRECTION ( 'NONE',  ( 0.000000000000000000, -2.800000000000000139E-16, -1.000000000000000000 ) ) ;
#2263 = ORIENTED_EDGE ( 'NONE', *, *, #1161, .F. ) ;
#2264 = FACE_OUTER_BOUND ( 'NONE', #5561, .T. ) ;
#2265 = CARTESIAN_POINT ( 'NONE',  ( 0.4637160080883331870, 0.4793791180929146689, -0.07321487414561253515 ) ) ;
#2266 = CARTESIAN_POINT ( 'NONE',  ( 0.4892160529604555608, -0.4285184138923239239, -0.1083530554916399963 ) ) ;
#2267 = CARTESIAN_POINT ( 'NONE',  ( 0.6246105172581994935, 0.3644553798669347700, -0.06628498422295976689 ) ) ;
#2268 = EDGE_LOOP ( 'NONE', ( #2312, #2389, #3770, #2040 ) ) ;
#2269 = AXIS2_PLACEMENT_3D ( 'NONE', #791, #308, #4888 ) ;
#2270 = AXIS2_PLACEMENT_3D ( 'NONE', #5603, #4634, #1457 ) ;
#2271 = PLANE ( 'NONE',  #1944 ) ;
#2272 = CARTESIAN_POINT ( 'NONE',  ( 0.6246105172581994935, 0.4334096228025230979, -0.01919910824706693234 ) ) ;
#2273 = ORIENTED_EDGE ( 'NONE', *, *, #223, .F. ) ;
#2274 = DIRECTION ( 'NONE',  ( 0.000000000000000000, -1.640000000000000025E-15, -1.000000000000000000 ) ) ;
#2275 = ORIENTED_EDGE ( 'NONE', *, *, #4961, .T. ) ;
#2276 = AXIS2_PLACEMENT_3D ( 'NONE', #3824, #1943, #5205 ) ;
#2277 = EDGE_CURVE ( 'NONE', #3832, #3304, #2969, .T. ) ;
#2278 = AXIS2_PLACEMENT_3D ( 'NONE', #4740, #3423, #3906 ) ;
#2279 = B_SPLINE_CURVE_WITH_KNOTS ( 'NONE', 10,
 ( #2846, #496, #3214, #926, #5988, #2336, #37, #2876, #5049, #96, #3784 ),
 .UNSPECIFIED., .F., .F.,
 ( 11, 11 ),
 ( 7.075291698147999853, 9.889308631237000213 ),
 .UNSPECIFIED. ) ;
#2280 = CARTESIAN_POINT ( 'NONE',  ( -0.6246105172581994935, -0.1760351102566003745, 0.08193378139179516295 ) ) ;
#2281 = ORIENTED_EDGE ( 'NONE', *, *, #962, .T. ) ;
#2282 = CARTESIAN_POINT ( 'NONE',  ( 0.4944807850143176919, -0.4285184138923239239, -0.1042098178375330253 ) ) ;
#2283 =( BOUNDED_SURFACE ( )  B_SPLINE_SURFACE ( 3, 1, ( 
 ( #771, #1236 ),
 ( #802, #3605 ),
 ( #4001, #2154 ),
 ( #1207, #5843 ) ),
 .UNSPECIFIED., .F., .F., .T. ) 
 B_SPLINE_SURFACE_WITH_KNOTS ( ( 4, 4 ),
 ( 2, 2 ),
 ( 4.643041514523420330E-05, 0.9999535695842259875 ),
 ( 0.000000000000000000, 1.000000000000000000 ),
 .UNSPECIFIED. ) 
 GEOMETRIC_REPRESENTATION_ITEM ( )  RATIONAL_B_SPLINE_SURFACE ( (
 ( 0.9999978256677780619, 0.9999978256677780619),
 ( 0.9843900295409900858, 0.9843900295409900858),
 ( 0.9843900295409800938, 0.9843900295409800938),
 ( 0.9999978256677489741, 0.9999978256677489741) ) ) 
 REPRESENTATION_ITEM ( '' )  SURFACE ( )  );
#2284 = VERTEX_POINT ( 'NONE', #2685 ) ;
#2285 = EDGE_CURVE ( 'NONE', #4135, #337, #3222, .T. ) ;
#2286 = LINE ( 'NONE', #3671, #706 ) ;
#2287 = EDGE_LOOP ( 'NONE', ( #4086, #781, #5190, #1044 ) ) ;
#2288 = DIRECTION ( 'NONE',  ( -1.000000000000000000, 0.000000000000000000, 9.930632803446247427E-15 ) ) ;
#2289 = CARTESIAN_POINT ( 'NONE',  ( 0.4939001739473652397, -0.8629202560744370087, -0.2076610206520342061 ) ) ;
#2290 = ORIENTED_EDGE ( 'NONE', *, *, #3792, .F. ) ;
#2291 = ADVANCED_FACE ( 'NONE', ( #1768, #4600 ), #881, .T. ) ;
#2292 = EDGE_CURVE ( 'NONE', #3691, #3154, #4943, .T. ) ;
#2293 = AXIS2_PLACEMENT_3D ( 'NONE', #4592, #5935, #2255 ) ;
#2294 = CYLINDRICAL_SURFACE ( 'NONE', #3529, 0.03160402801214438201 ) ;
#2295 = CARTESIAN_POINT ( 'NONE',  ( -0.2014038512410290804, 0.9000000000000000222, -0.1961488084183167502 ) ) ;
#2296 = CARTESIAN_POINT ( 'NONE',  ( 0.4876193068191773672, -0.4285184138923239239, -0.1092678989583727861 ) ) ;
#2297 = LINE ( 'NONE', #3019, #2983 ) ;
#2298 = EDGE_CURVE ( 'NONE', #4591, #4636, #348, .T. ) ;
#2299 = VERTEX_POINT ( 'NONE', #2317 ) ;
#2300 = CARTESIAN_POINT ( 'NONE',  ( -0.6246105172581994935, 0.4334096228025230979, -0.1203319978859289513 ) ) ;
#2301 = CARTESIAN_POINT ( 'NONE',  ( 0.4102777454667462798, -0.8397027700197811084, -0.1942563975362772422 ) ) ;
#2302 = DIRECTION ( 'NONE',  ( 0.000000000000000000, 1.000000000000000000, -2.200000000000000003E-16 ) ) ;
#2303 = VERTEX_POINT ( 'NONE', #5538 ) ;
#2304 = DIRECTION ( 'NONE',  ( 0.000000000000000000, 0.000000000000000000, -1.000000000000000000 ) ) ;
#2305 = EDGE_LOOP ( 'NONE', ( #2950, #1052, #374, #2757, #1888, #1503 ) ) ;
#2306 = CARTESIAN_POINT ( 'NONE',  ( 0.02355896410324203813, -0.4285184138923239239, 0.02849263801516691702 ) ) ;
#2307 = CARTESIAN_POINT ( 'NONE',  ( 0.6246105172581994935, 0.8402396561224900751, -0.1490891920208620158 ) ) ;
#2308 = ORIENTED_EDGE ( 'NONE', *, *, #2658, .F. ) ;
#2309 = AXIS2_PLACEMENT_3D ( 'NONE', #2113, #1657, #4401 ) ;
#2310 = LINE ( 'NONE', #4067, #1226 ) ;
#2311 = SECURITY_CLASSIFICATION_LEVEL ( 'unclassified' ) ;
#2312 = ORIENTED_EDGE ( 'NONE', *, *, #4931, .T. ) ;
#2313 = AXIS2_PLACEMENT_3D ( 'NONE', #5544, #426, #481 ) ;
#2314 = EDGE_CURVE ( 'NONE', #4785, #4565, #2485, .T. ) ;
#2315 = CARTESIAN_POINT ( 'NONE',  ( 0.2637151227301161582, -0.7997279457992354512, -0.1386869393053268840 ) ) ;
#2316 = VERTEX_POINT ( 'NONE', #3194 ) ;
#2317 = CARTESIAN_POINT ( 'NONE',  ( 0.6246105172581994935, -0.3250870494889427365, -0.02264682039384628351 ) ) ;
#2318 = FACE_OUTER_BOUND ( 'NONE', #1996, .T. ) ;
#2319 = ORIENTED_EDGE ( 'NONE', *, *, #1751, .F. ) ;
#2320 = AXIS2_PLACEMENT_3D ( 'NONE', #2488, #4412, #3939 ) ;
#2321 = ADVANCED_FACE ( 'NONE', ( #4487 ), #2711, .F. ) ;
#2322 = LINE ( 'NONE', #3141, #4667 ) ;
#2323 = LINE ( 'NONE', #2237, #3369 ) ;
#2324 = CARTESIAN_POINT ( 'NONE',  ( 0.4589891302519754634, -0.4285184138923239239, -0.1145289346839449968 ) ) ;
#2325 = DIRECTION ( 'NONE',  ( 1.000000000000000000, 0.000000000000000000, 0.000000000000000000 ) ) ;
#2326 = EDGE_LOOP ( 'NONE', ( #5762, #4524, #5224, #2410 ) ) ;
#2327 = ADVANCED_FACE ( 'NONE', ( #1741 ), #5511, .F. ) ;
#2328 = CARTESIAN_POINT ( 'NONE',  ( 0.02355896410324203813, -0.4055336662471280551, 0.02849263801516691702 ) ) ;
#2329 = LINE ( 'NONE', #5580, #1852 ) ;
#2330 = CARTESIAN_POINT ( 'NONE',  ( 0.4844035910996252192, 0.4793791180929146689, 0.02791801549324952891 ) ) ;
#2331 = ORIENTED_EDGE ( 'NONE', *, *, #1881, .T. ) ;
#2332 = FACE_OUTER_BOUND ( 'NONE', #822, .T. ) ;
#2333 = ORIENTED_EDGE ( 'NONE', *, *, #3250, .F. ) ;
#2334 = AXIS2_PLACEMENT_3D ( 'NONE', #5885, #4909, #1222 ) ;
#2335 = DIRECTION ( 'NONE',  ( -1.000000000000000000, 0.000000000000000000, 0.000000000000000000 ) ) ;
#2336 = CARTESIAN_POINT ( 'NONE',  ( 0.4637160080884025204, 0.4823384189449967385, -0.1180069949233515519 ) ) ;
#2337 = ORIENTED_EDGE ( 'NONE', *, *, #4329, .T. ) ;
#2338 = DIRECTION ( 'NONE',  ( 0.000000000000000000, 1.000000000000000000, 0.000000000000000000 ) ) ;
#2339 = ORIENTED_EDGE ( 'NONE', *, *, #3814, .T. ) ;
#2340 = VECTOR ( 'NONE', #4637, 1000.000000000000000 ) ;
#2341 = LINE ( 'NONE', #2315, #2363 ) ;
#2342 = ORIENTED_EDGE ( 'NONE', *, *, #5754, .F. ) ;
#2343 = CARTESIAN_POINT ( 'NONE',  ( 0.4702936737080456453, 0.4563943704477764762, -0.09345793522384997221 ) ) ;
#2344 = CARTESIAN_POINT ( 'NONE',  ( 0.6246105172581994935, 0.5138562395607083610, -0.1042098178375330253 ) ) ;
#2345 = ORIENTED_EDGE ( 'NONE', *, *, #3344, .F. ) ;
#2346 = EDGE_CURVE ( 'NONE', #4542, #5089, #396, .T. ) ;
#2347 = DIRECTION ( 'NONE',  ( 0.000000000000000000, -1.000000000000000000, 0.000000000000000000 ) ) ;
#2348 = DIRECTION ( 'NONE',  ( 1.000000000000000000, 0.000000000000000000, 0.000000000000000000 ) ) ;
#2349 = EDGE_LOOP ( 'NONE', ( #5075, #1412, #2973, #4406 ) ) ;
#2350 = CARTESIAN_POINT ( 'NONE',  ( 0.4919837184401326668, -0.4285184138923239239, -0.1064604583088368112 ) ) ;
#2351 = DIRECTION ( 'NONE',  ( 0.000000000000000000, 1.000000000000000000, 0.000000000000000000 ) ) ;
#2352 = ORIENTED_EDGE ( 'NONE', *, *, #2131, .T. ) ;
#2353 = LINE ( 'NONE', #2898, #1832 ) ;
#2354 = CARTESIAN_POINT ( 'NONE',  ( 0.2554183587246411924, -0.8773335005821920607, -0.2159825171647093145 ) ) ;
#2355 = ORIENTED_EDGE ( 'NONE', *, *, #338, .T. ) ;
#2356 = AXIS2_PLACEMENT_3D ( 'NONE', #1576, #234, #3430 ) ;
#2357 = FACE_OUTER_BOUND ( 'NONE', #92, .T. ) ;
#2358 = ORIENTED_EDGE ( 'NONE', *, *, #4529, .T. ) ;
#2359 = ADVANCED_FACE ( 'NONE', ( #5030 ), #4099, .F. ) ;
#2360 = AXIS2_PLACEMENT_3D ( 'NONE', #5980, #4165, #5098 ) ;
#2361 = DIRECTION ( 'NONE',  ( 1.000000000000000000, 0.000000000000000000, 0.000000000000000000 ) ) ;
#2362 = LINE ( 'NONE', #3246, #5163 ) ;
#2363 = VECTOR ( 'NONE', #472, 1000.000000000000000 ) ;
#2364 = VERTEX_POINT ( 'NONE', #2740 ) ;
#2365 = LINE ( 'NONE', #5655, #5768 ) ;
#2366 = ORIENTED_EDGE ( 'NONE', *, *, #5217, .T. ) ;
#2367 = AXIS2_PLACEMENT_3D ( 'NONE', #3402, #5386, #1244 ) ;
#2368 = EDGE_CURVE ( 'NONE', #845, #4039, #5058, .T. ) ;
#2369 = FACE_OUTER_BOUND ( 'NONE', #5333, .T. ) ;
#2370 = VECTOR ( 'NONE', #5581, 1000.000000000000000 ) ;
#2371 = ORIENTED_EDGE ( 'NONE', *, *, #4465, .T. ) ;
#2372 = CARTESIAN_POINT ( 'NONE',  ( 0.4637173182189488485, -0.4055336662471280551, 0.02791801549324952544 ) ) ;
#2373 = DIRECTION ( 'NONE',  ( -1.000000000000000000, 0.000000000000000000, 0.000000000000000000 ) ) ;
#2374 = ORIENTED_EDGE ( 'NONE', *, *, #5576, .F. ) ;
#2375 = CARTESIAN_POINT ( 'NONE',  ( 0.5050898295031807095, -0.8699562858134970433, -0.1777024489421400733 ) ) ;
#2376 = CARTESIAN_POINT ( 'NONE',  ( -0.4165985165920551014, 0.4793791180929146689, 0.1307747726978751024 ) ) ;
#2377 = ADVANCED_FACE ( 'NONE', ( #1453 ), #2884, .F. ) ;
#2378 = EDGE_LOOP ( 'NONE', ( #298, #2448, #1298, #3519, #3375, #5711, #4288, #5713, #3682, #3524, #1240, #195, #476 ) ) ;
#2379 = CARTESIAN_POINT ( 'NONE',  ( 0.4468402088892657331, -0.4285184138923239239, -0.1122144435613043750 ) ) ;
#2380 = ORIENTED_EDGE ( 'NONE', *, *, #1091, .T. ) ;
#2381 = AXIS2_PLACEMENT_3D ( 'NONE', #1880, #8, #1051 ) ;
#2382 = CARTESIAN_POINT ( 'NONE',  ( 0.4637173182189488485, 0.4563943704477188557, 0.02791801549324952544 ) ) ;
#2383 = EDGE_CURVE ( 'NONE', #845, #4252, #3826, .T. ) ;
#2384 = CARTESIAN_POINT ( 'NONE',  ( 0.3947630408062398066, -0.4446077372439614650, -0.1731640607731207704 ) ) ;
#2385 = CARTESIAN_POINT ( 'NONE',  ( -0.6246105172581994935, 0.5138562395607083610, -0.1386869393053268840 ) ) ;
#2386 = ORIENTED_EDGE ( 'NONE', *, *, #487, .F. ) ;
#2387 = DIRECTION ( 'NONE',  ( 0.000000000000000000, -0.8660253793744840944, -0.5000000422792790777 ) ) ;
#2388 = AXIS2_PLACEMENT_3D ( 'NONE', #5944, #1797, #1369 ) ;
#2389 = ORIENTED_EDGE ( 'NONE', *, *, #5146, .F. ) ;
#2390 = EDGE_CURVE ( 'NONE', #5965, #2487, #3735, .T. ) ;
#2391 = CARTESIAN_POINT ( 'NONE',  ( -0.6246105172581994935, 0.3656046172491944635, -0.01919910824706693234 ) ) ;
#2392 = DIRECTION ( 'NONE',  ( 0.000000000000000000, 0.000000000000000000, -1.000000000000000000 ) ) ;
#2393 = EDGE_LOOP ( 'NONE', ( #4504, #4147 ) ) ;
#2394 = DIRECTION ( 'NONE',  ( 0.000000000000000000, 0.000000000000000000, -1.000000000000000000 ) ) ;
#2395 = VERTEX_POINT ( 'NONE', #4236 ) ;
#2396 = VECTOR ( 'NONE', #4698, 1000.000000000000000 ) ;
#2397 = EDGE_CURVE ( 'NONE', #4213, #4381, #1122, .T. ) ;
#2398 = FACE_BOUND ( 'NONE', #1921, .T. ) ;
#2399 = EDGE_LOOP ( 'NONE', ( #5193, #4726 ) ) ;
#2400 = DIRECTION ( 'NONE',  ( -1.000000000000000000, 0.000000000000000000, 0.000000000000000000 ) ) ;
#2401 = FACE_BOUND ( 'NONE', #2807, .T. ) ;
#2402 = ORIENTED_EDGE ( 'NONE', *, *, #3583, .T. ) ;
#2403 = AXIS2_PLACEMENT_3D ( 'NONE', #5250, #2995, #5740 ) ;
#2404 = CARTESIAN_POINT ( 'NONE',  ( 0.6246105172581994935, 0.4793791180929146689, -0.1386869393053268840 ) ) ;
#2405 = CARTESIAN_POINT ( 'NONE',  ( 0.4759935364144412540, -0.4055336662471280551, -0.09017490584131614140 ) ) ;
#2406 = VERTEX_POINT ( 'NONE', #4266 ) ;
#2407 = CARTESIAN_POINT ( 'NONE',  ( -0.6246105172581994935, -0.7434094566315085917, -0.1386869393053268840 ) ) ;
#2408 = AXIS2_PLACEMENT_3D ( 'NONE', #5102, #3719, #5074 ) ;
#2409 = PLANE ( 'NONE',  #542 ) ;
#2410 = ORIENTED_EDGE ( 'NONE', *, *, #4865, .F. ) ;
#2411 = CIRCLE ( 'NONE', #3176, 0.02068627288067634643 ) ;
#2412 = CARTESIAN_POINT ( 'NONE',  ( 0.4637173182189488485, -0.4285184138923239239, 0.02791801549324952544 ) ) ;
#2413 = DIRECTION ( 'NONE',  ( 0.000000000000000000, 0.000000000000000000, -1.000000000000000000 ) ) ;
#2414 = CARTESIAN_POINT ( 'NONE',  ( 0.4200462976930765535, 0.4793791180929146689, 0.02791801549324952544 ) ) ;
#2415 = CARTESIAN_POINT ( 'NONE',  ( 0.6246105172581994935, -0.3940412924245302317, -0.03528843159870404672 ) ) ;
#2416 = VERTEX_POINT ( 'NONE', #1058 ) ;
#2417 = CARTESIAN_POINT ( 'NONE',  ( 0.6246105172581994935, -0.3283285315945022598, 0.08193378139179516295 ) ) ;
#2418 = ADVANCED_FACE ( 'NONE', ( #107, #1483 ), #1976, .T. ) ;
#2419 = ORIENTED_EDGE ( 'NONE', *, *, #3461, .F. ) ;
#2420 = AXIS2_PLACEMENT_3D ( 'NONE', #1580, #1029, #5697 ) ;
#2421 = ADVANCED_FACE ( 'NONE', ( #1517 ), #5597, .T. ) ;
#2422 = CARTESIAN_POINT ( 'NONE',  ( 0.6246105172581994935, 0.4334096228025230979, -0.01919910824706693234 ) ) ;
#2423 = FACE_OUTER_BOUND ( 'NONE', #5874, .T. ) ;
#2424 = VERTEX_POINT ( 'NONE', #3373 ) ;
#2425 = CARTESIAN_POINT ( 'NONE',  ( 0.5073883387448211435, 0.4793791180929146689, 0.1307747726978751024 ) ) ;
#2426 = ORIENTED_EDGE ( 'NONE', *, *, #145, .F. ) ;
#2427 = EDGE_CURVE ( 'NONE', #2640, #2240, #2772, .T. ) ;
#2428 = AXIS2_PLACEMENT_3D ( 'NONE', #4484, #1389, #5168 ) ;
#2429 = ADVANCED_FACE ( 'NONE', ( #3763 ), #4539, .F. ) ;
#2430 = LINE ( 'NONE', #103, #1777 ) ;
#2431 = CARTESIAN_POINT ( 'NONE',  ( 0.6131181434356016702, -0.7882355719766375168, -0.1731640607731207704 ) ) ;
#2432 = ORIENTED_EDGE ( 'NONE', *, *, #5632, .F. ) ;
#2433 = DIRECTION ( 'NONE',  ( 0.000000000000000000, 1.000000000000000000, 0.000000000000000000 ) ) ;
#2434 = FACE_OUTER_BOUND ( 'NONE', #523, .T. ) ;
#2435 = ORIENTED_EDGE ( 'NONE', *, *, #384, .T. ) ;
#2436 = ADVANCED_FACE ( 'NONE', ( #44, #5115 ), #994, .T. ) ;
#2437 = VECTOR ( 'NONE', #2594, 1000.000000000000000 ) ;
#2438 = DIRECTION ( 'NONE',  ( 1.000000000000000000, 0.000000000000000000, 0.000000000000000000 ) ) ;
#2439 = CYLINDRICAL_SURFACE ( 'NONE', #4163, 0.03447712146779387254 ) ;
#2440 = VERTEX_POINT ( 'NONE', #1028 ) ;
#2441 = CARTESIAN_POINT ( 'NONE',  ( 0.4637160080883331870, 0.4793791180929146689, -0.07321487414561253515 ) ) ;
#2442 = DIRECTION ( 'NONE',  ( -1.000000000000000000, 0.000000000000000000, 0.000000000000000000 ) ) ;
#2443 = ORIENTED_EDGE ( 'NONE', *, *, #4560, .F. ) ;
#2444 = CARTESIAN_POINT ( 'NONE',  ( -0.4752096575644259580, -0.1572983916790124115, -0.1731640607731207704 ) ) ;
#2445 = CARTESIAN_POINT ( 'NONE',  ( 0.4434807868293328958, -0.4292658860948631028, -0.1129878178800962363 ) ) ;
#2446 = CARTESIAN_POINT ( 'NONE',  ( -0.4465742623950041401, 0.4793791180929146689, -0.1049942900599896561 ) ) ;
#2447 = DIRECTION ( 'NONE',  ( 0.000000000000000000, 1.000000000000000000, 0.000000000000000000 ) ) ;
#2448 = ORIENTED_EDGE ( 'NONE', *, *, #3028, .T. ) ;
#2449 = CARTESIAN_POINT ( 'NONE',  ( 0.5227031991811683653, -0.8990181532816272636, -0.2285021537103667233 ) ) ;
#2450 = EDGE_LOOP ( 'NONE', ( #2610, #3337, #1268, #4398 ) ) ;
#2451 = CARTESIAN_POINT ( 'NONE',  ( 0.4637160080883331870, -0.4285184138923239239, -0.07321487414561253515 ) ) ;
#2452 = CARTESIAN_POINT ( 'NONE',  ( -0.3926965279917571938, -0.4285184138923239239, -0.1092678989583958094 ) ) ;
#2453 = EDGE_CURVE ( 'NONE', #289, #5497, #3935, .T. ) ;
#2454 = ORIENTED_EDGE ( 'NONE', *, *, #5451, .F. ) ;
#2455 = CARTESIAN_POINT ( 'NONE',  ( -0.4165998267226706520, -0.4285184138923239239, -0.07321487414561253515 ) ) ;
#2456 = VERTEX_POINT ( 'NONE', #4450 ) ;
#2457 = VECTOR ( 'NONE', #4852, 1000.000000000000000 ) ;
#2458 = VECTOR ( 'NONE', #1031, 1000.000000000000000 ) ;
#2459 = CARTESIAN_POINT ( 'NONE',  ( 0.5096867790322197056, 0.8942538130887004444, -0.2191335560635125357 ) ) ;
#2460 = DIRECTION ( 'NONE',  ( 0.000000000000000000, 1.000000000000000000, 0.000000000000000000 ) ) ;
#2461 = CARTESIAN_POINT ( 'NONE',  ( -0.5096867790322197056, 0.8885076261774010886, -0.2248797429748115584 ) ) ;
#2462 = EDGE_CURVE ( 'NONE', #4489, #3691, #246, .T. ) ;
#2463 = EDGE_LOOP ( 'NONE', ( #5103, #4205, #5457, #4729, #5051, #4752 ) ) ;
#2464 = DIRECTION ( 'NONE',  ( 1.000000000000000000, 0.000000000000000000, 0.000000000000000000 ) ) ;
#2465 = DIRECTION ( 'NONE',  ( 1.000000000000000000, 0.000000000000000000, 0.000000000000000000 ) ) ;
#2466 = VERTEX_POINT ( 'NONE', #4874 ) ;
#2467 = AXIS2_PLACEMENT_3D ( 'NONE', #5266, #2949, #4390 ) ;
#2468 = VECTOR ( 'NONE', #5932, 1000.000000000000000 ) ;
#2469 = CARTESIAN_POINT ( 'NONE',  ( 0.5087112250984415773, -0.9000000000000000222, -0.2290690230178078768 ) ) ;
#2470 = CYLINDRICAL_SURFACE ( 'NONE', #3497, 0.04367102052587229499 ) ;
#2471 = ORIENTED_EDGE ( 'NONE', *, *, #4338, .T. ) ;
#2472 = EDGE_CURVE ( 'NONE', #4178, #1668, #3947, .T. ) ;
#2473 = CYLINDRICAL_SURFACE ( 'NONE', #4261, 0.02068627288067634643 ) ;
#2474 = DIRECTION ( 'NONE',  ( -1.000000000000000000, 0.000000000000000000, 0.000000000000000000 ) ) ;
#2475 =( BOUNDED_CURVE ( )  B_SPLINE_CURVE ( 3, ( #5471, #1329, #5908, #1759 ),
 .UNSPECIFIED., .F., .T. ) 
 B_SPLINE_CURVE_WITH_KNOTS ( ( 4, 4 ),
 ( 2.942505383873135205, 3.025741132450370241 ),
 .UNSPECIFIED. ) 
 CURVE ( )  GEOMETRIC_REPRESENTATION_ITEM ( )  RATIONAL_B_SPLINE_CURVE ( ( 1.000000000000000000, 0.9994227341747660143, 0.9994227341747660143, 1.000000000000000000 ) ) 
 REPRESENTATION_ITEM ( '' )  );
#2476 = CARTESIAN_POINT ( 'NONE',  ( -0.4165985165920551014, -0.4055336662471280551, 0.02791801549324952544 ) ) ;
#2477 = DIRECTION ( 'NONE',  ( 0.000000000000000000, 1.000000000000000000, -2.200000000000000003E-16 ) ) ;
#2478 = CARTESIAN_POINT ( 'NONE',  ( 0.5096867790322197056, 0.9000000000000000222, -0.2133873691522135130 ) ) ;
#2479 = EDGE_CURVE ( 'NONE', #3156, #4843, #2163, .T. ) ;
#2480 = DIRECTION ( 'NONE',  ( 0.000000000000000000, 1.000000000000000000, 0.000000000000000000 ) ) ;
#2481 = ORIENTED_EDGE ( 'NONE', *, *, #814, .T. ) ;
#2482 = DIRECTION ( 'NONE',  ( 0.000000000000000000, 0.000000000000000000, -1.000000000000000000 ) ) ;
#2483 = ORIENTED_EDGE ( 'NONE', *, *, #1127, .T. ) ;
#2484 = CYLINDRICAL_SURFACE ( 'NONE', #4354, 0.03160402801214438201 ) ;
#2485 = CIRCLE ( 'NONE', #531, 0.02068627288067634643 ) ;
#2486 = CARTESIAN_POINT ( 'NONE',  ( -0.4071746549358873368, -0.4285184138923239239, -0.1140217218196817317 ) ) ;
#2487 = VERTEX_POINT ( 'NONE', #2072 ) ;
#2488 = CARTESIAN_POINT ( 'NONE',  ( -0.4165985165920551014, -0.4055336662471280551, 0.1307747726978751024 ) ) ;
#2489 = ORIENTED_EDGE ( 'NONE', *, *, #3890, .T. ) ;
#2490 = CARTESIAN_POINT ( 'NONE',  ( -0.3858350497966062109, 0.4793791180929146689, -0.1042098178375330253 ) ) ;
#2491 = CARTESIAN_POINT ( 'NONE',  ( -0.4165998267226706520, 0.4793791180929146689, -0.07321487414561253515 ) ) ;
#2492 = CARTESIAN_POINT ( 'NONE',  ( 0.6246105172581994935, -0.3940412924245302317, 0.06584445804015801040 ) ) ;
#2493 = VERTEX_POINT ( 'NONE', #1679 ) ;
#2494 = FACE_OUTER_BOUND ( 'NONE', #4722, .T. ) ;
#2495 = DIRECTION ( 'NONE',  ( -1.000000000000000000, 0.000000000000000000, 0.000000000000000000 ) ) ;
#2496 = VERTEX_POINT ( 'NONE', #3073 ) ;
#2497 = EDGE_CURVE ( 'NONE', #178, #649, #36, .T. ) ;
#2498 = CARTESIAN_POINT ( 'NONE',  ( 0.4953213117539723154, -0.8643751213721937443, -0.1877486053991012371 ) ) ;
#2499 = LINE ( 'NONE', #1001, #3981 ) ;
#2500 = VERTEX_POINT ( 'NONE', #2553 ) ;
#2501 = DIRECTION ( 'NONE',  ( 0.000000000000000000, -0.4856406976879717452, 0.8741585169459485938 ) ) ;
#2502 = DIRECTION ( 'NONE',  ( 1.000000000000000000, 0.000000000000000000, 0.000000000000000000 ) ) ;
#2503 = AXIS2_PLACEMENT_3D ( 'NONE', #4890, #5373, #5774 ) ;
#2504 = EDGE_CURVE ( 'NONE', #132, #636, #1549, .T. ) ;
#2505 = ORIENTED_EDGE ( 'NONE', *, *, #2185, .F. ) ;
#2506 = AXIS2_PLACEMENT_3D ( 'NONE', #647, #4351, #2032 ) ;
#2507 = DIRECTION ( 'NONE',  ( 0.000000000000000000, 1.000000000000000000, 0.000000000000000000 ) ) ;
#2508 = CARTESIAN_POINT ( 'NONE',  ( 0.4329512311623497922, -0.4285184138923239239, -0.1042098178375330253 ) ) ;
#2509 = DIRECTION ( 'NONE',  ( -1.000000000000000000, 0.000000000000000000, 0.000000000000000000 ) ) ;
#2510 = CARTESIAN_POINT ( 'NONE',  ( 0.3671820446668083160, -0.8008713257444980416, -0.1393221465629969069 ) ) ;
#2511 = ORIENTED_EDGE ( 'NONE', *, *, #2131, .F. ) ;
#2512 = VECTOR ( 'NONE', #5489, 999.9999999999998863 ) ;
#2513 = ADVANCED_FACE ( 'NONE', ( #2494 ), #5268, .F. ) ;
#2514 = DIRECTION ( 'NONE',  ( 0.000000000000000000, 1.000000000000000000, 0.000000000000000000 ) ) ;
#2515 = CARTESIAN_POINT ( 'NONE',  ( -0.4118693758205120847, -0.4285184138923239239, -0.1145280462037552849 ) ) ;
#2516 = ORIENTED_EDGE ( 'NONE', *, *, #5055, .T. ) ;
#2517 = CARTESIAN_POINT ( 'NONE',  ( 0.4430297352076568718, 0.4563943704477188557, -0.07321487414561252127 ) ) ;
#2518 = ORIENTED_EDGE ( 'NONE', *, *, #1211, .F. ) ;
#2519 = CARTESIAN_POINT ( 'NONE',  ( -0.4752096575644259580, -0.4446077372439614650, -0.1731640607731207704 ) ) ;
#2520 = CARTESIAN_POINT ( 'NONE',  ( -0.4028077024820585494, 0.8287991014134581391, -0.1501793131279247906 ) ) ;
#2521 = CARTESIAN_POINT ( 'NONE',  ( 0.4102777454667593804, -0.7809906338940597603, -0.1603589244629999855 ) ) ;
#2522 = ORIENTED_EDGE ( 'NONE', *, *, #3993, .F. ) ;
#2523 = CARTESIAN_POINT ( 'NONE',  ( -0.3729288061967983570, 0.4563943704477188557, -0.07321487414561253515 ) ) ;
#2524 = DIRECTION ( 'NONE',  ( 0.000000000000000000, -1.000000000000000000, 0.000000000000000000 ) ) ;
#2525 = ORIENTED_EDGE ( 'NONE', *, *, #3912, .T. ) ;
#2526 = VECTOR ( 'NONE', #95, 1000.000000000000000 ) ;
#2527 = CIRCLE ( 'NONE', #478, 0.02068627288067634643 ) ;
#2528 = LINE ( 'NONE', #208, #507 ) ;
#2529 = CYLINDRICAL_SURFACE ( 'NONE', #2241, 0.03447712146779387254 ) ;
#2530 = ORIENTED_EDGE ( 'NONE', *, *, #1609, .T. ) ;
#2531 = CARTESIAN_POINT ( 'NONE',  ( 0.4423676065220627507, -0.4285184138923239239, -0.1105349102196303557 ) ) ;
#2532 = EDGE_CURVE ( 'NONE', #899, #1994, #1217, .T. ) ;
#2533 = DIRECTION ( 'NONE',  ( 0.000000000000000000, 0.000000000000000000, 1.000000000000000000 ) ) ;
#2534 = DIRECTION ( 'NONE',  ( -1.000000000000000000, 0.000000000000000000, 0.000000000000000000 ) ) ;
#2535 = CIRCLE ( 'NONE', #5038, 0.04367102052587229499 ) ;
#2536 = EDGE_CURVE ( 'NONE', #960, #539, #3131, .T. ) ;
#2537 = LINE ( 'NONE', #4370, #2180 ) ;
#2538 = CARTESIAN_POINT ( 'NONE',  ( -0.1000636031641350537, -0.8008713257444980416, -0.1558451986142894707 ) ) ;
#2539 = CARTESIAN_POINT ( 'NONE',  ( -0.4345316453342942253, 0.4793791180929146689, -0.1118718458725793258 ) ) ;
#2540 = EDGE_CURVE ( 'NONE', #1723, #1702, #3405, .T. ) ;
#2541 = DIRECTION ( 'NONE',  ( -1.000000000000000000, 0.000000000000000000, 0.000000000000000000 ) ) ;
#2542 = ORIENTED_EDGE ( 'NONE', *, *, #2627, .T. ) ;
#2543 = CARTESIAN_POINT ( 'NONE',  ( 0.6246105172581994935, 0.4793791180929146689, 0.1945919015500139904 ) ) ;
#2544 = CARTESIAN_POINT ( 'NONE',  ( 0.000000000000000000, -0.3009530644614872852, -0.2076411822409144625 ) ) ;
#2545 = VERTEX_POINT ( 'NONE', #297 ) ;
#2546 = DIRECTION ( 'NONE',  ( 0.000000000000000000, -1.000000000000000000, 0.000000000000000000 ) ) ;
#2547 = EDGE_CURVE ( 'NONE', #2456, #3773, #5276, .T. ) ;
#2548 = ORIENTED_EDGE ( 'NONE', *, *, #416, .F. ) ;
#2549 = FACE_OUTER_BOUND ( 'NONE', #2793, .T. ) ;
#2550 = DIRECTION ( 'NONE',  ( 0.000000000000000000, 1.000000000000000000, -2.200000000000000003E-16 ) ) ;
#2551 = DIRECTION ( 'NONE',  ( 0.000000000000000000, 0.000000000000000000, -1.000000000000000000 ) ) ;
#2552 = ORIENTED_EDGE ( 'NONE', *, *, #2298, .F. ) ;
#2553 = CARTESIAN_POINT ( 'NONE',  ( -0.5096867790322197056, -0.4101306157761677729, -0.1731640607731207704 ) ) ;
#2554 = LINE ( 'NONE', #3526, #3293 ) ;
#2555 = EDGE_CURVE ( 'NONE', #1784, #2406, #656, .T. ) ;
#2556 = VERTEX_POINT ( 'NONE', #2523 ) ;
#2557 = VECTOR ( 'NONE', #3991, 1000.000000000000000 ) ;
#2558 = AXIS2_PLACEMENT_3D ( 'NONE', #5699, #754, #2590 ) ;
#2559 = AXIS2_PLACEMENT_3D ( 'NONE', #456, #6007, #4007 ) ;
#2560 = DIRECTION ( 'NONE',  ( 0.000000000000000000, 0.000000000000000000, -1.000000000000000000 ) ) ;
#2561 = DIRECTION ( 'NONE',  ( 0.000000000000000000, -1.000000000000000000, 0.000000000000000000 ) ) ;
#2562 = EDGE_LOOP ( 'NONE', ( #5651, #4413, #5023, #5396 ) ) ;
#2563 = DIRECTION ( 'NONE',  ( 0.000000000000000000, 1.000000000000000000, 0.000000000000000000 ) ) ;
#2564 = CARTESIAN_POINT ( 'NONE',  ( 0.6246105172581994935, 0.5138562395607083610, -0.1386869393053268840 ) ) ;
#2565 = VECTOR ( 'NONE', #1422, 1000.000000000000000 ) ;
#2566 = PLANE ( 'NONE',  #1036 ) ;
#2567 = CARTESIAN_POINT ( 'NONE',  ( 0.5096867790322197056, -0.1917755131468061036, -0.2076411822409144625 ) ) ;
#2568 = VECTOR ( 'NONE', #4620, 1000.000000000000000 ) ;
#2569 = DIRECTION ( 'NONE',  ( 1.000000000000000000, 0.000000000000000000, 0.000000000000000000 ) ) ;
#2570 = CARTESIAN_POINT ( 'NONE',  ( 0.6246105172581994935, -0.3250870494889427365, 0.07676221317162604252 ) ) ;
#2571 = CARTESIAN_POINT ( 'NONE',  ( -0.5671486481452092665, -0.7434094566315085917, -0.1386869393053268840 ) ) ;
#2572 = DIRECTION ( 'NONE',  ( 0.000000000000000000, 0.000000000000000000, -1.000000000000000000 ) ) ;
#2573 = ORIENTED_EDGE ( 'NONE', *, *, #5036, .T. ) ;
#2574 = EDGE_CURVE ( 'NONE', #1930, #3126, #1087, .T. ) ;
#2575 = DIRECTION ( 'NONE',  ( -1.000000000000000000, 0.000000000000000000, 0.000000000000000000 ) ) ;
#2576 = CYLINDRICAL_SURFACE ( 'NONE', #4110, 0.04367102052587229499 ) ;
#2577 = ORIENTED_EDGE ( 'NONE', *, *, #4082, .F. ) ;
#2578 = DIRECTION ( 'NONE',  ( 0.000000000000000000, 1.000000000000000000, 0.000000000000000000 ) ) ;
#2579 = ORIENTED_EDGE ( 'NONE', *, *, #1910, .T. ) ;
#2580 = ADVANCED_FACE ( 'NONE', ( #5360 ), #237, .T. ) ;
#2581 = VECTOR ( 'NONE', #5331, 1000.000000000000000 ) ;
#2582 = CARTESIAN_POINT ( 'NONE',  ( -0.4368350479814748222, -0.4292658860950934741, -0.1129878178800503424 ) ) ;
#2583 = B_SPLINE_CURVE_WITH_KNOTS ( 'NONE', 6,
 ( #671, #4763, #90, #1627, #640, #2934, #3446 ),
 .UNSPECIFIED., .F., .F.,
 ( 7, 7 ),
 ( 0.8324292354106870295, 0.9962060892339970053 ),
 .UNSPECIFIED. ) ;
#2584 = DIRECTION ( 'NONE',  ( 0.000000000000000000, 1.000000000000000000, 1.170000000000000079E-15 ) ) ;
#2585 = ORIENTED_EDGE ( 'NONE', *, *, #4798, .F. ) ;
#2586 = DIRECTION ( 'NONE',  ( -1.000000000000000000, 0.000000000000000000, 9.827188711743682843E-15 ) ) ;
#2587 = LINE ( 'NONE', #1708, #2619 ) ;
#2588 = ORIENTED_EDGE ( 'NONE', *, *, #184, .F. ) ;
#2589 = EDGE_CURVE ( 'NONE', #1930, #4352, #690, .T. ) ;
#2590 = DIRECTION ( 'NONE',  ( 0.000000000000000000, 1.000000000000000000, 0.000000000000000000 ) ) ;
#2591 = DIRECTION ( 'NONE',  ( 0.000000000000000000, 0.000000000000000000, 1.000000000000000000 ) ) ;
#2592 = ORIENTED_EDGE ( 'NONE', *, *, #5897, .T. ) ;
#2593 = CARTESIAN_POINT ( 'NONE',  ( -0.4100221611028664892, 0.4563943704476729479, -0.09345793522391890318 ) ) ;
#2594 = DIRECTION ( 'NONE',  ( 0.000000000000000000, 0.000000000000000000, 1.000000000000000000 ) ) ;
#2595 = VERTEX_POINT ( 'NONE', #4360 ) ;
#2596 = CYLINDRICAL_SURFACE ( 'NONE', #643, 0.02873093455649494005 ) ;
#2597 = DIRECTION ( 'NONE',  ( -0.000000000000000000, 1.000000000000000000, 0.000000000000000000 ) ) ;
#2598 = DIRECTION ( 'NONE',  ( -1.000000000000000000, 0.000000000000000000, 0.000000000000000000 ) ) ;
#2599 = PLANE ( 'NONE',  #2790 ) ;
#2600 = VECTOR ( 'NONE', #1625, 1000.000000000000000 ) ;
#2601 = CARTESIAN_POINT ( 'NONE',  ( 0.4953213117539723154, -0.8699562858134970433, -0.1777024489421400733 ) ) ;
#2602 = CARTESIAN_POINT ( 'NONE',  ( 0.4752096575644259580, -0.4446077372439614650, -0.1731640607731207704 ) ) ;
#2603 = VERTEX_POINT ( 'NONE', #204 ) ;
#2604 = AXIS2_PLACEMENT_3D ( 'NONE', #6000, #4635, #940 ) ;
#2605 = LINE ( 'NONE', #4138, #5127 ) ;
#2606 = CARTESIAN_POINT ( 'NONE',  ( -0.4430753847299772064, -0.4285184138923239239, -0.1077415774061171311 ) ) ;
#2607 = ORIENTED_EDGE ( 'NONE', *, *, #686, .F. ) ;
#2608 = LINE ( 'NONE', #352, #5691 ) ;
#2609 = AXIS2_PLACEMENT_3D ( 'NONE', #3329, #5650, #4585 ) ;
#2610 = ORIENTED_EDGE ( 'NONE', *, *, #2701, .F. ) ;
#2611 = EDGE_CURVE ( 'NONE', #337, #1548, #339, .T. ) ;
#2612 = CARTESIAN_POINT ( 'NONE',  ( -0.4752096575644259580, -0.1917755131468061036, -0.1731640607731207704 ) ) ;
#2613 = CARTESIAN_POINT ( 'NONE',  ( 0.4929186169664298567, -0.8645375522065120721, -0.2085947750070475115 ) ) ;
#2614 = ORIENTED_EDGE ( 'NONE', *, *, #4710, .T. ) ;
#2615 = CARTESIAN_POINT ( 'NONE',  ( 0.4942348062327459046, -0.8773335005821920607, -0.2159825171646977959 ) ) ;
#2616 = DIRECTION ( 'NONE',  ( -1.000000000000000000, 0.000000000000000000, 0.000000000000000000 ) ) ;
#2617 = ORIENTED_EDGE ( 'NONE', *, *, #3903, .T. ) ;
#2618 = EDGE_CURVE ( 'NONE', #2065, #734, #1277, .T. ) ;
#2619 = VECTOR ( 'NONE', #1278, 1000.000000000000000 ) ;
#2620 = CARTESIAN_POINT ( 'NONE',  ( -0.3947630408062398066, -0.4101306157761677729, -0.1731640607731207704 ) ) ;
#2621 = CARTESIAN_POINT ( 'NONE',  ( -0.5096867790322197056, -0.1572983916790124115, -0.1731640607731207704 ) ) ;
#2622 = ORIENTED_EDGE ( 'NONE', *, *, #1751, .T. ) ;
#2623 = DIRECTION ( 'NONE',  ( 0.000000000000000000, 1.000000000000000000, 0.000000000000000000 ) ) ;
#2624 = CARTESIAN_POINT ( 'NONE',  ( -0.4165998267226706520, -0.3940412924245302317, -0.07321487414561253515 ) ) ;
#2625 = ORIENTED_EDGE ( 'NONE', *, *, #2219, .F. ) ;
#2626 = DIRECTION ( 'NONE',  ( -1.000000000000000000, 0.000000000000000000, 0.000000000000000000 ) ) ;
#2627 = EDGE_CURVE ( 'NONE', #2500, #1452, #2310, .T. ) ;
#2628 = LINE ( 'NONE', #3567, #800 ) ;
#2629 = CIRCLE ( 'NONE', #5419, 0.005746186911298974132 ) ;
#2630 = DIRECTION ( 'NONE',  ( -1.000000000000000000, 0.000000000000000000, 0.000000000000000000 ) ) ;
#2631 = CARTESIAN_POINT ( 'NONE',  ( 0.4953213117539720933, -0.8556459546465972066, -0.2034612000711482349 ) ) ;
#2632 = FACE_OUTER_BOUND ( 'NONE', #5410, .T. ) ;
#2633 = AXIS2_PLACEMENT_3D ( 'NONE', #2306, #4145, #5987 ) ;
#2634 = VECTOR ( 'NONE', #730, 1000.000000000000000 ) ;
#2635 = DIRECTION ( 'NONE',  ( 1.000000000000000000, 0.000000000000000000, 0.000000000000000000 ) ) ;
#2636 = EDGE_LOOP ( 'NONE', ( #5470, #4656 ) ) ;
#2637 = AXIS2_PLACEMENT_3D ( 'NONE', #5367, #3110, #305 ) ;
#2638 = CARTESIAN_POINT ( 'NONE',  ( -0.3947630408062398066, -0.4446077372439614650, -0.1731640607731207704 ) ) ;
#2639 = CARTESIAN_POINT ( 'NONE',  ( -0.4379482282882976585, -0.4285184138923239239, -0.1105349102199061073 ) ) ;
#2640 = VERTEX_POINT ( 'NONE', #2763 ) ;
#2641 = LINE ( 'NONE', #4472, #4144 ) ;
#2642 = VERTEX_POINT ( 'NONE', #900 ) ;
#2643 = EDGE_CURVE ( 'NONE', #5719, #5886, #5469, .T. ) ;
#2644 = DIRECTION ( 'NONE',  ( 0.000000000000000000, 0.000000000000000000, -1.000000000000000000 ) ) ;
#2645 = CARTESIAN_POINT ( 'NONE',  ( 0.5346606918530195651, -0.8698810046609609659, -0.2116798178507661721 ) ) ;
#2646 = VERTEX_POINT ( 'NONE', #843 ) ;
#2647 = CARTESIAN_POINT ( 'NONE',  ( 0.4670622112004351734, -0.4055336662465539033, -0.09432545575172381069 ) ) ;
#2648 = DIRECTION ( 'NONE',  ( 0.000000000000000000, 0.000000000000000000, 1.000000000000000000 ) ) ;
#2649 = VERTEX_POINT ( 'NONE', #4995 ) ;
#2650 = ADVANCED_FACE ( 'NONE', ( #5910, #4508 ), #1762, .T. ) ;
#2651 = CARTESIAN_POINT ( 'NONE',  ( 0.4821270736626809827, 0.4793791180929146689, -0.1117048115648897749 ) ) ;
#2652 = PLANE ( 'NONE',  #2428 ) ;
#2653 = EDGE_LOOP ( 'NONE', ( #1118, #2003, #3989, #3588 ) ) ;
#2654 = VECTOR ( 'NONE', #3350, 1000.000000000000000 ) ;
#2655 = DIRECTION ( 'NONE',  ( 0.000000000000000000, 1.000000000000000000, 0.000000000000000000 ) ) ;
#2656 = DIRECTION ( 'NONE',  ( -1.000000000000000000, 0.000000000000000000, 0.000000000000000000 ) ) ;
#2657 = ORIENTED_EDGE ( 'NONE', *, *, #3890, .F. ) ;
#2658 = EDGE_CURVE ( 'NONE', #4383, #443, #4596, .T. ) ;
#2659 = AXIS2_PLACEMENT_3D ( 'NONE', #3975, #3235, #948 ) ;
#2660 = EDGE_CURVE ( 'NONE', #4039, #1757, #811, .T. ) ;
#2661 = DIRECTION ( 'NONE',  ( 1.000000000000000000, 0.000000000000000000, 0.000000000000000000 ) ) ;
#2662 = CARTESIAN_POINT ( 'NONE',  ( 0.4637173182189488485, 0.4793791180929146689, 0.1307747726978751024 ) ) ;
#2663 = CIRCLE ( 'NONE', #2842, 0.02068627288067634643 ) ;
#2664 = ORIENTED_EDGE ( 'NONE', *, *, #5050, .F. ) ;
#2665 = CYLINDRICAL_SURFACE ( 'NONE', #1365, 0.02068627288067634643 ) ;
#2666 = DIRECTION ( 'NONE',  ( 0.000000000000000000, 0.000000000000000000, 1.000000000000000000 ) ) ;
#2667 = VERTEX_POINT ( 'NONE', #1246 ) ;
#2668 = CIRCLE ( 'NONE', #1395, 0.02873093455649494005 ) ;
#2669 = EDGE_CURVE ( 'NONE', #3487, #5822, #2678, .T. ) ;
#2670 = VECTOR ( 'NONE', #1993, 1000.000000000000000 ) ;
#2671 = DIRECTION ( 'NONE',  ( -0.000000000000000000, 1.000000000000000000, 0.000000000000000000 ) ) ;
#2672 = CARTESIAN_POINT ( 'NONE',  ( 0.6246105172581994935, -0.3940412924245302317, 0.1669773476790199773 ) ) ;
#2673 = ORIENTED_EDGE ( 'NONE', *, *, #3243, .T. ) ;
#2674 = DIRECTION ( 'NONE',  ( 0.000000000000000000, -1.000000000000000000, 2.200000000000000003E-16 ) ) ;
#2675 = EDGE_LOOP ( 'NONE', ( #1733, #3594, #4615, #2860 ) ) ;
#2676 = DIRECTION ( 'NONE',  ( 0.000000000000000000, 0.000000000000000000, -1.000000000000000000 ) ) ;
#2677 = ORIENTED_EDGE ( 'NONE', *, *, #824, .T. ) ;
#2678 = LINE ( 'NONE', #5445, #4502 ) ;
#2679 = APPROVAL_DATE_TIME ( #4093, #1982 ) ;
#2680 = EDGE_LOOP ( 'NONE', ( #1841, #5751, #717, #3707, #572, #229, #2169, #4511 ) ) ;
#2681 = CIRCLE ( 'NONE', #436, 0.03447712146779387254 ) ;
#2682 = CARTESIAN_POINT ( 'NONE',  ( 0.4345699377015395659, 0.4793791180929146689, -0.1057403425193411267 ) ) ;
#2683 = CARTESIAN_POINT ( 'NONE',  ( -0.4602695371179273964, 0.4563943704477188557, 0.1307747726978751024 ) ) ;
#2684 = ORIENTED_EDGE ( 'NONE', *, *, #4717, .F. ) ;
#2685 = CARTESIAN_POINT ( 'NONE',  ( -0.4602695371179273964, -0.4055336662471280551, 0.02791801549324953238 ) ) ;
#2686 = FACE_BOUND ( 'NONE', #5324, .T. ) ;
#2687 = AXIS2_PLACEMENT_3D ( 'NONE', #2372, #2433, #3731 ) ;
#2688 = ORIENTED_EDGE ( 'NONE', *, *, #1323, .F. ) ;
#2689 = EDGE_CURVE ( 'NONE', #1328, #636, #2681, .T. ) ;
#2690 = CARTESIAN_POINT ( 'NONE',  ( -0.3729288061967983570, -0.4055336662471280551, -0.07321487414561253515 ) ) ;
#2691 = DIRECTION ( 'NONE',  ( 0.000000000000000000, 0.000000000000000000, 1.000000000000000000 ) ) ;
#2692 = LINE ( 'NONE', #1747, #1275 ) ;
#2693 = PLANE ( 'NONE',  #2128 ) ;
#2694 = ORIENTED_EDGE ( 'NONE', *, *, #2207, .F. ) ;
#2695 = CARTESIAN_POINT ( 'NONE',  ( -0.4165985165920551014, 0.4793791180929146689, 0.1307747726978751024 ) ) ;
#2696 = CARTESIAN_POINT ( 'NONE',  ( -0.4448839634053514680, -0.4285184138923239239, -0.1064469993769340955 ) ) ;
#2697 = ORIENTED_EDGE ( 'NONE', *, *, #5643, .F. ) ;
#2698 = LINE ( 'NONE', #4959, #5399 ) ;
#2699 = ORIENTED_EDGE ( 'NONE', *, *, #2069, .T. ) ;
#2700 = AXIS2_PLACEMENT_3D ( 'NONE', #3927, #5769, #1621 ) ;
#2701 = EDGE_CURVE ( 'NONE', #626, #4039, #5416, .T. ) ;
#2702 = VECTOR ( 'NONE', #2274, 1000.000000000000000 ) ;
#2703 = VERTEX_POINT ( 'NONE', #2225 ) ;
#2704 = CARTESIAN_POINT ( 'NONE',  ( 0.4282758520473914365, -0.8471779186906636117, -0.1985721777066707661 ) ) ;
#2705 =( BOUNDED_CURVE ( )  B_SPLINE_CURVE ( 3, ( #1111, #4319, #5289, #2942 ),
 .UNSPECIFIED., .F., .T. ) 
 B_SPLINE_CURVE_WITH_KNOTS ( ( 4, 4 ),
 ( 2.420391870066080031, 4.712388432232160085 ),
 .UNSPECIFIED. ) 
 CURVE ( )  GEOMETRIC_REPRESENTATION_ITEM ( )  RATIONAL_B_SPLINE_CURVE ( ( 1.000000000000000000, 0.6080911901050199964, 0.6080911901050199964, 1.000000000000000000 ) ) 
 REPRESENTATION_ITEM ( '' )  );
#2706 = COORDINATED_UNIVERSAL_TIME_OFFSET ( 8, 0, .AHEAD. ) ;
#2707 = ORIENTED_EDGE ( 'NONE', *, *, #3622, .F. ) ;
#2708 = AXIS2_PLACEMENT_3D ( 'NONE', #1045, #220, #2119 ) ;
#2709 = CARTESIAN_POINT ( 'NONE',  ( 0.4463110174765751448, 0.4793791180929146689, -0.1120470085487986073 ) ) ;
#2710 = ORIENTED_EDGE ( 'NONE', *, *, #3590, .T. ) ;
#2711 = CYLINDRICAL_SURFACE ( 'NONE', #922, 0.02068627288067634643 ) ;
#2712 = DIRECTION ( 'NONE',  ( -1.000000000000000000, 0.000000000000000000, 0.000000000000000000 ) ) ;
#2713 = ORIENTED_EDGE ( 'NONE', *, *, #4034, .T. ) ;
#2714 = APPROVAL_PERSON_ORGANIZATION ( #4535, #4127, #3641 ) ;
#2715 = DIRECTION ( 'NONE',  ( 0.000000000000000000, -1.000000000000000000, 2.200000000000000003E-16 ) ) ;
#2716 = DIRECTION ( 'NONE',  ( -1.000000000000000000, 0.000000000000000000, 0.000000000000000000 ) ) ;
#2717 = EDGE_CURVE ( 'NONE', #3255, #1473, #833, .T. ) ;
#2718 = CARTESIAN_POINT ( 'NONE',  ( 0.3671820446668083160, -0.7982931113577664828, -0.1378898138576102328 ) ) ;
#2719 = CARTESIAN_POINT ( 'NONE',  ( -0.6246105172581994935, 0.8402396561224900751, -0.1157021916601309180 ) ) ;
#2720 = ORIENTED_EDGE ( 'NONE', *, *, #4448, .F. ) ;
#2721 = AXIS2_PLACEMENT_3D ( 'NONE', #3531, #5364, #3924 ) ;
#2722 = EDGE_CURVE ( 'NONE', #3255, #4268, #3157, .T. ) ;
#2723 = AXIS2_PLACEMENT_3D ( 'NONE', #1845, #3694, #5528 ) ;
#2724 = DIRECTION ( 'NONE',  ( 0.000000000000000000, 0.000000000000000000, 1.000000000000000000 ) ) ;
#2725 = CARTESIAN_POINT ( 'NONE',  ( 0.6246105172581994935, -0.3940412924245302317, 0.2290690230178078768 ) ) ;
#2726 = ORIENTED_EDGE ( 'NONE', *, *, #4420, .F. ) ;
#2727 = DIRECTION ( 'NONE',  ( -1.000000000000000000, 0.000000000000000000, 0.000000000000000000 ) ) ;
#2728 = VERTEX_POINT ( 'NONE', #4564 ) ;
#2729 = AXIS2_PLACEMENT_3D ( 'NONE', #1225, #3137, #2233 ) ;
#2730 = ADVANCED_FACE ( 'NONE', ( #4040 ), #2090, .T. ) ;
#2731 = CARTESIAN_POINT ( 'NONE',  ( 0.4844035910996252192, 0.4793791180929146689, 0.1307747726978751024 ) ) ;
#2732 = EDGE_CURVE ( 'NONE', #1505, #5213, #2365, .T. ) ;
#2733 = EDGE_LOOP ( 'NONE', ( #984, #4005, #2577, #1279, #4942, #3212, #1767, #2275 ) ) ;
#2734 = DIRECTION ( 'NONE',  ( 0.000000000000000000, 0.000000000000000000, -1.000000000000000000 ) ) ;
#2735 = COORDINATED_UNIVERSAL_TIME_OFFSET ( 8, 0, .AHEAD. ) ;
#2736 = EDGE_LOOP ( 'NONE', ( #1247, #497, #4926, #1825 ) ) ;
#2737 = EDGE_CURVE ( 'NONE', #2466, #5590, #1999, .T. ) ;
#2738 = CARTESIAN_POINT ( 'NONE',  ( 0.4850202863443742185, 0.4793791180929146689, -0.1105545761637298230 ) ) ;
#2739 = ORIENTED_EDGE ( 'NONE', *, *, #1386, .T. ) ;
#2740 = CARTESIAN_POINT ( 'NONE',  ( -0.3855691417481612593, 0.8402396561224900751, -0.1731640607731207704 ) ) ;
#2741 = DIRECTION ( 'NONE',  ( 0.000000000000000000, -0.4856406976879716897, 0.8741585169459484828 ) ) ;
#2742 = ORIENTED_EDGE ( 'NONE', *, *, #823, .F. ) ;
#2743 = ADVANCED_FACE ( 'NONE', ( #5171 ), #2818, .F. ) ;
#2744 = DIRECTION ( 'NONE',  ( 0.000000000000000000, 1.000000000000000000, -2.200000000000000003E-16 ) ) ;
#2745 = DIRECTION ( 'NONE',  ( -1.000000000000000000, 0.000000000000000000, 0.000000000000000000 ) ) ;
#2746 = CARTESIAN_POINT ( 'NONE',  ( -0.4028077024820585494, 0.8402914752360569617, -0.1961488084183167502 ) ) ;
#2747 = EDGE_CURVE ( 'NONE', #2649, #4801, #525, .T. ) ;
#2748 = CARTESIAN_POINT ( 'NONE',  ( 0.3855691417481612593, 0.8408644111021967849, -0.1974963327533974522 ) ) ;
#2749 = ORIENTED_EDGE ( 'NONE', *, *, #3568, .F. ) ;
#2750 = AXIS2_PLACEMENT_3D ( 'NONE', #2476, #543, #4794 ) ;
#2751 = AXIS2_PLACEMENT_3D ( 'NONE', #5921, #1288, #5005 ) ;
#2752 = DIRECTION ( 'NONE',  ( 0.000000000000000000, 1.000000000000000000, -2.200000000000000003E-16 ) ) ;
#2753 = CARTESIAN_POINT ( 'NONE',  ( -0.6246105172581994935, 0.3644553798669347700, -0.02264682039384628351 ) ) ;
#2754 = CARTESIAN_POINT ( 'NONE',  ( -0.4368350479814748222, 0.4801265902956950993, -0.1129878178800618610 ) ) ;
#2755 = ORIENTED_EDGE ( 'NONE', *, *, #1670, .T. ) ;
#2756 = CARTESIAN_POINT ( 'NONE',  ( 0.4476279603901908155, -0.8643751213721937443, -0.1877486053991012371 ) ) ;
#2757 = ORIENTED_EDGE ( 'NONE', *, *, #5876, .F. ) ;
#2758 = AXIS2_PLACEMENT_3D ( 'NONE', #71, #5992, #1481 ) ;
#2759 = ADVANCED_FACE ( 'NONE', ( #1393 ), #4203, .T. ) ;
#2760 = AXIS2_PLACEMENT_3D ( 'NONE', #5466, #1781, #2216 ) ;
#2761 = CARTESIAN_POINT ( 'NONE',  ( -0.4165985165920551014, 0.4563943704477188557, 0.02791801549324952544 ) ) ;
#2762 = ORIENTED_EDGE ( 'NONE', *, *, #5585, .T. ) ;
#2763 = CARTESIAN_POINT ( 'NONE',  ( 0.6246105172581994935, 0.3644553798669347700, -0.03184071945192468167 ) ) ;
#2764 = APPROVAL_STATUS ( 'not_yet_approved' ) ;
#2765 = EDGE_CURVE ( 'NONE', #4945, #1022, #3450, .T. ) ;
#2766 = ORIENTED_EDGE ( 'NONE', *, *, #462, .F. ) ;
#2767 = CARTESIAN_POINT ( 'NONE',  ( 0.4442197342993802756, 0.4793791180929146689, -0.1112982323576390820 ) ) ;
#2768 = ORIENTED_EDGE ( 'NONE', *, *, #2034, .T. ) ;
#2769 = DIRECTION ( 'NONE',  ( -1.000000000000000000, 0.000000000000000000, 9.930632803446247427E-15 ) ) ;
#2770 = CARTESIAN_POINT ( 'NONE',  ( 0.4763588949466857625, -0.8699562858134970433, -0.1777024489421400733 ) ) ;
#2771 = EDGE_LOOP ( 'NONE', ( #5026, #3727 ) ) ;
#2772 = CIRCLE ( 'NONE', #5559, 0.005746186911298974132 ) ;
#2773 = ADVANCED_FACE ( 'NONE', ( #3819 ), #1419, .F. ) ;
#2774 = AXIS2_PLACEMENT_3D ( 'NONE', #907, #4047, #5425 ) ;
#2775 = DIRECTION ( 'NONE',  ( 0.000000000000000000, 1.000000000000000000, 0.000000000000000000 ) ) ;
#2776 = DIRECTION ( 'NONE',  ( 0.000000000000000000, 0.000000000000000000, -1.000000000000000000 ) ) ;
#2777 = CARTESIAN_POINT ( 'NONE',  ( 0.4660874815432400342, -0.4285184138923239239, -0.1146288057561260787 ) ) ;
#2778 = DIRECTION ( 'NONE',  ( 0.000000000000000000, -1.000000000000000000, 2.200000000000000003E-16 ) ) ;
#2779 = ORIENTED_EDGE ( 'NONE', *, *, #1881, .F. ) ;
#2780 = FACE_OUTER_BOUND ( 'NONE', #2771, .T. ) ;
#2781 = CARTESIAN_POINT ( 'NONE',  ( 0.5096867790322197056, 0.8402396561224900751, -0.1731640607731207704 ) ) ;
#2782 = CARTESIAN_POINT ( 'NONE',  ( 0.4292401622740334433, -0.4446077372439614650, -0.1731640607731207704 ) ) ;
#2783 = EDGE_LOOP ( 'NONE', ( #5577, #3646, #2912, #3283 ) ) ;
#2784 = CARTESIAN_POINT ( 'NONE',  ( 0.4763676802212224448, -0.8498716526221127276, -0.1665443865464046047 ) ) ;
#2785 = EDGE_LOOP ( 'NONE', ( #3788, #5310 ) ) ;
#2786 = LINE ( 'NONE', #5106, #3880 ) ;
#2787 = DIRECTION ( 'NONE',  ( 0.000000000000000000, 0.000000000000000000, 1.000000000000000000 ) ) ;
#2788 = ADVANCED_FACE ( 'NONE', ( #2878 ), #5110, .F. ) ;
#2789 = ORIENTED_EDGE ( 'NONE', *, *, #4465, .F. ) ;
#2790 = AXIS2_PLACEMENT_3D ( 'NONE', #5431, #2691, #1199 ) ;
#2791 = DIRECTION ( 'NONE',  ( 0.000000000000000000, -1.000000000000000000, 2.200000000000000003E-16 ) ) ;
#2792 = PERSON_AND_ORGANIZATION_ROLE ( 'creator' ) ;
#2793 = EDGE_LOOP ( 'NONE', ( #1187, #3748, #3563, #31, #1900, #171, #1985, #5032, #404, #2134, #236, #1112 ) ) ;
#2794 = AXIS2_PLACEMENT_3D ( 'NONE', #5555, #3240, #4678 ) ;
#2795 = CARTESIAN_POINT ( 'NONE',  ( -0.4476279603901904824, 0.8701457376180293801, -0.1961488084183167502 ) ) ;
#2796 = ORIENTED_EDGE ( 'NONE', *, *, #1771, .F. ) ;
#2797 = DIRECTION ( 'NONE',  ( 0.000000000000000000, 0.000000000000000000, -1.000000000000000000 ) ) ;
#2798 = CYLINDRICAL_SURFACE ( 'NONE', #5920, 0.01896241680728657369 ) ;
#2799 = ORIENTED_EDGE ( 'NONE', *, *, #2098, .F. ) ;
#2800 = VECTOR ( 'NONE', #190, 1000.000000000000000 ) ;
#2801 = CARTESIAN_POINT ( 'NONE',  ( 0.4200449875624608920, -0.4285184138923239239, -0.07321487414561253515 ) ) ;
#2802 = DIRECTION ( 'NONE',  ( 0.000000000000000000, -1.000000000000000000, 0.000000000000000000 ) ) ;
#2803 = ORIENTED_EDGE ( 'NONE', *, *, #2862, .F. ) ;
#2804 = EDGE_CURVE ( 'NONE', #2395, #4945, #4714, .T. ) ;
#2805 = CARTESIAN_POINT ( 'NONE',  ( 0.4805463205351799827, -0.4285184138923239239, -0.1122287072138389574 ) ) ;
#2806 = LINE ( 'NONE', #3654, #2512 ) ;
#2807 = EDGE_LOOP ( 'NONE', ( #2664, #5937, #1027, #515, #5339, #1276, #1060, #787 ) ) ;
#2808 = DIRECTION ( 'NONE',  ( 0.000000000000000000, 0.000000000000000000, 1.000000000000000000 ) ) ;
#2809 = CARTESIAN_POINT ( 'NONE',  ( 0.6246105172581994935, -0.3940412924245302317, -0.01919910824706693234 ) ) ;
#2810 = DIRECTION ( 'NONE',  ( -1.000000000000000000, 0.000000000000000000, 0.000000000000000000 ) ) ;
#2811 = AXIS2_PLACEMENT_3D ( 'NONE', #1920, #2013, #5635 ) ;
#2812 = ORIENTED_EDGE ( 'NONE', *, *, #4275, .T. ) ;
#2813 = CARTESIAN_POINT ( 'NONE',  ( -0.4372860996033470227, -0.3940412924245302317, -0.07321487414561253515 ) ) ;
#2814 = EDGE_LOOP ( 'NONE', ( #381, #3571, #4265, #1969, #3841, #3132, #1527, #322, #3753, #327 ) ) ;
#2815 = VECTOR ( 'NONE', #1876, 1000.000000000000000 ) ;
#2816 = LINE ( 'NONE', #2845, #5710 ) ;
#2817 = EDGE_LOOP ( 'NONE', ( #1441, #1567, #3672, #3239 ) ) ;
#2818 = PLANE ( 'NONE',  #5371 ) ;
#2819 = VERTEX_POINT ( 'NONE', #467 ) ;
#2820 = AXIS2_PLACEMENT_3D ( 'NONE', #4409, #3874, #1507 ) ;
#2821 = ADVANCED_FACE ( 'NONE', ( #1848 ), #4742, .T. ) ;
#2822 = CIRCLE ( 'NONE', #4462, 0.02068627288067634643 ) ;
#2823 = DIRECTION ( 'NONE',  ( 0.000000000000000000, 0.000000000000000000, -1.000000000000000000 ) ) ;
#2824 = EDGE_LOOP ( 'NONE', ( #751, #3203, #1611, #5330 ) ) ;
#2825 = CARTESIAN_POINT ( 'NONE',  ( 0.4603698049756229649, 0.4563943704476729479, -0.09432545575160895812 ) ) ;
#2826 = FACE_OUTER_BOUND ( 'NONE', #3033, .T. ) ;
#2827 = VERTEX_POINT ( 'NONE', #959 ) ;
#2828 = EDGE_CURVE ( 'NONE', #1967, #883, #5178, .T. ) ;
#2829 = CARTESIAN_POINT ( 'NONE',  ( 0.5901333957904049132, -0.9000000000000000222, -0.1943933008137623542 ) ) ;
#2830 = CARTESIAN_POINT ( 'NONE',  ( 0.4637173182189488485, 0.4793791180929146689, 0.1307747726978751024 ) ) ;
#2831 = ORIENTED_EDGE ( 'NONE', *, *, #5665, .F. ) ;
#2832 = CARTESIAN_POINT ( 'NONE',  ( 0.4496369369816141659, -0.4285184138923239239, -0.1130558865431727511 ) ) ;
#2833 = LINE ( 'NONE', #1376, #1926 ) ;
#2834 = ORIENTED_EDGE ( 'NONE', *, *, #3722, .F. ) ;
#2835 = EDGE_CURVE ( 'NONE', #3566, #993, #4230, .T. ) ;
#2836 = CARTESIAN_POINT ( 'NONE',  ( -0.4292401622740334433, -0.4446077372439614650, -0.2076411822409144625 ) ) ;
#2837 = DIRECTION ( 'NONE',  ( 1.000000000000000000, 0.000000000000000000, 0.000000000000000000 ) ) ;
#2838 = CARTESIAN_POINT ( 'NONE',  ( -0.4026960721236266250, 0.4811604284125484132, -0.1159455959559635152 ) ) ;
#2839 = EDGE_LOOP ( 'NONE', ( #3635, #2920, #3986 ) ) ;
#2840 = DIRECTION ( 'NONE',  ( -1.000000000000000000, 0.000000000000000000, 0.000000000000000000 ) ) ;
#2841 = VERTEX_POINT ( 'NONE', #5624 ) ;
#2842 = AXIS2_PLACEMENT_3D ( 'NONE', #1372, #2775, #4604 ) ;
#2843 = EDGE_CURVE ( 'NONE', #4689, #4428, #1447, .T. ) ;
#2844 = VECTOR ( 'NONE', #1083, 1000.000000000000000 ) ;
#2845 = CARTESIAN_POINT ( 'NONE',  ( 0.3625843941029654460, -0.8008713257444980416, -0.2306259298861106088 ) ) ;
#2846 = CARTESIAN_POINT ( 'NONE',  ( 0.4944807850143176919, 0.4793791180929146689, -0.1042098178375330253 ) ) ;
#2847 = CIRCLE ( 'NONE', #120, 0.04367102052587229499 ) ;
#2848 = ORIENTED_EDGE ( 'NONE', *, *, #2828, .T. ) ;
#2849 = CARTESIAN_POINT ( 'NONE',  ( 0.6246105172581994935, -0.3250870494889427365, 0.06929217018693738239 ) ) ;
#2850 = VERTEX_POINT ( 'NONE', #2425 ) ;
#2851 = VECTOR ( 'NONE', #688, 1000.000000000000000 ) ;
#2852 = LINE ( 'NONE', #532, #4869 ) ;
#2853 = VECTOR ( 'NONE', #724, 1000.000000000000000 ) ;
#2854 = ORIENTED_EDGE ( 'NONE', *, *, #1109, .F. ) ;
#2855 = CARTESIAN_POINT ( 'NONE',  ( 0.5096867790322197056, 0.9000000000000000222, -0.2076411822409144625 ) ) ;
#2856 = CARTESIAN_POINT ( 'NONE',  ( -0.3855691417481612593, 0.8247217346575649310, -0.2076411822409144625 ) ) ;
#2857 = VERTEX_POINT ( 'NONE', #2849 ) ;
#2858 = CARTESIAN_POINT ( 'NONE',  ( -0.3959122437113787862, 0.4334096228025230979, 0.02791801549324953585 ) ) ;
#2859 = FACE_OUTER_BOUND ( 'NONE', #680, .T. ) ;
#2860 = ORIENTED_EDGE ( 'NONE', *, *, #3785, .T. ) ;
#2861 = CARTESIAN_POINT ( 'NONE',  ( 0.4637160080883331870, -0.4055336662471280551, -0.07321487414561253515 ) ) ;
#2862 = EDGE_CURVE ( 'NONE', #2493, #2440, #5078, .T. ) ;
#2863 = LINE ( 'NONE', #24, #2396 ) ;
#2864 = ORIENTED_EDGE ( 'NONE', *, *, #2060, .F. ) ;
#2865 = VECTOR ( 'NONE', #3525, 1000.000000000000000 ) ;
#2866 = LINE ( 'NONE', #2444, #2891 ) ;
#2867 = CARTESIAN_POINT ( 'NONE',  ( 0.4856618465059456269, -0.8376238422238273529, -0.1930561270323712386 ) ) ;
#2868 = DIRECTION ( 'NONE',  ( 0.000000000000000000, 0.000000000000000000, 1.000000000000000000 ) ) ;
#2869 = CARTESIAN_POINT ( 'NONE',  ( -0.3906806002565192393, 0.4793791180929146689, -0.1090193855032308562 ) ) ;
#2870 = EDGE_CURVE ( 'NONE', #2728, #1473, #1938, .T. ) ;
#2871 = VERTEX_POINT ( 'NONE', #1210 ) ;
#2872 = FACE_BOUND ( 'NONE', #2393, .T. ) ;
#2873 = EDGE_CURVE ( 'NONE', #711, #5213, #621, .T. ) ;
#2874 = VERTEX_POINT ( 'NONE', #3003 ) ;
#2875 = CARTESIAN_POINT ( 'NONE',  ( -0.6246105172581994935, -0.3940412924245302317, 0.08193378139179516295 ) ) ;
#2876 = CARTESIAN_POINT ( 'NONE',  ( 0.4498122534894162250, 0.4811604284126177467, -0.1159455959559176214 ) ) ;
#2877 = ORIENTED_EDGE ( 'NONE', *, *, #2027, .T. ) ;
#2878 = FACE_OUTER_BOUND ( 'NONE', #3907, .T. ) ;
#2879 = ADVANCED_FACE ( 'NONE', ( #4775 ), #5323, .F. ) ;
#2880 = EDGE_LOOP ( 'NONE', ( #3977, #2622, #4696, #5911 ) ) ;
#2881 = CIRCLE ( 'NONE', #5308, 0.04367102052587229499 ) ;
#2882 = DIRECTION ( 'NONE',  ( 0.000000000000000000, 1.000000000000000000, 0.000000000000000000 ) ) ;
#2883 = ORIENTED_EDGE ( 'NONE', *, *, #779, .T. ) ;
#2884 = CYLINDRICAL_SURFACE ( 'NONE', #1322, 0.03447712146779387254 ) ;
#2885 = FACE_BOUND ( 'NONE', #1446, .T. ) ;
#2886 = EDGE_LOOP ( 'NONE', ( #3051, #5274, #5815, #1082 ) ) ;
#2887 = AXIS2_PLACEMENT_3D ( 'NONE', #4914, #760, #2626 ) ;
#2888 = EDGE_CURVE ( 'NONE', #933, #5705, #4917, .T. ) ;
#2889 = FACE_OUTER_BOUND ( 'NONE', #5359, .T. ) ;
#2890 = CARTESIAN_POINT ( 'NONE',  ( 0.4514384797622945644, -0.4055336662471280551, -0.09017490584131614140 ) ) ;
#2891 = VECTOR ( 'NONE', #3743, 1000.000000000000000 ) ;
#2892 = ORIENTED_EDGE ( 'NONE', *, *, #5311, .F. ) ;
#2893 = DIRECTION ( 'NONE',  ( -0.000000000000000000, 1.000000000000000000, 0.000000000000000000 ) ) ;
#2894 = VECTOR ( 'NONE', #4087, 1000.000000000000000 ) ;
#2895 = DIRECTION ( 'NONE',  ( 1.000000000000000000, 0.000000000000000000, 0.000000000000000000 ) ) ;
#2896 = ORIENTED_EDGE ( 'NONE', *, *, #1271, .F. ) ;
#2897 = EDGE_CURVE ( 'NONE', #1702, #1333, #3032, .T. ) ;
#2898 = CARTESIAN_POINT ( 'NONE',  ( -0.6246105172581994935, -0.3250870494889427365, -0.03184071945192468167 ) ) ;
#2899 = CARTESIAN_POINT ( 'NONE',  ( 0.5108367174492824958, -0.8842436483798915559, -0.2198214650586545749 ) ) ;
#2900 = LINE ( 'NONE', #1501, #3602 ) ;
#2901 = CARTESIAN_POINT ( 'NONE',  ( -0.3855691417481612593, 0.9000000000000000222, -0.2076411822409144625 ) ) ;
#2902 = VERTEX_POINT ( 'NONE', #3520 ) ;
#2903 = CARTESIAN_POINT ( 'NONE',  ( 0.6246105172581994935, 0.3656046172491944635, -0.01919910824706693234 ) ) ;
#2904 = VERTEX_POINT ( 'NONE', #2517 ) ;
#2905 = AXIS2_PLACEMENT_3D ( 'NONE', #628, #2952, #3342 ) ;
#2906 = EDGE_CURVE ( 'NONE', #3397, #4621, #257, .T. ) ;
#2907 = EDGE_CURVE ( 'NONE', #1653, #1158, #3848, .T. ) ;
#2908 = CARTESIAN_POINT ( 'NONE',  ( 0.4430310453382724778, -0.3940412924245302317, 0.1307747726978751024 ) ) ;
#2909 = DIRECTION ( 'NONE',  ( 0.000000000000000000, 1.000000000000000000, 0.000000000000000000 ) ) ;
#2910 = ORIENTED_EDGE ( 'NONE', *, *, #1959, .F. ) ;
#2911 = CARTESIAN_POINT ( 'NONE',  ( 0.4541295004079165532, -0.4055336662468985720, -0.09205445074299173358 ) ) ;
#2912 = ORIENTED_EDGE ( 'NONE', *, *, #1235, .T. ) ;
#2913 = CIRCLE ( 'NONE', #2334, 0.04367102052587229499 ) ;
#2914 = EDGE_CURVE ( 'NONE', #227, #5351, #943, .T. ) ;
#2915 = ADVANCED_FACE ( 'NONE', ( #5782 ), #1635, .F. ) ;
#2916 = CARTESIAN_POINT ( 'NONE',  ( 0.4292401622740334433, -0.1917755131468061036, -0.1731640607731207704 ) ) ;
#2917 = CARTESIAN_POINT ( 'NONE',  ( -0.4165985165920551014, 0.4563943704477188557, 0.1307747726978751024 ) ) ;
#2918 = CARTESIAN_POINT ( 'NONE',  ( -0.6246105172581994935, -0.3250870494889427365, -0.03184071945192468167 ) ) ;
#2919 = VECTOR ( 'NONE', #4058, 1000.000000000000000 ) ;
#2920 = ORIENTED_EDGE ( 'NONE', *, *, #5374, .F. ) ;
#2921 = CARTESIAN_POINT ( 'NONE',  ( 0.6246105172581994935, 0.3702015667782341257, -0.03184071945192468167 ) ) ;
#2922 = PLANE ( 'NONE',  #2135 ) ;
#2923 = ORIENTED_EDGE ( 'NONE', *, *, #4389, .F. ) ;
#2924 = VECTOR ( 'NONE', #2501, 999.9999999999998863 ) ;
#2925 = EDGE_CURVE ( 'NONE', #437, #4411, #2705, .T. ) ;
#2926 = LINE ( 'NONE', #1889, #4193 ) ;
#2927 = CARTESIAN_POINT ( 'NONE',  ( 0.4430310453382724778, -0.4055336662471280551, 0.02791801549324973014 ) ) ;
#2928 = ORIENTED_EDGE ( 'NONE', *, *, #2314, .T. ) ;
#2929 = DIRECTION ( 'NONE',  ( 0.000000000000000000, 1.000000000000000000, 0.000000000000000000 ) ) ;
#2930 = CARTESIAN_POINT ( 'NONE',  ( -0.4020270376523993883, 0.4563943704477188557, -0.08789668957863107368 ) ) ;
#2931 = ORIENTED_EDGE ( 'NONE', *, *, #3034, .F. ) ;
#2932 = CARTESIAN_POINT ( 'NONE',  ( 0.4637173182189488485, -0.3940412924245302317, 0.02791801549324952544 ) ) ;
#2933 = PLANE ( 'NONE',  #449 ) ;
#2934 = CARTESIAN_POINT ( 'NONE',  ( 0.4837173856505306291, -0.8756220073385682090, -0.2149943863582065573 ) ) ;
#2935 = ORIENTED_EDGE ( 'NONE', *, *, #2747, .T. ) ;
#2936 = CARTESIAN_POINT ( 'NONE',  ( 0.4637173182189488485, -0.4055336662471280551, 0.1307747726978751024 ) ) ;
#2937 = ORIENTED_EDGE ( 'NONE', *, *, #4702, .F. ) ;
#2938 = CIRCLE ( 'NONE', #111, 0.04367102052587229499 ) ;
#2939 = CARTESIAN_POINT ( 'NONE',  ( -0.4368350479814748222, -0.4292658860950934741, -0.1129878178800503424 ) ) ;
#2940 = CARTESIAN_POINT ( 'NONE',  ( -0.4425190531887069345, 0.4793791180929146689, -0.1090193855032308562 ) ) ;
#2941 = VERTEX_POINT ( 'NONE', #3425 ) ;
#2942 = CARTESIAN_POINT ( 'NONE',  ( 0.4573964781393992651, -0.8556459544799729366, -0.2034612003710739303 ) ) ;
#2943 = VERTEX_POINT ( 'NONE', #133 ) ;
#2944 = EDGE_CURVE ( 'NONE', #2456, #2642, #5352, .T. ) ;
#2945 = AXIS2_PLACEMENT_3D ( 'NONE', #1214, #744, #2808 ) ;
#2946 = AXIS2_PLACEMENT_3D ( 'NONE', #4754, #3798, #3377 ) ;
#2947 = LINE ( 'NONE', #3850, #4569 ) ;
#2948 = CARTESIAN_POINT ( 'NONE',  ( 0.6246105172581994935, -0.3940412924245302317, 0.06584445804015801040 ) ) ;
#2949 = DIRECTION ( 'NONE',  ( 0.000000000000000000, 1.000000000000000000, 0.000000000000000000 ) ) ;
#2950 = ORIENTED_EDGE ( 'NONE', *, *, #1356, .F. ) ;
#2951 = CARTESIAN_POINT ( 'NONE',  ( 0.4637173182189488485, -0.4055336662471280551, 0.02791801549324952544 ) ) ;
#2952 = DIRECTION ( 'NONE',  ( 0.000000000000000000, -1.000000000000000000, 0.000000000000000000 ) ) ;
#2953 = ORIENTED_EDGE ( 'NONE', *, *, #561, .F. ) ;
#2954 = AXIS2_PLACEMENT_3D ( 'NONE', #3064, #4897, #1325 ) ;
#2955 = CARTESIAN_POINT ( 'NONE',  ( -0.4372860996033470227, 0.4793791180929146689, -0.07321487414561253515 ) ) ;
#2956 = CARTESIAN_POINT ( 'NONE',  ( 0.4573964781393992651, -0.8556459544799729366, -0.2034612003710739303 ) ) ;
#2957 = EDGE_LOOP ( 'NONE', ( #5016, #720, #4176, #4531 ) ) ;
#2958 = DIRECTION ( 'NONE',  ( -1.000000000000000000, 0.000000000000000000, 0.000000000000000000 ) ) ;
#2959 = CARTESIAN_POINT ( 'NONE',  ( 0.4637173182189488485, -0.4285184138923239239, 0.1307747726978751024 ) ) ;
#2960 = ADVANCED_FACE ( 'NONE', ( #3972 ), #196, .F. ) ;
#2961 = ORIENTED_EDGE ( 'NONE', *, *, #5010, .F. ) ;
#2962 = CARTESIAN_POINT ( 'NONE',  ( 0.4782887971585361719, 0.4563943704477188557, -0.08789668957863107368 ) ) ;
#2963 = CARTESIAN_POINT ( 'NONE',  ( 0.4896352345545197937, -0.4285184138923239239, -0.1090193855032193376 ) ) ;
#2964 = CARTESIAN_POINT ( 'NONE',  ( -0.4165985165920551014, 0.4793791180929146689, 0.02791801549324952544 ) ) ;
#2965 = DIRECTION ( 'NONE',  ( 0.000000000000000000, 1.000000000000000000, -2.200000000000000003E-16 ) ) ;
#2966 = ORIENTED_EDGE ( 'NONE', *, *, #1863, .F. ) ;
#2967 = VECTOR ( 'NONE', #3433, 1000.000000000000000 ) ;
#2968 = CARTESIAN_POINT ( 'NONE',  ( -0.4165998267223259277, -0.4314777147443150662, -0.1180069949234433674 ) ) ;
#2969 = CIRCLE ( 'NONE', #5564, 0.04367102052587229499 ) ;
#2970 = CARTESIAN_POINT ( 'NONE',  ( -0.4048520632800974850, -0.4285184138923239239, -0.1136043072444841151 ) ) ;
#2971 = ORIENTED_EDGE ( 'NONE', *, *, #2285, .F. ) ;
#2972 = DIRECTION ( 'NONE',  ( 0.000000000000000000, 1.000000000000000000, 0.000000000000000000 ) ) ;
#2973 = ORIENTED_EDGE ( 'NONE', *, *, #4895, .T. ) ;
#2974 = ADVANCED_FACE ( 'NONE', ( #712 ), #2064, .F. ) ;
#2975 = CYLINDRICAL_SURFACE ( 'NONE', #1090, 0.02068627288067634643 ) ;
#2976 = CARTESIAN_POINT ( 'NONE',  ( 0.3671820446668083160, -0.8008713257444980416, -0.04143621099252338402 ) ) ;
#2977 = DIRECTION ( 'NONE',  ( -1.000000000000000000, 0.000000000000000000, 0.000000000000000000 ) ) ;
#2978 = VERTEX_POINT ( 'NONE', #1603 ) ;
#2979 = CARTESIAN_POINT ( 'NONE',  ( 0.4949832446154506793, -0.8986162830016617420, -0.2282701338614253339 ) ) ;
#2980 = FACE_OUTER_BOUND ( 'NONE', #1978, .T. ) ;
#2981 = ORIENTED_EDGE ( 'NONE', *, *, #197, .T. ) ;
#2982 = EDGE_CURVE ( 'NONE', #4129, #1339, #3456, .T. ) ;
#2983 = VECTOR ( 'NONE', #2533, 1000.000000000000000 ) ;
#2984 = EDGE_CURVE ( 'NONE', #4960, #2545, #5816, .T. ) ;
#2985 = DIRECTION ( 'NONE',  ( 0.000000000000000000, 1.000000000000000000, 0.000000000000000000 ) ) ;
#2986 = LINE ( 'NONE', #632, #183 ) ;
#2987 = VERTEX_POINT ( 'NONE', #5687 ) ;
#2988 = CARTESIAN_POINT ( 'NONE',  ( 0.6246105172581994935, 0.3644553798669347700, -0.06628498422295976689 ) ) ;
#2989 = DIRECTION ( 'NONE',  ( -1.000000000000000000, 0.000000000000000000, 0.000000000000000000 ) ) ;
#2990 = VECTOR ( 'NONE', #1467, 1000.000000000000000 ) ;
#2991 = LINE ( 'NONE', #4822, #1871 ) ;
#2992 = EDGE_CURVE ( 'NONE', #1536, #3487, #1541, .T. ) ;
#2993 = CIRCLE ( 'NONE', #4056, 0.01896241680728657369 ) ;
#2994 = DIRECTION ( 'NONE',  ( 1.000000000000000000, 0.000000000000000000, 0.000000000000000000 ) ) ;
#2995 = DIRECTION ( 'NONE',  ( -1.000000000000000000, 0.000000000000000000, 0.000000000000000000 ) ) ;
#2996 = CARTESIAN_POINT ( 'NONE',  ( -0.4095161636100462244, 0.4793791180929146689, -0.1143270087967830501 ) ) ;
#2997 = CARTESIAN_POINT ( 'NONE',  ( 0.4637173182189488485, 0.4793791180929146689, 0.1307747726978751024 ) ) ;
#2998 = EDGE_LOOP ( 'NONE', ( #2386, #407, #191, #941, #3940, #689, #1818, #4109, #1347, #5832, #2355, #4456, #564, #5504, #2010, #4659, #4774, #4806 ) ) ;
#2999 = VECTOR ( 'NONE', #5924, 1000.000000000000000 ) ;
#3000 = CARTESIAN_POINT ( 'NONE',  ( 0.6246105172581994935, 0.4334096228025230979, 0.1669773476790199773 ) ) ;
#3001 = DIRECTION ( 'NONE',  ( 0.000000000000000000, -1.000000000000000000, 0.000000000000000000 ) ) ;
#3002 = ORIENTED_EDGE ( 'NONE', *, *, #4497, .F. ) ;
#3003 = CARTESIAN_POINT ( 'NONE',  ( 0.4491432190181312567, 0.4563943704477188557, -0.08789668957863107368 ) ) ;
#3004 = ORIENTED_EDGE ( 'NONE', *, *, #707, .T. ) ;
#3005 = FACE_BOUND ( 'NONE', #284, .T. ) ;
#3006 = FACE_OUTER_BOUND ( 'NONE', #3432, .T. ) ;
#3007 = PLANE ( 'NONE',  #3436 ) ;
#3008 = EDGE_LOOP ( 'NONE', ( #2371, #3870 ) ) ;
#3009 = DIRECTION ( 'NONE',  ( 0.000000000000000000, 1.000000000000000000, 0.000000000000000000 ) ) ;
#3010 = ORIENTED_EDGE ( 'NONE', *, *, #3316, .F. ) ;
#3011 = AXIS2_PLACEMENT_3D ( 'NONE', #271, #2138, #2201 ) ;
#3012 = EDGE_CURVE ( 'NONE', #3366, #4756, #1081, .T. ) ;
#3013 = AXIS2_PLACEMENT_3D ( 'NONE', #4896, #287, #1753 ) ;
#3014 = CARTESIAN_POINT ( 'NONE',  ( -0.4165998267226706520, 0.4793791180929146689, -0.07321487414561253515 ) ) ;
#3015 = DIRECTION ( 'NONE',  ( 0.000000000000000000, 1.000000000000000000, 0.000000000000000000 ) ) ;
#3016 = ORIENTED_EDGE ( 'NONE', *, *, #2136, .F. ) ;
#3017 = LINE ( 'NONE', #3954, #5549 ) ;
#3018 = CARTESIAN_POINT ( 'NONE',  ( 0.5108367174492824958, -0.9115913541422375754, -0.1705952984195978905 ) ) ;
#3019 = CARTESIAN_POINT ( 'NONE',  ( -0.5096867790322197056, 0.8402914752360569617, -0.1157021916601309180 ) ) ;
#3020 = CARTESIAN_POINT ( 'NONE',  ( 0.5901333957904049132, -0.7997279457992354512, -0.1386869393053268840 ) ) ;
#3021 = ADVANCED_FACE ( 'NONE', ( #1701 ), #5438, .T. ) ;
#3022 = VECTOR ( 'NONE', #2509, 1000.000000000000000 ) ;
#3023 = CARTESIAN_POINT ( 'NONE',  ( 0.3625843941029654460, -0.8031697890166439313, -0.1731640607731207704 ) ) ;
#3024 = DIRECTION ( 'NONE',  ( -1.000000000000000000, 0.000000000000000000, 0.000000000000000000 ) ) ;
#3025 = CARTESIAN_POINT ( 'NONE',  ( -0.3981887611483112543, 0.4793791180929146689, -0.1117048115648897749 ) ) ;
#3026 = FACE_OUTER_BOUND ( 'NONE', #1300, .T. ) ;
#3027 = VERTEX_POINT ( 'NONE', #4061 ) ;
#3028 = EDGE_CURVE ( 'NONE', #5695, #5491, #2608, .T. ) ;
#3029 = DIRECTION ( 'NONE',  ( -1.000000000000000000, 0.000000000000000000, 0.000000000000000000 ) ) ;
#3030 = CARTESIAN_POINT ( 'NONE',  ( 0.3855691417481612593, 0.7735838994437965743, -0.1731640607731207704 ) ) ;
#3031 = ORIENTED_EDGE ( 'NONE', *, *, #4969, .F. ) ;
#3032 = LINE ( 'NONE', #681, #648 ) ;
#3033 = EDGE_LOOP ( 'NONE', ( #5047, #1402, #5759, #3163 ) ) ;
#3034 = EDGE_CURVE ( 'NONE', #2642, #4074, #4233, .T. ) ;
#3035 = DIRECTION ( 'NONE',  ( 0.000000000000000000, 0.7071067811865475727, -0.7071067811865475727 ) ) ;
#3036 = DIRECTION ( 'NONE',  ( -1.000000000000000000, 0.000000000000000000, 0.000000000000000000 ) ) ;
#3037 = DIRECTION ( 'NONE',  ( 0.000000000000000000, -1.000000000000000000, 0.000000000000000000 ) ) ;
#3038 = VERTEX_POINT ( 'NONE', #805 ) ;
#3039 = CARTESIAN_POINT ( 'NONE',  ( 0.5087112250984415773, -0.9000000000000000222, -0.2290690230178078768 ) ) ;
#3040 = DIRECTION ( 'NONE',  ( 1.000000000000000000, 0.000000000000000000, 0.000000000000000000 ) ) ;
#3041 = ORIENTED_EDGE ( 'NONE', *, *, #5826, .F. ) ;
#3042 = AXIS2_PLACEMENT_3D ( 'NONE', #1053, #2037, #3429 ) ;
#3043 = CIRCLE ( 'NONE', #1970, 0.005746186911298974132 ) ;
#3044 = EDGE_CURVE ( 'NONE', #2987, #1144, #2126, .T. ) ;
#3045 = CARTESIAN_POINT ( 'NONE',  ( 0.4763588949466857625, -0.8699562858134970433, -0.1777024489421400733 ) ) ;
#3046 = DIRECTION ( 'NONE',  ( 0.000000000000000000, 1.000000000000000000, 0.000000000000000000 ) ) ;
#3047 = ORIENTED_EDGE ( 'NONE', *, *, #1720, .F. ) ;
#3048 = DIRECTION ( 'NONE',  ( -1.000000000000000000, 0.000000000000000000, 0.000000000000000000 ) ) ;
#3049 = FACE_BOUND ( 'NONE', #3008, .T. ) ;
#3050 = VECTOR ( 'NONE', #2985, 1000.000000000000000 ) ;
#3051 = ORIENTED_EDGE ( 'NONE', *, *, #1599, .F. ) ;
#3052 = CYLINDRICAL_SURFACE ( 'NONE', #361, 0.03447712146779387254 ) ;
#3053 = CARTESIAN_POINT ( 'NONE',  ( -0.4292401622740334433, -0.4446077372439614650, -0.1731640607731207704 ) ) ;
#3054 = AXIS2_PLACEMENT_3D ( 'NONE', #4440, #406, #377 ) ;
#3055 = CARTESIAN_POINT ( 'NONE',  ( 0.4514384797622595369, 0.4563943704477188557, -0.09017490584131614140 ) ) ;
#3056 = LINE ( 'NONE', #3542, #2121 ) ;
#3057 = EDGE_CURVE ( 'NONE', #1798, #5101, #3580, .T. ) ;
#3058 = DIRECTION ( 'NONE',  ( 0.000000000000000000, -0.4856406976879717452, 0.8741585169459485938 ) ) ;
#3059 = DIRECTION ( 'NONE',  ( 0.000000000000000000, 1.000000000000000000, -2.800000000000000139E-16 ) ) ;
#3060 = EDGE_LOOP ( 'NONE', ( #5290, #1377, #2877, #4088 ) ) ;
#3061 = EDGE_CURVE ( 'NONE', #5623, #3457, #837, .T. ) ;
#3062 = ADVANCED_FACE ( 'NONE', ( #5468 ), #4501, .F. ) ;
#3063 = DIRECTION ( 'NONE',  ( 0.000000000000000000, 0.000000000000000000, -1.000000000000000000 ) ) ;
#3064 = CARTESIAN_POINT ( 'NONE',  ( 0.4763588949466857625, -0.8643751213721759807, -0.1877486053990913839 ) ) ;
#3065 = ORIENTED_EDGE ( 'NONE', *, *, #3509, .T. ) ;
#3066 = DIRECTION ( 'NONE',  ( 9.199999999999463185E-16, -0.4856406976879716897, 0.8741585169459484828 ) ) ;
#3067 = EDGE_LOOP ( 'NONE', ( #759, #4776 ) ) ;
#3068 = AXIS2_PLACEMENT_3D ( 'NONE', #5791, #1185, #4811 ) ;
#3069 = PLANE ( 'NONE',  #2659 ) ;
#3070 = EDGE_CURVE ( 'NONE', #1163, #682, #2993, .T. ) ;
#3071 = DIRECTION ( 'NONE',  ( 0.000000000000000000, 0.000000000000000000, 1.000000000000000000 ) ) ;
#3072 = ORIENTED_EDGE ( 'NONE', *, *, #1765, .F. ) ;
#3073 = CARTESIAN_POINT ( 'NONE',  ( -0.6246105172581994935, 0.8402396561224900751, -0.1490891920208620158 ) ) ;
#3074 = CYLINDRICAL_SURFACE ( 'NONE', #4441, 0.005746186911298988009 ) ;
#3075 = EDGE_LOOP ( 'NONE', ( #1485, #3655, #1405, #552 ) ) ;
#3076 = DIRECTION ( 'NONE',  ( 1.000000000000000000, 0.000000000000000000, 0.000000000000000000 ) ) ;
#3077 = DIRECTION ( 'NONE',  ( 0.000000000000000000, 0.000000000000000000, -1.000000000000000000 ) ) ;
#3078 = EDGE_LOOP ( 'NONE', ( #2254, #5007 ) ) ;
#3079 = CARTESIAN_POINT ( 'NONE',  ( 0.6246105172581994935, -0.3940412924245302317, 0.08193378139179516295 ) ) ;
#3080 = CARTESIAN_POINT ( 'NONE',  ( 0.4637173182189488485, 0.4563943704477188557, 0.1307747726978751024 ) ) ;
#3081 = ORIENTED_EDGE ( 'NONE', *, *, #3161, .T. ) ;
#3082 = DIRECTION ( 'NONE',  ( 0.000000000000000000, 1.000000000000000000, -2.200000000000000003E-16 ) ) ;
#3083 = CARTESIAN_POINT ( 'NONE',  ( -0.6246105172581994935, 0.3644553798669347700, -0.03184071945192468167 ) ) ;
#3084 = LINE ( 'NONE', #1661, #479 ) ;
#3085 = DIRECTION ( 'NONE',  ( -1.000000000000000000, 0.000000000000000000, 0.000000000000000000 ) ) ;
#3086 = AXIS2_PLACEMENT_3D ( 'NONE', #1132, #4371, #1040 ) ;
#3087 = CARTESIAN_POINT ( 'NONE',  ( -0.3901534054632233572, 0.4793791180929146689, -0.1077614923970940941 ) ) ;
#3088 = CARTESIAN_POINT ( 'NONE',  ( 0.6246105172581994935, 0.4334096228025230979, 0.08193378139179516295 ) ) ;
#3089 = ORIENTED_EDGE ( 'NONE', *, *, #2835, .T. ) ;
#3090 = EDGE_CURVE ( 'NONE', #2646, #845, #2698, .T. ) ;
#3091 = AXIS2_PLACEMENT_3D ( 'NONE', #3228, #5974, #1860 ) ;
#3092 = PLANE ( 'NONE',  #3782 ) ;
#3093 = CARTESIAN_POINT ( 'NONE',  ( -0.4334756259209678331, -0.4285184138923239239, -0.1122144435615113900 ) ) ;
#3094 = ORIENTED_EDGE ( 'NONE', *, *, #3982, .F. ) ;
#3095 = LINE ( 'NONE', #866, #2702 ) ;
#3096 = CIRCLE ( 'NONE', #1047, 0.03447712146779387254 ) ;
#3097 = ORIENTED_EDGE ( 'NONE', *, *, #4132, .T. ) ;
#3098 = ADVANCED_FACE ( 'NONE', ( #2190 ), #3608, .T. ) ;
#3099 = CARTESIAN_POINT ( 'NONE',  ( 0.4292401622740334433, -0.4101306157761677729, -0.2076411822409144625 ) ) ;
#3100 = CARTESIAN_POINT ( 'NONE',  ( 0.6246105172581994935, 0.4334096228025230979, 0.06584445804015801040 ) ) ;
#3101 = VERTEX_POINT ( 'NONE', #5846 ) ;
#3102 = CARTESIAN_POINT ( 'NONE',  ( 0.4361962354724037150, -0.8542447668277145523, -0.2026522248562210304 ) ) ;
#3103 = VERTEX_POINT ( 'NONE', #4528 ) ;
#3104 = AXIS2_PLACEMENT_3D ( 'NONE', #4267, #74, #1550 ) ;
#3105 = EDGE_CURVE ( 'NONE', #883, #5781, #380, .T. ) ;
#3106 = CARTESIAN_POINT ( 'NONE',  ( 0.4856802902651690679, 0.4793791180929146689, -0.1102558973115747437 ) ) ;
#3107 = DIRECTION ( 'NONE',  ( 0.000000000000000000, 1.000000000000000000, -2.200000000000000003E-16 ) ) ;
#3108 = EDGE_LOOP ( 'NONE', ( #838, #1353, #1891, #5240 ) ) ;
#3109 = DIRECTION ( 'NONE',  ( -1.000000000000000000, 0.000000000000000000, 0.000000000000000000 ) ) ;
#3110 = DIRECTION ( 'NONE',  ( 0.000000000000000000, 1.000000000000000000, -2.800000000000000139E-16 ) ) ;
#3111 = VERTEX_POINT ( 'NONE', #774 ) ;
#3112 = DIRECTION ( 'NONE',  ( -1.000000000000000000, 0.000000000000000000, 0.000000000000000000 ) ) ;
#3113 = ADVANCED_FACE ( 'NONE', ( #5929 ), #1354, .F. ) ;
#3114 = AXIS2_PLACEMENT_3D ( 'NONE', #3410, #5211, #3346 ) ;
#3115 = CARTESIAN_POINT ( 'NONE',  ( 0.6246105172581994935, -0.3940412924245302317, -0.1203319978859289513 ) ) ;
#3116 = CARTESIAN_POINT ( 'NONE',  ( 0.5292245155654393685, -0.8841802896065015238, -0.2199355115371235680 ) ) ;
#3117 = CARTESIAN_POINT ( 'NONE',  ( -0.3855691417481612593, 0.9000000000000000222, -0.2133873691522135130 ) ) ;
#3118 = AXIS2_PLACEMENT_3D ( 'NONE', #2451, #644, #5683 ) ;
#3119 = DIRECTION ( 'NONE',  ( 0.000000000000000000, -1.000000000000000000, 2.200000000000000003E-16 ) ) ;
#3120 = ORIENTED_EDGE ( 'NONE', *, *, #1374, .F. ) ;
#3121 = VECTOR ( 'NONE', #5275, 1000.000000000000000 ) ;
#3122 = FACE_OUTER_BOUND ( 'NONE', #2814, .T. ) ;
#3123 = CARTESIAN_POINT ( 'NONE',  ( -0.4355774879135291822, -0.4285184138923239239, -0.1114976366292335375 ) ) ;
#3124 = ORIENTED_EDGE ( 'NONE', *, *, #5938, .F. ) ;
#3125 = DIRECTION ( 'NONE',  ( 1.000000000000000000, 0.000000000000000000, 0.000000000000000000 ) ) ;
#3126 = VERTEX_POINT ( 'NONE', #3636 ) ;
#3127 = CARTESIAN_POINT ( 'NONE',  ( 0.5059433883224844219, -0.8593599071055312288, -0.2056054610565503649 ) ) ;
#3128 = EDGE_CURVE ( 'NONE', #5599, #445, #4814, .T. ) ;
#3129 = ORIENTED_EDGE ( 'NONE', *, *, #259, .F. ) ;
#3130 = CARTESIAN_POINT ( 'NONE',  ( 0.4554876975800705163, -0.8471779162865730184, -0.1985721763711075227 ) ) ;
#3131 =( BOUNDED_CURVE ( )  B_SPLINE_CURVE ( 3, ( #3039, #2979, #718, #2615 ),
 .UNSPECIFIED., .F., .T. ) 
 B_SPLINE_CURVE_WITH_KNOTS ( ( 4, 4 ),
 ( 3.257444174729335007, 5.156770965612540003 ),
 .UNSPECIFIED. ) 
 CURVE ( )  GEOMETRIC_REPRESENTATION_ITEM ( )  RATIONAL_B_SPLINE_CURVE ( ( 1.000000000000000000, 0.7213045705815900321, 0.7213045705815900321, 1.000000000000000000 ) ) 
 REPRESENTATION_ITEM ( '' )  );
#3132 = ORIENTED_EDGE ( 'NONE', *, *, #2897, .F. ) ;
#3133 = CARTESIAN_POINT ( 'NONE',  ( 0.4944807850143176919, 0.4793791180929146689, -0.1042098178375330253 ) ) ;
#3134 = CARTESIAN_POINT ( 'NONE',  ( 0.6246105172581994935, 0.4793791180929146689, -0.1042098178375330253 ) ) ;
#3135 = VERTEX_POINT ( 'NONE', #5017 ) ;
#3136 = CARTESIAN_POINT ( 'NONE',  ( 0.6246105172581994935, 0.3656046172491944635, -0.03528843159870404672 ) ) ;
#3137 = DIRECTION ( 'NONE',  ( 0.000000000000000000, 1.000000000000000000, -2.200000000000000003E-16 ) ) ;
#3138 = ORIENTED_EDGE ( 'NONE', *, *, #4204, .T. ) ;
#3139 = AXIS2_PLACEMENT_3D ( 'NONE', #5973, #4076, #5515 ) ;
#3140 = AXIS2_PLACEMENT_3D ( 'NONE', #2412, #5186, #4277 ) ;
#3141 = CARTESIAN_POINT ( 'NONE',  ( -0.3729274960661828064, -0.4285184138923239239, 0.02791801549324952544 ) ) ;
#3142 = FACE_BOUND ( 'NONE', #134, .T. ) ;
#3143 = AXIS2_PLACEMENT_3D ( 'NONE', #2431, #502, #4179 ) ;
#3144 = EDGE_CURVE ( 'NONE', #5096, #2646, #3095, .T. ) ;
#3145 = CARTESIAN_POINT ( 'NONE',  ( 0.4637160080883331870, 0.4793791180929146689, -0.07321487414561253515 ) ) ;
#3146 = DIRECTION ( 'NONE',  ( -1.000000000000000000, 0.000000000000000000, 0.000000000000000000 ) ) ;
#3147 = ORIENTED_EDGE ( 'NONE', *, *, #1286, .T. ) ;
#3148 = VECTOR ( 'NONE', #2392, 1000.000000000000000 ) ;
#3149 = VECTOR ( 'NONE', #6009, 1000.000000000000000 ) ;
#3150 = DIRECTION ( 'NONE',  ( -1.000000000000000000, 0.000000000000000000, 0.000000000000000000 ) ) ;
#3151 = CARTESIAN_POINT ( 'NONE',  ( -0.4399076484225342143, -0.4285184138923239239, -0.1095904334440438166 ) ) ;
#3152 = ORIENTED_EDGE ( 'NONE', *, *, #3161, .F. ) ;
#3153 = CARTESIAN_POINT ( 'NONE',  ( -0.3959135538419943368, 0.4793791180929146689, -0.07321487414561253515 ) ) ;
#3154 = VERTEX_POINT ( 'NONE', #4115 ) ;
#3155 = CARTESIAN_POINT ( 'NONE',  ( 0.4988667210283358466, -0.8613075556630906959, -0.2067299361587185136 ) ) ;
#3156 = VERTEX_POINT ( 'NONE', #1810 ) ;
#3157 = LINE ( 'NONE', #5505, #1018 ) ;
#3158 = COORDINATED_UNIVERSAL_TIME_OFFSET ( 8, 0, .AHEAD. ) ;
#3159 = ORIENTED_EDGE ( 'NONE', *, *, #2907, .T. ) ;
#3160 = AXIS2_PLACEMENT_3D ( 'NONE', #5562, #528, #3275 ) ;
#3161 = EDGE_CURVE ( 'NONE', #2649, #865, #2641, .T. ) ;
#3162 = DIRECTION ( 'NONE',  ( -1.000000000000000000, 0.000000000000000000, 0.000000000000000000 ) ) ;
#3163 = ORIENTED_EDGE ( 'NONE', *, *, #3351, .F. ) ;
#3164 = DIRECTION ( 'NONE',  ( 0.000000000000000000, -1.000000000000000000, 2.200000000000000003E-16 ) ) ;
#3165 = LINE ( 'NONE', #1887, #177 ) ;
#3166 = CIRCLE ( 'NONE', #5378, 0.04367102052587229499 ) ;
#3167 = ORIENTED_EDGE ( 'NONE', *, *, #105, .T. ) ;
#3168 = EDGE_CURVE ( 'NONE', #1736, #2871, #4330, .T. ) ;
#3169 = ADVANCED_FACE ( 'NONE', ( #2357 ), #3780, .T. ) ;
#3170 = FACE_OUTER_BOUND ( 'NONE', #239, .T. ) ;
#3171 = DIRECTION ( 'NONE',  ( -1.000000000000000000, 0.000000000000000000, 0.000000000000000000 ) ) ;
#3172 = CARTESIAN_POINT ( 'NONE',  ( -0.3952955484666071939, 0.4793791180929146689, -0.1105545761637298230 ) ) ;
#3173 = CARTESIAN_POINT ( 'NONE',  ( 0.4200462976930765535, -0.4285184138923239239, 0.02791801549324953238 ) ) ;
#3174 = ORIENTED_EDGE ( 'NONE', *, *, #1041, .T. ) ;
#3175 = ADVANCED_FACE ( 'NONE', ( #2332 ), #3269, .F. ) ;
#3176 = AXIS2_PLACEMENT_3D ( 'NONE', #4343, #1597, #5284 ) ;
#3177 = FACE_OUTER_BOUND ( 'NONE', #5730, .T. ) ;
#3178 = FACE_BOUND ( 'NONE', #3888, .T. ) ;
#3179 = ORIENTED_EDGE ( 'NONE', *, *, #1720, .T. ) ;
#3180 = DIRECTION ( 'NONE',  ( -1.000000000000000000, 0.000000000000000000, 0.000000000000000000 ) ) ;
#3181 = EDGE_LOOP ( 'NONE', ( #4994, #5209 ) ) ;
#3182 = AXIS2_PLACEMENT_3D ( 'NONE', #3600, #4492, #1231 ) ;
#3183 = ADVANCED_FACE ( 'NONE', ( #2872, #4170 ), #1901, .T. ) ;
#3184 = AXIS2_PLACEMENT_3D ( 'NONE', #3908, #5752, #4899 ) ;
#3185 = CARTESIAN_POINT ( 'NONE',  ( 0.4938230970934739950, -0.8639339420073113285, -0.2082462805942758011 ) ) ;
#3186 = VERTEX_POINT ( 'NONE', #4616 ) ;
#3187 = DIRECTION ( 'NONE',  ( 4.117843242209758629E-16, -0.4856406976879716897, 0.8741585169459484828 ) ) ;
#3188 = PERSON_AND_ORGANIZATION_ROLE ( 'design_owner' ) ;
#3189 = EDGE_CURVE ( 'NONE', #85, #4243, #1872, .T. ) ;
#3190 = ORIENTED_EDGE ( 'NONE', *, *, #4517, .F. ) ;
#3191 = VECTOR ( 'NONE', #283, 1000.000000000000000 ) ;
#3192 = CARTESIAN_POINT ( 'NONE',  ( 0.4404081863881593173, 0.4793791180929146689, -0.1095904334439289779 ) ) ;
#3193 = ORIENTED_EDGE ( 'NONE', *, *, #3692, .T. ) ;
#3194 = CARTESIAN_POINT ( 'NONE',  ( -0.5096867790322197056, 0.8247217346575649310, -0.2248797429748115584 ) ) ;
#3195 = CYLINDRICAL_SURFACE ( 'NONE', #763, 0.05746186911298988009 ) ;
#3196 = SECURITY_CLASSIFICATION ( '', '', #2311 ) ;
#3197 = ORIENTED_EDGE ( 'NONE', *, *, #1959, .T. ) ;
#3198 = CARTESIAN_POINT ( 'NONE',  ( 0.3855691417481612593, 0.8247217346575649310, -0.2076411822409144625 ) ) ;
#3199 = CARTESIAN_POINT ( 'NONE',  ( 0.4601111248043675550, -0.8471779598099178354, -0.1985722005505679844 ) ) ;
#3200 = DIRECTION ( 'NONE',  ( -1.000000000000000000, 0.000000000000000000, 0.000000000000000000 ) ) ;
#3201 = EDGE_CURVE ( 'NONE', #1909, #5288, #3690, .T. ) ;
#3202 = CYLINDRICAL_SURFACE ( 'NONE', #3967, 0.04367102052587229499 ) ;
#3203 = ORIENTED_EDGE ( 'NONE', *, *, #2547, .F. ) ;
#3204 = AXIS2_PLACEMENT_3D ( 'NONE', #5460, #1318, #3171 ) ;
#3205 = DIRECTION ( 'NONE',  ( 1.000000000000000000, 0.000000000000000000, 0.000000000000000000 ) ) ;
#3206 = VECTOR ( 'NONE', #5956, 1000.000000000000000 ) ;
#3207 = CARTESIAN_POINT ( 'NONE',  ( 0.6246105172581994935, 0.3644553798669347700, -0.02264682039384628351 ) ) ;
#3208 = CARTESIAN_POINT ( 'NONE',  ( -0.4425190531887069345, 0.4793791180929146689, -0.1090193855032308562 ) ) ;
#3209 = VERTEX_POINT ( 'NONE', #4253 ) ;
#3210 = DIRECTION ( 'NONE',  ( 0.000000000000000000, 1.000000000000000000, 0.000000000000000000 ) ) ;
#3211 = EDGE_CURVE ( 'NONE', #2545, #4639, #5978, .T. ) ;
#3212 = ORIENTED_EDGE ( 'NONE', *, *, #1648, .T. ) ;
#3213 = AXIS2_PLACEMENT_3D ( 'NONE', #4606, #5546, #483 ) ;
#3214 = CARTESIAN_POINT ( 'NONE',  ( 0.4839512293471499582, 0.4801265902956608489, -0.1129878178800847038 ) ) ;
#3215 = VERTEX_POINT ( 'NONE', #1413 ) ;
#3216 = CARTESIAN_POINT ( 'NONE',  ( 0.4377967816222277930, -0.4285184138923239239, -0.1090193855032193376 ) ) ;
#3217 = DATE_AND_TIME ( #812, #3970 ) ;
#3218 = EDGE_CURVE ( 'NONE', #4976, #5096, #953, .T. ) ;
#3219 = VERTEX_POINT ( 'NONE', #2813 ) ;
#3220 = CARTESIAN_POINT ( 'NONE',  ( 0.4372404500807972605, 0.4793791180929146689, -0.1077415774060136305 ) ) ;
#3221 = ORIENTED_EDGE ( 'NONE', *, *, #3615, .T. ) ;
#3222 = LINE ( 'NONE', #5454, #144 ) ;
#3223 = DIRECTION ( 'NONE',  ( -1.000000000000000000, 0.000000000000000000, 9.930632803446247427E-15 ) ) ;
#3224 = ORIENTED_EDGE ( 'NONE', *, *, #2314, .F. ) ;
#3225 = CIRCLE ( 'NONE', #2356, 0.04367102052587229499 ) ;
#3226 = B_SPLINE_CURVE_WITH_KNOTS ( 'NONE', 10,
 ( #5604, #2405, #48, #3440, #3769, #3859, #5180, #1032, #1125, #2890, #1458 ),
 .UNSPECIFIED., .F., .F.,
 ( 11, 11 ),
 ( 7.075291698147999853, 9.889308631237000213 ),
 .UNSPECIFIED. ) ;
#3227 = PLANE ( 'NONE',  #2751 ) ;
#3228 = CARTESIAN_POINT ( 'NONE',  ( -0.4752096575644259580, -0.1917755131468061036, -0.2076411822409144625 ) ) ;
#3229 = CARTESIAN_POINT ( 'NONE',  ( 0.4200449875624608920, 0.4563943704477188557, -0.07321487414561253515 ) ) ;
#3230 = LINE ( 'NONE', #976, #651 ) ;
#3231 = VERTEX_POINT ( 'NONE', #3299 ) ;
#3232 = EDGE_CURVE ( 'NONE', #3860, #1180, #492, .T. ) ;
#3233 = CIRCLE ( 'NONE', #2750, 0.04367102052587229499 ) ;
#3234 = ADVANCED_FACE ( 'NONE', ( #1931 ), #5526, .F. ) ;
#3235 = DIRECTION ( 'NONE',  ( 0.000000000000000000, 1.000000000000000000, -1.640000000000000025E-15 ) ) ;
#3236 = DIRECTION ( 'NONE',  ( 0.000000000000000000, 1.000000000000000000, 0.000000000000000000 ) ) ;
#3237 = DIRECTION ( 'NONE',  ( 1.000000000000000000, -4.822999999999999997E-14, -2.784999999999999934E-14 ) ) ;
#3238 = CIRCLE ( 'NONE', #2084, 0.03160402801214438201 ) ;
#3239 = ORIENTED_EDGE ( 'NONE', *, *, #5532, .T. ) ;
#3240 = DIRECTION ( 'NONE',  ( 0.000000000000000000, 1.000000000000000000, -2.200000000000000003E-16 ) ) ;
#3241 = EDGE_LOOP ( 'NONE', ( #2883, #5847, #2432, #3797 ) ) ;
#3242 = EDGE_CURVE ( 'NONE', #243, #2667, #4198, .T. ) ;
#3243 = EDGE_CURVE ( 'NONE', #2125, #2603, #983, .T. ) ;
#3244 = AXIS2_PLACEMENT_3D ( 'NONE', #5189, #2563, #5337 ) ;
#3245 = DIRECTION ( 'NONE',  ( 0.000000000000000000, -1.000000000000000000, 2.200000000000000003E-16 ) ) ;
#3246 = CARTESIAN_POINT ( 'NONE',  ( -0.6246105172581994935, -0.1760351102566003745, -0.01919910824706693234 ) ) ;
#3247 = ORIENTED_EDGE ( 'NONE', *, *, #832, .T. ) ;
#3248 = DIRECTION ( 'NONE',  ( 0.000000000000000000, 1.000000000000000000, -2.200000000000000003E-16 ) ) ;
#3249 = ORIENTED_EDGE ( 'NONE', *, *, #2107, .F. ) ;
#3250 = EDGE_CURVE ( 'NONE', #1764, #443, #921, .T. ) ;
#3251 = CARTESIAN_POINT ( 'NONE',  ( 0.6246105172581994935, 0.4334096228025230979, -0.01919910824706693234 ) ) ;
#3252 = ORIENTED_EDGE ( 'NONE', *, *, #5747, .T. ) ;
#3253 = DIRECTION ( 'NONE',  ( 0.000000000000000000, -2.800000000000000139E-16, -1.000000000000000000 ) ) ;
#3254 = CARTESIAN_POINT ( 'NONE',  ( -0.6246105172581994935, -0.3308332364002412596, 0.06929217018693738239 ) ) ;
#3255 = VERTEX_POINT ( 'NONE', #5618 ) ;
#3256 = VECTOR ( 'NONE', #4258, 1000.000000000000114 ) ;
#3257 = AXIS2_PLACEMENT_3D ( 'NONE', #4514, #1856, #4126 ) ;
#3258 = CARTESIAN_POINT ( 'NONE',  ( -0.5096867790322197056, -0.1572983916790124115, -0.2076411822409144625 ) ) ;
#3259 = CARTESIAN_POINT ( 'NONE',  ( -0.6246105172581994935, 0.3702015667782341257, -0.03184071945192468167 ) ) ;
#3260 = VERTEX_POINT ( 'NONE', #2756 ) ;
#3261 = CYLINDRICAL_SURFACE ( 'NONE', #3213, 0.02068627288067634643 ) ;
#3262 = DIRECTION ( 'NONE',  ( -1.000000000000000000, 0.000000000000000000, 0.000000000000000000 ) ) ;
#3263 = ADVANCED_FACE ( 'NONE', ( #3812 ), #5984, .F. ) ;
#3264 = ORIENTED_EDGE ( 'NONE', *, *, #1287, .F. ) ;
#3265 = DIRECTION ( 'NONE',  ( 0.000000000000000000, 1.000000000000000000, 0.000000000000000000 ) ) ;
#3266 = CARTESIAN_POINT ( 'NONE',  ( 0.5096867790322197056, 0.7735838994437965743, -0.1731640607731207704 ) ) ;
#3267 = LINE ( 'NONE', #4139, #5755 ) ;
#3268 = ORIENTED_EDGE ( 'NONE', *, *, #3211, .T. ) ;
#3269 = PLANE ( 'NONE',  #852 ) ;
#3270 = ORIENTED_EDGE ( 'NONE', *, *, #707, .F. ) ;
#3271 = EDGE_CURVE ( 'NONE', #3209, #5427, #3096, .T. ) ;
#3272 = DIRECTION ( 'NONE',  ( 0.000000000000000000, 1.000000000000000000, 0.000000000000000000 ) ) ;
#3273 = DIRECTION ( 'NONE',  ( 0.000000000000000000, 0.000000000000000000, 1.000000000000000000 ) ) ;
#3274 = ORIENTED_EDGE ( 'NONE', *, *, #2427, .F. ) ;
#3275 = DIRECTION ( 'NONE',  ( 1.000000000000000000, 0.000000000000000000, 0.000000000000000000 ) ) ;
#3276 = APPLICATION_PROTOCOL_DEFINITION ( 'international standard', 'config_control_design', 1994, #3794 ) ;
#3277 = ORIENTED_EDGE ( 'NONE', *, *, #5953, .T. ) ;
#3278 = EDGE_CURVE ( 'NONE', #2152, #1757, #1840, .T. ) ;
#3279 = DIRECTION ( 'NONE',  ( 0.000000000000000000, 0.000000000000000000, 1.000000000000000000 ) ) ;
#3280 = ORIENTED_EDGE ( 'NONE', *, *, #5611, .F. ) ;
#3281 = CARTESIAN_POINT ( 'NONE',  ( 0.4514384797622595369, 0.4563943704477188557, -0.09017490584131614140 ) ) ;
#3282 = CARTESIAN_POINT ( 'NONE',  ( -0.4752096575644259580, -0.1917755131468061036, -0.1731640607731207704 ) ) ;
#3283 = ORIENTED_EDGE ( 'NONE', *, *, #2835, .F. ) ;
#3284 = ADVANCED_FACE ( 'NONE', ( #3026 ), #1534, .F. ) ;
#3285 = CIRCLE ( 'NONE', #2708, 0.02068627288067634643 ) ;
#3286 = CYLINDRICAL_SURFACE ( 'NONE', #5933, 0.04367102052587229499 ) ;
#3287 = CARTESIAN_POINT ( 'NONE',  ( 0.6246105172581994935, -0.3940412924245302317, -0.03528843159870404672 ) ) ;
#3288 = EDGE_LOOP ( 'NONE', ( #1292, #5556, #1540, #4060 ) ) ;
#3289 = CARTESIAN_POINT ( 'NONE',  ( 0.4731411798751274933, -0.4285184138923239239, -0.1140217218196702131 ) ) ;
#3290 = DIRECTION ( 'NONE',  ( 0.000000000000000000, 1.000000000000000000, 0.000000000000000000 ) ) ;
#3291 = EDGE_CURVE ( 'NONE', #5497, #3876, #5777, .T. ) ;
#3292 = EDGE_LOOP ( 'NONE', ( #221, #3800, #1522, #203 ) ) ;
#3293 = VECTOR ( 'NONE', #4935, 1000.000000000000000 ) ;
#3294 = CARTESIAN_POINT ( 'NONE',  ( -0.3959122437113787862, -0.3940412924245302317, 0.1307747726978752689 ) ) ;
#3295 = DIRECTION ( 'NONE',  ( -1.000000000000000000, 0.000000000000000000, 0.000000000000000000 ) ) ;
#3296 = CARTESIAN_POINT ( 'NONE',  ( -0.3855691417481612593, 0.8247217346575649310, -0.2076411822409144625 ) ) ;
#3297 = AXIS2_PLACEMENT_3D ( 'NONE', #5243, #1094, #4788 ) ;
#3298 = EDGE_LOOP ( 'NONE', ( #4903, #3536 ) ) ;
#3299 = CARTESIAN_POINT ( 'NONE',  ( 0.4292401622740334433, -0.4446077372439614650, -0.2076411822409144625 ) ) ;
#3300 = EDGE_LOOP ( 'NONE', ( #4859, #1385 ) ) ;
#3301 = AXIS2_PLACEMENT_3D ( 'NONE', #5872, #376, #3150 ) ;
#3302 = FACE_OUTER_BOUND ( 'NONE', #3999, .T. ) ;
#3303 = CARTESIAN_POINT ( 'NONE',  ( 0.5086969486478932767, -0.8511613476172350534, -0.2014425196977303323 ) ) ;
#3304 = VERTEX_POINT ( 'NONE', #1105 ) ;
#3305 = DIRECTION ( 'NONE',  ( 0.000000000000000000, 0.000000000000000000, 1.000000000000000000 ) ) ;
#3306 = ORIENTED_EDGE ( 'NONE', *, *, #5385, .F. ) ;
#3307 = ADVANCED_FACE ( 'NONE', ( #3448 ), #3389, .F. ) ;
#3308 = ADVANCED_FACE ( 'NONE', ( #5223 ), #1995, .T. ) ;
#3309 = VECTOR ( 'NONE', #3955, 1000.000000000000000 ) ;
#3310 = CARTESIAN_POINT ( 'NONE',  ( -0.5096867790322197056, 0.7735838994437965743, -0.1731640607731207704 ) ) ;
#3311 = VERTEX_POINT ( 'NONE', #3871 ) ;
#3312 = CARTESIAN_POINT ( 'NONE',  ( 0.4733025157685897821, 0.4563943704476837726, -0.09205445074296869645 ) ) ;
#3313 = FACE_BOUND ( 'NONE', #5790, .T. ) ;
#3314 = ORIENTED_EDGE ( 'NONE', *, *, #101, .F. ) ;
#3315 = EDGE_CURVE ( 'NONE', #5886, #5719, #3285, .T. ) ;
#3316 = EDGE_CURVE ( 'NONE', #1681, #1459, #2058, .T. ) ;
#3317 = CARTESIAN_POINT ( 'NONE',  ( 0.4637160080883331870, 0.4563943704477188557, -0.07321487414561253515 ) ) ;
#3318 = FACE_OUTER_BOUND ( 'NONE', #1687, .T. ) ;
#3319 = ORIENTED_EDGE ( 'NONE', *, *, #2251, .F. ) ;
#3320 = CARTESIAN_POINT ( 'NONE',  ( 0.5096867790322197056, -0.1917755131468061036, -0.1731640607731207704 ) ) ;
#3321 = DIRECTION ( 'NONE',  ( 5.118204992664725704E-16, 0.7071067811865474617, 0.7071067811865474617 ) ) ;
#3322 = EDGE_LOOP ( 'NONE', ( #5111, #6001, #5387, #3966 ) ) ;
#3323 = ADVANCED_FACE ( 'NONE', ( #1628 ), #5712, .T. ) ;
#3324 = CARTESIAN_POINT ( 'NONE',  ( -0.6246105172581994935, -0.3940412924245302317, -0.01919910824706693234 ) ) ;
#3325 = DIRECTION ( 'NONE',  ( 0.000000000000000000, 1.000000000000000000, -2.800000000000000139E-16 ) ) ;
#3326 = CARTESIAN_POINT ( 'NONE',  ( 0.4418817734788919038, -0.8356320035742437202, -0.1921578190247667517 ) ) ;
#3327 = CARTESIAN_POINT ( 'NONE',  ( -0.4372847894727314721, 0.4793791180929146689, 0.02791801549324952544 ) ) ;
#3328 = VERTEX_POINT ( 'NONE', #3418 ) ;
#3329 = CARTESIAN_POINT ( 'NONE',  ( -0.4165998267226706520, -0.4285184138923239239, -0.07321487414561253515 ) ) ;
#3330 = ORIENTED_EDGE ( 'NONE', *, *, #4300, .F. ) ;
#3331 = CIRCLE ( 'NONE', #2270, 0.01896241680728657369 ) ;
#3332 = DIRECTION ( 'NONE',  ( 0.000000000000000000, 1.000000000000000000, -2.200000000000000003E-16 ) ) ;
#3333 = CARTESIAN_POINT ( 'NONE',  ( 0.6246105172581994935, -0.7882355719766375168, -0.1386869393053268840 ) ) ;
#3334 = AXIS2_PLACEMENT_3D ( 'NONE', #3500, #1682, #4454 ) ;
#3335 = ORIENTED_EDGE ( 'NONE', *, *, #3271, .T. ) ;
#3336 = DIRECTION ( 'NONE',  ( 0.000000000000000000, 0.000000000000000000, -1.000000000000000000 ) ) ;
#3337 = ORIENTED_EDGE ( 'NONE', *, *, #41, .T. ) ;
#3338 = VECTOR ( 'NONE', #4932, 1000.000000000000000 ) ;
#3339 = PLANE ( 'NONE',  #417 ) ;
#3340 = ORIENTED_EDGE ( 'NONE', *, *, #684, .T. ) ;
#3341 = DIRECTION ( 'NONE',  ( 0.000000000000000000, 0.000000000000000000, 1.000000000000000000 ) ) ;
#3342 = DIRECTION ( 'NONE',  ( 1.000000000000000000, 0.000000000000000000, 0.000000000000000000 ) ) ;
#3343 = ORIENTED_EDGE ( 'NONE', *, *, #1167, .F. ) ;
#3344 = EDGE_CURVE ( 'NONE', #2500, #2466, #3965, .T. ) ;
#3345 = CARTESIAN_POINT ( 'NONE',  ( 0.4637173182189488485, 0.4793791180929146689, 0.1307747726978751024 ) ) ;
#3346 = DIRECTION ( 'NONE',  ( -1.000000000000000000, 0.000000000000000000, 0.000000000000000000 ) ) ;
#3347 = ORIENTED_EDGE ( 'NONE', *, *, #5690, .T. ) ;
#3348 = CARTESIAN_POINT ( 'NONE',  ( 0.4457841894762039070, -0.4285184138923239239, -0.1118718458724414500 ) ) ;
#3349 = LINE ( 'NONE', #84, #3665 ) ;
#3350 = DIRECTION ( 'NONE',  ( 0.000000000000000000, 1.000000000000000000, -2.200000000000000003E-16 ) ) ;
#3351 = EDGE_CURVE ( 'NONE', #1452, #3614, #3901, .T. ) ;
#3352 = DIRECTION ( 'NONE',  ( -1.000000000000000000, 0.000000000000000000, 0.000000000000000000 ) ) ;
#3353 = CARTESIAN_POINT ( 'NONE',  ( 0.4637160080890577740, -0.4314777147450044592, -0.1180069949232365328 ) ) ;
#3354 = CARTESIAN_POINT ( 'NONE',  ( -0.4372847894727314721, -0.4055336662471280551, 0.1307747726978752689 ) ) ;
#3355 = EDGE_CURVE ( 'NONE', #1784, #5623, #368, .T. ) ;
#3356 = DIRECTION ( 'NONE',  ( -1.000000000000000000, 0.000000000000000000, 0.000000000000000000 ) ) ;
#3357 = VERTEX_POINT ( 'NONE', #2510 ) ;
#3358 = DIRECTION ( 'NONE',  ( 0.000000000000000000, 0.7071067811865474617, 0.7071067811865474617 ) ) ;
#3359 = VERTEX_POINT ( 'NONE', #3480 ) ;
#3360 = EDGE_CURVE ( 'NONE', #4565, #3366, #2411, .T. ) ;
#3361 = EDGE_CURVE ( 'NONE', #3186, #127, #1136, .T. ) ;
#3362 = CARTESIAN_POINT ( 'NONE',  ( 0.4637160080883331870, 0.4793791180929146689, -0.07321487414561253515 ) ) ;
#3363 = CARTESIAN_POINT ( 'NONE',  ( -0.4473646036486199074, 0.4793791180929146689, -0.1042098178375330253 ) ) ;
#3364 = ORIENTED_EDGE ( 'NONE', *, *, #5262, .F. ) ;
#3365 = DIRECTION ( 'NONE',  ( 0.000000000000000000, -0.4856406976879717452, 0.8741585169459485938 ) ) ;
#3366 = VERTEX_POINT ( 'NONE', #4374 ) ;
#3367 = EDGE_CURVE ( 'NONE', #2284, #2987, #2089, .T. ) ;
#3368 = CARTESIAN_POINT ( 'NONE',  ( -0.4602708472485429470, -0.4285184138923239239, -0.07321487414561253515 ) ) ;
#3369 = VECTOR ( 'NONE', #2802, 1000.000000000000000 ) ;
#3370 = FACE_OUTER_BOUND ( 'NONE', #4898, .T. ) ;
#3371 = DIRECTION ( 'NONE',  ( 0.000000000000000000, 1.000000000000000000, 0.000000000000000000 ) ) ;
#3372 = ORIENTED_EDGE ( 'NONE', *, *, #554, .T. ) ;
#3373 = CARTESIAN_POINT ( 'NONE',  ( 0.4734858014910363067, -0.8356320035742947905, -0.1921578190247951179 ) ) ;
#3374 = CARTESIAN_POINT ( 'NONE',  ( 0.4844035910996252192, 0.4563943704477188557, 0.02791801549324953585 ) ) ;
#3375 = ORIENTED_EDGE ( 'NONE', *, *, #4217, .F. ) ;
#3376 = CIRCLE ( 'NONE', #2313, 0.005746186911298984540 ) ;
#3377 = DIRECTION ( 'NONE',  ( -1.000000000000000000, 0.000000000000000000, 0.000000000000000000 ) ) ;
#3378 = DIRECTION ( 'NONE',  ( 0.000000000000000000, -1.000000000000000000, 2.200000000000000003E-16 ) ) ;
#3379 = ORIENTED_EDGE ( 'NONE', *, *, #1103, .T. ) ;
#3380 = LINE ( 'NONE', #1128, #2924 ) ;
#3381 = VECTOR ( 'NONE', #4989, 1000.000000000000000 ) ;
#3382 = DIRECTION ( 'NONE',  ( 0.000000000000000000, -1.000000000000000000, 2.200000000000000003E-16 ) ) ;
#3383 = ORIENTED_EDGE ( 'NONE', *, *, #4338, .F. ) ;
#3384 = DIRECTION ( 'NONE',  ( 0.000000000000000000, -0.4856406976879717452, 0.8741585169459485938 ) ) ;
#3385 = DIRECTION ( 'NONE',  ( 0.000000000000000000, -0.4856406976879716897, 0.8741585169459484828 ) ) ;
#3386 = EDGE_CURVE ( 'NONE', #409, #2110, #4820, .T. ) ;
#3387 = CARTESIAN_POINT ( 'NONE',  ( -0.4360961005115435718, 0.4793791180929146689, -0.1112982323576275773 ) ) ;
#3388 = ORIENTED_EDGE ( 'NONE', *, *, #2176, .T. ) ;
#3389 = CYLINDRICAL_SURFACE ( 'NONE', #4224, 0.02068627288067634643 ) ;
#3390 = ORIENTED_EDGE ( 'NONE', *, *, #1302, .F. ) ;
#3391 = VECTOR ( 'NONE', #2073, 1000.000000000000000 ) ;
#3392 = EDGE_CURVE ( 'NONE', #2395, #4833, #3741, .T. ) ;
#3393 = CARTESIAN_POINT ( 'NONE',  ( 0.5129622098001243025, -0.9000000000000000222, -0.2290690230178078768 ) ) ;
#3394 = CARTESIAN_POINT ( 'NONE',  ( -0.3987132090463682554, -0.4285184138923239239, -0.1118872756134190738 ) ) ;
#3395 = ORIENTED_EDGE ( 'NONE', *, *, #4907, .T. ) ;
#3396 = CARTESIAN_POINT ( 'NONE',  ( -0.5096867790322197056, 0.8874385589952683562, -0.2259488101569454566 ) ) ;
#3397 = VERTEX_POINT ( 'NONE', #2903 ) ;
#3398 = CIRCLE ( 'NONE', #3011, 0.005746186911298984540 ) ;
#3399 = LINE ( 'NONE', #5234, #2844 ) ;
#3401 = EDGE_CURVE ( 'NONE', #4003, #4991, #1667, .T. ) ;
#3400 = DIRECTION ( 'NONE',  ( 0.000000000000000000, 0.000000000000000000, 1.000000000000000000 ) ) ;
#3402 = CARTESIAN_POINT ( 'NONE',  ( 0.4637173182189488485, 0.4793791180929146689, 0.1307747726978751024 ) ) ;
#3403 = CIRCLE ( 'NONE', #4546, 0.01149237382259797602 ) ;
#3404 = ORIENTED_EDGE ( 'NONE', *, *, #3478, .F. ) ;
#3405 = LINE ( 'NONE', #4010, #1799 ) ;
#3406 = CARTESIAN_POINT ( 'NONE',  ( 0.6246105172581994935, 0.4334096228025230979, -0.1203319978859289513 ) ) ;
#3407 = ORIENTED_EDGE ( 'NONE', *, *, #1271, .T. ) ;
#3408 = CIRCLE ( 'NONE', #780, 0.04367102052587229499 ) ;
#3409 = DIRECTION ( 'NONE',  ( 0.000000000000000000, -0.4856406976879721338, 0.8741585169459482607 ) ) ;
#3410 = CARTESIAN_POINT ( 'NONE',  ( -0.4165998267226706520, 0.4563943704477188557, -0.07321487414561253515 ) ) ;
#3411 = ORIENTED_EDGE ( 'NONE', *, *, #3243, .F. ) ;
#3412 = PLANE ( 'NONE',  #5428 ) ;
#3413 = FACE_OUTER_BOUND ( 'NONE', #5617, .T. ) ;
#3414 = VERTEX_POINT ( 'NONE', #1722 ) ;
#3415 = DIRECTION ( 'NONE',  ( 0.000000000000000000, 1.000000000000000000, 0.000000000000000000 ) ) ;
#3416 = DIRECTION ( 'NONE',  ( 1.000000000000000000, 0.000000000000000000, 0.000000000000000000 ) ) ;
#3417 = CARTESIAN_POINT ( 'NONE',  ( -0.4213267045589249582, 0.4793791180929146689, -0.1145289346839449968 ) ) ;
#3418 = CARTESIAN_POINT ( 'NONE',  ( -0.3959122437113787862, -0.4055336662471280551, 0.1307747726978752689 ) ) ;
#3419 = ORIENTED_EDGE ( 'NONE', *, *, #544, .F. ) ;
#3420 = ADVANCED_FACE ( 'NONE', ( #5346 ), #2693, .F. ) ;
#3421 = AXIS2_PLACEMENT_3D ( 'NONE', #1229, #729, #4461 ) ;
#3422 = FACE_OUTER_BOUND ( 'NONE', #61, .T. ) ;
#3423 = DIRECTION ( 'NONE',  ( 0.000000000000000000, 1.000000000000000000, 0.000000000000000000 ) ) ;
#3424 = EDGE_LOOP ( 'NONE', ( #1326, #414, #2345, #2542 ) ) ;
#3425 = CARTESIAN_POINT ( 'NONE',  ( 0.4430297352076568718, -0.4055336662471280551, -0.07321487414561235474 ) ) ;
#3426 = ORIENTED_EDGE ( 'NONE', *, *, #1197, .T. ) ;
#3427 = AXIS2_PLACEMENT_3D ( 'NONE', #5070, #2752, #430 ) ;
#3428 = AXIS2_PLACEMENT_3D ( 'NONE', #5666, #1919, #5091 ) ;
#3429 = DIRECTION ( 'NONE',  ( 1.000000000000000000, 0.000000000000000000, 0.000000000000000000 ) ) ;
#3430 = DIRECTION ( 'NONE',  ( -1.000000000000000000, 0.000000000000000000, 0.000000000000000000 ) ) ;
#3431 = DIRECTION ( 'NONE',  ( 0.000000000000000000, 0.000000000000000000, -1.000000000000000000 ) ) ;
#3432 = EDGE_LOOP ( 'NONE', ( #4033, #2402, #3016, #2339, #4692, #2803, #813, #72, #5172, #2026 ) ) ;
#3433 = DIRECTION ( 'NONE',  ( 0.000000000000000000, 1.000000000000000000, 0.000000000000000000 ) ) ;
#3434 = DIRECTION ( 'NONE',  ( 0.000000000000000000, -1.000000000000000000, 2.200000000000000003E-16 ) ) ;
#3435 = ORIENTED_EDGE ( 'NONE', *, *, #2023, .T. ) ;
#3436 = AXIS2_PLACEMENT_3D ( 'NONE', #5726, #5358, #4416 ) ;
#3437 = ADVANCED_FACE ( 'NONE', ( #4054 ), #5404, .F. ) ;
#3438 = VECTOR ( 'NONE', #5100, 1000.000000000000000 ) ;
#3439 = DIRECTION ( 'NONE',  ( -1.000000000000000000, 0.000000000000000000, 9.930632803446247427E-15 ) ) ;
#3440 = CARTESIAN_POINT ( 'NONE',  ( 0.4702936737084137397, -0.4055336662474727794, -0.09345793522378104123 ) ) ;
#3441 = EDGE_LOOP ( 'NONE', ( #2308, #2766 ) ) ;
#3442 = CARTESIAN_POINT ( 'NONE',  ( -0.3959122437113787862, 0.4793791180929146689, 0.02791801549324952891 ) ) ;
#3443 = CARTESIAN_POINT ( 'NONE',  ( -0.4070133190423340097, 0.4563943704477305130, -0.09205445074294582586 ) ) ;
#3444 = EDGE_LOOP ( 'NONE', ( #967, #3813, #3872, #4686, #3340, #22, #5439, #5259, #5862, #3604, #3938, #4114 ) ) ;
#3445 = LINE ( 'NONE', #2178, #4481 ) ;
#3446 = CARTESIAN_POINT ( 'NONE',  ( 0.4831653079557414188, -0.8773335005821920607, -0.2159825171646862774 ) ) ;
#3447 = EDGE_CURVE ( 'NONE', #1245, #253, #4080, .T. ) ;
#3448 = FACE_OUTER_BOUND ( 'NONE', #5961, .T. ) ;
#3449 = VERTEX_POINT ( 'NONE', #4921 ) ;
#3450 = CIRCLE ( 'NONE', #825, 0.01838779811615674081 ) ;
#3451 = CARTESIAN_POINT ( 'NONE',  ( -0.4199460298354502075, -0.4055336662472432963, -0.09432545575154002715 ) ) ;
#3452 = VECTOR ( 'NONE', #5479, 1000.000000000000000 ) ;
#3453 = CARTESIAN_POINT ( 'NONE',  ( -0.3992401854251450555, -0.4285184138923239239, -0.1120618494128417381 ) ) ;
#3454 = EDGE_CURVE ( 'NONE', #923, #5766, #767, .T. ) ;
#3455 = ORIENTED_EDGE ( 'NONE', *, *, #2251, .T. ) ;
#3456 = LINE ( 'NONE', #1142, #1923 ) ;
#3457 = VERTEX_POINT ( 'NONE', #4026 ) ;
#3458 = DIRECTION ( 'NONE',  ( -1.000000000000000000, 0.000000000000000000, 0.000000000000000000 ) ) ;
#3459 = DIRECTION ( 'NONE',  ( 0.000000000000000000, 1.000000000000000000, 0.000000000000000000 ) ) ;
#3460 = FACE_OUTER_BOUND ( 'NONE', #59, .T. ) ;
#3461 = EDGE_CURVE ( 'NONE', #1870, #4542, #5784, .T. ) ;
#3462 = EDGE_LOOP ( 'NONE', ( #1885, #2352, #100, #5447 ) ) ;
#3463 = DIRECTION ( 'NONE',  ( 0.000000000000000000, -1.000000000000000000, 0.000000000000000000 ) ) ;
#3464 = ORIENTED_EDGE ( 'NONE', *, *, #5020, .T. ) ;
#3465 = VECTOR ( 'NONE', #344, 1000.000000000000000 ) ;
#3466 = DIRECTION ( 'NONE',  ( 0.000000000000000000, 1.000000000000000000, -2.200000000000000003E-16 ) ) ;
#3467 = PLANE ( 'NONE',  #1061 ) ;
#3468 = VERTEX_POINT ( 'NONE', #313 ) ;
#3469 = CARTESIAN_POINT ( 'NONE',  ( -0.6246105172581994935, 0.2376903473569263181, 0.06584445804015801040 ) ) ;
#3470 = ADVANCED_FACE ( 'NONE', ( #858, #1695 ), #1320, .T. ) ;
#3471 = CYLINDRICAL_SURFACE ( 'NONE', #677, 0.01838779811615674081 ) ;
#3472 = DIRECTION ( 'NONE',  ( 0.000000000000000000, -1.000000000000000000, 0.000000000000000000 ) ) ;
#3473 = CIRCLE ( 'NONE', #262, 0.03160402801214438201 ) ;
#3474 = ORIENTED_EDGE ( 'NONE', *, *, #2242, .T. ) ;
#3475 = VECTOR ( 'NONE', #2840, 1000.000000000000000 ) ;
#3476 = DIRECTION ( 'NONE',  ( 0.000000000000000000, -0.4856406976879716897, 0.8741585169459484828 ) ) ;
#3477 = DIRECTION ( 'NONE',  ( 0.000000000000000000, 0.000000000000000000, 1.000000000000000000 ) ) ;
#3478 = EDGE_CURVE ( 'NONE', #5061, #906, #2151, .T. ) ;
#3479 = CARTESIAN_POINT ( 'NONE',  ( -0.4421356950083308868, 0.4793791180929146689, -0.1083306311933245059 ) ) ;
#3480 = CARTESIAN_POINT ( 'NONE',  ( 0.5073883387448211435, 0.4563943704477188557, 0.1307747726978751024 ) ) ;
#3481 = VERTEX_POINT ( 'NONE', #1775 ) ;
#3482 = CIRCLE ( 'NONE', #5499, 0.005746186911298974132 ) ;
#3483 = CARTESIAN_POINT ( 'NONE',  ( -0.4231774923422444989, -0.4055336662470138132, -0.09345793522389587993 ) ) ;
#3484 = CARTESIAN_POINT ( 'NONE',  ( -0.4026960721236266250, 0.4811604284125484132, -0.1159455959559635152 ) ) ;
#3485 = VERTEX_POINT ( 'NONE', #4495 ) ;
#3486 = DIRECTION ( 'NONE',  ( -1.000000000000000000, -1.894404658381934390E-15, 0.000000000000000000 ) ) ;
#3487 = VERTEX_POINT ( 'NONE', #5376 ) ;
#3488 = B_SPLINE_SURFACE_WITH_KNOTS ( 'NONE', 1, 10, ( 
 ( #5044, #2869, #981, #2838, #1808, #4675, #5496, #1352, #2754, #3208, #3716 ),
 ( #4583, #1411, #1654, #2593, #4733, #1714, #3987, #1224, #3564, #549, #1191 ) ),
 .UNSPECIFIED., .F., .F., .F.,
 ( 2, 2 ),
 ( 11, 11 ),
 ( 0.000000000000000000, 2.814016933089000361 ),
 ( 7.075291698147999853, 9.889308631237000213 ),
 .UNSPECIFIED. ) ;
#3489 = CIRCLE ( 'NONE', #2905, 0.04367102052587229499 ) ;
#3490 = FACE_BOUND ( 'NONE', #3441, .T. ) ;
#3491 = FACE_OUTER_BOUND ( 'NONE', #2349, .T. ) ;
#3492 = PLANE ( 'NONE',  #4878 ) ;
#3493 = ORIENTED_EDGE ( 'NONE', *, *, #1980, .F. ) ;
#3494 = CARTESIAN_POINT ( 'NONE',  ( -0.4292401622740334433, -0.4446077372439614650, -0.1731640607731207704 ) ) ;
#3495 = CARTESIAN_POINT ( 'NONE',  ( 0.6246105172581994935, -0.4285184138923239239, -0.1042098178375330253 ) ) ;
#3496 = ORIENTED_EDGE ( 'NONE', *, *, #2055, .T. ) ;
#3497 = AXIS2_PLACEMENT_3D ( 'NONE', #2046, #3378, #5273 ) ;
#3498 = EDGE_CURVE ( 'NONE', #1723, #2496, #2182, .T. ) ;
#3499 = CIRCLE ( 'NONE', #877, 0.005746186911298984540 ) ;
#3500 = CARTESIAN_POINT ( 'NONE',  ( 0.6246105172581994935, -0.3308332364002412596, 0.07676221317162604252 ) ) ;
#3501 = LINE ( 'NONE', #4817, #4347 ) ;
#3502 = ORIENTED_EDGE ( 'NONE', *, *, #1015, .T. ) ;
#3503 = CARTESIAN_POINT ( 'NONE',  ( 0.6246105172581994935, -0.3283285315945022598, 0.08193378139179516295 ) ) ;
#3504 = DIRECTION ( 'NONE',  ( -1.000000000000000000, 0.000000000000000000, 9.930632803446247427E-15 ) ) ;
#3505 = ORIENTED_EDGE ( 'NONE', *, *, #2660, .T. ) ;
#3506 = CARTESIAN_POINT ( 'NONE',  ( -0.4602695371179273964, 0.4563943704477188557, 0.02791801549324952544 ) ) ;
#3507 = LINE ( 'NONE', #3020, #2457 ) ;
#3508 = CIRCLE ( 'NONE', #2056, 0.04367102052587229499 ) ;
#3509 = EDGE_CURVE ( 'NONE', #4017, #2120, #4335, .T. ) ;
#3510 = EDGE_CURVE ( 'NONE', #5991, #1459, #842, .T. ) ;
#3511 = CARTESIAN_POINT ( 'NONE',  ( 0.5108367174492824958, -0.8840911302390814797, -0.2197367332681147423 ) ) ;
#3512 = DIRECTION ( 'NONE',  ( 0.000000000000000000, 1.000000000000000000, -2.200000000000000003E-16 ) ) ;
#3513 = FACE_OUTER_BOUND ( 'NONE', #2463, .T. ) ;
#3514 = DIRECTION ( 'NONE',  ( 0.000000000000000000, -1.000000000000000000, 0.000000000000000000 ) ) ;
#3515 = VERTEX_POINT ( 'NONE', #2213 ) ;
#3516 = EDGE_CURVE ( 'NONE', #4489, #5793, #4108, .T. ) ;
#3517 = CARTESIAN_POINT ( 'NONE',  ( -0.4392613629796761066, -0.4285184138923239239, -0.1099206148201407052 ) ) ;
#3518 = ADVANCED_BREP_SHAPE_REPRESENTATION ( '007589', ( #5060, #5317 ), #3774 ) ;
#3519 = ORIENTED_EDGE ( 'NONE', *, *, #5233, .F. ) ;
#3520 = CARTESIAN_POINT ( 'NONE',  ( 0.4430297352076568718, -0.3940412924245302317, -0.07321487414561253515 ) ) ;
#3521 = ORIENTED_EDGE ( 'NONE', *, *, #3105, .F. ) ;
#3522 = CARTESIAN_POINT ( 'NONE',  ( 0.4888795235915915360, -0.8679807298835080509, -0.2105826940055984531 ) ) ;
#3523 = DIRECTION ( 'NONE',  ( -1.000000000000000000, 0.000000000000000000, 0.000000000000000000 ) ) ;
#3524 = ORIENTED_EDGE ( 'NONE', *, *, #1971, .T. ) ;
#3525 = DIRECTION ( 'NONE',  ( -1.000000000000000000, 0.000000000000000000, 0.000000000000000000 ) ) ;
#3526 = CARTESIAN_POINT ( 'NONE',  ( -0.3947630408062398066, -0.4446077372439614650, -0.1731640607731207704 ) ) ;
#3527 = EDGE_CURVE ( 'NONE', #3126, #409, #4953, .T. ) ;
#3528 = VERTEX_POINT ( 'NONE', #733 ) ;
#3529 = AXIS2_PLACEMENT_3D ( 'NONE', #1828, #910, #4980 ) ;
#3530 = CYLINDRICAL_SURFACE ( 'NONE', #5356, 0.01896241680728662921 ) ;
#3531 = CARTESIAN_POINT ( 'NONE',  ( -0.3855691417481612593, 0.7735838994437965743, -0.2283274551215908887 ) ) ;
#3532 = EDGE_LOOP ( 'NONE', ( #1578, #2198, #4679, #3268 ) ) ;
#3533 = CARTESIAN_POINT ( 'NONE',  ( -0.4372847894727314721, -0.3940412924245302317, 0.1307747726978751024 ) ) ;
#3534 = CARTESIAN_POINT ( 'NONE',  ( -0.4602708472485429470, 0.4793791180929146689, -0.07321487414561253515 ) ) ;
#3535 = CIRCLE ( 'NONE', #4386, 0.02873093455649494005 ) ;
#3536 = ORIENTED_EDGE ( 'NONE', *, *, #1006, .F. ) ;
#3537 = EDGE_CURVE ( 'NONE', #649, #178, #5004, .T. ) ;
#3538 = DIRECTION ( 'NONE',  ( 1.000000000000000000, 0.000000000000000000, 0.000000000000000000 ) ) ;
#3539 = FACE_OUTER_BOUND ( 'NONE', #4078, .T. ) ;
#3540 = CIRCLE ( 'NONE', #5542, 0.02068627288067634643 ) ;
#3541 = CARTESIAN_POINT ( 'NONE',  ( 0.4733025157685897821, 0.4563943704476837726, -0.09205445074296869645 ) ) ;
#3542 = CARTESIAN_POINT ( 'NONE',  ( -0.4602708472485429470, 0.4793791180929146689, -0.07321487414561253515 ) ) ;
#3543 = CARTESIAN_POINT ( 'NONE',  ( -0.4231774923422444989, -0.4055336662470138132, -0.09345793522389587993 ) ) ;
#3544 = EDGE_CURVE ( 'NONE', #594, #4527, #4437, .T. ) ;
#3545 = CARTESIAN_POINT ( 'NONE',  ( 0.02355896410324203813, 0.4563943704477188557, 0.02849263801516691702 ) ) ;
#3546 = ORIENTED_EDGE ( 'NONE', *, *, #1622, .F. ) ;
#3547 = CARTESIAN_POINT ( 'NONE',  ( -0.4372847894727314721, 0.4793791180929146689, 0.1307747726978751024 ) ) ;
#3548 = CARTESIAN_POINT ( 'NONE',  ( 0.4752096575644259580, -0.4101306157761677729, -0.1731640607731207704 ) ) ;
#3549 = EDGE_LOOP ( 'NONE', ( #3698, #5270, #5247, #2366, #151, #2697, #2191, #3159, #4152 ) ) ;
#3550 = CARTESIAN_POINT ( 'NONE',  ( 0.5073883387448211435, -0.4285184138923239239, 0.1307747726978751024 ) ) ;
#3551 = EDGE_CURVE ( 'NONE', #902, #1602, #403, .T. ) ;
#3552 = AXIS2_PLACEMENT_3D ( 'NONE', #4392, #748, #2586 ) ;
#3553 = ORIENTED_EDGE ( 'NONE', *, *, #5420, .F. ) ;
#3554 = VECTOR ( 'NONE', #3164, 1000.000000000000000 ) ;
#3555 = CARTESIAN_POINT ( 'NONE',  ( -0.4165998267226706520, -0.4285184138923239239, -0.07321487414561253515 ) ) ;
#3556 = DIRECTION ( 'NONE',  ( 0.000000000000000000, 0.000000000000000000, -1.000000000000000000 ) ) ;
#3557 = ORIENTED_EDGE ( 'NONE', *, *, #1568, .T. ) ;
#3558 = CARTESIAN_POINT ( 'NONE',  ( 0.4706462441760992377, -0.4313353546671020444, -0.1177229139596798341 ) ) ;
#3559 = EDGE_CURVE ( 'NONE', #3876, #2110, #3230, .T. ) ;
#3560 = ORIENTED_EDGE ( 'NONE', *, *, #433, .T. ) ;
#3561 = CARTESIAN_POINT ( 'NONE',  ( 0.4566256443270278464, 0.4793791180929146689, -0.1143270532786249682 ) ) ;
#3562 = CARTESIAN_POINT ( 'NONE',  ( 0.3625843941029654460, -0.9000000000000000222, -0.2290690230178078768 ) ) ;
#3563 = ORIENTED_EDGE ( 'NONE', *, *, #3912, .F. ) ;
#3564 = CARTESIAN_POINT ( 'NONE',  ( -0.4261863344028921086, 0.4563943704477305130, -0.09205445074294582586 ) ) ;
#3565 = DIRECTION ( 'NONE',  ( 0.000000000000000000, 1.000000000000000000, -2.200000000000000003E-16 ) ) ;
#3566 = VERTEX_POINT ( 'NONE', #1924 ) ;
#3567 = CARTESIAN_POINT ( 'NONE',  ( 0.3947630408062398066, -0.1572983916790124115, -0.1731640607731207704 ) ) ;
#3568 = EDGE_CURVE ( 'NONE', #5889, #4042, #4160, .T. ) ;
#3569 = CARTESIAN_POINT ( 'NONE',  ( 0.6246105172581994935, -0.04812083461814480739, -0.1731640607731207704 ) ) ;
#3570 = CARTESIAN_POINT ( 'NONE',  ( 0.5286193012637946387, -0.8794812332871950744, -0.2172225108706668240 ) ) ;
#3571 = ORIENTED_EDGE ( 'NONE', *, *, #2992, .F. ) ;
#3572 = VECTOR ( 'NONE', #5704, 1000.000000000000000 ) ;
#3573 = DIRECTION ( 'NONE',  ( -1.000000000000000000, 0.000000000000000000, 0.000000000000000000 ) ) ;
#3574 = CARTESIAN_POINT ( 'NONE',  ( 0.6246105172581994935, -0.4629955353601184487, -0.1042098178375330253 ) ) ;
#3575 = ORIENTED_EDGE ( 'NONE', *, *, #5157, .T. ) ;
#3576 = EDGE_CURVE ( 'NONE', #4602, #747, #5520, .T. ) ;
#3577 = CYLINDRICAL_SURFACE ( 'NONE', #3686, 0.04367102052587229499 ) ;
#3578 = DIRECTION ( 'NONE',  ( -1.000000000000000000, 0.000000000000000000, 0.000000000000000000 ) ) ;
#3579 = ORIENTED_EDGE ( 'NONE', *, *, #5905, .F. ) ;
#3580 = LINE ( 'NONE', #5411, #4618 ) ;
#3581 = VECTOR ( 'NONE', #5679, 1000.000000000000000 ) ;
#3582 = VERTEX_POINT ( 'NONE', #5125 ) ;
#3583 = EDGE_CURVE ( 'NONE', #2595, #5232, #1433, .T. ) ;
#3584 = CARTESIAN_POINT ( 'NONE',  ( 0.5359395257052983474, -0.8716159051798156865, -0.2126814628501522697 ) ) ;
#3585 = ORIENTED_EDGE ( 'NONE', *, *, #1117, .F. ) ;
#3586 = DIRECTION ( 'NONE',  ( 0.000000000000000000, 1.000000000000000000, 0.000000000000000000 ) ) ;
#3587 = MECHANICAL_CONTEXT ( 'NONE', #5641, 'mechanical' ) ;
#3588 = ORIENTED_EDGE ( 'NONE', *, *, #650, .T. ) ;
#3589 = VECTOR ( 'NONE', #5144, 1000.000000000000000 ) ;
#3590 = EDGE_CURVE ( 'NONE', #4009, #1227, #2833, .T. ) ;
#3591 = CARTESIAN_POINT ( 'NONE',  ( 0.4496369369819813722, 0.4793791180929146689, -0.1130558865432645527 ) ) ;
#3592 = CARTESIAN_POINT ( 'NONE',  ( 0.4752096575644259580, -0.4101306157761677729, -0.2076411822409144625 ) ) ;
#3593 = CIRCLE ( 'NONE', #383, 0.005746186911298988009 ) ;
#3594 = ORIENTED_EDGE ( 'NONE', *, *, #4641, .T. ) ;
#3595 = DIRECTION ( 'NONE',  ( -0.01783241884203079497, -0.5051098604906428813, 0.8628708093760999454 ) ) ;
#3596 = LINE ( 'NONE', #5426, #5620 ) ;
#3597 = VERTEX_POINT ( 'NONE', #1407 ) ;
#3598 = VECTOR ( 'NONE', #3029, 1000.000000000000000 ) ;
#3599 = FACE_BOUND ( 'NONE', #5660, .T. ) ;
#3600 = CARTESIAN_POINT ( 'NONE',  ( -0.4165985165920551014, 0.4334096228025230979, 0.02791801549324952544 ) ) ;
#3601 = DIRECTION ( 'NONE',  ( -1.000000000000000000, 0.000000000000000000, 0.000000000000000000 ) ) ;
#3602 = VECTOR ( 'NONE', #124, 1000.000000000000000 ) ;
#3603 = CARTESIAN_POINT ( 'NONE',  ( -0.6246105172581994935, -0.8008713257444980416, 0.2290690230178078768 ) ) ;
#3604 = ORIENTED_EDGE ( 'NONE', *, *, #5673, .T. ) ;
#3605 = CARTESIAN_POINT ( 'NONE',  ( 0.4862192170467268260, -0.8707226038144187941, -0.2121047249083550523 ) ) ;
#3606 = CARTESIAN_POINT ( 'NONE',  ( -0.4306788978288038083, -0.4285184138923239239, -0.1130558865433106408 ) ) ;
#3607 = VERTEX_POINT ( 'NONE', #5067 ) ;
#3608 = CYLINDRICAL_SURFACE ( 'NONE', #4433, 0.03447712146779392806 ) ;
#3609 = ORIENTED_EDGE ( 'NONE', *, *, #2984, .F. ) ;
#3610 = EDGE_CURVE ( 'NONE', #1330, #2904, #514, .T. ) ;
#3611 = LINE ( 'NONE', #3638, #808 ) ;
#3612 = ORIENTED_EDGE ( 'NONE', *, *, #5490, .F. ) ;
#3613 = DIRECTION ( 'NONE',  ( -1.000000000000000000, 0.000000000000000000, 0.000000000000000000 ) ) ;
#3614 = VERTEX_POINT ( 'NONE', #913 ) ;
#3615 = EDGE_CURVE ( 'NONE', #1764, #4768, #2881, .T. ) ;
#3616 = CARTESIAN_POINT ( 'NONE',  ( 0.4777585988925617810, 0.4793791180929146689, -0.1130642719316670430 ) ) ;
#3617 = ORIENTED_EDGE ( 'NONE', *, *, #2207, .T. ) ;
#3618 = VECTOR ( 'NONE', #1658, 1000.000000000000000 ) ;
#3619 = FACE_OUTER_BOUND ( 'NONE', #4216, .T. ) ;
#3620 = CARTESIAN_POINT ( 'NONE',  ( 0.5073870286142054820, 0.4563943704477188557, -0.07321487414561253515 ) ) ;
#3621 = ORIENTED_EDGE ( 'NONE', *, *, #5550, .F. ) ;
#3622 = EDGE_CURVE ( 'NONE', #1602, #4493, #3482, .T. ) ;
#3623 = AXIS2_PLACEMENT_3D ( 'NONE', #1155, #175, #3891 ) ;
#3624 = VECTOR ( 'NONE', #5819, 1000.000000000000000 ) ;
#3625 = CARTESIAN_POINT ( 'NONE',  ( 0.5901333957904049132, -0.4036351503004352859, -0.1731640607731207704 ) ) ;
#3626 = CARTESIAN_POINT ( 'NONE',  ( -0.3729274960661828064, 0.4563943704477188557, 0.1307747726978751024 ) ) ;
#3627 = CYLINDRICAL_SURFACE ( 'NONE', #3789, 0.005746186911298988009 ) ;
#3628 = CARTESIAN_POINT ( 'NONE',  ( 0.6246105172581994935, -0.3940412924245302317, 0.08193378139179516295 ) ) ;
#3629 = ADVANCED_FACE ( 'NONE', ( #6004 ), #2409, .T. ) ;
#3630 = ORIENTED_EDGE ( 'NONE', *, *, #4309, .F. ) ;
#3631 = AXIS2_PLACEMENT_3D ( 'NONE', #2102, #5296, #716 ) ;
#3632 = AXIS2_PLACEMENT_3D ( 'NONE', #3661, #4614, #2810 ) ;
#3633 = DIRECTION ( 'NONE',  ( -1.000000000000000000, 0.000000000000000000, 0.000000000000000000 ) ) ;
#3634 = CARTESIAN_POINT ( 'NONE',  ( -0.4473646036486199074, -0.4285184138923239239, -0.1042098178375330253 ) ) ;
#3635 = ORIENTED_EDGE ( 'NONE', *, *, #230, .T. ) ;
#3636 = CARTESIAN_POINT ( 'NONE',  ( -0.6246105172581994935, -0.3940412924245302317, 0.2290690230178078768 ) ) ;
#3637 = ORIENTED_EDGE ( 'NONE', *, *, #1450, .T. ) ;
#3638 = CARTESIAN_POINT ( 'NONE',  ( 0.6246105172581994935, -0.3940412924245302317, 0.1669773476790199773 ) ) ;
#3639 = ORIENTED_EDGE ( 'NONE', *, *, #824, .F. ) ;
#3640 = DIRECTION ( 'NONE',  ( 0.9999999999998496758, -4.791712858680278480E-07, -2.662046677689599388E-07 ) ) ;
#3641 = APPROVAL_ROLE ( '' ) ;
#3642 = ORIENTED_EDGE ( 'NONE', *, *, #1109, .T. ) ;
#3643 = VECTOR ( 'NONE', #3668, 1000.000000000000000 ) ;
#3644 = EDGE_CURVE ( 'NONE', #993, #3481, #4239, .T. ) ;
#3645 = CARTESIAN_POINT ( 'NONE',  ( 0.4919837184401210650, 0.4793791180929146689, -0.1064604583088483297 ) ) ;
#3646 = ORIENTED_EDGE ( 'NONE', *, *, #561, .T. ) ;
#3647 = CARTESIAN_POINT ( 'NONE',  ( 0.4637173182189488485, -0.3940412924245302317, 0.02791801549324952544 ) ) ;
#3648 = DIRECTION ( 'NONE',  ( 0.000000000000000000, 1.000000000000000000, 0.000000000000000000 ) ) ;
#3649 = ORIENTED_EDGE ( 'NONE', *, *, #5348, .F. ) ;
#3650 = EDGE_CURVE ( 'NONE', #960, #2091, #2036, .T. ) ;
#3651 = CARTESIAN_POINT ( 'NONE',  ( -0.6246105172581994935, 0.8287991014134581391, -0.1386869393053268840 ) ) ;
#3652 = FACE_OUTER_BOUND ( 'NONE', #4563, .T. ) ;
#3653 = DIRECTION ( 'NONE',  ( 0.000000000000000000, -1.000000000000000000, 0.000000000000000000 ) ) ;
#3654 = CARTESIAN_POINT ( 'NONE',  ( 0.4731935003220338887, -0.8536127116472944643, -0.1686227401628550004 ) ) ;
#3655 = ORIENTED_EDGE ( 'NONE', *, *, #3568, .T. ) ;
#3656 = B_SPLINE_CURVE_WITH_KNOTS ( 'NONE', 10,
 ( #2181, #828, #2149, #4952, #5838, #4025, #1694, #3543, #4494, #5375, #343 ),
 .UNSPECIFIED., .F., .F.,
 ( 11, 11 ),
 ( 7.075291698147999853, 9.889308631237000213 ),
 .UNSPECIFIED. ) ;
#3657 = VECTOR ( 'NONE', #373, 1000.000000000000000 ) ;
#3658 = ADVANCED_FACE ( 'NONE', ( #3740 ), #3202, .F. ) ;
#3659 = DIRECTION ( 'NONE',  ( 1.000000000000000000, 0.000000000000000000, 0.000000000000000000 ) ) ;
#3660 = CARTESIAN_POINT ( 'NONE',  ( 0.5096867790322197056, -0.4446077372439614650, -0.1731640607731207704 ) ) ;
#3661 = CARTESIAN_POINT ( 'NONE',  ( 0.4637160080883331870, 0.4334096228025230979, -0.07321487414561253515 ) ) ;
#3662 = ORIENTED_EDGE ( 'NONE', *, *, #5947, .T. ) ;
#3663 = DIRECTION ( 'NONE',  ( 0.000000000000000000, 1.000000000000000000, 0.000000000000000000 ) ) ;
#3664 = VERTEX_POINT ( 'NONE', #3681 ) ;
#3665 = VECTOR ( 'NONE', #4274, 1000.000000000000000 ) ;
#3666 = CYLINDRICAL_SURFACE ( 'NONE', #1592, 0.005746186911298984540 ) ;
#3667 = ORIENTED_EDGE ( 'NONE', *, *, #1315, .F. ) ;
#3668 = DIRECTION ( 'NONE',  ( -1.000000000000000000, 0.000000000000000000, 0.000000000000000000 ) ) ;
#3669 = APPROVAL_STATUS ( 'not_yet_approved' ) ;
#3670 = ORIENTED_EDGE ( 'NONE', *, *, #1396, .T. ) ;
#3671 = CARTESIAN_POINT ( 'NONE',  ( 0.4844022809690095577, 0.4793791180929146689, -0.07321487414561253515 ) ) ;
#3672 = ORIENTED_EDGE ( 'NONE', *, *, #1219, .T. ) ;
#3673 = DIRECTION ( 'NONE',  ( -1.000000000000000000, 0.000000000000000000, 0.000000000000000000 ) ) ;
#3674 = FACE_OUTER_BOUND ( 'NONE', #2680, .T. ) ;
#3675 = VECTOR ( 'NONE', #3856, 999.9999999999998863 ) ;
#3676 = ORIENTED_EDGE ( 'NONE', *, *, #3344, .T. ) ;
#3677 = EDGE_CURVE ( 'NONE', #4507, #4391, #2806, .T. ) ;
#3678 = CARTESIAN_POINT ( 'NONE',  ( 0.3947630408062398066, -0.4101306157761677729, -0.1731640607731207704 ) ) ;
#3679 = LINE ( 'NONE', #2295, #1528 ) ;
#3680 = CARTESIAN_POINT ( 'NONE',  ( 0.3103258831794908912, -0.8008713257444980416, -0.1386869393053268840 ) ) ;
#3681 = CARTESIAN_POINT ( 'NONE',  ( 0.6246105172581994935, -0.7882355719766375168, -0.1731640607731207704 ) ) ;
#3682 = ORIENTED_EDGE ( 'NONE', *, *, #3559, .F. ) ;
#3683 = EDGE_CURVE ( 'NONE', #493, #3186, #1004, .T. ) ;
#3684 = VECTOR ( 'NONE', #3985, 1000.000000000000000 ) ;
#3685 = CARTESIAN_POINT ( 'NONE',  ( 0.6246105172581994935, 0.4793791180929146689, 0.1945919015500139904 ) ) ;
#3686 = AXIS2_PLACEMENT_3D ( 'NONE', #1780, #1698, #5813 ) ;
#3687 = DIRECTION ( 'NONE',  ( -1.000000000000000000, 0.000000000000000000, 9.827188711743682843E-15 ) ) ;
#3688 = CARTESIAN_POINT ( 'NONE',  ( 0.6246105172581994935, 0.7735838994437965743, -0.2283274551215908887 ) ) ;
#3689 = EDGE_LOOP ( 'NONE', ( #264, #2202, #3720, #2854, #1213, #1964, #2896, #4169, #2742, #5702, #4765, #3010, #3247 ) ) ;
#3690 = LINE ( 'NONE', #894, #1731 ) ;
#3691 = VERTEX_POINT ( 'NONE', #5039 ) ;
#3692 = EDGE_CURVE ( 'NONE', #2466, #3614, #2863, .T. ) ;
#3693 = VECTOR ( 'NONE', #3653, 1000.000000000000000 ) ;
#3694 = DIRECTION ( 'NONE',  ( -1.000000000000000000, 0.000000000000000000, 0.000000000000000000 ) ) ;
#3695 = CARTESIAN_POINT ( 'NONE',  ( 0.4573964781393957124, -0.8526435308764130916, -0.2017277500152854786 ) ) ;
#3696 = EDGE_LOOP ( 'NONE', ( #2127, #420 ) ) ;
#3697 = DIRECTION ( 'NONE',  ( 0.000000000000000000, 1.520000000000000047E-15, -1.000000000000000000 ) ) ;
#3698 = ORIENTED_EDGE ( 'NONE', *, *, #3316, .T. ) ;
#3699 = CARTESIAN_POINT ( 'NONE',  ( 0.4637160080883331870, -0.4285184138923239239, -0.07321487414561253515 ) ) ;
#3700 = ORIENTED_EDGE ( 'NONE', *, *, #1835, .F. ) ;
#3701 = CARTESIAN_POINT ( 'NONE',  ( 0.4637173182189488485, 0.4334096228025230979, 0.1307747726978751024 ) ) ;
#3702 = DIRECTION ( 'NONE',  ( 0.000000000000000000, -2.800000000000000139E-16, -1.000000000000000000 ) ) ;
#3703 = ORIENTED_EDGE ( 'NONE', *, *, #2906, .T. ) ;
#3704 = LINE ( 'NONE', #1259, #1200 ) ;
#3705 = CARTESIAN_POINT ( 'NONE',  ( 0.3855691417481612593, 0.9000000000000000222, -0.1961488084183167502 ) ) ;
#3706 = ADVANCED_FACE ( 'NONE', ( #541 ), #887, .T. ) ;
#3707 = ORIENTED_EDGE ( 'NONE', *, *, #5278, .F. ) ;
#3708 = CARTESIAN_POINT ( 'NONE',  ( 0.4843544424366824641, -0.4285184138923239239, -0.1108385730497003230 ) ) ;
#3709 = DIRECTION ( 'NONE',  ( 0.000000000000000000, 0.8660254647885609058, 0.4999998943377459426 ) ) ;
#3710 = ORIENTED_EDGE ( 'NONE', *, *, #5905, .T. ) ;
#3711 = CIRCLE ( 'NONE', #1092, 0.03447712146779387254 ) ;
#3712 = AXIS2_PLACEMENT_3D ( 'NONE', #2053, #3476, #4889 ) ;
#3713 = DIRECTION ( 'NONE',  ( 0.000000000000000000, -2.800000000000000139E-16, -1.000000000000000000 ) ) ;
#3714 = EDGE_CURVE ( 'NONE', #2014, #2487, #2297, .T. ) ;
#3715 = CARTESIAN_POINT ( 'NONE',  ( 0.4131700708029965030, -0.8471779373170438276, -0.1985721880546457707 ) ) ;
#3716 = CARTESIAN_POINT ( 'NONE',  ( -0.4473646036486199074, 0.4793791180929146689, -0.1042098178375330253 ) ) ;
#3717 = AXIS2_PLACEMENT_3D ( 'NONE', #3699, #5535, #5566 ) ;
#3718 = ORIENTED_EDGE ( 'NONE', *, *, #2873, .T. ) ;
#3719 = DIRECTION ( 'NONE',  ( 0.000000000000000000, 1.000000000000000000, 0.000000000000000000 ) ) ;
#3720 = ORIENTED_EDGE ( 'NONE', *, *, #4753, .F. ) ;
#3721 = CIRCLE ( 'NONE', #3632, 0.02068627288067634643 ) ;
#3722 = EDGE_CURVE ( 'NONE', #4328, #5137, #5639, .T. ) ;
#3723 = LINE ( 'NONE', #4174, #79 ) ;
#3724 = ORIENTED_EDGE ( 'NONE', *, *, #123, .T. ) ;
#3725 = CARTESIAN_POINT ( 'NONE',  ( 0.5108367174492824958, -0.8842436483798915559, -0.2198214650586545749 ) ) ;
#3726 = PERSON_AND_ORGANIZATION ( #2066, #1157 ) ;
#3727 = ORIENTED_EDGE ( 'NONE', *, *, #440, .T. ) ;
#3728 = EDGE_CURVE ( 'NONE', #4328, #4734, #4518, .T. ) ;
#3729 = CYLINDRICAL_SURFACE ( 'NONE', #3717, 0.04367102052587229499 ) ;
#3730 = VERTEX_POINT ( 'NONE', #3804 ) ;
#3731 = DIRECTION ( 'NONE',  ( -1.000000000000000000, 0.000000000000000000, 9.827188711743682843E-15 ) ) ;
#3732 = CARTESIAN_POINT ( 'NONE',  ( 0.4844035910996252192, 0.4563943704477188557, 0.1307747726978751024 ) ) ;
#3733 = ORIENTED_EDGE ( 'NONE', *, *, #5826, .T. ) ;
#3734 = VECTOR ( 'NONE', #5024, 1000.000000000000000 ) ;
#3735 = CIRCLE ( 'NONE', #630, 0.01149237382259794826 ) ;
#3736 = CARTESIAN_POINT ( 'NONE',  ( 0.4430310453382724778, 0.4793791180929146689, 0.1307747726978751024 ) ) ;
#3737 = FACE_OUTER_BOUND ( 'NONE', #4199, .T. ) ;
#3738 = ORIENTED_EDGE ( 'NONE', *, *, #2034, .F. ) ;
#3739 = CARTESIAN_POINT ( 'NONE',  ( 0.4566256443267758258, -0.4285184138923239239, -0.1143270532786020977 ) ) ;
#3740 = FACE_OUTER_BOUND ( 'NONE', #166, .T. ) ;
#3741 =( BOUNDED_CURVE ( )  B_SPLINE_CURVE ( 3, ( #5191, #583, #2449, #4283 ),
 .UNSPECIFIED., .F., .T. ) 
 B_SPLINE_CURVE_WITH_KNOTS ( ( 4, 4 ),
 ( 1.570796326791444875, 3.025741132450249893 ),
 .UNSPECIFIED. ) 
 CURVE ( )  GEOMETRIC_REPRESENTATION_ITEM ( )  RATIONAL_B_SPLINE_CURVE ( ( 1.000000000000000000, 0.8312383986589390039, 0.8312383986589390039, 1.000000000000000000 ) ) 
 REPRESENTATION_ITEM ( '' )  );
#3742 = EDGE_LOOP ( 'NONE', ( #2720, #1811, #5521, #597, #2158, #3343, #4533, #1076 ) ) ;
#3743 = DIRECTION ( 'NONE',  ( 0.000000000000000000, 0.000000000000000000, -1.000000000000000000 ) ) ;
#3744 = CARTESIAN_POINT ( 'NONE',  ( 0.4637160080883331870, -0.4055336662471280551, -0.07321487414561253515 ) ) ;
#3745 = CARTESIAN_POINT ( 'NONE',  ( 0.5901333957904049132, -0.8592049579957576899, -0.1717295249915438415 ) ) ;
#3746 = ORIENTED_EDGE ( 'NONE', *, *, #2197, .T. ) ;
#3747 = CARTESIAN_POINT ( 'NONE',  ( 0.5096867790322197056, 0.7092265945448735787, -0.1731640607731207704 ) ) ;
#3748 = ORIENTED_EDGE ( 'NONE', *, *, #4717, .T. ) ;
#3749 = ADVANCED_FACE ( 'NONE', ( #3413 ), #150, .F. ) ;
#3750 = AXIS2_PLACEMENT_3D ( 'NONE', #252, #5253, #641 ) ;
#3751 = CARTESIAN_POINT ( 'NONE',  ( 0.3625843941029654460, 0.01393798402388419198, -0.1731640607731207704 ) ) ;
#3752 = CARTESIAN_POINT ( 'NONE',  ( 0.5322464205290745598, -0.8571051132559937002, -0.2043418260996665015 ) ) ;
#3753 = ORIENTED_EDGE ( 'NONE', *, *, #3714, .F. ) ;
#3754 = VECTOR ( 'NONE', #3082, 1000.000000000000000 ) ;
#3755 = CARTESIAN_POINT ( 'NONE',  ( 0.4292401622740334433, -0.4101306157761677729, -0.1731640607731207704 ) ) ;
#3756 = ORIENTED_EDGE ( 'NONE', *, *, #1153, .T. ) ;
#3757 = EDGE_CURVE ( 'NONE', #3691, #4489, #3950, .T. ) ;
#3758 = EDGE_CURVE ( 'NONE', #5781, #3209, #1493, .T. ) ;
#3759 = VECTOR ( 'NONE', #4642, 1000.000000000000000 ) ;
#3760 = AXIS2_PLACEMENT_3D ( 'NONE', #2784, #1, #1504 ) ;
#3761 = DIRECTION ( 'NONE',  ( 1.000000000000000000, 0.000000000000000000, 0.000000000000000000 ) ) ;
#3762 = ORIENTED_EDGE ( 'NONE', *, *, #3931, .F. ) ;
#3763 = FACE_OUTER_BOUND ( 'NONE', #2246, .T. ) ;
#3764 = CARTESIAN_POINT ( 'NONE',  ( 0.4596555174290702372, -0.9000000000000000222, -0.2119033713110961559 ) ) ;
#3765 = ORIENTED_EDGE ( 'NONE', *, *, #3958, .F. ) ;
#3766 = VECTOR ( 'NONE', #4858, 1000.000000000000000 ) ;
#3767 = EDGE_CURVE ( 'NONE', #747, #243, #4245, .T. ) ;
#3768 = DIRECTION ( 'NONE',  ( 0.000000000000000000, 1.000000000000000000, 0.000000000000000000 ) ) ;
#3769 = CARTESIAN_POINT ( 'NONE',  ( 0.4670622112004351734, -0.4055336662465539033, -0.09432545575172381069 ) ) ;
#3770 = ORIENTED_EDGE ( 'NONE', *, *, #5881, .F. ) ;
#3771 = CARTESIAN_POINT ( 'NONE',  ( 0.4637160080883331870, -0.4055336662471280551, -0.07321487414561253515 ) ) ;
#3772 = DIRECTION ( 'NONE',  ( -1.000000000000000000, 0.000000000000000000, 0.000000000000000000 ) ) ;
#3773 = VERTEX_POINT ( 'NONE', #3834 ) ;
#3774 =( GEOMETRIC_REPRESENTATION_CONTEXT ( 3 ) GLOBAL_UNCERTAINTY_ASSIGNED_CONTEXT ( ( #3863 ) ) GLOBAL_UNIT_ASSIGNED_CONTEXT ( ( #238, #5792, #1735 ) ) REPRESENTATION_CONTEXT ( 'NONE', 'WORKASPACE' ) );
#3775 = LINE ( 'NONE', #577, #3759 ) ;
#3776 = DIRECTION ( 'NONE',  ( 0.000000000000000000, 0.000000000000000000, 1.000000000000000000 ) ) ;
#3777 = LINE ( 'NONE', #3745, #3922 ) ;
#3778 = AXIS2_PLACEMENT_3D ( 'NONE', #3592, #2591, #1617 ) ;
#3779 = ORIENTED_EDGE ( 'NONE', *, *, #1287, .T. ) ;
#3780 = PLANE ( 'NONE',  #5202 ) ;
#3781 = ORIENTED_EDGE ( 'NONE', *, *, #1450, .F. ) ;
#3782 = AXIS2_PLACEMENT_3D ( 'NONE', #2638, #2671, #1296 ) ;
#3783 = LINE ( 'NONE', #5135, #5221 ) ;
#3784 = CARTESIAN_POINT ( 'NONE',  ( 0.4329512311623497922, 0.4793791180929146689, -0.1042098178375330253 ) ) ;
#3785 = EDGE_CURVE ( 'NONE', #5930, #1245, #3349, .T. ) ;
#3786 = ORIENTED_EDGE ( 'NONE', *, *, #5716, .F. ) ;
#3787 = CARTESIAN_POINT ( 'NONE',  ( 0.4551014832552836009, -0.8471779574093908360, -0.1985721992169814654 ) ) ;
#3788 = ORIENTED_EDGE ( 'NONE', *, *, #2242, .F. ) ;
#3789 = AXIS2_PLACEMENT_3D ( 'NONE', #4891, #1774, #4053 ) ;
#3790 = EDGE_CURVE ( 'NONE', #3828, #810, #4660, .T. ) ;
#3791 = DIRECTION ( 'NONE',  ( 0.000000000000000000, 1.000000000000000000, -2.200000000000000003E-16 ) ) ;
#3792 = EDGE_CURVE ( 'NONE', #4602, #960, #1162, .T. ) ;
#3793 = ORIENTED_EDGE ( 'NONE', *, *, #1574, .F. ) ;
#3794 = APPLICATION_CONTEXT ( 'configuration controlled 3d designs of mechanical parts and assemblies' ) ;
#3795 = DIRECTION ( 'NONE',  ( -1.000000000000000000, 0.000000000000000000, 0.000000000000000000 ) ) ;
#3796 = DIRECTION ( 'NONE',  ( 0.000000000000000000, -1.000000000000000000, 0.000000000000000000 ) ) ;
#3797 = ORIENTED_EDGE ( 'NONE', *, *, #232, .T. ) ;
#3798 = DIRECTION ( 'NONE',  ( 0.000000000000000000, 1.000000000000000000, -2.200000000000000003E-16 ) ) ;
#3799 = CARTESIAN_POINT ( 'NONE',  ( -0.4292401622740334433, -0.1917755131468061036, -0.1731640607731207704 ) ) ;
#3800 = ORIENTED_EDGE ( 'NONE', *, *, #1366, .T. ) ;
#3801 = ADVANCED_FACE ( 'NONE', ( #1525 ), #4728, .F. ) ;
#3802 = FACE_OUTER_BOUND ( 'NONE', #5582, .T. ) ;
#3803 = EDGE_CURVE ( 'NONE', #2406, #3457, #4229, .T. ) ;
#3804 = CARTESIAN_POINT ( 'NONE',  ( 0.5144733589208823066, -0.9000000000000000222, -0.2285749410535072579 ) ) ;
#3805 = LINE ( 'NONE', #4369, #5248 ) ;
#3806 = FACE_BOUND ( 'NONE', #2043, .T. ) ;
#3807 = DIRECTION ( 'NONE',  ( 0.000000000000000000, -1.000000000000000000, 4.554053432636000102E-15 ) ) ;
#3808 = ADVANCED_FACE ( 'NONE', ( #5277 ), #4758, .F. ) ;
#3809 = CARTESIAN_POINT ( 'NONE',  ( -0.3729274960661828064, 0.4793791180929146689, 0.1307747726978751024 ) ) ;
#3810 = PLANE ( 'NONE',  #1884 ) ;
#3811 = EDGE_LOOP ( 'NONE', ( #2848, #4140, #2548, #5368 ) ) ;
#3812 = FACE_OUTER_BOUND ( 'NONE', #4707, .T. ) ;
#3813 = ORIENTED_EDGE ( 'NONE', *, *, #1315, .T. ) ;
#3814 = EDGE_CURVE ( 'NONE', #4187, #675, #2016, .T. ) ;
#3815 = LINE ( 'NONE', #3134, #5906 ) ;
#3816 = DIRECTION ( 'NONE',  ( 0.000000000000000000, 1.000000000000000000, -2.200000000000000003E-16 ) ) ;
#3817 = VECTOR ( 'NONE', #2560, 1000.000000000000000 ) ;
#3818 = ORIENTED_EDGE ( 'NONE', *, *, #2479, .F. ) ;
#3819 = FACE_OUTER_BOUND ( 'NONE', #5216, .T. ) ;
#3820 = EDGE_LOOP ( 'NONE', ( #5437, #3221 ) ) ;
#3821 = CIRCLE ( 'NONE', #4580, 0.02068627288067634643 ) ;
#3822 = DIRECTION ( 'NONE',  ( 0.000000000000000000, 0.000000000000000000, -1.000000000000000000 ) ) ;
#3823 = DIRECTION ( 'NONE',  ( 0.000000000000000000, -1.000000000000000000, 0.000000000000000000 ) ) ;
#3824 = CARTESIAN_POINT ( 'NONE',  ( 0.4752096575644259580, -0.1917755131468061036, -0.1731640607731207704 ) ) ;
#3825 = ORIENTED_EDGE ( 'NONE', *, *, #562, .F. ) ;
#3826 = LINE ( 'NONE', #4720, #1902 ) ;
#3827 = CARTESIAN_POINT ( 'NONE',  ( 0.4200449875624608920, 0.4793791180929146689, -0.07321487414561253515 ) ) ;
#3828 = VERTEX_POINT ( 'NONE', #181 ) ;
#3829 = ADVANCED_FACE ( 'NONE', ( #2082, #2049 ), #5736, .F. ) ;
#3830 = LINE ( 'NONE', #3736, #898 ) ;
#3831 = DIRECTION ( 'NONE',  ( 0.000000000000000000, 0.000000000000000000, -1.000000000000000000 ) ) ;
#3832 = VERTEX_POINT ( 'NONE', #3506 ) ;
#3833 = LINE ( 'NONE', #3442, #3121 ) ;
#3834 = CARTESIAN_POINT ( 'NONE',  ( -0.3959122437113787862, -0.4055336662471280551, 0.02791801549324972320 ) ) ;
#3835 = ORIENTED_EDGE ( 'NONE', *, *, #3714, .T. ) ;
#3836 = AXIS2_PLACEMENT_3D ( 'NONE', #1612, #4841, #3009 ) ;
#3837 = DIRECTION ( 'NONE',  ( 0.000000000000000000, 0.000000000000000000, -1.000000000000000000 ) ) ;
#3838 = FACE_BOUND ( 'NONE', #1623, .T. ) ;
#3839 = CARTESIAN_POINT ( 'NONE',  ( 0.6246105172581994935, -0.4285184138923239239, -0.1042098178375330253 ) ) ;
#3840 = CARTESIAN_POINT ( 'NONE',  ( -0.4372847894727314721, 0.4563943704477188557, 0.02791801549324952544 ) ) ;
#3841 = ORIENTED_EDGE ( 'NONE', *, *, #1662, .F. ) ;
#3842 = CARTESIAN_POINT ( 'NONE',  ( 0.6246105172581994935, -0.8192591238606551363, -0.1386869393053268840 ) ) ;
#3843 = EDGE_LOOP ( 'NONE', ( #3980, #1809, #3404, #5434 ) ) ;
#3844 = ADVANCED_FACE ( 'NONE', ( #4460 ), #2596, .F. ) ;
#3845 = CARTESIAN_POINT ( 'NONE',  ( -0.4288773550486634778, -0.4055336662470138132, -0.09017490584132765996 ) ) ;
#3846 = FACE_OUTER_BOUND ( 'NONE', #2031, .T. ) ;
#3847 = ORIENTED_EDGE ( 'NONE', *, *, #3576, .F. ) ;
#3848 = LINE ( 'NONE', #5720, #3862 ) ;
#3849 = ORIENTED_EDGE ( 'NONE', *, *, #2992, .T. ) ;
#3850 = CARTESIAN_POINT ( 'NONE',  ( 0.3855691417481612593, 0.8705444418592251932, -0.2248797429748115584 ) ) ;
#3851 = AXIS2_PLACEMENT_3D ( 'NONE', #2959, #1066, #5215 ) ;
#3852 = LINE ( 'NONE', #2976, #4098 ) ;
#3853 = CARTESIAN_POINT ( 'NONE',  ( -0.6246105172581994935, -0.4629955353601184487, -0.1386869393053268840 ) ) ;
#3854 = EDGE_LOOP ( 'NONE', ( #4046, #2489, #459, #3612 ) ) ;
#3855 = CARTESIAN_POINT ( 'NONE',  ( 0.4706462441766626759, 0.4821960588683705806, -0.1177229139595878382 ) ) ;
#3856 = DIRECTION ( 'NONE',  ( 0.000000000000000000, 0.8741585169459485938, 0.4856406976879717452 ) ) ;
#3857 = ORIENTED_EDGE ( 'NONE', *, *, #1863, .T. ) ;
#3858 = CARTESIAN_POINT ( 'NONE',  ( -0.4165985165920551014, -0.4055336662471280551, 0.1307747726978751024 ) ) ;
#3859 = CARTESIAN_POINT ( 'NONE',  ( 0.4637160080890226355, -0.4055336662477032061, -0.09461899453384206571 ) ) ;
#3860 = VERTEX_POINT ( 'NONE', #3956 ) ;
#3861 = DIRECTION ( 'NONE',  ( 0.000000000000000000, 1.000000000000000000, 0.000000000000000000 ) ) ;
#3862 = VECTOR ( 'NONE', #1572, 1000.000000000000000 ) ;
#3863 = UNCERTAINTY_MEASURE_WITH_UNIT (LENGTH_MEASURE( 1.000000000000000082E-05 ), #238, 'distance_accuracy_value', 'NONE');
#3864 = ADVANCED_FACE ( 'NONE', ( #4429 ), #2566, .F. ) ;
#3865 = CARTESIAN_POINT ( 'NONE',  ( -0.3855691417481612593, 0.8402655656792734629, -0.1961488084183167502 ) ) ;
#3866 = ORIENTED_EDGE ( 'NONE', *, *, #1016, .T. ) ;
#3867 = CARTESIAN_POINT ( 'NONE',  ( 0.4573964781393990986, -0.8643751213721937443, -0.1877486053991012371 ) ) ;
#3868 = DIRECTION ( 'NONE',  ( 1.000000000000000000, 0.000000000000000000, 0.000000000000000000 ) ) ;
#3869 = CARTESIAN_POINT ( 'NONE',  ( -0.4340048173343595272, 0.4793791180929146689, -0.1120470085487871026 ) ) ;
#3870 = ORIENTED_EDGE ( 'NONE', *, *, #1117, .T. ) ;
#3871 = CARTESIAN_POINT ( 'NONE',  ( 0.4430310453382724778, 0.4563943704477188557, 0.02791801549324952544 ) ) ;
#3872 = ORIENTED_EDGE ( 'NONE', *, *, #1812, .T. ) ;
#3873 = AXIS2_PLACEMENT_3D ( 'NONE', #2344, #5059, #4601 ) ;
#3874 = DIRECTION ( 'NONE',  ( -1.000000000000000000, 0.000000000000000000, 0.000000000000000000 ) ) ;
#3875 = CARTESIAN_POINT ( 'NONE',  ( -0.3946355445457431221, -0.4285184138923239239, -0.1102558973115747437 ) ) ;
#3876 = VERTEX_POINT ( 'NONE', #2143 ) ;
#3877 = CARTESIAN_POINT ( 'NONE',  ( 0.4637173182189488485, 0.4793791180929146689, 0.02791801549324952544 ) ) ;
#3878 = EDGE_CURVE ( 'NONE', #4135, #3860, #545, .T. ) ;
#3879 = EDGE_LOOP ( 'NONE', ( #398, #4648, #3319, #4071 ) ) ;
#3880 = VECTOR ( 'NONE', #5, 1000.000000000000000 ) ;
#3881 = CARTESIAN_POINT ( 'NONE',  ( -0.4473646036486199074, -0.4285184138923239239, -0.1042098178375330253 ) ) ;
#3882 = DIRECTION ( 'NONE',  ( 0.000000000000000000, 1.000000000000000000, -2.200000000000000003E-16 ) ) ;
#3883 = DIRECTION ( 'NONE',  ( 0.000000000000000000, -1.000000000000000000, 0.000000000000000000 ) ) ;
#3884 = CIRCLE ( 'NONE', #1752, 0.05516339434847022244 ) ;
#3885 = ORIENTED_EDGE ( 'NONE', *, *, #4408, .T. ) ;
#3886 = DIRECTION ( 'NONE',  ( 0.000000000000000000, 0.000000000000000000, -1.000000000000000000 ) ) ;
#3887 = LINE ( 'NONE', #5176, #3589 ) ;
#3888 = EDGE_LOOP ( 'NONE', ( #3270, #4900 ) ) ;
#3889 = AXIS2_PLACEMENT_3D ( 'NONE', #580, #4373, #4342 ) ;
#3890 = EDGE_CURVE ( 'NONE', #1005, #5631, #276, .T. ) ;
#3891 = DIRECTION ( 'NONE',  ( 0.000000000000000000, 1.000000000000000000, 0.000000000000000000 ) ) ;
#3892 = CARTESIAN_POINT ( 'NONE',  ( -0.3729288061967983570, -0.4285184138923239239, -0.07321487414561253515 ) ) ;
#3893 = ORIENTED_EDGE ( 'NONE', *, *, #816, .T. ) ;
#3894 = CARTESIAN_POINT ( 'NONE',  ( 0.4381801403931512295, -0.4285184138923239239, -0.1083306315328207148 ) ) ;
#3895 = CARTESIAN_POINT ( 'NONE',  ( 0.4637160080883331870, 0.4793791180929146689, -0.07321487414561253515 ) ) ;
#3896 = ORIENTED_EDGE ( 'NONE', *, *, #4680, .F. ) ;
#3897 = ADVANCED_FACE ( 'NONE', ( #5833 ), #3052, .F. ) ;
#3898 = CARTESIAN_POINT ( 'NONE',  ( 0.4759935364144070591, 0.4563943704477305130, -0.09017490584131614140 ) ) ;
#3899 = CARTESIAN_POINT ( 'NONE',  ( 0.4418817734788919038, -0.8356320035742437202, -0.1921578190247667517 ) ) ;
#3900 = DIRECTION ( 'NONE',  ( 0.000000000000000000, 1.000000000000000000, -2.200000000000000003E-16 ) ) ;
#3901 = LINE ( 'NONE', #1075, #947 ) ;
#3902 = ORIENTED_EDGE ( 'NONE', *, *, #945, .F. ) ;
#3903 = EDGE_CURVE ( 'NONE', #3832, #389, #307, .T. ) ;
#3904 = VECTOR ( 'NONE', #1054, 1000.000000000000000 ) ;
#3905 = CARTESIAN_POINT ( 'NONE',  ( -0.4020270376523993883, -0.4055336662471280551, -0.08789668957863107368 ) ) ;
#3906 = DIRECTION ( 'NONE',  ( -1.000000000000000000, 0.000000000000000000, 9.172042797627437846E-15 ) ) ;
#3907 = EDGE_LOOP ( 'NONE', ( #5570, #3710, #2789, #1152 ) ) ;
#3908 = CARTESIAN_POINT ( 'NONE',  ( -0.4165998267226706520, 0.4793791180929146689, -0.07321487414561253515 ) ) ;
#3909 = ORIENTED_EDGE ( 'NONE', *, *, #2504, .T. ) ;
#3910 = AXIS2_PLACEMENT_3D ( 'NONE', #5303, #3409, #5272 ) ;
#3911 = CIRCLE ( 'NONE', #2559, 0.04367102052587229499 ) ;
#3912 = EDGE_CURVE ( 'NONE', #445, #289, #5682, .T. ) ;
#3913 = AXIS2_PLACEMENT_3D ( 'NONE', #3251, #1515, #5173 ) ;
#3914 = FACE_OUTER_BOUND ( 'NONE', #2450, .T. ) ;
#3915 = CARTESIAN_POINT ( 'NONE',  ( -0.5671486481452092665, -0.7434094566315085917, -0.1731640607731207704 ) ) ;
#3916 = FACE_OUTER_BOUND ( 'NONE', #2399, .T. ) ;
#3917 = ORIENTED_EDGE ( 'NONE', *, *, #1649, .F. ) ;
#3918 = FACE_OUTER_BOUND ( 'NONE', #5418, .T. ) ;
#3919 = ORIENTED_EDGE ( 'NONE', *, *, #3044, .F. ) ;
#3920 = AXIS2_PLACEMENT_3D ( 'NONE', #2761, #957, #4590 ) ;
#3921 = ADVANCED_FACE ( 'NONE', ( #578 ), #4797, .F. ) ;
#3922 = VECTOR ( 'NONE', #1011, 999.9999999999998863 ) ;
#3923 = CARTESIAN_POINT ( 'NONE',  ( 0.6246105172581994935, -0.3940412924245302317, -0.1203319978859289513 ) ) ;
#3924 = DIRECTION ( 'NONE',  ( 0.000000000000000000, 1.000000000000000000, 0.000000000000000000 ) ) ;
#3925 = ORIENTED_EDGE ( 'NONE', *, *, #240, .T. ) ;
#3926 = PLANE ( 'NONE',  #484 ) ;
#3927 = CARTESIAN_POINT ( 'NONE',  ( 0.02355896410324203813, -0.4055336662471280551, 0.02849263801516691702 ) ) ;
#3928 = ORIENTED_EDGE ( 'NONE', *, *, #1788, .F. ) ;
#3929 = CARTESIAN_POINT ( 'NONE',  ( 0.4541295004080659337, 0.4563943704477071983, -0.09205445074296869645 ) ) ;
#3930 = CARTESIAN_POINT ( 'NONE',  ( 0.5274386286658190315, -0.8773335005821920607, -0.2159825171646977959 ) ) ;
#3931 = EDGE_CURVE ( 'NONE', #2496, #5965, #1530, .T. ) ;
#3932 = CARTESIAN_POINT ( 'NONE',  ( -0.3992401854251450555, 0.4793791180929146689, -0.1120618494128417381 ) ) ;
#3933 = DIRECTION ( 'NONE',  ( -1.000000000000000000, 0.000000000000000000, 0.000000000000000000 ) ) ;
#3934 = ORIENTED_EDGE ( 'NONE', *, *, #1819, .F. ) ;
#3935 = CIRCLE ( 'NONE', #4693, 0.04367102052587229499 ) ;
#3936 = CARTESIAN_POINT ( 'NONE',  ( 0.4200462976930765535, 0.4563943704477188557, 0.02791801549324952544 ) ) ;
#3937 = DIRECTION ( 'NONE',  ( 1.000000000000000000, 0.000000000000000000, 0.000000000000000000 ) ) ;
#3938 = ORIENTED_EDGE ( 'NONE', *, *, #2250, .T. ) ;
#3939 = DIRECTION ( 'NONE',  ( 1.000000000000000000, 0.000000000000000000, 0.000000000000000000 ) ) ;
#3940 = ORIENTED_EDGE ( 'NONE', *, *, #123, .F. ) ;
#3941 = ADVANCED_FACE ( 'NONE', ( #3838, #1101 ), #5187, .F. ) ;
#3942 = CARTESIAN_POINT ( 'NONE',  ( 0.4637173182189488485, 0.4793791180929146689, 0.02791801549324952544 ) ) ;
#3943 = EDGE_CURVE ( 'NONE', #633, #1505, #1491, .T. ) ;
#3944 = DIRECTION ( 'NONE',  ( -1.000000000000000000, 0.000000000000000000, 0.000000000000000000 ) ) ;
#3945 = CARTESIAN_POINT ( 'NONE',  ( 0.4282758520473914365, -0.8471779186906636117, -0.1985721777066707661 ) ) ;
#3946 = ORIENTED_EDGE ( 'NONE', *, *, #3767, .T. ) ;
#3947 = LINE ( 'NONE', #1644, #1316 ) ;
#3948 = CARTESIAN_POINT ( 'NONE',  ( 0.4637160080883331870, -0.4055336662471280551, -0.07321487414561253515 ) ) ;
#3949 = ORIENTED_EDGE ( 'NONE', *, *, #2843, .T. ) ;
#3950 = CIRCLE ( 'NONE', #1331, 0.04367102052587229499 ) ;
#3951 = DIRECTION ( 'NONE',  ( 1.000000000000000000, 0.000000000000000000, 0.000000000000000000 ) ) ;
#3952 = FACE_OUTER_BOUND ( 'NONE', #4012, .T. ) ;
#3953 = ORIENTED_EDGE ( 'NONE', *, *, #6006, .T. ) ;
#3954 = CARTESIAN_POINT ( 'NONE',  ( 0.6246105172581994935, 0.7735838994437965743, -0.1731640607731207704 ) ) ;
#3955 = DIRECTION ( 'NONE',  ( 0.000000000000000000, -1.000000000000000000, 0.000000000000000000 ) ) ;
#3956 = CARTESIAN_POINT ( 'NONE',  ( -0.3947630408062398066, -0.1917755131468061036, -0.1731640607731207704 ) ) ;
#3957 = AXIS2_PLACEMENT_3D ( 'NONE', #4435, #370, #4024 ) ;
#3958 = EDGE_CURVE ( 'NONE', #4976, #5478, #1917, .T. ) ;
#3959 = CARTESIAN_POINT ( 'NONE',  ( 0.5096867790322197056, 0.8247217346575649310, -0.2076411822409144625 ) ) ;
#3960 = VECTOR ( 'NONE', #5128, 1000.000000000000000 ) ;
#3961 = AXIS2_PLACEMENT_3D ( 'NONE', #739, #2157, #1269 ) ;
#3962 = CARTESIAN_POINT ( 'NONE',  ( 0.6246105172581994935, -0.4285184138923239239, -0.1386869393053268840 ) ) ;
#3963 = FACE_OUTER_BOUND ( 'NONE', #5142, .T. ) ;
#3964 = CARTESIAN_POINT ( 'NONE',  ( -0.6246105172581994935, -0.3940412924245302317, 0.1945919015500139904 ) ) ;
#3965 = LINE ( 'NONE', #2025, #3581 ) ;
#3966 = ORIENTED_EDGE ( 'NONE', *, *, #41, .F. ) ;
#3967 = AXIS2_PLACEMENT_3D ( 'NONE', #5154, #2778, #1831 ) ;
#3968 = DIRECTION ( 'NONE',  ( 0.000000000000000000, -0.4856406976879716897, 0.8741585169459484828 ) ) ;
#3969 = CARTESIAN_POINT ( 'NONE',  ( -0.4260418706456162719, -0.4285184138923239239, -0.1140200246231344722 ) ) ;
#3970 = LOCAL_TIME ( 13, 54, 13.00000000000000000, #468 ) ;
#3971 = ORIENTED_EDGE ( 'NONE', *, *, #3168, .T. ) ;
#3972 = FACE_OUTER_BOUND ( 'NONE', #4419, .T. ) ;
#3973 = ORIENTED_EDGE ( 'NONE', *, *, #3392, .F. ) ;
#3974 = EDGE_CURVE ( 'NONE', #2871, #1736, #938, .T. ) ;
#3975 = CARTESIAN_POINT ( 'NONE',  ( 0.1144436028164742408, 0.8402396561224900751, -0.1896686550255239634 ) ) ;
#3976 = FACE_OUTER_BOUND ( 'NONE', #2051, .T. ) ;
#3977 = ORIENTED_EDGE ( 'NONE', *, *, #590, .F. ) ;
#3978 = DIRECTION ( 'NONE',  ( -1.000000000000000000, 0.000000000000000000, 0.000000000000000000 ) ) ;
#3979 = APPLICATION_PROTOCOL_DEFINITION ( 'international standard', 'config_control_design', 1994, #5641 ) ;
#3980 = ORIENTED_EDGE ( 'NONE', *, *, #1055, .T. ) ;
#3981 = VECTOR ( 'NONE', #4695, 1000.000000000000000 ) ;
#3982 = EDGE_CURVE ( 'NONE', #2424, #1005, #3473, .T. ) ;
#3983 = VECTOR ( 'NONE', #4469, 1000.000000000000000 ) ;
#3984 = DIRECTION ( 'NONE',  ( 0.000000000000000000, -0.4856406976879716897, 0.8741585169459484828 ) ) ;
#3985 = DIRECTION ( 'NONE',  ( 0.000000000000000000, -1.000000000000000000, 0.000000000000000000 ) ) ;
#3986 = ORIENTED_EDGE ( 'NONE', *, *, #5643, .T. ) ;
#3987 = CARTESIAN_POINT ( 'NONE',  ( -0.4199460298353350773, 0.4563943704477881891, -0.09432545575151699002 ) ) ;
#3988 = DIRECTION ( 'NONE',  ( 0.000000000000000000, -0.4856406976879716897, 0.8741585169459484828 ) ) ;
#3989 = ORIENTED_EDGE ( 'NONE', *, *, #6006, .F. ) ;
#3990 = DIRECTION ( 'NONE',  ( 0.000000000000000000, -0.4856406976879717452, 0.8741585169459485938 ) ) ;
#3991 = DIRECTION ( 'NONE',  ( -1.000000000000000000, 0.000000000000000000, 0.000000000000000000 ) ) ;
#3992 = CIRCLE ( 'NONE', #2729, 0.02068627288067634643 ) ;
#3993 = EDGE_CURVE ( 'NONE', #539, #2091, #846, .T. ) ;
#3994 = DIRECTION ( 'NONE',  ( 0.000000000000000000, 0.000000000000000000, -1.000000000000000000 ) ) ;
#3995 = EDGE_CURVE ( 'NONE', #109, #2646, #1009, .T. ) ;
#3996 = CARTESIAN_POINT ( 'NONE',  ( 0.4637173182189488485, 0.4793791180929146689, 0.1307747726978751024 ) ) ;
#3997 = DIRECTION ( 'NONE',  ( 0.000000000000000000, 0.000000000000000000, 1.000000000000000000 ) ) ;
#3998 = CARTESIAN_POINT ( 'NONE',  ( -0.5671486481452092665, -0.8008713257444980416, -0.1731640607731207704 ) ) ;
#3999 = EDGE_LOOP ( 'NONE', ( #139, #1858, #4586, #5412 ) ) ;
#4000 = EDGE_CURVE ( 'NONE', #4344, #2299, #4430, .T. ) ;
#4001 = CARTESIAN_POINT ( 'NONE',  ( 0.4842615994186147410, -0.8738687232231228119, -0.2140576524391189783 ) ) ;
#4002 = CARTESIAN_POINT ( 'NONE',  ( -0.4340048173341299886, -0.4285184138923239239, -0.1120470085488675521 ) ) ;
#4003 = VERTEX_POINT ( 'NONE', #4311 ) ;
#4004 = DIRECTION ( 'NONE',  ( 0.000000000000000000, 0.000000000000000000, 1.000000000000000000 ) ) ;
#4005 = ORIENTED_EDGE ( 'NONE', *, *, #5800, .F. ) ;
#4006 = VECTOR ( 'NONE', #3882, 1000.000000000000000 ) ;
#4007 = DIRECTION ( 'NONE',  ( -1.000000000000000000, 0.000000000000000000, 0.000000000000000000 ) ) ;
#4008 = CARTESIAN_POINT ( 'NONE',  ( 0.4920488399394800649, -0.8651774088411247066, -0.2089641963032081995 ) ) ;
#4009 = VERTEX_POINT ( 'NONE', #217 ) ;
#4010 = CARTESIAN_POINT ( 'NONE',  ( -0.2835743240726046333, 0.8402396561224900751, -0.1731640607731207704 ) ) ;
#4011 = CARTESIAN_POINT ( 'NONE',  ( -0.6246105172581994935, 0.3702015667782341257, 0.07676221317162604252 ) ) ;
#4012 = EDGE_LOOP ( 'NONE', ( #3426, #4559, #3521, #1014 ) ) ;
#4013 = AXIS2_PLACEMENT_3D ( 'NONE', #3317, #3768, #5120 ) ;
#4014 = CARTESIAN_POINT ( 'NONE',  ( 0.4805463205351575007, 0.4793791180929146689, -0.1122287072138504760 ) ) ;
#4015 = LINE ( 'NONE', #693, #4541 ) ;
#4016 = AXIS2_PLACEMENT_3D ( 'NONE', #1577, #2130, #5236 ) ;
#4017 = VERTEX_POINT ( 'NONE', #4731 ) ;
#4018 = CARTESIAN_POINT ( 'NONE',  ( 0.5073883387448211435, -0.4055336662471280551, 0.1307747726978751024 ) ) ;
#4019 = VERTEX_POINT ( 'NONE', #5219 ) ;
#4020 = CYLINDRICAL_SURFACE ( 'NONE', #4377, 0.04367102052587229499 ) ;
#4021 = ADVANCED_FACE ( 'NONE', ( #1594 ), #2933, .T. ) ;
#4022 = CIRCLE ( 'NONE', #1104, 0.02068627288067634643 ) ;
#4023 = FACE_OUTER_BOUND ( 'NONE', #2326, .T. ) ;
#4024 = DIRECTION ( 'NONE',  ( 1.000000000000000000, 0.000000000000000000, 0.000000000000000000 ) ) ;
#4025 = CARTESIAN_POINT ( 'NONE',  ( -0.4165998267225554108, -0.4055336662468985720, -0.09461899453404888638 ) ) ;
#4026 = CARTESIAN_POINT ( 'NONE',  ( 0.5073883387448211435, -0.4285184138923239239, 0.1307747726978751024 ) ) ;
#4027 = ORIENTED_EDGE ( 'NONE', *, *, #2136, .T. ) ;
#4028 = CARTESIAN_POINT ( 'NONE',  ( 0.4200462976930765535, 0.4793791180929146689, 0.1307747726978751024 ) ) ;
#4029 = DIRECTION ( 'NONE',  ( 1.000000000000000000, 0.000000000000000000, 0.000000000000000000 ) ) ;
#4030 = ORIENTED_EDGE ( 'NONE', *, *, #3792, .T. ) ;
#4031 = CARTESIAN_POINT ( 'NONE',  ( 0.5901333957904049132, -0.8618447302616574213, -0.1888532215897453237 ) ) ;
#4032 = AXIS2_PLACEMENT_3D ( 'NONE', #2455, #2546, #4834 ) ;
#4033 = ORIENTED_EDGE ( 'NONE', *, *, #1374, .T. ) ;
#4034 = EDGE_CURVE ( 'NONE', #4391, #4101, #1024, .T. ) ;
#4035 = EDGE_CURVE ( 'NONE', #4178, #2857, #4762, .T. ) ;
#4036 = VECTOR ( 'NONE', #3595, 999.9999999999998863 ) ;
#4037 = CARTESIAN_POINT ( 'NONE',  ( -0.4165998267226706520, -0.4055336662471280551, -0.07321487414561253515 ) ) ;
#4038 = CARTESIAN_POINT ( 'NONE',  ( 0.5297171121994130871, -0.8652192625850217977, -0.2089883605667417765 ) ) ;
#4039 = VERTEX_POINT ( 'NONE', #2478 ) ;
#4040 = FACE_OUTER_BOUND ( 'NONE', #1476, .T. ) ;
#4041 = CARTESIAN_POINT ( 'NONE',  ( -0.5096867790322197056, 0.8402396561224900751, -0.1490891920208964050 ) ) ;
#4042 = VERTEX_POINT ( 'NONE', #4249 ) ;
#4043 = EDGE_CURVE ( 'NONE', #1909, #3111, #1241, .T. ) ;
#4044 = CARTESIAN_POINT ( 'NONE',  ( 0.4892160529604321351, 0.4793791180929146689, -0.1083530554916515010 ) ) ;
#4045 = CARTESIAN_POINT ( 'NONE',  ( 0.4292401622740334433, -0.1917755131468061036, -0.1731640607731207704 ) ) ;
#4046 = ORIENTED_EDGE ( 'NONE', *, *, #3982, .T. ) ;
#4047 = DIRECTION ( 'NONE',  ( -1.000000000000000000, 0.000000000000000000, 0.000000000000000000 ) ) ;
#4048 = DIRECTION ( 'NONE',  ( -1.000000000000000000, 0.000000000000000000, 0.000000000000000000 ) ) ;
#4049 = ORIENTED_EDGE ( 'NONE', *, *, #4609, .T. ) ;
#4050 = DIRECTION ( 'NONE',  ( 0.000000000000000000, -1.000000000000000000, 0.000000000000000000 ) ) ;
#4051 = LINE ( 'NONE', #5893, #5883 ) ;
#4052 = EDGE_CURVE ( 'NONE', #958, #4973, #4322, .T. ) ;
#4053 = DIRECTION ( 'NONE',  ( 0.000000000000000000, -1.000000000000000000, 0.000000000000000000 ) ) ;
#4054 = FACE_OUTER_BOUND ( 'NONE', #7, .T. ) ;
#4055 = ORIENTED_EDGE ( 'NONE', *, *, #4161, .T. ) ;
#4056 = AXIS2_PLACEMENT_3D ( 'NONE', #1727, #1756, #4558 ) ;
#4057 = EDGE_CURVE ( 'NONE', #4074, #2642, #5097, .T. ) ;
#4058 = DIRECTION ( 'NONE',  ( 0.000000000000000000, 1.000000000000000000, -2.200000000000000003E-16 ) ) ;
#4059 = DIRECTION ( 'NONE',  ( 0.000000000000000000, -1.000000000000000000, 0.000000000000000000 ) ) ;
#4060 = ORIENTED_EDGE ( 'NONE', *, *, #5157, .F. ) ;
#4061 = CARTESIAN_POINT ( 'NONE',  ( 0.3625843941029654460, -0.8008713257444980416, -0.1731640607731207704 ) ) ;
#4062 = VECTOR ( 'NONE', #798, 1000.000000000000000 ) ;
#4063 = ORIENTED_EDGE ( 'NONE', *, *, #3931, .T. ) ;
#4064 = ADVANCED_FACE ( 'NONE', ( #3142, #793, #4404 ), #5401, .F. ) ;
#4065 = CARTESIAN_POINT ( 'NONE',  ( 0.5035091199724016642, -0.8597971564114950116, -0.2058579069899345859 ) ) ;
#4066 = ORIENTED_EDGE ( 'NONE', *, *, #3803, .T. ) ;
#4067 = CARTESIAN_POINT ( 'NONE',  ( -0.5096867790322197056, -0.4446077372439614650, -0.1731640607731207704 ) ) ;
#4068 = ORIENTED_EDGE ( 'NONE', *, *, #5601, .F. ) ;
#4069 = CARTESIAN_POINT ( 'NONE',  ( -0.3855691417481612593, 0.8247217346575649310, -0.2076411822409144625 ) ) ;
#4070 = CIRCLE ( 'NONE', #1265, 0.04367102052587229499 ) ;
#4071 = ORIENTED_EDGE ( 'NONE', *, *, #3061, .F. ) ;
#4072 = DIRECTION ( 'NONE',  ( -1.000000000000000000, 0.000000000000000000, 9.827188711743682843E-15 ) ) ;
#4073 = FACE_BOUND ( 'NONE', #1173, .T. ) ;
#4074 = VERTEX_POINT ( 'NONE', #2210 ) ;
#4075 = VECTOR ( 'NONE', #3900, 1000.000000000000000 ) ;
#4076 = DIRECTION ( 'NONE',  ( 0.000000000000000000, 0.000000000000000000, 1.000000000000000000 ) ) ;
#4077 = CARTESIAN_POINT ( 'NONE',  ( 0.4844035910996252192, -0.4055336662471280551, 0.02791801549324972320 ) ) ;
#4078 = EDGE_LOOP ( 'NONE', ( #2333, #2505, #3575, #5592 ) ) ;
#4079 = DIRECTION ( 'NONE',  ( -1.000000000000000000, 0.000000000000000000, 9.853049734669323200E-15 ) ) ;
#4080 = LINE ( 'NONE', #1233, #853 ) ;
#4081 = ORIENTED_EDGE ( 'NONE', *, *, #4189, .T. ) ;
#4082 = EDGE_CURVE ( 'NONE', #5096, #2033, #4919, .T. ) ;
#4083 = VECTOR ( 'NONE', #4571, 1000.000000000000000 ) ;
#4084 = FACE_OUTER_BOUND ( 'NONE', #342, .T. ) ;
#4085 = CARTESIAN_POINT ( 'NONE',  ( -0.4465742623950041401, -0.4285184138923239239, -0.1049942900600242257 ) ) ;
#4086 = ORIENTED_EDGE ( 'NONE', *, *, #568, .F. ) ;
#4087 = DIRECTION ( 'NONE',  ( 0.000000000000000000, 0.000000000000000000, -1.000000000000000000 ) ) ;
#4088 = ORIENTED_EDGE ( 'NONE', *, *, #686, .T. ) ;
#4089 = ADVANCED_FACE ( 'NONE', ( #341 ), #765, .T. ) ;
#4090 = LINE ( 'NONE', #840, #2468 ) ;
#4091 = EDGE_LOOP ( 'NONE', ( #2739, #3953, #5668, #3818 ) ) ;
#4092 = CARTESIAN_POINT ( 'NONE',  ( 0.4637173182189488485, 0.4793791180929146689, 0.02791801549324952544 ) ) ;
#4093 = DATE_AND_TIME ( #388, #5021 ) ;
#4094 = EDGE_LOOP ( 'NONE', ( #5297, #3746, #2579, #4081 ) ) ;
#4095 = ADVANCED_FACE ( 'NONE', ( #4981 ), #2599, .F. ) ;
#4096 = CARTESIAN_POINT ( 'NONE',  ( 0.4810756493857670790, 0.4793791180929146689, -0.1120618494128417381 ) ) ;
#4097 = EDGE_LOOP ( 'NONE', ( #1709, #38, #3546, #1932 ) ) ;
#4098 = VECTOR ( 'NONE', #1546, 1000.000000000000000 ) ;
#4099 = CYLINDRICAL_SURFACE ( 'NONE', #2388, 0.04367102052587229499 ) ;
#4100 = DIRECTION ( 'NONE',  ( 0.000000000000000000, 1.000000000000000000, -2.800000000000000139E-16 ) ) ;
#4101 = VERTEX_POINT ( 'NONE', #2631 ) ;
#4102 = AXIS2_PLACEMENT_3D ( 'NONE', #5571, #2347, #146 ) ;
#4103 = ADVANCED_FACE ( 'NONE', ( #3963 ), #281, .F. ) ;
#4104 = CARTESIAN_POINT ( 'NONE',  ( 0.4752096575644259580, -0.4446077372439614650, -0.2076411822409144625 ) ) ;
#4105 = CARTESIAN_POINT ( 'NONE',  ( -0.3855691417481612593, 0.9000000000000000222, -0.1961488084183167502 ) ) ;
#4106 = VECTOR ( 'NONE', #3791, 1000.000000000000000 ) ;
#4107 = CARTESIAN_POINT ( 'NONE',  ( 0.4869804651336827606, -0.4285184138923239239, -0.1096129251914002012 ) ) ;
#4108 = LINE ( 'NONE', #3173, #5105 ) ;
#4109 = ORIENTED_EDGE ( 'NONE', *, *, #2540, .T. ) ;
#4110 = AXIS2_PLACEMENT_3D ( 'NONE', #5780, #2094, #3937 ) ;
#4111 = CARTESIAN_POINT ( 'NONE',  ( -0.6246105172581994935, 0.4334096228025230979, 0.08193378139179516295 ) ) ;
#4112 = DIRECTION ( 'NONE',  ( 0.000000000000000000, 1.000000000000000000, 0.000000000000000000 ) ) ;
#4113 = CIRCLE ( 'NONE', #1294, 0.04367102052587229499 ) ;
#4114 = ORIENTED_EDGE ( 'NONE', *, *, #2732, .F. ) ;
#4115 = CARTESIAN_POINT ( 'NONE',  ( 0.5073883387448211435, -0.4285184138923239239, 0.02791801549324952544 ) ) ;
#4116 = ORIENTED_EDGE ( 'NONE', *, *, #259, .T. ) ;
#4117 = B_SPLINE_SURFACE_WITH_KNOTS ( 'NONE', 1, 10, ( 
 ( #254, #1048, #1998, #4348, #4286, #2968, #5779, #2061, #2939, #1600, #2122 ),
 ( #3905, #1631, #225, #4802, #1139, #4831, #3451, #3483, #585, #3845, #4739 ) ),
 .UNSPECIFIED., .F., .F., .F.,
 ( 2, 2 ),
 ( 11, 11 ),
 ( 0.000000000000000000, 2.814016933089000361 ),
 ( 7.075291698147999853, 9.889308631237000213 ),
 .UNSPECIFIED. ) ;
#4118 = CARTESIAN_POINT ( 'NONE',  ( 0.5011398981778445449, -0.8604494347406974608, -0.2062344999527618294 ) ) ;
#4119 = EDGE_CURVE ( 'NONE', #4276, #5599, #3056, .T. ) ;
#4120 = ORIENTED_EDGE ( 'NONE', *, *, #2212, .F. ) ;
#4121 = CARTESIAN_POINT ( 'NONE',  ( 0.4896352345545197937, -0.4285184138923239239, -0.1090193855032193376 ) ) ;
#4122 = ORIENTED_EDGE ( 'NONE', *, *, #4791, .F. ) ;
#4123 = AXIS2_PLACEMENT_3D ( 'NONE', #4783, #627, #4904 ) ;
#4124 = CARTESIAN_POINT ( 'NONE',  ( 0.4457841894766413349, 0.4793791180929146689, -0.1118718458725908443 ) ) ;
#4125 = ORIENTED_EDGE ( 'NONE', *, *, #1309, .T. ) ;
#4126 = DIRECTION ( 'NONE',  ( 0.000000000000000000, 1.000000000000000000, 0.000000000000000000 ) ) ;
#4127 = APPROVAL ( #3669, '未' ) ;
#4128 = CYLINDRICAL_SURFACE ( 'NONE', #5409, 0.02068627288067634643 ) ;
#4129 = VERTEX_POINT ( 'NONE', #1260 ) ;
#4130 = PLANE ( 'NONE',  #604 ) ;
#4131 = DIRECTION ( 'NONE',  ( -1.000000000000000000, 0.000000000000000000, 0.000000000000000000 ) ) ;
#4132 = EDGE_CURVE ( 'NONE', #1022, #2395, #1664, .T. ) ;
#4133 = CARTESIAN_POINT ( 'NONE',  ( 0.4816026257646590647, -0.4285184138923239239, -0.1118872756134075552 ) ) ;
#4134 = DIRECTION ( 'NONE',  ( 1.000000000000000000, 0.000000000000000000, 0.000000000000000000 ) ) ;
#4135 = VERTEX_POINT ( 'NONE', #2179 ) ;
#4136 = VECTOR ( 'NONE', #2776, 1000.000000000000000 ) ;
#4137 = FACE_OUTER_BOUND ( 'NONE', #4091, .T. ) ;
#4138 = CARTESIAN_POINT ( 'NONE',  ( -0.3855691417481612593, 0.8402396561224900751, -0.2306259298861106088 ) ) ;
#4139 = CARTESIAN_POINT ( 'NONE',  ( 0.6246105172581994935, -0.4285184138923239239, -0.1042098178375330253 ) ) ;
#4140 = ORIENTED_EDGE ( 'NONE', *, *, #3105, .T. ) ;
#4141 = DIRECTION ( 'NONE',  ( 0.000000000000000000, 1.000000000000000000, 0.000000000000000000 ) ) ;
#4142 = ORIENTED_EDGE ( 'NONE', *, *, #1194, .F. ) ;
#4143 = AXIS2_PLACEMENT_3D ( 'NONE', #4575, #5121, #4131 ) ;
#4144 = VECTOR ( 'NONE', #321, 1000.000000000000000 ) ;
#4145 = DIRECTION ( 'NONE',  ( 0.000000000000000000, 1.000000000000000000, -2.800000000000000139E-16 ) ) ;
#4146 = CARTESIAN_POINT ( 'NONE',  ( 0.4583238993470339362, -0.8497505584890252539, -0.2000574913491389439 ) ) ;
#4147 = ORIENTED_EDGE ( 'NONE', *, *, #1235, .F. ) ;
#4148 = DIRECTION ( 'NONE',  ( 0.000000000000000000, 1.000000000000000000, 0.000000000000000000 ) ) ;
#4149 = ORIENTED_EDGE ( 'NONE', *, *, #180, .T. ) ;
#4150 = ADVANCED_FACE ( 'NONE', ( #1719 ), #4464, .T. ) ;
#4151 = DIRECTION ( 'NONE',  ( 0.000000000000000000, -1.000000000000000000, 0.000000000000000000 ) ) ;
#4152 = ORIENTED_EDGE ( 'NONE', *, *, #4937, .T. ) ;
#4153 = DIRECTION ( 'NONE',  ( -1.000000000000000000, 0.000000000000000000, 0.000000000000000000 ) ) ;
#4154 = CARTESIAN_POINT ( 'NONE',  ( -0.4165998267226706520, 0.4563943704477188557, -0.07321487414561253515 ) ) ;
#4155 = ORIENTED_EDGE ( 'NONE', *, *, #2574, .T. ) ;
#4156 = EDGE_CURVE ( 'NONE', #2132, #3597, #1289, .T. ) ;
#4157 = LINE ( 'NONE', #1800, #1878 ) ;
#4158 = PLANE ( 'NONE',  #2604 ) ;
#4159 = CARTESIAN_POINT ( 'NONE',  ( 0.6246105172581994935, -0.4285184138923239239, 0.1945919015500139904 ) ) ;
#4160 = LINE ( 'NONE', #1464, #1342 ) ;
#4161 = EDGE_CURVE ( 'NONE', #2850, #4873, #159, .T. ) ;
#4162 = ORIENTED_EDGE ( 'NONE', *, *, #4790, .T. ) ;
#4163 = AXIS2_PLACEMENT_3D ( 'NONE', #3799, #510, #113 ) ;
#4164 = EDGE_CURVE ( 'NONE', #4621, #5930, #4051, .T. ) ;
#4165 = DIRECTION ( 'NONE',  ( 0.000000000000000000, -0.4856406976879716897, 0.8741585169459484828 ) ) ;
#4166 = VECTOR ( 'NONE', #3776, 1000.000000000000000 ) ;
#4167 = CARTESIAN_POINT ( 'NONE',  ( 0.4200462976930765535, 0.4793791180929146689, 0.1307747726978751024 ) ) ;
#4168 = LINE ( 'NONE', #1470, #2370 ) ;
#4169 = ORIENTED_EDGE ( 'NONE', *, *, #2589, .F. ) ;
#4170 = FACE_OUTER_BOUND ( 'NONE', #2305, .T. ) ;
#4171 = ORIENTED_EDGE ( 'NONE', *, *, #978, .T. ) ;
#4172 = CIRCLE ( 'NONE', #2253, 0.005746186911298988009 ) ;
#4173 = ADVANCED_FACE ( 'NONE', ( #5807 ), #1169, .F. ) ;
#4174 = CARTESIAN_POINT ( 'NONE',  ( -0.3729274960661828064, -0.4285184138923239239, 0.1307747726978751024 ) ) ;
#4175 = CARTESIAN_POINT ( 'NONE',  ( 0.4844022809690095577, 0.4563943704477188557, -0.07321487414561252127 ) ) ;
#4176 = ORIENTED_EDGE ( 'NONE', *, *, #2292, .T. ) ;
#4177 = DIRECTION ( 'NONE',  ( 0.000000000000000000, -1.000000000000000000, 0.000000000000000000 ) ) ;
#4178 = VERTEX_POINT ( 'NONE', #2570 ) ;
#4179 = DIRECTION ( 'NONE',  ( 0.000000000000000000, 1.000000000000000000, 0.000000000000000000 ) ) ;
#4180 = ORIENTED_EDGE ( 'NONE', *, *, #3012, .T. ) ;
#4181 = CARTESIAN_POINT ( 'NONE',  ( 0.4670622112010210381, 0.4563943704476495222, -0.09432545575160895812 ) ) ;
#4182 = CARTESIAN_POINT ( 'NONE',  ( -0.4602708472485429470, -0.4055336662471280551, -0.07321487414561253515 ) ) ;
#4183 = ORIENTED_EDGE ( 'NONE', *, *, #3544, .F. ) ;
#4184 = CIRCLE ( 'NONE', #214, 0.04367102052587229499 ) ;
#4185 = DIRECTION ( 'NONE',  ( 0.000000000000000000, 1.000000000000000000, 0.000000000000000000 ) ) ;
#4186 = CARTESIAN_POINT ( 'NONE',  ( 0.5096867790322197056, -0.4101306157761677729, -0.2076411822409144625 ) ) ;
#4187 = VERTEX_POINT ( 'NONE', #4105 ) ;
#4188 = FACE_OUTER_BOUND ( 'NONE', #2287, .T. ) ;
#4189 = EDGE_CURVE ( 'NONE', #4246, #1798, #2323, .T. ) ;
#4190 = DIRECTION ( 'NONE',  ( 0.000000000000000000, 0.000000000000000000, -1.000000000000000000 ) ) ;
#4191 = VERTEX_POINT ( 'NONE', #4548 ) ;
#4192 = CIRCLE ( 'NONE', #5743, 0.02068627288067634643 ) ;
#4193 = VECTOR ( 'NONE', #509, 1000.000000000000000 ) ;
#4194 = CARTESIAN_POINT ( 'NONE',  ( 0.4637160080883331870, 0.4563943704477188557, -0.07321487414561253515 ) ) ;
#4195 = DIRECTION ( 'NONE',  ( 0.000000000000000000, 1.000000000000000000, -2.200000000000000003E-16 ) ) ;
#4196 = CARTESIAN_POINT ( 'NONE',  ( -0.5096867790322197056, 0.8402914752360569617, -0.1961488084183167502 ) ) ;
#4197 = ORIENTED_EDGE ( 'NONE', *, *, #3993, .T. ) ;
#4198 = LINE ( 'NONE', #93, #269 ) ;
#4199 = EDGE_LOOP ( 'NONE', ( #982, #4207, #306, #4116, #1587, #3786 ) ) ;
#4200 = DIRECTION ( 'NONE',  ( 1.000000000000000000, 0.000000000000000000, 0.000000000000000000 ) ) ;
#4201 = CARTESIAN_POINT ( 'NONE',  ( -0.5096867790322197056, 0.8402396561224900751, -0.1731640607731207704 ) ) ;
#4202 = ORIENTED_EDGE ( 'NONE', *, *, #4587, .F. ) ;
#4203 = CYLINDRICAL_SURFACE ( 'NONE', #2381, 0.03447712146779387254 ) ;
#4204 = EDGE_CURVE ( 'NONE', #5663, #1994, #972, .T. ) ;
#4205 = ORIENTED_EDGE ( 'NONE', *, *, #1273, .T. ) ;
#4206 = PLANE ( 'NONE',  #224 ) ;
#4207 = ORIENTED_EDGE ( 'NONE', *, *, #4389, .T. ) ;
#4208 = CARTESIAN_POINT ( 'NONE',  ( 0.4637160080883449553, 0.4563943704477881891, -0.09461899453396840909 ) ) ;
#4209 = DIRECTION ( 'NONE',  ( 0.000000000000000000, -1.000000000000000000, 0.000000000000000000 ) ) ;
#4210 = ORIENTED_EDGE ( 'NONE', *, *, #160, .T. ) ;
#4211 = LINE ( 'NONE', #3258, #1391 ) ;
#4212 = PLANE ( 'NONE',  #2811 ) ;
#4213 = VERTEX_POINT ( 'NONE', #4077 ) ;
#4214 = CARTESIAN_POINT ( 'NONE',  ( -0.4752096575644259580, -0.1572983916790124115, -0.2076411822409144625 ) ) ;
#4215 = DIRECTION ( 'NONE',  ( 0.000000000000000000, 0.000000000000000000, 1.000000000000000000 ) ) ;
#4216 = EDGE_LOOP ( 'NONE', ( #3407, #6005, #557, #4451 ) ) ;
#4217 = EDGE_CURVE ( 'NONE', #2978, #4632, #5516, .T. ) ;
#4218 = CARTESIAN_POINT ( 'NONE',  ( 0.4944807850143176919, -0.4285184138923239239, -0.1042098178375330253 ) ) ;
#4219 = DIRECTION ( 'NONE',  ( 0.000000000000000000, 1.000000000000000000, 0.000000000000000000 ) ) ;
#4220 = LINE ( 'NONE', #3327, #1596 ) ;
#4221 = EDGE_LOOP ( 'NONE', ( #3670, #964, #4883, #4804, #1080, #2217, #4480, #5656 ) ) ;
#4222 = DIRECTION ( 'NONE',  ( 0.000000000000000000, 1.000000000000000000, 0.000000000000000000 ) ) ;
#4223 = ORIENTED_EDGE ( 'NONE', *, *, #5020, .F. ) ;
#4224 = AXIS2_PLACEMENT_3D ( 'NONE', #2997, #2965, #3933 ) ;
#4225 = ADVANCED_FACE ( 'NONE', ( #3652 ), #5065, .F. ) ;
#4226 = CARTESIAN_POINT ( 'NONE',  ( 0.6246105172581994935, 0.7735838994437965743, -0.2283274551215908887 ) ) ;
#4227 = DIRECTION ( 'NONE',  ( -1.000000000000000000, 0.000000000000000000, 0.000000000000000000 ) ) ;
#4228 = ORIENTED_EDGE ( 'NONE', *, *, #5042, .F. ) ;
#4229 = CIRCLE ( 'NONE', #3851, 0.04367102052587229499 ) ;
#4230 = LINE ( 'NONE', #558, #4305 ) ;
#4231 = ORIENTED_EDGE ( 'NONE', *, *, #3790, .T. ) ;
#4232 = EDGE_CURVE ( 'NONE', #3366, #550, #5578, .T. ) ;
#4233 = CIRCLE ( 'NONE', #3961, 0.02068627288067634643 ) ;
#4234 = PLANE ( 'NONE',  #3913 ) ;
#4235 = ORIENTED_EDGE ( 'NONE', *, *, #3454, .T. ) ;
#4236 = CARTESIAN_POINT ( 'NONE',  ( 0.5292245155654393685, -0.8841802896065015238, -0.2199355115371235680 ) ) ;
#4237 = DIRECTION ( 'NONE',  ( 0.000000000000000000, 0.000000000000000000, -1.000000000000000000 ) ) ;
#4238 = ORIENTED_EDGE ( 'NONE', *, *, #5311, .T. ) ;
#4239 = CIRCLE ( 'NONE', #260, 0.02873093455649494005 ) ;
#4240 = ADVANCED_FACE ( 'NONE', ( #3737 ), #1373, .F. ) ;
#4241 = DIRECTION ( 'NONE',  ( 0.000000000000000000, 1.000000000000000000, -2.200000000000000003E-16 ) ) ;
#4242 = FACE_OUTER_BOUND ( 'NONE', #530, .T. ) ;
#4243 = VERTEX_POINT ( 'NONE', #4186 ) ;
#4244 = DIRECTION ( 'NONE',  ( 0.000000000000000000, -1.000000000000000000, 0.000000000000000000 ) ) ;
#4245 = LINE ( 'NONE', #5671, #1138 ) ;
#4246 = VERTEX_POINT ( 'NONE', #1829 ) ;
#4247 = PRODUCT_DEFINITION_FORMATION_WITH_SPECIFIED_SOURCE ( '�', '', #1154, .NOT_KNOWN. ) ;
#4248 = LINE ( 'NONE', #5644, #4766 ) ;
#4249 = CARTESIAN_POINT ( 'NONE',  ( -0.6246105172581994935, -0.3262362868712024300, -0.03528843159870404672 ) ) ;
#4250 = CARTESIAN_POINT ( 'NONE',  ( -0.4405461663715010689, 0.4793791180929146689, -0.1092444177287665574 ) ) ;
#4251 = CARTESIAN_POINT ( 'NONE',  ( -0.6246105172581994935, 0.4793791180929146689, 0.1945919015500139904 ) ) ;
#4252 = VERTEX_POINT ( 'NONE', #3705 ) ;
#4253 = CARTESIAN_POINT ( 'NONE',  ( 0.3947630408062398066, -0.1917755131468061036, -0.2076411822409144625 ) ) ;
#4254 = ORIENTED_EDGE ( 'NONE', *, *, #889, .F. ) ;
#4255 = CYLINDRICAL_SURFACE ( 'NONE', #770, 0.05516339434847022244 ) ;
#4256 = CARTESIAN_POINT ( 'NONE',  ( 0.4910025119304370356, -0.8659205959304046019, -0.2096420527448931148 ) ) ;
#4257 = ORIENTED_EDGE ( 'NONE', *, *, #4680, .T. ) ;
#4258 = DIRECTION ( 'NONE',  ( 0.9999999999998496758, -4.791712858680278480E-07, -2.662046677689599388E-07 ) ) ;
#4259 = ORIENTED_EDGE ( 'NONE', *, *, #1788, .T. ) ;
#4260 = ADVANCED_FACE ( 'NONE', ( #1430 ), #5035, .F. ) ;
#4261 = AXIS2_PLACEMENT_3D ( 'NONE', #1003, #540, #634 ) ;
#4262 = FACE_BOUND ( 'NONE', #2007, .T. ) ;
#4263 = EDGE_CURVE ( 'NONE', #929, #1339, #4605, .T. ) ;
#4264 = CARTESIAN_POINT ( 'NONE',  ( -5.286491958395061017E-17, 0.8410888837184614664, -0.2248797429748115584 ) ) ;
#4265 = ORIENTED_EDGE ( 'NONE', *, *, #4670, .F. ) ;
#4266 = CARTESIAN_POINT ( 'NONE',  ( 0.4200462976930765535, -0.4285184138923239239, 0.1307747726978751024 ) ) ;
#4267 = CARTESIAN_POINT ( 'NONE',  ( -0.6246105172581994935, -0.3308332364002412596, -0.02264682039384628351 ) ) ;
#4268 = VERTEX_POINT ( 'NONE', #3199 ) ;
#4269 = ADVANCED_FACE ( 'NONE', ( #885, #451 ), #4158, .T. ) ;
#4270 = CARTESIAN_POINT ( 'NONE',  ( 0.4292401622740334433, -0.4446077372439614650, -0.1731640607731207704 ) ) ;
#4271 = CARTESIAN_POINT ( 'NONE',  ( -0.5096867790322197056, 0.8701457376180293801, -0.1961488084183167502 ) ) ;
#4272 = ORIENTED_EDGE ( 'NONE', *, *, #2722, .F. ) ;
#4273 = CARTESIAN_POINT ( 'NONE',  ( 0.5096867790322197056, 0.8247217346575649310, -0.2076411822409144625 ) ) ;
#4274 = DIRECTION ( 'NONE',  ( 0.000000000000000000, -1.000000000000000000, 0.000000000000000000 ) ) ;
#4275 = EDGE_CURVE ( 'NONE', #3397, #5073, #3376, .T. ) ;
#4276 = VERTEX_POINT ( 'NONE', #4664 ) ;
#4277 = DIRECTION ( 'NONE',  ( 1.000000000000000000, 0.000000000000000000, 0.000000000000000000 ) ) ;
#4278 = DIRECTION ( 'NONE',  ( 0.000000000000000000, -1.000000000000000000, 0.000000000000000000 ) ) ;
#4279 = LINE ( 'NONE', #2414, #4075 ) ;
#4280 = CARTESIAN_POINT ( 'NONE',  ( -0.3855691417481612593, 0.8885076261774010886, -0.2248797429748115584 ) ) ;
#4281 = ORIENTED_EDGE ( 'NONE', *, *, #904, .T. ) ;
#4282 = AXIS2_PLACEMENT_3D ( 'NONE', #5658, #1514, #3944 ) ;
#4283 = CARTESIAN_POINT ( 'NONE',  ( 0.5129622098001243025, -0.9000000000000000222, -0.2290690230178078768 ) ) ;
#4284 = ORIENTED_EDGE ( 'NONE', *, *, #3367, .T. ) ;
#4285 = CIRCLE ( 'NONE', #4102, 0.04367102052587229499 ) ;
#4286 = CARTESIAN_POINT ( 'NONE',  ( -0.4096695906344330340, -0.4313353546677914374, -0.1177229139595074026 ) ) ;
#4287 = CARTESIAN_POINT ( 'NONE',  ( -0.3959613923743331987, -0.4285184138923239239, -0.1108385730497116750 ) ) ;
#4288 = ORIENTED_EDGE ( 'NONE', *, *, #3527, .T. ) ;
#4289 = DIRECTION ( 'NONE',  ( 0.000000000000000000, -1.000000000000000000, 0.000000000000000000 ) ) ;
#4290 = ORIENTED_EDGE ( 'NONE', *, *, #4132, .F. ) ;
#4291 = VECTOR ( 'NONE', #3556, 1000.000000000000000 ) ;
#4292 = EDGE_CURVE ( 'NONE', #5822, #4187, #3679, .T. ) ;
#4293 = CARTESIAN_POINT ( 'NONE',  ( 0.6246105172581994935, -0.3940412924245302317, -0.03528843159870404672 ) ) ;
#4294 = PLANE ( 'NONE',  #315 ) ;
#4295 = EDGE_LOOP ( 'NONE', ( #915, #3866, #1839, #989 ) ) ;
#4296 = DIRECTION ( 'NONE',  ( 0.000000000000000000, 1.000000000000000000, -2.800000000000000139E-16 ) ) ;
#4297 = PLANE ( 'NONE',  #4828 ) ;
#4298 = ORIENTED_EDGE ( 'NONE', *, *, #5665, .T. ) ;
#4299 = EDGE_CURVE ( 'NONE', #3614, #5389, #745, .T. ) ;
#4300 = EDGE_CURVE ( 'NONE', #106, #4129, #2145, .T. ) ;
#4301 = LINE ( 'NONE', #4270, #807 ) ;
#4302 = FACE_OUTER_BOUND ( 'NONE', #1604, .T. ) ;
#4303 = ORIENTED_EDGE ( 'NONE', *, *, #5585, .F. ) ;
#4304 = DIRECTION ( 'NONE',  ( -1.000000000000000000, 0.000000000000000000, 0.000000000000000000 ) ) ;
#4305 = VECTOR ( 'NONE', #68, 999.9999999999998863 ) ;
#4306 = CARTESIAN_POINT ( 'NONE',  ( -0.4231774923423596291, 0.4563943704476837726, -0.09345793522390738461 ) ) ;
#4307 = DIRECTION ( 'NONE',  ( 0.000000000000000000, -1.000000000000000000, 0.000000000000000000 ) ) ;
#4308 = AXIS2_PLACEMENT_3D ( 'NONE', #5661, #4296, #3253 ) ;
#4309 = EDGE_CURVE ( 'NONE', #2095, #5889, #5572, .T. ) ;
#4310 = DIRECTION ( 'NONE',  ( 0.000000000000000000, 1.000000000000000000, -2.200000000000000003E-16 ) ) ;
#4311 = CARTESIAN_POINT ( 'NONE',  ( 0.6246105172581994935, 0.4334096228025230979, 0.08193378139179516295 ) ) ;
#4312 = DIRECTION ( 'NONE',  ( -1.000000000000000000, 0.000000000000000000, 0.000000000000000000 ) ) ;
#4313 = ORIENTED_EDGE ( 'NONE', *, *, #769, .F. ) ;
#4314 = CARTESIAN_POINT ( 'NONE',  ( -0.4476279603901904824, 0.9000000000000000222, -0.2105142756965640016 ) ) ;
#4315 = ORIENTED_EDGE ( 'NONE', *, *, #4232, .T. ) ;
#4316 = CARTESIAN_POINT ( 'NONE',  ( 0.4782887971585361719, 0.4563943704477188557, -0.08789668957863107368 ) ) ;
#4317 = CARTESIAN_POINT ( 'NONE',  ( 0.6246105172581994935, -0.3940412924245302317, 0.06584445804015801040 ) ) ;
#4318 = ORIENTED_EDGE ( 'NONE', *, *, #2497, .T. ) ;
#4319 = CARTESIAN_POINT ( 'NONE',  ( 0.4746543313010598841, -0.8788133262162426407, -0.2168368906601103319 ) ) ;
#4320 = ORIENTED_EDGE ( 'NONE', *, *, #471, .T. ) ;
#4321 = CARTESIAN_POINT ( 'NONE',  ( -0.4425190531887069345, -0.4285184138923239239, -0.1090193855032308562 ) ) ;
#4322 = CIRCLE ( 'NONE', #3182, 0.02068627288067634643 ) ;
#4323 = CARTESIAN_POINT ( 'NONE',  ( 0.6246105172581994935, 0.4334096228025230979, 0.1669773476790199773 ) ) ;
#4324 = FACE_OUTER_BOUND ( 'NONE', #1478, .T. ) ;
#4325 = ORIENTED_EDGE ( 'NONE', *, *, #4189, .F. ) ;
#4326 = DIRECTION ( 'NONE',  ( 0.000000000000000000, -1.000000000000000000, 0.000000000000000000 ) ) ;
#4327 = LINE ( 'NONE', #4812, #1744 ) ;
#4328 = VERTEX_POINT ( 'NONE', #3626 ) ;
#4329 = EDGE_CURVE ( 'NONE', #4960, #5654, #668, .T. ) ;
#4330 = CIRCLE ( 'NONE', #2794, 0.02068627288067634643 ) ;
#4331 = CARTESIAN_POINT ( 'NONE',  ( 0.5096867790322197056, 0.8247217346575649310, -0.2248797429748115584 ) ) ;
#4332 = DIRECTION ( 'NONE',  ( 0.000000000000000000, 0.000000000000000000, 1.000000000000000000 ) ) ;
#4333 = ORIENTED_EDGE ( 'NONE', *, *, #5302, .F. ) ;
#4334 = DIRECTION ( 'NONE',  ( 0.000000000000000000, -0.4856406976879716897, 0.8741585169459484828 ) ) ;
#4335 = CIRCLE ( 'NONE', #1737, 0.02068627288067634643 ) ;
#4336 = DIRECTION ( 'NONE',  ( 0.000000000000000000, 1.000000000000000000, 0.000000000000000000 ) ) ;
#4337 = EDGE_LOOP ( 'NONE', ( #2194, #5545 ) ) ;
#4338 = EDGE_CURVE ( 'NONE', #5977, #5137, #4070, .T. ) ;
#4339 = AXIS2_PLACEMENT_3D ( 'NONE', #2932, #4310, #5249 ) ;
#4340 = DIRECTION ( 'NONE',  ( -1.000000000000000000, 0.000000000000000000, 0.000000000000000000 ) ) ;
#4341 = DIRECTION ( 'NONE',  ( -1.000000000000000000, 0.000000000000000000, 0.000000000000000000 ) ) ;
#4342 = DIRECTION ( 'NONE',  ( -1.000000000000000000, 0.000000000000000000, 0.000000000000000000 ) ) ;
#4343 = CARTESIAN_POINT ( 'NONE',  ( -0.4165998267226706520, -0.4055336662471280551, -0.07321487414561253515 ) ) ;
#4344 = VERTEX_POINT ( 'NONE', #601 ) ;
#4345 = CIRCLE ( 'NONE', #3873, 0.03447712146779388642 ) ;
#4346 = ADVANCED_FACE ( 'NONE', ( #4242 ), #2470, .F. ) ;
#4347 = VECTOR ( 'NONE', #2109, 1000.000000000000000 ) ;
#4348 = CARTESIAN_POINT ( 'NONE',  ( -0.4026960721235123830, -0.4302997242119351307, -0.1159455959559635152 ) ) ;
#4349 = CARTESIAN_POINT ( 'NONE',  ( -0.4142283532677638602, -0.4285184138923239239, -0.1146288057561260787 ) ) ;
#4350 = ORIENTED_EDGE ( 'NONE', *, *, #3168, .F. ) ;
#4351 = DIRECTION ( 'NONE',  ( 0.000000000000000000, 1.000000000000000000, -2.200000000000000003E-16 ) ) ;
#4352 = VERTEX_POINT ( 'NONE', #81 ) ;
#4353 = ADVANCED_FACE ( 'NONE', ( #4302 ), #5700, .F. ) ;
#4354 = AXIS2_PLACEMENT_3D ( 'NONE', #4861, #3968, #1538 ) ;
#4355 = CARTESIAN_POINT ( 'NONE',  ( -0.4292401622740334433, -0.1572983916790124115, -0.2076411822409144625 ) ) ;
#4356 = CARTESIAN_POINT ( 'NONE',  ( -0.4165985165920551014, 0.4563943704477188557, 0.1307747726978751024 ) ) ;
#4357 = DIRECTION ( 'NONE',  ( 0.000000000000000000, 1.170000000000000079E-15, -1.000000000000000000 ) ) ;
#4358 = AXIS2_PLACEMENT_3D ( 'NONE', #2571, #3997, #5462 ) ;
#4359 = ORIENTED_EDGE ( 'NONE', *, *, #2804, .T. ) ;
#4360 = CARTESIAN_POINT ( 'NONE',  ( -0.3855691417481612593, 0.8885076261774010886, -0.2248797429748115584 ) ) ;
#4361 = CARTESIAN_POINT ( 'NONE',  ( 0.6246105172581994935, 0.4334096228025230979, 0.06584445804015801040 ) ) ;
#4362 = ORIENTED_EDGE ( 'NONE', *, *, #4035, .T. ) ;
#4363 = CIRCLE ( 'NONE', #1760, 0.04367102052587229499 ) ;
#4364 = CARTESIAN_POINT ( 'NONE',  ( 0.6131181434356016702, -0.7997279457992354512, -0.1386869393053268840 ) ) ;
#4365 = CARTESIAN_POINT ( 'NONE',  ( 0.3947630408062398066, -0.4446077372439614650, -0.1731640607731207704 ) ) ;
#4366 = EDGE_LOOP ( 'NONE', ( #486, #2799, #5649, #5166 ) ) ;
#4367 = CARTESIAN_POINT ( 'NONE',  ( 0.4397696684390430266, -0.4285184138923239239, -0.1092444177285595702 ) ) ;
#4368 = CARTESIAN_POINT ( 'NONE',  ( -0.4132536236098910964, 0.4563943704477881891, -0.09432545575151699002 ) ) ;
#4369 = CARTESIAN_POINT ( 'NONE',  ( 0.5096867790322197056, 0.8885076261774010886, -0.2248797429748115584 ) ) ;
#4370 = CARTESIAN_POINT ( 'NONE',  ( -0.4028077024820585494, 0.8402914752360569617, -0.1501793131279247906 ) ) ;
#4371 = DIRECTION ( 'NONE',  ( 0.000000000000000000, 1.000000000000000000, -2.200000000000000003E-16 ) ) ;
#4372 = EDGE_CURVE ( 'NONE', #2014, #5822, #4755, .T. ) ;
#4373 = DIRECTION ( 'NONE',  ( 0.000000000000000000, 1.000000000000000000, 0.000000000000000000 ) ) ;
#4374 = CARTESIAN_POINT ( 'NONE',  ( -0.3959135538419943368, -0.4055336662471280551, -0.07321487414561235474 ) ) ;
#4375 = EDGE_LOOP ( 'NONE', ( #5770, #1814, #4055, #1939 ) ) ;
#4376 = ADVANCED_FACE ( 'NONE', ( #2859 ), #2439, .T. ) ;
#4377 = AXIS2_PLACEMENT_3D ( 'NONE', #5864, #761, #3112 ) ;
#4378 = CC_DESIGN_PERSON_AND_ORGANIZATION_ASSIGNMENT ( #5474, #2792, ( #4247 ) ) ;
#4379 = FACE_OUTER_BOUND ( 'NONE', #3854, .T. ) ;
#4380 = CARTESIAN_POINT ( 'NONE',  ( 0.4418817734788919038, -0.8356320035742437202, -0.1921578190247667517 ) ) ;
#4381 = VERTEX_POINT ( 'NONE', #2927 ) ;
#4382 = DIRECTION ( 'NONE',  ( 1.000000000000000000, 0.000000000000000000, 0.000000000000000000 ) ) ;
#4383 = VERTEX_POINT ( 'NONE', #147 ) ;
#4384 = AXIS2_PLACEMENT_3D ( 'NONE', #3858, #1124, #3076 ) ;
#4385 = AXIS2_PLACEMENT_3D ( 'NONE', #3555, #5384, #3659 ) ;
#4386 = AXIS2_PLACEMENT_3D ( 'NONE', #3045, #4423, #3951 ) ;
#4387 = PLANE ( 'NONE',  #317 ) ;
#4389 = EDGE_CURVE ( 'NONE', #5680, #4863, #2499, .T. ) ;
#4388 = DIRECTION ( 'NONE',  ( 1.000000000000000000, 0.000000000000000000, 0.000000000000000000 ) ) ;
#4390 = DIRECTION ( 'NONE',  ( -1.000000000000000000, 0.000000000000000000, 0.000000000000000000 ) ) ;
#4391 = VERTEX_POINT ( 'NONE', #538 ) ;
#4392 = CARTESIAN_POINT ( 'NONE',  ( -0.4165985165920551014, -0.4055336662471280551, 0.02791801549324952544 ) ) ;
#4393 = ORIENTED_EDGE ( 'NONE', *, *, #2717, .F. ) ;
#4394 = AXIS2_PLACEMENT_3D ( 'NONE', #2492, #3883, #5758 ) ;
#4395 = VECTOR ( 'NONE', #3237, 1000.000000000000000 ) ;
#4396 = FACE_OUTER_BOUND ( 'NONE', #658, .T. ) ;
#4397 = DIRECTION ( 'NONE',  ( 0.000000000000000000, 0.000000000000000000, -1.000000000000000000 ) ) ;
#4398 = ORIENTED_EDGE ( 'NONE', *, *, #2660, .F. ) ;
#4399 = DIRECTION ( 'NONE',  ( 0.000000000000000000, 1.000000000000000000, -2.200000000000000003E-16 ) ) ;
#4400 = DIRECTION ( 'NONE',  ( 0.000000000000000000, 1.000000000000000000, -2.200000000000000003E-16 ) ) ;
#4401 = DIRECTION ( 'NONE',  ( 0.000000000000000000, 1.000000000000000000, 0.000000000000000000 ) ) ;
#4402 = PLANE ( 'NONE',  #4760 ) ;
#4403 = CARTESIAN_POINT ( 'NONE',  ( 0.6246105172581994935, -0.3940412924245302317, 0.1945919015500139904 ) ) ;
#4404 = FACE_OUTER_BOUND ( 'NONE', #366, .T. ) ;
#4405 = CARTESIAN_POINT ( 'NONE',  ( -0.3858350497966062109, 0.4793791180929146689, -0.1042098178375330253 ) ) ;
#4406 = ORIENTED_EDGE ( 'NONE', *, *, #937, .F. ) ;
#4407 = AXIS2_PLACEMENT_3D ( 'NONE', #988, #588, #3697 ) ;
#4408 = EDGE_CURVE ( 'NONE', #4639, #3828, #189, .T. ) ;
#4409 = CARTESIAN_POINT ( 'NONE',  ( -0.6246105172581994935, 0.8287991014134581391, -0.1501793131279247906 ) ) ;
#4410 = DIRECTION ( 'NONE',  ( 1.000000000000000000, 0.000000000000000000, 0.000000000000000000 ) ) ;
#4411 = VERTEX_POINT ( 'NONE', #2956 ) ;
#4412 = DIRECTION ( 'NONE',  ( 0.000000000000000000, -1.000000000000000000, 0.000000000000000000 ) ) ;
#4413 = ORIENTED_EDGE ( 'NONE', *, *, #2176, .F. ) ;
#4414 = ADVANCED_FACE ( 'NONE', ( #1984 ), #4212, .F. ) ;
#4415 = DIRECTION ( 'NONE',  ( -1.000000000000000000, 0.000000000000000000, 0.000000000000000000 ) ) ;
#4416 = DIRECTION ( 'NONE',  ( 0.000000000000000000, -2.800000000000000139E-16, -1.000000000000000000 ) ) ;
#4417 = ORIENTED_EDGE ( 'NONE', *, *, #4529, .F. ) ;
#4418 = CARTESIAN_POINT ( 'NONE',  ( -0.6246105172581994935, 0.2606750950021221591, -0.1386869393053268840 ) ) ;
#4419 = EDGE_LOOP ( 'NONE', ( #5254, #2522, #1141, #1282, #2380, #2419, #3493, #5971, #2273 ) ) ;
#4420 = EDGE_CURVE ( 'NONE', #5925, #3485, #3226, .T. ) ;
#4421 = ADVANCED_FACE ( 'NONE', ( #3318 ), #4725, .T. ) ;
#4422 = VECTOR ( 'NONE', #2413, 1000.000000000000000 ) ;
#4423 = DIRECTION ( 'NONE',  ( 0.000000000000000000, -0.4856406976879721338, 0.8741585169459482607 ) ) ;
#4424 = CARTESIAN_POINT ( 'NONE',  ( 0.4200462976930765535, -0.4055336662471280551, 0.02791801549324953238 ) ) ;
#4425 = VERTEX_POINT ( 'NONE', #1521 ) ;
#4426 = DIRECTION ( 'NONE',  ( -1.000000000000000000, 0.000000000000000000, 0.000000000000000000 ) ) ;
#4427 = CARTESIAN_POINT ( 'NONE',  ( 0.4637160080883331870, -0.4055336662471280551, -0.07321487414561253515 ) ) ;
#4428 = VERTEX_POINT ( 'NONE', #1554 ) ;
#4429 = FACE_OUTER_BOUND ( 'NONE', #5840, .T. ) ;
#4430 = CIRCLE ( 'NONE', #2403, 0.005746186911298984540 ) ;
#4431 = DIRECTION ( 'NONE',  ( 1.000000000000000000, 0.000000000000000000, 0.000000000000000000 ) ) ;
#4432 = EDGE_CURVE ( 'NONE', #5793, #3154, #5509, .T. ) ;
#4433 = AXIS2_PLACEMENT_3D ( 'NONE', #5498, #290, #1239 ) ;
#4434 = CARTESIAN_POINT ( 'NONE',  ( 0.4702936737080456453, 0.4563943704477764762, -0.09345793522384997221 ) ) ;
#4435 = CARTESIAN_POINT ( 'NONE',  ( 0.6246105172581994935, 0.4334096228025230979, -0.1203319978859289513 ) ) ;
#4436 = CARTESIAN_POINT ( 'NONE',  ( -0.3939819412494996453, 0.4793791180929146689, -0.1099421402317038027 ) ) ;
#4437 = LINE ( 'NONE', #4551, #2999 ) ;
#4438 = ORIENTED_EDGE ( 'NONE', *, *, #292, .F. ) ;
#4439 = CARTESIAN_POINT ( 'NONE',  ( 0.6131181434356016702, -0.7882355719766375168, -0.1386869393053268840 ) ) ;
#4440 = CARTESIAN_POINT ( 'NONE',  ( 0.02355896410324203813, 0.4563943704477188557, 0.02849263801516691702 ) ) ;
#4441 = AXIS2_PLACEMENT_3D ( 'NONE', #4011, #3040, #4965 ) ;
#4442 = ORIENTED_EDGE ( 'NONE', *, *, #4560, .T. ) ;
#4443 = CARTESIAN_POINT ( 'NONE',  ( 0.6246105172581994935, 0.4334096228025230979, -0.03528843159870404672 ) ) ;
#4444 = ORIENTED_EDGE ( 'NONE', *, *, #2717, .T. ) ;
#4445 = AXIS2_PLACEMENT_3D ( 'NONE', #5836, #2507, #4340 ) ;
#4446 = DIRECTION ( 'NONE',  ( 0.000000000000000000, 0.000000000000000000, -1.000000000000000000 ) ) ;
#4447 = CARTESIAN_POINT ( 'NONE',  ( 0.5370145324345170224, -0.8734515471377981566, -0.2137412709300689773 ) ) ;
#4448 = EDGE_CURVE ( 'NONE', #1757, #4252, #2986, .T. ) ;
#4449 = VERTEX_POINT ( 'NONE', #3892 ) ;
#4450 = CARTESIAN_POINT ( 'NONE',  ( -0.4372847894727314721, -0.4055336662471280551, 0.02791801549324973014 ) ) ;
#4451 = ORIENTED_EDGE ( 'NONE', *, *, #5476, .F. ) ;
#4452 = AXIS2_PLACEMENT_3D ( 'NONE', #4846, #3046, #333 ) ;
#4453 = CIRCLE ( 'NONE', #776, 0.01896241680728662921 ) ;
#4454 = DIRECTION ( 'NONE',  ( 0.000000000000000000, 1.000000000000000000, 0.000000000000000000 ) ) ;
#4455 = DIRECTION ( 'NONE',  ( 0.000000000000000000, 0.000000000000000000, 1.000000000000000000 ) ) ;
#4456 = ORIENTED_EDGE ( 'NONE', *, *, #715, .T. ) ;
#4457 = CARTESIAN_POINT ( 'NONE',  ( -0.6246105172581994935, 0.2376903473569263181, 0.1669773476790199773 ) ) ;
#4458 = FACE_OUTER_BOUND ( 'NONE', #275, .T. ) ;
#4459 = ORIENTED_EDGE ( 'NONE', *, *, #4420, .T. ) ;
#4460 = FACE_OUTER_BOUND ( 'NONE', #2783, .T. ) ;
#4461 = DIRECTION ( 'NONE',  ( -1.000000000000000000, 0.000000000000000000, 0.000000000000000000 ) ) ;
#4462 = AXIS2_PLACEMENT_3D ( 'NONE', #1556, #2929, #2958 ) ;
#4463 = DIRECTION ( 'NONE',  ( 1.000000000000000000, 0.000000000000000000, 0.000000000000000000 ) ) ;
#4464 = CYLINDRICAL_SURFACE ( 'NONE', #2503, 0.03447712146779387254 ) ;
#4465 = EDGE_CURVE ( 'NONE', #3135, #2841, #1659, .T. ) ;
#4466 = LINE ( 'NONE', #2118, #5821 ) ;
#4467 = CARTESIAN_POINT ( 'NONE',  ( 0.5108367174492824958, -0.8840911302390814797, -0.2197367332681147423 ) ) ;
#4468 = ORIENTED_EDGE ( 'NONE', *, *, #779, .F. ) ;
#4469 = DIRECTION ( 'NONE',  ( -1.000000000000000000, 0.000000000000000000, 0.000000000000000000 ) ) ;
#4470 = CARTESIAN_POINT ( 'NONE',  ( 0.5385081269428235728, -0.8773335005821920607, -0.2159825171646862774 ) ) ;
#4471 = ORIENTED_EDGE ( 'NONE', *, *, #4510, .T. ) ;
#4472 = CARTESIAN_POINT ( 'NONE',  ( -0.4372847894727314721, 0.4793791180929146689, 0.1307747726978751024 ) ) ;
#4473 = ORIENTED_EDGE ( 'NONE', *, *, #544, .T. ) ;
#4474 = VECTOR ( 'NONE', #2534, 1000.000000000000000 ) ;
#4475 = DIRECTION ( 'NONE',  ( 0.000000000000000000, 0.000000000000000000, -1.000000000000000000 ) ) ;
#4476 = CARTESIAN_POINT ( 'NONE',  ( 0.5306636350141649139, -0.8659854875298006460, -0.2094307406201749988 ) ) ;
#4477 = ORIENTED_EDGE ( 'NONE', *, *, #5406, .T. ) ;
#4478 = CARTESIAN_POINT ( 'NONE',  ( 0.4637160080890226355, -0.4055336662477032061, -0.09461899453384206571 ) ) ;
#4479 = CARTESIAN_POINT ( 'NONE',  ( -0.4165998267226706520, 0.4793791180929146689, -0.07321487414561253515 ) ) ;
#4480 = ORIENTED_EDGE ( 'NONE', *, *, #3958, .T. ) ;
#4481 = VECTOR ( 'NONE', #5866, 1000.000000000000000 ) ;
#4482 = ADVANCED_FACE ( 'NONE', ( #5423 ), #2529, .T. ) ;
#4483 = DIRECTION ( 'NONE',  ( 1.000000000000000000, 0.000000000000000000, 0.000000000000000000 ) ) ;
#4484 = CARTESIAN_POINT ( 'NONE',  ( 0.5901333957904049132, -0.7997279457992354512, -0.1791920809138582427 ) ) ;
#4485 = VECTOR ( 'NONE', #2977, 1000.000000000000000 ) ;
#4486 = ORIENTED_EDGE ( 'NONE', *, *, #2055, .F. ) ;
#4487 = FACE_OUTER_BOUND ( 'NONE', #1434, .T. ) ;
#4488 = DIRECTION ( 'NONE',  ( 0.000000000000000000, 0.000000000000000000, -1.000000000000000000 ) ) ;
#4489 = VERTEX_POINT ( 'NONE', #4424 ) ;
#4490 = VECTOR ( 'NONE', #91, 1000.000000000000000 ) ;
#4491 = CARTESIAN_POINT ( 'NONE',  ( 0.6246105172581994935, 0.4334096228025230979, 0.06584445804015801040 ) ) ;
#4492 = DIRECTION ( 'NONE',  ( 0.000000000000000000, 1.000000000000000000, -2.200000000000000003E-16 ) ) ;
#4493 = VERTEX_POINT ( 'NONE', #302 ) ;
#4494 = CARTESIAN_POINT ( 'NONE',  ( -0.4261863344028921086, -0.4055336662471280551, -0.09205445074295735830 ) ) ;
#4495 = CARTESIAN_POINT ( 'NONE',  ( 0.4491432190181312567, -0.4055336662471280551, -0.08789668957863107368 ) ) ;
#4496 = ORIENTED_EDGE ( 'NONE', *, *, #1242, .T. ) ;
#4497 = EDGE_CURVE ( 'NONE', #4493, #4003, #3501, .T. ) ;
#4498 = CARTESIAN_POINT ( 'NONE',  ( -0.5096867790322197056, 0.8407924067382336331, -0.1929331660867768528 ) ) ;
#4499 = FACE_BOUND ( 'NONE', #799, .T. ) ;
#4500 = ORIENTED_EDGE ( 'NONE', *, *, #978, .F. ) ;
#4501 = PLANE ( 'NONE',  #4716 ) ;
#4502 = VECTOR ( 'NONE', #1332, 1000.000000000000000 ) ;
#4503 =( BOUNDED_SURFACE ( )  B_SPLINE_SURFACE ( 3, 1, ( 
 ( #1846, #6 ),
 ( #1417, #3752 ),
 ( #3303, #1475 ),
 ( #4256, #465 ) ),
 .UNSPECIFIED., .F., .F., .T. ) 
 B_SPLINE_SURFACE_WITH_KNOTS ( ( 4, 4 ),
 ( 2, 2 ),
 ( 0.001203225618208613899, 0.9987967743836539958 ),
 ( 0.000000000000000000, 1.000000000000000000 ),
 .UNSPECIFIED. ) 
 GEOMETRIC_REPRESENTATION_ITEM ( )  RATIONAL_B_SPLINE_SURFACE ( (
 ( 0.9988186478019339676, 0.9988186478019339676),
 ( 0.6727258538615970007, 0.6727258538615970007),
 ( 0.6727258538622059580, 0.6727258538622059580),
 ( 0.9988186478037599514, 0.9988186478037599514) ) ) 
 REPRESENTATION_ITEM ( '' )  SURFACE ( )  );
#4504 = ORIENTED_EDGE ( 'NONE', *, *, #3644, .F. ) ;
#4505 = VECTOR ( 'NONE', #849, 1000.000000000000000 ) ;
#4506 = CARTESIAN_POINT ( 'NONE',  ( 0.5134341649918761075, -0.8591489316999684211, -0.2054836543836898455 ) ) ;
#4507 = VERTEX_POINT ( 'NONE', #722 ) ;
#4508 = FACE_OUTER_BOUND ( 'NONE', #1423, .T. ) ;
#4509 = PERSON_AND_ORGANIZATION ( #2066, #1157 ) ;
#4510 = EDGE_CURVE ( 'NONE', #2857, #4246, #3593, .T. ) ;
#4511 = ORIENTED_EDGE ( 'NONE', *, *, #1302, .T. ) ;
#4512 = CARTESIAN_POINT ( 'NONE',  ( 0.4354318714055372408, 0.4793791180929146689, -0.1064469993768649564 ) ) ;
#4513 = ORIENTED_EDGE ( 'NONE', *, *, #3878, .T. ) ;
#4514 = CARTESIAN_POINT ( 'NONE',  ( 0.6246105172581994935, -0.01899127454774190982, 0.007868237228410013273 ) ) ;
#4515 = FACE_OUTER_BOUND ( 'NONE', #3300, .T. ) ;
#4516 = VERTEX_POINT ( 'NONE', #1189 ) ;
#4517 = EDGE_CURVE ( 'NONE', #1505, #1074, #1165, .T. ) ;
#4518 = CIRCLE ( 'NONE', #5291, 0.04367102052587229499 ) ;
#4519 = CARTESIAN_POINT ( 'NONE',  ( 0.5096867790322197056, 0.9000000000000000222, -0.1961488084183167502 ) ) ;
#4520 = DIRECTION ( 'NONE',  ( -1.000000000000000000, 0.000000000000000000, 0.000000000000000000 ) ) ;
#4521 = CARTESIAN_POINT ( 'NONE',  ( 0.4637173182189488485, -0.4285184138923239239, 0.02791801549324952544 ) ) ;
#4522 = ADVANCED_FACE ( 'NONE', ( #3952 ), #5304, .F. ) ;
#4523 = DIRECTION ( 'NONE',  ( -1.000000000000000000, 0.000000000000000000, 9.172042797627437846E-15 ) ) ;
#4524 = ORIENTED_EDGE ( 'NONE', *, *, #659, .T. ) ;
#4525 = CARTESIAN_POINT ( 'NONE',  ( 0.5292245155654392574, -0.8842436483798834512, -0.2198214650586500507 ) ) ;
#4526 = CARTESIAN_POINT ( 'NONE',  ( 0.4200449875624608920, -0.4055336662471280551, -0.07321487414561253515 ) ) ;
#4527 = VERTEX_POINT ( 'NONE', #4881 ) ;
#4528 = CARTESIAN_POINT ( 'NONE',  ( -0.6246105172581994935, 0.4334096228025230979, 0.06584445804015801040 ) ) ;
#4529 = EDGE_CURVE ( 'NONE', #906, #4243, #5028, .T. ) ;
#4530 = VECTOR ( 'NONE', #1864, 1000.000000000000000 ) ;
#4531 = ORIENTED_EDGE ( 'NONE', *, *, #4432, .F. ) ;
#4532 = CARTESIAN_POINT ( 'NONE',  ( 0.5331939626719269798, -0.8682674932548484215, -0.2107482568686064595 ) ) ;
#4533 = ORIENTED_EDGE ( 'NONE', *, *, #1648, .F. ) ;
#4534 = CARTESIAN_POINT ( 'NONE',  ( 0.6246105172581994935, 0.8247217346575649310, -0.2076411822409144625 ) ) ;
#4535 = PERSON_AND_ORGANIZATION ( #2066, #1157 ) ;
#4536 = EDGE_CURVE ( 'NONE', #1144, #2987, #2913, .T. ) ;
#4537 = EDGE_LOOP ( 'NONE', ( #2319, #5609, #2749, #794, #1121, #5464, #705, #3330, #3047, #841, #5444, #3306, #511, #5336, #356, #4966, #2173, #5365, #2625, #4719, #1209, #2937, #1782, #4552, #5114, #4183, #256, #2063 ) ) ;
#4538 = AXIS2_PLACEMENT_3D ( 'NONE', #2164, #5854, #4905 ) ;
#4539 = B_SPLINE_SURFACE_WITH_KNOTS ( 'NONE', 1, 10, ( 
 ( #4750, #595, #73, #2008, #3855, #4657, #5629, #1946, #5696, #5087, #4629 ),
 ( #474, #5143, #3312, #2343, #4181, #4208, #2825, #1886, #5568, #3281, #965 ) ),
 .UNSPECIFIED., .F., .F., .F.,
 ( 2, 2 ),
 ( 11, 11 ),
 ( 0.000000000000000000, 2.814016933089000361 ),
 ( 7.075291698147999853, 9.889308631237000213 ),
 .UNSPECIFIED. ) ;
#4540 = CARTESIAN_POINT ( 'NONE',  ( 0.4468402088897022173, 0.4793791180929146689, -0.1122144435614424451 ) ) ;
#4541 = VECTOR ( 'NONE', #755, 1000.000000000000000 ) ;
#4542 = VERTEX_POINT ( 'NONE', #5392 ) ;
#4543 = CARTESIAN_POINT ( 'NONE',  ( 0.5096867790322197056, -0.4446077372439614650, -0.1731640607731207704 ) ) ;
#4544 = CARTESIAN_POINT ( 'NONE',  ( 0.3947630408062398066, -0.4101306157761677729, -0.2076411822409144625 ) ) ;
#4545 = ORIENTED_EDGE ( 'NONE', *, *, #4299, .T. ) ;
#4546 = AXIS2_PLACEMENT_3D ( 'NONE', #4439, #1266, #5465 ) ;
#4547 = FACE_OUTER_BOUND ( 'NONE', #4094, .T. ) ;
#4548 = CARTESIAN_POINT ( 'NONE',  ( 0.3855691417481612593, 0.8247217346575649310, -0.2248797429748115584 ) ) ;
#4549 = CARTESIAN_POINT ( 'NONE',  ( 0.4944807850143176919, -0.4285184138923239239, -0.1042098178375330253 ) ) ;
#4550 = AXIS2_PLACEMENT_3D ( 'NONE', #2624, #3565, #2656 ) ;
#4551 = CARTESIAN_POINT ( 'NONE',  ( -0.6246105172581994935, -0.3940412924245302317, 0.04367645566417008296 ) ) ;
#4552 = ORIENTED_EDGE ( 'NONE', *, *, #5754, .T. ) ;
#4553 = EDGE_CURVE ( 'NONE', #3528, #4963, #3398, .T. ) ;
#4554 = EDGE_CURVE ( 'NONE', #1551, #5491, #1651, .T. ) ;
#4555 = LINE ( 'NONE', #3547, #390 ) ;
#4556 = CARTESIAN_POINT ( 'NONE',  ( -0.4439925565351199865, -0.4285184138923239239, -0.1071139702176431979 ) ) ;
#4557 = ORIENTED_EDGE ( 'NONE', *, *, #5233, .T. ) ;
#4558 = DIRECTION ( 'NONE',  ( 1.000000000000000000, 0.000000000000000000, 0.000000000000000000 ) ) ;
#4559 = ORIENTED_EDGE ( 'NONE', *, *, #3758, .F. ) ;
#4560 = EDGE_CURVE ( 'NONE', #2556, #445, #4015, .T. ) ;
#4561 = PRODUCT_DEFINITION ( '�', '', #4247, #1557 ) ;
#4562 = DIRECTION ( 'NONE',  ( 0.000000000000000000, 1.000000000000000000, -2.200000000000000003E-16 ) ) ;
#4563 = EDGE_LOOP ( 'NONE', ( #1805, #5285, #1421, #3825 ) ) ;
#4564 = CARTESIAN_POINT ( 'NONE',  ( 0.4131700708029965030, -0.8471779373170438276, -0.1985721880546457707 ) ) ;
#4565 = VERTEX_POINT ( 'NONE', #2168 ) ;
#4566 = EDGE_CURVE ( 'NONE', #1700, #865, #961, .T. ) ;
#4567 = DIRECTION ( 'NONE',  ( 0.000000000000000000, 0.000000000000000000, -1.000000000000000000 ) ) ;
#4568 = ORIENTED_EDGE ( 'NONE', *, *, #3057, .T. ) ;
#4569 = VECTOR ( 'NONE', #1640, 1000.000000000000000 ) ;
#4570 = DIRECTION ( 'NONE',  ( -0.000000000000000000, 1.000000000000000000, 0.000000000000000000 ) ) ;
#4571 = DIRECTION ( 'NONE',  ( 1.000000000000000000, -4.822999999999999997E-14, -2.784999999999999934E-14 ) ) ;
#4572 = ORIENTED_EDGE ( 'NONE', *, *, #440, .F. ) ;
#4573 = AXIS2_PLACEMENT_3D ( 'NONE', #792, #2744, #2236 ) ;
#4574 = DIRECTION ( 'NONE',  ( 0.000000000000000000, 1.000000000000000000, 0.000000000000000000 ) ) ;
#4575 = CARTESIAN_POINT ( 'NONE',  ( 0.4418817734788919038, -0.8356320035742437202, -0.1921578190247667517 ) ) ;
#4576 = AXIS2_PLACEMENT_3D ( 'NONE', #4069, #5450, #4483 ) ;
#4577 = CARTESIAN_POINT ( 'NONE',  ( 0.4863338935614701652, -0.4285184138923239239, -0.1099421402316807517 ) ) ;
#4578 = DIRECTION ( 'NONE',  ( -1.000000000000000000, 0.000000000000000000, 0.000000000000000000 ) ) ;
#4579 = ORIENTED_EDGE ( 'NONE', *, *, #4536, .T. ) ;
#4580 = AXIS2_PLACEMENT_3D ( 'NONE', #5899, #5927, #319 ) ;
#4581 = CARTESIAN_POINT ( 'NONE',  ( 0.5073883387448211435, 0.4793791180929146689, 0.02791801549324953238 ) ) ;
#4582 = CARTESIAN_POINT ( 'NONE',  ( 0.4200462976930765535, 0.4563943704477188557, 0.1307747726978751024 ) ) ;
#4583 = CARTESIAN_POINT ( 'NONE',  ( -0.4020270376523993883, 0.4563943704477188557, -0.08789668957863107368 ) ) ;
#4584 = ORIENTED_EDGE ( 'NONE', *, *, #4292, .F. ) ;
#4585 = DIRECTION ( 'NONE',  ( 1.000000000000000000, 0.000000000000000000, 0.000000000000000000 ) ) ;
#4586 = ORIENTED_EDGE ( 'NONE', *, *, #4263, .F. ) ;
#4587 = EDGE_CURVE ( 'NONE', #1736, #3311, #5828, .T. ) ;
#4588 = FACE_OUTER_BOUND ( 'NONE', #1684, .T. ) ;
#4589 = AXIS2_PLACEMENT_3D ( 'NONE', #5531, #498, #2338 ) ;
#4590 = DIRECTION ( 'NONE',  ( -1.000000000000000000, 0.000000000000000000, 0.000000000000000000 ) ) ;
#4591 = VERTEX_POINT ( 'NONE', #1683 ) ;
#4592 = CARTESIAN_POINT ( 'NONE',  ( 0.4637173182189488485, 0.4563943704477188557, 0.1307747726978751024 ) ) ;
#4593 = SHAPE_DEFINITION_REPRESENTATION ( #869, #3518 ) ;
#4594 = ORIENTED_EDGE ( 'NONE', *, *, #889, .T. ) ;
#4595 = EDGE_CURVE ( 'NONE', #4677, #2065, #5319, .T. ) ;
#4596 = CIRCLE ( 'NONE', #5960, 0.04367102052587229499 ) ;
#4597 = ADVANCED_FACE ( 'NONE', ( #5765 ), #3467, .F. ) ;
#4598 = CARTESIAN_POINT ( 'NONE',  ( 0.4613584102772525508, 0.4793791180929146689, -0.1146296875948727284 ) ) ;
#4599 = ORIENTED_EDGE ( 'NONE', *, *, #2888, .F. ) ;
#4600 = FACE_OUTER_BOUND ( 'NONE', #3689, .T. ) ;
#4601 = DIRECTION ( 'NONE',  ( 0.000000000000000000, 0.000000000000000000, -1.000000000000000000 ) ) ;
#4602 = VERTEX_POINT ( 'NONE', #3562 ) ;
#4603 = EDGE_CURVE ( 'NONE', #3359, #2850, #242, .T. ) ;
#4604 = DIRECTION ( 'NONE',  ( -1.000000000000000000, 0.000000000000000000, 9.172042797627437846E-15 ) ) ;
#4605 = LINE ( 'NONE', #1344, #5686 ) ;
#4606 = CARTESIAN_POINT ( 'NONE',  ( -0.4165985165920551014, 0.4793791180929146689, 0.02791801549324952544 ) ) ;
#4607 = CARTESIAN_POINT ( 'NONE',  ( 0.4763588949466857625, -0.8699562858134970433, -0.1777024489421400733 ) ) ;
#4608 = ADVANCED_FACE ( 'NONE', ( #4941 ), #2652, .F. ) ;
#4609 = EDGE_CURVE ( 'NONE', #2095, #872, #1474, .T. ) ;
#4610 = ORIENTED_EDGE ( 'NONE', *, *, #2277, .F. ) ;
#4611 = AXIS2_PLACEMENT_3D ( 'NONE', #1663, #5344, #827 ) ;
#4612 = PLANE ( 'NONE',  #5156 ) ;
#4613 = DIRECTION ( 'NONE',  ( -1.000000000000000000, 0.000000000000000000, 0.000000000000000000 ) ) ;
#4614 = DIRECTION ( 'NONE',  ( 0.000000000000000000, 1.000000000000000000, -2.200000000000000003E-16 ) ) ;
#4615 = ORIENTED_EDGE ( 'NONE', *, *, #1532, .F. ) ;
#4616 = CARTESIAN_POINT ( 'NONE',  ( 0.6246105172581994935, 0.4793791180929146689, -0.1042098178375330253 ) ) ;
#4617 = ORIENTED_EDGE ( 'NONE', *, *, #1971, .F. ) ;
#4618 = VECTOR ( 'NONE', #408, 1000.000000000000000 ) ;
#4619 = CARTESIAN_POINT ( 'NONE',  ( -0.6246105172581994935, -0.4285184138923239239, -0.1042098178375330253 ) ) ;
#4620 = DIRECTION ( 'NONE',  ( 0.000000000000000000, 0.000000000000000000, 1.000000000000000000 ) ) ;
#4621 = VERTEX_POINT ( 'NONE', #2422 ) ;
#4622 = DIRECTION ( 'NONE',  ( -1.000000000000000000, 0.000000000000000000, 0.000000000000000000 ) ) ;
#4623 = ORIENTED_EDGE ( 'NONE', *, *, #2383, .T. ) ;
#4624 = VECTOR ( 'NONE', #1957, 1000.000000000000000 ) ;
#4625 = EDGE_CURVE ( 'NONE', #5351, #3135, #3723, .T. ) ;
#4626 = EDGE_CURVE ( 'NONE', #4782, #5672, #569, .T. ) ;
#4627 = LINE ( 'NONE', #4688, #2565 ) ;
#4628 = VERTEX_POINT ( 'NONE', #5558 ) ;
#4629 = CARTESIAN_POINT ( 'NONE',  ( 0.4329512311623497922, 0.4793791180929146689, -0.1042098178375330253 ) ) ;
#4630 = CARTESIAN_POINT ( 'NONE',  ( -0.6246105172581994935, -0.7434094566315085917, -0.1731640607731207704 ) ) ;
#4631 = AXIS2_PLACEMENT_3D ( 'NONE', #1915, #3434, #2465 ) ;
#4632 = VERTEX_POINT ( 'NONE', #4619 ) ;
#4633 = ADVANCED_FACE ( 'NONE', ( #3302 ), #495, .F. ) ;
#4634 = DIRECTION ( 'NONE',  ( 0.000000000000000000, -0.4856406976879716897, 0.8741585169459484828 ) ) ;
#4635 = DIRECTION ( 'NONE',  ( 0.000000000000000000, 1.000000000000000000, -2.800000000000000139E-16 ) ) ;
#4636 = VERTEX_POINT ( 'NONE', #925 ) ;
#4637 = DIRECTION ( 'NONE',  ( 0.000000000000000000, 0.000000000000000000, -1.000000000000000000 ) ) ;
#4638 = CARTESIAN_POINT ( 'NONE',  ( 0.6246105172581994935, 0.4793791180929146689, 0.2290690230178078768 ) ) ;
#4639 = VERTEX_POINT ( 'NONE', #1416 ) ;
#4640 = AXIS2_PLACEMENT_3D ( 'NONE', #2376, #176, #1951 ) ;
#4641 = EDGE_CURVE ( 'NONE', #253, #3103, #3783, .T. ) ;
#4642 = DIRECTION ( 'NONE',  ( 0.000000000000000000, 1.000000000000000000, -2.200000000000000003E-16 ) ) ;
#4643 = AXIS2_PLACEMENT_3D ( 'NONE', #1898, #1437, #3295 ) ;
#4644 = DIRECTION ( 'NONE',  ( -1.000000000000000000, 0.000000000000000000, 0.000000000000000000 ) ) ;
#4645 = FACE_OUTER_BOUND ( 'NONE', #4877, .T. ) ;
#4646 = ORIENTED_EDGE ( 'NONE', *, *, #2285, .T. ) ;
#4647 = DIRECTION ( 'NONE',  ( -0.9999999999999998890, 0.000000000000000000, -1.044504780964831961E-08 ) ) ;
#4648 = ORIENTED_EDGE ( 'NONE', *, *, #2555, .T. ) ;
#4649 = CIRCLE ( 'NONE', #1564, 0.03447712146779388642 ) ;
#4650 = DIRECTION ( 'NONE',  ( 0.000000000000000000, 0.000000000000000000, 1.000000000000000000 ) ) ;
#4651 = CARTESIAN_POINT ( 'NONE',  ( 0.4573964781393992651, -0.8556459544799729366, -0.2034612003710739303 ) ) ;
#4652 = ORIENTED_EDGE ( 'NONE', *, *, #3537, .F. ) ;
#4653 = CARTESIAN_POINT ( 'NONE',  ( 0.4514384797622945644, -0.4055336662471280551, -0.09017490584131614140 ) ) ;
#4654 = ORIENTED_EDGE ( 'NONE', *, *, #1690, .T. ) ;
#4655 = DIRECTION ( 'NONE',  ( -1.000000000000000000, 0.000000000000000000, 0.000000000000000000 ) ) ;
#4656 = ORIENTED_EDGE ( 'NONE', *, *, #5342, .T. ) ;
#4657 = CARTESIAN_POINT ( 'NONE',  ( 0.4637160080884025204, 0.4823384189449967385, -0.1180069949233515519 ) ) ;
#4658 = CYLINDRICAL_SURFACE ( 'NONE', #5502, 0.03447712146779392806 ) ;
#4659 = ORIENTED_EDGE ( 'NONE', *, *, #4082, .T. ) ;
#4660 = B_SPLINE_CURVE_WITH_KNOTS ( 'NONE', 10,
 ( #2930, #5309, #3443, #118, #4368, #665, #1987, #4306, #1590, #5184, #1129 ),
 .UNSPECIFIED., .F., .F.,
 ( 11, 11 ),
 ( 7.075291698147999853, 9.889308631237000213 ),
 .UNSPECIFIED. ) ;
#4661 = EDGE_CURVE ( 'NONE', #3528, #3397, #464, .T. ) ;
#4662 = VECTOR ( 'NONE', #5204, 1000.000000000000000 ) ;
#4663 = DIRECTION ( 'NONE',  ( 0.000000000000000000, 0.000000000000000000, -1.000000000000000000 ) ) ;
#4664 = CARTESIAN_POINT ( 'NONE',  ( -0.4602708472485429470, 0.4563943704477188557, -0.07321487414561253515 ) ) ;
#4665 = VERTEX_POINT ( 'NONE', #818 ) ;
#4666 = DIRECTION ( 'NONE',  ( 1.000000000000000000, 0.000000000000000000, 0.000000000000000000 ) ) ;
#4667 = VECTOR ( 'NONE', #2715, 1000.000000000000000 ) ;
#4668 = CARTESIAN_POINT ( 'NONE',  ( 0.4637173182189488485, 0.4563943704477188557, 0.02791801549324952544 ) ) ;
#4669 = ORIENTED_EDGE ( 'NONE', *, *, #3360, .T. ) ;
#4670 = EDGE_CURVE ( 'NONE', #2316, #1536, #2786, .T. ) ;
#4671 = VECTOR ( 'NONE', #3384, 999.9999999999998863 ) ;
#4672 = CIRCLE ( 'NONE', #2758, 0.03447712146779387254 ) ;
#4673 = DIRECTION ( 'NONE',  ( 0.000000000000000000, -1.000000000000000000, 0.000000000000000000 ) ) ;
#4674 = CARTESIAN_POINT ( 'NONE',  ( -0.4372847894727314721, 0.4334096228025230979, 0.02791801549324952544 ) ) ;
#4675 = CARTESIAN_POINT ( 'NONE',  ( -0.4165998267224402807, 0.4823384189448590709, -0.1180069949234320154 ) ) ;
#4676 = AXIS2_PLACEMENT_3D ( 'NONE', #5684, #2909, #2030 ) ;
#4677 = VERTEX_POINT ( 'NONE', #956 ) ;
#4678 = DIRECTION ( 'NONE',  ( -1.000000000000000000, 0.000000000000000000, 0.000000000000000000 ) ) ;
#4679 = ORIENTED_EDGE ( 'NONE', *, *, #2984, .T. ) ;
#4680 = EDGE_CURVE ( 'NONE', #3027, #5989, #2816, .T. ) ;
#4681 = VECTOR ( 'NONE', #5982, 1000.000000000000000 ) ;
#4682 = FACE_OUTER_BOUND ( 'NONE', #587, .T. ) ;
#4683 = CARTESIAN_POINT ( 'NONE',  ( -0.3959122437113787862, 0.4563943704477188557, 0.1307747726978751024 ) ) ;
#4684 = ORIENTED_EDGE ( 'NONE', *, *, #5493, .T. ) ;
#4685 = DIRECTION ( 'NONE',  ( -1.000000000000000000, 0.000000000000000000, 0.000000000000000000 ) ) ;
#4686 = ORIENTED_EDGE ( 'NONE', *, *, #2023, .F. ) ;
#4687 = ADVANCED_FACE ( 'NONE', ( #4682 ), #4255, .F. ) ;
#4688 = CARTESIAN_POINT ( 'NONE',  ( 0.6246105172581994935, -0.3940412924245302317, -0.01919910824706693234 ) ) ;
#4689 = VERTEX_POINT ( 'NONE', #2875 ) ;
#4690 = CARTESIAN_POINT ( 'NONE',  ( -0.6246105172581994935, 0.04197107191132971177, 0.02150845328818209654 ) ) ;
#4691 = DIRECTION ( 'NONE',  ( 0.000000000000000000, 0.000000000000000000, -1.000000000000000000 ) ) ;
#4692 = ORIENTED_EDGE ( 'NONE', *, *, #5042, .T. ) ;
#4693 = AXIS2_PLACEMENT_3D ( 'NONE', #2133, #265, #5760 ) ;
#4694 = DIRECTION ( 'NONE',  ( 0.000000000000000000, 1.000000000000000000, -2.200000000000000003E-16 ) ) ;
#4695 = DIRECTION ( 'NONE',  ( 0.000000000000000000, 1.000000000000000000, -2.200000000000000003E-16 ) ) ;
#4696 = ORIENTED_EDGE ( 'NONE', *, *, #2258, .F. ) ;
#4697 = CARTESIAN_POINT ( 'NONE',  ( 0.4452599016455390246, -0.4285184138923239239, -0.1116887810329943859 ) ) ;
#4698 = DIRECTION ( 'NONE',  ( 0.000000000000000000, 1.000000000000000000, 0.000000000000000000 ) ) ;
#4699 = VERTEX_POINT ( 'NONE', #4711 ) ;
#4700 = DIRECTION ( 'NONE',  ( 0.000000000000000000, -1.000000000000000000, 0.000000000000000000 ) ) ;
#4701 = CARTESIAN_POINT ( 'NONE',  ( 0.4953213117539720933, -0.8556459546465972066, -0.2034612000711482349 ) ) ;
#4702 = EDGE_CURVE ( 'NONE', #1668, #2603, #2629, .T. ) ;
#4703 = CARTESIAN_POINT ( 'NONE',  ( 0.4637173182189488485, 0.4563943704477188557, 0.02791801549324952544 ) ) ;
#4704 = DIRECTION ( 'NONE',  ( 0.000000000000000000, 1.000000000000000000, -2.200000000000000003E-16 ) ) ;
#4705 = ORIENTED_EDGE ( 'NONE', *, *, #998, .F. ) ;
#4706 = DIRECTION ( 'NONE',  ( 0.000000000000000000, 0.000000000000000000, -1.000000000000000000 ) ) ;
#4707 = EDGE_LOOP ( 'NONE', ( #4572, #954, #3621, #3718, #198, #2831 ) ) ;
#4708 = AXIS2_PLACEMENT_3D ( 'NONE', #5011, #5433, #4523 ) ;
#4709 = EDGE_CURVE ( 'NONE', #747, #3027, #524, .T. ) ;
#4710 = EDGE_CURVE ( 'NONE', #4381, #1743, #65, .T. ) ;
#4711 = CARTESIAN_POINT ( 'NONE',  ( 0.3855691417481612593, 0.8402396561224900751, -0.1731640607731207704 ) ) ;
#4712 = CARTESIAN_POINT ( 'NONE',  ( 0.5096867790322197056, -0.4101306157761677729, -0.1731640607731207704 ) ) ;
#4713 = ORIENTED_EDGE ( 'NONE', *, *, #3722, .T. ) ;
#4714 = LINE ( 'NONE', #1968, #4990 ) ;
#4715 = VERTEX_POINT ( 'NONE', #1965 ) ;
#4716 = AXIS2_PLACEMENT_3D ( 'NONE', #4443, #4004, #3125 ) ;
#4717 = EDGE_CURVE ( 'NONE', #3215, #289, #3815, .T. ) ;
#4718 = DIRECTION ( 'NONE',  ( -1.000000000000000000, 0.000000000000000000, 9.930632803446247427E-15 ) ) ;
#4719 = ORIENTED_EDGE ( 'NONE', *, *, #2843, .F. ) ;
#4720 = CARTESIAN_POINT ( 'NONE',  ( 0.4028077024820585494, 0.9000000000000000222, -0.1961488084183167502 ) ) ;
#4721 = CARTESIAN_POINT ( 'NONE',  ( 0.4200462976930765535, -0.4285184138923239239, 0.02791801549324953238 ) ) ;
#4722 = EDGE_LOOP ( 'NONE', ( #2688, #2234, #3081, #4210 ) ) ;
#4723 = VECTOR ( 'NONE', #4190, 1000.000000000000000 ) ;
#4724 = DIRECTION ( 'NONE',  ( 1.000000000000000000, 0.000000000000000000, 0.000000000000000000 ) ) ;
#4725 = PLANE ( 'NONE',  #2044 ) ;
#4726 = ORIENTED_EDGE ( 'NONE', *, *, #5192, .F. ) ;
#4727 = CARTESIAN_POINT ( 'NONE',  ( 0.4372404512378147978, -0.4285184138923239239, -0.1077415781312973525 ) ) ;
#4728 = CYLINDRICAL_SURFACE ( 'NONE', #1427, 0.04367102052587229499 ) ;
#4729 = ORIENTED_EDGE ( 'NONE', *, *, #769, .T. ) ;
#4730 = CARTESIAN_POINT ( 'NONE',  ( 0.5096867790322197056, 0.8885076261774010886, -0.2248797429748115584 ) ) ;
#4731 = CARTESIAN_POINT ( 'NONE',  ( -0.3959122437113787862, 0.4563943704477188557, 0.02791801549324953585 ) ) ;
#4732 = CARTESIAN_POINT ( 'NONE',  ( 0.6246105172581994935, -0.4629955353601184487, -0.1386869393053268840 ) ) ;
#4733 = CARTESIAN_POINT ( 'NONE',  ( -0.4132536236098910964, 0.4563943704477881891, -0.09432545575151699002 ) ) ;
#4734 = VERTEX_POINT ( 'NONE', #2683 ) ;
#4735 = DIRECTION ( 'NONE',  ( 1.000000000000000000, 0.000000000000000000, 0.000000000000000000 ) ) ;
#4736 = ORIENTED_EDGE ( 'NONE', *, *, #4985, .F. ) ;
#4737 = ADVANCED_FACE ( 'NONE', ( #4588 ), #438, .T. ) ;
#4738 = AXIS2_PLACEMENT_3D ( 'NONE', #2695, #349, #3633 ) ;
#4739 = CARTESIAN_POINT ( 'NONE',  ( -0.4311726157928267855, -0.4055336662471280551, -0.08789668957863107368 ) ) ;
#4740 = CARTESIAN_POINT ( 'NONE',  ( -0.4165985165920551014, -0.4055336662471280551, 0.1307747726978751024 ) ) ;
#4741 = ORIENTED_EDGE ( 'NONE', *, *, #1609, .F. ) ;
#4742 = PLANE ( 'NONE',  #4407 ) ;
#4743 = ORIENTED_EDGE ( 'NONE', *, *, #1703, .T. ) ;
#4744 = AXIS2_PLACEMENT_3D ( 'NONE', #3771, #1345, #5009 ) ;
#4745 = PRODUCT_RELATED_PRODUCT_CATEGORY ( 'detail', '', ( #1154 ) ) ;
#4746 = CARTESIAN_POINT ( 'NONE',  ( -0.4165998267223259277, -0.4314777147443150662, -0.1180069949234433674 ) ) ;
#4747 = DIRECTION ( 'NONE',  ( -4.402226040911000110E-16, -1.000000000000000000, 0.000000000000000000 ) ) ;
#4748 = PLANE ( 'NONE',  #5063 ) ;
#4749 = ORIENTED_EDGE ( 'NONE', *, *, #3728, .F. ) ;
#4750 = CARTESIAN_POINT ( 'NONE',  ( 0.4944807850143176919, 0.4793791180929146689, -0.1042098178375330253 ) ) ;
#4751 = PLANE ( 'NONE',  #463 ) ;
#4752 = ORIENTED_EDGE ( 'NONE', *, *, #3610, .F. ) ;
#4753 = EDGE_CURVE ( 'NONE', #2416, #1792, #1451, .T. ) ;
#4754 = CARTESIAN_POINT ( 'NONE',  ( 0.4637160080883331870, -0.3940412924245302317, -0.07321487414561253515 ) ) ;
#4755 = LINE ( 'NONE', #4271, #870 ) ;
#4756 = VERTEX_POINT ( 'NONE', #5257 ) ;
#4757 = DIRECTION ( 'NONE',  ( 0.000000000000000000, 1.000000000000000000, 0.000000000000000000 ) ) ;
#4758 = CYLINDRICAL_SURFACE ( 'NONE', #2017, 0.02068627288067634643 ) ;
#4759 = LINE ( 'NONE', #607, #990 ) ;
#4760 = AXIS2_PLACEMENT_3D ( 'NONE', #3959, #2597, #1717 ) ;
#4761 = CARTESIAN_POINT ( 'NONE',  ( 0.02355896410324203813, -0.4055336662471280551, 0.02849263801516691702 ) ) ;
#4762 = LINE ( 'NONE', #547, #4422 ) ;
#4763 = CARTESIAN_POINT ( 'NONE',  ( 0.4875560736646625259, -0.8693389334324537199, -0.2113668529692512010 ) ) ;
#4764 = ADVANCED_FACE ( 'NONE', ( #5717 ), #161, .F. ) ;
#4765 = ORIENTED_EDGE ( 'NONE', *, *, #3510, .T. ) ;
#4766 = VECTOR ( 'NONE', #3837, 1000.000000000000000 ) ;
#4767 = DIRECTION ( 'NONE',  ( -0.000000000000000000, 1.000000000000000000, 0.000000000000000000 ) ) ;
#4768 = VERTEX_POINT ( 'NONE', #3936 ) ;
#4769 = VECTOR ( 'NONE', #5343, 1000.000000000000000 ) ;
#4770 = AXIS2_PLACEMENT_3D ( 'NONE', #3548, #5436, #1725 ) ;
#4771 = CARTESIAN_POINT ( 'NONE',  ( -0.3959122437113787862, 0.4334096228025230979, 0.1307747726978751024 ) ) ;
#4772 = DIRECTION ( 'NONE',  ( 0.000000000000000000, 0.000000000000000000, 1.000000000000000000 ) ) ;
#4773 = EDGE_CURVE ( 'NONE', #899, #2496, #1171, .T. ) ;
#4774 = ORIENTED_EDGE ( 'NONE', *, *, #752, .T. ) ;
#4775 = FACE_OUTER_BOUND ( 'NONE', #3288, .T. ) ;
#4776 = ORIENTED_EDGE ( 'NONE', *, *, #622, .F. ) ;
#4777 = CIRCLE ( 'NONE', #2954, 0.01896241680728657369 ) ;
#4778 = FACE_BOUND ( 'NONE', #1952, .T. ) ;
#4779 = CYLINDRICAL_SURFACE ( 'NONE', #4282, 0.04367102052587229499 ) ;
#4780 = FACE_BOUND ( 'NONE', #1678, .T. ) ;
#4781 = ADVANCED_FACE ( 'NONE', ( #2093 ), #1569, .F. ) ;
#4782 = VERTEX_POINT ( 'NONE', #2908 ) ;
#4783 = CARTESIAN_POINT ( 'NONE',  ( -0.4165985165920551014, 0.4793791180929146689, 0.1307747726978751024 ) ) ;
#4784 = FACE_OUTER_BOUND ( 'NONE', #3879, .T. ) ;
#4785 = VERTEX_POINT ( 'NONE', #1107 ) ;
#4786 = ADVANCED_FACE ( 'NONE', ( #3422 ), #4117, .T. ) ;
#4787 = CARTESIAN_POINT ( 'NONE',  ( 0.4844022809690095577, -0.3940412924245302317, -0.07321487414561235474 ) ) ;
#4788 = DIRECTION ( 'NONE',  ( -1.000000000000000000, 0.000000000000000000, 9.853049734669323200E-15 ) ) ;
#4789 = ORIENTED_EDGE ( 'NONE', *, *, #2618, .F. ) ;
#4790 = EDGE_CURVE ( 'NONE', #1505, #633, #968, .T. ) ;
#4791 = EDGE_CURVE ( 'NONE', #4381, #4213, #5998, .T. ) ;
#4792 = DIRECTION ( 'NONE',  ( -1.000000000000000000, 0.000000000000000000, 0.000000000000000000 ) ) ;
#4793 = DIRECTION ( 'NONE',  ( 0.000000000000000000, 1.000000000000000000, -2.200000000000000003E-16 ) ) ;
#4794 = DIRECTION ( 'NONE',  ( 1.000000000000000000, 0.000000000000000000, 0.000000000000000000 ) ) ;
#4795 = CIRCLE ( 'NONE', #5772, 0.04367102052587229499 ) ;
#4796 = DIRECTION ( 'NONE',  ( 0.000000000000000000, 1.000000000000000000, 0.000000000000000000 ) ) ;
#4797 = PLANE ( 'NONE',  #5786 ) ;
#4798 = EDGE_CURVE ( 'NONE', #2299, #206, #1176, .T. ) ;
#4799 = CARTESIAN_POINT ( 'NONE',  ( -0.4372825766228171651, 0.4793791180929146689, -0.1108197995427066540 ) ) ;
#4800 = DIRECTION ( 'NONE',  ( 0.000000000000000000, -1.000000000000000000, 0.000000000000000000 ) ) ;
#4801 = VERTEX_POINT ( 'NONE', #4771 ) ;
#4802 = CARTESIAN_POINT ( 'NONE',  ( -0.4100221611028664892, -0.4055336662470138132, -0.09345793522390738461 ) ) ;
#4803 = CARTESIAN_POINT ( 'NONE',  ( -0.4095161636100462244, -0.4285184138923239239, -0.1143270087967830501 ) ) ;
#4804 = ORIENTED_EDGE ( 'NONE', *, *, #3090, .F. ) ;
#4805 = DIRECTION ( 'NONE',  ( -1.000000000000000000, 0.000000000000000000, 0.000000000000000000 ) ) ;
#4806 = ORIENTED_EDGE ( 'NONE', *, *, #1366, .F. ) ;
#4807 = CYLINDRICAL_SURFACE ( 'NONE', #411, 0.005746186911298988009 ) ;
#4808 = CYLINDRICAL_SURFACE ( 'NONE', #598, 0.01149237382259797602 ) ;
#4809 = LINE ( 'NONE', #1677, #324 ) ;
#4810 = VERTEX_POINT ( 'NONE', #3000 ) ;
#4811 = DIRECTION ( 'NONE',  ( -1.000000000000000000, 0.000000000000000000, 9.172042797627437846E-15 ) ) ;
#4812 = CARTESIAN_POINT ( 'NONE',  ( -0.4602695371179273964, -0.4285184138923239239, 0.1307747726978751024 ) ) ;
#4813 = ORIENTED_EDGE ( 'NONE', *, *, #904, .F. ) ;
#4814 = CIRCLE ( 'NONE', #367, 0.04367102052587229499 ) ;
#4815 = EDGE_CURVE ( 'NONE', #493, #2110, #678, .T. ) ;
#4816 = FACE_OUTER_BOUND ( 'NONE', #920, .T. ) ;
#4817 = CARTESIAN_POINT ( 'NONE',  ( 0.6246105172581994935, -0.3940412924245302317, 0.08193378139179516295 ) ) ;
#4818 = ORIENTED_EDGE ( 'NONE', *, *, #2870, .T. ) ;
#4819 = LINE ( 'NONE', #1986, #1669 ) ;
#4820 = CIRCLE ( 'NONE', #5018, 0.03447712146779387254 ) ;
#4821 = DIRECTION ( 'NONE',  ( 0.000000000000000000, 1.000000000000000000, 0.000000000000000000 ) ) ;
#4822 = CARTESIAN_POINT ( 'NONE',  ( -0.6246105172581994935, -0.1760351102566003745, -0.1203319978859289513 ) ) ;
#4823 = DIRECTION ( 'NONE',  ( 0.000000000000000000, 1.000000000000000000, -2.200000000000000003E-16 ) ) ;
#4824 = CARTESIAN_POINT ( 'NONE',  ( 0.4731935003220338887, -0.8394522354789299978, -0.1941117506711297902 ) ) ;
#4825 = CARTESIAN_POINT ( 'NONE',  ( -0.4071746549358873368, 0.4793791180929146689, -0.1140217218196817317 ) ) ;
#4826 = DIRECTION ( 'NONE',  ( 0.000000000000000000, -1.000000000000000000, 2.200000000000000003E-16 ) ) ;
#4827 = VERTEX_POINT ( 'NONE', #4316 ) ;
#4828 = AXIS2_PLACEMENT_3D ( 'NONE', #596, #2009, #5729 ) ;
#4829 = ADVANCED_FACE ( 'NONE', ( #4379 ), #2484, .T. ) ;
#4830 = VECTOR ( 'NONE', #1773, 1000.000000000000000 ) ;
#4831 = CARTESIAN_POINT ( 'NONE',  ( -0.4165998267225554108, -0.4055336662468985720, -0.09461899453404888638 ) ) ;
#4832 = FACE_OUTER_BOUND ( 'NONE', #582, .T. ) ;
#4833 = VERTEX_POINT ( 'NONE', #3393 ) ;
#4834 = DIRECTION ( 'NONE',  ( 1.000000000000000000, 0.000000000000000000, 0.000000000000000000 ) ) ;
#4835 = ORIENTED_EDGE ( 'NONE', *, *, #4790, .F. ) ;
#4836 = CARTESIAN_POINT ( 'NONE',  ( -0.4305035813213690110, -0.4302997242119351307, -0.1159455959559635152 ) ) ;
#4837 = CYLINDRICAL_SURFACE ( 'NONE', #5633, 0.02068627288067634643 ) ;
#4838 = CARTESIAN_POINT ( 'NONE',  ( -0.6246105172581994935, 0.4334096228025230979, -0.04941177229887344646 ) ) ;
#4839 = CIRCLE ( 'NONE', #579, 0.02068627288067634643 ) ;
#4840 = ORIENTED_EDGE ( 'NONE', *, *, #3291, .F. ) ;
#4841 = DIRECTION ( 'NONE',  ( 0.000000000000000000, 0.000000000000000000, -1.000000000000000000 ) ) ;
#4842 = LINE ( 'NONE', #749, #1442 ) ;
#4843 = VERTEX_POINT ( 'NONE', #5228 ) ;
#4844 = VECTOR ( 'NONE', #475, 1000.000000000000000 ) ;
#4845 = DIRECTION ( 'NONE',  ( 0.000000000000000000, 1.000000000000000000, 0.000000000000000000 ) ) ;
#4846 = CARTESIAN_POINT ( 'NONE',  ( 0.4637160080883331870, -0.4285184138923239239, -0.07321487414561253515 ) ) ;
#4847 = EDGE_LOOP ( 'NONE', ( #1988, #694 ) ) ;
#4848 = CARTESIAN_POINT ( 'NONE',  ( 0.4733882171698011176, -0.8382208179720327390, -0.1934007913251618305 ) ) ;
#4849 = CARTESIAN_POINT ( 'NONE',  ( 0.4102777454667470569, -0.8357378688385955767, -0.1919672604021815943 ) ) ;
#4850 = ADVANCED_FACE ( 'NONE', ( #1078 ), #616, .T. ) ;
#4851 = CARTESIAN_POINT ( 'NONE',  ( 0.2548433895161097973, -0.9000000000000000222, -0.2290690230178078768 ) ) ;
#4852 = DIRECTION ( 'NONE',  ( 0.000000000000000000, 0.000000000000000000, 1.000000000000000000 ) ) ;
#4853 = ADVANCED_FACE ( 'NONE', ( #5898 ), #2283, .T. ) ;
#4854 = LINE ( 'NONE', #5312, #2634 ) ;
#4855 = DIRECTION ( 'NONE',  ( -1.000000000000000000, 0.000000000000000000, 0.000000000000000000 ) ) ;
#4856 = CARTESIAN_POINT ( 'NONE',  ( -0.6246105172581994935, -0.3262362868712024300, -0.01919910824706693234 ) ) ;
#4857 = ADVANCED_FACE ( 'NONE', ( #4084 ), #3577, .F. ) ;
#4858 = DIRECTION ( 'NONE',  ( 0.000000000000000000, -1.000000000000000000, 2.200000000000000003E-16 ) ) ;
#4859 = ORIENTED_EDGE ( 'NONE', *, *, #184, .T. ) ;
#4860 = VECTOR ( 'NONE', #652, 1000.000000000000000 ) ;
#4861 = CARTESIAN_POINT ( 'NONE',  ( 0.4418817734788919038, -0.8498639728996180143, -0.1665401200595445497 ) ) ;
#4862 = CARTESIAN_POINT ( 'NONE',  ( -0.3858350497966062109, -0.4285184138923239239, -0.1042098178375330253 ) ) ;
#4863 = VERTEX_POINT ( 'NONE', #5435 ) ;
#4864 = CARTESIAN_POINT ( 'NONE',  ( 0.5108367174492824958, -0.8840911302390814797, -0.2197367332681147423 ) ) ;
#4865 = EDGE_CURVE ( 'NONE', #5174, #2183, #4555, .T. ) ;
#4866 = ADVANCED_FACE ( 'NONE', ( #5379 ), #3092, .F. ) ;
#4867 = ORIENTED_EDGE ( 'NONE', *, *, #452, .F. ) ;
#4868 = AXIS2_PLACEMENT_3D ( 'NONE', #5543, #1488, #19 ) ;
#4869 = VECTOR ( 'NONE', #4655, 1000.000000000000000 ) ;
#4870 = CARTESIAN_POINT ( 'NONE',  ( -0.4026960721235123830, -0.4302997242119351307, -0.1159455959559635152 ) ) ;
#4871 = LINE ( 'NONE', #5787, #3904 ) ;
#4872 = FACE_OUTER_BOUND ( 'NONE', #1696, .T. ) ;
#4873 = VERTEX_POINT ( 'NONE', #4028 ) ;
#4874 = CARTESIAN_POINT ( 'NONE',  ( -0.5096867790322197056, -0.4101306157761677729, -0.2076411822409144625 ) ) ;
#4875 = DIRECTION ( 'NONE',  ( -1.000000000000000000, 0.000000000000000000, 9.827188711743682843E-15 ) ) ;
#4876 = EDGE_CURVE ( 'NONE', #3357, #5989, #4923, .T. ) ;
#4877 = EDGE_LOOP ( 'NONE', ( #3700, #3765, #1193, #5678 ) ) ;
#4878 = AXIS2_PLACEMENT_3D ( 'NONE', #1148, #2584, #4357 ) ;
#4879 = EDGE_CURVE ( 'NONE', #3304, #3607, #318, .T. ) ;
#4880 = CARTESIAN_POINT ( 'NONE',  ( 0.5901333957904049132, -0.9000000000000000222, -0.2003694157843261270 ) ) ;
#4881 = CARTESIAN_POINT ( 'NONE',  ( -0.6246105172581994935, -0.3940412924245302317, 0.06584445804015801040 ) ) ;
#4882 = AXIS2_PLACEMENT_3D ( 'NONE', #4403, #249, #3994 ) ;
#4883 = ORIENTED_EDGE ( 'NONE', *, *, #2368, .F. ) ;
#4884 = CARTESIAN_POINT ( 'NONE',  ( 0.4292401622740334433, -0.1572983916790124115, -0.1731640607731207704 ) ) ;
#4885 = DIRECTION ( 'NONE',  ( 0.000000000000000000, 1.000000000000000000, 0.000000000000000000 ) ) ;
#4886 = ORIENTED_EDGE ( 'NONE', *, *, #5108, .T. ) ;
#4887 = CARTESIAN_POINT ( 'NONE',  ( 0.4763588949466857625, -0.8699562858134970433, -0.1777024489421400733 ) ) ;
#4888 = DIRECTION ( 'NONE',  ( -1.000000000000000000, 0.000000000000000000, 0.000000000000000000 ) ) ;
#4889 = DIRECTION ( 'NONE',  ( 1.000000000000000000, 0.000000000000000000, 0.000000000000000000 ) ) ;
#4890 = CARTESIAN_POINT ( 'NONE',  ( 0.4752096575644259580, -0.4101306157761677729, -0.1731640607731207704 ) ) ;
#4891 = CARTESIAN_POINT ( 'NONE',  ( 0.6246105172581994935, 0.3702015667782341257, 0.06929217018693738239 ) ) ;
#4892 = CARTESIAN_POINT ( 'NONE',  ( -0.4165985165920551014, 0.4563943704477188557, 0.02791801549324952544 ) ) ;
#4893 = EDGE_LOOP ( 'NONE', ( #4120, #5093 ) ) ;
#4894 = VECTOR ( 'NONE', #5238, 1000.000000000000000 ) ;
#4895 = EDGE_CURVE ( 'NONE', #5672, #4782, #1666, .T. ) ;
#4896 = CARTESIAN_POINT ( 'NONE',  ( 0.6131181434356016702, -0.7882355719766375168, -0.1386869393053268840 ) ) ;
#4897 = DIRECTION ( 'NONE',  ( 0.000000000000000000, -0.4856406976879716897, 0.8741585169459484828 ) ) ;
#4898 = EDGE_LOOP ( 'NONE', ( #2443, #3781, #1728, #1418 ) ) ;
#4899 = DIRECTION ( 'NONE',  ( -1.000000000000000000, 0.000000000000000000, 0.000000000000000000 ) ) ;
#4900 = ORIENTED_EDGE ( 'NONE', *, *, #1955, .F. ) ;
#4901 = FACE_OUTER_BOUND ( 'NONE', #2206, .T. ) ;
#4902 = DIRECTION ( 'NONE',  ( 1.000000000000000000, 0.000000000000000000, 0.000000000000000000 ) ) ;
#4903 = ORIENTED_EDGE ( 'NONE', *, *, #2011, .F. ) ;
#4904 = DIRECTION ( 'NONE',  ( -1.000000000000000000, 0.000000000000000000, 0.000000000000000000 ) ) ;
#4905 = DIRECTION ( 'NONE',  ( -1.000000000000000000, 0.000000000000000000, 0.000000000000000000 ) ) ;
#4906 = ORIENTED_EDGE ( 'NONE', *, *, #143, .T. ) ;
#4907 = EDGE_CURVE ( 'NONE', #4677, #1333, #1724, .T. ) ;
#4908 = CYLINDRICAL_SURFACE ( 'NONE', #222, 0.02068627288067634643 ) ;
#4909 = DIRECTION ( 'NONE',  ( 0.000000000000000000, 1.000000000000000000, 0.000000000000000000 ) ) ;
#4910 = ORIENTED_EDGE ( 'NONE', *, *, #5747, .F. ) ;
#4911 = CARTESIAN_POINT ( 'NONE',  ( 0.4637173182189488485, 0.4334096228025230979, 0.1307747726978751024 ) ) ;
#4912 = DIRECTION ( 'NONE',  ( 0.000000000000000000, 1.000000000000000000, 0.000000000000000000 ) ) ;
#4913 = ORIENTED_EDGE ( 'NONE', *, *, #2504, .F. ) ;
#4914 = CARTESIAN_POINT ( 'NONE',  ( -0.4165998267226706520, 0.4793791180929146689, -0.07321487414561253515 ) ) ;
#4915 = AXIS2_PLACEMENT_3D ( 'NONE', #2830, #5922, #2716 ) ;
#4916 = CARTESIAN_POINT ( 'NONE',  ( 0.3855691417481612593, 0.8402396561224900751, -0.1961488084183167502 ) ) ;
#4917 = CIRCLE ( 'NONE', #1248, 0.04367102052587229499 ) ;
#4918 = CARTESIAN_POINT ( 'NONE',  ( -0.4165985165920551014, 0.4563943704477188557, 0.02791801549324952544 ) ) ;
#4919 = LINE ( 'NONE', #5837, #1334 ) ;
#4920 = CARTESIAN_POINT ( 'NONE',  ( -0.3892297503181328944, 0.4793791180929146689, -0.1071309050804237217 ) ) ;
#4921 = CARTESIAN_POINT ( 'NONE',  ( -0.4752096575644259580, -0.1572983916790124115, -0.1731640607731207704 ) ) ;
#4922 = ORIENTED_EDGE ( 'NONE', *, *, #3454, .F. ) ;
#4923 = LINE ( 'NONE', #5926, #3983 ) ;
#4924 = DIRECTION ( 'NONE',  ( -1.000000000000000000, 0.000000000000000000, 0.000000000000000000 ) ) ;
#4925 = CIRCLE ( 'NONE', #279, 0.005746186911298988009 ) ;
#4926 = ORIENTED_EDGE ( 'NONE', *, *, #2589, .T. ) ;
#4927 = DIRECTION ( 'NONE',  ( 0.000000000000000000, 0.000000000000000000, 1.000000000000000000 ) ) ;
#4928 = ORIENTED_EDGE ( 'NONE', *, *, #5979, .T. ) ;
#4929 = ADVANCED_FACE ( 'NONE', ( #5407 ), #834, .F. ) ;
#4930 = LINE ( 'NONE', #2192, #5537 ) ;
#4931 = EDGE_CURVE ( 'NONE', #206, #4665, #3499, .T. ) ;
#4932 = DIRECTION ( 'NONE',  ( 1.000000000000000000, 0.000000000000000000, 0.000000000000000000 ) ) ;
#4933 = ORIENTED_EDGE ( 'NONE', *, *, #4979, .T. ) ;
#4934 = CARTESIAN_POINT ( 'NONE',  ( 0.4498122534897726066, -0.4302997242122798549, -0.1159455959558600147 ) ) ;
#4935 = DIRECTION ( 'NONE',  ( -1.000000000000000000, 0.000000000000000000, 0.000000000000000000 ) ) ;
#4936 = ORIENTED_EDGE ( 'NONE', *, *, #857, .T. ) ;
#4937 = EDGE_CURVE ( 'NONE', #1158, #1681, #3403, .T. ) ;
#4938 = AXIS2_PLACEMENT_3D ( 'NONE', #1443, #5077, #2361 ) ;
#4939 = VECTOR ( 'NONE', #5615, 1000.000000000000000 ) ;
#4940 = CARTESIAN_POINT ( 'NONE',  ( 0.4410544718310974721, 0.4793791180929146689, -0.1099206148200373712 ) ) ;
#4941 = FACE_OUTER_BOUND ( 'NONE', #5573, .T. ) ;
#4942 = ORIENTED_EDGE ( 'NONE', *, *, #3995, .F. ) ;
#4943 = LINE ( 'NONE', #446, #3554 ) ;
#4944 = FACE_OUTER_BOUND ( 'NONE', #67, .T. ) ;
#4945 = VERTEX_POINT ( 'NONE', #4525 ) ;
#4946 = ADVANCED_FACE ( 'NONE', ( #3122 ), #4956, .T. ) ;
#4947 = CARTESIAN_POINT ( 'NONE',  ( 0.3281072726351717539, -0.8008713257444980416, -0.1731640607731207704 ) ) ;
#4948 = VECTOR ( 'NONE', #23, 999.9999999999998863 ) ;
#4949 = FACE_OUTER_BOUND ( 'NONE', #345, .T. ) ;
#4950 = CARTESIAN_POINT ( 'NONE',  ( 0.5073870286142054820, -0.4285184138923239239, -0.07321487414561253515 ) ) ;
#4951 = ORIENTED_EDGE ( 'NONE', *, *, #3090, .T. ) ;
#4952 = CARTESIAN_POINT ( 'NONE',  ( -0.4100221611028664892, -0.4055336662470138132, -0.09345793522390738461 ) ) ;
#4953 = LINE ( 'NONE', #3603, #5587 ) ;
#4954 = ORIENTED_EDGE ( 'NONE', *, *, #5626, .F. ) ;
#4955 = ADVANCED_FACE ( 'NONE', ( #3177 ), #2271, .F. ) ;
#4956 = PLANE ( 'NONE',  #2150 ) ;
#4957 = FACE_BOUND ( 'NONE', #4847, .T. ) ;
#4958 = ORIENTED_EDGE ( 'NONE', *, *, #2427, .T. ) ;
#4959 = CARTESIAN_POINT ( 'NONE',  ( 0.5096867790322197056, 0.8402396561224900751, -0.1961488084183167502 ) ) ;
#4960 = VERTEX_POINT ( 'NONE', #736 ) ;
#4961 = EDGE_CURVE ( 'NONE', #2364, #2493, #2605, .T. ) ;
#4962 = CARTESIAN_POINT ( 'NONE',  ( 0.4957259086440980456, -0.8628422569142992771, -0.2076159960895571921 ) ) ;
#4963 = VERTEX_POINT ( 'NONE', #2753 ) ;
#4964 = CARTESIAN_POINT ( 'NONE',  ( 0.4475673158042411948, -0.8542447658231280272, -0.2026522242981206590 ) ) ;
#4965 = DIRECTION ( 'NONE',  ( 0.000000000000000000, -1.000000000000000000, 0.000000000000000000 ) ) ;
#4966 = ORIENTED_EDGE ( 'NONE', *, *, #4043, .T. ) ;
#4967 = CIRCLE ( 'NONE', #801, 0.03447712146779387254 ) ;
#4968 = VECTOR ( 'NONE', #5242, 1000.000000000000000 ) ;
#4969 = EDGE_CURVE ( 'NONE', #4801, #2649, #5325, .T. ) ;
#4970 = LINE ( 'NONE', #5141, #5158 ) ;
#4971 = DIRECTION ( 'NONE',  ( -1.000000000000000000, 0.000000000000000000, 0.000000000000000000 ) ) ;
#4972 = CIRCLE ( 'NONE', #5748, 0.05516339434847022244 ) ;
#4973 = VERTEX_POINT ( 'NONE', #4674 ) ;
#4974 = CARTESIAN_POINT ( 'NONE',  ( -0.4165998267226706520, -0.4285184138923239239, -0.07321487414561253515 ) ) ;
#4975 = CARTESIAN_POINT ( 'NONE',  ( 0.3671820446668083160, -0.7265560070259710068, -0.1386869393053268840 ) ) ;
#4976 = VERTEX_POINT ( 'NONE', #3266 ) ;
#4977 = ADVANCED_FACE ( 'NONE', ( #950 ), #1837, .T. ) ;
#4978 = VECTOR ( 'NONE', #1929, 1000.000000000000000 ) ;
#4979 = EDGE_CURVE ( 'NONE', #906, #3231, #5495, .T. ) ;
#4980 = DIRECTION ( 'NONE',  ( 1.000000000000000000, 0.000000000000000000, 0.000000000000000000 ) ) ;
#4981 = FACE_OUTER_BOUND ( 'NONE', #3241, .T. ) ;
#4982 = CARTESIAN_POINT ( 'NONE',  ( -0.6246105172581994935, 0.3644553798669347700, 0.06929217018693738239 ) ) ;
#4983 = DIRECTION ( 'NONE',  ( 0.000000000000000000, 0.000000000000000000, -1.000000000000000000 ) ) ;
#4984 = ORIENTED_EDGE ( 'NONE', *, *, #1819, .T. ) ;
#4985 = EDGE_CURVE ( 'NONE', #4003, #4810, #5523, .T. ) ;
#4986 = DIRECTION ( 'NONE',  ( -1.000000000000000000, 0.000000000000000000, 0.000000000000000000 ) ) ;
#4987 = CARTESIAN_POINT ( 'NONE',  ( -0.6246105172581994935, -0.3262362868712024300, 0.06584445804015801040 ) ) ;
#4988 = ORIENTED_EDGE ( 'NONE', *, *, #1771, .T. ) ;
#4989 = DIRECTION ( 'NONE',  ( 0.000000000000000000, 1.000000000000000000, -2.200000000000000003E-16 ) ) ;
#4990 = VECTOR ( 'NONE', #3365, 999.9999999999998863 ) ;
#4991 = VERTEX_POINT ( 'NONE', #4111 ) ;
#4992 = AXIS2_PLACEMENT_3D ( 'NONE', #3701, #788, #3673 ) ;
#4993 = DIRECTION ( 'NONE',  ( 1.000000000000000000, 0.000000000000000000, 0.000000000000000000 ) ) ;
#4994 = ORIENTED_EDGE ( 'NONE', *, *, #3757, .T. ) ;
#4995 = CARTESIAN_POINT ( 'NONE',  ( -0.4372847894727314721, 0.4334096228025230979, 0.1307747726978751024 ) ) ;
#4996 = CALENDAR_DATE ( 2026, 29, 6 ) ;
#4997 = ORIENTED_EDGE ( 'NONE', *, *, #2669, .T. ) ;
#4998 = CARTESIAN_POINT ( 'NONE',  ( 0.4363232782756994443, 0.4793791180929146689, -0.1071139702175627345 ) ) ;
#4999 = VERTEX_POINT ( 'NONE', #4582 ) ;
#5000 = CARTESIAN_POINT ( 'NONE',  ( -0.4165998267226706520, -0.4055336662471280551, -0.07321487414561253515 ) ) ;
#5001 = FACE_OUTER_BOUND ( 'NONE', #4337, .T. ) ;
#5002 = EDGE_LOOP ( 'NONE', ( #353, #1512, #3274, #3379 ) ) ;
#5003 = EDGE_CURVE ( 'NONE', #3311, #5783, #1364, .T. ) ;
#5004 = CIRCLE ( 'NONE', #4708, 0.02068627288067634643 ) ;
#5005 = DIRECTION ( 'NONE',  ( 0.000000000000000000, -2.800000000000000139E-16, -1.000000000000000000 ) ) ;
#5006 = CARTESIAN_POINT ( 'NONE',  ( -0.4165985165920551014, 0.4793791180929146689, 0.1307747726978751024 ) ) ;
#5007 = ORIENTED_EDGE ( 'NONE', *, *, #2643, .F. ) ;
#5008 = VECTOR ( 'NONE', #3416, 1000.000000000000000 ) ;
#5009 = DIRECTION ( 'NONE',  ( 1.000000000000000000, 0.000000000000000000, 0.000000000000000000 ) ) ;
#5010 = EDGE_CURVE ( 'NONE', #1473, #3255, #4453, .T. ) ;
#5011 = CARTESIAN_POINT ( 'NONE',  ( 0.4637173182189488485, -0.4055336662471280551, 0.1307747726978751024 ) ) ;
#5012 = EDGE_LOOP ( 'NONE', ( #4272, #2961, #1223, #3934, #3094, #1907, #1516 ) ) ;
#5013 = VECTOR ( 'NONE', #32, 1000.000000000000000 ) ;
#5014 = CARTESIAN_POINT ( 'NONE',  ( 0.3947630408062398066, -0.1572983916790124115, -0.1731640607731207704 ) ) ;
#5015 = CARTESIAN_POINT ( 'NONE',  ( 0.6246105172581994935, -0.3940412924245302317, 0.1669773476790199773 ) ) ;
#5016 = ORIENTED_EDGE ( 'NONE', *, *, #3516, .F. ) ;
#5017 = CARTESIAN_POINT ( 'NONE',  ( -0.3729274960661828064, -0.4285184138923239239, 0.1307747726978751024 ) ) ;
#5018 = AXIS2_PLACEMENT_3D ( 'NONE', #704, #5810, #2572 ) ;
#5019 = EDGE_LOOP ( 'NONE', ( #3124, #4599, #4298, #952 ) ) ;
#5020 = EDGE_CURVE ( 'NONE', #2871, #5783, #2329, .T. ) ;
#5021 = LOCAL_TIME ( 13, 54, 13.00000000000000000, #2706 ) ;
#5022 = CARTESIAN_POINT ( 'NONE',  ( 0.5159915318403927031, -0.8593885899477214929, -0.2056220210985238439 ) ) ;
#5023 = ORIENTED_EDGE ( 'NONE', *, *, #5048, .T. ) ;
#5024 = DIRECTION ( 'NONE',  ( -1.000000000000000000, 0.000000000000000000, 0.000000000000000000 ) ) ;
#5025 = PERSON_AND_ORGANIZATION ( #2066, #1157 ) ;
#5026 = ORIENTED_EDGE ( 'NONE', *, *, #2888, .T. ) ;
#5027 = CARTESIAN_POINT ( 'NONE',  ( 0.4589891302520330285, 0.4793791180929146689, -0.1145289346839449968 ) ) ;
#5028 = CIRCLE ( 'NONE', #3778, 0.03447712146779387254 ) ;
#5029 = ORIENTED_EDGE ( 'NONE', *, *, #3650, .F. ) ;
#5030 = FACE_OUTER_BOUND ( 'NONE', #469, .T. ) ;
#5031 = CARTESIAN_POINT ( 'NONE',  ( 0.4953213117539720933, -0.8556459546465972066, -0.2034612000711482349 ) ) ;
#5032 = ORIENTED_EDGE ( 'NONE', *, *, #4815, .F. ) ;
#5033 = AXIS2_PLACEMENT_3D ( 'NONE', #1410, #5071, #4644 ) ;
#5034 = FACE_OUTER_BOUND ( 'NONE', #2839, .T. ) ;
#5035 = PLANE ( 'NONE',  #4143 ) ;
#5036 = EDGE_CURVE ( 'NONE', #4963, #5073, #489, .T. ) ;
#5037 = CARTESIAN_POINT ( 'NONE',  ( 0.4910860856295701238, -0.4285184138923239239, -0.1071309043043207898 ) ) ;
#5038 = AXIS2_PLACEMENT_3D ( 'NONE', #2861, #4244, #83 ) ;
#5039 = CARTESIAN_POINT ( 'NONE',  ( 0.5073883387448211435, -0.4055336662471280551, 0.02791801549324952544 ) ) ;
#5040 = EDGE_LOOP ( 'NONE', ( #3197, #2231 ) ) ;
#5041 = CYLINDRICAL_SURFACE ( 'NONE', #3427, 0.02068627288067634643 ) ;
#5042 = EDGE_CURVE ( 'NONE', #675, #2440, #1807, .T. ) ;
#5043 = DIRECTION ( 'NONE',  ( -1.000000000000000000, 0.000000000000000000, 0.000000000000000000 ) ) ;
#5044 = CARTESIAN_POINT ( 'NONE',  ( -0.3858350497966062109, 0.4793791180929146689, -0.1042098178375330253 ) ) ;
#5045 = ORIENTED_EDGE ( 'NONE', *, *, #1605, .T. ) ;
#5046 = CARTESIAN_POINT ( 'NONE',  ( -0.4165985165920551014, 0.4793791180929146689, 0.02791801549324952544 ) ) ;
#5047 = ORIENTED_EDGE ( 'NONE', *, *, #452, .T. ) ;
#5048 = EDGE_CURVE ( 'NONE', #4999, #4873, #5981, .T. ) ;
#5049 = CARTESIAN_POINT ( 'NONE',  ( 0.4434807868294940447, 0.4801265902956725617, -0.1129878178800731853 ) ) ;
#5050 = EDGE_CURVE ( 'NONE', #5061, #1967, #29, .T. ) ;
#5051 = ORIENTED_EDGE ( 'NONE', *, *, #97, .T. ) ;
#5052 = CARTESIAN_POINT ( 'NONE',  ( 0.4329512311623497922, -0.4285184138923239239, -0.1042098178375330253 ) ) ;
#5053 = DATE_AND_TIME ( #4996, #864 ) ;
#5054 = ORIENTED_EDGE ( 'NONE', *, *, #1940, .F. ) ;
#5055 = EDGE_CURVE ( 'NONE', #3485, #2941, #2527, .T. ) ;
#5056 = CARTESIAN_POINT ( 'NONE',  ( 0.3625843941029654460, -0.9000000000000000222, -0.1943933008137623542 ) ) ;
#5057 = EDGE_LOOP ( 'NONE', ( #441, #10, #4063, #1482 ) ) ;
#5058 = LINE ( 'NONE', #2855, #831 ) ;
#5059 = DIRECTION ( 'NONE',  ( 1.000000000000000000, 0.000000000000000000, 0.000000000000000000 ) ) ;
#5060 = MANIFOLD_SOLID_BREP ( 'NONE', #5842 ) ;
#5061 = VERTEX_POINT ( 'NONE', #1351 ) ;
#5062 = CIRCLE ( 'NONE', #4013, 0.02068627288067634643 ) ;
#5063 = AXIS2_PLACEMENT_3D ( 'NONE', #138, #5820, #3431 ) ;
#5064 = LINE ( 'NONE', #3198, #323 ) ;
#5065 = CYLINDRICAL_SURFACE ( 'NONE', #4915, 0.02068627288067634643 ) ;
#5066 = CARTESIAN_POINT ( 'NONE',  ( 0.4754637715308722701, -0.4285184138923239239, -0.1136043072444725965 ) ) ;
#5067 = CARTESIAN_POINT ( 'NONE',  ( -0.3729274960661828064, 0.4793791180929146689, 0.02791801549324953238 ) ) ;
#5068 = ORIENTED_EDGE ( 'NONE', *, *, #105, .F. ) ;
#5069 = VECTOR ( 'NONE', #4562, 1000.000000000000000 ) ;
#5070 = CARTESIAN_POINT ( 'NONE',  ( -0.4165998267226706520, 0.4793791180929146689, -0.07321487414561253515 ) ) ;
#5071 = DIRECTION ( 'NONE',  ( 0.000000000000000000, 1.000000000000000000, -2.200000000000000003E-16 ) ) ;
#5072 = DIRECTION ( 'NONE',  ( -1.000000000000000000, 0.000000000000000000, 0.000000000000000000 ) ) ;
#5073 = VERTEX_POINT ( 'NONE', #3207 ) ;
#5074 = DIRECTION ( 'NONE',  ( -1.000000000000000000, 0.000000000000000000, 0.000000000000000000 ) ) ;
#5075 = ORIENTED_EDGE ( 'NONE', *, *, #2497, .F. ) ;
#5076 = EDGE_CURVE ( 'NONE', #1847, #2303, #3884, .T. ) ;
#5077 = DIRECTION ( 'NONE',  ( 0.000000000000000000, 0.000000000000000000, 1.000000000000000000 ) ) ;
#5078 = CIRCLE ( 'NONE', #5865, 0.01149237382259794826 ) ;
#5079 = LINE ( 'NONE', #1359, #1697 ) ;
#5080 = ORIENTED_EDGE ( 'NONE', *, *, #2107, .T. ) ;
#5081 = DIRECTION ( 'NONE',  ( 0.000000000000000000, -0.4856406976879716897, 0.8741585169459484828 ) ) ;
#5082 = PERSON_AND_ORGANIZATION_ROLE ( 'creator' ) ;
#5083 = ORIENTED_EDGE ( 'NONE', *, *, #2804, .F. ) ;
#5084 = AXIS2_PLACEMENT_3D ( 'NONE', #4974, #5994, #2288 ) ;
#5085 = FACE_OUTER_BOUND ( 'NONE', #3322, .T. ) ;
#5086 = ORIENTED_EDGE ( 'NONE', *, *, #3392, .T. ) ;
#5087 = CARTESIAN_POINT ( 'NONE',  ( 0.4377967816221818853, 0.4793791180929146689, -0.1090193855032193376 ) ) ;
#5088 = CARTESIAN_POINT ( 'NONE',  ( -0.5671486481452092665, -0.7434094566315085917, -0.1731640607731207704 ) ) ;
#5089 = VERTEX_POINT ( 'NONE', #918 ) ;
#5090 = EDGE_CURVE ( 'NONE', #2728, #5631, #1420, .T. ) ;
#5091 = DIRECTION ( 'NONE',  ( -1.000000000000000000, 0.000000000000000000, 0.000000000000000000 ) ) ;
#5092 = DIRECTION ( 'NONE',  ( -1.000000000000000000, 0.000000000000000000, 0.000000000000000000 ) ) ;
#5093 = ORIENTED_EDGE ( 'NONE', *, *, #4161, .F. ) ;
#5094 = CARTESIAN_POINT ( 'NONE',  ( 0.4684464589905494303, -0.4285184138923239239, -0.1145280462037552849 ) ) ;
#5095 = CARTESIAN_POINT ( 'NONE',  ( 0.5087112250984415773, -0.9000000000000000222, -0.2290690230178078768 ) ) ;
#5096 = VERTEX_POINT ( 'NONE', #2781 ) ;
#5097 = CIRCLE ( 'NONE', #1815, 0.02068627288067634643 ) ;
#5098 = DIRECTION ( 'NONE',  ( 1.000000000000000000, 0.000000000000000000, 0.000000000000000000 ) ) ;
#5099 = CARTESIAN_POINT ( 'NONE',  ( 0.4112569647695011321, -0.8435758944358286993, -0.1964925473115257948 ) ) ;
#5100 = DIRECTION ( 'NONE',  ( 1.000000000000000000, 0.000000000000000000, 0.000000000000000000 ) ) ;
#5101 = VERTEX_POINT ( 'NONE', #2809 ) ;
#5102 = CARTESIAN_POINT ( 'NONE',  ( -0.4165998267226706520, 0.4563943704477188557, -0.07321487414561253515 ) ) ;
#5103 = ORIENTED_EDGE ( 'NONE', *, *, #1918, .F. ) ;
#5104 = VECTOR ( 'NONE', #5133, 1000.000000000000000 ) ;
#5105 = VECTOR ( 'NONE', #3119, 1000.000000000000000 ) ;
#5106 = CARTESIAN_POINT ( 'NONE',  ( -0.5096867790322197056, 0.8705444418592251932, -0.2248797429748115584 ) ) ;
#5107 = DIRECTION ( 'NONE',  ( 0.000000000000000000, 0.000000000000000000, -1.000000000000000000 ) ) ;
#5108 = EDGE_CURVE ( 'NONE', #5825, #4863, #1272, .T. ) ;
#5109 = ORIENTED_EDGE ( 'NONE', *, *, #416, .T. ) ;
#5110 = CYLINDRICAL_SURFACE ( 'NONE', #1997, 0.04367102052587229499 ) ;
#5111 = ORIENTED_EDGE ( 'NONE', *, *, #1396, .F. ) ;
#5112 = DIRECTION ( 'NONE',  ( 1.000000000000000000, 0.000000000000000000, 0.000000000000000000 ) ) ;
#5113 = EDGE_CURVE ( 'NONE', #883, #5481, #5130, .T. ) ;
#5114 = ORIENTED_EDGE ( 'NONE', *, *, #2197, .F. ) ;
#5115 = FACE_OUTER_BOUND ( 'NONE', #2378, .T. ) ;
#5116 = DIRECTION ( 'NONE',  ( 0.000000000000000000, 0.000000000000000000, -1.000000000000000000 ) ) ;
#5117 = VECTOR ( 'NONE', #4691, 1000.000000000000000 ) ;
#5118 = ORIENTED_EDGE ( 'NONE', *, *, #3590, .F. ) ;
#5119 = VECTOR ( 'NONE', #5652, 1000.000000000000000 ) ;
#5120 = DIRECTION ( 'NONE',  ( -1.000000000000000000, 0.000000000000000000, 0.000000000000000000 ) ) ;
#5121 = DIRECTION ( 'NONE',  ( 0.000000000000000000, -0.4856406976879716897, 0.8741585169459484828 ) ) ;
#5122 = ORIENTED_EDGE ( 'NONE', *, *, #562, .T. ) ;
#5123 = EDGE_CURVE ( 'NONE', #437, #4516, #2583, .T. ) ;
#5124 = CARTESIAN_POINT ( 'NONE',  ( 0.4542739641650196392, -0.4285184138923239239, -0.1140200246230883979 ) ) ;
#5125 = CARTESIAN_POINT ( 'NONE',  ( -0.6246105172581994935, 0.4334096228025230979, -0.01919910824706693234 ) ) ;
#5126 = ORIENTED_EDGE ( 'NONE', *, *, #3057, .F. ) ;
#5127 = VECTOR ( 'NONE', #2868, 1000.000000000000000 ) ;
#5128 = DIRECTION ( 'NONE',  ( -1.000000000000000000, 0.000000000000000000, 0.000000000000000000 ) ) ;
#5129 = AXIS2_PLACEMENT_3D ( 'NONE', #1096, #4334, #1492 ) ;
#5130 = LINE ( 'NONE', #2384, #2052 ) ;
#5131 = LINE ( 'NONE', #2330, #3149 ) ;
#5132 = EDGE_LOOP ( 'NONE', ( #1855, #2928, #4669, #4315 ) ) ;
#5133 = DIRECTION ( 'NONE',  ( 0.000000000000000000, -1.000000000000000000, 0.000000000000000000 ) ) ;
#5134 = VERTEX_POINT ( 'NONE', #4856 ) ;
#5135 = CARTESIAN_POINT ( 'NONE',  ( -0.6246105172581994935, 0.2376903473569263181, 0.06584445804015801040 ) ) ;
#5136 = LINE ( 'NONE', #4712, #508 ) ;
#5137 = VERTEX_POINT ( 'NONE', #3809 ) ;
#5138 = CARTESIAN_POINT ( 'NONE',  ( -0.6246105172581994935, -0.3940412924245302317, 0.09424290048360101091 ) ) ;
#5139 = ORIENTED_EDGE ( 'NONE', *, *, #1904, .F. ) ;
#5140 = EDGE_CURVE ( 'NONE', #711, #4632, #611, .T. ) ;
#5141 = CARTESIAN_POINT ( 'NONE',  ( 0.4888794298353011381, -0.8679784196218732761, -0.2105870222347203391 ) ) ;
#5142 = EDGE_LOOP ( 'NONE', ( #49, #4652, #379, #482 ) ) ;
#5143 = CARTESIAN_POINT ( 'NONE',  ( 0.4759935364144070591, 0.4563943704477305130, -0.09017490584131614140 ) ) ;
#5144 = DIRECTION ( 'NONE',  ( 0.000000000000000000, 0.000000000000000000, 1.000000000000000000 ) ) ;
#5145 = ORIENTED_EDGE ( 'NONE', *, *, #3814, .F. ) ;
#5146 = EDGE_CURVE ( 'NONE', #4042, #4665, #2900, .T. ) ;
#5147 = EDGE_CURVE ( 'NONE', #3607, #389, #5912, .T. ) ;
#5148 = VECTOR ( 'NONE', #5264, 1000.000000000000000 ) ;
#5149 = DIRECTION ( 'NONE',  ( -1.000000000000000000, 0.000000000000000000, 0.000000000000000000 ) ) ;
#5150 = DIRECTION ( 'NONE',  ( 0.000000000000000000, 1.000000000000000000, 0.000000000000000000 ) ) ;
#5151 = ORIENTED_EDGE ( 'NONE', *, *, #1866, .F. ) ;
#5152 = CARTESIAN_POINT ( 'NONE',  ( 0.3947630408062398066, -0.1917755131468061036, -0.1731640607731207704 ) ) ;
#5153 = VECTOR ( 'NONE', #570, 1000.000000000000000 ) ;
#5154 = CARTESIAN_POINT ( 'NONE',  ( 0.4637160080883331870, -0.4285184138923239239, -0.07321487414561253515 ) ) ;
#5155 = VERTEX_POINT ( 'NONE', #5314 ) ;
#5156 = AXIS2_PLACEMENT_3D ( 'NONE', #2328, #1867, #3713 ) ;
#5157 = EDGE_CURVE ( 'NONE', #4768, #4383, #4279, .T. ) ;
#5158 = VECTOR ( 'NONE', #992, 1000.000000000000114 ) ;
#5159 = LINE ( 'NONE', #1008, #2124 ) ;
#5160 = DIRECTION ( 'NONE',  ( 1.000000000000000000, 0.000000000000000000, 0.000000000000000000 ) ) ;
#5161 = DIRECTION ( 'NONE',  ( 0.000000000000000000, 0.000000000000000000, -1.000000000000000000 ) ) ;
#5162 = FACE_OUTER_BOUND ( 'NONE', #859, .T. ) ;
#5163 = VECTOR ( 'NONE', #5622, 1000.000000000000000 ) ;
#5164 = ORIENTED_EDGE ( 'NONE', *, *, #1494, .T. ) ;
#5165 = DIRECTION ( 'NONE',  ( 0.000000000000000000, 1.000000000000000000, -2.200000000000000003E-16 ) ) ;
#5166 = ORIENTED_EDGE ( 'NONE', *, *, #1599, .T. ) ;
#5167 = EDGE_CURVE ( 'NONE', #1459, #1551, #1960, .T. ) ;
#5168 = DIRECTION ( 'NONE',  ( 1.000000000000000000, 0.000000000000000000, 0.000000000000000000 ) ) ;
#5169 = DIRECTION ( 'NONE',  ( 0.000000000000000000, 1.000000000000000000, 0.000000000000000000 ) ) ;
#5170 = ORIENTED_EDGE ( 'NONE', *, *, #5681, .T. ) ;
#5171 = FACE_OUTER_BOUND ( 'NONE', #3108, .T. ) ;
#5172 = ORIENTED_EDGE ( 'NONE', *, *, #4595, .T. ) ;
#5173 = DIRECTION ( 'NONE',  ( 1.000000000000000000, 0.000000000000000000, 0.000000000000000000 ) ) ;
#5174 = VERTEX_POINT ( 'NONE', #3354 ) ;
#5175 = DIRECTION ( 'NONE',  ( 0.000000000000000000, 0.000000000000000000, 1.000000000000000000 ) ) ;
#5176 = CARTESIAN_POINT ( 'NONE',  ( 0.6246105172581994935, 0.8402396561224900751, -0.2306259298861106088 ) ) ;
#5177 = ORIENTED_EDGE ( 'NONE', *, *, #4553, .T. ) ;
#5178 = CIRCLE ( 'NONE', #726, 0.03447712146779387254 ) ;
#5179 = CARTESIAN_POINT ( 'NONE',  ( -0.6246105172581994935, 0.4334096228025230979, 0.05172111733998860372 ) ) ;
#5180 = CARTESIAN_POINT ( 'NONE',  ( 0.4603698049750596377, -0.4055336662465539033, -0.09432545575171247254 ) ) ;
#5181 = ORIENTED_EDGE ( 'NONE', *, *, #2479, .T. ) ;
#5182 = LINE ( 'NONE', #1034, #1853 ) ;
#5183 = EDGE_CURVE ( 'NONE', #2904, #1749, #5914, .T. ) ;
#5184 = CARTESIAN_POINT ( 'NONE',  ( -0.4288773550486634778, 0.4563943704477188557, -0.09017490584132765996 ) ) ;
#5185 = ORIENTED_EDGE ( 'NONE', *, *, #4275, .F. ) ;
#5186 = DIRECTION ( 'NONE',  ( 0.000000000000000000, -1.000000000000000000, 2.200000000000000003E-16 ) ) ;
#5187 = PLANE ( 'NONE',  #5390 ) ;
#5188 = CARTESIAN_POINT ( 'NONE',  ( -0.4334756259213125573, 0.4793791180929146689, -0.1122144435614309127 ) ) ;
#5189 = CARTESIAN_POINT ( 'NONE',  ( 0.4637173182189488485, 0.4563943704477188557, 0.02791801549324952544 ) ) ;
#5190 = ORIENTED_EDGE ( 'NONE', *, *, #4057, .T. ) ;
#5191 = CARTESIAN_POINT ( 'NONE',  ( 0.5292245155654393685, -0.8841802896065015238, -0.2199355115371235680 ) ) ;
#5192 = EDGE_CURVE ( 'NONE', #5497, #289, #5594, .T. ) ;
#5193 = ORIENTED_EDGE ( 'NONE', *, *, #2453, .F. ) ;
#5194 = AXIS2_PLACEMENT_3D ( 'NONE', #3996, #1693, #4520 ) ;
#5195 = CARTESIAN_POINT ( 'NONE',  ( -0.4165985165920551014, 0.4793791180929146689, 0.02791801549324952544 ) ) ;
#5196 = DIRECTION ( 'NONE',  ( 1.000000000000000000, 0.000000000000000000, 0.000000000000000000 ) ) ;
#5197 = VERTEX_POINT ( 'NONE', #732 ) ;
#5198 = AXIS2_PLACEMENT_3D ( 'NONE', #911, #5950, #5486 ) ;
#5199 = CARTESIAN_POINT ( 'NONE',  ( 0.6246105172581994935, -0.3940412924245302317, -0.1203319978859289513 ) ) ;
#5200 = ADVANCED_FACE ( 'NONE', ( #2632 ), #3627, .T. ) ;
#5201 = EDGE_LOOP ( 'NONE', ( #4027, #768, #4997, #2257 ) ) ;
#5202 = AXIS2_PLACEMENT_3D ( 'NONE', #5583, #1013, #4647 ) ;
#5203 = LINE ( 'NONE', #233, #5148 ) ;
#5204 = DIRECTION ( 'NONE',  ( -1.000000000000000000, 0.000000000000000000, 0.000000000000000000 ) ) ;
#5205 = DIRECTION ( 'NONE',  ( 0.000000000000000000, 1.000000000000000000, 0.000000000000000000 ) ) ;
#5206 = ORIENTED_EDGE ( 'NONE', *, *, #3367, .F. ) ;
#5207 = DIRECTION ( 'NONE',  ( 0.000000000000000000, -1.000000000000000000, 0.000000000000000000 ) ) ;
#5208 = CARTESIAN_POINT ( 'NONE',  ( 0.02355896410324203813, 0.4793791180929146689, 0.02849263801516691702 ) ) ;
#5209 = ORIENTED_EDGE ( 'NONE', *, *, #2462, .T. ) ;
#5210 = CARTESIAN_POINT ( 'NONE',  ( -0.6246105172581994935, 0.3702015667782341257, 0.06929217018693738239 ) ) ;
#5211 = DIRECTION ( 'NONE',  ( 0.000000000000000000, 1.000000000000000000, 0.000000000000000000 ) ) ;
#5212 = CIRCLE ( 'NONE', #860, 0.02068627288067634643 ) ;
#5213 = VERTEX_POINT ( 'NONE', #5894 ) ;
#5214 = CARTESIAN_POINT ( 'NONE',  ( 0.4337415754766603126, -0.4285184138923239239, -0.1049942928165505107 ) ) ;
#5215 = DIRECTION ( 'NONE',  ( -1.000000000000000000, 0.000000000000000000, 9.930632803446247427E-15 ) ) ;
#5216 = EDGE_LOOP ( 'NONE', ( #4333, #4259, #1184, #1629, #2713, #5305, #5727 ) ) ;
#5217 = EDGE_CURVE ( 'NONE', #5491, #5766, #878, .T. ) ;
#5218 = CARTESIAN_POINT ( 'NONE',  ( 0.4942348062327459046, -0.8773335005821920607, -0.2159825171646977959 ) ) ;
#5219 = CARTESIAN_POINT ( 'NONE',  ( 0.5096867790322197056, -0.4101306157761677729, -0.1731640607731207704 ) ) ;
#5220 = CARTESIAN_POINT ( 'NONE',  ( -0.4386080115428273585, 0.4793791180929146689, -0.1102353140210284577 ) ) ;
#5221 = VECTOR ( 'NONE', #3272, 1000.000000000000000 ) ;
#5222 = ORIENTED_EDGE ( 'NONE', *, *, #2368, .T. ) ;
#5223 = FACE_OUTER_BOUND ( 'NONE', #5201, .T. ) ;
#5224 = ORIENTED_EDGE ( 'NONE', *, *, #1955, .T. ) ;
#5225 = ADVANCED_FACE ( 'NONE', ( #3513 ), #2665, .F. ) ;
#5226 = VECTOR ( 'NONE', #6008, 1000.000000000000000 ) ;
#5227 = AXIS2_PLACEMENT_3D ( 'NONE', #4918, #4796, #1718 ) ;
#5228 = CARTESIAN_POINT ( 'NONE',  ( 0.4752096575644259580, -0.1572983916790124115, -0.2076411822409144625 ) ) ;
#5229 = CARTESIAN_POINT ( 'NONE',  ( -0.3997695142758356246, -0.4285184138923239239, -0.1122287072138504760 ) ) ;
#5230 = EDGE_LOOP ( 'NONE', ( #2657, #4984, #156 ) ) ;
#5231 = DIRECTION ( 'NONE',  ( 0.000000000000000000, 0.7071067811865474617, 0.7071067811865474617 ) ) ;
#5232 = VERTEX_POINT ( 'NONE', #3117 ) ;
#5233 = EDGE_CURVE ( 'NONE', #4632, #1551, #4649, .T. ) ;
#5234 = CARTESIAN_POINT ( 'NONE',  ( 0.6246105172581994935, 0.3644553798669347700, 0.06929217018693738239 ) ) ;
#5235 = LINE ( 'NONE', #4323, #1582 ) ;
#5236 = DIRECTION ( 'NONE',  ( -1.000000000000000000, 0.000000000000000000, 0.000000000000000000 ) ) ;
#5237 = ORIENTED_EDGE ( 'NONE', *, *, #5123, .F. ) ;
#5238 = DIRECTION ( 'NONE',  ( 0.000000000000000000, -1.000000000000000000, 2.200000000000000003E-16 ) ) ;
#5239 = CARTESIAN_POINT ( 'NONE',  ( 0.5096867790322197056, -0.1572983916790124115, -0.1731640607731207704 ) ) ;
#5240 = ORIENTED_EDGE ( 'NONE', *, *, #1194, .T. ) ;
#5241 = EDGE_CURVE ( 'NONE', #1180, #1328, #4466, .T. ) ;
#5242 = DIRECTION ( 'NONE',  ( -1.000000000000000000, 0.000000000000000000, 0.000000000000000000 ) ) ;
#5243 = CARTESIAN_POINT ( 'NONE',  ( 0.4637173182189488485, -0.4285184138923239239, 0.02791801549324952544 ) ) ;
#5244 = ORIENTED_EDGE ( 'NONE', *, *, #3803, .F. ) ;
#5245 = DIRECTION ( 'NONE',  ( 0.000000000000000000, 0.000000000000000000, -1.000000000000000000 ) ) ;
#5246 = CARTESIAN_POINT ( 'NONE',  ( -0.3729274960661828064, 0.4793791180929146689, 0.1307747726978751024 ) ) ;
#5247 = ORIENTED_EDGE ( 'NONE', *, *, #4554, .T. ) ;
#5248 = VECTOR ( 'NONE', #213, 1000.000000000000000 ) ;
#5249 = DIRECTION ( 'NONE',  ( -1.000000000000000000, 0.000000000000000000, 0.000000000000000000 ) ) ;
#5250 = CARTESIAN_POINT ( 'NONE',  ( 0.6246105172581994935, -0.3308332364002412596, -0.02264682039384628351 ) ) ;
#5251 = CARTESIAN_POINT ( 'NONE',  ( -0.4392613629799065333, 0.4793791180929146689, -0.1099206148200258387 ) ) ;
#5252 = AXIS2_PLACEMENT_3D ( 'NONE', #4037, #2129, #5357 ) ;
#5253 = DIRECTION ( 'NONE',  ( 1.000000000000000000, 0.000000000000000000, 0.000000000000000000 ) ) ;
#5254 = ORIENTED_EDGE ( 'NONE', *, *, #5271, .T. ) ;
#5255 = VECTOR ( 'NONE', #971, 1000.000000000000000 ) ;
#5256 = AXIS2_PLACEMENT_3D ( 'NONE', #3100, #3071, #4902 ) ;
#5257 = CARTESIAN_POINT ( 'NONE',  ( -0.3959135538419943368, -0.3940412924245302317, -0.07321487414561235474 ) ) ;
#5258 = CARTESIAN_POINT ( 'NONE',  ( -0.3939819412494996453, -0.4285184138923239239, -0.1099421402317038027 ) ) ;
#5259 = ORIENTED_EDGE ( 'NONE', *, *, #5140, .F. ) ;
#5260 = DIRECTION ( 'NONE',  ( 0.000000000000000000, 1.000000000000000000, -2.200000000000000003E-16 ) ) ;
#5261 = EDGE_LOOP ( 'NONE', ( #893, #5548, #3617, #851 ) ) ;
#5262 = EDGE_CURVE ( 'NONE', #2978, #3126, #975, .T. ) ;
#5263 = AXIS2_PLACEMENT_3D ( 'NONE', #3688, #919, #4112 ) ;
#5264 = DIRECTION ( 'NONE',  ( -1.000000000000000000, 0.000000000000000000, 0.000000000000000000 ) ) ;
#5265 = DIRECTION ( 'NONE',  ( 0.000000000000000000, 1.000000000000000000, 0.000000000000000000 ) ) ;
#5266 = CARTESIAN_POINT ( 'NONE',  ( -0.4165998267226706520, 0.4563943704477188557, -0.07321487414561253515 ) ) ;
#5267 = EDGE_LOOP ( 'NONE', ( #3756, #1431 ) ) ;
#5268 = CYLINDRICAL_SURFACE ( 'NONE', #4123, 0.02068627288067634643 ) ;
#5269 = DIRECTION ( 'NONE',  ( 0.000000000000000000, 0.000000000000000000, 1.000000000000000000 ) ) ;
#5270 = ORIENTED_EDGE ( 'NONE', *, *, #5167, .T. ) ;
#5271 = EDGE_CURVE ( 'NONE', #3730, #2091, #5809, .T. ) ;
#5272 = DIRECTION ( 'NONE',  ( 1.000000000000000000, 0.000000000000000000, 0.000000000000000000 ) ) ;
#5273 = DIRECTION ( 'NONE',  ( 1.000000000000000000, 0.000000000000000000, 0.000000000000000000 ) ) ;
#5274 = ORIENTED_EDGE ( 'NONE', *, *, #3201, .T. ) ;
#5275 = DIRECTION ( 'NONE',  ( 0.000000000000000000, 1.000000000000000000, -2.200000000000000003E-16 ) ) ;
#5276 = CIRCLE ( 'NONE', #3552, 0.02068627288067634643 ) ;
#5277 = FACE_OUTER_BOUND ( 'NONE', #5402, .T. ) ;
#5278 = EDGE_CURVE ( 'NONE', #4101, #1163, #5345, .T. ) ;
#5279 = ORIENTED_EDGE ( 'NONE', *, *, #5611, .T. ) ;
#5280 = CIRCLE ( 'NONE', #5084, 0.04367102052587229499 ) ;
#5281 = CYLINDRICAL_SURFACE ( 'NONE', #5741, 0.02068627288067634643 ) ;
#5282 = DIRECTION ( 'NONE',  ( 0.000000000000000000, -2.800000000000000139E-16, -1.000000000000000000 ) ) ;
#5283 = CARTESIAN_POINT ( 'NONE',  ( -0.4399076484227636974, 0.4793791180929146689, -0.1095904334439289779 ) ) ;
#5284 = DIRECTION ( 'NONE',  ( -1.000000000000000000, 0.000000000000000000, 9.827188711743682843E-15 ) ) ;
#5285 = ORIENTED_EDGE ( 'NONE', *, *, #1649, .T. ) ;
#5286 = CARTESIAN_POINT ( 'NONE',  ( 0.6246105172581994935, -0.3250870494889427365, 0.1141452847918281582 ) ) ;
#5287 = CARTESIAN_POINT ( 'NONE',  ( -0.4368350479814748222, 0.4801265902956950993, -0.1129878178800618610 ) ) ;
#5288 = VERTEX_POINT ( 'NONE', #4982 ) ;
#5289 = CARTESIAN_POINT ( 'NONE',  ( 0.4573964781394197487, -0.8720518521975079151, -0.2129331513648552443 ) ) ;
#5290 = ORIENTED_EDGE ( 'NONE', *, *, #152, .F. ) ;
#5291 = AXIS2_PLACEMENT_3D ( 'NONE', #635, #4821, #2989 ) ;
#5292 = EDGE_CURVE ( 'NONE', #550, #4785, #3656, .T. ) ;
#5293 = DIRECTION ( 'NONE',  ( -1.000000000000000000, 0.000000000000000000, 0.000000000000000000 ) ) ;
#5294 = AXIS2_PLACEMENT_3D ( 'NONE', #186, #4341, #5675 ) ;
#5295 = DIRECTION ( 'NONE',  ( -1.000000000000000000, 0.000000000000000000, 0.000000000000000000 ) ) ;
#5296 = DIRECTION ( 'NONE',  ( 1.000000000000000000, 0.000000000000000000, 0.000000000000000000 ) ) ;
#5297 = ORIENTED_EDGE ( 'NONE', *, *, #145, .T. ) ;
#5298 = CARTESIAN_POINT ( 'NONE',  ( 0.4200462976930765535, -0.4285184138923239239, 0.1307747726978751024 ) ) ;
#5299 = PERSON_AND_ORGANIZATION ( #2066, #1157 ) ;
#5300 = ORIENTED_EDGE ( 'NONE', *, *, #1730, .F. ) ;
#5301 = AXIS2_PLACEMENT_3D ( 'NONE', #5046, #1963, #551 ) ;
#5302 = EDGE_CURVE ( 'NONE', #4411, #682, #2692, .T. ) ;
#5303 = CARTESIAN_POINT ( 'NONE',  ( 0.4763588949466857625, -0.8643751213721759807, -0.1877486053990913839 ) ) ;
#5304 = PLANE ( 'NONE',  #5602 ) ;
#5305 = ORIENTED_EDGE ( 'NONE', *, *, #5278, .T. ) ;
#5306 = DIRECTION ( 'NONE',  ( 0.000000000000000000, 1.000000000000000000, 0.000000000000000000 ) ) ;
#5307 = DIRECTION ( 'NONE',  ( 0.000000000000000000, 1.000000000000000000, 0.000000000000000000 ) ) ;
#5308 = AXIS2_PLACEMENT_3D ( 'NONE', #4668, #2351, #3772 ) ;
#5309 = CARTESIAN_POINT ( 'NONE',  ( -0.4043222983965626960, 0.4563943704477188557, -0.09017490584132765996 ) ) ;
#5310 = ORIENTED_EDGE ( 'NONE', *, *, #637, .F. ) ;
#5311 = EDGE_CURVE ( 'NONE', #3154, #5793, #3508, .T. ) ;
#5312 = CARTESIAN_POINT ( 'NONE',  ( -0.6246105172581994935, 0.7092265945448735787, -0.1731640607731207704 ) ) ;
#5313 = DIRECTION ( 'NONE',  ( 0.000000000000000000, 1.000000000000000000, -2.200000000000000003E-16 ) ) ;
#5314 = CARTESIAN_POINT ( 'NONE',  ( 0.6246105172581994935, -0.3940412924245302317, 0.08193378139179516295 ) ) ;
#5315 = CARTESIAN_POINT ( 'NONE',  ( 0.6246105172581994935, 0.4793791180929146689, -0.1042098178375330253 ) ) ;
#5316 = ORIENTED_EDGE ( 'NONE', *, *, #3610, .T. ) ;
#5317 = AXIS2_PLACEMENT_3D ( 'NONE', #5332, #5824, #1680 ) ;
#5318 = EDGE_CURVE ( 'NONE', #5766, #3468, #1803, .T. ) ;
#5319 = CIRCLE ( 'NONE', #2721, 0.05516339434847022244 ) ;
#5320 = DIRECTION ( 'NONE',  ( -1.000000000000000000, 0.000000000000000000, 9.827188711743682843E-15 ) ) ;
#5321 = DIRECTION ( 'NONE',  ( -1.000000000000000000, 0.000000000000000000, 0.000000000000000000 ) ) ;
#5322 = ORIENTED_EDGE ( 'NONE', *, *, #659, .F. ) ;
#5323 = CYLINDRICAL_SURFACE ( 'NONE', #553, 0.04367102052587229499 ) ;
#5324 = EDGE_LOOP ( 'NONE', ( #3455, #4066 ) ) ;
#5325 = CIRCLE ( 'NONE', #5033, 0.02068627288067634643 ) ;
#5326 = DIRECTION ( 'NONE',  ( 0.000000000000000000, -1.000000000000000000, 0.000000000000000000 ) ) ;
#5327 = FACE_BOUND ( 'NONE', #3298, .T. ) ;
#5328 = FACE_BOUND ( 'NONE', #2785, .T. ) ;
#5329 = VECTOR ( 'NONE', #4048, 1000.000000000000000 ) ;
#5330 = ORIENTED_EDGE ( 'NONE', *, *, #3034, .T. ) ;
#5331 = DIRECTION ( 'NONE',  ( 0.000000000000000000, 0.000000000000000000, -1.000000000000000000 ) ) ;
#5332 = CARTESIAN_POINT ( 'NONE',  ( 0.000000000000000000, 0.000000000000000000, 0.000000000000000000 ) ) ;
#5333 = EDGE_LOOP ( 'NONE', ( #5222, #3505, #1368, #536 ) ) ;
#5334 = DIRECTION ( 'NONE',  ( 0.000000000000000000, 1.000000000000000000, -2.200000000000000003E-16 ) ) ;
#5335 = DIRECTION ( 'NONE',  ( -1.000000000000000000, 0.000000000000000000, 0.000000000000000000 ) ) ;
#5336 = ORIENTED_EDGE ( 'NONE', *, *, #1041, .F. ) ;
#5337 = DIRECTION ( 'NONE',  ( -1.000000000000000000, 0.000000000000000000, 0.000000000000000000 ) ) ;
#5338 = DIRECTION ( 'NONE',  ( 1.000000000000000000, 0.000000000000000000, 0.000000000000000000 ) ) ;
#5339 = ORIENTED_EDGE ( 'NONE', *, *, #117, .F. ) ;
#5340 = CARTESIAN_POINT ( 'NONE',  ( 0.4102777454667475565, -0.8498639728996180143, -0.1665401200595445497 ) ) ;
#5341 = CARTESIAN_POINT ( 'NONE',  ( 0.4637160080883331870, 0.4563943704477188557, -0.07321487414561253515 ) ) ;
#5342 = EDGE_CURVE ( 'NONE', #1873, #2132, #5614, .T. ) ;
#5343 = DIRECTION ( 'NONE',  ( 0.000000000000000000, -1.000000000000000000, 0.000000000000000000 ) ) ;
#5344 = DIRECTION ( 'NONE',  ( 0.000000000000000000, 0.000000000000000000, 1.000000000000000000 ) ) ;
#5345 = LINE ( 'NONE', #2601, #2249 ) ;
#5346 = FACE_OUTER_BOUND ( 'NONE', #3424, .T. ) ;
#5347 = ORIENTED_EDGE ( 'NONE', *, *, #3943, .T. ) ;
#5348 = EDGE_CURVE ( 'NONE', #5993, #2978, #5488, .T. ) ;
#5349 = CARTESIAN_POINT ( 'NONE',  ( 0.6246105172581994935, 0.7735838994437965743, -0.1731640607731207704 ) ) ;
#5350 = CARTESIAN_POINT ( 'NONE',  ( -0.4283744325172119116, -0.4285184138923239239, -0.1135998518405588881 ) ) ;
#5351 = VERTEX_POINT ( 'NONE', #512 ) ;
#5352 = LINE ( 'NONE', #1179, #2028 ) ;
#5353 = ORIENTED_EDGE ( 'NONE', *, *, #5948, .T. ) ;
#5354 = CIRCLE ( 'NONE', #2075, 0.04367102052587229499 ) ;
#5355 = ADVANCED_FACE ( 'NONE', ( #4188 ), #3261, .F. ) ;
#5356 = AXIS2_PLACEMENT_3D ( 'NONE', #5796, #3984, #5363 ) ;
#5357 = DIRECTION ( 'NONE',  ( 1.000000000000000000, 0.000000000000000000, 0.000000000000000000 ) ) ;
#5358 = DIRECTION ( 'NONE',  ( 0.000000000000000000, 1.000000000000000000, -2.800000000000000139E-16 ) ) ;
#5359 = EDGE_LOOP ( 'NONE', ( #3097, #4359, #5934 ) ) ;
#5360 = FACE_OUTER_BOUND ( 'NONE', #2189, .T. ) ;
#5361 = DIRECTION ( 'NONE',  ( 0.000000000000000000, 1.000000000000000000, 0.000000000000000000 ) ) ;
#5362 = VERTEX_POINT ( 'NONE', #6002 ) ;
#5363 = DIRECTION ( 'NONE',  ( 1.000000000000000000, 0.000000000000000000, 0.000000000000000000 ) ) ;
#5364 = DIRECTION ( 'NONE',  ( -1.000000000000000000, 0.000000000000000000, 0.000000000000000000 ) ) ;
#5365 = ORIENTED_EDGE ( 'NONE', *, *, #1016, .F. ) ;
#5366 = CARTESIAN_POINT ( 'NONE',  ( 0.4734858014910355850, -0.8369807821502699419, -0.1926848561929783710 ) ) ;
#5367 = CARTESIAN_POINT ( 'NONE',  ( 0.02355896410324203813, 0.4563943704477188557, 0.02849263801516691702 ) ) ;
#5368 = ORIENTED_EDGE ( 'NONE', *, *, #1055, .F. ) ;
#5369 = DIRECTION ( 'NONE',  ( 0.000000000000000000, 0.000000000000000000, -1.000000000000000000 ) ) ;
#5370 = DIRECTION ( 'NONE',  ( -1.000000000000000000, 0.000000000000000000, 0.000000000000000000 ) ) ;
#5371 = AXIS2_PLACEMENT_3D ( 'NONE', #5199, #3336, #4177 ) ;
#5372 = CARTESIAN_POINT ( 'NONE',  ( 0.5556562743226112211, -0.9000000000000000222, -0.2290690230178078768 ) ) ;
#5373 = DIRECTION ( 'NONE',  ( 0.000000000000000000, 0.000000000000000000, -1.000000000000000000 ) ) ;
#5374 = EDGE_CURVE ( 'NONE', #3515, #3357, #5517, .T. ) ;
#5375 = CARTESIAN_POINT ( 'NONE',  ( -0.4288773550486634778, -0.4055336662470138132, -0.09017490584132765996 ) ) ;
#5376 = CARTESIAN_POINT ( 'NONE',  ( -0.5096867790322197056, 0.9000000000000000222, -0.2133873691522135130 ) ) ;
#5377 = VERTEX_POINT ( 'NONE', #856 ) ;
#5378 = AXIS2_PLACEMENT_3D ( 'NONE', #1400, #1823, #2769 ) ;
#5379 = FACE_OUTER_BOUND ( 'NONE', #927, .T. ) ;
#5380 = PLANE ( 'NONE',  #3054 ) ;
#5381 = VERTEX_POINT ( 'NONE', #3229 ) ;
#5382 = CARTESIAN_POINT ( 'NONE',  ( -0.4165998267226706520, 0.4793791180929146689, -0.07321487414561253515 ) ) ;
#5383 = ORIENTED_EDGE ( 'NONE', *, *, #5140, .T. ) ;
#5384 = DIRECTION ( 'NONE',  ( 0.000000000000000000, -1.000000000000000000, 2.200000000000000003E-16 ) ) ;
#5385 = EDGE_CURVE ( 'NONE', #3103, #3582, #1375, .T. ) ;
#5386 = DIRECTION ( 'NONE',  ( 0.000000000000000000, 1.000000000000000000, -2.200000000000000003E-16 ) ) ;
#5387 = ORIENTED_EDGE ( 'NONE', *, *, #346, .T. ) ;
#5388 = CARTESIAN_POINT ( 'NONE',  ( 0.4733025157684394579, -0.4055336662468985720, -0.09205445074300326602 ) ) ;
#5389 = VERTEX_POINT ( 'NONE', #4214 ) ;
#5390 = AXIS2_PLACEMENT_3D ( 'NONE', #639, #3325, #5282 ) ;
#5391 = CARTESIAN_POINT ( 'NONE',  ( 0.4731411798750248532, 0.4793791180929146689, -0.1140217218196817317 ) ) ;
#5392 = CARTESIAN_POINT ( 'NONE',  ( 0.4912200450258460971, -0.8657410299427367173, -0.2095422944588992697 ) ) ;
#5393 = ORIENTED_EDGE ( 'NONE', *, *, #4000, .T. ) ;
#5394 = LINE ( 'NONE', #4280, #1308 ) ;
#5395 = PLANE ( 'NONE',  #2637 ) ;
#5396 = ORIENTED_EDGE ( 'NONE', *, *, #2212, .T. ) ;
#5397 = VECTOR ( 'NONE', #5165, 1000.000000000000000 ) ;
#5398 = LINE ( 'NONE', #4947, #3618 ) ;
#5399 = VECTOR ( 'NONE', #5902, 1000.000000000000000 ) ;
#5400 = CYLINDRICAL_SURFACE ( 'NONE', #3712, 0.03160402801214438201 ) ;
#5401 = PLANE ( 'NONE',  #3957 ) ;
#5402 = EDGE_LOOP ( 'NONE', ( #1307, #2910, #5316, #499 ) ) ;
#5403 = DIRECTION ( 'NONE',  ( 0.000000000000000000, 0.000000000000000000, -1.000000000000000000 ) ) ;
#5404 = PLANE ( 'NONE',  #357 ) ;
#5405 = ORIENTED_EDGE ( 'NONE', *, *, #1542, .F. ) ;
#5406 = EDGE_CURVE ( 'NONE', #2014, #675, #1461, .T. ) ;
#5407 = FACE_OUTER_BOUND ( 'NONE', #1137, .T. ) ;
#5408 = FACE_OUTER_BOUND ( 'NONE', #5530, .T. ) ;
#5409 = AXIS2_PLACEMENT_3D ( 'NONE', #850, #1769, #1370 ) ;
#5410 = EDGE_LOOP ( 'NONE', ( #3174, #5619, #3280, #2435 ) ) ;
#5411 = CARTESIAN_POINT ( 'NONE',  ( 0.6246105172581994935, -0.3940412924245302317, 0.06584445804015801040 ) ) ;
#5412 = ORIENTED_EDGE ( 'NONE', *, *, #676, .T. ) ;
#5413 = EDGE_CURVE ( 'NONE', #4991, #3111, #5574, .T. ) ;
#5414 = CARTESIAN_POINT ( 'NONE',  ( 0.5266091807832077309, -0.8632003714112140846, -0.2078227535324824460 ) ) ;
#5415 = ORIENTED_EDGE ( 'NONE', *, *, #3974, .F. ) ;
#5416 = LINE ( 'NONE', #1305, #1113 ) ;
#5417 = DIRECTION ( 'NONE',  ( 0.000000000000000000, 1.000000000000000000, 0.000000000000000000 ) ) ;
#5418 = EDGE_LOOP ( 'NONE', ( #1304, #1555, #3065, #618 ) ) ;
#5419 = AXIS2_PLACEMENT_3D ( 'NONE', #555, #4200, #1905 ) ;
#5420 = EDGE_CURVE ( 'NONE', #633, #1505, #391, .T. ) ;
#5421 = VECTOR ( 'NONE', #1073, 1000.000000000000000 ) ;
#5422 = CARTESIAN_POINT ( 'NONE',  ( 0.4430332581881183396, 0.4793791180929146689, -0.1108197995427179922 ) ) ;
#5423 = FACE_OUTER_BOUND ( 'NONE', #3462, .T. ) ;
#5424 = ORIENTED_EDGE ( 'NONE', *, *, #2258, .T. ) ;
#5425 = DIRECTION ( 'NONE',  ( 0.000000000000000000, 0.000000000000000000, 1.000000000000000000 ) ) ;
#5426 = CARTESIAN_POINT ( 'NONE',  ( 0.6246105172581994935, 0.4334096228025230979, 0.1669773476790199773 ) ) ;
#5427 = VERTEX_POINT ( 'NONE', #5735 ) ;
#5428 = AXIS2_PLACEMENT_3D ( 'NONE', #2080, #5245, #5703 ) ;
#5429 = ADVANCED_FACE ( 'NONE', ( #1588 ), #3412, .F. ) ;
#5430 = LINE ( 'NONE', #3625, #5638 ) ;
#5431 = CARTESIAN_POINT ( 'NONE',  ( 0.6246105172581994935, 0.4334096228025230979, 0.1669773476790199773 ) ) ;
#5432 = DIRECTION ( 'NONE',  ( 0.000000000000000000, -0.4856406976879717452, 0.8741585169459485938 ) ) ;
#5433 = DIRECTION ( 'NONE',  ( 0.000000000000000000, 1.000000000000000000, 0.000000000000000000 ) ) ;
#5434 = ORIENTED_EDGE ( 'NONE', *, *, #5050, .T. ) ;
#5435 = CARTESIAN_POINT ( 'NONE',  ( 0.5073870286142054820, 0.4793791180929146689, -0.07321487414561253515 ) ) ;
#5436 = DIRECTION ( 'NONE',  ( 0.000000000000000000, 0.000000000000000000, 1.000000000000000000 ) ) ;
#5437 = ORIENTED_EDGE ( 'NONE', *, *, #2185, .T. ) ;
#5438 = PLANE ( 'NONE',  #5586 ) ;
#5439 = ORIENTED_EDGE ( 'NONE', *, *, #4217, .T. ) ;
#5440 = EDGE_CURVE ( 'NONE', #3215, #5825, #5722, .T. ) ;
#5441 = CARTESIAN_POINT ( 'NONE',  ( 0.5232972298730624860, -0.8614986190851490200, -0.2068402466457475164 ) ) ;
#5442 = AXIS2_PLACEMENT_3D ( 'NONE', #2209, #1745, #340 ) ;
#5443 = EDGE_CURVE ( 'NONE', #4507, #2424, #5519, .T. ) ;
#5444 = ORIENTED_EDGE ( 'NONE', *, *, #5979, .F. ) ;
#5445 = CARTESIAN_POINT ( 'NONE',  ( -0.5096867790322197056, 0.9000000000000000222, -0.2191335560635125357 ) ) ;
#5446 = DATE_TIME_ROLE ( 'creation_date' ) ;
#5447 = ORIENTED_EDGE ( 'NONE', *, *, #1197, .F. ) ;
#5448 = CIRCLE ( 'NONE', #2076, 0.03447712146779387254 ) ;
#5449 = VECTOR ( 'NONE', #1883, 1000.000000000000000 ) ;
#5450 = DIRECTION ( 'NONE',  ( -0.000000000000000000, 1.000000000000000000, 0.000000000000000000 ) ) ;
#5451 = EDGE_CURVE ( 'NONE', #810, #2545, #2822, .T. ) ;
#5452 = VECTOR ( 'NONE', #5321, 1000.000000000000000 ) ;
#5453 = VERTEX_POINT ( 'NONE', #3320 ) ;
#5454 = CARTESIAN_POINT ( 'NONE',  ( -0.4292401622740334433, -0.1572983916790124115, -0.1731640607731207704 ) ) ;
#5455 = CC_DESIGN_PERSON_AND_ORGANIZATION_ASSIGNMENT ( #5025, #1362, ( #4247 ) ) ;
#5456 = DIRECTION ( 'NONE',  ( 0.000000000000000000, 1.000000000000000000, -2.800000000000000139E-16 ) ) ;
#5457 = ORIENTED_EDGE ( 'NONE', *, *, #998, .T. ) ;
#5458 = VECTOR ( 'NONE', #581, 1000.000000000000000 ) ;
#5459 = DIRECTION ( 'NONE',  ( 0.000000000000000000, 0.000000000000000000, -1.000000000000000000 ) ) ;
#5460 = CARTESIAN_POINT ( 'NONE',  ( -0.4165998267226706520, 0.4334096228025230979, -0.07321487414561253515 ) ) ;
#5461 = EDGE_CURVE ( 'NONE', #3773, #4074, #3833, .T. ) ;
#5462 = DIRECTION ( 'NONE',  ( 0.000000000000000000, -1.000000000000000000, 0.000000000000000000 ) ) ;
#5463 = DIRECTION ( 'NONE',  ( 0.000000000000000000, 1.000000000000000000, 0.000000000000000000 ) ) ;
#5464 = ORIENTED_EDGE ( 'NONE', *, *, #1494, .F. ) ;
#5465 = DIRECTION ( 'NONE',  ( 0.000000000000000000, 1.000000000000000000, 0.000000000000000000 ) ) ;
#5466 = CARTESIAN_POINT ( 'NONE',  ( 0.4637160080883331870, 0.4563943704477188557, -0.07321487414561253515 ) ) ;
#5467 = ORIENTED_EDGE ( 'NONE', *, *, #4566, .T. ) ;
#5468 = FACE_OUTER_BOUND ( 'NONE', #3075, .T. ) ;
#5469 = CIRCLE ( 'NONE', #2293, 0.02068627288067634643 ) ;
#5470 = ORIENTED_EDGE ( 'NONE', *, *, #5501, .T. ) ;
#5471 = CARTESIAN_POINT ( 'NONE',  ( 0.5144733589208823066, -0.9000000000000000222, -0.2285749410535072579 ) ) ;
#5472 = ORIENTED_EDGE ( 'NONE', *, *, #1910, .F. ) ;
#5473 = CARTESIAN_POINT ( 'NONE',  ( 0.4763588949466857625, -0.8643751213721759807, -0.1877486053990913839 ) ) ;
#5474 = PERSON_AND_ORGANIZATION ( #2066, #1157 ) ;
#5475 = VERTEX_POINT ( 'NONE', #5637 ) ;
#5476 = EDGE_CURVE ( 'NONE', #4352, #409, #5182, .T. ) ;
#5477 = DIRECTION ( 'NONE',  ( 0.000000000000000000, 1.000000000000000000, -2.200000000000000003E-16 ) ) ;
#5478 = VERTEX_POINT ( 'NONE', #4273 ) ;
#5479 = DIRECTION ( 'NONE',  ( 0.000000000000000000, 1.000000000000000000, 0.000000000000000000 ) ) ;
#5480 = CARTESIAN_POINT ( 'NONE',  ( 0.4953213117539672083, -0.8593872484895319630, -0.2056212374274540011 ) ) ;
#5481 = VERTEX_POINT ( 'NONE', #5152 ) ;
#5482 = AXIS2_PLACEMENT_3D ( 'NONE', #3545, #3059, #1748 ) ;
#5483 = ADVANCED_FACE ( 'NONE', ( #149 ), #2473, .F. ) ;
#5484 = CIRCLE ( 'NONE', #743, 0.02873093455649494005 ) ;
#5485 = DIRECTION ( 'NONE',  ( 1.000000000000000000, 0.000000000000000000, 0.000000000000000000 ) ) ;
#5486 = DIRECTION ( 'NONE',  ( -1.000000000000000000, 0.000000000000000000, 9.827188711743682843E-15 ) ) ;
#5487 = VECTOR ( 'NONE', #4336, 1000.000000000000000 ) ;
#5488 = LINE ( 'NONE', #4159, #1175 ) ;
#5489 = DIRECTION ( 'NONE',  ( 0.000000000000000000, -0.4856406976879717452, 0.8741585169459485938 ) ) ;
#5490 = EDGE_CURVE ( 'NONE', #2424, #2703, #3380, .T. ) ;
#5491 = VERTEX_POINT ( 'NONE', #2407 ) ;
#5492 = ADVANCED_FACE ( 'NONE', ( #3802 ), #3926, .F. ) ;
#5493 = EDGE_CURVE ( 'NONE', #5155, #2125, #4819, .T. ) ;
#5494 = LINE ( 'NONE', #1350, #1387 ) ;
#5495 = LINE ( 'NONE', #57, #5818 ) ;
#5496 = CARTESIAN_POINT ( 'NONE',  ( -0.4235300628111377530, 0.4821960588684740534, -0.1177229139595189211 ) ) ;
#5497 = VERTEX_POINT ( 'NONE', #664 ) ;
#5498 = CARTESIAN_POINT ( 'NONE',  ( -0.4752096575644259580, -0.4101306157761677729, -0.1731640607731207704 ) ) ;
#5499 = AXIS2_PLACEMENT_3D ( 'NONE', #5952, #3262, #5607 ) ;
#5500 = ORIENTED_EDGE ( 'NONE', *, *, #2627, .F. ) ;
#5501 = EDGE_CURVE ( 'NONE', #2132, #1873, #2535, .T. ) ;
#5502 = AXIS2_PLACEMENT_3D ( 'NONE', #3282, #5116, #1824 ) ;
#5503 = CARTESIAN_POINT ( 'NONE',  ( 0.5378733242675567405, -0.8753655519682559394, -0.2148463218228472416 ) ) ;
#5504 = ORIENTED_EDGE ( 'NONE', *, *, #2159, .F. ) ;
#5505 = CARTESIAN_POINT ( 'NONE',  ( 0.4551014832552836009, -0.8471779574093908360, -0.1985721992169814654 ) ) ;
#5506 = CALENDAR_DATE ( 2026, 29, 6 ) ;
#5507 = ORIENTED_EDGE ( 'NONE', *, *, #3537, .T. ) ;
#5508 = DIRECTION ( 'NONE',  ( 0.000000000000000000, 0.000000000000000000, -1.000000000000000000 ) ) ;
#5509 = CIRCLE ( 'NONE', #3297, 0.04367102052587229499 ) ;
#5510 = ORIENTED_EDGE ( 'NONE', *, *, #2547, .T. ) ;
#5511 = PLANE ( 'NONE',  #1615 ) ;
#5512 = LINE ( 'NONE', #1313, #4083 ) ;
#5513 = ORIENTED_EDGE ( 'NONE', *, *, #5948, .F. ) ;
#5514 = AXIS2_PLACEMENT_3D ( 'NONE', #980, #5161, #2837 ) ;
#5515 = DIRECTION ( 'NONE',  ( 1.000000000000000000, 0.000000000000000000, 0.000000000000000000 ) ) ;
#5516 = LINE ( 'NONE', #1890, #4136 ) ;
#5517 = LINE ( 'NONE', #2718, #4948 ) ;
#5518 = ADVANCED_FACE ( 'NONE', ( #1953, #3049, #4073, #2686, #1686 ), #2141, .F. ) ;
#5519 = CIRCLE ( 'NONE', #5129, 0.03160402801214438201 ) ;
#5520 = LINE ( 'NONE', #485, #1145 ) ;
#5521 = ORIENTED_EDGE ( 'NONE', *, *, #346, .F. ) ;
#5522 = CARTESIAN_POINT ( 'NONE',  ( 0.4752096575644259580, -0.1917755131468061036, -0.1731640607731207704 ) ) ;
#5523 = LINE ( 'NONE', #1010, #3206 ) ;
#5524 = CARTESIAN_POINT ( 'NONE',  ( -0.4165985165920551014, -0.3940412924245302317, 0.1307747726978751024 ) ) ;
#5525 = ORIENTED_EDGE ( 'NONE', *, *, #487, .T. ) ;
#5526 = CYLINDRICAL_SURFACE ( 'NONE', #5301, 0.02068627288067634643 ) ;
#5527 = ORIENTED_EDGE ( 'NONE', *, *, #3943, .F. ) ;
#5528 = DIRECTION ( 'NONE',  ( 0.000000000000000000, 0.000000000000000000, -1.000000000000000000 ) ) ;
#5529 = LINE ( 'NONE', #526, #3148 ) ;
#5530 = EDGE_LOOP ( 'NONE', ( #2762, #3949, #4468, #3557 ) ) ;
#5531 = CARTESIAN_POINT ( 'NONE',  ( -0.4752096575644259580, -0.4101306157761677729, -0.2076411822409144625 ) ) ;
#5532 = EDGE_CURVE ( 'NONE', #3219, #4756, #89, .T. ) ;
#5533 = EDGE_LOOP ( 'NONE', ( #3637, #3252 ) ) ;
#5534 = AXIS2_PLACEMENT_3D ( 'NONE', #4356, #2460, #3036 ) ;
#5535 = DIRECTION ( 'NONE',  ( 0.000000000000000000, -1.000000000000000000, 2.200000000000000003E-16 ) ) ;
#5536 = ORIENTED_EDGE ( 'NONE', *, *, #3790, .F. ) ;
#5537 = VECTOR ( 'NONE', #5955, 1000.000000000000000 ) ;
#5538 = CARTESIAN_POINT ( 'NONE',  ( 0.3855691417481612593, 0.8247217346575649310, -0.2076411822409144625 ) ) ;
#5539 = DIRECTION ( 'NONE',  ( 0.000000000000000000, 1.000000000000000000, -2.200000000000000003E-16 ) ) ;
#5540 = ORIENTED_EDGE ( 'NONE', *, *, #97, .F. ) ;
#5541 = CIRCLE ( 'NONE', #3428, 0.02068627288067634643 ) ;
#5542 = AXIS2_PLACEMENT_3D ( 'NONE', #1208, #5873, #3578 ) ;
#5543 = CARTESIAN_POINT ( 'NONE',  ( 0.5108367174492824958, -0.9115913541422375754, -0.1705952984195978905 ) ) ;
#5544 = CARTESIAN_POINT ( 'NONE',  ( 0.6246105172581994935, 0.3702015667782341257, -0.02264682039384628351 ) ) ;
#5545 = ORIENTED_EDGE ( 'NONE', *, *, #945, .T. ) ;
#5546 = DIRECTION ( 'NONE',  ( 0.000000000000000000, 1.000000000000000000, -2.200000000000000003E-16 ) ) ;
#5547 = CARTESIAN_POINT ( 'NONE',  ( -0.3855691417481612593, 0.8874385589952683562, -0.2259488101569454566 ) ) ;
#5548 = ORIENTED_EDGE ( 'NONE', *, *, #5490, .T. ) ;
#5549 = VECTOR ( 'NONE', #5647, 1000.000000000000000 ) ;
#5550 = EDGE_CURVE ( 'NONE', #711, #291, #4363, .T. ) ;
#5551 = FACE_OUTER_BOUND ( 'NONE', #2733, .T. ) ;
#5552 = CARTESIAN_POINT ( 'NONE',  ( 0.4102777454667470569, -0.8357378688385955767, -0.1919672604021815943 ) ) ;
#5553 = DIRECTION ( 'NONE',  ( -1.000000000000000000, 0.000000000000000000, 0.000000000000000000 ) ) ;
#5554 = ORIENTED_EDGE ( 'NONE', *, *, #5626, .T. ) ;
#5555 = CARTESIAN_POINT ( 'NONE',  ( 0.4637173182189488485, 0.4334096228025230979, 0.02791801549324952544 ) ) ;
#5556 = ORIENTED_EDGE ( 'NONE', *, *, #3250, .T. ) ;
#5557 = ADVANCED_FACE ( 'NONE', ( #4458 ), #3471, .F. ) ;
#5558 = CARTESIAN_POINT ( 'NONE',  ( -0.6246105172581994935, -0.3250870494889427365, -0.02264682039384628351 ) ) ;
#5559 = AXIS2_PLACEMENT_3D ( 'NONE', #2921, #14, #1914 ) ;
#5560 = CARTESIAN_POINT ( 'NONE',  ( 0.6246105172581994935, 0.3644553798669347700, -0.06628498422295976689 ) ) ;
#5561 = EDGE_LOOP ( 'NONE', ( #3733, #738 ) ) ;
#5562 = CARTESIAN_POINT ( 'NONE',  ( 0.4763588949466857625, -0.8699562858134970433, -0.1777024489421400733 ) ) ;
#5563 = ORIENTED_EDGE ( 'NONE', *, *, #1379, .T. ) ;
#5564 = AXIS2_PLACEMENT_3D ( 'NONE', #2261, #1283, #820 ) ;
#5565 = EDGE_CURVE ( 'NONE', #3038, #5889, #1655, .T. ) ;
#5566 = DIRECTION ( 'NONE',  ( 1.000000000000000000, 0.000000000000000000, 0.000000000000000000 ) ) ;
#5567 = EDGE_LOOP ( 'NONE', ( #2071, #4228, #1865, #3835 ) ) ;
#5568 = CARTESIAN_POINT ( 'NONE',  ( 0.4541295004080659337, 0.4563943704477071983, -0.09205445074296869645 ) ) ;
#5569 = FACE_BOUND ( 'NONE', #790, .T. ) ;
#5570 = ORIENTED_EDGE ( 'NONE', *, *, #2914, .F. ) ;
#5571 = CARTESIAN_POINT ( 'NONE',  ( -0.4165985165920551014, -0.4055336662471280551, 0.02791801549324952544 ) ) ;
#5572 = LINE ( 'NONE', #3287, #4830 ) ;
#5573 = EDGE_LOOP ( 'NONE', ( #3314, #5525, #819, #129 ) ) ;
#5574 = LINE ( 'NONE', #1862, #3693 ) ;
#5575 = CARTESIAN_POINT ( 'NONE',  ( 0.4430297352076568718, 0.4793791180929146689, -0.07321487414561253515 ) ) ;
#5576 = EDGE_CURVE ( 'NONE', #4009, #5925, #4839, .T. ) ;
#5577 = ORIENTED_EDGE ( 'NONE', *, *, #1127, .F. ) ;
#5578 = CIRCLE ( 'NONE', #5198, 0.02068627288067634643 ) ;
#5579 = LINE ( 'NONE', #979, #3960 ) ;
#5580 = CARTESIAN_POINT ( 'NONE',  ( 0.4844035910996252192, 0.4793791180929146689, 0.02791801549324952891 ) ) ;
#5581 = DIRECTION ( 'NONE',  ( 0.000000000000000000, 0.000000000000000000, -1.000000000000000000 ) ) ;
#5582 = EDGE_LOOP ( 'NONE', ( #267, #3179, #5584, #1656 ) ) ;
#5583 = CARTESIAN_POINT ( 'NONE',  ( 0.4683211946289665417, -0.8560941418002600001, -0.2037199613687945832 ) ) ;
#5584 = ORIENTED_EDGE ( 'NONE', *, *, #1103, .F. ) ;
#5585 = EDGE_CURVE ( 'NONE', #5155, #4689, #821, .T. ) ;
#5586 = AXIS2_PLACEMENT_3D ( 'NONE', #4031, #5959, #3210 ) ;
#5587 = VECTOR ( 'NONE', #829, 1000.000000000000000 ) ;
#5588 = CARTESIAN_POINT ( 'NONE',  ( 0.6246105172581994935, -0.3940412924245302317, -0.03528843159870404672 ) ) ;
#5589 = CARTESIAN_POINT ( 'NONE',  ( 0.4430310453382724778, 0.4334096228025230979, 0.02791801549324952544 ) ) ;
#5590 = VERTEX_POINT ( 'NONE', #758 ) ;
#5591 = DIRECTION ( 'NONE',  ( 0.000000000000000000, 0.000000000000000000, -1.000000000000000000 ) ) ;
#5592 = ORIENTED_EDGE ( 'NONE', *, *, #2658, .T. ) ;
#5593 = ADVANCED_FACE ( 'NONE', ( #1192, #4515 ), #5395, .T. ) ;
#5594 = B_SPLINE_CURVE_WITH_KNOTS ( 'NONE', 7,
 ( #1992, #2446, #5646, #155, #1102, #5676, #3479, #4250, #5283, #5251, #5220, #1531, #4799, #3387, #2022, #187, #2539, #3869, #5188, #1170, #2057, #5709, #1565, #3417, #5742, #1595, #1135, #2996, #4825, #1042, #218, #2087, #3932, #5775, #3025, #1261, #2211, #1232, #3172, #797, #4436, #372, #703, #1665, #3087, #4920, #1721, #5923, #766, #4405 ),
 .UNSPECIFIED., .F., .F.,
 ( 8, 6, 6, 6, 6, 6, 6, 6, 8 ),
 ( 0.000000000000000000, 0.1160304254069999957, 0.1922098090060000153, 0.2507261899839999808, 0.5001815525330000067, 0.7485560000400000025, 0.8070686828720000650, 0.8832324996029999875, 1.000000000000000000 ),
 .UNSPECIFIED. ) ;
#5595 = FACE_OUTER_BOUND ( 'NONE', #2097, .T. ) ;
#5596 = ORIENTED_EDGE ( 'NONE', *, *, #4497, .T. ) ;
#5597 = CYLINDRICAL_SURFACE ( 'NONE', #1606, 0.005746186911298984540 ) ;
#5598 = LINE ( 'NONE', #535, #3675 ) ;
#5599 = VERTEX_POINT ( 'NONE', #3534 ) ;
#5600 = ADVANCED_FACE ( 'NONE', ( #4944 ), #5831, .F. ) ;
#5601 = EDGE_CURVE ( 'NONE', #4756, #3219, #3992, .T. ) ;
#5602 = AXIS2_PLACEMENT_3D ( 'NONE', #4365, #209, #3015 ) ;
#5603 = CARTESIAN_POINT ( 'NONE',  ( 0.4763588949466857625, -0.8554452582661091764, -0.2038224557302181772 ) ) ;
#5604 = CARTESIAN_POINT ( 'NONE',  ( 0.4782887971585361719, -0.4055336662471280551, -0.08789668957863107368 ) ) ;
#5605 = ORIENTED_EDGE ( 'NONE', *, *, #2536, .F. ) ;
#5606 = CARTESIAN_POINT ( 'NONE',  ( -0.6246105172581994935, 0.4334096228025230979, 0.001154672520557581883 ) ) ;
#5607 = DIRECTION ( 'NONE',  ( 0.000000000000000000, 0.000000000000000000, 1.000000000000000000 ) ) ;
#5608 = EDGE_CURVE ( 'NONE', #3359, #4999, #3408, .T. ) ;
#5609 = ORIENTED_EDGE ( 'NONE', *, *, #5881, .T. ) ;
#5610 = VECTOR ( 'NONE', #193, 1000.000000000000000 ) ;
#5611 = EDGE_CURVE ( 'NONE', #902, #1245, #4172, .T. ) ;
#5612 = LINE ( 'NONE', #87, #2177 ) ;
#5613 = DIRECTION ( 'NONE',  ( 0.000000000000000000, 0.000000000000000000, -1.000000000000000000 ) ) ;
#5614 = CIRCLE ( 'NONE', #4744, 0.04367102052587229499 ) ;
#5615 = DIRECTION ( 'NONE',  ( 0.000000000000000000, 1.000000000000000000, -2.200000000000000003E-16 ) ) ;
#5616 = CARTESIAN_POINT ( 'NONE',  ( 0.4637160080883331870, -0.3940412924245302317, -0.07321487414561253515 ) ) ;
#5617 = EDGE_LOOP ( 'NONE', ( #4910, #4442, #2525, #1543, #2981, #5852 ) ) ;
#5618 = CARTESIAN_POINT ( 'NONE',  ( 0.4554876975800705163, -0.8471779162865730184, -0.1985721763711075227 ) ) ;
#5619 = ORIENTED_EDGE ( 'NONE', *, *, #3447, .F. ) ;
#5620 = VECTOR ( 'NONE', #2112, 1000.000000000000000 ) ;
#5621 = CARTESIAN_POINT ( 'NONE',  ( 0.4637173182189488485, -0.3940412924245302317, 0.1307747726978751024 ) ) ;
#5622 = DIRECTION ( 'NONE',  ( 0.000000000000000000, -1.000000000000000000, 0.000000000000000000 ) ) ;
#5623 = VERTEX_POINT ( 'NONE', #4018 ) ;
#5624 = CARTESIAN_POINT ( 'NONE',  ( -0.4602695371179273964, -0.4285184138923239239, 0.1307747726978751024 ) ) ;
#5625 = ORIENTED_EDGE ( 'NONE', *, *, #1025, .T. ) ;
#5626 = EDGE_CURVE ( 'NONE', #2941, #2902, #1742, .T. ) ;
#5627 = CARTESIAN_POINT ( 'NONE',  ( 0.4430297352076568718, 0.4334096228025230979, -0.07321487414561253515 ) ) ;
#5628 = ORIENTED_EDGE ( 'NONE', *, *, #5413, .T. ) ;
#5629 = CARTESIAN_POINT ( 'NONE',  ( 0.4567857719998895671, 0.4821960588683705806, -0.1177229139595878382 ) ) ;
#5630 = CARTESIAN_POINT ( 'NONE',  ( -0.5096867790322197056, 0.9000000000000000222, -0.1961488084183167502 ) ) ;
#5631 = VERTEX_POINT ( 'NONE', #4849 ) ;
#5632 = EDGE_CURVE ( 'NONE', #4810, #2827, #3596, .T. ) ;
#5633 = AXIS2_PLACEMENT_3D ( 'NONE', #687, #2550, #2101 ) ;
#5634 = LINE ( 'NONE', #5179, #5153 ) ;
#5635 = DIRECTION ( 'NONE',  ( 1.000000000000000000, 0.000000000000000000, 0.000000000000000000 ) ) ;
#5636 = ORIENTED_EDGE ( 'NONE', *, *, #232, .F. ) ;
#5637 = CARTESIAN_POINT ( 'NONE',  ( 0.5901333957904049132, -0.7997279457992354512, -0.1731640607731207704 ) ) ;
#5638 = VECTOR ( 'NONE', #4050, 1000.000000000000000 ) ;
#5639 = LINE ( 'NONE', #5246, #1435 ) ;
#5640 = CARTESIAN_POINT ( 'NONE',  ( 0.4844035910996252192, 0.4793791180929146689, 0.1307747726978751024 ) ) ;
#5641 = APPLICATION_CONTEXT ( 'configuration controlled 3d designs of mechanical parts and assemblies' ) ;
#5642 = AXIS2_PLACEMENT_3D ( 'NONE', #1367, #3162, #4567 ) ;
#5643 = EDGE_CURVE ( 'NONE', #3515, #3468, #1284, .T. ) ;
#5644 = CARTESIAN_POINT ( 'NONE',  ( -0.4752096575644259580, -0.4446077372439614650, -0.1731640607731207704 ) ) ;
#5645 = DIRECTION ( 'NONE',  ( 0.000000000000000000, -0.4856406976879716897, 0.8741585169459484828 ) ) ;
#5646 = CARTESIAN_POINT ( 'NONE',  ( -0.4457458971093951061, 0.4793791180929146689, -0.1057403425193411267 ) ) ;
#5647 = DIRECTION ( 'NONE',  ( -1.000000000000000000, 0.000000000000000000, 0.000000000000000000 ) ) ;
#5648 = AXIS2_PLACEMENT_3D ( 'NONE', #2070, #2551, #3037 ) ;
#5649 = ORIENTED_EDGE ( 'NONE', *, *, #4043, .F. ) ;
#5650 = DIRECTION ( 'NONE',  ( 0.000000000000000000, -1.000000000000000000, 2.200000000000000003E-16 ) ) ;
#5651 = ORIENTED_EDGE ( 'NONE', *, *, #4603, .F. ) ;
#5652 = DIRECTION ( 'NONE',  ( 1.000000000000000000, 0.000000000000000000, 0.000000000000000000 ) ) ;
#5653 = LINE ( 'NONE', #1632, #5452 ) ;
#5654 = VERTEX_POINT ( 'NONE', #696 ) ;
#5655 = CARTESIAN_POINT ( 'NONE',  ( 0.6246105172581994935, -0.4285184138923239239, -0.1042098178375330253 ) ) ;
#5656 = ORIENTED_EDGE ( 'NONE', *, *, #215, .T. ) ;
#5657 = CARTESIAN_POINT ( 'NONE',  ( -0.4235300628112520505, -0.4313353546677914374, -0.1177229139595074026 ) ) ;
#5658 = CARTESIAN_POINT ( 'NONE',  ( -0.4165998267226706520, 0.4793791180929146689, -0.07321487414561253515 ) ) ;
#5659 = CARTESIAN_POINT ( 'NONE',  ( 0.5096867790322197056, 0.8402396561224900751, -0.2248797429748115584 ) ) ;
#5660 = EDGE_LOOP ( 'NONE', ( #5507, #4318 ) ) ;
#5661 = CARTESIAN_POINT ( 'NONE',  ( 0.02355896410324203813, 0.4563943704477188557, 0.02849263801516691702 ) ) ;
#5662 = LINE ( 'NONE', #3406, #560 ) ;
#5663 = VERTEX_POINT ( 'NONE', #2564 ) ;
#5664 = AXIS2_PLACEMENT_3D ( 'NONE', #5473, #3187, #387 ) ;
#5665 = EDGE_CURVE ( 'NONE', #933, #4449, #245, .T. ) ;
#5666 = CARTESIAN_POINT ( 'NONE',  ( -0.4165998267226706520, 0.4334096228025230979, -0.07321487414561253515 ) ) ;
#5667 = DIRECTION ( 'NONE',  ( 0.000000000000000000, -1.000000000000000000, 0.000000000000000000 ) ) ;
#5668 = ORIENTED_EDGE ( 'NONE', *, *, #1379, .F. ) ;
#5669 = ADVANCED_FACE ( 'NONE', ( #3674 ), #2798, .F. ) ;
#5670 = CARTESIAN_POINT ( 'NONE',  ( 0.4447383468967278097, -0.4285184138923239239, -0.1114976366289921472 ) ) ;
#5671 = CARTESIAN_POINT ( 'NONE',  ( 0.5556562743226112211, -0.8031697890166439313, -0.1731640607731207704 ) ) ;
#5672 = VERTEX_POINT ( 'NONE', #882 ) ;
#5673 = EDGE_CURVE ( 'NONE', #291, #4449, #470, .T. ) ;
#5674 = CARTESIAN_POINT ( 'NONE',  ( -0.4020270376523993883, -0.4055336662471280551, -0.08789668957863107368 ) ) ;
#5675 = DIRECTION ( 'NONE',  ( 0.000000000000000000, 1.000000000000000000, 0.000000000000000000 ) ) ;
#5676 = CARTESIAN_POINT ( 'NONE',  ( -0.4430753847302066895, 0.4793791180929146689, -0.1077415774060136305 ) ) ;
#5677 = CARTESIAN_POINT ( 'NONE',  ( 0.3855691417481612593, 0.8885076261774010886, -0.2248797429748115584 ) ) ;
#5678 = ORIENTED_EDGE ( 'NONE', *, *, #5076, .T. ) ;
#5679 = DIRECTION ( 'NONE',  ( 0.000000000000000000, 0.000000000000000000, -1.000000000000000000 ) ) ;
#5680 = VERTEX_POINT ( 'NONE', #3620 ) ;
#5681 = EDGE_CURVE ( 'NONE', #4516, #539, #5512, .T. ) ;
#5682 = CIRCLE ( 'NONE', #2887, 0.04367102052587229499 ) ;
#5683 = DIRECTION ( 'NONE',  ( 1.000000000000000000, 0.000000000000000000, 0.000000000000000000 ) ) ;
#5684 = CARTESIAN_POINT ( 'NONE',  ( 0.4637160080883331870, -0.4285184138923239239, -0.07321487414561253515 ) ) ;
#5685 = EDGE_LOOP ( 'NONE', ( #880, #3347, #3138, #4617, #4840, #360, #2684, #1925 ) ) ;
#5686 = VECTOR ( 'NONE', #2745, 1000.000000000000000 ) ;
#5687 = CARTESIAN_POINT ( 'NONE',  ( -0.4602695371179273964, -0.4285184138923239239, 0.02791801549324953238 ) ) ;
#5688 = ORIENTED_EDGE ( 'NONE', *, *, #5147, .F. ) ;
#5689 = ADVANCED_FACE ( 'NONE', ( #397 ), #4128, .F. ) ;
#5690 = EDGE_CURVE ( 'NONE', #3186, #5663, #4345, .T. ) ;
#5691 = VECTOR ( 'NONE', #4927, 1000.000000000000000 ) ;
#5692 = FACE_OUTER_BOUND ( 'NONE', #423, .T. ) ;
#5693 = CARTESIAN_POINT ( 'NONE',  ( -0.3855691417481612593, 0.8407924067382336331, -0.1929331660867768528 ) ) ;
#5694 = FACE_OUTER_BOUND ( 'NONE', #2562, .T. ) ;
#5695 = VERTEX_POINT ( 'NONE', #4630 ) ;
#5696 = CARTESIAN_POINT ( 'NONE',  ( 0.4434807868294940447, 0.4801265902956725617, -0.1129878178800731853 ) ) ;
#5697 = DIRECTION ( 'NONE',  ( 0.000000000000000000, 0.000000000000000000, 1.000000000000000000 ) ) ;
#5698 = ORIENTED_EDGE ( 'NONE', *, *, #1006, .T. ) ;
#5699 = CARTESIAN_POINT ( 'NONE',  ( -0.4292401622740334433, -0.4101306157761677729, -0.1731640607731207704 ) ) ;
#5700 = CYLINDRICAL_SURFACE ( 'NONE', #4640, 0.04367102052587229499 ) ;
#5701 = CIRCLE ( 'NONE', #3104, 0.005746186911298984540 ) ;
#5702 = ORIENTED_EDGE ( 'NONE', *, *, #684, .F. ) ;
#5703 = DIRECTION ( 'NONE',  ( 0.000000000000000000, -1.000000000000000000, 0.000000000000000000 ) ) ;
#5704 = DIRECTION ( 'NONE',  ( 0.000000000000000000, -1.000000000000000000, 0.000000000000000000 ) ) ;
#5705 = VERTEX_POINT ( 'NONE', #4182 ) ;
#5706 = LINE ( 'NONE', #3962, #1729 ) ;
#5707 = CARTESIAN_POINT ( 'NONE',  ( 0.4706462441760992377, -0.4313353546671020444, -0.1177229139596798341 ) ) ;
#5708 = ADVANCED_FACE ( 'NONE', ( #447, #2318 ), #15, .T. ) ;
#5709 = CARTESIAN_POINT ( 'NONE',  ( -0.4260418706457314575, 0.4793791180929146689, -0.1140200246231114350 ) ) ;
#5710 = VECTOR ( 'NONE', #4650, 1000.000000000000000 ) ;
#5711 = ORIENTED_EDGE ( 'NONE', *, *, #5262, .T. ) ;
#5712 = CYLINDRICAL_SURFACE ( 'NONE', #3750, 0.005746186911298988009 ) ;
#5713 = ORIENTED_EDGE ( 'NONE', *, *, #3386, .T. ) ;
#5714 = VECTOR ( 'NONE', #1868, 1000.000000000000000 ) ;
#5715 = AXIS2_PLACEMENT_3D ( 'NONE', #5773, #1230, #2630 ) ;
#5716 = EDGE_CURVE ( 'NONE', #5381, #5825, #3165, .T. ) ;
#5717 = FACE_OUTER_BOUND ( 'NONE', #655, .T. ) ;
#5718 = CARTESIAN_POINT ( 'NONE',  ( -0.3976670338109486447, -0.4285184138923239239, -0.1115142800412882579 ) ) ;
#5719 = VERTEX_POINT ( 'NONE', #3732 ) ;
#5720 = CARTESIAN_POINT ( 'NONE',  ( 0.2637151227301161582, -0.7997279457992354512, -0.1386869393053268840 ) ) ;
#5721 = ORIENTED_EDGE ( 'NONE', *, *, #5913, .F. ) ;
#5722 = CIRCLE ( 'NONE', #1072, 0.04367102052587229499 ) ;
#5723 = FACE_OUTER_BOUND ( 'NONE', #1796, .T. ) ;
#5725 = ADVANCED_FACE ( 'NONE', ( #5569, #5001 ), #1401, .F. ) ;
#5724 = CARTESIAN_POINT ( 'NONE',  ( -0.6246105172581994935, 0.3656046172491944635, 0.06584445804015801040 ) ) ;
#5726 = CARTESIAN_POINT ( 'NONE',  ( 0.02355896410324203813, 0.4793791180929146689, 0.02849263801516691702 ) ) ;
#5727 = ORIENTED_EDGE ( 'NONE', *, *, #3070, .T. ) ;
#5728 = CARTESIAN_POINT ( 'NONE',  ( 0.6246105172581994935, -0.3940412924245302317, 0.2290690230178078768 ) ) ;
#5729 = DIRECTION ( 'NONE',  ( 1.000000000000000000, 0.000000000000000000, 0.000000000000000000 ) ) ;
#5730 = EDGE_LOOP ( 'NONE', ( #5181, #4486, #2511, #46 ) ) ;
#5731 = B_SPLINE_CURVE_WITH_KNOTS ( 'NONE', 6,
 ( #809, #5503, #4447, #3584, #2645, #4532, #4476, #4038, #5878, #2161, #5414, #5441, #1732, #1303, #5022, #4506, #1274, #3127, #4065, #4118, #3155, #4962, #746, #3185, #2613, #4008, #385 ),
 .UNSPECIFIED., .F., .F.,
 ( 7, 5, 5, 5, 5, 7 ),
 ( 0.003793915466866430199, 0.1921120779999999917, 0.2953701869300000005, 0.4994666252399999617, 0.6963056126569999726, 0.7872865297203518464 ),
 .UNSPECIFIED. ) ;
#5732 = LINE ( 'NONE', #3923, #3050 ) ;
#5733 = CARTESIAN_POINT ( 'NONE',  ( -0.4165985165920551014, -0.4285184138923239239, 0.1307747726978751024 ) ) ;
#5734 = EDGE_LOOP ( 'NONE', ( #1204, #2162, #182, #3667 ) ) ;
#5735 = CARTESIAN_POINT ( 'NONE',  ( 0.4292401622740334433, -0.1572983916790124115, -0.2076411822409144625 ) ) ;
#5736 = PLANE ( 'NONE',  #2700 ) ;
#5737 = EDGE_LOOP ( 'NONE', ( #1465, #5753, #1067, #5721 ) ) ;
#5738 = CIRCLE ( 'NONE', #599, 0.01838779811615674081 ) ;
#5739 = CARTESIAN_POINT ( 'NONE',  ( 0.4637160080883449553, 0.4563943704477881891, -0.09461899453396840909 ) ) ;
#5740 = DIRECTION ( 'NONE',  ( 0.000000000000000000, 0.000000000000000000, -1.000000000000000000 ) ) ;
#5741 = AXIS2_PLACEMENT_3D ( 'NONE', #216, #4823, #2598 ) ;
#5742 = CARTESIAN_POINT ( 'NONE',  ( -0.4189574245336586955, 0.4793791180929146689, -0.1146296875948727284 ) ) ;
#5743 = AXIS2_PLACEMENT_3D ( 'NONE', #1499, #3415, #1039 ) ;
#5744 = CARTESIAN_POINT ( 'NONE',  ( 0.6246105172581994935, 0.4793791180929146689, -0.1042098178375330253 ) ) ;
#5745 = ORIENTED_EDGE ( 'NONE', *, *, #3401, .T. ) ;
#5746 = CIRCLE ( 'NONE', #3143, 0.01149237382259797602 ) ;
#5747 = EDGE_CURVE ( 'NONE', #2556, #4276, #5986, .T. ) ;
#5748 = AXIS2_PLACEMENT_3D ( 'NONE', #1390, #986, #5169 ) ;
#5749 = DIRECTION ( 'NONE',  ( -1.000000000000000000, 0.000000000000000000, 0.000000000000000000 ) ) ;
#5750 = CARTESIAN_POINT ( 'NONE',  ( -0.3901534046867987660, -0.4285184138923239239, -0.1077614919117251963 ) ) ;
#5751 = ORIENTED_EDGE ( 'NONE', *, *, #5302, .T. ) ;
#5752 = DIRECTION ( 'NONE',  ( 0.000000000000000000, 1.000000000000000000, -2.200000000000000003E-16 ) ) ;
#5753 = ORIENTED_EDGE ( 'NONE', *, *, #1077, .T. ) ;
#5754 = EDGE_CURVE ( 'NONE', #2819, #3101, #4925, .T. ) ;
#5755 = VECTOR ( 'NONE', #519, 1000.000000000000000 ) ;
#5756 = PLANE ( 'NONE',  #1584 ) ;
#5757 = DIRECTION ( 'NONE',  ( 0.000000000000000000, 0.000000000000000000, 1.000000000000000000 ) ) ;
#5758 = DIRECTION ( 'NONE',  ( 0.000000000000000000, 0.000000000000000000, -1.000000000000000000 ) ) ;
#5759 = ORIENTED_EDGE ( 'NONE', *, *, #4299, .F. ) ;
#5760 = DIRECTION ( 'NONE',  ( -1.000000000000000000, 0.000000000000000000, 0.000000000000000000 ) ) ;
#5761 = CARTESIAN_POINT ( 'NONE',  ( 0.3625843941029654460, -0.8008713257444980416, -0.1393221465629969069 ) ) ;
#5762 = ORIENTED_EDGE ( 'NONE', *, *, #1842, .F. ) ;
#5763 = ADVANCED_FACE ( 'NONE', ( #2826 ), #4658, .T. ) ;
#5764 = PLANE ( 'NONE',  #3623 ) ;
#5765 = FACE_OUTER_BOUND ( 'NONE', #1903, .T. ) ;
#5766 = VERTEX_POINT ( 'NONE', #422 ) ;
#5767 = CARTESIAN_POINT ( 'NONE',  ( 0.4417078232677742466, -0.4285184138923239239, -0.1102353140208331694 ) ) ;
#5768 = VECTOR ( 'NONE', #1477, 1000.000000000000000 ) ;
#5769 = DIRECTION ( 'NONE',  ( 0.000000000000000000, 1.000000000000000000, -2.800000000000000139E-16 ) ) ;
#5770 = ORIENTED_EDGE ( 'NONE', *, *, #5608, .F. ) ;
#5771 = EDGE_CURVE ( 'NONE', #4101, #5089, #2050, .T. ) ;
#5772 = AXIS2_PLACEMENT_3D ( 'NONE', #757, #2623, #4426 ) ;
#5773 = CARTESIAN_POINT ( 'NONE',  ( -0.4165985165920551014, -0.3940412924245302317, 0.1307747726978751024 ) ) ;
#5774 = DIRECTION ( 'NONE',  ( 0.000000000000000000, -1.000000000000000000, 0.000000000000000000 ) ) ;
#5775 = CARTESIAN_POINT ( 'NONE',  ( -0.3987132090463682554, 0.4793791180929146689, -0.1118872756134190738 ) ) ;
#5776 = ADVANCED_FACE ( 'NONE', ( #1338 ), #3195, .T. ) ;
#5777 = LINE ( 'NONE', #5744, #2800 ) ;
#5778 = ORIENTED_EDGE ( 'NONE', *, *, #1904, .T. ) ;
#5779 = CARTESIAN_POINT ( 'NONE',  ( -0.4235300628112520505, -0.4313353546677914374, -0.1177229139595074026 ) ) ;
#5780 = CARTESIAN_POINT ( 'NONE',  ( -0.4165985165920551014, -0.4285184138923239239, 0.02791801549324952544 ) ) ;
#5781 = VERTEX_POINT ( 'NONE', #4544 ) ;
#5782 = FACE_OUTER_BOUND ( 'NONE', #5829, .T. ) ;
#5783 = VERTEX_POINT ( 'NONE', #3374 ) ;
#5784 = CIRCLE ( 'NONE', #2229, 0.02873093455649494005 ) ;
#5785 = FACE_OUTER_BOUND ( 'NONE', #5002, .T. ) ;
#5786 = AXIS2_PLACEMENT_3D ( 'NONE', #2021, #4278, #5613 ) ;
#5787 = CARTESIAN_POINT ( 'NONE',  ( 0.5096867790322197056, 0.8247217346575649310, -0.2076411822409144625 ) ) ;
#5788 = CARTESIAN_POINT ( 'NONE',  ( -0.3855691417481612593, 0.9000000000000000222, -0.2133873691522135130 ) ) ;
#5789 = ADVANCED_FACE ( 'NONE', ( #2434 ), #1484, .T. ) ;
#5790 = EDGE_LOOP ( 'NONE', ( #2059, #5882 ) ) ;
#5791 = CARTESIAN_POINT ( 'NONE',  ( 0.4637173182189488485, -0.4055336662471280551, 0.1307747726978751024 ) ) ;
#5792 =( NAMED_UNIT ( * ) PLANE_ANGLE_UNIT ( ) SI_UNIT ( $, .RADIAN. ) );
#5793 = VERTEX_POINT ( 'NONE', #4721 ) ;
#5794 = AXIS2_PLACEMENT_3D ( 'NONE', #4864, #3066, #3486 ) ;
#5795 = ADVANCED_FACE ( 'NONE', ( #4784 ), #566, .F. ) ;
#5796 = CARTESIAN_POINT ( 'NONE',  ( 0.4418817734788919038, -0.8498639728996180143, -0.1665401200595445497 ) ) ;
#5797 = DIRECTION ( 'NONE',  ( -1.000000000000000000, 0.000000000000000000, 0.000000000000000000 ) ) ;
#5798 = ORIENTED_EDGE ( 'NONE', *, *, #1015, .F. ) ;
#5799 = DIRECTION ( 'NONE',  ( 0.000000000000000000, -1.000000000000000000, 0.000000000000000000 ) ) ;
#5800 = EDGE_CURVE ( 'NONE', #2033, #1792, #3887, .T. ) ;
#5801 = DIRECTION ( 'NONE',  ( 1.000000000000000000, 0.000000000000000000, 0.000000000000000000 ) ) ;
#5802 = VECTOR ( 'NONE', #2666, 1000.000000000000000 ) ;
#5803 = DIRECTION ( 'NONE',  ( 0.000000000000000000, -0.4856406976879716897, 0.8741585169459484828 ) ) ;
#5804 = DIRECTION ( 'NONE',  ( 0.000000000000000000, 1.000000000000000000, 0.000000000000000000 ) ) ;
#5805 = CC_DESIGN_APPROVAL ( #1982, ( #4247 ) ) ;
#5806 = DIRECTION ( 'NONE',  ( 0.000000000000000000, 0.000000000000000000, 1.000000000000000000 ) ) ;
#5807 = FACE_OUTER_BOUND ( 'NONE', #4097, .T. ) ;
#5808 = ADVANCED_FACE ( 'NONE', ( #2401, #2885, #1088 ), #1977, .T. ) ;
#5809 = LINE ( 'NONE', #312, #392 ) ;
#5810 = DIRECTION ( 'NONE',  ( -1.000000000000000000, 0.000000000000000000, 0.000000000000000000 ) ) ;
#5811 = ORIENTED_EDGE ( 'NONE', *, *, #4879, .F. ) ;
#5812 = AXIS2_PLACEMENT_3D ( 'NONE', #5621, #3332, #35 ) ;
#5813 = DIRECTION ( 'NONE',  ( -1.000000000000000000, 0.000000000000000000, 0.000000000000000000 ) ) ;
#5814 = CARTESIAN_POINT ( 'NONE',  ( -0.6246105172581994935, 0.3644553798669347700, 0.07676221317162604252 ) ) ;
#5815 = ORIENTED_EDGE ( 'NONE', *, *, #384, .F. ) ;
#5816 = LINE ( 'NONE', #1674, #5890 ) ;
#5817 = ORIENTED_EDGE ( 'NONE', *, *, #2472, .F. ) ;
#5818 = VECTOR ( 'NONE', #1928, 1000.000000000000000 ) ;
#5819 = DIRECTION ( 'NONE',  ( 0.000000000000000000, -1.000000000000000000, 2.200000000000000003E-16 ) ) ;
#5820 = DIRECTION ( 'NONE',  ( 0.000000000000000000, -1.000000000000000000, 0.000000000000000000 ) ) ;
#5821 = VECTOR ( 'NONE', #251, 1000.000000000000000 ) ;
#5822 = VERTEX_POINT ( 'NONE', #5630 ) ;
#5823 = CARTESIAN_POINT ( 'NONE',  ( 0.4752096575644259580, -0.1572983916790124115, -0.1731640607731207704 ) ) ;
#5824 = DIRECTION ( 'NONE',  ( 0.000000000000000000, 0.000000000000000000, 1.000000000000000000 ) ) ;
#5825 = VERTEX_POINT ( 'NONE', #3827 ) ;
#5826 = EDGE_CURVE ( 'NONE', #5623, #1784, #3489, .T. ) ;
#5827 = FACE_OUTER_BOUND ( 'NONE', #5737, .T. ) ;
#5828 = LINE ( 'NONE', #1712, #1941 ) ;
#5829 = EDGE_LOOP ( 'NONE', ( #2834, #2588, #4320, #2471 ) ) ;
#5830 = CARTESIAN_POINT ( 'NONE',  ( -0.4028077024820585494, 0.8287991014134581391, -0.1386869393053268840 ) ) ;
#5831 = CYLINDRICAL_SURFACE ( 'NONE', #1456, 0.01838779811615674081 ) ;
#5832 = ORIENTED_EDGE ( 'NONE', *, *, #4907, .F. ) ;
#5833 = FACE_OUTER_BOUND ( 'NONE', #6010, .T. ) ;
#5834 = FACE_OUTER_BOUND ( 'NONE', #1510, .T. ) ;
#5835 = CC_DESIGN_DATE_AND_TIME_ASSIGNMENT ( #3217, #1763, ( #3196 ) ) ;
#5836 = CARTESIAN_POINT ( 'NONE',  ( 0.4637160080883331870, 0.4793791180929146689, -0.07321487414561253515 ) ) ;
#5837 = CARTESIAN_POINT ( 'NONE',  ( 0.05722180140824288663, 0.8402396561224900751, -0.1731640607731207704 ) ) ;
#5838 = CARTESIAN_POINT ( 'NONE',  ( -0.4132536236100053384, -0.4055336662472432963, -0.09432545575152850859 ) ) ;
#5839 = DIRECTION ( 'NONE',  ( 0.000000000000000000, 0.000000000000000000, -1.000000000000000000 ) ) ;
#5840 = EDGE_LOOP ( 'NONE', ( #2224, #1002, #620, #3642 ) ) ;
#5841 = EDGE_CURVE ( 'NONE', #5134, #4628, #5701, .T. ) ;
#5842 = CLOSED_SHELL ( 'NONE', ( #5669, #4829, #930, #1023, #3844, #3263, #3658, #1827, #2788, #3284, #5795, #4240, #3749, #2879, #969, #69, #4353, #2974, #4764, #5355, #5483, #1164, #5225, #796, #277, #5966, #299, #3113, #4225, #1388, #1134, #371, #115, #3706, #1445, #1949, #309, #5808, #402, #4608, #4850, #3021, #2291, #3169, #410, #4021, #5776, #2436, #1468, #188, #4946, #4687, #2327, #4150, #1498, #5904, #4522, #424, #4482, #4955, #3420, #3098, #5763, #4866, #4597, #4977, #4376, #4173, #268, #3629, #5789, #3183, #3897, #3864, #5518, #2377, #2759, #375, #4089, #2227, #3323, #3921, #3062, #1660, #285, #5429, #2743, #1462, #4064, #914, #4633, #1460, #316, #1524, #5492, #1202, #2421, #2148, #3175, #1942, #1348, #4095, #1583, #5863, #5200, #3437, #4414, #5931, #5600, #2960, #4853, #4260, #1212, #1758, #924, #4421, #1506, #1249, #3308, #1428, #2821, #861, #1826, #4786, #2730, #2429, #2092, #2650, #4737, #2580, #513, #3941, #5725, #3829, #529, #896, #5868, #1486, #4269, #1874, #2418, #5708, #3470, #5593, #3307, #2513, #875, #4781, #4103, #4929, #3808, #494, #5689, #3234, #2321, #5997, #2915, #4857, #1561, #110, #207, #77, #3801, #520, #4346, #2359, #1415, #477, #393, #5557, #762, #2773 ) ) ;
#5843 = CARTESIAN_POINT ( 'NONE',  ( 0.4831456765166340928, -0.8774832157998816440, -0.2158605978510437229 ) ) ;
#5844 = CARTESIAN_POINT ( 'NONE',  ( -0.4405461663712715858, -0.4285184138923239239, -0.1092444177288929424 ) ) ;
#5845 = ORIENTED_EDGE ( 'NONE', *, *, #5318, .F. ) ;
#5846 = CARTESIAN_POINT ( 'NONE',  ( -0.6246105172581994935, -0.3262362868712024300, 0.06584445804015801040 ) ) ;
#5847 = ORIENTED_EDGE ( 'NONE', *, *, #2219, .T. ) ;
#5848 = VECTOR ( 'NONE', #2569, 1000.000000000000000 ) ;
#5849 = VECTOR ( 'NONE', #3001, 1000.000000000000000 ) ;
#5850 = PLANE ( 'NONE',  #2945 ) ;
#5851 = CARTESIAN_POINT ( 'NONE',  ( -0.3947630408062398066, -0.1917755131468061036, -0.1731640607731207704 ) ) ;
#5852 = ORIENTED_EDGE ( 'NONE', *, *, #4119, .F. ) ;
#5853 = CARTESIAN_POINT ( 'NONE',  ( 0.4567857719993261845, -0.4313353546672172856, -0.1177229139596683155 ) ) ;
#5854 = DIRECTION ( 'NONE',  ( 0.000000000000000000, 1.000000000000000000, -2.200000000000000003E-16 ) ) ;
#5855 = ORIENTED_EDGE ( 'NONE', *, *, #101, .T. ) ;
#5856 = AXIS2_PLACEMENT_3D ( 'NONE', #5524, #4704, #5553 ) ;
#5857 = CARTESIAN_POINT ( 'NONE',  ( 0.4337415724159655595, 0.4793791180929146689, -0.1049942900599896561 ) ) ;
#5858 = DIRECTION ( 'NONE',  ( 0.000000000000000000, 1.000000000000000000, 0.000000000000000000 ) ) ;
#5859 = ORIENTED_EDGE ( 'NONE', *, *, #2536, .T. ) ;
#5860 = FACE_OUTER_BOUND ( 'NONE', #174, .T. ) ;
#5861 = CARTESIAN_POINT ( 'NONE',  ( -0.6246105172581994935, -0.3940412924245302317, -0.006889989155260985501 ) ) ;
#5862 = ORIENTED_EDGE ( 'NONE', *, *, #5550, .T. ) ;
#5863 = ADVANCED_FACE ( 'NONE', ( #108, #3313, #1120 ), #4297, .F. ) ;
#5864 = CARTESIAN_POINT ( 'NONE',  ( 0.4637173182189488485, 0.4793791180929146689, 0.02791801549324952544 ) ) ;
#5865 = AXIS2_PLACEMENT_3D ( 'NONE', #5990, #4685, #2394 ) ;
#5866 = DIRECTION ( 'NONE',  ( -1.000000000000000000, 0.000000000000000000, 0.000000000000000000 ) ) ;
#5867 = DIRECTION ( 'NONE',  ( 0.000000000000000000, 1.000000000000000000, -2.200000000000000003E-16 ) ) ;
#5868 = ADVANCED_FACE ( 'NONE', ( #2980 ), #4751, .F. ) ;
#5869 = DIRECTION ( 'NONE',  ( -1.000000000000000000, 0.000000000000000000, 0.000000000000000000 ) ) ;
#5870 = ORIENTED_EDGE ( 'NONE', *, *, #4263, .T. ) ;
#5871 = AXIS2_PLACEMENT_3D ( 'NONE', #3647, #2232, #4153 ) ;
#5872 = CARTESIAN_POINT ( 'NONE',  ( 0.4637173182189488485, -0.3940412924245302317, 0.1307747726978751024 ) ) ;
#5873 = DIRECTION ( 'NONE',  ( 0.000000000000000000, 1.000000000000000000, -2.200000000000000003E-16 ) ) ;
#5874 = EDGE_LOOP ( 'NONE', ( #4741, #82, #363 ) ) ;
#5875 = CARTESIAN_POINT ( 'NONE',  ( 0.3947630408062398066, -0.4101306157761677729, -0.1731640607731207704 ) ) ;
#5876 = EDGE_CURVE ( 'NONE', #1253, #5989, #5598, .T. ) ;
#5877 = ORIENTED_EDGE ( 'NONE', *, *, #4408, .F. ) ;
#5878 = CARTESIAN_POINT ( 'NONE',  ( 0.5287234419804356378, -0.8644979256858035255, -0.2085718966311452260 ) ) ;
#5879 = ORIENTED_EDGE ( 'NONE', *, *, #3070, .F. ) ;
#5880 = CARTESIAN_POINT ( 'NONE',  ( 0.5096867790322197056, 0.9000000000000000222, -0.2133873691522135130 ) ) ;
#5881 = EDGE_CURVE ( 'NONE', #1399, #4042, #2035, .T. ) ;
#5882 = ORIENTED_EDGE ( 'NONE', *, *, #2208, .T. ) ;
#5883 = VECTOR ( 'NONE', #3477, 1000.000000000000000 ) ;
#5884 = CARTESIAN_POINT ( 'NONE',  ( 0.4910860856295585219, 0.4793791180929146689, -0.1071309043043323223 ) ) ;
#5885 = CARTESIAN_POINT ( 'NONE',  ( -0.4165985165920551014, -0.4285184138923239239, 0.02791801549324952544 ) ) ;
#5886 = VERTEX_POINT ( 'NONE', #1454 ) ;
#5887 = DIRECTION ( 'NONE',  ( -1.000000000000000000, 0.000000000000000000, 0.000000000000000000 ) ) ;
#5888 = DIRECTION ( 'NONE',  ( 1.000000000000000000, 0.000000000000000000, 0.000000000000000000 ) ) ;
#5889 = VERTEX_POINT ( 'NONE', #1947 ) ;
#5890 = VECTOR ( 'NONE', #2002, 1000.000000000000000 ) ;
#5891 = AXIS2_PLACEMENT_3D ( 'NONE', #2748, #4578, #428 ) ;
#5892 = FACE_OUTER_BOUND ( 'NONE', #5261, .T. ) ;
#5893 = CARTESIAN_POINT ( 'NONE',  ( 0.6246105172581994935, 0.4334096228025230979, -0.01919910824706693234 ) ) ;
#5894 = CARTESIAN_POINT ( 'NONE',  ( -0.3858350497966062109, -0.4285184138923239239, -0.1042098178375330253 ) ) ;
#5895 = DIRECTION ( 'NONE',  ( 0.000000000000000000, -0.4856406976879721338, 0.8741585169459482607 ) ) ;
#5896 = ORIENTED_EDGE ( 'NONE', *, *, #1980, .T. ) ;
#5897 = EDGE_CURVE ( 'NONE', #4715, #929, #5662, .T. ) ;
#5898 = FACE_OUTER_BOUND ( 'NONE', #1789, .T. ) ;
#5899 = CARTESIAN_POINT ( 'NONE',  ( -0.4165985165920551014, 0.4334096228025230979, 0.02791801549324952544 ) ) ;
#5900 = AXIS2_PLACEMENT_3D ( 'NONE', #3764, #3796, #141 ) ;
#5901 = ORIENTED_EDGE ( 'NONE', *, *, #5601, .T. ) ;
#5902 = DIRECTION ( 'NONE',  ( 0.000000000000000000, 1.000000000000000000, 0.000000000000000000 ) ) ;
#5903 = ORIENTED_EDGE ( 'NONE', *, *, #1639, .T. ) ;
#5904 = ADVANCED_FACE ( 'NONE', ( #1059 ), #2922, .F. ) ;
#5905 = EDGE_CURVE ( 'NONE', #227, #2841, #4327, .T. ) ;
#5906 = VECTOR ( 'NONE', #4971, 1000.000000000000000 ) ;
#5907 = CC_DESIGN_DATE_AND_TIME_ASSIGNMENT ( #5053, #5446, ( #4561 ) ) ;
#5908 = CARTESIAN_POINT ( 'NONE',  ( 0.5134691103469957163, -0.8999999999999999112, -0.2289475559617614731 ) ) ;
#5909 = ORIENTED_EDGE ( 'NONE', *, *, #5385, .T. ) ;
#5910 = FACE_BOUND ( 'NONE', #1533, .T. ) ;
#5911 = ORIENTED_EDGE ( 'NONE', *, *, #4798, .T. ) ;
#5912 = CIRCLE ( 'NONE', #673, 0.04367102052587229499 ) ;
#5913 = EDGE_CURVE ( 'NONE', #2065, #1178, #995, .T. ) ;
#5914 = CIRCLE ( 'NONE', #3889, 0.02068627288067634643 ) ;
#5915 = CARTESIAN_POINT ( 'NONE',  ( 0.4684464589904801524, 0.4793791180929146689, -0.1145280462037552849 ) ) ;
#5916 = EDGE_LOOP ( 'NONE', ( #386, #3909, #836, #936 ) ) ;
#5917 = DIRECTION ( 'NONE',  ( 0.000000000000000000, 1.000000000000000000, -2.200000000000000003E-16 ) ) ;
#5918 = CARTESIAN_POINT ( 'NONE',  ( -0.3729288061967983570, -0.4285184138923239239, -0.07321487414561253515 ) ) ;
#5919 = ORIENTED_EDGE ( 'NONE', *, *, #2689, .T. ) ;
#5920 = AXIS2_PLACEMENT_3D ( 'NONE', #2770, #2741, #5945 ) ;
#5921 = CARTESIAN_POINT ( 'NONE',  ( 0.02355896410324203813, -0.4055336662471280551, 0.02849263801516691702 ) ) ;
#5922 = DIRECTION ( 'NONE',  ( 0.000000000000000000, 1.000000000000000000, -2.200000000000000003E-16 ) ) ;
#5923 = CARTESIAN_POINT ( 'NONE',  ( -0.3874642820544869082, 0.4793791180929146689, -0.1057498191402305304 ) ) ;
#5924 = DIRECTION ( 'NONE',  ( 0.000000000000000000, 0.000000000000000000, 1.000000000000000000 ) ) ;
#5925 = VERTEX_POINT ( 'NONE', #2105 ) ;
#5926 = CARTESIAN_POINT ( 'NONE',  ( 0.3970615155707591382, -0.8008713257444980416, -0.1393221465629969069 ) ) ;
#5927 = DIRECTION ( 'NONE',  ( 0.000000000000000000, 1.000000000000000000, -2.200000000000000003E-16 ) ) ;
#5928 = ORIENTED_EDGE ( 'NONE', *, *, #1795, .T. ) ;
#5929 = FACE_OUTER_BOUND ( 'NONE', #1598, .T. ) ;
#5930 = VERTEX_POINT ( 'NONE', #4361 ) ;
#5931 = ADVANCED_FACE ( 'NONE', ( #2196 ), #3074, .T. ) ;
#5932 = DIRECTION ( 'NONE',  ( 0.000000000000000000, 1.640000000000000025E-15, 1.000000000000000000 ) ) ;
#5933 = AXIS2_PLACEMENT_3D ( 'NONE', #3345, #4694, #80 ) ;
#5934 = ORIENTED_EDGE ( 'NONE', *, *, #2765, .T. ) ;
#5935 = DIRECTION ( 'NONE',  ( 0.000000000000000000, 1.000000000000000000, 0.000000000000000000 ) ) ;
#5936 = DATE_AND_TIME ( #359, #78 ) ;
#5937 = ORIENTED_EDGE ( 'NONE', *, *, #1866, .T. ) ;
#5938 = EDGE_CURVE ( 'NONE', #5705, #291, #1186, .T. ) ;
#5939 = AXIS2_PLACEMENT_3D ( 'NONE', #4194, #1529, #1436 ) ;
#5940 = AXIS2_PLACEMENT_3D ( 'NONE', #1449, #2882, #4718 ) ;
#5941 = CARTESIAN_POINT ( 'NONE',  ( 0.4843544424366482137, 0.4793791180929146689, -0.1108385730497116750 ) ) ;
#5942 = CIRCLE ( 'NONE', #3920, 0.04367102052587229499 ) ;
#5943 = ORIENTED_EDGE ( 'NONE', *, *, #1174, .T. ) ;
#5944 = CARTESIAN_POINT ( 'NONE',  ( -0.4165985165920551014, -0.4285184138923239239, 0.02791801549324952544 ) ) ;
#5945 = DIRECTION ( 'NONE',  ( 1.000000000000000000, 0.000000000000000000, 0.000000000000000000 ) ) ;
#5946 = ORIENTED_EDGE ( 'NONE', *, *, #5451, .T. ) ;
#5947 = EDGE_CURVE ( 'NONE', #132, #320, #2554, .T. ) ;
#5948 = EDGE_CURVE ( 'NONE', #2500, #320, #662, .T. ) ;
#5949 = DIRECTION ( 'NONE',  ( 0.000000000000000000, 0.000000000000000000, 1.000000000000000000 ) ) ;
#5950 = DIRECTION ( 'NONE',  ( 0.000000000000000000, 1.000000000000000000, 0.000000000000000000 ) ) ;
#5951 = CARTESIAN_POINT ( 'NONE',  ( 0.4821270736627043529, -0.4285184138923239239, -0.1117048115648782564 ) ) ;
#5952 = CARTESIAN_POINT ( 'NONE',  ( 0.6246105172581994935, 0.3702015667782341257, 0.07676221317162604252 ) ) ;
#5953 = EDGE_CURVE ( 'NONE', #2941, #4009, #5212, .T. ) ;
#5954 = ORIENTED_EDGE ( 'NONE', *, *, #2611, .F. ) ;
#5955 = DIRECTION ( 'NONE',  ( 0.000000000000000000, 1.000000000000000000, -2.200000000000000003E-16 ) ) ;
#5956 = DIRECTION ( 'NONE',  ( 0.000000000000000000, 0.000000000000000000, 1.000000000000000000 ) ) ;
#5957 = LINE ( 'NONE', #2272, #4681 ) ;
#5958 = ORIENTED_EDGE ( 'NONE', *, *, #3211, .F. ) ;
#5959 = DIRECTION ( 'NONE',  ( 1.000000000000000000, 0.000000000000000000, 0.000000000000000000 ) ) ;
#5960 = AXIS2_PLACEMENT_3D ( 'NONE', #4092, #2195, #3613 ) ;
#5961 = EDGE_LOOP ( 'NONE', ( #3917, #2552, #5122, #334 ) ) ;
#5962 = FACE_OUTER_BOUND ( 'NONE', #1238, .T. ) ;
#5963 = ORIENTED_EDGE ( 'NONE', *, *, #3551, .F. ) ;
#5964 = CARTESIAN_POINT ( 'NONE',  ( 0.4839512293470005777, -0.4292658860948631028, -0.1129878178801077687 ) ) ;
#5965 = VERTEX_POINT ( 'NONE', #4041 ) ;
#5966 = ADVANCED_FACE ( 'NONE', ( #3918 ), #719, .F. ) ;
#5967 = CARTESIAN_POINT ( 'NONE',  ( 0.4816026257646248698, 0.4793791180929146689, -0.1118872756134075552 ) ) ;
#5968 = ORIENTED_EDGE ( 'NONE', *, *, #230, .F. ) ;
#5969 = DIRECTION ( 'NONE',  ( 1.000000000000000000, 0.000000000000000000, 0.000000000000000000 ) ) ;
#5970 = DIRECTION ( 'NONE',  ( -1.000000000000000000, 0.000000000000000000, 0.000000000000000000 ) ) ;
#5971 = ORIENTED_EDGE ( 'NONE', *, *, #2765, .F. ) ;
#5972 = AXIS2_PLACEMENT_3D ( 'NONE', #2662, #731, #3085 ) ;
#5973 = CARTESIAN_POINT ( 'NONE',  ( 0.000000000000000000, -0.3009530644614872852, -0.2076411822409144625 ) ) ;
#5974 = DIRECTION ( 'NONE',  ( 0.000000000000000000, 0.000000000000000000, -1.000000000000000000 ) ) ;
#5975 = CARTESIAN_POINT ( 'NONE',  ( 0.4810756493858012184, -0.4285184138923239239, -0.1120618494128302195 ) ) ;
#5976 = DIRECTION ( 'NONE',  ( 0.000000000000000000, 1.000000000000000000, -2.200000000000000003E-16 ) ) ;
#5977 = VERTEX_POINT ( 'NONE', #266 ) ;
#5978 = CIRCLE ( 'NONE', #2408, 0.02068627288067634643 ) ;
#5979 = EDGE_CURVE ( 'NONE', #3582, #3528, #4842, .T. ) ;
#5980 = CARTESIAN_POINT ( 'NONE',  ( 0.4763588949466857625, -0.8699562858134970433, -0.1777024489421400733 ) ) ;
#5981 = LINE ( 'NONE', #4167, #4939 ) ;
#5982 = DIRECTION ( 'NONE',  ( -1.000000000000000000, 0.000000000000000000, 0.000000000000000000 ) ) ;
#5983 = ORIENTED_EDGE ( 'NONE', *, *, #3583, .F. ) ;
#5984 = CYLINDRICAL_SURFACE ( 'NONE', #2609, 0.04367102052587229499 ) ;
#5985 = ORIENTED_EDGE ( 'NONE', *, *, #4536, .F. ) ;
#5986 = CIRCLE ( 'NONE', #378, 0.04367102052587229499 ) ;
#5987 = DIRECTION ( 'NONE',  ( 0.000000000000000000, -2.800000000000000139E-16, -1.000000000000000000 ) ) ;
#5988 = CARTESIAN_POINT ( 'NONE',  ( 0.4706462441766626759, 0.4821960588683705806, -0.1177229139595878382 ) ) ;
#5989 = VERTEX_POINT ( 'NONE', #5761 ) ;
#5990 = CARTESIAN_POINT ( 'NONE',  ( -0.3855691417481612593, 0.8287991014134581391, -0.1501793131279247906 ) ) ;
#5991 = VERTEX_POINT ( 'NONE', #3495 ) ;
#5992 = DIRECTION ( 'NONE',  ( 0.000000000000000000, 0.000000000000000000, -1.000000000000000000 ) ) ;
#5993 = VERTEX_POINT ( 'NONE', #1613 ) ;
#5994 = DIRECTION ( 'NONE',  ( 0.000000000000000000, 1.000000000000000000, 0.000000000000000000 ) ) ;
#5995 = CARTESIAN_POINT ( 'NONE',  ( -0.4165998267226706520, -0.4285184138923239239, -0.07321487414561253515 ) ) ;
#5996 = ORIENTED_EDGE ( 'NONE', *, *, #292, .T. ) ;
#5997 = ADVANCED_FACE ( 'NONE', ( #1151 ), #1218, .F. ) ;
#5998 = CIRCLE ( 'NONE', #2243, 0.02068627288067634643 ) ;
#5999 = CARTESIAN_POINT ( 'NONE',  ( -0.4372847894727314721, 0.4563943704477188557, 0.1307747726978751024 ) ) ;
#6000 = CARTESIAN_POINT ( 'NONE',  ( 0.02355896410324203813, 0.4563943704477188557, 0.02849263801516691702 ) ) ;
#6001 = ORIENTED_EDGE ( 'NONE', *, *, #672, .T. ) ;
#6002 = CARTESIAN_POINT ( 'NONE',  ( 0.4844035910996252192, -0.3940412924245302317, 0.02791801549324972320 ) ) ;
#6003 = AXIS2_PLACEMENT_3D ( 'NONE', #1620, #1715, #5338 ) ;
#6004 = FACE_OUTER_BOUND ( 'NONE', #3549, .T. ) ;
#6005 = ORIENTED_EDGE ( 'NONE', *, *, #4815, .T. ) ;
#6006 = EDGE_CURVE ( 'NONE', #5453, #85, #2587, .T. ) ;
#6007 = DIRECTION ( 'NONE',  ( 0.000000000000000000, 1.000000000000000000, 0.000000000000000000 ) ) ;
#6008 = DIRECTION ( 'NONE',  ( 1.000000000000000000, 0.000000000000000000, 0.000000000000000000 ) ) ;
#6009 = DIRECTION ( 'NONE',  ( 0.000000000000000000, 1.000000000000000000, -2.200000000000000003E-16 ) ) ;
#6010 = EDGE_LOOP ( 'NONE', ( #5996, #5383, #4557, #1037, #1937, #3435, #5347, #40 ) ) ;
ENDSEC;
END-ISO-10303-21;
