ISO-10303-21;
HEADER;
FILE_DESCRIPTION (( 'STEP AP203' ),
    '1' );
FILE_NAME ('008732.step',
    '2026-06-29T07:10:42',
    ( '' ),
    ( '' ),
    'SwSTEP 2.0',
    'SolidWorks 2025',
    '' );
FILE_SCHEMA (( 'CONFIG_CONTROL_DESIGN' ));
ENDSEC;

DATA;
#1 = CARTESIAN_POINT ( 'NONE',  ( -0.4576795941020434522, -0.1929833572379125450, 0.02859555276058987211 ) ) ;
#2 = DIRECTION ( 'NONE',  ( 0.000000000000000000, 0.000000000000000000, -1.000000000000000000 ) ) ;
#3 = CARTESIAN_POINT ( 'NONE',  ( -0.7087698861000311101, 0.2501636112343321172, 0.007124367384934595857 ) ) ;
#4 = ORIENTED_EDGE ( 'NONE', *, *, #604, .T. ) ;
#5 = CYLINDRICAL_SURFACE ( 'NONE', #1735, 0.1000707271459376074 ) ;
#6 = FACE_OUTER_BOUND ( 'NONE', #1243, .T. ) ;
#7 = ORIENTED_EDGE ( 'NONE', *, *, #1777, .F. ) ;
#8 = CARTESIAN_POINT ( 'NONE',  ( -0.7398054314901821860, -0.2330446055884307088, 0.02216396544128384702 ) ) ;
#9 = CARTESIAN_POINT ( 'NONE',  ( 0.8771709838595426190, 0.09688149948288203583, 0.02096573013821810549 ) ) ;
#10 = DIRECTION ( 'NONE',  ( 1.000000000000000000, 0.000000000000000000, 0.000000000000000000 ) ) ;
#11 = CARTESIAN_POINT ( 'NONE',  ( -0.6477355792424075442, 0.007081303493390823586, -0.02861329136282700358 ) ) ;
#12 = DIRECTION ( 'NONE',  ( 0.000000000000000000, 0.000000000000000000, -1.000000000000000000 ) ) ;
#13 = EDGE_CURVE ( 'NONE', #927, #1780, #1890, .T. ) ;
#14 = EDGE_LOOP ( 'NONE', ( #1095, #1650, #1656, #1027 ) ) ;
#15 = CARTESIAN_POINT ( 'NONE',  ( 0.6432785090901623759, -0.1929833605181064116, -0.01431822786372232217 ) ) ;
#16 = CARTESIAN_POINT ( 'NONE',  ( -0.4576795941020425085, -0.2501636112343312290, 0.007124367384934599326 ) ) ;
#17 = ORIENTED_EDGE ( 'NONE', *, *, #898, .T. ) ;
#18 = CARTESIAN_POINT ( 'NONE',  ( -0.6432772058292580697, 0.2467399156062508592, 0.02096573013821810549 ) ) ;
#19 = CARTESIAN_POINT ( 'NONE',  ( 0.6759889111348282853, 0.2498890641164107362, 0.01261996308560004061 ) ) ;
#20 = LINE ( 'NONE', #781, #1643 ) ;
#21 = FACE_BOUND ( 'NONE', #1126, .T. ) ;
#22 = B_SPLINE_CURVE_WITH_KNOTS ( 'NONE', 5,
 ( #1438, #688, #843, #489, #1599, #210, #1467, #669 ),
 .UNSPECIFIED., .F., .F.,
 ( 6, 2, 6 ),
 ( 1.935533132247615338E-15, 0.0009633230479272039595, 0.001926646095852470016 ),
 .UNSPECIFIED. ) ;
#23 = VERTEX_POINT ( 'NONE', #889 ) ;
#24 = DIRECTION ( 'NONE',  ( 1.000000000000000000, 0.000000000000000000, 0.000000000000000000 ) ) ;
#25 = LINE ( 'NONE', #1694, #61 ) ;
#26 = ORIENTED_EDGE ( 'NONE', *, *, #755, .T. ) ;
#27 = CARTESIAN_POINT ( 'NONE',  ( -0.7413931629427887859, 0.2368778082356678139, 0.01261996308560004061 ) ) ;
#28 = AXIS2_PLACEMENT_3D ( 'NONE', #1546, #12, #1219 ) ;
#29 = AXIS2_PLACEMENT_3D ( 'NONE', #1597, #1765, #200 ) ;
#30 = CARTESIAN_POINT ( 'NONE',  ( 0.6432785090901623759, -0.2501636112343312290, 0.008464529587975716876 ) ) ;
#31 = LOCAL_TIME ( 15, 10, 42.00000000000000000, #1321 ) ;
#32 = DIRECTION ( 'NONE',  ( 0.000000000000000000, 0.000000000000000000, -1.000000000000000000 ) ) ;
#33 = CYLINDRICAL_SURFACE ( 'NONE', #920, 0.02859012699820936282 ) ;
#34 = B_SPLINE_SURFACE_WITH_KNOTS ( 'NONE', 5, 1, ( 
 ( #47, #1708 ),
 ( #314, #197 ),
 ( #651, #579 ),
 ( #1277, #1892 ),
 ( #494, #1000 ),
 ( #855, #1300 ),
 ( #847, #1913 ),
 ( #85, #674 ) ),
 .UNSPECIFIED., .F., .F., .F.,
 ( 6, 2, 6 ),
 ( 2, 2 ),
 ( 0.000000000000000000, 0.5000000000000000000, 1.000000000000000000 ),
 ( 0.000000000000000000, 1.000000000000000000 ),
 .UNSPECIFIED. ) ;
#35 = ORIENTED_EDGE ( 'NONE', *, *, #783, .T. ) ;
#36 = CARTESIAN_POINT ( 'NONE',  ( 0.6432785090901623759, -0.1929833605181064116, -0.02861329136282700358 ) ) ;
#37 = CARTESIAN_POINT ( 'NONE',  ( -0.4576795941020659342, -0.2287210159857863134, 0.02856696263359163532 ) ) ;
#38 = VERTEX_POINT ( 'NONE', #1475 ) ;
#39 = CARTESIAN_POINT ( 'NONE',  ( -0.6432772058292580697, -0.2496331303622940090, 0.01406715213124412264 ) ) ;
#40 = DIRECTION ( 'NONE',  ( 1.000000000000000000, 0.000000000000000000, 0.000000000000000000 ) ) ;
#41 = FACE_OUTER_BOUND ( 'NONE', #520, .T. ) ;
#42 = CARTESIAN_POINT ( 'NONE',  ( 0.6432785090901623759, -0.2287210159856743197, 0.02856696263359163532 ) ) ;
#43 = VERTEX_POINT ( 'NONE', #91 ) ;
#44 = CARTESIAN_POINT ( 'NONE',  ( -0.6432772058292580697, -0.1929833572379125450, -0.02861329136282700358 ) ) ;
#45 = VERTEX_POINT ( 'NONE', #559 ) ;
#46 = CARTESIAN_POINT ( 'NONE',  ( -0.8964408418539366874, 3.807509448718670505E-16, 0.02096573013821810549 ) ) ;
#47 = CARTESIAN_POINT ( 'NONE',  ( -0.6432772058292580697, 0.2501636112343324503, 0.007124367384934599326 ) ) ;
#48 = EDGE_CURVE ( 'NONE', #764, #1478, #466, .T. ) ;
#49 = CARTESIAN_POINT ( 'NONE',  ( 0.7414990664630708439, 0.2371303408611719621, 0.009816325143474659981 ) ) ;
#50 = CARTESIAN_POINT ( 'NONE',  ( -0.6004714199189937762, -0.2501636112343312290, 0.007124367384934599326 ) ) ;
#51 = CARTESIAN_POINT ( 'NONE',  ( 0.8626420968168880821, 0.09086343342967420633, 0.02855881928687079366 ) ) ;
#52 = ORIENTED_EDGE ( 'NONE', *, *, #749, .T. ) ;
#53 = CARTESIAN_POINT ( 'NONE',  ( 0.6432785090901623759, -0.2501636112343312290, 0.007124367384918931304 ) ) ;
#54 = ADVANCED_FACE ( 'NONE', ( #1179 ), #681, .T. ) ;
#55 = ORIENTED_EDGE ( 'NONE', *, *, #1370, .F. ) ;
#56 = CARTESIAN_POINT ( 'NONE',  ( -0.6432772058292580697, -0.2501636112343312290, 0.007124367384934599326 ) ) ;
#57 = AXIS2_PLACEMENT_3D ( 'NONE', #1823, #1516, #1788 ) ;
#58 = CARTESIAN_POINT ( 'NONE',  ( -0.6732167168492299014, -0.2287210159857272496, 0.02856696263359163532 ) ) ;
#59 = CARTESIAN_POINT ( 'NONE',  ( 0.8804164119101283159, 0.09822580068930701624, 0.007124367384934599326 ) ) ;
#60 = PERSON_AND_ORGANIZATION_ROLE ( 'classification_officer' ) ;
#61 = VECTOR ( 'NONE', #569, 1000.000000000000000 ) ;
#62 = CARTESIAN_POINT ( 'NONE',  ( 0.6432785090901623759, 0.2501636112343324503, 0.02856696263359163532 ) ) ;
#63 = ORIENTED_EDGE ( 'NONE', *, *, #1570, .F. ) ;
#64 = CARTESIAN_POINT ( 'NONE',  ( -0.6881086075585863826, 0.2258462337444775148, 0.02856696263359163532 ) ) ;
#65 = VERTEX_POINT ( 'NONE', #283 ) ;
#66 = CARTESIAN_POINT ( 'NONE',  ( -0.6432772058292580697, -0.2501636112343312290, 0.008464529587975716876 ) ) ;
#67 = DIRECTION ( 'NONE',  ( 0.000000000000000000, 0.000000000000000000, 1.000000000000000000 ) ) ;
#68 = CARTESIAN_POINT ( 'NONE',  ( 0.6432785090901623759, -0.2351537945610233382, 0.02856696263359163532 ) ) ;
#69 = CARTESIAN_POINT ( 'NONE',  ( 0.8807161758431191201, 1.304177191276630698E-15, 0.02855881928687214674 ) ) ;
#70 = ORIENTED_EDGE ( 'NONE', *, *, #844, .T. ) ;
#71 = CARTESIAN_POINT ( 'NONE',  ( -0.6477355792424075442, -0.007081303493387191943, -0.02861329136282700358 ) ) ;
#72 = ADVANCED_FACE ( 'NONE', ( #1396 ), #921, .F. ) ;
#73 = ORIENTED_EDGE ( 'NONE', *, *, #755, .F. ) ;
#74 = CARTESIAN_POINT ( 'NONE',  ( -0.7415009605902979084, 0.2371380601990754067, 0.008464529587975716876 ) ) ;
#75 = CARTESIAN_POINT ( 'NONE',  ( -0.6432772058292580697, 0.2342166116863405589, 0.02829241551560703061 ) ) ;
#76 = DIRECTION ( 'NONE',  ( 0.000000000000000000, 0.000000000000000000, 1.000000000000000000 ) ) ;
#77 = EDGE_CURVE ( 'NONE', #517, #1952, #1685, .T. ) ;
#78 = CARTESIAN_POINT ( 'NONE',  ( -0.6432772058292580697, -0.2287210159856743197, 0.02856696263359163532 ) ) ;
#79 = B_SPLINE_SURFACE_WITH_KNOTS ( 'NONE', 5, 1, ( 
 ( #1518, #1195 ),
 ( #703, #582 ),
 ( #420, #429 ),
 ( #412, #1046 ),
 ( #1039, #266 ),
 ( #1210, #1060 ),
 ( #1670, #1659 ),
 ( #278, #1175 ) ),
 .UNSPECIFIED., .F., .F., .F.,
 ( 6, 2, 6 ),
 ( 2, 2 ),
 ( 0.000000000000000000, 0.5000000000000000000, 1.000000000000000000 ),
 ( 0.000000000000000000, 1.000000000000000000 ),
 .UNSPECIFIED. ) ;
#80 = ORIENTED_EDGE ( 'NONE', *, *, #1330, .T. ) ;
#81 = CARTESIAN_POINT ( 'NONE',  ( 0.8062422329799552312, 1.497693569312580527E-15, 0.02856696263359163532 ) ) ;
#82 = CC_DESIGN_PERSON_AND_ORGANIZATION_ASSIGNMENT ( #1596, #60, ( #431 ) ) ;
#83 = ORIENTED_EDGE ( 'NONE', *, *, #1232, .T. ) ;
#84 = CARTESIAN_POINT ( 'NONE',  ( -0.6432772058292580697, -0.2356638007319835637, 0.02803648176155457486 ) ) ;
#85 = CARTESIAN_POINT ( 'NONE',  ( -0.6432772058292580697, 0.2287210159856751246, 0.02856696263359163532 ) ) ;
#86 = DIRECTION ( 'NONE',  ( 1.000000000000000000, 0.000000000000000000, 0.000000000000000000 ) ) ;
#87 = PERSON_AND_ORGANIZATION ( #916, #1220 ) ;
#88 = CARTESIAN_POINT ( 'NONE',  ( 0.8693887936614380640, 0.09365800861855395898, 0.02719888038465390415 ) ) ;
#89 = CIRCLE ( 'NONE', #303, 0.02859012699820936282 ) ;
#90 = CIRCLE ( 'NONE', #1216, 0.1000707271459376074 ) ;
#91 = CARTESIAN_POINT ( 'NONE',  ( 0.6432785090901623759, 0.1929833572379136830, -0.02861329136282700358 ) ) ;
#92 = CARTESIAN_POINT ( 'NONE',  ( 0.2144266041170220793, 0.2287210159856751246, 0.02856696263359163532 ) ) ;
#93 = CIRCLE ( 'NONE', #1706, 0.1500981667405990594 ) ;
#94 = ORIENTED_EDGE ( 'NONE', *, *, #1366, .T. ) ;
#95 = CARTESIAN_POINT ( 'NONE',  ( -0.6432772058292580697, 0.2501636112343324503, 0.008464529587975716876 ) ) ;
#96 = CARTESIAN_POINT ( 'NONE',  ( -0.6432772058292580697, 0.2314129737442139068, 0.02855881928687214674 ) ) ;
#97 = DIRECTION ( 'NONE',  ( 1.000000000000000000, 0.000000000000000000, 0.000000000000000000 ) ) ;
#98 = APPROVAL_ROLE ( '' ) ;
#99 = CARTESIAN_POINT ( 'NONE',  ( 0.8693887936614523859, -0.09365800861855483328, 0.02719888038465390415 ) ) ;
#100 = EDGE_LOOP ( 'NONE', ( #1856, #293, #1909, #1816 ) ) ;
#101 = DIRECTION ( 'NONE',  ( 3.854941057726240069E-16, -1.000000000000000000, 0.000000000000000000 ) ) ;
#102 = ORIENTED_EDGE ( 'NONE', *, *, #1228, .F. ) ;
#103 = CARTESIAN_POINT ( 'NONE',  ( -0.6477355792424075442, 0.007081303493390823586, -0.02861329136282700358 ) ) ;
#104 = CARTESIAN_POINT ( 'NONE',  ( -0.6745007437296905994, -0.2385302587776294281, 0.02719888038465390415 ) ) ;
#105 = FACE_OUTER_BOUND ( 'NONE', #572, .T. ) ;
#106 = ADVANCED_FACE ( 'NONE', ( #445 ), #300, .F. ) ;
#107 = CARTESIAN_POINT ( 'NONE',  ( 0.7389882034612603734, 0.2310684550867628528, 0.02424866220157087873 ) ) ;
#108 = ADVANCED_BREP_SHAPE_REPRESENTATION ( '008732', ( #832, #1320 ), #527 ) ;
#109 = DIRECTION ( 'NONE',  ( 0.000000000000000000, 0.000000000000000000, 1.000000000000000000 ) ) ;
#110 = CARTESIAN_POINT ( 'NONE',  ( -0.4576795941020425085, -0.2480193517102174672, 0.02141943088403928941 ) ) ;
#111 = CARTESIAN_POINT ( 'NONE',  ( 0.6432785090901623759, 0.007147531749553295670, -0.02861329136282700358 ) ) ;
#112 = ORIENTED_EDGE ( 'NONE', *, *, #1269, .T. ) ;
#113 = CYLINDRICAL_SURFACE ( 'NONE', #1474, 0.2501636112343318397 ) ;
#114 = EDGE_CURVE ( 'NONE', #307, #564, #1795, .T. ) ;
#115 = CARTESIAN_POINT ( 'NONE',  ( -0.6432772058292580697, 0.2437606140420244816, 0.02424866220157087873 ) ) ;
#116 = CARTESIAN_POINT ( 'NONE',  ( 0.8173627976451154353, 0.1740837602283720198, 0.02661953943229761546 ) ) ;
#117 = CARTESIAN_POINT ( 'NONE',  ( 6.516304518955498965E-07, -0.1429506349910462382, -0.02861329136282700358 ) ) ;
#118 = CIRCLE ( 'NONE', #624, 0.02859012699820936282 ) ;
#119 = VERTEX_POINT ( 'NONE', #291 ) ;
#120 = CARTESIAN_POINT ( 'NONE',  ( 0.6432785090901623759, 0.2314129737442139068, 0.02855881928687214674 ) ) ;
#121 = ADVANCED_FACE ( 'NONE', ( #1532 ), #760, .F. ) ;
#122 = AXIS2_PLACEMENT_3D ( 'NONE', #287, #524, #234 ) ;
#123 = ORIENTED_EDGE ( 'NONE', *, *, #201, .T. ) ;
#124 = DIRECTION ( 'NONE',  ( 0.000000000000000000, 0.000000000000000000, 1.000000000000000000 ) ) ;
#125 = CARTESIAN_POINT ( 'NONE',  ( -0.6751853956336677509, -0.2437606140422048095, 0.02424866220157087873 ) ) ;
#126 = CARTESIAN_POINT ( 'NONE',  ( 0.8652997528148226314, 0.09196427131872154936, 0.02829241551560703061 ) ) ;
#127 = DIRECTION ( 'NONE',  ( 0.000000000000000000, 0.000000000000000000, 1.000000000000000000 ) ) ;
#128 = CARTESIAN_POINT ( 'NONE',  ( -0.6432772058292580697, 0.2430160794847799621, 0.02642270310872596104 ) ) ;
#129 = CARTESIAN_POINT ( 'NONE',  ( -0.5790685269638612409, -0.1929833572379125450, -0.02861329136282700358 ) ) ;
#130 = EDGE_CURVE ( 'NONE', #38, #375, #602, .T. ) ;
#131 = EDGE_LOOP ( 'NONE', ( #531, #1110, #1525, #1571 ) ) ;
#132 = CARTESIAN_POINT ( 'NONE',  ( -0.5148598480984625247, -0.2501636112343312290, 0.007124367384934599326 ) ) ;
#133 = CARTESIAN_POINT ( 'NONE',  ( -0.7374886956079229616, 0.2274513939006665153, 0.02661953943229761546 ) ) ;
#134 = CARTESIAN_POINT ( 'NONE',  ( 0.6754595850623980047, -0.2458453108024678813, 0.02216396544128384702 ) ) ;
#135 = DIRECTION ( 'NONE',  ( 0.000000000000000000, 0.000000000000000000, 1.000000000000000000 ) ) ;
#136 = CARTESIAN_POINT ( 'NONE',  ( -0.5148598480984625247, -0.1929833572379125450, 0.02859555276058987211 ) ) ;
#137 = DIRECTION ( 'NONE',  ( 0.000000000000000000, 0.000000000000000000, 1.000000000000000000 ) ) ;
#138 = ORIENTED_EDGE ( 'NONE', *, *, #1837, .F. ) ;
#139 = DIRECTION ( 'NONE',  ( 1.000000000000000000, 0.000000000000000000, 0.000000000000000000 ) ) ;
#140 = DIRECTION ( 'NONE',  ( 1.000000000000000000, 0.000000000000000000, 0.000000000000000000 ) ) ;
#141 = ORIENTED_EDGE ( 'NONE', *, *, #972, .T. ) ;
#142 = CARTESIAN_POINT ( 'NONE',  ( -0.8732096628855520182, 0.09524120535027859324, 0.02514326700551018992 ) ) ;
#143 = CARTESIAN_POINT ( 'NONE',  ( 0.6432785090901623759, -0.2482161880330373827, 0.01834822583540353380 ) ) ;
#144 = CARTESIAN_POINT ( 'NONE',  ( -0.4576795941020434522, 7.092347810211344083E-16, -0.02861329136282700358 ) ) ;
#145 = EDGE_CURVE ( 'NONE', #1344, #618, #1207, .T. ) ;
#146 = CARTESIAN_POINT ( 'NONE',  ( 0.6432785090901623759, -0.2287210159864260239, 0.02856696263359163532 ) ) ;
#147 = LINE ( 'NONE', #437, #826 ) ;
#148 = CIRCLE ( 'NONE', #1635, 0.1500981667405990594 ) ;
#149 = ORIENTED_EDGE ( 'NONE', *, *, #763, .F. ) ;
#150 = FACE_OUTER_BOUND ( 'NONE', #1979, .T. ) ;
#151 = LINE ( 'NONE', #295, #628 ) ;
#152 = CIRCLE ( 'NONE', #728, 0.1929833572379131001 ) ;
#153 = AXIS2_PLACEMENT_3D ( 'NONE', #1834, #109, #1217 ) ;
#154 = EDGE_LOOP ( 'NONE', ( #1528, #649 ) ) ;
#155 = CARTESIAN_POINT ( 'NONE',  ( -0.8763216567553359093, 0.09653023627264416262, 0.02216396544128384702 ) ) ;
#156 = AXIS2_PLACEMENT_3D ( 'NONE', #607, #945, #1409 ) ;
#157 = CC_DESIGN_APPROVAL ( #1761, ( #431 ) ) ;
#158 = EDGE_CURVE ( 'NONE', #38, #775, #243, .T. ) ;
#159 = CARTESIAN_POINT ( 'NONE',  ( 0.6758457677199685154, -0.2487955289855021679, 0.01693361017663851109 ) ) ;
#160 = LINE ( 'NONE', #612, #887 ) ;
#161 = CARTESIAN_POINT ( 'NONE',  ( -0.8934408170635901314, -0.06549268027077125021, 0.007124367384934595857 ) ) ;
#162 = CARTESIAN_POINT ( 'NONE',  ( -0.7738592734016239705, 0.2232027042474570566, 0.007124367384934594989 ) ) ;
#163 = ORIENTED_EDGE ( 'NONE', *, *, #1269, .F. ) ;
#164 = DIRECTION ( 'NONE',  ( 1.000000000000000000, 0.000000000000000000, 0.000000000000000000 ) ) ;
#165 = CARTESIAN_POINT ( 'NONE',  ( 0.7330801726413656016, 0.2168119705136141995, 0.02856696263359163532 ) ) ;
#166 = ORIENTED_EDGE ( 'NONE', *, *, #1668, .F. ) ;
#167 = CARTESIAN_POINT ( 'NONE',  ( -0.6757686289059597895, -0.2482161880331618942, 0.01834822583540353380 ) ) ;
#168 = CARTESIAN_POINT ( 'NONE',  ( 0.8245774847260722851, 0.1812984254135186490, 0.01261996308560004061 ) ) ;
#169 = DIRECTION ( 'NONE',  ( 0.000000000000000000, 0.000000000000000000, -1.000000000000000000 ) ) ;
#170 = CARTESIAN_POINT ( 'NONE',  ( -0.8219654995680670817, 1.472444347595945332E-15, 0.02856696263359163532 ) ) ;
#171 = ORIENTED_EDGE ( 'NONE', *, *, #1953, .F. ) ;
#172 = FACE_OUTER_BOUND ( 'NONE', #1800, .T. ) ;
#173 = DIRECTION ( 'NONE',  ( 0.000000000000000000, 0.000000000000000000, -1.000000000000000000 ) ) ;
#174 = ORIENTED_EDGE ( 'NONE', *, *, #1120, .F. ) ;
#175 = CARTESIAN_POINT ( 'NONE',  ( -0.8799122492571050946, 0.09801750937088128668, 0.01406715213124412264 ) ) ;
#176 = APPROVAL_STATUS ( 'not_yet_approved' ) ;
#177 = CARTESIAN_POINT ( 'NONE',  ( 0.8247766735597469312, -0.1814976136427709219, 0.008464529587975716876 ) ) ;
#178 = CARTESIAN_POINT ( 'NONE',  ( 0.6432785090901623759, -0.007147531749551249564, -0.01431822786372232217 ) ) ;
#179 = DIRECTION ( 'NONE',  ( 1.000000000000000000, 0.000000000000000000, 0.000000000000000000 ) ) ;
#180 = ORIENTED_EDGE ( 'NONE', *, *, #1833, .F. ) ;
#181 = CARTESIAN_POINT ( 'NONE',  ( -0.6432772058292580697, 0.1929833572379136830, -0.02861329136282700358 ) ) ;
#182 = CARTESIAN_POINT ( 'NONE',  ( 0.8600903760773809248, 0.08980683322665049262, 0.02856696263359163532 ) ) ;
#183 = VECTOR ( 'NONE', #1742, 1000.000000000000000 ) ;
#184 = ORIENTED_EDGE ( 'NONE', *, *, #1330, .F. ) ;
#185 = CARTESIAN_POINT ( 'NONE',  ( -0.8245761814650915955, 0.1812984254135186490, 0.01261996308560004061 ) ) ;
#186 = CIRCLE ( 'NONE', #1154, 0.1929833605181055789 ) ;
#187 = VECTOR ( 'NONE', #1914, 1000.000000000000000 ) ;
#188 = LINE ( 'NONE', #1906, #1510 ) ;
#189 = AXIS2_PLACEMENT_3D ( 'NONE', #1522, #135, #558 ) ;
#190 = CYLINDRICAL_SURFACE ( 'NONE', #1158, 0.02859012699820936282 ) ;
#191 = FACE_OUTER_BOUND ( 'NONE', #100, .T. ) ;
#192 = ORIENTED_EDGE ( 'NONE', *, *, #145, .F. ) ;
#193 = DIRECTION ( 'NONE',  ( 1.000000000000000000, 0.000000000000000000, 0.000000000000000000 ) ) ;
#194 = EDGE_CURVE ( 'NONE', #304, #45, #508, .T. ) ;
#195 = ORIENTED_EDGE ( 'NONE', *, *, #481, .T. ) ;
#196 = CARTESIAN_POINT ( 'NONE',  ( -0.8994093796587785405, 4.050243512564582837E-16, 0.01406715213124412264 ) ) ;
#197 = CARTESIAN_POINT ( 'NONE',  ( 0.6432785090901623759, 0.2501636112343324503, 0.01034075667223320096 ) ) ;
#198 = CARTESIAN_POINT ( 'NONE',  ( 0.8247707654164748714, 0.1814917055173297655, 0.009816325143473181997 ) ) ;
#199 = CYLINDRICAL_SURFACE ( 'NONE', #1770, 0.02859012699820936282 ) ;
#200 = DIRECTION ( 'NONE',  ( 1.000000000000000000, 1.927470528863119788E-16, 0.000000000000000000 ) ) ;
#201 = EDGE_CURVE ( 'NONE', #1498, #1847, #1132, .T. ) ;
#202 = VERTEX_POINT ( 'NONE', #1854 ) ;
#203 = CARTESIAN_POINT ( 'NONE',  ( -0.6584410529923455657, 0.2287210159856751246, 0.02856696263359163532 ) ) ;
#204 = ORIENTED_EDGE ( 'NONE', *, *, #1147, .F. ) ;
#205 = CARTESIAN_POINT ( 'NONE',  ( -0.8247753702988797064, -0.1814976136427695064, 0.007124367384934599326 ) ) ;
#206 = CARTESIAN_POINT ( 'NONE',  ( -0.7933753725698576842, 1.472444347595945332E-15, 0.007124367384934599326 ) ) ;
#207 = CARTESIAN_POINT ( 'NONE',  ( 0.8804164119101535180, -0.09822580068930751584, 0.008464529587975716876 ) ) ;
#208 = DIRECTION ( 'NONE',  ( 1.000000000000000000, 0.000000000000000000, 0.000000000000000000 ) ) ;
#209 = ORIENTED_EDGE ( 'NONE', *, *, #1297, .F. ) ;
#210 = CARTESIAN_POINT ( 'NONE',  ( -0.5148598480984616366, -0.2501636112341268370, 0.01355714595953168809 ) ) ;
#211 = VERTEX_POINT ( 'NONE', #1361 ) ;
#212 = CARTESIAN_POINT ( 'NONE',  ( -0.6432772058292580697, -0.2501636112343312290, 0.008464529587975716876 ) ) ;
#213 = CARTESIAN_POINT ( 'NONE',  ( -0.8779528313757810620, 3.933145672719318728E-16, 0.02856696263359163532 ) ) ;
#214 = CARTESIAN_POINT ( 'NONE',  ( 0.8804086925773545458, 0.09822260323485640376, 0.009816325143473181997 ) ) ;
#215 = VECTOR ( 'NONE', #1690, 1000.000000000000000 ) ;
#216 = ADVANCED_FACE ( 'NONE', ( #1977 ), #34, .T. ) ;
#217 = PERSON_AND_ORGANIZATION ( #916, #1220 ) ;
#218 = AXIS2_PLACEMENT_3D ( 'NONE', #718, #127, #738 ) ;
#219 = CARTESIAN_POINT ( 'NONE',  ( 0.6735703965568706764, -0.2314129737443913482, 0.02855881928687214674 ) ) ;
#220 = EDGE_LOOP ( 'NONE', ( #934, #778, #83, #1437 ) ) ;
#221 = FACE_OUTER_BOUND ( 'NONE', #1353, .T. ) ;
#222 = ORIENTED_EDGE ( 'NONE', *, *, #937, .T. ) ;
#223 = CARTESIAN_POINT ( 'NONE',  ( -0.8247694621555066163, -0.1814917055173297378, 0.009816325143473181997 ) ) ;
#224 = CARTESIAN_POINT ( 'NONE',  ( -0.8101906963683045415, -0.1669129839750613520, 0.02856696263359163532 ) ) ;
#225 = DIRECTION ( 'NONE',  ( 0.000000000000000000, 0.000000000000000000, -1.000000000000000000 ) ) ;
#226 =( LENGTH_UNIT ( ) NAMED_UNIT ( * ) SI_UNIT ( .MILLI., .METRE. ) );
#227 = CARTESIAN_POINT ( 'NONE',  ( 0.7352408649009720687, -0.2220213910713206285, 0.02829241551560703061 ) ) ;
#228 = ORIENTED_EDGE ( 'NONE', *, *, #232, .F. ) ;
#229 = CARTESIAN_POINT ( 'NONE',  ( -0.6432772058292580697, 0.2287210159856751246, 0.02856696263359163532 ) ) ;
#230 = VERTEX_POINT ( 'NONE', #377 ) ;
#231 = CARTESIAN_POINT ( 'NONE',  ( -0.6432772058292580697, -0.2437606140420233714, 0.02424866220157087873 ) ) ;
#232 = EDGE_CURVE ( 'NONE', #1070, #719, #792, .T. ) ;
#233 = LINE ( 'NONE', #206, #1015 ) ;
#234 = DIRECTION ( 'NONE',  ( 1.000000000000000000, 0.000000000000000000, 0.000000000000000000 ) ) ;
#235 = CARTESIAN_POINT ( 'NONE',  ( 0.8933852792852522429, 1.319485294298068932E-15, 0.02424866220157087873 ) ) ;
#236 = ORIENTED_EDGE ( 'NONE', *, *, #1967, .T. ) ;
#237 = DIRECTION ( 'NONE',  ( 1.000000000000000000, 0.000000000000000000, 0.000000000000000000 ) ) ;
#238 = ORIENTED_EDGE ( 'NONE', *, *, #1748, .T. ) ;
#239 = CARTESIAN_POINT ( 'NONE',  ( -0.6760224800454988081, 0.2501554678876471982, 0.009816325143473181997 ) ) ;
#240 = B_SPLINE_CURVE_WITH_KNOTS ( 'NONE', 3,
 ( #1066, #1686, #1867, #590 ),
 .UNSPECIFIED., .F., .F.,
 ( 4, 4 ),
 ( 0.000000000000000000, 1.000000000000000000 ),
 .UNSPECIFIED. ) ;
#241 = CARTESIAN_POINT ( 'NONE',  ( -0.6733921436716155950, -0.2300611781888325658, 0.02856696263359163532 ) ) ;
#242 = CARTESIAN_POINT ( 'NONE',  ( -0.6432772058292580697, 3.375101279706731319E-16, -0.02861329136282700358 ) ) ;
#243 = CIRCLE ( 'NONE', #423, 0.1929833572379131001 ) ;
#244 = CARTESIAN_POINT ( 'NONE',  ( 0.8652997528148352879, -0.09196427131872259020, 0.02829241551560703061 ) ) ;
#245 = AXIS2_PLACEMENT_3D ( 'NONE', #111, #1798, #237 ) ;
#246 = AXIS2_PLACEMENT_3D ( 'NONE', #456, #137, #635 ) ;
#247 = ORIENTED_EDGE ( 'NONE', *, *, #1715, .F. ) ;
#248 = CARTESIAN_POINT ( 'NONE',  ( 0.7722078791521104213, -0.06970737827133274833, -0.01431822786372232217 ) ) ;
#249 = VECTOR ( 'NONE', #1495, 1000.000000000000000 ) ;
#250 = ORIENTED_EDGE ( 'NONE', *, *, #397, .T. ) ;
#251 = LINE ( 'NONE', #722, #1379 ) ;
#252 = EDGE_CURVE ( 'NONE', #1962, #1264, #1048, .T. ) ;
#253 = CARTESIAN_POINT ( 'NONE',  ( -0.8880174517096831588, 4.050243512564582837E-16, 0.02719888038465390415 ) ) ;
#254 = DIRECTION ( 'NONE',  ( 0.000000000000000000, 0.000000000000000000, 1.000000000000000000 ) ) ;
#255 = CARTESIAN_POINT ( 'NONE',  ( 0.8743468108260687988, -0.09571168793356436832, 0.02424866220157087873 ) ) ;
#256 = ORIENTED_EDGE ( 'NONE', *, *, #646, .F. ) ;
#257 = CARTESIAN_POINT ( 'NONE',  ( 0.2144266041170220793, 0.2501636112343324503, 0.007124367384934599326 ) ) ;
#258 = ORIENTED_EDGE ( 'NONE', *, *, #705, .T. ) ;
#259 = CARTESIAN_POINT ( 'NONE',  ( -0.6477355792424075442, -0.007081303493387191943, -0.01431822786372232217 ) ) ;
#260 = CARTESIAN_POINT ( 'NONE',  ( -0.6745007437294270325, 0.2385302587776305383, 0.02719888038465390415 ) ) ;
#261 = CARTESIAN_POINT ( 'NONE',  ( 0.8894701992692161108, 1.295150899455224875E-15, 0.02661953943229761546 ) ) ;
#262 = LINE ( 'NONE', #271, #1188 ) ;
#263 = ORIENTED_EDGE ( 'NONE', *, *, #1443, .T. ) ;
#264 = FACE_OUTER_BOUND ( 'NONE', #851, .T. ) ;
#265 = ORIENTED_EDGE ( 'NONE', *, *, #1287, .F. ) ;
#266 = CARTESIAN_POINT ( 'NONE',  ( -0.6432772058292580697, -0.2430160794848216788, 0.02642270310871307204 ) ) ;
#267 = CARTESIAN_POINT ( 'NONE',  ( -0.7385164274169885301, 0.2299326096533246544, 0.02514326700551018992 ) ) ;
#268 = EDGE_CURVE ( 'NONE', #375, #65, #1573, .T. ) ;
#269 = CARTESIAN_POINT ( 'NONE',  ( 0.8666715885249740570, -0.09253250465232293331, 0.02803648176155457486 ) ) ;
#270 = ADVANCED_FACE ( 'NONE', ( #523 ), #544, .F. ) ;
#271 = CARTESIAN_POINT ( 'NONE',  ( -0.8505556265662763682, 1.475945628347502705E-15, 0.007124367384934599326 ) ) ;
#272 = AXIS2_PLACEMENT_3D ( 'NONE', #1869, #1720, #1092 ) ;
#273 = ORIENTED_EDGE ( 'NONE', *, *, #906, .F. ) ;
#274 = LINE ( 'NONE', #129, #1509 ) ;
#275 = EDGE_CURVE ( 'NONE', #1780, #472, #233, .T. ) ;
#276 = AXIS2_PLACEMENT_3D ( 'NONE', #1924, #1680, #440 ) ;
#277 = ORIENTED_EDGE ( 'NONE', *, *, #857, .F. ) ;
#278 = CARTESIAN_POINT ( 'NONE',  ( -0.5148598480984625247, -0.2287210159856041536, 0.02856696263359163532 ) ) ;
#279 = VECTOR ( 'NONE', #1664, 1000.000000000000000 ) ;
#280 = CARTESIAN_POINT ( 'NONE',  ( -0.6739360886451774002, -0.2342166116865896652, 0.02829241551560703061 ) ) ;
#281 = CARTESIAN_POINT ( 'NONE',  ( 0.8233637832728092354, 0.1800847276437235744, 0.01834822583540353380 ) ) ;
#282 = FACE_OUTER_BOUND ( 'NONE', #428, .T. ) ;
#283 = CARTESIAN_POINT ( 'NONE',  ( -0.6432772058292580697, -0.1929833572379125450, -0.01431822786372232217 ) ) ;
#284 = DIRECTION ( 'NONE',  ( -1.000000000000000000, 0.000000000000000000, 0.000000000000000000 ) ) ;
#285 = VERTEX_POINT ( 'NONE', #693 ) ;
#286 = CARTESIAN_POINT ( 'NONE',  ( -0.8361404845337796488, -0.006806753863507130839, -0.01431822786372232217 ) ) ;
#287 = CARTESIAN_POINT ( 'NONE',  ( 0.8219668028289703887, 1.497693569312580527E-15, -0.02861329136282700358 ) ) ;
#288 = CARTESIAN_POINT ( 'NONE',  ( -0.8132055375303463007, -0.1699278159874104965, 0.02829241551560703061 ) ) ;
#289 = CARTESIAN_POINT ( 'NONE',  ( 0.7407376313850626559, 0.2352920356790615675, 0.01834822583540353380 ) ) ;
#290 = CARTESIAN_POINT ( 'NONE',  ( -0.4576795941020434522, -0.1786882937388078740, -0.02861329136282700358 ) ) ;
#291 = CARTESIAN_POINT ( 'NONE',  ( 0.7933766758307609912, 1.475945628347502705E-15, 0.02856696263359163532 ) ) ;
#292 = FACE_BOUND ( 'NONE', #687, .T. ) ;
#293 = ORIENTED_EDGE ( 'NONE', *, *, #1443, .F. ) ;
#294 = CARTESIAN_POINT ( 'NONE',  ( -0.4576795941020434522, -0.1786882937388078740, 0.02856696263359163532 ) ) ;
#295 = CARTESIAN_POINT ( 'NONE',  ( 0.6432785090901623759, 0.1929833572379136830, -0.02861329136282700358 ) ) ;
#296 = ORIENTED_EDGE ( 'NONE', *, *, #825, .F. ) ;
#297 = CARTESIAN_POINT ( 'NONE',  ( -0.8996719764891231153, 3.960590478933052850E-16, 0.01261996308560004061 ) ) ;
#298 = CARTESIAN_POINT ( 'NONE',  ( 0.8996732797500300860, 1.282587277055160250E-15, 0.01261996308560004061 ) ) ;
#299 = DIRECTION ( 'NONE',  ( 0.000000000000000000, 0.000000000000000000, 1.000000000000000000 ) ) ;
#300 = CYLINDRICAL_SURFACE ( 'NONE', #553, 0.02859012699820936282 ) ;
#301 = FACE_OUTER_BOUND ( 'NONE', #1275, .T. ) ;
#302 = AXIS2_PLACEMENT_3D ( 'NONE', #1986, #1523, #1128 ) ;
#303 = AXIS2_PLACEMENT_3D ( 'NONE', #1698, #1399, #1857 ) ;
#304 = VERTEX_POINT ( 'NONE', #1470 ) ;
#305 = DIRECTION ( 'NONE',  ( 0.000000000000000000, 0.000000000000000000, -1.000000000000000000 ) ) ;
#306 = DIRECTION ( 'NONE',  ( 1.000000000000000000, 0.000000000000000000, 0.000000000000000000 ) ) ;
#307 = VERTEX_POINT ( 'NONE', #1148 ) ;
#308 = CARTESIAN_POINT ( 'NONE',  ( -0.7401566873840230709, -0.2338926299945590925, 0.02096573013821810549 ) ) ;
#309 = B_SPLINE_CURVE_WITH_KNOTS ( 'NONE', 3,
 ( #791, #1416, #1709, #162, #3, #315 ),
 .UNSPECIFIED., .F., .F.,
 ( 4, 2, 4 ),
 ( 0.000000000000000000, 0.5000000000000000000, 1.000000000000000000 ),
 .UNSPECIFIED. ) ;
#310 = APPROVAL ( #369, '未' ) ;
#311 = APPROVAL_PERSON_ORGANIZATION ( #610, #1761, #1704 ) ;
#312 = CARTESIAN_POINT ( 'NONE',  ( 0.7407376313853669680, -0.2352920356790604850, 0.01834822583540353380 ) ) ;
#313 = CARTESIAN_POINT ( 'NONE',  ( -0.8362605630671723356, 1.173661890615763207E-15, -0.01431822786372232217 ) ) ;
#314 = CARTESIAN_POINT ( 'NONE',  ( -0.6432772058292580697, 0.2501636112343324503, 0.01034075667223320096 ) ) ;
#315 = CARTESIAN_POINT ( 'NONE',  ( -0.6432772058292580697, 0.2501636112343324503, 0.007124367384927562420 ) ) ;
#316 = ADVANCED_FACE ( 'NONE', ( #1441 ), #374, .T. ) ;
#317 = ORIENTED_EDGE ( 'NONE', *, *, #1756, .T. ) ;
#318 = DIRECTION ( 'NONE',  ( 0.000000000000000000, 0.000000000000000000, -1.000000000000000000 ) ) ;
#319 = DIRECTION ( 'NONE',  ( -1.000000000000000000, 0.000000000000000000, 0.000000000000000000 ) ) ;
#320 = ORIENTED_EDGE ( 'NONE', *, *, #1565, .T. ) ;
#321 = CARTESIAN_POINT ( 'NONE',  ( -0.6759541062231735342, 0.2496331303623721964, 0.01406715213124412264 ) ) ;
#322 = CARTESIAN_POINT ( 'NONE',  ( 0.6432785090901623759, -0.2467399156062497212, 0.02096573013821810549 ) ) ;
#323 = CARTESIAN_POINT ( 'NONE',  ( -0.5576656340087267072, -0.2501636112343312290, 0.007124367384934599326 ) ) ;
#324 = CARTESIAN_POINT ( 'NONE',  ( 0.6432785090901623759, 2.439538330109671981E-16, -0.01431822786372232217 ) ) ;
#325 = VERTEX_POINT ( 'NONE', #680 ) ;
#326 = CARTESIAN_POINT ( 'NONE',  ( -0.4862697211002529607, -0.1786882937388078740, -0.02861329136282700358 ) ) ;
#327 = CARTESIAN_POINT ( 'NONE',  ( 0.8600941999097142521, -0.08980105975471647239, 0.02856696263359163532 ) ) ;
#328 = VERTEX_POINT ( 'NONE', #512 ) ;
#329 = CARTESIAN_POINT ( 'NONE',  ( -0.6432772058292580697, 0.2458453108023117006, 0.02216396544128384702 ) ) ;
#330 = CARTESIAN_POINT ( 'NONE',  ( 0.6432785090901623759, -0.2319374052737246950, 0.02856696263359163532 ) ) ;
#331 = CARTESIAN_POINT ( 'NONE',  ( -0.8934408170635913526, 5.848793146437937781E-17, 0.007124367384934599326 ) ) ;
#332 = CARTESIAN_POINT ( 'NONE',  ( 0.6432785090901623759, 0.2300611781887162977, 0.02856696263359163532 ) ) ;
#333 = EDGE_CURVE ( 'NONE', #336, #325, #1138, .T. ) ;
#334 = VERTEX_POINT ( 'NONE', #1307 ) ;
#335 = DIRECTION ( 'NONE',  ( 0.000000000000000000, 0.000000000000000000, -1.000000000000000000 ) ) ;
#336 = VERTEX_POINT ( 'NONE', #1601 ) ;
#337 = CARTESIAN_POINT ( 'NONE',  ( -0.7398054314903685924, 0.2330446055884318191, 0.02216396544128384702 ) ) ;
#338 = AXIS2_PLACEMENT_3D ( 'NONE', #953, #1729, #24 ) ;
#339 = CARTESIAN_POINT ( 'NONE',  ( 0.6760248492686101729, 0.2501636112343324503, 0.007124367384934599326 ) ) ;
#340 = VECTOR ( 'NONE', #1035, 1000.000000000000000 ) ;
#341 = FACE_OUTER_BOUND ( 'NONE', #1007, .T. ) ;
#342 = CARTESIAN_POINT ( 'NONE',  ( 0.8613606875764003856, -0.09033265599105655408, 0.02856696263359163532 ) ) ;
#343 = ADVANCED_FACE ( 'NONE', ( #814 ), #1440, .T. ) ;
#344 = ORIENTED_EDGE ( 'NONE', *, *, #158, .F. ) ;
#345 = CARTESIAN_POINT ( 'NONE',  ( 0.6432785090901623759, -0.2501636112343312290, 0.007124367384918931304 ) ) ;
#346 = ORIENTED_EDGE ( 'NONE', *, *, #902, .T. ) ;
#347 = DIRECTION ( 'NONE',  ( 0.000000000000000000, 0.000000000000000000, 1.000000000000000000 ) ) ;
#348 = DIRECTION ( 'NONE',  ( 0.000000000000000000, 0.000000000000000000, -1.000000000000000000 ) ) ;
#349 = CARTESIAN_POINT ( 'NONE',  ( -0.5148598480984625247, 7.092347810211344083E-16, -0.02861329136282700358 ) ) ;
#350 = APPROVAL_DATE_TIME ( #1161, #1639 ) ;
#351 = DIRECTION ( 'NONE',  ( 0.000000000000000000, 0.000000000000000000, -1.000000000000000000 ) ) ;
#352 = ORIENTED_EDGE ( 'NONE', *, *, #1297, .T. ) ;
#353 = CARTESIAN_POINT ( 'NONE',  ( -0.8062409297190519242, 1.471686559846181280E-15, 0.02856696263359163532 ) ) ;
#354 = ORIENTED_EDGE ( 'NONE', *, *, #516, .T. ) ;
#355 = CARTESIAN_POINT ( 'NONE',  ( -0.8804151086492447709, 0.09822580068930900077, 0.008464529587975716876 ) ) ;
#356 = EDGE_CURVE ( 'NONE', #1498, #1868, #1491, .T. ) ;
#357 = CARTESIAN_POINT ( 'NONE',  ( -0.7330817816107175755, 0.2168119407534249143, 0.02856696263359163532 ) ) ;
#358 = DIRECTION ( 'NONE',  ( 1.000000000000000000, 0.000000000000000000, 0.000000000000000000 ) ) ;
#359 = FACE_OUTER_BOUND ( 'NONE', #401, .T. ) ;
#360 = ORIENTED_EDGE ( 'NONE', *, *, #1904, .T. ) ;
#361 = CARTESIAN_POINT ( 'NONE',  ( -0.8779518403560763185, 1.443367982975429509E-06, 0.02856696263359163532 ) ) ;
#362 = ORIENTED_EDGE ( 'NONE', *, *, #965, .T. ) ;
#363 = CARTESIAN_POINT ( 'NONE',  ( -0.6432772058292580697, -0.2467399156062497212, 0.02096573013821810549 ) ) ;
#364 = AXIS2_PLACEMENT_3D ( 'NONE', #393, #1499, #873 ) ;
#365 = AXIS2_PLACEMENT_3D ( 'NONE', #648, #824, #974 ) ;
#366 = CARTESIAN_POINT ( 'NONE',  ( -0.8111714481684993983, -0.1678937327987899131, 0.02855881928687079366 ) ) ;
#367 = CARTESIAN_POINT ( 'NONE',  ( 0.6432785090901623759, 0.2501636112343324503, 0.008464529587975716876 ) ) ;
#368 = CIRCLE ( 'NONE', #1703, 0.1000707271459376074 ) ;
#369 = APPROVAL_STATUS ( 'not_yet_approved' ) ;
#370 = AXIS2_PLACEMENT_3D ( 'NONE', #1866, #1563, #1896 ) ;
#371 = CARTESIAN_POINT ( 'NONE',  ( 0.6739373919057710660, -0.2342166116865882219, 0.02829241551560703061 ) ) ;
#372 = ORIENTED_EDGE ( 'NONE', *, *, #447, .T. ) ;
#373 = CARTESIAN_POINT ( 'NONE',  ( -0.7458141557163406876, 0.2082742258690200021, 0.02856696263359163532 ) ) ;
#374 = B_SPLINE_SURFACE_WITH_KNOTS ( 'NONE', 3, 3, ( 
 ( #1762, #1792, #357, #1318, #968, #213, #1602, #1934, #1482, #58, #533 ),
 ( #1168, #662, #1594, #1291, #1139, #1782, #1632, #224, #1308, #241, #1905 ),
 ( #96, #1923, #704, #978, #831, #1455, #839, #366, #990, #1614, #1462 ),
 ( #75, #682, #1226, #715, #1803, #893, #1378, #288, #1954, #280, #1500 ),
 ( #574, #421, #596, #1339, #1062, #1040, #566, #1966, #1187, #1652, #904 ),
 ( #1519, #260, #1031, #1367, #1529, #253, #1047, #413, #1203, #104, #394 ),
 ( #552, #1673, #133, #1661, #735, #1982, #1644, #744, #584, #1358, #1681 ),
 ( #874, #1492, #267, #1196, #142, #1212, #754, #406, #1831, #1811, #432 ),
 ( #115, #1021, #723, #1995, #865, #1348, #1819, #883, #1511, #125, #1974 ),
 ( #329, #1083, #337, #1881, #155, #452, #1238, #641, #8, #1114, #1851 ),
 ( #18, #769, #779, #1268, #1551, #46, #1701, #1260, #308, #1248, #1861 ),
 ( #442, #928, #806, #1842, #1872, #1402, #1096, #1430, #939, #167, #650 ),
 ( #484, #632, #619, #1411, #1071, #957, #1106, #1538, #465, #1714, #473 ),
 ( #1732, #321, #1560, #1723, #175, #196, #947, #788, #1423, #1572, #39 ),
 ( #1584, #1692, #27, #185, #799, #297, #1392, #914, #609, #671, #1592 ),
 ( #1613, #239, #690, #1921, #1276, #1781, #1889, #223, #1317, #1903, #1146 ),
 ( #95, #854, #74, #838, #355, #976, #999, #659, #521, #967, #66 ),
 ( #1933, #1156, #492, #384, #1127, #1461, #1290, #205, #1750, #503, #1479 ) ),
 .UNSPECIFIED., .F., .F., .F.,
 ( 4, 2, 2, 2, 2, 2, 2, 2, 4 ),
 ( 4, 1, 1, 1, 1, 1, 1, 1, 4 ),
 ( 0.000000000000000000, 0.1250000000000000000, 0.2500000000000000000, 0.3750000000000000000, 0.5000000000000000000, 0.6250000000000000000, 0.7500000000000000000, 0.8750000000000000000, 1.000000000000000000 ),
 ( 1.570796326794899889, 1.963495408493620031, 2.356194490192339952, 2.748893571891069865, 3.141592653589790007, 3.534291735288519920, 3.926990816987240063, 4.319689898685970419, 4.712388980384689674 ),
 .UNSPECIFIED. ) ;
#375 = VERTEX_POINT ( 'NONE', #286 ) ;
#376 = CARTESIAN_POINT ( 'NONE',  ( -0.6432772058292580697, -0.2496331303622940090, 0.01406715213124412264 ) ) ;
#377 = CARTESIAN_POINT ( 'NONE',  ( -0.7721709910823448819, 0.07685491002088547241, -0.01431822786372232217 ) ) ;
#378 = DIRECTION ( 'NONE',  ( 1.000000000000000000, 0.000000000000000000, 0.000000000000000000 ) ) ;
#379 = PERSON_AND_ORGANIZATION_ROLE ( 'design_owner' ) ;
#380 = CARTESIAN_POINT ( 'NONE',  ( 0.7389882034615474771, -0.2310684550867621034, 0.02424866220157087873 ) ) ;
#381 = VERTEX_POINT ( 'NONE', #1817 ) ;
#382 = CARTESIAN_POINT ( 'NONE',  ( -0.8092037999703202145, 0.1659607783217217081, 0.02856696263359163532 ) ) ;
#383 = ORIENTED_EDGE ( 'NONE', *, *, #1967, .F. ) ;
#384 = CARTESIAN_POINT ( 'NONE',  ( -0.8247753702988707136, 0.1814976136427692011, 0.007124367384934599326 ) ) ;
#385 = DIRECTION ( 'NONE',  ( 0.000000000000000000, 0.000000000000000000, -1.000000000000000000 ) ) ;
#386 = CARTESIAN_POINT ( 'NONE',  ( -0.5148598480984625247, -0.1858358254883601124, 0.02856696263359163532 ) ) ;
#387 = MECHANICAL_CONTEXT ( 'NONE', #1447, 'mechanical' ) ;
#388 = CARTESIAN_POINT ( 'NONE',  ( 0.7358090863987198915, 0.2233932276918887960, 0.02803648176155457486 ) ) ;
#389 = CARTESIAN_POINT ( 'NONE',  ( -0.4576795941020425085, -0.2501636112343312290, 0.007124367384934599326 ) ) ;
#390 = PLANE ( 'NONE',  #398 ) ;
#391 = ADVANCED_FACE ( 'NONE', ( #1490 ), #1357, .F. ) ;
#392 = ORIENTED_EDGE ( 'NONE', *, *, #1611, .F. ) ;
#393 = CARTESIAN_POINT ( 'NONE',  ( 0.8219668028289703887, 1.472444347595945332E-15, 0.007124367384934599326 ) ) ;
#394 = CARTESIAN_POINT ( 'NONE',  ( -0.6432772058292580697, -0.2385302587773781291, 0.02719888038465390415 ) ) ;
#395 = VECTOR ( 'NONE', #896, 1000.000000000000000 ) ;
#396 = LINE ( 'NONE', #386, #1186 ) ;
#397 = EDGE_CURVE ( 'NONE', #1559, #230, #725, .T. ) ;
#398 = AXIS2_PLACEMENT_3D ( 'NONE', #1354, #101, #560 ) ;
#399 = CARTESIAN_POINT ( 'NONE',  ( 0.6432785090901623759, 0.2399448744361440122, 0.02661953943229761546 ) ) ;
#400 = AXIS2_PLACEMENT_3D ( 'NONE', #653, #1544, #10 ) ;
#401 = EDGE_LOOP ( 'NONE', ( #383, #1388, #913, #1932 ) ) ;
#402 = DIRECTION ( 'NONE',  ( 1.000000000000000000, 1.927470528863119788E-16, 0.000000000000000000 ) ) ;
#403 = LOCAL_TIME ( 15, 10, 42.00000000000000000, #506 ) ;
#404 = VERTEX_POINT ( 'NONE', #881 ) ;
#405 = DIRECTION ( 'NONE',  ( 1.000000000000000000, 0.000000000000000000, 0.000000000000000000 ) ) ;
#406 = CARTESIAN_POINT ( 'NONE',  ( -0.8192605404688859672, -0.1759828005496859027, 0.02514326700551018992 ) ) ;
#407 = CARTESIAN_POINT ( 'NONE',  ( 0.8142568022710003905, 0.1709777742806198320, 0.02803648176155457486 ) ) ;
#408 = DIRECTION ( 'NONE',  ( 1.000000000000000000, 1.927470528863119788E-16, 0.000000000000000000 ) ) ;
#409 = CARTESIAN_POINT ( 'NONE',  ( -0.4576795941020425085, -0.2430160794855308892, 0.02642270310872596104 ) ) ;
#410 = CARTESIAN_POINT ( 'NONE',  ( 6.516304518955498965E-07, -0.2501636112343312290, 0.02856696263359163532 ) ) ;
#411 = ORIENTED_EDGE ( 'NONE', *, *, #13, .T. ) ;
#412 = CARTESIAN_POINT ( 'NONE',  ( -0.5148598480984625247, -0.2480193517092666722, 0.02141943088401786904 ) ) ;
#413 = CARTESIAN_POINT ( 'NONE',  ( -0.8163351654779499311, -0.1730574344369429640, 0.02719888038465390415 ) ) ;
#414 = ADVANCED_FACE ( 'NONE', ( #1364 ), #113, .T. ) ;
#415 = CARTESIAN_POINT ( 'NONE',  ( 0.7385177306778585304, -0.2299326096533235442, 0.02514326700551018992 ) ) ;
#416 = DIRECTION ( 'NONE',  ( 0.000000000000000000, 0.000000000000000000, -1.000000000000000000 ) ) ;
#417 = ORIENTED_EDGE ( 'NONE', *, *, #600, .T. ) ;
#418 = CARTESIAN_POINT ( 'NONE',  ( 6.516304518955498965E-07, -0.2501636112343312290, -0.01431822786372232217 ) ) ;
#419 = ORIENTED_EDGE ( 'NONE', *, *, #1502, .T. ) ;
#420 = CARTESIAN_POINT ( 'NONE',  ( -0.5148598480984625247, -0.2501636112341268370, 0.01355714595953168809 ) ) ;
#421 = CARTESIAN_POINT ( 'NONE',  ( -0.6741255252483281390, 0.2356638007322464368, 0.02803648176155457486 ) ) ;
#422 = CARTESIAN_POINT ( 'NONE',  ( 0.8216436695302209436, -0.1783646191215733368, 0.02216396544128384702 ) ) ;
#423 = AXIS2_PLACEMENT_3D ( 'NONE', #1822, #1695, #426 ) ;
#424 = CARTESIAN_POINT ( 'NONE',  ( 6.516304518955498965E-07, 7.092347810211344083E-16, 0.007124367384934599326 ) ) ;
#425 = VECTOR ( 'NONE', #734, 1000.000000000000000 ) ;
#426 = DIRECTION ( 'NONE',  ( 1.000000000000000000, 0.000000000000000000, 0.000000000000000000 ) ) ;
#427 = DIRECTION ( 'NONE',  ( 0.000000000000000000, 0.000000000000000000, 1.000000000000000000 ) ) ;
#428 = EDGE_LOOP ( 'NONE', ( #1825, #1067, #677, #570 ) ) ;
#429 = CARTESIAN_POINT ( 'NONE',  ( -0.6432772058292580697, -0.2501636112341268370, 0.01355714595953168809 ) ) ;
#430 = DIRECTION ( 'NONE',  ( 0.000000000000000000, 0.000000000000000000, 1.000000000000000000 ) ) ;
#431 = SECURITY_CLASSIFICATION ( '', '', #1444 ) ;
#432 = CARTESIAN_POINT ( 'NONE',  ( -0.6432772058292580697, -0.2425623787389578345, 0.02514326700551018992 ) ) ;
#433 = CARTESIAN_POINT ( 'NONE',  ( 0.8799135525179886397, 0.09801750937087858051, 0.01406715213124412264 ) ) ;
#434 = EDGE_CURVE ( 'NONE', #23, #1559, #573, .T. ) ;
#435 = CARTESIAN_POINT ( 'NONE',  ( -0.8062409297190519242, 1.471686559846181280E-15, -0.02861329136282700358 ) ) ;
#436 = CARTESIAN_POINT ( 'NONE',  ( 6.516304518955498965E-07, 0.1929833572379136830, -0.02861329136282700358 ) ) ;
#437 = CARTESIAN_POINT ( 'NONE',  ( -0.8934408170635899094, 3.618445228135171404E-16, 0.02856696263359163532 ) ) ;
#438 = ORIENTED_EDGE ( 'NONE', *, *, #1789, .T. ) ;
#439 = CARTESIAN_POINT ( 'NONE',  ( 0.6432785090901623759, 0.1929833572379136830, -0.01431822786372232217 ) ) ;
#440 = DIRECTION ( 'NONE',  ( 0.000000000000000000, 0.000000000000000000, -1.000000000000000000 ) ) ;
#441 = ORIENTED_EDGE ( 'NONE', *, *, #1454, .F. ) ;
#442 = CARTESIAN_POINT ( 'NONE',  ( -0.6432772058292580697, 0.2482161880330384651, 0.01834822583540353380 ) ) ;
#443 = CARTESIAN_POINT ( 'NONE',  ( 0.8243918002200083528, 0.1811127414709912120, 0.01406715213124412264 ) ) ;
#444 = DIRECTION ( 'NONE',  ( 1.000000000000000000, 7.709882115452479399E-17, 0.000000000000000000 ) ) ;
#445 = FACE_OUTER_BOUND ( 'NONE', #631, .T. ) ;
#446 = PLANE ( 'NONE',  #246 ) ;
#447 = EDGE_CURVE ( 'NONE', #719, #307, #251, .T. ) ;
#448 = ORIENTED_EDGE ( 'NONE', *, *, #1883, .F. ) ;
#449 = DIRECTION ( 'NONE',  ( 1.000000000000000000, 0.000000000000000000, 0.000000000000000000 ) ) ;
#450 = CYLINDRICAL_SURFACE ( 'NONE', #156, 0.2501636112343317841 ) ;
#451 = VERTEX_POINT ( 'NONE', #1345 ) ;
#452 = CARTESIAN_POINT ( 'NONE',  ( -0.8955229465696903368, 3.996573669302170100E-16, 0.02216396544128384702 ) ) ;
#453 = CARTESIAN_POINT ( 'NONE',  ( 0.8994106829196855113, 1.316740813676695520E-15, 0.01406715213124412264 ) ) ;
#454 = DIRECTION ( 'NONE',  ( 1.000000000000000000, 0.000000000000000000, 0.000000000000000000 ) ) ;
#455 = CARTESIAN_POINT ( 'NONE',  ( 0.6432785090901623759, -0.2319374052737246950, 0.02856696263359163532 ) ) ;
#456 = CARTESIAN_POINT ( 'NONE',  ( 6.516304518955498965E-07, 7.092347810211344083E-16, 0.02856696263359163532 ) ) ;
#457 = AXIS2_PLACEMENT_3D ( 'NONE', #1944, #385, #1622 ) ;
#458 = CIRCLE ( 'NONE', #726, 0.1000707271459376074 ) ;
#459 = ORIENTED_EDGE ( 'NONE', *, *, #1748, .F. ) ;
#460 = CARTESIAN_POINT ( 'NONE',  ( 0.6432785090901623759, 3.600148690659348656E-16, -0.02861329136282700358 ) ) ;
#461 = CYLINDRICAL_SURFACE ( 'NONE', #661, 0.01572456984901514365 ) ;
#462 = VECTOR ( 'NONE', #1094, 1000.000000000000000 ) ;
#463 = VECTOR ( 'NONE', #777, 1000.000000000000000 ) ;
#464 = EDGE_LOOP ( 'NONE', ( #1334, #174, #1059, #1918, #372, #1326 ) ) ;
#465 = CARTESIAN_POINT ( 'NONE',  ( -0.7409637994313879039, -0.2358412114323189257, 0.01693361017663851109 ) ) ;
#466 = B_SPLINE_CURVE_WITH_KNOTS ( 'NONE', 3,
 ( #1324, #1172, #1787, #389 ),
 .UNSPECIFIED., .F., .F.,
 ( 4, 4 ),
 ( 0.000000000000000000, 1.000000000000000000 ),
 .UNSPECIFIED. ) ;
#467 = CARTESIAN_POINT ( 'NONE',  ( 0.8801561601194596296, 0.09811800079643542838, 0.01261996308560004061 ) ) ;
#468 = CARTESIAN_POINT ( 'NONE',  ( 0.8219668028289703887, 1.472444347595945332E-15, 0.007124367384934599326 ) ) ;
#469 = EDGE_LOOP ( 'NONE', ( #7, #1038, #637, #70 ) ) ;
#470 = DIRECTION ( 'NONE',  ( 0.000000000000000000, 0.000000000000000000, 1.000000000000000000 ) ) ;
#471 = LINE ( 'NONE', #1419, #462 ) ;
#472 = VERTEX_POINT ( 'NONE', #1202 ) ;
#473 = CARTESIAN_POINT ( 'NONE',  ( -0.6432772058292580697, -0.2487955289853934771, 0.01693361017663851109 ) ) ;
#474 = ADVANCED_FACE ( 'NONE', ( #1801 ), #79, .T. ) ;
#475 = CARTESIAN_POINT ( 'NONE',  ( 0.6432785090901623759, -0.2501636112350829610, 0.01355714595953168809 ) ) ;
#476 = CARTESIAN_POINT ( 'NONE',  ( -0.5148598480984625247, -0.2501636112343312290, 0.007124367384934599326 ) ) ;
#477 = CARTESIAN_POINT ( 'NONE',  ( 0.6432785090901623759, -0.2300611781887155760, 0.02856696263359163532 ) ) ;
#478 = VERTEX_POINT ( 'NONE', #900 ) ;
#479 = CARTESIAN_POINT ( 'NONE',  ( -0.5148598480984625247, -0.1929833572379125450, -0.02861329136282700358 ) ) ;
#480 = EDGE_CURVE ( 'NONE', #1841, #336, #490, .T. ) ;
#481 = EDGE_CURVE ( 'NONE', #1427, #336, #1376, .T. ) ;
#482 = CARTESIAN_POINT ( 'NONE',  ( 0.8505569298271796752, 1.472444347595945332E-15, 0.007124367384934599326 ) ) ;
#483 = ORIENTED_EDGE ( 'NONE', *, *, #972, .F. ) ;
#484 = CARTESIAN_POINT ( 'NONE',  ( -0.6432772058292580697, 0.2487955289853945595, 0.01693361017663851109 ) ) ;
#485 = DIRECTION ( 'NONE',  ( 0.000000000000000000, -1.000000000000000000, 0.000000000000000000 ) ) ;
#486 = CARTESIAN_POINT ( 'NONE',  ( -0.6432772058292580697, -0.2501636112343312290, 0.007124367384934599326 ) ) ;
#487 = CARTESIAN_POINT ( 'NONE',  ( 0.8779541346366842580, 1.282587277055160250E-15, 0.02856696263359163532 ) ) ;
#488 = ORIENTED_EDGE ( 'NONE', *, *, #1133, .T. ) ;
#489 = CARTESIAN_POINT ( 'NONE',  ( -0.5148598480984616366, -0.2430160794848216788, 0.02642270310871307204 ) ) ;
#490 = CIRCLE ( 'NONE', #586, 0.1500981667405990594 ) ;
#491 = ORIENTED_EDGE ( 'NONE', *, *, #844, .F. ) ;
#492 = CARTESIAN_POINT ( 'NONE',  ( -0.7415009605902979084, 0.2371380601990851211, 0.007124367384934599326 ) ) ;
#493 = AXIS2_PLACEMENT_3D ( 'NONE', #840, #1981, #1463 ) ;
#494 = CARTESIAN_POINT ( 'NONE',  ( -0.6432772058292580697, 0.2430160794847799621, 0.02642270310872596104 ) ) ;
#495 = CARTESIAN_POINT ( 'NONE',  ( -0.6432772058292580697, 0.1929833572379136830, -0.02861329136282700358 ) ) ;
#496 = VECTOR ( 'NONE', #1957, 1000.000000000000000 ) ;
#497 = FACE_OUTER_BOUND ( 'NONE', #741, .T. ) ;
#498 = CARTESIAN_POINT ( 'NONE',  ( 0.7336092835577455729, 0.2180823232187470151, 0.02856696263359163532 ) ) ;
#499 = ORIENTED_EDGE ( 'NONE', *, *, #1287, .T. ) ;
#500 = CARTESIAN_POINT ( 'NONE',  ( 0.8664812133376189607, 0.1305820675723667335, 0.007124367384934595857 ) ) ;
#501 = EDGE_CURVE ( 'NONE', #1952, #835, #148, .T. ) ;
#502 = VERTEX_POINT ( 'NONE', #132 ) ;
#503 = CARTESIAN_POINT ( 'NONE',  ( -0.6760235460071876146, -0.2501636112343312290, 0.007124367384934599326 ) ) ;
#504 = CARTESIAN_POINT ( 'NONE',  ( -0.6432772058292580697, 3.618445228135171404E-16, -0.01431822786372232217 ) ) ;
#505 = CARTESIAN_POINT ( 'NONE',  ( 0.7415022638513030229, -0.2371380601990829007, 0.007124367384934599326 ) ) ;
#506 = COORDINATED_UNIVERSAL_TIME_OFFSET ( 8, 0, .AHEAD. ) ;
#507 = DIRECTION ( 'NONE',  ( 0.000000000000000000, 0.000000000000000000, -1.000000000000000000 ) ) ;
#508 = B_SPLINE_CURVE_WITH_KNOTS ( 'NONE', 5,
 ( #613, #1230, #1515, #1845, #128, #1056, #747, #1241 ),
 .UNSPECIFIED., .F., .F.,
 ( 6, 2, 6 ),
 ( 0.000000000000000000, 0.5000000000000000000, 1.000000000000000000 ),
 .UNSPECIFIED. ) ;
#509 = EDGE_LOOP ( 'NONE', ( #1209, #1970, #263, #1045, #52, #1598, #768, #1688 ) ) ;
#510 = CARTESIAN_POINT ( 'NONE',  ( 0.6432785090901623759, 0.2482161880330384651, 0.01834822583540353380 ) ) ;
#511 = ORIENTED_EDGE ( 'NONE', *, *, #711, .F. ) ;
#512 = CARTESIAN_POINT ( 'NONE',  ( 0.6432785090901623759, 0.2501636112343324503, -0.01431822786372232217 ) ) ;
#513 = DIRECTION ( 'NONE',  ( 0.000000000000000000, 0.000000000000000000, 1.000000000000000000 ) ) ;
#514 = CARTESIAN_POINT ( 'NONE',  ( 0.6432785090901623759, -0.2287210159856743197, 0.02856696263359163532 ) ) ;
#515 = CARTESIAN_POINT ( 'NONE',  ( 0.6432785090901623759, 0.2314129737442139068, 0.02855881928687214674 ) ) ;
#516 = EDGE_CURVE ( 'NONE', #304, #404, #864, .T. ) ;
#517 = VERTEX_POINT ( 'NONE', #542 ) ;
#518 = CARTESIAN_POINT ( 'NONE',  ( 0.6432785090901623759, 0.2501636112343324503, 0.007124367384934599326 ) ) ;
#519 = B_SPLINE_CURVE_WITH_KNOTS ( 'NONE', 3,
 ( #476, #323, #50, #486 ),
 .UNSPECIFIED., .F., .F.,
 ( 4, 4 ),
 ( 0.000000000000000000, 1.000000000000000000 ),
 .UNSPECIFIED. ) ;
#520 = EDGE_LOOP ( 'NONE', ( #1722, #996, #946, #362 ) ) ;
#521 = CARTESIAN_POINT ( 'NONE',  ( -0.7415009605902547207, -0.2371380601990728254, 0.008464529587975716876 ) ) ;
#522 = VECTOR ( 'NONE', #776, 1000.000000000000000 ) ;
#523 = FACE_OUTER_BOUND ( 'NONE', #1790, .T. ) ;
#524 = DIRECTION ( 'NONE',  ( 0.000000000000000000, 0.000000000000000000, -1.000000000000000000 ) ) ;
#525 = AXIS2_PLACEMENT_3D ( 'NONE', #324, #942, #179 ) ;
#526 = LINE ( 'NONE', #1916, #1865 ) ;
#527 =( GEOMETRIC_REPRESENTATION_CONTEXT ( 3 ) GLOBAL_UNCERTAINTY_ASSIGNED_CONTEXT ( ( #1052 ) ) GLOBAL_UNIT_ASSIGNED_CONTEXT ( ( #226, #993, #1784 ) ) REPRESENTATION_CONTEXT ( 'NONE', 'WORKASPACE' ) );
#528 = CARTESIAN_POINT ( 'NONE',  ( 0.8132068407912712571, 0.1699278159874099969, 0.02829241551560856063 ) ) ;
#529 = ORIENTED_EDGE ( 'NONE', *, *, #977, .F. ) ;
#530 = CARTESIAN_POINT ( 'NONE',  ( 0.6432785090901623759, 0.2501636112343324503, 0.007124367384934599326 ) ) ;
#531 = ORIENTED_EDGE ( 'NONE', *, *, #268, .F. ) ;
#532 = CARTESIAN_POINT ( 'NONE',  ( -0.6432772058292580697, -0.2385302587773781291, 0.02719888038465390415 ) ) ;
#533 = CARTESIAN_POINT ( 'NONE',  ( -0.6432772058292580697, -0.2287210159856743197, 0.02856696263359163532 ) ) ;
#534 = CARTESIAN_POINT ( 'NONE',  ( 0.8361417913372903854, -0.006806746486062550255, -0.01431822786372232217 ) ) ;
#535 = ADVANCED_FACE ( 'NONE', ( #1184 ), #1651, .T. ) ;
#536 = CARTESIAN_POINT ( 'NONE',  ( 0.000000000000000000, 0.000000000000000000, 0.000000000000000000 ) ) ;
#537 = CARTESIAN_POINT ( 'NONE',  ( 0.8163364687388856566, 0.1730574344369426587, 0.02719888038465390415 ) ) ;
#538 = EDGE_CURVE ( 'NONE', #1373, #835, #1951, .T. ) ;
#539 = ORIENTED_EDGE ( 'NONE', *, *, #333, .F. ) ;
#540 = DIRECTION ( 'NONE',  ( 0.000000000000000000, 1.000000000000000000, 0.000000000000000000 ) ) ;
#541 = ORIENTED_EDGE ( 'NONE', *, *, #77, .T. ) ;
#542 = CARTESIAN_POINT ( 'NONE',  ( 0.6432785090901623759, -0.1429506349910462382, -0.02861329136282700358 ) ) ;
#543 = EDGE_CURVE ( 'NONE', #334, #1504, #1222, .T. ) ;
#544 = PLANE ( 'NONE',  #821 ) ;
#545 = DIRECTION ( 'NONE',  ( 0.000000000000000000, 0.000000000000000000, -1.000000000000000000 ) ) ;
#546 = APPROVAL_DATE_TIME ( #684, #310 ) ;
#547 = CARTESIAN_POINT ( 'NONE',  ( 0.6745020469902825999, -0.2385302587776294281, 0.02719888038465390415 ) ) ;
#548 = ORIENTED_EDGE ( 'NONE', *, *, #705, .F. ) ;
#549 = FACE_OUTER_BOUND ( 'NONE', #910, .T. ) ;
#550 = VERTEX_POINT ( 'NONE', #181 ) ;
#551 = CARTESIAN_POINT ( 'NONE',  ( 0.7722078791521104213, -0.06970737827133274833, -0.02861329136282700358 ) ) ;
#552 = CARTESIAN_POINT ( 'NONE',  ( -0.6432772058292580697, 0.2399448744361440122, 0.02661953943229761546 ) ) ;
#553 = AXIS2_PLACEMENT_3D ( 'NONE', #1076, #589, #1835 ) ;
#554 = VECTOR ( 'NONE', #922, 1000.000000000000000 ) ;
#555 = CARTESIAN_POINT ( 'NONE',  ( 0.6746872197472286725, -0.2399448744363761599, 0.02661953943229761546 ) ) ;
#556 = AXIS2_PLACEMENT_3D ( 'NONE', #848, #1471, #583 ) ;
#557 = CIRCLE ( 'NONE', #955, 0.1500981667405990594 ) ;
#558 = DIRECTION ( 'NONE',  ( 1.000000000000000000, 0.000000000000000000, 0.000000000000000000 ) ) ;
#559 = CARTESIAN_POINT ( 'NONE',  ( -0.6432772058292580697, 0.2287210159856751246, 0.02856696263359163532 ) ) ;
#560 = DIRECTION ( 'NONE',  ( 0.000000000000000000, 0.000000000000000000, -1.000000000000000000 ) ) ;
#561 = CC_DESIGN_SECURITY_CLASSIFICATION ( #431, ( #1931 ) ) ;
#562 = EDGE_CURVE ( 'NONE', #1504, #1391, #1413, .T. ) ;
#563 = ADVANCED_FACE ( 'NONE', ( #172 ), #638, .F. ) ;
#564 = VERTEX_POINT ( 'NONE', #439 ) ;
#565 = DIRECTION ( 'NONE',  ( 0.000000000000000000, 0.000000000000000000, 1.000000000000000000 ) ) ;
#566 = CARTESIAN_POINT ( 'NONE',  ( -0.8666702852640617571, -0.09253250465232149002, 0.02803648176155457486 ) ) ;
#567 = CARTESIAN_POINT ( 'NONE',  ( 0.8192618437298287981, 0.1759828005496853753, 0.02514326700551018992 ) ) ;
#568 = EDGE_CURVE ( 'NONE', #202, #581, #1374, .T. ) ;
#569 = DIRECTION ( 'NONE',  ( 1.000000000000000000, 3.854941057726240069E-16, 0.000000000000000000 ) ) ;
#570 = ORIENTED_EDGE ( 'NONE', *, *, #1506, .T. ) ;
#571 = CARTESIAN_POINT ( 'NONE',  ( 0.6432785090901623759, 0.2287210159856751246, 0.02856696263359163532 ) ) ;
#572 = EDGE_LOOP ( 'NONE', ( #1900, #222, #714, #837 ) ) ;
#573 = LINE ( 'NONE', #1980, #1213 ) ;
#574 = CARTESIAN_POINT ( 'NONE',  ( -0.6432772058292580697, 0.2356638007319847017, 0.02803648176155457486 ) ) ;
#575 = EDGE_CURVE ( 'NONE', #550, #1850, #1992, .T. ) ;
#576 = CARTESIAN_POINT ( 'NONE',  ( 0.8964421451148454345, 1.295150899455224875E-15, 0.02096573013821810549 ) ) ;
#577 = LINE ( 'NONE', #1675, #496 ) ;
#578 = EDGE_CURVE ( 'NONE', #478, #211, #1079, .T. ) ;
#579 = CARTESIAN_POINT ( 'NONE',  ( 0.6432785090901623759, 0.2501636112343324503, 0.01355714595953168809 ) ) ;
#580 = CARTESIAN_POINT ( 'NONE',  ( -0.5148598480984625247, -0.1786882937388078740, 0.02856696263359163532 ) ) ;
#581 = VERTEX_POINT ( 'NONE', #15 ) ;
#582 = CARTESIAN_POINT ( 'NONE',  ( -0.6432772058292580697, -0.2501636112341268370, 0.01034075667223320096 ) ) ;
#583 = DIRECTION ( 'NONE',  ( 1.000000000000000000, 0.000000000000000000, 0.000000000000000000 ) ) ;
#584 = CARTESIAN_POINT ( 'NONE',  ( -0.7374886956077780775, -0.2274513939006639340, 0.02661953943229761546 ) ) ;
#585 = CARTESIAN_POINT ( 'NONE',  ( 0.8799135525180119544, -0.09801750937087998217, 0.01406715213124412264 ) ) ;
#586 = AXIS2_PLACEMENT_3D ( 'NONE', #103, #1508, #1526 ) ;
#587 = FACE_OUTER_BOUND ( 'NONE', #798, .T. ) ;
#588 = VECTOR ( 'NONE', #732, 1000.000000000000000 ) ;
#589 = DIRECTION ( 'NONE',  ( 0.000000000000000000, 0.000000000000000000, 1.000000000000000000 ) ) ;
#590 = CARTESIAN_POINT ( 'NONE',  ( 0.6432785090901623759, -0.2287210159856743197, 0.02856696263359163532 ) ) ;
#591 = ORIENTED_EDGE ( 'NONE', *, *, #434, .T. ) ;
#592 = CARTESIAN_POINT ( 'NONE',  ( -0.6432772058292580697, 2.079096541835968033E-16, -0.02861329136282700358 ) ) ;
#593 = AXIS2_PLACEMENT_3D ( 'NONE', #117, #895, #1351 ) ;
#594 = CARTESIAN_POINT ( 'NONE',  ( 0.6432785090901623759, 0.1429506349910472096, -0.02861329136282700358 ) ) ;
#595 = ORIENTED_EDGE ( 'NONE', *, *, #823, .F. ) ;
#596 = CARTESIAN_POINT ( 'NONE',  ( -0.7358077831379777889, 0.2233932276918887960, 0.02803648176155457486 ) ) ;
#597 = ADVANCED_FACE ( 'NONE', ( #794 ), #1068, .T. ) ;
#598 = APPROVAL_DATE_TIME ( #1561, #1761 ) ;
#599 = CARTESIAN_POINT ( 'NONE',  ( 0.8237841054728076706, -0.1805050485681731209, 0.01693361017663851109 ) ) ;
#600 = EDGE_CURVE ( 'NONE', #1838, #1630, #1689, .T. ) ;
#601 = FACE_OUTER_BOUND ( 'NONE', #1303, .T. ) ;
#602 = LINE ( 'NONE', #807, #183 ) ;
#603 = FACE_OUTER_BOUND ( 'NONE', #509, .T. ) ;
#604 = EDGE_CURVE ( 'NONE', #1850, #1888, #944, .T. ) ;
#605 = VERTEX_POINT ( 'NONE', #935 ) ;
#606 = CARTESIAN_POINT ( 'NONE',  ( 0.8440064295974623043, 8.946396941094696504E-16, -0.02861329136282700358 ) ) ;
#607 = CARTESIAN_POINT ( 'NONE',  ( -0.6432772058292580697, 3.618445228135171404E-16, 0.02856696263359163532 ) ) ;
#608 = ORIENTED_EDGE ( 'NONE', *, *, #686, .T. ) ;
#609 = CARTESIAN_POINT ( 'NONE',  ( -0.7413931629427266135, -0.2368778082356652881, 0.01261996308560004061 ) ) ;
#610 = PERSON_AND_ORGANIZATION ( #916, #1220 ) ;
#611 = CARTESIAN_POINT ( 'NONE',  ( 0.8791195640040840864, 0.09768862834178383692, 0.01693361017663851109 ) ) ;
#612 = CARTESIAN_POINT ( 'NONE',  ( -0.6432772058292580697, -0.1429506349910462382, -0.02861329136282700358 ) ) ;
#613 = CARTESIAN_POINT ( 'NONE',  ( -0.6432772058292580697, 0.2501636112343324503, 0.007124367384927562420 ) ) ;
#614 = CARTESIAN_POINT ( 'NONE',  ( -0.4576795941020434522, -0.1858358254883601124, -0.01431822786372232217 ) ) ;
#615 = EDGE_LOOP ( 'NONE', ( #1295, #1534, #608, #709 ) ) ;
#616 = DIRECTION ( 'NONE',  ( 0.000000000000000000, 0.000000000000000000, 1.000000000000000000 ) ) ;
#617 = LINE ( 'NONE', #1549, #463 ) ;
#618 = VERTEX_POINT ( 'NONE', #479 ) ;
#619 = CARTESIAN_POINT ( 'NONE',  ( -0.7409637994315083631, 0.2358412114323200637, 0.01693361017663851109 ) ) ;
#620 = CARTESIAN_POINT ( 'NONE',  ( 0.8243918002199130957, -0.1811127414709915451, 0.01406715213124412264 ) ) ;
#621 = DIRECTION ( 'NONE',  ( 1.000000000000000000, 0.000000000000000000, 0.000000000000000000 ) ) ;
#622 = DIRECTION ( 'NONE',  ( -1.000000000000000000, 0.000000000000000000, 0.000000000000000000 ) ) ;
#623 = AXIS2_PLACEMENT_3D ( 'NONE', #1665, #1005, #1496 ) ;
#624 = AXIS2_PLACEMENT_3D ( 'NONE', #1564, #1677, #897 ) ;
#625 = EDGE_LOOP ( 'NONE', ( #1612, #1700, #1740, #344, #787, #1710, #1757, #419, #1439, #228, #209, #1122, #1771, #963 ) ) ;
#626 = DIRECTION ( 'NONE',  ( 1.000000000000000000, 7.709882115452479399E-17, 0.000000000000000000 ) ) ;
#627 = CARTESIAN_POINT ( 'NONE',  ( 0.8092051032312423953, -0.1659607783217220411, 0.02856696263359163532 ) ) ;
#628 = VECTOR ( 'NONE', #786, 1000.000000000000000 ) ;
#629 = EDGE_CURVE ( 'NONE', #23, #1377, #951, .T. ) ;
#630 = CIRCLE ( 'NONE', #1802, 0.02859012699820936282 ) ;
#631 = EDGE_LOOP ( 'NONE', ( #1336, #1155, #1778, #1678 ) ) ;
#632 = CARTESIAN_POINT ( 'NONE',  ( -0.6758444644591173889, 0.2487955289855029173, 0.01693361017663851109 ) ) ;
#633 = CARTESIAN_POINT ( 'NONE',  ( 0.8804164119101535180, -0.09822580068930807096, 0.007124367384934599326 ) ) ;
#634 = CARTESIAN_POINT ( 'NONE',  ( -0.6432772058292580697, 3.618445228135171404E-16, -0.01431822786372232217 ) ) ;
#635 = DIRECTION ( 'NONE',  ( 1.000000000000000000, 0.000000000000000000, 0.000000000000000000 ) ) ;
#636 = EDGE_CURVE ( 'NONE', #719, #43, #1252, .T. ) ;
#637 = ORIENTED_EDGE ( 'NONE', *, *, #962, .T. ) ;
#638 = CYLINDRICAL_SURFACE ( 'NONE', #1638, 0.1500981667405990594 ) ;
#639 = CARTESIAN_POINT ( 'NONE',  ( 0.8219668028289703887, 1.497693569312580527E-15, 0.02856696263359163532 ) ) ;
#640 = ORIENTED_EDGE ( 'NONE', *, *, #1133, .F. ) ;
#641 = CARTESIAN_POINT ( 'NONE',  ( -0.8216423662693536079, -0.1783646191215747800, 0.02216396544128384702 ) ) ;
#642 = CARTESIAN_POINT ( 'NONE',  ( 0.8804086925773798589, -0.09822260323485743072, 0.009816325143473181997 ) ) ;
#643 = DESIGN_CONTEXT ( 'detailed design', #673, 'design' ) ;
#644 = DIRECTION ( 'NONE',  ( 1.000000000000000000, 0.000000000000000000, 0.000000000000000000 ) ) ;
#645 = CARTESIAN_POINT ( 'NONE',  ( 0.8600903059541517015, -0.08980644634450862807, 0.02856696263359163532 ) ) ;
#646 = EDGE_CURVE ( 'NONE', #1841, #517, #1265, .T. ) ;
#647 = ORIENTED_EDGE ( 'NONE', *, *, #736, .T. ) ;
#648 = CARTESIAN_POINT ( 'NONE',  ( 0.8219668028289703887, 1.472444347595945332E-15, 0.02856696263359163532 ) ) ;
#649 = ORIENTED_EDGE ( 'NONE', *, *, #995, .T. ) ;
#650 = CARTESIAN_POINT ( 'NONE',  ( -0.6432772058292580697, -0.2482161880330373827, 0.01834822583540353380 ) ) ;
#651 = CARTESIAN_POINT ( 'NONE',  ( -0.6432772058292580697, 0.2501636112343324503, 0.01355714595953168809 ) ) ;
#652 = CARTESIAN_POINT ( 'NONE',  ( 0.7722078791521086449, 0.06970737827133423326, -0.02861329136282700358 ) ) ;
#653 = CARTESIAN_POINT ( 'NONE',  ( 0.6432785090901623759, 2.439538330109671981E-16, -0.02861329136282700358 ) ) ;
#654 = CARTESIAN_POINT ( 'NONE',  ( 0.8111727514294190255, 0.1678937327987896355, 0.02855881928687214674 ) ) ;
#655 = VERTEX_POINT ( 'NONE', #1878 ) ;
#656 = CARTESIAN_POINT ( 'NONE',  ( -0.8092190952996926034, -0.1659405711699557251, 0.02856696263359163532 ) ) ;
#657 = CIRCLE ( 'NONE', #1446, 0.2501636112343318952 ) ;
#658 = ORIENTED_EDGE ( 'NONE', *, *, #1894, .F. ) ;
#659 = CARTESIAN_POINT ( 'NONE',  ( -0.8247753702988797064, -0.1814976136427723652, 0.008464529587975716876 ) ) ;
#660 = CIRCLE ( 'NONE', #525, 0.1929833605181055789 ) ;
#661 = AXIS2_PLACEMENT_3D ( 'NONE', #639, #173, #319 ) ;
#662 = CARTESIAN_POINT ( 'NONE',  ( -0.6733921436715140096, 0.2300611781888333152, 0.02856696263359163532 ) ) ;
#663 = CARTESIAN_POINT ( 'NONE',  ( 0.6432785090901623759, 0.2501636112343324503, 0.007124367384934599326 ) ) ;
#664 = LOCAL_TIME ( 15, 10, 42.00000000000000000, #1754 ) ;
#665 = DIRECTION ( 'NONE',  ( 0.000000000000000000, 0.000000000000000000, -1.000000000000000000 ) ) ;
#666 = CARTESIAN_POINT ( 'NONE',  ( 0.6733934469322074845, -0.2300611781888325658, 0.02856696263359163532 ) ) ;
#667 = EDGE_CURVE ( 'NONE', #1618, #1630, #1671, .T. ) ;
#668 = EDGE_LOOP ( 'NONE', ( #192, #640, #700, #17 ) ) ;
#669 = CARTESIAN_POINT ( 'NONE',  ( -0.5148598480984625247, -0.2501636112343312290, 0.007124367384934599326 ) ) ;
#670 = ORIENTED_EDGE ( 'NONE', *, *, #1370, .T. ) ;
#671 = CARTESIAN_POINT ( 'NONE',  ( -0.6759876078734453619, -0.2498890641164095983, 0.01261996308560004061 ) ) ;
#672 = ADVANCED_FACE ( 'NONE', ( #150 ), #5, .T. ) ;
#673 = APPLICATION_CONTEXT ( 'configuration controlled 3d designs of mechanical parts and assemblies' ) ;
#674 = CARTESIAN_POINT ( 'NONE',  ( 0.6432785090901623759, 0.2287210159856751246, 0.02856696263359163532 ) ) ;
#675 = CARTESIAN_POINT ( 'NONE',  ( 0.6432785090901623759, -0.2501636112343312290, 0.007124367384918931304 ) ) ;
#676 = CARTESIAN_POINT ( 'NONE',  ( 0.7341400499408919922, 0.2193637333096382647, 0.02855881928687214674 ) ) ;
#677 = ORIENTED_EDGE ( 'NONE', *, *, #636, .T. ) ;
#678 = CARTESIAN_POINT ( 'NONE',  ( 0.7087711893609350833, -0.2501636112343308405, 0.007124367384934595857 ) ) ;
#679 = ORIENTED_EDGE ( 'NONE', *, *, #1366, .F. ) ;
#680 = CARTESIAN_POINT ( 'NONE',  ( -0.7721709910823466583, -0.07685491002088437607, -0.01431822786372232217 ) ) ;
#681 = B_SPLINE_SURFACE_WITH_KNOTS ( 'NONE', 5, 1, ( 
 ( #1013, #1636 ),
 ( #860, #1487 ),
 ( #1797, #1025 ),
 ( #1648, #110 ),
 ( #1806, #409 ),
 ( #1089, #1432 ),
 ( #455, #908 ),
 ( #146, #1218 ) ),
 .UNSPECIFIED., .F., .F., .F.,
 ( 6, 2, 6 ),
 ( 2, 2 ),
 ( 0.000000000000000000, 0.5000000000000000000, 1.000000000023389957 ),
 ( 0.000000000000000000, 1.000000000000000000 ),
 .UNSPECIFIED. ) ;
#682 = CARTESIAN_POINT ( 'NONE',  ( -0.6739360886450360688, 0.2342166116865893599, 0.02829241551560703061 ) ) ;
#683 = DIRECTION ( 'NONE',  ( 1.000000000000000000, 0.000000000000000000, 0.000000000000000000 ) ) ;
#684 = DATE_AND_TIME ( #1925, #403 ) ;
#685 = DIRECTION ( 'NONE',  ( 1.000000000000000000, 0.000000000000000000, 0.000000000000000000 ) ) ;
#686 = EDGE_CURVE ( 'NONE', #1267, #1373, #458, .T. ) ;
#687 = EDGE_LOOP ( 'NONE', ( #63, #1078, #670, #195, #1284, #1746, #94, #1507, #166 ) ) ;
#688 = CARTESIAN_POINT ( 'NONE',  ( -0.5148598480984616366, -0.2319374052729027691, 0.02856696263359163532 ) ) ;
#689 = ORIENTED_EDGE ( 'NONE', *, *, #1084, .T. ) ;
#690 = CARTESIAN_POINT ( 'NONE',  ( -0.7414977632024484233, 0.2371303408611719621, 0.009816325143473181997 ) ) ;
#691 = EDGE_CURVE ( 'NONE', #202, #451, #186, .T. ) ;
#692 = AXIS2_PLACEMENT_3D ( 'NONE', #460, #1103, #911 ) ;
#693 = CARTESIAN_POINT ( 'NONE',  ( 0.8062422329799552312, 1.497693569312580527E-15, 0.007124367384934599326 ) ) ;
#694 = LINE ( 'NONE', #1483, #1993 ) ;
#695 = VECTOR ( 'NONE', #485, 1000.000000000000000 ) ;
#696 = PERSON_AND_ORGANIZATION_ROLE ( 'creator' ) ;
#697 = AXIS2_PLACEMENT_3D ( 'NONE', #1434, #1884, #1425 ) ;
#698 = CARTESIAN_POINT ( 'NONE',  ( 0.7358090863989431574, -0.2233932276918862148, 0.02803648176155457486 ) ) ;
#699 = APPROVAL_PERSON_ORGANIZATION ( #1293, #1639, #707 ) ;
#700 = ORIENTED_EDGE ( 'NONE', *, *, #1937, .F. ) ;
#701 = CARTESIAN_POINT ( 'NONE',  ( -0.2144253008561180229, 0.2287210159856751246, 0.02856696263359163532 ) ) ;
#702 = ORIENTED_EDGE ( 'NONE', *, *, #568, .T. ) ;
#703 = CARTESIAN_POINT ( 'NONE',  ( -0.5148598480984625247, -0.2501636112341268370, 0.01034075667223320096 ) ) ;
#704 = CARTESIAN_POINT ( 'NONE',  ( -0.7341387466800842754, 0.2193637333096382647, 0.02855881928687214674 ) ) ;
#705 = EDGE_CURVE ( 'NONE', #1780, #927, #89, .T. ) ;
#706 = DIRECTION ( 'NONE',  ( -1.927470528863119788E-16, 1.000000000000000000, 0.000000000000000000 ) ) ;
#707 = APPROVAL_ROLE ( '' ) ;
#708 = CARTESIAN_POINT ( 'NONE',  ( 0.8880187549705882422, 1.285270769218280788E-15, 0.02719888038465390415 ) ) ;
#709 = ORIENTED_EDGE ( 'NONE', *, *, #538, .T. ) ;
#710 = CARTESIAN_POINT ( 'NONE',  ( 0.6432785090901623759, 0.2300611781887162977, 0.02856696263359163532 ) ) ;
#711 = EDGE_CURVE ( 'NONE', #307, #1504, #1891, .T. ) ;
#712 = ORIENTED_EDGE ( 'NONE', *, *, #1333, .T. ) ;
#713 = DIRECTION ( 'NONE',  ( 0.000000000000000000, 0.000000000000000000, 1.000000000000000000 ) ) ;
#714 = ORIENTED_EDGE ( 'NONE', *, *, #1101, .T. ) ;
#715 = CARTESIAN_POINT ( 'NONE',  ( -0.8132055375303300915, 0.1699278159874099969, 0.02829241551560703061 ) ) ;
#716 = CARTESIAN_POINT ( 'NONE',  ( 0.8132068407912118602, -0.1699278159874104965, 0.02829241551560703061 ) ) ;
#717 = ADVANCED_FACE ( 'NONE', ( #1459 ), #997, .T. ) ;
#718 = CARTESIAN_POINT ( 'NONE',  ( -0.8219654995680670817, 1.469760855432824794E-15, -0.02861329136282700358 ) ) ;
#719 = VERTEX_POINT ( 'NONE', #804 ) ;
#720 = CARTESIAN_POINT ( 'NONE',  ( 0.6432785090901623759, 0.2458453108023117006, 0.02216396544128384702 ) ) ;
#721 = VERTEX_POINT ( 'NONE', #1581 ) ;
#722 = CARTESIAN_POINT ( 'NONE',  ( 0.8361417913372903854, 0.006806746486065874853, -0.02861329136282700358 ) ) ;
#723 = CARTESIAN_POINT ( 'NONE',  ( -0.7389869002006882459, 0.2310684550867628528, 0.02424866220157087873 ) ) ;
#724 = ADVANCED_FACE ( 'NONE', ( #221 ), #1153, .F. ) ;
#725 = CIRCLE ( 'NONE', #1824, 0.1500981667405990594 ) ;
#726 = AXIS2_PLACEMENT_3D ( 'NONE', #606, #1848, #1235 ) ;
#727 = CARTESIAN_POINT ( 'NONE',  ( 0.6432785090901623759, -0.2399448744361432628, 0.02661953943229761546 ) ) ;
#728 = AXIS2_PLACEMENT_3D ( 'NONE', #1010, #254, #86 ) ;
#729 = AXIS2_PLACEMENT_3D ( 'NONE', #313, #1117, #454 ) ;
#730 = CARTESIAN_POINT ( 'NONE',  ( -0.6432772058292580697, 0.1929833572379136830, -0.01431822786372232217 ) ) ;
#731 = ORIENTED_EDGE ( 'NONE', *, *, #1224, .T. ) ;
#732 = DIRECTION ( 'NONE',  ( 1.000000000000000000, 1.927470528863119788E-16, 0.000000000000000000 ) ) ;
#733 = EDGE_LOOP ( 'NONE', ( #258, #411 ) ) ;
#734 = DIRECTION ( 'NONE',  ( 0.000000000000000000, 0.000000000000000000, -1.000000000000000000 ) ) ;
#735 = CARTESIAN_POINT ( 'NONE',  ( -0.8707284487795934336, 0.09421345213435958210, 0.02661953943229761546 ) ) ;
#736 = EDGE_CURVE ( 'NONE', #845, #764, #1541, .T. ) ;
#737 = CARTESIAN_POINT ( 'NONE',  ( 0.8791195640041057358, -0.09768862834178507204, 0.01693361017663851109 ) ) ;
#738 = DIRECTION ( 'NONE',  ( 1.000000000000000000, 0.000000000000000000, 0.000000000000000000 ) ) ;
#739 = CARTESIAN_POINT ( 'NONE',  ( -0.6432772058292580697, -0.2501636112343312290, 0.007124367384934599326 ) ) ;
#740 = LINE ( 'NONE', #1807, #1086 ) ;
#741 = EDGE_LOOP ( 'NONE', ( #1137, #1143, #863, #1225 ) ) ;
#742 = DIRECTION ( 'NONE',  ( 1.000000000000000000, 0.000000000000000000, 0.000000000000000000 ) ) ;
#743 = CARTESIAN_POINT ( 'NONE',  ( -0.8219654995680670817, 1.469760855432824794E-15, 0.02856696263359163532 ) ) ;
#744 = CARTESIAN_POINT ( 'NONE',  ( -0.8173614943841760461, -0.1740837602283725194, 0.02661953943229761546 ) ) ;
#745 = CARTESIAN_POINT ( 'NONE',  ( 0.6432785090901623759, -0.2496331303622940090, 0.01406715213124412264 ) ) ;
#746 = CARTESIAN_POINT ( 'NONE',  ( -0.5148598480984625247, -0.1786882937388078740, -0.02861329136282700358 ) ) ;
#747 = CARTESIAN_POINT ( 'NONE',  ( -0.6432772058292580697, 0.2319374052729737401, 0.02856696263359163532 ) ) ;
#748 = LINE ( 'NONE', #981, #1672 ) ;
#749 = EDGE_CURVE ( 'NONE', #45, #1868, #1323, .T. ) ;
#750 = ORIENTED_EDGE ( 'NONE', *, *, #356, .F. ) ;
#751 = DIRECTION ( 'NONE',  ( 1.000000000000000000, 0.000000000000000000, 0.000000000000000000 ) ) ;
#752 = DIRECTION ( 'NONE',  ( 1.000000000000000000, 1.931045980128359922E-16, 0.000000000000000000 ) ) ;
#753 = VERTEX_POINT ( 'NONE', #1919 ) ;
#754 = CARTESIAN_POINT ( 'NONE',  ( -0.8732096628855412490, -0.09524120535027530421, 0.02514326700551018992 ) ) ;
#755 = EDGE_CURVE ( 'NONE', #1237, #1591, #1136, .T. ) ;
#756 = AXIS2_PLACEMENT_3D ( 'NONE', #892, #1327, #1641 ) ;
#757 = CARTESIAN_POINT ( 'NONE',  ( 0.8216436695303001025, 0.1783646191215744192, 0.02216396544128384702 ) ) ;
#758 = LINE ( 'NONE', #1, #279 ) ;
#759 = AXIS2_PLACEMENT_3D ( 'NONE', #836, #984, #193 ) ;
#760 = CYLINDRICAL_SURFACE ( 'NONE', #915, 0.1500981667405990594 ) ;
#761 = CARTESIAN_POINT ( 'NONE',  ( 6.516304518955498965E-07, 7.092347810211344083E-16, -0.02861329136282700358 ) ) ;
#762 = AXIS2_PLACEMENT_3D ( 'NONE', #1435, #507, #208 ) ;
#763 = EDGE_CURVE ( 'NONE', #285, #1070, #1590, .T. ) ;
#764 = VERTEX_POINT ( 'NONE', #345 ) ;
#765 = DIRECTION ( 'NONE',  ( 1.000000000000000000, 0.000000000000000000, 0.000000000000000000 ) ) ;
#766 = AXIS2_PLACEMENT_3D ( 'NONE', #1813, #416, #1985 ) ;
#767 = DIRECTION ( 'NONE',  ( 0.000000000000000000, 0.000000000000000000, 1.000000000000000000 ) ) ;
#768 = ORIENTED_EDGE ( 'NONE', *, *, #1312, .T. ) ;
#769 = CARTESIAN_POINT ( 'NONE',  ( -0.6755753852965654671, 0.2467399156063995735, 0.02096573013821810549 ) ) ;
#770 = COORDINATED_UNIVERSAL_TIME_OFFSET ( 8, 0, .AHEAD. ) ;
#771 = CARTESIAN_POINT ( 'NONE',  ( 0.7412939768709817523, 0.2366352004731795411, 0.01406715213124412264 ) ) ;
#772 = CARTESIAN_POINT ( 'NONE',  ( -0.4576795941020434522, -0.1858358254883601124, 0.02856696263359163532 ) ) ;
#773 = CARTESIAN_POINT ( 'NONE',  ( -0.8934408170635913526, 5.848793146437937781E-17, 0.007124367384934599326 ) ) ;
#774 = CARTESIAN_POINT ( 'NONE',  ( -0.8219654995680670817, 1.469760855432824794E-15, 0.02856696263359163532 ) ) ;
#775 = VERTEX_POINT ( 'NONE', #44 ) ;
#776 = DIRECTION ( 'NONE',  ( 0.000000000000000000, 0.000000000000000000, 1.000000000000000000 ) ) ;
#777 = DIRECTION ( 'NONE',  ( 1.000000000000000000, 3.854941057726240069E-16, 0.000000000000000000 ) ) ;
#778 = ORIENTED_EDGE ( 'NONE', *, *, #48, .F. ) ;
#779 = CARTESIAN_POINT ( 'NONE',  ( -0.7401566873842003735, 0.2338926299945612852, 0.02096573013821810549 ) ) ;
#780 = CARTESIAN_POINT ( 'NONE',  ( 0.6432785090901623759, 0.2482161880330384651, 0.01834822583540353380 ) ) ;
#781 = CARTESIAN_POINT ( 'NONE',  ( 0.8361417913372903854, -0.006806746486062550255, -0.02861329136282700358 ) ) ;
#782 = FACE_OUTER_BOUND ( 'NONE', #625, .T. ) ;
#783 = EDGE_CURVE ( 'NONE', #119, #1398, #1702, .T. ) ;
#784 = ORIENTED_EDGE ( 'NONE', *, *, #434, .F. ) ;
#785 = DIRECTION ( 'NONE',  ( 0.000000000000000000, 0.000000000000000000, 1.000000000000000000 ) ) ;
#786 = DIRECTION ( 'NONE',  ( 0.000000000000000000, 0.000000000000000000, 1.000000000000000000 ) ) ;
#787 = ORIENTED_EDGE ( 'NONE', *, *, #1520, .T. ) ;
#788 = CARTESIAN_POINT ( 'NONE',  ( -0.8243904969590475362, -0.1811127414709915451, 0.01406715213124412264 ) ) ;
#789 = CARTESIAN_POINT ( 'NONE',  ( 0.6760237833061851775, -0.2501554678876460325, 0.009816325143473181997 ) ) ;
#790 = DIRECTION ( 'NONE',  ( 1.000000000000000000, 0.000000000000000000, 0.000000000000000000 ) ) ;
#791 = CARTESIAN_POINT ( 'NONE',  ( -0.8934408170635913526, 5.848793146437937781E-17, 0.007124367384934599326 ) ) ;
#792 = CIRCLE ( 'NONE', #457, 0.01572456984901514365 ) ;
#793 = EDGE_LOOP ( 'NONE', ( #1460, #975, #1410, #138, #352, #149 ) ) ;
#794 = FACE_OUTER_BOUND ( 'NONE', #668, .T. ) ;
#795 = CARTESIAN_POINT ( 'NONE',  ( -0.4576795941020551650, -0.2319374052737246950, 0.02856696263359163532 ) ) ;
#796 = AXIS2_PLACEMENT_3D ( 'NONE', #1752, #1292, #358 ) ;
#797 = AXIS2_PLACEMENT_3D ( 'NONE', #424, #1198, #888 ) ;
#798 = EDGE_LOOP ( 'NONE', ( #1620, #163, #1929, #4 ) ) ;
#799 = CARTESIAN_POINT ( 'NONE',  ( -0.8801548568585760846, 0.09811800079643813455, 0.01261996308560004061 ) ) ;
#800 = CARTESIAN_POINT ( 'NONE',  ( 0.6760248492677795040, -0.2501636112343524898, 0.008464529587975716876 ) ) ;
#801 = CARTESIAN_POINT ( 'NONE',  ( 0.8219668028289703887, 1.472444347595945332E-15, 0.007124367384934599326 ) ) ;
#802 = CARTESIAN_POINT ( 'NONE',  ( -0.4576795941020434522, -0.1929833572379125450, -0.01431822786372232217 ) ) ;
#803 = ORIENTED_EDGE ( 'NONE', *, *, #1859, .T. ) ;
#804 = CARTESIAN_POINT ( 'NONE',  ( 0.8361417913372903854, 0.006806746486065874853, -0.02861329136282700358 ) ) ;
#805 = ORIENTED_EDGE ( 'NONE', *, *, #629, .F. ) ;
#806 = CARTESIAN_POINT ( 'NONE',  ( -0.7407363281244635500, 0.2352920356790630385, 0.01834822583540353380 ) ) ;
#807 = CARTESIAN_POINT ( 'NONE',  ( -0.8361404845337796488, -0.006806753863507130839, -0.02861329136282700358 ) ) ;
#808 = CARTESIAN_POINT ( 'NONE',  ( -0.6432772058292580697, -0.2501636112343312290, -0.01431822786372232217 ) ) ;
#809 = DIRECTION ( 'NONE',  ( -1.000000000000000000, 0.000000000000000000, 0.000000000000000000 ) ) ;
#810 = DIRECTION ( 'NONE',  ( 1.000000000000000000, 1.931045980128359922E-16, 0.000000000000000000 ) ) ;
#811 = ORIENTED_EDGE ( 'NONE', *, *, #252, .F. ) ;
#812 = CARTESIAN_POINT ( 'NONE',  ( 0.7738605766625280546, -0.2232027042474558909, 0.007124367384934598459 ) ) ;
#813 = ORIENTED_EDGE ( 'NONE', *, *, #902, .F. ) ;
#814 = FACE_OUTER_BOUND ( 'NONE', #1289, .T. ) ;
#815 = DIRECTION ( 'NONE',  ( 1.000000000000000000, 0.000000000000000000, 0.000000000000000000 ) ) ;
#816 = EDGE_CURVE ( 'NONE', #381, #502, #22, .T. ) ;
#817 = CARTESIAN_POINT ( 'NONE',  ( 0.8247707654163721758, -0.1814917055173282945, 0.009816325143473181997 ) ) ;
#818 = APPLICATION_PROTOCOL_DEFINITION ( 'international standard', 'config_control_design', 1994, #673 ) ;
#819 = EDGE_CURVE ( 'NONE', #845, #605, #1029, .T. ) ;
#820 = CARTESIAN_POINT ( 'NONE',  ( 0.8600903059541391560, 0.08980644634450758723, 0.02856696263359163532 ) ) ;
#821 = AXIS2_PLACEMENT_3D ( 'NONE', #1773, #1159, #67 ) ;
#822 = ORIENTED_EDGE ( 'NONE', *, *, #1204, .T. ) ;
#823 = EDGE_CURVE ( 'NONE', #1880, #1344, #1208, .T. ) ;
#824 = DIRECTION ( 'NONE',  ( 0.000000000000000000, 0.000000000000000000, -1.000000000000000000 ) ) ;
#825 = EDGE_CURVE ( 'NONE', #1199, #1618, #1978, .T. ) ;
#826 = VECTOR ( 'NONE', #1987, 1000.000000000000000 ) ;
#827 = EDGE_LOOP ( 'NONE', ( #813, #55, #317, #1234 ) ) ;
#828 = DIRECTION ( 'NONE',  ( -1.000000000000000000, 0.000000000000000000, 0.000000000000000000 ) ) ;
#829 = AXIS2_PLACEMENT_3D ( 'NONE', #761, #1100, #1387 ) ;
#830 = VECTOR ( 'NONE', #1531, 1000.000000000000000 ) ;
#831 = CARTESIAN_POINT ( 'NONE',  ( -0.8626407935559884388, 0.09086343342967674597, 0.02855881928687079366 ) ) ;
#832 = MANIFOLD_SOLID_BREP ( 'NONE', #1988 ) ;
#833 = CARTESIAN_POINT ( 'NONE',  ( 0.6432785090901623759, -0.2501636112343312290, 0.007124367384934599326 ) ) ;
#834 = CARTESIAN_POINT ( 'NONE',  ( 0.7341400499410838387, -0.2193637333096357389, 0.02855881928687214674 ) ) ;
#835 = VERTEX_POINT ( 'NONE', #248 ) ;
#836 = CARTESIAN_POINT ( 'NONE',  ( -0.8362605630671723356, 1.173661890615763207E-15, -0.02861329136282700358 ) ) ;
#837 = ORIENTED_EDGE ( 'NONE', *, *, #1653, .F. ) ;
#838 = CARTESIAN_POINT ( 'NONE',  ( -0.8247753702988707136, 0.1814976136427720599, 0.008464529587975716876 ) ) ;
#839 = CARTESIAN_POINT ( 'NONE',  ( -0.8626407935559866624, -0.09086343342967363734, 0.02855881928687214674 ) ) ;
#840 = CARTESIAN_POINT ( 'NONE',  ( 6.516304518955498965E-07, 7.092347810211344083E-16, 0.007124367384934599326 ) ) ;
#841 = CARTESIAN_POINT ( 'NONE',  ( 0.8092196880338518028, 0.1659406753305380788, 0.02856696263359163532 ) ) ;
#842 = ORIENTED_EDGE ( 'NONE', *, *, #194, .T. ) ;
#843 = CARTESIAN_POINT ( 'NONE',  ( -0.5148598480984616366, -0.2351537945602053814, 0.02856696263359163532 ) ) ;
#844 = EDGE_CURVE ( 'NONE', #952, #1449, #1960, .T. ) ;
#845 = VERTEX_POINT ( 'NONE', #1666 ) ;
#846 = CARTESIAN_POINT ( 'NONE',  ( -0.6432772058292580697, -0.2425623787389578345, 0.02514326700551018992 ) ) ;
#847 = CARTESIAN_POINT ( 'NONE',  ( -0.6432772058292580697, 0.2319374052729737401, 0.02856696263359163532 ) ) ;
#848 = CARTESIAN_POINT ( 'NONE',  ( 0.8219668028289703887, 1.472444347595945332E-15, 0.02856696263359163532 ) ) ;
#849 = APPLICATION_PROTOCOL_DEFINITION ( 'international standard', 'config_control_design', 1994, #1447 ) ;
#850 = CARTESIAN_POINT ( 'NONE',  ( 0.8666715885249596241, 0.09253250465232207289, 0.02803648176155457486 ) ) ;
#851 = EDGE_LOOP ( 'NONE', ( #417, #1759, #459, #1728, #1886, #880, #438 ) ) ;
#852 = DIRECTION ( 'NONE',  ( 0.000000000000000000, 0.000000000000000000, 1.000000000000000000 ) ) ;
#853 = EDGE_LOOP ( 'NONE', ( #1113, #1298, #1911, #112 ) ) ;
#854 = CARTESIAN_POINT ( 'NONE',  ( -0.6760235460070959101, 0.2501636112343536555, 0.008464529587975716876 ) ) ;
#855 = CARTESIAN_POINT ( 'NONE',  ( -0.6432772058292580697, 0.2351537945602723556, 0.02856696263359163532 ) ) ;
#856 = DIRECTION ( 'NONE',  ( 0.000000000000000000, 0.000000000000000000, 1.000000000000000000 ) ) ;
#857 = EDGE_CURVE ( 'NONE', #1264, #1880, #1343, .T. ) ;
#858 = DIRECTION ( 'NONE',  ( 1.000000000000000000, 0.000000000000000000, 0.000000000000000000 ) ) ;
#859 = CARTESIAN_POINT ( 'NONE',  ( 0.8835928047573403665, 1.282587277055160250E-15, 0.02829241551560703061 ) ) ;
#860 = CARTESIAN_POINT ( 'NONE',  ( 0.6432785090901623759, -0.2501636112350829610, 0.01034075667223320096 ) ) ;
#861 = DIRECTION ( 'NONE',  ( -1.927470528863119788E-16, 1.000000000000000000, 0.000000000000000000 ) ) ;
#862 = ADVANCED_FACE ( 'NONE', ( #264 ), #1505, .T. ) ;
#863 = ORIENTED_EDGE ( 'NONE', *, *, #691, .T. ) ;
#864 = LINE ( 'NONE', #1028, #425 ) ;
#865 = CARTESIAN_POINT ( 'NONE',  ( -0.8743455075651691555, 0.09571168793356582549, 0.02424866220157087873 ) ) ;
#866 = CARTESIAN_POINT ( 'NONE',  ( -0.7721709910823448819, 0.07685491002088547241, -0.02861329136282700358 ) ) ;
#867 = ADVANCED_FACE ( 'NONE', ( #549 ), #1627, .F. ) ;
#868 = CARTESIAN_POINT ( 'NONE',  ( 0.6751866988948833637, 0.2437606140422059475, 0.02424866220157087873 ) ) ;
#869 = FACE_OUTER_BOUND ( 'NONE', #1182, .T. ) ;
#870 = ORIENTED_EDGE ( 'NONE', *, *, #1922, .F. ) ;
#871 = DIRECTION ( 'NONE',  ( 1.000000000000000000, 1.931045980128359922E-16, 0.000000000000000000 ) ) ;
#872 = ORIENTED_EDGE ( 'NONE', *, *, #268, .T. ) ;
#873 = DIRECTION ( 'NONE',  ( 1.000000000000000000, 0.000000000000000000, 0.000000000000000000 ) ) ;
#874 = CARTESIAN_POINT ( 'NONE',  ( -0.6432772058292580697, 0.2425623787389585562, 0.02514326700551018992 ) ) ;
#875 = ADVANCED_FACE ( 'NONE', ( #1971 ), #390, .T. ) ;
#876 = CARTESIAN_POINT ( 'NONE',  ( 0.6432785090901623759, -0.2425623787389578345, 0.02514326700551018992 ) ) ;
#877 = LINE ( 'NONE', #1385, #1543 ) ;
#878 = ORIENTED_EDGE ( 'NONE', *, *, #1953, .T. ) ;
#879 = CARTESIAN_POINT ( 'NONE',  ( 0.6432785090901623759, 0.2385302587773792393, 0.02719888038465390415 ) ) ;
#880 = ORIENTED_EDGE ( 'NONE', *, *, #1481, .T. ) ;
#881 = CARTESIAN_POINT ( 'NONE',  ( -0.6432772058292580697, 0.2501636112343324503, -0.01431822786372232217 ) ) ;
#882 = EDGE_CURVE ( 'NONE', #1449, #328, #657, .T. ) ;
#883 = CARTESIAN_POINT ( 'NONE',  ( -0.8201298815654433083, -0.1768521390078875433, 0.02424866220157087873 ) ) ;
#884 = CIRCLE ( 'NONE', #1958, 0.02859012699820936282 ) ;
#885 = CARTESIAN_POINT ( 'NONE',  ( 0.6751866988942615277, -0.2437606140422033663, 0.02424866220157087873 ) ) ;
#886 = AXIS2_PLACEMENT_3D ( 'NONE', #743, #545, #1793 ) ;
#887 = VECTOR ( 'NONE', #941, 1000.000000000000000 ) ;
#888 = DIRECTION ( 'NONE',  ( 1.000000000000000000, 0.000000000000000000, 0.000000000000000000 ) ) ;
#889 = CARTESIAN_POINT ( 'NONE',  ( -0.6432772058292580697, 0.1429506349910472096, -0.02861329136282700358 ) ) ;
#890 = CARTESIAN_POINT ( 'NONE',  ( 0.6432785090901623759, 0.2437606140420244816, 0.02424866220157087873 ) ) ;
#891 = ORIENTED_EDGE ( 'NONE', *, *, #819, .F. ) ;
#892 = CARTESIAN_POINT ( 'NONE',  ( -0.8362605630671723356, 1.173661890615763207E-15, -0.02861329136282700358 ) ) ;
#893 = CARTESIAN_POINT ( 'NONE',  ( -0.8835915014964352832, 4.149044814934024691E-16, 0.02829241551560703061 ) ) ;
#894 = CARTESIAN_POINT ( 'NONE',  ( 0.6757699321672158144, 0.2482161880331626713, 0.01834822583540353380 ) ) ;
#895 = DIRECTION ( 'NONE',  ( 7.709882115452479399E-17, -1.000000000000000000, 0.000000000000000000 ) ) ;
#896 = DIRECTION ( 'NONE',  ( 0.000000000000000000, 0.000000000000000000, 1.000000000000000000 ) ) ;
#897 = DIRECTION ( 'NONE',  ( 1.000000000000000000, 0.000000000000000000, 0.000000000000000000 ) ) ;
#898 = EDGE_CURVE ( 'NONE', #775, #618, #274, .T. ) ;
#899 = ORIENTED_EDGE ( 'NONE', *, *, #1073, .T. ) ;
#900 = CARTESIAN_POINT ( 'NONE',  ( -0.8376900694170822392, 1.469760855432824794E-15, 0.007124367384934599326 ) ) ;
#901 = CARTESIAN_POINT ( 'NONE',  ( 0.8505569298271796752, 1.472444347595945332E-15, 0.02856696263359163532 ) ) ;
#902 = EDGE_CURVE ( 'NONE', #1427, #1537, #740, .T. ) ;
#903 = ORIENTED_EDGE ( 'NONE', *, *, #1181, .F. ) ;
#904 = CARTESIAN_POINT ( 'NONE',  ( -0.6432772058292580697, -0.2356638007319835637, 0.02803648176155457486 ) ) ;
#905 = CARTESIAN_POINT ( 'NONE',  ( 0.8955242498305973076, 1.313142494639783845E-15, 0.02216396544128384702 ) ) ;
#906 = EDGE_CURVE ( 'NONE', #605, #45, #1785, .T. ) ;
#907 = FACE_OUTER_BOUND ( 'NONE', #1920, .T. ) ;
#908 = CARTESIAN_POINT ( 'NONE',  ( -0.4576795941020425085, -0.2319374052737246950, 0.02856696263359163532 ) ) ;
#909 = CARTESIAN_POINT ( 'NONE',  ( 0.7722078791521086449, 0.06970737827133423326, -0.01431822786372232217 ) ) ;
#910 = EDGE_LOOP ( 'NONE', ( #1719, #1994, #679, #541 ) ) ;
#911 = DIRECTION ( 'NONE',  ( 1.000000000000000000, 0.000000000000000000, 0.000000000000000000 ) ) ;
#912 = CARTESIAN_POINT ( 'NONE',  ( 0.8505569298271796752, 1.472444347595945332E-15, 0.007124367384934599326 ) ) ;
#913 = ORIENTED_EDGE ( 'NONE', *, *, #1715, .T. ) ;
#914 = CARTESIAN_POINT ( 'NONE',  ( -0.8245761814651075827, -0.1812984254135189821, 0.01261996308560004061 ) ) ;
#915 = AXIS2_PLACEMENT_3D ( 'NONE', #11, #1386, #932 ) ;
#916 = PERSON ( '未', '未', '未', ('未'), ('未'), ('未') ) ;
#917 = CARTESIAN_POINT ( 'NONE',  ( 0.7401579906447823820, 0.2338926299945612852, 0.02096573013821810549 ) ) ;
#918 = VECTOR ( 'NONE', #626, 1000.000000000000000 ) ;
#919 = CARTESIAN_POINT ( 'NONE',  ( -0.4862697211002529607, -0.1786882937388078740, 0.02856696263359163532 ) ) ;
#920 = AXIS2_PLACEMENT_3D ( 'NONE', #1057, #427, #1524 ) ;
#921 = PLANE ( 'NONE',  #982 ) ;
#922 = DIRECTION ( 'NONE',  ( 0.000000000000000000, 0.000000000000000000, -1.000000000000000000 ) ) ;
#923 = CIRCLE ( 'NONE', #766, 0.1500981667405990594 ) ;
#924 = ORIENTED_EDGE ( 'NONE', *, *, #1775, .F. ) ;
#925 = DIRECTION ( 'NONE',  ( 0.000000000000000000, 0.000000000000000000, 1.000000000000000000 ) ) ;
#926 = CARTESIAN_POINT ( 'NONE',  ( 0.6881099108195877223, -0.2258462337444763768, 0.02856696263359163532 ) ) ;
#927 = VERTEX_POINT ( 'NONE', #1940 ) ;
#928 = CARTESIAN_POINT ( 'NONE',  ( -0.6757686289056528128, 0.2482161880331626713, 0.01834822583540353380 ) ) ;
#929 = ADVANCED_FACE ( 'NONE', ( #1014 ), #1637, .F. ) ;
#930 = CARTESIAN_POINT ( 'NONE',  ( 0.6432785090901623759, 0.2496331303622955355, 0.01406715213124412264 ) ) ;
#931 = DIRECTION ( 'NONE',  ( 0.000000000000000000, 0.000000000000000000, 1.000000000000000000 ) ) ;
#932 = DIRECTION ( 'NONE',  ( 1.000000000000000000, 0.000000000000000000, 0.000000000000000000 ) ) ;
#933 = CARTESIAN_POINT ( 'NONE',  ( -0.4576795941020434522, -0.2501636112343312290, -0.01431822786372232217 ) ) ;
#934 = ORIENTED_EDGE ( 'NONE', *, *, #1481, .F. ) ;
#935 = CARTESIAN_POINT ( 'NONE',  ( 0.6432785090901623759, 0.2287210159856751246, 0.02856696263359163532 ) ) ;
#936 = CARTESIAN_POINT ( 'NONE',  ( -0.4576795941020551650, -0.2430160794855308892, 0.02642270310872596104 ) ) ;
#937 = EDGE_CURVE ( 'NONE', #304, #845, #1233, .T. ) ;
#938 = VERTEX_POINT ( 'NONE', #1488 ) ;
#939 = CARTESIAN_POINT ( 'NONE',  ( -0.7407363281243205533, -0.2352920356790604850, 0.01834822583540353380 ) ) ;
#940 = CARTESIAN_POINT ( 'NONE',  ( 0.6432785090901623759, 0.2467399156062508592, 0.02096573013821810549 ) ) ;
#941 = DIRECTION ( 'NONE',  ( 0.000000000000000000, 0.000000000000000000, 1.000000000000000000 ) ) ;
#942 = DIRECTION ( 'NONE',  ( 0.000000000000000000, 0.000000000000000000, 1.000000000000000000 ) ) ;
#943 = VERTEX_POINT ( 'NONE', #909 ) ;
#944 = LINE ( 'NONE', #1389, #522 ) ;
#945 = DIRECTION ( 'NONE',  ( 0.000000000000000000, 0.000000000000000000, -1.000000000000000000 ) ) ;
#946 = ORIENTED_EDGE ( 'NONE', *, *, #600, .F. ) ;
#947 = CARTESIAN_POINT ( 'NONE',  ( -0.8799122492571015419, -0.09801750937087783111, 0.01406715213124412264 ) ) ;
#948 = CARTESIAN_POINT ( 'NONE',  ( -0.8362605630671723356, 1.173661890615763207E-15, -0.01431822786372232217 ) ) ;
#949 = CARTESIAN_POINT ( 'NONE',  ( -0.6432772058292580697, -0.2287210159856743197, 0.02856696263359163532 ) ) ;
#950 = CARTESIAN_POINT ( 'NONE',  ( 0.8219668028289703887, 1.497693569312580527E-15, 0.007124367384934599326 ) ) ;
#951 = CIRCLE ( 'NONE', #338, 0.1500981667405990594 ) ;
#952 = VERTEX_POINT ( 'NONE', #933 ) ;
#953 = CARTESIAN_POINT ( 'NONE',  ( -0.6477355792424075442, -0.007081303493387191943, -0.02861329136282700358 ) ) ;
#954 = AXIS2_PLACEMENT_3D ( 'NONE', #1885, #1465, #685 ) ;
#955 = AXIS2_PLACEMENT_3D ( 'NONE', #178, #169, #790 ) ;
#956 = ORIENTED_EDGE ( 'NONE', *, *, #1183, .F. ) ;
#957 = CARTESIAN_POINT ( 'NONE',  ( -0.8985499718503801025, 4.113061624564907441E-16, 0.01693361017663851109 ) ) ;
#958 = B_SPLINE_SURFACE_WITH_KNOTS ( 'NONE', 3, 3, ( 
 ( #42, #1745, #971, #1281, #645, #487, #820, #841, #1302, #1606, #1875 ),
 ( #477, #666, #1118, #1272, #342, #1737, #1109, #1727, #498, #994, #332 ),
 ( #1588, #219, #834, #1617, #1457, #69, #51, #654, #676, #1917, #515 ),
 ( #1151, #371, #227, #716, #244, #859, #126, #528, #1190, #1486, #1513 ),
 ( #1311, #1625, #698, #1804, #269, #1197, #850, #407, #388, #1794, #1494 ),
 ( #1033, #547, #1786, #1955, #99, #708, #88, #537, #1812, #1332, #1654 ),
 ( #727, #555, #1340, #1926, #1947, #261, #1012, #116, #1350, #1178, #399 ),
 ( #876, #1162, #415, #1647, #1501, #1968, #1776, #567, #1024, #1003, #1041 ),
 ( #1663, #885, #380, #1938, #255, #235, #1473, #1322, #107, #868, #1634 ),
 ( #1171, #134, #1393, #422, #1530, #905, #1820, #757, #1832, #1098, #1521 ),
 ( #322, #1984, #1368, #1705, #1250, #576, #9, #1382, #917, #1050, #940 ),
 ( #143, #1864, #312, #1852, #1562, #1674, #1542, #281, #289, #894, #780 ),
 ( #1998, #159, #1683, #599, #737, #1975, #611, #1227, #1359, #1843, #1205 ),
 ( #745, #1239, #1716, #620, #585, #453, #433, #443, #771, #1085, #930 ),
 ( #1215, #1552, #1074, #1693, #1063, #298, #467, #168, #1404, #19, #1603 ),
 ( #1595, #789, #959, #817, #642, #979, #214, #198, #49, #1301, #1412 ),
 ( #30, #800, #1149, #177, #207, #1734, #1433, #1763, #1278, #1882, #367 ),
 ( #833, #969, #505, #1107, #633, #1442, #59, #1873, #1115, #339, #663 ) ),
 .UNSPECIFIED., .F., .F., .F.,
 ( 4, 2, 2, 2, 2, 2, 2, 2, 4 ),
 ( 4, 1, 1, 1, 1, 1, 1, 1, 4 ),
 ( 0.000000000000000000, 0.1250000000000000000, 0.2500000000000000000, 0.3750000000000000000, 0.5000000000000000000, 0.6250000000000000000, 0.7500000000000000000, 0.8750000000000000000, 1.000000000000000000 ),
 ( 4.712388980384689674, 5.105088062083409817, 5.497787143782139729, 5.890486225480859872, 6.283185307179580015, 6.675884388878309927, 7.068583470577030070, 7.461282552275759983, 7.853981633974480125 ),
 .UNSPECIFIED. ) ;
#959 = CARTESIAN_POINT ( 'NONE',  ( 0.7414990664634526496, -0.2371303408611694086, 0.009816325143474659981 ) ) ;
#960 = DIRECTION ( 'NONE',  ( 1.000000000000000000, 0.000000000000000000, 0.000000000000000000 ) ) ;
#961 = DIRECTION ( 'NONE',  ( 1.000000000000000000, 0.000000000000000000, 0.000000000000000000 ) ) ;
#962 = EDGE_CURVE ( 'NONE', #1478, #952, #1555, .T. ) ;
#963 = ORIENTED_EDGE ( 'NONE', *, *, #1733, .F. ) ;
#964 = CARTESIAN_POINT ( 'NONE',  ( -0.6432772058292580697, -0.2287210159856743197, 0.02856696263359163532 ) ) ;
#965 = EDGE_CURVE ( 'NONE', #1838, #1199, #118, .T. ) ;
#966 = EDGE_LOOP ( 'NONE', ( #973, #548, #1860, #1580 ) ) ;
#967 = CARTESIAN_POINT ( 'NONE',  ( -0.6760235460071876146, -0.2501636112343524898, 0.008464529587975716876 ) ) ;
#968 = CARTESIAN_POINT ( 'NONE',  ( -0.8600890026932411780, 0.08980644634451012687, 0.02856696263359163532 ) ) ;
#969 = CARTESIAN_POINT ( 'NONE',  ( 0.6760248492677795040, -0.2501636112343312290, 0.007124367384934599326 ) ) ;
#970 = PERSON_AND_ORGANIZATION_ROLE ( 'design_supplier' ) ;
#971 = CARTESIAN_POINT ( 'NONE',  ( 0.7330830848717182491, -0.2168119407534223331, 0.02856696263359163532 ) ) ;
#972 = EDGE_CURVE ( 'NONE', #1847, #1962, #147, .T. ) ;
#973 = ORIENTED_EDGE ( 'NONE', *, *, #1593, .F. ) ;
#974 = DIRECTION ( 'NONE',  ( 1.000000000000000000, 0.000000000000000000, 0.000000000000000000 ) ) ;
#975 = ORIENTED_EDGE ( 'NONE', *, *, #543, .T. ) ;
#976 = CARTESIAN_POINT ( 'NONE',  ( -0.8999536712707646435, 4.212472811516876556E-16, 0.008464529587975716876 ) ) ;
#977 = EDGE_CURVE ( 'NONE', #472, #1877, #884, .T. ) ;
#978 = CARTESIAN_POINT ( 'NONE',  ( -0.8111714481684868527, 0.1678937327987896355, 0.02855881928687214674 ) ) ;
#979 = CARTESIAN_POINT ( 'NONE',  ( 0.8999466191779792457, 1.248372751975371908E-15, 0.009816325143473181997 ) ) ;
#980 = CALENDAR_DATE ( 2026, 29, 6 ) ;
#981 = CARTESIAN_POINT ( 'NONE',  ( -0.5790685269638612409, -0.1929833572379125450, -0.01431822786372232217 ) ) ;
#982 = AXIS2_PLACEMENT_3D ( 'NONE', #436, #1065, #348 ) ;
#983 = ORIENTED_EDGE ( 'NONE', *, *, #1565, .F. ) ;
#984 = DIRECTION ( 'NONE',  ( 0.000000000000000000, 0.000000000000000000, 1.000000000000000000 ) ) ;
#985 = AXIS2_PLACEMENT_3D ( 'NONE', #592, #1568, #1839 ) ;
#986 = ORIENTED_EDGE ( 'NONE', *, *, #1941, .T. ) ;
#987 = DIRECTION ( 'NONE',  ( 0.000000000000000000, 0.000000000000000000, -1.000000000000000000 ) ) ;
#988 = VECTOR ( 'NONE', #810, 1000.000000000000000 ) ;
#989 = AXIS2_PLACEMENT_3D ( 'NONE', #1946, #1764, #858 ) ;
#990 = CARTESIAN_POINT ( 'NONE',  ( -0.7341387466800356476, -0.2193637333096357389, 0.02855881928687214674 ) ) ;
#991 = CARTESIAN_POINT ( 'NONE',  ( -0.8062409297190519242, 1.471686559846181280E-15, 0.007124367384934599326 ) ) ;
#992 = EDGE_CURVE ( 'NONE', #1452, #721, #240, .T. ) ;
#993 =( NAMED_UNIT ( * ) PLANE_ANGLE_UNIT ( ) SI_UNIT ( $, .RADIAN. ) );
#994 = CARTESIAN_POINT ( 'NONE',  ( 0.6733934469326223748, 0.2300611781888333152, 0.02856696263359163532 ) ) ;
#995 = EDGE_CURVE ( 'NONE', #334, #285, #1766, .T. ) ;
#996 = ORIENTED_EDGE ( 'NONE', *, *, #667, .T. ) ;
#997 = CYLINDRICAL_SURFACE ( 'NONE', #759, 0.1000707271459376074 ) ;
#998 = EDGE_LOOP ( 'NONE', ( #1458, #689, #899, #1950, #511, #1259, #102, #712, #1600, #1174, #872, #488, #595, #277, #811, #1036, #1192, #1082, #491 ) ) ;
#999 = CARTESIAN_POINT ( 'NONE',  ( -0.8804151086492411071, -0.09822580068930572561, 0.008464529587975716876 ) ) ;
#1000 = CARTESIAN_POINT ( 'NONE',  ( 0.6432785090901623759, 0.2430160794847799621, 0.02642270310872596104 ) ) ;
#1001 = CARTESIAN_POINT ( 'NONE',  ( 0.7722078791521104213, -0.06970737827133274833, -0.02861329136282700358 ) ) ;
#1002 = PERSON_AND_ORGANIZATION ( #916, #1220 ) ;
#1003 = CARTESIAN_POINT ( 'NONE',  ( 0.6750298502602923856, 0.2425623787391547326, 0.02514326700551018992 ) ) ;
#1004 = PRODUCT_DEFINITION ( '�', '', #1931, #643 ) ;
#1005 = DIRECTION ( 'NONE',  ( 0.000000000000000000, 0.000000000000000000, 1.000000000000000000 ) ) ;
#1006 = CARTESIAN_POINT ( 'NONE',  ( -0.5148598480984625247, -0.1858358254883601124, -0.01431822786372232217 ) ) ;
#1007 = EDGE_LOOP ( 'NONE', ( #360, #731, #184, #441 ) ) ;
#1008 = CARTESIAN_POINT ( 'NONE',  ( -0.6432772058292580697, -0.2314129737442127965, 0.02855881928687214674 ) ) ;
#1009 = DIRECTION ( 'NONE',  ( 0.000000000000000000, 0.000000000000000000, 1.000000000000000000 ) ) ;
#1010 = CARTESIAN_POINT ( 'NONE',  ( -0.6432772058292580697, 2.079096541835968033E-16, -0.01431822786372232217 ) ) ;
#1011 = PERSON_AND_ORGANIZATION ( #916, #1220 ) ;
#1012 = CARTESIAN_POINT ( 'NONE',  ( 0.8707297520404788660, 0.09421345213435723676, 0.02661953943229761546 ) ) ;
#1013 = CARTESIAN_POINT ( 'NONE',  ( 0.6432785090901623759, -0.2501636112343312290, 0.007124367384934599326 ) ) ;
#1014 = FACE_OUTER_BOUND ( 'NONE', #469, .T. ) ;
#1015 = VECTOR ( 'NONE', #1176, 1000.000000000000000 ) ;
#1016 = ORIENTED_EDGE ( 'NONE', *, *, #1894, .T. ) ;
#1017 = DIRECTION ( 'NONE',  ( 0.000000000000000000, 0.000000000000000000, 1.000000000000000000 ) ) ;
#1018 = VECTOR ( 'NONE', #1173, 1000.000000000000000 ) ;
#1019 = VECTOR ( 'NONE', #1855, 1000.000000000000000 ) ;
#1020 = ADVANCED_FACE ( 'NONE', ( #301 ), #1696, .F. ) ;
#1021 = CARTESIAN_POINT ( 'NONE',  ( -0.6751853956332618534, 0.2437606140422045042, 0.02424866220157087873 ) ) ;
#1022 = FACE_OUTER_BOUND ( 'NONE', #131, .T. ) ;
#1023 = CIRCLE ( 'NONE', #1283, 0.01572456984901514365 ) ;
#1024 = CARTESIAN_POINT ( 'NONE',  ( 0.7385177306775742023, 0.2299326096533246544, 0.02514326700551018992 ) ) ;
#1025 = CARTESIAN_POINT ( 'NONE',  ( -0.4576795941020425085, -0.2501636112350829610, 0.01355714595953168809 ) ) ;
#1026 = CARTESIAN_POINT ( 'NONE',  ( -0.6432772058292580697, 0.2501636112343324503, 0.007124367384927562420 ) ) ;
#1027 = ORIENTED_EDGE ( 'NONE', *, *, #783, .F. ) ;
#1028 = CARTESIAN_POINT ( 'NONE',  ( -0.6432772058292580697, 0.2501636112343324503, 0.02856696263359163532 ) ) ;
#1029 = B_SPLINE_CURVE_WITH_KNOTS ( 'NONE', 3,
 ( #518, #1123, #1314, #1930, #1296, #1910, #510, #1037, #720, #890, #1335, #1497, #879, #1949, #1362, #120, #710, #571 ),
 .UNSPECIFIED., .F., .F.,
 ( 4, 2, 2, 2, 2, 2, 2, 2, 4 ),
 ( 0.000000000000000000, 0.1250000000000000000, 0.2500000000000000000, 0.3750000000000000000, 0.5000000000000000000, 0.6250000000000000000, 0.7500000000000000000, 0.8750000000000000000, 1.000000000000000000 ),
 .UNSPECIFIED. ) ;
#1030 = EDGE_CURVE ( 'NONE', #1847, #304, #309, .T. ) ;
#1031 = CARTESIAN_POINT ( 'NONE',  ( -0.7369332636613297183, 0.2261104346316735736, 0.02719888038465390415 ) ) ;
#1032 = ADVANCED_FACE ( 'NONE', ( #292, #782 ), #1533, .F. ) ;
#1033 = CARTESIAN_POINT ( 'NONE',  ( 0.6432785090901623759, -0.2385302587773781291, 0.02719888038465390415 ) ) ;
#1034 = B_SPLINE_CURVE_WITH_KNOTS ( 'NONE', 5,
 ( #16, #1258, #1069, #1879, #936, #1104, #795, #1245 ),
 .UNSPECIFIED., .F., .F.,
 ( 6, 2, 6 ),
 ( 0.000000000000000000, 0.0009633230479110099906, 0.001926646095867085061 ),
 .UNSPECIFIED. ) ;
#1035 = DIRECTION ( 'NONE',  ( 0.000000000000000000, 0.000000000000000000, -1.000000000000000000 ) ) ;
#1036 = ORIENTED_EDGE ( 'NONE', *, *, #1799, .F. ) ;
#1037 = CARTESIAN_POINT ( 'NONE',  ( 0.6432785090901623759, 0.2467399156062508592, 0.02096573013821810549 ) ) ;
#1038 = ORIENTED_EDGE ( 'NONE', *, *, #48, .T. ) ;
#1039 = CARTESIAN_POINT ( 'NONE',  ( -0.5148598480984625247, -0.2430160794848216788, 0.02642270310871307204 ) ) ;
#1040 = CARTESIAN_POINT ( 'NONE',  ( -0.8850763672098339585, 3.996573669302170100E-16, 0.02803648176155457486 ) ) ;
#1041 = CARTESIAN_POINT ( 'NONE',  ( 0.6432785090901623759, 0.2425623787389585562, 0.02514326700551018992 ) ) ;
#1042 = DIRECTION ( 'NONE',  ( 0.000000000000000000, 0.000000000000000000, 1.000000000000000000 ) ) ;
#1043 = ORIENTED_EDGE ( 'NONE', *, *, #749, .F. ) ;
#1044 = DIRECTION ( 'NONE',  ( 1.000000000000000000, 1.927470528863119788E-16, 0.000000000000000000 ) ) ;
#1045 = ORIENTED_EDGE ( 'NONE', *, *, #906, .T. ) ;
#1046 = CARTESIAN_POINT ( 'NONE',  ( -0.6432772058292580697, -0.2480193517092666722, 0.02141943088401786904 ) ) ;
#1047 = CARTESIAN_POINT ( 'NONE',  ( -0.8693874904005418625, -0.09365800861855340387, 0.02719888038465390415 ) ) ;
#1048 = CIRCLE ( 'NONE', #1249, 0.2501636112343318397 ) ;
#1049 = VECTOR ( 'NONE', #318, 1000.000000000000000 ) ;
#1050 = CARTESIAN_POINT ( 'NONE',  ( 0.6755766885581663272, 0.2467399156064009613, 0.02096573013821810549 ) ) ;
#1051 = AXIS2_PLACEMENT_3D ( 'NONE', #948, #1585, #40 ) ;
#1052 = UNCERTAINTY_MEASURE_WITH_UNIT (LENGTH_MEASURE( 1.000000000000000082E-05 ), #226, 'distance_accuracy_value', 'NONE');
#1053 = EDGE_CURVE ( 'NONE', #952, #1145, #1242, .T. ) ;
#1054 = CIRCLE ( 'NONE', #370, 0.01572456984901514365 ) ;
#1055 = CARTESIAN_POINT ( 'NONE',  ( -0.7721709910823448819, 0.07685491002088547241, -0.02861329136282700358 ) ) ;
#1056 = CARTESIAN_POINT ( 'NONE',  ( -0.6432772058292580697, 0.2351537945602723556, 0.02856696263359163532 ) ) ;
#1057 = CARTESIAN_POINT ( 'NONE',  ( -0.8219654995680670817, 1.472444347595945332E-15, 0.007124367384934599326 ) ) ;
#1058 = ADVANCED_FACE ( 'NONE', ( #21, #1397, #603 ), #446, .T. ) ;
#1059 = ORIENTED_EDGE ( 'NONE', *, *, #763, .T. ) ;
#1060 = CARTESIAN_POINT ( 'NONE',  ( -0.6432772058292580697, -0.2351537945602057422, 0.02856696263359163532 ) ) ;
#1061 = CARTESIAN_POINT ( 'NONE',  ( 6.516304518459539999E-07, 0.2501636112343324503, 0.02856696263359163532 ) ) ;
#1062 = CARTESIAN_POINT ( 'NONE',  ( -0.8666702852640651988, 0.09253250465232458477, 0.02803648176155457486 ) ) ;
#1063 = CARTESIAN_POINT ( 'NONE',  ( 0.8801561601194848317, -0.09811800079643666350, 0.01261996308560004061 ) ) ;
#1064 = LINE ( 'NONE', #1821, #340 ) ;
#1065 = DIRECTION ( 'NONE',  ( 1.927470528863119788E-16, -1.000000000000000000, 0.000000000000000000 ) ) ;
#1066 = CARTESIAN_POINT ( 'NONE',  ( -0.4576795941020659342, -0.2287210159857863134, 0.02856696263359163532 ) ) ;
#1067 = ORIENTED_EDGE ( 'NONE', *, *, #447, .F. ) ;
#1068 = PLANE ( 'NONE',  #272 ) ;
#1069 = CARTESIAN_POINT ( 'NONE',  ( -0.4576795941020551650, -0.2501636112350829610, 0.01355714595953168809 ) ) ;
#1070 = VERTEX_POINT ( 'NONE', #1231 ) ;
#1071 = CARTESIAN_POINT ( 'NONE',  ( -0.8791182607432006524, 0.09768862834178654309, 0.01693361017663851109 ) ) ;
#1072 = ADVANCED_FACE ( 'NONE', ( #1077 ), #1090, .F. ) ;
#1073 = EDGE_CURVE ( 'NONE', #581, #1391, #660, .T. ) ;
#1074 = CARTESIAN_POINT ( 'NONE',  ( 0.7413944662037739164, -0.2368778082356671200, 0.01261996308560004061 ) ) ;
#1075 = PLANE ( 'NONE',  #593 ) ;
#1076 = CARTESIAN_POINT ( 'NONE',  ( -0.8219654995680670817, 1.472444347595945332E-15, 0.007124367384934599326 ) ) ;
#1077 = FACE_OUTER_BOUND ( 'NONE', #464, .T. ) ;
#1078 = ORIENTED_EDGE ( 'NONE', *, *, #629, .T. ) ;
#1079 = LINE ( 'NONE', #1111, #1927 ) ;
#1080 = CARTESIAN_POINT ( 'NONE',  ( 0.6432785090901623759, 0.2287210159856751246, 0.02856696263359163532 ) ) ;
#1081 = ADVANCED_FACE ( 'NONE', ( #1263 ), #33, .F. ) ;
#1082 = ORIENTED_EDGE ( 'NONE', *, *, #882, .F. ) ;
#1083 = CARTESIAN_POINT ( 'NONE',  ( -0.6754582818014002177, 0.2458453108024690192, 0.02216396544128384702 ) ) ;
#1084 = EDGE_CURVE ( 'NONE', #1145, #581, #748, .T. ) ;
#1085 = CARTESIAN_POINT ( 'NONE',  ( 0.6759554094846980110, 0.2496331303623721964, 0.01406715213124412264 ) ) ;
#1086 = VECTOR ( 'NONE', #852, 1000.000000000000000 ) ;
#1087 = CARTESIAN_POINT ( 'NONE',  ( -0.6432772058292580697, -0.1929833572379125450, -0.02861329136282700358 ) ) ;
#1088 = CIRCLE ( 'NONE', #954, 0.02859012699820936282 ) ;
#1089 = CARTESIAN_POINT ( 'NONE',  ( 0.6432785090901623759, -0.2351537945610233382, 0.02856696263359163532 ) ) ;
#1090 = CYLINDRICAL_SURFACE ( 'NONE', #1415, 0.01572456984901514365 ) ;
#1091 = ORIENTED_EDGE ( 'NONE', *, *, #823, .T. ) ;
#1092 = DIRECTION ( 'NONE',  ( 0.000000000000000000, 0.000000000000000000, -1.000000000000000000 ) ) ;
#1093 = CC_DESIGN_APPROVAL ( #310, ( #1004 ) ) ;
#1094 = DIRECTION ( 'NONE',  ( 1.000000000000000000, 1.927470528863119788E-16, 0.000000000000000000 ) ) ;
#1095 = ORIENTED_EDGE ( 'NONE', *, *, #1224, .F. ) ;
#1096 = CARTESIAN_POINT ( 'NONE',  ( -0.8785690853544086965, -0.09746115229665977542, 0.01834822583540353380 ) ) ;
#1097 = SHAPE_DEFINITION_REPRESENTATION ( #1163, #108 ) ;
#1098 = CARTESIAN_POINT ( 'NONE',  ( 0.6754595850630200626, 0.2458453108024700462, 0.02216396544128384702 ) ) ;
#1099 = CARTESIAN_POINT ( 'NONE',  ( -0.8505556265662763682, 1.475945628347502705E-15, 0.02856696263359163532 ) ) ;
#1100 = DIRECTION ( 'NONE',  ( 0.000000000000000000, 0.000000000000000000, 1.000000000000000000 ) ) ;
#1101 = EDGE_CURVE ( 'NONE', #845, #328, #1755, .T. ) ;
#1102 = ORIENTED_EDGE ( 'NONE', *, *, #130, .T. ) ;
#1103 = DIRECTION ( 'NONE',  ( 0.000000000000000000, 0.000000000000000000, 1.000000000000000000 ) ) ;
#1104 = CARTESIAN_POINT ( 'NONE',  ( -0.4576795941020551650, -0.2351537945610233382, 0.02856696263359163532 ) ) ;
#1105 = ORIENTED_EDGE ( 'NONE', *, *, #356, .T. ) ;
#1106 = CARTESIAN_POINT ( 'NONE',  ( -0.8791182607431935470, -0.09768862834178326793, 0.01693361017663851109 ) ) ;
#1107 = CARTESIAN_POINT ( 'NONE',  ( 0.8247766735597469312, -0.1814976136427680631, 0.007124367384934599326 ) ) ;
#1108 = LINE ( 'NONE', #1087, #1451 ) ;
#1109 = CARTESIAN_POINT ( 'NONE',  ( 0.8613606875763893944, 0.09033265599105551324, 0.02856696263359163532 ) ) ;
#1110 = ORIENTED_EDGE ( 'NONE', *, *, #130, .F. ) ;
#1111 = CARTESIAN_POINT ( 'NONE',  ( -0.8376900694170822392, 1.469760855432824794E-15, 0.02856696263359163532 ) ) ;
#1112 = CARTESIAN_POINT ( 'NONE',  ( 0.8376913726779854352, 1.499619273725937013E-15, -0.01431822786372232217 ) ) ;
#1113 = ORIENTED_EDGE ( 'NONE', *, *, #1228, .T. ) ;
#1114 = CARTESIAN_POINT ( 'NONE',  ( -0.6754582818018044499, -0.2458453108024693246, 0.02216396544128384702 ) ) ;
#1115 = CARTESIAN_POINT ( 'NONE',  ( 0.7415022638509195518, 0.2371380601990837056, 0.007124367384934599326 ) ) ;
#1116 = ADVANCED_FACE ( 'NONE', ( #359 ), #1907, .F. ) ;
#1117 = DIRECTION ( 'NONE',  ( 0.000000000000000000, 0.000000000000000000, -1.000000000000000000 ) ) ;
#1118 = CARTESIAN_POINT ( 'NONE',  ( 0.7336092835579356430, -0.2180823232187458771, 0.02856696263359163532 ) ) ;
#1119 = AXIS2_PLACEMENT_3D ( 'NONE', #1751, #1009, #1328 ) ;
#1120 = EDGE_CURVE ( 'NONE', #285, #334, #1863, .T. ) ;
#1121 = VECTOR ( 'NONE', #1428, 1000.000000000000000 ) ;
#1122 = ORIENTED_EDGE ( 'NONE', *, *, #691, .F. ) ;
#1123 = CARTESIAN_POINT ( 'NONE',  ( 0.6432785090901623759, 0.2501636112343324503, 0.008464529587975716876 ) ) ;
#1124 = CIRCLE ( 'NONE', #122, 0.01572456984901514365 ) ;
#1125 = VECTOR ( 'NONE', #408, 1000.000000000000000 ) ;
#1126 = EDGE_LOOP ( 'NONE', ( #80, #35 ) ) ;
#1127 = CARTESIAN_POINT ( 'NONE',  ( -0.8804151086492447709, 0.09822580068930952812, 0.007124367384934599326 ) ) ;
#1128 = DIRECTION ( 'NONE',  ( 1.000000000000000000, 0.000000000000000000, 0.000000000000000000 ) ) ;
#1129 = CARTESIAN_POINT ( 'NONE',  ( 0.7933766758307609912, 1.475945628347502705E-15, 0.007124367384934599326 ) ) ;
#1130 = DIRECTION ( 'NONE',  ( 0.000000000000000000, 0.000000000000000000, -1.000000000000000000 ) ) ;
#1131 = CARTESIAN_POINT ( 'NONE',  ( -0.5790685269638612409, -0.1929833572379125450, -0.01431822786372232217 ) ) ;
#1132 = B_SPLINE_CURVE_WITH_KNOTS ( 'NONE', 3,
 ( #739, #1545, #1371, #1676, #161, #773 ),
 .UNSPECIFIED., .F., .F.,
 ( 4, 2, 4 ),
 ( 0.000000000000000000, 0.5000000000000000000, 1.000000000000000000 ),
 .UNSPECIFIED. ) ;
#1133 = EDGE_CURVE ( 'NONE', #65, #1344, #1294, .T. ) ;
#1134 = CC_DESIGN_PERSON_AND_ORGANIZATION_ASSIGNMENT ( #87, #1141, ( #1931 ) ) ;
#1135 = ORIENTED_EDGE ( 'NONE', *, *, #481, .F. ) ;
#1136 = LINE ( 'NONE', #353, #1121 ) ;
#1137 = ORIENTED_EDGE ( 'NONE', *, *, #1073, .F. ) ;
#1138 = LINE ( 'NONE', #1741, #1956 ) ;
#1139 = CARTESIAN_POINT ( 'NONE',  ( -0.8613593843154898622, 0.09033265599105802512, 0.02856696263359163532 ) ) ;
#1140 = CARTESIAN_POINT ( 'NONE',  ( -0.5148598480984625247, -0.1786882937388078740, 0.02856696263359163532 ) ) ;
#1141 = PERSON_AND_ORGANIZATION_ROLE ( 'creator' ) ;
#1142 = CARTESIAN_POINT ( 'NONE',  ( -0.5148598480984625247, -0.2287210159856390701, 0.02856696263359163532 ) ) ;
#1143 = ORIENTED_EDGE ( 'NONE', *, *, #568, .F. ) ;
#1144 = CARTESIAN_POINT ( 'NONE',  ( -0.8600890728164721777, -0.08980683322664882728, 0.02856696263359163532 ) ) ;
#1145 = VERTEX_POINT ( 'NONE', #802 ) ;
#1146 = CARTESIAN_POINT ( 'NONE',  ( -0.6432772058292580697, -0.2501554678876118376, 0.009816325143473181997 ) ) ;
#1147 = EDGE_CURVE ( 'NONE', #1868, #381, #1279, .T. ) ;
#1148 = CARTESIAN_POINT ( 'NONE',  ( 0.8361417913372903854, 0.006806746486065874853, -0.01431822786372232217 ) ) ;
#1149 = CARTESIAN_POINT ( 'NONE',  ( 0.7415022638513030229, -0.2371380601990728254, 0.008464529587975716876 ) ) ;
#1150 = PERSON_AND_ORGANIZATION ( #916, #1220 ) ;
#1151 = CARTESIAN_POINT ( 'NONE',  ( 0.6432785090901623759, -0.2342166116863394487, 0.02829241551560703061 ) ) ;
#1152 = ORIENTED_EDGE ( 'NONE', *, *, #1101, .F. ) ;
#1153 = CYLINDRICAL_SURFACE ( 'NONE', #1477, 0.1500981667405990594 ) ;
#1154 = AXIS2_PLACEMENT_3D ( 'NONE', #1244, #470, #449 ) ;
#1155 = ORIENTED_EDGE ( 'NONE', *, *, #1593, .T. ) ;
#1156 = CARTESIAN_POINT ( 'NONE',  ( -0.6760235460070959101, 0.2501636112343324503, 0.007124367384934599326 ) ) ;
#1157 = AXIS2_PLACEMENT_3D ( 'NONE', #242, #1493, #683 ) ;
#1158 = AXIS2_PLACEMENT_3D ( 'NONE', #468, #299, #644 ) ;
#1159 = DIRECTION ( 'NONE',  ( -1.000000000000000000, 0.000000000000000000, 0.000000000000000000 ) ) ;
#1160 = DIRECTION ( 'NONE',  ( 0.000000000000000000, 1.000000000000000000, 0.000000000000000000 ) ) ;
#1161 = DATE_AND_TIME ( #1472, #31 ) ;
#1162 = CARTESIAN_POINT ( 'NONE',  ( 0.6750298502596741024, -0.2425623787391536501, 0.02514326700551018992 ) ) ;
#1163 = PRODUCT_DEFINITION_SHAPE ( 'NONE', 'NONE',  #1004 ) ;
#1164 = ORIENTED_EDGE ( 'NONE', *, *, #1355, .T. ) ;
#1165 = CARTESIAN_POINT ( 'NONE',  ( -0.8600928966488163852, 0.08980105975471794344, 0.02856696263359163532 ) ) ;
#1166 = ORIENTED_EDGE ( 'NONE', *, *, #816, .T. ) ;
#1167 = CARTESIAN_POINT ( 'NONE',  ( -0.6432772058292580697, -0.2342166116863394487, 0.02829241551560703061 ) ) ;
#1168 = CARTESIAN_POINT ( 'NONE',  ( -0.6432772058292580697, 0.2300611781887162977, 0.02856696263359163532 ) ) ;
#1169 = PLANE ( 'NONE',  #276 ) ;
#1170 = DIRECTION ( 'NONE',  ( 1.000000000000000000, 0.000000000000000000, 0.000000000000000000 ) ) ;
#1171 = CARTESIAN_POINT ( 'NONE',  ( 0.6432785090901623759, -0.2458453108023105071, 0.02216396544128384702 ) ) ;
#1172 = CARTESIAN_POINT ( 'NONE',  ( 0.2762924746927609698, -0.2501636112343312290, 0.007124367384934599326 ) ) ;
#1173 = DIRECTION ( 'NONE',  ( 0.000000000000000000, 0.000000000000000000, -1.000000000000000000 ) ) ;
#1174 = ORIENTED_EDGE ( 'NONE', *, *, #1833, .T. ) ;
#1175 = CARTESIAN_POINT ( 'NONE',  ( -0.6432772058292580697, -0.2287210159856041536, 0.02856696263359163532 ) ) ;
#1176 = DIRECTION ( 'NONE',  ( 0.000000000000000000, 0.000000000000000000, 1.000000000000000000 ) ) ;
#1177 = LINE ( 'NONE', #1774, #1830 ) ;
#1178 = CARTESIAN_POINT ( 'NONE',  ( 0.6746872197478118727, 0.2399448744363769370, 0.02661953943229761546 ) ) ;
#1179 = FACE_OUTER_BOUND ( 'NONE', #220, .T. ) ;
#1180 = CARTESIAN_POINT ( 'NONE',  ( 6.516304518955498965E-07, -0.2501636112343312290, -0.01431822786372232217 ) ) ;
#1181 = EDGE_CURVE ( 'NONE', #1221, #1517, #1607, .T. ) ;
#1182 = EDGE_LOOP ( 'NONE', ( #1356, #320, #986, #1583, #1989, #392, #878, #658, #1749 ) ) ;
#1183 = EDGE_CURVE ( 'NONE', #1877, #472, #1088, .T. ) ;
#1184 = FACE_OUTER_BOUND ( 'NONE', #615, .T. ) ;
#1185 = AXIS2_PLACEMENT_3D ( 'NONE', #410, #861, #402 ) ;
#1186 = VECTOR ( 'NONE', #1160, 1000.000000000000000 ) ;
#1187 = CARTESIAN_POINT ( 'NONE',  ( -0.7358077831378949663, -0.2233932276918862148, 0.02803648176155457486 ) ) ;
#1188 = VECTOR ( 'NONE', #1191, 1000.000000000000000 ) ;
#1189 = ADVANCED_FACE ( 'NONE', ( #191 ), #958, .T. ) ;
#1190 = CARTESIAN_POINT ( 'NONE',  ( 0.7352408649007632357, 0.2220213910713227934, 0.02829241551560703061 ) ) ;
#1191 = DIRECTION ( 'NONE',  ( 0.000000000000000000, 0.000000000000000000, 1.000000000000000000 ) ) ;
#1192 = ORIENTED_EDGE ( 'NONE', *, *, #1653, .T. ) ;
#1193 = CARTESIAN_POINT ( 'NONE',  ( 0.6432785090901623759, 9.567259446107606546E-16, -0.01431822786372232217 ) ) ;
#1194 = EDGE_LOOP ( 'NONE', ( #171, #870, #1972, #1306 ) ) ;
#1195 = CARTESIAN_POINT ( 'NONE',  ( -0.6432772058292580697, -0.2501636112343312290, 0.007124367384934599326 ) ) ;
#1196 = CARTESIAN_POINT ( 'NONE',  ( -0.8192605404688391157, 0.1759828005496868464, 0.02514326700551018992 ) ) ;
#1197 = CARTESIAN_POINT ( 'NONE',  ( 0.8850776704707372655, 1.282587277055160250E-15, 0.02803648176155457486 ) ) ;
#1198 = DIRECTION ( 'NONE',  ( 0.000000000000000000, 0.000000000000000000, 1.000000000000000000 ) ) ;
#1199 = VERTEX_POINT ( 'NONE', #1140 ) ;
#1200 = DIRECTION ( 'NONE',  ( 0.000000000000000000, 0.000000000000000000, 1.000000000000000000 ) ) ;
#1201 = EDGE_LOOP ( 'NONE', ( #529, #956 ) ) ;
#1202 = CARTESIAN_POINT ( 'NONE',  ( -0.7933753725698576842, 1.472444347595945332E-15, 0.02856696263359163532 ) ) ;
#1203 = CARTESIAN_POINT ( 'NONE',  ( -0.7369332636612073717, -0.2261104346316724634, 0.02719888038465390415 ) ) ;
#1204 = EDGE_CURVE ( 'NONE', #1237, #478, #1347, .T. ) ;
#1205 = CARTESIAN_POINT ( 'NONE',  ( 0.6432785090901623759, 0.2487955289853945595, 0.01693361017663851109 ) ) ;
#1206 = CYLINDRICAL_SURFACE ( 'NONE', #153, 0.1929833572379131001 ) ;
#1207 = LINE ( 'NONE', #136, #1667 ) ;
#1208 = LINE ( 'NONE', #1006, #1214 ) ;
#1209 = ORIENTED_EDGE ( 'NONE', *, *, #1789, .F. ) ;
#1210 = CARTESIAN_POINT ( 'NONE',  ( -0.5148598480984625247, -0.2351537945602057422, 0.02856696263359163532 ) ) ;
#1211 = FACE_OUTER_BOUND ( 'NONE', #1550, .T. ) ;
#1212 = CARTESIAN_POINT ( 'NONE',  ( -0.8921545454095506367, 4.176489621147758813E-16, 0.02514326700551018992 ) ) ;
#1213 = VECTOR ( 'NONE', #565, 1000.000000000000000 ) ;
#1214 = VECTOR ( 'NONE', #540, 1000.000000000000000 ) ;
#1215 = CARTESIAN_POINT ( 'NONE',  ( 0.6432785090901623759, -0.2498890641163469262, 0.01261996308560004061 ) ) ;
#1216 = AXIS2_PLACEMENT_3D ( 'NONE', #1223, #856, #97 ) ;
#1217 = DIRECTION ( 'NONE',  ( 1.000000000000000000, 0.000000000000000000, 0.000000000000000000 ) ) ;
#1218 = CARTESIAN_POINT ( 'NONE',  ( -0.4576795941020425085, -0.2287210159864260239, 0.02856696263359163532 ) ) ;
#1219 = DIRECTION ( 'NONE',  ( 1.000000000000000000, 0.000000000000000000, 0.000000000000000000 ) ) ;
#1220 = ORGANIZATION ( '未', '未', '' ) ;
#1221 = VERTEX_POINT ( 'NONE', #1129 ) ;
#1222 = LINE ( 'NONE', #1557, #1346 ) ;
#1223 = CARTESIAN_POINT ( 'NONE',  ( 0.8440064295974623043, 8.946396941094696504E-16, -0.01431822786372232217 ) ) ;
#1224 = EDGE_CURVE ( 'NONE', #1221, #119, #1743, .T. ) ;
#1225 = ORIENTED_EDGE ( 'NONE', *, *, #1837, .T. ) ;
#1226 = CARTESIAN_POINT ( 'NONE',  ( -0.7352395616399912681, 0.2220213910713227934, 0.02829241551560703061 ) ) ;
#1227 = CARTESIAN_POINT ( 'NONE',  ( 0.8237841054728942680, 0.1805050485681738703, 0.01693361017663851109 ) ) ;
#1228 = EDGE_CURVE ( 'NONE', #1658, #564, #188, .T. ) ;
#1229 = PLANE ( 'NONE',  #797 ) ;
#1230 = CARTESIAN_POINT ( 'NONE',  ( -0.6432772058292580697, 0.2501636112343324503, 0.01034075667223320096 ) ) ;
#1231 = CARTESIAN_POINT ( 'NONE',  ( 0.8062422329799552312, 1.497693569312580527E-15, -0.02861329136282700358 ) ) ;
#1232 = EDGE_CURVE ( 'NONE', #764, #721, #1827, .T. ) ;
#1233 = B_SPLINE_CURVE_WITH_KNOTS ( 'NONE', 3,
 ( #1026, #1649, #257, #1657 ),
 .UNSPECIFIED., .F., .F.,
 ( 4, 4 ),
 ( 0.000000000000000000, 1.000000000000000000 ),
 .UNSPECIFIED. ) ;
#1234 = ORIENTED_EDGE ( 'NONE', *, *, #1246, .T. ) ;
#1235 = DIRECTION ( 'NONE',  ( 1.000000000000000000, 0.000000000000000000, 0.000000000000000000 ) ) ;
#1236 = CARTESIAN_POINT ( 'NONE',  ( 0.6732243416294633187, 0.2287210159856751246, 0.02856696263359163532 ) ) ;
#1237 = VERTEX_POINT ( 'NONE', #991 ) ;
#1238 = CARTESIAN_POINT ( 'NONE',  ( -0.8763216567553232528, -0.09653023627264072093, 0.02216396544128384702 ) ) ;
#1239 = CARTESIAN_POINT ( 'NONE',  ( 0.6759554094839392846, -0.2496331303623714193, 0.01406715213124412264 ) ) ;
#1240 = CARTESIAN_POINT ( 'NONE',  ( -0.6432772058292580697, -0.1429506349910462382, -0.02861329136282700358 ) ) ;
#1241 = CARTESIAN_POINT ( 'NONE',  ( -0.6432772058292580697, 0.2287210159856751246, 0.02856696263359163532 ) ) ;
#1242 = LINE ( 'NONE', #614, #1019 ) ;
#1243 = EDGE_LOOP ( 'NONE', ( #483, #1959, #354, #1669 ) ) ;
#1244 = CARTESIAN_POINT ( 'NONE',  ( 0.6432785090901623759, 2.439538330109671981E-16, -0.02861329136282700358 ) ) ;
#1245 = CARTESIAN_POINT ( 'NONE',  ( -0.4576795941020659342, -0.2287210159857863134, 0.02856696263359163532 ) ) ;
#1246 = EDGE_CURVE ( 'NONE', #230, #1537, #1767, .T. ) ;
#1247 = EDGE_LOOP ( 'NONE', ( #1871, #1313 ) ) ;
#1248 = CARTESIAN_POINT ( 'NONE',  ( -0.6755753852969480500, -0.2467399156063998233, 0.02096573013821810549 ) ) ;
#1249 = AXIS2_PLACEMENT_3D ( 'NONE', #504, #513, #815 ) ;
#1250 = CARTESIAN_POINT ( 'NONE',  ( 0.8771709838595606046, -0.09688149948288327096, 0.02096573013821810549 ) ) ;
#1251 = EDGE_CURVE ( 'NONE', #1618, #618, #1270, .T. ) ;
#1252 = CIRCLE ( 'NONE', #692, 0.1929833605181069944 ) ;
#1253 = CARTESIAN_POINT ( 'NONE',  ( -0.8361404845337796488, 0.006806753863509979255, -0.02861329136282700358 ) ) ;
#1254 = DIRECTION ( 'NONE',  ( 0.000000000000000000, 0.000000000000000000, 1.000000000000000000 ) ) ;
#1255 = AXIS2_PLACEMENT_3D ( 'NONE', #634, #1280, #1736 ) ;
#1256 = EDGE_LOOP ( 'NONE', ( #842, #273, #891, #1417 ) ) ;
#1257 = CARTESIAN_POINT ( 'NONE',  ( -0.8362605630671723356, 1.173661890615763207E-15, -0.02861329136282700358 ) ) ;
#1258 = CARTESIAN_POINT ( 'NONE',  ( -0.4576795941020551650, -0.2501636112350829610, 0.01034075667223320096 ) ) ;
#1259 = ORIENTED_EDGE ( 'NONE', *, *, #114, .T. ) ;
#1260 = CARTESIAN_POINT ( 'NONE',  ( -0.8222914180200827650, -0.1790136689025044470, 0.02096573013821810549 ) ) ;
#1261 = DIRECTION ( 'NONE',  ( 1.000000000000000000, 1.927470528863119788E-16, 0.000000000000000000 ) ) ;
#1262 = CARTESIAN_POINT ( 'NONE',  ( -0.4576795941020434522, -0.1786882937388078740, 0.02856696263359163532 ) ) ;
#1263 = FACE_OUTER_BOUND ( 'NONE', #966, .T. ) ;
#1264 = VERTEX_POINT ( 'NONE', #808 ) ;
#1265 = LINE ( 'NONE', #1418, #918 ) ;
#1266 = CARTESIAN_POINT ( 'NONE',  ( 0.6432785090901623759, -0.2287210159856743197, 0.02856696263359163532 ) ) ;
#1267 = VERTEX_POINT ( 'NONE', #652 ) ;
#1268 = CARTESIAN_POINT ( 'NONE',  ( -0.8222914180200379120, 0.1790136689025039751, 0.02096573013821810549 ) ) ;
#1269 = EDGE_CURVE ( 'NONE', #550, #1658, #1893, .T. ) ;
#1270 = LINE ( 'NONE', #349, #695 ) ;
#1271 = DIRECTION ( 'NONE',  ( 1.000000000000000000, 0.000000000000000000, 0.000000000000000000 ) ) ;
#1272 = CARTESIAN_POINT ( 'NONE',  ( 0.8101919996291701009, -0.1669129839750613520, 0.02856696263359163532 ) ) ;
#1273 = ORIENTED_EDGE ( 'NONE', *, *, #1030, .F. ) ;
#1274 = CARTESIAN_POINT ( 'NONE',  ( 0.8219668028289703887, 1.497693569312580527E-15, -0.01431822786372232217 ) ) ;
#1275 = EDGE_LOOP ( 'NONE', ( #73, #822, #1547, #448, #1713, #924 ) ) ;
#1276 = CARTESIAN_POINT ( 'NONE',  ( -0.8804073893164711118, 0.09822260323485892952, 0.009816325143473181997 ) ) ;
#1277 = CARTESIAN_POINT ( 'NONE',  ( -0.6432772058292580697, 0.2480193517094665401, 0.02141943088403928941 ) ) ;
#1278 = CARTESIAN_POINT ( 'NONE',  ( 0.7415022638509195518, 0.2371380601990739634, 0.008464529587975716876 ) ) ;
#1279 = B_SPLINE_CURVE_WITH_KNOTS ( 'NONE', 3,
 ( #78, #1578, #1426, #1142 ),
 .UNSPECIFIED., .F., .F.,
 ( 4, 4 ),
 ( 0.000000000000000000, 1.000000000000000000 ),
 .UNSPECIFIED. ) ;
#1280 = DIRECTION ( 'NONE',  ( 0.000000000000000000, 0.000000000000000000, 1.000000000000000000 ) ) ;
#1281 = CARTESIAN_POINT ( 'NONE',  ( 0.8092196880337969578, -0.1659406753305386062, 0.02856696263359163532 ) ) ;
#1282 = VECTOR ( 'NONE', #1044, 1000.000000000000000 ) ;
#1283 = AXIS2_PLACEMENT_3D ( 'NONE', #1536, #767, #306 ) ;
#1284 = ORIENTED_EDGE ( 'NONE', *, *, #480, .F. ) ;
#1285 = CARTESIAN_POINT ( 'NONE',  ( 0.8934421203244942156, -0.06549268027077131960, 0.007124367384934596724 ) ) ;
#1286 = VECTOR ( 'NONE', #1395, 1000.000000000000000 ) ;
#1287 = EDGE_CURVE ( 'NONE', #655, #938, #1783, .T. ) ;
#1288 = ADVANCED_FACE ( 'NONE', ( #1211 ), #1169, .T. ) ;
#1289 = EDGE_LOOP ( 'NONE', ( #123, #141, #1948, #247 ) ) ;
#1290 = CARTESIAN_POINT ( 'NONE',  ( -0.8804151086492411071, -0.09822580068930644726, 0.007124367384934599326 ) ) ;
#1291 = CARTESIAN_POINT ( 'NONE',  ( -0.8101906963682919960, 0.1669129839750610744, 0.02856696263359163532 ) ) ;
#1292 = DIRECTION ( 'NONE',  ( 0.000000000000000000, 0.000000000000000000, 1.000000000000000000 ) ) ;
#1293 = PERSON_AND_ORGANIZATION ( #916, #1220 ) ;
#1294 = LINE ( 'NONE', #1131, #988 ) ;
#1295 = ORIENTED_EDGE ( 'NONE', *, *, #1403, .F. ) ;
#1296 = CARTESIAN_POINT ( 'NONE',  ( 0.6432785090901623759, 0.2496331303622955355, 0.01406715213124412264 ) ) ;
#1297 = EDGE_CURVE ( 'NONE', #451, #1070, #1124, .T. ) ;
#1298 = ORIENTED_EDGE ( 'NONE', *, *, #1506, .F. ) ;
#1299 = CARTESIAN_POINT ( 'NONE',  ( -0.6432772058292580697, -0.2498890641163469262, 0.01261996308560004061 ) ) ;
#1300 = CARTESIAN_POINT ( 'NONE',  ( 0.6432785090901623759, 0.2351537945602723556, 0.02856696263359163532 ) ) ;
#1301 = CARTESIAN_POINT ( 'NONE',  ( 0.6760237833070132929, 0.2501554678876471982, 0.009816325143473181997 ) ) ;
#1302 = CARTESIAN_POINT ( 'NONE',  ( 0.7330830848715281789, 0.2168119407534249143, 0.02856696263359163532 ) ) ;
#1303 = EDGE_LOOP ( 'NONE', ( #1814, #903 ) ) ;
#1304 = CARTESIAN_POINT ( 'NONE',  ( -0.6732230383687076714, -0.2287210159856743197, 0.02856696263359163532 ) ) ;
#1305 = B_SPLINE_CURVE_WITH_KNOTS ( 'NONE', 3,
 ( #1266, #1870, #926, #1721, #627, #327, #1858, #182, #1569, #165, #1236, #1080 ),
 .UNSPECIFIED., .F., .F.,
 ( 4, 1, 1, 1, 1, 1, 1, 1, 1, 4 ),
 ( 0.000000000000000000, 0.06250000000000000000, 0.1250000000000000000, 0.2500000000000000000, 0.3750000000000000000, 0.5000000000000000000, 0.6250000000000000000, 0.7500000000000000000, 0.8750000000000000000, 1.000000000000000000 ),
 .UNSPECIFIED. ) ;
#1306 = ORIENTED_EDGE ( 'NONE', *, *, #333, .T. ) ;
#1307 = CARTESIAN_POINT ( 'NONE',  ( 0.8376913726779854352, 1.499619273725937013E-15, 0.007124367384934599326 ) ) ;
#1308 = CARTESIAN_POINT ( 'NONE',  ( -0.7336079802968883401, -0.2180823232187458771, 0.02856696263359163532 ) ) ;
#1309 = CARTESIAN_POINT ( 'NONE',  ( -0.6432772058292580697, -0.1429506349910462382, -0.01431822786372232217 ) ) ;
#1310 = APPROVAL_STATUS ( 'not_yet_approved' ) ;
#1311 = CARTESIAN_POINT ( 'NONE',  ( 0.6432785090901623759, -0.2356638007319835637, 0.02803648176155457486 ) ) ;
#1312 = EDGE_CURVE ( 'NONE', #381, #1199, #396, .T. ) ;
#1313 = ORIENTED_EDGE ( 'NONE', *, *, #1204, .F. ) ;
#1314 = CARTESIAN_POINT ( 'NONE',  ( 0.6432785090901623759, 0.2501554678876126703, 0.009816325143473181997 ) ) ;
#1315 = AXIS2_PLACEMENT_3D ( 'NONE', #1535, #1711, #751 ) ;
#1316 = ORIENTED_EDGE ( 'NONE', *, *, #1251, .F. ) ;
#1317 = CARTESIAN_POINT ( 'NONE',  ( -0.7414977632024024601, -0.2371303408611694086, 0.009816325143473181997 ) ) ;
#1318 = CARTESIAN_POINT ( 'NONE',  ( -0.8092183847729188528, 0.1659406753305380788, 0.02856696263359163532 ) ) ;
#1319 = CARTESIAN_POINT ( 'NONE',  ( 0.6432785090901623759, 0.007147531749553295670, -0.02861329136282700358 ) ) ;
#1320 = AXIS2_PLACEMENT_3D ( 'NONE', #536, #1624, #1170 ) ;
#1321 = COORDINATED_UNIVERSAL_TIME_OFFSET ( 8, 0, .AHEAD. ) ;
#1322 = CARTESIAN_POINT ( 'NONE',  ( 0.8201311848263862503, 0.1768521390078870714, 0.02424866220157087873 ) ) ;
#1323 = B_SPLINE_CURVE_WITH_KNOTS ( 'NONE', 3,
 ( #229, #203, #64, #373, #382, #1165, #361, #1144, #656, #1901, #1304, #964 ),
 .UNSPECIFIED., .F., .F.,
 ( 4, 1, 1, 1, 1, 1, 1, 1, 1, 4 ),
 ( 0.000000000000000000, 0.06250000000000000000, 0.1250000000000000000, 0.2500000000000000000, 0.3750000000000000000, 0.5000000000000000000, 0.6250000000000000000, 0.7500000000000000000, 0.8750000000000000000, 1.000000000000000000 ),
 .UNSPECIFIED. ) ;
#1324 = CARTESIAN_POINT ( 'NONE',  ( 0.6432785090901623759, -0.2501636112343312290, 0.007124367384918931304 ) ) ;
#1325 = CARTESIAN_POINT ( 'NONE',  ( -0.6432772058292580697, 0.2287210159856751246, 0.02856696263359163532 ) ) ;
#1326 = ORIENTED_EDGE ( 'NONE', *, *, #711, .T. ) ;
#1327 = DIRECTION ( 'NONE',  ( 0.000000000000000000, 0.000000000000000000, -1.000000000000000000 ) ) ;
#1328 = DIRECTION ( 'NONE',  ( 1.000000000000000000, 0.000000000000000000, 0.000000000000000000 ) ) ;
#1329 = CARTESIAN_POINT ( 'NONE',  ( -0.5148598480984625247, -0.1929833572379125450, -0.01431822786372232217 ) ) ;
#1330 = EDGE_CURVE ( 'NONE', #1398, #119, #1897, .T. ) ;
#1331 = PLANE ( 'NONE',  #989 ) ;
#1332 = CARTESIAN_POINT ( 'NONE',  ( 0.6745020469908343808, 0.2385302587776305383, 0.02719888038465390415 ) ) ;
#1333 = EDGE_CURVE ( 'NONE', #1658, #1888, #152, .T. ) ;
#1334 = ORIENTED_EDGE ( 'NONE', *, *, #543, .F. ) ;
#1335 = CARTESIAN_POINT ( 'NONE',  ( 0.6432785090901623759, 0.2425623787389585562, 0.02514326700551018992 ) ) ;
#1336 = ORIENTED_EDGE ( 'NONE', *, *, #13, .F. ) ;
#1337 = DIRECTION ( 'NONE',  ( 1.000000000000000000, 0.000000000000000000, 0.000000000000000000 ) ) ;
#1338 = ORIENTED_EDGE ( 'NONE', *, *, #882, .T. ) ;
#1339 = CARTESIAN_POINT ( 'NONE',  ( -0.8142554990100502321, 0.1709777742806198320, 0.02803648176155457486 ) ) ;
#1340 = CARTESIAN_POINT ( 'NONE',  ( 0.7374899988688262686, -0.2274513939006654051, 0.02661953943229761546 ) ) ;
#1341 = CYLINDRICAL_SURFACE ( 'NONE', #189, 0.1929833605181069944 ) ;
#1342 = VERTEX_POINT ( 'NONE', #1309 ) ;
#1343 = LINE ( 'NONE', #1180, #1282 ) ;
#1344 = VERTEX_POINT ( 'NONE', #1329 ) ;
#1345 = CARTESIAN_POINT ( 'NONE',  ( 0.8361417913372903854, -0.006806746486062550255, -0.02861329136282700358 ) ) ;
#1346 = VECTOR ( 'NONE', #305, 1000.000000000000000 ) ;
#1347 = CIRCLE ( 'NONE', #796, 0.01572456984901514365 ) ;
#1348 = CARTESIAN_POINT ( 'NONE',  ( -0.8933839760243436068, 3.960590478933052850E-16, 0.02424866220157087873 ) ) ;
#1349 = AXIS2_PLACEMENT_3D ( 'NONE', #1874, #1405, #621 ) ;
#1350 = CARTESIAN_POINT ( 'NONE',  ( 0.7374899988685580388, 0.2274513939006665153, 0.02661953943229761546 ) ) ;
#1351 = DIRECTION ( 'NONE',  ( 0.000000000000000000, 0.000000000000000000, -1.000000000000000000 ) ) ;
#1352 = EDGE_CURVE ( 'NONE', #1267, #943, #694, .T. ) ;
#1353 = EDGE_LOOP ( 'NONE', ( #250, #1422, #805, #591 ) ) ;
#1354 = CARTESIAN_POINT ( 'NONE',  ( 6.516304518955498965E-07, 0.1429506349910472096, -0.02861329136282700358 ) ) ;
#1355 = EDGE_CURVE ( 'NONE', #753, #202, #1177, .T. ) ;
#1356 = ORIENTED_EDGE ( 'NONE', *, *, #397, .F. ) ;
#1357 = CYLINDRICAL_SURFACE ( 'NONE', #364, 0.02859012699820936282 ) ;
#1358 = CARTESIAN_POINT ( 'NONE',  ( -0.6746859164866367831, -0.2399448744363761599, 0.02661953943229761546 ) ) ;
#1359 = CARTESIAN_POINT ( 'NONE',  ( 0.7409651026921165728, 0.2358412114323200637, 0.01693361017663851109 ) ) ;
#1360 = CARTESIAN_POINT ( 'NONE',  ( -0.7933753725698576842, 1.472444347595945332E-15, 0.007124367384934599326 ) ) ;
#1361 = CARTESIAN_POINT ( 'NONE',  ( -0.8376900694170822392, 1.469760855432824794E-15, -0.01431822786372232217 ) ) ;
#1362 = CARTESIAN_POINT ( 'NONE',  ( 0.6432785090901623759, 0.2342166116863405589, 0.02829241551560703061 ) ) ;
#1363 = ORIENTED_EDGE ( 'NONE', *, *, #1915, .F. ) ;
#1364 = FACE_OUTER_BOUND ( 'NONE', #1466, .T. ) ;
#1365 = FACE_OUTER_BOUND ( 'NONE', #733, .T. ) ;
#1366 = EDGE_CURVE ( 'NONE', #517, #1373, #1961, .T. ) ;
#1367 = CARTESIAN_POINT ( 'NONE',  ( -0.8163351654779174016, 0.1730574344369426587, 0.02719888038465390415 ) ) ;
#1368 = CARTESIAN_POINT ( 'NONE',  ( 0.7401579906450703739, -0.2338926299945590925, 0.02096573013821810549 ) ) ;
#1369 = LINE ( 'NONE', #1655, #1125 ) ;
#1370 = EDGE_CURVE ( 'NONE', #1377, #1427, #368, .T. ) ;
#1371 = CARTESIAN_POINT ( 'NONE',  ( -0.7738592734016243035, -0.2232027042474563905, 0.007124367384934596724 ) ) ;
#1372 = DIRECTION ( 'NONE',  ( 0.000000000000000000, 0.000000000000000000, -1.000000000000000000 ) ) ;
#1373 = VERTEX_POINT ( 'NONE', #1001 ) ;
#1374 = LINE ( 'NONE', #36, #1539 ) ;
#1375 = CARTESIAN_POINT ( 'NONE',  ( -0.7361898359212347698, 1.173661890615763207E-15, -0.02861329136282700358 ) ) ;
#1376 = CIRCLE ( 'NONE', #756, 0.1000707271459376074 ) ;
#1377 = VERTEX_POINT ( 'NONE', #866 ) ;
#1378 = CARTESIAN_POINT ( 'NONE',  ( -0.8652984495539229881, -0.09196427131872116079, 0.02829241551560703061 ) ) ;
#1379 = VECTOR ( 'NONE', #1973, 1000.000000000000000 ) ;
#1380 = AXIS2_PLACEMENT_3D ( 'NONE', #1791, #713, #1337 ) ;
#1381 = DATE_TIME_ROLE ( 'classification_date' ) ;
#1382 = CARTESIAN_POINT ( 'NONE',  ( 0.8222927212810275943, 0.1790136689025039751, 0.02096573013821810549 ) ) ;
#1383 = AXIS2_PLACEMENT_3D ( 'NONE', #1061, #706, #1527 ) ;
#1384 = CIRCLE ( 'NONE', #218, 0.01572456984901514365 ) ;
#1385 = CARTESIAN_POINT ( 'NONE',  ( 6.516304518955498965E-07, -0.1429506349910462382, -0.01431822786372232217 ) ) ;
#1386 = DIRECTION ( 'NONE',  ( 0.000000000000000000, 0.000000000000000000, 1.000000000000000000 ) ) ;
#1387 = DIRECTION ( 'NONE',  ( 1.000000000000000000, 0.000000000000000000, 0.000000000000000000 ) ) ;
#1388 = ORIENTED_EDGE ( 'NONE', *, *, #1915, .T. ) ;
#1389 = CARTESIAN_POINT ( 'NONE',  ( -0.8361404845337796488, 0.006806753863509979255, -0.02861329136282700358 ) ) ;
#1390 = CARTESIAN_POINT ( 'NONE',  ( -0.7361898359212347698, 1.173661890615763207E-15, -0.01431822786372232217 ) ) ;
#1391 = VERTEX_POINT ( 'NONE', #534 ) ;
#1392 = CARTESIAN_POINT ( 'NONE',  ( -0.8801548568585725318, -0.09811800079643485939, 0.01261996308560004061 ) ) ;
#1393 = CARTESIAN_POINT ( 'NONE',  ( 0.7398067347512287117, -0.2330446055884307088, 0.02216396544128384702 ) ) ;
#1394 = ADVANCED_FACE ( 'NONE', ( #1022 ), #1945, .T. ) ;
#1395 = DIRECTION ( 'NONE',  ( 0.000000000000000000, 1.000000000000000000, 0.000000000000000000 ) ) ;
#1396 = FACE_OUTER_BOUND ( 'NONE', #853, .T. ) ;
#1397 = FACE_BOUND ( 'NONE', #1201, .T. ) ;
#1398 = VERTEX_POINT ( 'NONE', #901 ) ;
#1399 = DIRECTION ( 'NONE',  ( 0.000000000000000000, 0.000000000000000000, 1.000000000000000000 ) ) ;
#1400 = FACE_OUTER_BOUND ( 'NONE', #793, .T. ) ;
#1401 = ORIENTED_EDGE ( 'NONE', *, *, #1777, .T. ) ;
#1402 = CARTESIAN_POINT ( 'NONE',  ( -0.8979555481162367903, 4.023408590933376962E-16, 0.01834822583540353380 ) ) ;
#1403 = EDGE_CURVE ( 'NONE', #943, #835, #90, .T. ) ;
#1404 = CARTESIAN_POINT ( 'NONE',  ( 0.7413944662034086530, 0.2368778082356678139, 0.01261996308560004061 ) ) ;
#1405 = DIRECTION ( 'NONE',  ( 0.000000000000000000, 0.000000000000000000, 1.000000000000000000 ) ) ;
#1406 = DIRECTION ( 'NONE',  ( 0.000000000000000000, 0.000000000000000000, -1.000000000000000000 ) ) ;
#1407 = ORIENTED_EDGE ( 'NONE', *, *, #816, .F. ) ;
#1408 = DIRECTION ( 'NONE',  ( 0.000000000000000000, 0.000000000000000000, -1.000000000000000000 ) ) ;
#1409 = DIRECTION ( 'NONE',  ( -1.000000000000000000, 0.000000000000000000, 0.000000000000000000 ) ) ;
#1410 = ORIENTED_EDGE ( 'NONE', *, *, #562, .T. ) ;
#1411 = CARTESIAN_POINT ( 'NONE',  ( -0.8237828022119099147, 0.1805050485681738703, 0.01693361017663851109 ) ) ;
#1412 = CARTESIAN_POINT ( 'NONE',  ( 0.6432785090901623759, 0.2501554678876126703, 0.009816325143473181997 ) ) ;
#1413 = CIRCLE ( 'NONE', #1315, 0.01572456984901514365 ) ;
#1414 = CARTESIAN_POINT ( 'NONE',  ( -0.6477355792424075442, 0.007081303493390823586, -0.01431822786372232217 ) ) ;
#1415 = AXIS2_PLACEMENT_3D ( 'NONE', #1718, #1372, #622 ) ;
#1416 = CARTESIAN_POINT ( 'NONE',  ( -0.8934408170635897983, 0.06549268027077281840, 0.007124367384934594989 ) ) ;
#1417 = ORIENTED_EDGE ( 'NONE', *, *, #937, .F. ) ;
#1418 = CARTESIAN_POINT ( 'NONE',  ( 6.516304518955498965E-07, -0.1429506349910462382, -0.02861329136282700358 ) ) ;
#1419 = CARTESIAN_POINT ( 'NONE',  ( 6.516304518955498965E-07, 0.1929833572379136830, -0.02861329136282700358 ) ) ;
#1420 = ADVANCED_FACE ( 'NONE', ( #105 ), #1623, .T. ) ;
#1421 = ADVANCED_FACE ( 'NONE', ( #1840 ), #1615, .F. ) ;
#1422 = ORIENTED_EDGE ( 'NONE', *, *, #1756, .F. ) ;
#1423 = CARTESIAN_POINT ( 'NONE',  ( -0.7412926736102837255, -0.2366352004731784309, 0.01406715213124412264 ) ) ;
#1424 = CARTESIAN_POINT ( 'NONE',  ( 0.6432785090901623759, -0.2480193517102174672, 0.02141943088403928941 ) ) ;
#1425 = DIRECTION ( 'NONE',  ( 1.000000000000000000, 0.000000000000000000, 0.000000000000000000 ) ) ;
#1426 = CARTESIAN_POINT ( 'NONE',  ( -0.5576656340087267072, -0.2287210159856743197, 0.02856696263359163532 ) ) ;
#1427 = VERTEX_POINT ( 'NONE', #1375 ) ;
#1428 = DIRECTION ( 'NONE',  ( 0.000000000000000000, 0.000000000000000000, -1.000000000000000000 ) ) ;
#1429 = EDGE_LOOP ( 'NONE', ( #1407, #204, #750, #1363 ) ) ;
#1430 = CARTESIAN_POINT ( 'NONE',  ( -0.8233624800118609643, -0.1800847276437240740, 0.01834822583540353380 ) ) ;
#1431 = CC_DESIGN_DATE_AND_TIME_ASSIGNMENT ( #1464, #1485, ( #1004 ) ) ;
#1432 = CARTESIAN_POINT ( 'NONE',  ( -0.4576795941020425085, -0.2351537945610233382, 0.02856696263359163532 ) ) ;
#1433 = CARTESIAN_POINT ( 'NONE',  ( 0.8804164119101283159, 0.09822580068930629460, 0.008464529587975716876 ) ) ;
#1434 = CARTESIAN_POINT ( 'NONE',  ( -0.8219654995680670817, 1.469760855432824794E-15, -0.01431822786372232217 ) ) ;
#1435 = CARTESIAN_POINT ( 'NONE',  ( 0.8219668028289703887, 1.472444347595945332E-15, 0.007124367384934599326 ) ) ;
#1436 = ADVANCED_FACE ( 'NONE', ( #1645, #1365 ), #1991, .T. ) ;
#1437 = ORIENTED_EDGE ( 'NONE', *, *, #992, .F. ) ;
#1438 = CARTESIAN_POINT ( 'NONE',  ( -0.5148598480984625247, -0.2287210159856390701, 0.02856696263359163532 ) ) ;
#1439 = ORIENTED_EDGE ( 'NONE', *, *, #636, .F. ) ;
#1440 = CYLINDRICAL_SURFACE ( 'NONE', #1604, 0.2501636112343317841 ) ;
#1441 = FACE_OUTER_BOUND ( 'NONE', #1489, .T. ) ;
#1442 = CARTESIAN_POINT ( 'NONE',  ( 0.8999549745316716143, 1.282587277055160250E-15, 0.007124367384934599326 ) ) ;
#1443 = EDGE_CURVE ( 'NONE', #721, #605, #1305, .T. ) ;
#1444 = SECURITY_CLASSIFICATION_LEVEL ( 'unclassified' ) ;
#1445 = DIRECTION ( 'NONE',  ( 1.000000000000000000, 1.931045980128359922E-16, 0.000000000000000000 ) ) ;
#1446 = AXIS2_PLACEMENT_3D ( 'NONE', #1193, #1200, #1815 ) ;
#1447 = APPLICATION_CONTEXT ( 'configuration controlled 3d designs of mechanical parts and assemblies' ) ;
#1448 = AXIS2_PLACEMENT_3D ( 'NONE', #1319, #430, #140 ) ;
#1449 = VERTEX_POINT ( 'NONE', #1699 ) ;
#1450 = DIRECTION ( 'NONE',  ( 1.000000000000000000, 0.000000000000000000, 0.000000000000000000 ) ) ;
#1451 = VECTOR ( 'NONE', #931, 1000.000000000000000 ) ;
#1452 = VERTEX_POINT ( 'NONE', #37 ) ;
#1453 = CARTESIAN_POINT ( 'NONE',  ( -0.6432772058292580697, -0.2501554678876118376, 0.009816325143473181997 ) ) ;
#1454 = EDGE_CURVE ( 'NONE', #1517, #1398, #1712, .T. ) ;
#1455 = CARTESIAN_POINT ( 'NONE',  ( -0.8807148725822157020, 3.870327560718995110E-16, 0.02855881928687214674 ) ) ;
#1456 = CARTESIAN_POINT ( 'NONE',  ( 0.6432785090901623759, -0.2501636112350829610, 0.01034075667223320096 ) ) ;
#1457 = CARTESIAN_POINT ( 'NONE',  ( 0.8626420968169008496, -0.09086343342967526104, 0.02855881928687214674 ) ) ;
#1458 = ORIENTED_EDGE ( 'NONE', *, *, #1053, .T. ) ;
#1459 = FACE_OUTER_BOUND ( 'NONE', #827, .T. ) ;
#1460 = ORIENTED_EDGE ( 'NONE', *, *, #995, .F. ) ;
#1461 = CARTESIAN_POINT ( 'NONE',  ( -0.8999536712707646435, 4.149044814934024691E-16, 0.007124367384934599326 ) ) ;
#1462 = CARTESIAN_POINT ( 'NONE',  ( -0.6432772058292580697, -0.2314129737442127965, 0.02855881928687214674 ) ) ;
#1463 = DIRECTION ( 'NONE',  ( 1.000000000000000000, 0.000000000000000000, 0.000000000000000000 ) ) ;
#1464 = DATE_AND_TIME ( #1616, #1582 ) ;
#1465 = DIRECTION ( 'NONE',  ( 0.000000000000000000, 0.000000000000000000, 1.000000000000000000 ) ) ;
#1466 = EDGE_LOOP ( 'NONE', ( #1152, #647, #1401, #1338 ) ) ;
#1467 = CARTESIAN_POINT ( 'NONE',  ( -0.5148598480984616366, -0.2501636112341268370, 0.01034075667223320096 ) ) ;
#1468 = ORIENTED_EDGE ( 'NONE', *, *, #194, .F. ) ;
#1469 = CARTESIAN_POINT ( 'NONE',  ( -0.6432772058292580697, -0.2399448744361432628, 0.02661953943229761546 ) ) ;
#1470 = CARTESIAN_POINT ( 'NONE',  ( -0.6432772058292580697, 0.2501636112343324503, 0.007124367384927562420 ) ) ;
#1471 = DIRECTION ( 'NONE',  ( 0.000000000000000000, 0.000000000000000000, -1.000000000000000000 ) ) ;
#1472 = CALENDAR_DATE ( 2026, 29, 6 ) ;
#1473 = CARTESIAN_POINT ( 'NONE',  ( 0.8743468108260508131, 0.09571168793356332749, 0.02424866220156954646 ) ) ;
#1474 = AXIS2_PLACEMENT_3D ( 'NONE', #1963, #1679, #1809 ) ;
#1475 = CARTESIAN_POINT ( 'NONE',  ( -0.8361404845337796488, -0.006806753863507130839, -0.02861329136282700358 ) ) ;
#1476 = CARTESIAN_POINT ( 'NONE',  ( 0.6432785090901623759, 0.2287210159856751246, 0.02856696263359163532 ) ) ;
#1477 = AXIS2_PLACEMENT_3D ( 'NONE', #71, #1769, #1450 ) ;
#1478 = VERTEX_POINT ( 'NONE', #1558 ) ;
#1479 = CARTESIAN_POINT ( 'NONE',  ( -0.6432772058292580697, -0.2501636112343312290, 0.007124367384934599326 ) ) ;
#1480 = VECTOR ( 'NONE', #1633, 1000.000000000000000 ) ;
#1481 = EDGE_CURVE ( 'NONE', #1478, #1452, #1034, .T. ) ;
#1482 = CARTESIAN_POINT ( 'NONE',  ( -0.7330817816106698359, -0.2168119407534237764, 0.02856696263359163532 ) ) ;
#1483 = CARTESIAN_POINT ( 'NONE',  ( 0.7722078791521086449, 0.06970737827133423326, -0.02861329136282700358 ) ) ;
#1484 = CC_DESIGN_APPROVAL ( #1639, ( #1931 ) ) ;
#1485 = DATE_TIME_ROLE ( 'creation_date' ) ;
#1486 = CARTESIAN_POINT ( 'NONE',  ( 0.6739373919062255913, 0.2342166116865908032, 0.02829241551560703061 ) ) ;
#1487 = CARTESIAN_POINT ( 'NONE',  ( -0.4576795941020425085, -0.2501636112350829610, 0.01034075667223320096 ) ) ;
#1488 = CARTESIAN_POINT ( 'NONE',  ( 0.6432785090901623759, 0.1429506349910472096, -0.01431822786372232217 ) ) ;
#1489 = EDGE_LOOP ( 'NONE', ( #1105, #1043, #1468, #1273, #1939 ) ) ;
#1490 = FACE_OUTER_BOUND ( 'NONE', #14, .T. ) ;
#1491 = B_SPLINE_CURVE_WITH_KNOTS ( 'NONE', 3,
 ( #56, #212, #1453, #1299, #376, #1912, #1760, #363, #1621, #231, #846, #1469, #532, #84, #1167, #1008, #1631, #1826 ),
 .UNSPECIFIED., .F., .F.,
 ( 4, 2, 2, 2, 2, 2, 2, 2, 4 ),
 ( 0.000000000000000000, 0.1250000000000000000, 0.2500000000000000000, 0.3750000000000000000, 0.5000000000000000000, 0.6250000000000000000, 0.7500000000000000000, 0.8750000000000000000, 1.000000000000000000 ),
 .UNSPECIFIED. ) ;
#1492 = CARTESIAN_POINT ( 'NONE',  ( -0.6750285469986987419, 0.2425623787391547326, 0.02514326700551018992 ) ) ;
#1493 = DIRECTION ( 'NONE',  ( 0.000000000000000000, 0.000000000000000000, 1.000000000000000000 ) ) ;
#1494 = CARTESIAN_POINT ( 'NONE',  ( 0.6432785090901623759, 0.2356638007319847017, 0.02803648176155457486 ) ) ;
#1495 = DIRECTION ( 'NONE',  ( 0.000000000000000000, 0.000000000000000000, 1.000000000000000000 ) ) ;
#1496 = DIRECTION ( 'NONE',  ( 1.000000000000000000, 0.000000000000000000, 0.000000000000000000 ) ) ;
#1497 = CARTESIAN_POINT ( 'NONE',  ( 0.6432785090901623759, 0.2399448744361440122, 0.02661953943229761546 ) ) ;
#1498 = VERTEX_POINT ( 'NONE', #1730 ) ;
#1499 = DIRECTION ( 'NONE',  ( 0.000000000000000000, 0.000000000000000000, 1.000000000000000000 ) ) ;
#1500 = CARTESIAN_POINT ( 'NONE',  ( -0.6432772058292580697, -0.2342166116863394487, 0.02829241551560703061 ) ) ;
#1501 = CARTESIAN_POINT ( 'NONE',  ( 0.8732109661464535488, -0.09524120535027709444, 0.02514326700551018992 ) ) ;
#1502 = EDGE_CURVE ( 'NONE', #550, #43, #471, .T. ) ;
#1503 = PLANE ( 'NONE',  #1996 ) ;
#1504 = VERTEX_POINT ( 'NONE', #1112 ) ;
#1505 = PLANE ( 'NONE',  #57 ) ;
#1506 = EDGE_CURVE ( 'NONE', #43, #564, #151, .T. ) ;
#1507 = ORIENTED_EDGE ( 'NONE', *, *, #686, .F. ) ;
#1508 = DIRECTION ( 'NONE',  ( 0.000000000000000000, 0.000000000000000000, -1.000000000000000000 ) ) ;
#1509 = VECTOR ( 'NONE', #871, 1000.000000000000000 ) ;
#1510 = VECTOR ( 'NONE', #1261, 1000.000000000000000 ) ;
#1511 = CARTESIAN_POINT ( 'NONE',  ( -0.7389869002005010623, -0.2310684550867602993, 0.02424866220157087873 ) ) ;
#1512 = CIRCLE ( 'NONE', #697, 0.01572456984901514365 ) ;
#1513 = CARTESIAN_POINT ( 'NONE',  ( 0.6432785090901623759, 0.2342166116863405589, 0.02829241551560703061 ) ) ;
#1514 = LINE ( 'NONE', #1055, #249 ) ;
#1515 = CARTESIAN_POINT ( 'NONE',  ( -0.6432772058292580697, 0.2501636112343324503, 0.01355714595953168809 ) ) ;
#1516 = DIRECTION ( 'NONE',  ( -1.000000000000000000, 0.000000000000000000, 0.000000000000000000 ) ) ;
#1517 = VERTEX_POINT ( 'NONE', #912 ) ;
#1518 = CARTESIAN_POINT ( 'NONE',  ( -0.5148598480984625247, -0.2501636112343312290, 0.007124367384934599326 ) ) ;
#1519 = CARTESIAN_POINT ( 'NONE',  ( -0.6432772058292580697, 0.2385302587773792393, 0.02719888038465390415 ) ) ;
#1520 = EDGE_CURVE ( 'NONE', #38, #1591, #1023, .T. ) ;
#1521 = CARTESIAN_POINT ( 'NONE',  ( 0.6432785090901623759, 0.2458453108023117006, 0.02216396544128384702 ) ) ;
#1522 = CARTESIAN_POINT ( 'NONE',  ( 0.6432785090901623759, 3.600148690659348656E-16, -0.02861329136282700358 ) ) ;
#1523 = DIRECTION ( 'NONE',  ( 0.000000000000000000, 0.000000000000000000, 1.000000000000000000 ) ) ;
#1524 = DIRECTION ( 'NONE',  ( 1.000000000000000000, 0.000000000000000000, 0.000000000000000000 ) ) ;
#1525 = ORIENTED_EDGE ( 'NONE', *, *, #158, .T. ) ;
#1526 = DIRECTION ( 'NONE',  ( 1.000000000000000000, 0.000000000000000000, 0.000000000000000000 ) ) ;
#1527 = DIRECTION ( 'NONE',  ( 1.000000000000000000, 1.927470528863119788E-16, 0.000000000000000000 ) ) ;
#1528 = ORIENTED_EDGE ( 'NONE', *, *, #1120, .T. ) ;
#1529 = CARTESIAN_POINT ( 'NONE',  ( -0.8693874904005473025, 0.09365800861855648474, 0.02719888038465390415 ) ) ;
#1530 = CARTESIAN_POINT ( 'NONE',  ( 0.8763229600162356636, -0.09653023627264269158, 0.02216396544128384702 ) ) ;
#1531 = DIRECTION ( 'NONE',  ( 0.000000000000000000, -1.000000000000000000, 0.000000000000000000 ) ) ;
#1532 = FACE_OUTER_BOUND ( 'NONE', #1194, .T. ) ;
#1533 = PLANE ( 'NONE',  #829 ) ;
#1534 = ORIENTED_EDGE ( 'NONE', *, *, #1352, .F. ) ;
#1535 = CARTESIAN_POINT ( 'NONE',  ( 0.8219668028289703887, 1.497693569312580527E-15, -0.01431822786372232217 ) ) ;
#1536 = CARTESIAN_POINT ( 'NONE',  ( -0.8219654995680670817, 1.469760855432824794E-15, -0.02861329136282700358 ) ) ;
#1537 = VERTEX_POINT ( 'NONE', #1390 ) ;
#1538 = CARTESIAN_POINT ( 'NONE',  ( -0.8237828022119423332, -0.1805050485681743977, 0.01693361017663851109 ) ) ;
#1539 = VECTOR ( 'NONE', #925, 1000.000000000000000 ) ;
#1540 = ADVANCED_FACE ( 'NONE', ( #6 ), #450, .T. ) ;
#1541 = B_SPLINE_CURVE_WITH_KNOTS ( 'NONE', 3,
 ( #530, #1747, #1887, #500, #1619, #1285, #1779, #812, #678, #53 ),
 .UNSPECIFIED., .F., .F.,
 ( 4, 2, 2, 2, 4 ),
 ( 0.000000000000000000, 0.2500000000000000000, 0.5000000000000000000, 0.7500000000000000000, 1.000000000000000000 ),
 .UNSPECIFIED. ) ;
#1542 = CARTESIAN_POINT ( 'NONE',  ( 0.8785703886153012343, 0.09746115229666035829, 0.01834822583540353380 ) ) ;
#1543 = VECTOR ( 'NONE', #444, 1000.000000000000000 ) ;
#1544 = DIRECTION ( 'NONE',  ( 0.000000000000000000, 0.000000000000000000, 1.000000000000000000 ) ) ;
#1545 = CARTESIAN_POINT ( 'NONE',  ( -0.7087698861000306660, -0.2501636112343315066, 0.007124367384934594989 ) ) ;
#1546 = CARTESIAN_POINT ( 'NONE',  ( 0.8219668028289703887, 1.497693569312580527E-15, 0.007124367384934599326 ) ) ;
#1547 = ORIENTED_EDGE ( 'NONE', *, *, #578, .T. ) ;
#1548 = DIRECTION ( 'NONE',  ( 0.000000000000000000, 0.000000000000000000, 1.000000000000000000 ) ) ;
#1549 = CARTESIAN_POINT ( 'NONE',  ( 6.516304518955498965E-07, 0.1429506349910472096, -0.01431822786372232217 ) ) ;
#1550 = EDGE_LOOP ( 'NONE', ( #1738, #238, #1164, #702 ) ) ;
#1551 = CARTESIAN_POINT ( 'NONE',  ( -0.8771696805986608503, 0.09688149948288475588, 0.02096573013821810549 ) ) ;
#1552 = CARTESIAN_POINT ( 'NONE',  ( 0.6759889111340381396, -0.2498890641164095983, 0.01261996308560004061 ) ) ;
#1553 = DIRECTION ( 'NONE',  ( 0.000000000000000000, 0.000000000000000000, 1.000000000000000000 ) ) ;
#1554 = CARTESIAN_POINT ( 'NONE',  ( 0.6432785090901623759, -0.1429506349910462382, -0.02861329136282700358 ) ) ;
#1555 = LINE ( 'NONE', #1836, #554 ) ;
#1556 = ORIENTED_EDGE ( 'NONE', *, *, #1352, .T. ) ;
#1557 = CARTESIAN_POINT ( 'NONE',  ( 0.8376913726779854352, 1.499619273725937013E-15, 0.02856696263359163532 ) ) ;
#1558 = CARTESIAN_POINT ( 'NONE',  ( -0.4576795941020425085, -0.2501636112343312290, 0.007124367384934599326 ) ) ;
#1559 = VERTEX_POINT ( 'NONE', #1849 ) ;
#1560 = CARTESIAN_POINT ( 'NONE',  ( -0.7412926736103638836, 0.2366352004731805958, 0.01406715213124412264 ) ) ;
#1561 = DATE_AND_TIME ( #1682, #1965 ) ;
#1562 = CARTESIAN_POINT ( 'NONE',  ( 0.8785703886153211073, -0.09746115229666157953, 0.01834822583540353380 ) ) ;
#1563 = DIRECTION ( 'NONE',  ( 0.000000000000000000, 0.000000000000000000, 1.000000000000000000 ) ) ;
#1564 = CARTESIAN_POINT ( 'NONE',  ( -0.4862697211002529607, -0.1786882937388078740, 0.02856696263359163532 ) ) ;
#1565 = EDGE_CURVE ( 'NONE', #1559, #938, #617, .T. ) ;
#1566 = ADVANCED_FACE ( 'NONE', ( #1400 ), #461, .F. ) ;
#1567 = ORIENTED_EDGE ( 'NONE', *, *, #1668, .T. ) ;
#1568 = DIRECTION ( 'NONE',  ( 0.000000000000000000, 0.000000000000000000, 1.000000000000000000 ) ) ;
#1569 = CARTESIAN_POINT ( 'NONE',  ( 0.8092203985605797012, 0.1659405711699568631, 0.02856696263359163532 ) ) ;
#1570 = EDGE_CURVE ( 'NONE', #23, #655, #25, .T. ) ;
#1571 = ORIENTED_EDGE ( 'NONE', *, *, #1937, .T. ) ;
#1572 = CARTESIAN_POINT ( 'NONE',  ( -0.6759541062233456188, -0.2496331303623714193, 0.01406715213124412264 ) ) ;
#1573 = CIRCLE ( 'NONE', #1119, 0.1929833572379131001 ) ;
#1574 = CARTESIAN_POINT ( 'NONE',  ( 0.6432785090901623759, -0.2430160794855308892, 0.02642270310872596104 ) ) ;
#1575 = VECTOR ( 'NONE', #616, 1000.000000000000000 ) ;
#1576 = CARTESIAN_POINT ( 'NONE',  ( -0.5148598480984625247, -0.2501636112343312290, -0.01431822786372232217 ) ) ;
#1577 = AXIS2_PLACEMENT_3D ( 'NONE', #774, #1406, #284 ) ;
#1578 = CARTESIAN_POINT ( 'NONE',  ( -0.6004714199189937762, -0.2287210159856743197, 0.02856696263359163532 ) ) ;
#1579 = CIRCLE ( 'NONE', #1349, 0.01572456984901514365 ) ;
#1580 = ORIENTED_EDGE ( 'NONE', *, *, #977, .T. ) ;
#1581 = CARTESIAN_POINT ( 'NONE',  ( 0.6432785090901623759, -0.2287210159856743197, 0.02856696263359163532 ) ) ;
#1582 = LOCAL_TIME ( 15, 10, 42.00000000000000000, #1744 ) ;
#1583 = ORIENTED_EDGE ( 'NONE', *, *, #1403, .T. ) ;
#1584 = CARTESIAN_POINT ( 'NONE',  ( -0.6432772058292580697, 0.2498890641163477033, 0.01261996308560004061 ) ) ;
#1585 = DIRECTION ( 'NONE',  ( 0.000000000000000000, 0.000000000000000000, -1.000000000000000000 ) ) ;
#1586 = ADVANCED_FACE ( 'NONE', ( #282 ), #1341, .T. ) ;
#1587 = CARTESIAN_POINT ( 'NONE',  ( -0.8934408170635899094, 3.618445228135171404E-16, -0.01431822786372232217 ) ) ;
#1588 = CARTESIAN_POINT ( 'NONE',  ( 0.6432785090901623759, -0.2314129737442127965, 0.02855881928687214674 ) ) ;
#1589 = ORIENTED_EDGE ( 'NONE', *, *, #1611, .T. ) ;
#1590 = LINE ( 'NONE', #81, #1862 ) ;
#1591 = VERTEX_POINT ( 'NONE', #435 ) ;
#1592 = CARTESIAN_POINT ( 'NONE',  ( -0.6432772058292580697, -0.2498890641163469262, 0.01261996308560004061 ) ) ;
#1593 = EDGE_CURVE ( 'NONE', #927, #1877, #262, .T. ) ;
#1594 = CARTESIAN_POINT ( 'NONE',  ( -0.7336079802969351915, 0.2180823232187470151, 0.02856696263359163532 ) ) ;
#1595 = CARTESIAN_POINT ( 'NONE',  ( 0.6432785090901623759, -0.2501554678876118376, 0.009816325143473181997 ) ) ;
#1596 = PERSON_AND_ORGANIZATION ( #916, #1220 ) ;
#1597 = CARTESIAN_POINT ( 'NONE',  ( 6.516304518955498965E-07, -0.2501636112343312290, 0.02856696263359163532 ) ) ;
#1598 = ORIENTED_EDGE ( 'NONE', *, *, #1147, .T. ) ;
#1599 = CARTESIAN_POINT ( 'NONE',  ( -0.5148598480984616366, -0.2480193517092666722, 0.02141943088401786904 ) ) ;
#1600 = ORIENTED_EDGE ( 'NONE', *, *, #1883, .T. ) ;
#1601 = CARTESIAN_POINT ( 'NONE',  ( -0.7721709910823466583, -0.07685491002088437607, -0.02861329136282700358 ) ) ;
#1602 = CARTESIAN_POINT ( 'NONE',  ( -0.8600890026932376253, -0.08980644634450701824, 0.02856696263359163532 ) ) ;
#1603 = CARTESIAN_POINT ( 'NONE',  ( 0.6432785090901623759, 0.2498890641163477033, 0.01261996308560004061 ) ) ;
#1604 = AXIS2_PLACEMENT_3D ( 'NONE', #1772, #987, #828 ) ;
#1605 = DATE_AND_TIME ( #980, #664 ) ;
#1606 = CARTESIAN_POINT ( 'NONE',  ( 0.6732180201102367922, 0.2287210159857280267, 0.02856696263359163532 ) ) ;
#1607 = CIRCLE ( 'NONE', #762, 0.02859012699820936282 ) ;
#1608 = EDGE_LOOP ( 'NONE', ( #803, #26, #1942, #1102, #180, #1731 ) ) ;
#1609 = DIRECTION ( 'NONE',  ( 1.000000000000000000, 0.000000000000000000, 0.000000000000000000 ) ) ;
#1610 = CIRCLE ( 'NONE', #729, 0.1000707271459376074 ) ;
#1611 = EDGE_CURVE ( 'NONE', #1342, #1952, #877, .T. ) ;
#1612 = ORIENTED_EDGE ( 'NONE', *, *, #667, .F. ) ;
#1613 = CARTESIAN_POINT ( 'NONE',  ( -0.6432772058292580697, 0.2501554678876126703, 0.009816325143473181997 ) ) ;
#1614 = CARTESIAN_POINT ( 'NONE',  ( -0.6735690932962768995, -0.2314129737443927637, 0.02855881928687214674 ) ) ;
#1615 = CYLINDRICAL_SURFACE ( 'NONE', #886, 0.01572456984901514365 ) ;
#1616 = CALENDAR_DATE ( 2026, 29, 6 ) ;
#1617 = CARTESIAN_POINT ( 'NONE',  ( 0.8111727514293649577, -0.1678937327987884975, 0.02855881928687214674 ) ) ;
#1618 = VERTEX_POINT ( 'NONE', #746 ) ;
#1619 = CARTESIAN_POINT ( 'NONE',  ( 0.8934421203244942156, 0.06549268027077374821, 0.007124367384934595857 ) ) ;
#1620 = ORIENTED_EDGE ( 'NONE', *, *, #1333, .F. ) ;
#1621 = CARTESIAN_POINT ( 'NONE',  ( -0.6432772058292580697, -0.2458453108023105071, 0.02216396544128384702 ) ) ;
#1622 = DIRECTION ( 'NONE',  ( 1.000000000000000000, 0.000000000000000000, 0.000000000000000000 ) ) ;
#1623 = PLANE ( 'NONE',  #1383 ) ;
#1624 = DIRECTION ( 'NONE',  ( 0.000000000000000000, 0.000000000000000000, 1.000000000000000000 ) ) ;
#1625 = CARTESIAN_POINT ( 'NONE',  ( 0.6741268285090973311, -0.2356638007322452988, 0.02803648176155457486 ) ) ;
#1626 = EDGE_LOOP ( 'NONE', ( #983, #784, #1768, #499 ) ) ;
#1627 = CYLINDRICAL_SURFACE ( 'NONE', #245, 0.1500981667405990594 ) ;
#1628 = ADVANCED_FACE ( 'NONE', ( #869 ), #1503, .F. ) ;
#1629 = PRODUCT ( '008732', '008732', '', ( #387 ) ) ;
#1630 = VERTEX_POINT ( 'NONE', #290 ) ;
#1631 = CARTESIAN_POINT ( 'NONE',  ( -0.6432772058292580697, -0.2300611781887155760, 0.02856696263359163532 ) ) ;
#1632 = CARTESIAN_POINT ( 'NONE',  ( -0.8613593843154879748, -0.09033265599105491650, 0.02856696263359163532 ) ) ;
#1633 = DIRECTION ( 'NONE',  ( 0.000000000000000000, 0.000000000000000000, 1.000000000000000000 ) ) ;
#1634 = CARTESIAN_POINT ( 'NONE',  ( 0.6432785090901623759, 0.2437606140420244816, 0.02424866220157087873 ) ) ;
#1635 = AXIS2_PLACEMENT_3D ( 'NONE', #1943, #124, #405 ) ;
#1636 = CARTESIAN_POINT ( 'NONE',  ( -0.4576795941020425085, -0.2501636112343312290, 0.007124367384934599326 ) ) ;
#1637 = PLANE ( 'NONE',  #1185 ) ;
#1638 = AXIS2_PLACEMENT_3D ( 'NONE', #1990, #785, #164 ) ;
#1639 = APPROVAL ( #1310, '未' ) ;
#1640 = ORIENTED_EDGE ( 'NONE', *, *, #77, .F. ) ;
#1641 = DIRECTION ( 'NONE',  ( 1.000000000000000000, 0.000000000000000000, 0.000000000000000000 ) ) ;
#1642 = AXIS2_PLACEMENT_3D ( 'NONE', #950, #1898, #961 ) ;
#1643 = VECTOR ( 'NONE', #1553, 1000.000000000000000 ) ;
#1644 = CARTESIAN_POINT ( 'NONE',  ( -0.8707284487795826644, -0.09421345213435648736, 0.02661953943229761546 ) ) ;
#1645 = FACE_BOUND ( 'NONE', #1247, .T. ) ;
#1646 = APPROVAL_PERSON_ORGANIZATION ( #1002, #310, #98 ) ;
#1647 = CARTESIAN_POINT ( 'NONE',  ( 0.8192618437297514156, -0.1759828005496859027, 0.02514326700551018992 ) ) ;
#1648 = CARTESIAN_POINT ( 'NONE',  ( 0.6432785090901623759, -0.2480193517102174672, 0.02141943088403928941 ) ) ;
#1649 = CARTESIAN_POINT ( 'NONE',  ( -0.2144253008561180229, 0.2501636112343324503, 0.007124367384934599326 ) ) ;
#1650 = ORIENTED_EDGE ( 'NONE', *, *, #1181, .T. ) ;
#1651 = CYLINDRICAL_SURFACE ( 'NONE', #1380, 0.1000707271459376074 ) ;
#1652 = CARTESIAN_POINT ( 'NONE',  ( -0.6741255252485055527, -0.2356638007322467143, 0.02803648176155457486 ) ) ;
#1653 = EDGE_CURVE ( 'NONE', #404, #328, #1369, .T. ) ;
#1654 = CARTESIAN_POINT ( 'NONE',  ( 0.6432785090901623759, 0.2385302587773792393, 0.02719888038465390415 ) ) ;
#1655 = CARTESIAN_POINT ( 'NONE',  ( 6.516304518459539999E-07, 0.2501636112343324503, -0.01431822786372232217 ) ) ;
#1656 = ORIENTED_EDGE ( 'NONE', *, *, #1454, .T. ) ;
#1657 = CARTESIAN_POINT ( 'NONE',  ( 0.6432785090901623759, 0.2501636112343324503, 0.007124367384934599326 ) ) ;
#1658 = VERTEX_POINT ( 'NONE', #730 ) ;
#1659 = CARTESIAN_POINT ( 'NONE',  ( -0.6432772058292580697, -0.2319374052729027691, 0.02856696263359163532 ) ) ;
#1660 = ADVANCED_FACE ( 'NONE', ( #907 ), #1075, .F. ) ;
#1661 = CARTESIAN_POINT ( 'NONE',  ( -0.8173614943841381875, 0.1740837602283720198, 0.02661953943229761546 ) ) ;
#1662 = CC_DESIGN_PERSON_AND_ORGANIZATION_ASSIGNMENT ( #217, #696, ( #1004 ) ) ;
#1663 = CARTESIAN_POINT ( 'NONE',  ( 0.6432785090901623759, -0.2437606140420233714, 0.02424866220157087873 ) ) ;
#1664 = DIRECTION ( 'NONE',  ( 0.000000000000000000, 0.000000000000000000, -1.000000000000000000 ) ) ;
#1665 = CARTESIAN_POINT ( 'NONE',  ( -0.8219654995680670817, 1.472444347595945332E-15, 0.007124367384934599326 ) ) ;
#1666 = CARTESIAN_POINT ( 'NONE',  ( 0.6432785090901623759, 0.2501636112343324503, 0.007124367384934599326 ) ) ;
#1667 = VECTOR ( 'NONE', #2, 1000.000000000000000 ) ;
#1668 = EDGE_CURVE ( 'NONE', #655, #1267, #923, .T. ) ;
#1669 = ORIENTED_EDGE ( 'NONE', *, *, #1799, .T. ) ;
#1670 = CARTESIAN_POINT ( 'NONE',  ( -0.5148598480984625247, -0.2319374052729027691, 0.02856696263359163532 ) ) ;
#1671 = CIRCLE ( 'NONE', #1829, 0.02859012699820936282 ) ;
#1672 = VECTOR ( 'NONE', #1445, 1000.000000000000000 ) ;
#1673 = CARTESIAN_POINT ( 'NONE',  ( -0.6746859164863262537, 0.2399448744363769370, 0.02661953943229761546 ) ) ;
#1674 = CARTESIAN_POINT ( 'NONE',  ( 0.8979568513771454263, 1.310459002476663109E-15, 0.01834822583540353380 ) ) ;
#1675 = CARTESIAN_POINT ( 'NONE',  ( 0.6432785090901623759, -0.2501636112343312290, 0.02856696263359163532 ) ) ;
#1676 = CARTESIAN_POINT ( 'NONE',  ( -0.8664799100767152096, -0.1305820675723645130, 0.007124367384934594989 ) ) ;
#1677 = DIRECTION ( 'NONE',  ( 0.000000000000000000, 0.000000000000000000, 1.000000000000000000 ) ) ;
#1678 = ORIENTED_EDGE ( 'NONE', *, *, #275, .F. ) ;
#1679 = DIRECTION ( 'NONE',  ( 0.000000000000000000, 0.000000000000000000, -1.000000000000000000 ) ) ;
#1680 = DIRECTION ( 'NONE',  ( 1.931045980128359922E-16, -1.000000000000000000, 0.000000000000000000 ) ) ;
#1681 = CARTESIAN_POINT ( 'NONE',  ( -0.6432772058292580697, -0.2399448744361432628, 0.02661953943229761546 ) ) ;
#1682 = CALENDAR_DATE ( 2026, 29, 6 ) ;
#1683 = CARTESIAN_POINT ( 'NONE',  ( 0.7409651026924360950, -0.2358412114323189257, 0.01693361017663851109 ) ) ;
#1684 = LINE ( 'NONE', #144, #830 ) ;
#1685 = LINE ( 'NONE', #1554, #395 ) ;
#1686 = CARTESIAN_POINT ( 'NONE',  ( -0.09069355970464121341, -0.2287210159856826186, 0.02856696263359163532 ) ) ;
#1687 = ADVANCED_FACE ( 'NONE', ( #587 ), #1206, .T. ) ;
#1688 = ORIENTED_EDGE ( 'NONE', *, *, #965, .F. ) ;
#1689 = LINE ( 'NONE', #294, #1049 ) ;
#1690 = DIRECTION ( 'NONE',  ( 0.000000000000000000, 0.000000000000000000, 1.000000000000000000 ) ) ;
#1691 = ORIENTED_EDGE ( 'NONE', *, *, #1312, .F. ) ;
#1692 = CARTESIAN_POINT ( 'NONE',  ( -0.6759876078733093596, 0.2498890641164107362, 0.01261996308560004061 ) ) ;
#1693 = CARTESIAN_POINT ( 'NONE',  ( 0.8245774847259731422, -0.1812984254135175388, 0.01261996308560004061 ) ) ;
#1694 = CARTESIAN_POINT ( 'NONE',  ( 6.516304518955498965E-07, 0.1429506349910472096, -0.02861329136282700358 ) ) ;
#1695 = DIRECTION ( 'NONE',  ( 0.000000000000000000, 0.000000000000000000, 1.000000000000000000 ) ) ;
#1696 = CYLINDRICAL_SURFACE ( 'NONE', #1577, 0.01572456984901514365 ) ;
#1697 = ORIENTED_EDGE ( 'NONE', *, *, #145, .T. ) ;
#1698 = CARTESIAN_POINT ( 'NONE',  ( -0.8219654995680670817, 1.472444347595945332E-15, 0.007124367384934599326 ) ) ;
#1699 = CARTESIAN_POINT ( 'NONE',  ( 0.6432785090901623759, -0.2501636112343312290, -0.01431822786372232217 ) ) ;
#1700 = ORIENTED_EDGE ( 'NONE', *, *, #1251, .T. ) ;
#1701 = CARTESIAN_POINT ( 'NONE',  ( -0.8771696805986501921, -0.09688149948288148072, 0.02096573013821810549 ) ) ;
#1702 = CIRCLE ( 'NONE', #365, 0.02859012699820936282 ) ;
#1703 = AXIS2_PLACEMENT_3D ( 'NONE', #1935, #225, #378 ) ;
#1704 = APPROVAL_ROLE ( '' ) ;
#1705 = CARTESIAN_POINT ( 'NONE',  ( 0.8222927212809503228, -0.1790136689025030314, 0.02096573013821810549 ) ) ;
#1706 = AXIS2_PLACEMENT_3D ( 'NONE', #1414, #32, #1271 ) ;
#1707 = CARTESIAN_POINT ( 'NONE',  ( -0.8361404845337796488, 0.006806753863509979255, -0.01431822786372232217 ) ) ;
#1708 = CARTESIAN_POINT ( 'NONE',  ( 0.6432785090901623759, 0.2501636112343324503, 0.007124367384934599326 ) ) ;
#1709 = CARTESIAN_POINT ( 'NONE',  ( -0.8664799100767150986, 0.1305820675723658175, 0.007124367384934596724 ) ) ;
#1710 = ORIENTED_EDGE ( 'NONE', *, *, #1775, .T. ) ;
#1711 = DIRECTION ( 'NONE',  ( 0.000000000000000000, 0.000000000000000000, -1.000000000000000000 ) ) ;
#1712 = LINE ( 'NONE', #482, #215 ) ;
#1713 = ORIENTED_EDGE ( 'NONE', *, *, #604, .F. ) ;
#1714 = CARTESIAN_POINT ( 'NONE',  ( -0.6758444644593765149, -0.2487955289855021679, 0.01693361017663851109 ) ) ;
#1715 = EDGE_CURVE ( 'NONE', #1498, #1264, #1064, .T. ) ;
#1716 = CARTESIAN_POINT ( 'NONE',  ( 0.7412939768713319166, -0.2366352004731784309, 0.01406715213124412264 ) ) ;
#1717 = DIRECTION ( 'NONE',  ( 0.000000000000000000, 0.000000000000000000, -1.000000000000000000 ) ) ;
#1718 = CARTESIAN_POINT ( 'NONE',  ( 0.8219668028289703887, 1.497693569312580527E-15, 0.02856696263359163532 ) ) ;
#1719 = ORIENTED_EDGE ( 'NONE', *, *, #501, .T. ) ;
#1720 = DIRECTION ( 'NONE',  ( 1.931045980128359922E-16, -1.000000000000000000, 0.000000000000000000 ) ) ;
#1721 = CARTESIAN_POINT ( 'NONE',  ( 0.7458154589771853749, -0.2082742258690188919, 0.02856696263359163532 ) ) ;
#1722 = ORIENTED_EDGE ( 'NONE', *, *, #825, .T. ) ;
#1723 = CARTESIAN_POINT ( 'NONE',  ( -0.8243904969590276632, 0.1811127414709912120, 0.01406715213124412264 ) ) ;
#1724 = CARTESIAN_POINT ( 'NONE',  ( 0.7933766758307609912, 1.475945628347502705E-15, 0.007124367384934599326 ) ) ;
#1725 = CC_DESIGN_DATE_AND_TIME_ASSIGNMENT ( #1605, #1381, ( #431 ) ) ;
#1726 = CARTESIAN_POINT ( 'NONE',  ( 0.6432785090901623759, -0.1429506349910462382, -0.01431822786372232217 ) ) ;
#1727 = CARTESIAN_POINT ( 'NONE',  ( 0.8101919996292240578, 0.1669129839750610744, 0.02856696263359163532 ) ) ;
#1728 = ORIENTED_EDGE ( 'NONE', *, *, #1053, .F. ) ;
#1729 = DIRECTION ( 'NONE',  ( 0.000000000000000000, 0.000000000000000000, 1.000000000000000000 ) ) ;
#1730 = CARTESIAN_POINT ( 'NONE',  ( -0.6432772058292580697, -0.2501636112343312290, 0.007124367384934599326 ) ) ;
#1731 = ORIENTED_EDGE ( 'NONE', *, *, #578, .F. ) ;
#1732 = CARTESIAN_POINT ( 'NONE',  ( -0.6432772058292580697, 0.2496331303622955355, 0.01406715213124412264 ) ) ;
#1733 = EDGE_CURVE ( 'NONE', #1630, #753, #1684, .T. ) ;
#1734 = CARTESIAN_POINT ( 'NONE',  ( 0.8999549745316716143, 1.297834391618345610E-15, 0.008464529587975716876 ) ) ;
#1735 = AXIS2_PLACEMENT_3D ( 'NONE', #1257, #1548, #139 ) ;
#1736 = DIRECTION ( 'NONE',  ( 1.000000000000000000, 0.000000000000000000, 0.000000000000000000 ) ) ;
#1737 = CARTESIAN_POINT ( 'NONE',  ( 0.8793291871301208706, 1.273560985233754426E-15, 0.02856696263359163532 ) ) ;
#1738 = ORIENTED_EDGE ( 'NONE', *, *, #1084, .F. ) ;
#1739 = DIRECTION ( 'NONE',  ( 0.000000000000000000, 0.000000000000000000, -1.000000000000000000 ) ) ;
#1740 = ORIENTED_EDGE ( 'NONE', *, *, #898, .F. ) ;
#1741 = CARTESIAN_POINT ( 'NONE',  ( -0.7721709910823466583, -0.07685491002088437607, -0.02861329136282700358 ) ) ;
#1742 = DIRECTION ( 'NONE',  ( 0.000000000000000000, 0.000000000000000000, 1.000000000000000000 ) ) ;
#1743 = LINE ( 'NONE', #1724, #187 ) ;
#1744 = COORDINATED_UNIVERSAL_TIME_OFFSET ( 8, 0, .AHEAD. ) ;
#1745 = CARTESIAN_POINT ( 'NONE',  ( 0.6732180201098226791, -0.2287210159857272496, 0.02856696263359163532 ) ) ;
#1746 = ORIENTED_EDGE ( 'NONE', *, *, #646, .T. ) ;
#1747 = CARTESIAN_POINT ( 'NONE',  ( 0.7087711893609341951, 0.2501636112343328389, 0.007124367384934594989 ) ) ;
#1748 = EDGE_CURVE ( 'NONE', #1145, #753, #758, .T. ) ;
#1749 = ORIENTED_EDGE ( 'NONE', *, *, #1246, .F. ) ;
#1750 = CARTESIAN_POINT ( 'NONE',  ( -0.7415009605902547207, -0.2371380601990829007, 0.007124367384934599326 ) ) ;
#1751 = CARTESIAN_POINT ( 'NONE',  ( -0.6432772058292580697, 3.375101279706731319E-16, -0.01431822786372232217 ) ) ;
#1752 = CARTESIAN_POINT ( 'NONE',  ( -0.8219654995680670817, 1.469760855432824794E-15, 0.007124367384934599326 ) ) ;
#1753 = ADVANCED_FACE ( 'NONE', ( #1969, #601 ), #1229, .T. ) ;
#1754 = COORDINATED_UNIVERSAL_TIME_OFFSET ( 8, 0, .AHEAD. ) ;
#1755 = LINE ( 'NONE', #62, #1928 ) ;
#1756 = EDGE_CURVE ( 'NONE', #1377, #230, #1514, .T. ) ;
#1757 = ORIENTED_EDGE ( 'NONE', *, *, #575, .F. ) ;
#1758 = DIRECTION ( 'NONE',  ( 0.000000000000000000, 0.000000000000000000, -1.000000000000000000 ) ) ;
#1759 = ORIENTED_EDGE ( 'NONE', *, *, #1733, .T. ) ;
#1760 = CARTESIAN_POINT ( 'NONE',  ( -0.6432772058292580697, -0.2482161880330373827, 0.01834822583540353380 ) ) ;
#1761 = APPROVAL ( #176, '未' ) ;
#1762 = CARTESIAN_POINT ( 'NONE',  ( -0.6432772058292580697, 0.2287210159856751246, 0.02856696263359163532 ) ) ;
#1763 = CARTESIAN_POINT ( 'NONE',  ( 0.8247766735598514032, 0.1814976136427720599, 0.008464529587975716876 ) ) ;
#1764 = DIRECTION ( 'NONE',  ( 0.000000000000000000, 0.000000000000000000, 1.000000000000000000 ) ) ;
#1765 = DIRECTION ( 'NONE',  ( -1.927470528863119788E-16, 1.000000000000000000, 0.000000000000000000 ) ) ;
#1766 = CIRCLE ( 'NONE', #28, 0.01572456984901514365 ) ;
#1767 = CIRCLE ( 'NONE', #1051, 0.1000707271459376074 ) ;
#1768 = ORIENTED_EDGE ( 'NONE', *, *, #1570, .T. ) ;
#1769 = DIRECTION ( 'NONE',  ( 0.000000000000000000, 0.000000000000000000, 1.000000000000000000 ) ) ;
#1770 = AXIS2_PLACEMENT_3D ( 'NONE', #919, #1130, #809 ) ;
#1771 = ORIENTED_EDGE ( 'NONE', *, *, #1355, .F. ) ;
#1772 = CARTESIAN_POINT ( 'NONE',  ( -0.6432772058292580697, 3.618445228135171404E-16, 0.02856696263359163532 ) ) ;
#1773 = CARTESIAN_POINT ( 'NONE',  ( -0.5148598480984625247, -0.1858358254883601124, 0.02856696263359163532 ) ) ;
#1774 = CARTESIAN_POINT ( 'NONE',  ( -0.5790685269638612409, -0.1929833572379125450, -0.02861329136282700358 ) ) ;
#1775 = EDGE_CURVE ( 'NONE', #1591, #1850, #1384, .T. ) ;
#1776 = CARTESIAN_POINT ( 'NONE',  ( 0.8732109661464337869, 0.09524120535027605361, 0.02514326700551018992 ) ) ;
#1777 = EDGE_CURVE ( 'NONE', #764, #1449, #577, .T. ) ;
#1778 = ORIENTED_EDGE ( 'NONE', *, *, #1183, .T. ) ;
#1779 = CARTESIAN_POINT ( 'NONE',  ( 0.8664812133376192937, -0.1305820675723644853, 0.007124367384934595857 ) ) ;
#1780 = VERTEX_POINT ( 'NONE', #1360 ) ;
#1781 = CARTESIAN_POINT ( 'NONE',  ( -0.8999453159170723859, 4.149044814934024691E-16, 0.009816325143473181997 ) ) ;
#1782 = CARTESIAN_POINT ( 'NONE',  ( -0.8793278838692174526, 4.023408590933376962E-16, 0.02856696263359163532 ) ) ;
#1783 = LINE ( 'NONE', #594, #1480 ) ;
#1784 =( NAMED_UNIT ( * ) SI_UNIT ( $, .STERADIAN. ) SOLID_ANGLE_UNIT ( ) );
#1785 = B_SPLINE_CURVE_WITH_KNOTS ( 'NONE', 3,
 ( #1476, #92, #701, #1325 ),
 .UNSPECIFIED., .F., .F.,
 ( 4, 4 ),
 ( 0.000000000000000000, 1.000000000000000000 ),
 .UNSPECIFIED. ) ;
#1786 = CARTESIAN_POINT ( 'NONE',  ( 0.7369345669222563400, -0.2261104346316724634, 0.02719888038465390415 ) ) ;
#1787 = CARTESIAN_POINT ( 'NONE',  ( -0.09069355970464121341, -0.2501636112343312290, 0.007124367384934599326 ) ) ;
#1788 = DIRECTION ( 'NONE',  ( 0.000000000000000000, 0.000000000000000000, 1.000000000000000000 ) ) ;
#1789 = EDGE_CURVE ( 'NONE', #1452, #1838, #1976, .T. ) ;
#1790 = EDGE_LOOP ( 'NONE', ( #296, #1691, #1166, #236, #1091, #1697, #1316 ) ) ;
#1791 = CARTESIAN_POINT ( 'NONE',  ( 0.8440064295974623043, 8.946396941094696504E-16, -0.02861329136282700358 ) ) ;
#1792 = CARTESIAN_POINT ( 'NONE',  ( -0.6732167168491289821, 0.2287210159857280267, 0.02856696263359163532 ) ) ;
#1793 = DIRECTION ( 'NONE',  ( -1.000000000000000000, 0.000000000000000000, 0.000000000000000000 ) ) ;
#1794 = CARTESIAN_POINT ( 'NONE',  ( 0.6741268285095833868, 0.2356638007322478523, 0.02803648176155457486 ) ) ;
#1795 = CIRCLE ( 'NONE', #302, 0.1929833605181069944 ) ;
#1796 = AXIS2_PLACEMENT_3D ( 'NONE', #1274, #1758, #1609 ) ;
#1797 = CARTESIAN_POINT ( 'NONE',  ( 0.6432785090901623759, -0.2501636112350829610, 0.01355714595953168809 ) ) ;
#1798 = DIRECTION ( 'NONE',  ( 0.000000000000000000, 0.000000000000000000, 1.000000000000000000 ) ) ;
#1799 = EDGE_CURVE ( 'NONE', #404, #1962, #1964, .T. ) ;
#1800 = EDGE_LOOP ( 'NONE', ( #1902, #265, #1567, #1556 ) ) ;
#1801 = FACE_OUTER_BOUND ( 'NONE', #1429, .T. ) ;
#1802 = AXIS2_PLACEMENT_3D ( 'NONE', #801, #1717, #960 ) ;
#1803 = CARTESIAN_POINT ( 'NONE',  ( -0.8652984495539265408, 0.09196427131872425553, 0.02829241551560703061 ) ) ;
#1804 = CARTESIAN_POINT ( 'NONE',  ( 0.8142568022709373299, -0.1709777742806201373, 0.02803648176155457486 ) ) ;
#1805 = DIRECTION ( 'NONE',  ( 1.000000000000000000, 0.000000000000000000, 0.000000000000000000 ) ) ;
#1806 = CARTESIAN_POINT ( 'NONE',  ( 0.6432785090901623759, -0.2430160794855308892, 0.02642270310872596104 ) ) ;
#1807 = CARTESIAN_POINT ( 'NONE',  ( -0.7361898359212347698, 1.173661890615763207E-15, -0.02861329136282700358 ) ) ;
#1808 = ORIENTED_EDGE ( 'NONE', *, *, #1922, .T. ) ;
#1809 = DIRECTION ( 'NONE',  ( -1.000000000000000000, 0.000000000000000000, 0.000000000000000000 ) ) ;
#1810 = CC_DESIGN_PERSON_AND_ORGANIZATION_ASSIGNMENT ( #1150, #379, ( #1629 ) ) ;
#1811 = CARTESIAN_POINT ( 'NONE',  ( -0.6750285469990813247, -0.2425623787391536501, 0.02514326700551018992 ) ) ;
#1812 = CARTESIAN_POINT ( 'NONE',  ( 0.7369345669220016548, 0.2261104346316735736, 0.02719888038465390415 ) ) ;
#1813 = CARTESIAN_POINT ( 'NONE',  ( 0.6432785090901623759, -0.007147531749551249564, -0.02861329136282700358 ) ) ;
#1814 = ORIENTED_EDGE ( 'NONE', *, *, #1904, .F. ) ;
#1815 = DIRECTION ( 'NONE',  ( 1.000000000000000000, 0.000000000000000000, 0.000000000000000000 ) ) ;
#1816 = ORIENTED_EDGE ( 'NONE', *, *, #736, .F. ) ;
#1817 = CARTESIAN_POINT ( 'NONE',  ( -0.5148598480984625247, -0.2287210159856390701, 0.02856696263359163532 ) ) ;
#1818 = ADVANCED_FACE ( 'NONE', ( #41 ), #199, .F. ) ;
#1819 = CARTESIAN_POINT ( 'NONE',  ( -0.8743455075651564989, -0.09571168793356257809, 0.02424866220157087873 ) ) ;
#1820 = CARTESIAN_POINT ( 'NONE',  ( 0.8763229600162157906, 0.09653023627264127604, 0.02216396544128384702 ) ) ;
#1821 = CARTESIAN_POINT ( 'NONE',  ( -0.6432772058292580697, -0.2501636112343312290, 0.02856696263359163532 ) ) ;
#1822 = CARTESIAN_POINT ( 'NONE',  ( -0.6432772058292580697, 3.375101279706731319E-16, -0.02861329136282700358 ) ) ;
#1823 = CARTESIAN_POINT ( 'NONE',  ( -0.4576795941020434522, -0.1858358254883601124, 0.02856696263359163532 ) ) ;
#1824 = AXIS2_PLACEMENT_3D ( 'NONE', #259, #1017, #742 ) ;
#1825 = ORIENTED_EDGE ( 'NONE', *, *, #114, .F. ) ;
#1826 = CARTESIAN_POINT ( 'NONE',  ( -0.6432772058292580697, -0.2287210159856743197, 0.02856696263359163532 ) ) ;
#1827 = B_SPLINE_CURVE_WITH_KNOTS ( 'NONE', 5,
 ( #675, #1456, #475, #1424, #1574, #68, #330, #514 ),
 .UNSPECIFIED., .F., .F.,
 ( 6, 2, 6 ),
 ( 0.000000000000000000, 0.4999999999883050217, 1.000000000000000000 ),
 .UNSPECIFIED. ) ;
#1828 = DIRECTION ( 'NONE',  ( 0.000000000000000000, 0.000000000000000000, 1.000000000000000000 ) ) ;
#1829 = AXIS2_PLACEMENT_3D ( 'NONE', #326, #335, #765 ) ;
#1830 = VECTOR ( 'NONE', #752, 1000.000000000000000 ) ;
#1831 = CARTESIAN_POINT ( 'NONE',  ( -0.7385164274168113385, -0.2299326096533224340, 0.02514326700551018992 ) ) ;
#1832 = CARTESIAN_POINT ( 'NONE',  ( 0.7398067347509406089, 0.2330446055884318191, 0.02216396544128384702 ) ) ;
#1833 = EDGE_CURVE ( 'NONE', #211, #375, #1054, .T. ) ;
#1834 = CARTESIAN_POINT ( 'NONE',  ( -0.6432772058292580697, 2.079096541835968033E-16, -0.02861329136282700358 ) ) ;
#1835 = DIRECTION ( 'NONE',  ( 1.000000000000000000, 0.000000000000000000, 0.000000000000000000 ) ) ;
#1836 = CARTESIAN_POINT ( 'NONE',  ( -0.4576795941020434522, -0.2501636112343312290, 0.02856696263359163532 ) ) ;
#1837 = EDGE_CURVE ( 'NONE', #451, #1391, #20, .T. ) ;
#1838 = VERTEX_POINT ( 'NONE', #1262 ) ;
#1839 = DIRECTION ( 'NONE',  ( 1.000000000000000000, 0.000000000000000000, 0.000000000000000000 ) ) ;
#1840 = FACE_OUTER_BOUND ( 'NONE', #1608, .T. ) ;
#1841 = VERTEX_POINT ( 'NONE', #1240 ) ;
#1842 = CARTESIAN_POINT ( 'NONE',  ( -0.8233624800118231057, 0.1800847276437235744, 0.01834822583540353380 ) ) ;
#1843 = CARTESIAN_POINT ( 'NONE',  ( 0.6758457677206624048, 0.2487955289855029173, 0.01693361017663851109 ) ) ;
#1844 = CARTESIAN_POINT ( 'NONE',  ( 6.516304518955498965E-07, 7.092347810211344083E-16, -0.01431822786372232217 ) ) ;
#1845 = CARTESIAN_POINT ( 'NONE',  ( -0.6432772058292580697, 0.2480193517094665401, 0.02141943088403928941 ) ) ;
#1846 = DIRECTION ( 'NONE',  ( 1.000000000000000000, 0.000000000000000000, 0.000000000000000000 ) ) ;
#1847 = VERTEX_POINT ( 'NONE', #331 ) ;
#1848 = DIRECTION ( 'NONE',  ( 0.000000000000000000, 0.000000000000000000, 1.000000000000000000 ) ) ;
#1849 = CARTESIAN_POINT ( 'NONE',  ( -0.6432772058292580697, 0.1429506349910472096, -0.01431822786372232217 ) ) ;
#1850 = VERTEX_POINT ( 'NONE', #1253 ) ;
#1851 = CARTESIAN_POINT ( 'NONE',  ( -0.6432772058292580697, -0.2458453108023105071, 0.02216396544128384702 ) ) ;
#1852 = CARTESIAN_POINT ( 'NONE',  ( 0.8233637832727265238, -0.1800847276437240740, 0.01834822583540353380 ) ) ;
#1853 = CYLINDRICAL_SURFACE ( 'NONE', #400, 0.1929833605181055789 ) ;
#1854 = CARTESIAN_POINT ( 'NONE',  ( 0.6432785090901623759, -0.1929833605181064116, -0.02861329136282700358 ) ) ;
#1855 = DIRECTION ( 'NONE',  ( 0.000000000000000000, 1.000000000000000000, 0.000000000000000000 ) ) ;
#1856 = ORIENTED_EDGE ( 'NONE', *, *, #819, .T. ) ;
#1857 = DIRECTION ( 'NONE',  ( 1.000000000000000000, 0.000000000000000000, 0.000000000000000000 ) ) ;
#1858 = CARTESIAN_POINT ( 'NONE',  ( 0.8779531436169815128, -1.443367981490360524E-06, 0.02856696263359163532 ) ) ;
#1859 = EDGE_CURVE ( 'NONE', #478, #1237, #1579, .T. ) ;
#1860 = ORIENTED_EDGE ( 'NONE', *, *, #275, .T. ) ;
#1861 = CARTESIAN_POINT ( 'NONE',  ( -0.6432772058292580697, -0.2467399156062497212, 0.02096573013821810549 ) ) ;
#1862 = VECTOR ( 'NONE', #1739, 1000.000000000000000 ) ;
#1863 = CIRCLE ( 'NONE', #1642, 0.01572456984901514365 ) ;
#1864 = CARTESIAN_POINT ( 'NONE',  ( 0.6757699321665534553, -0.2482161880331618942, 0.01834822583540353380 ) ) ;
#1865 = VECTOR ( 'NONE', #665, 1000.000000000000000 ) ;
#1866 = CARTESIAN_POINT ( 'NONE',  ( -0.8219654995680670817, 1.469760855432824794E-15, -0.01431822786372232217 ) ) ;
#1867 = CARTESIAN_POINT ( 'NONE',  ( 0.2762924746927609698, -0.2287210159856786496, 0.02856696263359163532 ) ) ;
#1868 = VERTEX_POINT ( 'NONE', #949 ) ;
#1869 = CARTESIAN_POINT ( 'NONE',  ( -0.5790685269638612409, -0.1929833572379125450, -0.02861329136282700358 ) ) ;
#1870 = CARTESIAN_POINT ( 'NONE',  ( 0.6584423562532921714, -0.2287210159856743197, 0.02856696263359163532 ) ) ;
#1871 = ORIENTED_EDGE ( 'NONE', *, *, #1859, .F. ) ;
#1872 = CARTESIAN_POINT ( 'NONE',  ( -0.8785690853544176893, 0.09746115229666305058, 0.01834822583540353380 ) ) ;
#1873 = CARTESIAN_POINT ( 'NONE',  ( 0.8247766735598514032, 0.1814976136427692011, 0.007124367384934599326 ) ) ;
#1874 = CARTESIAN_POINT ( 'NONE',  ( -0.8219654995680670817, 1.469760855432824794E-15, 0.007124367384934599326 ) ) ;
#1875 = CARTESIAN_POINT ( 'NONE',  ( 0.6432785090901623759, 0.2287210159856751246, 0.02856696263359163532 ) ) ;
#1876 = ADVANCED_FACE ( 'NONE', ( #497 ), #1853, .T. ) ;
#1877 = VERTEX_POINT ( 'NONE', #1099 ) ;
#1878 = CARTESIAN_POINT ( 'NONE',  ( 0.6432785090901623759, 0.1429506349910472096, -0.02861329136282700358 ) ) ;
#1879 = CARTESIAN_POINT ( 'NONE',  ( -0.4576795941020551650, -0.2480193517102174672, 0.02141943088403928941 ) ) ;
#1880 = VERTEX_POINT ( 'NONE', #1576 ) ;
#1881 = CARTESIAN_POINT ( 'NONE',  ( -0.8216423662693030927, 0.1783646191215744192, 0.02216396544128384702 ) ) ;
#1882 = CARTESIAN_POINT ( 'NONE',  ( 0.6760248492686101729, 0.2501636112343536555, 0.008464529587975716876 ) ) ;
#1883 = EDGE_CURVE ( 'NONE', #1888, #211, #1512, .T. ) ;
#1884 = DIRECTION ( 'NONE',  ( 0.000000000000000000, 0.000000000000000000, 1.000000000000000000 ) ) ;
#1885 = CARTESIAN_POINT ( 'NONE',  ( -0.8219654995680670817, 1.472444347595945332E-15, 0.02856696263359163532 ) ) ;
#1886 = ORIENTED_EDGE ( 'NONE', *, *, #962, .F. ) ;
#1887 = CARTESIAN_POINT ( 'NONE',  ( 0.7738605766625276106, 0.2232027042474580281, 0.007124367384934596724 ) ) ;
#1888 = VERTEX_POINT ( 'NONE', #1707 ) ;
#1889 = CARTESIAN_POINT ( 'NONE',  ( -0.8804073893164674480, -0.09822260323485580702, 0.009816325143473181997 ) ) ;
#1890 = CIRCLE ( 'NONE', #623, 0.02859012699820936282 ) ;
#1891 = CIRCLE ( 'NONE', #1796, 0.01572456984901514365 ) ;
#1892 = CARTESIAN_POINT ( 'NONE',  ( 0.6432785090901623759, 0.2480193517094665401, 0.02141943088403928941 ) ) ;
#1893 = LINE ( 'NONE', #495, #1895 ) ;
#1894 = EDGE_CURVE ( 'NONE', #1537, #325, #1610, .T. ) ;
#1895 = VECTOR ( 'NONE', #76, 1000.000000000000000 ) ;
#1896 = DIRECTION ( 'NONE',  ( 1.000000000000000000, 0.000000000000000000, 0.000000000000000000 ) ) ;
#1897 = CIRCLE ( 'NONE', #556, 0.02859012699820936282 ) ;
#1898 = DIRECTION ( 'NONE',  ( 0.000000000000000000, 0.000000000000000000, -1.000000000000000000 ) ) ;
#1899 = ADVANCED_FACE ( 'NONE', ( #341 ), #190, .F. ) ;
#1900 = ORIENTED_EDGE ( 'NONE', *, *, #516, .F. ) ;
#1901 = CARTESIAN_POINT ( 'NONE',  ( -0.7330788693803921285, -0.2168119705136120068, 0.02856696263359163532 ) ) ;
#1902 = ORIENTED_EDGE ( 'NONE', *, *, #1941, .F. ) ;
#1903 = CARTESIAN_POINT ( 'NONE',  ( -0.6760224800455932881, -0.2501554678876460325, 0.009816325143473181997 ) ) ;
#1904 = EDGE_CURVE ( 'NONE', #1517, #1221, #630, .T. ) ;
#1905 = CARTESIAN_POINT ( 'NONE',  ( -0.6432772058292580697, -0.2300611781887155760, 0.02856696263359163532 ) ) ;
#1906 = CARTESIAN_POINT ( 'NONE',  ( 6.516304518955498965E-07, 0.1929833572379136830, -0.01431822786372232217 ) ) ;
#1907 = PLANE ( 'NONE',  #29 ) ;
#1908 = CC_DESIGN_PERSON_AND_ORGANIZATION_ASSIGNMENT ( #1011, #970, ( #1931 ) ) ;
#1909 = ORIENTED_EDGE ( 'NONE', *, *, #1232, .F. ) ;
#1910 = CARTESIAN_POINT ( 'NONE',  ( 0.6432785090901623759, 0.2487955289853945595, 0.01693361017663851109 ) ) ;
#1911 = ORIENTED_EDGE ( 'NONE', *, *, #1502, .F. ) ;
#1912 = CARTESIAN_POINT ( 'NONE',  ( -0.6432772058292580697, -0.2487955289853934771, 0.01693361017663851109 ) ) ;
#1913 = CARTESIAN_POINT ( 'NONE',  ( 0.6432785090901623759, 0.2319374052729737401, 0.02856696263359163532 ) ) ;
#1914 = DIRECTION ( 'NONE',  ( 0.000000000000000000, 0.000000000000000000, 1.000000000000000000 ) ) ;
#1915 = EDGE_CURVE ( 'NONE', #502, #1498, #519, .T. ) ;
#1916 = CARTESIAN_POINT ( 'NONE',  ( -0.5148598480984625247, -0.2501636112343312290, 0.02856696263359163532 ) ) ;
#1917 = CARTESIAN_POINT ( 'NONE',  ( 0.6735703965572881202, 0.2314129737443939294, 0.02855881928687214674 ) ) ;
#1918 = ORIENTED_EDGE ( 'NONE', *, *, #232, .T. ) ;
#1919 = CARTESIAN_POINT ( 'NONE',  ( -0.4576795941020434522, -0.1929833572379125450, -0.02861329136282700358 ) ) ;
#1920 = EDGE_LOOP ( 'NONE', ( #1589, #1640, #256, #1808 ) ) ;
#1921 = CARTESIAN_POINT ( 'NONE',  ( -0.8247694621554941818, 0.1814917055173297655, 0.009816325143474659981 ) ) ;
#1922 = EDGE_CURVE ( 'NONE', #1841, #1342, #160, .T. ) ;
#1923 = CARTESIAN_POINT ( 'NONE',  ( -0.6735690932961743149, 0.2314129737443928192, 0.02855881928687214674 ) ) ;
#1924 = CARTESIAN_POINT ( 'NONE',  ( -0.5790685269638612409, -0.1929833572379125450, -0.02861329136282700358 ) ) ;
#1925 = CALENDAR_DATE ( 2026, 29, 6 ) ;
#1926 = CARTESIAN_POINT ( 'NONE',  ( 0.8173627976450416055, -0.1740837602283725194, 0.02661953943229761546 ) ) ;
#1927 = VECTOR ( 'NONE', #1408, 1000.000000000000000 ) ;
#1928 = VECTOR ( 'NONE', #351, 1000.000000000000000 ) ;
#1929 = ORIENTED_EDGE ( 'NONE', *, *, #575, .T. ) ;
#1930 = CARTESIAN_POINT ( 'NONE',  ( 0.6432785090901623759, 0.2498890641163477033, 0.01261996308560004061 ) ) ;
#1931 = PRODUCT_DEFINITION_FORMATION_WITH_SPECIFIED_SOURCE ( '�', '', #1629, .NOT_KNOWN. ) ;
#1932 = ORIENTED_EDGE ( 'NONE', *, *, #857, .T. ) ;
#1933 = CARTESIAN_POINT ( 'NONE',  ( -0.6432772058292580697, 0.2501636112343324503, 0.007124367384934599326 ) ) ;
#1934 = CARTESIAN_POINT ( 'NONE',  ( -0.8092183847729322865, -0.1659406753305386062, 0.02856696263359163532 ) ) ;
#1935 = CARTESIAN_POINT ( 'NONE',  ( -0.8362605630671723356, 1.173661890615763207E-15, -0.02861329136282700358 ) ) ;
#1936 = FACE_OUTER_BOUND ( 'NONE', #998, .T. ) ;
#1937 = EDGE_CURVE ( 'NONE', #775, #65, #1108, .T. ) ;
#1938 = CARTESIAN_POINT ( 'NONE',  ( 0.8201311848263088677, -0.1768521390078875433, 0.02424866220157087873 ) ) ;
#1939 = ORIENTED_EDGE ( 'NONE', *, *, #201, .F. ) ;
#1940 = CARTESIAN_POINT ( 'NONE',  ( -0.8505556265662763682, 1.475945628347502705E-15, 0.007124367384934599326 ) ) ;
#1941 = EDGE_CURVE ( 'NONE', #938, #943, #557, .T. ) ;
#1942 = ORIENTED_EDGE ( 'NONE', *, *, #1520, .F. ) ;
#1943 = CARTESIAN_POINT ( 'NONE',  ( 0.6432785090901623759, 0.007147531749553295670, -0.01431822786372232217 ) ) ;
#1944 = CARTESIAN_POINT ( 'NONE',  ( 0.8219668028289703887, 1.497693569312580527E-15, -0.02861329136282700358 ) ) ;
#1945 = CYLINDRICAL_SURFACE ( 'NONE', #1157, 0.1929833572379131001 ) ;
#1946 = CARTESIAN_POINT ( 'NONE',  ( 6.516304518955498965E-07, 7.092347810211344083E-16, -0.01431822786372232217 ) ) ;
#1947 = CARTESIAN_POINT ( 'NONE',  ( 0.8707297520404949642, -0.09421345213435829147, 0.02661953943229761546 ) ) ;
#1948 = ORIENTED_EDGE ( 'NONE', *, *, #252, .T. ) ;
#1949 = CARTESIAN_POINT ( 'NONE',  ( 0.6432785090901623759, 0.2356638007319847017, 0.02803648176155457486 ) ) ;
#1950 = ORIENTED_EDGE ( 'NONE', *, *, #562, .F. ) ;
#1951 = LINE ( 'NONE', #551, #1575 ) ;
#1952 = VERTEX_POINT ( 'NONE', #1726 ) ;
#1953 = EDGE_CURVE ( 'NONE', #1342, #325, #93, .T. ) ;
#1954 = CARTESIAN_POINT ( 'NONE',  ( -0.7352395616399255429, -0.2220213910713206285, 0.02829241551560856063 ) ) ;
#1955 = CARTESIAN_POINT ( 'NONE',  ( 0.8163364687388153795, -0.1730574344369415207, 0.02719888038465390415 ) ) ;
#1956 = VECTOR ( 'NONE', #347, 1000.000000000000000 ) ;
#1957 = DIRECTION ( 'NONE',  ( 0.000000000000000000, 0.000000000000000000, -1.000000000000000000 ) ) ;
#1958 = AXIS2_PLACEMENT_3D ( 'NONE', #170, #1254, #1846 ) ;
#1959 = ORIENTED_EDGE ( 'NONE', *, *, #1030, .T. ) ;
#1960 = LINE ( 'NONE', #418, #588 ) ;
#1961 = CIRCLE ( 'NONE', #1448, 0.1500981667405990594 ) ;
#1962 = VERTEX_POINT ( 'NONE', #1587 ) ;
#1963 = CARTESIAN_POINT ( 'NONE',  ( 0.6432785090901623759, 9.567259446107606546E-16, 0.02856696263359163532 ) ) ;
#1964 = CIRCLE ( 'NONE', #1255, 0.2501636112343318397 ) ;
#1965 = LOCAL_TIME ( 15, 10, 42.00000000000000000, #770 ) ;
#1966 = CARTESIAN_POINT ( 'NONE',  ( -0.8142554990100718815, -0.1709777742806201373, 0.02803648176155457486 ) ) ;
#1967 = EDGE_CURVE ( 'NONE', #502, #1880, #526, .T. ) ;
#1968 = CARTESIAN_POINT ( 'NONE',  ( 0.8921558486704612712, 1.291552580418313199E-15, 0.02514326700551018992 ) ) ;
#1969 = FACE_BOUND ( 'NONE', #154, .T. ) ;
#1970 = ORIENTED_EDGE ( 'NONE', *, *, #992, .T. ) ;
#1971 = FACE_OUTER_BOUND ( 'NONE', #1626, .T. ) ;
#1972 = ORIENTED_EDGE ( 'NONE', *, *, #480, .T. ) ;
#1973 = DIRECTION ( 'NONE',  ( 0.000000000000000000, 0.000000000000000000, 1.000000000000000000 ) ) ;
#1974 = CARTESIAN_POINT ( 'NONE',  ( -0.6432772058292580697, -0.2437606140420233714, 0.02424866220157087873 ) ) ;
#1975 = CARTESIAN_POINT ( 'NONE',  ( 0.8985512751112870733, 1.323083613334980805E-15, 0.01693361017663851109 ) ) ;
#1976 = LINE ( 'NONE', #772, #1286 ) ;
#1977 = FACE_OUTER_BOUND ( 'NONE', #1256, .T. ) ;
#1978 = LINE ( 'NONE', #580, #1018 ) ;
#1979 = EDGE_LOOP ( 'NONE', ( #1135, #346, #1016, #539 ) ) ;
#1980 = CARTESIAN_POINT ( 'NONE',  ( -0.6432772058292580697, 0.1429506349910472096, -0.02861329136282700358 ) ) ;
#1981 = DIRECTION ( 'NONE',  ( 0.000000000000000000, 0.000000000000000000, 1.000000000000000000 ) ) ;
#1982 = CARTESIAN_POINT ( 'NONE',  ( -0.8894688960083090290, 4.113061624564907441E-16, 0.02661953943229761546 ) ) ;
#1983 = ADVANCED_FACE ( 'NONE', ( #1936 ), #1331, .F. ) ;
#1984 = CARTESIAN_POINT ( 'NONE',  ( 0.6755766885575407166, -0.2467399156063984356, 0.02096573013821810549 ) ) ;
#1985 = DIRECTION ( 'NONE',  ( 1.000000000000000000, 0.000000000000000000, 0.000000000000000000 ) ) ;
#1986 = CARTESIAN_POINT ( 'NONE',  ( 0.6432785090901623759, 3.600148690659348656E-16, -0.01431822786372232217 ) ) ;
#1987 = DIRECTION ( 'NONE',  ( 0.000000000000000000, 0.000000000000000000, -1.000000000000000000 ) ) ;
#1988 = CLOSED_SHELL ( 'NONE', ( #1566, #1421, #343, #672, #1899, #106, #1288, #1058, #1983, #1116, #270, #1818, #862, #929, #414, #1420, #875, #563, #535, #867, #1660, #121, #597, #1876, #1586, #72, #1687, #1394, #724, #1032, #1628, #1753, #1436, #474, #316, #216, #1189, #54, #1081, #391, #717, #1540, #1020, #1072 ) ) ;
#1989 = ORIENTED_EDGE ( 'NONE', *, *, #501, .F. ) ;
#1990 = CARTESIAN_POINT ( 'NONE',  ( 0.6432785090901623759, -0.007147531749551249564, -0.02861329136282700358 ) ) ;
#1991 = PLANE ( 'NONE',  #493 ) ;
#1992 = CIRCLE ( 'NONE', #985, 0.1929833572379131001 ) ;
#1993 = VECTOR ( 'NONE', #1828, 1000.000000000000000 ) ;
#1994 = ORIENTED_EDGE ( 'NONE', *, *, #538, .F. ) ;
#1995 = CARTESIAN_POINT ( 'NONE',  ( -0.8201298815653930152, 0.1768521390078870714, 0.02424866220157087873 ) ) ;
#1996 = AXIS2_PLACEMENT_3D ( 'NONE', #1844, #1042, #1805 ) ;
#1997 = PRODUCT_RELATED_PRODUCT_CATEGORY ( 'detail', '', ( #1629 ) ) ;
#1998 = CARTESIAN_POINT ( 'NONE',  ( 0.6432785090901623759, -0.2487955289853934771, 0.01693361017663851109 ) ) ;
ENDSEC;
END-ISO-10303-21;
