  0
SECTION
  2
HEADER
  9
$ACADVER
  1
AC1015
  9
$ACADMAINTVER
 70
     6
  9
$DWGCODEPAGE
  3
ANSI_936
  9
$INSBASE
 10
0.0
 20
0.0
 30
0.0
  9
$EXTMIN
 10
0.0
 20
0.0
 30
0.0
  9
$EXTMAX
 10
297.0
 20
210.0
 30
0.0
  9
$LIMMIN
 10
0.0
 20
0.0
  9
$LIMMAX
 10
297.0
 20
210.0
  9
$ORTHOMODE
 70
     0
  9
$REGENMODE
 70
     1
  9
$FILLMODE
 70
     1
  9
$QTEXTMODE
 70
     0
  9
$MIRRTEXT
 70
     1
  9
$LTSCALE
 40
1.0
  9
$ATTMODE
 70
     1
  9
$TEXTSIZE
 40
3.5
  9
$TRACEWID
 40
1.0
  9
$TEXTSTYLE
  7
Standard
  9
$CLAYER
  8
0
  9
$CELTYPE
  6
ByLayer
  9
$CECOLOR
 62
   256
  9
$CELTSCALE
 40
1.0
  9
$DISPSILH
 70
     0
  9
$DIMSCALE
 40
1.0
  9
$DIMASZ
 40
4.08
  9
$DIMEXO
 40
0.0
  9
$DIMDLI
 40
3.75
  9
$DIMRND
 40
0.0
  9
$DIMDLE
 40
0.0
  9
$DIMEXE
 40
2.0
  9
$DIMTP
 40
0.0
  9
$DIMTM
 40
0.0
  9
$DIMTXT
 40
3.5
  9
$DIMCEN
 40
2.5
  9
$DIMTSZ
 40
0.0
  9
$DIMTOL
 70
     0
  9
$DIMLIM
 70
     0
  9
$DIMTIH
 70
     1
  9
$DIMTOH
 70
     1
  9
$DIMSE1
 70
     0
  9
$DIMSE2
 70
     0
  9
$DIMTAD
 70
     1
  9
$DIMZIN
 70
     0
  9
$DIMBLK
  1

  9
$DIMASO
 70
     1
  9
$DIMSHO
 70
     1
  9
$DIMPOST
  1

  9
$DIMAPOST
  1

  9
$DIMALT
 70
     0
  9
$DIMALTD
 70
     3
  9
$DIMALTF
 40
0.0393700787
  9
$DIMLFAC
 40
2.0
  9
$DIMTOFL
 70
     1
  9
$DIMTVP
 40
0.0
  9
$DIMTIX
 70
     0
  9
$DIMSOXD
 70
     0
  9
$DIMSAH
 70
     0
  9
$DIMBLK1
  1

  9
$DIMBLK2
  1

  9
$DIMSTYLE
  2
ISO-25
  9
$DIMCLRD
 70
     0
  9
$DIMCLRE
 70
     0
  9
$DIMCLRT
 70
     0
  9
$DIMTFAC
 40
1.0
  9
$DIMGAP
 40
1.524
  9
$DIMJUST
 70
     0
  9
$DIMSD1
 70
     0
  9
$DIMSD2
 70
     0
  9
$DIMTOLJ
 70
     0
  9
$DIMTZIN
 70
     0
  9
$DIMALTZ
 70
     0
  9
$DIMALTTZ
 70
     0
  9
$DIMUPT
 70
     0
  9
$DIMDEC
 70
     2
  9
$DIMTDEC
 70
     2
  9
$DIMALTU
 70
     2
  9
$DIMALTTD
 70
     3
  9
$DIMTXSTY
  7
Standard
  9
$DIMAUNIT
 70
     0
  9
$DIMADEC
 70
     2
  9
$DIMALTRND
 40
0.0
  9
$DIMAZIN
 70
     0
  9
$DIMDSEP
 70
    44
  9
$DIMATFIT
 70
     3
  9
$DIMFRAC
 70
     0
  9
$DIMLDRBLK
  1

  9
$DIMLUNIT
 70
     2
  9
$DIMLWD
 70
    -2
  9
$DIMLWE
 70
    -2
  9
$DIMTMOVE
 70
     0
  9
$LUNITS
 70
     2
  9
$LUPREC
 70
     2
  9
$SKETCHINC
 40
1.0
  9
$FILLETRAD
 40
0.0
  9
$AUNITS
 70
     0
  9
$AUPREC
 70
     2
  9
$MENU
  1
.
  9
$ELEVATION
 40
0.0
  9
$PELEVATION
 40
0.0
  9
$THICKNESS
 40
0.0
  9
$LIMCHECK
 70
     0
  9
$CHAMFERA
 40
0.0
  9
$CHAMFERB
 40
0.0
  9
$CHAMFERC
 40
0.0
  9
$CHAMFERD
 40
0.0
  9
$SKPOLY
 70
     0
  9
$TDCREATE
 40
2461214.236401609
  9
$TDUCREATE
 40
2461213.903068276
  9
$TDUPDATE
 40
2461214.236401991
  9
$TDUUPDATE
 40
2461213.903068658
  9
$TDINDWG
 40
0.0000000116
  9
$TDUSRTIMER
 40
0.0000000116
  9
$USRTIMER
 70
     1
  9
$ANGBASE
 50
0.0
  9
$ANGDIR
 70
     0
  9
$PDMODE
 70
     0
  9
$PDSIZE
 40
-1.0
  9
$PLINEWID
 40
0.0
  9
$SPLFRAME
 70
     0
  9
$SPLINETYPE
 70
     6
  9
$SPLINESEGS
 70
     8
  9
$HANDSEED
  5
1BA
  9
$SURFTAB1
 70
     6
  9
$SURFTAB2
 70
     6
  9
$SURFTYPE
 70
     6
  9
$SURFU
 70
     6
  9
$SURFV
 70
     6
  9
$UCSBASE
  2

  9
$UCSNAME
  2

  9
$UCSORG
 10
0.0
 20
0.0
 30
0.0
  9
$UCSXDIR
 10
1.0
 20
0.0
 30
0.0
  9
$UCSYDIR
 10
0.0
 20
1.0
 30
0.0
  9
$UCSORTHOREF
  2

  9
$UCSORTHOVIEW
 70
     0
  9
$UCSORGTOP
 10
0.0
 20
0.0
 30
0.0
  9
$UCSORGBOTTOM
 10
0.0
 20
0.0
 30
0.0
  9
$UCSORGLEFT
 10
0.0
 20
0.0
 30
0.0
  9
$UCSORGRIGHT
 10
0.0
 20
0.0
 30
0.0
  9
$UCSORGFRONT
 10
0.0
 20
0.0
 30
0.0
  9
$UCSORGBACK
 10
0.0
 20
0.0
 30
0.0
  9
$PUCSBASE
  2

  9
$PUCSNAME
  2

  9
$PUCSORG
 10
0.0
 20
0.0
 30
0.0
  9
$PUCSXDIR
 10
1.0
 20
0.0
 30
0.0
  9
$PUCSYDIR
 10
0.0
 20
1.0
 30
0.0
  9
$PUCSORTHOREF
  2

  9
$PUCSORTHOVIEW
 70
     0
  9
$PUCSORGTOP
 10
0.0
 20
0.0
 30
0.0
  9
$PUCSORGBOTTOM
 10
0.0
 20
0.0
 30
0.0
  9
$PUCSORGLEFT
 10
0.0
 20
0.0
 30
0.0
  9
$PUCSORGRIGHT
 10
0.0
 20
0.0
 30
0.0
  9
$PUCSORGFRONT
 10
0.0
 20
0.0
 30
0.0
  9
$PUCSORGBACK
 10
0.0
 20
0.0
 30
0.0
  9
$USERI1
 70
     0
  9
$USERI2
 70
     0
  9
$USERI3
 70
     0
  9
$USERI4
 70
     0
  9
$USERI5
 70
     0
  9
$USERR1
 40
0.0
  9
$USERR2
 40
0.0
  9
$USERR3
 40
0.0
  9
$USERR4
 40
0.0
  9
$USERR5
 40
0.0
  9
$WORLDVIEW
 70
     1
  9
$SHADEDGE
 70
     3
  9
$SHADEDIF
 70
    70
  9
$TILEMODE
 70
     1
  9
$MAXACTVP
 70
    64
  9
$PINSBASE
 10
0.0
 20
0.0
 30
0.0
  9
$PLIMCHECK
 70
     0
  9
$PEXTMIN
 10
1.0000000000E+20
 20
1.0000000000E+20
 30
1.0000000000E+20
  9
$PEXTMAX
 10
-1.0000000000E+20
 20
-1.0000000000E+20
 30
-1.0000000000E+20
  9
$PLIMMIN
 10
0.0
 20
0.0
  9
$PLIMMAX
 10
420.0
 20
297.0
  9
$UNITMODE
 70
     0
  9
$VISRETAIN
 70
     1
  9
$PLINEGEN
 70
     0
  9
$PSLTSCALE
 70
     1
  9
$TREEDEPTH
 70
  3020
  9
$CMLSTYLE
  2
Standard
  9
$CMLJUST
 70
     0
  9
$CMLSCALE
 40
20.0
  9
$PROXYGRAPHICS
 70
     1
  9
$MEASUREMENT
 70
     1
  9
$CELWEIGHT
370
    -1
  9
$ENDCAPS
280
     0
  9
$JOINSTYLE
280
     0
  9
$LWDISPLAY
290
     1
  9
$INSUNITS
 70
     4
  9
$HYPERLINKBASE
  1

  9
$STYLESHEET
  1

  9
$XEDIT
290
     1
  9
$CEPSNTYPE
380
     0
  9
$PSTYLEMODE
290
     1
  9
$FINGERPRINTGUID
  2
{a894d484-6217-4ddb-b5a7-f5103b1b1d2f}
  9
$VERSIONGUID
  2
{FAEB1C32-E019-11D5-929B-00C0DF256EC4}
  9
$EXTNAMES
290
     1
  9
$PSVPSCALE
 40
0.0
  9
$OLESTARTUP
290
     0
  0
ENDSEC
  0
SECTION
  2
CLASSES
  0
CLASS
  1
ACDBDICTIONARYWDFLT
  2
AcDbDictionaryWithDefault
  3
ObjectDBX Classes
 90
        0
280
     0
281
     0
  0
CLASS
  1
VISUALSTYLE
  2
AcDbVisualStyle
  3
ObjectDBX Classes
 90
     4095
280
     0
281
     0
  0
CLASS
  1
MATERIAL
  2
AcDbMaterial
  3
ObjectDBX Classes
 90
     1153
280
     0
281
     0
  0
CLASS
  1
SCALE
  2
AcDbScale
  3
ObjectDBX Classes
 90
     1153
280
     0
281
     0
  0
CLASS
  1
TABLESTYLE
  2
AcDbTableStyle
  3
ObjectDBX Classes
 90
     4095
280
     0
281
     0
  0
CLASS
  1
MLEADERSTYLE
  2
AcDbMLeaderStyle
  3
ACDB_MLEADERSTYLE_CLASS
 90
     4095
280
     0
281
     0
  0
CLASS
  1
SUN
  2
AcDbSun
  3
SCENEOE
 90
     1153
280
     0
281
     0
  0
CLASS
  1
ACDBPLACEHOLDER
  2
AcDbPlaceHolder
  3
ObjectDBX Classes
 90
        0
280
     0
281
     0
  0
CLASS
  1
LAYOUT
  2
AcDbLayout
  3
ObjectDBX Classes
 90
        0
280
     0
281
     0
  0
ENDSEC
  0
SECTION
  2
TABLES
  0
TABLE
  2
VPORT
  5
8
330
0
100
AcDbSymbolTable
 70
     1
  0
VPORT
  5
29
330
8
100
AcDbSymbolTableRecord
100
AcDbViewportTableRecord
  2
*Active
 70
     0
 10
0.0
 20
0.0
 11
1.0
 21
1.0
 12
148.5
 22
105.0
 13
0.0
 23
0.0
 14
10.0
 24
10.0
 15
10.0
 25
10.0
 16
0.0
 26
0.0
 36
1.0
 17
0.0
 27
0.0
 37
0.0
 40
210.0
 41
1.4142857143
 42
50.0
 43
0.0
 44
0.0
 50
0.0
 51
0.0
 71
     0
 72
  2000
 73
     1
 74
     3
 75
     0
 76
     0
 77
     0
 78
     0
281
     0
 65
     1
110
0.0
120
0.0
130
0.0
111
1.0
121
0.0
131
0.0
112
0.0
122
1.0
132
0.0
 79
     0
146
0.0
  0
ENDTAB
  0
TABLE
  2
LTYPE
  5
5
330
0
100
AcDbSymbolTable
 70
     6
  0
LTYPE
  5
14
330
5
100
AcDbSymbolTableRecord
100
AcDbLinetypeTableRecord
  2
ByBlock
 70
     0
  3

 72
    65
 73
     0
 40
0.0
  0
LTYPE
  5
15
330
5
100
AcDbSymbolTableRecord
100
AcDbLinetypeTableRecord
  2
ByLayer
 70
     0
  3

 72
    65
 73
     0
 40
0.0
  0
LTYPE
  5
16
330
5
100
AcDbSymbolTableRecord
100
AcDbLinetypeTableRecord
  2
Continuous
 70
     0
  3
Solid line
 72
    65
 73
     0
 40
0.0
  0
LTYPE
  5
5E
330
5
100
AcDbSymbolTableRecord
100
AcDbLinetypeTableRecord
  2
HIDDEN
 70
     0
  3
Hidden __ __ __ __ __ __ __ __ __ __ __ __ __ __
 72
    65
 73
     2
 40
1.905
 49
1.27
 74
     0
 49
-0.635
 74
     0
  0
LTYPE
  5
5F
330
5
100
AcDbSymbolTableRecord
100
AcDbLinetypeTableRecord
  2
PHANTOM
 70
     0
  3
Phantom ______  __  __  ______  __  __  ______
 72
    65
 73
     6
 40
12.7
 49
6.35
 74
     0
 49
-1.27
 74
     0
 49
1.27
 74
     0
 49
-1.27
 74
     0
 49
1.27
 74
     0
 49
-1.27
 74
     0
  0
LTYPE
  5
60
330
5
100
AcDbSymbolTableRecord
100
AcDbLinetypeTableRecord
  2
CENTER
 70
     0
  3
Center ____ _ ____ _ ____ _ ____ _ ____ _ ____
 72
    65
 73
     4
 40
10.16
 49
6.35
 74
     0
 49
-1.27
 74
     0
 49
1.27
 74
     0
 49
-1.27
 74
     0
  0
LTYPE
  5
61
330
5
100
AcDbSymbolTableRecord
100
AcDbLinetypeTableRecord
  2
CENTERX2
 70
     0
  3
Center (2x) ________  __  ________  __  _____
 72
    65
 73
     4
 40
20.32
 49
12.7
 74
     0
 49
-2.54
 74
     0
 49
2.54
 74
     0
 49
-2.54
 74
     0
  0
LTYPE
  5
62
330
5
100
AcDbSymbolTableRecord
100
AcDbLinetypeTableRecord
  2
DOT2
 70
     0
  3
Dot (.5x) ........................................
 72
    65
 73
     2
 40
0.635
 49
0.0
 74
     0
 49
-0.635
 74
     0
  0
ENDTAB
  0
TABLE
  2
LAYER
  5
2
330
0
100
AcDbSymbolTable
 70
    14
  0
LAYER
  5
10
330
2
100
AcDbSymbolTableRecord
100
AcDbLayerTableRecord
  2
0
 70
     0
 62
     7
  6
Continuous
370
    -3
390
F
  0
LAYER
  5
63
330
2
100
AcDbSymbolTableRecord
100
AcDbLayerTableRecord
  2
SLD-0
 70
     0
 62
     7
  6
Continuous
370
    -3
390
F
  0
LAYER
  5
64
330
2
100
AcDbSymbolTableRecord
100
AcDbLayerTableRecord
  2
5
 70
     0
 62
     7
  6
Continuous
370
    -3
390
F
  0
LAYER
  5
65
330
2
100
AcDbSymbolTableRecord
100
AcDbLayerTableRecord
  2
9
 70
     0
 62
     7
  6
Continuous
370
    -3
390
F
  0
LAYER
  5
66
330
2
100
AcDbSymbolTableRecord
100
AcDbLayerTableRecord
  2
10
 70
     0
 62
     7
  6
Continuous
370
    -3
390
F
  0
LAYER
  5
67
330
2
100
AcDbSymbolTableRecord
100
AcDbLayerTableRecord
  2
轮廓实线层
 70
     0
 62
     7
  6
Continuous
370
    50
390
F
  0
LAYER
  5
68
330
2
100
AcDbSymbolTableRecord
100
AcDbLayerTableRecord
  2
细线层
 70
     0
 62
     4
  6
Continuous
370
    25
390
F
  0
LAYER
  5
69
330
2
100
AcDbSymbolTableRecord
100
AcDbLayerTableRecord
  2
中心线层
 70
     0
 62
     1
  6
CENTERX2
370
    25
390
F
  0
LAYER
  5
6A
330
2
100
AcDbSymbolTableRecord
100
AcDbLayerTableRecord
  2
虚线层
 70
     0
 62
     6
  6
HIDDEN
370
    25
390
F
  0
LAYER
  5
6B
330
2
100
AcDbSymbolTableRecord
100
AcDbLayerTableRecord
  2
剖面线层
 70
     0
 62
     2
  6
Continuous
370
    25
390
F
  0
LAYER
  5
6C
330
2
100
AcDbSymbolTableRecord
100
AcDbLayerTableRecord
  2
文字层
 70
     0
 62
     3
  6
Continuous
370
    25
390
F
  0
LAYER
  5
6D
330
2
100
AcDbSymbolTableRecord
100
AcDbLayerTableRecord
  2
标注层
 70
     0
 62
     4
  6
Continuous
370
    25
390
F
  0
LAYER
  5
6E
330
2
100
AcDbSymbolTableRecord
100
AcDbLayerTableRecord
  2
符号标注层
 70
     0
 62
    31
  6
Continuous
370
    25
390
F
  0
LAYER
  5
6F
330
2
100
AcDbSymbolTableRecord
100
AcDbLayerTableRecord
  2
双点划线层
 70
     0
 62
     6
  6
PHANTOM
370
    25
390
F
  0
ENDTAB
  0
TABLE
  2
STYLE
  5
3
330
0
100
AcDbSymbolTable
 70
     1
  0
STYLE
  5
11
330
3
100
AcDbSymbolTableRecord
100
AcDbTextStyleTableRecord
  2
Standard
 70
     0
 40
0.0
 41
1.0
 50
0.0
 71
     0
 42
3.5
  3
txt
  4

  0
ENDTAB
  0
TABLE
  2
VIEW
  5
6
330
0
100
AcDbSymbolTable
 70
     0
  0
ENDTAB
  0
TABLE
  2
UCS
  5
7
330
0
100
AcDbSymbolTable
 70
     0
  0
ENDTAB
  0
TABLE
  2
APPID
  5
9
330
0
100
AcDbSymbolTable
 70
     1
  0
APPID
  5
12
330
9
100
AcDbSymbolTableRecord
100
AcDbRegAppTableRecord
  2
ACAD
 70
     0
  0
ENDTAB
  0
TABLE
  2
DIMSTYLE
  5
A
330
0
100
AcDbSymbolTable
 70
     1
100
AcDbDimStyleTable
  0
DIMSTYLE
105
27
330
A
100
AcDbSymbolTableRecord
100
AcDbDimStyleTableRecord
  2
ISO-25
 70
     0
 41
2.5
 42
0.625
 43
3.75
 44
1.25
 73
     0
 74
     0
 77
     1
 78
     8
140
2.5
141
2.5
143
0.0393700787
147
0.625
171
     3
172
     1
178
     0
271
     2
272
     2
274
     3
278
    44
283
     0
284
     8
340
11
  0
ENDTAB
  0
TABLE
  2
BLOCK_RECORD
  5
1
330
0
100
AcDbSymbolTable
 70
     7
  0
BLOCK_RECORD
  5
1F
330
1
100
AcDbSymbolTableRecord
100
AcDbBlockTableRecord
  2
*Model_Space
340
22
  0
BLOCK_RECORD
  5
1B
330
1
100
AcDbSymbolTableRecord
100
AcDbBlockTableRecord
  2
*Paper_Space
340
1E
  0
BLOCK_RECORD
  5
23
330
1
100
AcDbSymbolTableRecord
100
AcDbBlockTableRecord
  2
*Paper_Space0
340
26
  0
BLOCK_RECORD
  5
10E
330
1
100
AcDbSymbolTableRecord
100
AcDbBlockTableRecord
  2
SW_CENTERMARKSYMBOL_0
340
0
102
{BLKREFS
331
119
102
}
  0
BLOCK_RECORD
  5
11A
330
1
100
AcDbSymbolTableRecord
100
AcDbBlockTableRecord
  2
SW_CENTERMARKSYMBOL_1
340
0
102
{BLKREFS
331
125
102
}
  0
BLOCK_RECORD
  5
126
330
1
100
AcDbSymbolTableRecord
100
AcDbBlockTableRecord
  2
SW_CENTERMARKSYMBOL_2
340
0
102
{BLKREFS
331
131
102
}
  0
BLOCK_RECORD
  5
132
330
1
100
AcDbSymbolTableRecord
100
AcDbBlockTableRecord
  2
SW_CENTERMARKSYMBOL_3
340
0
102
{BLKREFS
331
13D
102
}
  0
BLOCK_RECORD
  5
13E
330
1
100
AcDbSymbolTableRecord
100
AcDbBlockTableRecord
  2
SW_CENTERMARKSYMBOL_4
340
0
102
{BLKREFS
331
149
102
}
  0
BLOCK_RECORD
  5
14A
330
1
100
AcDbSymbolTableRecord
100
AcDbBlockTableRecord
  2
SW_CENTERMARKSYMBOL_5
340
0
102
{BLKREFS
331
155
102
}
  0
ENDTAB
  0
ENDSEC
  0
SECTION
  2
BLOCKS
  0
BLOCK
  5
20
330
1F
100
AcDbEntity
  8
0
100
AcDbBlockBegin
  2
*Model_Space
 70
     0
 10
0.0
 20
0.0
 30
0.0
  3
*Model_Space
  1

  0
ENDBLK
  5
21
330
1F
100
AcDbEntity
  8
0
100
AcDbBlockEnd
  0
BLOCK
  5
1C
330
1B
100
AcDbEntity
 67
     1
  8
0
100
AcDbBlockBegin
  2
*Paper_Space
 70
     0
 10
0.0
 20
0.0
 30
0.0
  3
*Paper_Space
  1

  0
ENDBLK
  5
1D
330
1B
100
AcDbEntity
 67
     1
  8
0
100
AcDbBlockEnd
  0
BLOCK
  5
24
330
23
100
AcDbEntity
  8
0
100
AcDbBlockBegin
  2
*Paper_Space0
 70
     0
 10
0.0
 20
0.0
 30
0.0
  3
*Paper_Space0
  1

  0
ENDBLK
  5
25
330
23
100
AcDbEntity
  8
0
100
AcDbBlockEnd
  0
BLOCK
  5
10F
330
10E
100
AcDbEntity
  8
0
100
AcDbBlockBegin
  2
SW_CENTERMARKSYMBOL_0
 70
     0
 10
0.0
 20
0.0
 30
0.0
  3
SW_CENTERMARKSYMBOL_0
  1

  0
LINE
  5
111
330
10E
100
AcDbEntity
  8
10
 62
     0
100
AcDbLine
 10
0.0
 20
0.0
 30
0.0
 11
0.0
 21
2.5
 31
0.0
  0
LINE
  5
112
330
10E
100
AcDbEntity
  8
10
 62
     0
100
AcDbLine
 10
0.0
 20
0.0
 30
0.0
 11
-2.5
 21
0.0
 31
0.0
  0
LINE
  5
113
330
10E
100
AcDbEntity
  8
10
 62
     0
100
AcDbLine
 10
0.0
 20
0.0
 30
0.0
 11
0.0
 21
-2.5
 31
0.0
  0
LINE
  5
114
330
10E
100
AcDbEntity
  8
10
 62
     0
100
AcDbLine
 10
0.0
 20
0.0
 30
0.0
 11
2.5
 21
0.0
 31
0.0
  0
LINE
  5
115
330
10E
100
AcDbEntity
  8
10
 62
     0
100
AcDbLine
 10
0.0
 20
5.0
 30
0.0
 11
0.0
 21
12.4999958077
 31
0.0
  0
LINE
  5
116
330
10E
100
AcDbEntity
  8
10
 62
     0
100
AcDbLine
 10
-5.0
 20
0.0
 30
0.0
 11
-12.4999958077
 21
0.0
 31
0.0
  0
LINE
  5
117
330
10E
100
AcDbEntity
  8
10
 62
     0
100
AcDbLine
 10
0.0
 20
-5.0
 30
0.0
 11
0.0
 21
-12.4999958077
 31
0.0
  0
LINE
  5
118
330
10E
100
AcDbEntity
  8
10
 62
     0
100
AcDbLine
 10
5.0
 20
0.0
 30
0.0
 11
12.4999958077
 21
0.0
 31
0.0
  0
ENDBLK
  5
110
330
10E
100
AcDbEntity
  8
0
100
AcDbBlockEnd
  0
BLOCK
  5
11B
330
11A
100
AcDbEntity
  8
0
100
AcDbBlockBegin
  2
SW_CENTERMARKSYMBOL_1
 70
     0
 10
0.0
 20
0.0
 30
0.0
  3
SW_CENTERMARKSYMBOL_1
  1

  0
LINE
  5
11D
330
11A
100
AcDbEntity
  8
10
 62
     0
100
AcDbLine
 10
0.0
 20
0.0
 30
0.0
 11
0.0
 21
2.5
 31
0.0
  0
LINE
  5
11E
330
11A
100
AcDbEntity
  8
10
 62
     0
100
AcDbLine
 10
0.0
 20
0.0
 30
0.0
 11
-2.5
 21
0.0
 31
0.0
  0
LINE
  5
11F
330
11A
100
AcDbEntity
  8
10
 62
     0
100
AcDbLine
 10
0.0
 20
0.0
 30
0.0
 11
0.0
 21
-2.5
 31
0.0
  0
LINE
  5
120
330
11A
100
AcDbEntity
  8
10
 62
     0
100
AcDbLine
 10
0.0
 20
0.0
 30
0.0
 11
2.5
 21
0.0
 31
0.0
  0
LINE
  5
121
330
11A
100
AcDbEntity
  8
10
 62
     0
100
AcDbLine
 10
0.0
 20
2.5
 30
0.0
 11
0.0
 21
4.1499993083
 31
0.0
  0
LINE
  5
122
330
11A
100
AcDbEntity
  8
10
 62
     0
100
AcDbLine
 10
-2.5
 20
0.0
 30
0.0
 11
-4.1499993083
 21
0.0
 31
0.0
  0
LINE
  5
123
330
11A
100
AcDbEntity
  8
10
 62
     0
100
AcDbLine
 10
0.0
 20
-2.5
 30
0.0
 11
0.0
 21
-4.1499993083
 31
0.0
  0
LINE
  5
124
330
11A
100
AcDbEntity
  8
10
 62
     0
100
AcDbLine
 10
2.5
 20
0.0
 30
0.0
 11
4.1499993083
 21
0.0
 31
0.0
  0
ENDBLK
  5
11C
330
11A
100
AcDbEntity
  8
0
100
AcDbBlockEnd
  0
BLOCK
  5
127
330
126
100
AcDbEntity
  8
0
100
AcDbBlockBegin
  2
SW_CENTERMARKSYMBOL_2
 70
     0
 10
0.0
 20
0.0
 30
0.0
  3
SW_CENTERMARKSYMBOL_2
  1

  0
LINE
  5
129
330
126
100
AcDbEntity
  8
10
 62
     0
100
AcDbLine
 10
0.0
 20
0.0
 30
0.0
 11
0.0
 21
2.5
 31
0.0
  0
LINE
  5
12A
330
126
100
AcDbEntity
  8
10
 62
     0
100
AcDbLine
 10
0.0
 20
0.0
 30
0.0
 11
-2.5
 21
0.0
 31
0.0
  0
LINE
  5
12B
330
126
100
AcDbEntity
  8
10
 62
     0
100
AcDbLine
 10
0.0
 20
0.0
 30
0.0
 11
0.0
 21
-2.5
 31
0.0
  0
LINE
  5
12C
330
126
100
AcDbEntity
  8
10
 62
     0
100
AcDbLine
 10
0.0
 20
0.0
 30
0.0
 11
2.5
 21
0.0
 31
0.0
  0
LINE
  5
12D
330
126
100
AcDbEntity
  8
10
 62
     0
100
AcDbLine
 10
0.0
 20
2.5
 30
0.0
 11
0.0
 21
4.9499989729
 31
0.0
  0
LINE
  5
12E
330
126
100
AcDbEntity
  8
10
 62
     0
100
AcDbLine
 10
-2.5
 20
0.0
 30
0.0
 11
-4.9499989729
 21
0.0
 31
0.0
  0
LINE
  5
12F
330
126
100
AcDbEntity
  8
10
 62
     0
100
AcDbLine
 10
0.0
 20
-2.5
 30
0.0
 11
0.0
 21
-4.9499989729
 31
0.0
  0
LINE
  5
130
330
126
100
AcDbEntity
  8
10
 62
     0
100
AcDbLine
 10
2.5
 20
0.0
 30
0.0
 11
4.9499989729
 21
0.0
 31
0.0
  0
ENDBLK
  5
128
330
126
100
AcDbEntity
  8
0
100
AcDbBlockEnd
  0
BLOCK
  5
133
330
132
100
AcDbEntity
  8
0
100
AcDbBlockBegin
  2
SW_CENTERMARKSYMBOL_3
 70
     0
 10
0.0
 20
0.0
 30
0.0
  3
SW_CENTERMARKSYMBOL_3
  1

  0
LINE
  5
135
330
132
100
AcDbEntity
  8
10
 62
     0
100
AcDbLine
 10
0.0
 20
0.0
 30
0.0
 11
0.0
 21
2.5
 31
0.0
  0
LINE
  5
136
330
132
100
AcDbEntity
  8
10
 62
     0
100
AcDbLine
 10
0.0
 20
0.0
 30
0.0
 11
-2.5
 21
0.0
 31
0.0
  0
LINE
  5
137
330
132
100
AcDbEntity
  8
10
 62
     0
100
AcDbLine
 10
0.0
 20
0.0
 30
0.0
 11
0.0
 21
-2.5
 31
0.0
  0
LINE
  5
138
330
132
100
AcDbEntity
  8
10
 62
     0
100
AcDbLine
 10
0.0
 20
0.0
 30
0.0
 11
2.5
 21
0.0
 31
0.0
  0
LINE
  5
139
330
132
100
AcDbEntity
  8
10
 62
     0
100
AcDbLine
 10
0.0
 20
2.5
 30
0.0
 11
0.0
 21
4.1499993083
 31
0.0
  0
LINE
  5
13A
330
132
100
AcDbEntity
  8
10
 62
     0
100
AcDbLine
 10
-2.5
 20
0.0
 30
0.0
 11
-4.1499993083
 21
0.0
 31
0.0
  0
LINE
  5
13B
330
132
100
AcDbEntity
  8
10
 62
     0
100
AcDbLine
 10
0.0
 20
-2.5
 30
0.0
 11
0.0
 21
-4.1499993083
 31
0.0
  0
LINE
  5
13C
330
132
100
AcDbEntity
  8
10
 62
     0
100
AcDbLine
 10
2.5
 20
0.0
 30
0.0
 11
4.1499993083
 21
0.0
 31
0.0
  0
ENDBLK
  5
134
330
132
100
AcDbEntity
  8
0
100
AcDbBlockEnd
  0
BLOCK
  5
13F
330
13E
100
AcDbEntity
  8
0
100
AcDbBlockBegin
  2
SW_CENTERMARKSYMBOL_4
 70
     0
 10
0.0
 20
0.0
 30
0.0
  3
SW_CENTERMARKSYMBOL_4
  1

  0
LINE
  5
141
330
13E
100
AcDbEntity
  8
10
 62
     0
100
AcDbLine
 10
0.0
 20
0.0
 30
0.0
 11
0.0
 21
2.5
 31
0.0
  0
LINE
  5
142
330
13E
100
AcDbEntity
  8
10
 62
     0
100
AcDbLine
 10
0.0
 20
0.0
 30
0.0
 11
-2.5
 21
0.0
 31
0.0
  0
LINE
  5
143
330
13E
100
AcDbEntity
  8
10
 62
     0
100
AcDbLine
 10
0.0
 20
0.0
 30
0.0
 11
0.0
 21
-2.5
 31
0.0
  0
LINE
  5
144
330
13E
100
AcDbEntity
  8
10
 62
     0
100
AcDbLine
 10
0.0
 20
0.0
 30
0.0
 11
2.5
 21
0.0
 31
0.0
  0
LINE
  5
145
330
13E
100
AcDbEntity
  8
10
 62
     0
100
AcDbLine
 10
0.0
 20
5.0
 30
0.0
 11
0.0
 21
6.4999984507
 31
0.0
  0
LINE
  5
146
330
13E
100
AcDbEntity
  8
10
 62
     0
100
AcDbLine
 10
-5.0
 20
0.0
 30
0.0
 11
-6.4999984507
 21
0.0
 31
0.0
  0
LINE
  5
147
330
13E
100
AcDbEntity
  8
10
 62
     0
100
AcDbLine
 10
0.0
 20
-5.0
 30
0.0
 11
0.0
 21
-6.4999984507
 31
0.0
  0
LINE
  5
148
330
13E
100
AcDbEntity
  8
10
 62
     0
100
AcDbLine
 10
5.0
 20
0.0
 30
0.0
 11
6.4999984507
 21
0.0
 31
0.0
  0
ENDBLK
  5
140
330
13E
100
AcDbEntity
  8
0
100
AcDbBlockEnd
  0
BLOCK
  5
14B
330
14A
100
AcDbEntity
  8
0
100
AcDbBlockBegin
  2
SW_CENTERMARKSYMBOL_5
 70
     0
 10
0.0
 20
0.0
 30
0.0
  3
SW_CENTERMARKSYMBOL_5
  1

  0
LINE
  5
14D
330
14A
100
AcDbEntity
  8
10
 62
     0
100
AcDbLine
 10
0.0
 20
0.0
 30
0.0
 11
0.0
 21
2.5
 31
0.0
  0
LINE
  5
14E
330
14A
100
AcDbEntity
  8
10
 62
     0
100
AcDbLine
 10
0.0
 20
0.0
 30
0.0
 11
-2.5
 21
0.0
 31
0.0
  0
LINE
  5
14F
330
14A
100
AcDbEntity
  8
10
 62
     0
100
AcDbLine
 10
0.0
 20
0.0
 30
0.0
 11
0.0
 21
-2.5
 31
0.0
  0
LINE
  5
150
330
14A
100
AcDbEntity
  8
10
 62
     0
100
AcDbLine
 10
0.0
 20
0.0
 30
0.0
 11
2.5
 21
0.0
 31
0.0
  0
LINE
  5
151
330
14A
100
AcDbEntity
  8
10
 62
     0
100
AcDbLine
 10
0.0
 20
5.0
 30
0.0
 11
0.0
 21
6.4999984507
 31
0.0
  0
LINE
  5
152
330
14A
100
AcDbEntity
  8
10
 62
     0
100
AcDbLine
 10
-5.0
 20
0.0
 30
0.0
 11
-6.4999984507
 21
0.0
 31
0.0
  0
LINE
  5
153
330
14A
100
AcDbEntity
  8
10
 62
     0
100
AcDbLine
 10
0.0
 20
-5.0
 30
0.0
 11
0.0
 21
-6.4999984507
 31
0.0
  0
LINE
  5
154
330
14A
100
AcDbEntity
  8
10
 62
     0
100
AcDbLine
 10
5.0
 20
0.0
 30
0.0
 11
6.4999984507
 21
0.0
 31
0.0
  0
ENDBLK
  5
14C
330
14A
100
AcDbEntity
  8
0
100
AcDbBlockEnd
  0
ENDSEC
  0
SECTION
  2
ENTITIES
  0
SPLINE
  5
70
330
1F
100
AcDbEntity
  8
0
  6
Continuous
 62
     7
370
    25
100
AcDbSpline
210
0.0
220
0.0
230
1.0
 70
     8
 71
     3
 72
     9
 73
     5
 74
     0
 42
0.00000001
 43
0.00000001
 40
0.0
 40
0.0
 40
0.0
 40
0.0
 40
0.5204089298824216
 40
1.0
 40
1.0
 40
1.0
 40
1.0
 10
111.6142750791845
 20
43.14443207209505
 30
0.0
 10
111.5720077453272
 20
43.18550542075877
 30
0.0
 10
111.4907882822661
 20
43.26443056271012
 30
0.0
 10
111.4632350624017
 20
43.48672241079372
 30
0.0
 10
111.4500207842018
 20
43.59333159609456
 30
0.0
  0
SPLINE
  5
71
330
1F
100
AcDbEntity
  8
0
  6
Continuous
 62
     7
370
    25
100
AcDbSpline
210
0.0
220
0.0
230
1.0
 70
     8
 71
     3
 72
     9
 73
     5
 74
     0
 42
0.00000001
 43
0.00000001
 40
0.0
 40
0.0
 40
0.0
 40
0.0
 40
0.4795905831392789
 40
0.9999999999999999
 40
0.9999999999999999
 40
0.9999999999999999
 40
0.9999999999999999
 10
106.5502905070733
 20
43.59342244172669
 30
0.0
 10
106.5370378320886
 20
43.48679648900684
 30
0.0
 10
106.5094045226563
 20
43.26446945326335
 30
0.0
 10
106.4280454474577
 20
43.18551875759078
 30
0.0
 10
106.3857054185772
 20
43.14443207209507
 30
0.0
  0
LINE
  5
72
330
1F
100
AcDbEntity
  8
0
  6
Continuous
 62
     7
370
    25
100
AcDbLine
 10
106.549991276
 20
45.7500145589
 30
0.0
 11
106.549991276
 21
43.6051175896
 31
0.0
  0
LINE
  5
73
330
1F
100
AcDbEntity
  8
0
  6
Continuous
 62
     7
370
    25
100
AcDbLine
 10
111.4499892218
 20
43.6047204185
 30
0.0
 11
111.4499892218
 21
45.7500145589
 31
0.0
  0
ARC
  5
74
330
1F
100
AcDbEntity
  8
0
  6
Continuous
 62
     7
370
    25
100
AcDbCircle
 10
84.7999992454
 20
45.0500148523
 30
0.0
 40
1.79999924538231
100
AcDbArc
 50
180.0
 51
270.0
  0
ARC
  5
75
330
1F
100
AcDbEntity
  8
0
  6
Continuous
 62
     7
370
    25
100
AcDbCircle
 10
61.2000091393
 20
45.0500148523
 30
0.0
 40
1.799999245382303
100
AcDbArc
 50
270.0
 51
0.0
  0
LINE
  5
76
330
1F
100
AcDbEntity
  8
0
  6
Continuous
 62
     7
370
    25
100
AcDbLine
 10
83.0
 20
67.9500052519
 30
0.0
 11
82.7000001258
 21
68.2500051262
 31
0.0
  0
LINE
  5
77
330
1F
100
AcDbEntity
  8
0
  6
Continuous
 62
     7
370
    25
100
AcDbLine
 10
63.3000082589
 20
68.2500051262
 30
0.0
 11
63.0000083846
 21
67.9500052519
 31
0.0
  0
LINE
  5
78
330
1F
100
AcDbEntity
  8
0
  6
Continuous
 62
     7
370
    25
100
AcDbLine
 10
63.0000083846
 20
67.9500052519
 30
0.0
 11
63.0000083846
 21
45.0500148523
 31
0.0
  0
LINE
  5
79
330
1F
100
AcDbEntity
  8
0
  6
Continuous
 62
     7
370
    25
100
AcDbLine
 10
83.0
 20
45.0500148523
 30
0.0
 11
83.0
 21
67.9500052519
 31
0.0
  0
LINE
  5
7A
330
1F
100
AcDbEntity
  8
0
  6
Continuous
 62
     7
370
    25
100
AcDbLine
 10
78.5000018865
 20
85.4499979154
 30
0.0
 11
78.2000020123
 21
85.7499977896
 31
0.0
  0
LINE
  5
7B
330
1F
100
AcDbEntity
  8
0
  6
Continuous
 62
     7
370
    25
100
AcDbLine
 10
67.8000063723
 20
85.7499977896
 30
0.0
 11
67.5000064981
 21
85.4499979154
 31
0.0
  0
LINE
  5
7C
330
1F
100
AcDbEntity
  8
0
  6
Continuous
 62
     7
370
    25
100
AcDbLine
 10
67.5000064981
 20
85.4499979154
 30
0.0
 11
67.5000064981
 21
68.2500051262
 31
0.0
  0
LINE
  5
7D
330
1F
100
AcDbEntity
  8
0
  6
Continuous
 62
     7
370
    25
100
AcDbLine
 10
78.5000018865
 20
68.2500051262
 30
0.0
 11
78.5000018865
 21
85.4499979154
 31
0.0
  0
ARC
  5
7E
330
1F
100
AcDbEntity
  8
0
  6
Continuous
 62
     7
370
    25
100
AcDbCircle
 10
112.4499888025
 20
44.2500151877
 30
0.0
 40
0.9999995807679483
100
AcDbArc
 50
180.0
 51
270.0
  0
ARC
  5
7F
330
1F
100
AcDbEntity
  8
0
  6
Continuous
 62
     7
370
    25
100
AcDbCircle
 10
105.5499916952
 20
44.2500151877
 30
0.0
 40
0.9999995807679483
100
AcDbArc
 50
270.0
 51
0.0
  0
LINE
  5
80
330
1F
100
AcDbEntity
  8
0
  6
Continuous
 62
     7
370
    25
100
AcDbLine
 10
132.999980315
 20
28.2500218954
 30
0.0
 11
131.1759105373
 21
35.5268972438
 31
0.0
  0
LINE
  5
81
330
1F
100
AcDbEntity
  8
0
  6
Continuous
 62
     7
370
    25
100
AcDbLine
 10
127.8452910292
 20
28.2500218954
 30
0.0
 11
132.999980315
 21
28.2500218954
 31
0.0
  0
LINE
  5
82
330
1F
100
AcDbEntity
  8
0
  6
Continuous
 62
     7
370
    25
100
AcDbLine
 10
34.8240897918
 20
35.5268973214
 30
0.0
 11
33.000019685
 21
28.2500218954
 31
0.0
  0
LINE
  5
83
330
1F
100
AcDbEntity
  8
0
  6
Continuous
 62
     7
370
    25
100
AcDbLine
 10
33.000019685
 20
28.2500218954
 30
0.0
 11
38.1547090225
 21
28.2500218954
 31
0.0
  0
LINE
  5
84
330
1F
100
AcDbEntity
  8
0
  6
Continuous
 62
     7
370
    25
100
AcDbLine
 10
127.8452910292
 20
28.2500218954
 30
0.0
 11
38.1547090225
 21
28.2500218954
 31
0.0
  0
SPLINE
  5
85
330
1F
100
AcDbEntity
  8
0
  6
Continuous
 62
     7
370
    25
100
AcDbSpline
210
0.0
220
0.0
230
1.0
 70
    11
 71
     3
 72
    15
 73
    11
 74
     0
 42
0.00000001
 43
0.00000001
 40
-3.14159265358979
 40
-3.14159265358979
 40
-3.14159265358979
 40
-3.14159265358979
 40
-2.69279370307697
 40
-2.24399475256414
 40
-1.34639685153848
 40
-0.448798950512828
 40
0.448798950512828
 40
1.34639685153848
 40
2.24399475256414
 40
3.14159265358979
 40
3.14159265358979
 40
3.14159265358979
 40
3.14159265358979
 10
122.999984826432
 20
36.78830391211319
 30
0.0
 10
123.6293958812859
 20
36.78830391211319
 30
0.0
 10
124.8839345525174
 20
36.86733888161719
 30
0.0
 10
126.9106424216135
 20
37.30350922474103
 30
0.0
 10
127.6930367651182
 20
38.2211525380132
 30
0.0
 10
125.0889551045162
 20
39.11032966953046
 30
0.0
 10
120.9066951501717
 20
39.11221546175793
 30
0.0
 10
118.3178994016521
 20
38.22181371499037
 30
0.0
 10
119.2369839490717
 20
37.11737728944438
 30
0.0
 10
121.7411627167248
 20
36.78830391211319
 30
0.0
 10
122.999984826432
 20
36.78830391211319
 30
0.0
  0
SPLINE
  5
86
330
1F
100
AcDbEntity
  8
0
  6
Continuous
 62
     7
370
    25
100
AcDbSpline
210
0.0
220
0.0
230
1.0
 70
     8
 71
     3
 72
    25
 73
    21
 74
     0
 42
0.00000001
 43
0.00000001
 40
0.0
 40
0.0
 40
0.0
 40
0.0
 40
0.03429537610766
 40
0.0915242736090129
 40
0.1472079041167183
 40
0.2045472368499408
 40
0.2593775996654611
 40
0.315937932091685
 40
0.3685161726390317
 40
0.4226722329055753
 40
0.474251287748538
 40
0.5274308488992984
 40
0.6283159534524962
 40
0.7304194883862806
 40
0.7823487707187929
 40
0.8357104113898377
 40
0.8890852402001986
 40
0.9438912255795673
 40
0.9997021877897705
 40
1.0
 40
1.0
 40
1.0
 40
1.0
 10
119.0139408479007
 20
37.72696403348302
 30
0.0
 10
119.0128125020682
 20
37.76459910411948
 30
0.0
 10
119.0098012788533
 20
37.86503604032369
 30
0.0
 10
119.1407925292927
 20
38.02552352612678
 30
0.0
 10
119.3906540139317
 20
38.2107261085109
 30
0.0
 10
119.7531702994782
 20
38.37842781507807
 30
0.0
 10
120.2186092296868
 20
38.52326654116721
 30
0.0
 10
120.7588023320514
 20
38.63688519675743
 30
0.0
 10
121.3655930843254
 20
38.72508669753881
 30
0.0
 10
122.0027004992257
 20
38.79065033552807
 30
0.0
 10
122.6725553204846
 20
38.82626180869901
 30
0.0
 10
123.5523641777056
 20
38.82750417045484
 30
0.0
 10
124.6276013085909
 20
38.74267972652341
 30
0.0
 10
125.5472805633426
 20
38.58811612124267
 30
0.0
 10
126.1430340846755
 20
38.41422597505911
 30
0.0
 10
126.5103314674297
 20
38.25883368992196
 30
0.0
 10
126.7890084591768
 20
38.08496749727657
 30
0.0
 10
126.9509494437374
 20
37.90482593013834
 30
0.0
 10
127.0194949647717
 20
37.78528525217666
 30
0.0
 10
126.9997737546325
 20
37.72430347600836
 30
0.0
 10
126.9996690790761
 20
37.72397979904817
 30
0.0
  0
LINE
  5
87
330
1F
100
AcDbEntity
  8
0
  6
Continuous
 62
     7
370
    25
100
AcDbLine
 10
131.1759105373
 20
35.5268972438
 30
0.0
 11
129.6459169558
 21
41.6305960784
 31
0.0
  0
LINE
  5
88
330
1F
100
AcDbEntity
  8
0
  6
Continuous
 62
     7
370
    25
100
AcDbLine
 10
36.354083633
 20
41.630596156
 30
0.0
 11
34.8240897918
 21
35.5268973214
 31
0.0
  0
LINE
  5
89
330
1F
100
AcDbEntity
  8
0
  6
Continuous
 62
     7
370
    25
100
AcDbLine
 10
118.1999866473
 20
45.5500146427
 30
0.0
 11
121.7999853295
 21
45.5500146427
 31
0.0
  0
LINE
  5
8A
330
1F
100
AcDbEntity
  8
0
  6
Continuous
 62
     7
370
    25
100
AcDbLine
 10
124.5999841557
 20
41.4774486818
 30
0.0
 11
124.5999841557
 21
45.5500146427
 31
0.0
  0
LINE
  5
8B
330
1F
100
AcDbEntity
  8
0
  6
Continuous
 62
     7
370
    25
100
AcDbLine
 10
121.7999853295
 20
45.5500146427
 30
0.0
 11
124.5999841557
 21
45.5500146427
 31
0.0
  0
LINE
  5
8C
330
1F
100
AcDbEntity
  8
0
  6
Continuous
 62
     7
370
    25
100
AcDbLine
 10
115.3999878211
 20
41.4774486818
 30
0.0
 11
115.3999878211
 21
45.5500146427
 31
0.0
  0
LINE
  5
8D
330
1F
100
AcDbEntity
  8
0
  6
Continuous
 62
     7
370
    25
100
AcDbLine
 10
115.3999878211
 20
45.5500146427
 30
0.0
 11
118.1999866473
 21
45.5500146427
 31
0.0
  0
LINE
  5
8E
330
1F
100
AcDbEntity
  8
0
  6
Continuous
 62
     7
370
    25
100
AcDbLine
 10
124.3999842395
 20
45.7500145589
 30
0.0
 11
121.7999853295
 21
45.7500145589
 31
0.0
  0
LINE
  5
8F
330
1F
100
AcDbEntity
  8
0
  6
Continuous
 62
     7
370
    25
100
AcDbLine
 10
124.5999841557
 20
45.5500146427
 30
0.0
 11
124.3999842395
 21
45.7500145589
 31
0.0
  0
LINE
  5
90
330
1F
100
AcDbEntity
  8
0
  6
Continuous
 62
     7
370
    25
100
AcDbLine
 10
115.5999877373
 20
45.7500145589
 30
0.0
 11
115.3999878211
 21
45.5500146427
 31
0.0
  0
LINE
  5
91
330
1F
100
AcDbEntity
  8
0
  6
Continuous
 62
     7
370
    25
100
AcDbLine
 10
118.1999866473
 20
45.7500145589
 30
0.0
 11
115.5999877373
 21
45.7500145589
 31
0.0
  0
LINE
  5
92
330
1F
100
AcDbEntity
  8
0
  6
Continuous
 62
     7
370
    25
100
AcDbLine
 10
121.7999853295
 20
45.7500145589
 30
0.0
 11
118.1999866473
 21
45.7500145589
 31
0.0
  0
LINE
  5
93
330
1F
100
AcDbEntity
  8
0
  6
Continuous
 62
     7
370
    25
100
AcDbLine
 10
106.549991276
 20
45.7500145589
 30
0.0
 11
111.4499892218
 21
45.7500145589
 31
0.0
  0
ARC
  5
94
330
1F
100
AcDbEntity
  8
0
  6
Continuous
 62
     7
370
    25
100
AcDbCircle
 10
114.3999882403
 20
44.2500151877
 30
0.0
 40
0.9999995807679625
100
AcDbArc
 50
270.0
 51
0.0
  0
ARC
  5
95
330
1F
100
AcDbEntity
  8
0
  6
Continuous
 62
     7
370
    25
100
AcDbCircle
 10
125.5999837364
 20
44.2500151877
 30
0.0
 40
0.9999995807679483
100
AcDbArc
 50
180.0
 51
270.0
  0
LINE
  5
96
330
1F
100
AcDbEntity
  8
0
  6
Continuous
 62
     7
370
    25
100
AcDbLine
 10
127.6794398533
 20
43.250015607
 30
0.0
 11
125.5999837364
 21
43.250015607
 31
0.0
  0
LINE
  5
97
330
1F
100
AcDbEntity
  8
0
  6
Continuous
 62
     7
370
    25
100
AcDbLine
 10
106.458966863
 20
43.250015607
 30
0.0
 11
38.3205607205
 21
43.250015607
 31
0.0
  0
LINE
  5
98
330
1F
100
AcDbEntity
  8
0
  6
Continuous
 62
     7
370
    25
100
AcDbLine
 10
114.3999882403
 20
43.250015607
 30
0.0
 11
111.541125908
 21
43.250015607
 31
0.0
  0
SPLINE
  5
99
330
1F
100
AcDbEntity
  8
0
  6
Continuous
 62
     7
370
    25
100
AcDbSpline
210
0.0
220
0.0
230
1.0
 70
     8
 71
     3
 72
    10
 73
     6
 74
     0
 42
0.00000001
 43
0.00000001
 40
0.0
 40
0.0
 40
0.0
 40
0.0
 40
0.5
 40
0.5
 40
1.0
 40
1.0
 40
1.0
 40
1.0
 10
127.6794398533282
 20
43.2500156069563
 30
0.0
 10
128.1211697852125
 20
43.2500156069563
 30
0.0
 10
128.5615100612106
 20
43.09854941164875
 30
0.0
 10
129.2580284282226
 20
42.5550758655541
 30
0.0
 10
129.5120153142068
 20
42.16477824996425
 30
0.0
 10
129.6194193673298
 20
41.73630456104602
 30
0.0
  0
LINE
  5
9A
330
1F
100
AcDbEntity
  8
0
  6
Continuous
 62
     7
370
    25
100
AcDbLine
 10
129.6459169558
 20
41.6305960784
 30
0.0
 11
129.6194193673
 21
41.736304561
 31
0.0
  0
SPLINE
  5
9B
330
1F
100
AcDbEntity
  8
0
  6
Continuous
 62
     7
370
    25
100
AcDbSpline
210
0.0
220
0.0
230
1.0
 70
     8
 71
     3
 72
    10
 73
     6
 74
     0
 42
0.00000001
 43
0.00000001
 40
0.0
 40
0.0
 40
0.0
 40
0.0
 40
0.5
 40
0.5
 40
1.0
 40
1.0
 40
1.0
 40
1.0
 10
36.38058122601335
 20
41.73630463871641
 30
0.0
 10
36.48798529304606
 20
42.16477831038949
 30
0.0
 10
36.74197218229791
 20
42.55507590536457
 30
0.0
 10
37.43849053914612
 20
43.09854942109664
 30
0.0
 10
37.87883080200685
 20
43.2500156069563
 30
0.0
 10
38.3205607205455
 20
43.2500156069563
 30
0.0
  0
LINE
  5
9C
330
1F
100
AcDbEntity
  8
0
  6
Continuous
 62
     7
370
    25
100
AcDbLine
 10
36.380581226
 20
41.7363046387
 30
0.0
 11
36.354083633
 21
41.630596156
 31
0.0
  0
LINE
  5
9D
330
1F
100
AcDbEntity
  8
0
  6
Continuous
 62
     7
370
    25
100
AcDbLine
 10
82.7000001258
 20
68.2500051262
 30
0.0
 11
63.3000082589
 21
68.2500051262
 31
0.0
  0
LINE
  5
9E
330
1F
100
AcDbEntity
  8
0
  6
Continuous
 62
     7
370
    25
100
AcDbLine
 10
63.0000083846
 20
67.9500052519
 30
0.0
 11
83.0
 21
67.9500052519
 31
0.0
  0
LINE
  5
9F
330
1F
100
AcDbEntity
  8
0
  6
Continuous
 62
     7
370
    25
100
AcDbLine
 10
78.2000020123
 20
85.7499977896
 30
0.0
 11
67.8000063723
 21
85.7499977896
 31
0.0
  0
LINE
  5
A0
330
1F
100
AcDbEntity
  8
0
  6
Continuous
 62
     7
370
    25
100
AcDbLine
 10
67.5000064981
 20
85.4499979154
 30
0.0
 11
78.5000018865
 21
85.4499979154
 31
0.0
  0
SPLINE
  5
A1
330
1F
100
AcDbEntity
  8
0
  6
HIDDEN
 62
     7
370
    18
100
AcDbSpline
210
0.0
220
0.0
230
1.0
 70
     8
 71
     3
 72
    14
 73
    10
 74
     0
 42
0.00000001
 43
0.00000001
 40
0.0
 40
0.0
 40
0.0
 40
0.0
 40
0.1370752874340625
 40
0.2603633047424085
 40
0.3871950285255327
 40
0.6378978649770698
 40
0.7644752451292077
 40
0.894540414118793
 40
1.0
 40
1.0
 40
1.0
 40
1.0
 10
122.999984826432
 20
36.64092745278285
 30
0.0
 10
122.7585622691523
 20
36.64521006111487
 30
0.0
 10
122.2999998540785
 20
36.65334452560597
 30
0.0
 10
121.6411403581013
 20
36.70742653918823
 30
0.0
 10
120.8412909766658
 20
36.80442139389282
 30
0.0
 10
120.1414493209212
 20
36.94342872463642
 30
0.0
 10
119.6146127247085
 20
37.13186193135328
 30
0.0
 10
119.3160879131539
 20
37.28650534719954
 30
0.0
 10
119.2021751943321
 20
37.39299244742116
 30
0.0
 10
119.1511691412311
 20
37.44067357332753
 30
0.0
  0
SPLINE
  5
A2
330
1F
100
AcDbEntity
  8
0
  6
HIDDEN
 62
     7
370
    18
100
AcDbSpline
210
0.0
220
0.0
230
1.0
 70
     8
 71
     3
 72
    15
 73
    11
 74
     0
 42
0.00000001
 43
0.00000001
 40
0.0
 40
0.0
 40
0.0
 40
0.0
 40
0.0600491118574727
 40
0.1980988543837623
 40
0.3316555510892074
 40
0.4693920057198517
 40
0.5979451208292537
 40
0.7304429358667913
 40
0.8629365459684386
 40
1.0
 40
1.0
 40
1.0
 40
1.0
 10
126.8452881724858
 20
37.44413821489701
 30
0.0
 10
126.8215105280869
 20
37.41717215303328
 30
0.0
 10
126.7430693327108
 20
37.32821253652593
 30
0.0
 10
126.4888241110844
 20
37.18424434302807
 30
0.0
 10
126.0914617298015
 20
37.02269283678334
 30
0.0
 10
125.5992377122642
 20
36.89204188778922
 30
0.0
 10
125.0293048807063
 20
36.78490224435545
 30
0.0
 10
124.4033139544363
 20
36.70581963805289
 30
0.0
 10
123.7180588530294
 20
36.65208012404543
 30
0.0
 10
123.2420328833771
 20
36.64468678999442
 30
0.0
 10
122.999984826432
 20
36.64092745278285
 30
0.0
  0
LINE
  5
A3
330
1F
100
AcDbEntity
  8
0
  6
HIDDEN
 62
     7
370
    18
100
AcDbLine
 10
126.9999832772
 20
35.7500187512
 30
0.0
 11
118.9999863757
 21
35.7500187512
 31
0.0
  0
LINE
  5
A4
330
1F
100
AcDbEntity
  8
0
  6
HIDDEN
 62
     7
370
    18
100
AcDbLine
 10
124.9999840518
 20
35.550018835
 30
0.0
 11
120.9999856011
 21
35.550018835
 31
0.0
  0
LINE
  5
A5
330
1F
100
AcDbEntity
  8
0
  6
HIDDEN
 62
     7
370
    18
100
AcDbLine
 10
116.9999871503
 20
45.5500146427
 30
0.0
 11
116.7999872342
 21
45.7500145589
 31
0.0
  0
LINE
  5
A6
330
1F
100
AcDbEntity
  8
0
  6
HIDDEN
 62
     7
370
    18
100
AcDbLine
 10
122.9999848264
 20
45.5500146427
 30
0.0
 11
123.1999847426
 21
45.7500145589
 31
0.0
  0
LINE
  5
A7
330
1F
100
AcDbEntity
  8
0
  6
HIDDEN
 62
     7
370
    18
100
AcDbLine
 10
122.9999848264
 20
30.7500208474
 30
0.0
 11
121.7999853295
 21
30.7500208474
 31
0.0
  0
LINE
  5
A8
330
1F
100
AcDbEntity
  8
0
  6
HIDDEN
 62
     7
370
    18
100
AcDbLine
 10
122.9999848264
 20
45.5500146427
 30
0.0
 11
122.9999848264
 21
30.7500208474
 31
0.0
  0
LINE
  5
A9
330
1F
100
AcDbEntity
  8
0
  6
HIDDEN
 62
     7
370
    18
100
AcDbLine
 10
121.7999853295
 20
30.7500208474
 30
0.0
 11
118.1999866473
 21
30.7500208474
 31
0.0
  0
LINE
  5
AA
330
1F
100
AcDbEntity
  8
0
  6
HIDDEN
 62
     7
370
    18
100
AcDbLine
 10
116.9999871503
 20
45.5500146427
 30
0.0
 11
116.9999871503
 21
30.7500208474
 31
0.0
  0
LINE
  5
AB
330
1F
100
AcDbEntity
  8
0
  6
HIDDEN
 62
     7
370
    18
100
AcDbLine
 10
118.1999866473
 20
30.7500208474
 30
0.0
 11
116.9999871503
 21
30.7500208474
 31
0.0
  0
LINE
  5
AC
330
1F
100
AcDbEntity
  8
0
  6
HIDDEN
 62
     7
370
    18
100
AcDbLine
 10
110.6499895571
 20
45.5500146427
 30
0.0
 11
107.3499909406
 21
45.5500146427
 31
0.0
  0
LINE
  5
AD
330
1F
100
AcDbEntity
  8
0
  6
HIDDEN
 62
     7
370
    18
100
AcDbLine
 10
110.6499895571
 20
37.2500181223
 30
0.0
 11
107.3499909406
 21
37.2500181223
 31
0.0
  0
SPLINE
  5
AE
330
1F
100
AcDbEntity
  8
0
  6
HIDDEN
 62
     7
370
    18
100
AcDbSpline
210
0.0
220
0.0
230
1.0
 70
    24
 71
     3
 72
    18
 73
    14
 74
     0
 42
0.00000001
 43
0.00000001
 40
0.0
 40
0.0
 40
0.0
 40
0.0
 40
0.0919127279143772
 40
0.1830825968575243
 40
0.2736866214304797
 40
0.363905146965872
 40
0.4539208358539865
 40
0.5439175855590788
 40
0.6340794094327036
 40
0.7245893140079139
 40
0.8156282067047523
 40
0.9073738657627006
 40
1.0
 40
1.0
 40
1.0
 40
1.0
 10
107.637823857111
 20
43.2500156069563
 30
0.0
 10
107.7198833177823
 20
43.2500156069563
 30
0.0
 10
107.8833390164362
 20
43.25001560695629
 30
0.0
 10
108.1305903905547
 20
43.2500156069563
 30
0.0
 10
108.3778681085716
 20
43.2500156069563
 30
0.0
 10
108.625405404058
 20
43.2500156069563
 30
0.0
 10
108.8731363717664
 20
43.2500156069563
 30
0.0
 10
109.1210757908814
 20
43.2500156069563
 30
0.0
 10
109.3692117602505
 20
43.2500156069563
 30
0.0
 10
109.6175587293163
 20
43.2500156069563
 30
0.0
 10
109.866052464794
 20
43.25001560695629
 30
0.0
 10
110.1149211773988
 20
43.2500156069563
 30
0.0
 10
110.2796137466165
 20
43.25001560695629
 30
0.0
 10
110.3623532793379
 20
43.2500156069563
 30
0.0
  0
LINE
  5
AF
330
1F
100
AcDbEntity
  8
0
  6
HIDDEN
 62
     7
370
    18
100
AcDbLine
 10
107.6375676249
 20
43.250015607
 30
0.0
 11
106.458966863
 21
43.250015607
 31
0.0
  0
LINE
  5
B0
330
1F
100
AcDbEntity
  8
0
  6
HIDDEN
 62
     7
370
    18
100
AcDbLine
 10
111.541125908
 20
43.250015607
 30
0.0
 11
110.3624128022
 21
43.250015607
 31
0.0
  0
SPLINE
  5
B1
330
1F
100
AcDbEntity
  8
0
  6
HIDDEN
 62
     7
370
    18
100
AcDbSpline
210
0.0
220
0.0
230
1.0
 70
    11
 71
     3
 72
    68
 73
    64
 74
     0
 42
0.00000001
 43
0.00000001
 40
0.0
 40
0.0
 40
0.0
 40
0.0
 40
0.03125
 40
0.03125
 40
0.0625
 40
0.0625
 40
0.09375
 40
0.09375
 40
0.125
 40
0.125
 40
0.15625
 40
0.15625
 40
0.1875
 40
0.1875
 40
0.21875
 40
0.21875
 40
0.25
 40
0.25
 40
0.28125
 40
0.28125
 40
0.3125
 40
0.3125
 40
0.34375
 40
0.34375
 40
0.375
 40
0.375
 40
0.40625
 40
0.40625
 40
0.4375
 40
0.4375
 40
0.46875
 40
0.46875
 40
0.5
 40
0.5
 40
0.53125
 40
0.53125
 40
0.5625
 40
0.5625
 40
0.59375
 40
0.59375
 40
0.625
 40
0.625
 40
0.65625
 40
0.65625
 40
0.6875
 40
0.6875
 40
0.71875
 40
0.71875
 40
0.75
 40
0.75
 40
0.78125
 40
0.78125
 40
0.8125
 40
0.8125
 40
0.84375
 40
0.84375
 40
0.875
 40
0.875
 40
0.90625
 40
0.90625
 40
0.9375
 40
0.9375
 40
1.0
 40
1.0
 40
1.0
 40
1.0
 10
43.0000158118535
 20
38.82274468826239
 30
0.0
 10
42.73092892999982
 20
38.8227446882624
 30
0.0
 10
42.46269395746793
 20
38.81679395285017
 30
0.0
 10
41.93845663159031
 20
38.78979893272654
 30
0.0
 10
41.68578937249756
 20
38.76900281637283
 30
0.0
 10
41.19882142734748
 20
38.71184503766879
 30
0.0
 10
40.96296191481849
 20
38.67500536897807
 30
0.0
 10
40.5292424927576
 20
38.58976663284596
 30
0.0
 10
40.32890342840525
 20
38.54122460859779
 30
0.0
 10
39.96092347466022
 20
38.4353920101282
 30
0.0
 10
39.79671399676239
 20
38.37959931675989
 30
0.0
 10
39.51273166011267
 20
38.26399523829577
 30
0.0
 10
39.39108618460786
 20
38.20278142618494
 30
0.0
 10
39.19585134559768
 20
38.07406730766348
 30
0.0
 10
39.1229549696257
 20
38.00737194269404
 30
0.0
 10
39.02483585794795
 20
37.86894479829441
 30
0.0
 10
38.99985863815558
 20
37.7964925523671
 30
0.0
 10
39.00017763281729
 20
37.65321713671586
 30
0.0
 10
39.02471868162713
 20
37.58208883170846
 30
0.0
 10
39.12320043980837
 20
37.44424118530495
 30
0.0
 10
39.19808350613018
 20
37.37774153067978
 30
0.0
 10
39.39243366275775
 20
37.2516721331524
 30
0.0
 10
39.51220246479082
 20
37.19130024274777
 30
0.0
 10
39.79839084686286
 20
37.07399964659467
 30
0.0
 10
39.96355624268994
 20
37.01779823085574
 30
0.0
 10
40.32763516815583
 20
36.91402462030548
 30
0.0
 10
40.52828545171148
 20
36.86579763546112
 30
0.0
 10
40.96685385364668
 20
36.78085275135279
 30
0.0
 10
41.197942308401
 20
36.74577877785048
 30
0.0
 10
41.68355276059626
 20
36.69293736664736
 30
0.0
 10
41.94122202062064
 20
36.67430476704016
 30
0.0
 10
42.46363052086179
 20
36.65052498880333
 30
0.0
 10
42.72753519188836
 20
36.6451711082141
 30
0.0
 10
43.26071393163147
 20
36.64591389891068
 30
0.0
 10
43.53012985740293
 20
36.65219582486012
 30
0.0
 10
44.04996280801832
 20
36.67710791890138
 30
0.0
 10
44.30380367989779
 20
36.69572306902778
 30
0.0
 10
44.79723885615365
 20
36.7495340758913
 30
0.0
 10
45.0285984858861
 20
36.78460088476025
 30
0.0
 10
45.46273354646937
 20
36.86754311616372
 30
0.0
 10
45.66736875031571
 20
36.91571488528904
 30
0.0
 10
46.03426279162542
 20
37.01839718869824
 30
0.0
 10
46.19753911828145
 20
37.07291554590789
 30
0.0
 10
46.48418486160524
 20
37.18808455496863
 30
0.0
 10
46.60659073666835
 20
37.24865805232337
 30
0.0
 10
46.80135034276516
 20
37.37332960689401
 30
0.0
 10
46.87529664834054
 20
37.4380477162704
 30
0.0
 10
46.97516986329457
 20
37.576680541539
 30
0.0
 10
47.00006172245308
 20
37.64889848049207
 30
0.0
 10
46.9999666677969
 20
37.79467603270365
 30
0.0
 10
46.97475164784388
 20
37.86759993575228
 30
0.0
 10
46.87520035857018
 20
38.00878070517833
 30
0.0
 10
46.80161587547379
 20
38.07638865921957
 30
0.0
 10
46.60702703936813
 20
38.20578008840782
 30
0.0
 10
46.48434925977072
 20
38.26807659564433
 30
0.0
 10
46.19908750436645
 20
38.38422400665964
 30
0.0
 10
46.03636529245922
 20
38.43902084660304
 30
0.0
 10
45.66993675029373
 20
38.54254083966764
 30
0.0
 10
45.4654769783454
 20
38.59063800246975
 30
0.0
 10
45.03225361590527
 20
38.67321260212704
 30
0.0
 10
44.80148108372953
 20
38.70837590870385
 30
0.0
 10
44.06435680391169
 20
38.79481952196726
 30
0.0
 10
43.53818957556084
 20
38.82274468826238
 30
0.0
 10
43.0000158118535
 20
38.82274468826239
 30
0.0
  0
SPLINE
  5
B2
330
1F
100
AcDbEntity
  8
0
  6
HIDDEN
 62
     7
370
    18
100
AcDbSpline
210
0.0
220
0.0
230
1.0
 70
    11
 71
     3
 72
    15
 73
    11
 74
     0
 42
0.00000001
 43
0.00000001
 40
-3.14159265358979
 40
-3.14159265358979
 40
-3.14159265358979
 40
-3.14159265358979
 40
-2.69279370307697
 40
-2.24399475256414
 40
-1.34639685153848
 40
-0.448798950512828
 40
0.448798950512828
 40
1.34639685153848
 40
2.24399475256414
 40
3.14159265358979
 40
3.14159265358979
 40
3.14159265358979
 40
3.14159265358979
 10
43.00001581185349
 20
39.07536806123925
 30
0.0
 10
43.62942686670731
 20
39.07536806123925
 30
0.0
 10
44.88396345397814
 20
38.99633914707214
 30
0.0
 10
46.91081832430664
 20
38.56019103574108
 30
0.0
 10
47.69283777833789
 20
37.64251524387732
 30
0.0
 10
45.08906183477649
 20
36.75327952741177
 30
0.0
 10
40.90680819374838
 20
36.75153078328844
 30
0.0
 10
38.31769079284965
 20
37.64186344150798
 30
0.0
 10
39.2371341084956
 20
38.74636401787984
 30
0.0
 10
41.7411937021461
 20
39.07536806123925
 30
0.0
 10
43.00001581185349
 20
39.07536806123925
 30
0.0
  0
LINE
  5
B3
330
1F
100
AcDbEntity
  8
0
  6
HIDDEN
 62
     7
370
    18
100
AcDbLine
 10
47.0000142626
 20
35.7500187512
 30
0.0
 11
39.0000173611
 21
35.7500187512
 31
0.0
  0
LINE
  5
B4
330
1F
100
AcDbEntity
  8
0
  6
HIDDEN
 62
     7
370
    18
100
AcDbLine
 10
45.0000149734
 20
35.550018835
 30
0.0
 11
41.0000166503
 21
35.550018835
 31
0.0
  0
SPLINE
  5
B5
330
1F
100
AcDbEntity
  8
0
  6
HIDDEN
 62
     7
370
    18
100
AcDbSpline
210
0.0
220
0.0
230
1.0
 70
     8
 71
     3
 72
     9
 73
     5
 74
     0
 42
0.00000001
 43
0.00000001
 40
0.0
 40
0.0
 40
0.0
 40
0.0
 40
0.5006336256891682
 40
1.0
 40
1.0
 40
1.0
 40
1.0
 10
118.9541583032233
 20
37.62924624259177
 30
0.0
 10
118.9879317721824
 20
37.59549625966802
 30
0.0
 10
119.0553932194886
 20
37.5280817249825
 30
0.0
 10
119.1226086535351
 20
37.46072220583262
 30
0.0
 10
119.1561737811326
 20
37.42708512697941
 30
0.0
  0
SPLINE
  5
B6
330
1F
100
AcDbEntity
  8
0
  6
HIDDEN
 62
     7
370
    18
100
AcDbSpline
210
0.0
220
0.0
230
1.0
 70
     8
 71
     3
 72
     9
 73
     5
 74
     0
 42
0.00000001
 43
0.00000001
 40
0.0
 40
0.0
 40
0.0
 40
0.0
 40
0.4993810355818122
 40
1.0
 40
1.0
 40
1.0
 40
1.0
 10
126.8453564069051
 20
37.42972749311058
 30
0.0
 10
126.8790359991015
 20
37.46332930382139
 30
0.0
 10
126.9464786727249
 20
37.53061622165892
 30
0.0
 10
127.0141650955991
 20
37.59795923633947
 30
0.0
 10
127.0480502025236
 20
37.63167242660965
 30
0.0
  0
LINE
  5
B7
330
1F
100
AcDbEntity
  8
0
  6
HIDDEN
 62
     7
370
    18
100
AcDbLine
 10
126.9999832772
 20
35.7500187512
 30
0.0
 11
126.9999832772
 21
37.723979799
 31
0.0
  0
LINE
  5
B8
330
1F
100
AcDbEntity
  8
0
  6
HIDDEN
 62
     7
370
    18
100
AcDbLine
 10
118.9999863757
 20
37.7269640335
 30
0.0
 11
118.9999863757
 21
35.7500187512
 31
0.0
  0
LINE
  5
B9
330
1F
100
AcDbEntity
  8
0
  6
HIDDEN
 62
     7
370
    18
100
AcDbLine
 10
120.7999856849
 20
35.7500187512
 30
0.0
 11
120.9999856011
 21
35.550018835
 31
0.0
  0
LINE
  5
BA
330
1F
100
AcDbEntity
  8
0
  6
HIDDEN
 62
     7
370
    18
100
AcDbLine
 10
124.9999840518
 20
35.550018835
 30
0.0
 11
125.199983968
 21
35.7500187512
 31
0.0
  0
LINE
  5
BB
330
1F
100
AcDbEntity
  8
0
  6
HIDDEN
 62
     7
370
    18
100
AcDbLine
 10
124.9999840518
 20
28.2500218954
 30
0.0
 11
124.9999840518
 21
35.550018835
 31
0.0
  0
LINE
  5
BC
330
1F
100
AcDbEntity
  8
0
  6
HIDDEN
 62
     7
370
    18
100
AcDbLine
 10
120.9999856011
 20
35.550018835
 30
0.0
 11
120.9999856011
 21
28.2500218954
 31
0.0
  0
LINE
  5
BD
330
1F
100
AcDbEntity
  8
0
  6
HIDDEN
 62
     7
370
    18
100
AcDbLine
 10
107.1499910245
 20
45.7500145589
 30
0.0
 11
107.3499909406
 21
45.5500146427
 31
0.0
  0
LINE
  5
BE
330
1F
100
AcDbEntity
  8
0
  6
HIDDEN
 62
     7
370
    18
100
AcDbLine
 10
110.6499895571
 20
45.5500146427
 30
0.0
 11
110.8499894733
 21
45.7500145589
 31
0.0
  0
LINE
  5
BF
330
1F
100
AcDbEntity
  8
0
  6
HIDDEN
 62
     7
370
    18
100
AcDbLine
 10
107.3499909406
 20
45.5500146427
 30
0.0
 11
107.3499909406
 21
37.2500181223
 31
0.0
  0
LINE
  5
C0
330
1F
100
AcDbEntity
  8
0
  6
HIDDEN
 62
     7
370
    18
100
AcDbLine
 10
110.6499895571
 20
37.2500181223
 30
0.0
 11
110.6499895571
 21
45.5500146427
 31
0.0
  0
SPLINE
  5
C1
330
1F
100
AcDbEntity
  8
0
  6
HIDDEN
 62
     7
370
    18
100
AcDbSpline
210
0.0
220
0.0
230
1.0
 70
     8
 71
     3
 72
    11
 73
     7
 74
     0
 42
0.00000001
 43
0.00000001
 40
0.0
 40
0.0
 40
0.0
 40
0.0
 40
0.2766875700284557
 40
0.5353819103642978
 40
0.775699277274923
 40
1.0
 40
1.0
 40
1.0
 40
1.0
 10
110.3112705218346
 20
43.24995973820997
 30
0.0
 10
110.4740129075458
 20
43.24997780719714
 30
0.0
 10
110.7889144022184
 20
43.25001277012976
 30
0.0
 10
111.1652576656978
 20
43.24001985896459
 30
0.0
 10
111.4499849954243
 20
43.21001094230538
 30
0.0
 10
111.5607447486603
 20
43.16580261628192
 30
0.0
 10
111.614215530909
 20
43.1444604436487
 30
0.0
  0
SPLINE
  5
C2
330
1F
100
AcDbEntity
  8
0
  6
HIDDEN
 62
     7
370
    18
100
AcDbSpline
210
0.0
220
0.0
230
1.0
 70
     8
 71
     3
 72
    10
 73
     6
 74
     0
 42
0.00000001
 43
0.00000001
 40
0.0
 40
0.0
 40
0.0
 40
0.0
 40
0.2248779928695811
 40
0.4656601547499327
 40
1.0
 40
1.0
 40
1.0
 40
1.0
 10
106.3857649668531
 20
43.14446044364881
 30
0.0
 10
106.4386627068074
 20
43.16558764135191
 30
0.0
 10
106.5481993024463
 20
43.20933622709088
 30
0.0
 10
106.9324875790521
 20
43.25098130868786
 30
0.0
 10
107.3754094998081
 20
43.25042442680085
 30
0.0
 10
107.6807431484691
 20
43.25004053345427
 30
0.0
  0
SPLINE
  5
C3
330
1F
100
AcDbEntity
  8
0
  6
HIDDEN
 62
     7
370
    18
100
AcDbSpline
210
0.0
220
0.0
230
1.0
 70
     8
 71
     3
 72
     9
 73
     5
 74
     0
 42
0.00000001
 43
0.00000001
 40
0.0
 40
0.0
 40
0.0
 40
0.0
 40
0.5004764368464747
 40
1.0
 40
1.0
 40
1.0
 40
1.0
 10
38.9412104899351
 20
37.63523442347027
 30
0.0
 10
38.97465581692354
 20
37.60184555969966
 30
0.0
 10
39.04148279323275
 20
37.53513140232396
 30
0.0
 10
39.10809221972748
 20
37.46849441215012
 30
0.0
 10
39.14136519778974
 20
37.43520766538067
 30
0.0
  0
SPLINE
  5
C4
330
1F
100
AcDbEntity
  8
0
  6
HIDDEN
 62
     7
370
    18
100
AcDbSpline
210
0.0
220
0.0
230
1.0
 70
     8
 71
     3
 72
     9
 73
     5
 74
     0
 42
0.00000001
 43
0.00000001
 40
0.0
 40
0.0
 40
0.0
 40
0.0
 40
0.4995485942652731
 40
1.0
 40
1.0
 40
1.0
 40
1.0
 10
46.86372849495843
 20
37.43594113356548
 30
0.0
 10
46.89699257878836
 20
37.46917631447196
 30
0.0
 10
46.96358086311503
 20
37.53570674071677
 30
0.0
 10
47.03038283028459
 20
37.60231724305868
 30
0.0
 10
47.06381396866045
 20
37.6356525625924
 30
0.0
  0
LINE
  5
C5
330
1F
100
AcDbEntity
  8
0
  6
HIDDEN
 62
     7
370
    18
100
AcDbLine
 10
47.0000142626
 20
35.7500187512
 30
0.0
 11
47.0000142626
 21
37.7215771033
 31
0.0
  0
LINE
  5
C6
330
1F
100
AcDbEntity
  8
0
  6
HIDDEN
 62
     7
370
    18
100
AcDbLine
 10
39.0000173611
 20
37.7255767943
 30
0.0
 11
39.0000173611
 21
35.7500187512
 31
0.0
  0
LINE
  5
C7
330
1F
100
AcDbEntity
  8
0
  6
HIDDEN
 62
     7
370
    18
100
AcDbLine
 10
40.8000167342
 20
35.7500187512
 30
0.0
 11
41.0000166503
 21
35.550018835
 31
0.0
  0
LINE
  5
C8
330
1F
100
AcDbEntity
  8
0
  6
HIDDEN
 62
     7
370
    18
100
AcDbLine
 10
45.0000149734
 20
35.550018835
 30
0.0
 11
45.2000148895
 21
35.7500187512
 31
0.0
  0
LINE
  5
C9
330
1F
100
AcDbEntity
  8
0
  6
HIDDEN
 62
     7
370
    18
100
AcDbLine
 10
45.0000149734
 20
28.2500218954
 30
0.0
 11
45.0000149734
 21
35.550018835
 31
0.0
  0
LINE
  5
CA
330
1F
100
AcDbEntity
  8
0
  6
HIDDEN
 62
     7
370
    18
100
AcDbLine
 10
41.0000166503
 20
35.550018835
 30
0.0
 11
41.0000166503
 21
28.2500218954
 31
0.0
  0
CIRCLE
  5
CB
330
1F
100
AcDbEntity
  8
0
  6
Continuous
 62
     7
370
    25
100
AcDbCircle
 10
73.0000041923
 20
158.0
 30
0.0
 40
5.199997819993342
  0
CIRCLE
  5
CC
330
1F
100
AcDbEntity
  8
0
  6
Continuous
 62
     7
370
    25
100
AcDbCircle
 10
73.0000041923
 20
158.0
 30
0.0
 40
5.499997694223723
  0
CIRCLE
  5
CD
330
1F
100
AcDbEntity
  8
0
  6
Continuous
 62
     7
370
    25
100
AcDbCircle
 10
73.0000041923
 20
158.0
 30
0.0
 40
9.699995933449088
  0
CIRCLE
  5
CE
330
1F
100
AcDbEntity
  8
0
  6
Continuous
 62
     7
370
    25
100
AcDbCircle
 10
73.0000041923
 20
158.0
 30
0.0
 40
9.999995807679483
  0
ARC
  5
CF
330
1F
100
AcDbEntity
  8
0
  6
Continuous
 62
     7
370
    25
100
AcDbCircle
 10
121.7999853295
 20
180.7999904415
 30
0.0
 40
2.799998826150272
100
AcDbArc
 50
0.0
 51
90.0
  0
ARC
  5
D0
330
1F
100
AcDbEntity
  8
0
  6
Continuous
 62
     7
370
    25
100
AcDbCircle
 10
121.7999853295
 20
180.7999904415
 30
0.0
 40
2.599998909996657
100
AcDbArc
 50
0.0
 51
90.0
  0
LINE
  5
D1
330
1F
100
AcDbEntity
  8
0
  6
Continuous
 62
     7
370
    25
100
AcDbLine
 10
121.7999853295
 20
183.5999892677
 30
0.0
 11
118.1999866473
 21
183.5999892677
 31
0.0
  0
LINE
  5
D2
330
1F
100
AcDbEntity
  8
0
  6
Continuous
 62
     7
370
    25
100
AcDbLine
 10
118.1999866473
 20
183.3999893515
 30
0.0
 11
121.7999853295
 21
183.3999893515
 31
0.0
  0
ARC
  5
D3
330
1F
100
AcDbEntity
  8
0
  6
Continuous
 62
     7
370
    25
100
AcDbCircle
 10
118.1999866473
 20
180.7999904415
 30
0.0
 40
2.799998826150485
100
AcDbArc
 50
90.0
 51
180.0
  0
ARC
  5
D4
330
1F
100
AcDbEntity
  8
0
  6
Continuous
 62
     7
370
    25
100
AcDbCircle
 10
118.1999866473
 20
180.7999904415
 30
0.0
 40
2.599998909996671
100
AcDbArc
 50
90.0
 51
180.0
  0
LINE
  5
D5
330
1F
100
AcDbEntity
  8
0
  6
Continuous
 62
     7
370
    25
100
AcDbLine
 10
115.5999877373
 20
135.2000095585
 30
0.0
 11
115.5999877373
 21
180.7999904415
 31
0.0
  0
LINE
  5
D6
330
1F
100
AcDbEntity
  8
0
  6
Continuous
 62
     7
370
    25
100
AcDbLine
 10
124.3999842395
 20
180.7999904415
 30
0.0
 11
124.3999842395
 21
135.2000095585
 31
0.0
  0
ARC
  5
D7
330
1F
100
AcDbEntity
  8
0
  6
Continuous
 62
     7
370
    25
100
AcDbCircle
 10
121.7999853295
 20
135.2000095585
 30
0.0
 40
2.599998909996657
100
AcDbArc
 50
270.0
 51
0.0
  0
LINE
  5
D8
330
1F
100
AcDbEntity
  8
0
  6
Continuous
 62
     7
370
    25
100
AcDbLine
 10
121.7999853295
 20
132.6000106485
 30
0.0
 11
118.1999866473
 21
132.6000106485
 31
0.0
  0
ARC
  5
D9
330
1F
100
AcDbEntity
  8
0
  6
Continuous
 62
     7
370
    25
100
AcDbCircle
 10
118.1999866473
 20
135.2000095585
 30
0.0
 40
2.599998909996671
100
AcDbArc
 50
180.0
 51
270.0
  0
LINE
  5
DA
330
1F
100
AcDbEntity
  8
0
  6
Continuous
 62
     7
370
    25
100
AcDbLine
 10
118.1999866473
 20
133.8000101454
 30
0.0
 11
121.7999853295
 21
133.8000101454
 31
0.0
  0
ARC
  5
DB
330
1F
100
AcDbEntity
  8
0
  6
Continuous
 62
     7
370
    25
100
AcDbCircle
 10
121.7999853295
 20
135.2000095585
 30
0.0
 40
1.399999413075122
100
AcDbArc
 50
270.0
 51
0.0
  0
LINE
  5
DC
330
1F
100
AcDbEntity
  8
0
  6
Continuous
 62
     7
370
    25
100
AcDbLine
 10
123.1999847426
 20
135.2000095585
 30
0.0
 11
123.1999847426
 21
180.7999904415
 31
0.0
  0
ARC
  5
DD
330
1F
100
AcDbEntity
  8
0
  6
Continuous
 62
     7
370
    25
100
AcDbCircle
 10
121.7999853295
 20
180.7999904415
 30
0.0
 40
1.399999413075122
100
AcDbArc
 50
0.0
 51
90.0
  0
LINE
  5
DE
330
1F
100
AcDbEntity
  8
0
  6
Continuous
 62
     7
370
    25
100
AcDbLine
 10
121.7999853295
 20
182.1999898546
 30
0.0
 11
118.1999866473
 21
182.1999898546
 31
0.0
  0
ARC
  5
DF
330
1F
100
AcDbEntity
  8
0
  6
Continuous
 62
     7
370
    25
100
AcDbCircle
 10
118.1999866473
 20
180.7999904415
 30
0.0
 40
1.399999413075122
100
AcDbArc
 50
90.0
 51
180.0
  0
LINE
  5
E0
330
1F
100
AcDbEntity
  8
0
  6
Continuous
 62
     7
370
    25
100
AcDbLine
 10
116.7999872342
 20
180.7999904415
 30
0.0
 11
116.7999872342
 21
135.2000095585
 31
0.0
  0
ARC
  5
E1
330
1F
100
AcDbEntity
  8
0
  6
Continuous
 62
     7
370
    25
100
AcDbCircle
 10
118.1999866473
 20
135.2000095585
 30
0.0
 40
1.399999413075122
100
AcDbArc
 50
180.0
 51
270.0
  0
ARC
  5
E2
330
1F
100
AcDbEntity
  8
0
  6
Continuous
 62
     7
370
    25
100
AcDbCircle
 10
118.1999866473
 20
180.7999904415
 30
0.0
 40
1.199999496921549
100
AcDbArc
 50
90.0
 51
180.0
  0
ARC
  5
E3
330
1F
100
AcDbEntity
  8
0
  6
Continuous
 62
     7
370
    25
100
AcDbCircle
 10
121.7999853295
 20
180.7999904415
 30
0.0
 40
1.199999496921549
100
AcDbArc
 50
0.0
 51
90.0
  0
LINE
  5
E4
330
1F
100
AcDbEntity
  8
0
  6
Continuous
 62
     7
370
    25
100
AcDbLine
 10
118.1999866473
 20
181.9999899384
 30
0.0
 11
121.7999853295
 21
181.9999899384
 31
0.0
  0
LINE
  5
E5
330
1F
100
AcDbEntity
  8
0
  6
Continuous
 62
     7
370
    25
100
AcDbLine
 10
115.3999878211
 20
180.7999904415
 30
0.0
 11
115.3999878211
 21
135.2000095585
 31
0.0
  0
LINE
  5
E6
330
1F
100
AcDbEntity
  8
0
  6
Continuous
 62
     7
370
    25
100
AcDbLine
 10
122.9999848264
 20
180.7999904415
 30
0.0
 11
122.9999848264
 21
135.2000095585
 31
0.0
  0
LINE
  5
E7
330
1F
100
AcDbEntity
  8
0
  6
Continuous
 62
     7
370
    25
100
AcDbLine
 10
124.5999841557
 20
135.2000095585
 30
0.0
 11
124.5999841557
 21
180.7999904415
 31
0.0
  0
LINE
  5
E8
330
1F
100
AcDbEntity
  8
0
  6
Continuous
 62
     7
370
    25
100
AcDbLine
 10
116.9999871503
 20
135.2000095585
 30
0.0
 11
116.9999871503
 21
180.7999904415
 31
0.0
  0
CIRCLE
  5
E9
330
1F
100
AcDbEntity
  8
0
  6
Continuous
 62
     7
370
    25
100
AcDbCircle
 10
108.9999902489
 20
172.9999937115
 30
0.0
 40
1.849999224420714
  0
CIRCLE
  5
EA
330
1F
100
AcDbEntity
  8
0
  6
Continuous
 62
     7
370
    25
100
AcDbCircle
 10
108.9999902489
 20
172.9999937115
 30
0.0
 40
2.449998972881474
  0
CIRCLE
  5
EB
330
1F
100
AcDbEntity
  8
0
  6
Continuous
 62
     7
370
    25
100
AcDbCircle
 10
108.9999902489
 20
172.9999937115
 30
0.0
 40
1.649999308267112
  0
CIRCLE
  5
EC
330
1F
100
AcDbEntity
  8
0
  6
Continuous
 62
     7
370
    25
100
AcDbCircle
 10
108.9999902489
 20
158.0
 30
0.0
 40
2.449998972881474
  0
CIRCLE
  5
ED
330
1F
100
AcDbEntity
  8
0
  6
Continuous
 62
     7
370
    25
100
AcDbCircle
 10
108.9999902489
 20
158.0
 30
0.0
 40
1.849999224420714
  0
CIRCLE
  5
EE
330
1F
100
AcDbEntity
  8
0
  6
Continuous
 62
     7
370
    25
100
AcDbCircle
 10
108.9999902489
 20
158.0
 30
0.0
 40
1.649999308267112
  0
CIRCLE
  5
EF
330
1F
100
AcDbEntity
  8
0
  6
Continuous
 62
     7
370
    25
100
AcDbCircle
 10
108.9999902489
 20
143.0000062885
 30
0.0
 40
2.449998972881474
  0
CIRCLE
  5
F0
330
1F
100
AcDbEntity
  8
0
  6
Continuous
 62
     7
370
    25
100
AcDbCircle
 10
108.9999902489
 20
143.0000062885
 30
0.0
 40
1.849999224420714
  0
CIRCLE
  5
F1
330
1F
100
AcDbEntity
  8
0
  6
Continuous
 62
     7
370
    25
100
AcDbCircle
 10
108.9999902489
 20
143.0000062885
 30
0.0
 40
1.649999308267112
  0
ARC
  5
F2
330
1F
100
AcDbEntity
  8
0
  6
Continuous
 62
     7
370
    25
100
AcDbCircle
 10
121.7999853295
 20
135.2000095585
 30
0.0
 40
1.199999496921549
100
AcDbArc
 50
270.0
 51
0.0
  0
ARC
  5
F3
330
1F
100
AcDbEntity
  8
0
  6
Continuous
 62
     7
370
    25
100
AcDbCircle
 10
118.1999866473
 20
135.2000095585
 30
0.0
 40
2.799998826150244
100
AcDbArc
 50
180.0
 51
270.0
  0
ARC
  5
F4
330
1F
100
AcDbEntity
  8
0
  6
Continuous
 62
     7
370
    25
100
AcDbCircle
 10
121.7999853295
 20
135.2000095585
 30
0.0
 40
2.799998826150485
100
AcDbArc
 50
270.0
 51
0.0
  0
ARC
  5
F5
330
1F
100
AcDbEntity
  8
0
  6
Continuous
 62
     7
370
    25
100
AcDbCircle
 10
118.1999866473
 20
135.2000095585
 30
0.0
 40
1.199999496921549
100
AcDbArc
 50
180.0
 51
270.0
  0
LINE
  5
F6
330
1F
100
AcDbEntity
  8
0
  6
Continuous
 62
     7
370
    25
100
AcDbLine
 10
121.7999853295
 20
134.0000100616
 30
0.0
 11
118.1999866473
 21
134.0000100616
 31
0.0
  0
LINE
  5
F7
330
1F
100
AcDbEntity
  8
0
  6
Continuous
 62
     7
370
    25
100
AcDbLine
 10
118.1999866473
 20
132.4000107323
 30
0.0
 11
121.7999853295
 21
132.4000107323
 31
0.0
  0
SPLINE
  5
F8
330
1F
100
AcDbEntity
  8
0
  6
Continuous
 62
     7
370
    25
100
AcDbSpline
210
0.0
220
0.0
230
1.0
 70
     8
 71
     3
 72
    18
 73
    14
 74
     0
 42
0.00000001
 43
0.00000001
 40
0.0
 40
0.0
 40
0.0
 40
0.0
 40
0.0919127279139194
 40
0.183082596856695
 40
0.2736866214293694
 40
0.3639051469645742
 40
0.4539208358525967
 40
0.5439175855576903
 40
0.6340794094314096
 40
0.7245893140068067
 40
0.8156282067039253
 40
0.9073738657622457
 40
1.0
 40
1.0
 40
1.0
 40
1.0
 10
110.3621566406507
 20
169.8309689880667
 30
0.0
 10
110.2800971799798
 20
169.8115213066151
 30
0.0
 10
110.1166414813267
 20
169.7727831241696
 30
0.0
 10
109.8693901072093
 20
169.7284339444257
 30
0.0
 10
109.6221123891931
 20
169.6945637278168
 30
0.0
 10
109.3745750937072
 20
169.6721150282199
 30
0.0
 10
109.1268441259991
 20
169.6608398695131
 30
0.0
 10
108.878904706884
 20
169.6608006395898
 30
0.0
 10
108.6307687375148
 20
169.6719968310412
 30
0.0
 10
108.3824217684484
 20
169.6943669511077
 30
0.0
 10
108.1339280329699
 20
169.7281550523425
 30
0.0
 10
107.8850593203641
 20
169.7724297807425
 30
0.0
 10
107.7203667511456
 20
169.8110731078326
 30
0.0
 10
107.6376272184238
 20
169.8304870427868
 30
0.0
  0
SPLINE
  5
F9
330
1F
100
AcDbEntity
  8
0
  6
Continuous
 62
     7
370
    25
100
AcDbSpline
210
0.0
220
0.0
230
1.0
 70
     8
 71
     3
 72
    18
 73
    14
 74
     0
 42
0.00000001
 43
0.00000001
 40
0.0
 40
0.0
 40
0.0
 40
0.0
 40
0.0919127279143772
 40
0.1830825968575243
 40
0.2736866214304797
 40
0.363905146965872
 40
0.4539208358539865
 40
0.5439175855590788
 40
0.6340794094327036
 40
0.7245893140079139
 40
0.8156282067047523
 40
0.9073738657627006
 40
1.0
 40
1.0
 40
1.0
 40
1.0
 10
107.637823857111
 20
146.1690310119333
 30
0.0
 10
107.7198833177823
 20
146.1884786933848
 30
0.0
 10
107.8833390164362
 20
146.2272168758304
 30
0.0
 10
108.1305903905547
 20
146.2715660555743
 30
0.0
 10
108.3778681085716
 20
146.3054362721833
 30
0.0
 10
108.625405404058
 20
146.3278849717802
 30
0.0
 10
108.8731363717664
 20
146.339160130487
 30
0.0
 10
109.1210757908814
 20
146.3391993604103
 30
0.0
 10
109.3692117602505
 20
146.3280031689589
 30
0.0
 10
109.6175587293163
 20
146.3056330488924
 30
0.0
 10
109.866052464794
 20
146.2718449476576
 30
0.0
 10
110.1149211773988
 20
146.2275702192576
 30
0.0
 10
110.2796137466165
 20
146.1889268921674
 30
0.0
 10
110.3623532793379
 20
146.1695129572132
 30
0.0
  0
SPLINE
  5
FA
330
1F
100
AcDbEntity
  8
0
  6
Continuous
 62
     7
370
    25
100
AcDbSpline
210
0.0
220
0.0
230
1.0
 70
    11
 71
     3
 72
    15
 73
    11
 74
     0
 42
0.00000001
 43
0.00000001
 40
-3.14159265358979
 40
-3.14159265358979
 40
-3.14159265358979
 40
-3.14159265358979
 40
-2.69279370307697
 40
-2.24399475256414
 40
-1.34639685153848
 40
-0.448798950512828
 40
0.448798950512828
 40
1.34639685153848
 40
2.24399475256414
 40
3.14159265358979
 40
3.14159265358979
 40
3.14159265358979
 40
3.14159265358979
 10
43.00001581185349
 20
185.8070364711267
 30
0.0
 10
43.62942686670731
 20
185.8070364711267
 30
0.0
 10
44.88396345397814
 20
186.0968091698577
 30
0.0
 10
46.91081832430664
 20
187.6960189856416
 30
0.0
 10
47.69283777833789
 20
191.0608303786726
 30
0.0
 10
45.08906183477649
 20
194.3213614904027
 30
0.0
 10
40.90680819374838
 20
194.3277735524858
 30
0.0
 10
38.31769079284965
 20
191.0632203208045
 30
0.0
 10
39.2371341084956
 20
187.0133846861111
 30
0.0
 10
41.7411937021461
 20
185.8070364711267
 30
0.0
 10
43.00001581185349
 20
185.8070364711267
 30
0.0
  0
SPLINE
  5
FB
330
1F
100
AcDbEntity
  8
0
  6
Continuous
 62
     7
370
    25
100
AcDbSpline
210
0.0
220
0.0
230
1.0
 70
    11
 71
     3
 72
    15
 73
    11
 74
     0
 42
0.00000001
 43
0.00000001
 40
-3.14159265358979
 40
-3.14159265358979
 40
-3.14159265358979
 40
-3.14159265358979
 40
-2.69279370307697
 40
-2.24399475256414
 40
-1.34639685153848
 40
-0.448798950512828
 40
0.448798950512828
 40
1.34639685153848
 40
2.24399475256414
 40
3.14159265358979
 40
3.14159265358979
 40
3.14159265358979
 40
3.14159265358979
 10
122.999984826432
 20
121.8070612594639
 30
0.0
 10
123.6293958812859
 20
121.8070612594639
 30
0.0
 10
124.8839345525174
 20
122.0968561610978
 30
0.0
 10
126.9106424216135
 20
123.6961474934589
 30
0.0
 10
127.6930367651182
 20
127.0608397983153
 30
0.0
 10
125.0889551045162
 20
130.3211560985584
 30
0.0
 10
120.9066951501717
 20
130.3280706703802
 30
0.0
 10
118.3178994016521
 20
127.0632641140107
 30
0.0
 10
119.2369839490717
 20
123.0136636990231
 30
0.0
 10
121.7411627167248
 20
121.8070612594639
 30
0.0
 10
122.999984826432
 20
121.8070612594639
 30
0.0
  0
LINE
  5
FC
330
1F
100
AcDbEntity
  8
0
  6
Continuous
 62
     7
370
    25
100
AcDbLine
 10
132.999980315
 20
192.9999866034
 30
0.0
 11
132.999980315
 21
123.0000133966
 31
0.0
  0
LINE
  5
FD
330
1F
100
AcDbEntity
  8
0
  6
Continuous
 62
     7
370
    25
100
AcDbLine
 10
33.000019685
 20
123.0000133966
 30
0.0
 11
33.000019685
 21
192.9999866034
 31
0.0
  0
SPLINE
  5
FE
330
1F
100
AcDbEntity
  8
0
  6
Continuous
 62
     7
370
    25
100
AcDbSpline
210
0.0
220
0.0
230
1.0
 70
    11
 71
     3
 72
    70
 73
    66
 74
     0
 42
0.00000001
 43
0.00000001
 40
0.0
 40
0.0
 40
0.0
 40
0.0
 40
0.0312500000000003
 40
0.0312500000000003
 40
0.0625000000000005
 40
0.0625000000000005
 40
0.0937500000000008
 40
0.0937500000000008
 40
0.125000000000001
 40
0.125000000000001
 40
0.1562500000000013
 40
0.1562500000000013
 40
0.1875000000000016
 40
0.1875000000000016
 40
0.2187500000000018
 40
0.2187500000000018
 40
0.2500000000000021
 40
0.2500000000000021
 40
0.2812500000000023
 40
0.2812500000000023
 40
0.3125000000000022
 40
0.3125000000000022
 40
0.3437500000000021
 40
0.3437500000000021
 40
0.3750000000000019
 40
0.3750000000000019
 40
0.4062500000000018
 40
0.4062500000000018
 40
0.4375000000000017
 40
0.4375000000000017
 40
0.4687500000000015
 40
0.4687500000000015
 40
0.5000000000000013
 40
0.5000000000000013
 40
0.5312500000000012
 40
0.5312500000000012
 40
0.5625000000000012
 40
0.5625000000000012
 40
0.5937500000000011
 40
0.5937500000000011
 40
0.625000000000001
 40
0.625000000000001
 40
0.656250000000001
 40
0.656250000000001
 40
0.6875000000000009
 40
0.6875000000000009
 40
0.7187500000000008
 40
0.7187500000000008
 40
0.7500000000000007
 40
0.7500000000000007
 40
0.7812500000000007
 40
0.7812500000000007
 40
0.8125000000000006
 40
0.8125000000000006
 40
0.8437500000000004
 40
0.8437500000000004
 40
0.8750000000000004
 40
0.8750000000000004
 40
0.9062500000000003
 40
0.9062500000000003
 40
0.9375000000000002
 40
0.9375000000000002
 40
0.9687500000000002
 40
0.9687500000000002
 40
1.0
 40
1.0
 40
1.0
 40
1.0
 10
122.999984826432
 20
122.0000139434396
 30
0.0
 10
122.730832389914
 20
122.0000139434396
 30
0.0
 10
122.4631549813033
 20
122.0271675441901
 30
0.0
 10
121.938434540331
 20
122.1341627495626
 30
0.0
 10
121.6857782292706
 20
122.2128382418583
 30
0.0
 10
121.1989548164925
 20
122.4186553967099
 30
0.0
 10
120.9627571330622
 20
122.5476108549701
 30
0.0
 10
120.5276126581806
 20
122.8445807399969
 30
0.0
 10
120.3267749143353
 20
123.0128631820711
 30
0.0
 10
119.9587800497671
 20
123.388463973048
 30
0.0
 10
119.7938371115488
 20
123.5943023385277
 30
0.0
 10
119.5108341031605
 20
124.0270320922506
 30
0.0
 10
119.390365585783
 20
124.2570217502662
 30
0.0
 10
119.1953691383151
 20
124.7381618035955
 30
0.0
 10
119.1225847748728
 20
124.9843615191624
 30
0.0
 10
119.024619216117
 20
125.4879126733558
 30
0.0
 10
118.9996359080675
 20
125.7480121540427
 30
0.0
 10
119.0003444137752
 20
126.2630184000431
 30
0.0
 10
119.0253596100397
 20
126.5181356619643
 30
0.0
 10
119.124405031393
 20
127.0227433381113
 30
0.0
 10
119.1994457958807
 20
127.2735854866987
 30
0.0
 10
119.3937585486185
 20
127.7496458923527
 30
0.0
 10
119.5132055554295
 20
127.9773674282905
 30
0.0
 10
119.7984619432473
 20
128.412026872588
 30
0.0
 10
119.9642023706971
 20
128.6175951463624
 30
0.0
 10
120.3289642516217
 20
128.9888857056474
 30
0.0
 10
120.5294718582345
 20
129.1570906997709
 30
0.0
 10
120.9687323173357
 20
129.4561071553155
 30
0.0
 10
121.2014237185509
 20
129.5825605243335
 30
0.0
 10
121.6871182425013
 20
129.7876045708065
 30
0.0
 10
121.9439008185017
 20
129.8672814184756
 30
0.0
 10
122.4665434183532
 20
129.9732382123568
 30
0.0
 10
122.7301993560221
 20
129.9997568368065
 30
0.0
 10
123.2621848333201
 20
130.0002612567826
 30
0.0
 10
123.5321903771852
 20
129.9733138891571
 30
0.0
 10
124.0522636358482
 20
129.8682260420407
 30
0.0
 10
124.3053556896872
 20
129.7904342565497
 30
0.0
 10
124.7975998890546
 20
129.5832889774209
 30
0.0
 10
125.0302703338481
 20
129.4564428657803
 30
0.0
 10
125.4647999517141
 20
129.161287017622
 30
0.0
 10
125.6694282905665
 20
128.9904399764112
 30
0.0
 10
126.0365790497118
 20
128.6168198108485
 30
0.0
 10
126.199310599598
 20
128.4148755703718
 30
0.0
 10
126.484359573941
 20
127.9815224702339
 30
0.0
 10
126.6064202893086
 20
127.7492043299181
 30
0.0
 10
126.8006301922718
 20
127.2732539184307
 30
0.0
 10
126.874477277707
 20
127.0273831360341
 30
0.0
 10
126.9746706166735
 20
126.5187177682303
 30
0.0
 10
127.0000189297168
 20
126.2595076365313
 30
0.0
 10
126.9999475492585
 20
125.7394191781233
 30
0.0
 10
126.9745226288079
 20
125.4802358773209
 30
0.0
 10
126.8742555234937
 20
124.9718368566896
 30
0.0
 10
126.800338165312
 20
124.7259000590953
 30
0.0
 10
126.6060216438496
 20
124.2499991901753
 30
0.0
 10
126.4838968476235
 20
124.0176411207283
 30
0.0
 10
126.1983019023124
 20
123.5837742603548
 30
0.0
 10
126.0355187667304
 20
123.3820575991519
 30
0.0
 10
125.6694572081342
 20
123.0096828446401
 30
0.0
 10
125.46409508898
 20
122.8381761148179
 30
0.0
 10
125.0292452259787
 20
122.5429688199213
 30
0.0
 10
124.798261660975
 20
122.417149677754
 30
0.0
 10
124.3081414589172
 20
122.2106284015897
 30
0.0
 10
124.0513540122774
 20
122.13161846552
 30
0.0
 10
123.5332023803541
 20
122.0269118678366
 30
0.0
 10
123.2691372629501
 20
122.0000139434396
 30
0.0
 10
122.999984826432
 20
122.0000139434396
 30
0.0
  0
SPLINE
  5
FF
330
1F
100
AcDbEntity
  8
0
  6
Continuous
 62
     7
370
    25
100
AcDbSpline
210
0.0
220
0.0
230
1.0
 70
    11
 71
     3
 72
    68
 73
    64
 74
     0
 42
0.00000001
 43
0.00000001
 40
0.0
 40
0.0
 40
0.0
 40
0.0
 40
0.03125
 40
0.03125
 40
0.0625
 40
0.0625
 40
0.09375
 40
0.09375
 40
0.125
 40
0.125
 40
0.15625
 40
0.15625
 40
0.1875
 40
0.1875
 40
0.21875
 40
0.21875
 40
0.25
 40
0.25
 40
0.28125
 40
0.28125
 40
0.3125
 40
0.3125
 40
0.34375
 40
0.34375
 40
0.375
 40
0.375
 40
0.40625
 40
0.40625
 40
0.4375
 40
0.4375
 40
0.46875
 40
0.46875
 40
0.5
 40
0.5
 40
0.53125
 40
0.53125
 40
0.5625
 40
0.5625
 40
0.59375
 40
0.59375
 40
0.625
 40
0.625
 40
0.65625
 40
0.65625
 40
0.6875
 40
0.6875
 40
0.71875
 40
0.71875
 40
0.75
 40
0.75
 40
0.78125
 40
0.78125
 40
0.8125
 40
0.8125
 40
0.84375
 40
0.84375
 40
0.875
 40
0.875
 40
0.90625
 40
0.90625
 40
0.9375
 40
0.9375
 40
1.0
 40
1.0
 40
1.0
 40
1.0
 10
43.0000158118535
 20
185.9999891551026
 30
0.0
 10
42.73092892999982
 20
185.9999891551026
 30
0.0
 10
42.46269395746793
 20
186.027225642768
 30
0.0
 10
41.93845663159031
 20
186.1341572296815
 30
0.0
 10
41.68578937249756
 20
186.212814668325
 30
0.0
 10
41.19882142734748
 20
186.4187072786709
 30
0.0
 10
40.96296191481849
 20
186.5475528792888
 30
0.0
 10
40.5292424927576
 20
186.8433797229757
 30
0.0
 10
40.32890342840525
 20
187.0109812846448
 30
0.0
 10
39.96092347466022
 20
187.3860025410085
 30
0.0
 10
39.79671399676239
 20
187.5904390588168
 30
0.0
 10
39.51273166011267
 20
188.0236485751984
 30
0.0
 10
39.39108618460786
 20
188.2555584906711
 30
0.0
 10
39.19585134559768
 20
188.7367620891849
 30
0.0
 10
39.1229549696257
 20
188.9830553417369
 30
0.0
 10
39.02483585794795
 20
189.4864738882348
 30
0.0
 10
38.99985863815558
 20
189.746148416942
 30
0.0
 10
39.00017763281729
 20
190.2588047026918
 30
0.0
 10
39.02471868162713
 20
190.5130127686903
 30
0.0
 10
39.12320043980837
 20
191.0180665135724
 30
0.0
 10
39.19808350613018
 20
191.269521984596
 30
0.0
 10
39.39243366275775
 20
191.746915719319
 30
0.0
 10
39.51220246479082
 20
191.9756436128295
 30
0.0
 10
39.79839084686286
 20
192.4119694020904
 30
0.0
 10
39.96355624268994
 20
192.6167459915069
 30
0.0
 10
40.32763516815583
 20
192.9876108851888
 30
0.0
 10
40.52828545171148
 20
193.1560848584137
 30
0.0
 10
40.96685385364668
 20
193.4549338127507
 30
0.0
 10
41.197942308401
 20
193.5807747928883
 30
0.0
 10
41.68355276059626
 20
193.7863355594024
 30
0.0
 10
41.94122202062064
 20
193.8665100720174
 30
0.0
 10
42.46363052086179
 20
193.9728116761223
 30
0.0
 10
42.72753519188836
 20
193.9995890814625
 30
0.0
 10
43.26071393163147
 20
194.0003743549434
 30
0.0
 10
43.53012985740293
 20
193.9735584921414
 30
0.0
 10
44.04996280801832
 20
193.8688243554325
 30
0.0
 10
44.30380367989779
 20
193.7909976941621
 30
0.0
 10
44.79723885615365
 20
193.5835067733148
 30
0.0
 10
45.0285984858861
 20
193.4573918792671
 30
0.0
 10
45.46273354646937
 20
193.1628681497289
 30
0.0
 10
45.66736875031571
 20
192.9922455857029
 30
0.0
 10
46.03426279162542
 20
192.6194770183262
 30
0.0
 10
46.19753911828145
 20
192.4173737197981
 30
0.0
 10
46.48418486160524
 20
191.9820261906983
 30
0.0
 10
46.60659073666835
 20
191.749024593863
 30
0.0
 10
46.80135034276516
 20
191.2713525644111
 30
0.0
 10
46.87529664834054
 20
191.0244424755448
 30
0.0
 10
46.97516986329457
 20
190.515215331245
 30
0.0
 10
47.00006172245308
 20
190.2580405526846
 30
0.0
 10
46.9999666677969
 20
189.7404654288955
 30
0.0
 10
46.97475164784388
 20
189.4821807651333
 30
0.0
 10
46.87520035857018
 20
188.975490842016
 30
0.0
 10
46.80161587547379
 20
188.729432922952
 30
0.0
 10
46.60702703936813
 20
188.251862252635
 30
0.0
 10
46.48434925977072
 20
188.018383032751
 30
0.0
 10
46.19908750436645
 20
187.5847699000148
 30
0.0
 10
46.03636529245922
 20
187.3829466190527
 30
0.0
 10
45.66993675029373
 20
187.0100304360156
 30
0.0
 10
45.4654769783454
 20
186.8392765204659
 30
0.0
 10
45.03225361590527
 20
186.5447592723613
 30
0.0
 10
44.80148108372953
 20
186.4186689214942
 30
0.0
 10
44.06435680391169
 20
186.1074693960657
 30
0.0
 10
43.53818957556084
 20
185.9999891551026
 30
0.0
 10
43.0000158118535
 20
185.9999891551026
 30
0.0
  0
LINE
  5
100
330
1F
100
AcDbEntity
  8
0
  6
Continuous
 62
     7
370
    25
100
AcDbLine
 10
39.6517920752
 20
118.0000154927
 30
0.0
 11
126.3482082306
 21
118.0000154927
 31
0.0
  0
LINE
  5
101
330
1F
100
AcDbEntity
  8
0
  6
Continuous
 62
     7
370
    25
100
AcDbLine
 10
126.3482082306
 20
197.9999845073
 30
0.0
 11
39.6517920752
 21
197.9999845073
 31
0.0
  0
LINE
  5
102
330
1F
100
AcDbEntity
  8
0
  6
Continuous
 62
     7
370
    25
100
AcDbLine
 10
39.6517920752
 20
197.9999845073
 30
0.0
 11
38.1547090225
 21
197.9999845073
 31
0.0
  0
ELLIPSE
  5
103
330
1F
100
AcDbEntity
  8
0
  6
Continuous
 62
     7
370
    25
100
AcDbEllipse
 10
38.1547090225
 20
192.9999866034
 30
0.0
 11
-5.154689337462521
 21
0.0
 31
0.0
210
0.0
220
0.0
230
1.0
 40
0.9699901539
 41
4.712388980384703
 42
6.283185307179586
  0
LINE
  5
104
330
1F
100
AcDbEntity
  8
0
  6
Continuous
 62
     7
370
    25
100
AcDbLine
 10
38.1547090225
 20
118.0000154927
 30
0.0
 11
39.6517920752
 21
118.0000154927
 31
0.0
  0
ELLIPSE
  5
105
330
1F
100
AcDbEntity
  8
0
  6
Continuous
 62
     7
370
    25
100
AcDbEllipse
 10
38.1547090225
 20
123.0000133966
 30
0.0
 11
-5.154689337462521
 21
0.0
 31
0.0
210
0.0
220
0.0
230
1.0
 40
0.9699901539
 41
0.0
 42
1.570796326794858
  0
LINE
  5
106
330
1F
100
AcDbEntity
  8
0
  6
Continuous
 62
     7
370
    25
100
AcDbLine
 10
127.8452910292
 20
197.9999845073
 30
0.0
 11
126.3482082306
 21
197.9999845073
 31
0.0
  0
ELLIPSE
  5
107
330
1F
100
AcDbEntity
  8
0
  6
Continuous
 62
     7
370
    25
100
AcDbEllipse
 10
127.8452910292
 20
192.9999866034
 30
0.0
 11
5.154689285730697
 21
0.0
 31
0.0
210
0.0
220
0.0
230
1.0
 40
0.9699901637
 41
0.0
 42
1.570796326794897
  0
LINE
  5
108
330
1F
100
AcDbEntity
  8
0
  6
Continuous
 62
     7
370
    25
100
AcDbLine
 10
126.3482082306
 20
118.0000154927
 30
0.0
 11
127.8452910292
 21
118.0000154927
 31
0.0
  0
ELLIPSE
  5
109
330
1F
100
AcDbEntity
  8
0
  6
Continuous
 62
     7
370
    25
100
AcDbEllipse
 10
127.8452910292
 20
123.0000133966
 30
0.0
 11
5.154689285730697
 21
0.0
 31
0.0
210
0.0
220
0.0
230
1.0
 40
0.9699901637
 41
4.712388980384703
 42
6.283185307179586
  0
CIRCLE
  5
10A
330
1F
100
AcDbEntity
  8
0
  6
Continuous
 62
     7
370
    25
100
AcDbCircle
 10
43.0000158119
 20
189.9999876058
 30
0.0
 40
2.199999077689483
  0
CIRCLE
  5
10B
330
1F
100
AcDbEntity
  8
0
  6
Continuous
 62
     7
370
    25
100
AcDbCircle
 10
43.0000158119
 20
189.9999876058
 30
0.0
 40
1.999999161535897
  0
CIRCLE
  5
10C
330
1F
100
AcDbEntity
  8
0
  6
Continuous
 62
     7
370
    25
100
AcDbCircle
 10
122.9999848264
 20
126.0000123942
 30
0.0
 40
2.199999141518049
  0
CIRCLE
  5
10D
330
1F
100
AcDbEntity
  8
0
  6
Continuous
 62
     7
370
    25
100
AcDbCircle
 10
122.9999848264
 20
126.0000123942
 30
0.0
 40
1.999999225364476
  0
INSERT
  5
119
330
1F
100
AcDbEntity
  8
10
100
AcDbBlockReference
  2
SW_CENTERMARKSYMBOL_0
 10
73.0000041923
 20
158.0
 30
0.0
  0
INSERT
  5
125
330
1F
100
AcDbEntity
  8
10
100
AcDbBlockReference
  2
SW_CENTERMARKSYMBOL_1
 10
108.9999902489
 20
143.0000062885
 30
0.0
  0
INSERT
  5
131
330
1F
100
AcDbEntity
  8
10
100
AcDbBlockReference
  2
SW_CENTERMARKSYMBOL_2
 10
108.9999902489
 20
158.0
 30
0.0
  0
INSERT
  5
13D
330
1F
100
AcDbEntity
  8
10
100
AcDbBlockReference
  2
SW_CENTERMARKSYMBOL_3
 10
108.9999902489
 20
172.9999937115
 30
0.0
  0
INSERT
  5
149
330
1F
100
AcDbEntity
  8
10
100
AcDbBlockReference
  2
SW_CENTERMARKSYMBOL_4
 10
122.9999848264
 20
126.0000123942
 30
0.0
  0
INSERT
  5
155
330
1F
100
AcDbEntity
  8
10
100
AcDbBlockReference
  2
SW_CENTERMARKSYMBOL_5
 10
43.0000158119
 20
189.9999876058
 30
0.0
  0
LINE
  5
156
330
1F
100
AcDbEntity
  8
0
  6
Continuous
 62
     7
370
    25
100
AcDbLine
 10
213.0000041923
 20
67.9500052519
 30
0.0
 11
213.0000041923
 21
45.7500145589
 31
0.0
  0
LINE
  5
157
330
1F
100
AcDbEntity
  8
0
  6
Continuous
 62
     7
370
    25
100
AcDbLine
 10
232.9999958077
 20
45.7500145589
 30
0.0
 11
232.9999958077
 21
67.9500052519
 31
0.0
  0
LINE
  5
158
330
1F
100
AcDbEntity
  8
0
  6
Continuous
 62
     7
370
    25
100
AcDbLine
 10
232.9999958077
 20
67.9500052519
 30
0.0
 11
232.6999959334
 21
68.2500051262
 31
0.0
  0
LINE
  5
159
330
1F
100
AcDbEntity
  8
0
  6
Continuous
 62
     7
370
    25
100
AcDbLine
 10
213.3000040666
 20
68.2500051262
 30
0.0
 11
213.0000041923
 21
67.9500052519
 31
0.0
  0
LINE
  5
15A
330
1F
100
AcDbEntity
  8
0
  6
Continuous
 62
     7
370
    25
100
AcDbLine
 10
217.5000023058
 20
85.4499979154
 30
0.0
 11
217.5000023058
 21
68.2500051262
 31
0.0
  0
LINE
  5
15B
330
1F
100
AcDbEntity
  8
0
  6
Continuous
 62
     7
370
    25
100
AcDbLine
 10
228.4999976942
 20
68.2500051262
 30
0.0
 11
228.4999976942
 21
85.4499979154
 31
0.0
  0
LINE
  5
15C
330
1F
100
AcDbEntity
  8
0
  6
Continuous
 62
     7
370
    25
100
AcDbLine
 10
228.4999976942
 20
85.4499979154
 30
0.0
 11
228.19999782
 21
85.7499977896
 31
0.0
  0
LINE
  5
15D
330
1F
100
AcDbEntity
  8
0
  6
Continuous
 62
     7
370
    25
100
AcDbLine
 10
217.80000218
 20
85.7499977896
 30
0.0
 11
217.5000023058
 21
85.4499979154
 31
0.0
  0
LINE
  5
15E
330
1F
100
AcDbEntity
  8
0
  6
Continuous
 62
     7
370
    25
100
AcDbLine
 10
262.9999845073
 20
28.2500218954
 30
0.0
 11
262.9999845073
 21
34.222427691
 31
0.0
  0
LINE
  5
15F
330
1F
100
AcDbEntity
  8
0
  6
Continuous
 62
     7
370
    25
100
AcDbLine
 10
257.9999866034
 20
28.2500218954
 30
0.0
 11
262.9999845073
 21
28.2500218954
 31
0.0
  0
LINE
  5
160
330
1F
100
AcDbEntity
  8
0
  6
Continuous
 62
     7
370
    25
100
AcDbLine
 10
257.9999866034
 20
28.2500218954
 30
0.0
 11
188.0000133966
 21
28.2500218954
 31
0.0
  0
LINE
  5
161
330
1F
100
AcDbEntity
  8
0
  6
Continuous
 62
     7
370
    25
100
AcDbLine
 10
183.0000154927
 20
34.222427691
 30
0.0
 11
183.0000154927
 21
28.2500218954
 31
0.0
  0
LINE
  5
162
330
1F
100
AcDbEntity
  8
0
  6
Continuous
 62
     7
370
    25
100
AcDbLine
 10
183.0000154927
 20
28.2500218954
 30
0.0
 11
188.0000133966
 21
28.2500218954
 31
0.0
  0
LINE
  5
163
330
1F
100
AcDbEntity
  8
0
  6
Continuous
 62
     7
370
    25
100
AcDbLine
 10
258.5262211717
 20
36.9701359679
 30
0.0
 11
236.1459910726
 21
43.0738348025
 31
0.0
  0
LINE
  5
164
330
1F
100
AcDbEntity
  8
0
  6
Continuous
 62
     7
370
    25
100
AcDbLine
 10
209.8540089274
 20
43.0738348025
 30
0.0
 11
187.4737788283
 21
36.9701359679
 31
0.0
  0
SPLINE
  5
165
330
1F
100
AcDbEntity
  8
0
  6
Continuous
 62
     7
370
    25
100
AcDbSpline
210
0.0
220
0.0
230
1.0
 70
     8
 71
     3
 72
    10
 73
     6
 74
     0
 42
0.00000001
 43
0.00000001
 40
0.0
 40
0.0
 40
0.0
 40
0.0
 40
0.5
 40
0.5
 40
1.0
 40
1.0
 40
1.0
 40
1.0
 10
183.0000154927107
 20
34.22242769095547
 30
0.0
 10
183.0000154927107
 20
34.65727560512914
 30
0.0
 10
183.1466520464027
 20
35.09083796176742
 30
0.0
 10
183.6745518999856
 20
35.78199104063778
 30
0.0
 10
184.0542545493303
 20
36.03753848056428
 30
0.0
 10
184.473780086014
 20
36.15195453071215
 30
0.0
  0
LINE
  5
166
330
1F
100
AcDbEntity
  8
0
  6
Continuous
 62
     7
370
    25
100
AcDbLine
 10
187.4737788283
 20
36.9701359679
 30
0.0
 11
184.473780086
 21
36.1519545307
 31
0.0
  0
SPLINE
  5
167
330
1F
100
AcDbEntity
  8
0
  6
Continuous
 62
     7
370
    25
100
AcDbSpline
210
0.0
220
0.0
230
1.0
 70
     8
 71
     3
 72
    10
 73
     6
 74
     0
 42
0.00000001
 43
0.00000001
 40
0.0
 40
0.0
 40
0.0
 40
0.0
 40
0.5
 40
0.5
 40
1.0
 40
1.0
 40
1.0
 40
1.0
 10
261.5262199139859
 20
36.15195453071215
 30
0.0
 10
261.9457454506696
 20
36.03753848056428
 30
0.0
 10
262.3254481000145
 20
35.78199104063778
 30
0.0
 10
262.8533479535973
 20
35.09083796176743
 30
0.0
 10
262.9999845072894
 20
34.65727560512914
 30
0.0
 10
262.9999845072894
 20
34.22242769095547
 30
0.0
  0
LINE
  5
168
330
1F
100
AcDbEntity
  8
0
  6
Continuous
 62
     7
370
    25
100
AcDbLine
 10
261.526219914
 20
36.1519545307
 30
0.0
 11
258.5262211717
 21
36.9701359679
 31
0.0
  0
LINE
  5
169
330
1F
100
AcDbEntity
  8
0
  6
Continuous
 62
     7
370
    25
100
AcDbLine
 10
234.830404652
 20
43.250015607
 30
0.0
 11
211.169595348
 21
43.250015607
 31
0.0
  0
SPLINE
  5
16A
330
1F
100
AcDbEntity
  8
0
  6
Continuous
 62
     7
370
    25
100
AcDbSpline
210
0.0
220
0.0
230
1.0
 70
     8
 71
     3
 72
    12
 73
     8
 74
     0
 42
0.00000001
 43
0.00000001
 40
0.0
 40
0.0
 40
0.0
 40
0.0
 40
0.1664683919006636
 40
0.3331085118535952
 40
0.4999277383082539
 40
0.7493660100921411
 40
1.0
 40
1.0
 40
1.0
 40
1.0
 10
234.8304046519818
 20
43.25001560695629
 30
0.0
 10
234.904290158661
 20
43.24906666223981
 30
0.0
 10
235.0521373919795
 20
43.24716779387972
 30
0.0
 10
235.2735970417353
 20
43.23190513600824
 30
0.0
 10
235.5306900161131
 20
43.20322930675731
 30
0.0
 10
235.8230344077234
 20
43.15526796167902
 30
0.0
 10
236.0381673834657
 20
43.10102242423145
 30
0.0
 10
236.1459910725635
 20
43.07383480250815
 30
0.0
  0
SPLINE
  5
16B
330
1F
100
AcDbEntity
  8
0
  6
Continuous
 62
     7
370
    25
100
AcDbSpline
210
0.0
220
0.0
230
1.0
 70
     8
 71
     3
 72
    12
 73
     8
 74
     0
 42
0.00000001
 43
0.00000001
 40
0.0
 40
0.0
 40
0.0
 40
0.0
 40
0.167240977408199
 40
0.3339468241495041
 40
0.5001246506058497
 40
0.7502596160578595
 40
1.0
 40
1.0
 40
1.0
 40
1.0
 10
209.8540089274365
 20
43.07383480250815
 30
0.0
 10
209.9258226723761
 20
43.0924294855763
 30
0.0
 10
210.0692203756454
 20
43.12955935322542
 30
0.0
 10
210.2869028964352
 20
43.17306706530959
 30
0.0
 10
210.5425040638241
 20
43.21302915861351
 30
0.0
 10
210.8368528095618
 20
43.24362334956423
 30
0.0
 10
211.058739551358
 20
43.24788597607428
 30
0.0
 10
211.1695953480182
 20
43.25001560695629
 30
0.0
  0
SPLINE
  5
16C
330
1F
100
AcDbEntity
  8
0
  6
Continuous
 62
     7
370
    25
100
AcDbSpline
210
0.0
220
0.0
230
1.0
 70
     8
 71
     3
 72
     9
 73
     5
 74
     0
 42
0.00000001
 43
0.00000001
 40
0.0
 40
0.0
 40
0.0
 40
0.0
 40
0.428571428571429
 40
1.0
 40
1.0
 40
1.0
 40
1.0
 10
197.4000107323405
 20
40.44108552800019
 30
0.0
 10
197.4000107323405
 20
40.25472213621146
 30
0.0
 10
197.2754548554686
 20
39.81950412034646
 30
0.0
 10
196.9028573137939
 20
39.54170270820637
 30
0.0
 10
196.6631284356889
 20
39.47632210812187
 30
0.0
  0
SPLINE
  5
16D
330
1F
100
AcDbEntity
  8
0
  6
Continuous
 62
     7
370
    25
100
AcDbSpline
210
0.0
220
0.0
230
1.0
 70
     8
 71
     3
 72
    10
 73
     6
 74
     0
 42
0.00000001
 43
0.00000001
 40
0.0
 40
0.0
 40
0.0
 40
0.0
 40
0.5
 40
0.5
 40
1.0
 40
1.0
 40
1.0
 40
1.0
 10
248.5999892676595
 20
40.44108552800019
 30
0.0
 10
248.5999892676595
 20
40.22366157091338
 30
0.0
 10
248.6733075445055
 20
40.00688039259424
 30
0.0
 10
248.9372574712968
 20
39.66130385315908
 30
0.0
 10
249.1271087959692
 20
39.53353013319582
 30
0.0
 10
249.3368715643111
 20
39.47632210812187
 30
0.0
  0
LINE
  5
16E
330
1F
100
AcDbEntity
  8
0
  6
Continuous
 62
     7
370
    25
100
AcDbLine
 10
200.2000095585
 20
45.5500146427
 30
0.0
 11
245.7999904415
 21
45.5500146427
 31
0.0
  0
LINE
  5
16F
330
1F
100
AcDbEntity
  8
0
  6
Continuous
 62
     7
370
    25
100
AcDbLine
 10
197.4000107323
 20
45.5500146427
 30
0.0
 11
197.4000107323
 21
40.441085528
 31
0.0
  0
LINE
  5
170
330
1F
100
AcDbEntity
  8
0
  6
Continuous
 62
     7
370
    25
100
AcDbLine
 10
197.4000107323
 20
45.5500146427
 30
0.0
 11
200.2000095585
 21
45.5500146427
 31
0.0
  0
LINE
  5
171
330
1F
100
AcDbEntity
  8
0
  6
Continuous
 62
     7
370
    25
100
AcDbLine
 10
248.5999892677
 20
40.441085528
 30
0.0
 11
248.5999892677
 21
45.5500146427
 31
0.0
  0
LINE
  5
172
330
1F
100
AcDbEntity
  8
0
  6
Continuous
 62
     7
370
    25
100
AcDbLine
 10
245.7999904415
 20
45.5500146427
 30
0.0
 11
248.5999892677
 21
45.5500146427
 31
0.0
  0
LINE
  5
173
330
1F
100
AcDbEntity
  8
0
  6
Continuous
 62
     7
370
    25
100
AcDbLine
 10
245.7999904415
 20
45.7500145589
 30
0.0
 11
200.2000095585
 21
45.7500145589
 31
0.0
  0
LINE
  5
174
330
1F
100
AcDbEntity
  8
0
  6
Continuous
 62
     7
370
    25
100
AcDbLine
 10
197.4000107323
 20
45.5500146427
 30
0.0
 11
197.6000106485
 21
45.7500145589
 31
0.0
  0
LINE
  5
175
330
1F
100
AcDbEntity
  8
0
  6
Continuous
 62
     7
370
    25
100
AcDbLine
 10
200.2000095585
 20
45.7500145589
 30
0.0
 11
197.6000106485
 21
45.7500145589
 31
0.0
  0
LINE
  5
176
330
1F
100
AcDbEntity
  8
0
  6
Continuous
 62
     7
370
    25
100
AcDbLine
 10
248.3999893515
 20
45.7500145589
 30
0.0
 11
245.7999904415
 21
45.7500145589
 31
0.0
  0
LINE
  5
177
330
1F
100
AcDbEntity
  8
0
  6
Continuous
 62
     7
370
    25
100
AcDbLine
 10
248.5999892677
 20
45.5500146427
 30
0.0
 11
248.3999893515
 21
45.7500145589
 31
0.0
  0
LINE
  5
178
330
1F
100
AcDbEntity
  8
0
  6
Continuous
 62
     7
370
    25
100
AcDbLine
 10
213.0000041923
 20
67.9500052519
 30
0.0
 11
232.9999958077
 21
67.9500052519
 31
0.0
  0
LINE
  5
179
330
1F
100
AcDbEntity
  8
0
  6
Continuous
 62
     7
370
    25
100
AcDbLine
 10
232.6999959334
 20
68.2500051262
 30
0.0
 11
213.3000040666
 21
68.2500051262
 31
0.0
  0
LINE
  5
17A
330
1F
100
AcDbEntity
  8
0
  6
Continuous
 62
     7
370
    25
100
AcDbLine
 10
217.5000023058
 20
85.4499979154
 30
0.0
 11
228.4999976942
 21
85.4499979154
 31
0.0
  0
LINE
  5
17B
330
1F
100
AcDbEntity
  8
0
  6
Continuous
 62
     7
370
    25
100
AcDbLine
 10
228.19999782
 20
85.7499977896
 30
0.0
 11
217.80000218
 21
85.7499977896
 31
0.0
  0
LWPOLYLINE
  5
17C
330
1F
100
AcDbEntity
  8
0
  6
HIDDEN
 62
     7
370
    18
100
AcDbPolyline
 90
       19
 70
   128
 43
0.0
 10
194.9855787448
 20
38.8206833848
 10
194.9849491886
 20
38.8210267669
 10
194.6691453629
 20
38.7292847662
 10
193.9707595204
 20
38.5419836583
 10
193.4973177886
 20
38.4118178395
 10
192.9462622657
 20
38.2562610436
 10
192.3448976882
 20
38.0859234388
 10
191.6905689493
 20
37.9064921976
 10
191.0037044333
 20
37.7249508156
 10
190.3192275601
 20
37.5436158004
 10
189.6553897642
 20
37.3635126535
 10
189.012136127
 20
37.1850605566
 10
188.445933324
 20
37.0288073158
 10
187.9380890485
 20
36.8931796801
 10
187.5503115192
 20
36.7902486957
 10
187.2514440497
 20
36.7102765828
 10
187.0656870296
 20
36.6596093191
 10
187.0000139434
 20
36.6409274528
 10
187.0000139434
 20
36.6409274528
  0
LINE
  5
17D
330
1F
100
AcDbEntity
  8
0
  6
HIDDEN
 62
     7
370
    18
100
AcDbLine
 10
195.0000108449
 20
35.7500187512
 30
0.0
 11
187.0000139434
 21
35.7500187512
 31
0.0
  0
LINE
  5
17E
330
1F
100
AcDbEntity
  8
0
  6
HIDDEN
 62
     7
370
    18
100
AcDbLine
 10
193.0000116195
 20
35.550018835
 30
0.0
 11
189.0000131688
 21
35.550018835
 31
0.0
  0
LINE
  5
17F
330
1F
100
AcDbEntity
  8
0
  6
HIDDEN
 62
     7
370
    18
100
AcDbLine
 10
246.9999899384
 20
45.5500146427
 30
0.0
 11
247.1999898546
 21
45.7500145589
 31
0.0
  0
LINE
  5
180
330
1F
100
AcDbEntity
  8
0
  6
HIDDEN
 62
     7
370
    18
100
AcDbLine
 10
199.0000100616
 20
45.5500146427
 30
0.0
 11
198.8000101454
 21
45.7500145589
 31
0.0
  0
LINE
  5
181
330
1F
100
AcDbEntity
  8
0
  6
HIDDEN
 62
     7
370
    18
100
AcDbLine
 10
246.9999899384
 20
30.7500208474
 30
0.0
 11
245.7999904415
 21
30.7500208474
 31
0.0
  0
LINE
  5
182
330
1F
100
AcDbEntity
  8
0
  6
HIDDEN
 62
     7
370
    18
100
AcDbLine
 10
246.9999899384
 20
45.5500146427
 30
0.0
 11
246.9999899384
 21
30.7500208474
 31
0.0
  0
LINE
  5
183
330
1F
100
AcDbEntity
  8
0
  6
HIDDEN
 62
     7
370
    18
100
AcDbLine
 10
245.7999904415
 20
30.7500208474
 30
0.0
 11
200.2000095585
 21
30.7500208474
 31
0.0
  0
LINE
  5
184
330
1F
100
AcDbEntity
  8
0
  6
HIDDEN
 62
     7
370
    18
100
AcDbLine
 10
199.0000100616
 20
45.5500146427
 30
0.0
 11
199.0000100616
 21
30.7500208474
 31
0.0
  0
LINE
  5
185
330
1F
100
AcDbEntity
  8
0
  6
HIDDEN
 62
     7
370
    18
100
AcDbLine
 10
200.2000095585
 20
30.7500208474
 30
0.0
 11
199.0000100616
 21
30.7500208474
 31
0.0
  0
SPLINE
  5
186
330
1F
100
AcDbEntity
  8
0
  6
HIDDEN
 62
     7
370
    18
100
AcDbSpline
210
0.0
220
0.0
230
1.0
 70
     8
 71
     3
 72
    10
 73
     6
 74
     0
 42
0.00000001
 43
0.00000001
 40
0.6580472640120031
 40
0.6580472640120031
 40
0.6580472640120031
 40
0.6580472640120031
 40
0.795241122831545
 40
0.9324349816510872
 40
0.960357011736793
 40
0.960357011736793
 40
0.960357011736793
 40
0.960357011736793
 10
209.8540089274365
 20
43.07383480250815
 30
0.0
 10
210.112804611888
 20
43.14441544044579
 30
0.0
 10
210.5988530166784
 20
43.23283998466529
 30
0.0
 10
210.9927649774027
 20
43.24760360027405
 30
0.0
 10
211.1454842937973
 20
43.24962971935393
 30
0.0
 10
211.1695035951214
 20
43.24983252567934
 30
0.0
  0
LINE
  5
187
330
1F
100
AcDbEntity
  8
0
  6
HIDDEN
 62
     7
370
    18
100
AcDbLine
 10
239.6499930198
 20
37.2500181223
 30
0.0
 11
236.3499944033
 21
37.2500181223
 31
0.0
  0
LINE
  5
188
330
1F
100
AcDbEntity
  8
0
  6
HIDDEN
 62
     7
370
    18
100
AcDbLine
 10
224.6499993083
 20
37.2500181223
 30
0.0
 11
221.3500006917
 21
37.2500181223
 31
0.0
  0
LINE
  5
189
330
1F
100
AcDbEntity
  8
0
  6
HIDDEN
 62
     7
370
    18
100
AcDbLine
 10
209.6500055967
 20
37.2500181223
 30
0.0
 11
206.3500069802
 21
37.2500181223
 31
0.0
  0
SPLINE
  5
18A
330
1F
100
AcDbEntity
  8
0
  6
HIDDEN
 62
     7
370
    18
100
AcDbSpline
210
0.0
220
0.0
230
1.0
 70
     8
 71
     3
 72
    26
 73
    22
 74
     0
 42
0.00000001
 43
0.00000001
 40
0.0
 40
0.0
 40
0.0
 40
0.0
 40
0.021282755289852
 40
0.0719375303765032
 40
0.1240633908318144
 40
0.1746421045277523
 40
0.2266545888639944
 40
0.3304214126554646
 40
0.384171812266537
 40
0.4394242416240575
 40
0.4997162076696142
 40
0.5525204618091316
 40
0.6053276949944026
 40
0.659531871990082
 40
0.7145905513326599
 40
0.771315448811393
 40
0.825129516160869
 40
0.8806326606179512
 40
0.9323281495241927
 40
0.9856079219434809
 40
1.0
 40
1.0
 40
1.0
 40
1.0
 10
258.9646958884798
 20
36.65361792855812
 30
0.0
 10
258.9765872211653
 20
36.65103966440365
 30
0.0
 10
259.016780941134
 20
36.64232491138396
 30
0.0
 10
258.9019019691142
 20
36.66898598262758
 30
0.0
 10
258.7130828919742
 20
36.71471137373118
 30
0.0
 10
258.4085748857494
 20
36.79773278854488
 30
0.0
 10
257.8916238198425
 20
36.94493479308275
 30
0.0
 10
257.2013825045477
 20
37.131570885135
 30
0.0
 10
256.4003117523967
 20
37.33916080833239
 30
0.0
 10
255.7236156959408
 20
37.51798450748624
 30
0.0
 10
255.0320631353507
 20
37.71241313382315
 30
0.0
 10
254.3511400740095
 20
37.90461992401907
 30
0.0
 10
253.7102662255409
 20
38.08210084272544
 30
0.0
 10
253.0924451888624
 20
38.24865333146342
 30
0.0
 10
252.5120078811697
 20
38.40303247265987
 30
0.0
 10
252.005322125281
 20
38.54380248538908
 30
0.0
 10
251.5851627318303
 20
38.66203409411752
 30
0.0
 10
251.2751023343099
 20
38.74839103822524
 30
0.0
 10
251.074112135691
 20
38.80363203023428
 30
0.0
 10
251.005018364196
 20
38.82149038357384
 30
0.0
 10
251.0008711597924
 20
38.82252471279561
 30
0.0
 10
250.9999891551026
 20
38.82274468826239
 30
0.0
  0
LINE
  5
18B
330
1F
100
AcDbEntity
  8
0
  6
HIDDEN
 62
     7
370
    18
100
AcDbLine
 10
258.9999860566
 20
35.7500187512
 30
0.0
 11
250.9999891551
 21
35.7500187512
 31
0.0
  0
LINE
  5
18C
330
1F
100
AcDbEntity
  8
0
  6
HIDDEN
 62
     7
370
    18
100
AcDbLine
 10
256.9999867674
 20
35.550018835
 30
0.0
 11
252.9999884443
 21
35.550018835
 31
0.0
  0
LINE
  5
18D
330
1F
100
AcDbEntity
  8
0
  6
HIDDEN
 62
     7
370
    18
100
AcDbLine
 10
186.8070612595
 20
36.7883039121
 30
0.0
 11
187.0095855845
 21
36.633616673
 31
0.0
  0
LINE
  5
18E
330
1F
100
AcDbEntity
  8
0
  6
HIDDEN
 62
     7
370
    18
100
AcDbLine
 10
194.9880890074
 20
38.8094451355
 30
0.0
 11
195.188676602
 21
39.0741988994
 31
0.0
  0
LINE
  5
18F
330
1F
100
AcDbEntity
  8
0
  6
HIDDEN
 62
     7
370
    18
100
AcDbLine
 10
195.0000108449
 20
35.7500187512
 30
0.0
 11
195.0000108449
 21
38.820689261
 31
0.0
  0
LINE
  5
190
330
1F
100
AcDbEntity
  8
0
  6
HIDDEN
 62
     7
370
    18
100
AcDbLine
 10
187.0000139434
 20
36.6409274528
 30
0.0
 11
187.0000139434
 21
35.7500187512
 31
0.0
  0
LINE
  5
191
330
1F
100
AcDbEntity
  8
0
  6
HIDDEN
 62
     7
370
    18
100
AcDbLine
 10
188.8000132527
 20
35.7500187512
 30
0.0
 11
189.0000131688
 21
35.550018835
 31
0.0
  0
LINE
  5
192
330
1F
100
AcDbEntity
  8
0
  6
HIDDEN
 62
     7
370
    18
100
AcDbLine
 10
193.0000116195
 20
35.550018835
 30
0.0
 11
193.2000115357
 21
35.7500187512
 31
0.0
  0
LINE
  5
193
330
1F
100
AcDbEntity
  8
0
  6
HIDDEN
 62
     7
370
    18
100
AcDbLine
 10
193.0000116195
 20
28.2500218954
 30
0.0
 11
193.0000116195
 21
35.550018835
 31
0.0
  0
LINE
  5
194
330
1F
100
AcDbEntity
  8
0
  6
HIDDEN
 62
     7
370
    18
100
AcDbLine
 10
189.0000131688
 20
35.550018835
 30
0.0
 11
189.0000131688
 21
28.2500218954
 31
0.0
  0
SPLINE
  5
195
330
1F
100
AcDbEntity
  8
0
  6
HIDDEN
 62
     7
370
    18
100
AcDbSpline
210
0.0
220
0.0
230
1.0
 70
     8
 71
     3
 72
    11
 73
     7
 74
     0
 42
0.00000001
 43
0.00000001
 40
0.0
 40
0.0
 40
0.0
 40
0.0
 40
0.2499784716462096
 40
0.4999557467462947
 40
0.749997804285211
 40
1.0
 40
1.0
 40
1.0
 40
1.0
 10
205.5503518159913
 20
42.66394406919211
 30
0.0
 10
205.5399424699559
 20
42.55519171056029
 30
0.0
 10
205.5191238277105
 20
42.33768751385036
 30
0.0
 10
205.357802029886
 20
42.04731986055511
 30
0.0
 10
205.1202858839554
 20
41.8150065334008
 30
0.0
 10
204.9158299506063
 20
41.73778722572018
 30
0.0
 10
204.813610133197
 20
41.69918064970994
 30
0.0
  0
SPLINE
  5
196
330
1F
100
AcDbEntity
  8
0
  6
HIDDEN
 62
     7
370
    18
100
AcDbSpline
210
0.0
220
0.0
230
1.0
 70
     8
 71
     3
 72
    11
 73
     7
 74
     0
 42
0.00000001
 43
0.00000001
 40
0.0
 40
0.0
 40
0.0
 40
0.0
 40
0.250002195714773
 40
0.5000442532536937
 40
0.7500215283537891
 40
1.0
 40
1.0
 40
1.0
 40
1.0
 10
241.186389866803
 20
41.69918064970994
 30
0.0
 10
241.0841700493937
 20
41.73778722572018
 30
0.0
 10
240.8797141160447
 20
41.8150065334008
 30
0.0
 10
240.642197970114
 20
42.04731986055512
 30
0.0
 10
240.4808761722895
 20
42.33768751385036
 30
0.0
 10
240.4600575300441
 20
42.55519171056029
 30
0.0
 10
240.4496481840087
 20
42.66394406919211
 30
0.0
  0
ARC
  5
197
330
1F
100
AcDbEntity
  8
0
  6
HIDDEN
 62
     7
370
    18
100
AcDbCircle
 10
226.4499985536
 20
44.2500151877
 30
0.0
 40
0.9999995807679483
100
AcDbArc
 50
180.0
 51
270.0
  0
ARC
  5
198
330
1F
100
AcDbEntity
  8
0
  6
HIDDEN
 62
     7
370
    18
100
AcDbCircle
 10
219.5500014464
 20
44.2500151877
 30
0.0
 40
0.9999995807679483
100
AcDbArc
 50
270.0
 51
0.0
  0
SPLINE
  5
199
330
1F
100
AcDbEntity
  8
0
  6
HIDDEN
 62
     7
370
    18
100
AcDbSpline
210
0.0
220
0.0
230
1.0
 70
     8
 71
     3
 72
    15
 73
    11
 74
     0
 42
0.00000001
 43
0.00000001
 40
0.0
 40
0.0
 40
0.0
 40
0.0
 40
0.0753230911052589
 40
0.1529075958084797
 40
0.2396671711381623
 40
0.3426671772627321
 40
0.4675703756426771
 40
0.6178355549650377
 40
0.7951227987617759
 40
1.0
 40
1.0
 40
1.0
 40
1.0
 10
235.5500913059424
 20
44.24417114543182
 30
0.0
 10
235.5445088955063
 20
44.16590491388251
 30
0.0
 10
235.5331764747828
 20
44.00702267573233
 30
0.0
 10
235.4515863269567
 20
43.79134019805356
 30
0.0
 10
235.349463526244
 20
43.61135550040682
 30
0.0
 10
235.2470168350525
 20
43.46987378830007
 30
0.0
 10
235.1756968180202
 20
43.36267311677595
 30
0.0
 10
235.1688663580579
 20
43.28654752203325
 30
0.0
 10
235.2583851579688
 20
43.23965202102185
 30
0.0
 10
235.4246839939611
 20
43.21621060861494
 30
0.0
 10
235.5138362961438
 20
43.20364373843798
 30
0.0
  0
SPLINE
  5
19A
330
1F
100
AcDbEntity
  8
0
  6
HIDDEN
 62
     7
370
    18
100
AcDbSpline
210
0.0
220
0.0
230
1.0
 70
     8
 71
     3
 72
    15
 73
    11
 74
     0
 42
0.00000001
 43
0.00000001
 40
0.0
 40
0.0
 40
0.0
 40
0.0
 40
0.1567552940833034
 40
0.3055178245192879
 40
0.4443793549625515
 40
0.5719849155766084
 40
0.6886218142262039
 40
0.7959803111720067
 40
0.8980276583330195
 40
0.9999999999999999
 40
0.9999999999999999
 40
0.9999999999999999
 40
0.9999999999999999
 10
209.7573538956086
 20
43.07077643401438
 30
0.0
 10
209.9037369445656
 20
43.11033736493256
 30
0.0
 10
210.1890391471188
 20
43.18744206254907
 30
0.0
 10
210.4815166788917
 20
43.24902306924483
 30
0.0
 10
210.6520960669515
 20
43.30491900245806
 30
0.0
 10
210.7067115846982
 20
43.38139379019069
 30
0.0
 10
210.6701410292935
 20
43.49997257284705
 30
0.0
 10
210.5816382109986
 20
43.67799403166754
 30
0.0
 10
210.4784720375079
 20
43.9260568669173
 30
0.0
 10
210.4594274747028
 20
44.13815904490307
 30
0.0
 10
210.4499086940575
 20
44.24417114543182
 30
0.0
  0
LINE
  5
19B
330
1F
100
AcDbEntity
  8
0
  6
HIDDEN
 62
     7
370
    18
100
AcDbLine
 10
205.5500073156
 20
45.7500145589
 30
0.0
 11
205.5500073156
 21
42.6506928753
 31
0.0
  0
LINE
  5
19C
330
1F
100
AcDbEntity
  8
0
  6
HIDDEN
 62
     7
370
    18
100
AcDbLine
 10
210.4500052614
 20
44.2442064061
 30
0.0
 11
210.4500052614
 21
45.7500145589
 31
0.0
  0
LINE
  5
19D
330
1F
100
AcDbEntity
  8
0
  6
HIDDEN
 62
     7
370
    18
100
AcDbLine
 10
235.5499947386
 20
45.7500145589
 30
0.0
 11
235.5499947386
 21
44.2442064061
 31
0.0
  0
LINE
  5
19E
330
1F
100
AcDbEntity
  8
0
  6
HIDDEN
 62
     7
370
    18
100
AcDbLine
 10
240.4499926844
 20
42.6290279837
 30
0.0
 11
240.4499926844
 21
45.7500145589
 31
0.0
  0
LINE
  5
19F
330
1F
100
AcDbEntity
  8
0
  6
HIDDEN
 62
     7
370
    18
100
AcDbLine
 10
220.5500010271
 20
45.7500145589
 30
0.0
 11
220.5500010271
 21
44.2500151877
 31
0.0
  0
LINE
  5
1A0
330
1F
100
AcDbEntity
  8
0
  6
HIDDEN
 62
     7
370
    18
100
AcDbLine
 10
225.4499989729
 20
44.2500151877
 30
0.0
 11
225.4499989729
 21
45.7500145589
 31
0.0
  0
LINE
  5
1A1
330
1F
100
AcDbEntity
  8
0
  6
HIDDEN
 62
     7
370
    18
100
AcDbLine
 10
236.1499944871
 20
45.7500145589
 30
0.0
 11
236.3499944033
 21
45.5500146427
 31
0.0
  0
LINE
  5
1A2
330
1F
100
AcDbEntity
  8
0
  6
HIDDEN
 62
     7
370
    18
100
AcDbLine
 10
239.6499930198
 20
45.5500146427
 30
0.0
 11
239.8499929359
 21
45.7500145589
 31
0.0
  0
LINE
  5
1A3
330
1F
100
AcDbEntity
  8
0
  6
HIDDEN
 62
     7
370
    18
100
AcDbLine
 10
221.1500007756
 20
45.7500145589
 30
0.0
 11
221.3500006917
 21
45.5500146427
 31
0.0
  0
LINE
  5
1A4
330
1F
100
AcDbEntity
  8
0
  6
HIDDEN
 62
     7
370
    18
100
AcDbLine
 10
224.6499993083
 20
45.5500146427
 30
0.0
 11
224.8499992244
 21
45.7500145589
 31
0.0
  0
LINE
  5
1A5
330
1F
100
AcDbEntity
  8
0
  6
HIDDEN
 62
     7
370
    18
100
AcDbLine
 10
206.1500070641
 20
45.7500145589
 30
0.0
 11
206.3500069802
 21
45.5500146427
 31
0.0
  0
LINE
  5
1A6
330
1F
100
AcDbEntity
  8
0
  6
HIDDEN
 62
     7
370
    18
100
AcDbLine
 10
209.6500055967
 20
45.5500146427
 30
0.0
 11
209.8500055129
 21
45.7500145589
 31
0.0
  0
LINE
  5
1A7
330
1F
100
AcDbEntity
  8
0
  6
HIDDEN
 62
     7
370
    18
100
AcDbLine
 10
236.3499944033
 20
45.5500146427
 30
0.0
 11
236.3499944033
 21
37.2500181223
 31
0.0
  0
LINE
  5
1A8
330
1F
100
AcDbEntity
  8
0
  6
HIDDEN
 62
     7
370
    18
100
AcDbLine
 10
239.6499930198
 20
37.2500181223
 30
0.0
 11
239.6499930198
 21
45.5500146427
 31
0.0
  0
LINE
  5
1A9
330
1F
100
AcDbEntity
  8
0
  6
HIDDEN
 62
     7
370
    18
100
AcDbLine
 10
221.3500006917
 20
45.5500146427
 30
0.0
 11
221.3500006917
 21
37.2500181223
 31
0.0
  0
LINE
  5
1AA
330
1F
100
AcDbEntity
  8
0
  6
HIDDEN
 62
     7
370
    18
100
AcDbLine
 10
224.6499993083
 20
37.2500181223
 30
0.0
 11
224.6499993083
 21
45.5500146427
 31
0.0
  0
LINE
  5
1AB
330
1F
100
AcDbEntity
  8
0
  6
HIDDEN
 62
     7
370
    18
100
AcDbLine
 10
206.3500069802
 20
45.5500146427
 30
0.0
 11
206.3500069802
 21
37.2500181223
 31
0.0
  0
LINE
  5
1AC
330
1F
100
AcDbEntity
  8
0
  6
HIDDEN
 62
     7
370
    18
100
AcDbLine
 10
209.6500055967
 20
37.2500181223
 30
0.0
 11
209.6500055967
 21
45.5500146427
 31
0.0
  0
ARC
  5
1AD
330
1F
100
AcDbEntity
  8
0
  6
HIDDEN
 62
     7
370
    18
100
AcDbCircle
 10
234.7999950531
 20
45.0500148523
 30
0.0
 40
1.799999245382338
100
AcDbArc
 50
180.0
 51
270.0
  0
ARC
  5
1AE
330
1F
100
AcDbEntity
  8
0
  6
HIDDEN
 62
     7
370
    18
100
AcDbCircle
 10
211.2000049469
 20
45.0500148523
 30
0.0
 40
1.799999245382338
100
AcDbArc
 50
270.0
 51
0.0
  0
LINE
  5
1AF
330
1F
100
AcDbEntity
  8
0
  6
HIDDEN
 62
     7
370
    18
100
AcDbLine
 10
213.0000041923
 20
45.7500145589
 30
0.0
 11
213.0000041923
 21
45.0500148523
 31
0.0
  0
LINE
  5
1B0
330
1F
100
AcDbEntity
  8
0
  6
HIDDEN
 62
     7
370
    18
100
AcDbLine
 10
232.9999958077
 20
45.0500148523
 30
0.0
 11
232.9999958077
 21
45.7500145589
 31
0.0
  0
LINE
  5
1B1
330
1F
100
AcDbEntity
  8
0
  6
HIDDEN
 62
     7
370
    18
100
AcDbLine
 10
250.8070364711
 20
39.0753680612
 30
0.0
 11
251.0091985728
 21
38.8106872547
 31
0.0
  0
LINE
  5
1B2
330
1F
100
AcDbEntity
  8
0
  6
HIDDEN
 62
     7
370
    18
100
AcDbLine
 10
258.9861705784
 20
36.6350046842
 30
0.0
 11
259.1886311061
 21
36.7894787214
 31
0.0
  0
LINE
  5
1B3
330
1F
100
AcDbEntity
  8
0
  6
HIDDEN
 62
     7
370
    18
100
AcDbLine
 10
258.9999860566
 20
35.7500187512
 30
0.0
 11
258.9999860566
 21
36.6534845274
 31
0.0
  0
LINE
  5
1B4
330
1F
100
AcDbEntity
  8
0
  6
HIDDEN
 62
     7
370
    18
100
AcDbLine
 10
250.9999891551
 20
38.8227446883
 30
0.0
 11
250.9999891551
 21
35.7500187512
 31
0.0
  0
LINE
  5
1B5
330
1F
100
AcDbEntity
  8
0
  6
HIDDEN
 62
     7
370
    18
100
AcDbLine
 10
252.7999885281
 20
35.7500187512
 30
0.0
 11
252.9999884443
 21
35.550018835
 31
0.0
  0
LINE
  5
1B6
330
1F
100
AcDbEntity
  8
0
  6
HIDDEN
 62
     7
370
    18
100
AcDbLine
 10
256.9999867674
 20
35.550018835
 30
0.0
 11
257.1999866835
 21
35.7500187512
 31
0.0
  0
LINE
  5
1B7
330
1F
100
AcDbEntity
  8
0
  6
HIDDEN
 62
     7
370
    18
100
AcDbLine
 10
256.9999867674
 20
28.2500218954
 30
0.0
 11
256.9999867674
 21
35.550018835
 31
0.0
  0
LINE
  5
1B8
330
1F
100
AcDbEntity
  8
0
  6
HIDDEN
 62
     7
370
    18
100
AcDbLine
 10
252.9999884443
 20
35.550018835
 30
0.0
 11
252.9999884443
 21
28.2500218954
 31
0.0
  0
ENDSEC
  0
SECTION
  2
OBJECTS
  0
DICTIONARY
  5
C
330
0
100
AcDbDictionary
281
     1
  3
ACAD_GROUP
350
D
  3
ACAD_LAYOUT
350
1A
  3
ACAD_MLINESTYLE
350
17
  3
ACAD_PLOTSETTINGS
350
19
  3
ACAD_PLOTSTYLENAME
350
E
  3
ACAD_SCALELIST
350
47
  3
DWGPROPS
350
1B9
  0
DICTIONARY
  5
D
102
{ACAD_REACTORS
330
C
102
}
330
C
100
AcDbDictionary
281
     1
  0
DICTIONARY
  5
1A
102
{ACAD_REACTORS
330
C
102
}
330
C
100
AcDbDictionary
281
     1
  3
Layout1
350
1E
  3
Layout2
350
26
  3
Model
350
22
  0
DICTIONARY
  5
17
102
{ACAD_REACTORS
330
C
102
}
330
C
100
AcDbDictionary
281
     1
  3
Standard
350
18
  0
DICTIONARY
  5
19
102
{ACAD_REACTORS
330
C
102
}
330
C
100
AcDbDictionary
281
     1
  0
ACDBDICTIONARYWDFLT
  5
E
102
{ACAD_REACTORS
330
C
102
}
330
C
100
AcDbDictionary
281
     1
  3
Normal
350
F
100
AcDbDictionaryWithDefault
340
F
  0
DICTIONARY
  5
47
102
{ACAD_REACTORS
330
C
102
}
330
C
100
AcDbDictionary
281
     1
  3
A0
350
48
  3
A1
350
49
  3
A2
350
4A
  3
A3
350
4B
  3
A4
350
4C
  3
A5
350
4D
  3
A6
350
4E
  3
A7
350
4F
  3
A8
350
50
  3
A9
350
51
  3
B0
350
52
  3
B1
350
53
  3
B2
350
54
  3
B3
350
55
  3
B4
350
56
  3
B5
350
57
  3
B6
350
58
  0
XRECORD
  5
1B9
102
{ACAD_REACTORS
330
C
102
}
330
C
100
AcDbXrecord
280
     1
  1
DWGPROPS COOKIE
  2

  3

  4

  6

  7

  8

  9

300
=
301
=
302
=
303
=
304
=
305
=
306
=
307
=
308
=
309
=
 40
0.0
 41
2461213.903068276
 42
2461213.903068658
  1

 90
        0
  0
LAYOUT
  5
1E
102
{ACAD_REACTORS
330
1A
102
}
330
1A
100
AcDbPlotSettings
  1

  2
none_device
  4

  6

 40
0.0
 41
0.0
 42
0.0
 43
0.0
 44
0.0
 45
0.0
 46
0.0
 47
0.0
 48
0.0
 49
0.0
140
0.0
141
0.0
142
1.0
143
1.0
 70
   688
 72
     1
 73
     0
 74
     5
  7

 75
    16
147
1.0
148
0.0
149
0.0
100
AcDbLayout
  1
Layout1
 70
     1
 71
     1
 10
0.0
 20
0.0
 11
420.0
 21
297.0
 12
0.0
 22
0.0
 32
0.0
 14
1.0000000000E+20
 24
1.0000000000E+20
 34
1.0000000000E+20
 15
-1.0000000000E+20
 25
-1.0000000000E+20
 35
-1.0000000000E+20
146
0.0
 13
0.0
 23
0.0
 33
0.0
 16
1.0
 26
0.0
 36
0.0
 17
0.0
 27
1.0
 37
0.0
 76
     0
330
1B
  0
LAYOUT
  5
26
102
{ACAD_REACTORS
330
1A
102
}
330
1A
100
AcDbPlotSettings
  1

  2
none_device
  4

  6

 40
0.0
 41
0.0
 42
0.0
 43
0.0
 44
0.0
 45
0.0
 46
0.0
 47
0.0
 48
0.0
 49
0.0
140
0.0
141
0.0
142
1.0
143
1.0
 70
   688
 72
     1
 73
     0
 74
     5
  7

 75
    16
147
1.0
148
0.0
149
0.0
100
AcDbLayout
  1
Layout2
 70
     1
 71
     2
 10
0.0
 20
0.0
 11
0.0
 21
0.0
 12
0.0
 22
0.0
 32
0.0
 14
0.0
 24
0.0
 34
0.0
 15
0.0
 25
0.0
 35
0.0
146
0.0
 13
0.0
 23
0.0
 33
0.0
 16
1.0
 26
0.0
 36
0.0
 17
0.0
 27
1.0
 37
0.0
 76
     0
330
23
  0
LAYOUT
  5
22
102
{ACAD_REACTORS
330
1A
102
}
330
1A
100
AcDbPlotSettings
  1

  2
none_device
  4
Letter_(8.50_x_11.00_Inches)
  6

 40
6.35
 41
6.35
 42
6.35000508
 43
6.35000508
 44
215.9
 45
279.4
 46
0.0
 47
0.0
 48
0.0
 49
0.0
140
0.0
141
0.0
142
1.0
143
1.0
 70
  1712
 72
     1
 73
     0
 74
     0
  7

 75
     0
147
1.0
148
0.0
149
0.0
100
AcDbLayout
  1
Model
 70
     1
 71
     0
 10
0.0
 20
0.0
 11
297.0
 21
210.0
 12
0.0
 22
0.0
 32
0.0
 14
0.0
 24
0.0
 34
0.0
 15
297.0
 25
210.0
 35
0.0
146
0.0
 13
0.0
 23
0.0
 33
0.0
 16
1.0
 26
0.0
 36
0.0
 17
0.0
 27
1.0
 37
0.0
 76
     0
330
1F
331
29
  0
MLINESTYLE
  5
18
102
{ACAD_REACTORS
330
17
102
}
330
17
100
AcDbMlineStyle
  2
Standard
 70
     0
  3

 62
   256
 51
90.0
 52
90.0
 71
     2
 49
0.5
 62
   256
  6
BYLAYER
 49
-0.5
 62
   256
  6
BYLAYER
  0
ACDBPLACEHOLDER
  5
F
102
{ACAD_REACTORS
330
E
102
}
330
E
  0
SCALE
  5
48
102
{ACAD_REACTORS
330
47
102
}
330
47
100
AcDbScale
 70
     0
300
1:1
140
1.0
141
1.0
290
     1
  0
SCALE
  5
49
102
{ACAD_REACTORS
330
47
102
}
330
47
100
AcDbScale
 70
     0
300
1:2
140
1.0
141
2.0
290
     0
  0
SCALE
  5
4A
102
{ACAD_REACTORS
330
47
102
}
330
47
100
AcDbScale
 70
     0
300
1:4
140
1.0
141
4.0
290
     0
  0
SCALE
  5
4B
102
{ACAD_REACTORS
330
47
102
}
330
47
100
AcDbScale
 70
     0
300
1:5
140
1.0
141
5.0
290
     0
  0
SCALE
  5
4C
102
{ACAD_REACTORS
330
47
102
}
330
47
100
AcDbScale
 70
     0
300
1:8
140
1.0
141
8.0
290
     0
  0
SCALE
  5
4D
102
{ACAD_REACTORS
330
47
102
}
330
47
100
AcDbScale
 70
     0
300
1:10
140
1.0
141
10.0
290
     0
  0
SCALE
  5
4E
102
{ACAD_REACTORS
330
47
102
}
330
47
100
AcDbScale
 70
     0
300
1:16
140
1.0
141
16.0
290
     0
  0
SCALE
  5
4F
102
{ACAD_REACTORS
330
47
102
}
330
47
100
AcDbScale
 70
     0
300
1:20
140
1.0
141
20.0
290
     0
  0
SCALE
  5
50
102
{ACAD_REACTORS
330
47
102
}
330
47
100
AcDbScale
 70
     0
300
1:30
140
1.0
141
30.0
290
     0
  0
SCALE
  5
51
102
{ACAD_REACTORS
330
47
102
}
330
47
100
AcDbScale
 70
     0
300
1:40
140
1.0
141
40.0
290
     0
  0
SCALE
  5
52
102
{ACAD_REACTORS
330
47
102
}
330
47
100
AcDbScale
 70
     0
300
1:50
140
1.0
141
50.0
290
     0
  0
SCALE
  5
53
102
{ACAD_REACTORS
330
47
102
}
330
47
100
AcDbScale
 70
     0
300
1:100
140
1.0
141
100.0
290
     0
  0
SCALE
  5
54
102
{ACAD_REACTORS
330
47
102
}
330
47
100
AcDbScale
 70
     0
300
2:1
140
2.0
141
1.0
290
     0
  0
SCALE
  5
55
102
{ACAD_REACTORS
330
47
102
}
330
47
100
AcDbScale
 70
     0
300
4:1
140
4.0
141
1.0
290
     0
  0
SCALE
  5
56
102
{ACAD_REACTORS
330
47
102
}
330
47
100
AcDbScale
 70
     0
300
8:1
140
8.0
141
1.0
290
     0
  0
SCALE
  5
57
102
{ACAD_REACTORS
330
47
102
}
330
47
100
AcDbScale
 70
     0
300
10:1
140
10.0
141
1.0
290
     0
  0
SCALE
  5
58
102
{ACAD_REACTORS
330
47
102
}
330
47
100
AcDbScale
 70
     0
300
100:1
140
100.0
141
1.0
290
     0
  0
ENDSEC
  0
EOF
