ISO-10303-21;
HEADER;
FILE_DESCRIPTION (( 'STEP AP203' ),
    '1' );
FILE_NAME ('009458.step',
    '2026-06-29T08:14:55',
    ( '' ),
    ( '' ),
    'SwSTEP 2.0',
    'SolidWorks 2025',
    '' );
FILE_SCHEMA (( 'CONFIG_CONTROL_DESIGN' ));
ENDSEC;

DATA;
#1 = CARTESIAN_POINT ( 'NONE',  ( 0.1487027900022787896, 0.5320311860010100702, 0.06868722203303080642 ) ) ;
#2 = CARTESIAN_POINT ( 'NONE',  ( -0.1414777436990568571, 0.6407394709726947912, 0.03443198644508365519 ) ) ;
#3 = CARTESIAN_POINT ( 'NONE',  ( -0.2058249820164945731, -0.4944386985442950633, -0.2968726405114757161 ) ) ;
#4 = CARTESIAN_POINT ( 'NONE',  ( -0.2133130851437312903, 0.8234545849888010860, -0.08296838381158935793 ) ) ;
#5 = CARTESIAN_POINT ( 'NONE',  ( 0.1804484929844232532, 0.8307943050332675661, 0.05470876459761047500 ) ) ;
#6 = CARTESIAN_POINT ( 'NONE',  ( -0.06898006971748470162, 0.5241495563918708855, 0.1305288847718925060 ) ) ;
#7 = ORIENTED_EDGE ( 'NONE', *, *, #2314, .F. ) ;
#8 = CIRCLE ( 'NONE', #4130, 0.005058563095233298973 ) ;
#9 = DIRECTION ( 'NONE',  ( 6.678685382510718407E-17, 0.7071550692858419307, 0.7070584897894488519 ) ) ;
#10 = CARTESIAN_POINT ( 'NONE',  ( -0.1666939015989138684, 0.5318801734216010990, -0.1292247546612139142 ) ) ;
#11 = CARTESIAN_POINT ( 'NONE',  ( 0.1511505724349602731, 0.5069166554649490175, -0.1674553012960421638 ) ) ;
#12 = CARTESIAN_POINT ( 'NONE',  ( -0.2071600387940355781, 0.8992297217125786446, -0.008451725240401181810 ) ) ;
#13 = VECTOR ( 'NONE', #2610, 1000.000000000000000 ) ;
#14 = ORIENTED_EDGE ( 'NONE', *, *, #3464, .F. ) ;
#15 = CARTESIAN_POINT ( 'NONE',  ( -0.1960537342592699184, 0.8700289157154122988, 0.07265899573085024543 ) ) ;
#16 = CARTESIAN_POINT ( 'NONE',  ( 0.2295952971104641693, 0.8971545731999334139, -0.07545365553575140993 ) ) ;
#17 = CARTESIAN_POINT ( 'NONE',  ( 0.2232090910450086896, 0.8971412751940793795, -0.1190430873784218829 ) ) ;
#18 = CARTESIAN_POINT ( 'NONE',  ( -0.1935871193356861752, -0.5565439823454267909, -0.3688508828490763558 ) ) ;
#19 = CARTESIAN_POINT ( 'NONE',  ( 0.2172448446334575289, 0.8319555492789612039, 0.02172253011567869957 ) ) ;
#20 = CARTESIAN_POINT ( 'NONE',  ( -0.04727022587912105278, -0.3779926167140295057, 0.1762770561312978213 ) ) ;
#21 = CARTESIAN_POINT ( 'NONE',  ( 0.1417560280060631561, 0.8666238476597012408, 0.07966224757497845921 ) ) ;
#22 = MECHANICAL_CONTEXT ( 'NONE', #1755, 'mechanical' ) ;
#23 = CARTESIAN_POINT ( 'NONE',  ( 0.2189119780799330672, 0.8319453964922262079, -0.1151365115046244225 ) ) ;
#24 = CARTESIAN_POINT ( 'NONE',  ( 0.07080212436901256456, -0.1512051924892644506, 0.1284815066265832528 ) ) ;
#25 = CARTESIAN_POINT ( 'NONE',  ( -0.3665675079694755145, -0.5565439822652934465, 0.07454675057241454128 ) ) ;
#26 = CARTESIAN_POINT ( 'NONE',  ( 0.001421322026237919643, -0.8747071845238334475, -0.04838433241814063535 ) ) ;
#27 = CARTESIAN_POINT ( 'NONE',  ( 0.1575607631680289999, 0.6394319105858077279, 0.008126123749491096643 ) ) ;
#28 = CARTESIAN_POINT ( 'NONE',  ( 0.02001738829640865858, -0.4074903308441483185, 0.05111162096767046109 ) ) ;
#29 = VERTEX_POINT ( 'NONE', #2623 ) ;
#30 = CARTESIAN_POINT ( 'NONE',  ( -0.09077822074679546549, 0.8974837907602079001, -0.1561920388811689209 ) ) ;
#31 = CARTESIAN_POINT ( 'NONE',  ( -0.1279174696264308853, 0.6865518214943332476, -0.1417034083228878305 ) ) ;
#32 = CARTESIAN_POINT ( 'NONE',  ( 0.02985082514928204950, 0.5064642258206767389, -0.2381047620460008674 ) ) ;
#33 = CARTESIAN_POINT ( 'NONE',  ( 0.08821106916283141808, -0.2085666452902467383, 0.1202942505762964326 ) ) ;
#34 = ORIENTED_EDGE ( 'NONE', *, *, #2625, .T. ) ;
#35 = CARTESIAN_POINT ( 'NONE',  ( -0.02632719203865044322, -0.3998568284507653114, 0.04894674335549896449 ) ) ;
#36 = CARTESIAN_POINT ( 'NONE',  ( 0.2228613609964118225, 0.8971413208186181931, -0.1197279457284277787 ) ) ;
#37 = CARTESIAN_POINT ( 'NONE',  ( -0.2010588194289584241, -0.6141296668802292968, -0.3811294789571127439 ) ) ;
#38 = CARTESIAN_POINT ( 'NONE',  ( -0.1850802982978407285, 0.5319965555487198294, -0.02061800502614843933 ) ) ;
#39 = CARTESIAN_POINT ( 'NONE',  ( 0.1289088961619292151, -0.4965673251206865202, 0.2691065467196850358 ) ) ;
#40 = CARTESIAN_POINT ( 'NONE',  ( 0.2279577571977473571, 0.8406543011266254251, 0.02374446492426055683 ) ) ;
#41 = CARTESIAN_POINT ( 'NONE',  ( 0.1639845908345160252, 0.7738341305112169666, -0.02344523101226659439 ) ) ;
#42 = CARTESIAN_POINT ( 'NONE',  ( -0.2172739068153216602, 0.8971422593806372969, 0.02773086018858043900 ) ) ;
#43 = CARTESIAN_POINT ( 'NONE',  ( 0.2221735018437518416, 0.8385458047614190447, -0.1257564112281249757 ) ) ;
#44 = CARTESIAN_POINT ( 'NONE',  ( 0.07945364533001961216, -0.1865600299306707510, 0.1247373777789496235 ) ) ;
#45 = CARTESIAN_POINT ( 'NONE',  ( -0.2924180495409823832, -0.5106568048483186573, -0.2389341285363837109 ) ) ;
#46 = CARTESIAN_POINT ( 'NONE',  ( 0.06818503744435316927, 0.7823043668212242840, 0.05913876267803902520 ) ) ;
#47 = CARTESIAN_POINT ( 'NONE',  ( 0.1727210668089083079, 0.7531835824832165960, -0.01462981868512825724 ) ) ;
#48 = CARTESIAN_POINT ( 'NONE',  ( 0.1511513655020328695, 0.5069167354693294714, 0.07068483316083089274 ) ) ;
#49 = CARTESIAN_POINT ( 'NONE',  ( -0.2230074996805987142, 0.8326132098626963796, -0.007874361113864369183 ) ) ;
#50 = CARTESIAN_POINT ( 'NONE',  ( -0.1378769986801268166, 0.7430834866965572161, -0.1334427767053472380 ) ) ;
#51 = DIRECTION ( 'NONE',  ( 1.000000000000000000, 2.825207425344190031E-32, -1.224646799147353207E-16 ) ) ;
#52 = EDGE_CURVE ( 'NONE', #1490, #3584, #2680, .T. ) ;
#53 = CARTESIAN_POINT ( 'NONE',  ( -0.2479468859882893172, 0.8851900184063539179, -0.06218766485239899527 ) ) ;
#54 = ORIENTED_EDGE ( 'NONE', *, *, #4396, .F. ) ;
#55 = CARTESIAN_POINT ( 'NONE',  ( 0.1724739525415432129, 0.5068152615972678632, 0.03362550480659234203 ) ) ;
#56 = CARTESIAN_POINT ( 'NONE',  ( -0.008503744721818128419, -0.2800225720719389799, 0.05229891984075854539 ) ) ;
#57 = CARTESIAN_POINT ( 'NONE',  ( 0.09491628584772825172, 0.8414433658427284968, 0.07570158285538400311 ) ) ;
#58 = ORIENTED_EDGE ( 'NONE', *, *, #4396, .T. ) ;
#59 = CARTESIAN_POINT ( 'NONE',  ( 0.001421322026237919643, -0.7321568765001595924, -0.04838433241814063535 ) ) ;
#60 = CARTESIAN_POINT ( 'NONE',  ( 0.2180646947549895187, -0.3779926165588838316, -0.04838433241814306396 ) ) ;
#61 = CARTESIAN_POINT ( 'NONE',  ( 0.2021112100370799358, 0.8326366308128657634, 0.04225819848762738667 ) ) ;
#62 = CARTESIAN_POINT ( 'NONE',  ( 0.1696526109260024229, 0.5318786610462613584, 0.03221540840574778353 ) ) ;
#63 = CARTESIAN_POINT ( 'NONE',  ( 0.2536566077101281569, -0.4944798978927981148, 0.1561279334203306002 ) ) ;
#64 = CARTESIAN_POINT ( 'NONE',  ( 0.01598089448048359285, -0.04830565579292042666, 0.1409284914302078862 ) ) ;
#65 = CARTESIAN_POINT ( 'NONE',  ( -0.1240354858303525237, -0.4944386985588813399, -0.3466427087526099959 ) ) ;
#66 = CARTESIAN_POINT ( 'NONE',  ( 0.02862880070455483747, 0.7108084544236503710, 0.09005760045371312417 ) ) ;
#67 = CARTESIAN_POINT ( 'NONE',  ( 0.1559934666930482272, 0.6396841491720239858, 0.01205233362197587893 ) ) ;
#68 = CARTESIAN_POINT ( 'NONE',  ( 0.1663305263264037714, 0.5067578432081013551, 0.04643920202499295796 ) ) ;
#69 = CARTESIAN_POINT ( 'NONE',  ( -0.09151358850858763716, 0.8992297217125786446, -0.1297918009055846755 ) ) ;
#70 = CARTESIAN_POINT ( 'NONE',  ( -0.1627663640958176561, 0.5502163428300900216, -0.1265714515885486835 ) ) ;
#71 = CARTESIAN_POINT ( 'NONE',  ( -0.1180078421868083899, 0.5068683771446095276, -0.1978195846687494930 ) ) ;
#72 = CARTESIAN_POINT ( 'NONE',  ( -0.2362834784979596370, 0.8870509126490244700, -0.1263368212571827354 ) ) ;
#73 = CARTESIAN_POINT ( 'NONE',  ( -0.1969469738557566296, 0.8992297217125786446, -0.008823813700476235838 ) ) ;
#74 = AXIS2_PLACEMENT_3D ( 'NONE', #2843, #2410, #2773 ) ;
#75 = ORIENTED_EDGE ( 'NONE', *, *, #3267, .T. ) ;
#76 = EDGE_CURVE ( 'NONE', #1822, #2336, #3527, .T. ) ;
#77 = AXIS2_PLACEMENT_3D ( 'NONE', #3702, #3384, #216 ) ;
#78 = CARTESIAN_POINT ( 'NONE',  ( -0.03677578163063584954, -0.3694481750479522986, 0.04529962437167603384 ) ) ;
#79 = CARTESIAN_POINT ( 'NONE',  ( 0.001357427967021942799, -0.08829182415285644070, 0.2427842538056290411 ) ) ;
#80 = AXIS2_PLACEMENT_3D ( 'NONE', #3009, #2273, #1251 ) ;
#81 = CARTESIAN_POINT ( 'NONE',  ( 0.2606405181024462614, -0.4944386986274955098, 0.1579476095093329258 ) ) ;
#82 = EDGE_LOOP ( 'NONE', ( #809, #1414, #522, #4272, #1179 ) ) ;
#83 = CARTESIAN_POINT ( 'NONE',  ( 0.001358294415303849595, -0.0003191256688379571506, 0.4112223094388880451 ) ) ;
#84 = AXIS2_PLACEMENT_3D ( 'NONE', #4014, #3924, #814 ) ;
#85 = CARTESIAN_POINT ( 'NONE',  ( 0.2844311226117614555, -0.4958577830183070190, 0.1423683826531536023 ) ) ;
#86 = CARTESIAN_POINT ( 'NONE',  ( 0.2221642501531923275, 0.8971497726459755073, 0.02436859647985844396 ) ) ;
#87 = APPROVAL_ROLE ( '' ) ;
#88 = CARTESIAN_POINT ( 'NONE',  ( 0.2063679700646104120, 0.8396574788915993626, -0.1452819667188082753 ) ) ;
#89 = CARTESIAN_POINT ( 'NONE',  ( 0.08610360204470929313, -0.1848533359633467432, 0.1214019183899930215 ) ) ;
#90 = CARTESIAN_POINT ( 'NONE',  ( -0.08561492132446502090, -0.2084098832924251021, 0.1201713742880416713 ) ) ;
#91 = SPHERICAL_SURFACE ( 'NONE', #421, 0.1011712619046658546 ) ;
#92 = CARTESIAN_POINT ( 'NONE',  ( -0.1341555178857143094, 0.8992297217125786446, 0.03138413194826923658 ) ) ;
#93 = CARTESIAN_POINT ( 'NONE',  ( -0.1627369049637459320, 0.5238048414550623422, 0.04544002780906203354 ) ) ;
#94 = CARTESIAN_POINT ( 'NONE',  ( -0.03417158578806298724, -0.3152621843924574563, 0.04654255909581204304 ) ) ;
#95 = CARTESIAN_POINT ( 'NONE',  ( -0.1413300658700308299, 0.6849689183329354947, -0.1257563733729178956 ) ) ;
#96 = CARTESIAN_POINT ( 'NONE',  ( -0.04540690632265839688, 0.8752548757136984214, 0.08306031207771683023 ) ) ;
#97 = CARTESIAN_POINT ( 'NONE',  ( -0.2030545701426745842, 0.8992297217399045639, -0.1097059487351331047 ) ) ;
#98 = CARTESIAN_POINT ( 'NONE',  ( -0.2263948053424339746, 0.8971524671682893359, -0.007750952778055335626 ) ) ;
#99 = EDGE_LOOP ( 'NONE', ( #1987, #3708, #2826, #4154 ) ) ;
#100 = CARTESIAN_POINT ( 'NONE',  ( -0.03077061361406036033, -0.3355256787710758082, 0.04752866730094539721 ) ) ;
#101 = EDGE_CURVE ( 'NONE', #201, #2579, #4370, .T. ) ;
#102 = CARTESIAN_POINT ( 'NONE',  ( 0.001357427967021942799, -0.08829182415285644070, 0.2427842538056290411 ) ) ;
#103 = EDGE_CURVE ( 'NONE', #404, #1161, #1735, .T. ) ;
#104 = CYLINDRICAL_SURFACE ( 'NONE', #649, 0.05690883482137465421 ) ;
#105 = ORIENTED_EDGE ( 'NONE', *, *, #1915, .F. ) ;
#106 = CARTESIAN_POINT ( 'NONE',  ( -0.2041788623344216180, 0.8432145750123531958, -0.1625110511123422363 ) ) ;
#107 = CARTESIAN_POINT ( 'NONE',  ( -0.04120979385843743376, -0.2700181327383709418, 0.1483167786360104490 ) ) ;
#108 = CARTESIAN_POINT ( 'NONE',  ( 0.1908162466893993381, 0.8765672688412693425, 0.07622058081104575444 ) ) ;
#109 = EDGE_LOOP ( 'NONE', ( #4474, #2142, #3319, #2678, #3252 ) ) ;
#110 = CARTESIAN_POINT ( 'NONE',  ( -0.1406620933743714108, 0.8973928299398531427, 0.05837223117620390228 ) ) ;
#111 = CARTESIAN_POINT ( 'NONE',  ( 0.1417165309365892856, 0.8762549572159117339, -0.1760301354107783045 ) ) ;
#112 = CARTESIAN_POINT ( 'NONE',  ( 0.001376550615120873330, -0.04523905628900741493, 0.1415077517173789490 ) ) ;
#113 = CARTESIAN_POINT ( 'NONE',  ( 0.001421689457034255996, 0.8942519563516373449, 0.06588068704802843567 ) ) ;
#114 = CARTESIAN_POINT ( 'NONE',  ( -0.2221505460983271563, 0.8327134367261220804, -0.1192471579266829312 ) ) ;
#115 = CARTESIAN_POINT ( 'NONE',  ( 0.09495836569512340619, 0.8414413669231660675, -0.1724652101389728964 ) ) ;
#116 = CARTESIAN_POINT ( 'NONE',  ( -0.1597702318795879983, 0.7129188234183317929, -0.08850872503253931489 ) ) ;
#117 = CARTESIAN_POINT ( 'NONE',  ( -0.1351578401625520287, 0.8992297217125786446, 0.04155470200647876783 ) ) ;
#118 = CARTESIAN_POINT ( 'NONE',  ( -0.1617812832573300996, 0.8789156732293478269, -0.1756428534788871676 ) ) ;
#119 = CARTESIAN_POINT ( 'NONE',  ( 0.1637821672021067543, 0.5320262522870877753, -0.1410731197380413748 ) ) ;
#120 = ORIENTED_EDGE ( 'NONE', *, *, #684, .F. ) ;
#121 = CARTESIAN_POINT ( 'NONE',  ( -0.02282757508626228476, -0.4035591539380373183, 0.04992555284105446023 ) ) ;
#122 = CYLINDRICAL_SURFACE ( 'NONE', #3055, 0.1896961160712484495 ) ;
#123 = CARTESIAN_POINT ( 'NONE',  ( 0.001716530678376733442, -0.4944386985813129520, 0.2829410691429450342 ) ) ;
#124 = VERTEX_POINT ( 'NONE', #893 ) ;
#125 = CARTESIAN_POINT ( 'NONE',  ( -0.06705693626242875682, 0.7108084544259973825, -0.1745082587976717892 ) ) ;
#126 = CARTESIAN_POINT ( 'NONE',  ( -0.1815710391887090935, -0.2700181332485548369, -0.1321421260794282682 ) ) ;
#127 = CARTESIAN_POINT ( 'NONE',  ( 0.2392957901723556935, 0.8870505916492931187, 0.02921793736330041344 ) ) ;
#128 = EDGE_CURVE ( 'NONE', #1878, #2227, #4203, .T. ) ;
#129 = EDGE_LOOP ( 'NONE', ( #266, #3376, #632 ) ) ;
#130 = CARTESIAN_POINT ( 'NONE',  ( -0.1951233827201674931, 0.8992297217126831166, 0.02453277231595251545 ) ) ;
#131 = CARTESIAN_POINT ( 'NONE',  ( 0.2169846554344539158, 0.8851547288865102558, -0.1583006807338200039 ) ) ;
#132 = CARTESIAN_POINT ( 'NONE',  ( 0.05735193624095695497, -0.1573855465519917451, 0.1387591896012112802 ) ) ;
#133 = CARTESIAN_POINT ( 'NONE',  ( 0.2258501420219475309, 0.8326132097312243241, -0.08889430407463363992 ) ) ;
#134 = CARTESIAN_POINT ( 'NONE',  ( -0.04384025952651686431, 0.8992297217125786446, -0.1308919802408046729 ) ) ;
#135 = CARTESIAN_POINT ( 'NONE',  ( -0.2254262390952879447, 0.8348699437305023840, -0.006401721345139639065 ) ) ;
#136 = CARTESIAN_POINT ( 'NONE',  ( 0.04822391353556869376, 0.8565036577758260439, 0.08169919640580240727 ) ) ;
#137 = CARTESIAN_POINT ( 'NONE',  ( -0.2365600657343373270, 0.8870505855761581238, -0.1257675587273993090 ) ) ;
#138 = CARTESIAN_POINT ( 'NONE',  ( 0.1846946923836275678, 0.5067952286922975391, -0.1049046699608615074 ) ) ;
#139 = ORIENTED_EDGE ( 'NONE', *, *, #4118, .T. ) ;
#140 = CARTESIAN_POINT ( 'NONE',  ( -0.04543245901017306521, -0.2882529684612833432, 0.1708558098790176338 ) ) ;
#141 = CARTESIAN_POINT ( 'NONE',  ( 0.1156552954778517772, 0.8992297217125786446, -0.1291270680061917531 ) ) ;
#142 = CARTESIAN_POINT ( 'NONE',  ( -0.1649302339234205161, -0.4944386985515868416, -0.3217576746320442438 ) ) ;
#143 = ORIENTED_EDGE ( 'NONE', *, *, #898, .T. ) ;
#144 = CARTESIAN_POINT ( 'NONE',  ( 0.2339205488089746154, 0.8432145748602226654, -0.1601650720543202899 ) ) ;
#145 = CARTESIAN_POINT ( 'NONE',  ( 0.1578499621327933700, 0.6306290889021002322, -0.1074692597191029414 ) ) ;
#146 = CIRCLE ( 'NONE', #3418, 0.05690883482137457788 ) ;
#147 = CARTESIAN_POINT ( 'NONE',  ( 0.1885111314023638629, 0.8884295084557752853, 0.07118716701797857260 ) ) ;
#148 = APPROVAL_DATE_TIME ( #2557, #3826 ) ;
#149 = ORIENTED_EDGE ( 'NONE', *, *, #928, .T. ) ;
#150 = CARTESIAN_POINT ( 'NONE',  ( -0.2072863181153186962, 0.8992297217125786446, -0.001592145226865174104 ) ) ;
#151 = CARTESIAN_POINT ( 'NONE',  ( 0.05338833474807037904, -0.1967684180137527494, 0.1708808783736920633 ) ) ;
#152 = CARTESIAN_POINT ( 'NONE',  ( -0.04163949189417920360, -0.0003191256688387193990, 0.4112223094388884892 ) ) ;
#153 = CARTESIAN_POINT ( 'NONE',  ( -0.1851111312113361551, 0.5318786610562720174, -0.07616919799960369941 ) ) ;
#154 = EDGE_CURVE ( 'NONE', #3822, #431, #1898, .T. ) ;
#155 = FACE_OUTER_BOUND ( 'NONE', #129, .T. ) ;
#156 = CARTESIAN_POINT ( 'NONE',  ( -0.1543531572797753881, 0.7833352775411311919, 0.03518287529192361957 ) ) ;
#157 = CARTESIAN_POINT ( 'NONE',  ( 0.04800549988074599012, 0.8900710250229492138, 0.07538559481460138656 ) ) ;
#158 = FACE_OUTER_BOUND ( 'NONE', #3326, .T. ) ;
#159 = LINE ( 'NONE', #884, #3345 ) ;
#160 = ORIENTED_EDGE ( 'NONE', *, *, #183, .T. ) ;
#161 = CARTESIAN_POINT ( 'NONE',  ( -0.03570651993699010263, 0.8973147553891800410, -0.1488876724447733557 ) ) ;
#162 = CARTESIAN_POINT ( 'NONE',  ( 0.001358294415303849595, -0.02714437553849018830, 0.4380512234596118382 ) ) ;
#163 = CARTESIAN_POINT ( 'NONE',  ( -0.1159147001493699702, 0.5322445697970967782, 0.09846622915382918784 ) ) ;
#164 = ORIENTED_EDGE ( 'NONE', *, *, #400, .T. ) ;
#165 = CARTESIAN_POINT ( 'NONE',  ( 0.1369981599629842006, 0.8992297217125786446, 0.03138413205350200352 ) ) ;
#166 = B_SPLINE_SURFACE_WITH_KNOTS ( 'NONE', 3, 3, ( 
 ( #2822, #3865, #2139, #405, #1461, #4227, #1117 ),
 ( #2501, #590, #3662, #502, #1182, #2940, #3641 ),
 ( #2250, #1225, #2917, #2984, #2228, #3274, #4292 ),
 ( #543, #1270, #161, #4334, #927, #1891, #1936 ),
 ( #1547, #182, #1913, #1527, #4314, #905, #4360 ),
 ( #1568, #3619, #3320, #1249, #2590, #2961, #2613 ) ),
 .UNSPECIFIED., .F., .F., .F.,
 ( 4, 1, 1, 4 ),
 ( 4, 1, 1, 1, 4 ),
 ( 0.000000000000000000, 0.2857142857142860315, 0.5714285714285709528, 1.000000000000000000 ),
 ( 7.100620573447230346E-14, 0.1547904160879549906, 0.3095808321758389825, 0.4643719393731620126, 0.6191630465704840436 ),
 .UNSPECIFIED. ) ;
#167 = CARTESIAN_POINT ( 'NONE',  ( -0.1971269667082640453, -0.2082604440091596065, -0.01496331957280871636 ) ) ;
#168 = CARTESIAN_POINT ( 'NONE',  ( 0.2236863897778892385, 0.8971495597385968912, 0.02140759039148684706 ) ) ;
#169 = PERSON_AND_ORGANIZATION ( #1872, #2981 ) ;
#170 = ORIENTED_EDGE ( 'NONE', *, *, #1125, .F. ) ;
#171 = CARTESIAN_POINT ( 'NONE',  ( 0.01417587329041029506, -0.1138644577493320292, 0.2100809637818643882 ) ) ;
#172 = CARTESIAN_POINT ( 'NONE',  ( -0.2305063500904331319, 0.8395513470864929273, -0.007601158532837337840 ) ) ;
#173 = CARTESIAN_POINT ( 'NONE',  ( 0.1991418665650803443, 0.8992297217131330900, -0.09910221517213149700 ) ) ;
#174 = CARTESIAN_POINT ( 'NONE',  ( -0.1341555178857193331, 0.8992297217125786446, -0.1281527967845524918 ) ) ;
#175 = CARTESIAN_POINT ( 'NONE',  ( -0.1602570924110241768, 0.7125153546352820388, -0.01252493879887468450 ) ) ;
#176 = CARTESIAN_POINT ( 'NONE',  ( -0.1696313122577155497, 0.5068152615935670458, -0.1303941696434443021 ) ) ;
#177 = CARTESIAN_POINT ( 'NONE',  ( -0.1970280825523882673, 0.8992297217125786446, -0.08912455699617427562 ) ) ;
#178 = CARTESIAN_POINT ( 'NONE',  ( 0.001379301598147308471, -0.4124613006031295215, 0.05278692294111673317 ) ) ;
#179 = ORIENTED_EDGE ( 'NONE', *, *, #1406, .T. ) ;
#180 = EDGE_CURVE ( 'NONE', #874, #2001, #2274, .T. ) ;
#181 = CARTESIAN_POINT ( 'NONE',  ( -0.03481535895925547131, 0.8914650215328508986, 0.04841549958675444437 ) ) ;
#182 = CARTESIAN_POINT ( 'NONE',  ( -0.05944330077894607878, 0.8992889069828385873, -0.1377383450577865376 ) ) ;
#183 = EDGE_CURVE ( 'NONE', #2920, #3049, #2116, .T. ) ;
#184 = CARTESIAN_POINT ( 'NONE',  ( 0.001421322026237919643, -0.8747071845238334475, 0.05278692948652521227 ) ) ;
#185 = CARTESIAN_POINT ( 'NONE',  ( -0.1341555178857193331, 0.8992297217125786446, -0.1281527967845524918 ) ) ;
#186 = ORIENTED_EDGE ( 'NONE', *, *, #2945, .F. ) ;
#187 = CARTESIAN_POINT ( 'NONE',  ( 0.2122888241510619278, 0.8205878729835984764, -0.1052920346955524694 ) ) ;
#188 = B_SPLINE_CURVE_WITH_KNOTS ( 'NONE', 3,
 ( #2043, #3112, #1, #3703, #585, #3477, #2860, #4235, #416, #1785, #2489, #3175 ),
 .UNSPECIFIED., .F., .F.,
 ( 4, 1, 1, 1, 2, 1, 1, 1, 4 ),
 ( 0.000000000000000000, 0.09999989700800104853, 0.1999997940160020971, 0.2999996910240031456, 0.4999994850400052981, 0.6999996910240028347, 0.7999997940160024079, 0.8999998970080018701, 1.000000000000000000 ),
 .UNSPECIFIED. ) ;
#189 = DIRECTION ( 'NONE',  ( 0.000000000000000000, 0.000000000000000000, 1.000000000000000000 ) ) ;
#190 = CARTESIAN_POINT ( 'NONE',  ( 0.1904572434856204310, 0.8992297217887529337, 0.01748680467927377427 ) ) ;
#191 = CARTESIAN_POINT ( 'NONE',  ( 0.1079241472692656495, 0.7617134011962889417, 0.05754081550578903775 ) ) ;
#192 = CARTESIAN_POINT ( 'NONE',  ( -0.2033014240562588948, 0.8992297217126956621, 0.01242310047384466432 ) ) ;
#193 = CARTESIAN_POINT ( 'NONE',  ( 0.001385720358387353222, -0.1057242938575384539, 0.2182753944774208366 ) ) ;
#194 = CARTESIAN_POINT ( 'NONE',  ( -0.1808220756596223833, 0.5237423558636991050, -0.1045625101948106789 ) ) ;
#195 = CARTESIAN_POINT ( 'NONE',  ( -0.2221505460983300151, 0.8327134367261255221, 0.02247849309037316598 ) ) ;
#196 = PLANE ( 'NONE',  #84 ) ;
#197 = CARTESIAN_POINT ( 'NONE',  ( -0.1525992730203329650, 0.6828815483067816050, 0.008106850958881051464 ) ) ;
#198 = CARTESIAN_POINT ( 'NONE',  ( 0.2038984873544816834, -0.6470671014949533895, 0.2843280375010086569 ) ) ;
#199 = CARTESIAN_POINT ( 'NONE',  ( -0.1591134168740067911, 0.8364973286626301574, -0.1628070369755404978 ) ) ;
#200 = CARTESIAN_POINT ( 'NONE',  ( -0.06522670227273487387, 0.8916418770697283058, 0.02773179657188414027 ) ) ;
#201 = VERTEX_POINT ( 'NONE', #249 ) ;
#202 = CARTESIAN_POINT ( 'NONE',  ( 0.03594819024662680718, -0.3003301967730673261, 0.1782067441460766788 ) ) ;
#203 = CARTESIAN_POINT ( 'NONE',  ( -0.05555054040607080440, -0.003896314204935371305, 0.4076456094562680432 ) ) ;
#204 = DIRECTION ( 'NONE',  ( 1.000000000000000000, 0.000000000000000000, 0.000000000000000000 ) ) ;
#205 = CARTESIAN_POINT ( 'NONE',  ( -0.01070478059949188723, 0.8882661125887345577, -0.1495518192726047191 ) ) ;
#206 = CARTESIAN_POINT ( 'NONE',  ( -0.1458582402025049574, 0.5320312788575120022, 0.06868896913292053819 ) ) ;
#207 = ORIENTED_EDGE ( 'NONE', *, *, #903, .F. ) ;
#208 = CARTESIAN_POINT ( 'NONE',  ( 0.1618514135844912605, 0.6967689889302519646, -0.08146190406736029954 ) ) ;
#209 = CARTESIAN_POINT ( 'NONE',  ( 0.2405821414710062056, 0.8845512600515802459, -0.1329853808144174920 ) ) ;
#210 = CARTESIAN_POINT ( 'NONE',  ( 0.001358294415303844824, 0.02650612420081427389, 0.3843933954181641965 ) ) ;
#211 = CARTESIAN_POINT ( 'NONE',  ( 0.04286920637150336277, -0.3126270235944019760, 0.04390703835228400992 ) ) ;
#212 = EDGE_LOOP ( 'NONE', ( #2323, #75, #749 ) ) ;
#213 = APPROVAL_PERSON_ORGANIZATION ( #3240, #2548, #87 ) ;
#214 = CARTESIAN_POINT ( 'NONE',  ( 0.004355432557913307794, -0.08648314194469208793, 0.1507314668410627834 ) ) ;
#215 = CARTESIAN_POINT ( 'NONE',  ( -0.09210316188810259430, 0.8414419636580104944, -0.1724667139071567601 ) ) ;
#216 = DIRECTION ( 'NONE',  ( 1.000000000000000000, 0.000000000000000000, -9.445732536921389649E-17 ) ) ;
#217 = B_SPLINE_CURVE_WITH_KNOTS ( 'NONE', 3,
 ( #3965, #2602, #1860, #514, #3992, #3653, #172, #3244 ),
 .UNSPECIFIED., .F., .F.,
 ( 4, 1, 1, 1, 1, 4 ),
 ( 0.000000000000000000, 0.2142857142857140795, 0.4285714285714290472, 0.7142857142857139685, 0.7857142857142860315, 1.000000000000000000 ),
 .UNSPECIFIED. ) ;
#218 = CARTESIAN_POINT ( 'NONE',  ( 0.03859563243020909529, -0.3042624621123554696, 0.04582629252503132161 ) ) ;
#219 = CARTESIAN_POINT ( 'NONE',  ( -0.1623710299641746846, 0.5502357218914536441, 0.03056938884237812154 ) ) ;
#220 = CARTESIAN_POINT ( 'NONE',  ( 0.001421322026237919643, 0.8916418770697283058, -0.04838433241814028146 ) ) ;
#221 = CARTESIAN_POINT ( 'NONE',  ( 0.001358294415303849595, -0.003896314204935377376, 0.4076456094562680432 ) ) ;
#222 = CARTESIAN_POINT ( 'NONE',  ( 0.1115731375895853000, 0.7503748059941784954, 0.05648045736974235953 ) ) ;
#223 = ORIENTED_EDGE ( 'NONE', *, *, #290, .F. ) ;
#224 = CARTESIAN_POINT ( 'NONE',  ( -0.05369354847449200885, -0.2770279091811285732, 0.1581401666838862796 ) ) ;
#225 = CARTESIAN_POINT ( 'NONE',  ( -0.1694536491450344129, 0.8353525697995042298, 0.06181026188527901505 ) ) ;
#226 = CARTESIAN_POINT ( 'NONE',  ( -0.02167273854224079088, -0.3188350008037393879, 0.05011586353010077238 ) ) ;
#227 = CARTESIAN_POINT ( 'NONE',  ( 0.3115153860785528916, -0.4944386987021325286, -0.1453004242349012209 ) ) ;
#228 = CARTESIAN_POINT ( 'NONE',  ( -0.2230074996805987142, 0.8326132098626946032, -0.007874361113864369183 ) ) ;
#229 = CARTESIAN_POINT ( 'NONE',  ( -0.1937277286425798384, 0.8992297217126956621, 0.008747207814868734888 ) ) ;
#230 = ORIENTED_EDGE ( 'NONE', *, *, #1851, .F. ) ;
#231 = CARTESIAN_POINT ( 'NONE',  ( 0.1714527371788782950, 0.5237005116833790552, 0.03329802660055972835 ) ) ;
#232 = CARTESIAN_POINT ( 'NONE',  ( 0.2417362055650848218, 0.8491202175405159203, -0.09164787550613524847 ) ) ;
#233 = ADVANCED_FACE ( 'NONE', ( #1984 ), #536, .T. ) ;
#234 = CARTESIAN_POINT ( 'NONE',  ( -0.2251164069292521386, 0.8406541478277514967, -0.1205123569200014372 ) ) ;
#235 = DIRECTION ( 'NONE',  ( 0.000000000000000000, -0.7070584897894487408, 0.7071550692858418197 ) ) ;
#236 = ORIENTED_EDGE ( 'NONE', *, *, #128, .F. ) ;
#237 = CARTESIAN_POINT ( 'NONE',  ( 0.05079560074037582640, -0.1695545416856178988, 0.2009418661320409027 ) ) ;
#238 = CARTESIAN_POINT ( 'NONE',  ( -0.1787883101465427560, 0.5319520366155386926, 0.007154154867530872902 ) ) ;
#239 = CARTESIAN_POINT ( 'NONE',  ( 0.1966977509528511914, 0.8992297217921099151, 0.008483983892996775980 ) ) ;
#240 = CARTESIAN_POINT ( 'NONE',  ( 0.02350037616332529070, -0.2869042750664558827, 0.05039548261416208763 ) ) ;
#241 = CARTESIAN_POINT ( 'NONE',  ( -0.1126644345490939031, 0.7495212883271150650, 0.05452796581306721541 ) ) ;
#242 = CARTESIAN_POINT ( 'NONE',  ( -0.3981782017457285994, -0.6470671009411357311, -0.09925965105401919619 ) ) ;
#243 = CARTESIAN_POINT ( 'NONE',  ( -0.2013019730563383458, 0.8992297217398217413, -0.1129834328142654831 ) ) ;
#244 = CARTESIAN_POINT ( 'NONE',  ( 0.1132762827228339375, 0.7499723749210189805, 0.05566086692648899992 ) ) ;
#245 = VERTEX_POINT ( 'NONE', #4405 ) ;
#246 = CARTESIAN_POINT ( 'NONE',  ( 0.06502296116556720296, -0.2762194382518245450, 0.1418966289677107695 ) ) ;
#247 = CARTESIAN_POINT ( 'NONE',  ( -0.1536068389155526293, 0.8462346361900011660, 0.07238861741427533858 ) ) ;
#248 = FACE_OUTER_BOUND ( 'NONE', #3715, .T. ) ;
#249 = CARTESIAN_POINT ( 'NONE',  ( -0.3880753753441597564, -0.6470671009574140431, -0.04839276817788812357 ) ) ;
#250 = CARTESIAN_POINT ( 'NONE',  ( 0.1511719736380467694, 0.5153798029354674792, -0.1674425688878924123 ) ) ;
#251 = CARTESIAN_POINT ( 'NONE',  ( -0.1969469738557566296, 0.8992297217125786446, -0.008823813700476235838 ) ) ;
#252 = ORIENTED_EDGE ( 'NONE', *, *, #954, .T. ) ;
#253 = DIRECTION ( 'NONE',  ( 0.000000000000000000, -1.000000000000000000, 0.000000000000000000 ) ) ;
#254 = CARTESIAN_POINT ( 'NONE',  ( 0.2515395681943031203, 0.8679892163346116796, -0.09223577388490293572 ) ) ;
#255 = CARTESIAN_POINT ( 'NONE',  ( -0.2449063149930083838, 0.8567573798854376532, -0.08969213439482087713 ) ) ;
#256 = CARTESIAN_POINT ( 'NONE',  ( 0.2100026814712143697, 0.8992297217125786446, -0.008451724880191788247 ) ) ;
#257 = DIRECTION ( 'NONE',  ( -3.789754356859874978E-14, 1.000000000000000000, 4.034362672568740173E-14 ) ) ;
#258 = CARTESIAN_POINT ( 'NONE',  ( -0.1818520708064040314, 0.5067880069642621832, 0.008135966107923482335 ) ) ;
#259 = EDGE_CURVE ( 'NONE', #3584, #3283, #2753, .T. ) ;
#260 = CARTESIAN_POINT ( 'NONE',  ( 0.07316464429518874935, -0.2283532751455570886, 0.1282194996706435552 ) ) ;
#261 = CARTESIAN_POINT ( 'NONE',  ( -0.1667029593292630174, 0.5318800620517976085, 0.03243736492642722291 ) ) ;
#262 = CARTESIAN_POINT ( 'NONE',  ( 0.3945317333192169817, -0.6470671022183372978, -0.1384688322721623899 ) ) ;
#263 = CARTESIAN_POINT ( 'NONE',  ( 0.1511513655020328695, 0.5069167354693294714, 0.07068483316083089274 ) ) ;
#264 = CARTESIAN_POINT ( 'NONE',  ( 0.1444229531297563096, 0.6406897088193987955, 0.03427538013942545148 ) ) ;
#265 = EDGE_CURVE ( 'NONE', #2023, #2658, #2551, .T. ) ;
#266 = ORIENTED_EDGE ( 'NONE', *, *, #1322, .F. ) ;
#267 = CARTESIAN_POINT ( 'NONE',  ( -0.07657965691876870984, -0.2668833648195271802, 0.1296721832620783277 ) ) ;
#268 = CARTESIAN_POINT ( 'NONE',  ( -0.08338539058198281284, -0.2684021671128931086, 0.1266455833442594048 ) ) ;
#269 = CARTESIAN_POINT ( 'NONE',  ( -0.1421311301501858027, 0.6406620821622741602, -0.1301417781862988510 ) ) ;
#270 = CARTESIAN_POINT ( 'NONE',  ( -0.1969469738557641791, 0.8992297217125786446, -0.08794485113580374769 ) ) ;
#271 = CARTESIAN_POINT ( 'NONE',  ( -0.1666932046245361843, 0.5318801819500189598, -0.1292261951405684894 ) ) ;
#272 = EDGE_LOOP ( 'NONE', ( #3466, #1157, #1342 ) ) ;
#273 = DIRECTION ( 'NONE',  ( -1.000000000000000000, 0.000000000000000000, 0.000000000000000000 ) ) ;
#274 = CARTESIAN_POINT ( 'NONE',  ( 0.2293408037345273376, 0.8971560950296271209, -0.09089869953103481282 ) ) ;
#275 = CARTESIAN_POINT ( 'NONE',  ( -0.1840688889932408645, 0.8444923393125610689, -0.1625561090063360470 ) ) ;
#276 = CARTESIAN_POINT ( 'NONE',  ( 0.1997896165330365348, 0.8992297217125786446, -0.008823813342993895234 ) ) ;
#277 = CARTESIAN_POINT ( 'NONE',  ( 0.07306794804779344343, 0.8992297217125786446, 0.03344050633677923823 ) ) ;
#278 = CARTESIAN_POINT ( 'NONE',  ( 0.1734356182922381640, 0.7526524173838956555, -0.03177177658027629387 ) ) ;
#279 = CARTESIAN_POINT ( 'NONE',  ( -0.1696313122577257915, 0.5068152615935670458, 0.03362550480713558110 ) ) ;
#280 = CIRCLE ( 'NONE', #1375, 0.02529281547616646711 ) ;
#281 = CARTESIAN_POINT ( 'NONE',  ( 0.06089813798571570846, -0.2441270230796497021, 0.1455278095407336603 ) ) ;
#282 = ADVANCED_FACE ( 'NONE', ( #2005 ), #2362, .T. ) ;
#283 = CIRCLE ( 'NONE', #4337, 0.05185027172614125462 ) ;
#284 = CARTESIAN_POINT ( 'NONE',  ( -0.3154991412652753402, -0.4944507019208879695, 0.04639197706253565118 ) ) ;
#285 = CARTESIAN_POINT ( 'NONE',  ( -0.1666952953152937289, 0.5318801563489627959, 0.03245320917703461983 ) ) ;
#286 = CARTESIAN_POINT ( 'NONE',  ( -0.3365547214688509037, -0.6141296667194956482, -0.2675602247950461532 ) ) ;
#287 = CARTESIAN_POINT ( 'NONE',  ( 0.1836647159444496358, 0.5237423558575169391, 0.007793845358759717012 ) ) ;
#288 = DIRECTION ( 'NONE',  ( 1.000000000000000000, 0.000000000000000000, 0.000000000000000000 ) ) ;
#289 = ORIENTED_EDGE ( 'NONE', *, *, #3467, .F. ) ;
#290 = EDGE_CURVE ( 'NONE', #245, #478, #2876, .T. ) ;
#291 = CARTESIAN_POINT ( 'NONE',  ( 0.05054251404796888947, -0.3421029188721618208, 0.1605092844949606301 ) ) ;
#292 = CARTESIAN_POINT ( 'NONE',  ( -0.1987376631334807076, 0.8326752972309227063, 0.04272490936200368933 ) ) ;
#293 = CARTESIAN_POINT ( 'NONE',  ( -0.1431674611957150789, 0.8199579838982468116, -0.1552722367877222565 ) ) ;
#294 = CARTESIAN_POINT ( 'NONE',  ( 0.2038984873544816834, -0.6470671014949533895, 0.2843280375010086569 ) ) ;
#295 = CARTESIAN_POINT ( 'NONE',  ( 0.1663725645142142273, 0.5152467680412108342, -0.1431263774620301077 ) ) ;
#296 = ORIENTED_EDGE ( 'NONE', *, *, #485, .T. ) ;
#297 = CARTESIAN_POINT ( 'NONE',  ( 0.1481889576572506806, 0.6316388846898745024, -0.1273471709299496546 ) ) ;
#298 = CARTESIAN_POINT ( 'NONE',  ( 0.1954464908962963432, 0.8992297217131907106, -0.1076138971358898133 ) ) ;
#299 = CARTESIAN_POINT ( 'NONE',  ( -0.2322335044533203330, 0.8411887658004292279, -0.09906691979219296729 ) ) ;
#300 = CARTESIAN_POINT ( 'NONE',  ( -0.1512824630846806573, -0.6470671013389313053, -0.4114190978562708989 ) ) ;
#301 = CARTESIAN_POINT ( 'NONE',  ( 0.2183944545332327236, 0.8319463549590035978, 0.01944679650954206362 ) ) ;
#302 = CARTESIAN_POINT ( 'NONE',  ( 0.01925303693017841461, -0.09655773689089680589, 0.2382991377433147095 ) ) ;
#303 = CARTESIAN_POINT ( 'NONE',  ( 0.2240532887785898208, 0.8407463531105836552, 0.03092226810792719077 ) ) ;
#304 = CARTESIAN_POINT ( 'NONE',  ( 0.07817773123914278921, -0.2666403780605258733, 0.1302258451378540405 ) ) ;
#305 = CARTESIAN_POINT ( 'NONE',  ( -0.2283848587336854696, -0.4944555036574458939, 0.1894887453592436488 ) ) ;
#306 = CARTESIAN_POINT ( 'NONE',  ( -0.1187382587512373217, 0.7231842524763212321, 0.05058273740541070068 ) ) ;
#307 = CARTESIAN_POINT ( 'NONE',  ( 0.001777541095671048661, -0.6141296671208650304, 0.3549059787421616763 ) ) ;
#308 = DIRECTION ( 'NONE',  ( 6.678685382510718407E-17, 0.7071550692858419307, 0.7070584897894488519 ) ) ;
#309 = CARTESIAN_POINT ( 'NONE',  ( 0.1128125193877423660, 0.8023391420733662072, 0.06148944633898154044 ) ) ;
#310 = ORIENTED_EDGE ( 'NONE', *, *, #1567, .F. ) ;
#311 = CARTESIAN_POINT ( 'NONE',  ( 0.001358294415303849595, -0.003896314204935377376, 0.4076456094562680432 ) ) ;
#312 = CARTESIAN_POINT ( 'NONE',  ( -0.1666980824821324147, 0.5318801221321193262, -0.1292161125894977780 ) ) ;
#313 = CARTESIAN_POINT ( 'NONE',  ( -0.1170961787244667734, -0.4538934327673915248, -0.2963341318699578286 ) ) ;
#314 = CARTESIAN_POINT ( 'NONE',  ( 0.1724739524525667200, 0.5068152615964354180, -0.1303941698284608874 ) ) ;
#315 = ORIENTED_EDGE ( 'NONE', *, *, #1234, .F. ) ;
#316 = CARTESIAN_POINT ( 'NONE',  ( -0.2384358843229364144, 0.8485393100741109862, 0.003235882724459787987 ) ) ;
#317 = CARTESIAN_POINT ( 'NONE',  ( 0.2105810955703797671, 0.8992297217125786446, -0.03506588921991368735 ) ) ;
#318 = CARTESIAN_POINT ( 'NONE',  ( 0.2057583364215445632, 0.8992297217131961506, -0.1099911169771789904 ) ) ;
#319 = CARTESIAN_POINT ( 'NONE',  ( -0.2365975251514381150, 0.8870505605893321821, -0.1256894538354851043 ) ) ;
#320 = CARTESIAN_POINT ( 'NONE',  ( -0.05608836526701932446, 0.8928026037423365535, 0.03575285501394410981 ) ) ;
#321 = CARTESIAN_POINT ( 'NONE',  ( -0.3806691319991258871, -0.6141296666671777205, 0.07925441539050227802 ) ) ;
#322 = CARTESIAN_POINT ( 'NONE',  ( 0.2258501420219507783, 0.8326132097312225477, -0.007874360761653069127 ) ) ;
#323 = CARTESIAN_POINT ( 'NONE',  ( -0.09718913742033129244, -0.2082604434756939460, -0.2104355407194326288 ) ) ;
#324 = CARTESIAN_POINT ( 'NONE',  ( 0.2379806006923341488, 0.8553217435761141241, 0.03287832165897051212 ) ) ;
#325 = CARTESIAN_POINT ( 'NONE',  ( -0.2896423083599494186, -0.4944434997216267114, -0.2054516759480323751 ) ) ;
#326 = CARTESIAN_POINT ( 'NONE',  ( -0.1622857726230376163, 0.5502325255341878885, 0.03079281303420773261 ) ) ;
#327 = CARTESIAN_POINT ( 'NONE',  ( 0.1676782591814795498, -0.5106568049278670252, 0.2603225067499146950 ) ) ;
#328 = CARTESIAN_POINT ( 'NONE',  ( -0.1566381073630122855, 0.5864553525097186970, -0.1204177831324838993 ) ) ;
#329 = CARTESIAN_POINT ( 'NONE',  ( 0.2174955447069205905, 0.8249303276784930583, -0.01294272833641940679 ) ) ;
#330 = CARTESIAN_POINT ( 'NONE',  ( 0.03924514490823454577, -0.3730688696360011103, 0.04545055217114777474 ) ) ;
#331 = ORIENTED_EDGE ( 'NONE', *, *, #4177, .F. ) ;
#332 = CARTESIAN_POINT ( 'NONE',  ( 0.08612201799076722730, -0.2684160051790363544, 0.1266993783055266332 ) ) ;
#333 = CARTESIAN_POINT ( 'NONE',  ( -0.1537085935525838165, 0.5866006555992158145, -0.1262964424930525242 ) ) ;
#334 = CARTESIAN_POINT ( 'NONE',  ( 0.2258501420219507783, 0.8326132097312225477, -0.007874360761653069127 ) ) ;
#335 = VERTEX_POINT ( 'NONE', #377 ) ;
#336 = CARTESIAN_POINT ( 'NONE',  ( -0.1550236178396636466, 0.8744852854661244734, 0.08010250746292990609 ) ) ;
#337 = CARTESIAN_POINT ( 'NONE',  ( 0.2524052398400658537, 0.8619779844424448889, -0.06220716972304998066 ) ) ;
#338 = CARTESIAN_POINT ( 'NONE',  ( 0.1649342304990073782, 0.8992297217128073505, -0.1376242611506237057 ) ) ;
#339 = CARTESIAN_POINT ( 'NONE',  ( -0.2010588194289584241, -0.6141296668802292968, -0.3811294789571127439 ) ) ;
#340 = CARTESIAN_POINT ( 'NONE',  ( 0.03854916343280878621, 0.8973147553451034097, 0.05211900794661986080 ) ) ;
#341 = EDGE_CURVE ( 'NONE', #2658, #1894, #2923, .T. ) ;
#342 = CARTESIAN_POINT ( 'NONE',  ( 0.1279419586571372558, -0.4944386986663782402, 0.2666985143248305490 ) ) ;
#343 = CARTESIAN_POINT ( 'NONE',  ( 0.1904771366168593882, 0.8597924009052344552, 0.07476283317634270509 ) ) ;
#344 = CARTESIAN_POINT ( 'NONE',  ( 0.1093024448184845010, 0.7969041768321913910, -0.1571584187201635896 ) ) ;
#345 = CARTESIAN_POINT ( 'NONE',  ( 0.2185492498104614767, 0.8319459582862374081, -0.1158946666041595075 ) ) ;
#346 = CARTESIAN_POINT ( 'NONE',  ( -0.009112849755792318610, -0.06102811771613033537, 0.1411319451867778518 ) ) ;
#347 = CARTESIAN_POINT ( 'NONE',  ( -0.1746166644591048978, -0.5106568048686893624, -0.3376758417422551783 ) ) ;
#348 = LINE ( 'NONE', #4081, #2381 ) ;
#349 = CARTESIAN_POINT ( 'NONE',  ( 0.1268827570202085142, 0.7466604868833653930, 0.04772527623153709209 ) ) ;
#350 = CARTESIAN_POINT ( 'NONE',  ( 0.009233443896060960707, -0.4118073905881777796, 0.05255193822234342088 ) ) ;
#351 = EDGE_LOOP ( 'NONE', ( #956, #139, #3755, #1550, #1044 ) ) ;
#352 = CARTESIAN_POINT ( 'NONE',  ( -0.03658092879894590116, -0.003896314204935376509, 0.4076456094562680432 ) ) ;
#353 = CARTESIAN_POINT ( 'NONE',  ( -0.1349513063991454875, 0.6857907801683083004, -0.1339867626648471588 ) ) ;
#354 = LOCAL_TIME ( 16, 14, 55.00000000000000000, #3940 ) ;
#355 = CARTESIAN_POINT ( 'NONE',  ( 0.07244341883116868497, 0.5066601569453537124, -0.2283229331091468362 ) ) ;
#356 = CARTESIAN_POINT ( 'NONE',  ( 0.001392715038637042232, -0.2999141691536182930, 0.03119244741996901604 ) ) ;
#357 = VERTEX_POINT ( 'NONE', #770 ) ;
#358 = CARTESIAN_POINT ( 'NONE',  ( -0.1387175753824523017, 0.8591641670114215090, 0.07767535629038016531 ) ) ;
#359 = CARTESIAN_POINT ( 'NONE',  ( 0.1440095634466926067, 0.8208268913235557962, -0.1578344415559430614 ) ) ;
#360 = CARTESIAN_POINT ( 'NONE',  ( 0.1933608451432088926, 0.8992297217131799414, -0.1107656374289958806 ) ) ;
#361 = CARTESIAN_POINT ( 'NONE',  ( 0.3981854389540793737, -0.6141296675910554725, 0.02348205237796712266 ) ) ;
#362 = CARTESIAN_POINT ( 'NONE',  ( 0.001421674306172399441, 0.8951085350717818967, 0.05979505967594869048 ) ) ;
#363 = CARTESIAN_POINT ( 'NONE',  ( -0.2075535065129127665, -0.3779926168077221704, -0.1440577747935858355 ) ) ;
#364 = CARTESIAN_POINT ( 'NONE',  ( 0.2177915070578083645, 0.8319498512990518568, 0.02066309045274141581 ) ) ;
#365 = CARTESIAN_POINT ( 'NONE',  ( 0.1546181573806813814, 0.7738341305112222956, -0.1217887152324913652 ) ) ;
#366 = EDGE_CURVE ( 'NONE', #478, #843, #1772, .T. ) ;
#367 = EDGE_CURVE ( 'NONE', #934, #3460, #2461, .T. ) ;
#368 = CARTESIAN_POINT ( 'NONE',  ( -0.09151673762280926328, 0.8992297217125786446, 0.03302343705944486840 ) ) ;
#369 = CARTESIAN_POINT ( 'NONE',  ( 0.08915479555795419175, -0.2612384963427673013, 0.1198044119850307232 ) ) ;
#370 = CARTESIAN_POINT ( 'NONE',  ( 0.3945376834350648454, -0.6141296675867157218, -0.1384676297827414360 ) ) ;
#371 = CARTESIAN_POINT ( 'NONE',  ( 0.1135486829908925743, 0.7108084544209745115, 0.04101522023647948684 ) ) ;
#372 = CARTESIAN_POINT ( 'NONE',  ( 0.1597204148643150134, 0.7375378264677696638, 0.01253058923012444377 ) ) ;
#373 = CARTESIAN_POINT ( 'NONE',  ( -0.06950571644320581444, 0.5154032016825801366, 0.1315959186365534273 ) ) ;
#374 = ADVANCED_FACE ( 'NONE', ( #4201 ), #2390, .T. ) ;
#375 = CARTESIAN_POINT ( 'NONE',  ( -0.02167273854224079088, -0.3188350008037393879, 0.05011586353010077238 ) ) ;
#376 = CARTESIAN_POINT ( 'NONE',  ( -0.1642891606468797894, 0.7342517845266364196, -0.08419787421286679951 ) ) ;
#377 = CARTESIAN_POINT ( 'NONE',  ( -0.07022530409515843897, 0.8992297217125786446, 0.03344050624613655043 ) ) ;
#378 = CARTESIAN_POINT ( 'NONE',  ( 0.06089813798641324771, -0.2441270230798520957, 0.1455278095397227467 ) ) ;
#379 = ORIENTED_EDGE ( 'NONE', *, *, #1073, .T. ) ;
#380 = CARTESIAN_POINT ( 'NONE',  ( -0.1731975411388358699, 0.8540230747296339020, 0.07331505618653297307 ) ) ;
#381 = CARTESIAN_POINT ( 'NONE',  ( -0.05049197731083746032, -0.0003191256688386946250, 0.4112223094388884892 ) ) ;
#382 = CARTESIAN_POINT ( 'NONE',  ( 0.07306794813120426335, 0.8992297217125786446, -0.1302091710968015237 ) ) ;
#383 = CARTESIAN_POINT ( 'NONE',  ( 0.3981815502981504440, -0.6470671022242197035, 0.02348780370343620666 ) ) ;
#384 = CARTESIAN_POINT ( 'NONE',  ( 0.05180051769866329814, 0.8432145749254186251, -0.1747937893350285377 ) ) ;
#385 = CARTESIAN_POINT ( 'NONE',  ( -0.1111972334476546975, -0.3779926167514019442, -0.2334557050335431816 ) ) ;
#386 = CARTESIAN_POINT ( 'NONE',  ( 0.1635700672047387672, 0.8480990202705136483, 0.07315507392446582435 ) ) ;
#387 = CARTESIAN_POINT ( 'NONE',  ( 0.1444857878874422075, 0.7006431350750921272, -0.06972669450121685153 ) ) ;
#388 = CARTESIAN_POINT ( 'NONE',  ( 0.1415602054626509676, 0.8591640718882780359, -0.1744438998907019145 ) ) ;
#389 = CARTESIAN_POINT ( 'NONE',  ( -0.03677884147432386452, -0.1218367915816352398, 0.1449306571113783970 ) ) ;
#390 = EDGE_CURVE ( 'NONE', #3049, #1166, #1670, .T. ) ;
#391 = CARTESIAN_POINT ( 'NONE',  ( 0.2606405181024462614, -0.4944386986274955098, 0.1579476095093329258 ) ) ;
#392 = LINE ( 'NONE', #3856, #2832 ) ;
#393 = CARTESIAN_POINT ( 'NONE',  ( 0.2135037638087298739, 0.8215750902569430858, 0.003120769521636169823 ) ) ;
#394 = CARTESIAN_POINT ( 'NONE',  ( 0.03645571427097291789, -0.3854396406879280201, 0.04652728749967841720 ) ) ;
#395 = ADVANCED_FACE ( 'NONE', ( #2795 ), #4181, .T. ) ;
#396 = B_SPLINE_CURVE_WITH_KNOTS ( 'NONE', 3,
 ( #4056, #3724, #4078, #2399, #944, #651, #671, #606, #1975, #2738 ),
 .UNSPECIFIED., .F., .F.,
 ( 4, 2, 2, 2, 4 ),
 ( 0.000000000000000000, 0.2500000000000000000, 0.5000000000000000000, 0.7500000000000000000, 1.000000000000000000 ),
 .UNSPECIFIED. ) ;
#397 = CARTESIAN_POINT ( 'NONE',  ( 0.04824244164115501499, 0.8752546418700626329, -0.1798283910551001785 ) ) ;
#398 = EDGE_CURVE ( 'NONE', #3749, #3579, #2746, .T. ) ;
#399 = CARTESIAN_POINT ( 'NONE',  ( 0.1714527371972017489, 0.5237005116830540929, -0.1300666913989644013 ) ) ;
#400 = EDGE_CURVE ( 'NONE', #2216, #357, #280, .T. ) ;
#401 = CARTESIAN_POINT ( 'NONE',  ( 0.1663305136719968047, 0.5067578430898270758, -0.1432078932553091655 ) ) ;
#402 = CARTESIAN_POINT ( 'NONE',  ( -0.1570135879774716137, 0.8973001155301691956, -0.1559701997423692532 ) ) ;
#403 = CARTESIAN_POINT ( 'NONE',  ( 0.1418846771329176915, 0.8715825698395195387, -0.1777363158767147899 ) ) ;
#404 = VERTEX_POINT ( 'NONE', #747 ) ;
#405 = CARTESIAN_POINT ( 'NONE',  ( 0.001420978955429950692, 0.8872925255026331559, -0.1517592926624450889 ) ) ;
#406 = DIRECTION ( 'NONE',  ( 0.000000000000000000, 1.000000000000000000, 0.000000000000000000 ) ) ;
#407 = B_SPLINE_CURVE_WITH_KNOTS ( 'NONE', 3,
 ( #1293, #930, #2318, #3688, #1983, #2683, #503 ),
 .UNSPECIFIED., .F., .F.,
 ( 4, 1, 1, 1, 4 ),
 ( 0.000000000000000000, 0.2857508729080361909, 0.5715017458160851493, 0.8572526187241311657, 1.000000000000000000 ),
 .UNSPECIFIED. ) ;
#408 = DIRECTION ( 'NONE',  ( 0.000000000000000000, -0.7070584897894490739, 0.7071550692858415976 ) ) ;
#409 = ORIENTED_EDGE ( 'NONE', *, *, #1758, .T. ) ;
#410 = CIRCLE ( 'NONE', #1359, 0.02529281547616648099 ) ;
#411 = CARTESIAN_POINT ( 'NONE',  ( -0.1666932047094947245, 0.5318801819403475850, -0.1292261949700618806 ) ) ;
#412 = CARTESIAN_POINT ( 'NONE',  ( 0.2837137983115121664, -0.4951482408668397839, 0.1418849077014566751 ) ) ;
#413 = CARTESIAN_POINT ( 'NONE',  ( 0.2460771098936346546, 0.8875007633136983154, -0.007137439824784107961 ) ) ;
#414 = CARTESIAN_POINT ( 'NONE',  ( 0.2216718941294725520, 0.8327134365802014715, 0.05715786045437350193 ) ) ;
#415 = CARTESIAN_POINT ( 'NONE',  ( -0.2404233457821451925, 0.8668785522280273437, 0.03221996948300334673 ) ) ;
#416 = CARTESIAN_POINT ( 'NONE',  ( -0.1159147001493699702, 0.5322445697970967782, 0.09846622915382918784 ) ) ;
#417 = CARTESIAN_POINT ( 'NONE',  ( -0.1652492096229231933, 0.7330384671387600859, -0.02793475835858542922 ) ) ;
#418 = CARTESIAN_POINT ( 'NONE',  ( -0.08569208653913526486, -0.2082604434142603100, 0.1201264115389192727 ) ) ;
#419 = CARTESIAN_POINT ( 'NONE',  ( -0.07572811034818067999, 0.7108084544263268967, 0.07031822176798059598 ) ) ;
#420 = CARTESIAN_POINT ( 'NONE',  ( 0.1916849740559658788, 0.8405943730376518319, 0.05947910816656035854 ) ) ;
#421 = AXIS2_PLACEMENT_3D ( 'NONE', #2446, #447, #3159 ) ;
#422 = CARTESIAN_POINT ( 'NONE',  ( 0.1744994898621447799, 0.8992297217129909814, -0.1244924339861264162 ) ) ;
#423 = EDGE_CURVE ( 'NONE', #3596, #3579, #3468, .T. ) ;
#424 = CARTESIAN_POINT ( 'NONE',  ( -0.07022530409517255268, 0.8992297217125786446, -0.1302091710824126725 ) ) ;
#425 = EDGE_CURVE ( 'NONE', #2449, #4090, #960, .T. ) ;
#426 = CARTESIAN_POINT ( 'NONE',  ( -0.2146525313820354663, 0.8249299437033698057, -0.08382570352647786271 ) ) ;
#427 = CARTESIAN_POINT ( 'NONE',  ( 0.1695358449531138290, 0.5318801819389660235, 0.03245753021959352919 ) ) ;
#428 = CARTESIAN_POINT ( 'NONE',  ( -0.2199344468239202710, 0.8971496981799286230, -0.1199956315357739028 ) ) ;
#429 = CARTESIAN_POINT ( 'NONE',  ( -0.1969469738557641791, 0.8992297217125786446, -0.08794485113580374769 ) ) ;
#430 = TOROIDAL_SURFACE ( 'NONE', #504, 0.3642165428567976648, 0.02529281547616648099 ) ;
#431 = VERTEX_POINT ( 'NONE', #427 ) ;
#432 = LOCAL_TIME ( 16, 14, 55.00000000000000000, #1534 ) ;
#433 = CARTESIAN_POINT ( 'NONE',  ( -0.03613512903439062424, -0.3536665371075931597, 0.04555876963482449055 ) ) ;
#434 = EDGE_CURVE ( 'NONE', #1441, #2658, #1019, .T. ) ;
#435 = CARTESIAN_POINT ( 'NONE',  ( -0.03289257884715480335, -0.3005239336266838368, 0.04679014127220067903 ) ) ;
#436 = CIRCLE ( 'NONE', #803, 0.1011712619046658546 ) ;
#437 = CARTESIAN_POINT ( 'NONE',  ( -0.1969469738557641791, 0.8992297217125786446, -0.08794485113580374769 ) ) ;
#438 = ORIENTED_EDGE ( 'NONE', *, *, #1881, .T. ) ;
#439 = CARTESIAN_POINT ( 'NONE',  ( -0.06522670227274397770, 0.8916418770697283058, -0.1245004614081566818 ) ) ;
#440 = CARTESIAN_POINT ( 'NONE',  ( 0.07641970970931960538, -0.2700181323108394316, 0.1383876411320881517 ) ) ;
#441 = CARTESIAN_POINT ( 'NONE',  ( 0.2436495000616229201, 0.8735217851299813541, 0.03131991215447260668 ) ) ;
#442 = CALENDAR_DATE ( 2026, 29, 6 ) ;
#443 = ORIENTED_EDGE ( 'NONE', *, *, #1377, .F. ) ;
#444 = CARTESIAN_POINT ( 'NONE',  ( -0.2474855743609606917, 0.8850945052522969370, -0.006982561329129463243 ) ) ;
#445 = CARTESIAN_POINT ( 'NONE',  ( 0.2174273053875428741, 0.8319533852971362498, -0.1181421319816514104 ) ) ;
#446 = CARTESIAN_POINT ( 'NONE',  ( -0.03002804665694809236, -0.07711211400472429978, 0.1389436574985199735 ) ) ;
#447 = DIRECTION ( 'NONE',  ( 0.000000000000000000, 0.000000000000000000, -1.000000000000000000 ) ) ;
#448 = CARTESIAN_POINT ( 'NONE',  ( 0.3214304215520387142, -0.4944386986612185342, -0.04838433241814333458 ) ) ;
#449 = CARTESIAN_POINT ( 'NONE',  ( 0.1997896165330318441, 0.8992297217125786446, -0.08794485149328445939 ) ) ;
#450 = CARTESIAN_POINT ( 'NONE',  ( -0.04010549581867652730, -0.3125915389742908723, 0.04387154888520947843 ) ) ;
#451 = CARTESIAN_POINT ( 'NONE',  ( -0.1566381073630122855, 0.5864553525097186970, -0.1204177831324838993 ) ) ;
#452 = CARTESIAN_POINT ( 'NONE',  ( -0.1397124493908418474, 0.6464075413775672851, 0.03563151154292846373 ) ) ;
#453 = CARTESIAN_POINT ( 'NONE',  ( -0.2383142861458672490, 0.8870527247082593547, -0.1219506611427489534 ) ) ;
#454 = CARTESIAN_POINT ( 'NONE',  ( -0.1384230238765393473, 0.8886908921001702710, -0.1714552052578504626 ) ) ;
#455 = ORIENTED_EDGE ( 'NONE', *, *, #3845, .T. ) ;
#456 = CARTESIAN_POINT ( 'NONE',  ( -0.04806734049062422187, -0.1695690193668616119, 0.2009054314193879920 ) ) ;
#457 = CARTESIAN_POINT ( 'NONE',  ( 0.03511345191516886816, -0.1207335574539812190, 0.2254300206651996263 ) ) ;
#458 = CARTESIAN_POINT ( 'NONE',  ( 0.1561440599348286051, 0.5893149964413888497, 0.02983489918452262440 ) ) ;
#459 = FACE_OUTER_BOUND ( 'NONE', #4443, .T. ) ;
#460 = ORIENTED_EDGE ( 'NONE', *, *, #1761, .T. ) ;
#461 = CARTESIAN_POINT ( 'NONE',  ( -0.03498385789050013905, 0.5318801819402062536, -0.2350604497642027058 ) ) ;
#462 = CARTESIAN_POINT ( 'NONE',  ( -0.2153138153154008916, 0.8319472455463031713, -0.1167035918035199960 ) ) ;
#463 = CC_DESIGN_PERSON_AND_ORGANIZATION_ASSIGNMENT ( #1165, #3282, ( #2176 ) ) ;
#464 = CARTESIAN_POINT ( 'NONE',  ( 0.2437608764346157197, 0.8735215610466962044, 0.03108907127355070577 ) ) ;
#465 = APPROVAL_DATE_TIME ( #2507, #3359 ) ;
#466 = ORIENTED_EDGE ( 'NONE', *, *, #1377, .T. ) ;
#467 = CARTESIAN_POINT ( 'NONE',  ( -0.2029156961138378901, 0.8992297217126956621, 0.01322246438716605070 ) ) ;
#468 = CARTESIAN_POINT ( 'NONE',  ( 0.2392054545235736129, 0.8669599970981103354, -0.1361881749259973018 ) ) ;
#469 = CARTESIAN_POINT ( 'NONE',  ( 0.003849684875490013737, -0.1070723738519477608, 0.1819401155960780891 ) ) ;
#470 = CARTESIAN_POINT ( 'NONE',  ( -0.1696313121687404446, 0.5068152615927373761, 0.03362550499273835036 ) ) ;
#471 = CARTESIAN_POINT ( 'NONE',  ( -0.05503575913907697570, -0.2555833431272963030, 0.1667927915678524553 ) ) ;
#472 = B_SPLINE_CURVE_WITH_KNOTS ( 'NONE', 3,
 ( #3745, #1330, #4215, #2148, #1149, #417, #3539, #1764, #1062, #716, #1786, #3176 ),
 .UNSPECIFIED., .F., .F.,
 ( 4, 1, 1, 1, 1, 1, 1, 1, 1, 4 ),
 ( 0.000000000000000000, 0.1334236118037525898, 0.2778530098364604961, 0.3500677088528138525, 0.4222824078691672089, 0.4944971068855205654, 0.5667118059018738663, 0.7111412039345806901, 0.8555706019672932872, 1.000000000000000000 ),
 .UNSPECIFIED. ) ;
#473 = LINE ( 'NONE', #2287, #2618 ) ;
#474 = CARTESIAN_POINT ( 'NONE',  ( -0.1692786140457009925, 0.7778413757705480158, -0.1128104165972880907 ) ) ;
#475 = CARTESIAN_POINT ( 'NONE',  ( -0.1385231060286208071, 0.8517196332761985955, 0.07570207460940224509 ) ) ;
#476 = CARTESIAN_POINT ( 'NONE',  ( -0.2061607903147546217, 0.8992297217372423601, -0.1019643772973068963 ) ) ;
#477 = CARTESIAN_POINT ( 'NONE',  ( -0.06804166588761362267, 0.5326026083708925718, -0.2252035851576753567 ) ) ;
#478 = VERTEX_POINT ( 'NONE', #519 ) ;
#479 = CARTESIAN_POINT ( 'NONE',  ( -0.03160018685816534667, -0.3915927246681073504, 0.04728589134772932800 ) ) ;
#480 = CARTESIAN_POINT ( 'NONE',  ( -0.06041443326199468639, 0.8992297217125786446, -0.1391786833145238766 ) ) ;
#481 = CARTESIAN_POINT ( 'NONE',  ( 0.001376550615120873330, -0.04523905628900741493, 0.1415077517173789490 ) ) ;
#482 = ORIENTED_EDGE ( 'NONE', *, *, #2941, .T. ) ;
#483 = EDGE_CURVE ( 'NONE', #843, #2216, #2828, .T. ) ;
#484 = CARTESIAN_POINT ( 'NONE',  ( 0.1243165923139594037, 0.7108084544199783084, -0.1168250613490609685 ) ) ;
#485 = EDGE_CURVE ( 'NONE', #1391, #2532, #4423, .T. ) ;
#486 = CARTESIAN_POINT ( 'NONE',  ( 0.1696526109255378501, 0.5318786610486283539, -0.1289840732416023539 ) ) ;
#487 = CARTESIAN_POINT ( 'NONE',  ( 0.2387958320460987216, 0.8870515537653870242, 0.03022964696432309945 ) ) ;
#488 = VERTEX_POINT ( 'NONE', #882 ) ;
#489 = CARTESIAN_POINT ( 'NONE',  ( -0.05609329169460182396, 0.8916418770697283058, 0.03572909987961915557 ) ) ;
#490 = PRODUCT ( '009458', '009458', '', ( #22 ) ) ;
#491 = B_SPLINE_CURVE_WITH_KNOTS ( 'NONE', 3,
 ( #4182, #1821, #3209, #4245, #3488 ),
 .UNSPECIFIED., .F., .F.,
 ( 4, 1, 4 ),
 ( 0.000000000000000000, 0.4285714285714288252, 1.000000000000000000 ),
 .UNSPECIFIED. ) ;
#492 = CARTESIAN_POINT ( 'NONE',  ( 0.002233386557385015712, -0.1064845535825870715, 0.1832687265027239387 ) ) ;
#493 = CARTESIAN_POINT ( 'NONE',  ( 0.06806934630992778068, 0.8916418770697283058, -0.1245004614215465266 ) ) ;
#494 = B_SPLINE_SURFACE_WITH_KNOTS ( 'NONE', 3, 3, ( 
 ( #4419, #3070, #2046, #2766, #630, #2403 ),
 ( #1743, #3747, #1700, #3435, #287, #2698 ),
 ( #968, #2355, #3093, #1356, #4466, #2719 ),
 ( #2378, #3768, #3388, #2427, #2741, #3791 ) ),
 .UNSPECIFIED., .F., .F., .F.,
 ( 4, 4 ),
 ( 4, 2, 4 ),
 ( 0.000000000000000000, 1.000000000000000000 ),
 ( 0.000000000000000000, 0.1564668861328550042, 0.3129393188117990388 ),
 .UNSPECIFIED. ) ;
#495 = CARTESIAN_POINT ( 'NONE',  ( 0.1959349985629443847, 0.8992297217131925979, -0.1067459586302438590 ) ) ;
#496 = CARTESIAN_POINT ( 'NONE',  ( 0.2189119780799330672, 0.8319453964922262079, -0.1151365115046244225 ) ) ;
#497 = CARTESIAN_POINT ( 'NONE',  ( -0.1667433321048309991, 0.5318795542099640228, 0.03235380445706880631 ) ) ;
#498 = CARTESIAN_POINT ( 'NONE',  ( 0.1408240805099066073, 0.8392626072388018610, 0.07020577075130399192 ) ) ;
#499 = CARTESIAN_POINT ( 'NONE',  ( -0.1969469738557641791, 0.8992297217125786446, -0.08794485113580340074 ) ) ;
#500 = CARTESIAN_POINT ( 'NONE',  ( -0.1666932046661176170, 0.5318801819489651361, -0.1292261950549498661 ) ) ;
#501 = ORIENTED_EDGE ( 'NONE', *, *, #2099, .F. ) ;
#502 = CARTESIAN_POINT ( 'NONE',  ( 0.001420978943891628528, 0.8887397715421692102, -0.1517361844961068740 ) ) ;
#503 = CARTESIAN_POINT ( 'NONE',  ( 0.001358260561296130908, -0.3071073873554958644, 0.1849489576254290668 ) ) ;
#504 = AXIS2_PLACEMENT_3D ( 'NONE', #3969, #2675, #4037 ) ;
#505 = CARTESIAN_POINT ( 'NONE',  ( 0.001358294415303849595, -0.0003191256688379571506, 0.4112223094388880451 ) ) ;
#506 = ORIENTED_EDGE ( 'NONE', *, *, #2880, .F. ) ;
#507 = CARTESIAN_POINT ( 'NONE',  ( 0.1653461686451446200, 0.5502341349264423531, -0.1270552927092650497 ) ) ;
#508 = CARTESIAN_POINT ( 'NONE',  ( 0.001358294415303849595, -0.0003191256688379571506, 0.4112223094388880451 ) ) ;
#509 = CARTESIAN_POINT ( 'NONE',  ( 0.2150588911250898849, 0.8875221009727739530, 0.05783747689553306315 ) ) ;
#510 = DATE_AND_TIME ( #1211, #4061 ) ;
#511 = ORIENTED_EDGE ( 'NONE', *, *, #1346, .T. ) ;
#512 = CARTESIAN_POINT ( 'NONE',  ( -0.1937277286425798384, 0.8992297217126956621, 0.008747207814868734888 ) ) ;
#513 = CARTESIAN_POINT ( 'NONE',  ( -0.03420847451443106285, -0.1489749360176164661, 0.1906300448698131089 ) ) ;
#514 = CARTESIAN_POINT ( 'NONE',  ( -0.2474855743609606917, 0.8850945052522969370, -0.006982561329129463243 ) ) ;
#515 = FACE_OUTER_BOUND ( 'NONE', #4105, .T. ) ;
#516 = ADVANCED_FACE ( 'NONE', ( #3996 ), #3984, .T. ) ;
#517 = CARTESIAN_POINT ( 'NONE',  ( -0.08454889481192856548, -0.2489671080307199469, 0.1226145286237268484 ) ) ;
#518 = CARTESIAN_POINT ( 'NONE',  ( -0.1689169566149583968, 0.8544758211091576516, 0.07510563138719968113 ) ) ;
#519 = CARTESIAN_POINT ( 'NONE',  ( 0.3908495858280882640, -0.6470671016748443805, -0.04838430862383964054 ) ) ;
#520 = CARTESIAN_POINT ( 'NONE',  ( -0.2155530886872963070, 0.8319462282144390874, -0.1162145772051124126 ) ) ;
#521 = CARTESIAN_POINT ( 'NONE',  ( 0.1695358449531359779, 0.5318801819389643581, -0.1292261950558338535 ) ) ;
#522 = ORIENTED_EDGE ( 'NONE', *, *, #2022, .F. ) ;
#523 = CARTESIAN_POINT ( 'NONE',  ( -0.05435060940133543822, -0.2633406662188592096, 0.1661909126700847339 ) ) ;
#524 = CARTESIAN_POINT ( 'NONE',  ( 0.001421322026237919643, -0.7321568765001595924, -0.04838433241814063535 ) ) ;
#525 = CARTESIAN_POINT ( 'NONE',  ( 0.1911174362130264870, -0.2082604419367170279, -0.06739166670119270397 ) ) ;
#526 = ORIENTED_EDGE ( 'NONE', *, *, #2409, .F. ) ;
#527 = CARTESIAN_POINT ( 'NONE',  ( 0.2038971208499361087, 0.8322431059554472599, -0.1470336213745585541 ) ) ;
#528 = DIRECTION ( 'NONE',  ( -1.000000000000000000, 0.000000000000000000, -0.000000000000000000 ) ) ;
#529 = FACE_OUTER_BOUND ( 'NONE', #2642, .T. ) ;
#530 = APPROVAL_ROLE ( '' ) ;
#531 = DIRECTION ( 'NONE',  ( -6.678685382510708546E-17, -0.7071550692858419307, -0.7070584897894488519 ) ) ;
#532 = CARTESIAN_POINT ( 'NONE',  ( -0.2221852087270558829, 0.8971413059844509652, 0.01837531681287455851 ) ) ;
#533 = CARTESIAN_POINT ( 'NONE',  ( 0.04680075392337275375, -0.1643334033169142894, 0.1600432699952809568 ) ) ;
#534 = CARTESIAN_POINT ( 'NONE',  ( 0.2199010561988745671, 0.8319487678104395822, 0.01621623262549744260 ) ) ;
#535 = CARTESIAN_POINT ( 'NONE',  ( 0.07008377091402361037, 0.8982341706118793789, -0.1268010577960217433 ) ) ;
#536 = B_SPLINE_SURFACE_WITH_KNOTS ( 'NONE', 3, 3, ( 
 ( #1685, #567, #4109, #3689, #4045, #227, #1661, #2662 ),
 ( #2384, #313, #3442, #3054, #3753, #1273, #3394, #1960 ),
 ( #3373, #909, #1640, #1706, #4363, #3350, #2296, #1253 ),
 ( #3774, #660, #3733, #1617, #2640, #3010, #931, #4384 ),
 ( #4426, #2319, #1315, #2704, #3712, #593, #3033, #2684 ) ),
 .UNSPECIFIED., .F., .F., .F.,
 ( 4, 1, 4 ),
 ( 4, 1, 1, 1, 1, 4 ),
 ( 0.2070353420419639989, 0.6601580037322700711, 1.000000000000000000 ),
 ( -18.78665423098589926, -18.11031193643990278, -16.75762734734789916, -15.40494275825600035, -14.72860046370999854, -14.05225816916399850 ),
 .UNSPECIFIED. ) ;
#537 = CARTESIAN_POINT ( 'NONE',  ( 0.03329008421093673786, -0.2962088257896212662, 0.04789516696575557564 ) ) ;
#538 = CARTESIAN_POINT ( 'NONE',  ( -0.1870398234985114760, 0.8011835295726579265, 0.009979873205265957226 ) ) ;
#539 = CARTESIAN_POINT ( 'NONE',  ( -0.2220380839024718445, 0.8322343680795203369, 0.0007429024993173192993 ) ) ;
#540 = CARTESIAN_POINT ( 'NONE',  ( -0.1897153992482655260, 0.8992297217392170028, -0.1122220671051141899 ) ) ;
#541 = CARTESIAN_POINT ( 'NONE',  ( 0.1879227224477339475, 0.5319965525566409115, -0.02061667470784742107 ) ) ;
#542 = EDGE_LOOP ( 'NONE', ( #3035, #753, #3962, #3187 ) ) ;
#543 = CARTESIAN_POINT ( 'NONE',  ( -0.06724112687730240956, 0.8982341706118757152, -0.1268010577822270835 ) ) ;
#544 = CARTESIAN_POINT ( 'NONE',  ( -0.07452099718690878560, -0.2475591918255801160, 0.1277127975918948555 ) ) ;
#545 = CARTESIAN_POINT ( 'NONE',  ( 0.07931262926080458187, -0.2668940411301135018, 0.1297220645461610866 ) ) ;
#546 = CARTESIAN_POINT ( 'NONE',  ( -0.03495619143145014401, 0.8902132778182605399, -0.1451368922086994084 ) ) ;
#547 = CARTESIAN_POINT ( 'NONE',  ( -0.1946466365891273143, 0.8992297217126921094, 0.006761478516026667163 ) ) ;
#548 = ORIENTED_EDGE ( 'NONE', *, *, #894, .F. ) ;
#549 = CARTESIAN_POINT ( 'NONE',  ( 0.1786488436722579176, 0.7707760334663427138, -0.08745623507332977997 ) ) ;
#550 = CARTESIAN_POINT ( 'NONE',  ( 0.1988964786766602988, 0.8700289582391809162, -0.1694277880851761120 ) ) ;
#551 = CARTESIAN_POINT ( 'NONE',  ( -0.1971090099856399325, -0.2700181333049803123, -0.01496955187403993699 ) ) ;
#552 = CARTESIAN_POINT ( 'NONE',  ( 0.1998707251231243986, 0.8992297217125786446, -0.007644109003887777747 ) ) ;
#553 = DIRECTION ( 'NONE',  ( 0.000000000000000000, -0.7070584897894494070, 0.7071550692858414866 ) ) ;
#554 = CARTESIAN_POINT ( 'NONE',  ( 0.007973943029043814926, -0.1085176827628780705, 0.2143600617399472608 ) ) ;
#555 = CARTESIAN_POINT ( 'NONE',  ( -0.1668099706393149084, 0.5318786610562720174, -0.1289840732404577417 ) ) ;
#556 = CARTESIAN_POINT ( 'NONE',  ( 0.08840145727647454044, -0.2085730854398336331, 0.1201953651480081042 ) ) ;
#557 = CARTESIAN_POINT ( 'NONE',  ( -0.08568944593322487535, -0.2084173816841419502, 0.1201277766280009762 ) ) ;
#558 = CARTESIAN_POINT ( 'NONE',  ( -0.1624739036813561133, 0.5502259963171127755, 0.03036100085818817587 ) ) ;
#559 = FACE_OUTER_BOUND ( 'NONE', #2938, .T. ) ;
#560 = CARTESIAN_POINT ( 'NONE',  ( -0.1938561461321712254, 0.8992297217399045639, -0.1052522928318833650 ) ) ;
#561 = CARTESIAN_POINT ( 'NONE',  ( 0.1565512948512586267, 0.5866002750475387550, 0.02952773770384571964 ) ) ;
#562 = ADVANCED_FACE ( 'NONE', ( #4265 ), #430, .T. ) ;
#563 = ORIENTED_EDGE ( 'NONE', *, *, #3686, .T. ) ;
#564 = FACE_OUTER_BOUND ( 'NONE', #1947, .T. ) ;
#565 = CARTESIAN_POINT ( 'NONE',  ( -0.1379814384666395999, 0.8392626072508780899, 0.07020577066139058187 ) ) ;
#566 = DIRECTION ( 'NONE',  ( 0.000000000000000000, 0.000000000000000000, -1.000000000000000000 ) ) ;
#567 = CARTESIAN_POINT ( 'NONE',  ( -0.1372792085745119239, -0.4944386985603258511, -0.3385837156470506426 ) ) ;
#568 = CARTESIAN_POINT ( 'NONE',  ( 0.1511505724349602731, 0.5069166554649490175, -0.1674553012960421638 ) ) ;
#569 = CARTESIAN_POINT ( 'NONE',  ( -0.1924336475277871605, 0.8992297217398217413, -0.1079014937578730571 ) ) ;
#570 = EDGE_CURVE ( 'NONE', #2960, #2532, #3622, .T. ) ;
#571 = ORIENTED_EDGE ( 'NONE', *, *, #3769, .F. ) ;
#572 = EDGE_CURVE ( 'NONE', #1464, #488, #4320, .T. ) ;
#573 = B_SPLINE_CURVE_WITH_KNOTS ( 'NONE', 3,
 ( #1905, #648, #1673, #2330, #3723, #1649, #239, #2628, #3336, #4012, #626, #1995, #1263, #3042, #4436, #920, #4415, #1305, #3362, #943, #2015, #2041, #4034, #605 ),
 .UNSPECIFIED., .F., .F.,
 ( 4, 1, 1, 1, 2, 2, 2, 1, 1, 1, 1, 1, 1, 1, 1, 1, 1, 1, 4 ),
 ( -2.199452227212260080, -2.185487749902550014, -2.146458623815259870, -2.134567192858059848, -2.129343627928800053, -2.129228692307109760, -2.128985476515560027, -2.128144628465519883, -2.126855243089710079, -2.124950602457249982, -2.122119457889860339, -2.118013679770430091, -2.112091307101270132, -2.103746179292339757, -2.092472612382629826, -2.061159114208700238, -2.018574591950600183, -1.898920642914430079, -1.861450605945719872 ),
 .UNSPECIFIED. ) ;
#574 = DIRECTION ( 'NONE',  ( 0.000000000000000000, 0.000000000000000000, -1.000000000000000000 ) ) ;
#575 = CARTESIAN_POINT ( 'NONE',  ( 0.1952979942015556913, 0.8513666766029853727, -0.1625352325039313706 ) ) ;
#576 = B_SPLINE_CURVE_WITH_KNOTS ( 'NONE', 3,
 ( #2872, #3189, #3908, #4269, #1138 ),
 .UNSPECIFIED., .F., .F.,
 ( 4, 1, 4 ),
 ( 0.000000000000000000, 0.4186371215697219927, 1.000000000000000000 ),
 .UNSPECIFIED. ) ;
#577 = CARTESIAN_POINT ( 'NONE',  ( -0.2367318408648125816, 0.8553006206791895494, -0.1265557851023451919 ) ) ;
#578 = CARTESIAN_POINT ( 'NONE',  ( 0.2130601953468032050, 0.8971556935755857776, 0.03695245600919083717 ) ) ;
#579 = ADVANCED_FACE ( 'NONE', ( #2310 ), #4080, .T. ) ;
#580 = AXIS2_PLACEMENT_3D ( 'NONE', #2647, #531, #3358 ) ;
#581 = CARTESIAN_POINT ( 'NONE',  ( -0.05503575913907697570, -0.2555833431272963030, 0.1667927915678524553 ) ) ;
#582 = CARTESIAN_POINT ( 'NONE',  ( 0.001368029246193017351, -0.09480593745683324469, 0.2361450274990561371 ) ) ;
#583 = CARTESIAN_POINT ( 'NONE',  ( 0.2189345249328336351, 0.8319454896373266184, 0.01831846419711450832 ) ) ;
#584 = CARTESIAN_POINT ( 'NONE',  ( 0.07283540675901646611, -0.2469050907954467855, 0.1313689476422272295 ) ) ;
#585 = CARTESIAN_POINT ( 'NONE',  ( 0.07088430617248044074, 0.5326026083659364252, 0.1284349203227340974 ) ) ;
#586 = CARTESIAN_POINT ( 'NONE',  ( -0.1673536330580613907, 0.8070700974748268308, 0.03991677478318381850 ) ) ;
#587 = CARTESIAN_POINT ( 'NONE',  ( -0.1634878733880684998, 0.5067578430861604533, 0.04643922841969291837 ) ) ;
#588 = CARTESIAN_POINT ( 'NONE',  ( 0.1695407227691761443, 0.5318801221221212128, 0.03244744775404533738 ) ) ;
#589 = ORIENTED_EDGE ( 'NONE', *, *, #425, .F. ) ;
#590 = CARTESIAN_POINT ( 'NONE',  ( -0.05608840265787329304, 0.8928026076306425640, -0.1325214854161677891 ) ) ;
#591 = CARTESIAN_POINT ( 'NONE',  ( -0.08568679966593523156, -0.2085743161614342922, 0.1201292842870650551 ) ) ;
#592 = DIRECTION ( 'NONE',  ( -5.581512189053988999E-18, -0.7070584897894488519, 0.7071550692858418197 ) ) ;
#593 = CARTESIAN_POINT ( 'NONE',  ( 0.1852399667307527975, -0.2082604419680927910, -0.1058345928892972521 ) ) ;
#594 = CARTESIAN_POINT ( 'NONE',  ( 0.1695358449114872379, 0.5318801819400208464, -0.1292261951415889232 ) ) ;
#595 = CARTESIAN_POINT ( 'NONE',  ( 0.07266310712767262703, -0.2082604425690274819, -0.2371652961748930422 ) ) ;
#596 = ORIENTED_EDGE ( 'NONE', *, *, #2180, .F. ) ;
#597 = FACE_OUTER_BOUND ( 'NONE', #1731, .T. ) ;
#598 = CARTESIAN_POINT ( 'NONE',  ( 0.1461753569658927887, 0.8757698783839351631, -0.1763988032061761246 ) ) ;
#599 = EDGE_CURVE ( 'NONE', #245, #3508, #3300, .T. ) ;
#600 = CARTESIAN_POINT ( 'NONE',  ( -0.2485582135232742851, 0.8739752536012075357, -0.1015109508688284701 ) ) ;
#601 = CARTESIAN_POINT ( 'NONE',  ( 0.1966804948491028826, 0.8992297217921063623, 0.008519899118037280519 ) ) ;
#602 = ADVANCED_FACE ( 'NONE', ( #901 ), #2975, .T. ) ;
#603 = CARTESIAN_POINT ( 'NONE',  ( -0.03027072096205179336, -0.1170383086804559769, 0.2273714524541443072 ) ) ;
#604 = CARTESIAN_POINT ( 'NONE',  ( -0.1818548654871610937, 0.5152639843418694854, 0.008125666652665928386 ) ) ;
#605 = CARTESIAN_POINT ( 'NONE',  ( 0.1369981599629842006, 0.8992297217125786446, 0.03138413205350200352 ) ) ;
#606 = CARTESIAN_POINT ( 'NONE',  ( -0.1533013549624438476, 0.5893154097640187494, -0.1266036000471297274 ) ) ;
#607 = CARTESIAN_POINT ( 'NONE',  ( -0.1297154824816991181, 0.6864326304000568646, 0.04307132753763203564 ) ) ;
#608 = CARTESIAN_POINT ( 'NONE',  ( -0.1856960986706071293, 0.8337272836508706764, 0.05309567213182382617 ) ) ;
#609 = CARTESIAN_POINT ( 'NONE',  ( -0.3880865244530280478, -0.6470671009571097310, -0.06482688061324416717 ) ) ;
#610 = CARTESIAN_POINT ( 'NONE',  ( 0.1695358449948002055, 0.5318801819379067597, 0.03245753013376116713 ) ) ;
#611 = ORIENTED_EDGE ( 'NONE', *, *, #4013, .F. ) ;
#612 = CARTESIAN_POINT ( 'NONE',  ( 0.01876255018998126967, -0.3562198850055040555, 0.1714457683267032739 ) ) ;
#613 = CARTESIAN_POINT ( 'NONE',  ( -0.2171850433563852489, 0.8386353672707189677, 0.03240173094301794510 ) ) ;
#614 = CARTESIAN_POINT ( 'NONE',  ( -0.1106406478620601264, 0.8020316910610517658, -0.1580563853973806221 ) ) ;
#615 = CARTESIAN_POINT ( 'NONE',  ( -0.1696313122577155497, 0.5068152615935670458, -0.1303941696434443021 ) ) ;
#616 = CARTESIAN_POINT ( 'NONE',  ( -0.1254577895203300708, 0.7108084544293366003, 0.01262812879643732296 ) ) ;
#617 = ORIENTED_EDGE ( 'NONE', *, *, #4094, .F. ) ;
#618 = CARTESIAN_POINT ( 'NONE',  ( 0.2524052433770831438, 0.8619779849247026782, -0.03456144032605572292 ) ) ;
#619 = CARTESIAN_POINT ( 'NONE',  ( 0.1456183984429967604, 0.8884742875903122172, -0.1720074130990956462 ) ) ;
#620 = CARTESIAN_POINT ( 'NONE',  ( -0.2389455540541103595, 0.8735368591851541131, -0.1316964981762528131 ) ) ;
#621 = CARTESIAN_POINT ( 'NONE',  ( -0.2010588195095541209, -0.6470671012587331239, -0.3811294789080672540 ) ) ;
#622 = ADVANCED_FACE ( 'NONE', ( #559 ), #864, .F. ) ;
#623 = CARTESIAN_POINT ( 'NONE',  ( 0.1449345897636082348, 0.8387122523266271612, 0.06955548829007277001 ) ) ;
#624 = CARTESIAN_POINT ( 'NONE',  ( 0.1696526109256177861, 0.5318786610481739396, 0.03221540840541901179 ) ) ;
#625 = CARTESIAN_POINT ( 'NONE',  ( 0.03779783968800856653, 0.8902132714014963089, -0.1451374140999840967 ) ) ;
#626 = CARTESIAN_POINT ( 'NONE',  ( 0.1966318848664785346, 0.8992297217921045860, 0.008620579180387508492 ) ) ;
#627 = CARTESIAN_POINT ( 'NONE',  ( -0.1686885725941147662, 0.5236994525937102019, 0.03313482984118085173 ) ) ;
#628 = CARTESIAN_POINT ( 'NONE',  ( -0.1508864257506052631, 0.8489170967279354718, 0.07330399513121114985 ) ) ;
#629 = CARTESIAN_POINT ( 'NONE',  ( -0.2010588194289584241, -0.6141296668802292968, -0.3811294789571127439 ) ) ;
#630 = CARTESIAN_POINT ( 'NONE',  ( 0.1816313750501746260, 0.5319520392058195712, 0.007153266480091615906 ) ) ;
#631 = CARTESIAN_POINT ( 'NONE',  ( 0.1337401355895923016, 0.8276027147574815945, 0.06461360239736418931 ) ) ;
#632 = ORIENTED_EDGE ( 'NONE', *, *, #1052, .T. ) ;
#633 = CARTESIAN_POINT ( 'NONE',  ( 0.07314160263393618133, -0.3125632327173219482, 0.1426422086480624019 ) ) ;
#634 = CARTESIAN_POINT ( 'NONE',  ( -0.2153788725261784054, 0.8319470304892727652, 0.01980132734351166754 ) ) ;
#635 = CARTESIAN_POINT ( 'NONE',  ( -0.1623192206235462565, 0.5502270616644899803, -0.1274739933094586330 ) ) ;
#636 = CARTESIAN_POINT ( 'NONE',  ( 0.001358294415303849595, -0.0003191256688379571506, 0.4112223094388880451 ) ) ;
#637 = CARTESIAN_POINT ( 'NONE',  ( -0.1179752069070753584, 0.5154072533300229075, -0.1978502374905710126 ) ) ;
#638 = ORIENTED_EDGE ( 'NONE', *, *, #908, .F. ) ;
#639 = CARTESIAN_POINT ( 'NONE',  ( 0.2266937517688494830, 0.8327134680268637457, -0.03487142701646625542 ) ) ;
#640 = CARTESIAN_POINT ( 'NONE',  ( 0.2017774800687195114, 0.8992297217131799414, -0.1165751393759975330 ) ) ;
#641 = CARTESIAN_POINT ( 'NONE',  ( -0.2482673464037910005, 0.8745196230989233932, -0.08981458549147489090 ) ) ;
#642 = CIRCLE ( 'NONE', #3561, 0.03793922321424975791 ) ;
#643 = CARTESIAN_POINT ( 'NONE',  ( -0.1570141178949451544, -0.6141296669324464164, 0.3224693540269754632 ) ) ;
#644 = CARTESIAN_POINT ( 'NONE',  ( -0.04010549581867652730, -0.3125915389742908723, 0.04387154888520947843 ) ) ;
#645 = CARTESIAN_POINT ( 'NONE',  ( 0.008016166931900457759, -0.09652552208714887394, 0.2348508246686792644 ) ) ;
#646 = CARTESIAN_POINT ( 'NONE',  ( 0.2350760351348580024, 0.8411887735670980915, 0.002298370500213350875 ) ) ;
#647 = AXIS2_PLACEMENT_3D ( 'NONE', #2080, #1420, #983 ) ;
#648 = CARTESIAN_POINT ( 'NONE',  ( 0.1998707251231243986, 0.8992297217125786446, -0.007644109003887777747 ) ) ;
#649 = AXIS2_PLACEMENT_3D ( 'NONE', #505, #1160, #408 ) ;
#650 = CIRCLE ( 'NONE', #2178, 0.1011712619046658546 ) ;
#651 = CARTESIAN_POINT ( 'NONE',  ( -0.1313580808410111378, 0.6752972774066189343, -0.1393214318799030071 ) ) ;
#652 = CARTESIAN_POINT ( 'NONE',  ( -0.1623012184788370504, 0.5502338149761534236, 0.03074838080569664012 ) ) ;
#653 = ADVANCED_FACE ( 'NONE', ( #3877 ), #2604, .T. ) ;
#654 = CARTESIAN_POINT ( 'NONE',  ( -0.3240832130212315532, -0.5565439822849764795, -0.2594670222345253907 ) ) ;
#655 = CARTESIAN_POINT ( 'NONE',  ( -0.02282832008890291198, 0.8882802512693356300, 0.05278340171970467842 ) ) ;
#656 = CARTESIAN_POINT ( 'NONE',  ( 0.1564965295783632970, 0.5866033720995673661, 0.02963315891665212545 ) ) ;
#657 = ORIENTED_EDGE ( 'NONE', *, *, #1857, .F. ) ;
#658 = CARTESIAN_POINT ( 'NONE',  ( -0.04784101225546318059, -0.3421031981444612735, 0.1604335580204163669 ) ) ;
#659 = CARTESIAN_POINT ( 'NONE',  ( -0.1217982283426782830, 0.7225627804022966005, -0.1451633722081457079 ) ) ;
#660 = CARTESIAN_POINT ( 'NONE',  ( -0.08079951971509957698, -0.2545787105038863074, -0.2204088554424863955 ) ) ;
#661 = CARTESIAN_POINT ( 'NONE',  ( 0.1208492014982123497, 0.5068672922565952144, -0.1978206432192625985 ) ) ;
#662 = VERTEX_POINT ( 'NONE', #203 ) ;
#663 = CARTESIAN_POINT ( 'NONE',  ( 0.1566004668977208081, 0.5865780368138021617, -0.1263410849250462265 ) ) ;
#664 = CARTESIAN_POINT ( 'NONE',  ( 0.2100026814712100398, 0.8992297217125786446, -0.08831693995608758119 ) ) ;
#665 = CARTESIAN_POINT ( 'NONE',  ( -0.1620486960524313014, 0.8634277415036223369, -0.1762401971264812017 ) ) ;
#666 = CARTESIAN_POINT ( 'NONE',  ( -0.3459941578680140184, -0.5106568048390864867, -0.09261577279162361287 ) ) ;
#667 = CARTESIAN_POINT ( 'NONE',  ( -0.06910362046919074630, 0.8992297217125786446, 0.03215947479084282912 ) ) ;
#668 = CARTESIAN_POINT ( 'NONE',  ( 0.03042399527047275759, -0.1226453234104439849, 0.2187101919952281204 ) ) ;
#669 = CARTESIAN_POINT ( 'NONE',  ( 0.2085887331411089007, 0.8419129183392293214, 0.04995106980798730278 ) ) ;
#670 = CARTESIAN_POINT ( 'NONE',  ( 0.1362888624866394061, 0.6682286050272917555, -0.1374075882250441472 ) ) ;
#671 = CARTESIAN_POINT ( 'NONE',  ( -0.1397121065386983108, 0.6464076685653367127, -0.1324001275709263403 ) ) ;
#672 = CARTESIAN_POINT ( 'NONE',  ( -0.1415702456258499387, 0.6407349258127159608, 0.03428168697787672276 ) ) ;
#673 = CARTESIAN_POINT ( 'NONE',  ( -0.3806691319991258871, -0.6141296666671777205, 0.07925441539050227802 ) ) ;
#674 = CARTESIAN_POINT ( 'NONE',  ( -0.1668099706388216918, 0.5318786610582422192, -0.1289840732403169654 ) ) ;
#675 = CARTESIAN_POINT ( 'NONE',  ( 0.1441733169430609307, 0.6849684360962836616, 0.02898728544587145586 ) ) ;
#676 = CARTESIAN_POINT ( 'NONE',  ( -0.1695997082977799275, 0.5152581622552605545, 0.03369142300318409000 ) ) ;
#677 = EDGE_LOOP ( 'NONE', ( #2875, #34, #3627, #252 ) ) ;
#678 = ADVANCED_FACE ( 'NONE', ( #3008 ), #1010, .T. ) ;
#679 = CARTESIAN_POINT ( 'NONE',  ( -0.3719075823276998816, -0.6470671009834637610, 0.09362931590574530283 ) ) ;
#680 = CARTESIAN_POINT ( 'NONE',  ( -0.1285231866438515391, 0.8291535579042743631, -0.1623369950117974636 ) ) ;
#681 = CARTESIAN_POINT ( 'NONE',  ( 0.08612201799076722730, -0.2684160051790363544, 0.1266993783055266332 ) ) ;
#682 = CARTESIAN_POINT ( 'NONE',  ( 0.001358294415303802107, -0.3133267867283543451, 0.04460689706923557513 ) ) ;
#683 = ORIENTED_EDGE ( 'NONE', *, *, #570, .T. ) ;
#684 = EDGE_CURVE ( 'NONE', #29, #3231, #3414, .T. ) ;
#685 = CARTESIAN_POINT ( 'NONE',  ( -0.2188266947004063878, 0.8485025227832618810, 0.04528117445045804629 ) ) ;
#686 = CARTESIAN_POINT ( 'NONE',  ( 0.2266937474594608037, 0.8327134675180110079, -0.06189718238746734491 ) ) ;
#687 = CARTESIAN_POINT ( 'NONE',  ( 0.1536640156667118118, 0.8973356414832742711, -0.1557199761667020232 ) ) ;
#688 = CARTESIAN_POINT ( 'NONE',  ( -0.2346850634079361286, 0.8870574431676642169, -0.1294041081921693537 ) ) ;
#689 = CARTESIAN_POINT ( 'NONE',  ( -0.1511737615463011053, -0.5565439823650863982, 0.3087797125663081510 ) ) ;
#690 = CARTESIAN_POINT ( 'NONE',  ( 0.03979766138438418227, 0.8980440390681252438, 0.05526479393446247224 ) ) ;
#691 = CARTESIAN_POINT ( 'NONE',  ( -0.2460338590781225854, -0.4965673250028783126, 0.1878125393430409018 ) ) ;
#692 = CARTESIAN_POINT ( 'NONE',  ( 0.2395732110315939023, 0.8553004017635260636, 0.02978809100114010108 ) ) ;
#693 = CARTESIAN_POINT ( 'NONE',  ( -0.2150708459528236083, 0.8971435101312456029, 0.03094597839915967999 ) ) ;
#694 = CARTESIAN_POINT ( 'NONE',  ( 0.1918264204099414116, 0.8412731638287166414, -0.1559960912880549166 ) ) ;
#695 = CARTESIAN_POINT ( 'NONE',  ( -0.1081822764866241793, 0.7737683227857143908, 0.05811940805185184661 ) ) ;
#696 = CARTESIAN_POINT ( 'NONE',  ( -0.1746166644591048978, -0.5106568048686893624, -0.3376758417422551783 ) ) ;
#697 = CARTESIAN_POINT ( 'NONE',  ( -0.1611988882822040781, 0.7115127280062099047, -0.07576868705308803520 ) ) ;
#698 = CARTESIAN_POINT ( 'NONE',  ( 0.1468617505404393730, 0.6405546280473156662, 0.03019821410736833397 ) ) ;
#699 = CARTESIAN_POINT ( 'NONE',  ( 0.02882162533281020650, -0.3999080358039810434, 0.04903263653336770861 ) ) ;
#700 = ORIENTED_EDGE ( 'NONE', *, *, #3845, .F. ) ;
#701 = CARTESIAN_POINT ( 'NONE',  ( 0.04812300299622732785, 0.8432222057930333081, -0.1753946638385112111 ) ) ;
#702 = CARTESIAN_POINT ( 'NONE',  ( -0.1528720361917525195, 0.8472607117324300052, -0.1689783169357084724 ) ) ;
#703 = CARTESIAN_POINT ( 'NONE',  ( 0.1911174362130268478, -0.2082604419367926618, -0.01097560750679164865 ) ) ;
#704 = CARTESIAN_POINT ( 'NONE',  ( 0.1408240805099094939, 0.8392626072388108538, -0.1669744355875841801 ) ) ;
#705 = ORIENTED_EDGE ( 'NONE', *, *, #4013, .T. ) ;
#706 = CARTESIAN_POINT ( 'NONE',  ( -0.2274562216549608773, 0.8385762388884022700, 0.01139689168603974512 ) ) ;
#707 = CARTESIAN_POINT ( 'NONE',  ( 0.2105810926420807472, 0.8992297217125786446, -0.06170272163320405373 ) ) ;
#708 = CARTESIAN_POINT ( 'NONE',  ( 0.2223266405033023085, 0.8971414228170041527, -0.1207404099532652375 ) ) ;
#709 = CARTESIAN_POINT ( 'NONE',  ( 0.3431950754001537041, -0.5106568049581978741, -0.1267045430149264795 ) ) ;
#710 = CARTESIAN_POINT ( 'NONE',  ( -0.06041438965498252545, 0.8992297217125786446, 0.04241005834561904081 ) ) ;
#711 = CARTESIAN_POINT ( 'NONE',  ( 0.1285865836603319046, -0.4958577829692498162, 0.2683038692547337067 ) ) ;
#712 = CARTESIAN_POINT ( 'NONE',  ( 0.1456615354019155373, 0.8510094547773382478, 0.07539799697159883796 ) ) ;
#713 = CARTESIAN_POINT ( 'NONE',  ( 0.1091403454195521011, 0.7518207226726243420, -0.1541300644088813565 ) ) ;
#714 = CARTESIAN_POINT ( 'NONE',  ( -0.1427757370694910655, 0.8884743436896324065, 0.07523882217101256209 ) ) ;
#715 = CARTESIAN_POINT ( 'NONE',  ( 0.2091864177603350583, 0.8322180967695305132, -0.1310804893862311249 ) ) ;
#716 = CARTESIAN_POINT ( 'NONE',  ( -0.1566346648812143583, 0.5864777564091154805, 0.02364518417143071302 ) ) ;
#717 = AXIS2_PLACEMENT_3D ( 'NONE', #1024, #3819, #3143 ) ;
#718 = CARTESIAN_POINT ( 'NONE',  ( -0.3124912344202706582, -0.4944386985252698929, 0.05648131367690632093 ) ) ;
#719 = CARTESIAN_POINT ( 'NONE',  ( -0.07607155838203609466, 0.7823043669067980543, 0.05570711896100498384 ) ) ;
#720 = CARTESIAN_POINT ( 'NONE',  ( 0.1652670034576887714, 0.5502284555878128591, 0.03045065082997802305 ) ) ;
#721 = CARTESIAN_POINT ( 'NONE',  ( 0.02442739073079300965, -0.3188555868463008869, 0.05013645238457927616 ) ) ;
#722 = DESIGN_CONTEXT ( 'detailed design', #2453, 'design' ) ;
#723 = FACE_OUTER_BOUND ( 'NONE', #4062, .T. ) ;
#724 = CARTESIAN_POINT ( 'NONE',  ( -0.1531509103630178670, 0.6396842243449353260, -0.1088212737521886825 ) ) ;
#725 = TOROIDAL_SURFACE ( 'NONE', #3266, 0.04299778630948304647, 0.005058563095233302442 ) ;
#726 = CARTESIAN_POINT ( 'NONE',  ( 0.08844223955348547161, -0.2084173797424300756, 0.1201741916803893417 ) ) ;
#727 = FACE_OUTER_BOUND ( 'NONE', #4428, .T. ) ;
#728 = ORIENTED_EDGE ( 'NONE', *, *, #2262, .F. ) ;
#729 = CARTESIAN_POINT ( 'NONE',  ( -0.001765444872664906611, -0.08829166804336011087, 0.2427836798925193940 ) ) ;
#730 = CARTESIAN_POINT ( 'NONE',  ( 0.1616340346718251053, 0.8992297217128037978, -0.1279030789278751690 ) ) ;
#731 = CARTESIAN_POINT ( 'NONE',  ( -0.1570189256839154557, -0.6470671013296891427, 0.3224655378615303158 ) ) ;
#732 = DIRECTION ( 'NONE',  ( 1.000000000000000000, 0.000000000000000000, 0.000000000000000000 ) ) ;
#733 = B_SPLINE_CURVE_WITH_KNOTS ( 'NONE', 3,
 ( #2673, #2352, #3406, #3454 ),
 .UNSPECIFIED., .F., .F.,
 ( 4, 4 ),
 ( 0.000000000000000000, 1.000000000000000000 ),
 .UNSPECIFIED. ) ;
#734 = CARTESIAN_POINT ( 'NONE',  ( 0.1920504548059656647, -0.3779926165740569721, 0.08009638616210106032 ) ) ;
#735 = CARTESIAN_POINT ( 'NONE',  ( 0.2255021982138408765, 0.8406955131482007904, 0.02845308736379797629 ) ) ;
#736 = CARTESIAN_POINT ( 'NONE',  ( 0.2249931884389235470, 0.8327134365802032478, 0.02247849311352016072 ) ) ;
#737 = CARTESIAN_POINT ( 'NONE',  ( -0.2261036794689827434, 0.8847733283165580831, 0.05171783509079796309 ) ) ;
#738 = EDGE_CURVE ( 'NONE', #3596, #4204, #2338, .T. ) ;
#739 = CARTESIAN_POINT ( 'NONE',  ( 0.1554930716797484347, 0.8373392208377219426, -0.1641653814409694545 ) ) ;
#740 = CARTESIAN_POINT ( 'NONE',  ( 0.01187180334908088421, -0.06102224330170658018, 0.1411363183552968303 ) ) ;
#741 = CARTESIAN_POINT ( 'NONE',  ( -0.2178928654833247880, -0.5106568048612382116, -0.3113416597002868214 ) ) ;
#742 = FACE_OUTER_BOUND ( 'NONE', #2237, .T. ) ;
#743 = CARTESIAN_POINT ( 'NONE',  ( 0.1680765639143803059, 0.7329699371153848286, -0.02791695905778942763 ) ) ;
#744 = CARTESIAN_POINT ( 'NONE',  ( -0.1180065612135275388, 0.5068672922537854619, 0.1010519783839211455 ) ) ;
#745 = CARTESIAN_POINT ( 'NONE',  ( -0.1390420350969428509, 0.8715825698522696729, -0.1777363157643644109 ) ) ;
#746 = CARTESIAN_POINT ( 'NONE',  ( -0.1623537650145767952, 0.5502276644258919935, -0.1273882201115235924 ) ) ;
#747 = CARTESIAN_POINT ( 'NONE',  ( 0.1696526109256177861, 0.5318786610481739396, 0.03221540840541901179 ) ) ;
#748 = CARTESIAN_POINT ( 'NONE',  ( -0.2071600387940435162, 0.8992297217125786446, -0.08831693959587735843 ) ) ;
#749 = ORIENTED_EDGE ( 'NONE', *, *, #2401, .F. ) ;
#750 = CARTESIAN_POINT ( 'NONE',  ( 0.001358294415303694554, -0.4124613136919615952, 0.05278690985407208380 ) ) ;
#751 = CARTESIAN_POINT ( 'NONE',  ( 0.001420953470371879874, 0.8942519563531892146, -0.1626493518460512266 ) ) ;
#752 = CYLINDRICAL_SURFACE ( 'NONE', #1453, 0.03793922321424975097 ) ;
#753 = ORIENTED_EDGE ( 'NONE', *, *, #367, .T. ) ;
#754 = B_SPLINE_CURVE_WITH_KNOTS ( 'NONE', 3,
 ( #3595, #178, #4267, #1501 ),
 .UNSPECIFIED., .F., .F.,
 ( 4, 4 ),
 ( -3.451358191077674786E-06, -1.947173433776427931E-13 ),
 .UNSPECIFIED. ) ;
#755 = CARTESIAN_POINT ( 'NONE',  ( 0.1646751170550461441, 0.5318801819400442721, -0.1393071766334276484 ) ) ;
#756 = CARTESIAN_POINT ( 'NONE',  ( -0.3352275628366152560, -0.4958577828232518248, 0.008282726471886388275 ) ) ;
#757 = ADVANCED_FACE ( 'NONE', ( #1337 ), #3302, .T. ) ;
#758 = CARTESIAN_POINT ( 'NONE',  ( 0.2227759087787816450, 0.8971496575362274406, 0.02322809718968955536 ) ) ;
#759 = ADVANCED_FACE ( 'NONE', ( #1512 ), #1922, .F. ) ;
#760 = CARTESIAN_POINT ( 'NONE',  ( -0.2399656764584828239, 0.8668823716372578980, 0.03312323769786708338 ) ) ;
#761 = CARTESIAN_POINT ( 'NONE',  ( 0.2182215137884765677, 0.8319470315884536227, -0.1165699752267494171 ) ) ;
#762 = CARTESIAN_POINT ( 'NONE',  ( -0.04786303810539661863, -0.08197233235772527493, 0.1348783722290275433 ) ) ;
#763 = CARTESIAN_POINT ( 'NONE',  ( -0.05503575913907697570, -0.2555833431272963030, 0.1667927915678536765 ) ) ;
#764 = CARTESIAN_POINT ( 'NONE',  ( -0.05297566633661783542, 0.5318801819402161346, 0.1327383190506841448 ) ) ;
#765 = EDGE_CURVE ( 'NONE', #1484, #2023, #3678, .T. ) ;
#766 = CARTESIAN_POINT ( 'NONE',  ( 0.2017763747861920365, 0.8210983579593708059, 0.02969304733560372209 ) ) ;
#767 = CARTESIAN_POINT ( 'NONE',  ( 0.1724423485815890222, 0.5152581622542462547, 0.03369142300265624140 ) ) ;
#768 = DIRECTION ( 'NONE',  ( 0.8726782823924689181, 0.2477474321142669744, 0.4207776435616759070 ) ) ;
#769 = CARTESIAN_POINT ( 'NONE',  ( -0.2253329224037603773, 0.8347838874358133321, -0.09031029325560517573 ) ) ;
#770 = CARTESIAN_POINT ( 'NONE',  ( 0.001421322026237965830, -0.9000000000000002442, 0.3158322104386570017 ) ) ;
#771 = CARTESIAN_POINT ( 'NONE',  ( -0.2364544734044394803, 0.8870506804668139011, -0.1259865406056783210 ) ) ;
#772 = CARTESIAN_POINT ( 'NONE',  ( -0.1975186128768939842, 0.8992297217125786446, -0.06157954596284211796 ) ) ;
#773 = EDGE_CURVE ( 'NONE', #662, #1934, #2605, .T. ) ;
#774 = ORIENTED_EDGE ( 'NONE', *, *, #52, .F. ) ;
#775 = CARTESIAN_POINT ( 'NONE',  ( 0.1997896165330362017, 0.8992297217125786446, -0.008823813342993895234 ) ) ;
#776 = DIRECTION ( 'NONE',  ( 0.000000000000000000, -0.7070584897894486298, 0.7071550692858419307 ) ) ;
#777 = CARTESIAN_POINT ( 'NONE',  ( 0.04813634988412621857, 0.8432296911509699067, 0.07863518973249400412 ) ) ;
#778 = VERTEX_POINT ( 'NONE', #644 ) ;
#779 = CIRCLE ( 'NONE', #4114, 0.3642165428567976648 ) ;
#780 = CARTESIAN_POINT ( 'NONE',  ( 0.3909306803592021984, -0.8747071845238334475, -0.04838433241814063535 ) ) ;
#781 = CARTESIAN_POINT ( 'NONE',  ( -0.3080507893821402554, -0.4951482406802102942, -0.1900602360419342829 ) ) ;
#782 = CARTESIAN_POINT ( 'NONE',  ( 0.2512442763974981896, 0.8744010941925601799, -0.004551431119490089577 ) ) ;
#783 = ORIENTED_EDGE ( 'NONE', *, *, #928, .F. ) ;
#784 = CARTESIAN_POINT ( 'NONE',  ( 0.1449391698465653244, 0.8387116391006345095, -0.1663234285573439164 ) ) ;
#785 = CARTESIAN_POINT ( 'NONE',  ( -0.07669478391119126381, -0.1865388006589418224, 0.1247008542902362238 ) ) ;
#786 = CARTESIAN_POINT ( 'NONE',  ( -0.01210316453672839916, 0.7108084544246520142, 0.08991595280490256858 ) ) ;
#787 = CARTESIAN_POINT ( 'NONE',  ( 0.2001728420742537318, 0.8992297217125786446, -0.07474268741321656029 ) ) ;
#788 = CARTESIAN_POINT ( 'NONE',  ( 0.06806934630992778068, 0.8916418770697283058, -0.1245004614215465266 ) ) ;
#789 = EDGE_CURVE ( 'NONE', #3822, #4090, #2805, .T. ) ;
#790 = CARTESIAN_POINT ( 'NONE',  ( 0.1418846771334085766, 0.8715825698394951138, -0.1777363158766984419 ) ) ;
#791 = B_SPLINE_CURVE_WITH_KNOTS ( 'NONE', 3,
 ( #3706, #587, #3366, #1978, #3027, #4399, #2334, #4103, #4150, #263, #1017, #4173 ),
 .UNSPECIFIED., .F., .F.,
 ( 4, 1, 1, 1, 2, 1, 1, 1, 4 ),
 ( 0.000000000000000000, 0.1000001029919981438, 0.2000002059839975643, 0.3000003089759971098, 0.5000005149599946463, 0.7000003089759968544, 0.8000002059839979029, 0.9000001029919989515, 1.000000000000000000 ),
 .UNSPECIFIED. ) ;
#792 = CARTESIAN_POINT ( 'NONE',  ( -0.1962850514797899737, 0.8048434613819828165, -0.07202831609384743872 ) ) ;
#793 = CARTESIAN_POINT ( 'NONE',  ( 0.1380004822313891100, 0.8992297217125786446, 0.04155470211254268936 ) ) ;
#794 = ADVANCED_FACE ( 'NONE', ( #2102 ), #1716, .T. ) ;
#795 = CARTESIAN_POINT ( 'NONE',  ( -0.2222293086364280357, 0.8971496556961199298, -0.1151656575138985256 ) ) ;
#796 = CARTESIAN_POINT ( 'NONE',  ( -0.1609395387670989053, 0.5320262519962384307, -0.1410730953334926874 ) ) ;
#797 = AXIS2_PLACEMENT_3D ( 'NONE', #3658, #2224, #3571 ) ;
#798 = VERTEX_POINT ( 'NONE', #1850 ) ;
#799 = CC_DESIGN_DATE_AND_TIME_ASSIGNMENT ( #1554, #2925, ( #4348 ) ) ;
#800 = AXIS2_PLACEMENT_3D ( 'NONE', #4373, #3403, #3701 ) ;
#801 = CARTESIAN_POINT ( 'NONE',  ( -0.05566235734614690539, -0.2462909611686082689, 0.1695409191393880133 ) ) ;
#802 = DIRECTION ( 'NONE',  ( 3.703623576021014787E-14, -1.000000000000000000, -4.034362672567670478E-14 ) ) ;
#803 = AXIS2_PLACEMENT_3D ( 'NONE', #2279, #1944, #1208 ) ;
#804 = CARTESIAN_POINT ( 'NONE',  ( -0.1379814384666420979, 0.8392626072508780899, 0.07020577066139058187 ) ) ;
#805 = EDGE_LOOP ( 'NONE', ( #4183, #683, #3528, #1365 ) ) ;
#806 = CARTESIAN_POINT ( 'NONE',  ( -0.1618324767702706002, 0.5318801819403250475, -0.1393071766335772232 ) ) ;
#807 = CARTESIAN_POINT ( 'NONE',  ( -0.2228511749901368189, 0.8325290234402724643, -0.09068429082995722867 ) ) ;
#808 = CARTESIAN_POINT ( 'NONE',  ( 0.2442474373075302629, 0.8735207668930825564, 0.03007599225033623716 ) ) ;
#809 = ORIENTED_EDGE ( 'NONE', *, *, #4312, .T. ) ;
#810 = CARTESIAN_POINT ( 'NONE',  ( 0.2289465058410543041, 0.8847732992872291424, -0.1484865916217148196 ) ) ;
#811 = CARTESIAN_POINT ( 'NONE',  ( -0.05999424802120399691, -0.1054268629028466964, 0.1311082355486050954 ) ) ;
#812 = CARTESIAN_POINT ( 'NONE',  ( 0.001421322026237919643, -0.8747071845238334475, -0.04838433241814063535 ) ) ;
#813 = CARTESIAN_POINT ( 'NONE',  ( -0.1369067661792550128, 0.7006431350619628518, -0.09104810422801942749 ) ) ;
#814 = DIRECTION ( 'NONE',  ( 1.000000000000000000, 0.000000000000000000, -9.445732536921409371E-17 ) ) ;
#815 = CARTESIAN_POINT ( 'NONE',  ( -0.1667933343520900391, 0.5318788909651898100, -0.1290186834442157704 ) ) ;
#816 = CARTESIAN_POINT ( 'NONE',  ( -0.1423614453593685103, 0.8902588745929901348, -0.1686803037271364381 ) ) ;
#817 = CARTESIAN_POINT ( 'NONE',  ( -0.1379814384666446236, 0.8392626072508851953, -0.1669744354976765432 ) ) ;
#818 = ORIENTED_EDGE ( 'NONE', *, *, #4312, .F. ) ;
#819 = CARTESIAN_POINT ( 'NONE',  ( -0.01134718647444687631, -0.4104371409559366968, 0.05206232590704878982 ) ) ;
#820 = CARTESIAN_POINT ( 'NONE',  ( -0.07022530409517255268, 0.8992297217125786446, -0.1302091710824126725 ) ) ;
#821 = EDGE_CURVE ( 'NONE', #3484, #2336, #1336, .T. ) ;
#822 = CARTESIAN_POINT ( 'NONE',  ( 0.06691816833520049246, -0.1132306994286521040, 0.1298288381576710171 ) ) ;
#823 = VERTEX_POINT ( 'NONE', #3601 ) ;
#824 = CARTESIAN_POINT ( 'NONE',  ( -0.1107060426722005220, 0.7108084544276670469, -0.1377838850722304664 ) ) ;
#825 = CARTESIAN_POINT ( 'NONE',  ( -0.2157554190793180282, 0.8319457768413792698, -0.1157940444135321656 ) ) ;
#826 = CARTESIAN_POINT ( 'NONE',  ( 0.2405566420714805309, 0.8735568130960855715, 0.03708228995590364535 ) ) ;
#827 = SHAPE_DEFINITION_REPRESENTATION ( #2853, #1825 ) ;
#828 = ORIENTED_EDGE ( 'NONE', *, *, #1992, .F. ) ;
#829 = CARTESIAN_POINT ( 'NONE',  ( -0.1587913955751546757, 0.8992297217126092868, 0.03113442081953779472 ) ) ;
#830 = CARTESIAN_POINT ( 'NONE',  ( 0.06542432966075409362, -0.2470801261759857370, 0.1424256788226936077 ) ) ;
#831 = CARTESIAN_POINT ( 'NONE',  ( -0.1649302337870062196, -0.4944386985515895616, -0.3217576747150557304 ) ) ;
#832 = CARTESIAN_POINT ( 'NONE',  ( -0.2238510469948963022, 0.8327134367261255221, -0.01295105012082944408 ) ) ;
#833 = CARTESIAN_POINT ( 'NONE',  ( 0.1408240805099094939, 0.8392626072388108538, -0.1669744355875841801 ) ) ;
#834 = CARTESIAN_POINT ( 'NONE',  ( -0.1737238411135290095, 0.7769166090805034175, 0.004043111709258914027 ) ) ;
#835 = CARTESIAN_POINT ( 'NONE',  ( -0.1533011357457396417, 0.5893154523642675224, 0.02983501842984369323 ) ) ;
#836 = CARTESIAN_POINT ( 'NONE',  ( -0.2208522979266991371, 0.8971496439326142047, -0.1181607191080868285 ) ) ;
#837 = CARTESIAN_POINT ( 'NONE',  ( 0.001358294415303849595, -0.003896314204935377376, 0.4076456094562680432 ) ) ;
#838 = ORIENTED_EDGE ( 'NONE', *, *, #183, .F. ) ;
#839 = B_SPLINE_CURVE_WITH_KNOTS ( 'NONE', 3,
 ( #1046, #4422, #679, #2069, #2701, #3461, #1727, #1291, #3119 ),
 .UNSPECIFIED., .F., .F.,
 ( 4, 1, 1, 1, 1, 1, 4 ),
 ( 0.000000000000000000, 0.1521928646810850050, 0.3641446927363896080, 0.5054459114399306729, 0.7880483488470080289, 0.9293495675505492049, 1.000000000000000000 ),
 .UNSPECIFIED. ) ;
#840 = CARTESIAN_POINT ( 'NONE',  ( 0.2417787122479330975, 0.8492829937466372936, -0.08947462322915869515 ) ) ;
#841 = CYLINDRICAL_SURFACE ( 'NONE', #3198, 0.05690883482137456401 ) ;
#842 = CARTESIAN_POINT ( 'NONE',  ( -0.1970280825523882673, 0.8992297217125786446, -0.08912455699617427562 ) ) ;
#843 = VERTEX_POINT ( 'NONE', #780 ) ;
#844 = CARTESIAN_POINT ( 'NONE',  ( 0.1656073228076666848, 0.5502239687445330540, -0.1265704482753208238 ) ) ;
#845 = CARTESIAN_POINT ( 'NONE',  ( -0.2095185775185901544, 0.8320572655397704409, -0.1270874258585108496 ) ) ;
#846 = ADVANCED_FACE ( 'NONE', ( #2504 ), #1216, .T. ) ;
#847 = CARTESIAN_POINT ( 'NONE',  ( 0.1646436113953522185, 0.8789140590033390765, 0.07886537772996216056 ) ) ;
#848 = ORIENTED_EDGE ( 'NONE', *, *, #599, .T. ) ;
#849 = CARTESIAN_POINT ( 'NONE',  ( -0.1970280823051057395, 0.8992297217125786446, -0.007644111436649167653 ) ) ;
#850 = CARTESIAN_POINT ( 'NONE',  ( -0.1716568420304245834, 0.8992297217126524744, 0.02772378293186617687 ) ) ;
#851 = CARTESIAN_POINT ( 'NONE',  ( -0.02438088273655709265, -0.1040547852767473164, 0.1481401403984164422 ) ) ;
#852 = DIRECTION ( 'NONE',  ( 0.000000000000000000, -0.7071550692858414866, -0.7070584897894494070 ) ) ;
#853 = B_SPLINE_SURFACE_WITH_KNOTS ( 'NONE', 3, 3, ( 
 ( #228, #1618, #4385, #1274, #3186, #4159 ),
 ( #4202, #2476, #1773, #2819, #3548, #3165 ),
 ( #2096, #3144, #3885, #1730, #1479, #1796 ),
 ( #2157, #2845, #1115, #53, #2454, #2774 ),
 ( #98, #3862, #3820, #1435, #1093, #1071 ),
 ( #12, #1459, #2072, #1390, #4225, #748 ),
 ( #73, #3842, #2499, #772, #3526, #429 ) ),
 .UNSPECIFIED., .F., .F., .F.,
 ( 4, 1, 1, 1, 4 ),
 ( 4, 2, 4 ),
 ( 0.000000000000000000, 0.2857142857142860315, 0.5714285714285709528, 0.7857142857142859205, 1.000000000000000000 ),
 ( 3.671508430173269666, 3.827985677137589970, 3.984462605802780111 ),
 .UNSPECIFIED. ) ;
#854 = CARTESIAN_POINT ( 'NONE',  ( 0.001421322026237919643, -0.8747071845238334475, -0.04838433241814063535 ) ) ;
#855 = CARTESIAN_POINT ( 'NONE',  ( 0.2182215137884765677, 0.8319470315884536227, -0.1165699752267494171 ) ) ;
#856 = CARTESIAN_POINT ( 'NONE',  ( -0.1566346814297379930, 0.5864777555812109577, 0.02364515000966566083 ) ) ;
#857 = CARTESIAN_POINT ( 'NONE',  ( -0.1125994413423580115, 0.7335966050591929966, 0.05469220001028519268 ) ) ;
#858 = CARTESIAN_POINT ( 'NONE',  ( -0.1937902821168804302, 0.8992297217399026765, -0.1053888844712583400 ) ) ;
#859 = AXIS2_PLACEMENT_3D ( 'NONE', #1504, #4228, #3212 ) ;
#860 = CARTESIAN_POINT ( 'NONE',  ( -0.02634573067210637873, 0.5328282373186522536, -0.2345233110714289304 ) ) ;
#861 = ORIENTED_EDGE ( 'NONE', *, *, #3923, .F. ) ;
#862 = CARTESIAN_POINT ( 'NONE',  ( -0.07840324164488035596, 0.5068152615922270066, -0.01011307504601775646 ) ) ;
#863 = CARTESIAN_POINT ( 'NONE',  ( 0.001358294415303849161, -0.03072156407458698571, 0.4344745234769912812 ) ) ;
#864 = B_SPLINE_SURFACE_WITH_KNOTS ( 'NONE', 3, 3, ( 
 ( #1977, #3365, #1266, #242, #2697, #3046, #2333, #1633, #3026, #3387, #4418, #262, #1308, #967, #2354, #3409, #3746 ),
 ( #629, #2018, #286, #1063, #673, #3767, #2812, #307, #3855, #3479, #4216, #370, #2402, #1765, #3135, #1427, #1403 ),
 ( #1449, #4465, #654, #3500, #25, #2129, #1382, #3790, #1742, #1016, #3092, #2087, #1039, #3158, #2045, #3834, #2064 ),
 ( #696, #741, #45, #3456, #1355, #2740, #4125, #2469, #327, #1722, #2426, #3114, #3434, #2837, #4195, #3519, #347 ),
 ( #1085, #3, #2765, #2445, #718, #2787, #4172, #4149, #3812, #391, #1699, #1787, #1107, #2109, #3177, #65, #1811 ) ),
 .UNSPECIFIED., .F., .T., .F.,
 ( 4, 1, 4 ),
 ( 4, 1, 1, 1, 1, 1, 1, 1, 1, 1, 1, 1, 1, 1, 4 ),
 ( 0.000000000000000000, 0.5714285714285709528, 1.000000000000000000 ),
 ( -4.165732562040370013, -3.716933611527539760, -3.268134661014709952, -2.819335710501879699, -2.370536759989059661, -2.071337459647169865, -1.472938858963400044, -1.173739558621510026, -0.5753409579377449790, -0.2761416575958599573, 0.3222569430879100305, 0.6214562434297949967, 1.219854844113570147, 1.668653794626389963, 2.117452745139220216 ),
 .UNSPECIFIED. ) ;
#865 = AXIS2_PLACEMENT_3D ( 'NONE', #220, #2655, #3003 ) ;
#866 = CARTESIAN_POINT ( 'NONE',  ( -0.09718913742033129244, -0.2082604434756939460, -0.2104355407194326288 ) ) ;
#867 = ORIENTED_EDGE ( 'NONE', *, *, #1517, .F. ) ;
#868 = AXIS2_PLACEMENT_3D ( 'NONE', #4289, #3295, #2546 ) ;
#869 = CARTESIAN_POINT ( 'NONE',  ( 0.1595201680178678638, 0.5864790706392519759, -0.1203898565469844889 ) ) ;
#870 = DIRECTION ( 'NONE',  ( 0.000000000000000000, 1.000000000000000000, 0.000000000000000000 ) ) ;
#871 = CARTESIAN_POINT ( 'NONE',  ( 0.2041700690287150122, 0.8971673236179125155, 0.04491959649088500539 ) ) ;
#872 = PERSON_AND_ORGANIZATION_ROLE ( 'creator' ) ;
#873 = EDGE_CURVE ( 'NONE', #1141, #1026, #3556, .T. ) ;
#874 = VERTEX_POINT ( 'NONE', #439 ) ;
#875 = AXIS2_PLACEMENT_3D ( 'NONE', #1387, #1817, #768 ) ;
#876 = CARTESIAN_POINT ( 'NONE',  ( -0.02676731944214422176, -0.1328550096855330431, 0.1704137547411493647 ) ) ;
#877 = DIRECTION ( 'NONE',  ( 0.000000000000000000, 1.000000000000000000, 0.000000000000000000 ) ) ;
#878 = CIRCLE ( 'NONE', #1630, 0.03793922321424975097 ) ;
#879 = DIRECTION ( 'NONE',  ( 3.748908314793959865E-14, -1.000000000000000000, -4.016111115165780037E-14 ) ) ;
#880 = CARTESIAN_POINT ( 'NONE',  ( -0.08338539058198281284, -0.2684021671128931086, 0.1266455833442594048 ) ) ;
#881 = CARTESIAN_POINT ( 'NONE',  ( -0.2225745288035031744, 0.8326311101627987821, 0.003978146629416533762 ) ) ;
#882 = CARTESIAN_POINT ( 'NONE',  ( -0.1882762732667717653, -0.2082604439619153702, -0.04838433565549498522 ) ) ;
#883 = CARTESIAN_POINT ( 'NONE',  ( -0.1805204601238392381, 0.8341275891793367148, -0.1541618005674411374 ) ) ;
#884 = CARTESIAN_POINT ( 'NONE',  ( 0.001358294415303849595, -0.04055700047331632641, 0.4514656804699737069 ) ) ;
#885 = EDGE_LOOP ( 'NONE', ( #1964, #3838, #611, #3413 ) ) ;
#886 = CARTESIAN_POINT ( 'NONE',  ( -0.03325719646743024310, -0.3003506263812667498, 0.1781360156377432280 ) ) ;
#887 = CARTESIAN_POINT ( 'NONE',  ( -0.1609395269154772212, 0.5320262522971174191, 0.04430445489989641439 ) ) ;
#888 = ORIENTED_EDGE ( 'NONE', *, *, #3546, .F. ) ;
#889 = CARTESIAN_POINT ( 'NONE',  ( 0.1724739525415432129, 0.5068152615972678632, 0.03362550480659234203 ) ) ;
#890 = CARTESIAN_POINT ( 'NONE',  ( 0.2355582732321238604, 0.8479439254039401463, -0.1195843935092837512 ) ) ;
#891 = CARTESIAN_POINT ( 'NONE',  ( 0.1656073197453414025, 0.5502239687585476213, -0.1265704543835439455 ) ) ;
#892 = CARTESIAN_POINT ( 'NONE',  ( 0.1982228986285954897, 0.8992297217887529337, 0.02417049659380362397 ) ) ;
#893 = CARTESIAN_POINT ( 'NONE',  ( 0.001358294415303844390, 0.02292893566471747302, 0.3808166954355436395 ) ) ;
#894 = EDGE_CURVE ( 'NONE', #1878, #3283, #8, .T. ) ;
#895 = CARTESIAN_POINT ( 'NONE',  ( -0.05599676890962872883, -0.2265209507665779387, 0.1612305639286717995 ) ) ;
#896 = CARTESIAN_POINT ( 'NONE',  ( 0.09495836569512340619, 0.8414413669231660675, -0.1724652101389728964 ) ) ;
#897 = CARTESIAN_POINT ( 'NONE',  ( 0.05774834392093879110, -0.2555767900184977570, 0.1668410722580770111 ) ) ;
#898 = EDGE_CURVE ( 'NONE', #4090, #3661, #1775, .T. ) ;
#899 = CARTESIAN_POINT ( 'NONE',  ( -0.2010588195095541209, -0.6470671012587331239, -0.3811294789080672540 ) ) ;
#900 = CARTESIAN_POINT ( 'NONE',  ( -0.1536730159769702786, 0.6396439637638398068, 0.01073106047039318334 ) ) ;
#901 = FACE_OUTER_BOUND ( 'NONE', #3444, .T. ) ;
#902 = CARTESIAN_POINT ( 'NONE',  ( 0.1651368643927281221, 0.5502254708244477266, 0.03077444660023832476 ) ) ;
#903 = EDGE_CURVE ( 'NONE', #3863, #3822, #2586, .T. ) ;
#904 = ORIENTED_EDGE ( 'NONE', *, *, #1652, .T. ) ;
#905 = CARTESIAN_POINT ( 'NONE',  ( 0.06228588603972674137, 0.8992888968583588882, -0.1377384000409290765 ) ) ;
#906 = CARTESIAN_POINT ( 'NONE',  ( -0.08565101925417113737, -0.2084160434199180123, 0.1201477167480304725 ) ) ;
#907 = DIRECTION ( 'NONE',  ( -5.839839981541048212E-17, -0.7071550692858409315, -0.7070584897894498511 ) ) ;
#908 = EDGE_CURVE ( 'NONE', #1161, #431, #3405, .T. ) ;
#909 = CARTESIAN_POINT ( 'NONE',  ( -0.08945271612787987492, -0.3626793446002144483, -0.2385249582632752441 ) ) ;
#910 = CARTESIAN_POINT ( 'NONE',  ( -0.1971474071314084642, 0.8992297217125786446, -0.003155561568101094248 ) ) ;
#911 = EDGE_LOOP ( 'NONE', ( #443, #3353, #2168, #1855 ) ) ;
#912 = CARTESIAN_POINT ( 'NONE',  ( 0.1529597600307327221, 0.7417860728307076323, -0.1241499973237082805 ) ) ;
#913 = CARTESIAN_POINT ( 'NONE',  ( 0.2338555070669693925, 0.8479377334742626005, -0.1232642484104417846 ) ) ;
#914 = CARTESIAN_POINT ( 'NONE',  ( -0.2364028125166125482, 0.8553028338326060798, -0.1272220877716811471 ) ) ;
#915 = CARTESIAN_POINT ( 'NONE',  ( 0.2058850369333082020, 0.8992297217921063623, 0.01296078656898953622 ) ) ;
#916 = ORIENTED_EDGE ( 'NONE', *, *, #483, .T. ) ;
#917 = B_SPLINE_CURVE_WITH_KNOTS ( 'NONE', 3,
 ( #3264, #3589, #1495, #470 ),
 .UNSPECIFIED., .F., .F.,
 ( 4, 4 ),
 ( 0.000000000000000000, 1.000000000000000000 ),
 .UNSPECIFIED. ) ;
#918 = CARTESIAN_POINT ( 'NONE',  ( -0.03907895279698356261, -0.1493268118967375213, 0.2046428124399695403 ) ) ;
#919 = CARTESIAN_POINT ( 'NONE',  ( 0.2227442384561245103, 0.8320063604836025473, 0.009207114236080586253 ) ) ;
#920 = CARTESIAN_POINT ( 'NONE',  ( 0.1952760545332940523, 0.8992297217916814800, 0.01113231566998320113 ) ) ;
#921 = FACE_OUTER_BOUND ( 'NONE', #3145, .T. ) ;
#922 = CARTESIAN_POINT ( 'NONE',  ( -0.1440797195330822122, 0.7181241478594412309, 0.02691759494274753237 ) ) ;
#923 = CARTESIAN_POINT ( 'NONE',  ( -0.08568892052945090154, -0.2082604411230853103, 0.1201202093135755877 ) ) ;
#924 = CARTESIAN_POINT ( 'NONE',  ( -0.2019759330047768975, 0.8992297217398450560, -0.1118038597981613202 ) ) ;
#925 = CARTESIAN_POINT ( 'NONE',  ( 0.1325782109055055891, 0.6863670139333436504, 0.04305579237962210704 ) ) ;
#926 = ORIENTED_EDGE ( 'NONE', *, *, #3297, .T. ) ;
#927 = CARTESIAN_POINT ( 'NONE',  ( 0.03854813582399893579, 0.8973147487683732493, -0.1488882198909494692 ) ) ;
#928 = EDGE_CURVE ( 'NONE', #1956, #843, #3338, .T. ) ;
#929 = CARTESIAN_POINT ( 'NONE',  ( -0.08033160971683954432, -0.2286425153799561960, 0.1229221081030532070 ) ) ;
#930 = CARTESIAN_POINT ( 'NONE',  ( 0.05683119386995388878, -0.2659185888979708756, 0.1660400974084829118 ) ) ;
#931 = CARTESIAN_POINT ( 'NONE',  ( 0.1911174362130264870, -0.2545787093998040929, -0.06738998064994024262 ) ) ;
#932 = CARTESIAN_POINT ( 'NONE',  ( -0.02674679962967974056, 0.5242508517382413746, -0.2368382464005576726 ) ) ;
#933 = CARTESIAN_POINT ( 'NONE',  ( -0.1926038503592347739, 0.8992297217126956621, 0.01084524489725678317 ) ) ;
#934 = VERTEX_POINT ( 'NONE', #2595 ) ;
#935 = PRODUCT_RELATED_PRODUCT_CATEGORY ( 'detail', '', ( #490 ) ) ;
#936 = CARTESIAN_POINT ( 'NONE',  ( 0.2225654608103910248, 0.8303922764677937884, -0.1111266796944331003 ) ) ;
#937 = CARTESIAN_POINT ( 'NONE',  ( 0.2435561235614719655, 0.8668769220247238838, -0.1284020304016839364 ) ) ;
#938 = CARTESIAN_POINT ( 'NONE',  ( -0.2351398232615780348, 0.8553214691260281333, -0.1296480001455771192 ) ) ;
#939 = CARTESIAN_POINT ( 'NONE',  ( 0.2101289554388301728, 0.8992297217193161440, -0.001592305010161624602 ) ) ;
#940 = LOCAL_TIME ( 16, 14, 55.00000000000000000, #4301 ) ;
#941 = CARTESIAN_POINT ( 'NONE',  ( -0.01912401575994570474, -0.1094741437952616581, 0.2264078718551533198 ) ) ;
#942 = CARTESIAN_POINT ( 'NONE',  ( -0.1808216468232192453, 0.5237423541567626240, 0.007794743933841277554 ) ) ;
#943 = CARTESIAN_POINT ( 'NONE',  ( 0.1850027498105378532, 0.8992297217800230280, 0.02226030481300090430 ) ) ;
#944 = CARTESIAN_POINT ( 'NONE',  ( -0.1125992106801904646, 0.7335965361489622527, -0.1514612632619045662 ) ) ;
#945 = CARTESIAN_POINT ( 'NONE',  ( -0.1537031251720352987, 0.5866233103311642161, 0.02952726509895639562 ) ) ;
#946 = CARTESIAN_POINT ( 'NONE',  ( 0.1774434571661836213, -0.5106568049295580058, 0.2408568011907232520 ) ) ;
#947 = CARTESIAN_POINT ( 'NONE',  ( -0.1341555178857193331, 0.8992297217125786446, -0.1281527967845524918 ) ) ;
#948 = CARTESIAN_POINT ( 'NONE',  ( 0.1651302368331195591, 0.5502249308062470146, 0.03079350194168390537 ) ) ;
#949 = ORIENTED_EDGE ( 'NONE', *, *, #3213, .T. ) ;
#950 = CARTESIAN_POINT ( 'NONE',  ( 0.01497926975945142528, -0.3352911815043577159, 0.1678612480083942204 ) ) ;
#951 = CARTESIAN_POINT ( 'NONE',  ( -0.08569208653913526486, -0.2082604434142603100, 0.1201264115389192727 ) ) ;
#952 = CARTESIAN_POINT ( 'NONE',  ( -0.1537815727308162184, 0.5865965442196937607, -0.1261557351829059870 ) ) ;
#953 = CARTESIAN_POINT ( 'NONE',  ( -0.1696388530119972982, 0.5152576325828712722, -0.1303784414587057516 ) ) ;
#954 = EDGE_CURVE ( 'NONE', #2292, #3460, #2522, .T. ) ;
#955 = CARTESIAN_POINT ( 'NONE',  ( 0.1714527371972017489, 0.5237005116830540929, -0.1300666913989644013 ) ) ;
#956 = ORIENTED_EDGE ( 'NONE', *, *, #3267, .F. ) ;
#957 = CARTESIAN_POINT ( 'NONE',  ( 0.2297706889922754292, 0.8971556832768838863, -0.06193416144460972550 ) ) ;
#958 = CARTESIAN_POINT ( 'NONE',  ( 0.2452399174168086171, 0.8845381558797217325, -0.1236684235681063532 ) ) ;
#959 = CARTESIAN_POINT ( 'NONE',  ( -0.2249709574859409256, 0.8406547825248495975, -0.1208130054162076805 ) ) ;
#960 = B_SPLINE_CURVE_WITH_KNOTS ( 'NONE', 3,
 ( #3463, #1729, #3524, #2475, #1434, #3861, #334 ),
 .UNSPECIFIED., .F., .F.,
 ( 4, 1, 1, 1, 4 ),
 ( 0.000000000000000000, 0.2142857142857140795, 0.4285714285714290472, 0.7142857142857139685, 1.000000000000000000 ),
 .UNSPECIFIED. ) ;
#961 = CARTESIAN_POINT ( 'NONE',  ( 0.2100743646419578892, 0.8992297217125786446, -0.007029443990514892132 ) ) ;
#962 = CARTESIAN_POINT ( 'NONE',  ( 0.1602360000379955685, 0.6809900151685490677, -0.008996709793950372763 ) ) ;
#963 = CARTESIAN_POINT ( 'NONE',  ( -0.1696388530120074012, 0.5152576325828712722, 0.03360977662239704455 ) ) ;
#964 = CARTESIAN_POINT ( 'NONE',  ( 0.06455194923136310658, -0.2451870779745051743, 0.1402319394325342583 ) ) ;
#965 = CARTESIAN_POINT ( 'NONE',  ( 0.001358294415303849595, -0.003896314204935377376, 0.4076456094562680432 ) ) ;
#966 = CARTESIAN_POINT ( 'NONE',  ( -0.3880880363067263916, -0.8747071845238334475, -0.04838433241814059371 ) ) ;
#967 = CARTESIAN_POINT ( 'NONE',  ( 0.1599172936585942228, -0.6470671018403311159, -0.4243229712907433671 ) ) ;
#968 = CARTESIAN_POINT ( 'NONE',  ( 0.1724814932957596525, 0.5152576325818551961, -0.1303784414582760953 ) ) ;
#969 = CARTESIAN_POINT ( 'NONE',  ( 0.1310229802223580320, 0.6865252246545415771, 0.04466844676187784607 ) ) ;
#970 = B_SPLINE_CURVE_WITH_KNOTS ( 'NONE', 3,
 ( #1544, #2892, #2980, #3951, #3573 ),
 .UNSPECIFIED., .F., .F.,
 ( 4, 1, 4 ),
 ( 0.000000000000000000, 0.5714285714285710638, 1.000000000000000000 ),
 .UNSPECIFIED. ) ;
#971 = AXIS2_PLACEMENT_3D ( 'NONE', #965, #4462, #3432 ) ;
#972 = ORIENTED_EDGE ( 'NONE', *, *, #765, .T. ) ;
#973 = CARTESIAN_POINT ( 'NONE',  ( -0.06063713635239804944, -0.2856031142361710740, 0.1442146989756120656 ) ) ;
#974 = CARTESIAN_POINT ( 'NONE',  ( -0.2230074996805987142, 0.8326132098626963796, -0.007874361113864126321 ) ) ;
#975 = CARTESIAN_POINT ( 'NONE',  ( -0.1414877547699049110, 0.6406946585020092400, -0.1311943798284718465 ) ) ;
#976 = CARTESIAN_POINT ( 'NONE',  ( 0.001358294415303849595, -0.0003191256688379571506, 0.4112223094388880451 ) ) ;
#977 = CARTESIAN_POINT ( 'NONE',  ( 0.1187573404350575901, 0.5322445697892002059, -0.1952348939920969528 ) ) ;
#978 = EDGE_LOOP ( 'NONE', ( #186, #455, #1911, #2007, #3605, #1642 ) ) ;
#979 = CARTESIAN_POINT ( 'NONE',  ( 0.2507895350441669557, 0.8851899698889055257, -0.06218762002609547895 ) ) ;
#980 = CARTESIAN_POINT ( 'NONE',  ( 0.1979660204136060309, 0.8992297217131419718, -0.1213014311174242937 ) ) ;
#981 = CARTESIAN_POINT ( 'NONE',  ( -0.2330059668937177197, 0.8418640594944269973, -0.08925857383045009141 ) ) ;
#982 = CARTESIAN_POINT ( 'NONE',  ( 0.1676782591814795498, -0.5106568049278670252, 0.2603225067499146950 ) ) ;
#983 = DIRECTION ( 'NONE',  ( -3.721008126035991382E-18, -0.7070584897894490739, 0.7071550692858415976 ) ) ;
#984 = EDGE_CURVE ( 'NONE', #3283, #3584, #1797, .T. ) ;
#985 = CARTESIAN_POINT ( 'NONE',  ( 0.1640414717479553586, 0.7115126524273642783, -0.02100025156002300469 ) ) ;
#986 = CARTESIAN_POINT ( 'NONE',  ( -0.1818525040162711492, 0.5067880059981221263, -0.1049037273734887699 ) ) ;
#987 = CARTESIAN_POINT ( 'NONE',  ( 0.07306794801596944167, 0.8992297217125786446, 0.03344050629887366372 ) ) ;
#988 = CARTESIAN_POINT ( 'NONE',  ( -0.1686100968940380529, 0.5237005116891029211, -0.1300666914367668570 ) ) ;
#989 = DIRECTION ( 'NONE',  ( 1.224646799147353207E-16, 0.7070584897894488519, -0.7071550692858419307 ) ) ;
#990 = CARTESIAN_POINT ( 'NONE',  ( -0.1844116315021731289, -0.2082604468284399435, 0.01036741819394172183 ) ) ;
#991 = CARTESIAN_POINT ( 'NONE',  ( -0.04695992775739445818, 0.8916476800873638364, 0.04372636234810483441 ) ) ;
#992 = CARTESIAN_POINT ( 'NONE',  ( 0.1343566812533039667, 0.6861787387228267532, 0.04114305488020954249 ) ) ;
#993 = AXIS2_PLACEMENT_3D ( 'NONE', #2299, #2324, #2277 ) ;
#994 = EDGE_LOOP ( 'NONE', ( #289, #230, #1099, #1067 ) ) ;
#995 = CARTESIAN_POINT ( 'NONE',  ( 0.08510884542685052956, -0.2852408558551335349, 0.1301909758829905561 ) ) ;
#996 = CARTESIAN_POINT ( 'NONE',  ( -0.1107306866107072851, 0.7728732574886375550, -0.1538538168075246626 ) ) ;
#997 = CARTESIAN_POINT ( 'NONE',  ( -0.1973301993797755283, 0.8992297217125786446, -0.02202597736403298298 ) ) ;
#998 = CARTESIAN_POINT ( 'NONE',  ( 0.02985082514928204950, 0.5064642258206767389, -0.2381047620460008674 ) ) ;
#999 = B_SPLINE_CURVE_WITH_KNOTS ( 'NONE', 3,
 ( #3757, #4115, #3866, #56, #1800, #2502, #3888, #3168, #2823, #435, #2140, #1826, #1482 ),
 .UNSPECIFIED., .F., .F.,
 ( 4, 3, 3, 3, 4 ),
 ( 6.458626222814042493E-20, 1.005424901734180877E-05, 2.260885657880383628E-05, 4.285794024283989855E-05, 5.716955310761169420E-05 ),
 .UNSPECIFIED. ) ;
#1000 = ORIENTED_EDGE ( 'NONE', *, *, #2821, .T. ) ;
#1001 = CARTESIAN_POINT ( 'NONE',  ( 0.2264143205438538531, 0.8326795344626621853, -0.02138969030804160898 ) ) ;
#1002 = CARTESIAN_POINT ( 'NONE',  ( 0.2058588134616652354, 0.8992297217131961506, -0.1097842340601174055 ) ) ;
#1003 = CARTESIAN_POINT ( 'NONE',  ( -0.2409591053211935507, 0.8735216015469012829, -0.1277749189423763310 ) ) ;
#1004 = AXIS2_PLACEMENT_3D ( 'NONE', #2959, #3906, #4332 ) ;
#1005 = CARTESIAN_POINT ( 'NONE',  ( -0.03662562656628936403, -0.5565439824181305228, -0.4343968673743002773 ) ) ;
#1006 = B_SPLINE_CURVE_WITH_KNOTS ( 'NONE', 3,
 ( #4482, #4145, #2783, #3830, #670, #2146, #713, #344, #2061, #1806, #1034 ),
 .UNSPECIFIED., .F., .F.,
 ( 4, 1, 1, 1, 1, 1, 1, 1, 4 ),
 ( 0.000000000000000000, 0.1585664829699985623, 0.3171329659400036749, 0.3964162074250031087, 0.4756994489100024870, 0.6342659318800074608, 0.7928324148500074386, 0.9513988978200093038, 1.000000000000000000 ),
 .UNSPECIFIED. ) ;
#1007 = CARTESIAN_POINT ( 'NONE',  ( 0.2177915070578083645, 0.8319498512990518568, 0.02066309045274141581 ) ) ;
#1008 = CARTESIAN_POINT ( 'NONE',  ( 0.05774834392386190424, -0.2555767900212092547, 0.1668410722249632772 ) ) ;
#1009 = CARTESIAN_POINT ( 'NONE',  ( 0.2280798403993403445, 0.8406539721934228604, 0.02348991555371970907 ) ) ;
#1010 = TOROIDAL_SURFACE ( 'NONE', #1962, 0.3642165428567976648, 0.02529281547616648099 ) ;
#1011 = CARTESIAN_POINT ( 'NONE',  ( 0.1879538662314482189, 0.5318786610462613584, -0.07616920543856620096 ) ) ;
#1012 = CIRCLE ( 'NONE', #1378, 0.1087591065475158325 ) ;
#1013 = VECTOR ( 'NONE', #2878, 1000.000000000000000 ) ;
#1014 = CARTESIAN_POINT ( 'NONE',  ( -0.1666932046661176170, 0.5318801819489651361, -0.1292261950549498661 ) ) ;
#1015 = CARTESIAN_POINT ( 'NONE',  ( -0.1268029851724330470, 0.8304144659244605542, 0.06625078310622722899 ) ) ;
#1016 = CARTESIAN_POINT ( 'NONE',  ( 0.3052948877229300084, -0.5565439825765340354, 0.1934896201709545849 ) ) ;
#1017 = CARTESIAN_POINT ( 'NONE',  ( 0.1663305263264037714, 0.5067578432081013551, 0.04643920202499295796 ) ) ;
#1018 = CARTESIAN_POINT ( 'NONE',  ( 0.1651618925145556249, 0.5502270842152022778, 0.03070534733707721078 ) ) ;
#1019 = B_SPLINE_CURVE_WITH_KNOTS ( 'NONE', 3,
 ( #4158, #401, #11, #1793, #355, #32, #4472, #2433, #71, #1389, #1887, #176 ),
 .UNSPECIFIED., .F., .F.,
 ( 4, 1, 1, 1, 2, 1, 1, 1, 4 ),
 ( 0.000000000000000000, 0.1000001029909876604, 0.2000002059819754596, 0.3000003089729632588, 0.5000005149549374694, 0.7000003089729627259, 0.8000002059819747435, 0.9000001029909874273, 1.000000000000000000 ),
 .UNSPECIFIED. ) ;
#1020 = CARTESIAN_POINT ( 'NONE',  ( -0.1935602195436521289, 0.8992297217398919074, -0.1058543833896559566 ) ) ;
#1021 = ORIENTED_EDGE ( 'NONE', *, *, #4287, .F. ) ;
#1022 = DIRECTION ( 'NONE',  ( 0.000000000000000000, -1.000000000000000000, -2.220446049250309876E-16 ) ) ;
#1023 = CARTESIAN_POINT ( 'NONE',  ( -0.1308972008063786219, 0.8276027645500768637, -0.1613824141284449787 ) ) ;
#1024 = CARTESIAN_POINT ( 'NONE',  ( 0.001358294415303849595, -0.003896314204935377376, 0.4076456094562680432 ) ) ;
#1025 = CARTESIAN_POINT ( 'NONE',  ( -0.1107779266594515616, 0.7108084544276624950, 0.04115991504475201290 ) ) ;
#1026 = VERTEX_POINT ( 'NONE', #3959 ) ;
#1027 = CARTESIAN_POINT ( 'NONE',  ( 0.1997896165330318441, 0.8992297217125786446, -0.08794485149328445939 ) ) ;
#1028 = CARTESIAN_POINT ( 'NONE',  ( 0.2239649948437581473, 0.8971412717119199298, -0.1174881710498142939 ) ) ;
#1029 = CARTESIAN_POINT ( 'NONE',  ( -0.2208222890473136579, 0.8971496480381152550, -0.1182232859195304353 ) ) ;
#1030 = CARTESIAN_POINT ( 'NONE',  ( 0.3050514612122676161, -0.6141296674805841738, -0.3137882863364541697 ) ) ;
#1031 = CARTESIAN_POINT ( 'NONE',  ( -0.03695395108621905844, 0.8980440334810313452, 0.05526537608819005742 ) ) ;
#1032 = CARTESIAN_POINT ( 'NONE',  ( -0.07050068033861910111, -0.4944386986036770071, 0.2834625807044671153 ) ) ;
#1033 = CARTESIAN_POINT ( 'NONE',  ( 0.2162456071761676424, 0.8568239617063198033, 0.05911036156847236656 ) ) ;
#1034 = CARTESIAN_POINT ( 'NONE',  ( 0.1408240805099094939, 0.8392626072388108538, -0.1669744355875841801 ) ) ;
#1035 = CARTESIAN_POINT ( 'NONE',  ( -0.1542246875989649324, 0.8879040097673406295, 0.07622268534060953893 ) ) ;
#1036 = ADVANCED_FACE ( 'NONE', ( #597 ), #3973, .F. ) ;
#1037 = CARTESIAN_POINT ( 'NONE',  ( 0.2254883885659248743, 0.8384776000756876124, -0.1196017235025167019 ) ) ;
#1038 = DIRECTION ( 'NONE',  ( 0.000000000000000000, 0.000000000000000000, -1.000000000000000000 ) ) ;
#1039 = CARTESIAN_POINT ( 'NONE',  ( 0.2938436360670418357, -0.5565439825712305000, -0.3039923005299056125 ) ) ;
#1040 = FACE_OUTER_BOUND ( 'NONE', #2575, .T. ) ;
#1041 = EDGE_CURVE ( 'NONE', #2412, #2292, #410, .T. ) ;
#1042 = CARTESIAN_POINT ( 'NONE',  ( 0.1696359746389449197, 0.5318788909551844801, 0.03225001860915645974 ) ) ;
#1043 = CARTESIAN_POINT ( 'NONE',  ( -0.1172967705084585061, 0.5239779722451330946, 0.1001172278193944581 ) ) ;
#1044 = ORIENTED_EDGE ( 'NONE', *, *, #2180, .T. ) ;
#1045 = ADVANCED_FACE ( 'NONE', ( #1318 ), #4298, .T. ) ;
#1046 = CARTESIAN_POINT ( 'NONE',  ( -0.3880753753441597564, -0.6470671009574140431, -0.04839276817788812357 ) ) ;
#1047 = CARTESIAN_POINT ( 'NONE',  ( -0.1081820265693114874, 0.7736849029940596756, -0.1548802981130880663 ) ) ;
#1048 = CARTESIAN_POINT ( 'NONE',  ( -0.2071600387940435162, 0.8992297217125786446, -0.08831693959587735843 ) ) ;
#1049 = CARTESIAN_POINT ( 'NONE',  ( 0.1369981599629852831, 0.8992297217125786446, -0.1281527968897775704 ) ) ;
#1050 = ORIENTED_EDGE ( 'NONE', *, *, #2409, .T. ) ;
#1051 = CARTESIAN_POINT ( 'NONE',  ( -0.2149349435904312489, 0.8682752409008679395, 0.06241952388746133812 ) ) ;
#1052 = EDGE_CURVE ( 'NONE', #2750, #2386, #1576, .T. ) ;
#1053 = CARTESIAN_POINT ( 'NONE',  ( 0.2358486093281920715, 0.8418640592620576513, -0.08925857418873631155 ) ) ;
#1054 = CARTESIAN_POINT ( 'NONE',  ( 0.2126707532820450997, 0.8971477410422327159, -0.1341987438763491136 ) ) ;
#1055 = CARTESIAN_POINT ( 'NONE',  ( 0.3463682018686922159, -0.5106568049587568714, 0.01410176814178742619 ) ) ;
#1056 = CARTESIAN_POINT ( 'NONE',  ( 0.2185826126955952020, 0.8319459266332499547, 0.01905586741450530572 ) ) ;
#1057 = CARTESIAN_POINT ( 'NONE',  ( -0.2735627215279410329, -0.4640297491855625567, -0.1742712070743518693 ) ) ;
#1058 = CARTESIAN_POINT ( 'NONE',  ( 0.2164210187398258323, 0.8319682719921719372, 0.02324851154038209619 ) ) ;
#1059 = FACE_OUTER_BOUND ( 'NONE', #2871, .T. ) ;
#1060 = CARTESIAN_POINT ( 'NONE',  ( -0.2377393264182054711, 0.8845513085550120724, 0.03621659441984548949 ) ) ;
#1061 = CARTESIAN_POINT ( 'NONE',  ( 0.2200276874821629758, 0.8386353681761223866, -0.1291703744762725536 ) ) ;
#1062 = CARTESIAN_POINT ( 'NONE',  ( -0.1547185017546116592, 0.6394756278623189294, 0.008111565013774720348 ) ) ;
#1063 = CARTESIAN_POINT ( 'NONE',  ( -0.3981854389540793737, -0.6141296666464353127, -0.09925958100699273923 ) ) ;
#1064 = CARTESIAN_POINT ( 'NONE',  ( -0.01534247975568885612, 0.8432145749471410268, 0.07863426026337730357 ) ) ;
#1065 = CARTESIAN_POINT ( 'NONE',  ( 0.1456102441329268082, 0.6406275661352472950, 0.03231755674074318629 ) ) ;
#1066 = CARTESIAN_POINT ( 'NONE',  ( 0.03286468766830686478, -0.3329045791427112655, 0.04781151506490508712 ) ) ;
#1067 = ORIENTED_EDGE ( 'NONE', *, *, #4458, .F. ) ;
#1068 = CARTESIAN_POINT ( 'NONE',  ( 0.09534267898857393120, 0.8738957251126339143, -0.1792800262464060712 ) ) ;
#1069 = CARTESIAN_POINT ( 'NONE',  ( -0.1667127102397943372, 0.5318799411048727999, -0.1291858627677457683 ) ) ;
#1070 = CARTESIAN_POINT ( 'NONE',  ( 0.08843955881823407916, -0.2085743130366004561, 0.1201757072901094292 ) ) ;
#1071 = CARTESIAN_POINT ( 'NONE',  ( -0.2263948053424411910, 0.8971524671682911123, -0.08901771205822033017 ) ) ;
#1072 = ORIENTED_EDGE ( 'NONE', *, *, #3693, .T. ) ;
#1073 = EDGE_CURVE ( 'NONE', #2231, #1248, #3234, .T. ) ;
#1074 = CARTESIAN_POINT ( 'NONE',  ( -0.01652668633569173359, -0.09656862277496894298, 0.2382846160145696279 ) ) ;
#1075 = CARTESIAN_POINT ( 'NONE',  ( 0.2279311125336391797, 0.8971427108545492191, -0.1074565012988048102 ) ) ;
#1076 = CARTESIAN_POINT ( 'NONE',  ( 0.1599172936585942228, -0.6470671018403311159, -0.4243229712907433671 ) ) ;
#1077 = ORIENTED_EDGE ( 'NONE', *, *, #3213, .F. ) ;
#1078 = CARTESIAN_POINT ( 'NONE',  ( -0.03770849324005596387, 0.8977482189810760405, 0.05704755312944958384 ) ) ;
#1079 = CARTESIAN_POINT ( 'NONE',  ( 0.1141285657315375540, -0.4640297493191234968, 0.2322980515411903757 ) ) ;
#1080 = CARTESIAN_POINT ( 'NONE',  ( 0.2133677405915781478, 0.8320510990002504270, 0.02829831831237049691 ) ) ;
#1081 = APPLICATION_PROTOCOL_DEFINITION ( 'international standard', 'config_control_design', 1994, #1755 ) ;
#1082 = CARTESIAN_POINT ( 'NONE',  ( -0.2363625659037098259, 0.8669600505154538839, 0.03941938822366823636 ) ) ;
#1083 = CARTESIAN_POINT ( 'NONE',  ( 0.2227441850625247188, 0.8320063451714794223, -0.1059762057860762774 ) ) ;
#1084 = CARTESIAN_POINT ( 'NONE',  ( -0.06471751678431686416, -0.1899416281842965237, 0.1339806446524801908 ) ) ;
#1085 = CARTESIAN_POINT ( 'NONE',  ( -0.1649302339234205161, -0.4944386985515868416, -0.3217576746320442438 ) ) ;
#1086 = CARTESIAN_POINT ( 'NONE',  ( -0.04895787514851034083, 0.8432145749580094440, 0.07802512449496680491 ) ) ;
#1087 = CARTESIAN_POINT ( 'NONE',  ( 0.1653978295279198985, 0.5502306303988077074, 0.03016801041473552922 ) ) ;
#1088 = CARTESIAN_POINT ( 'NONE',  ( -0.1483293333540011416, 0.5153798029364791145, 0.07067390405227265415 ) ) ;
#1089 = CIRCLE ( 'NONE', #1816, 0.005058563095233299840 ) ;
#1090 = CARTESIAN_POINT ( 'NONE',  ( -0.02800828368578341804, -0.3173497907576827148, 0.04863045061420980669 ) ) ;
#1091 = CARTESIAN_POINT ( 'NONE',  ( -0.1989328604304076709, 0.8210988529224365617, -0.1264609704370386334 ) ) ;
#1092 = CARTESIAN_POINT ( 'NONE',  ( 0.08808438939005878987, -0.2288278075511358256, 0.1203832886130803831 ) ) ;
#1093 = CARTESIAN_POINT ( 'NONE',  ( -0.2267526860351149753, 0.8971546242458201537, -0.07545409045805212545 ) ) ;
#1094 = EDGE_LOOP ( 'NONE', ( #3930, #563, #3640, #4250, #4401 ) ) ;
#1095 = CARTESIAN_POINT ( 'NONE',  ( -0.2286221099888242347, 0.8479750236534514540, 0.03109221849500788670 ) ) ;
#1096 = CARTESIAN_POINT ( 'NONE',  ( -0.004446839325052894497, -0.4121163122444136406, 0.05265567826987115063 ) ) ;
#1097 = FACE_OUTER_BOUND ( 'NONE', #1589, .T. ) ;
#1098 = CARTESIAN_POINT ( 'NONE',  ( -0.02646792498144977246, -0.05651347810905982261, 0.1393885095868718782 ) ) ;
#1099 = ORIENTED_EDGE ( 'NONE', *, *, #3874, .F. ) ;
#1100 = CARTESIAN_POINT ( 'NONE',  ( 0.07857075066682667197, 0.7108084544223174372, -0.1670868866046413825 ) ) ;
#1101 = EDGE_CURVE ( 'NONE', #488, #2686, #576, .T. ) ;
#1102 = CARTESIAN_POINT ( 'NONE',  ( -0.2199132141286712638, -0.4951482407080077253, -0.2892540483509197236 ) ) ;
#1103 = CARTESIAN_POINT ( 'NONE',  ( 0.2477732778002586234, 0.8565828586784343113, -0.004758549690025988543 ) ) ;
#1104 = CARTESIAN_POINT ( 'NONE',  ( -0.2428219614707688434, 0.8668823598677871667, 0.02707878043246742666 ) ) ;
#1105 = CARTESIAN_POINT ( 'NONE',  ( 0.2166789256733819280, 0.8319636952811472197, -0.1195496280490138397 ) ) ;
#1106 = CARTESIAN_POINT ( 'NONE',  ( -0.03797732518920898803, -0.06814024668328454160, 0.1372813497348586431 ) ) ;
#1107 = CARTESIAN_POINT ( 'NONE',  ( 0.2508723068302422532, -0.4944386986257557903, -0.2664306611359845145 ) ) ;
#1108 = CARTESIAN_POINT ( 'NONE',  ( -0.03969089331917271396, 0.7108084544253224779, 0.08622566017235383518 ) ) ;
#1109 = CARTESIAN_POINT ( 'NONE',  ( 0.1377945172528964035, 0.6857902442171276425, 0.03721767664951285831 ) ) ;
#1110 = CARTESIAN_POINT ( 'NONE',  ( 0.02612448543747767846, -0.4028078957566916252, 0.04977516079708140667 ) ) ;
#1111 = CARTESIAN_POINT ( 'NONE',  ( -0.2230074996806040988, 0.8326132098626998213, -0.08889430372241684253 ) ) ;
#1112 = CARTESIAN_POINT ( 'NONE',  ( -0.1587741290650280801, 0.8112369738986510148, -0.1443218579090830567 ) ) ;
#1113 = CARTESIAN_POINT ( 'NONE',  ( 0.08844742570102473445, -0.2082604424847669389, 0.1201776691523660928 ) ) ;
#1114 = CARTESIAN_POINT ( 'NONE',  ( -0.2030709413419961584, 0.8992297217399045639, -0.1096718627677299579 ) ) ;
#1115 = CARTESIAN_POINT ( 'NONE',  ( -0.2479468824499432844, 0.8851900181753760144, -0.03458106235535304829 ) ) ;
#1116 = ORIENTED_EDGE ( 'NONE', *, *, #3437, .T. ) ;
#1117 = CARTESIAN_POINT ( 'NONE',  ( 0.06806934630992778068, 0.8916418770697283058, -0.1245004614215465266 ) ) ;
#1118 = CARTESIAN_POINT ( 'NONE',  ( 0.04055113662142398323, 0.8977482188977623512, -0.1538162183842372299 ) ) ;
#1119 = CARTESIAN_POINT ( 'NONE',  ( 0.04074003439453120767, -0.06812349041597999533, 0.1373000288160402260 ) ) ;
#1120 = ORIENTED_EDGE ( 'NONE', *, *, #1486, .T. ) ;
#1121 = CARTESIAN_POINT ( 'NONE',  ( -0.08255610165903598530, 0.8432145749688868541, -0.1734208051106082837 ) ) ;
#1122 = B_SPLINE_CURVE_WITH_KNOTS ( 'NONE', 3,
 ( #3598, #1528, #4293, #1183, #2573, #3511, #1938, #3032 ),
 .UNSPECIFIED., .F., .F.,
 ( 4, 1, 1, 1, 1, 4 ),
 ( 0.000000000000000000, 0.1521905125637602052, 0.2934920938031334026, 0.5760952562818824063, 0.7880476281409386496, 1.000000000000000000 ),
 .UNSPECIFIED. ) ;
#1123 = CARTESIAN_POINT ( 'NONE',  ( -0.2204756440480079849, -0.4958577828593724313, -0.2898660985323924244 ) ) ;
#1124 = CARTESIAN_POINT ( 'NONE',  ( 0.2431225874225500239, 0.8735239266871147601, 0.03238769868738582830 ) ) ;
#1125 = EDGE_CURVE ( 'NONE', #357, #1849, #779, .T. ) ;
#1126 = CARTESIAN_POINT ( 'NONE',  ( -0.2400123244761401264, 0.8845365227130725927, 0.03201606152238901243 ) ) ;
#1127 = CARTESIAN_POINT ( 'NONE',  ( -0.1882752368657442943, 0.5067716448653035721, -0.04838450703514567824 ) ) ;
#1128 = CARTESIAN_POINT ( 'NONE',  ( -0.08169805572922271553, -0.2233232059314593787, 0.1222670958798115631 ) ) ;
#1129 = CARTESIAN_POINT ( 'NONE',  ( -0.1000539134116913836, 0.5318801819402485531, 0.1107795369332304908 ) ) ;
#1130 = CARTESIAN_POINT ( 'NONE',  ( -0.06041438965498252545, 0.8992297217125786446, 0.04241005834561904081 ) ) ;
#1131 = CARTESIAN_POINT ( 'NONE',  ( 0.07182861436823491375, 0.5241518853577772363, 0.1305136640447543406 ) ) ;
#1132 = CARTESIAN_POINT ( 'NONE',  ( 0.09521071261102762029, 0.8545320199366426284, -0.1765192449996915991 ) ) ;
#1133 = CARTESIAN_POINT ( 'NONE',  ( -0.1554597917506651550, 0.6819238366739297508, -0.09643629611904287746 ) ) ;
#1134 = CARTESIAN_POINT ( 'NONE',  ( -0.04465915546485412640, 0.8975713253682442438, 0.05981204911006236802 ) ) ;
#1135 = CARTESIAN_POINT ( 'NONE',  ( -0.2359546035713948331, 0.8870516271323432012, -0.1269988239023151499 ) ) ;
#1136 = LINE ( 'NONE', #2569, #13 ) ;
#1137 = ORIENTED_EDGE ( 'NONE', *, *, #259, .F. ) ;
#1138 = CARTESIAN_POINT ( 'NONE',  ( -0.09718913742033129244, -0.2082604434756939460, -0.2104355407194326288 ) ) ;
#1139 = CARTESIAN_POINT ( 'NONE',  ( 0.05079512429018473441, -0.1695545166581259589, 0.2009407214579040368 ) ) ;
#1140 = CARTESIAN_POINT ( 'NONE',  ( -0.1746166644591048978, -0.5106568048686893624, -0.3376758417422551783 ) ) ;
#1141 = VERTEX_POINT ( 'NONE', #381 ) ;
#1142 = B_SPLINE_CURVE_WITH_KNOTS ( 'NONE', 3,
 ( #674, #2065, #328, #3813, #2019, #697, #3410, #3115, #1678, #4441, #4, #2088 ),
 .UNSPECIFIED., .F., .F.,
 ( 4, 1, 1, 1, 1, 1, 1, 1, 1, 4 ),
 ( 0.000000000000000000, 0.1443692837856244693, 0.2887385675712484390, 0.4331078513568725752, 0.5052924932496845045, 0.5774771351424994315, 0.6496617770353109167, 0.7218464189281224019, 0.8662157027137452614, 1.000000000000000000 ),
 .UNSPECIFIED. ) ;
#1143 = CARTESIAN_POINT ( 'NONE',  ( -0.05503575913907697570, -0.2555833431272963030, 0.1667927915678524553 ) ) ;
#1144 = CARTESIAN_POINT ( 'NONE',  ( -0.2157762580238556938, 0.8319457476448554045, -0.1157504349840840496 ) ) ;
#1145 = CARTESIAN_POINT ( 'NONE',  ( 0.2382915515070378465, 0.8870532829953198251, 0.03121208258216044695 ) ) ;
#1146 = ORIENTED_EDGE ( 'NONE', *, *, #2022, .T. ) ;
#1147 = CARTESIAN_POINT ( 'NONE',  ( -0.1341555178857143094, 0.8992297217125786446, 0.03138413194826896596 ) ) ;
#1148 = CARTESIAN_POINT ( 'NONE',  ( 0.2416935419283097741, 0.8845421177099292986, -0.1310100136024751061 ) ) ;
#1149 = CARTESIAN_POINT ( 'NONE',  ( -0.1706157921014004597, 0.7527236124299184761, -0.03177961997337887950 ) ) ;
#1150 = DIRECTION ( 'NONE',  ( 0.000000000000000000, 0.000000000000000000, 1.000000000000000000 ) ) ;
#1151 = CARTESIAN_POINT ( 'NONE',  ( 0.1954464908962963432, 0.8992297217131907106, -0.1076138971358898133 ) ) ;
#1152 = CARTESIAN_POINT ( 'NONE',  ( 0.04799360146440364433, 0.8900693139139744803, -0.1721595630281675948 ) ) ;
#1153 = CARTESIAN_POINT ( 'NONE',  ( -0.1819889676845514448, 0.8013858818948024210, -0.1181759913975693882 ) ) ;
#1154 = CARTESIAN_POINT ( 'NONE',  ( -0.1597436762385691378, 0.5608177008945924857, 0.02983264389198213296 ) ) ;
#1155 = CARTESIAN_POINT ( 'NONE',  ( -0.2148436776715056673, 0.8874321453287555839, -0.1532982883718329858 ) ) ;
#1156 = CARTESIAN_POINT ( 'NONE',  ( -0.1390420350969428509, 0.8715825698522696729, -0.1777363157643644109 ) ) ;
#1157 = ORIENTED_EDGE ( 'NONE', *, *, #3740, .F. ) ;
#1158 = CARTESIAN_POINT ( 'NONE',  ( 0.08124588192860991709, 0.5068152615959242713, -0.08665558978990606231 ) ) ;
#1159 = CARTESIAN_POINT ( 'NONE',  ( 0.01074155474846985765, -0.08994169358866264952, 0.2418856788366581245 ) ) ;
#1160 = DIRECTION ( 'NONE',  ( -5.843279076974509016E-17, -0.7071550692858419307, -0.7070584897894488519 ) ) ;
#1161 = VERTEX_POINT ( 'NONE', #55 ) ;
#1162 = DIRECTION ( 'NONE',  ( -4.084033309063900628E-18, -0.7070584897894488519, 0.7071550692858419307 ) ) ;
#1163 = CARTESIAN_POINT ( 'NONE',  ( 0.001421322026237919643, -0.8747071845238333365, -0.4126008752749383279 ) ) ;
#1164 = CARTESIAN_POINT ( 'NONE',  ( 0.2235790423428926366, 0.8971495612354408733, 0.02163022477999186968 ) ) ;
#1165 = PERSON_AND_ORGANIZATION ( #1872, #2981 ) ;
#1166 = VERTEX_POINT ( 'NONE', #4247 ) ;
#1167 = CARTESIAN_POINT ( 'NONE',  ( 0.03779883496722257624, 0.8902132776472219122, 0.04836822767600217066 ) ) ;
#1168 = B_SPLINE_CURVE_WITH_KNOTS ( 'NONE', 3,
 ( #3902, #3839, #1409, #3859 ),
 .UNSPECIFIED., .F., .F.,
 ( 4, 4 ),
 ( 0.000000000000000000, 1.000000000000000000 ),
 .UNSPECIFIED. ) ;
#1169 = CARTESIAN_POINT ( 'NONE',  ( -0.1989348375884290865, 0.8992297217126921094, 0.01980648987560322885 ) ) ;
#1170 = CARTESIAN_POINT ( 'NONE',  ( 0.2358676991483195928, 0.8846205654103711513, -0.1401092505732861038 ) ) ;
#1171 = CARTESIAN_POINT ( 'NONE',  ( -0.06095765221492035341, -0.2255561145191628813, 0.1454766777610692341 ) ) ;
#1172 = CARTESIAN_POINT ( 'NONE',  ( 0.3213583205127413245, -0.4944991802522012980, -0.1048294759855684238 ) ) ;
#1173 = CARTESIAN_POINT ( 'NONE',  ( 0.1968782444428783529, 0.8992297217131925979, -0.1048781899746257240 ) ) ;
#1174 = CARTESIAN_POINT ( 'NONE',  ( 0.2248807263391418010, 0.8322343680431116830, -0.09751156616188624837 ) ) ;
#1175 = CARTESIAN_POINT ( 'NONE',  ( -0.1334513617566925880, 0.7919348731465640778, 0.05161817250860240014 ) ) ;
#1176 = CARTESIAN_POINT ( 'NONE',  ( -0.09193748236509259597, 0.8895296238098638897, 0.07529867000430451318 ) ) ;
#1177 = CARTESIAN_POINT ( 'NONE',  ( -0.2030761707134711713, 0.8992297217399045639, -0.1096609322912514561 ) ) ;
#1178 = CARTESIAN_POINT ( 'NONE',  ( 0.1677832679619647716, -0.4944635771152817716, 0.2249685745712217411 ) ) ;
#1179 = ORIENTED_EDGE ( 'NONE', *, *, #3923, .T. ) ;
#1180 = EDGE_CURVE ( 'NONE', #2336, #2053, #2737, .T. ) ;
#1181 = B_SPLINE_SURFACE_WITH_KNOTS ( 'NONE', 3, 3, ( 
 ( #2555, #807, #3938, #2922, #2577, #3914, #1896, #1144, #825, #2191, #2235, #2530, #462, #2214, #3602, #3960, #845, #2710, #1666, #3084, #4093, #1258 ),
 ( #981, #4454, #299, #2010, #2391, #3379, #3356, #4051, #4073, #1347, #234, #959, #2301, #3447, #2994, #2668, #2730, #2346, #275, #3782, #3061, #4431 ),
 ( #255, #2367, #1600, #1320, #1623, #1279, #3038, #3016, #3399, #4390, #2690, #577, #914, #1691, #938, #3696, #1645, #2326, #4368, #665, #3758, #4116 ),
 ( #641, #3719, #600, #2034, #3425, #3738, #1003, #1990, #4410, #2056, #1300, #2645, #4029, #1969, #620, #4266, #1500, #3105, #2183, #118, #1369, #3905 ),
 ( #2204, #2754, #3572, #2225, #453, #1795, #319, #3928, #137, #1842, #771, #72, #1135, #3208, #688, #3229, #3547, #1155, #3250, #2891, #816, #4477 ),
 ( #2914, #2498, #1714, #2156, #795, #4139, #836, #3185, #1029, #2545, #2136, #2416, #1458, #428, #1820, #3803, #2519, #3950, #3525, #402, #4244, #4288 ),
 ( #2844, #3594, #4223, #476, #1865, #1522, #1177, #1114, #97, #2568, #3884, #1478, #2869, #1267, #924, #243, #2290, #2609, #2268, #3615, #3997, #1287 ),
 ( #499, #177, #1634, #4356, #3682, #2676, #560, #1954, #1909, #1199, #858, #1932, #3316, #1563, #1611, #2656, #540, #1246, #1888, #1543, #4059, #947 ) ),
 .UNSPECIFIED., .F., .F., .F.,
 ( 4, 1, 1, 1, 1, 4 ),
 ( 4, 1, 1, 1, 2, 2, 2, 1, 1, 1, 1, 1, 1, 1, 1, 1, 4 ),
 ( 0.000000000000000000, 0.2857142857142860315, 0.4285714285714289917, 0.5714285714285709528, 0.7857142857142859205, 1.000000000000000000 ),
 ( -0.1380743973149450021, -0.1241098599243459916, -0.08508073413946440344, -0.07318930266542440777, -0.06796573734164469693, -0.06785080152987620072, -0.06760758574097100460, -0.06676673765330229382, -0.06547735219758270275, -0.06357271144981518907, -0.06074156677583619768, -0.05663578852237360212, -0.05071341574634669752, 0.000000000000000000, 0.04258452220076749950, 0.1622384719072199888, 0.1997222397788940007 ),
 .UNSPECIFIED. ) ;
#1182 = CARTESIAN_POINT ( 'NONE',  ( 0.03765800238261209770, 0.8914650214643519144, -0.1451841647681602343 ) ) ;
#1183 = CARTESIAN_POINT ( 'NONE',  ( 0.3050486033927017893, -0.6470670974998654623, -0.3137864281820602619 ) ) ;
#1184 = DIRECTION ( 'NONE',  ( 0.000000000000000000, -0.7070584897894489629, 0.7071550692858419307 ) ) ;
#1185 = ORIENTED_EDGE ( 'NONE', *, *, #3318, .F. ) ;
#1186 = DIRECTION ( 'NONE',  ( 0.000000000000000000, -1.000000000000000000, -2.220446049250309876E-16 ) ) ;
#1187 = CARTESIAN_POINT ( 'NONE',  ( -0.1815624935048329724, -0.2082604439260777041, -0.1321540631236849395 ) ) ;
#1188 = B_SPLINE_CURVE_WITH_KNOTS ( 'NONE', 3,
 ( #2205, #3251, #138, #2335 ),
 .UNSPECIFIED., .F., .F.,
 ( 4, 4 ),
 ( 0.000000000000000000, 1.000000000000000000 ),
 .UNSPECIFIED. ) ;
#1189 = CARTESIAN_POINT ( 'NONE',  ( 0.2294895438810823640, 0.8971565259328960762, 0.001378886143858261198 ) ) ;
#1190 = PERSON_AND_ORGANIZATION_ROLE ( 'classification_officer' ) ;
#1191 = ORIENTED_EDGE ( 'NONE', *, *, #1242, .F. ) ;
#1192 = CARTESIAN_POINT ( 'NONE',  ( -0.1946466365891273143, 0.8992297217126921094, 0.006761478516026667163 ) ) ;
#1193 = CARTESIAN_POINT ( 'NONE',  ( 0.06368776118126551200, -0.2255595604684452749, 0.1455169141589204851 ) ) ;
#1194 = CARTESIAN_POINT ( 'NONE',  ( -0.08338539058198281284, -0.2684021671128931086, 0.1266455833442594048 ) ) ;
#1195 = CARTESIAN_POINT ( 'NONE',  ( -0.1517755163482974179, 0.7738341306993098412, 0.02502005036893231033 ) ) ;
#1196 = CARTESIAN_POINT ( 'NONE',  ( -0.08568679966593466257, -0.2085743161614342922, 0.1201292842870653327 ) ) ;
#1197 = CARTESIAN_POINT ( 'NONE',  ( -0.1626098470838935606, 0.5502283769404182623, 0.03008002643171906951 ) ) ;
#1198 = CARTESIAN_POINT ( 'NONE',  ( -0.04383736114669670864, 0.8992297217125786446, 0.03412560225829106009 ) ) ;
#1199 = CARTESIAN_POINT ( 'NONE',  ( -0.1938299987502661581, 0.8992297217399045639, -0.1053066614390090749 ) ) ;
#1200 = DIRECTION ( 'NONE',  ( 1.000000000000000000, 0.000000000000000000, 0.000000000000000000 ) ) ;
#1201 = ORIENTED_EDGE ( 'NONE', *, *, #1406, .F. ) ;
#1202 = CARTESIAN_POINT ( 'NONE',  ( 0.2100026814712100398, 0.8992297217125786446, -0.08831693995608758119 ) ) ;
#1203 = DIRECTION ( 'NONE',  ( 0.000000000000000000, -0.7070584897894488519, 0.7071550692858419307 ) ) ;
#1204 = ADVANCED_FACE ( 'NONE', ( #2479 ), #166, .F. ) ;
#1205 = CARTESIAN_POINT ( 'NONE',  ( -0.1455012314500192250, 0.8992297217125786446, 0.03208446350945572123 ) ) ;
#1206 = VERTEX_POINT ( 'NONE', #2572 ) ;
#1207 = CARTESIAN_POINT ( 'NONE',  ( 0.1695358449531138290, 0.5318801819389660235, 0.03245753021959352919 ) ) ;
#1208 = DIRECTION ( 'NONE',  ( -1.000000000000000000, -3.750776191044286963E-14, -3.743073704223392194E-12 ) ) ;
#1209 = CARTESIAN_POINT ( 'NONE',  ( 0.2031235490872870253, 0.8992297217912640361, 0.01785374226221394037 ) ) ;
#1210 = AXIS2_PLACEMENT_3D ( 'NONE', #3980, #253, #574 ) ;
#1211 = CALENDAR_DATE ( 2026, 29, 6 ) ;
#1212 = CARTESIAN_POINT ( 'NONE',  ( -0.06750547674392630426, -0.2648579711489973953, 0.1337075375587216119 ) ) ;
#1213 = CARTESIAN_POINT ( 'NONE',  ( -0.1969469738557566296, 0.8992297217125786446, -0.008823813700476235838 ) ) ;
#1214 = CARTESIAN_POINT ( 'NONE',  ( 0.04387425966698474400, -0.1277266060649020762, 0.1438484615992988436 ) ) ;
#1215 = CARTESIAN_POINT ( 'NONE',  ( 0.1997896165330318441, 0.8992297217125786446, -0.08794485149328445939 ) ) ;
#1216 = B_SPLINE_SURFACE_WITH_KNOTS ( 'NONE', 3, 3, ( 
 ( #1442, #3849, #2122, #411 ),
 ( #106, #2529, #1531, #806 ),
 ( #3533, #2829, #824, #3237 ),
 ( #1121, #1485, #125, #1507 ),
 ( #3256, #3891, #3913, #461 ),
 ( #2898, #2877, #2855, #3513 ),
 ( #384, #3580, #3216, #2213 ),
 ( #3869, #1829, #1100, #3170 ),
 ( #2164, #4273, #1780, #2190 ),
 ( #1802, #3557, #484, #755 ),
 ( #144, #2483, #3194, #2554 ) ),
 .UNSPECIFIED., .F., .F., .F.,
 ( 4, 1, 1, 2, 1, 1, 1, 4 ),
 ( 4, 4 ),
 ( 0.0007903857472572510881, 0.2004742314483539956, 0.3003161542989030153, 0.5000000000000000000, 0.5998419228507160250, 0.6996838457014330492, 0.7995257685521489632, 0.9992096142535820125 ),
 ( 0.2313034275130129991, 0.9833507073981340163 ),
 .UNSPECIFIED. ) ;
#1217 = FACE_OUTER_BOUND ( 'NONE', #3018, .T. ) ;
#1218 = CARTESIAN_POINT ( 'NONE',  ( -0.1649302337870062196, -0.4944386985515895616, -0.3217576747150557304 ) ) ;
#1219 = CARTESIAN_POINT ( 'NONE',  ( -0.1565958971597438687, 0.8446631879646243624, 0.07025584892459520170 ) ) ;
#1220 = CIRCLE ( 'NONE', #1232, 0.03793922321424975791 ) ;
#1221 = CARTESIAN_POINT ( 'NONE',  ( 0.09474113087442681547, 0.8895328836701261732, 0.07531196583510887943 ) ) ;
#1222 = CARTESIAN_POINT ( 'NONE',  ( -0.2228511749901368189, 0.8325290234402724643, -0.09068429082995722867 ) ) ;
#1223 = CARTESIAN_POINT ( 'NONE',  ( 0.001358294415303585049, -0.3401520365980062466, 0.07143581108995894491 ) ) ;
#1224 = EDGE_LOOP ( 'NONE', ( #1436, #2820, #2364, #4268, #783, #3096 ) ) ;
#1225 = CARTESIAN_POINT ( 'NONE',  ( -0.05637516324943084994, 0.8951207156826215261, -0.1330269711529533105 ) ) ;
#1226 = CARTESIAN_POINT ( 'NONE',  ( 0.001358294415303585049, -0.3401520365980062466, 0.07143581108995894491 ) ) ;
#1227 = CARTESIAN_POINT ( 'NONE',  ( 0.1625863163038552550, 0.5608177018437372485, 0.02983264379801248839 ) ) ;
#1228 = CARTESIAN_POINT ( 'NONE',  ( -0.1970280823051057395, 0.8992297217125786446, -0.007644111436649167653 ) ) ;
#1229 = ORIENTED_EDGE ( 'NONE', *, *, #1486, .F. ) ;
#1230 = AXIS2_PLACEMENT_3D ( 'NONE', #1399, #3852, #2486 ) ;
#1231 = EDGE_CURVE ( 'NONE', #3390, #3661, #3611, .T. ) ;
#1232 = AXIS2_PLACEMENT_3D ( 'NONE', #2696, #4079, #4439 ) ;
#1233 = CARTESIAN_POINT ( 'NONE',  ( 0.1591976746603408488, 0.6644259987388470012, -0.09461917636419625577 ) ) ;
#1234 = EDGE_CURVE ( 'NONE', #1391, #1484, #2158, .T. ) ;
#1235 = CARTESIAN_POINT ( 'NONE',  ( 0.1683344261507657424, -0.2082604420583325788, 0.06411753839960090962 ) ) ;
#1236 = CARTESIAN_POINT ( 'NONE',  ( 0.2069093185816375802, 0.8992297217900309114, 0.01073696972787841798 ) ) ;
#1237 = EDGE_LOOP ( 'NONE', ( #315, #296, #4469, #2281 ) ) ;
#1238 = ADVANCED_FACE ( 'NONE', ( #564 ), #3618, .T. ) ;
#1239 = CARTESIAN_POINT ( 'NONE',  ( 0.03423425001310964610, -0.1424969020901123984, 0.1935759134426589256 ) ) ;
#1240 = CARTESIAN_POINT ( 'NONE',  ( 0.2186176241042114832, 0.8319458746736578814, 0.01898264932725351670 ) ) ;
#1241 = FACE_OUTER_BOUND ( 'NONE', #2068, .T. ) ;
#1242 = EDGE_CURVE ( 'NONE', #1934, #29, #3897, .T. ) ;
#1243 = CARTESIAN_POINT ( 'NONE',  ( -0.08887431403171622279, 0.8992297217125786446, -0.1302198187558261666 ) ) ;
#1244 = CARTESIAN_POINT ( 'NONE',  ( -0.2120697305034700830, 0.8227762291063560607, -0.002186680170550182791 ) ) ;
#1245 = CARTESIAN_POINT ( 'NONE',  ( -0.2155789307725225756, 0.8319462642617213577, 0.01939100822482316480 ) ) ;
#1246 = CARTESIAN_POINT ( 'NONE',  ( -0.1835971957904335150, 0.8992297217329997538, -0.1182774021846820511 ) ) ;
#1247 = CARTESIAN_POINT ( 'NONE',  ( 0.1525893308280652783, 0.8496358836262803971, 0.07377282468756782285 ) ) ;
#1248 = VERTEX_POINT ( 'NONE', #1361 ) ;
#1249 = CARTESIAN_POINT ( 'NONE',  ( 0.001420953470371879874, 0.8942519563531873272, -0.1626493518460558618 ) ) ;
#1250 = CARTESIAN_POINT ( 'NONE',  ( -0.08533406118349068370, -0.2288224533000471073, 0.1203343969782653955 ) ) ;
#1251 = DIRECTION ( 'NONE',  ( 0.000000000000000000, 0.000000000000000000, -1.000000000000000000 ) ) ;
#1252 = B_SPLINE_CURVE_WITH_KNOTS ( 'NONE', 3,
 ( #831, #3921, #1813, #2513, #3203, #4305, #1172, #448 ),
 .UNSPECIFIED., .F., .F.,
 ( 4, 2, 2, 4 ),
 ( 0.000000000000000000, 0.5000000000000001110, 0.7500000000000000000, 1.000000000000000000 ),
 .UNSPECIFIED. ) ;
#1253 = CARTESIAN_POINT ( 'NONE',  ( 0.2110916568153042849, -0.3626793443075641554, -0.04838433241814270314 ) ) ;
#1254 = CARTESIAN_POINT ( 'NONE',  ( 0.02918837095666216783, 0.5328282373166596253, 0.1377546462356346035 ) ) ;
#1255 = VERTEX_POINT ( 'NONE', #3051 ) ;
#1256 = CARTESIAN_POINT ( 'NONE',  ( 0.2266937474594609703, 0.8327134675180110079, -0.06189718238746734491 ) ) ;
#1257 = CARTESIAN_POINT ( 'NONE',  ( 0.2336939328162001284, 0.8479383344917480470, -0.1235984881107498878 ) ) ;
#1258 = CARTESIAN_POINT ( 'NONE',  ( -0.1379814384666446236, 0.8392626072508851953, -0.1669744354976765432 ) ) ;
#1259 = CARTESIAN_POINT ( 'NONE',  ( -0.3365548108917870707, -0.6470671010404227541, -0.2675559253133358295 ) ) ;
#1260 = CARTESIAN_POINT ( 'NONE',  ( 0.1696526109256177861, 0.5318786610481739396, 0.03221540840541901179 ) ) ;
#1261 = CARTESIAN_POINT ( 'NONE',  ( -0.06269708606091095593, -0.2470770556644616422, 0.1423819292012830362 ) ) ;
#1262 = CARTESIAN_POINT ( 'NONE',  ( 0.001421322026237906849, -0.2783167720644201260, 0.05278692948652541350 ) ) ;
#1263 = CARTESIAN_POINT ( 'NONE',  ( 0.1964017977004755833, 0.8992297217920667274, 0.009086107171415679779 ) ) ;
#1264 = CARTESIAN_POINT ( 'NONE',  ( 0.04700119743994796151, 0.8992297217125786446, -0.1411143209480496818 ) ) ;
#1265 = CARTESIAN_POINT ( 'NONE',  ( -0.1627646825138895081, 0.5502239687731061979, 0.02980178343494124110 ) ) ;
#1266 = CARTESIAN_POINT ( 'NONE',  ( -0.3365548108917870707, -0.6470671010404227541, -0.2675559253133358295 ) ) ;
#1267 = CARTESIAN_POINT ( 'NONE',  ( -0.2024157093492544301, 0.8992297217398829146, -0.1109818307372238966 ) ) ;
#1268 = CARTESIAN_POINT ( 'NONE',  ( 0.1443305332728090362, 0.6406942507756725469, 0.03442556101839815141 ) ) ;
#1269 = ORIENTED_EDGE ( 'NONE', *, *, #483, .F. ) ;
#1270 = CARTESIAN_POINT ( 'NONE',  ( -0.05782091183488410890, 0.8983481128571525476, -0.1352825806885330218 ) ) ;
#1271 = CARTESIAN_POINT ( 'NONE',  ( -0.2160693368829368077, 0.8319453953946599478, 0.01836786347820512297 ) ) ;
#1272 = CYLINDRICAL_SURFACE ( 'NONE', #3777, 0.1011712619046658546 ) ;
#1273 = CARTESIAN_POINT ( 'NONE',  ( 0.2663688574121895747, -0.4538934329037676019, -0.1311953152380189169 ) ) ;
#1274 = CARTESIAN_POINT ( 'NONE',  ( -0.2238511099265528270, 0.8327134681776210412, -0.06189723129337555696 ) ) ;
#1275 = CARTESIAN_POINT ( 'NONE',  ( -0.1938519570007986581, 0.8992297217399045639, -0.1052610198149827453 ) ) ;
#1276 = ORIENTED_EDGE ( 'NONE', *, *, #4347, .F. ) ;
#1277 = CARTESIAN_POINT ( 'NONE',  ( 0.1673632768069099885, 0.7338151052708627997, -0.06724095229369644877 ) ) ;
#1278 = CARTESIAN_POINT ( 'NONE',  ( 0.2117147150376645082, 0.8494220548232668255, -0.1517746061855945461 ) ) ;
#1279 = CARTESIAN_POINT ( 'NONE',  ( -0.2374720415778721061, 0.8552983682832669965, -0.1250171262738646039 ) ) ;
#1280 = CARTESIAN_POINT ( 'NONE',  ( 0.2090024977552719654, 0.8992297217843177037, 0.005196030378072589648 ) ) ;
#1281 = CARTESIAN_POINT ( 'NONE',  ( -0.008017059941334444412, -0.08994951853976244915, 0.2418775888882950809 ) ) ;
#1282 = CARTESIAN_POINT ( 'NONE',  ( -0.1686885725775079392, 0.5236994525936513600, 0.03313482987586448963 ) ) ;
#1283 = DIRECTION ( 'NONE',  ( -1.000000000000000000, -3.788159342450042512E-14, -3.743050339753762714E-12 ) ) ;
#1284 = CARTESIAN_POINT ( 'NONE',  ( 0.001421322026237919643, -0.9000000000000000222, -0.4126008752749383279 ) ) ;
#1285 = CARTESIAN_POINT ( 'NONE',  ( -0.1625365966118517691, 0.8595465792346899114, 0.07876228942930585397 ) ) ;
#1286 = CARTESIAN_POINT ( 'NONE',  ( -0.2126442879171033529, 0.8319877298342993610, 0.02489295328745121105 ) ) ;
#1287 = CARTESIAN_POINT ( 'NONE',  ( -0.1351578401625570802, 0.8992297217125786446, -0.1383233668427622798 ) ) ;
#1288 = ADVANCED_FACE ( 'NONE', ( #2745 ), #2681, .T. ) ;
#1289 = FACE_OUTER_BOUND ( 'NONE', #911, .T. ) ;
#1290 = ORIENTED_EDGE ( 'NONE', *, *, #3471, .F. ) ;
#1291 = CARTESIAN_POINT ( 'NONE',  ( 0.1873243413244335687, -0.6470671018844899036, 0.2944359779636835928 ) ) ;
#1292 = CARTESIAN_POINT ( 'NONE',  ( -0.2121636164339416597, 0.8389222332010461969, 0.03942221287358391169 ) ) ;
#1293 = CARTESIAN_POINT ( 'NONE',  ( 0.05774834392362816760, -0.2555767900217503774, 0.1668410722268511004 ) ) ;
#1294 = CARTESIAN_POINT ( 'NONE',  ( -0.1668099706388216918, 0.5318786610582422192, -0.1289840732403169654 ) ) ;
#1295 = CARTESIAN_POINT ( 'NONE',  ( -0.06804166588761353940, 0.5326026083708935710, -0.2252035851576751069 ) ) ;
#1296 = ORIENTED_EDGE ( 'NONE', *, *, #2945, .T. ) ;
#1297 = CARTESIAN_POINT ( 'NONE',  ( 0.1091403454195521011, 0.7518207226726243420, -0.1541300644088813565 ) ) ;
#1298 = CARTESIAN_POINT ( 'NONE',  ( 0.1578662192341768467, 0.8744852958847783020, -0.1768711284229581016 ) ) ;
#1299 = CLOSED_SHELL ( 'NONE', ( #4011, #2042, #2232, #3651, #4019, #3294, #4070, #3665, #678, #1288, #282, #2705, #2993, #4209, #2371, #3821, #3551, #3108, #3021, #1681, #3577, #4451, #1036, #846, #4340, #1204, #602, #759, #516, #1539, #653, #1238, #4448, #233, #1626, #2126, #2648, #4371, #1565, #1935, #1045, #3979, #757, #3139, #2857, #2544, #4256, #2508, #1710, #3081, #2264, #794, #562, #2796, #395, #2883, #4261, #374, #2322, #579, #622 ) ) ;
#1300 = CARTESIAN_POINT ( 'NONE',  ( -0.2408082395111213470, 0.8735218614198871911, -0.1280884234854444692 ) ) ;
#1301 = CARTESIAN_POINT ( 'NONE',  ( 0.2176779076215692998, 0.8971521267977410341, 0.03132293282396950845 ) ) ;
#1302 = TOROIDAL_SURFACE ( 'NONE', #2036, 0.1264640773808324015, 0.02529281547616648099 ) ;
#1303 = CARTESIAN_POINT ( 'NONE',  ( -0.03481436104898383982, -0.1272295990548060474, 0.2220667178872823277 ) ) ;
#1304 = FACE_OUTER_BOUND ( 'NONE', #1709, .T. ) ;
#1305 = CARTESIAN_POINT ( 'NONE',  ( 0.1931998599962437835, 0.8992297217905295126, 0.01419729159365668361 ) ) ;
#1306 = CARTESIAN_POINT ( 'NONE',  ( 0.03693184553263045844, -0.3152931172226509093, 0.04657349615122460817 ) ) ;
#1307 = CARTESIAN_POINT ( 'NONE',  ( -0.1536665987252674170, 0.5866253683156025245, 0.02959760391432990356 ) ) ;
#1308 = CARTESIAN_POINT ( 'NONE',  ( 0.3050486033923049956, -0.6470671020741654011, -0.3137864281818022461 ) ) ;
#1309 = DIRECTION ( 'NONE',  ( 1.000000000000000000, 0.000000000000000000, 0.000000000000000000 ) ) ;
#1310 = CARTESIAN_POINT ( 'NONE',  ( 0.1184978234156280480, 0.7236445448236810130, 0.05264489733243113423 ) ) ;
#1311 = ORIENTED_EDGE ( 'NONE', *, *, #2679, .F. ) ;
#1312 = CARTESIAN_POINT ( 'NONE',  ( 0.02057189430847966224, -0.3642268059353040988, 0.1750971011118132581 ) ) ;
#1313 = CARTESIAN_POINT ( 'NONE',  ( -0.2157066085744768213, 0.8319459571876614001, 0.01912601866532842587 ) ) ;
#1314 = CARTESIAN_POINT ( 'NONE',  ( -0.1666932047077471224, 0.5318801819479048731, -0.1292261949692335155 ) ) ;
#1315 = CARTESIAN_POINT ( 'NONE',  ( -0.02740238406564777379, -0.2082604431031738756, -0.2428174414340869558 ) ) ;
#1316 = CARTESIAN_POINT ( 'NONE',  ( 0.1201394107932410721, 0.5239779722405600859, -0.1968858926560231315 ) ) ;
#1317 = ORIENTED_EDGE ( 'NONE', *, *, #423, .F. ) ;
#1318 = FACE_OUTER_BOUND ( 'NONE', #1900, .T. ) ;
#1319 = CARTESIAN_POINT ( 'NONE',  ( 0.1997896165330318441, 0.8992297217125786446, -0.08794485149328445939 ) ) ;
#1320 = CARTESIAN_POINT ( 'NONE',  ( -0.2425015467690568305, 0.8554378460282145991, -0.1125173983945225442 ) ) ;
#1321 = CARTESIAN_POINT ( 'NONE',  ( -0.3834304747761067556, -0.5565439822574680395, -0.09738232669442307976 ) ) ;
#1322 = EDGE_CURVE ( 'NONE', #1441, #2386, #2906, .T. ) ;
#1323 = CARTESIAN_POINT ( 'NONE',  ( -0.05637510600545662942, 0.8951207044266887847, 0.03625836551861687934 ) ) ;
#1324 = B_SPLINE_CURVE_WITH_KNOTS ( 'NONE', 3,
 ( #3138, #1474, #350, #3161, #1430, #28, #4153, #1110, #699, #1745, #2132, #3521, #394, #4175, #330, #2448, #3837, #3880, #1790, #1066, #1725, #721 ),
 .UNSPECIFIED., .F., .F.,
 ( 4, 3, 3, 3, 3, 3, 3, 4 ),
 ( 3.811648262644353783E-21, 1.163983743727539846E-05, 2.326894534327907528E-05, 3.505176101060511208E-05, 4.767502745694243401E-05, 6.665907694714941711E-05, 9.324212235794819505E-05, 0.0001179864163778542653 ),
 .UNSPECIFIED. ) ;
#1325 = CARTESIAN_POINT ( 'NONE',  ( 0.02184892104772310703, -0.1094577524220795572, 0.2264288908580984194 ) ) ;
#1326 = CARTESIAN_POINT ( 'NONE',  ( -0.1379814384666446236, 0.8392626072508851953, -0.1669744354976765432 ) ) ;
#1327 = CARTESIAN_POINT ( 'NONE',  ( 0.08844490774151753110, -0.2082604424846708213, 0.1201728141339604011 ) ) ;
#1328 = B_SPLINE_CURVE_WITH_KNOTS ( 'NONE', 3,
 ( #1111, #3522, #4178, #2495, #3205, #49 ),
 .UNSPECIFIED., .F., .F.,
 ( 4, 2, 4 ),
 ( 0.000000000000000000, 0.4999994914604837803, 1.000000000000000000 ),
 .UNSPECIFIED. ) ;
#1329 = CARTESIAN_POINT ( 'NONE',  ( 0.001421322026238182237, 0.8992297217125786446, -0.04838433241814054514 ) ) ;
#1330 = CARTESIAN_POINT ( 'NONE',  ( -0.2133393772940321564, 0.8234793213097763021, -0.01378371057497593775 ) ) ;
#1331 = CARTESIAN_POINT ( 'NONE',  ( 0.2038845213866796180, -0.6141296673605848300, 0.2843063906748677927 ) ) ;
#1332 = DIRECTION ( 'NONE',  ( -3.721008126035991382E-18, -0.7070584897894490739, 0.7071550692858415976 ) ) ;
#1333 = CARTESIAN_POINT ( 'NONE',  ( 0.1301751703895792089, 0.8299415204027419390, 0.06601506889288444313 ) ) ;
#1334 = ORIENTED_EDGE ( 'NONE', *, *, #103, .F. ) ;
#1335 = CARTESIAN_POINT ( 'NONE',  ( 0.05519495688181596388, -0.3488304313805705159, 0.1621773976884078039 ) ) ;
#1336 = B_SPLINE_CURVE_WITH_KNOTS ( 'NONE', 3,
 ( #4210, #4251, #2143, #4230, #1873, #4297, #2921, #1143 ),
 .UNSPECIFIED., .F., .F.,
 ( 4, 1, 1, 1, 1, 4 ),
 ( 0.000000000000000000, 0.1429668763345388893, 0.4286445842230254266, 0.7143222921115134350, 0.7857417190836343268, 1.000000000000000000 ),
 .UNSPECIFIED. ) ;
#1337 = FACE_OUTER_BOUND ( 'NONE', #805, .T. ) ;
#1338 = B_SPLINE_CURVE_WITH_KNOTS ( 'NONE', 3,
 ( #2496, #399, #2889, #4264 ),
 .UNSPECIFIED., .F., .F.,
 ( 4, 4 ),
 ( 0.000000000000000000, 1.000000000000000000 ),
 .UNSPECIFIED. ) ;
#1339 = CARTESIAN_POINT ( 'NONE',  ( -0.1497462402234229217, 0.8496355033240101662, -0.1705413263880017349 ) ) ;
#1340 = CARTESIAN_POINT ( 'NONE',  ( 0.3806807517156488019, -0.6470670961960136580, 0.06210507699296619055 ) ) ;
#1341 = CARTESIAN_POINT ( 'NONE',  ( -0.1172956933384332601, 0.5239769462017818125, -0.1968934019847843608 ) ) ;
#1342 = ORIENTED_EDGE ( 'NONE', *, *, #1234, .T. ) ;
#1343 = CARTESIAN_POINT ( 'NONE',  ( -0.2305969253673331443, 0.8479400580045676206, 0.02734736452882352564 ) ) ;
#1344 = CARTESIAN_POINT ( 'NONE',  ( 0.2506475926903569129, 0.8851639793466750117, -0.02080640560282988674 ) ) ;
#1345 = CARTESIAN_POINT ( 'NONE',  ( 0.1401542206992598405, 0.8992297217125786446, -0.1284473742777119953 ) ) ;
#1346 = EDGE_CURVE ( 'NONE', #201, #245, #839, .T. ) ;
#1347 = CARTESIAN_POINT ( 'NONE',  ( -0.2251899938586048866, 0.8406539565181913032, -0.1203589909483972209 ) ) ;
#1348 = CARTESIAN_POINT ( 'NONE',  ( 0.1926530722716097432, -0.6141296673472582679, 0.3066939953147215792 ) ) ;
#1349 = CARTESIAN_POINT ( 'NONE',  ( 0.2227442384561245103, 0.8320063604836025473, 0.009207114236080586253 ) ) ;
#1350 = CARTESIAN_POINT ( 'NONE',  ( 0.03965914141608083837, -0.1426219401449543289, 0.2079436203158886443 ) ) ;
#1351 = CARTESIAN_POINT ( 'NONE',  ( 0.2185826126955952020, 0.8319459266332499547, 0.01905586741450530572 ) ) ;
#1352 = CARTESIAN_POINT ( 'NONE',  ( 0.2266937067912890014, 0.8327134365802140170, -0.08381761609766903709 ) ) ;
#1353 = CARTESIAN_POINT ( 'NONE',  ( -0.07022530409517255268, 0.8992297217125786446, -0.1302091710824126725 ) ) ;
#1354 = CARTESIAN_POINT ( 'NONE',  ( 0.07306794813120426335, 0.8992297217125786446, -0.1302091710968015237 ) ) ;
#1355 = CARTESIAN_POINT ( 'NONE',  ( -0.3307699923280140730, -0.5106568048416947336, 0.06258745108641475263 ) ) ;
#1356 = CARTESIAN_POINT ( 'NONE',  ( 0.1911179056659753350, 0.5152694347731633373, -0.02012162970022615335 ) ) ;
#1357 = CARTESIAN_POINT ( 'NONE',  ( 0.1583704826331626403, 0.5865055450645678681, 0.02593683163605266240 ) ) ;
#1358 = CARTESIAN_POINT ( 'NONE',  ( 0.1487027900022787896, 0.5320311860010100702, 0.06868722203303080642 ) ) ;
#1359 = AXIS2_PLACEMENT_3D ( 'NONE', #3059, #273, #4452 ) ;
#1360 = ORIENTED_EDGE ( 'NONE', *, *, #2625, .F. ) ;
#1361 = CARTESIAN_POINT ( 'NONE',  ( 0.001358294415303694554, -0.4124613136919615952, 0.05278690985407208380 ) ) ;
#1362 = CARTESIAN_POINT ( 'NONE',  ( -0.1417644483530085542, 0.6406809184173873906, -0.1307437325918770488 ) ) ;
#1363 = CARTESIAN_POINT ( 'NONE',  ( -0.2263948053424411910, 0.8971524671682911123, -0.08901771205822033017 ) ) ;
#1364 = CARTESIAN_POINT ( 'NONE',  ( 0.1208162380072117514, 0.5154060834337165220, -0.1978519618805169300 ) ) ;
#1365 = ORIENTED_EDGE ( 'NONE', *, *, #4177, .T. ) ;
#1366 = CARTESIAN_POINT ( 'NONE',  ( -0.2389358187496384289, 0.8492830258486258055, -0.007294051113897647570 ) ) ;
#1367 = CARTESIAN_POINT ( 'NONE',  ( 0.2363702503175753866, 0.8419811749583536731, -0.02114941608231346928 ) ) ;
#1368 = CARTESIAN_POINT ( 'NONE',  ( 0.1974892768123542031, 0.8992297217131781650, -0.1035301316043545916 ) ) ;
#1369 = CARTESIAN_POINT ( 'NONE',  ( -0.1431307519698418462, 0.8805233072348161993, -0.1747850182743028169 ) ) ;
#1370 = CARTESIAN_POINT ( 'NONE',  ( -0.3981782017457285994, -0.6470671009411357311, -0.09925965105401919619 ) ) ;
#1371 = EDGE_CURVE ( 'NONE', #1917, #1746, #2420, .T. ) ;
#1372 = CARTESIAN_POINT ( 'NONE',  ( -0.07022530409515814753, 0.8992297217125786446, 0.03344050624613636308 ) ) ;
#1373 = CARTESIAN_POINT ( 'NONE',  ( -0.03041945945090277284, -0.1287758341035771525, 0.2154134128530322545 ) ) ;
#1374 = CARTESIAN_POINT ( 'NONE',  ( 0.2350807785945265016, 0.8554135040372349286, 0.03780715439482179585 ) ) ;
#1375 = AXIS2_PLACEMENT_3D ( 'NONE', #2095, #51, #3798 ) ;
#1376 = CARTESIAN_POINT ( 'NONE',  ( 0.1444857878874425960, 0.7006431350750921272, -0.02704197033503848852 ) ) ;
#1377 = EDGE_CURVE ( 'NONE', #404, #431, #2254, .T. ) ;
#1378 = AXIS2_PLACEMENT_3D ( 'NONE', #2374, #3763, #1283 ) ;
#1379 = CIRCLE ( 'NONE', #1004, 0.1011712619046660627 ) ;
#1380 = CARTESIAN_POINT ( 'NONE',  ( 0.2249092264836293764, 0.8384820224853610782, -0.1207717539179760102 ) ) ;
#1381 = CARTESIAN_POINT ( 'NONE',  ( -0.1666932047080531554, 0.5318801819466808523, 0.03245753013303747520 ) ) ;
#1382 = CARTESIAN_POINT ( 'NONE',  ( -0.1511737615463011053, -0.5565439823650863982, 0.3087797125663081510 ) ) ;
#1383 = CARTESIAN_POINT ( 'NONE',  ( -0.06522670227273487387, 0.8916418770697283058, 0.02773179657188414027 ) ) ;
#1384 = CARTESIAN_POINT ( 'NONE',  ( 0.1961641460685425997, 0.8016453117721005217, -0.007317180474908050770 ) ) ;
#1385 = CARTESIAN_POINT ( 'NONE',  ( 0.07234831761515254922, 0.5154005731493741527, 0.1315978450108207798 ) ) ;
#1386 = ORIENTED_EDGE ( 'NONE', *, *, #3464, .T. ) ;
#1387 = CARTESIAN_POINT ( 'NONE',  ( 0.08124588192830663191, 0.5068152615972678632, -0.01011307504654054834 ) ) ;
#1388 = CARTESIAN_POINT ( 'NONE',  ( -0.1653779241290763147, 0.8570775972879098870, -0.1738714782678478510 ) ) ;
#1389 = CARTESIAN_POINT ( 'NONE',  ( -0.1483087252179078053, 0.5069167354659471769, -0.1674534979978832550 ) ) ;
#1390 = CARTESIAN_POINT ( 'NONE',  ( -0.2077384532868033762, 0.8992297217125786446, -0.06170276922427398586 ) ) ;
#1391 = VERTEX_POINT ( 'NONE', #2816 ) ;
#1392 = CARTESIAN_POINT ( 'NONE',  ( -0.2362028260734653773, 0.8480640296051723537, 0.01392869690819152108 ) ) ;
#1393 = CARTESIAN_POINT ( 'NONE',  ( 0.2522212356456954852, 0.8619059036789342709, -0.02076769467376895356 ) ) ;
#1394 = CARTESIAN_POINT ( 'NONE',  ( 0.2179135605883770477, 0.8971434724012727902, -0.1277147335906293479 ) ) ;
#1395 = CARTESIAN_POINT ( 'NONE',  ( -0.3307699923280140730, -0.5106568048416947336, 0.06258745108641475263 ) ) ;
#1396 = CARTESIAN_POINT ( 'NONE',  ( -0.06724112687729277837, 0.8982341706118703861, 0.03003239294595545783 ) ) ;
#1397 = CARTESIAN_POINT ( 'NONE',  ( -0.2210380739673451500, -0.4965673250107380809, -0.2904781487138642926 ) ) ;
#1398 = CARTESIAN_POINT ( 'NONE',  ( 0.2511100084459201853, 0.8745195192982386789, -0.006954078268083029556 ) ) ;
#1399 = CARTESIAN_POINT ( 'NONE',  ( 0.000000000000000000, 0.000000000000000000, 0.000000000000000000 ) ) ;
#1400 = CARTESIAN_POINT ( 'NONE',  ( -0.2266711239922667709, 0.8674135200308059623, 0.05219504747477281964 ) ) ;
#1401 = CARTESIAN_POINT ( 'NONE',  ( 0.2150062539642098036, 0.8389222341956308338, -0.1361908691476780009 ) ) ;
#1402 = CARTESIAN_POINT ( 'NONE',  ( 0.03278687913293278078, -0.07709774135225101743, 0.1389585973287502663 ) ) ;
#1403 = CARTESIAN_POINT ( 'NONE',  ( -0.2010588194289584241, -0.6141296668802292968, -0.3811294789571127439 ) ) ;
#1404 = DIRECTION ( 'NONE',  ( 0.000000000000000000, -1.000000000000000000, -2.220446049250309876E-16 ) ) ;
#1405 = CARTESIAN_POINT ( 'NONE',  ( 0.1626128220800025226, 0.7129187507109372435, -0.008260173324905292769 ) ) ;
#1406 = EDGE_CURVE ( 'NONE', #1166, #2960, #1328, .T. ) ;
#1407 = CARTESIAN_POINT ( 'NONE',  ( -0.1483079321507772552, 0.5069166554615524012, 0.07068663646059665517 ) ) ;
#1408 = ORIENTED_EDGE ( 'NONE', *, *, #3693, .F. ) ;
#1409 = CARTESIAN_POINT ( 'NONE',  ( -0.1818520708063939006, 0.5067880069644010721, 0.008135966107944434325 ) ) ;
#1410 = CARTESIAN_POINT ( 'NONE',  ( -0.1536538263935572357, 0.5866037541561979207, -0.1264018614499914650 ) ) ;
#1411 = CC_DESIGN_PERSON_AND_ORGANIZATION_ASSIGNMENT ( #3983, #872, ( #2825 ) ) ;
#1412 = CARTESIAN_POINT ( 'NONE',  ( -0.2230074996806040988, 0.8326132098626998213, -0.08889430372241684253 ) ) ;
#1413 = CARTESIAN_POINT ( 'NONE',  ( 0.07316464429566416072, -0.2283532751455678300, 0.1282194996703954759 ) ) ;
#1414 = ORIENTED_EDGE ( 'NONE', *, *, #2020, .T. ) ;
#1415 = CARTESIAN_POINT ( 'NONE',  ( -0.1433327020060638779, 0.8757699378284617975, 0.07963021596129142565 ) ) ;
#1416 = DIRECTION ( 'NONE',  ( 0.000000000000000000, 1.000000000000000000, 2.220446049250309876E-16 ) ) ;
#1417 = CARTESIAN_POINT ( 'NONE',  ( 0.1845946006456230248, 0.8992297217130844622, -0.1192758209806476788 ) ) ;
#1418 = CARTESIAN_POINT ( 'NONE',  ( -0.03292536935840197077, -0.5106568048932035309, -0.3968462928919753718 ) ) ;
#1419 = ORIENTED_EDGE ( 'NONE', *, *, #3718, .F. ) ;
#1420 = DIRECTION ( 'NONE',  ( 6.678685382510718407E-17, 0.7071550692858419307, 0.7070584897894488519 ) ) ;
#1421 = CARTESIAN_POINT ( 'NONE',  ( -0.07105035101587139912, -0.4965673250578611087, 0.2859987485149284026 ) ) ;
#1422 = CARTESIAN_POINT ( 'NONE',  ( 0.2275334350752181711, 0.8406568002362266867, 0.02461314304598575045 ) ) ;
#1423 =( NAMED_UNIT ( * ) PLANE_ANGLE_UNIT ( ) SI_UNIT ( $, .RADIAN. ) );
#1424 = CARTESIAN_POINT ( 'NONE',  ( -0.1384231270084775312, 0.8886899311202219875, 0.07468758690197739580 ) ) ;
#1425 = CARTESIAN_POINT ( 'NONE',  ( 0.2325272031684506857, 0.8389501575388732535, -0.09867833288912056244 ) ) ;
#1426 = CARTESIAN_POINT ( 'NONE',  ( 0.08418269667101066500, -0.2605983664169660985, 0.1223980428312111124 ) ) ;
#1427 = CARTESIAN_POINT ( 'NONE',  ( -0.1512748749932179004, -0.6141296669392342089, -0.4114237153012110793 ) ) ;
#1428 = CARTESIAN_POINT ( 'NONE',  ( -0.1969469738557641791, 0.8992297217125786446, -0.08794485113580374769 ) ) ;
#1429 = CARTESIAN_POINT ( 'NONE',  ( 0.1590677262919577561, 0.5864758795970441696, 0.02450133224913756541 ) ) ;
#1430 = CARTESIAN_POINT ( 'NONE',  ( 0.01654238387821984485, -0.4093436732275985701, 0.05171811467829787873 ) ) ;
#1431 = EDGE_CURVE ( 'NONE', #3863, #1530, #3023, .T. ) ;
#1432 = CARTESIAN_POINT ( 'NONE',  ( 0.1408240805099094939, 0.8392626072388108538, -0.1669744355875841801 ) ) ;
#1433 = CARTESIAN_POINT ( 'NONE',  ( -0.1698784838701613564, 0.7531836166667638111, -0.08213896264550761550 ) ) ;
#1434 = CARTESIAN_POINT ( 'NONE',  ( 0.2518456119143969163, 0.8617621384309256394, -0.006927278324533556533 ) ) ;
#1435 = CARTESIAN_POINT ( 'NONE',  ( -0.2269280902592011873, 0.8971557337635592821, -0.06193420698673775954 ) ) ;
#1436 = ORIENTED_EDGE ( 'NONE', *, *, #101, .F. ) ;
#1437 = CARTESIAN_POINT ( 'NONE',  ( -0.2243044407622830638, 0.8384819050134605378, 0.01926859108335131007 ) ) ;
#1438 = CARTESIAN_POINT ( 'NONE',  ( -0.03481436104898383982, -0.1272295990548060474, 0.2220667178872823277 ) ) ;
#1439 = CARTESIAN_POINT ( 'NONE',  ( -0.06522670227274397770, 0.8916418770697283058, -0.1245004614081566818 ) ) ;
#1440 = CARTESIAN_POINT ( 'NONE',  ( -0.06522670227273487387, 0.8916418770697283058, 0.02773179657188414027 ) ) ;
#1441 = VERTEX_POINT ( 'NONE', #4199 ) ;
#1442 = CARTESIAN_POINT ( 'NONE',  ( -0.2310779062586021948, 0.8432145750232198367, -0.1601650720354467761 ) ) ;
#1443 = CARTESIAN_POINT ( 'NONE',  ( 0.1911174362130268478, -0.2700181318939549047, -0.01099756274142511293 ) ) ;
#1444 = CARTESIAN_POINT ( 'NONE',  ( 0.2477490059334849504, 0.8567572490479036240, -0.007076528312795662100 ) ) ;
#1445 = CARTESIAN_POINT ( 'NONE',  ( 0.1696526109260526605, 0.5318786610462613584, -0.1289840732419277880 ) ) ;
#1446 = CARTESIAN_POINT ( 'NONE',  ( -0.1128117278124885353, 0.8992297217125786446, 0.03235844533388259475 ) ) ;
#1447 = CARTESIAN_POINT ( 'NONE',  ( -0.06804347238508307028, -0.1512091525867519382, 0.1284489828898706665 ) ) ;
#1448 = AXIS2_PLACEMENT_3D ( 'NONE', #3649, #553, #2304 ) ;
#1449 = CARTESIAN_POINT ( 'NONE',  ( -0.1935871193356861752, -0.5565439823454267909, -0.3688508828490763558 ) ) ;
#1450 = CARTESIAN_POINT ( 'NONE',  ( -0.1666932046661176170, 0.5318801819489651361, -0.1292261950549498661 ) ) ;
#1451 = CARTESIAN_POINT ( 'NONE',  ( 0.1784557741574167855, 0.8493334389710489596, 0.07049341950642919186 ) ) ;
#1452 = CARTESIAN_POINT ( 'NONE',  ( -0.1474965489535898233, 0.5238332456224973344, 0.07002053297235685814 ) ) ;
#1453 = AXIS2_PLACEMENT_3D ( 'NONE', #2824, #2141, #1184 ) ;
#1454 = AXIS2_PLACEMENT_3D ( 'NONE', #26, #1404, #1309 ) ;
#1455 = CARTESIAN_POINT ( 'NONE',  ( 0.1369981599629842006, 0.8992297217125786446, 0.03138413205350200352 ) ) ;
#1456 = CARTESIAN_POINT ( 'NONE',  ( -0.1541631754304414459, 0.5865758385081498716, -0.1254140415476142911 ) ) ;
#1457 = CARTESIAN_POINT ( 'NONE',  ( 0.3908495858280882640, -0.6470671016748443805, -0.04838430862383964054 ) ) ;
#1458 = CARTESIAN_POINT ( 'NONE',  ( -0.2203377360694070697, 0.8971497043924774317, -0.1192097604305019792 ) ) ;
#1459 = CARTESIAN_POINT ( 'NONE',  ( -0.2075478143625789917, 0.8992297217125786446, -0.02177879525525343307 ) ) ;
#1460 = ORIENTED_EDGE ( 'NONE', *, *, #423, .T. ) ;
#1461 = CARTESIAN_POINT ( 'NONE',  ( 0.03779783969904799978, 0.8902132713026772448, -0.1451374140962933545 ) ) ;
#1462 = CARTESIAN_POINT ( 'NONE',  ( 0.001421322026237919643, 0.8916418770697283058, -0.04838433241814028146 ) ) ;
#1463 = CARTESIAN_POINT ( 'NONE',  ( 0.001421322026237919643, -0.9000000000000001332, -0.04838433241814063535 ) ) ;
#1464 = VERTEX_POINT ( 'NONE', #2841 ) ;
#1465 = DIRECTION ( 'NONE',  ( -6.678685382510708546E-17, -0.7071550692858419307, -0.7070584897894488519 ) ) ;
#1466 = CARTESIAN_POINT ( 'NONE',  ( -0.3343742843861343683, -0.4951482406719113771, 0.008139094742610002500 ) ) ;
#1467 = CARTESIAN_POINT ( 'NONE',  ( 0.2212301491065061243, 0.8971501039484945927, 0.02600619945701066263 ) ) ;
#1468 = B_SPLINE_SURFACE_WITH_KNOTS ( 'NONE', 3, 3, ( 
 ( #4082, #4420, #3005, #309, #3728, #222, #1310, #4060, #1268, #656, #948, #610 ),
 ( #1679, #1247, #1333, #4379, #2000, #2047, #1612, #969, #264, #2291, #2634, #2720 ),
 ( #2657, #3367, #2677, #2356, #3770, #244, #1701, #3707, #3071, #561, #902, #3344 ),
 ( #4442, #3748, #631, #3683, #1655, #4039, #4104, #925, #2313, #1635, #3048, #588 ),
 ( #3389, #2021, #1979, #3028, #2699, #3411, #4400, #992, #1065, #2089, #1018, #3542 ),
 ( #1451, #4218, #1744, #3458, #2471, #349, #3502, #1109, #698, #3094, #3481, #2111 ),
 ( #420, #5, #2493, #3520, #3793, #4174, #3879, #675, #1724, #3179, #720, #2151 ),
 ( #2404, #766, #2131, #2789, #2447, #372, #3137, #4467, #2066, #1357, #1087, #3836 ),
 ( #1768, #393, #1384, #3160, #47, #3814, #1405, #3857, #67, #1429, #1789, #1042 ),
 ( #3116, #329, #2814, #4197, #2839, #743, #2742, #4127, #27, #2768, #4151, #2428 ) ),
 .UNSPECIFIED., .F., .F., .F.,
 ( 4, 1, 1, 1, 1, 1, 1, 4 ),
 ( 4, 1, 1, 1, 1, 1, 1, 1, 1, 4 ),
 ( 0.000000000000000000, 0.01785714285714290125, 0.03571428571428569843, 0.07142857142857139685, 0.1428571428571430157, 0.2857142857142860315, 0.5714285714285709528, 1.000000000000000000 ),
 ( -1.764171772129220050, -1.517868491210099924, -1.271565210290979797, -1.148413569831419956, -1.025261929371870107, -0.9021102889123060464, -0.7789586484527469823, -0.5326553675336290761, -0.2863520866145100041, -0.04004880569539229912 ),
 .UNSPECIFIED. ) ;
#1469 = CARTESIAN_POINT ( 'NONE',  ( 0.2252634422155058991, 0.8384788766296812357, -0.1200617897372706772 ) ) ;
#1470 = CARTESIAN_POINT ( 'NONE',  ( 0.09013404105704488078, -0.2485309647191715210, 0.1192936012811053326 ) ) ;
#1471 = CARTESIAN_POINT ( 'NONE',  ( -0.08545836191043336416, -0.2085666303611065364, 0.1202479705128358667 ) ) ;
#1472 = CARTESIAN_POINT ( 'NONE',  ( 0.1243158083900914174, 0.7108084544199700927, 0.02005427975391492826 ) ) ;
#1473 = CARTESIAN_POINT ( 'NONE',  ( 0.02057189430847966224, -0.3642268059353040988, 0.1750971011118132581 ) ) ;
#1474 = CARTESIAN_POINT ( 'NONE',  ( 0.005301257129162817786, -0.4124521038490929770, 0.05278692948652522615 ) ) ;
#1475 = FACE_OUTER_BOUND ( 'NONE', #4246, .T. ) ;
#1476 = CARTESIAN_POINT ( 'NONE',  ( -0.1615899332120418475, 0.7562702442278205206, -0.1102931549560876717 ) ) ;
#1477 = CARTESIAN_POINT ( 'NONE',  ( 0.09359157982031458822, 0.8974842309092274650, 0.05942514160160788234 ) ) ;
#1478 = CARTESIAN_POINT ( 'NONE',  ( -0.2028952616876631421, 0.8992297217399009002, -0.1100343622322042247 ) ) ;
#1479 = CARTESIAN_POINT ( 'NONE',  ( -0.2493786368743352022, 0.8619060799516867766, -0.07600103769566726730 ) ) ;
#1480 = ORIENTED_EDGE ( 'NONE', *, *, #2073, .T. ) ;
#1481 = CARTESIAN_POINT ( 'NONE',  ( -0.007246284904624419182, -0.4114350785993378112, 0.05241495738825909662 ) ) ;
#1482 = CARTESIAN_POINT ( 'NONE',  ( -0.04010549581867652730, -0.3125915389742908723, 0.04387154888520947843 ) ) ;
#1483 = CARTESIAN_POINT ( 'NONE',  ( 0.08510690484722925608, -0.1801410358930735645, 0.1218794683575955690 ) ) ;
#1484 = VERTEX_POINT ( 'NONE', #2450 ) ;
#1485 = CARTESIAN_POINT ( 'NONE',  ( -0.06534239632962640654, 0.7823043668990230515, -0.1559074275053379255 ) ) ;
#1486 = EDGE_CURVE ( 'NONE', #1894, #3644, #1168, .T. ) ;
#1487 = CARTESIAN_POINT ( 'NONE',  ( -0.1441532401293631194, -0.2700181331125378059, 0.09057031477602706104 ) ) ;
#1488 = CARTESIAN_POINT ( 'NONE',  ( 0.1409369995169131584, 0.8904387038648892139, 0.07135156059154137975 ) ) ;
#1489 = CALENDAR_DATE ( 2026, 29, 6 ) ;
#1490 = VERTEX_POINT ( 'NONE', #352 ) ;
#1491 = CARTESIAN_POINT ( 'NONE',  ( -0.2211222689288265819, 0.8971413154608118834, 0.02071945403690175769 ) ) ;
#1492 = CARTESIAN_POINT ( 'NONE',  ( 0.1766068881145600455, 0.8869310776664142137, -0.1724004095210922849 ) ) ;
#1493 = CARTESIAN_POINT ( 'NONE',  ( -0.06701463927665413101, -0.1219461776069272196, 0.1286240633169423164 ) ) ;
#1494 = B_SPLINE_CURVE_WITH_KNOTS ( 'NONE', 3,
 ( #899, #1862, #2606, #2200, #1218 ),
 .UNSPECIFIED., .F., .F.,
 ( 4, 1, 4 ),
 ( 0.000000000000000000, 0.5714285714285709528, 1.000000000000000000 ),
 .UNSPECIFIED. ) ;
#1495 = CARTESIAN_POINT ( 'NONE',  ( -0.1695997082977799275, 0.5152581622552605545, 0.03369142300318409000 ) ) ;
#1496 = CARTESIAN_POINT ( 'NONE',  ( -0.1788064578414648720, 0.5318786610562720174, 0.007159698713865735552 ) ) ;
#1497 = CARTESIAN_POINT ( 'NONE',  ( 0.1413657480680876599, 0.8517196332607095410, -0.1724707395437261870 ) ) ;
#1498 = CARTESIAN_POINT ( 'NONE',  ( -0.1668099706392212889, 0.5318786610562693529, -0.1289840732406503099 ) ) ;
#1499 = CARTESIAN_POINT ( 'NONE',  ( 0.1369981599629843949, 0.8992297217125786446, 0.03138413205350200352 ) ) ;
#1500 = CARTESIAN_POINT ( 'NONE',  ( -0.2315656165480076689, 0.8736973723087694266, -0.1437414943060364159 ) ) ;
#1501 = CARTESIAN_POINT ( 'NONE',  ( 0.001421322026237905331, -0.4124612200131084205, 0.05278692948652531636 ) ) ;
#1502 = ORIENTED_EDGE ( 'NONE', *, *, #3182, .T. ) ;
#1503 = CARTESIAN_POINT ( 'NONE',  ( -0.02392022494741458463, -0.1059328069309956322, 0.2332543192700470003 ) ) ;
#1504 = CARTESIAN_POINT ( 'NONE',  ( 0.001421322026237919643, -0.9000000000000001332, -0.04838433241814063535 ) ) ;
#1505 = CARTESIAN_POINT ( 'NONE',  ( 0.1316368157986585741, -0.4944386986044844168, -0.3572441396876274156 ) ) ;
#1506 = ORIENTED_EDGE ( 'NONE', *, *, #1231, .T. ) ;
#1507 = CARTESIAN_POINT ( 'NONE',  ( -0.08850865457053713747, 0.5318801819402386721, -0.2175623766986761465 ) ) ;
#1508 = DIRECTION ( 'NONE',  ( -4.084033309063900628E-18, -0.7070584897894488519, 0.7071550692858419307 ) ) ;
#1509 = CARTESIAN_POINT ( 'NONE',  ( 0.2250707197132094106, 0.8971495662556733253, 0.01839728026063739905 ) ) ;
#1510 = APPROVAL_ROLE ( '' ) ;
#1511 = ORIENTED_EDGE ( 'NONE', *, *, #4231, .F. ) ;
#1512 = FACE_OUTER_BOUND ( 'NONE', #1094, .T. ) ;
#1513 = CARTESIAN_POINT ( 'NONE',  ( -0.1474994874801128508, 0.8992297217125786446, 0.04212873962344883955 ) ) ;
#1514 = CARTESIAN_POINT ( 'NONE',  ( 0.1570672843176667555, 0.8879040176499870540, -0.1729912993632875262 ) ) ;
#1515 = CARTESIAN_POINT ( 'NONE',  ( -0.02380121427004716975, -0.1300306414837708036, 0.2002765472627073551 ) ) ;
#1516 = CARTESIAN_POINT ( 'NONE',  ( -0.1696313121687404446, 0.5068152615927373761, 0.03362550499273835036 ) ) ;
#1517 = EDGE_CURVE ( 'NONE', #778, #2231, #2358, .T. ) ;
#1518 = CARTESIAN_POINT ( 'NONE',  ( 0.001421322026237919643, 0.8916418770697283058, -0.04838433241814028146 ) ) ;
#1519 = CARTESIAN_POINT ( 'NONE',  ( 0.2256938178180350474, 0.8325290235729198018, -0.09068428560935876126 ) ) ;
#1520 = CARTESIAN_POINT ( 'NONE',  ( -0.2144479768702531874, 0.8308404879510413732, 0.02464882321329073950 ) ) ;
#1521 = CARTESIAN_POINT ( 'NONE',  ( 0.09168782217922566424, 0.8992297217125786446, 0.03345248390985156028 ) ) ;
#1522 = CARTESIAN_POINT ( 'NONE',  ( -0.2033198905408964974, 0.8992297217398540488, -0.1091527327689290339 ) ) ;
#1523 = CARTESIAN_POINT ( 'NONE',  ( -0.07022530409515843897, 0.8992297217125786446, 0.03344050624613655043 ) ) ;
#1524 = B_SPLINE_CURVE_WITH_KNOTS ( 'NONE', 3,
 ( #1049, #2870, #2137, #2434, #403, #2115, #704 ),
 .UNSPECIFIED., .F., .F.,
 ( 4, 1, 1, 1, 4 ),
 ( 0.000000000000000000, 0.2142857142857140795, 0.4285714285714290472, 0.7142857142857139685, 1.000000000000000000 ),
 .UNSPECIFIED. ) ;
#1525 = ORIENTED_EDGE ( 'NONE', *, *, #1846, .T. ) ;
#1526 = CIRCLE ( 'NONE', #4275, 0.1011712619046658546 ) ;
#1527 = CARTESIAN_POINT ( 'NONE',  ( 0.001420950587985925608, 0.8951461152516564379, -0.1606087679652753730 ) ) ;
#1528 = CARTESIAN_POINT ( 'NONE',  ( 0.3907623593410837204, -0.6470670976379648831, -0.09019880391625316463 ) ) ;
#1529 = CARTESIAN_POINT ( 'NONE',  ( -0.05493604805459667562, -0.09471476387433104549, 0.1327819928211641243 ) ) ;
#1530 = VERTEX_POINT ( 'NONE', #2473 ) ;
#1531 = CARTESIAN_POINT ( 'NONE',  ( -0.1214731680714746104, 0.7108084544286740192, -0.1168229445894340690 ) ) ;
#1532 = CARTESIAN_POINT ( 'NONE',  ( 0.1673632462982136693, 0.7338151726682212717, -0.06724157930312313347 ) ) ;
#1533 = CARTESIAN_POINT ( 'NONE',  ( 0.2437405229793410677, 0.8735215849752121509, 0.03113149496648242448 ) ) ;
#1534 = COORDINATED_UNIVERSAL_TIME_OFFSET ( 8, 0, .AHEAD. ) ;
#1535 = ORIENTED_EDGE ( 'NONE', *, *, #2177, .F. ) ;
#1536 = CARTESIAN_POINT ( 'NONE',  ( -0.05541380926162668696, -0.2558429893861630111, 0.1625855531514772689 ) ) ;
#1537 = CARTESIAN_POINT ( 'NONE',  ( 0.08844742570102473445, -0.2082604424847669389, 0.1201776691523660928 ) ) ;
#1538 = CARTESIAN_POINT ( 'NONE',  ( -0.08557516669639779472, -0.2084138203396491695, 0.1201868544849909320 ) ) ;
#1539 = ADVANCED_FACE ( 'NONE', ( #723 ), #1747, .T. ) ;
#1540 = CARTESIAN_POINT ( 'NONE',  ( 0.2179066119099213883, 0.8319489462179903150, -0.1172036892186480994 ) ) ;
#1541 = CARTESIAN_POINT ( 'NONE',  ( -0.1793126881885518387, 0.7765448084809423168, -0.02017257210858935945 ) ) ;
#1542 = CARTESIAN_POINT ( 'NONE',  ( 0.04750695196116812291, 0.8975710506384869669, 0.05980785313569033507 ) ) ;
#1543 = CARTESIAN_POINT ( 'NONE',  ( -0.1505110243423073146, 0.8992297217169185064, -0.1290827664715034906 ) ) ;
#1544 = CARTESIAN_POINT ( 'NONE',  ( -0.1649302337870062196, -0.4944386985515895616, -0.3217576747150557304 ) ) ;
#1545 = ORIENTED_EDGE ( 'NONE', *, *, #3327, .T. ) ;
#1546 = B_SPLINE_SURFACE_WITH_KNOTS ( 'NONE', 3, 3, ( 
 ( #271, #2363, #2320, #3011, #1295, #3395, #2726, #1985, #977, #1641, #1708, #594 ),
 ( #1662, #3034, #4046, #1341, #3713, #932, #3056, #4088, #1316, #2685, #3351, #955 ),
 ( #4473, #3776, #3754, #637, #3374, #3420, #4110, #3443, #1364, #250, #295, #4068 ),
 ( #2341, #1686, #3077, #3734, #3690, #4449, #998, #2385, #661, #568, #2052, #314 ) ),
 .UNSPECIFIED., .F., .F., .F.,
 ( 4, 4 ),
 ( 4, 1, 1, 1, 2, 1, 1, 1, 4 ),
 ( 0.000000000000000000, 1.000000000000000000 ),
 ( 0.000000000000000000, 0.07865933440868640159, 0.1573186688173729975, 0.2359780032260589966, 0.3932966720434319940, 0.5506156649092389666, 0.6292751613421430079, 0.7079346577750470493, 0.7865941542079509796 ),
 .UNSPECIFIED. ) ;
#1547 = CARTESIAN_POINT ( 'NONE',  ( -0.06910362046920029422, 0.8992297217125786446, -0.1289281396271141911 ) ) ;
#1548 = CARTESIAN_POINT ( 'NONE',  ( -0.1619329534124172021, 0.8598661535549132484, -0.1757429851291815726 ) ) ;
#1549 = CARTESIAN_POINT ( 'NONE',  ( -0.1929752349502866504, 0.8992297217398450560, -0.1069610629294306531 ) ) ;
#1550 = ORIENTED_EDGE ( 'NONE', *, *, #1180, .T. ) ;
#1551 = CARTESIAN_POINT ( 'NONE',  ( 0.1413657480680844403, 0.8517196332607005482, 0.07570207470744708123 ) ) ;
#1552 = CARTESIAN_POINT ( 'NONE',  ( -0.1294298089507636140, -0.2700181330589905282, -0.1908166350572546854 ) ) ;
#1553 = CARTESIAN_POINT ( 'NONE',  ( 0.2318983932497582778, 0.8871247848049277351, 0.04127514908301309349 ) ) ;
#1554 = DATE_AND_TIME ( #1854, #2393 ) ;
#1555 = ORIENTED_EDGE ( 'NONE', *, *, #52, .T. ) ;
#1556 = CARTESIAN_POINT ( 'NONE',  ( -0.2200186253385187363, 0.8971413649409111235, 0.02295922763110654768 ) ) ;
#1557 = CARTESIAN_POINT ( 'NONE',  ( 0.003441761168526011501, -0.1061061830215986462, 0.2172590682519214278 ) ) ;
#1558 = DIRECTION ( 'NONE',  ( -1.000000000000000000, 0.000000000000000000, 0.000000000000000000 ) ) ;
#1559 = CARTESIAN_POINT ( 'NONE',  ( -0.1611419323468513132, 0.7738341306993098412, -0.02344523239202833675 ) ) ;
#1560 = CARTESIAN_POINT ( 'NONE',  ( 0.2166789256733819280, 0.8319636952811472197, -0.1195496280490138397 ) ) ;
#1561 = CARTESIAN_POINT ( 'NONE',  ( -0.2040711920192075091, 0.8209915190536152263, 0.01913159597561672753 ) ) ;
#1562 = CARTESIAN_POINT ( 'NONE',  ( 0.1418846771334053292, 0.8715825698394841226, 0.08096765104042130679 ) ) ;
#1563 = CARTESIAN_POINT ( 'NONE',  ( -0.1933280367073343109, 0.8992297217398829146, -0.1063058229476339100 ) ) ;
#1564 = DIRECTION ( 'NONE',  ( -5.843279076974509016E-17, -0.7071550692858419307, -0.7070584897894488519 ) ) ;
#1565 = ADVANCED_FACE ( 'NONE', ( #1475 ), #3287, .T. ) ;
#1566 = ORIENTED_EDGE ( 'NONE', *, *, #2211, .T. ) ;
#1567 = EDGE_CURVE ( 'NONE', #3661, #3296, #3340, .T. ) ;
#1568 = CARTESIAN_POINT ( 'NONE',  ( -0.07022530409516779260, 0.8992297217125786446, -0.1302091710824071213 ) ) ;
#1569 = B_SPLINE_CURVE_WITH_KNOTS ( 'NONE', 3,
 ( #2936, #2521, #1156, #454, #3660, #3998, #2226 ),
 .UNSPECIFIED., .F., .F.,
 ( 4, 1, 1, 1, 4 ),
 ( 0.000000000000000000, 0.2857142857142860315, 0.5714285714285709528, 0.7857142857142859205, 1.000000000000000000 ),
 .UNSPECIFIED. ) ;
#1570 = CARTESIAN_POINT ( 'NONE',  ( -0.1099695118948857131, 0.8023393397513237657, -0.1582583602884024554 ) ) ;
#1571 = CARTESIAN_POINT ( 'NONE',  ( 0.1911174362130264870, -0.2082604419367170279, -0.04838433241814323743 ) ) ;
#1572 = ORIENTED_EDGE ( 'NONE', *, *, #1052, .F. ) ;
#1573 = B_SPLINE_CURVE_WITH_KNOTS ( 'NONE', 3,
 ( #2886, #2693, #3676, #2284, #1628, #4054, #3020 ),
 .UNSPECIFIED., .F., .F.,
 ( 4, 1, 1, 1, 4 ),
 ( 0.000000000000000000, 0.2142857142857140795, 0.4285714285714290472, 0.7142857142857139685, 1.000000000000000000 ),
 .UNSPECIFIED. ) ;
#1574 = CARTESIAN_POINT ( 'NONE',  ( 0.2258501420219475309, 0.8326132097312243241, -0.08889430407463363992 ) ) ;
#1575 = CARTESIAN_POINT ( 'NONE',  ( 0.2059125456015556133, 0.8992297217921063623, 0.01290356303951479405 ) ) ;
#1576 = CIRCLE ( 'NONE', #3538, 0.1011712619046658407 ) ;
#1577 = ORIENTED_EDGE ( 'NONE', *, *, #908, .T. ) ;
#1578 = CARTESIAN_POINT ( 'NONE',  ( -0.2266052930335349658, 0.8971481280008867243, 0.001372959649590161594 ) ) ;
#1579 = CARTESIAN_POINT ( 'NONE',  ( -0.007640074450298166980, -0.08904636205416679995, 0.1505830285971178628 ) ) ;
#1580 = CARTESIAN_POINT ( 'NONE',  ( -0.1882752243644311152, 0.5152694323802585741, -0.07664703234205885729 ) ) ;
#1581 = CARTESIAN_POINT ( 'NONE',  ( -0.1416430528452360671, 0.7006431350619628518, -0.06972668706339814337 ) ) ;
#1582 = UNCERTAINTY_MEASURE_WITH_UNIT (LENGTH_MEASURE( 1.000000000000000082E-05 ), #2083, 'distance_accuracy_value', 'NONE');
#1583 = CARTESIAN_POINT ( 'NONE',  ( 0.2184215720314720000, 0.8319462653602415214, -0.1161596561203116634 ) ) ;
#1584 = CARTESIAN_POINT ( 'NONE',  ( -0.1446973213820238191, 0.6845293804400881532, 0.02406071981732640572 ) ) ;
#1585 = AXIS2_PLACEMENT_3D ( 'NONE', #2229, #566, #204 ) ;
#1586 = CARTESIAN_POINT ( 'NONE',  ( -0.2199015435195788570, 0.8320063442033190926, 0.009207556444888352273 ) ) ;
#1587 = CARTESIAN_POINT ( 'NONE',  ( -0.2153138153154008916, 0.8319472455463031713, -0.1167035918035199960 ) ) ;
#1588 = DIRECTION ( 'NONE',  ( 6.678685382510698685E-17, 0.7071550692858419307, 0.7070584897894488519 ) ) ;
#1589 = EDGE_LOOP ( 'NONE', ( #2460, #1116, #2117, #3236, #888, #4333, #2029 ) ) ;
#1590 = CARTESIAN_POINT ( 'NONE',  ( 0.05683119375434317333, -0.2659185885688679085, 0.1660400982912582923 ) ) ;
#1591 = CARTESIAN_POINT ( 'NONE',  ( 0.1724739525415432129, 0.5068152615972678632, 0.03362550480659234203 ) ) ;
#1592 = CARTESIAN_POINT ( 'NONE',  ( 0.001421322944922050798, 0.8882661085049256000, -0.1495537535749726088 ) ) ;
#1593 = AXIS2_PLACEMENT_3D ( 'NONE', #83, #1465, #1162 ) ;
#1594 = CARTESIAN_POINT ( 'NONE',  ( 0.07088430617248044074, 0.5326026083659364252, 0.1284349203227340974 ) ) ;
#1595 = ORIENTED_EDGE ( 'NONE', *, *, #1707, .F. ) ;
#1596 = CC_DESIGN_APPROVAL ( #2548, ( #4348 ) ) ;
#1597 = AXIS2_PLACEMENT_3D ( 'NONE', #1163, #528, #189 ) ;
#1598 = CARTESIAN_POINT ( 'NONE',  ( 0.1415464203468390081, 0.8809104433477453755, 0.07753535740178213453 ) ) ;
#1599 = CARTESIAN_POINT ( 'NONE',  ( 0.1435047504073454216, 0.8973927860446426763, -0.1551408355066766775 ) ) ;
#1600 = CARTESIAN_POINT ( 'NONE',  ( -0.2446959371588634524, 0.8559574791682348360, -0.1009488199258384428 ) ) ;
#1601 = CARTESIAN_POINT ( 'NONE',  ( 0.1944520420447838627, 0.8992297217912640361, 0.01244007989144868022 ) ) ;
#1602 = ORIENTED_EDGE ( 'NONE', *, *, #2345, .F. ) ;
#1603 = CC_DESIGN_DATE_AND_TIME_ASSIGNMENT ( #510, #2901, ( #2825 ) ) ;
#1604 = B_SPLINE_CURVE_WITH_KNOTS ( 'NONE', 3,
 ( #866, #1939, #3325, #595, #4468, #2252, #525, #1571 ),
 .UNSPECIFIED., .F., .F.,
 ( 4, 1, 1, 1, 1, 4 ),
 ( 0.000000000000000000, 0.1428571428571450974, 0.4285714285714375960, 0.7142857142857078623, 0.8571428571428540977, 1.000000000000000000 ),
 .UNSPECIFIED. ) ;
#1605 = CARTESIAN_POINT ( 'NONE',  ( -0.03413861874982280359, -0.1444384375113255681, 0.1663280304255196906 ) ) ;
#1606 = CARTESIAN_POINT ( 'NONE',  ( 0.06806934630992778068, 0.8916418770697283058, -0.1245004614215465266 ) ) ;
#1607 = CARTESIAN_POINT ( 'NONE',  ( 0.08612201799107520317, -0.2684160051739250541, 0.1266993783044655653 ) ) ;
#1608 = CARTESIAN_POINT ( 'NONE',  ( 0.09248061273937867310, 0.8992297217125786446, -0.1404172681584685278 ) ) ;
#1609 = CARTESIAN_POINT ( 'NONE',  ( -0.1668099706395020920, 0.5318786610550481075, 0.03221540840450235615 ) ) ;
#1610 = CARTESIAN_POINT ( 'NONE',  ( -0.2145846641837260427, 0.8319533841946686881, 0.02137348401240569268 ) ) ;
#1611 = CARTESIAN_POINT ( 'NONE',  ( -0.1929752349502866504, 0.8992297217398450560, -0.1069610629294306531 ) ) ;
#1612 = CARTESIAN_POINT ( 'NONE',  ( 0.1189463042613250199, 0.7235675115570013860, 0.05235515136602488656 ) ) ;
#1613 = ORIENTED_EDGE ( 'NONE', *, *, #76, .F. ) ;
#1614 = CARTESIAN_POINT ( 'NONE',  ( -0.04652782109288288587, -0.2943167151553691130, 0.1630106445323962205 ) ) ;
#1615 = CARTESIAN_POINT ( 'NONE',  ( -0.2107543407294852900, 0.8320423110241980114, 0.02796229779443566710 ) ) ;
#1616 = CARTESIAN_POINT ( 'NONE',  ( 0.1911178116721057030, 0.5067861856395357023, -0.02011219866976713538 ) ) ;
#1617 = CARTESIAN_POINT ( 'NONE',  ( 0.07266186366138478736, -0.2545787098807644755, -0.2371647245068734533 ) ) ;
#1618 = CARTESIAN_POINT ( 'NONE',  ( -0.2235716940679459419, 0.8326795364614181238, -0.02139007080456234097 ) ) ;
#1619 = CARTESIAN_POINT ( 'NONE',  ( -0.1962992259010539475, 0.8992297217126831166, 0.002333561449706067579 ) ) ;
#1620 = ORIENTED_EDGE ( 'NONE', *, *, #2990, .F. ) ;
#1621 = CARTESIAN_POINT ( 'NONE',  ( 0.1408240805099069404, 0.8392626072388018610, 0.07020577075130399192 ) ) ;
#1622 = CARTESIAN_POINT ( 'NONE',  ( 0.1776568053919270473, 0.8722897545748850012, -0.1752994828953756135 ) ) ;
#1623 = CARTESIAN_POINT ( 'NONE',  ( -0.2387792699319580270, 0.8553065206186718505, -0.1221458254018633893 ) ) ;
#1624 = CARTESIAN_POINT ( 'NONE',  ( 0.1380004822313887769, 0.8992297217125786446, 0.04155470211254268936 ) ) ;
#1625 = CARTESIAN_POINT ( 'NONE',  ( 0.1408240805099069404, 0.8392626072388018610, 0.07020577075130399192 ) ) ;
#1626 = ADVANCED_FACE ( 'NONE', ( #1885, #3268 ), #196, .T. ) ;
#1627 = CARTESIAN_POINT ( 'NONE',  ( 0.05578828374307184812, -0.1981644744391318491, 0.1879145669988167844 ) ) ;
#1628 = CARTESIAN_POINT ( 'NONE',  ( -0.1390420350964496066, 0.8715825698522867704, 0.08096765092809381226 ) ) ;
#1629 = CARTESIAN_POINT ( 'NONE',  ( 0.07565483741702702658, -0.2284091540168915191, 0.1269199077913138740 ) ) ;
#1630 = AXIS2_PLACEMENT_3D ( 'NONE', #4270, #4248, #776 ) ;
#1631 = CARTESIAN_POINT ( 'NONE',  ( -0.2364980123640863241, -0.4944410990971980779, -0.2782108952119658474 ) ) ;
#1632 = CARTESIAN_POINT ( 'NONE',  ( -0.1635212035117316054, 0.8587427275331163123, 0.07823942591387171575 ) ) ;
#1633 = CARTESIAN_POINT ( 'NONE',  ( 0.001780643992423894739, -0.6470671015855463670, 0.3548990257794384373 ) ) ;
#1634 = CARTESIAN_POINT ( 'NONE',  ( -0.1971474964803431040, 0.8992297217148826904, -0.09361291573694886792 ) ) ;
#1635 = CARTESIAN_POINT ( 'NONE',  ( 0.1566242718687589630, 0.5865961653131542830, 0.02938702782715728323 ) ) ;
#1636 = ORIENTED_EDGE ( 'NONE', *, *, #3381, .T. ) ;
#1637 = CARTESIAN_POINT ( 'NONE',  ( -0.03808641935957794017, -0.3247284304933283350, 0.1606819215308008808 ) ) ;
#1638 = CARTESIAN_POINT ( 'NONE',  ( -0.2063437796000672786, 0.8322180957468606755, 0.03431183423229991480 ) ) ;
#1639 = CARTESIAN_POINT ( 'NONE',  ( 0.05846196373762747173, -0.2579787915478693461, 0.1570169362370371358 ) ) ;
#1640 = CARTESIAN_POINT ( 'NONE',  ( -0.03043906204100424104, -0.3626793445428097562, -0.2632929241276706911 ) ) ;
#1641 = CARTESIAN_POINT ( 'NONE',  ( 0.1487008804888313995, 0.5320312788480907606, -0.1654576339710172594 ) ) ;
#1642 = ORIENTED_EDGE ( 'NONE', *, *, #773, .F. ) ;
#1643 = CARTESIAN_POINT ( 'NONE',  ( 0.2258501420219507783, 0.8326132097312225477, -0.007874360761653069127 ) ) ;
#1644 = CARTESIAN_POINT ( 'NONE',  ( 0.1459329554523625672, 0.8585061336808513799, -0.1743612307816098939 ) ) ;
#1645 = CARTESIAN_POINT ( 'NONE',  ( -0.2282274475145531500, 0.8555535443634687542, -0.1412038767094176694 ) ) ;
#1646 = CARTESIAN_POINT ( 'NONE',  ( 0.2041446387551239805, 0.8992297217916814800, 0.01621490933652288899 ) ) ;
#1647 = DIRECTION ( 'NONE',  ( 1.000000000000000000, 3.788159342450042512E-14, -1.241999130729167688E-11 ) ) ;
#1648 = CARTESIAN_POINT ( 'NONE',  ( 0.1408240805099094939, 0.8392626072388108538, -0.1669744355875841801 ) ) ;
#1649 = CARTESIAN_POINT ( 'NONE',  ( 0.1968921424459781078, 0.8992297217919585917, 0.008078582404584935817 ) ) ;
#1650 = CARTESIAN_POINT ( 'NONE',  ( -0.3293866806240786094, -0.4944483011334300238, -0.04267976607710477488 ) ) ;
#1651 = CARTESIAN_POINT ( 'NONE',  ( -0.1104173743670751606, 0.7500571388709166287, 0.05567135893778707434 ) ) ;
#1652 = EDGE_CURVE ( 'NONE', #3986, #4111, #1494, .T. ) ;
#1653 = DIRECTION ( 'NONE',  ( 0.000000000000000000, 1.000000000000000000, 0.000000000000000000 ) ) ;
#1654 = CARTESIAN_POINT ( 'NONE',  ( -0.2010588195095541209, -0.6470671012587331239, -0.3811294789080672540 ) ) ;
#1655 = CARTESIAN_POINT ( 'NONE',  ( 0.1135735243641181474, 0.7728729151818519716, 0.05708487429187358853 ) ) ;
#1656 = EDGE_CURVE ( 'NONE', #2412, #823, #473, .T. ) ;
#1657 = ORIENTED_EDGE ( 'NONE', *, *, #3381, .F. ) ;
#1658 = CARTESIAN_POINT ( 'NONE',  ( 0.07931262935012819981, -0.2668940390813083208, 0.1297220641606924851 ) ) ;
#1659 = CARTESIAN_POINT ( 'NONE',  ( -0.2155789307725225756, 0.8319462642617213577, 0.01939100822482316480 ) ) ;
#1660 = CARTESIAN_POINT ( 'NONE',  ( -0.1507896578238778207, 0.8488346294102734335, -0.1700375042585934859 ) ) ;
#1661 = CARTESIAN_POINT ( 'NONE',  ( 0.3214304216026429573, -0.4944386987052635796, -0.08044887902756026055 ) ) ;
#1662 = CARTESIAN_POINT ( 'NONE',  ( -0.1686100969123315030, 0.5237005116887780698, -0.1300666913989478313 ) ) ;
#1663 = ORIENTED_EDGE ( 'NONE', *, *, #2939, .T. ) ;
#1664 = CARTESIAN_POINT ( 'NONE',  ( 0.1648866289531696616, 0.8599519767615327881, -0.1757862975083679113 ) ) ;
#1665 = CARTESIAN_POINT ( 'NONE',  ( 0.1483438646772818892, 0.8992297217127155351, -0.1288531246026422827 ) ) ;
#1666 = CARTESIAN_POINT ( 'NONE',  ( -0.1805204601238392381, 0.8341275891793367148, -0.1541618005674411374 ) ) ;
#1667 = CARTESIAN_POINT ( 'NONE',  ( 0.2061615028136235817, 0.8992297217919585917, 0.01238441279341440278 ) ) ;
#1668 = CIRCLE ( 'NONE', #1597, 0.02529281547616646711 ) ;
#1669 = CARTESIAN_POINT ( 'NONE',  ( -0.1668099706378884106, 0.5318786610624794964, 0.03221540840347347778 ) ) ;
#1670 = B_SPLINE_CURVE_WITH_KNOTS ( 'NONE', 3,
 ( #1749, #1048, #1363, #2155, #2818, #4222, #1412 ),
 .UNSPECIFIED., .F., .F.,
 ( 4, 1, 1, 1, 4 ),
 ( 0.000000000000000000, 0.2142857142857140795, 0.4285714285714290472, 0.7142857142857139685, 1.000000000000000000 ),
 .UNSPECIFIED. ) ;
#1671 = CARTESIAN_POINT ( 'NONE',  ( -0.02392022494741458463, -0.1059328069309956322, 0.2332543192700470003 ) ) ;
#1672 = CARTESIAN_POINT ( 'NONE',  ( 0.1408240805099069404, 0.8392626072388018610, 0.07020577075130399192 ) ) ;
#1673 = CARTESIAN_POINT ( 'NONE',  ( 0.1999900520120432013, 0.8992297217193161440, -0.003155696291997581865 ) ) ;
#1674 = CARTESIAN_POINT ( 'NONE',  ( 0.008846687649492462197, -0.2789860815012751849, 0.05259993619212297022 ) ) ;
#1675 = CARTESIAN_POINT ( 'NONE',  ( -0.1062522630969995330, 0.7743826632314754210, 0.05883919807020215192 ) ) ;
#1676 = AXIS2_PLACEMENT_3D ( 'NONE', #1462, #802, #3954 ) ;
#1677 = CARTESIAN_POINT ( 'NONE',  ( -0.2170597903618723679, 0.8319487785590747864, 0.01621318967920615944 ) ) ;
#1678 = CARTESIAN_POINT ( 'NONE',  ( -0.1800558990491547828, 0.7772785411957802149, -0.06439782761161966240 ) ) ;
#1679 = CARTESIAN_POINT ( 'NONE',  ( 0.1652689744915973591, 0.8594611585856523073, 0.07871926829867409436 ) ) ;
#1680 = EDGE_LOOP ( 'NONE', ( #1137, #4380 ) ) ;
#1681 = ADVANCED_FACE ( 'NONE', ( #155 ), #1951, .T. ) ;
#1682 = CARTESIAN_POINT ( 'NONE',  ( -0.08018036190839235300, -0.2971415434175482817, 0.1343174308436554665 ) ) ;
#1683 = CARTESIAN_POINT ( 'NONE',  ( -0.2150639705834269944, 0.8319489451193207152, 0.02043504145338046959 ) ) ;
#1684 = CARTESIAN_POINT ( 'NONE',  ( -0.1688093160983486773, 0.8543900446616582434, -0.1718324162985175874 ) ) ;
#1685 = CARTESIAN_POINT ( 'NONE',  ( -0.1649302337870062196, -0.4944386985515895616, -0.3217576747150557304 ) ) ;
#1686 = CARTESIAN_POINT ( 'NONE',  ( -0.1634878860425294789, 0.5067578432044320680, -0.1432078668618547990 ) ) ;
#1687 = ORIENTED_EDGE ( 'NONE', *, *, #2286, .T. ) ;
#1688 = EDGE_CURVE ( 'NONE', #1464, #1822, #3279, .T. ) ;
#1689 = CARTESIAN_POINT ( 'NONE',  ( 0.2292373992581441533, 0.8971524113038241710, -0.007750954189210057348 ) ) ;
#1690 = CARTESIAN_POINT ( 'NONE',  ( 0.1911699366958331536, 0.8992297217130844622, -0.1271734920098520627 ) ) ;
#1691 = CARTESIAN_POINT ( 'NONE',  ( -0.2358996280234227361, 0.8553087469669834464, -0.1282102920500680088 ) ) ;
#1692 = CARTESIAN_POINT ( 'NONE',  ( -0.2415244354007394512, -0.5565439823232039007, -0.3396803461136017610 ) ) ;
#1693 = CARTESIAN_POINT ( 'NONE',  ( 0.2185193550818876618, 0.8319460411263144284, 0.01918780183690214913 ) ) ;
#1694 = CARTESIAN_POINT ( 'NONE',  ( 0.1594806671086803629, 0.5864552411168564294, 0.02364884438534419972 ) ) ;
#1695 = CARTESIAN_POINT ( 'NONE',  ( 0.2453429413875561904, 0.8554377192843141131, 0.01574927907353628614 ) ) ;
#1696 = CARTESIAN_POINT ( 'NONE',  ( 0.06806934623157026576, 0.8956148632184679492, 0.02773179665387660864 ) ) ;
#1697 = CARTESIAN_POINT ( 'NONE',  ( 0.002511336840373159379, -0.2783184794376865057, 0.05278692948652521227 ) ) ;
#1698 = CARTESIAN_POINT ( 'NONE',  ( -0.1620439860710516933, 0.8599519764138536804, 0.07901763241209951161 ) ) ;
#1699 = CARTESIAN_POINT ( 'NONE',  ( 0.3273875167765810112, -0.4944386986394007089, 0.01066363914008031794 ) ) ;
#1700 = CARTESIAN_POINT ( 'NONE',  ( 0.1900416756684225050, 0.5237671256242619755, -0.07647586718111287762 ) ) ;
#1701 = CARTESIAN_POINT ( 'NONE',  ( 0.1198385239877770708, 0.7234132744986132568, 0.05176867179190602214 ) ) ;
#1702 = CARTESIAN_POINT ( 'NONE',  ( -0.1676619148206324739, 0.8992297217278246713, -0.1267030720569513047 ) ) ;
#1703 = EDGE_LOOP ( 'NONE', ( #2721, #2276, #2121, #705, #207, #2553 ) ) ;
#1704 = CARTESIAN_POINT ( 'NONE',  ( -0.01226032352459811847, -0.3352790050103836017, 0.1678701380533242082 ) ) ;
#1705 = CARTESIAN_POINT ( 'NONE',  ( -0.1068973933776816987, 0.7740934751429811023, -0.1553651431827143825 ) ) ;
#1706 = CARTESIAN_POINT ( 'NONE',  ( 0.08016689427151585390, -0.3626793444350320805, -0.2570442211646500885 ) ) ;
#1707 = EDGE_CURVE ( 'NONE', #4003, #3210, #2201, .T. ) ;
#1708 = CARTESIAN_POINT ( 'NONE',  ( 0.1637821672021065877, 0.5320262522870887745, -0.1410731197380412083 ) ) ;
#1709 = EDGE_LOOP ( 'NONE', ( #2074, #3911, #1120, #1726, #972 ) ) ;
#1710 = ADVANCED_FACE ( 'NONE', ( #921 ), #2062, .T. ) ;
#1711 = CARTESIAN_POINT ( 'NONE',  ( -0.2303875763242958785, 0.8394189045642065361, -0.005631244153003403877 ) ) ;
#1712 = CARTESIAN_POINT ( 'NONE',  ( 0.2264143364300494343, 0.8326795363302431641, -0.07537859396218304919 ) ) ;
#1713 = CARTESIAN_POINT ( 'NONE',  ( 0.2033713599197254085, 0.8992297217131852705, -0.1142458041632539306 ) ) ;
#1714 = CARTESIAN_POINT ( 'NONE',  ( -0.2266471455438470173, 0.8971566171416537339, -0.09814745855506305794 ) ) ;
#1715 = CARTESIAN_POINT ( 'NONE',  ( 0.1855940543228045136, -0.5565439825210851676, 0.2935892952722288785 ) ) ;
#1716 = CYLINDRICAL_SURFACE ( 'NONE', #3193, 0.3895093583329642950 ) ;
#1717 = CARTESIAN_POINT ( 'NONE',  ( 0.3238760955094789895, -0.4965673251819459066, -0.04838433241814333458 ) ) ;
#1718 = CARTESIAN_POINT ( 'NONE',  ( 0.2398881586597161886, 0.8552993228129313064, 0.02913606122852157448 ) ) ;
#1719 = CARTESIAN_POINT ( 'NONE',  ( 0.1546181573806556242, 0.7738341305112153012, 0.02502005039630573677 ) ) ;
#1720 = CARTESIAN_POINT ( 'NONE',  ( 0.03929751762955360772, -0.003896314204935374774, 0.4076456094562680432 ) ) ;
#1721 = CARTESIAN_POINT ( 'NONE',  ( -0.1493216901743390779, 0.8501218100955207913, 0.07405357394785418157 ) ) ;
#1722 = CARTESIAN_POINT ( 'NONE',  ( 0.2757345583895595698, -0.5106568049465509684, 0.1699622445551188243 ) ) ;
#1723 = CARTESIAN_POINT ( 'NONE',  ( -0.3365548108917870707, -0.6470671010401368717, -0.2675559253133358295 ) ) ;
#1724 = CARTESIAN_POINT ( 'NONE',  ( 0.1492841170332998846, 0.6403910928471706621, 0.02592081597392860426 ) ) ;
#1725 = CARTESIAN_POINT ( 'NONE',  ( 0.02933715090242565784, -0.3253206779716552588, 0.04898995035399068831 ) ) ;
#1726 = ORIENTED_EDGE ( 'NONE', *, *, #1823, .T. ) ;
#1727 = CARTESIAN_POINT ( 'NONE',  ( 0.1353899653083354970, -0.6470671018008141706, 0.3211544109494933186 ) ) ;
#1728 = CARTESIAN_POINT ( 'NONE',  ( -0.1315135586541212875, 0.6861793021928513925, -0.1379121366840661833 ) ) ;
#1729 = CARTESIAN_POINT ( 'NONE',  ( 0.2100026814712143697, 0.8992297217125786446, -0.008451724880191788247 ) ) ;
#1730 = CARTESIAN_POINT ( 'NONE',  ( -0.2495626403274660010, 0.8619781588217020341, -0.06220721462933208323 ) ) ;
#1731 = EDGE_LOOP ( 'NONE', ( #1572, #2097, #310, #3277 ) ) ;
#1732 = CARTESIAN_POINT ( 'NONE',  ( 0.2292373992581398234, 0.8971524113038295001, -0.08901771064707199310 ) ) ;
#1733 = CARTESIAN_POINT ( 'NONE',  ( 0.1962433869463809655, 0.8992297217131925979, -0.1061647515259807883 ) ) ;
#1734 = CARTESIAN_POINT ( 'NONE',  ( 0.001768304290500990724, -0.5565439824359162957, 0.3400154460248380195 ) ) ;
#1735 = B_SPLINE_CURVE_WITH_KNOTS ( 'NONE', 3,
 ( #1260, #2599, #4345, #4007 ),
 .UNSPECIFIED., .F., .F.,
 ( 4, 4 ),
 ( 0.000000000000000000, 1.000000000000000000 ),
 .UNSPECIFIED. ) ;
#1736 = CARTESIAN_POINT ( 'NONE',  ( 0.2021112100370799358, 0.8326366308128657634, 0.04225819848762738667 ) ) ;
#1737 = CARTESIAN_POINT ( 'NONE',  ( -0.2454082470024388229, -0.4958577828515198793, 0.1872153923423460209 ) ) ;
#1738 = CARTESIAN_POINT ( 'NONE',  ( 0.1649098285320065305, 0.8634252104464508193, 0.07946150704312941737 ) ) ;
#1739 = VECTOR ( 'NONE', #2350, 1000.000000000000000 ) ;
#1740 = CARTESIAN_POINT ( 'NONE',  ( 0.1741985630720608857, 0.8436101372239637186, -0.1643715529200087677 ) ) ;
#1741 = CARTESIAN_POINT ( 'NONE',  ( 0.001386535287381808609, -0.05887080195295434776, 0.1413646454097861882 ) ) ;
#1742 = CARTESIAN_POINT ( 'NONE',  ( 0.1855940543228045136, -0.5565439825210851676, 0.2935892952722288785 ) ) ;
#1743 = CARTESIAN_POINT ( 'NONE',  ( 0.1715312128622550614, 0.5236994525879175022, -0.1299034947124270145 ) ) ;
#1744 = CARTESIAN_POINT ( 'NONE',  ( 0.1460103344366266986, 0.8199579989681257119, 0.05850336945738478928 ) ) ;
#1745 = CARTESIAN_POINT ( 'NONE',  ( 0.03100611819203453676, -0.3967067319303780315, 0.04836464210464569424 ) ) ;
#1746 = VERTEX_POINT ( 'NONE', #1353 ) ;
#1747 = PLANE ( 'NONE',  #3426 ) ;
#1748 = CARTESIAN_POINT ( 'NONE',  ( -0.1297351102631376651, 0.6863675836557194820, -0.1398248714223549183 ) ) ;
#1749 = CARTESIAN_POINT ( 'NONE',  ( -0.1969469738557641791, 0.8992297217125786446, -0.08794485113580374769 ) ) ;
#1750 = CARTESIAN_POINT ( 'NONE',  ( 0.08844742570102473445, -0.2082604424847669389, 0.1201776691523660928 ) ) ;
#1751 = ORIENTED_EDGE ( 'NONE', *, *, #2908, .T. ) ;
#1752 = CARTESIAN_POINT ( 'NONE',  ( 0.1647197096646790815, 0.8404548607331291388, -0.1649644577990437566 ) ) ;
#1753 = CARTESIAN_POINT ( 'NONE',  ( 0.1946527513044482849, 0.8992297217131852705, -0.1089072736677031833 ) ) ;
#1754 = CARTESIAN_POINT ( 'NONE',  ( 0.2653975845855136573, -0.5106568049447599567, -0.2791272603508744288 ) ) ;
#1755 = APPLICATION_CONTEXT ( 'configuration controlled 3d designs of mechanical parts and assemblies' ) ;
#1756 = CARTESIAN_POINT ( 'NONE',  ( -0.1787883101471654801, 0.5319520366130243705, 0.007154154867727060586 ) ) ;
#1757 = CARTESIAN_POINT ( 'NONE',  ( -0.2193507842093345150, -0.4944386985566430193, -0.2886419981694477443 ) ) ;
#1758 = EDGE_CURVE ( 'NONE', #3508, #4111, #1767, .T. ) ;
#1759 = CARTESIAN_POINT ( 'NONE',  ( 0.2264691843760269219, 0.8406720757029737534, 0.02668533463364641464 ) ) ;
#1760 = CARTESIAN_POINT ( 'NONE',  ( 0.1397494064886725396, 0.7006431350750921272, -0.09104810422666691216 ) ) ;
#1761 = EDGE_CURVE ( 'NONE', #2227, #1490, #2349, .T. ) ;
#1762 = CARTESIAN_POINT ( 'NONE',  ( -0.2485944913804956913, 0.8681392452320199071, -0.006942160604309207013 ) ) ;
#1763 = CARTESIAN_POINT ( 'NONE',  ( 0.2271470819548593312, 0.8384819060231291088, -0.1160372396036702253 ) ) ;
#1764 = CARTESIAN_POINT ( 'NONE',  ( -0.1573979516784257127, 0.6810470804185311255, -0.009020222426910983610 ) ) ;
#1765 = CARTESIAN_POINT ( 'NONE',  ( 0.1599174675983459359, -0.6141296673084339908, -0.4243286597666435789 ) ) ;
#1766 = CARTESIAN_POINT ( 'NONE',  ( 0.06989957658112584682, 0.7108084544226458412, 0.07773959396169417835 ) ) ;
#1767 = B_SPLINE_CURVE_WITH_KNOTS ( 'NONE', 3,
 ( #3044, #2716, #3765, #2016, #305, #284, #1650, #325, #1631, #4035 ),
 .UNSPECIFIED., .F., .F.,
 ( 4, 2, 2, 2, 4 ),
 ( 0.000000000000000000, 0.2500000000000000000, 0.5000000000000000000, 0.7500000000000000000, 1.000000000000000000 ),
 .UNSPECIFIED. ) ;
#1768 = CARTESIAN_POINT ( 'NONE',  ( 0.2239009924547635255, 0.8314259153762819654, 0.009116084432539485125 ) ) ;
#1769 = CARTESIAN_POINT ( 'NONE',  ( -0.1179735977227407556, 0.5154060834345786102, 0.1010832970449958151 ) ) ;
#1770 = CARTESIAN_POINT ( 'NONE',  ( -0.09210316188810259430, 0.8414419636580104944, -0.1724667139071567601 ) ) ;
#1771 = CARTESIAN_POINT ( 'NONE',  ( -0.1706158207208233191, 0.7527235913142086288, -0.03178030670898531612 ) ) ;
#1772 = LINE ( 'NONE', #2135, #4344 ) ;
#1773 = CARTESIAN_POINT ( 'NONE',  ( -0.2337851331372454988, 0.8420405853971009158, -0.03475172171717048897 ) ) ;
#1774 = ORIENTED_EDGE ( 'NONE', *, *, #3740, .T. ) ;
#1775 = B_SPLINE_CURVE_WITH_KNOTS ( 'NONE', 3,
 ( #1643, #4366, #3328, #1256, #3354, #1574 ),
 .UNSPECIFIED., .F., .F.,
 ( 4, 2, 4 ),
 ( 0.000000000000000000, 0.4999995855721390825, 1.000000000000000000 ),
 .UNSPECIFIED. ) ;
#1776 = CARTESIAN_POINT ( 'NONE',  ( -0.02167273854224079088, -0.3188350008037393879, 0.05011586353010077238 ) ) ;
#1777 = DIRECTION ( 'NONE',  ( 1.000000000000000000, 0.000000000000000000, 0.000000000000000000 ) ) ;
#1778 = CARTESIAN_POINT ( 'NONE',  ( 0.001777541095671048661, -0.6141296671208650304, 0.3549059787421616763 ) ) ;
#1779 = VERTEX_POINT ( 'NONE', #3024 ) ;
#1780 = CARTESIAN_POINT ( 'NONE',  ( 0.1136205669780946531, 0.7108084544209818390, -0.1379285798816262676 ) ) ;
#1781 = CARTESIAN_POINT ( 'NONE',  ( -0.3360808412870961437, -0.4965673249745932161, 0.008426358201162777520 ) ) ;
#1782 = CARTESIAN_POINT ( 'NONE',  ( 0.2185193550818876618, 0.8319460411263144284, 0.01918780183690214913 ) ) ;
#1783 = CARTESIAN_POINT ( 'NONE',  ( 0.2266937067912890014, 0.8327134365802085769, -0.01295104873856469524 ) ) ;
#1784 = CARTESIAN_POINT ( 'NONE',  ( -0.1854966488573487615, 0.8971931979484367714, 0.05323536958548718417 ) ) ;
#1785 = CARTESIAN_POINT ( 'NONE',  ( -0.1458582402025049574, 0.5320312788575120022, 0.06868896913292053819 ) ) ;
#1786 = CARTESIAN_POINT ( 'NONE',  ( -0.1627646794363936944, 0.5502239686154245524, 0.02980178916141633730 ) ) ;
#1787 = CARTESIAN_POINT ( 'NONE',  ( 0.3243889376332924623, -0.4944386986388670802, -0.1223950307590612879 ) ) ;
#1788 = CARTESIAN_POINT ( 'NONE',  ( 0.1452920605703839907, 0.7823043667589920647, 0.03154256951901322770 ) ) ;
#1789 = CARTESIAN_POINT ( 'NONE',  ( 0.1655321945882301249, 0.5502124554012597368, 0.02994570213095778047 ) ) ;
#1790 = CARTESIAN_POINT ( 'NONE',  ( 0.03530402540922919497, -0.3406837522745316815, 0.04694450187059422130 ) ) ;
#1791 = CARTESIAN_POINT ( 'NONE',  ( 0.04749473529854513626, 0.8975712283351674481, -0.1565803227265396280 ) ) ;
#1792 = CARTESIAN_POINT ( 'NONE',  ( -0.1384487406170473722, 0.7192983191830896184, -0.1302015288756579181 ) ) ;
#1793 = CARTESIAN_POINT ( 'NONE',  ( 0.1208492014982123497, 0.5068672922565952144, -0.1978206432192625985 ) ) ;
#1794 = EDGE_CURVE ( 'NONE', #1779, #2547, #733, .T. ) ;
#1795 = CARTESIAN_POINT ( 'NONE',  ( -0.2370214461079308832, 0.8870502421179187191, -0.1248073827719009266 ) ) ;
#1796 = CARTESIAN_POINT ( 'NONE',  ( -0.2490030224578848039, 0.8617623260483563419, -0.08984138807931131565 ) ) ;
#1797 = CIRCLE ( 'NONE', #993, 0.04299778630948305341 ) ;
#1798 = EDGE_LOOP ( 'NONE', ( #828, #482, #7 ) ) ;
#1799 = CARTESIAN_POINT ( 'NONE',  ( 0.001357427967021942799, -0.08829182415285644070, 0.2427842538056290411 ) ) ;
#1800 = CARTESIAN_POINT ( 'NONE',  ( -0.01243710937303650621, -0.2813892168680940942, 0.05191118001480019700 ) ) ;
#1801 = CARTESIAN_POINT ( 'NONE',  ( -0.3268775533901835950, -0.4944386985227021691, -0.09018195461594832874 ) ) ;
#1802 = CARTESIAN_POINT ( 'NONE',  ( 0.2070215048847634243, 0.8432145748710875299, -0.1625110511286948778 ) ) ;
#1803 = TOROIDAL_SURFACE ( 'NONE', #2982, 0.1264640773808324015, 0.02529281547616648099 ) ;
#1804 = CARTESIAN_POINT ( 'NONE',  ( -0.2447826349267549773, -0.4951482407001624453, 0.1866182453416510845 ) ) ;
#1805 = CARTESIAN_POINT ( 'NONE',  ( 0.1452019476123279362, 0.8902589723174507697, 0.07191149919361786158 ) ) ;
#1806 = CARTESIAN_POINT ( 'NONE',  ( 0.1376806119364753778, 0.8361313241946101149, -0.1659084546271767657 ) ) ;
#1807 = CARTESIAN_POINT ( 'NONE',  ( -0.2330249064423302596, 0.8846206076661702333, 0.04334043039283558968 ) ) ;
#1808 = CARTESIAN_POINT ( 'NONE',  ( 0.1454814911680182565, 0.8479374017761702742, -0.1706974057921572530 ) ) ;
#1809 = CARTESIAN_POINT ( 'NONE',  ( 0.07833157435861681783, -0.1481078462560055653, 0.1251257490369372116 ) ) ;
#1810 = AXIS2_PLACEMENT_3D ( 'NONE', #636, #2027, #3419 ) ;
#1811 = CARTESIAN_POINT ( 'NONE',  ( -0.1649302339234205161, -0.4944386985515868416, -0.3217576746320442438 ) ) ;
#1812 = CARTESIAN_POINT ( 'NONE',  ( 0.1283004298389312237, 0.7108084544193024046, 0.01262812879739211476 ) ) ;
#1813 = CARTESIAN_POINT ( 'NONE',  ( 0.05993635460756351757, -0.4944606877299112524, -0.3828650184190531824 ) ) ;
#1814 = CARTESIAN_POINT ( 'NONE',  ( 0.1845946006456230248, 0.8992297217130844622, -0.1192758209806476788 ) ) ;
#1815 = CC_DESIGN_APPROVAL ( #3359, ( #2176 ) ) ;
#1816 = AXIS2_PLACEMENT_3D ( 'NONE', #4404, #1203, #2591 ) ;
#1817 = DIRECTION ( 'NONE',  ( 0.2207687200100830471, -0.9688099992720592413, 0.1125537985835322191 ) ) ;
#1818 = CARTESIAN_POINT ( 'NONE',  ( -0.1788898805592498975, 0.7760709517785865375, -0.08268056106872130606 ) ) ;
#1819 = CARTESIAN_POINT ( 'NONE',  ( 0.04813634988412621857, 0.8432296911509699067, 0.07863518973249400412 ) ) ;
#1820 = CARTESIAN_POINT ( 'NONE',  ( -0.2193233141765966732, 0.8971499376808294013, -0.1211381269030587515 ) ) ;
#1821 = CARTESIAN_POINT ( 'NONE',  ( 0.1911174362130264870, -0.2545787093998040929, -0.04838433241814280028 ) ) ;
#1822 = VERTEX_POINT ( 'NONE', #4438 ) ;
#1823 = EDGE_CURVE ( 'NONE', #3644, #1484, #2850, .T. ) ;
#1824 = CARTESIAN_POINT ( 'NONE',  ( -0.02848223175798179560, -0.3296039287995256029, 0.04829673254389544451 ) ) ;
#1825 = ADVANCED_BREP_SHAPE_REPRESENTATION ( '009458', ( #2528, #1230 ), #1965 ) ;
#1826 = CARTESIAN_POINT ( 'NONE',  ( -0.03796999714561943157, -0.3084173811705571144, 0.04483279344925505255 ) ) ;
#1827 = CARTESIAN_POINT ( 'NONE',  ( 0.01598089448048359285, -0.04830565579292042666, 0.1409284914302078862 ) ) ;
#1828 = ORIENTED_EDGE ( 'NONE', *, *, #3655, .F. ) ;
#1829 = CARTESIAN_POINT ( 'NONE',  ( 0.07891419949672863476, 0.7823043668134544992, -0.1524757838080725569 ) ) ;
#1830 = CARTESIAN_POINT ( 'NONE',  ( 0.2829964740112628219, -0.4944386987153733815, 0.1414014327497598866 ) ) ;
#1831 = CARTESIAN_POINT ( 'NONE',  ( 0.2236936286921324402, 0.8971495565757161561, 0.02139240591327961835 ) ) ;
#1832 = ORIENTED_EDGE ( 'NONE', *, *, #2211, .F. ) ;
#1833 = CARTESIAN_POINT ( 'NONE',  ( -0.1737641562503545178, 0.8869310328434767410, 0.07563156716675004110 ) ) ;
#1834 = CARTESIAN_POINT ( 'NONE',  ( 0.1564494698701388853, 0.8462346379905483218, -0.1691572781337847831 ) ) ;
#1835 = CARTESIAN_POINT ( 'NONE',  ( 0.02254104165004030755, -0.06734817755687266816, 0.1403369124937325907 ) ) ;
#1836 = CARTESIAN_POINT ( 'NONE',  ( 0.05774834392362816760, -0.2555767900217503774, 0.1668410722268511004 ) ) ;
#1837 = CARTESIAN_POINT ( 'NONE',  ( 0.05519495688181596388, -0.3488304313805705159, 0.1621773976884078039 ) ) ;
#1838 = CARTESIAN_POINT ( 'NONE',  ( 0.1998707249751939530, 0.8992297217125786446, -0.08912455368084751250 ) ) ;
#1839 = CARTESIAN_POINT ( 'NONE',  ( 0.001421322026238182237, 0.8992297217125786446, -0.04838433241814054514 ) ) ;
#1840 = CARTESIAN_POINT ( 'NONE',  ( -0.1452404750801355171, 0.7869408952751196784, -0.1397623809837511832 ) ) ;
#1841 = CARTESIAN_POINT ( 'NONE',  ( -0.1390420350969403529, 0.8715825698522623455, 0.08096765092807754749 ) ) ;
#1842 = CARTESIAN_POINT ( 'NONE',  ( -0.2365407510545230740, 0.8870506019127546438, -0.1258075627498738414 ) ) ;
#1843 = CARTESIAN_POINT ( 'NONE',  ( -0.1159139168531625047, 0.5322436210875567397, -0.1952418229457433818 ) ) ;
#1844 = EDGE_LOOP ( 'NONE', ( #916, #164, #3304, #2983, #149 ) ) ;
#1845 = CARTESIAN_POINT ( 'NONE',  ( -0.03027072096205179336, -0.1170383086804559769, 0.2273714524541443072 ) ) ;
#1846 = EDGE_CURVE ( 'NONE', #2658, #3006, #3449, .T. ) ;
#1847 = CARTESIAN_POINT ( 'NONE',  ( 0.001421322944922050798, 0.8882661085049256000, -0.1495537535749726088 ) ) ;
#1848 = CARTESIAN_POINT ( 'NONE',  ( 0.2258501420219507783, 0.8326132097312225477, -0.007874360761653069127 ) ) ;
#1849 = VERTEX_POINT ( 'NONE', #1284 ) ;
#1850 = CARTESIAN_POINT ( 'NONE',  ( 0.02442739073079300965, -0.3188555868463008869, 0.05013645238457927616 ) ) ;
#1851 = EDGE_CURVE ( 'NONE', #3549, #3006, #396, .T. ) ;
#1852 = CARTESIAN_POINT ( 'NONE',  ( -0.1294487422006224686, -0.2082604436478949494, -0.1908051138839660932 ) ) ;
#1853 = CARTESIAN_POINT ( 'NONE',  ( 0.1459712608220612162, 0.8805235866575893411, 0.07801601447612893647 ) ) ;
#1854 = CALENDAR_DATE ( 2026, 29, 6 ) ;
#1855 = ORIENTED_EDGE ( 'NONE', *, *, #154, .T. ) ;
#1856 = CARTESIAN_POINT ( 'NONE',  ( -0.2061598181142936526, 0.8992297217126831166, 0.005196362779080048247 ) ) ;
#1857 = EDGE_CURVE ( 'NONE', #798, #4003, #2827, .T. ) ;
#1858 = CARTESIAN_POINT ( 'NONE',  ( 0.2495160314115052735, 0.8669969294849090291, -0.1137211159244899406 ) ) ;
#1859 = CARTESIAN_POINT ( 'NONE',  ( 0.01022973837494809378, -0.1108975418978766503, 0.1794992169539728344 ) ) ;
#1860 = CARTESIAN_POINT ( 'NONE',  ( -0.2263950497394482120, 0.8971585984737258102, -0.007750943874037824477 ) ) ;
#1861 = DIRECTION ( 'NONE',  ( 0.000000000000000000, 1.000000000000000000, 0.000000000000000000 ) ) ;
#1862 = CARTESIAN_POINT ( 'NONE',  ( -0.2010588194289584241, -0.6141296668802292968, -0.3811294789571127439 ) ) ;
#1863 = FACE_OUTER_BOUND ( 'NONE', #1237, .T. ) ;
#1864 = CARTESIAN_POINT ( 'NONE',  ( -0.1379814384666420979, 0.8392626072508780899, 0.07020577066139058187 ) ) ;
#1865 = CARTESIAN_POINT ( 'NONE',  ( -0.2040676753177502745, 0.8992297217391934661, -0.1075053138618586868 ) ) ;
#1866 = CARTESIAN_POINT ( 'NONE',  ( 0.02918371224117998972, 0.5328277813976998178, -0.2345280668901797150 ) ) ;
#1867 = ORIENTED_EDGE ( 'NONE', *, *, #873, .F. ) ;
#1868 = CARTESIAN_POINT ( 'NONE',  ( 0.2001728420742537318, 0.8992297217125786446, -0.07474268741321656029 ) ) ;
#1869 = CARTESIAN_POINT ( 'NONE',  ( 0.01925223613228092823, -0.09655868317399569911, 0.2382978359480002750 ) ) ;
#1870 = CARTESIAN_POINT ( 'NONE',  ( -0.05999424802120399691, -0.1054268629028466964, 0.1311082355486050954 ) ) ;
#1871 = B_SPLINE_SURFACE_WITH_KNOTS ( 'NONE', 3, 3, ( 
 ( #2995, #4369, #1259, #1370, #2417, #3759, #731, #3804, #3448, #2369, #383, #4455, #2801, #1076, #3106, #300, #3825 ),
 ( #339, #2459, #2057, #4432, #321, #3472, #643, #1778, #1348, #3847, #361, #2035, #1030, #2120, #3427, #3085, #37 ),
 ( #3512, #1692, #2731, #1321, #3492, #4140, #689, #1734, #1715, #2711, #4117, #4095, #2438, #2078, #1005, #3127, #18 ),
 ( #2392, #2101, #3783, #666, #1395, #2779, #4164, #4478, #982, #2755, #1055, #709, #1754, #3149, #1418, #4186, #1140 ),
 ( #2919, #2896, #3235, #1801, #3621, #2526, #3531, #123, #2874, #81, #3955, #4249, #3910, #1505, #3599, #3169, #142 ) ),
 .UNSPECIFIED., .F., .T., .F.,
 ( 4, 1, 4 ),
 ( 4, 1, 1, 1, 1, 1, 1, 1, 1, 1, 1, 1, 1, 1, 4 ),
 ( 0.000000000000000000, 0.5714285714285709528, 1.000000000000000000 ),
 ( -4.165732562040370013, -3.716933611527539760, -3.268134661014709952, -2.819335710501879699, -2.370536759989059661, -2.071337459647169865, -1.472938858963400044, -1.173739558621510026, -0.5753409579377449790, -0.2761416575958599573, 0.3222569430879100305, 0.6214562434297949967, 1.219854844113570147, 1.668653794626389963, 2.117452745139220216 ),
 .UNSPECIFIED. ) ;
#1872 = PERSON ( '未', '未', '未', ('未'), ('未'), ('未') ) ;
#1873 = CARTESIAN_POINT ( 'NONE',  ( -0.04543245933030512496, -0.2882529702334821198, 0.1708558075861791870 ) ) ;
#1874 = B_SPLINE_SURFACE_WITH_KNOTS ( 'NONE', 3, 3, ( 
 ( #1717, #3109, #3828, #39, #1421, #691, #1781, #3217, #1397, #2081 ),
 ( #3558, #2830, #85, #711, #3195, #1737, #756, #4211, #1123, #2144 ),
 ( #2806, #3171, #412, #3534, #3892, #1804, #1466, #781, #1102, #3152 ),
 ( #4143, #4189, #1830, #342, #1032, #3870, #3514, #2505, #1757, #4166 ),
 ( #2781, #3474, #2463, #1079, #2856, #2421, #2484, #1057, #2103, #3850 ),
 ( #60, #2440, #734, #3130, #20, #4232, #3495, #363, #2123, #385 ),
 ( #3806, #1443, #2165, #440, #107, #1487, #551, #126, #1552, #2947 ),
 ( #4299, #4341, #1235, #1919, #3280, #3981, #167, #1187, #1852, #2967 ) ),
 .UNSPECIFIED., .F., .F., .F.,
 ( 4, 3, 1, 4 ),
 ( 4, 1, 1, 1, 1, 1, 1, 4 ),
 ( 0.1991056953786654871, 0.2070353419590749977, 0.5468773382623280943, 1.000000000000000000 ),
 ( -14.05225816916409975, -12.72113501081339848, -11.39001185246280023, -10.05888869411210074, -8.727765535761498938, -7.396642377410860725, -6.065519219060219847, -4.734396060709579857 ),
 .UNSPECIFIED. ) ;
#1875 = CARTESIAN_POINT ( 'NONE',  ( 0.001421322026237919643, -0.7321568765001595924, -0.1495555943228064899 ) ) ;
#1876 = CARTESIAN_POINT ( 'NONE',  ( 0.2438003949256905833, 0.8735215010100990662, 0.03100674303957514852 ) ) ;
#1877 = PERSON_AND_ORGANIZATION ( #1872, #2981 ) ;
#1878 = VERTEX_POINT ( 'NONE', #1720 ) ;
#1879 = CARTESIAN_POINT ( 'NONE',  ( -0.06522670227273487387, 0.8916418770697283058, 0.02773179657188441088 ) ) ;
#1880 = CARTESIAN_POINT ( 'NONE',  ( -0.1385865707903662647, 0.8992297217125786446, 0.04182222129314052544 ) ) ;
#1881 = EDGE_CURVE ( 'NONE', #431, #1391, #188, .T. ) ;
#1882 = CARTESIAN_POINT ( 'NONE',  ( 0.02323368345844824268, -0.1244306523738671622, 0.2032384708341116175 ) ) ;
#1883 = CARTESIAN_POINT ( 'NONE',  ( -0.08018036190839235300, -0.2971415434175482817, 0.1343174308436554665 ) ) ;
#1884 = CARTESIAN_POINT ( 'NONE',  ( 0.1964439127073760172, 0.8992297217131961506, -0.1057711728845879690 ) ) ;
#1885 = FACE_BOUND ( 'NONE', #1680, .T. ) ;
#1886 = CARTESIAN_POINT ( 'NONE',  ( -0.1561090019721222133, 0.6816703234936499767, -0.003239672631202544090 ) ) ;
#1887 = CARTESIAN_POINT ( 'NONE',  ( -0.1634878860425294789, 0.5067578432044320680, -0.1432078668618547990 ) ) ;
#1888 = CARTESIAN_POINT ( 'NONE',  ( -0.1676619148206324739, 0.8992297217278246713, -0.1267030720569513047 ) ) ;
#1889 = DIRECTION ( 'NONE',  ( 0.000000000000000000, 0.7071550692858419307, 0.7070584897894488519 ) ) ;
#1890 = ORIENTED_EDGE ( 'NONE', *, *, #1371, .T. ) ;
#1891 = CARTESIAN_POINT ( 'NONE',  ( 0.06066352200273898015, 0.8983480972750601534, -0.1352826102713303169 ) ) ;
#1892 = DIRECTION ( 'NONE',  ( 0.000000000000000000, -0.7070584897894487408, 0.7071550692858418197 ) ) ;
#1893 = CARTESIAN_POINT ( 'NONE',  ( -0.1937116742562010052, 0.8992297217399009002, -0.1055502079952801153 ) ) ;
#1894 = VERTEX_POINT ( 'NONE', #1127 ) ;
#1895 = CARTESIAN_POINT ( 'NONE',  ( 0.1593895598176940098, 0.6983526896850101862, -0.09571522896462912600 ) ) ;
#1896 = CARTESIAN_POINT ( 'NONE',  ( -0.2157829412717146289, 0.8319457389463301711, -0.1157364375769051879 ) ) ;
#1897 = CARTESIAN_POINT ( 'NONE',  ( 0.2279761834239366625, 0.8971510545206645704, 0.01070037785253662339 ) ) ;
#1898 = B_SPLINE_CURVE_WITH_KNOTS ( 'NONE', 3,
 ( #1625, #2950, #1923, #191, #2592, #2963, #3976, #458, #1227, #2615 ),
 .UNSPECIFIED., .F., .F.,
 ( 4, 2, 2, 2, 4 ),
 ( 0.000000000000000000, 0.2500000000000000000, 0.5000000000000000000, 0.7500000000000000000, 1.000000000000000000 ),
 .UNSPECIFIED. ) ;
#1899 = COORDINATED_UNIVERSAL_TIME_OFFSET ( 8, 0, .AHEAD. ) ;
#1900 = EDGE_LOOP ( 'NONE', ( #3192, #143, #2744, #3890 ) ) ;
#1901 = CARTESIAN_POINT ( 'NONE',  ( -0.1373115796079138473, 0.8992297217125786446, 0.03167870942679178181 ) ) ;
#1902 = EDGE_CURVE ( 'NONE', #1255, #3508, #4089, .T. ) ;
#1903 = CARTESIAN_POINT ( 'NONE',  ( -0.02805887949068933823, -0.1373514023942458695, 0.1964439693250565333 ) ) ;
#1904 = CARTESIAN_POINT ( 'NONE',  ( -0.05248758275172272364, -0.3488282081902610576, 0.1620968963919061923 ) ) ;
#1905 = CARTESIAN_POINT ( 'NONE',  ( 0.1997896165330362017, 0.8992297217125786446, -0.008823813342993895234 ) ) ;
#1906 = CARTESIAN_POINT ( 'NONE',  ( 0.1885387490639279795, 0.8337272837481515264, -0.1498643146095731127 ) ) ;
#1907 = CARTESIAN_POINT ( 'NONE',  ( -0.1943620917111996416, 0.8027866267023191504, -0.01309369257999792868 ) ) ;
#1908 = CARTESIAN_POINT ( 'NONE',  ( -0.1379814384666420979, 0.8392626072508780899, 0.07020577066139084554 ) ) ;
#1909 = CARTESIAN_POINT ( 'NONE',  ( -0.1938388905602667633, 0.8992297217399045639, -0.1052882069824932904 ) ) ;
#1910 = CARTESIAN_POINT ( 'NONE',  ( 0.1696526109256177861, 0.5318786610481739396, 0.03221540840541901179 ) ) ;
#1911 = ORIENTED_EDGE ( 'NONE', *, *, #1180, .F. ) ;
#1912 = B_SPLINE_SURFACE_WITH_KNOTS ( 'NONE', 3, 3, ( 
 ( #135, #3882, #4180, #2474, #1771, #2114, #1930, #3948, #4285, #856, #1265, #1609 ),
 ( #881, #1244, #1907, #1541, #4376, #2653, #175, #1886, #900, #3291, #3314, #4036 ),
 ( #1520, #1561, #538, #834, #1976, #2933, #3364, #197, #3269, #2223, #1197, #2956 ),
 ( #2566, #3657, #586, #156, #3612, #2266, #922, #1584, #1952, #2584, #558, #497 ),
 ( #2977, #3002, #4015, #1175, #4329, #4354, #2288, #3680, #2309, #3341, #219, #3704 ),
 ( #518, #1219, #2912, #2607, #4308, #3968, #2244, #2631, #3635, #3995, #2353, #261 ),
 ( #1997, #4057, #3068, #2017, #2739, #241, #306, #607, #4124, #3407, #652, #2764 ),
 ( #1632, #628, #3766, #2674, #695, #1651, #2086, #2044, #3386, #945, #4417, #285 ),
 ( #1285, #2376, #3811, #3045, #2332, #4101, #4148, #3433, #672, #1307, #3789, #3725 ),
 ( #1698, #1721, #1015, #4397, #1675, #3091, #2400, #2063, #2, #3455, #326, #1381 ) ),
 .UNSPECIFIED., .F., .F., .F.,
 ( 4, 1, 1, 1, 1, 1, 1, 4 ),
 ( 4, 1, 1, 1, 1, 1, 1, 1, 1, 4 ),
 ( 0.000000000000000000, 0.2857142857142860315, 0.5714285714285709528, 0.8571428571428569843, 0.9285714285714290472, 0.9642857142857139685, 0.9821428571428569843, 1.000000000000000000 ),
 ( 0.3272166349170160249, 0.5736218837320180564, 0.8200271325470199768, 0.9432297569545200489, 1.066432381362020010, 1.189635005769519971, 1.312837630177019932, 1.559242878992020076, 1.805648127807029990, 2.052053376622029912 ),
 .UNSPECIFIED. ) ;
#1913 = CARTESIAN_POINT ( 'NONE',  ( -0.03695501789611641691, 0.8980440391254335131, -0.1520334584092496444 ) ) ;
#1914 = CARTESIAN_POINT ( 'NONE',  ( 0.1696526109255378501, 0.5318786610486283539, -0.1289840732416023539 ) ) ;
#1915 = EDGE_CURVE ( 'NONE', #335, #3771, #3872, .T. ) ;
#1916 = FACE_OUTER_BOUND ( 'NONE', #3868, .T. ) ;
#1917 = VERTEX_POINT ( 'NONE', #3832 ) ;
#1918 = CARTESIAN_POINT ( 'NONE',  ( 0.1409369995169131584, 0.8904387038648892139, 0.07135156059154137975 ) ) ;
#1919 = CARTESIAN_POINT ( 'NONE',  ( 0.07642066738222645650, -0.2082604425489650302, 0.1383915816574802782 ) ) ;
#1920 = CARTESIAN_POINT ( 'NONE',  ( 0.1991418878078645982, 0.8992297217843177037, 0.002333240393676411662 ) ) ;
#1921 = PERSON_AND_ORGANIZATION ( #1872, #2981 ) ;
#1922 = B_SPLINE_SURFACE_WITH_KNOTS ( 'NONE', 3, 3, ( 
 ( #3987, #3894, #1167, #2169, #3606, #489, #1879 ),
 ( #3261, #2803, #4461, #3337, #181, #320, #3438 ),
 ( #3151, #4096, #4433, #3827, #2370, #1323, #3784 ),
 ( #3401, #4188, #340, #362, #3450, #4165, #1396 ),
 ( #4119, #2419, #690, #4479, #1031, #3760, #667 ),
 ( #277, #3494, #2804, #3805, #1078, #710, #1372 ) ),
 .UNSPECIFIED., .F., .F., .F.,
 ( 4, 1, 1, 4 ),
 ( 4, 1, 1, 1, 4 ),
 ( 0.000000000000000000, 0.2857142857142860315, 0.5714285714285709528, 1.000000000000000000 ),
 ( 1.229079283291169788E-10, 0.1547904195714960018, 0.3095808390200849858, 0.4643719431149260224, 0.6191630472097670035 ),
 .UNSPECIFIED. ) ;
#1923 = CARTESIAN_POINT ( 'NONE',  ( 0.1133025000782600933, 0.8061757386920322954, 0.06197018582799840997 ) ) ;
#1924 = CARTESIAN_POINT ( 'NONE',  ( -0.1918101119543372812, 0.8992297217126921094, 0.01213861959974156177 ) ) ;
#1925 = CARTESIAN_POINT ( 'NONE',  ( -0.04238545477675018103, -0.1684080102202936691, 0.1818454249955908097 ) ) ;
#1926 = CARTESIAN_POINT ( 'NONE',  ( 0.2186243075343125286, 0.8319458659761280739, 0.01896865152242461702 ) ) ;
#1927 = CARTESIAN_POINT ( 'NONE',  ( -0.07042625357537378450, -0.2283689930163726178, 0.1281717281400892028 ) ) ;
#1928 = B_SPLINE_CURVE_WITH_KNOTS ( 'NONE', 3,
 ( #2112, #2865, #2152, #3543, #422, #1814, #2514, #3459, #2538, #1151, #495, #2931, #1884, #2907, #3567, #1173, #2564, #173, #3966, #1838, #449 ),
 .UNSPECIFIED., .F., .F.,
 ( 4, 1, 1, 1, 1, 1, 1, 1, 1, 1, 1, 1, 1, 1, 1, 1, 1, 1, 4 ),
 ( 1.272516340498699883, 1.310063958545029994, 1.369886150123679869, 1.429708341702339958, 1.466430475853919946, 1.503152610005509926, 1.515784931059029894, 1.524381845117289913, 1.530061920429589994, 1.533771477293679908, 1.536213305073760083, 1.537871403002569970, 1.539016693158770099, 1.539595556406310184, 1.540050818641290009, 1.545245274524309931, 1.557137150028469863, 1.596166343235170038, 1.610130538481209905 ),
 .UNSPECIFIED. ) ;
#1929 = CARTESIAN_POINT ( 'NONE',  ( -0.08962629900271382177, 0.8992297217125786446, -0.1404174380721087412 ) ) ;
#1930 = CARTESIAN_POINT ( 'NONE',  ( -0.1612085734422556704, 0.7115775492439543326, -0.02102400997084101844 ) ) ;
#1931 = CARTESIAN_POINT ( 'NONE',  ( -0.2150639705834269944, 0.8319489451193207152, 0.02043504145338046959 ) ) ;
#1932 = CARTESIAN_POINT ( 'NONE',  ( -0.1937116742562010052, 0.8992297217399009002, -0.1055502079952801153 ) ) ;
#1933 = CARTESIAN_POINT ( 'NONE',  ( 0.07087830907182654516, 0.5326006210115297179, -0.2252179847195686369 ) ) ;
#1934 = VERTEX_POINT ( 'NONE', #3199 ) ;
#1935 = ADVANCED_FACE ( 'NONE', ( #3810 ), #2596, .T. ) ;
#1936 = CARTESIAN_POINT ( 'NONE',  ( 0.07008377091402361037, 0.8982341706118793789, -0.1268010577960217433 ) ) ;
#1937 = CARTESIAN_POINT ( 'NONE',  ( -0.2138362840050603286, 0.8319636941891862536, 0.02278098086796655208 ) ) ;
#1938 = CARTESIAN_POINT ( 'NONE',  ( -0.1512824630836268058, -0.6470670967646313665, -0.4114190978569120527 ) ) ;
#1939 = CARTESIAN_POINT ( 'NONE',  ( -0.08079806581493743922, -0.2082604433881984907, -0.2204097401697218128 ) ) ;
#1940 = ORIENTED_EDGE ( 'NONE', *, *, #366, .F. ) ;
#1941 = B_SPLINE_CURVE_WITH_KNOTS ( 'NONE', 3,
 ( #624, #2396, #1694, #1993, #962, #985, #3761, #278, #3429, #3382, #2013, #3451 ),
 .UNSPECIFIED., .F., .F.,
 ( 4, 1, 1, 1, 1, 1, 1, 1, 1, 4 ),
 ( 0.000000000000000000, 0.1443695593658691767, 0.2887391187317391306, 0.4331086780976085016, 0.5052934577805432426, 0.5774782374634808146, 0.6496630171464101711, 0.7218477968293453007, 0.8662173561952158929, 1.000000000000000000 ),
 .UNSPECIFIED. ) ;
#1942 = CARTESIAN_POINT ( 'NONE',  ( 0.1796329177428450941, 0.7717627018759383173, -0.06282781341501755823 ) ) ;
#1943 = CARTESIAN_POINT ( 'NONE',  ( 0.2387768555227383627, 0.8845725521467374675, -0.1359267267351911834 ) ) ;
#1944 = DIRECTION ( 'NONE',  ( 3.703623576086220137E-14, -1.000000000000000000, -4.034362672568400016E-14 ) ) ;
#1945 = CARTESIAN_POINT ( 'NONE',  ( 0.1369981599629840063, 0.8992297217125786446, 0.03138413205350200352 ) ) ;
#1946 = AXIS2_PLACEMENT_3D ( 'NONE', #311, #9, #2359 ) ;
#1947 = EDGE_LOOP ( 'NONE', ( #3972, #1050, #2092, #1613, #1072 ) ) ;
#1948 = CARTESIAN_POINT ( 'NONE',  ( -0.05706971525142188334, -0.2564484143040030029, 0.1542577601683472743 ) ) ;
#1949 = CARTESIAN_POINT ( 'NONE',  ( -0.1882751045059216644, 0.5067716451662267474, -0.07665660477267730033 ) ) ;
#1950 = CARTESIAN_POINT ( 'NONE',  ( 0.08844490774151753110, -0.2082604424846708213, 0.1201728141339604011 ) ) ;
#1951 = SPHERICAL_SURFACE ( 'NONE', #4357, 0.1011712619046658546 ) ;
#1952 = CARTESIAN_POINT ( 'NONE',  ( -0.1477695973027102205, 0.6403332362134251943, 0.02346245868523291062 ) ) ;
#1953 = CARTESIAN_POINT ( 'NONE',  ( -0.1882993343972192146, -0.2082604468491930094, -0.03783911972980116140 ) ) ;
#1954 = CARTESIAN_POINT ( 'NONE',  ( -0.1938519570007986581, 0.8992297217399045639, -0.1052610198149827453 ) ) ;
#1955 = CARTESIAN_POINT ( 'NONE',  ( -0.07840324164488035596, 0.5068152615922270066, -0.01011307504601775646 ) ) ;
#1956 = VERTEX_POINT ( 'NONE', #2709 ) ;
#1957 = CARTESIAN_POINT ( 'NONE',  ( 0.1997896165330318441, 0.8992297217125786446, -0.08794485149328445939 ) ) ;
#1958 = DIRECTION ( 'NONE',  ( 0.000000000000000000, 2.306956934286040333E-16, -1.000000000000000000 ) ) ;
#1959 = FACE_OUTER_BOUND ( 'NONE', #3957, .T. ) ;
#1960 = CARTESIAN_POINT ( 'NONE',  ( 0.2748461572059786029, -0.4538934329066737772, -0.04838433241814280028 ) ) ;
#1961 = FACE_OUTER_BOUND ( 'NONE', #3800, .T. ) ;
#1962 = AXIS2_PLACEMENT_3D ( 'NONE', #3687, #2985, #1958 ) ;
#1963 = CARTESIAN_POINT ( 'NONE',  ( -0.1373115796079138473, 0.8992297217125786446, 0.03167870942679178181 ) ) ;
#1964 = ORIENTED_EDGE ( 'NONE', *, *, #1881, .F. ) ;
#1965 =( GEOMETRIC_REPRESENTATION_CONTEXT ( 3 ) GLOBAL_UNCERTAINTY_ASSIGNED_CONTEXT ( ( #1582 ) ) GLOBAL_UNIT_ASSIGNED_CONTEXT ( ( #2083, #1423, #2833 ) ) REPRESENTATION_CONTEXT ( 'NONE', 'WORKASPACE' ) );
#1966 = AXIS2_PLACEMENT_3D ( 'NONE', #1223, #1588, #2588 ) ;
#1967 = DIRECTION ( 'NONE',  ( 0.000000000000000000, -1.000000000000000000, -2.220446049250309876E-16 ) ) ;
#1968 = CARTESIAN_POINT ( 'NONE',  ( 0.2216695509712209577, 0.8485024625727850545, -0.1420499667623322249 ) ) ;
#1969 = CARTESIAN_POINT ( 'NONE',  ( -0.2397501989419055790, 0.8735279805344328130, -0.1301912316170536488 ) ) ;
#1970 = CARTESIAN_POINT ( 'NONE',  ( 0.2059177737274910935, 0.8992297217921099151, 0.01289262595676816774 ) ) ;
#1971 = DIRECTION ( 'NONE',  ( 0.000000000000000000, -1.000000000000000000, -2.220446049250309876E-16 ) ) ;
#1972 = CARTESIAN_POINT ( 'NONE',  ( -0.05306396416259662879, -0.1981604792192871445, 0.1878812359735966830 ) ) ;
#1973 = FACE_OUTER_BOUND ( 'NONE', #2159, .T. ) ;
#1974 = CARTESIAN_POINT ( 'NONE',  ( 0.08729259827007587735, -0.2489772253072941310, 0.1226653218974046444 ) ) ;
#1975 = CARTESIAN_POINT ( 'NONE',  ( -0.1597436797904181194, 0.5608176861766936971, -0.1266013100276150161 ) ) ;
#1976 = CARTESIAN_POINT ( 'NONE',  ( -0.1654472129042014183, 0.7549393394277630343, 0.002307880352308882155 ) ) ;
#1977 = CARTESIAN_POINT ( 'NONE',  ( -0.2010588195095541209, -0.6470671012587331239, -0.3811294789080672540 ) ) ;
#1978 = CARTESIAN_POINT ( 'NONE',  ( -0.1180065612135275388, 0.5068672922537854619, 0.1010519783839211455 ) ) ;
#1979 = CARTESIAN_POINT ( 'NONE',  ( 0.1378702276838576490, 0.8249576668329755558, 0.06278493152820960321 ) ) ;
#1980 = ORIENTED_EDGE ( 'NONE', *, *, #599, .F. ) ;
#1981 = CARTESIAN_POINT ( 'NONE',  ( 0.1724814933124807215, 0.5152576325818639669, -0.1303784414233938593 ) ) ;
#1982 = CARTESIAN_POINT ( 'NONE',  ( -0.1383876891381249918, 0.8486053767698680250, 0.07432799862239927724 ) ) ;
#1983 = CARTESIAN_POINT ( 'NONE',  ( 0.01731794915158815090, -0.3062254021445028340, 0.1840627576096626750 ) ) ;
#1984 = FACE_OUTER_BOUND ( 'NONE', #2594, .T. ) ;
#1985 = CARTESIAN_POINT ( 'NONE',  ( 0.07087830907182646190, 0.5326006210115306061, -0.2252179847195683871 ) ) ;
#1986 = CARTESIAN_POINT ( 'NONE',  ( -0.1897153992482655260, 0.8992297217392170028, -0.1122220671051141899 ) ) ;
#1987 = ORIENTED_EDGE ( 'NONE', *, *, #3440, .F. ) ;
#1988 = CARTESIAN_POINT ( 'NONE',  ( 0.1761213817645537472, 0.8027407303630179625, -0.1351895198533625275 ) ) ;
#1989 = CARTESIAN_POINT ( 'NONE',  ( 0.2390456733196080763, 0.8480639544976235067, -0.1106974701144398804 ) ) ;
#1990 = CARTESIAN_POINT ( 'NONE',  ( -0.2409496075520328739, 0.8735216056836596632, -0.1277948584187295622 ) ) ;
#1991 = CARTESIAN_POINT ( 'NONE',  ( 0.1966716027670762090, 0.8992297217921063623, 0.008538354119309848195 ) ) ;
#1992 = EDGE_CURVE ( 'NONE', #1206, #778, #999, .T. ) ;
#1993 = CARTESIAN_POINT ( 'NONE',  ( 0.1575607631680289999, 0.6394319105858077279, 0.008126123749491096643 ) ) ;
#1994 = CARTESIAN_POINT ( 'NONE',  ( -0.1882753692208750385, 0.5067716445643867251, -0.02011341147090538878 ) ) ;
#1995 = CARTESIAN_POINT ( 'NONE',  ( 0.1965532793845246873, 0.8992297217920935948, 0.008781902861017871001 ) ) ;
#1996 = CARTESIAN_POINT ( 'NONE',  ( 0.01294285923067434001, -0.2804107718121816029, 0.05219645474838485733 ) ) ;
#1997 = CARTESIAN_POINT ( 'NONE',  ( -0.1654872076034719641, 0.8571632874795745982, 0.07714562542075381613 ) ) ;
#1998 = CARTESIAN_POINT ( 'NONE',  ( -0.1987376631334807076, 0.8326752972309227063, 0.04272490936200368933 ) ) ;
#1999 = DIRECTION ( 'NONE',  ( -5.839839981541048212E-17, -0.7071550692858409315, -0.7070584897894498511 ) ) ;
#2000 = CARTESIAN_POINT ( 'NONE',  ( 0.1097402291137524744, 0.7740931430224564647, 0.05859619472077547131 ) ) ;
#2001 = VERTEX_POINT ( 'NONE', #1847 ) ;
#2002 = CARTESIAN_POINT ( 'NONE',  ( -0.06233831532080606058, -0.2728371927468283276, 0.1414741898231040296 ) ) ;
#2003 = CARTESIAN_POINT ( 'NONE',  ( -0.2193308621935711467, 0.8385458036505023527, 0.02898776064640182920 ) ) ;
#2004 = CARTESIAN_POINT ( 'NONE',  ( -0.1156549052824033946, 0.7236450329386513447, -0.1494138961574743574 ) ) ;
#2005 = FACE_OUTER_BOUND ( 'NONE', #1798, .T. ) ;
#2006 = CARTESIAN_POINT ( 'NONE',  ( -0.1466085523765307819, 0.5318801819402944053, 0.07126785097069888997 ) ) ;
#2007 = ORIENTED_EDGE ( 'NONE', *, *, #821, .F. ) ;
#2008 = CARTESIAN_POINT ( 'NONE',  ( 0.1695915517671563177, 0.5318794871931874502, -0.1291109488623082002 ) ) ;
#2009 = CARTESIAN_POINT ( 'NONE',  ( 0.2417787122479330975, 0.8492829937466372936, -0.08947462322915869515 ) ) ;
#2010 = CARTESIAN_POINT ( 'NONE',  ( -0.2299756777008144237, 0.8407660979769562282, -0.1088940872137034999 ) ) ;
#2011 = CARTESIAN_POINT ( 'NONE',  ( 0.2057368872364716272, 0.8992297217920935948, 0.01326616232893758525 ) ) ;
#2012 = CARTESIAN_POINT ( 'NONE',  ( 0.1833555100812048477, 0.8341275030291299686, 0.05740765415596293247 ) ) ;
#2013 = CARTESIAN_POINT ( 'NONE',  ( 0.2161558386148730859, 0.8234546872282533236, -0.01380020978555992171 ) ) ;
#2014 = CARTESIAN_POINT ( 'NONE',  ( 0.05893593554673948881, 0.8916418771613617844, -0.1324977648896127069 ) ) ;
#2015 = CARTESIAN_POINT ( 'NONE',  ( 0.1705000197155219777, 0.8992297217600933035, 0.02994417195553229771 ) ) ;
#2016 = CARTESIAN_POINT ( 'NONE',  ( -0.1556251923915150936, -0.4944579046064634387, 0.2426901749534830788 ) ) ;
#2017 = CARTESIAN_POINT ( 'NONE',  ( -0.1146693102433901656, 0.8002888348919846573, 0.05996968161731427299 ) ) ;
#2018 = CARTESIAN_POINT ( 'NONE',  ( -0.2508427638646989477, -0.6141296668212209431, -0.3508352426130117441 ) ) ;
#2019 = CARTESIAN_POINT ( 'NONE',  ( -0.1573933800388736814, 0.6809900773420097808, -0.08777225212437543556 ) ) ;
#2020 = EDGE_CURVE ( 'NONE', #2589, #1746, #4463, .T. ) ;
#2021 = CARTESIAN_POINT ( 'NONE',  ( 0.1593451502430722200, 0.8445811104092242338, 0.07022231793387812004 ) ) ;
#2022 = EDGE_CURVE ( 'NONE', #874, #1746, #4156, .T. ) ;
#2023 = VERTEX_POINT ( 'NONE', #4207 ) ;
#2024 = CARTESIAN_POINT ( 'NONE',  ( 0.1715312128788626100, 0.5236994525879761220, -0.1299034946777419541 ) ) ;
#2025 = CARTESIAN_POINT ( 'NONE',  ( -0.2227890363704549681, 0.8384771168972272593, 0.02253602867953903924 ) ) ;
#2026 = CARTESIAN_POINT ( 'NONE',  ( -0.1667029593289620637, 0.5318800620530189649, -0.1292060297626193843 ) ) ;
#2027 = DIRECTION ( 'NONE',  ( -5.839839981541048212E-17, -0.7071550692858409315, -0.7070584897894498511 ) ) ;
#2028 = CARTESIAN_POINT ( 'NONE',  ( -0.2041788623342923881, 0.8432145750123531958, 0.06574238627606845964 ) ) ;
#2029 = ORIENTED_EDGE ( 'NONE', *, *, #4179, .F. ) ;
#2030 = CARTESIAN_POINT ( 'NONE',  ( -0.2308510603266803185, 0.8479384196546656538, 0.02682971125382318384 ) ) ;
#2031 = CARTESIAN_POINT ( 'NONE',  ( 0.2363702663579953234, 0.8419811766441057665, -0.07561886902839728974 ) ) ;
#2032 = CARTESIAN_POINT ( 'NONE',  ( 0.2035062564579217526, 0.8971597597732475782, -0.1420306483239892614 ) ) ;
#2033 = VECTOR ( 'NONE', #2723, 1000.000000000000000 ) ;
#2034 = CARTESIAN_POINT ( 'NONE',  ( -0.2465990970221129119, 0.8736171481840616648, -0.1136947957310945612 ) ) ;
#2035 = CARTESIAN_POINT ( 'NONE',  ( 0.3945376834350648454, -0.6141296675867157218, -0.1384676297827414360 ) ) ;
#2036 = AXIS2_PLACEMENT_3D ( 'NONE', #812, #877, #1150 ) ;
#2037 = CIRCLE ( 'NONE', #3550, 0.05690883482137457788 ) ;
#2038 = CARTESIAN_POINT ( 'NONE',  ( 0.1619688588510888316, 0.8364962729530036611, 0.06602793670799303460 ) ) ;
#2039 = CARTESIAN_POINT ( 'NONE',  ( 0.03511433188598050981, -0.1207331987201587936, 0.2254312816631678373 ) ) ;
#2040 = CARTESIAN_POINT ( 'NONE',  ( 0.2172448446334575289, 0.8319555492789612039, 0.02172253011567869957 ) ) ;
#2041 = CARTESIAN_POINT ( 'NONE',  ( 0.1533631912460110269, 0.8992297217274430876, 0.03230876900675820618 ) ) ;
#2042 = ADVANCED_FACE ( 'NONE', ( #1097 ), #122, .T. ) ;
#2043 = CARTESIAN_POINT ( 'NONE',  ( 0.1695358449531138290, 0.5318801819389660235, 0.03245753021959352919 ) ) ;
#2044 = CARTESIAN_POINT ( 'NONE',  ( -0.1286813333407694493, 0.6865386409757446851, 0.04415023703345409556 ) ) ;
#2045 = CARTESIAN_POINT ( 'NONE',  ( -0.03662562656628936403, -0.5565439824181305228, -0.4343968673743002773 ) ) ;
#2046 = CARTESIAN_POINT ( 'NONE',  ( 0.1879229819914484123, 0.5319965542236961831, -0.07615066263192026008 ) ) ;
#2047 = CARTESIAN_POINT ( 'NONE',  ( 0.1121425750966719564, 0.7502405736692027149, 0.05621094678448231713 ) ) ;
#2048 = ORIENTED_EDGE ( 'NONE', *, *, #1656, .T. ) ;
#2049 = CARTESIAN_POINT ( 'NONE',  ( -0.01605143878594486595, -0.3562097019299791389, 0.1714585578817691414 ) ) ;
#2050 = CARTESIAN_POINT ( 'NONE',  ( -0.1350273099828308010, 0.8249577057018534498, -0.1595537541450363639 ) ) ;
#2051 = CARTESIAN_POINT ( 'NONE',  ( -0.1973301872328398487, 0.8992297217125786446, -0.07474310593582185469 ) ) ;
#2052 = CARTESIAN_POINT ( 'NONE',  ( 0.1663305136719968047, 0.5067578430898270758, -0.1432078932553091655 ) ) ;
#2053 = VERTEX_POINT ( 'NONE', #79 ) ;
#2054 = CARTESIAN_POINT ( 'NONE',  ( 0.1234692087188771353, 0.7488247804704054600, -0.1474705813037699709 ) ) ;
#2055 = CARTESIAN_POINT ( 'NONE',  ( 0.1369981599629852831, 0.8992297217125786446, -0.1281527968897775704 ) ) ;
#2056 = CARTESIAN_POINT ( 'NONE',  ( -0.2408992286369218139, 0.8735216935788944204, -0.1278995491337366897 ) ) ;
#2057 = CARTESIAN_POINT ( 'NONE',  ( -0.3365547214688509037, -0.6141296667194956482, -0.2675602247950461532 ) ) ;
#2058 = CARTESIAN_POINT ( 'NONE',  ( 0.2256938175329341045, 0.8325290234193780670, -0.006084375962356084952 ) ) ;
#2059 = CARTESIAN_POINT ( 'NONE',  ( -0.04257354301880512254, -0.1489009774145310938, 0.2110451756349405461 ) ) ;
#2060 = CARTESIAN_POINT ( 'NONE',  ( 0.2094865116902313307, 0.8322084404042465744, 0.03384024653395046461 ) ) ;
#2061 = CARTESIAN_POINT ( 'NONE',  ( 0.1250303627495933934, 0.8226572128381852700, -0.1617098911696714381 ) ) ;
#2062 = PLANE ( 'NONE',  #4307 ) ;
#2063 = CARTESIAN_POINT ( 'NONE',  ( -0.1278958359465245109, 0.6866172050444792063, 0.04495087948397778060 ) ) ;
#2064 = CARTESIAN_POINT ( 'NONE',  ( -0.1935871193356861752, -0.5565439823454267909, -0.3688508828490763558 ) ) ;
#2065 = CARTESIAN_POINT ( 'NONE',  ( -0.1627663640958176561, 0.5502163428300900216, -0.1265714515885486835 ) ) ;
#2066 = CARTESIAN_POINT ( 'NONE',  ( 0.1531585049416282485, 0.6400482831734061184, 0.01845086090635318643 ) ) ;
#2067 = CARTESIAN_POINT ( 'NONE',  ( 0.1724739524525489009, 0.5068152615964354180, 0.03362550499221220873 ) ) ;
#2068 = EDGE_LOOP ( 'NONE', ( #2185, #4160, #3623, #3673, #2357, #3555 ) ) ;
#2069 = CARTESIAN_POINT ( 'NONE',  ( -0.2978161037539674982, -0.6470671011028404918, 0.2151977489786696118 ) ) ;
#2070 = CARTESIAN_POINT ( 'NONE',  ( -0.1104333569596701037, 0.7499727790369704605, -0.1524298702599479471 ) ) ;
#2071 = CARTESIAN_POINT ( 'NONE',  ( 0.1701457820976799151, -0.2082604420487391972, 0.05814728179003434555 ) ) ;
#2072 = CARTESIAN_POINT ( 'NONE',  ( -0.2077384499909065430, 0.8992297217125786446, -0.03506595785306139412 ) ) ;
#2073 = EDGE_CURVE ( 'NONE', #3735, #1779, #3775, .T. ) ;
#2074 = ORIENTED_EDGE ( 'NONE', *, *, #265, .T. ) ;
#2075 = CARTESIAN_POINT ( 'NONE',  ( -0.2270786380513555858, 0.8480253466284219943, 0.03373267130325442731 ) ) ;
#2076 = CARTESIAN_POINT ( 'NONE',  ( 0.1409334280098921699, 0.6678132070043341084, -0.1321698468680437555 ) ) ;
#2077 = CARTESIAN_POINT ( 'NONE',  ( 0.1414292117459188258, 0.8992297217125786446, -0.1385908862629235405 ) ) ;
#2078 = CARTESIAN_POINT ( 'NONE',  ( 0.1540685980075319483, -0.5565439825064755208, -0.4104488107609479131 ) ) ;
#2079 = CC_DESIGN_PERSON_AND_ORGANIZATION_ASSIGNMENT ( #2736, #4122, ( #490 ) ) ;
#2080 = CARTESIAN_POINT ( 'NONE',  ( 0.001358294415303849595, -0.003896314204935377376, 0.4076456094562680432 ) ) ;
#2081 = CARTESIAN_POINT ( 'NONE',  ( -0.1662015776513362242, -0.4965673250279631357, -0.3238469342660277306 ) ) ;
#2082 = CARTESIAN_POINT ( 'NONE',  ( 0.2475384052673082202, 0.8559573145420257267, 0.004180287761595318473 ) ) ;
#2083 =( LENGTH_UNIT ( ) NAMED_UNIT ( * ) SI_UNIT ( .MILLI., .METRE. ) );
#2084 = CARTESIAN_POINT ( 'NONE',  ( -0.2186405052645107039, 0.8971416971611259061, 0.02548106675260150902 ) ) ;
#2085 = CARTESIAN_POINT ( 'NONE',  ( 0.1722962881480248898, 0.8353525702156859856, -0.1585789153288300890 ) ) ;
#2086 = CARTESIAN_POINT ( 'NONE',  ( -0.1169714061981494413, 0.7234937792779342347, 0.05178356323236686654 ) ) ;
#2087 = CARTESIAN_POINT ( 'NONE',  ( 0.3800238414289811018, -0.5565439826111598931, -0.1351449890257513109 ) ) ;
#2088 = CARTESIAN_POINT ( 'NONE',  ( -0.2230074996806040988, 0.8326132098626998213, -0.08889430372241684253 ) ) ;
#2089 = CARTESIAN_POINT ( 'NONE',  ( 0.1567517523146718661, 0.5865891249076531366, 0.02914031893695567463 ) ) ;
#2090 = CARTESIAN_POINT ( 'NONE',  ( 0.02958943991472421167, 0.5242508517370856325, 0.1400695815641957720 ) ) ;
#2091 = B_SPLINE_CURVE_WITH_KNOTS ( 'NONE', 3,
 ( #788, #2974, #3632, #535, #3993, #3245 ),
 .UNSPECIFIED., .F., .F.,
 ( 4, 1, 1, 4 ),
 ( 0.000000000000000000, 0.2857142857142860315, 0.5714285714285709528, 1.000000000000000000 ),
 .UNSPECIFIED. ) ;
#2092 = ORIENTED_EDGE ( 'NONE', *, *, #821, .T. ) ;
#2093 = CARTESIAN_POINT ( 'NONE',  ( 0.04821098757899181658, 0.8564949929990763877, -0.1784647727232708259 ) ) ;
#2094 = CARTESIAN_POINT ( 'NONE',  ( -0.1276577222607128137, 0.7214750603966614273, -0.1405341812520975453 ) ) ;
#2095 = CARTESIAN_POINT ( 'NONE',  ( 0.001421322026237964312, -0.8747071845238335586, 0.3158322104386570017 ) ) ;
#2096 = CARTESIAN_POINT ( 'NONE',  ( -0.2490030224578775875, 0.8617623260483546765, -0.006927276756963515747 ) ) ;
#2097 = ORIENTED_EDGE ( 'NONE', *, *, #4458, .T. ) ;
#2098 = CARTESIAN_POINT ( 'NONE',  ( 0.2103904462823673605, 0.8992297217125786446, -0.02177842441719516839 ) ) ;
#2099 = EDGE_CURVE ( 'NONE', #798, #3215, #878, .T. ) ;
#2100 = CARTESIAN_POINT ( 'NONE',  ( 0.2056000441886828844, 0.8992297217131961506, -0.1103113005591161710 ) ) ;
#2101 = CARTESIAN_POINT ( 'NONE',  ( -0.2178928654833247880, -0.5106568048612382116, -0.3113416597002868214 ) ) ;
#2102 = FACE_OUTER_BOUND ( 'NONE', #1224, .T. ) ;
#2103 = CARTESIAN_POINT ( 'NONE',  ( -0.1952466448091838280, -0.4640297492124285661, -0.2624112761063487342 ) ) ;
#2104 = CARTESIAN_POINT ( 'NONE',  ( 0.2416206817821630326, 0.8553063834364095230, 0.02537761849021916843 ) ) ;
#2105 = CARTESIAN_POINT ( 'NONE',  ( -0.1367769252903562049, 0.8974157850913883072, 0.05798356835325521597 ) ) ;
#2106 = APPROVAL_PERSON_ORGANIZATION ( #1877, #3826, #530 ) ;
#2107 = CARTESIAN_POINT ( 'NONE',  ( 0.2248807263391418010, 0.8322343680431116830, -0.09751156616188624837 ) ) ;
#2108 = CARTESIAN_POINT ( 'NONE',  ( 0.05392080050744495201, -0.08658331224609779053, 0.1340987104443726319 ) ) ;
#2109 = CARTESIAN_POINT ( 'NONE',  ( 0.1316368157986585741, -0.4944386986044844168, -0.3572441396876274156 ) ) ;
#2110 = CARTESIAN_POINT ( 'NONE',  ( 0.2339205488092474805, 0.8432145748601937996, 0.06339640721800923751 ) ) ;
#2111 = CARTESIAN_POINT ( 'NONE',  ( 0.1695553505268089234, 0.5318799410948720219, 0.03241719793235388336 ) ) ;
#2112 = CARTESIAN_POINT ( 'NONE',  ( 0.1369981599629852831, 0.8992297217125786446, -0.1281527968897775704 ) ) ;
#2113 = CARTESIAN_POINT ( 'NONE',  ( -0.04537809800408620919, 0.8565037266273940464, -0.1784680965953457932 ) ) ;
#2114 = CARTESIAN_POINT ( 'NONE',  ( -0.1652492474069920114, 0.7330384158569284159, -0.02793537326202264956 ) ) ;
#2115 = CARTESIAN_POINT ( 'NONE',  ( 0.1413657480676008271, 0.8517196332607390730, -0.1724707395437689583 ) ) ;
#2116 = B_SPLINE_CURVE_WITH_KNOTS ( 'NONE', 3,
 ( #2987, #997, #4024, #2725, #2051, #270 ),
 .UNSPECIFIED., .F., .F.,
 ( 4, 2, 4 ),
 ( 3.671508430173269666, 3.827985677137589970, 3.984462605802780111 ),
 .UNSPECIFIED. ) ;
#2117 = ORIENTED_EDGE ( 'NONE', *, *, #341, .F. ) ;
#2118 = CARTESIAN_POINT ( 'NONE',  ( -0.001532884390283471539, -0.4124631150831412629, 0.05278510870891649914 ) ) ;
#2119 = CARTESIAN_POINT ( 'NONE',  ( 0.05844236096796344426, -0.2271774661361091741, 0.1760944660288484287 ) ) ;
#2120 = CARTESIAN_POINT ( 'NONE',  ( 0.1599174675983459359, -0.6141296673084339908, -0.4243286597666435789 ) ) ;
#2121 = ORIENTED_EDGE ( 'NONE', *, *, #3792, .T. ) ;
#2122 = CARTESIAN_POINT ( 'NONE',  ( -0.1254577895203502491, 0.7108084544293418183, -0.1093967936326840779 ) ) ;
#2123 = CARTESIAN_POINT ( 'NONE',  ( -0.1480455200344003019, -0.3779926167729902864, -0.2110330002703297014 ) ) ;
#2124 = CARTESIAN_POINT ( 'NONE',  ( 0.2271088458954481915, 0.8406613427018249096, 0.02545751454996993818 ) ) ;
#2125 = CARTESIAN_POINT ( 'NONE',  ( 0.1879538662314482189, 0.5318786610462613584, -0.02059945939768028852 ) ) ;
#2126 = ADVANCED_FACE ( 'NONE', ( #2849, #2161 ), #2187, .T. ) ;
#2127 = CARTESIAN_POINT ( 'NONE',  ( 0.3072902756486937115, -0.4944922883504456745, 0.06085049204354858049 ) ) ;
#2128 = CARTESIAN_POINT ( 'NONE',  ( -0.05460826669728372634, -0.1573905258435436272, 0.1387305062289199697 ) ) ;
#2129 = CARTESIAN_POINT ( 'NONE',  ( -0.2867718328446103859, -0.5565439823022437782, 0.2054708142870211862 ) ) ;
#2130 = CARTESIAN_POINT ( 'NONE',  ( 0.1639155476668018030, 0.8432145748873665081, 0.07012949737013768337 ) ) ;
#2131 = CARTESIAN_POINT ( 'NONE',  ( 0.1848317225875639458, 0.8013860552104286050, 0.02140706344091128019 ) ) ;
#2132 = CARTESIAN_POINT ( 'NONE',  ( 0.03334830352030386524, -0.3932743348262066063, 0.04764842701439635925 ) ) ;
#2133 = CARTESIAN_POINT ( 'NONE',  ( -0.04466117716671664378, 0.8975710846659227249, -0.1565766376464621801 ) ) ;
#2134 = CARTESIAN_POINT ( 'NONE',  ( -0.1933214307834091594, 0.8016451534244921628, -0.08945139021104063504 ) ) ;
#2135 = CARTESIAN_POINT ( 'NONE',  ( 0.3909306803592021984, -0.7321568765001595924, -0.04838433241814063535 ) ) ;
#2136 = CARTESIAN_POINT ( 'NONE',  ( -0.2207377314428961845, 0.8971496581197119236, -0.1183986986569437877 ) ) ;
#2137 = CARTESIAN_POINT ( 'NONE',  ( 0.1396195617247967258, 0.8974153697595780299, -0.1547521762677928625 ) ) ;
#2138 = ORIENTED_EDGE ( 'NONE', *, *, #1851, .T. ) ;
#2139 = CARTESIAN_POINT ( 'NONE',  ( -0.03495619144347760637, 0.8902132777105963291, -0.1451368922046783749 ) ) ;
#2140 = CARTESIAN_POINT ( 'NONE',  ( -0.03558301244321604440, -0.3043617201596975907, 0.04582014093343275002 ) ) ;
#2141 = DIRECTION ( 'NONE',  ( -8.881784197001246653E-17, -0.7071550692858419307, -0.7070584897894488519 ) ) ;
#2142 = ORIENTED_EDGE ( 'NONE', *, *, #3471, .T. ) ;
#2143 = CARTESIAN_POINT ( 'NONE',  ( -0.01461674354338255571, -0.3062216882092832493, 0.1840647215717602092 ) ) ;
#2144 = CARTESIAN_POINT ( 'NONE',  ( -0.1657777963221837014, -0.4958577828765884932, -0.3231505144506537364 ) ) ;
#2145 = CARTESIAN_POINT ( 'NONE',  ( 0.1415464203468390081, 0.8809104433477453755, 0.07753535740178213453 ) ) ;
#2146 = CARTESIAN_POINT ( 'NONE',  ( 0.1247711019256154408, 0.7050632538600293264, -0.1459637097010847429 ) ) ;
#2147 = CARTESIAN_POINT ( 'NONE',  ( 0.2256938178180350474, 0.8325290235729198018, -0.09068428560935876126 ) ) ;
#2148 = CARTESIAN_POINT ( 'NONE',  ( -0.1800923198864034236, 0.7773540266455698511, -0.03236061974889780507 ) ) ;
#2149 = CARTESIAN_POINT ( 'NONE',  ( -0.07042625357535219066, -0.2283689930163725346, 0.1281717281401001107 ) ) ;
#2150 = CARTESIAN_POINT ( 'NONE',  ( -0.09825129719578543086, 0.8432145749743102936, 0.07533682008886141701 ) ) ;
#2151 = CARTESIAN_POINT ( 'NONE',  ( 0.1695748412160948404, 0.5318796960388049166, 0.03237685858040097175 ) ) ;
#2152 = CARTESIAN_POINT ( 'NONE',  ( 0.1483438646772818892, 0.8992297217127155351, -0.1288531246026422827 ) ) ;
#2153 = CARTESIAN_POINT ( 'NONE',  ( 0.07306794801596944167, 0.8992297217125786446, 0.03344050629887366372 ) ) ;
#2154 = CARTESIAN_POINT ( 'NONE',  ( -0.1546694061118334407, 0.5865494071726070624, -0.1244197737888980138 ) ) ;
#2155 = CARTESIAN_POINT ( 'NONE',  ( -0.2475140116483944830, 0.8851121864057760469, -0.08978713955132340552 ) ) ;
#2156 = CARTESIAN_POINT ( 'NONE',  ( -0.2251347849660243206, 0.8971511374911892434, -0.1074686660235617125 ) ) ;
#2157 = CARTESIAN_POINT ( 'NONE',  ( -0.2475140116483847963, 0.8851121864057760469, -0.006981525284949652993 ) ) ;
#2158 = CIRCLE ( 'NONE', #3324, 0.1011712619046658684 ) ;
#2159 = EDGE_LOOP ( 'NONE', ( #2482, #2212, #589, #3562 ) ) ;
#2160 = CARTESIAN_POINT ( 'NONE',  ( -0.03413530492090739721, -0.3442326437374648718, 0.04639935296069193360 ) ) ;
#2161 = FACE_OUTER_BOUND ( 'NONE', #3332, .T. ) ;
#2162 = CARTESIAN_POINT ( 'NONE',  ( -0.08234869058594257440, -0.1801269360684041865, 0.1218391181113352428 ) ) ;
#2163 = ORIENTED_EDGE ( 'NONE', *, *, #4342, .T. ) ;
#2164 = CARTESIAN_POINT ( 'NONE',  ( 0.1639254817337495451, 0.8432145748873881574, -0.1669182527626967838 ) ) ;
#2165 = CARTESIAN_POINT ( 'NONE',  ( 0.1683181223342504473, -0.2700181319768520938, 0.06412565160243774431 ) ) ;
#2166 = CARTESIAN_POINT ( 'NONE',  ( 0.2465138497188079092, 0.8872546700942087750, 0.003982013106476252687 ) ) ;
#2167 = PERSON_AND_ORGANIZATION_ROLE ( 'design_supplier' ) ;
#2168 = ORIENTED_EDGE ( 'NONE', *, *, #789, .F. ) ;
#2169 = CARTESIAN_POINT ( 'NONE',  ( 0.001421664052012269058, 0.8872925255010852830, 0.05499062785989800722 ) ) ;
#2170 = CARTESIAN_POINT ( 'NONE',  ( -0.2461733760967996787, 0.8845889515005985748, 0.01679887301571439742 ) ) ;
#2171 = CARTESIAN_POINT ( 'NONE',  ( 0.2135969842250045603, 0.8320423120597632005, -0.1247309420756995413 ) ) ;
#2172 = CARTESIAN_POINT ( 'NONE',  ( -0.04649958787429223778, -0.1009701900470648117, 0.1354086162022503925 ) ) ;
#2173 = CARTESIAN_POINT ( 'NONE',  ( 0.02803605698884760813, 0.7823043668445649468, 0.06458955868634029540 ) ) ;
#2174 = CARTESIAN_POINT ( 'NONE',  ( 0.1911174362130264870, -0.2082604419367170279, -0.04838433241814323743 ) ) ;
#2175 = CARTESIAN_POINT ( 'NONE',  ( -0.2188292517876211651, 0.8327134367261275205, 0.05715786041937177819 ) ) ;
#2176 = PRODUCT_DEFINITION_FORMATION_WITH_SPECIFIED_SOURCE ( '�', '', #490, .NOT_KNOWN. ) ;
#2177 = EDGE_CURVE ( 'NONE', #2589, #3684, #2368, .T. ) ;
#2178 = AXIS2_PLACEMENT_3D ( 'NONE', #3113, #2425, #1038 ) ;
#2179 = CARTESIAN_POINT ( 'NONE',  ( -0.1384230238765393473, 0.8886908921001702710, -0.1714552052578504626 ) ) ;
#2180 = EDGE_CURVE ( 'NONE', #2053, #3013, #3289, .T. ) ;
#2181 = CARTESIAN_POINT ( 'NONE',  ( -0.1533440275207706982, 0.7156393042435357232, -0.1092116941455485990 ) ) ;
#2182 = CARTESIAN_POINT ( 'NONE',  ( -0.04537546244637363779, 0.8564953237901218319, 0.08169694893800388824 ) ) ;
#2183 = CARTESIAN_POINT ( 'NONE',  ( -0.1879895676156026207, 0.8765661703869078725, -0.1729711901813708319 ) ) ;
#2184 = CARTESIAN_POINT ( 'NONE',  ( -0.06760804230123414194, 0.8992297217125728714, 0.03045143285045207038 ) ) ;
#2185 = ORIENTED_EDGE ( 'NONE', *, *, #2767, .F. ) ;
#2186 = CARTESIAN_POINT ( 'NONE',  ( -0.05306396416259662879, -0.1981604792192871445, 0.1878812359735966830 ) ) ;
#2187 = PLANE ( 'NONE',  #859 ) ;
#2188 = CARTESIAN_POINT ( 'NONE',  ( -0.09211569034248252852, 0.8414413685186609149, 0.07569654923773498634 ) ) ;
#2189 = ORIENTED_EDGE ( 'NONE', *, *, #2908, .F. ) ;
#2190 = CARTESIAN_POINT ( 'NONE',  ( 0.1494511926614216779, 0.5318801819400765796, -0.1680365158067592679 ) ) ;
#2191 = CARTESIAN_POINT ( 'NONE',  ( -0.2157412477036075860, 0.8319457995982626475, -0.1158236508673838455 ) ) ;
#2192 = CARTESIAN_POINT ( 'NONE',  ( 0.2417863364489752087, 0.8735369829788870444, 0.03492563237665525372 ) ) ;
#2193 = ORIENTED_EDGE ( 'NONE', *, *, #1242, .T. ) ;
#2194 = B_SPLINE_SURFACE_WITH_KNOTS ( 'NONE', 3, 3, ( 
 ( #4393, #238, #2999, #4010, #4076, #555 ),
 ( #1282, #942, #2671, #4033, #194, #2306 ),
 ( #963, #604, #2973, #1580, #3335, #2329 ),
 ( #279, #258, #1994, #1949, #986, #3722 ) ),
 .UNSPECIFIED., .F., .F., .F.,
 ( 4, 4 ),
 ( 4, 2, 4 ),
 ( 0.000000000000000000, 1.000000000000000000 ),
 ( 0.000000000000000000, 0.1564668861340250128, 0.3129393188141320059 ),
 .UNSPECIFIED. ) ;
#2195 = CARTESIAN_POINT ( 'NONE',  ( -0.2027574039111895987, 0.8992297217126956621, 0.01354264793170184208 ) ) ;
#2196 = CARTESIAN_POINT ( 'NONE',  ( 0.2423980136879094471, 0.8845381649823577108, -0.1296825793260085180 ) ) ;
#2197 = CARTESIAN_POINT ( 'NONE',  ( 0.01845229595555707147, -0.09504329155180765709, 0.1497067653376382979 ) ) ;
#2198 = CARTESIAN_POINT ( 'NONE',  ( -0.07042534521445381612, -0.3249328535165774134, 0.1467040845916889047 ) ) ;
#2199 = CARTESIAN_POINT ( 'NONE',  ( -0.1517755163482898406, 0.7738341306993069546, -0.1217887152052433281 ) ) ;
#2200 = CARTESIAN_POINT ( 'NONE',  ( -0.1746166644591048978, -0.5106568048686893624, -0.3376758417422551783 ) ) ;
#2201 = B_SPLINE_CURVE_WITH_KNOTS ( 'NONE', 3,
 ( #2265, #218, #537, #4353, #240, #2652, #3788, #1996, #1674, #4395, #3363, #1697, #3067 ),
 .UNSPECIFIED., .F., .F.,
 ( 4, 3, 3, 3, 4 ),
 ( 1.423015351387225051E-19, 2.876135838906521494E-05, 4.108210756228112789E-05, 5.362504790754257301E-05, 5.682237616468180000E-05 ),
 .UNSPECIFIED. ) ;
#2202 = CARTESIAN_POINT ( 'NONE',  ( -0.1652339610408328219, 0.7329699650794521126, -0.06885192231676787178 ) ) ;
#2203 = CARTESIAN_POINT ( 'NONE',  ( -0.08963794072767440613, 0.8992297217125786446, 0.04364860495959127507 ) ) ;
#2204 = CARTESIAN_POINT ( 'NONE',  ( -0.2432344698023412299, 0.8875008456068111951, -0.08963122473584510252 ) ) ;
#2205 = CARTESIAN_POINT ( 'NONE',  ( 0.1911176772196171714, 0.5067934544302845623, -0.04838433241597513840 ) ) ;
#2206 = ORIENTED_EDGE ( 'NONE', *, *, #3408, .T. ) ;
#2207 = CARTESIAN_POINT ( 'NONE',  ( 0.2003612522359840831, 0.8992297217125786446, -0.06157949818824166172 ) ) ;
#2208 = CARTESIAN_POINT ( 'NONE',  ( 0.02664622214084899979, -0.1059147287603768584, 0.2332755793102134212 ) ) ;
#2209 = EDGE_CURVE ( 'NONE', #478, #3986, #1122, .T. ) ;
#2210 = CARTESIAN_POINT ( 'NONE',  ( 0.02922978297895180780, -0.05650449172026093814, 0.1394010132544954705 ) ) ;
#2211 = EDGE_CURVE ( 'NONE', #1161, #4204, #3568, .T. ) ;
#2212 = ORIENTED_EDGE ( 'NONE', *, *, #789, .T. ) ;
#2213 = CARTESIAN_POINT ( 'NONE',  ( 0.05581830662142633209, 0.5318801819401504094, -0.2295069838869499557 ) ) ;
#2214 = CARTESIAN_POINT ( 'NONE',  ( -0.2149500845377408376, 0.8319497279350259733, -0.1174309380006960946 ) ) ;
#2215 = CARTESIAN_POINT ( 'NONE',  ( 0.2394388725103226145, 0.8870504638470486647, 0.02892117779173762268 ) ) ;
#2216 = VERTEX_POINT ( 'NONE', #2986 ) ;
#2217 = CARTESIAN_POINT ( 'NONE',  ( -0.1962992259010539475, 0.8992297217126831166, 0.002333561449706067579 ) ) ;
#2218 = CARTESIAN_POINT ( 'NONE',  ( -0.1874073686376146186, 0.8992297217126848929, 0.01777119429418851093 ) ) ;
#2219 = CARTESIAN_POINT ( 'NONE',  ( -0.0007117659523730784574, -0.1061071721754848624, 0.2172531062373717348 ) ) ;
#2220 = CARTESIAN_POINT ( 'NONE',  ( 0.08612201799076722730, -0.2684160051790363544, 0.1266993783055266332 ) ) ;
#2221 = CARTESIAN_POINT ( 'NONE',  ( -0.1668099706392517090, 0.5318786610562720174, -0.1289840732405900248 ) ) ;
#2222 = CARTESIAN_POINT ( 'NONE',  ( 0.2258501420219475309, 0.8326132097312243241, -0.08889430407463363992 ) ) ;
#2223 = CARTESIAN_POINT ( 'NONE',  ( -0.1558029241383756258, 0.5865168356107910430, 0.02535867080381485131 ) ) ;
#2224 = DIRECTION ( 'NONE',  ( 0.000000000000000000, -1.000000000000000000, -2.220446049250309876E-16 ) ) ;
#2225 = CARTESIAN_POINT ( 'NONE',  ( -0.2419168276979202781, 0.8870935712977734422, -0.1123327711100031295 ) ) ;
#2226 = CARTESIAN_POINT ( 'NONE',  ( -0.1341555178857193331, 0.8992297217125786446, -0.1281527967845524918 ) ) ;
#2227 = VERTEX_POINT ( 'NONE', #863 ) ;
#2228 = CARTESIAN_POINT ( 'NONE',  ( 0.03764620563971084188, 0.8939617202291856302, -0.1458733539814091318 ) ) ;
#2229 = CARTESIAN_POINT ( 'NONE',  ( 0.08124588192830663191, 0.5068152615972678632, -0.01011307504654054834 ) ) ;
#2230 = CARTESIAN_POINT ( 'NONE',  ( -0.03797732518920898803, -0.06814024668328454160, 0.1372813497348586431 ) ) ;
#2231 = VERTEX_POINT ( 'NONE', #226 ) ;
#2232 = ADVANCED_FACE ( 'NONE', ( #3711 ), #1272, .F. ) ;
#2233 = CARTESIAN_POINT ( 'NONE',  ( 0.1655044342824218695, 0.5502244395628596019, -0.1267756735989545303 ) ) ;
#2234 = B_SPLINE_SURFACE_WITH_KNOTS ( 'NONE', 3, 3, ( 
 ( #2110, #3566, #1812, #3541 ),
 ( #2492, #1788, #1472, #2470 ),
 ( #2130, #3878, #371, #4238 ),
 ( #3202, #46, #1766, #3178 ),
 ( #2813, #2173, #66, #4217 ),
 ( #1064, #4196, #786, #3835 ),
 ( #1086, #2863, #1108, #764 ),
 ( #2150, #719, #419, #1129 ),
 ( #2512, #3899, #1025, #2006 ),
 ( #2028, #2749, #2663, #4427 ),
 ( #3100, #2706, #616, #4134 ) ),
 .UNSPECIFIED., .F., .F., .F.,
 ( 4, 1, 1, 2, 1, 1, 1, 4 ),
 ( 4, 4 ),
 ( 0.0007903857457236839780, 0.2004742314474340092, 0.3003161542982900056, 0.5000000000000000000, 0.5998419228504819900, 0.6996838457009629808, 0.7995257685514449708, 0.9992096142524079516 ),
 ( 0.2313034275130380069, 0.9833507073981330171 ),
 .UNSPECIFIED. ) ;
#2235 = CARTESIAN_POINT ( 'NONE',  ( -0.2156779919846427140, 0.8319459140487442950, -0.1159555819431966062 ) ) ;
#2236 = CARTESIAN_POINT ( 'NONE',  ( 0.2398627879551012698, 0.8870501464074060927, 0.02803909984065539041 ) ) ;
#2237 = EDGE_LOOP ( 'NONE', ( #4387, #3918, #1636 ) ) ;
#2238 = CARTESIAN_POINT ( 'NONE',  ( -0.1934007466392312358, 0.8992297217126956621, 0.009396098934061344193 ) ) ;
#2239 = CARTESIAN_POINT ( 'NONE',  ( 0.001402887809078259048, -0.1070837144283833531, 0.1836006510585243001 ) ) ;
#2240 = CARTESIAN_POINT ( 'NONE',  ( 0.06325707699106822290, 0.8992297217089066930, 0.04241001875278341271 ) ) ;
#2241 = DIRECTION ( 'NONE',  ( 0.000000000000000000, 0.000000000000000000, -1.000000000000000000 ) ) ;
#2242 = AXIS2_PLACEMENT_3D ( 'NONE', #3841, #2497, #3164 ) ;
#2243 = CARTESIAN_POINT ( 'NONE',  ( 0.2227441850625247188, 0.8320063451714794223, -0.1059762057860762774 ) ) ;
#2244 = CARTESIAN_POINT ( 'NONE',  ( -0.1217783870788853584, 0.7226413446578692223, 0.04840891548009441936 ) ) ;
#2245 = CARTESIAN_POINT ( 'NONE',  ( -0.04528748145383542506, 0.8432225423819219579, 0.07862682417660758760 ) ) ;
#2246 = CARTESIAN_POINT ( 'NONE',  ( -0.1379814384666446236, 0.8392626072508851953, -0.1669744354976765432 ) ) ;
#2247 = CARTESIAN_POINT ( 'NONE',  ( 0.1187573404350577566, 0.5322445697891992067, -0.1952348939920972026 ) ) ;
#2248 = CIRCLE ( 'NONE', #1454, 0.3895093583329642950 ) ;
#2249 = ORIENTED_EDGE ( 'NONE', *, *, #898, .F. ) ;
#2250 = CARTESIAN_POINT ( 'NONE',  ( -0.06556885816287877367, 0.8950429836174532694, -0.1248912244073919209 ) ) ;
#2251 = CARTESIAN_POINT ( 'NONE',  ( 0.001358294415303849595, -0.0003191256688379571506, 0.4112223094388880451 ) ) ;
#2252 = CARTESIAN_POINT ( 'NONE',  ( 0.1852399667307527975, -0.2082604419680927910, -0.1058345928892972521 ) ) ;
#2253 = ORIENTED_EDGE ( 'NONE', *, *, #984, .T. ) ;
#2254 = CIRCLE ( 'NONE', #875, 0.1011712619046658407 ) ;
#2255 = CARTESIAN_POINT ( 'NONE',  ( 0.1951962102365110974, 0.8006338563390285046, -0.09530903698011439218 ) ) ;
#2256 = CARTESIAN_POINT ( 'NONE',  ( 0.1591976038912046310, 0.6644260247707544087, -0.09461944457003308717 ) ) ;
#2257 = CARTESIAN_POINT ( 'NONE',  ( 0.1974884645533354632, 0.8992297217900309114, 0.006763356729255668755 ) ) ;
#2258 = PERSON_AND_ORGANIZATION ( #1872, #2981 ) ;
#2259 = ORIENTED_EDGE ( 'NONE', *, *, #2177, .T. ) ;
#2260 = CARTESIAN_POINT ( 'NONE',  ( -0.001100448485168263385, -0.1070700604752655438, 0.1819355346288575592 ) ) ;
#2261 = CARTESIAN_POINT ( 'NONE',  ( 0.1997896165330362017, 0.8992297217125786446, -0.008823813342993895234 ) ) ;
#2262 = EDGE_CURVE ( 'NONE', #2227, #1248, #4023, .T. ) ;
#2263 = CARTESIAN_POINT ( 'NONE',  ( -0.1788064578414598482, 0.5318786610562720174, -0.1039283635501715153 ) ) ;
#2264 = ADVANCED_FACE ( 'NONE', ( #3620 ), #841, .T. ) ;
#2265 = CARTESIAN_POINT ( 'NONE',  ( 0.04286920637150336277, -0.3126270235944019760, 0.04390703835228400992 ) ) ;
#2266 = CARTESIAN_POINT ( 'NONE',  ( -0.1451363010334079662, 0.7411712975549804572, 0.02937493281511086365 ) ) ;
#2267 = CARTESIAN_POINT ( 'NONE',  ( -0.09250000989834798737, 0.8738957300080056889, 0.08251135048513583148 ) ) ;
#2268 = CARTESIAN_POINT ( 'NONE',  ( -0.1718932706258304299, 0.8992297217278246713, -0.1362045619978803357 ) ) ;
#2269 = CARTESIAN_POINT ( 'NONE',  ( 0.001421322026237935039, -0.9000000000000000222, -0.1748484097989730368 ) ) ;
#2270 = ORIENTED_EDGE ( 'NONE', *, *, #1688, .T. ) ;
#2271 = CARTESIAN_POINT ( 'NONE',  ( 0.01358789275858251003, -0.3074057105917494259, 0.1852352211338278987 ) ) ;
#2272 = DIRECTION ( 'NONE',  ( 6.678685382510718407E-17, 0.7071550692858419307, 0.7070584897894488519 ) ) ;
#2273 = DIRECTION ( 'NONE',  ( 0.000000000000000000, 1.000000000000000000, 0.000000000000000000 ) ) ;
#2274 = B_SPLINE_CURVE_WITH_KNOTS ( 'NONE', 3,
 ( #3323, #3666, #546, #205, #1592 ),
 .UNSPECIFIED., .F., .F.,
 ( 4, 1, 4 ),
 ( 0.000000000000000000, 0.4999968471549631199, 1.000000000000000000 ),
 .UNSPECIFIED. ) ;
#2275 = CARTESIAN_POINT ( 'NONE',  ( -0.1666932046245059307, 0.5318801819500189598, 0.03245753030434446462 ) ) ;
#2276 = ORIENTED_EDGE ( 'NONE', *, *, #1915, .T. ) ;
#2277 = DIRECTION ( 'NONE',  ( -9.849727392448217693E-18, -0.7070584897894487408, 0.7071550692858419307 ) ) ;
#2278 = CARTESIAN_POINT ( 'NONE',  ( 0.2503284251208016675, 0.8850944996260944331, -0.08978611145913840963 ) ) ;
#2279 = CARTESIAN_POINT ( 'NONE',  ( 0.001421322026237919643, 0.8916418770697283058, -0.04838433241814028146 ) ) ;
#2280 = CARTESIAN_POINT ( 'NONE',  ( 0.1958166397981712659, 0.8992297217918993057, 0.01019292271478123083 ) ) ;
#2281 = ORIENTED_EDGE ( 'NONE', *, *, #2629, .T. ) ;
#2282 = CARTESIAN_POINT ( 'NONE',  ( -0.1940356042151885341, 0.8992297217126975495, 0.008109537219824545715 ) ) ;
#2283 = CARTESIAN_POINT ( 'NONE',  ( 0.05993295515570101761, -0.2465934299172909128, 0.1562965700893192700 ) ) ;
#2284 = CARTESIAN_POINT ( 'NONE',  ( -0.1384230238760466580, 0.8886908921001703821, 0.07468654042157082951 ) ) ;
#2285 = CARTESIAN_POINT ( 'NONE',  ( 0.08230107133813689690, -0.2482651753748102152, 0.1252323776944266609 ) ) ;
#2286 = EDGE_CURVE ( 'NONE', #124, #1878, #642, .T. ) ;
#2287 = CARTESIAN_POINT ( 'NONE',  ( 0.001421322026237907066, -0.7321568765001595924, 0.05278692948652521227 ) ) ;
#2288 = CARTESIAN_POINT ( 'NONE',  ( -0.1309957062554475138, 0.7209293822028985943, 0.04113440686845994121 ) ) ;
#2289 = CARTESIAN_POINT ( 'NONE',  ( -0.1420965291073813530, 0.8387116389393796112, 0.06955476342236067977 ) ) ;
#2290 = CARTESIAN_POINT ( 'NONE',  ( -0.1979332295122629704, 0.8992297217392151154, -0.1184059785518057073 ) ) ;
#2291 = CARTESIAN_POINT ( 'NONE',  ( 0.1565148002689498719, 0.5866023288709043548, 0.02959804285717425321 ) ) ;
#2292 = VERTEX_POINT ( 'NONE', #4001 ) ;
#2293 = CARTESIAN_POINT ( 'NONE',  ( -0.05574659329650788475, -0.2579828127751038203, 0.1569710662583113925 ) ) ;
#2294 = CARTESIAN_POINT ( 'NONE',  ( -0.06750534536781549466, -0.2648582950950439940, 0.1337076498191711871 ) ) ;
#2295 = CARTESIAN_POINT ( 'NONE',  ( 0.06516275071535203300, -0.2626974125945020222, 0.1403869226703209905 ) ) ;
#2296 = CARTESIAN_POINT ( 'NONE',  ( 0.2110916568153042849, -0.3626793443075641554, -0.06939620613810833227 ) ) ;
#2297 = CARTESIAN_POINT ( 'NONE',  ( -0.1940505297161028431, 0.8992297217398540488, -0.1048469038907212658 ) ) ;
#2298 = ORIENTED_EDGE ( 'NONE', *, *, #2733, .F. ) ;
#2299 = CARTESIAN_POINT ( 'NONE',  ( 0.001358294415303849595, -0.0003191256688379571506, 0.4112223094388880451 ) ) ;
#2300 = CARTESIAN_POINT ( 'NONE',  ( 0.2295139889339984918, 0.8674134848207738502, -0.1489638498000315225 ) ) ;
#2301 = CARTESIAN_POINT ( 'NONE',  ( -0.2246921425771560010, 0.8406565966750185748, -0.1213811940886972141 ) ) ;
#2302 = B_SPLINE_CURVE_WITH_KNOTS ( 'NONE', 3,
 ( #2574, #3933, #1483, #4208, #822, #4229, #1119, #2210, #1827, #481, #2503, #1098, #2230, #3554, #1529, #1870, #3889, #2481, #2162, #3255, #4294 ),
 .UNSPECIFIED., .F., .F.,
 ( 4, 1, 1, 1, 1, 1, 1, 1, 1, 1, 1, 1, 1, 1, 1, 1, 1, 1, 4 ),
 ( 0.000000000000000000, 0.05478346053750547673, 0.1438224112258330856, 0.2328613619141592928, 0.3219003126024868044, 0.3664197879466505881, 0.4109392632908143717, 0.4554587386349782108, 0.4999782139791419944, 0.5444976893233057780, 0.5890171646674695616, 0.6335366400116332342, 0.6780561153557971288, 0.7225755906999609124, 0.7448353283720428042, 0.7670950660441246960, 0.8561340167324522632, 0.9451729674207798304, 1.000000000000000000 ),
 .UNSPECIFIED. ) ;
#2303 = CARTESIAN_POINT ( 'NONE',  ( 0.2055474461316000589, 0.8992297217920667274, 0.01364735613593116847 ) ) ;
#2304 = DIRECTION ( 'NONE',  ( 0.000000000000000000, -0.7071550692858420417, -0.7070584897894487408 ) ) ;
#2305 = CARTESIAN_POINT ( 'NONE',  ( 0.05812867186273536213, -0.2269799473490446140, 0.1711766950988857783 ) ) ;
#2306 = CARTESIAN_POINT ( 'NONE',  ( -0.1686885725774978362, 0.5236994525936513600, -0.1299034947121729955 ) ) ;
#2307 = CARTESIAN_POINT ( 'NONE',  ( 0.08832527907907936071, -0.2085706588005326323, 0.1202346997846833465 ) ) ;
#2308 = CARTESIAN_POINT ( 'NONE',  ( -0.1696313122577155497, 0.5068152615935670458, -0.1303941696434443021 ) ) ;
#2309 = CARTESIAN_POINT ( 'NONE',  ( -0.1447273624240245915, 0.6405582300617469471, 0.02898920606034030914 ) ) ;
#2310 = FACE_OUTER_BOUND ( 'NONE', #2727, .T. ) ;
#2311 = CARTESIAN_POINT ( 'NONE',  ( -0.2160931468785649845, 0.8319453628924955435, -0.1150862710115639481 ) ) ;
#2312 = B_SPLINE_CURVE_WITH_KNOTS ( 'NONE', 3,
 ( #4044, #545, #2295, #1639, #2962 ),
 .UNSPECIFIED., .F., .F.,
 ( 4, 1, 4 ),
 ( 0.000000000000000000, 0.4285714285714290472, 1.000000000000000000 ),
 .UNSPECIFIED. ) ;
#2313 = CARTESIAN_POINT ( 'NONE',  ( 0.1449739025648159596, 0.6406616745688639147, 0.03337295735256131518 ) ) ;
#2314 = EDGE_CURVE ( 'NONE', #778, #3241, #2037, .T. ) ;
#2315 = ORIENTED_EDGE ( 'NONE', *, *, #1707, .T. ) ;
#2316 = CARTESIAN_POINT ( 'NONE',  ( 0.2333489925016309363, 0.8395513468793488476, -0.08916750666021037997 ) ) ;
#2317 = CARTESIAN_POINT ( 'NONE',  ( -0.2220380839024718445, 0.8322343680795203369, 0.0007429024993173192993 ) ) ;
#2318 = CARTESIAN_POINT ( 'NONE',  ( 0.05221849682498048983, -0.2842358039889907317, 0.1684218108787221835 ) ) ;
#2319 = CARTESIAN_POINT ( 'NONE',  ( -0.08079806581493743922, -0.2082604433881984907, -0.2204097401697218128 ) ) ;
#2320 = CARTESIAN_POINT ( 'NONE',  ( -0.1458601497159789928, 0.5320311860104186552, -0.1654558868675594929 ) ) ;
#2321 = CARTESIAN_POINT ( 'NONE',  ( -0.1505110243423073146, 0.8992297217169185064, -0.1290827664715034906 ) ) ;
#2322 = ADVANCED_FACE ( 'NONE', ( #1959 ), #3349, .F. ) ;
#2323 = ORIENTED_EDGE ( 'NONE', *, *, #398, .T. ) ;
#2324 = DIRECTION ( 'NONE',  ( 6.678685382510718407E-17, 0.7071550692858419307, 0.7070584897894488519 ) ) ;
#2325 = CARTESIAN_POINT ( 'NONE',  ( 0.2438487533287311826, 0.8845349412760045160, -0.1267443864823290800 ) ) ;
#2326 = CARTESIAN_POINT ( 'NONE',  ( -0.2159529058899954390, 0.8565297429841280952, -0.1543441738710107369 ) ) ;
#2327 = CARTESIAN_POINT ( 'NONE',  ( 0.2048172212261464009, 0.8992297217918993057, 0.01503529253080472354 ) ) ;
#2328 = CARTESIAN_POINT ( 'NONE',  ( -0.05572265356461366531, -0.2271823233166361533, 0.1760516954252235311 ) ) ;
#2329 = CARTESIAN_POINT ( 'NONE',  ( -0.1696388530119972982, 0.5152576325828712722, -0.1303784414587057516 ) ) ;
#2330 = CARTESIAN_POINT ( 'NONE',  ( 0.1991418878078645982, 0.8992297217843177037, 0.002333240393676411662 ) ) ;
#2331 = DIRECTION ( 'NONE',  ( 0.000000000000000000, 4.034362672568230254E-14, -1.000000000000000000 ) ) ;
#2332 = CARTESIAN_POINT ( 'NONE',  ( -0.1068972409090789555, 0.7741774561467724691, 0.05860403724914662466 ) ) ;
#2333 = CARTESIAN_POINT ( 'NONE',  ( -0.1570189256839154557, -0.6470671013296891427, 0.3224655378615303158 ) ) ;
#2334 = CARTESIAN_POINT ( 'NONE',  ( 0.02985109976950125685, 0.5064636873504472225, 0.1413356730951028928 ) ) ;
#2335 = CARTESIAN_POINT ( 'NONE',  ( 0.1724739524525663592, 0.5068152615964354180, -0.1303941698284608874 ) ) ;
#2336 = VERTEX_POINT ( 'NONE', #2661 ) ;
#2337 = CARTESIAN_POINT ( 'NONE',  ( -0.07042534521445381612, -0.3249328535165774134, 0.1467040845916889047 ) ) ;
#2338 = LINE ( 'NONE', #2638, #2033 ) ;
#2339 = CARTESIAN_POINT ( 'NONE',  ( -0.1427674877925723396, 0.6406279721477013966, -0.1290863774524926011 ) ) ;
#2340 = CARTESIAN_POINT ( 'NONE',  ( -0.1686885725774978362, 0.5236994525936513600, -0.1299034947121729955 ) ) ;
#2341 = CARTESIAN_POINT ( 'NONE',  ( -0.1696313121687734182, 0.5068152615927373761, -0.1303941698289573237 ) ) ;
#2342 = EDGE_LOOP ( 'NONE', ( #1077, #1460, #2770, #1408, #4129, #3369, #2944, #3532, #3816, #3999 ) ) ;
#2343 = CARTESIAN_POINT ( 'NONE',  ( 0.1247711019256154408, 0.7050632538600293264, -0.1459637097010847429 ) ) ;
#2344 = CARTESIAN_POINT ( 'NONE',  ( 0.2490161662212167781, 0.8845889092146889121, -0.1135676475469757640 ) ) ;
#2345 = EDGE_CURVE ( 'NONE', #29, #1026, #1089, .T. ) ;
#2346 = CARTESIAN_POINT ( 'NONE',  ( -0.2078928000581527491, 0.8416566269405182377, -0.1451634520863435696 ) ) ;
#2347 = CARTESIAN_POINT ( 'NONE',  ( 0.1850027498105378532, 0.8992297217800230280, 0.02226030481300090430 ) ) ;
#2348 = CARTESIAN_POINT ( 'NONE',  ( -0.05173210211666728203, -0.1978061291843400127, 0.1823186610574973054 ) ) ;
#2349 = CIRCLE ( 'NONE', #971, 0.03793922321424975791 ) ;
#2350 = DIRECTION ( 'NONE',  ( -5.843279076974509016E-17, -0.7071550692858419307, -0.7070584897894488519 ) ) ;
#2351 = CARTESIAN_POINT ( 'NONE',  ( 0.08824904061182085868, -0.2085680508688780854, 0.1202742824707828673 ) ) ;
#2352 = CARTESIAN_POINT ( 'NONE',  ( 0.04980255921030200816, 0.8916476800803305736, 0.04372637334100806100 ) ) ;
#2353 = CARTESIAN_POINT ( 'NONE',  ( -0.1623172731373434818, 0.5502346842281627959, 0.03070452508515005355 ) ) ;
#2354 = CARTESIAN_POINT ( 'NONE',  ( -0.03808438531650521625, -0.6470671015213125266, -0.4491876681777021152 ) ) ;
#2355 = CARTESIAN_POINT ( 'NONE',  ( 0.1846975057707837542, 0.5152639843407588183, -0.1048943314886597866 ) ) ;
#2356 = CARTESIAN_POINT ( 'NONE',  ( 0.1148222964681678282, 0.8014196111508834486, 0.06086687113329663362 ) ) ;
#2357 = ORIENTED_EDGE ( 'NONE', *, *, #1073, .F. ) ;
#2358 =( BOUNDED_CURVE ( )  B_SPLINE_CURVE ( 3, ( #450, #94, #1090, #375 ),
 .UNSPECIFIED., .F., .F. ) 
 B_SPLINE_CURVE_WITH_KNOTS ( ( 4, 4 ),
 ( 2.718633526915184895, 2.911295336351555019 ),
 .UNSPECIFIED. ) 
 CURVE ( )  GEOMETRIC_REPRESENTATION_ITEM ( )  RATIONAL_B_SPLINE_CURVE ( ( 1.000000000000000000, 0.9969091768527859054, 0.9969091768527859054, 1.000000000000000000 ) ) 
 REPRESENTATION_ITEM ( '' )  );
#2359 = DIRECTION ( 'NONE',  ( -3.721008126035991382E-18, -0.7070584897894490739, 0.7071550692858415976 ) ) ;
#2360 = CARTESIAN_POINT ( 'NONE',  ( -0.2224208009003749154, 0.8384788755904925006, 0.02329314185913926305 ) ) ;
#2361 = CARTESIAN_POINT ( 'NONE',  ( -0.1192530807198089182, 0.7981323649669761489, -0.1549686041519889868 ) ) ;
#2362 = CYLINDRICAL_SURFACE ( 'NONE', #1810, 0.05690883482137456401 ) ;
#2363 = CARTESIAN_POINT ( 'NONE',  ( -0.1609395387670987387, 0.5320262519962394299, -0.1410730953334925208 ) ) ;
#2364 = ORIENTED_EDGE ( 'NONE', *, *, #2209, .F. ) ;
#2365 = CARTESIAN_POINT ( 'NONE',  ( 0.2297706920119370888, 0.8971556833751116455, -0.03483444912662649051 ) ) ;
#2366 = CARTESIAN_POINT ( 'NONE',  ( 0.2061440643105753867, 0.8992297217131925979, -0.1091917531694384380 ) ) ;
#2367 = CARTESIAN_POINT ( 'NONE',  ( -0.2449305455114611785, 0.8565830033265298127, -0.09201014925264786037 ) ) ;
#2368 = B_SPLINE_CURVE_WITH_KNOTS ( 'NONE', 3,
 ( #382, #3576, #141, #3553 ),
 .UNSPECIFIED., .F., .F.,
 ( 4, 4 ),
 ( 1.019634148749950064, 1.272516340498699883 ),
 .UNSPECIFIED. ) ;
#2369 = CARTESIAN_POINT ( 'NONE',  ( 0.3169382956730635859, -0.6470671020933219664, 0.2027592210578166854 ) ) ;
#2370 = CARTESIAN_POINT ( 'NONE',  ( -0.03480356222683813477, 0.8939617202861033229, 0.04910468879600097397 ) ) ;
#2371 = ADVANCED_FACE ( 'NONE', ( #248 ), #3975, .T. ) ;
#2372 = CARTESIAN_POINT ( 'NONE',  ( 0.001360362661669864024, -0.08746274279515894867, 0.2432367253946315366 ) ) ;
#2373 = CARTESIAN_POINT ( 'NONE',  ( 0.2248807539378351039, 0.8322343759294679177, 0.0007427014868829860932 ) ) ;
#2374 = CARTESIAN_POINT ( 'NONE',  ( 0.001421322026237676565, 0.8992297217125786446, -0.04838433241813992064 ) ) ;
#2375 = CARTESIAN_POINT ( 'NONE',  ( -0.1695997082789053034, 0.5152581622552253604, -0.1304600878788551299 ) ) ;
#2376 = CARTESIAN_POINT ( 'NONE',  ( -0.1498435526961991449, 0.8497180135277577762, 0.07380805590692639251 ) ) ;
#2377 = CARTESIAN_POINT ( 'NONE',  ( -0.2153788725261784054, 0.8319470304892727652, 0.01980132734351166754 ) ) ;
#2378 = CARTESIAN_POINT ( 'NONE',  ( 0.1724739525415561470, 0.5068152615972678632, -0.1303941696428502772 ) ) ;
#2379 = DIRECTION ( 'NONE',  ( 0.000000000000000000, 0.000000000000000000, -1.000000000000000000 ) ) ;
#2380 = ORIENTED_EDGE ( 'NONE', *, *, #3318, .T. ) ;
#2381 = VECTOR ( 'NONE', #1999, 1000.000000000000000 ) ;
#2382 = CARTESIAN_POINT ( 'NONE',  ( 0.06516275073339519719, -0.2626974108491659798, 0.1403869224754578371 ) ) ;
#2383 = CARTESIAN_POINT ( 'NONE',  ( -0.1187608299356773117, 0.7231047738413188819, -0.1473368577772873889 ) ) ;
#2384 = CARTESIAN_POINT ( 'NONE',  ( -0.1407141578199831156, -0.4538934327588370343, -0.2819622567130500856 ) ) ;
#2385 = CARTESIAN_POINT ( 'NONE',  ( 0.07244341883116868497, 0.5066601569453537124, -0.2283229331091468362 ) ) ;
#2386 = VERTEX_POINT ( 'NONE', #1914 ) ;
#2387 = CARTESIAN_POINT ( 'NONE',  ( -0.2310126290315642761, 0.8479378192246768142, 0.02649547595041380071 ) ) ;
#2388 = CARTESIAN_POINT ( 'NONE',  ( 0.2518456119143969163, 0.8617621384309256394, -0.006927278324533556533 ) ) ;
#2389 = CARTESIAN_POINT ( 'NONE',  ( 0.1883393512022620564, 0.8971932328551039948, -0.1500040884176712941 ) ) ;
#2390 = TOROIDAL_SURFACE ( 'NONE', #717, 0.04299778630948304647, 0.005058563095233302442 ) ;
#2391 = CARTESIAN_POINT ( 'NONE',  ( -0.2267189482467459050, 0.8406594605289791078, -0.1170585319128701896 ) ) ;
#2392 = CARTESIAN_POINT ( 'NONE',  ( -0.1746166644591048978, -0.5106568048686893624, -0.3376758417422551783 ) ) ;
#2393 = LOCAL_TIME ( 16, 14, 55.00000000000000000, #1899 ) ;
#2394 = VECTOR ( 'NONE', #4315, 1000.000000000000000 ) ;
#2395 = CARTESIAN_POINT ( 'NONE',  ( 0.2248807539378351039, 0.8322343759294679177, 0.0007427014868829860932 ) ) ;
#2396 = CARTESIAN_POINT ( 'NONE',  ( 0.1656089968580006233, 0.5502163769567400831, 0.02980278226286763033 ) ) ;
#2397 = CARTESIAN_POINT ( 'NONE',  ( 0.2173030526333556423, 0.8411402057696452106, 0.04057704851487448083 ) ) ;
#2398 = APPLICATION_PROTOCOL_DEFINITION ( 'international standard', 'config_control_design', 1994, #2453 ) ;
#2399 = CARTESIAN_POINT ( 'NONE',  ( -0.1050814000476026772, 0.7617140331902046979, -0.1543097705360161886 ) ) ;
#2400 = CARTESIAN_POINT ( 'NONE',  ( -0.1156294923886551224, 0.7237254516555073902, 0.05265979131906083077 ) ) ;
#2401 = EDGE_CURVE ( 'NONE', #3749, #3013, #2312, .T. ) ;
#2402 = CARTESIAN_POINT ( 'NONE',  ( 0.3050514612122676161, -0.6141296674805841738, -0.3137882863364541697 ) ) ;
#2403 = CARTESIAN_POINT ( 'NONE',  ( 0.1696526109260641790, 0.5318786610462613584, 0.03221540840561853969 ) ) ;
#2404 = CARTESIAN_POINT ( 'NONE',  ( 0.2121787137507085141, 0.8309317199335084503, 0.03488522937528457102 ) ) ;
#2405 = CARTESIAN_POINT ( 'NONE',  ( -0.1918101119543372812, 0.8992297217126921094, 0.01213861959974156177 ) ) ;
#2406 = ORIENTED_EDGE ( 'NONE', *, *, #773, .T. ) ;
#2407 = DIRECTION ( 'NONE',  ( 1.000000000000000000, 0.000000000000000000, 0.000000000000000000 ) ) ;
#2408 = CARTESIAN_POINT ( 'NONE',  ( -0.1539090621790653035, 0.5865894964969486924, -0.1259090362485417169 ) ) ;
#2409 = EDGE_CURVE ( 'NONE', #3013, #3484, #407, .T. ) ;
#2410 = DIRECTION ( 'NONE',  ( 1.000000000000000000, -0.000000000000000000, 1.224646799147353207E-16 ) ) ;
#2411 = CARTESIAN_POINT ( 'NONE',  ( 0.001358294415303842222, 0.03634156059954360418, 0.3674022384251817153 ) ) ;
#2412 = VERTEX_POINT ( 'NONE', #184 ) ;
#2413 = CARTESIAN_POINT ( 'NONE',  ( -0.1924552493736551295, 0.8513666424467470906, 0.06576643537049284283 ) ) ;
#2414 = CARTESIAN_POINT ( 'NONE',  ( 0.1651975718524859027, 0.5502358754480596303, -0.1273897698893697028 ) ) ;
#2415 = CARTESIAN_POINT ( 'NONE',  ( 0.2069103603392396795, 0.8992297217131781650, -0.1075031896433268214 ) ) ;
#2416 = CARTESIAN_POINT ( 'NONE',  ( -0.2206009019672334204, 0.8971496408459237459, -0.1186794880032447236 ) ) ;
#2417 = CARTESIAN_POINT ( 'NONE',  ( -0.3806674315108027895, -0.6470671009693498288, 0.07925625763177385208 ) ) ;
#2418 = B_SPLINE_CURVE_WITH_KNOTS ( 'NONE', 3,
 ( #3089, #1696, #3022, #987 ),
 .UNSPECIFIED., .F., .F.,
 ( 4, 4 ),
 ( 0.000000000000000000, 1.000000000000000000 ),
 .UNSPECIFIED. ) ;
#2419 = CARTESIAN_POINT ( 'NONE',  ( 0.06228594451128593307, 0.8992889069755775067, 0.04096968049443199672 ) ) ;
#2420 = B_SPLINE_CURVE_WITH_KNOTS ( 'NONE', 3,
 ( #2771, #3817, #69, #424 ),
 .UNSPECIFIED., .F., .F.,
 ( 4, 4 ),
 ( 0.1997222397788940007, 0.4526265407366280025 ),
 .UNSPECIFIED. ) ;
#2421 = CARTESIAN_POINT ( 'NONE',  ( -0.2173450767503361247, -0.4640297492048964245, 0.1604290840254627981 ) ) ;
#2422 = CARTESIAN_POINT ( 'NONE',  ( 0.2357423585312654335, 0.8417155285138114840, -0.005480194345764274715 ) ) ;
#2423 = CARTESIAN_POINT ( 'NONE',  ( -0.2479856212675901617, 0.8847893832977345996, 0.004641434562016321340 ) ) ;
#2424 = CARTESIAN_POINT ( 'NONE',  ( 0.2260391998919720202, 0.8384760942101272541, -0.1184543462881350179 ) ) ;
#2425 = DIRECTION ( 'NONE',  ( 0.000000000000000000, 1.000000000000000000, 0.000000000000000000 ) ) ;
#2426 = CARTESIAN_POINT ( 'NONE',  ( 0.3463682018686922159, -0.5106568049587568714, 0.01410176814178742619 ) ) ;
#2427 = CARTESIAN_POINT ( 'NONE',  ( 0.1911177858074654956, 0.5067716475644135077, -0.02011205726967626312 ) ) ;
#2428 = CARTESIAN_POINT ( 'NONE',  ( 0.1696526109260448889, 0.5318786610462613584, 0.03221540840566002734 ) ) ;
#2429 = CARTESIAN_POINT ( 'NONE',  ( 0.1208178471914907459, 0.5154072533291409464, 0.1010815726535668757 ) ) ;
#2430 = ORIENTED_EDGE ( 'NONE', *, *, #2622, .T. ) ;
#2431 = CARTESIAN_POINT ( 'NONE',  ( -0.06243943624301522693, -0.2626946759031563716, 0.1403428644296332017 ) ) ;
#2432 = CARTESIAN_POINT ( 'NONE',  ( -0.1240397389806536244, 0.7466608698525983856, -0.1444942560249408148 ) ) ;
#2433 = CARTESIAN_POINT ( 'NONE',  ( -0.06960078564288961489, 0.5066579053040911607, -0.2283242184200455493 ) ) ;
#2434 = CARTESIAN_POINT ( 'NONE',  ( 0.1412656659182218444, 0.8886908920954378344, -0.1714552053747773752 ) ) ;
#2435 = ORIENTED_EDGE ( 'NONE', *, *, #1656, .F. ) ;
#2436 = CARTESIAN_POINT ( 'NONE',  ( 0.1362888624866394061, 0.6682286050272917555, -0.1374075882250441472 ) ) ;
#2437 = CARTESIAN_POINT ( 'NONE',  ( 0.2214832335741529212, 0.8971416540781870230, -0.1222497978806401098 ) ) ;
#2438 = CARTESIAN_POINT ( 'NONE',  ( 0.2938436360670418357, -0.5565439825712305000, -0.3039923005299056125 ) ) ;
#2439 = CARTESIAN_POINT ( 'NONE',  ( 0.2185967845005030441, 0.8319459038742982315, 0.01902626008479734593 ) ) ;
#2440 = CARTESIAN_POINT ( 'NONE',  ( 0.2180646947549898240, -0.3779926165588838316, -0.005654502787851351485 ) ) ;
#2441 = CARTESIAN_POINT ( 'NONE',  ( 0.1619688588510888316, 0.8364962729530036611, 0.06602793670799303460 ) ) ;
#2442 = CARTESIAN_POINT ( 'NONE',  ( -0.2410059385197163839, 0.8845349901255618041, 0.02997562184957066819 ) ) ;
#2443 = CARTESIAN_POINT ( 'NONE',  ( 0.3214304215520387142, -0.4944386986612185342, -0.04838433241814333458 ) ) ;
#2444 = CARTESIAN_POINT ( 'NONE',  ( -0.05891355899572550681, -0.1263504117103880220, 0.1317683245442346496 ) ) ;
#2445 = CARTESIAN_POINT ( 'NONE',  ( -0.3268775533901835950, -0.4944386985227021691, -0.09018195461594832874 ) ) ;
#2446 = CARTESIAN_POINT ( 'NONE',  ( -0.07840324164460468759, 0.5068152615935670458, -0.08665558979004880924 ) ) ;
#2447 = CARTESIAN_POINT ( 'NONE',  ( 0.1644327735266565282, 0.7562697242150565602, 0.01352434836666294507 ) ) ;
#2448 = CARTESIAN_POINT ( 'NONE',  ( 0.03929514885401148849, -0.3667606311712663936, 0.04543036513401525756 ) ) ;
#2449 = VERTEX_POINT ( 'NONE', #3275 ) ;
#2450 = CARTESIAN_POINT ( 'NONE',  ( -0.1668099706378884106, 0.5318786610624794964, 0.03221540840347347778 ) ) ;
#2451 = CARTESIAN_POINT ( 'NONE',  ( -0.1503160862471144832, 0.6400486587939483440, -0.1152196691865088329 ) ) ;
#2452 = CARTESIAN_POINT ( 'NONE',  ( 0.3907737457987766616, -0.6470670962122747616, -0.01255328075633040108 ) ) ;
#2453 = APPLICATION_CONTEXT ( 'configuration controlled 3d designs of mechanical parts and assemblies' ) ;
#2454 = CARTESIAN_POINT ( 'NONE',  ( -0.2478049415989370119, 0.8851640285127193586, -0.07596231926787537503 ) ) ;
#2455 = ORIENTED_EDGE ( 'NONE', *, *, #1371, .F. ) ;
#2456 = CARTESIAN_POINT ( 'NONE',  ( -0.2296845606725617939, 0.8389501576414047923, 0.001909669242173594886 ) ) ;
#2457 = CARTESIAN_POINT ( 'NONE',  ( -0.008017059941334444412, -0.08994951853976244915, 0.2418775888882950809 ) ) ;
#2458 = CARTESIAN_POINT ( 'NONE',  ( 0.1503421202213360564, 0.8992297217127155351, -0.1388974006003136641 ) ) ;
#2459 = CARTESIAN_POINT ( 'NONE',  ( -0.2508427638646989477, -0.6141296668212209431, -0.3508352426130117441 ) ) ;
#2460 = ORIENTED_EDGE ( 'NONE', *, *, #1101, .F. ) ;
#2461 = CIRCLE ( 'NONE', #74, 0.02529281547616646711 ) ;
#2462 = CARTESIAN_POINT ( 'NONE',  ( -0.1668099706388216918, 0.5318786610582422192, -0.1289840732403169654 ) ) ;
#2463 = CARTESIAN_POINT ( 'NONE',  ( 0.2522540040005866180, -0.4640297493667884243, 0.1206810776770336768 ) ) ;
#2464 = CARTESIAN_POINT ( 'NONE',  ( 0.2280720998843772662, 0.8406539777387332935, 0.02350616780811416381 ) ) ;
#2465 = CARTESIAN_POINT ( 'NONE',  ( 0.1397494064886588838, 0.7006431350750921272, -0.005720560609558849978 ) ) ;
#2466 = CARTESIAN_POINT ( 'NONE',  ( -0.2381545420617047770, 0.8669119446861092149, 0.03645031335156548313 ) ) ;
#2467 = CARTESIAN_POINT ( 'NONE',  ( 0.2256316776740696084, 0.8384771179334910007, -0.1193046765965793121 ) ) ;
#2468 = CARTESIAN_POINT ( 'NONE',  ( 0.06691816833520049246, -0.1132306994286521040, 0.1298288381576710171 ) ) ;
#2469 = CARTESIAN_POINT ( 'NONE',  ( 0.001733635935002834352, -0.5106568048991957376, 0.3022338967270237764 ) ) ;
#2470 = CARTESIAN_POINT ( 'NONE',  ( 0.1646751170551264132, 0.5318801819400442721, 0.04253851179699141144 ) ) ;
#2471 = CARTESIAN_POINT ( 'NONE',  ( 0.1265283182656989081, 0.7687264006881260325, 0.05067203749247568834 ) ) ;
#2472 = CARTESIAN_POINT ( 'NONE',  ( 0.07244342592830210759, 0.5066579053058235527, 0.1315555535829418810 ) ) ;
#2473 = CARTESIAN_POINT ( 'NONE',  ( 0.07306794801596944167, 0.8992297217125786446, 0.03344050629887366372 ) ) ;
#2474 = CARTESIAN_POINT ( 'NONE',  ( -0.1800923667276996543, 0.7773540752607469573, -0.03236135198481554509 ) ) ;
#2475 = CARTESIAN_POINT ( 'NONE',  ( 0.2503566592279384273, 0.8851121327220072832, -0.006981524735344871169 ) ) ;
#2476 = CARTESIAN_POINT ( 'NONE',  ( -0.2335276239003510057, 0.8419811768777604177, -0.02114979575825689379 ) ) ;
#2477 = ORIENTED_EDGE ( 'NONE', *, *, #3925, .F. ) ;
#2478 = CARTESIAN_POINT ( 'NONE',  ( -0.2295832573813156863, 0.8479533902173336246, 0.02932675732848642400 ) ) ;
#2479 = FACE_OUTER_BOUND ( 'NONE', #82, .T. ) ;
#2480 = CARTESIAN_POINT ( 'NONE',  ( -0.06760804230124654868, 0.8992297217125825304, -0.1272200976867269295 ) ) ;
#2481 = CARTESIAN_POINT ( 'NONE',  ( -0.07556674363210862111, -0.1481108564550429885, 0.1250892740918265744 ) ) ;
#2482 = ORIENTED_EDGE ( 'NONE', *, *, #903, .T. ) ;
#2483 = CARTESIAN_POINT ( 'NONE',  ( 0.1575488419770753878, 0.7823043667434445014, -0.1234534107930542884 ) ) ;
#2484 = CARTESIAN_POINT ( 'NONE',  ( -0.2969519294864680359, -0.4640297491773879290, 0.001839817472916845760 ) ) ;
#2485 = CARTESIAN_POINT ( 'NONE',  ( 0.2234422616546120066, 0.8971495722750749691, 0.02191150902800352226 ) ) ;
#2486 = DIRECTION ( 'NONE',  ( 1.000000000000000000, 0.000000000000000000, 0.000000000000000000 ) ) ;
#2487 = CARTESIAN_POINT ( 'NONE',  ( -0.1950157077037850684, 0.8859306249257821175, 0.07088438941090120793 ) ) ;
#2488 = CC_DESIGN_PERSON_AND_ORGANIZATION_ASSIGNMENT ( #169, #1190, ( #4348 ) ) ;
#2489 = CARTESIAN_POINT ( 'NONE',  ( -0.1609395269154772212, 0.5320262522971174191, 0.04430445489989641439 ) ) ;
#2490 = CARTESIAN_POINT ( 'NONE',  ( -0.07250482613531478160, -0.2477267488380688332, 0.1291333171654988066 ) ) ;
#2491 = CARTESIAN_POINT ( 'NONE',  ( -0.08557516669639758655, -0.2084138203396491695, 0.1201868544849910153 ) ) ;
#2492 = CARTESIAN_POINT ( 'NONE',  ( 0.2070215048850132522, 0.8432145748710622168, 0.06574238629238382536 ) ) ;
#2493 = CARTESIAN_POINT ( 'NONE',  ( 0.1616169261308713911, 0.8112370537668235349, 0.04755297193791297589 ) ) ;
#2494 = CARTESIAN_POINT ( 'NONE',  ( 0.02985109976950125685, 0.5064636873504472225, 0.1413356730951028928 ) ) ;
#2495 = CARTESIAN_POINT ( 'NONE',  ( -0.2238511050749530662, 0.8327134676046431538, -0.03487149746314887472 ) ) ;
#2496 = CARTESIAN_POINT ( 'NONE',  ( 0.1695358449531359779, 0.5318801819389643581, -0.1292261950558338535 ) ) ;
#2497 = DIRECTION ( 'NONE',  ( -5.843279076974509016E-17, -0.7071550692858419307, -0.7070584897894488519 ) ) ;
#2498 = CARTESIAN_POINT ( 'NONE',  ( -0.2265352491380197841, 0.8971644401838113625, -0.09090088310256655424 ) ) ;
#2499 = CARTESIAN_POINT ( 'NONE',  ( -0.1975186095848545376, 0.8992297217125786446, -0.03518918131826522661 ) ) ;
#2500 = ORIENTED_EDGE ( 'NONE', *, *, #2997, .F. ) ;
#2501 = CARTESIAN_POINT ( 'NONE',  ( -0.06522670227274397770, 0.8927770159738390721, -0.1245004614081566818 ) ) ;
#2502 = CARTESIAN_POINT ( 'NONE',  ( -0.01611592530755278502, -0.2835188235519193745, 0.05131163680499102597 ) ) ;
#2503 = CARTESIAN_POINT ( 'NONE',  ( -0.01322112924065809401, -0.04831453293430976875, 0.1409211868496113851 ) ) ;
#2504 = FACE_OUTER_BOUND ( 'NONE', #994, .T. ) ;
#2505 = CARTESIAN_POINT ( 'NONE',  ( -0.3072644164994711713, -0.4944386985288662939, -0.1897002256094485750 ) ) ;
#2506 = CARTESIAN_POINT ( 'NONE',  ( 0.2394014044162361687, 0.8870504910196687076, 0.02899919333390739776 ) ) ;
#2507 = DATE_AND_TIME ( #3648, #940 ) ;
#2508 = ADVANCED_FACE ( 'NONE', ( #3642 ), #2930, .F. ) ;
#2509 = CARTESIAN_POINT ( 'NONE',  ( -0.2141418932535622544, 0.8851547245653007545, 0.06153191940070559807 ) ) ;
#2510 = CARTESIAN_POINT ( 'NONE',  ( 0.3213738130937080495, -0.4944984840795034753, 0.006215697698091634041 ) ) ;
#2511 = CARTESIAN_POINT ( 'NONE',  ( 0.02922978297895180780, -0.05650449172026093814, 0.1394010132544954705 ) ) ;
#2512 = CARTESIAN_POINT ( 'NONE',  ( -0.1610828391833543372, 0.8432145749960486825, 0.07014958791384369452 ) ) ;
#2513 = CARTESIAN_POINT ( 'NONE',  ( 0.2073551984573217544, -0.4944771831739474544, -0.2996100763348477636 ) ) ;
#2514 = CARTESIAN_POINT ( 'NONE',  ( 0.1902500070867618742, 0.8992297217131419718, -0.1145398517908333830 ) ) ;
#2515 = EDGE_CURVE ( 'NONE', #2750, #1441, #1338, .T. ) ;
#2516 = CARTESIAN_POINT ( 'NONE',  ( -0.04540850842172365620, 0.8752602669850105821, -0.1798249824708244016 ) ) ;
#2517 = CARTESIAN_POINT ( 'NONE',  ( -0.1888418620647359658, 0.8405940011642183407, -0.1562475762627796860 ) ) ;
#2518 = CARTESIAN_POINT ( 'NONE',  ( -0.1313580003179904976, 0.6752970597705084677, 0.04255319677888991931 ) ) ;
#2519 = CARTESIAN_POINT ( 'NONE',  ( -0.2137129620820589770, 0.8971527811432162824, -0.1302928164582437542 ) ) ;
#2520 = B_SPLINE_CURVE_WITH_KNOTS ( 'NONE', 3,
 ( #4386, #1963, #1205, #4047, #4336, #4364, #3977, #3276, #2405, #933, #2943, #3352, #3375, #229, #3095, #3714, #547, #1619, #910, #1228, #251 ),
 .UNSPECIFIED., .F., .F.,
 ( 4, 1, 1, 1, 1, 1, 1, 1, 1, 1, 1, 1, 1, 1, 1, 1, 1, 1, 4 ),
 ( 3.333894264623840087, 3.371441846841530143, 3.431264038755080126, 3.491086230668619894, 3.527808364833279864, 3.564530498997940278, 3.577162820042969926, 3.585759734194039705, 3.591439809629529911, 3.595149366624030396, 3.597591194521950086, 3.599249292555029900, 3.600394582786380138, 3.600973446087600394, 3.601428708489990083, 3.606623164770299983, 3.618515040785830195, 3.657544233691699898, 3.671508430173269666 ),
 .UNSPECIFIED. ) ;
#2521 = CARTESIAN_POINT ( 'NONE',  ( -0.1385231060286234994, 0.8517196332762076993, -0.1724707394456882481 ) ) ;
#2522 = CIRCLE ( 'NONE', #1210, 0.1264640773808323737 ) ;
#2523 = EDGE_LOOP ( 'NONE', ( #1506, #4255, #4226, #2965 ) ) ;
#2524 = CARTESIAN_POINT ( 'NONE',  ( 0.001421322026237919643, -0.9000000000000001332, -0.04838433241814063535 ) ) ;
#2525 = CARTESIAN_POINT ( 'NONE',  ( -0.07022530409517255268, 0.8992297217125786446, -0.1302091710824126725 ) ) ;
#2526 = CARTESIAN_POINT ( 'NONE',  ( -0.2444230906090759103, -0.4944386985374100152, 0.1681667288808153249 ) ) ;
#2527 = ORIENTED_EDGE ( 'NONE', *, *, #1794, .F. ) ;
#2528 = MANIFOLD_SOLID_BREP ( 'NONE', #1299 ) ;
#2529 = CARTESIAN_POINT ( 'NONE',  ( -0.1424494194555681881, 0.7823043669612579354, -0.1283112343319753879 ) ) ;
#2530 = CARTESIAN_POINT ( 'NONE',  ( -0.2155530886872963070, 0.8319462282144390874, -0.1162145772051124126 ) ) ;
#2531 = CARTESIAN_POINT ( 'NONE',  ( 0.2236481536485639687, 0.8971495604798962464, 0.02148711909811676715 ) ) ;
#2532 = VERTEX_POINT ( 'NONE', #4221 ) ;
#2533 = CARTESIAN_POINT ( 'NONE',  ( -0.2250884083279622305, 0.8971427495534854968, 0.01068776698077026667 ) ) ;
#2534 = CARTESIAN_POINT ( 'NONE',  ( 0.2412787304751125572, 0.8485392579696190429, -0.1000046108016981322 ) ) ;
#2535 = CARTESIAN_POINT ( 'NONE',  ( -0.05493604805459667562, -0.09471476387433104549, 0.1327819928211641243 ) ) ;
#2536 = AXIS2_PLACEMENT_3D ( 'NONE', #2946, #1967, #4339 ) ;
#2537 = CARTESIAN_POINT ( 'NONE',  ( 0.1369981599629852831, 0.8992297217125786446, -0.1281527968897775704 ) ) ;
#2538 = CARTESIAN_POINT ( 'NONE',  ( 0.1946527513044482849, 0.8992297217131852705, -0.1089072736677031833 ) ) ;
#2539 = AXIS2_PLACEMENT_3D ( 'NONE', #3654, #2954, #3590 ) ;
#2540 = CIRCLE ( 'NONE', #868, 0.3895093583329642950 ) ;
#2541 = CARTESIAN_POINT ( 'NONE',  ( -0.1385231060286234994, 0.8517196332762076993, -0.1724707394456882481 ) ) ;
#2542 = CARTESIAN_POINT ( 'NONE',  ( -0.1776052808354828816, 0.8307942858247026052, -0.1514770018078883951 ) ) ;
#2543 = CARTESIAN_POINT ( 'NONE',  ( -0.1217280193293020091, 0.8232212211539520208, 0.06465361102695270368 ) ) ;
#2544 = ADVANCED_FACE ( 'NONE', ( #1863 ), #1912, .F. ) ;
#2545 = CARTESIAN_POINT ( 'NONE',  ( -0.2208068199942944676, 0.8971496445073974257, -0.1182553720653040652 ) ) ;
#2546 = DIRECTION ( 'NONE',  ( 1.000000000000000000, 0.000000000000000000, 0.000000000000000000 ) ) ;
#2547 = VERTEX_POINT ( 'NONE', #3025 ) ;
#2548 = APPROVAL ( #2949, '未' ) ;
#2549 = DIRECTION ( 'NONE',  ( 0.2207687200088254420, -0.9688099992717267295, -0.1125537985888597631 ) ) ;
#2550 = CARTESIAN_POINT ( 'NONE',  ( 0.05578803454850068955, -0.1981644081795379542, 0.1879135231283303176 ) ) ;
#2551 = B_SPLINE_CURVE_WITH_KNOTS ( 'NONE', 3,
 ( #1294, #2340, #953, #615 ),
 .UNSPECIFIED., .F., .F.,
 ( 4, 4 ),
 ( 0.000000000000000000, 1.000000000000000000 ),
 .UNSPECIFIED. ) ;
#2552 = CARTESIAN_POINT ( 'NONE',  ( -0.1649302337870062196, -0.4944386985515895616, -0.3217576747150557304 ) ) ;
#2553 = ORIENTED_EDGE ( 'NONE', *, *, #1431, .T. ) ;
#2554 = CARTESIAN_POINT ( 'NONE',  ( 0.1695358449942350187, 0.5318801819400208464, -0.1292261949699727852 ) ) ;
#2555 = CARTESIAN_POINT ( 'NONE',  ( -0.2230074996806040988, 0.8326132098626998213, -0.08889430372241684253 ) ) ;
#2556 = CARTESIAN_POINT ( 'NONE',  ( 0.2183530386470479423, 0.8745672621212304820, 0.06170175393276071396 ) ) ;
#2557 = DATE_AND_TIME ( #442, #354 ) ;
#2558 = ORIENTED_EDGE ( 'NONE', *, *, #76, .T. ) ;
#2559 = CARTESIAN_POINT ( 'NONE',  ( -0.2025069136629571998, 0.8992297217126956621, 0.01403603166988662797 ) ) ;
#2560 = CARTESIAN_POINT ( 'NONE',  ( 0.2505069781942212970, 0.8850281093860523640, -0.09217210499094646847 ) ) ;
#2561 = CARTESIAN_POINT ( 'NONE',  ( -0.01570720077185845664, -0.09505388542657418338, 0.1496970077604302118 ) ) ;
#2562 = CARTESIAN_POINT ( 'NONE',  ( 0.04055220546114209762, 0.8977482229392420576, 0.05704696971692907459 ) ) ;
#2563 = B_SPLINE_SURFACE_WITH_KNOTS ( 'NONE', 3, 3, ( 
 ( #3920, #3833, #3876, #3157, #3854, #1493, #811, #2535, #762, #1106, #3478, #3200, #112, #64, #2511, #4236, #2108, #2468, #1809, #89, #2836, #1470, #369 ),
 ( #3898, #2861, #1128, #785, #1447, #2444, #3565, #2172, #2885, #446, #3499, #346, #1741, #740, #1835, #1402, #4259, #3134, #24, #44, #2786, #4171, #1426 ),
 ( #2811, #2490, #4194, #1084, #2128, #3518, #389, #3334, #851, #2561, #1579, #3964, #2601, #214, #4304, #2197, #2580, #1214, #132, #2649, #3607, #4032, #3990 ),
 ( #4372, #1261, #1171, #2952, #4009, #1605, #876, #3629, #3588, #3944, #2260, #492, #2239, #2998, #469, #1859, #3652, #4325, #533, #2972, #1193, #830, #3310 ),
 ( #1948, #4349, #895, #3243, #1925, #513, #1903, #1515, #3285, #2905, #4281, #2219, #193, #1557, #554, #171, #1882, #1239, #3263, #151, #2626, #2283, #3675 ),
 ( #1536, #2928, #3087, #2348, #3064, #918, #3360, #1373, #2758, #941, #4412, #3402, #582, #645, #4392, #1325, #668, #1350, #4053, #4480, #2305, #2692, #2734 ),
 ( #3700, #2713, #2328, #1972, #4457, #2059, #4097, #1303, #603, #1671, #3741, #1281, #2372, #4075, #302, #3785, #2039, #4120, #237, #1627, #2670, #3721, #1008 ) ),
 .UNSPECIFIED., .F., .F., .F.,
 ( 4, 1, 1, 1, 4 ),
 ( 4, 1, 1, 1, 1, 1, 1, 1, 1, 1, 1, 1, 1, 1, 1, 1, 1, 1, 1, 1, 4 ),
 ( 0.000000000000000000, 0.2857142857142860315, 0.5714285714285709528, 0.7857142857142859205, 1.000000000000000000 ),
 ( 0.003259785812028459951, 0.07404340470219639148, 0.1448270235923640181, 0.2156106424825319778, 0.2863942613726999653, 0.3040901660952419761, 0.3217860708177839868, 0.3571778802628680083, 0.3925696897079519743, 0.4279614991530359958, 0.4633533085981200172, 0.4987451180432039832, 0.5341369274882880047, 0.5695287369333720262, 0.6049205463784560477, 0.6403123558235400692, 0.7110959747137080011, 0.7818795936038749339, 0.8526632124940429769, 0.9234468313842110199, 0.9942304502743789518 ),
 .UNSPECIFIED. ) ;
#2564 = CARTESIAN_POINT ( 'NONE',  ( 0.1974892768123542031, 0.8992297217131781650, -0.1035301316043545916 ) ) ;
#2565 = DIRECTION ( 'NONE',  ( 0.000000000000000000, 1.000000000000000000, 0.000000000000000000 ) ) ;
#2566 = CARTESIAN_POINT ( 'NONE',  ( -0.1962807179365453347, 0.8364838621050335599, 0.05213345840887925742 ) ) ;
#2567 = CARTESIAN_POINT ( 'NONE',  ( 0.09517014012458555050, 0.8545322732485672867, 0.07976433284665417067 ) ) ;
#2568 = CARTESIAN_POINT ( 'NONE',  ( -0.2030434309590658237, 0.8992297217399045639, -0.1097290731992872775 ) ) ;
#2569 = CARTESIAN_POINT ( 'NONE',  ( -0.1882747959294704398, -0.1630685282864135222, -0.04838433241814254354 ) ) ;
#2570 = EDGE_CURVE ( 'NONE', #1490, #124, #1220, .T. ) ;
#2571 = EDGE_LOOP ( 'NONE', ( #4317, #3978, #1525, #2707 ) ) ;
#2572 = CARTESIAN_POINT ( 'NONE',  ( 0.001392715038637038112, -0.2783167414691325448, 0.05278692544209735021 ) ) ;
#2573 = CARTESIAN_POINT ( 'NONE',  ( 0.1599172936586183702, -0.6470670972660312881, -0.4243229712915332352 ) ) ;
#2574 = CARTESIAN_POINT ( 'NONE',  ( 0.08844742570102473445, -0.2082604424847669389, 0.1201776691523660928 ) ) ;
#2575 = EDGE_LOOP ( 'NONE', ( #3489, #1566, #2612, #3101, #1386 ) ) ;
#2576 = CARTESIAN_POINT ( 'NONE',  ( 0.1380004822313887769, 0.8992297217125786446, 0.04155470211254268936 ) ) ;
#2577 = CARTESIAN_POINT ( 'NONE',  ( -0.2170596402238007261, 0.8319486440308061503, -0.1129840774800914688 ) ) ;
#2578 = CARTESIAN_POINT ( 'NONE',  ( 0.2437908977521578424, 0.8735215024043216925, 0.03102672572503339596 ) ) ;
#2579 = VERTEX_POINT ( 'NONE', #966 ) ;
#2580 = CARTESIAN_POINT ( 'NONE',  ( 0.03003636652418472872, -0.1070607465345102677, 0.1476327140204738986 ) ) ;
#2581 = CARTESIAN_POINT ( 'NONE',  ( 0.08612201799076722730, -0.2684160051790363544, 0.1266993783055266332 ) ) ;
#2582 = CARTESIAN_POINT ( 'NONE',  ( -0.1369067661792575108, 0.7006431350619628518, -0.005720560608281318078 ) ) ;
#2583 = CARTESIAN_POINT ( 'NONE',  ( 0.08124588192860991709, 0.5068152615959242713, -0.08665558978990606231 ) ) ;
#2584 = CARTESIAN_POINT ( 'NONE',  ( -0.1549506456373794805, 0.5865596840023541425, 0.02707591221965339676 ) ) ;
#2585 = CARTESIAN_POINT ( 'NONE',  ( -0.1341555178857143094, 0.8992297217125786446, 0.03138413194826923658 ) ) ;
#2586 = B_SPLINE_CURVE_WITH_KNOTS ( 'NONE', 3,
 ( #165, #2576, #3716, #1918, #1598, #4318, #1551, #1621 ),
 .UNSPECIFIED., .F., .F.,
 ( 4, 1, 1, 1, 1, 4 ),
 ( 0.000000000000000000, 0.2142857142857140795, 0.4285714285714290472, 0.5714285714285709528, 0.7142857142857139685, 1.000000000000000000 ),
 .UNSPECIFIED. ) ;
#2587 = CARTESIAN_POINT ( 'NONE',  ( -0.2157762580238556938, 0.8319457476448554045, -0.1157504349840840496 ) ) ;
#2588 = DIRECTION ( 'NONE',  ( 0.000000000000000000, -0.7070584897894486298, 0.7071550692858419307 ) ) ;
#2589 = VERTEX_POINT ( 'NONE', #1354 ) ;
#2590 = CARTESIAN_POINT ( 'NONE',  ( 0.04055113662142569020, 0.8977482188977613520, -0.1538162183842413100 ) ) ;
#2591 = DIRECTION ( 'NONE',  ( 0.000000000000000000, -0.7071550692858422638, -0.7070584897894486298 ) ) ;
#2592 = CARTESIAN_POINT ( 'NONE',  ( 0.1154421506055187951, 0.7335957947813468438, 0.05469224626765416264 ) ) ;
#2593 = CARTESIAN_POINT ( 'NONE',  ( -0.1937902821168804302, 0.8992297217399026765, -0.1053888844712583400 ) ) ;
#2594 = EDGE_LOOP ( 'NONE', ( #949, #1828, #3123, #2617 ) ) ;
#2595 = CARTESIAN_POINT ( 'NONE',  ( 0.001421322026237933521, -0.8747071845238334475, -0.1495555943228064899 ) ) ;
#2596 = B_SPLINE_SURFACE_WITH_KNOTS ( 'NONE', 3, 3, ( 
 ( #3896, #784, #739, #2085, #3222, #2763, #715, #2171, #3517, #1105, #445, #3875, #761, #4170, #345, #23, #4193, #1083, #2107, #2147, #3537 ),
 ( #2785, #1808, #1834, #1740, #694, #88, #1401, #1061, #43, #3498, #4147, #1380, #1469, #1037, #2467, #2424, #1763, #3156, #1425, #2810, #3853 ),
 ( #388, #1644, #3037, #3717, #575, #1278, #1968, #2992, #3587, #3355, #2667, #3943, #4367, #1257, #913, #4409, #890, #1989, #2534, #232, #2009 ),
 ( #111, #598, #1298, #1622, #550, #4280, #2300, #2644, #468, #3015, #3329, #4050, #2689, #937, #3378, #2884, #3737, #1858, #3242, #254, #4072 ),
 ( #3919, #619, #1514, #1492, #4389, #131, #810, #1170, #1943, #209, #1148, #2196, #4028, #2904, #3695, #2325, #958, #2344, #4258, #2560, #2278 ),
 ( #3670, #1599, #687, #4163, #2389, #2032, #1054, #1394, #3148, #2437, #708, #36, #17, #2752, #3824, #1028, #3781, #1075, #4092, #274, #3126 ),
 ( #4138, #2077, #2458, #338, #3470, #1690, #980, #640, #1713, #3104, #4453, #2778, #2100, #318, #1002, #2366, #2415, #3802, #3846, #3424, #664 ),
 ( #2055, #1345, #1665, #730, #3491, #1417, #4476, #360, #1753, #298, #3446, #1733, #2800, #4185, #3398, #3083, #1368, #3060, #2729, #4430, #1319 ) ),
 .UNSPECIFIED., .F., .F., .F.,
 ( 4, 1, 1, 1, 1, 4 ),
 ( 4, 1, 1, 1, 1, 1, 1, 1, 1, 1, 1, 1, 1, 1, 1, 1, 1, 1, 4 ),
 ( 0.000000000000000000, 0.2142857142857139963, 0.2857142857142860315, 0.5714285714285709528, 0.7857142857142859205, 1.000000000000000000 ),
 ( 1.272516340498699883, 1.310063958545029994, 1.369886150123679869, 1.429708341702339958, 1.466430475853919946, 1.503152610005509926, 1.515784931059029894, 1.524381845117289913, 1.530061920429589994, 1.533771477293679908, 1.536213305073760083, 1.537871403002569970, 1.539016693158770099, 1.539595556406310184, 1.540050818641290009, 1.545245274524309931, 1.557137150028469863, 1.596166343235170038, 1.610130538481209905 ),
 .UNSPECIFIED. ) ;
#2597 = DIRECTION ( 'NONE',  ( -8.881784197001247886E-17, -0.7071550692858419307, -0.7070584897894488519 ) ) ;
#2598 = CARTESIAN_POINT ( 'NONE',  ( 0.1964017977004755833, 0.8992297217920667274, 0.009086107171415679779 ) ) ;
#2599 = CARTESIAN_POINT ( 'NONE',  ( 0.1715312128622419052, 0.5236994525879175022, 0.03313482987616905157 ) ) ;
#2600 = CARTESIAN_POINT ( 'NONE',  ( -0.1351578401625520287, 0.8992297217125786446, 0.04155470200647850415 ) ) ;
#2601 = CARTESIAN_POINT ( 'NONE',  ( 0.001401490646589136644, -0.08617127371897911892, 0.1505985105191067763 ) ) ;
#2602 = CARTESIAN_POINT ( 'NONE',  ( -0.2071600387940355781, 0.8992297217125786446, -0.008451725240401181810 ) ) ;
#2603 = CARTESIAN_POINT ( 'NONE',  ( -0.08545836191043368335, -0.2085666303611066197, 0.1202479705128357140 ) ) ;
#2604 = B_SPLINE_SURFACE_WITH_KNOTS ( 'NONE', 3, 3, ( 
 ( #418, #2491, #1471, #2149, #3540, #763 ),
 ( #3201, #90, #2862, #4237, #4445, #4022 ),
 ( #951, #906, #3710, #929, #544, #2294 ),
 ( #3392, #2682, #591, #1250, #4064, #268 ) ),
 .UNSPECIFIED., .F., .F., .F.,
 ( 4, 4 ),
 ( 4, 2, 4 ),
 ( 0.000000000000000000, 1.000000000000000000 ),
 ( -0.001613880244060099866, 0.000000000000000000, 0.2066177023526320211 ),
 .UNSPECIFIED. ) ;
#2605 = CIRCLE ( 'NONE', #647, 0.05690883482137465421 ) ;
#2606 = CARTESIAN_POINT ( 'NONE',  ( -0.1935871193356861752, -0.5565439823454267909, -0.3688508828490763558 ) ) ;
#2607 = CARTESIAN_POINT ( 'NONE',  ( -0.1192811659112391481, 0.7982089737719352263, 0.05820924659644841070 ) ) ;
#2608 = CARTESIAN_POINT ( 'NONE',  ( -0.04515803702598178426, 0.8900694735333863905, 0.07539139433046804228 ) ) ;
#2609 = CARTESIAN_POINT ( 'NONE',  ( -0.1904879169928612448, 0.8992297217329997538, -0.1259623256104460964 ) ) ;
#2610 = DIRECTION ( 'NONE',  ( 0.000000000000000000, 1.000000000000000000, 0.000000000000000000 ) ) ;
#2611 = AXIS2_PLACEMENT_3D ( 'NONE', #2717, #989, #4464 ) ;
#2612 = ORIENTED_EDGE ( 'NONE', *, *, #3546, .T. ) ;
#2613 = CARTESIAN_POINT ( 'NONE',  ( 0.07306794813120426335, 0.8992297217125786446, -0.1302091710968015237 ) ) ;
#2614 = DIRECTION ( 'NONE',  ( -6.678685382510698685E-17, -0.7071550692858419307, -0.7070584897894488519 ) ) ;
#2615 = CARTESIAN_POINT ( 'NONE',  ( 0.1695358449531138290, 0.5318801819389660235, 0.03245753021959352919 ) ) ;
#2616 = CARTESIAN_POINT ( 'NONE',  ( 0.1637821790536721500, 0.5320262519862107853, 0.04430443049916688025 ) ) ;
#2617 = ORIENTED_EDGE ( 'NONE', *, *, #4179, .T. ) ;
#2618 = VECTOR ( 'NONE', #2565, 1000.000000000000000 ) ;
#2619 = CARTESIAN_POINT ( 'NONE',  ( 0.1560096037230871979, 0.6309222859251607529, -0.1120482239573160899 ) ) ;
#2620 = CARTESIAN_POINT ( 'NONE',  ( 0.1987297324898819051, 0.8041407404104413681, -0.07186201372973072266 ) ) ;
#2621 = CARTESIAN_POINT ( 'NONE',  ( 0.1598716173195384171, 0.8973002175502396982, 0.05919408270972410097 ) ) ;
#2622 = EDGE_CURVE ( 'NONE', #662, #1141, #3764, .T. ) ;
#2623 = CARTESIAN_POINT ( 'NONE',  ( 0.05826712923667851096, -0.003896314204935378243, 0.4076456094562680432 ) ) ;
#2624 = CARTESIAN_POINT ( 'NONE',  ( -0.2263950497394482120, 0.8971585984737258102, -0.007750943874037824477 ) ) ;
#2625 = EDGE_CURVE ( 'NONE', #934, #2412, #650, .T. ) ;
#2626 = CARTESIAN_POINT ( 'NONE',  ( 0.05872037327584412464, -0.2265196759769178281, 0.1612718716186330170 ) ) ;
#2627 = CARTESIAN_POINT ( 'NONE',  ( 0.01354656310735532533, 0.8882661046471936883, -0.1495520063771477448 ) ) ;
#2628 = CARTESIAN_POINT ( 'NONE',  ( 0.1966935617094562883, 0.8992297217921063623, 0.008492711126275708650 ) ) ;
#2629 = EDGE_CURVE ( 'NONE', #2960, #1484, #472, .T. ) ;
#2630 = CARTESIAN_POINT ( 'NONE',  ( -0.04416831798801094250, 0.8992297217125786446, -0.1411126251901083095 ) ) ;
#2631 = CARTESIAN_POINT ( 'NONE',  ( -0.1314958159045148123, 0.6862440002196528166, 0.04115747061401862916 ) ) ;
#2632 = CARTESIAN_POINT ( 'NONE',  ( -0.1526504404141517113, 0.8373392193422189989, 0.06739672009082432746 ) ) ;
#2633 = CARTESIAN_POINT ( 'NONE',  ( -0.2230074996806040988, 0.8326132098626998213, -0.08889430372241684253 ) ) ;
#2634 = CARTESIAN_POINT ( 'NONE',  ( 0.1651323860484641970, 0.5502251522574020948, 0.03078710861885636252 ) ) ;
#2635 = ORIENTED_EDGE ( 'NONE', *, *, #684, .T. ) ;
#2636 = B_SPLINE_CURVE_WITH_KNOTS ( 'NONE', 3,
 ( #2246, #2935, #199, #883, #3004, #3271, #3343, #3637, #3293, #1587, #520, #4017, #2958, #2979, #2587, #4310, #2311, #4331, #3970, #3659, #1222, #2633 ),
 .UNSPECIFIED., .F., .F.,
 ( 4, 1, 1, 1, 1, 1, 1, 1, 1, 1, 2, 2, 2, 1, 1, 1, 4 ),
 ( 0.000000000000000000, 0.1109654856074281243, 0.4651843752206273885, 0.5912499351596910424, 0.7413799547556488845, 0.7589123163178560505, 0.7710669022509364368, 0.7794481126097372314, 0.7850865368526595001, 0.7889035833064447223, 0.7913927972160406110, 0.7921128037590235982, 0.7924530552569584163, 0.8079166944711303477, 0.8431196247795708087, 0.9586599277282926712, 1.000000000000000000 ),
 .UNSPECIFIED. ) ;
#2637 = CARTESIAN_POINT ( 'NONE',  ( 0.2258501420219475309, 0.8326132097312243241, -0.08889430407463363992 ) ) ;
#2638 = CARTESIAN_POINT ( 'NONE',  ( 0.1911174362130264592, -0.1630685282864135222, -0.04838433241814252272 ) ) ;
#2639 = CARTESIAN_POINT ( 'NONE',  ( 0.1846951759071875365, 0.5067952276139482404, 0.008134996611698312036 ) ) ;
#2640 = CARTESIAN_POINT ( 'NONE',  ( 0.1514708384868728719, -0.2545787095607852657, -0.1752827704115639262 ) ) ;
#2641 = CARTESIAN_POINT ( 'NONE',  ( 0.1714527371971846237, 0.5237005116830540929, 0.03329802656271416139 ) ) ;
#2642 = EDGE_LOOP ( 'NONE', ( #511, #848, #409, #2989, #1663 ) ) ;
#2643 = CARTESIAN_POINT ( 'NONE',  ( 0.2175758210971883433, 0.8250133736930304051, -0.08387624669307894298 ) ) ;
#2644 = CARTESIAN_POINT ( 'NONE',  ( 0.2363283997452214624, 0.8670684254121728829, -0.1404262135834874747 ) ) ;
#2645 = CARTESIAN_POINT ( 'NONE',  ( -0.2406279845109673965, 0.8735223929221177519, -0.1284580568717790250 ) ) ;
#2646 = CARTESIAN_POINT ( 'NONE',  ( 0.1705000197155219777, 0.8992297217600933035, 0.02994417195553229771 ) ) ;
#2647 = CARTESIAN_POINT ( 'NONE',  ( 0.001358294415303849595, -0.003896314204935377376, 0.4076456094562680432 ) ) ;
#2648 = ADVANCED_FACE ( 'NONE', ( #3223 ), #2563, .T. ) ;
#2649 = CARTESIAN_POINT ( 'NONE',  ( 0.06747393190684164432, -0.1899599813960541062, 0.1340131966606118163 ) ) ;
#2650 = CARTESIAN_POINT ( 'NONE',  ( 0.001392715038637038112, -0.2783167414691325448, 0.05278692544209735021 ) ) ;
#2651 = CARTESIAN_POINT ( 'NONE',  ( 0.08821106916282417387, -0.2085666452902464052, 0.1202942505763002490 ) ) ;
#2652 = CARTESIAN_POINT ( 'NONE',  ( 0.02020248090458003770, -0.2843642553185002364, 0.05109548361521663862 ) ) ;
#2653 = CARTESIAN_POINT ( 'NONE',  ( -0.1646203257466342662, 0.7338920456668773795, -0.01769970569974743668 ) ) ;
#2654 = EDGE_CURVE ( 'NONE', #404, #4090, #1941, .T. ) ;
#2655 = DIRECTION ( 'NONE',  ( 3.748908314793959865E-14, -1.000000000000000000, -4.016111115165780037E-14 ) ) ;
#2656 = CARTESIAN_POINT ( 'NONE',  ( -0.1924336475277871605, 0.8992297217398217413, -0.1079014937578730571 ) ) ;
#2657 = CARTESIAN_POINT ( 'NONE',  ( 0.1662540731079035217, 0.8586573320525662245, 0.07819659882842476539 ) ) ;
#2658 = VERTEX_POINT ( 'NONE', #4434 ) ;
#2659 = CARTESIAN_POINT ( 'NONE',  ( -0.03357139922892165423, -0.3079294533263811640, 0.1704757452155768460 ) ) ;
#2660 = CARTESIAN_POINT ( 'NONE',  ( -0.2170597903618723679, 0.8319487785590747864, 0.01621318967920615944 ) ) ;
#2661 = CARTESIAN_POINT ( 'NONE',  ( -0.05503575913907697570, -0.2555833431272963030, 0.1667927915678524553 ) ) ;
#2662 = CARTESIAN_POINT ( 'NONE',  ( 0.3214304216026429573, -0.4944386987052635796, -0.04838433241814297375 ) ) ;
#2663 = CARTESIAN_POINT ( 'NONE',  ( -0.1214739519953748070, 0.7108084544286686901, 0.02005639651195465639 ) ) ;
#2664 = CARTESIAN_POINT ( 'NONE',  ( -0.1933280367073343109, 0.8992297217398829146, -0.1063058229476339100 ) ) ;
#2665 = EDGE_LOOP ( 'NONE', ( #4031, #4187, #1595, #2916 ) ) ;
#2666 = CARTESIAN_POINT ( 'NONE',  ( 0.1696526109262833926, 0.5318786610450373376, -0.1289840732421706215 ) ) ;
#2667 = CARTESIAN_POINT ( 'NONE',  ( 0.2324261334678608681, 0.8479533054560139949, -0.1260955319736358216 ) ) ;
#2668 = CARTESIAN_POINT ( 'NONE',  ( -0.2226594592561525199, 0.8406958410047602470, -0.1252208298750191739 ) ) ;
#2669 = CARTESIAN_POINT ( 'NONE',  ( 0.1435059477999799937, 0.8973912814705876650, 0.05838894351283920037 ) ) ;
#2670 = CARTESIAN_POINT ( 'NONE',  ( 0.05844241982504670002, -0.2271775032011920104, 0.1760953888564308067 ) ) ;
#2671 = CARTESIAN_POINT ( 'NONE',  ( -0.1871989919767717003, 0.5237671269470252078, -0.02029280047659710179 ) ) ;
#2672 = FACE_OUTER_BOUND ( 'NONE', #4450, .T. ) ;
#2673 = CARTESIAN_POINT ( 'NONE',  ( 0.06806934623157044617, 0.8916418770697283058, 0.02773179665387657047 ) ) ;
#2674 = CARTESIAN_POINT ( 'NONE',  ( -0.1120080426548349661, 0.8014996974690572484, 0.06087665055628469629 ) ) ;
#2675 = DIRECTION ( 'NONE',  ( 0.000000000000000000, -1.000000000000000000, -2.306956934286040333E-16 ) ) ;
#2676 = CARTESIAN_POINT ( 'NONE',  ( -0.1940505297161028431, 0.8992297217398540488, -0.1048469038907212658 ) ) ;
#2677 = CARTESIAN_POINT ( 'NONE',  ( 0.1313661284658862172, 0.8291535070166220489, 0.06556818745240215740 ) ) ;
#2678 = ORIENTED_EDGE ( 'NONE', *, *, #2851, .T. ) ;
#2679 = EDGE_CURVE ( 'NONE', #1530, #2589, #3630, .T. ) ;
#2680 = CIRCLE ( 'NONE', #1448, 0.005058563095233298973 ) ;
#2681 = CYLINDRICAL_SURFACE ( 'NONE', #3638, 0.3895093583329642950 ) ;
#2682 = CARTESIAN_POINT ( 'NONE',  ( -0.08568944593322515291, -0.2084173816841419502, 0.1201277766280008513 ) ) ;
#2683 = CARTESIAN_POINT ( 'NONE',  ( 0.005346519126396985858, -0.3071062187631041218, 0.1849470773462277839 ) ) ;
#2684 = CARTESIAN_POINT ( 'NONE',  ( 0.1911174362130264870, -0.2082604419367170279, -0.04838433241814288355 ) ) ;
#2685 = CARTESIAN_POINT ( 'NONE',  ( 0.1503391892383632578, 0.5238332456170748941, -0.1667891978088970606 ) ) ;
#2686 = VERTEX_POINT ( 'NONE', #323 ) ;
#2687 = APPROVAL_PERSON_ORGANIZATION ( #2258, #3359, #1510 ) ;
#2688 = CARTESIAN_POINT ( 'NONE',  ( 0.2358486093281956797, 0.8418640592620557639, -0.007510090647551040215 ) ) ;
#2689 = CARTESIAN_POINT ( 'NONE',  ( 0.2432662390292520127, 0.8668784952408212785, -0.1289887509810311306 ) ) ;
#2690 = CARTESIAN_POINT ( 'NONE',  ( -0.2369032471433306086, 0.8552998188462050955, -0.1262030519475973445 ) ) ;
#2691 = CARTESIAN_POINT ( 'NONE',  ( 0.2015794161496240189, 0.8992297217905295126, 0.02006007558423691592 ) ) ;
#2692 = CARTESIAN_POINT ( 'NONE',  ( 0.05856282031445231989, -0.2463743132013080372, 0.1651426902457940604 ) ) ;
#2693 = CARTESIAN_POINT ( 'NONE',  ( -0.1351578401620720238, 0.8992297217125786446, 0.04155470200650084739 ) ) ;
#2694 = CARTESIAN_POINT ( 'NONE',  ( 0.08832792506775592745, -0.2084137820466475111, 0.1202332105761521330 ) ) ;
#2695 = CARTESIAN_POINT ( 'NONE',  ( 0.04286920637150336277, -0.3126270235944019760, 0.04390703835228400992 ) ) ;
#2696 = CARTESIAN_POINT ( 'NONE',  ( 0.001358294415303849595, -0.003896314204935377376, 0.4076456094562680432 ) ) ;
#2697 = CARTESIAN_POINT ( 'NONE',  ( -0.3806674315108027895, -0.6470671009693498288, 0.07925625763177385208 ) ) ;
#2698 = CARTESIAN_POINT ( 'NONE',  ( 0.1715312128622419052, 0.5236994525879175022, 0.03313482987616905157 ) ) ;
#2699 = CARTESIAN_POINT ( 'NONE',  ( 0.1179760563504726467, 0.7714679284388105129, 0.05514102973762451121 ) ) ;
#2700 = ORIENTED_EDGE ( 'NONE', *, *, #3655, .T. ) ;
#2701 = CARTESIAN_POINT ( 'NONE',  ( -0.1570189256839154557, -0.6470671013296891427, 0.3224655378615303158 ) ) ;
#2702 = CARTESIAN_POINT ( 'NONE',  ( -0.2228511754667142075, 0.8325290236969253854, -0.006084379463418716598 ) ) ;
#2703 = CARTESIAN_POINT ( 'NONE',  ( -0.1161033842312670095, 0.7235680003165210206, -0.1491241501647127266 ) ) ;
#2704 = CARTESIAN_POINT ( 'NONE',  ( 0.07266310712767262703, -0.2082604425690274819, -0.2371652961748930422 ) ) ;
#2705 = ADVANCED_FACE ( 'NONE', ( #3040 ), #1874, .T. ) ;
#2706 = CARTESIAN_POINT ( 'NONE',  ( -0.1547062008623346085, 0.7823043669768136033, 0.02668474592979505275 ) ) ;
#2707 = ORIENTED_EDGE ( 'NONE', *, *, #3467, .T. ) ;
#2708 = CARTESIAN_POINT ( 'NONE',  ( 0.2258501420219475309, 0.8326132097312243241, -0.08889430407463363992 ) ) ;
#2709 = CARTESIAN_POINT ( 'NONE',  ( 0.001421322026237919643, -0.8747071845238333365, -0.4378936907511048471 ) ) ;
#2710 = CARTESIAN_POINT ( 'NONE',  ( -0.2011252571668611655, 0.8324882104008485273, -0.1375394926418746500 ) ) ;
#2711 = CARTESIAN_POINT ( 'NONE',  ( 0.3052948877229300084, -0.5565439825765340354, 0.1934896201709545849 ) ) ;
#2712 = CARTESIAN_POINT ( 'NONE',  ( -0.1787887347635966073, 0.5319520392140918430, -0.1039219313154391561 ) ) ;
#2713 = CARTESIAN_POINT ( 'NONE',  ( -0.05566235734614690539, -0.2462909611686082689, 0.1695409191393880133 ) ) ;
#2714 = CARTESIAN_POINT ( 'NONE',  ( 0.001411785485812762884, -0.2783167571266098594, 0.05278692948652549677 ) ) ;
#2715 = CARTESIAN_POINT ( 'NONE',  ( 0.08844490774151753110, -0.2082604424846708213, 0.1201728141339604011 ) ) ;
#2716 = CARTESIAN_POINT ( 'NONE',  ( 0.09635121790245207429, -0.4944651077616313284, 0.2686766329777361406 ) ) ;
#2717 = CARTESIAN_POINT ( 'NONE',  ( -0.05049197731083748114, -0.003896314204935373039, 0.4076456094562680432 ) ) ;
#2718 = CARTESIAN_POINT ( 'NONE',  ( -0.2063437796000672786, 0.8322180957468606755, 0.03431183423229991480 ) ) ;
#2719 = CARTESIAN_POINT ( 'NONE',  ( 0.1724814932957466629, 0.5152576325818551961, 0.03360977662201813931 ) ) ;
#2720 = CARTESIAN_POINT ( 'NONE',  ( 0.1695365418859635376, 0.5318801734116028745, 0.03245608982574436224 ) ) ;
#2721 = ORIENTED_EDGE ( 'NONE', *, *, #3686, .F. ) ;
#2722 = CARTESIAN_POINT ( 'NONE',  ( 0.07915899511716151249, -0.3169896557745359722, 0.1415641481554006653 ) ) ;
#2723 = DIRECTION ( 'NONE',  ( 0.000000000000000000, 1.000000000000000000, 0.000000000000000000 ) ) ;
#2724 = CARTESIAN_POINT ( 'NONE',  ( -0.1273322242142503613, 0.8299415732119733713, -0.1627838735305780216 ) ) ;
#2725 = CARTESIAN_POINT ( 'NONE',  ( -0.1975186128768939842, 0.8992297217125786446, -0.06157954596284211796 ) ) ;
#2726 = CARTESIAN_POINT ( 'NONE',  ( 0.02918371224117994808, 0.5328277813977008170, -0.2345280668901795484 ) ) ;
#2727 = EDGE_LOOP ( 'NONE', ( #3952, #4048, #2897, #1317, #3436, #1832, #2189, #1229 ) ) ;
#2728 = CARTESIAN_POINT ( 'NONE',  ( 0.1093024448184845010, 0.7969041768321913910, -0.1571584187201635896 ) ) ;
#2729 = CARTESIAN_POINT ( 'NONE',  ( 0.1999900497718366532, 0.8992297217126290487, -0.09361310253033537643 ) ) ;
#2730 = CARTESIAN_POINT ( 'NONE',  ( -0.2178780447997555325, 0.8408601219372383584, -0.1333913727117317927 ) ) ;
#2731 = CARTESIAN_POINT ( 'NONE',  ( -0.3240832130212315532, -0.5565439822849764795, -0.2594670222345253907 ) ) ;
#2732 = CARTESIAN_POINT ( 'NONE',  ( 0.2186243075343125286, 0.8319458659761280739, 0.01896865152242461702 ) ) ;
#2733 = EDGE_CURVE ( 'NONE', #3661, #2386, #3132, .T. ) ;
#2734 = CARTESIAN_POINT ( 'NONE',  ( 0.05812787950630539380, -0.2558373601967494082, 0.1626329328909474070 ) ) ;
#2735 = CARTESIAN_POINT ( 'NONE',  ( 0.1449345897636082348, 0.8387122523266271612, 0.06955548829007277001 ) ) ;
#2736 = PERSON_AND_ORGANIZATION ( #1872, #2981 ) ;
#2737 = B_SPLINE_CURVE_WITH_KNOTS ( 'NONE', 3,
 ( #2847, #801, #2799, #2186, #456, #4206, #3575, #1438, #1845, #1503, #1074, #2457, #729, #1799 ),
 .UNSPECIFIED., .F., .F.,
 ( 4, 1, 1, 1, 1, 1, 1, 1, 1, 1, 1, 4 ),
 ( 0.000000000000000000, 0.1428611137525833963, 0.2857222275051661819, 0.4285833412577496615, 0.5714444550103331411, 0.6071597334484790665, 0.6428750118866249919, 0.7143055687629167316, 0.7857361256392084714, 0.8571666825155003222, 0.9285972393917920620, 1.000000000000000000 ),
 .UNSPECIFIED. ) ;
#2738 = CARTESIAN_POINT ( 'NONE',  ( -0.1666932046661176170, 0.5318801819489651361, -0.1292261950549498661 ) ) ;
#2739 = CARTESIAN_POINT ( 'NONE',  ( -0.1107317680555608003, 0.7729555628406600265, 0.05709350609754072076 ) ) ;
#2740 = CARTESIAN_POINT ( 'NONE',  ( -0.2587384807975497969, -0.5106568048541741955, 0.1807762573793857963 ) ) ;
#2741 = CARTESIAN_POINT ( 'NONE',  ( 0.1846951442999233139, 0.5067880060020928390, 0.008135062536786481779 ) ) ;
#2742 = CARTESIAN_POINT ( 'NONE',  ( 0.1640414717479553586, 0.7115126524273642783, -0.02100025156002300469 ) ) ;
#2743 = CARTESIAN_POINT ( 'NONE',  ( 0.1187565571388254637, 0.5322436210796773759, 0.09847315811133650065 ) ) ;
#2744 = ORIENTED_EDGE ( 'NONE', *, *, #1231, .F. ) ;
#2745 = FACE_OUTER_BOUND ( 'NONE', #2854, .T. ) ;
#2746 = B_SPLINE_CURVE_WITH_KNOTS ( 'NONE', 3,
 ( #681, #3184, #1092, #1070, #726, #1113 ),
 .UNSPECIFIED., .F., .F.,
 ( 4, 2, 4 ),
 ( 0.000000000000000000, 0.9922516812308126433, 1.000000000000000000 ),
 .UNSPECIFIED. ) ;
#2747 = CARTESIAN_POINT ( 'NONE',  ( -0.1622897539656378008, 0.5502251181135152658, -0.1275557765690632783 ) ) ;
#2748 = CARTESIAN_POINT ( 'NONE',  ( -0.1818525040162812800, 0.5067880059981226815, -0.1049037273734676479 ) ) ;
#2749 = CARTESIAN_POINT ( 'NONE',  ( -0.1424409059834914337, 0.7823043669612534945, 0.03151958133861589018 ) ) ;
#2750 = VERTEX_POINT ( 'NONE', #3646 ) ;
#2751 = CARTESIAN_POINT ( 'NONE',  ( 0.2507895381607402330, 0.8851899701002290399, -0.03458099066998746723 ) ) ;
#2752 = CARTESIAN_POINT ( 'NONE',  ( 0.2234290266031100092, 0.8971412630518535991, -0.1185983858331810248 ) ) ;
#2753 = CIRCLE ( 'NONE', #3912, 0.04299778630948305341 ) ;
#2754 = CARTESIAN_POINT ( 'NONE',  ( -0.2433968218113211346, 0.8874472368442254400, -0.09191539462302174279 ) ) ;
#2755 = CARTESIAN_POINT ( 'NONE',  ( 0.2757345583895595698, -0.5106568049465509684, 0.1699622445551188243 ) ) ;
#2756 = CIRCLE ( 'NONE', #3421, 0.05690883482137465421 ) ;
#2757 = CARTESIAN_POINT ( 'NONE',  ( -0.1850800388678162378, 0.5319965538833121288, -0.07615198735108988370 ) ) ;
#2758 = CARTESIAN_POINT ( 'NONE',  ( -0.02555103912550758458, -0.1193560433131136689, 0.2206206718544882761 ) ) ;
#2759 = CARTESIAN_POINT ( 'NONE',  ( 0.2268726441141397931, 0.8558964022094577295, 0.04883407215451890382 ) ) ;
#2760 = CARTESIAN_POINT ( 'NONE',  ( 0.1608018816704017140, 0.7738341305112197421, -0.09825429479843308944 ) ) ;
#2761 = CARTESIAN_POINT ( 'NONE',  ( -0.1508214110050384305, 0.8973356364510828298, 0.05895135055539139218 ) ) ;
#2762 = B_SPLINE_CURVE_WITH_KNOTS ( 'NONE', 3,
 ( #1215, #787, #3224, #3286, #3608, #2261 ),
 .UNSPECIFIED., .F., .F.,
 ( 4, 2, 4 ),
 ( 1.610130538481209905, 1.766607786890290077, 1.923084775905459898 ),
 .UNSPECIFIED. ) ;
#2763 = CARTESIAN_POINT ( 'NONE',  ( 0.2015802771612071331, 0.8326753000204925037, -0.1394935859467431039 ) ) ;
#2764 = CARTESIAN_POINT ( 'NONE',  ( -0.1666980824824358665, 0.5318801221308970817, 0.03244744775330355574 ) ) ;
#2765 = CARTESIAN_POINT ( 'NONE',  ( -0.2762496401444379246, -0.4944386985317319461, -0.2284490804374566530 ) ) ;
#2766 = CARTESIAN_POINT ( 'NONE',  ( 0.1879227224475083780, 0.5319965525575172105, -0.02061667470788204962 ) ) ;
#2767 = EDGE_CURVE ( 'NONE', #124, #3215, #3581, .T. ) ;
#2768 = CARTESIAN_POINT ( 'NONE',  ( 0.1594806671086803629, 0.5864552411168564294, 0.02364884438534419972 ) ) ;
#2769 = CARTESIAN_POINT ( 'NONE',  ( -0.1686100969123011106, 0.5237005116887780698, 0.03329802656272586731 ) ) ;
#2770 = ORIENTED_EDGE ( 'NONE', *, *, #398, .F. ) ;
#2771 = CARTESIAN_POINT ( 'NONE',  ( -0.1341555178857193331, 0.8992297217125786446, -0.1281527967845524918 ) ) ;
#2772 = CARTESIAN_POINT ( 'NONE',  ( -0.1636879307054430743, 0.8395320745574849086, -0.1624892976532905930 ) ) ;
#2773 = DIRECTION ( 'NONE',  ( 1.255840242537149547E-16, 0.000000000000000000, -1.000000000000000000 ) ) ;
#2774 = CARTESIAN_POINT ( 'NONE',  ( -0.2475140116483944830, 0.8851121864057760469, -0.08978713955132340552 ) ) ;
#2775 = ORIENTED_EDGE ( 'NONE', *, *, #2570, .T. ) ;
#2776 = CARTESIAN_POINT ( 'NONE',  ( -0.1430903017975657110, 0.8585061984888722186, 0.07759265003049982401 ) ) ;
#2777 = CARTESIAN_POINT ( 'NONE',  ( 0.2100026814712096790, 0.8992297217125786446, -0.08831693995608794201 ) ) ;
#2778 = CARTESIAN_POINT ( 'NONE',  ( 0.2053495540534901187, 0.8992297217131925979, -0.1108046841202910832 ) ) ;
#2779 = CARTESIAN_POINT ( 'NONE',  ( -0.2587384807975497969, -0.5106568048541741955, 0.1807762573793857963 ) ) ;
#2780 = CARTESIAN_POINT ( 'NONE',  ( 0.2164210187398258323, 0.8319682719921719372, 0.02324851154038209619 ) ) ;
#2781 = CARTESIAN_POINT ( 'NONE',  ( 0.2864922233243408778, -0.4640297493785136562, -0.04838433241814323743 ) ) ;
#2782 = CARTESIAN_POINT ( 'NONE',  ( 0.2397445320724508055, 0.8552997322925428580, 0.02943472396709562178 ) ) ;
#2783 = CARTESIAN_POINT ( 'NONE',  ( 0.1566004668977208081, 0.5865780368138021617, -0.1263410849250462265 ) ) ;
#2784 = CARTESIAN_POINT ( 'NONE',  ( -0.2334855492750314565, 0.8670684745989170050, 0.04365736931353528943 ) ) ;
#2785 = CARTESIAN_POINT ( 'NONE',  ( 0.1412303311785431392, 0.8486053767552339533, -0.1710966635546908032 ) ) ;
#2786 = CARTESIAN_POINT ( 'NONE',  ( 0.08444611273682077479, -0.2233364601368337254, 0.1223128604930453778 ) ) ;
#2787 = CARTESIAN_POINT ( 'NONE',  ( -0.2444230906090759103, -0.4944386985374100152, 0.1681667288808153249 ) ) ;
#2788 = CARTESIAN_POINT ( 'NONE',  ( -0.1969469738557566296, 0.8992297217125786446, -0.008823813700476235838 ) ) ;
#2789 = CARTESIAN_POINT ( 'NONE',  ( 0.1721218676578050166, 0.7778412957964651042, 0.01604160235002779697 ) ) ;
#2790 = CARTESIAN_POINT ( 'NONE',  ( -0.1635299242303792089, 0.5152467680422377905, 0.04635771262623656491 ) ) ;
#2791 = ORIENTED_EDGE ( 'NONE', *, *, #1902, .T. ) ;
#2792 = EDGE_CURVE ( 'NONE', #4041, #874, #436, .T. ) ;
#2793 = CARTESIAN_POINT ( 'NONE',  ( -0.04529052962732817850, 0.8432297721559758319, -0.1754040568967291103 ) ) ;
#2794 = CARTESIAN_POINT ( 'NONE',  ( -0.2210579329274788007, 0.8314255191004176204, -0.1058845087947241637 ) ) ;
#2795 = FACE_OUTER_BOUND ( 'NONE', #4083, .T. ) ;
#2796 = ADVANCED_FACE ( 'NONE', ( #4274 ), #1803, .T. ) ;
#2797 = CARTESIAN_POINT ( 'NONE',  ( 0.04435608072478691016, -0.0003191256688387179353, 0.4112223094388884892 ) ) ;
#2798 = ORIENTED_EDGE ( 'NONE', *, *, #2654, .F. ) ;
#2799 = CARTESIAN_POINT ( 'NONE',  ( -0.05572265356461366531, -0.2271823233166361533, 0.1760516954252235311 ) ) ;
#2800 = CARTESIAN_POINT ( 'NONE',  ( 0.1964439127073760172, 0.8992297217131961506, -0.1057711728845879690 ) ) ;
#2801 = CARTESIAN_POINT ( 'NONE',  ( 0.3050486033923049956, -0.6470671020741654011, -0.3137864281818022461 ) ) ;
#2802 = EDGE_LOOP ( 'NONE', ( #1657, #3140, #506, #2138 ) ) ;
#2803 = CARTESIAN_POINT ( 'NONE',  ( 0.05893104641014572376, 0.8928026076261318389, 0.03575282082487299395 ) ) ;
#2804 = CARTESIAN_POINT ( 'NONE',  ( 0.04055220546114209762, 0.8977482229392420576, 0.05704696971692907459 ) ) ;
#2805 = B_SPLINE_CURVE_WITH_KNOTS ( 'NONE', 3,
 ( #3473, #623, #2038, #2012, #1736, #3428, #3129, #4141, #2780, #19, #1007, #3063, #301, #1693, #1056, #2439, #3086, #2732, #4456, #3107, #1349, #2395, #2058, #322 ),
 .UNSPECIFIED., .F., .F.,
 ( 4, 1, 1, 1, 1, 1, 1, 1, 1, 1, 1, 1, 2, 2, 2, 1, 1, 1, 4 ),
 ( 0.000000000000000000, 0.1108575657960001598, 0.4648616341428019050, 0.5908507406403677997, 0.6834937819861265362, 0.7168473702543315396, 0.7415369790723602694, 0.7590587076574717429, 0.7712059219342710659, 0.7795820491160903032, 0.7852170535439482180, 0.7890317848786035926, 0.7915194890703449726, 0.7922390589666027383, 0.7925791035535476592, 0.8080333635351606425, 0.8432149431756402747, 0.9586851765462449659, 1.000000000000000000 ),
 .UNSPECIFIED. ) ;
#2806 = CARTESIAN_POINT ( 'NONE',  ( 0.3222456462552982237, -0.4951482408789924516, -0.04838433241814333458 ) ) ;
#2807 = CARTESIAN_POINT ( 'NONE',  ( 0.2295603654369925695, 0.8406595844433658593, 0.02029068339832223317 ) ) ;
#2808 = CARTESIAN_POINT ( 'NONE',  ( 0.2249931884389285985, 0.8327134365802157934, -0.1192471579497042244 ) ) ;
#2809 = CARTESIAN_POINT ( 'NONE',  ( -0.2423970450728314130, 0.8845382078121821756, 0.02689969749198991081 ) ) ;
#2810 = CARTESIAN_POINT ( 'NONE',  ( 0.2332302187422598816, 0.8394189043665107874, -0.09113742092269522255 ) ) ;
#2811 = CARTESIAN_POINT ( 'NONE',  ( -0.07225549936079951607, -0.2593104751397153351, 0.1289734729158539539 ) ) ;
#2812 = CARTESIAN_POINT ( 'NONE',  ( -0.1570141178949451544, -0.6141296669324464164, 0.3224693540269754632 ) ) ;
#2813 = CARTESIAN_POINT ( 'NONE',  ( 0.03497079199918304293, 0.8432145749308401772, 0.07865471101150516009 ) ) ;
#2814 = CARTESIAN_POINT ( 'NONE',  ( 0.1991277928149824128, 0.8048436350923491300, -0.02474023152509031986 ) ) ;
#2815 = CARTESIAN_POINT ( 'NONE',  ( 0.1663726926763249292, 0.5152467901132292694, 0.04635746687800870736 ) ) ;
#2816 = CARTESIAN_POINT ( 'NONE',  ( -0.1666932046661327438, 0.5318801819489623606, 0.03245753021863521243 ) ) ;
#2817 = CARTESIAN_POINT ( 'NONE',  ( -0.1705930353992388127, 0.7526524331058769279, -0.06499702869687019879 ) ) ;
#2818 = CARTESIAN_POINT ( 'NONE',  ( -0.2490030224578848039, 0.8617623260483563419, -0.08984138807931131565 ) ) ;
#2819 = CARTESIAN_POINT ( 'NONE',  ( -0.2337851379516925343, 0.8420405860137700760, -0.06201700684143798131 ) ) ;
#2820 = ORIENTED_EDGE ( 'NONE', *, *, #2939, .F. ) ;
#2821 = EDGE_CURVE ( 'NONE', #1026, #1141, #283, .T. ) ;
#2822 = CARTESIAN_POINT ( 'NONE',  ( -0.06522670227274397770, 0.8916418770697283058, -0.1245004614081566818 ) ) ;
#2823 = CARTESIAN_POINT ( 'NONE',  ( -0.02911161526893171758, -0.2951305534951083054, 0.04815331780891760061 ) ) ;
#2824 = CARTESIAN_POINT ( 'NONE',  ( 0.001358294415303849595, -0.0003191256688379571506, 0.4112223094388880451 ) ) ;
#2825 = PRODUCT_DEFINITION ( '�', '', #2176, #722 ) ;
#2826 = ORIENTED_EDGE ( 'NONE', *, *, #390, .F. ) ;
#2827 =( BOUNDED_CURVE ( )  B_SPLINE_CURVE ( 3, ( #4416, #4123, #1306, #2695 ),
 .UNSPECIFIED., .F., .T. ) 
 B_SPLINE_CURVE_WITH_KNOTS ( ( 4, 4 ),
 ( 3.370996747601370025, 3.563696351706689747 ),
 .UNSPECIFIED. ) 
 CURVE ( )  GEOMETRIC_REPRESENTATION_ITEM ( )  RATIONAL_B_SPLINE_CURVE ( ( 1.000000000000000000, 0.9969079650121730474, 0.9969079650121730474, 1.000000000000000000 ) ) 
 REPRESENTATION_ITEM ( '' )  );
#2828 = CIRCLE ( 'NONE', #797, 0.3895093583329642950 ) ;
#2829 = CARTESIAN_POINT ( 'NONE',  ( -0.1191077754822202628, 0.7823043669379173837, -0.1389623278291974295 ) ) ;
#2830 = CARTESIAN_POINT ( 'NONE',  ( 0.3230608708823890507, -0.4958577830304696232, 0.01504411820642259472 ) ) ;
#2831 = CARTESIAN_POINT ( 'NONE',  ( 0.2218991379200161429, 0.8408487251641276750, 0.03426860701959427713 ) ) ;
#2832 = VECTOR ( 'NONE', #3501, 1000.000000000000000 ) ;
#2833 =( NAMED_UNIT ( * ) SI_UNIT ( $, .STERADIAN. ) SOLID_ANGLE_UNIT ( ) );
#2834 = CARTESIAN_POINT ( 'NONE',  ( -0.2414201001459017060, 0.8668750886025956559, 0.03016872956819129786 ) ) ;
#2835 = CARTESIAN_POINT ( 'NONE',  ( 0.1677832679619647716, -0.4944635771152817716, 0.2249685745712217411 ) ) ;
#2836 = CARTESIAN_POINT ( 'NONE',  ( 0.09023525212155787678, -0.2228433062435374590, 0.1192387124760575512 ) ) ;
#2837 = CARTESIAN_POINT ( 'NONE',  ( 0.1392190959991256027, -0.5106568049229529560, -0.3752287912957530391 ) ) ;
#2838 = FACE_OUTER_BOUND ( 'NONE', #885, .T. ) ;
#2839 = CARTESIAN_POINT ( 'NONE',  ( 0.1734356182922381640, 0.7526524173838956555, -0.03177177658027629387 ) ) ;
#2840 = CARTESIAN_POINT ( 'NONE',  ( -0.1696313121687404446, 0.5068152615927373761, 0.03362550499273808668 ) ) ;
#2841 = CARTESIAN_POINT ( 'NONE',  ( -0.08568892052945090154, -0.2082604411230853103, 0.1201202093135755877 ) ) ;
#2842 = CARTESIAN_POINT ( 'NONE',  ( -0.1573933800388736814, 0.6809900773420097808, -0.08777225212437543556 ) ) ;
#2843 = CARTESIAN_POINT ( 'NONE',  ( 0.001421322026237935039, -0.8747071845238334475, -0.1748484097989730368 ) ) ;
#2844 = CARTESIAN_POINT ( 'NONE',  ( -0.2071600387940435162, 0.8992297217125786446, -0.08831693959587698373 ) ) ;
#2845 = CARTESIAN_POINT ( 'NONE',  ( -0.2478049557109496259, 0.8851640291433942043, -0.02080676460861187807 ) ) ;
#2846 = ORIENTED_EDGE ( 'NONE', *, *, #259, .T. ) ;
#2847 = CARTESIAN_POINT ( 'NONE',  ( -0.05503575913907697570, -0.2555833431272963030, 0.1667927915678524553 ) ) ;
#2848 = EDGE_CURVE ( 'NONE', #934, #2001, #3625, .T. ) ;
#2849 = FACE_BOUND ( 'NONE', #4290, .T. ) ;
#2850 = B_SPLINE_CURVE_WITH_KNOTS ( 'NONE', 3,
 ( #3385, #3744, #627, #4100 ),
 .UNSPECIFIED., .F., .F.,
 ( 4, 4 ),
 ( 0.000000000000000000, 1.000000000000000000 ),
 .UNSPECIFIED. ) ;
#2851 = EDGE_CURVE ( 'NONE', #1956, #1849, #1668, .T. ) ;
#2852 = DIRECTION ( 'NONE',  ( 0.000000000000000000, -1.000000000000000000, 0.000000000000000000 ) ) ;
#2853 = PRODUCT_DEFINITION_SHAPE ( 'NONE', 'NONE',  #2825 ) ;
#2854 = EDGE_LOOP ( 'NONE', ( #4278, #4365, #1290, #1269, #1940, #223 ) ) ;
#2855 = CARTESIAN_POINT ( 'NONE',  ( 0.01494580485525019015, 0.7108084544239895441, -0.1866846176412632341 ) ) ;
#2856 = CARTESIAN_POINT ( 'NONE',  ( -0.06264824209215806572, -0.4640297492581908489, 0.2472316119835826775 ) ) ;
#2857 = ADVANCED_FACE ( 'NONE', ( #4252 ), #1181, .T. ) ;
#2858 = CARTESIAN_POINT ( 'NONE',  ( 0.2425916644232308239, 0.8735277590939923842, 0.03342469939578191634 ) ) ;
#2859 = CARTESIAN_POINT ( 'NONE',  ( -0.2359340193860275103, 0.8845725988112425053, 0.03915797440494867693 ) ) ;
#2860 = CARTESIAN_POINT ( 'NONE',  ( -0.02634107195662336101, 0.5328277813997122081, 0.1377594020532155183 ) ) ;
#2861 = CARTESIAN_POINT ( 'NONE',  ( -0.08215087902574691459, -0.2482515361051785274, 0.1220148140649463531 ) ) ;
#2862 = CARTESIAN_POINT ( 'NONE',  ( -0.08553276305084200892, -0.2085741369052288852, 0.1202041148460892134 ) ) ;
#2863 = CARTESIAN_POINT ( 'NONE',  ( -0.03862290259520971547, 0.7823043668834601672, 0.06286663714812310011 ) ) ;
#2864 = CARTESIAN_POINT ( 'NONE',  ( -0.03770849324005596387, 0.8977482189810760405, 0.05704755312944958384 ) ) ;
#2865 = CARTESIAN_POINT ( 'NONE',  ( 0.1401542206992598405, 0.8992297217125786446, -0.1284473742777119953 ) ) ;
#2866 = CARTESIAN_POINT ( 'NONE',  ( -0.1379814384666446236, 0.8392626072508851953, -0.1669744354976765432 ) ) ;
#2867 = CARTESIAN_POINT ( 'NONE',  ( -0.1464415140791606451, 0.6403914711634288714, -0.1226896275066566289 ) ) ;
#2868 = CARTESIAN_POINT ( 'NONE',  ( -0.09211569034248252852, 0.8414413685186609149, 0.07569654923773498634 ) ) ;
#2869 = CARTESIAN_POINT ( 'NONE',  ( -0.2027059069823818338, 0.8992297217398919074, -0.1104157718891506101 ) ) ;
#2870 = CARTESIAN_POINT ( 'NONE',  ( 0.1380004822309102985, 0.8992297217125786446, -0.1383233669488402318 ) ) ;
#2871 = EDGE_LOOP ( 'NONE', ( #14, #2298, #2249, #2798 ) ) ;
#2872 = CARTESIAN_POINT ( 'NONE',  ( -0.1882762732667717653, -0.2082604439619153702, -0.04838433565549498522 ) ) ;
#2873 = CARTESIAN_POINT ( 'NONE',  ( 0.004487427649529960628, -0.08828997818032750799, 0.2427854895154160364 ) ) ;
#2874 = CARTESIAN_POINT ( 'NONE',  ( 0.1585299788381935027, -0.4944386986092822456, 0.2433359769263705452 ) ) ;
#2875 = ORIENTED_EDGE ( 'NONE', *, *, #367, .F. ) ;
#2876 = B_SPLINE_CURVE_WITH_KNOTS ( 'NONE', 3,
 ( #294, #3076, #4447, #1340, #2452, #1457 ),
 .UNSPECIFIED., .F., .F.,
 ( 4, 1, 1, 4 ),
 ( 0.000000000000000000, 0.4382201911790540860, 0.7303667414628221000, 1.000000000000000000 ),
 .UNSPECIFIED. ) ;
#2877 = CARTESIAN_POINT ( 'NONE',  ( 0.01470446704204842608, 0.7823043668523498306, -0.1612413967197623144 ) ) ;
#2878 = DIRECTION ( 'NONE',  ( 0.000000000000000000, 1.000000000000000000, 0.000000000000000000 ) ) ;
#2879 = CARTESIAN_POINT ( 'NONE',  ( 0.2261140092783950062, 0.8872354885065378838, 0.04819804671214445585 ) ) ;
#2880 = EDGE_CURVE ( 'NONE', #3549, #1166, #2636, .T. ) ;
#2881 = ORIENTED_EDGE ( 'NONE', *, *, #765, .F. ) ;
#2882 = CARTESIAN_POINT ( 'NONE',  ( -0.1765736342786564106, 0.8992297217126489217, 0.03675442795886006003 ) ) ;
#2883 = ADVANCED_FACE ( 'NONE', ( #158 ), #4135, .T. ) ;
#2884 = CARTESIAN_POINT ( 'NONE',  ( 0.2442629786701497885, 0.8668750332093471123, -0.1269375155328138494 ) ) ;
#2885 = CARTESIAN_POINT ( 'NONE',  ( -0.03945177570200100736, -0.08933748293926273287, 0.1371351710365660836 ) ) ;
#2886 = CARTESIAN_POINT ( 'NONE',  ( -0.1341555178857143094, 0.8992297217125786446, 0.03138413194826923658 ) ) ;
#2887 = CARTESIAN_POINT ( 'NONE',  ( -0.05817301899362996298, -0.2441306636608762681, 0.1454844051451772147 ) ) ;
#2888 = CARTESIAN_POINT ( 'NONE',  ( 0.09434953078237294510, 0.8992297217125786446, 0.03302355937663874891 ) ) ;
#2889 = CARTESIAN_POINT ( 'NONE',  ( 0.1724423485816063140, 0.5152581622542462547, -0.1304600878389055585 ) ) ;
#2890 = CARTESIAN_POINT ( 'NONE',  ( 0.04668600924875015989, 0.8992297217125786446, 0.03412323859460248549 ) ) ;
#2891 = CARTESIAN_POINT ( 'NONE',  ( -0.1603526314682752751, 0.8895102515727071335, -0.1699096961981922116 ) ) ;
#2892 = CARTESIAN_POINT ( 'NONE',  ( -0.1407141577882562999, -0.4538934327588370343, -0.2819622567323564200 ) ) ;
#2893 = EDGE_LOOP ( 'NONE', ( #1021, #2048, #3273, #3574, #2315, #3668, #2527, #4136, #861, #2969 ) ) ;
#2894 = CARTESIAN_POINT ( 'NONE',  ( -0.03349163986821353245, -0.3869246787137364252, 0.04658088683116419493 ) ) ;
#2895 = CARTESIAN_POINT ( 'NONE',  ( 0.06325703349260893005, 0.8992297217125786446, -0.1391787233745990227 ) ) ;
#2896 = CARTESIAN_POINT ( 'NONE',  ( -0.2058249820164945731, -0.4944386985442950633, -0.2968726405114757161 ) ) ;
#2897 = ORIENTED_EDGE ( 'NONE', *, *, #4118, .F. ) ;
#2898 = CARTESIAN_POINT ( 'NONE',  ( 0.01818512230576212543, 0.8432145749362870424, -0.1754029251009216195 ) ) ;
#2899 = CARTESIAN_POINT ( 'NONE',  ( 0.2161849146261584365, 0.8234836690559799166, -0.08298723638467207786 ) ) ;
#2900 = CARTESIAN_POINT ( 'NONE',  ( 0.2514006448577690844, 0.8739751224072300761, 0.004742418275907046323 ) ) ;
#2901 = DATE_TIME_ROLE ( 'creation_date' ) ;
#2902 = ORIENTED_EDGE ( 'NONE', *, *, #2622, .F. ) ;
#2903 = CARTESIAN_POINT ( 'NONE',  ( -0.2207257075471961150, 0.8971412917284634636, 0.02154247778242815783 ) ) ;
#2904 = CARTESIAN_POINT ( 'NONE',  ( 0.2431444188325127542, 0.8845357768689804390, -0.1282012928012384312 ) ) ;
#2905 = CARTESIAN_POINT ( 'NONE',  ( -0.01144943717813529972, -0.1138763612445023582, 0.2100636672481897282 ) ) ;
#2906 = B_SPLINE_CURVE_WITH_KNOTS ( 'NONE', 3,
 ( #3750, #1981, #2024, #3796 ),
 .UNSPECIFIED., .F., .F.,
 ( 4, 4 ),
 ( 0.000000000000000000, 1.000000000000000000 ),
 .UNSPECIFIED. ) ;
#2907 = CARTESIAN_POINT ( 'NONE',  ( 0.1965703689072549609, 0.8992297217131925979, -0.1055158604874181644 ) ) ;
#2908 = EDGE_CURVE ( 'NONE', #3644, #1161, #791, .T. ) ;
#2909 = TOROIDAL_SURFACE ( 'NONE', #3989, 0.1087591065475158325, 0.007587844642849948459 ) ;
#2910 = CARTESIAN_POINT ( 'NONE',  ( 0.2174273053875428741, 0.8319533852971362498, -0.1181421319816514104 ) ) ;
#2911 = EDGE_CURVE ( 'NONE', #2579, #1956, #2248, .T. ) ;
#2912 = CARTESIAN_POINT ( 'NONE',  ( -0.1350906263246377248, 0.8250316695756949592, 0.06280310739188439684 ) ) ;
#2913 = CARTESIAN_POINT ( 'NONE',  ( -0.2230074996805987142, 0.8326132098626963796, -0.007874361113864369183 ) ) ;
#2914 = CARTESIAN_POINT ( 'NONE',  ( -0.2264309068521005719, 0.8971668717978137364, -0.08901902732990557565 ) ) ;
#2915 = CARTESIAN_POINT ( 'NONE',  ( 0.1696526109255378501, 0.5318786610486283539, -0.1289840732416023539 ) ) ;
#2916 = ORIENTED_EDGE ( 'NONE', *, *, #3988, .F. ) ;
#2917 = CARTESIAN_POINT ( 'NONE',  ( -0.03480458266151570390, 0.8939617273205573422, -0.1458728099150609914 ) ) ;
#2918 = CARTESIAN_POINT ( 'NONE',  ( 0.04346301416825758962, -0.1420073797226930334, 0.2144482399949232398 ) ) ;
#2919 = CARTESIAN_POINT ( 'NONE',  ( -0.1649302339234205161, -0.4944386985515868416, -0.3217576746320442438 ) ) ;
#2920 = VERTEX_POINT ( 'NONE', #2788 ) ;
#2921 = CARTESIAN_POINT ( 'NONE',  ( -0.05435060971495761506, -0.2633406671400053134, 0.1661909099509901733 ) ) ;
#2922 = CARTESIAN_POINT ( 'NONE',  ( -0.2199027433047199276, 0.8320062457803972800, -0.1059749965551095713 ) ) ;
#2923 = B_SPLINE_CURVE_WITH_KNOTS ( 'NONE', 3,
 ( #3121, #2748, #4133, #3506 ),
 .UNSPECIFIED., .F., .F.,
 ( 4, 4 ),
 ( 0.000000000000000000, 1.000000000000000000 ),
 .UNSPECIFIED. ) ;
#2924 = CARTESIAN_POINT ( 'NONE',  ( 0.2434693166356494687, 0.8735222452814449534, 0.03169056484524540585 ) ) ;
#2925 = DATE_TIME_ROLE ( 'classification_date' ) ;
#2926 = ORIENTED_EDGE ( 'NONE', *, *, #290, .T. ) ;
#2927 = CARTESIAN_POINT ( 'NONE',  ( -0.2005287209103166213, 0.8992297217126921094, 0.01747714958109768818 ) ) ;
#2928 = CARTESIAN_POINT ( 'NONE',  ( -0.05584618294649972697, -0.2463782333733909313, 0.1650969540322618501 ) ) ;
#2929 = FACE_OUTER_BOUND ( 'NONE', #4296, .T. ) ;
#2930 = B_SPLINE_SURFACE_WITH_KNOTS ( 'NONE', 3, 3, ( 
 ( #1548, #3301, #3322, #1570, #4446, #3098, #2004, #31, #975, #1410, #4471, #1314 ),
 ( #3752, #1339, #2724, #614, #1705, #3142, #2703, #3393, #3441, #3486, #2747, #10 ),
 ( #3120, #1660, #680, #4132, #1047, #2070, #3732, #4108, #1362, #333, #3462, #3818 ),
 ( #1388, #702, #1023, #3075, #996, #4065, #2383, #1748, #269, #952, #3797, #312 ),
 ( #1684, #4086, #2050, #2361, #3053, #3773, #659, #1728, #2339, #2408, #635, #2026 ),
 ( #3417, #2772, #293, #4157, #4425, #2432, #2094, #353, #3505, #1456, #746, #1069 ),
 ( #2517, #2542, #1112, #1840, #3570, #50, #1792, #95, #2867, #2154, #3206, #4200 ),
 ( #3227, #1091, #1153, #474, #1476, #3247, #2181, #3903, #2451, #4242, #3544, #3860 ),
 ( #2794, #3926, #2134, #1818, #1433, #376, #116, #1133, #724, #3840, #3523, #815 ),
 ( #769, #426, #792, #3183, #2817, #2202, #3592, #2842, #3163, #451, #70, #1498 ) ),
 .UNSPECIFIED., .F., .F., .F.,
 ( 4, 1, 1, 1, 1, 1, 1, 4 ),
 ( 4, 1, 1, 1, 1, 1, 1, 1, 1, 4 ),
 ( 0.000000000000000000, 0.01785714285714290125, 0.03571428571428569843, 0.07142857142857139685, 0.1428571428571430157, 0.2857142857142860315, 0.5714285714285709528, 1.000000000000000000 ),
 ( -1.764168684970719880, -1.517865866601340041, -1.271563048231959980, -1.148411639047270061, -1.025260229862579919, -0.9021088206778840046, -0.7789574114931930859, -0.5326545931238109155, -0.2863517747544290226, -0.04004895638504630401 ),
 .UNSPECIFIED. ) ;
#2931 = CARTESIAN_POINT ( 'NONE',  ( 0.1962433869463809655, 0.8992297217131925979, -0.1061647515259807883 ) ) ;
#2932 = CARTESIAN_POINT ( 'NONE',  ( 0.2015802771612071331, 0.8326753000204925037, -0.1394935859467431039 ) ) ;
#2933 = CARTESIAN_POINT ( 'NONE',  ( -0.1602790011985500696, 0.7362087975723387023, 0.002527973140926353252 ) ) ;
#2934 = CARTESIAN_POINT ( 'NONE',  ( 0.09530330021003013963, 0.8738963801816606036, 0.08252551536909803753 ) ) ;
#2935 = CARTESIAN_POINT ( 'NONE',  ( -0.1420919701435174320, 0.8387122493377576760, -0.1663241494866194992 ) ) ;
#2936 = CARTESIAN_POINT ( 'NONE',  ( -0.1379814384666446236, 0.8392626072508851953, -0.1669744354976765432 ) ) ;
#2937 = B_SPLINE_CURVE_WITH_KNOTS ( 'NONE', 3,
 ( #1523, #2184, #3272, #200 ),
 .UNSPECIFIED., .F., .F.,
 ( 4, 4 ),
 ( 0.000000000000000000, 1.000000000000000000 ),
 .UNSPECIFIED. ) ;
#2938 = EDGE_LOOP ( 'NONE', ( #1980, #2926, #3843, #904, #2700, #2791 ) ) ;
#2939 = EDGE_CURVE ( 'NONE', #3986, #201, #3937, .T. ) ;
#2940 = CARTESIAN_POINT ( 'NONE',  ( 0.05893100912035527383, 0.8928026037409596549, -0.1325215200232284229 ) ) ;
#2941 = EDGE_CURVE ( 'NONE', #1206, #3241, #348, .T. ) ;
#2942 = DIRECTION ( 'NONE',  ( 0.000000000000000000, 0.000000000000000000, -1.000000000000000000 ) ) ;
#2943 = CARTESIAN_POINT ( 'NONE',  ( -0.1930923583396310650, 0.8992297217126956621, 0.009977305913171172908 ) ) ;
#2944 = ORIENTED_EDGE ( 'NONE', *, *, #1101, .T. ) ;
#2945 = EDGE_CURVE ( 'NONE', #3231, #662, #2756, .T. ) ;
#2946 = CARTESIAN_POINT ( 'NONE',  ( 0.001421322026237919643, -0.8747071845238334475, -0.04838433241814063535 ) ) ;
#2947 = CARTESIAN_POINT ( 'NONE',  ( -0.09718913734013766292, -0.2700181329418411269, -0.2104355407682313439 ) ) ;
#2948 = CARTESIAN_POINT ( 'NONE',  ( 0.2393821041286393891, 0.8870505025994105397, 0.02903940512009844932 ) ) ;
#2949 = APPROVAL_STATUS ( 'not_yet_approved' ) ;
#2950 = CARTESIAN_POINT ( 'NONE',  ( 0.1245709682055658046, 0.8232215485620942852, 0.06465362982969617700 ) ) ;
#2951 = CARTESIAN_POINT ( 'NONE',  ( -0.1883273198912736868, 0.8992297217126723474, 0.03040482041641814209 ) ) ;
#2952 = CARTESIAN_POINT ( 'NONE',  ( -0.05423242546558981747, -0.1940029492894524143, 0.1521279918865069691 ) ) ;
#2953 = CARTESIAN_POINT ( 'NONE',  ( 0.07306794801596944167, 0.8992297217125786446, 0.03344050629887366372 ) ) ;
#2954 = DIRECTION ( 'NONE',  ( -8.881784197001246653E-17, -0.7071550692858419307, -0.7070584897894488519 ) ) ;
#2955 = CARTESIAN_POINT ( 'NONE',  ( -0.08568892052945090154, -0.2082604411230853103, 0.1201202093135755877 ) ) ;
#2956 = CARTESIAN_POINT ( 'NONE',  ( -0.1667766810824544421, 0.5318791160582524435, 0.03228462068038608773 ) ) ;
#2957 = CARTESIAN_POINT ( 'NONE',  ( -0.1666932046661327438, 0.5318801819489623606, 0.03245753021863521243 ) ) ;
#2958 = CARTESIAN_POINT ( 'NONE',  ( -0.2157412477036075860, 0.8319457995982626475, -0.1158236508673838455 ) ) ;
#2959 = CARTESIAN_POINT ( 'NONE',  ( -0.07840324164460468759, 0.5068152615935670458, -0.08665558979004880924 ) ) ;
#2960 = VERTEX_POINT ( 'NONE', #3047 ) ;
#2961 = CARTESIAN_POINT ( 'NONE',  ( 0.06325703349261113662, 0.8992297217125786446, -0.1391787233746023533 ) ) ;
#2962 = CARTESIAN_POINT ( 'NONE',  ( 0.05774834392362816760, -0.2555767900217503774, 0.1668410722268511004 ) ) ;
#2963 = CARTESIAN_POINT ( 'NONE',  ( 0.1342011926494746932, 0.6752965189623229003, 0.04255235594305346175 ) ) ;
#2964 = CARTESIAN_POINT ( 'NONE',  ( -0.1938388905602667633, 0.8992297217399045639, -0.1052882069824932904 ) ) ;
#2965 = ORIENTED_EDGE ( 'NONE', *, *, #4253, .T. ) ;
#2966 = CARTESIAN_POINT ( 'NONE',  ( 0.2282688813850768383, 0.8348699435059055984, -0.09036694377775396358 ) ) ;
#2967 = CARTESIAN_POINT ( 'NONE',  ( -0.09718913742033039038, -0.2082604434756939460, -0.2104355407194329897 ) ) ;
#2968 = CARTESIAN_POINT ( 'NONE',  ( 0.1557988991620134767, 0.8992297217274430876, 0.04226238889463298370 ) ) ;
#2969 = ORIENTED_EDGE ( 'NONE', *, *, #2848, .F. ) ;
#2970 = AXIS2_PLACEMENT_3D ( 'NONE', #837, #1889, #1200 ) ;
#2971 = CARTESIAN_POINT ( 'NONE',  ( -0.2015140278721843925, 0.8992297217126956621, 0.01585368067641937037 ) ) ;
#2972 = CARTESIAN_POINT ( 'NONE',  ( 0.05698093072678549892, -0.1940154413457506888, 0.1521574922185261192 ) ) ;
#2973 = CARTESIAN_POINT ( 'NONE',  ( -0.1882754889089363615, 0.5152694329765158399, -0.02012298353161715708 ) ) ;
#2974 = CARTESIAN_POINT ( 'NONE',  ( 0.06806934630992778068, 0.8927770159738427358, -0.1245004614215465266 ) ) ;
#2975 = TOROIDAL_SURFACE ( 'NONE', #865, 0.1087591065475158325, 0.007587844642849948459 ) ;
#2976 = CARTESIAN_POINT ( 'NONE',  ( -0.1351578401625570802, 0.8992297217125786446, -0.1383233668427622798 ) ) ;
#2977 = CARTESIAN_POINT ( 'NONE',  ( -0.1796032221837531029, 0.8465260888141084017, 0.06792690120948383092 ) ) ;
#2978 = CARTESIAN_POINT ( 'NONE',  ( -0.2228511754667142075, 0.8325290236969253854, -0.006084379463418716598 ) ) ;
#2979 = CARTESIAN_POINT ( 'NONE',  ( -0.2157554190793180282, 0.8319457768413792698, -0.1157940444135321656 ) ) ;
#2980 = CARTESIAN_POINT ( 'NONE',  ( -0.1075724126106434170, -0.3626793446179020775, -0.2274988660745374258 ) ) ;
#2981 = ORGANIZATION ( '未', '未', '' ) ;
#2982 = AXIS2_PLACEMENT_3D ( 'NONE', #3306, #870, #3671 ) ;
#2983 = ORIENTED_EDGE ( 'NONE', *, *, #2851, .F. ) ;
#2984 = CARTESIAN_POINT ( 'NONE',  ( 0.001420966144370290314, 0.8916233414404722835, -0.1525642586199403850 ) ) ;
#2985 = DIRECTION ( 'NONE',  ( 0.000000000000000000, -1.000000000000000000, -2.306956934286040333E-16 ) ) ;
#2986 = CARTESIAN_POINT ( 'NONE',  ( 0.001421322026237967565, -0.8747071845238335586, 0.3411250259148235209 ) ) ;
#2987 = CARTESIAN_POINT ( 'NONE',  ( -0.1969469738557566296, 0.8992297217125786446, -0.008823813700476235838 ) ) ;
#2988 = CARTESIAN_POINT ( 'NONE',  ( -0.1938299987502661581, 0.8992297217399045639, -0.1053066614390090749 ) ) ;
#2989 = ORIENTED_EDGE ( 'NONE', *, *, #1652, .F. ) ;
#2990 = EDGE_CURVE ( 'NONE', #2547, #4041, #3079, .T. ) ;
#2991 = CARTESIAN_POINT ( 'NONE',  ( 0.1505389833711939240, 0.6667000825679119114, -0.1188560165157968723 ) ) ;
#2992 = CARTESIAN_POINT ( 'NONE',  ( 0.2274587609894016815, 0.8481391408421001810, -0.1343014480895310669 ) ) ;
#2993 = ADVANCED_FACE ( 'NONE', ( #1040 ), #494, .F. ) ;
#2994 = CARTESIAN_POINT ( 'NONE',  ( -0.2236281948816151999, 0.8406717049293814803, -0.1234537808760899913 ) ) ;
#2995 = CARTESIAN_POINT ( 'NONE',  ( -0.2010588195095541209, -0.6470671012587331239, -0.3811294789080672540 ) ) ;
#2996 = CARTESIAN_POINT ( 'NONE',  ( -0.05627989097240596733, -0.2597821581118106571, 0.1496044993007361879 ) ) ;
#2997 = EDGE_CURVE ( 'NONE', #2023, #1166, #1142, .T. ) ;
#2998 = CARTESIAN_POINT ( 'NONE',  ( 0.0005052821907608842124, -0.1064877852065505975, 0.1832706979588569207 ) ) ;
#2999 = CARTESIAN_POINT ( 'NONE',  ( -0.1850802982971919142, 0.5319965555512402577, -0.02061800502624803327 ) ) ;
#3000 = CARTESIAN_POINT ( 'NONE',  ( 0.08838508231062075504, -0.2084155808945387933, 0.1202037011282707235 ) ) ;
#3001 = CARTESIAN_POINT ( 'NONE',  ( 0.1380004822313905533, 0.8992297217125786446, -0.1383233669488181106 ) ) ;
#3002 = CARTESIAN_POINT ( 'NONE',  ( -0.1678827975617845636, 0.8367267362710422152, 0.06318538386375331661 ) ) ;
#3003 = DIRECTION ( 'NONE',  ( -3.400526880387224650E-30, 4.016111115165780668E-14, -1.000000000000000000 ) ) ;
#3004 = CARTESIAN_POINT ( 'NONE',  ( -0.2011252571668611655, 0.8324882104008485273, -0.1375394926418746500 ) ) ;
#3005 = CARTESIAN_POINT ( 'NONE',  ( 0.1295787956113567951, 0.8303386446138305566, 0.06623085323037986027 ) ) ;
#3006 = VERTEX_POINT ( 'NONE', #1450 ) ;
#3007 = DIRECTION ( 'NONE',  ( -0.2207687201515551312, -0.9688099992373626623, 0.1125537986046938749 ) ) ;
#3008 = FACE_OUTER_BOUND ( 'NONE', #1844, .T. ) ;
#3009 = CARTESIAN_POINT ( 'NONE',  ( 0.001421322026237919643, -0.7321568765001595924, -0.04838433241814063535 ) ) ;
#3010 = CARTESIAN_POINT ( 'NONE',  ( 0.1852389258034698172, -0.2545787094236526826, -0.1058351733308426079 ) ) ;
#3011 = CARTESIAN_POINT ( 'NONE',  ( -0.1159139168531623520, 0.5322436210875577389, -0.1952418229457432430 ) ) ;
#3012 = CARTESIAN_POINT ( 'NONE',  ( -0.1946468225444867028, 0.8992297217391934661, -0.1035316974181836464 ) ) ;
#3013 = VERTEX_POINT ( 'NONE', #1836 ) ;
#3014 = CARTESIAN_POINT ( 'NONE',  ( 0.1724423485626707109, 0.5152581622542108386, 0.03369142304213464806 ) ) ;
#3015 = CARTESIAN_POINT ( 'NONE',  ( 0.2409974168502306557, 0.8669118892400936582, -0.1332191238086733176 ) ) ;
#3016 = CARTESIAN_POINT ( 'NONE',  ( -0.2370377652281235314, 0.8552994598936756176, -0.1259232287069424194 ) ) ;
#3017 = CARTESIAN_POINT ( 'NONE',  ( 0.1965532793845246873, 0.8992297217920935948, 0.008781902861017871001 ) ) ;
#3018 = EDGE_LOOP ( 'NONE', ( #2881, #3778, #1201, #2500 ) ) ;
#3019 = CARTESIAN_POINT ( 'NONE',  ( 0.001421322026237676565, 0.8992297217125786446, -0.04838433241813992064 ) ) ;
#3020 = CARTESIAN_POINT ( 'NONE',  ( -0.1379814384666420979, 0.8392626072508780899, 0.07020577066139058187 ) ) ;
#3021 = ADVANCED_FACE ( 'NONE', ( #742 ), #91, .T. ) ;
#3022 = CARTESIAN_POINT ( 'NONE',  ( 0.07045068623605618696, 0.8992297216879379107, 0.03045143291177071845 ) ) ;
#3023 = B_SPLINE_CURVE_WITH_KNOTS ( 'NONE', 3,
 ( #1455, #3881, #2888, #2153 ),
 .UNSPECIFIED., .F., .F.,
 ( 4, 4 ),
 ( 2.261086397171999884, 2.513954836109779656 ),
 .UNSPECIFIED. ) ;
#3024 = CARTESIAN_POINT ( 'NONE',  ( 0.06806934623157044617, 0.8916418770697283058, 0.02773179665387657047 ) ) ;
#3025 = CARTESIAN_POINT ( 'NONE',  ( 0.001421592643334185788, 0.8882872999494360045, 0.05278474973640808615 ) ) ;
#3026 = CARTESIAN_POINT ( 'NONE',  ( 0.1926511712896409600, -0.6470671018930718166, 0.3066924159217018775 ) ) ;
#3027 = CARTESIAN_POINT ( 'NONE',  ( -0.06960077854571669609, 0.5066601569435958963, 0.1315542682736939306 ) ) ;
#3028 = CARTESIAN_POINT ( 'NONE',  ( 0.1220960935293286254, 0.7981321645736754178, 0.05819969705445554586 ) ) ;
#3029 = ORIENTED_EDGE ( 'NONE', *, *, #180, .F. ) ;
#3030 = CARTESIAN_POINT ( 'NONE',  ( 0.06043435088795050258, -0.3012141943456311810, 0.1484005526936118813 ) ) ;
#3031 = CARTESIAN_POINT ( 'NONE',  ( -0.1713559237920487255, 0.8436101371625620571, 0.06760289867937359365 ) ) ;
#3032 = CARTESIAN_POINT ( 'NONE',  ( -0.2010588195095541209, -0.6470671012587331239, -0.3811294789080672540 ) ) ;
#3033 = CARTESIAN_POINT ( 'NONE',  ( 0.1911174362130264870, -0.2082604419367170279, -0.06739166670119270397 ) ) ;
#3034 = CARTESIAN_POINT ( 'NONE',  ( -0.1627367991179974605, 0.5238048211669004139, -0.1422088604424768254 ) ) ;
#3035 = ORIENTED_EDGE ( 'NONE', *, *, #4287, .T. ) ;
#3036 = CARTESIAN_POINT ( 'NONE',  ( 0.1578500169101054174, 0.6306290801752675312, -0.1074691234288023683 ) ) ;
#3037 = CARTESIAN_POINT ( 'NONE',  ( 0.1572920563896623714, 0.8567973053033517417, -0.1736365372277832164 ) ) ;
#3038 = CARTESIAN_POINT ( 'NONE',  ( -0.2370468403916267675, 0.8552994542727578864, -0.1259041837130567554 ) ) ;
#3039 = CARTESIAN_POINT ( 'NONE',  ( 0.1966935617094562883, 0.8992297217921063623, 0.008492711126275708650 ) ) ;
#3040 = FACE_OUTER_BOUND ( 'NONE', #2342, .T. ) ;
#3041 = CARTESIAN_POINT ( 'NONE',  ( 0.04812300299622732785, 0.8432222057930333081, -0.1753946638385112111 ) ) ;
#3042 = CARTESIAN_POINT ( 'NONE',  ( 0.1961696839433881290, 0.8992297217920108832, 0.009537481353649884114 ) ) ;
#3043 = EDGE_CURVE ( 'NONE', #3210, #2547, #392, .T. ) ;
#3044 = CARTESIAN_POINT ( 'NONE',  ( 0.1677832679619647716, -0.4944635771152817716, 0.2249685745712217411 ) ) ;
#3045 = CARTESIAN_POINT ( 'NONE',  ( -0.1106695359174979937, 0.8021122145792726199, 0.06129721223805000008 ) ) ;
#3046 = CARTESIAN_POINT ( 'NONE',  ( -0.2978161037539674982, -0.6470671011028404918, 0.2151977489786696118 ) ) ;
#3047 = CARTESIAN_POINT ( 'NONE',  ( -0.2230074996805987142, 0.8326132098626963796, -0.007874361113864369183 ) ) ;
#3048 = CARTESIAN_POINT ( 'NONE',  ( 0.1651457289162641395, 0.5502262149957171111, 0.03074912073660641607 ) ) ;
#3049 = VERTEX_POINT ( 'NONE', #1428 ) ;
#3050 = AXIS2_PLACEMENT_3D ( 'NONE', #4016, #1653, #3705 ) ;
#3051 = CARTESIAN_POINT ( 'NONE',  ( 0.3214304215520387142, -0.4944386986612185342, -0.04838433241814333458 ) ) ;
#3052 = CARTESIAN_POINT ( 'NONE',  ( -0.2206812663154904819, 0.8385063034417769012, 0.02662854214694371224 ) ) ;
#3053 = CARTESIAN_POINT ( 'NONE',  ( -0.1151332211232291430, 0.7714682827043300994, -0.1519099629425673392 ) ) ;
#3054 = CARTESIAN_POINT ( 'NONE',  ( 0.1041013458219953447, -0.4538934328460623724, -0.3204870011831070231 ) ) ;
#3055 = AXIS2_PLACEMENT_3D ( 'NONE', #3530, #406, #1777 ) ;
#3056 = CARTESIAN_POINT ( 'NONE',  ( 0.02958472714293241407, 0.5242506471613499475, -0.2368424630276826648 ) ) ;
#3057 = VECTOR ( 'NONE', #2597, 1000.000000000000000 ) ;
#3058 = ORIENTED_EDGE ( 'NONE', *, *, #1431, .F. ) ;
#3059 = CARTESIAN_POINT ( 'NONE',  ( 0.001421322026237919643, -0.8747071845238334475, 0.07807974496269178000 ) ) ;
#3060 = CARTESIAN_POINT ( 'NONE',  ( 0.1991418665650803443, 0.8992297217131330900, -0.09910221517213149700 ) ) ;
#3061 = CARTESIAN_POINT ( 'NONE',  ( -0.1428195581361476063, 0.8510092107383278037, -0.1721664672921580097 ) ) ;
#3062 = CARTESIAN_POINT ( 'NONE',  ( 0.1952760545332940523, 0.8992297217916814800, 0.01113231566998320113 ) ) ;
#3063 = CARTESIAN_POINT ( 'NONE',  ( 0.2181551437494115286, 0.8319473741153260438, 0.01993586184420969090 ) ) ;
#3064 = CARTESIAN_POINT ( 'NONE',  ( -0.04552945117742079884, -0.1694342226783527028, 0.1948055749843245754 ) ) ;
#3065 = CARTESIAN_POINT ( 'NONE',  ( 0.1369981599629842006, 0.8992297217125786446, 0.03138413205350200352 ) ) ;
#3066 = CARTESIAN_POINT ( 'NONE',  ( 0.08834697748204420331, -0.2084143816626122525, 0.1202233740935250428 ) ) ;
#3067 = CARTESIAN_POINT ( 'NONE',  ( 0.001421322026237906849, -0.2783167720644201260, 0.05278692948652541350 ) ) ;
#3068 = CARTESIAN_POINT ( 'NONE',  ( -0.1309623524105833769, 0.8276775009315996412, 0.06463297530109025912 ) ) ;
#3069 = CARTESIAN_POINT ( 'NONE',  ( -0.2160693368829368077, 0.8319453953946599478, 0.01836786347820512297 ) ) ;
#3070 = CARTESIAN_POINT ( 'NONE',  ( 0.1816309504337436098, 0.5319520366047519877, -0.1039228197049472252 ) ) ;
#3071 = CARTESIAN_POINT ( 'NONE',  ( 0.1446072239319743102, 0.6406805108458956122, 0.03397491299639395640 ) ) ;
#3072 = ORIENTED_EDGE ( 'NONE', *, *, #2345, .T. ) ;
#3073 = CARTESIAN_POINT ( 'NONE',  ( -0.07606485576058662212, -0.2787892303855299403, 0.1319108839113960763 ) ) ;
#3074 = CARTESIAN_POINT ( 'NONE',  ( -0.2231965586278022162, 0.8384760931745423029, 0.02168569828547900480 ) ) ;
#3075 = CARTESIAN_POINT ( 'NONE',  ( -0.1146407952334398822, 0.8002102051184217801, -0.1567284866425292522 ) ) ;
#3076 = CARTESIAN_POINT ( 'NONE',  ( 0.2535594010193250591, -0.6470670959911974940, 0.2539033056066054006 ) ) ;
#3077 = CARTESIAN_POINT ( 'NONE',  ( -0.1483087252179078053, 0.5069167354659471769, -0.1674534979978832550 ) ) ;
#3078 = ORIENTED_EDGE ( 'NONE', *, *, #2286, .F. ) ;
#3079 = B_SPLINE_CURVE_WITH_KNOTS ( 'NONE', 3,
 ( #3480, #655, #991, #1383 ),
 .UNSPECIFIED., .F., .F.,
 ( 4, 4 ),
 ( 0.000000000000000000, 1.000000000000000000 ),
 .UNSPECIFIED. ) ;
#3080 = CARTESIAN_POINT ( 'NONE',  ( -0.2246159247246561075, 0.8481392173943848034, 0.03753261210835565076 ) ) ;
#3081 = ADVANCED_FACE ( 'NONE', ( #2838 ), #2234, .T. ) ;
#3082 = CARTESIAN_POINT ( 'NONE',  ( 0.2100026814712143697, 0.8992297217125786446, -0.008451724880191788247 ) ) ;
#3083 = CARTESIAN_POINT ( 'NONE',  ( 0.1968782444428783529, 0.8992297217131925979, -0.1048781899746257240 ) ) ;
#3084 = CARTESIAN_POINT ( 'NONE',  ( -0.1591134168740067911, 0.8364973286626301574, -0.1628070369755404978 ) ) ;
#3085 = CARTESIAN_POINT ( 'NONE',  ( -0.1512748749932179004, -0.6141296669392342089, -0.4114237153012110793 ) ) ;
#3086 = CARTESIAN_POINT ( 'NONE',  ( 0.2186176241042114832, 0.8319458746736578814, 0.01898264932725351670 ) ) ;
#3087 = CARTESIAN_POINT ( 'NONE',  ( -0.05540800817485521529, -0.2269836029566134616, 0.1711338894476453210 ) ) ;
#3088 = CARTESIAN_POINT ( 'NONE',  ( 0.2403133541411164309, 0.8552982377796182201, 0.02824899335735344547 ) ) ;
#3089 = CARTESIAN_POINT ( 'NONE',  ( 0.06806934623157044617, 0.8916418770697283058, 0.02773179665387657047 ) ) ;
#3090 = DIRECTION ( 'NONE',  ( -3.748908314793959865E-14, 1.000000000000000000, 4.034362672568230254E-14 ) ) ;
#3091 = CARTESIAN_POINT ( 'NONE',  ( -0.1087132029913330383, 0.7504602185980333573, 0.05649067162602403047 ) ) ;
#3092 = CARTESIAN_POINT ( 'NONE',  ( 0.3835395875627261031, -0.5565439826127843714, 0.02083736072972475553 ) ) ;
#3093 = CARTESIAN_POINT ( 'NONE',  ( 0.1911181703268441112, 0.5152694353690524531, -0.07664568414458057533 ) ) ;
#3094 = CARTESIAN_POINT ( 'NONE',  ( 0.1570058226969531512, 0.5865754974429445712, 0.02864528344888477018 ) ) ;
#3095 = CARTESIAN_POINT ( 'NONE',  ( -0.1938080531279454399, 0.8992297217126956621, 0.008582136135152485315 ) ) ;
#3096 = ORIENTED_EDGE ( 'NONE', *, *, #2911, .F. ) ;
#3097 = CARTESIAN_POINT ( 'NONE',  ( -0.08338539058198317366, -0.2684021671128931086, 0.1266455833442592660 ) ) ;
#3098 = CARTESIAN_POINT ( 'NONE',  ( -0.1087302183216424523, 0.7503752088292663380, -0.1532494627848270674 ) ) ;
#3099 = DIRECTION ( 'NONE',  ( 0.000000000000000000, -1.000000000000000000, -2.220446049250309876E-16 ) ) ;
#3100 = CARTESIAN_POINT ( 'NONE',  ( -0.2310779062584607524, 0.8432145750232216130, 0.06339640719917241651 ) ) ;
#3101 = ORIENTED_EDGE ( 'NONE', *, *, #1322, .T. ) ;
#3102 = CARTESIAN_POINT ( 'NONE',  ( -0.2388932723870688390, 0.8491202598244886879, -0.005120781280239010413 ) ) ;
#3103 = CARTESIAN_POINT ( 'NONE',  ( 0.1258412307111914652, 0.7899886167487872868, -0.1524604960149365529 ) ) ;
#3104 = CARTESIAN_POINT ( 'NONE',  ( 0.2043566686264861876, 0.8992297217131907106, -0.1126223325777346990 ) ) ;
#3105 = CARTESIAN_POINT ( 'NONE',  ( -0.2182352165373582509, 0.8743690272287131249, -0.1570481616965245519 ) ) ;
#3106 = CARTESIAN_POINT ( 'NONE',  ( -0.03808438531650521625, -0.6470671015213125266, -0.4491876681777021152 ) ) ;
#3107 = CARTESIAN_POINT ( 'NONE',  ( 0.2199010561988745671, 0.8319487678104395822, 0.01621623262549744260 ) ) ;
#3108 = ADVANCED_FACE ( 'NONE', ( #4406 ), #1546, .F. ) ;
#3109 = CARTESIAN_POINT ( 'NONE',  ( 0.3238760955094789895, -0.4965673251819459066, 0.01520489720805649585 ) ) ;
#3110 = CARTESIAN_POINT ( 'NONE',  ( 0.2368242073050611796, 0.8553505024898019338, 0.03494239649786773372 ) ) ;
#3111 = CARTESIAN_POINT ( 'NONE',  ( 0.1307348815175355394, 0.7006431350750921272, 0.01357022662753271797 ) ) ;
#3112 = CARTESIAN_POINT ( 'NONE',  ( 0.1637821790536721500, 0.5320262519862107853, 0.04430443049916688025 ) ) ;
#3113 = CARTESIAN_POINT ( 'NONE',  ( 0.001421322026237919643, -0.8747071845238334475, -0.04838433241814063535 ) ) ;
#3114 = CARTESIAN_POINT ( 'NONE',  ( 0.3431950754001537041, -0.5106568049581978741, -0.1267045430149264795 ) ) ;
#3115 = CARTESIAN_POINT ( 'NONE',  ( -0.1705930353992388127, 0.7526524331058769279, -0.06499702869687019879 ) ) ;
#3116 = CARTESIAN_POINT ( 'NONE',  ( 0.2281759937947147876, 0.8347842831094013372, -0.006458110764521400593 ) ) ;
#3117 = CARTESIAN_POINT ( 'NONE',  ( 0.1201383336231904575, 0.5239769461972242359, 0.1001247371487381660 ) ) ;
#3118 = ORIENTED_EDGE ( 'NONE', *, *, #2099, .T. ) ;
#3119 = CARTESIAN_POINT ( 'NONE',  ( 0.2038984873544816834, -0.6470671014949533895, 0.2843280375010086569 ) ) ;
#3120 = CARTESIAN_POINT ( 'NONE',  ( -0.1634109227326482061, 0.8586569375747936661, -0.1749650653841254289 ) ) ;
#3121 = CARTESIAN_POINT ( 'NONE',  ( -0.1696313122577155497, 0.5068152615935670458, -0.1303941696434443021 ) ) ;
#3122 = CARTESIAN_POINT ( 'NONE',  ( 0.1408240805099094939, 0.8392626072388108538, -0.1669744355875841801 ) ) ;
#3123 = ORIENTED_EDGE ( 'NONE', *, *, #3412, .T. ) ;
#3124 = CARTESIAN_POINT ( 'NONE',  ( -0.1748140840646799365, 0.8722897108699418922, 0.07853065057125077630 ) ) ;
#3125 = CARTESIAN_POINT ( 'NONE',  ( 0.2366277756156704160, 0.8420405852104534405, -0.06201695811481617443 ) ) ;
#3126 = CARTESIAN_POINT ( 'NONE',  ( 0.2292378154793581757, 0.8971585914910018555, -0.08901772581109118621 ) ) ;
#3127 = CARTESIAN_POINT ( 'NONE',  ( -0.1456498032706380896, -0.5565439823676513464, -0.3980214195845482861 ) ) ;
#3128 = CC_DESIGN_SECURITY_CLASSIFICATION ( #4348, ( #2176 ) ) ;
#3129 = CARTESIAN_POINT ( 'NONE',  ( 0.2133677405915781478, 0.8320510990002504270, 0.02829831831237049691 ) ) ;
#3130 = CARTESIAN_POINT ( 'NONE',  ( 0.08707499659298255368, -0.3779926166354702910, 0.1649252696414832964 ) ) ;
#3131 = CARTESIAN_POINT ( 'NONE',  ( 0.1462083114330790246, 0.8660017771837243972, 0.07983584620541453458 ) ) ;
#3132 = B_SPLINE_CURVE_WITH_KNOTS ( 'NONE', 3,
 ( #3257, #2899, #2620, #4005, #1532, #3238, #2256, #145, #4319, #891, #486 ),
 .UNSPECIFIED., .F., .F.,
 ( 4, 1, 1, 1, 1, 1, 1, 1, 4 ),
 ( 0.000000000000000000, 0.1334218142432224696, 0.2778515118693523633, 0.4222812094954805362, 0.5667109071216132055, 0.6389257559346768200, 0.7111406047477403236, 0.8555703023738731039, 1.000000000000000000 ),
 .UNSPECIFIED. ) ;
#3133 = CARTESIAN_POINT ( 'NONE',  ( -0.07022530409515843897, 0.8992297217125786446, 0.03344050624613655043 ) ) ;
#3134 = CARTESIAN_POINT ( 'NONE',  ( 0.05863354890943667935, -0.1180695684274490204, 0.1328956934890133390 ) ) ;
#3135 = CARTESIAN_POINT ( 'NONE',  ( -0.03808763300006458991, -0.6141296670735753027, -0.4491903550464906303 ) ) ;
#3136 = CARTESIAN_POINT ( 'NONE',  ( 0.001358294415303849595, -0.003896314204935377376, 0.4076456094562680432 ) ) ;
#3137 = CARTESIAN_POINT ( 'NONE',  ( 0.1561868300077080274, 0.7156388143321205098, 0.01244275026542313728 ) ) ;
#3138 = CARTESIAN_POINT ( 'NONE',  ( 0.001421322026237905331, -0.4124612200131084205, 0.05278692948652531636 ) ) ;
#3139 = ADVANCED_FACE ( 'NONE', ( #1961 ), #853, .T. ) ;
#3140 = ORIENTED_EDGE ( 'NONE', *, *, #2997, .T. ) ;
#3141 = CARTESIAN_POINT ( 'NONE',  ( 0.1412656659187121744, 0.8886908920954290636, -0.1714552053747709359 ) ) ;
#3142 = CARTESIAN_POINT ( 'NONE',  ( -0.1092996542318373093, 0.7502409775139426973, -0.1529799517148474064 ) ) ;
#3143 = DIRECTION ( 'NONE',  ( -1.000000000000000000, 0.000000000000000000, 0.000000000000000000 ) ) ;
#3144 = CARTESIAN_POINT ( 'NONE',  ( -0.2493786524666732063, 0.8619060811420197199, -0.02076805091840360981 ) ) ;
#3145 = EDGE_LOOP ( 'NONE', ( #1311, #3058, #1276, #1419, #4026, #1535 ) ) ;
#3146 = CARTESIAN_POINT ( 'NONE',  ( -0.1544494549199676714, 0.8567972923231899074, 0.07686791414640968545 ) ) ;
#3147 = CARTESIAN_POINT ( 'NONE',  ( 0.1695358449950646329, 0.5318801819366828498, -0.1292261949702179225 ) ) ;
#3148 = CARTESIAN_POINT ( 'NONE',  ( 0.2201166542946369487, 0.8971422177886637650, -0.1244995615567524305 ) ) ;
#3149 = CARTESIAN_POINT ( 'NONE',  ( 0.1392190959991256027, -0.5106568049229529560, -0.3752287912957530391 ) ) ;
#3150 = B_SPLINE_CURVE_WITH_KNOTS ( 'NONE', 3,
 ( #1262, #2714, #4098, #2650 ),
 .UNSPECIFIED., .F., .F.,
 ( 4, 4 ),
 ( 0.003156798675815664871, 0.003158350059252845125 ),
 .UNSPECIFIED. ) ;
#3151 = CARTESIAN_POINT ( 'NONE',  ( 0.06841150212138827347, 0.8950429836181427179, 0.02812255965367414443 ) ) ;
#3152 = CARTESIAN_POINT ( 'NONE',  ( -0.1653540149930310121, -0.4951482407252139062, -0.3224540946352806303 ) ) ;
#3153 = CARTESIAN_POINT ( 'NONE',  ( 0.2181551437494115286, 0.8319473741153260438, 0.01993586184420969090 ) ) ;
#3154 = CARTESIAN_POINT ( 'NONE',  ( 0.1816490981285053541, 0.5318786610462613584, -0.1039283635511055320 ) ) ;
#3155 = CARTESIAN_POINT ( 'NONE',  ( -0.2388507068898596264, 0.8845421671841227074, 0.03424125849687019441 ) ) ;
#3156 = CARTESIAN_POINT ( 'NONE',  ( 0.2302988632652735179, 0.8385762397936601387, -0.1081655409906208259 ) ) ;
#3157 = CARTESIAN_POINT ( 'NONE',  ( -0.08334490569338565136, -0.1848298484339896686, 0.1213616955494437044 ) ) ;
#3158 = CARTESIAN_POINT ( 'NONE',  ( 0.1540685980075319483, -0.5565439825064755208, -0.4104488107609479131 ) ) ;
#3159 = DIRECTION ( 'NONE',  ( 1.000000000000000000, 0.000000000000000000, 0.000000000000000000 ) ) ;
#3160 = CARTESIAN_POINT ( 'NONE',  ( 0.1817325789199470132, 0.7760710379522636204, -0.01408814793019490252 ) ) ;
#3161 = CARTESIAN_POINT ( 'NONE',  ( 0.01288882910679425668, -0.4105752234031589953, 0.05213492203959936566 ) ) ;
#3162 = CARTESIAN_POINT ( 'NONE',  ( -0.09249008909408261425, 0.8738954331171739920, -0.1792915274267707915 ) ) ;
#3163 = CARTESIAN_POINT ( 'NONE',  ( -0.1547182018353889243, 0.6394319871661902077, -0.1048950800124360955 ) ) ;
#3164 = DIRECTION ( 'NONE',  ( 0.000000000000000000, -0.7070584897894490739, 0.7071550692858415976 ) ) ;
#3165 = CARTESIAN_POINT ( 'NONE',  ( -0.2330059668937177197, 0.8418640594944269973, -0.08925857383045045224 ) ) ;
#3166 = ORIENTED_EDGE ( 'NONE', *, *, #2314, .T. ) ;
#3167 = CARTESIAN_POINT ( 'NONE',  ( -0.03651645787660002390, -0.3630600738843668962, 0.04540452135152771296 ) ) ;
#3168 = CARTESIAN_POINT ( 'NONE',  ( -0.02466496545390131287, -0.2900513831379321061, 0.04951432311601726421 ) ) ;
#3169 = CARTESIAN_POINT ( 'NONE',  ( -0.1240354858303525237, -0.4944386985588813399, -0.3466427087526099959 ) ) ;
#3170 = CARTESIAN_POINT ( 'NONE',  ( 0.1028965536965772698, 0.5318801819401198783, -0.2075482017694100789 ) ) ;
#3171 = CARTESIAN_POINT ( 'NONE',  ( 0.3222456462552992229, -0.4951482408789924516, 0.01488333920478867624 ) ) ;
#3172 = CARTESIAN_POINT ( 'NONE',  ( 0.1413657480680844403, 0.8517196332607005482, 0.07570207470744708123 ) ) ;
#3173 = CARTESIAN_POINT ( 'NONE',  ( 0.1816490981284873685, 0.5318786610462613584, 0.007159698714897946327 ) ) ;
#3174 = CARTESIAN_POINT ( 'NONE',  ( -0.2404845279422994642, 0.8845355746739491654, 0.03105588554127878056 ) ) ;
#3175 = CARTESIAN_POINT ( 'NONE',  ( -0.1666932046661327438, 0.5318801819489623606, 0.03245753021863521243 ) ) ;
#3176 = CARTESIAN_POINT ( 'NONE',  ( -0.1668099706378884106, 0.5318786610624794964, 0.03221540840347347778 ) ) ;
#3177 = CARTESIAN_POINT ( 'NONE',  ( -0.03103537088735888738, -0.4944386985754710695, -0.3776722227436135060 ) ) ;
#3178 = CARTESIAN_POINT ( 'NONE',  ( 0.09135129485548530714, 0.5318801819401298703, 0.1207937118622897654 ) ) ;
#3179 = CARTESIAN_POINT ( 'NONE',  ( 0.1575120122372737075, 0.5865491092572441278, 0.02765096613015154831 ) ) ;
#3180 = CARTESIAN_POINT ( 'NONE',  ( -0.02674208685788743989, 0.5242506471625235642, 0.1400737981912860419 ) ) ;
#3181 = CARTESIAN_POINT ( 'NONE',  ( 0.09363186221339733772, 0.8974806622892068653, -0.1561861888044431546 ) ) ;
#3182 = EDGE_CURVE ( 'NONE', #3684, #3296, #1524, .T. ) ;
#3183 = CARTESIAN_POINT ( 'NONE',  ( -0.1800558990491547828, 0.7772785411957802149, -0.06439782761161966240 ) ) ;
#3184 = CARTESIAN_POINT ( 'NONE',  ( 0.08729259827003728323, -0.2489772253072886077, 0.1226653218974244758 ) ) ;
#3185 = CARTESIAN_POINT ( 'NONE',  ( -0.2208450588433891471, 0.8971496458648097194, -0.1181758821632937356 ) ) ;
#3186 = CARTESIAN_POINT ( 'NONE',  ( -0.2235716761849138590, 0.8326795343590954745, -0.07537902243363413246 ) ) ;
#3187 = ORIENTED_EDGE ( 'NONE', *, *, #1041, .F. ) ;
#3188 = AXIS2_PLACEMENT_3D ( 'NONE', #221, #4378, #4038 ) ;
#3189 = CARTESIAN_POINT ( 'NONE',  ( -0.1882169449487599566, -0.2082604439616218273, -0.07551353097554668048 ) ) ;
#3190 = CARTESIAN_POINT ( 'NONE',  ( -0.06522670227274394994, 0.8956148632341575100, -0.1245004614081566818 ) ) ;
#3191 = FACE_OUTER_BOUND ( 'NONE', #978, .T. ) ;
#3192 = ORIENTED_EDGE ( 'NONE', *, *, #425, .T. ) ;
#3193 = AXIS2_PLACEMENT_3D ( 'NONE', #59, #1186, #732 ) ;
#3194 = CARTESIAN_POINT ( 'NONE',  ( 0.1283004298388880082, 0.7108084544193078447, -0.1093967936337539859 ) ) ;
#3195 = CARTESIAN_POINT ( 'NONE',  ( -0.07086712745678726277, -0.4958577829064667042, 0.2851533592447747512 ) ) ;
#3196 = CIRCLE ( 'NONE', #800, 0.3642165428567976648 ) ;
#3197 = CARTESIAN_POINT ( 'NONE',  ( 0.2363549836384165326, 0.8870663618233476377, 0.03467477470394548372 ) ) ;
#3198 = AXIS2_PLACEMENT_3D ( 'NONE', #2251, #907, #3372 ) ;
#3199 = CARTESIAN_POINT ( 'NONE',  ( 0.001358294415303849378, -0.04413418900941311340, 0.4478889804873531499 ) ) ;
#3200 = CARTESIAN_POINT ( 'NONE',  ( -0.01322112924065809401, -0.04831453293430976875, 0.1409211868496113851 ) ) ;
#3201 = CARTESIAN_POINT ( 'NONE',  ( -0.08569208653913526486, -0.2082604434142603100, 0.1201264115389192727 ) ) ;
#3202 = CARTESIAN_POINT ( 'NONE',  ( 0.08539874420932518084, 0.8432145749145357749, 0.07665214028061163865 ) ) ;
#3203 = CARTESIAN_POINT ( 'NONE',  ( 0.2491845514989048105, -0.4944826820499645392, -0.2588394135167835786 ) ) ;
#3204 = CARTESIAN_POINT ( 'NONE',  ( 0.02979872787507955104, 0.5153475350445962944, 0.1413343006636855748 ) ) ;
#3205 = CARTESIAN_POINT ( 'NONE',  ( -0.2235716940679459419, 0.8326795364614181238, -0.02139007080456234097 ) ) ;
#3206 = CARTESIAN_POINT ( 'NONE',  ( -0.1624241074435152088, 0.5502284980358600475, -0.1272191774722413737 ) ) ;
#3207 = CARTESIAN_POINT ( 'NONE',  ( -0.1384230238765368215, 0.8886908921001612782, 0.07468654042156436246 ) ) ;
#3208 = CARTESIAN_POINT ( 'NONE',  ( -0.2354500216917441713, 0.8870534193558624603, -0.1279787535213333660 ) ) ;
#3209 = CARTESIAN_POINT ( 'NONE',  ( 0.2110916568153042849, -0.3626793443075641554, -0.04838433241814270314 ) ) ;
#3210 = VERTEX_POINT ( 'NONE', #3507 ) ;
#3211 = CARTESIAN_POINT ( 'NONE',  ( -0.02897288350177883859, -0.3957103671746670659, 0.04811342147127985192 ) ) ;
#3212 = DIRECTION ( 'NONE',  ( 0.000000000000000000, 2.220446049250309876E-16, -1.000000000000000000 ) ) ;
#3213 = EDGE_CURVE ( 'NONE', #3596, #1255, #491, .T. ) ;
#3214 = CARTESIAN_POINT ( 'NONE',  ( -0.1971474964803431040, 0.8992297217148826904, -0.09361291573694886792 ) ) ;
#3215 = VERTEX_POINT ( 'NONE', #682 ) ;
#3216 = CARTESIAN_POINT ( 'NONE',  ( 0.04253353363775973922, 0.7108084544233218560, -0.1829943250088516271 ) ) ;
#3217 = CARTESIAN_POINT ( 'NONE',  ( -0.3096235351474781461, -0.4965673249828974067, -0.1907802569069053655 ) ) ;
#3218 = CARTESIAN_POINT ( 'NONE',  ( 0.2456133128308473634, 0.8735263520473071086, 0.02706237326026160808 ) ) ;
#3219 = APPROVAL_STATUS ( 'not_yet_approved' ) ;
#3220 = ORIENTED_EDGE ( 'NONE', *, *, #3956, .T. ) ;
#3221 = CARTESIAN_POINT ( 'NONE',  ( -0.2487360419211255280, 0.8674497565673606747, 0.004779147396851691348 ) ) ;
#3222 = CARTESIAN_POINT ( 'NONE',  ( 0.1885387490639279795, 0.8337272837481515264, -0.1498643146095731127 ) ) ;
#3223 = FACE_OUTER_BOUND ( 'NONE', #351, .T. ) ;
#3224 = CARTESIAN_POINT ( 'NONE',  ( 0.2003612522359840831, 0.8992297217125786446, -0.06157949818824166172 ) ) ;
#3225 = CARTESIAN_POINT ( 'NONE',  ( -0.1611419323468513132, 0.7738341306993098412, -0.07332343244426521578 ) ) ;
#3226 = DIRECTION ( 'NONE',  ( -3.748908314793959865E-14, 1.000000000000000000, 4.034362672568230254E-14 ) ) ;
#3227 = CARTESIAN_POINT ( 'NONE',  ( -0.2093355553726211071, 0.8309314434204839728, -0.1316536622408578383 ) ) ;
#3228 = CARTESIAN_POINT ( 'NONE',  ( 0.09491628584772825172, 0.8414433658427284968, 0.07570158285538400311 ) ) ;
#3229 = CARTESIAN_POINT ( 'NONE',  ( -0.2335119548875789208, 0.8870666042085557645, -0.1314395480517864256 ) ) ;
#3230 = CARTESIAN_POINT ( 'NONE',  ( 0.1879229819916739819, 0.5319965542228199951, -0.07615066263195489904 ) ) ;
#3231 = VERTEX_POINT ( 'NONE', #2411 ) ;
#3232 = DIRECTION ( 'NONE',  ( 1.000000000000000000, 0.000000000000000000, 0.000000000000000000 ) ) ;
#3233 = CARTESIAN_POINT ( 'NONE',  ( -0.03770956197670247839, 0.8977482230108001504, -0.1538156341822711770 ) ) ;
#3234 = B_SPLINE_CURVE_WITH_KNOTS ( 'NONE', 3,
 ( #1776, #3529, #1824, #100, #2160, #433, #3167, #78, #3931, #4184, #2894, #479, #3211, #35, #121, #3552, #3844, #819, #1481, #1096, #2118, #750 ),
 .UNSPECIFIED., .F., .F.,
 ( 4, 3, 3, 3, 3, 3, 3, 4 ),
 ( 3.072757222551676097E-19, 1.918446366620421117E-05, 4.755489930849782730E-05, 6.675586785244045848E-05, 8.161452405048775962E-05, 9.664807242408489092E-05, 0.0001093557842515952233, 0.0001179527942896464097 ),
 .UNSPECIFIED. ) ;
#3235 = CARTESIAN_POINT ( 'NONE',  ( -0.2762496401444379246, -0.4944386985317319461, -0.2284490804374566530 ) ) ;
#3236 = ORIENTED_EDGE ( 'NONE', *, *, #434, .F. ) ;
#3237 = CARTESIAN_POINT ( 'NONE',  ( -0.1465354354552871607, 0.5318801819402918518, -0.1678886448898319339 ) ) ;
#3238 = CARTESIAN_POINT ( 'NONE',  ( 0.1618513403101074499, 0.6967690360668427063, -0.08146232829689999122 ) ) ;
#3239 = CARTESIAN_POINT ( 'NONE',  ( 0.2447582431916866530, 0.8870934793284205311, 0.01556451888211454401 ) ) ;
#3240 = PERSON_AND_ORGANIZATION ( #1872, #2981 ) ;
#3241 = VERTEX_POINT ( 'NONE', #356 ) ;
#3242 = CARTESIAN_POINT ( 'NONE',  ( 0.2515788995565755859, 0.8674497281055069120, -0.1015478777254060910 ) ) ;
#3243 = CARTESIAN_POINT ( 'NONE',  ( -0.05065142130375647339, -0.1967611832919507198, 0.1708506328154083820 ) ) ;
#3244 = CARTESIAN_POINT ( 'NONE',  ( -0.2230074996805987142, 0.8326132098626963796, -0.007874361113864369183 ) ) ;
#3245 = CARTESIAN_POINT ( 'NONE',  ( 0.07306794813120426335, 0.8992297217125786446, -0.1302091710968015237 ) ) ;
#3246 = CARTESIAN_POINT ( 'NONE',  ( 0.09172935438771726013, 0.8992297217125786446, -0.1302192528604498023 ) ) ;
#3247 = CARTESIAN_POINT ( 'NONE',  ( -0.1568771732578612410, 0.7375381124437900837, -0.1092995433232512581 ) ) ;
#3248 = B_SPLINE_SURFACE_WITH_KNOTS ( 'NONE', 3, 3, ( 
 ( #4191, #365, #3808, #1445 ),
 ( #2808, #2760, #1760, #3154 ),
 ( #1352, #3453, #387, #1011 ),
 ( #1783, #41, #1376, #2125 ),
 ( #736, #4213, #2465, #3173 ),
 ( #414, #1719, #3111, #62 ) ),
 .UNSPECIFIED., .F., .F., .F.,
 ( 4, 2, 4 ),
 ( 4, 4 ),
 ( 0.0008168984538702999971, 0.5000000000000000000, 0.9991831015468279897 ),
 ( 0.2740270840891749771, 0.9833528381999599999 ),
 .UNSPECIFIED. ) ;
#3249 = CARTESIAN_POINT ( 'NONE',  ( -0.1367769196697057321, 0.8974153697600562030, 0.05798351132048030349 ) ) ;
#3250 = CARTESIAN_POINT ( 'NONE',  ( -0.1856837643299568130, 0.8884291166532528594, -0.1679389802720800962 ) ) ;
#3251 = CARTESIAN_POINT ( 'NONE',  ( 0.1911180236103718899, 0.5067861851746521262, -0.07665534759403286325 ) ) ;
#3252 = ORIENTED_EDGE ( 'NONE', *, *, #3925, .T. ) ;
#3253 = CARTESIAN_POINT ( 'NONE',  ( -0.05242091898912303732, -0.2728220219227878718, 0.1668112237963764732 ) ) ;
#3254 = CARTESIAN_POINT ( 'NONE',  ( 0.05774834392362816760, -0.2555767900217503774, 0.1668410722268511004 ) ) ;
#3255 = CARTESIAN_POINT ( 'NONE',  ( -0.08495434576795952986, -0.2004598583952381663, 0.1205084706179858633 ) ) ;
#3256 = CARTESIAN_POINT ( 'NONE',  ( -0.03212814944904700265, 0.8432145749525860046, -0.1754233758452687364 ) ) ;
#3257 = CARTESIAN_POINT ( 'NONE',  ( 0.2258501420219475309, 0.8326132097312243241, -0.08889430407463363992 ) ) ;
#3258 = CARTESIAN_POINT ( 'NONE',  ( 0.2375259037001030415, 0.8870574230000609628, 0.03263319027720372467 ) ) ;
#3259 = SECURITY_CLASSIFICATION_LEVEL ( 'unclassified' ) ;
#3260 = ORIENTED_EDGE ( 'NONE', *, *, #2792, .F. ) ;
#3261 = CARTESIAN_POINT ( 'NONE',  ( 0.06806934623204773105, 0.8927770159740695544, 0.02773179665345852293 ) ) ;
#3262 = CARTESIAN_POINT ( 'NONE',  ( -0.1926038503592347739, 0.8992297217126956621, 0.01084524489725678317 ) ) ;
#3263 = CARTESIAN_POINT ( 'NONE',  ( 0.04511179606727746400, -0.1683970940774500991, 0.1818779829870642573 ) ) ;
#3264 = CARTESIAN_POINT ( 'NONE',  ( -0.1666932046661327438, 0.5318801819489623606, 0.03245753021863521243 ) ) ;
#3265 = CARTESIAN_POINT ( 'NONE',  ( -0.2238510469948963022, 0.8327134367261255221, -0.08381761471546668452 ) ) ;
#3266 = AXIS2_PLACEMENT_3D ( 'NONE', #4260, #852, #1558 ) ;
#3267 = EDGE_CURVE ( 'NONE', #3579, #3013, #3958, .T. ) ;
#3268 = FACE_OUTER_BOUND ( 'NONE', #3617, .T. ) ;
#3269 = CARTESIAN_POINT ( 'NONE',  ( -0.1514619851216867652, 0.6399501743743860604, 0.01589367613506251220 ) ) ;
#3270 = CARTESIAN_POINT ( 'NONE',  ( -0.09236803960956797843, 0.8545320248926292495, 0.07975057476826342973 ) ) ;
#3271 = CARTESIAN_POINT ( 'NONE',  ( -0.2095185775185901544, 0.8320572655397704409, -0.1270874258585108496 ) ) ;
#3272 = CARTESIAN_POINT ( 'NONE',  ( -0.06522670227273495713, 0.8956148632341492943, 0.02773179657188430680 ) ) ;
#3273 = ORIENTED_EDGE ( 'NONE', *, *, #4231, .T. ) ;
#3274 = CARTESIAN_POINT ( 'NONE',  ( 0.05921774985631839128, 0.8951207044211717534, -0.1330270305369513073 ) ) ;
#3275 = CARTESIAN_POINT ( 'NONE',  ( 0.1997896165330362017, 0.8992297217125786446, -0.008823813342993895234 ) ) ;
#3276 = CARTESIAN_POINT ( 'NONE',  ( -0.1905182033364384853, 0.8992297217126921094, 0.01399698691604294234 ) ) ;
#3277 = ORIENTED_EDGE ( 'NONE', *, *, #2733, .T. ) ;
#3278 = DIRECTION ( 'NONE',  ( 0.000000000000000000, 0.7071550692858420417, 0.7070584897894487408 ) ) ;
#3279 = B_SPLINE_CURVE_WITH_KNOTS ( 'NONE', 3,
 ( #2955, #557, #1196, #3339, #517, #880 ),
 .UNSPECIFIED., .F., .F.,
 ( 4, 2, 4 ),
 ( 0.000000000000000000, 0.007750410499380882244, 1.000000000000000000 ),
 .UNSPECIFIED. ) ;
#3280 = CARTESIAN_POINT ( 'NONE',  ( -0.04121285565981047672, -0.2082604431768924902, 0.1483290440058759319 ) ) ;
#3281 = CARTESIAN_POINT ( 'NONE',  ( 0.2240326695997310047, 0.8971495829065103678, 0.02068597889722039243 ) ) ;
#3282 = PERSON_AND_ORGANIZATION_ROLE ( 'creator' ) ;
#3283 = VERTEX_POINT ( 'NONE', #2797 ) ;
#3284 = CARTESIAN_POINT ( 'NONE',  ( -0.2205862890533355769, 0.8971413073233557300, 0.02182967244750352864 ) ) ;
#3285 = CARTESIAN_POINT ( 'NONE',  ( -0.01823115567335508239, -0.1217921924317773713, 0.2049338941058837515 ) ) ;
#3286 = CARTESIAN_POINT ( 'NONE',  ( 0.2003612551602226566, 0.8992297217125786446, -0.03518911249524786511 ) ) ;
#3287 = B_SPLINE_SURFACE_WITH_KNOTS ( 'NONE', 3, 3, ( 
 ( #2866, #1770, #2793, #701, #115, #1432 ),
 ( #2541, #4241, #2113, #2093, #1132, #1497 ),
 ( #745, #3162, #2516, #397, #1068, #790 ),
 ( #2179, #3569, #4263, #1152, #3485, #3141 ),
 ( #3504, #30, #2133, #1791, #3181, #3290 ),
 ( #2976, #1929, #2630, #1264, #1608, #3001 ),
 ( #174, #1243, #134, #3679, #3246, #3610 ) ),
 .UNSPECIFIED., .F., .F., .F.,
 ( 4, 1, 1, 1, 4 ),
 ( 4, 2, 4 ),
 ( 0.000000000000000000, 0.2857142857142860315, 0.5714285714285709528, 0.7857142857142859205, 1.000000000000000000 ),
 ( 0.1997222397788940007, 0.7361462211224670815, 1.272516340498699883 ),
 .UNSPECIFIED. ) ;
#3288 = CARTESIAN_POINT ( 'NONE',  ( -0.1278922412078692394, 0.7006431350619628518, -0.1103388914657076475 ) ) ;
#3289 = B_SPLINE_CURVE_WITH_KNOTS ( 'NONE', 3,
 ( #102, #2873, #1159, #1869, #2208, #457, #2918, #1139, #2550, #2119, #3932, #3254 ),
 .UNSPECIFIED., .F., .F.,
 ( 4, 1, 1, 1, 1, 1, 1, 1, 1, 4 ),
 ( 0.000000000000000000, 0.07145437677902746754, 0.1428809631806409464, 0.2143075495822544252, 0.2857341359838678763, 0.4285873087870946119, 0.5714404815903193491, 0.7142936543935463067, 0.8571468271967732644, 1.000000000000000000 ),
 .UNSPECIFIED. ) ;
#3290 = CARTESIAN_POINT ( 'NONE',  ( 0.1396195617252818655, 0.8974153697595773638, -0.1547521762677777357 ) ) ;
#3291 = CARTESIAN_POINT ( 'NONE',  ( -0.1563592152299250193, 0.5864915368811483010, 0.02421380570321544218 ) ) ;
#3292 = CARTESIAN_POINT ( 'NONE',  ( 0.1412656659187090935, 0.8886908920954181834, 0.07468654053849514696 ) ) ;
#3293 = CARTESIAN_POINT ( 'NONE',  ( -0.2149500845377408376, 0.8319497279350259733, -0.1174309380006960946 ) ) ;
#3294 = ADVANCED_FACE ( 'NONE', ( #727 ), #3991, .T. ) ;
#3295 = DIRECTION ( 'NONE',  ( 0.000000000000000000, -1.000000000000000000, -2.220446049250309876E-16 ) ) ;
#3296 = VERTEX_POINT ( 'NONE', #3122 ) ;
#3297 = EDGE_CURVE ( 'NONE', #335, #4041, #2937, .T. ) ;
#3298 = CC_DESIGN_PERSON_AND_ORGANIZATION_ASSIGNMENT ( #1921, #2167, ( #2176 ) ) ;
#3299 = CARTESIAN_POINT ( 'NONE',  ( 0.2503284251208016675, 0.8850944996260944331, -0.08978611145913840963 ) ) ;
#3300 = B_SPLINE_CURVE_WITH_KNOTS ( 'NONE', 3,
 ( #198, #1331, #4377, #946, #3681 ),
 .UNSPECIFIED., .F., .F.,
 ( 4, 1, 4 ),
 ( 0.000000000000000000, 0.5714285714285709528, 1.000000000000000000 ),
 .UNSPECIFIED. ) ;
#3301 = CARTESIAN_POINT ( 'NONE',  ( -0.1492240983084248129, 0.8500392725293720586, -0.1707867450248090890 ) ) ;
#3302 = B_SPLINE_SURFACE_WITH_KNOTS ( 'NONE', 3, 3, ( 
 ( #565, #3348, #3663, #225, #3416, #292, #1638, #1615, #4107, #1937, #4382, #1683, #634, #1659, #1313, #1271, #2660, #4043, #2317, #2702, #974 ),
 ( #1982, #3371, #247, #3031, #3731, #4403, #1292, #613, #2003, #3052, #4424, #4085, #2360, #3751, #2025, #3074, #1437, #706, #2456, #1711, #3509 ),
 ( #358, #2776, #3146, #380, #2413, #4205, #685, #3080, #2075, #1095, #2478, #4112, #1343, #2030, #2387, #3864, #3779, #1392, #316, #3102, #1366 ),
 ( #4161, #1415, #336, #3124, #15, #1051, #1400, #2784, #1082, #2466, #3831, #760, #415, #4192, #4234, #2834, #1104, #3895, #3221, #4169, #1762 ),
 ( #1424, #714, #1035, #1833, #2487, #2509, #737, #1807, #2859, #1060, #3155, #3873, #1126, #3516, #3174, #2442, #2809, #2170, #2423, #3563, #444 ),
 ( #2105, #110, #2761, #3497, #1784, #4146, #3809, #693, #42, #2084, #3476, #1556, #3333, #3284, #2903, #1491, #532, #2533, #1578, #3963, #2624 ),
 ( #2600, #1880, #1513, #4346, #2882, #2951, #130, #1169, #2927, #2971, #3650, #2559, #2195, #467, #3586, #192, #4279, #1856, #150, #3942, #4257 ),
 ( #1147, #1901, #4008, #829, #850, #3674, #2218, #4324, #1924, #3262, #4303, #2238, #3628, #512, #3309, #2282, #1192, #2217, #3585, #849, #1213 ) ),
 .UNSPECIFIED., .F., .F., .F.,
 ( 4, 1, 1, 1, 1, 4 ),
 ( 4, 1, 1, 1, 1, 1, 1, 1, 1, 1, 1, 1, 1, 1, 1, 1, 1, 1, 4 ),
 ( 0.000000000000000000, 0.2142857142857139963, 0.2857142857142860315, 0.5714285714285709528, 0.7857142857142859205, 1.000000000000000000 ),
 ( 3.333894264623840087, 3.371441846841530143, 3.431264038755080126, 3.491086230668619894, 3.527808364833279864, 3.564530498997940278, 3.577162820042969926, 3.585759734194039705, 3.591439809629529911, 3.595149366624030396, 3.597591194521950086, 3.599249292555029900, 3.600394582786380138, 3.600973446087600394, 3.601428708489990083, 3.606623164770299983, 3.618515040785830195, 3.657544233691699898, 3.671508430173269666 ),
 .UNSPECIFIED. ) ;
#3303 = CARTESIAN_POINT ( 'NONE',  ( 0.1695358449114708344, 0.5318801819400236219, 0.03245753030533769790 ) ) ;
#3304 = ORIENTED_EDGE ( 'NONE', *, *, #1125, .T. ) ;
#3305 = CARTESIAN_POINT ( 'NONE',  ( 0.1617286964588283971, 0.7757230328654390883, -0.1297823430117075183 ) ) ;
#3306 = CARTESIAN_POINT ( 'NONE',  ( 0.001421322026237919643, -0.8747071845238334475, -0.04838433241814063535 ) ) ;
#3307 = CARTESIAN_POINT ( 'NONE',  ( 0.1968921424459781078, 0.8992297217919585917, 0.008078582404584935817 ) ) ;
#3308 = CARTESIAN_POINT ( 'NONE',  ( -0.3880880363067263916, -0.7321568765001595924, -0.04838433241814059371 ) ) ;
#3309 = CARTESIAN_POINT ( 'NONE',  ( -0.1938080531279454399, 0.8992297217126956621, 0.008582136135152485315 ) ) ;
#3310 = CARTESIAN_POINT ( 'NONE',  ( 0.06542344043379873242, -0.2576998427320869589, 0.1413396510066304013 ) ) ;
#3311 = CARTESIAN_POINT ( 'NONE',  ( 0.2185967845005030441, 0.8319459038742982315, 0.01902626008479734593 ) ) ;
#3312 = DIRECTION ( 'NONE',  ( -3.400526880387224650E-30, 4.016111115165780668E-14, -1.000000000000000000 ) ) ;
#3313 = CARTESIAN_POINT ( 'NONE',  ( 0.2185492498104614767, 0.8319459582862374081, -0.1158946666041595075 ) ) ;
#3314 = CARTESIAN_POINT ( 'NONE',  ( -0.1627134546178199415, 0.5502213438882348484, 0.02989710625395911731 ) ) ;
#3315 = CARTESIAN_POINT ( 'NONE',  ( -0.1882762732667717653, -0.2082604439619153702, -0.04838433565549498522 ) ) ;
#3316 = CARTESIAN_POINT ( 'NONE',  ( -0.1935602195436521289, 0.8992297217398919074, -0.1058543833896559566 ) ) ;
#3317 = CARTESIAN_POINT ( 'NONE',  ( 0.1997896165330318441, 0.8992297217125786446, -0.08794485149328445939 ) ) ;
#3318 = EDGE_CURVE ( 'NONE', #1248, #823, #754, .T. ) ;
#3319 = ORIENTED_EDGE ( 'NONE', *, *, #2911, .T. ) ;
#3320 = CARTESIAN_POINT ( 'NONE',  ( -0.03770956197670418536, 0.8977482230107991512, -0.1538156341822752293 ) ) ;
#3321 = DIRECTION ( 'NONE',  ( -3.721008126035991382E-18, -0.7070584897894490739, 0.7071550692858415976 ) ) ;
#3322 = CARTESIAN_POINT ( 'NONE',  ( -0.1267358480440465007, 0.8303386967921533302, -0.1629996573509900626 ) ) ;
#3323 = CARTESIAN_POINT ( 'NONE',  ( -0.06522670227274397770, 0.8916418770697283058, -0.1245004614081566818 ) ) ;
#3324 = AXIS2_PLACEMENT_3D ( 'NONE', #862, #3007, #3347 ) ;
#3325 = CARTESIAN_POINT ( 'NONE',  ( -0.02740238406564777379, -0.2082604431031738756, -0.2428174414340869558 ) ) ;
#3326 = EDGE_LOOP ( 'NONE', ( #2902, #2406, #2193, #3072, #1000 ) ) ;
#3327 = EDGE_CURVE ( 'NONE', #1934, #3484, #159, .T. ) ;
#3328 = CARTESIAN_POINT ( 'NONE',  ( 0.2266937517688496495, 0.8327134680268637457, -0.03487142701646625542 ) ) ;
#3329 = CARTESIAN_POINT ( 'NONE',  ( 0.2421049626897391893, 0.8668912475605239365, -0.1312281049189443216 ) ) ;
#3330 = DIRECTION ( 'NONE',  ( -6.678685382510708546E-17, -0.7071550692858419307, -0.7070584897894488519 ) ) ;
#3331 = DIRECTION ( 'NONE',  ( -6.678685382510698685E-17, -0.7071550692858419307, -0.7070584897894488519 ) ) ;
#3332 = EDGE_LOOP ( 'NONE', ( #2477, #170 ) ) ;
#3333 = CARTESIAN_POINT ( 'NONE',  ( -0.2203663487284422129, 0.8971413195540948182, 0.02227437831787690281 ) ) ;
#3334 = CARTESIAN_POINT ( 'NONE',  ( -0.03142753847748779722, -0.1134655571461299223, 0.1464391760445739044 ) ) ;
#3335 = CARTESIAN_POINT ( 'NONE',  ( -0.1818552985581460002, 0.5152639843623895155, -0.1048934281575606975 ) ) ;
#3336 = CARTESIAN_POINT ( 'NONE',  ( 0.1966804948491028826, 0.8992297217921063623, 0.008519899118037280519 ) ) ;
#3337 = CARTESIAN_POINT ( 'NONE',  ( 0.001421664071269968660, 0.8887397715407976406, 0.05496751969355069545 ) ) ;
#3338 = CIRCLE ( 'NONE', #2536, 0.3895093583329642950 ) ;
#3339 = CARTESIAN_POINT ( 'NONE',  ( -0.08533406118345290836, -0.2288224533000457195, 0.1203343969782849077 ) ) ;
#3340 = B_SPLINE_CURVE_WITH_KNOTS ( 'NONE', 3,
 ( #2222, #1519, #1174, #2243, #3634, #496, #3313, #1583, #855, #1540, #2910, #1560, #4328, #4375, #3947, #2932, #1906, #3591, #3656, #4284, #833 ),
 .UNSPECIFIED., .F., .F.,
 ( 4, 1, 1, 1, 1, 1, 1, 1, 1, 1, 1, 1, 1, 1, 1, 1, 1, 1, 4 ),
 ( 0.000000000000000000, 0.04136139809725442040, 0.1569643361251215619, 0.1921876045043026671, 0.2075733789002272567, 0.2089218477670591323, 0.2106364179806319292, 0.2140287224602541449, 0.2189399434299829916, 0.2261725414506582654, 0.2371601032482876792, 0.2539842633287660578, 0.2794479852623601990, 0.3168644242895315988, 0.4256339439691878557, 0.5344034636488145251, 0.7115944465403549746, 0.8887854294318651149, 1.000000000000000000 ),
 .UNSPECIFIED. ) ;
#3341 = CARTESIAN_POINT ( 'NONE',  ( -0.1543034913870322544, 0.5865906427716482963, 0.02836143201452650392 ) ) ;
#3342 = CARTESIAN_POINT ( 'NONE',  ( -0.1694536491450344129, 0.8353525697995042298, 0.06181026188527901505 ) ) ;
#3343 = CARTESIAN_POINT ( 'NONE',  ( -0.2135785374478052223, 0.8319681981302268214, -0.1200178173579917740 ) ) ;
#3344 = CARTESIAN_POINT ( 'NONE',  ( 0.1695379356020384753, 0.5318801563401869270, 0.03245320917776613190 ) ) ;
#3345 = VECTOR ( 'NONE', #1564, 1000.000000000000000 ) ;
#3346 = ORIENTED_EDGE ( 'NONE', *, *, #3043, .F. ) ;
#3347 = DIRECTION ( 'NONE',  ( -0.8738324236564968261, 0.2477323994084242031, 0.4183844567499579448 ) ) ;
#3348 = CARTESIAN_POINT ( 'NONE',  ( -0.1420965291073813530, 0.8387116389393796112, 0.06955476342236067977 ) ) ;
#3349 = CYLINDRICAL_SURFACE ( 'NONE', #80, 0.1011712619046658546 ) ;
#3350 = CARTESIAN_POINT ( 'NONE',  ( 0.2045972558768459071, -0.3626793443138587314, -0.1118827860038394267 ) ) ;
#3351 = CARTESIAN_POINT ( 'NONE',  ( 0.1655795452484552788, 0.5238048414492878502, -0.1422086926458716871 ) ) ;
#3352 = CARTESIAN_POINT ( 'NONE',  ( -0.1934007466392312358, 0.8992297217126956621, 0.009396098934061344193 ) ) ;
#3353 = ORIENTED_EDGE ( 'NONE', *, *, #2654, .T. ) ;
#3354 = CARTESIAN_POINT ( 'NONE',  ( 0.2264143364300496009, 0.8326795363302431641, -0.07537859396218304919 ) ) ;
#3355 = CARTESIAN_POINT ( 'NONE',  ( 0.2314649688467704802, 0.8479749399410008159, -0.1278610205298448543 ) ) ;
#3356 = CARTESIAN_POINT ( 'NONE',  ( -0.2252384759170601436, 0.8406538448378303441, -0.1202576998482617482 ) ) ;
#3357 = CARTESIAN_POINT ( 'NONE',  ( 0.2052574143345350932, 0.8992297217920127705, 0.01421374416765832510 ) ) ;
#3358 = DIRECTION ( 'NONE',  ( -5.581512189053988999E-18, -0.7070584897894488519, 0.7071550692858418197 ) ) ;
#3359 = APPROVAL ( #3583, '未' ) ;
#3360 = CARTESIAN_POINT ( 'NONE',  ( -0.03400664388451499903, -0.1368197307772249238, 0.2111342939476877067 ) ) ;
#3361 = CARTESIAN_POINT ( 'NONE',  ( 0.2258501420219511391, 0.8326132097312225477, -0.007874360761652815857 ) ) ;
#3362 = CARTESIAN_POINT ( 'NONE',  ( 0.1904572434856204310, 0.8992297217887529337, 0.01748680467927377427 ) ) ;
#3363 = CARTESIAN_POINT ( 'NONE',  ( 0.003603094837524384742, -0.2783824819045626620, 0.05276919800060890509 ) ) ;
#3364 = CARTESIAN_POINT ( 'NONE',  ( -0.1562078723498025457, 0.7145913132547161428, 0.004195211623039110660 ) ) ;
#3365 = CARTESIAN_POINT ( 'NONE',  ( -0.2508351759344247256, -0.6470671011785315008, -0.3508398599598645529 ) ) ;
#3366 = CARTESIAN_POINT ( 'NONE',  ( -0.1483079321507772552, 0.5069166554615524012, 0.07068663646059665517 ) ) ;
#3367 = CARTESIAN_POINT ( 'NONE',  ( 0.1536327500125544698, 0.8488350013003155281, 0.07326900802478503172 ) ) ;
#3368 = B_SPLINE_CURVE_WITH_KNOTS ( 'NONE', 3,
 ( #1648, #896, #3041, #3742, #215, #1326 ),
 .UNSPECIFIED., .F., .F.,
 ( 4, 2, 4 ),
 ( 0.000000000000000000, 0.4999748964096166759, 1.000000000000000000 ),
 .UNSPECIFIED. ) ;
#3369 = ORIENTED_EDGE ( 'NONE', *, *, #572, .T. ) ;
#3370 = CARTESIAN_POINT ( 'NONE',  ( 0.001421322026237919643, -0.7321568765001595924, -0.04838433241814063535 ) ) ;
#3371 = CARTESIAN_POINT ( 'NONE',  ( -0.1426388504997209983, 0.8479374016064915587, 0.07392874061421493559 ) ) ;
#3372 = DIRECTION ( 'NONE',  ( 0.0006048379560266924863, 0.7070583604582040271, -0.7071549399369303490 ) ) ;
#3373 = CARTESIAN_POINT ( 'NONE',  ( -0.1075724126349842102, -0.3626793446179020775, -0.2274988660597256906 ) ) ;
#3374 = CARTESIAN_POINT ( 'NONE',  ( -0.06950567733009656302, 0.5154005731499583520, -0.2283665098477680455 ) ) ;
#3375 = CARTESIAN_POINT ( 'NONE',  ( -0.1936012724417508490, 0.8992297217126956621, 0.009002520220078306240 ) ) ;
#3376 = ORIENTED_EDGE ( 'NONE', *, *, #2515, .F. ) ;
#3377 = CARTESIAN_POINT ( 'NONE',  ( 0.1500559153046177596, 0.7012197530012113100, -0.1196423024431408355 ) ) ;
#3378 = CARTESIAN_POINT ( 'NONE',  ( 0.2437397399779233920, 0.8668763529073640894, -0.1280233278115968099 ) ) ;
#3379 = CARTESIAN_POINT ( 'NONE',  ( -0.2255996919042053406, 0.8406530248844117370, -0.1195020953698192473 ) ) ;
#3380 = CARTESIAN_POINT ( 'NONE',  ( 0.1533631912460110269, 0.8992297217274430876, 0.03230876900675820618 ) ) ;
#3381 = EDGE_CURVE ( 'NONE', #2023, #3006, #1379, .T. ) ;
#3382 = CARTESIAN_POINT ( 'NONE',  ( 0.1986517452323346145, 0.8040350765551605994, -0.02496406005879498596 ) ) ;
#3383 = LINE ( 'NONE', #4413, #1739 ) ;
#3384 = DIRECTION ( 'NONE',  ( 6.678685382510697453E-17, 0.7071550692858419307, 0.7070584897894488519 ) ) ;
#3385 = CARTESIAN_POINT ( 'NONE',  ( -0.1696313121687404446, 0.5068152615927373761, 0.03362550499273835036 ) ) ;
#3386 = CARTESIAN_POINT ( 'NONE',  ( -0.1417546898486154450, 0.6407257273904379824, 0.03398098363925699389 ) ) ;
#3387 = CARTESIAN_POINT ( 'NONE',  ( 0.3169382956730635859, -0.6470671020933219664, 0.2027592210578166854 ) ) ;
#3388 = CARTESIAN_POINT ( 'NONE',  ( 0.1911180506387838429, 0.5067716469622035591, -0.07665525620522405104 ) ) ;
#3389 = CARTESIAN_POINT ( 'NONE',  ( 0.1716524561394100479, 0.8543904358031469970, 0.07506394676522791520 ) ) ;
#3390 = VERTEX_POINT ( 'NONE', #3317 ) ;
#3391 = CARTESIAN_POINT ( 'NONE',  ( 0.04077671693969534689, -0.3247216045491179148, 0.1607517627514408187 ) ) ;
#3392 = CARTESIAN_POINT ( 'NONE',  ( -0.08569208653913526486, -0.2082604434142603100, 0.1201264115389192727 ) ) ;
#3393 = CARTESIAN_POINT ( 'NONE',  ( -0.1281798950240880253, 0.6865257961079125337, -0.1414375224485385496 ) ) ;
#3394 = CARTESIAN_POINT ( 'NONE',  ( 0.2748461572059786029, -0.4538934329066737772, -0.07577209776643813177 ) ) ;
#3395 = CARTESIAN_POINT ( 'NONE',  ( -0.02634573067210633709, 0.5328282373186531418, -0.2345233110714287916 ) ) ;
#3396 = ORIENTED_EDGE ( 'NONE', *, *, #3440, .T. ) ;
#3397 = CARTESIAN_POINT ( 'NONE',  ( 0.1651284129177936211, 0.5502325255056704778, -0.1275614778725252529 ) ) ;
#3398 = CARTESIAN_POINT ( 'NONE',  ( 0.1966506933781726751, 0.8992297217131961506, -0.1053507888345632110 ) ) ;
#3399 = CARTESIAN_POINT ( 'NONE',  ( -0.2370092187891447155, 0.8552995280503173925, -0.1259827539828808907 ) ) ;
#3400 = CARTESIAN_POINT ( 'NONE',  ( 0.1747290956635063064, 0.8992297217600933035, 0.03944707977715619651 ) ) ;
#3401 = CARTESIAN_POINT ( 'NONE',  ( 0.07008377083347964998, 0.8982341706129016723, 0.03003239303185235853 ) ) ;
#3402 = CARTESIAN_POINT ( 'NONE',  ( -0.005291075574940575302, -0.09653160878655810129, 0.2348423907270330291 ) ) ;
#3403 = DIRECTION ( 'NONE',  ( 0.000000000000000000, 1.000000000000000000, 2.220446049250309876E-16 ) ) ;
#3404 = PLANE ( 'NONE',  #77 ) ;
#3405 = B_SPLINE_CURVE_WITH_KNOTS ( 'NONE', 3,
 ( #889, #3014, #231, #1207 ),
 .UNSPECIFIED., .F., .F.,
 ( 4, 4 ),
 ( 0.000000000000000000, 1.000000000000000000 ),
 .UNSPECIFIED. ) ;
#3406 = CARTESIAN_POINT ( 'NONE',  ( 0.02567152192820522372, 0.8882802271925335225, 0.05278311835341617519 ) ) ;
#3407 = CARTESIAN_POINT ( 'NONE',  ( -0.1537761613862672627, 0.5866191921776084950, 0.02938648405690671636 ) ) ;
#3408 = EDGE_CURVE ( 'NONE', #3215, #2231, #3917, .T. ) ;
#3409 = CARTESIAN_POINT ( 'NONE',  ( -0.1512824630846806573, -0.6470671013389313053, -0.4114190978562708989 ) ) ;
#3410 = CARTESIAN_POINT ( 'NONE',  ( -0.1652339610408328219, 0.7329699650794521126, -0.06885192231676787178 ) ) ;
#3411 = CARTESIAN_POINT ( 'NONE',  ( 0.1193928456806311600, 0.7485051235037077921, 0.05240178444824668963 ) ) ;
#3412 = EDGE_CURVE ( 'NONE', #4111, #2686, #970, .T. ) ;
#3413 = ORIENTED_EDGE ( 'NONE', *, *, #485, .F. ) ;
#3414 = CIRCLE ( 'NONE', #3985, 0.05690883482137465421 ) ;
#3415 = CARTESIAN_POINT ( 'NONE',  ( 0.03625157288521287796, -0.3079143802353225823, 0.1705470644839361949 ) ) ;
#3416 = CARTESIAN_POINT ( 'NONE',  ( -0.1856960986706071293, 0.8337272836508706764, 0.05309567213182382617 ) ) ;
#3417 = CARTESIAN_POINT ( 'NONE',  ( -0.1756126346349280443, 0.8493330661966072004, -0.1672618884486650193 ) ) ;
#3418 = AXIS2_PLACEMENT_3D ( 'NONE', #3647, #3331, #235 ) ;
#3419 = DIRECTION ( 'NONE',  ( 0.0006048379560266924863, 0.7070583604582040271, -0.7071549399369303490 ) ) ;
#3420 = CARTESIAN_POINT ( 'NONE',  ( -0.02695608758953352627, 0.5153475350448366576, -0.2381029655003049084 ) ) ;
#3421 = AXIS2_PLACEMENT_3D ( 'NONE', #3136, #308, #1332 ) ;
#3422 = ORIENTED_EDGE ( 'NONE', *, *, #128, .T. ) ;
#3423 = CARTESIAN_POINT ( 'NONE',  ( 0.2295952856703794565, 0.8971545727552020510, -0.02131463619713818564 ) ) ;
#3424 = CARTESIAN_POINT ( 'NONE',  ( 0.2100743615020965738, 0.8992297217125786446, -0.08973921574216145447 ) ) ;
#3425 = CARTESIAN_POINT ( 'NONE',  ( -0.2427719243315495379, 0.8735264576397079317, -0.1238306358241362398 ) ) ;
#3426 = AXIS2_PLACEMENT_3D ( 'NONE', #1839, #3226, #4220 ) ;
#3427 = CARTESIAN_POINT ( 'NONE',  ( -0.03808763300006458991, -0.6141296670735753027, -0.4491903550464906303 ) ) ;
#3428 = CARTESIAN_POINT ( 'NONE',  ( 0.2094865116902313307, 0.8322084404042465744, 0.03384024653395046461 ) ) ;
#3429 = CARTESIAN_POINT ( 'NONE',  ( 0.1828986136580549038, 0.7772786566380754936, -0.03237088338917672170 ) ) ;
#3430 = CARTESIAN_POINT ( 'NONE',  ( 0.2284410696156042864, 0.8406531513844607284, 0.02273429033954438641 ) ) ;
#3431 = CARTESIAN_POINT ( 'NONE',  ( 0.08059740392830179456, -0.2285578862623667273, 0.1242880467666596517 ) ) ;
#3432 = DIRECTION ( 'NONE',  ( -5.581512189053988999E-18, -0.7070584897894488519, 0.7071550692858418197 ) ) ;
#3433 = CARTESIAN_POINT ( 'NONE',  ( -0.1281585549613086239, 0.6865911321615197904, 0.04468485564395865278 ) ) ;
#3434 = CARTESIAN_POINT ( 'NONE',  ( 0.2653975845855136573, -0.5106568049447599567, -0.2791272603508744288 ) ) ;
#3435 = CARTESIAN_POINT ( 'NONE',  ( 0.1900414111609500800, 0.5237671250435739223, -0.02029145492211070767 ) ) ;
#3436 = ORIENTED_EDGE ( 'NONE', *, *, #738, .T. ) ;
#3437 = EDGE_CURVE ( 'NONE', #488, #1894, #1136, .T. ) ;
#3438 = CARTESIAN_POINT ( 'NONE',  ( -0.06522670227273487387, 0.8927770159738337430, 0.02773179657188441088 ) ) ;
#3439 = CARTESIAN_POINT ( 'NONE',  ( -0.05248758275172272364, -0.3488282081902610576, 0.1620968963919061923 ) ) ;
#3440 = EDGE_CURVE ( 'NONE', #3549, #1917, #1569, .T. ) ;
#3441 = CARTESIAN_POINT ( 'NONE',  ( -0.1415801742186832690, 0.6406901165625376038, -0.1310441995316447006 ) ) ;
#3442 = CARTESIAN_POINT ( 'NONE',  ( -0.04011988842597219440, -0.4538934327945283176, -0.3286298339271287450 ) ) ;
#3443 = CARTESIAN_POINT ( 'NONE',  ( 0.07234835672830088049, 0.5154032016820239148, -0.2283645834721638179 ) ) ;
#3444 = EDGE_LOOP ( 'NONE', ( #2163, #4302, #818, #1480 ) ) ;
#3445 = CARTESIAN_POINT ( 'NONE',  ( 0.2503566592279333758, 0.8851121327220109469, -0.08978714010094045184 ) ) ;
#3446 = CARTESIAN_POINT ( 'NONE',  ( 0.1959349985629443847, 0.8992297217131925979, -0.1067459586302438590 ) ) ;
#3447 = CARTESIAN_POINT ( 'NONE',  ( -0.2242673710321391733, 0.8406613469751240686, -0.1222247979852146837 ) ) ;
#3448 = CARTESIAN_POINT ( 'NONE',  ( 0.1926511712896409600, -0.6470671018930718166, 0.3066924159217018775 ) ) ;
#3449 = B_SPLINE_CURVE_WITH_KNOTS ( 'NONE', 3,
 ( #2308, #2375, #988, #1014 ),
 .UNSPECIFIED., .F., .F.,
 ( 4, 4 ),
 ( 0.000000000000000000, 1.000000000000000000 ),
 .UNSPECIFIED. ) ;
#3450 = CARTESIAN_POINT ( 'NONE',  ( -0.03570549242698036613, 0.8973147488205606148, 0.05211955467355836036 ) ) ;
#3451 = CARTESIAN_POINT ( 'NONE',  ( 0.2258501420219507783, 0.8326132097312225477, -0.007874360761653069127 ) ) ;
#3452 = CARTESIAN_POINT ( 'NONE',  ( 0.2387411440717649713, 0.8553083925078441840, 0.03144316992677059774 ) ) ;
#3453 = CARTESIAN_POINT ( 'NONE',  ( 0.1639845908345156644, 0.7738341305112197421, -0.07332343382398302800 ) ) ;
#3454 = CARTESIAN_POINT ( 'NONE',  ( 0.001421592643334185788, 0.8882872999494360045, 0.05278474973640808615 ) ) ;
#3455 = CARTESIAN_POINT ( 'NONE',  ( -0.1536483144852521798, 0.5866264135990547635, 0.02963273815462956484 ) ) ;
#3456 = CARTESIAN_POINT ( 'NONE',  ( -0.3459941578680140184, -0.5106568048390864867, -0.09261577279162361287 ) ) ;
#3457 = CARTESIAN_POINT ( 'NONE',  ( -0.3834285603272452603, -0.6470671009646143945, -0.1395415904765862081 ) ) ;
#3458 = CARTESIAN_POINT ( 'NONE',  ( 0.1311127218779684078, 0.7941446444098689827, 0.05400001148770837422 ) ) ;
#3459 = CARTESIAN_POINT ( 'NONE',  ( 0.1933608451432088926, 0.8992297217131799414, -0.1107656374289958806 ) ) ;
#3460 = VERTEX_POINT ( 'NONE', #2269 ) ;
#3461 = CARTESIAN_POINT ( 'NONE',  ( 0.001780643992423894739, -0.6470671015855463670, 0.3548990257794384373 ) ) ;
#3462 = CARTESIAN_POINT ( 'NONE',  ( -0.1622942262661938029, 0.5502254384425133704, -0.1275431112056280014 ) ) ;
#3463 = CARTESIAN_POINT ( 'NONE',  ( 0.1997896165330362017, 0.8992297217125786446, -0.008823813342993895234 ) ) ;
#3464 = EDGE_CURVE ( 'NONE', #2386, #404, #4224, .T. ) ;
#3465 = CARTESIAN_POINT ( 'NONE',  ( 0.05774834392362816760, -0.2555767900217503774, 0.1668410722268511004 ) ) ;
#3466 = ORIENTED_EDGE ( 'NONE', *, *, #1823, .F. ) ;
#3467 = EDGE_CURVE ( 'NONE', #3006, #2750, #3633, .T. ) ;
#3468 = B_SPLINE_CURVE_WITH_KNOTS ( 'NONE', 3,
 ( #3883, #703, #2071, #3487, #3545 ),
 .UNSPECIFIED., .F., .F.,
 ( 4, 1, 4 ),
 ( 0.000000000000000000, 0.5431858149326785901, 1.000000000000000000 ),
 .UNSPECIFIED. ) ;
#3469 = CARTESIAN_POINT ( 'NONE',  ( 0.2503566592279384273, 0.8851121327220072832, -0.006981524735344871169 ) ) ;
#3470 = CARTESIAN_POINT ( 'NONE',  ( 0.1794162837162286972, 0.8992297217129927578, -0.1335230777564823945 ) ) ;
#3471 = EDGE_CURVE ( 'NONE', #2216, #2579, #2540, .T. ) ;
#3472 = CARTESIAN_POINT ( 'NONE',  ( -0.2978233264887045761, -0.6141296667654909669, 0.2151994982790178534 ) ) ;
#3473 = CARTESIAN_POINT ( 'NONE',  ( 0.1408240805099069404, 0.8392626072388018610, 0.07020577075130399192 ) ) ;
#3474 = CARTESIAN_POINT ( 'NONE',  ( 0.2864922233243417105, -0.4640297493785136562, 0.007832031561701402120 ) ) ;
#3475 = CARTESIAN_POINT ( 'NONE',  ( 0.2324704554726072236, 0.8555387543781831639, 0.04166918184509769973 ) ) ;
#3476 = CARTESIAN_POINT ( 'NONE',  ( -0.2194838967594542611, 0.8971414667306518709, 0.02397170327445218713 ) ) ;
#3477 = CARTESIAN_POINT ( 'NONE',  ( 0.02918837095666216783, 0.5328282373166596253, 0.1377546462356346035 ) ) ;
#3478 = CARTESIAN_POINT ( 'NONE',  ( -0.02646792498144977246, -0.05651347810905982261, 0.1393885095868718782 ) ) ;
#3479 = CARTESIAN_POINT ( 'NONE',  ( 0.3169401415835603197, -0.6141296674946925549, 0.2027665689217258704 ) ) ;
#3480 = CARTESIAN_POINT ( 'NONE',  ( 0.001421592643334185788, 0.8882872999494360045, 0.05278474973640808615 ) ) ;
#3481 = CARTESIAN_POINT ( 'NONE',  ( 0.1651965668109941776, 0.5502276516034181331, 0.03061964095694726801 ) ) ;
#3482 = CARTESIAN_POINT ( 'NONE',  ( -0.02700818486324838702, 0.5064642258199557601, 0.1413360972101329049 ) ) ;
#3483 = B_SPLINE_CURVE_WITH_KNOTS ( 'NONE', 3,
 ( #1194, #4326, #1883, #2198, #1904, #3945, #1473, #1837, #3900, #3631, #2220 ),
 .UNSPECIFIED., .F., .F.,
 ( 4, 1, 1, 1, 1, 1, 1, 1, 4 ),
 ( 0.000000000000000000, 0.1071428571428577198, 0.1428571428571430990, 0.2857142857142869752, 0.4285714285714300464, 0.5714285714285739504, 0.7142857142857170771, 0.8571428571428617582, 1.000000000000000000 ),
 .UNSPECIFIED. ) ;
#3484 = VERTEX_POINT ( 'NONE', #3929 ) ;
#3485 = CARTESIAN_POINT ( 'NONE',  ( 0.09478015038250091340, 0.8895296246217936353, -0.1720673477621019742 ) ) ;
#3486 = CARTESIAN_POINT ( 'NONE',  ( -0.1536720970248415252, 0.5866027109367767389, -0.1263667454745305008 ) ) ;
#3487 = CARTESIAN_POINT ( 'NONE',  ( 0.1165587061105764349, -0.2082604423347852174, 0.1055983822739534755 ) ) ;
#3488 = CARTESIAN_POINT ( 'NONE',  ( 0.3214304215520387142, -0.4944386986612185342, -0.04838433241814333458 ) ) ;
#3489 = ORIENTED_EDGE ( 'NONE', *, *, #103, .T. ) ;
#3490 = CARTESIAN_POINT ( 'NONE',  ( 0.1521643328700920395, 0.8501218104708081480, -0.1708222390426719639 ) ) ;
#3491 = CARTESIAN_POINT ( 'NONE',  ( 0.1744994898621447799, 0.8992297217129909814, -0.1244924339861264162 ) ) ;
#3492 = CARTESIAN_POINT ( 'NONE',  ( -0.3665675079694755145, -0.5565439822652934465, 0.07454675057241454128 ) ) ;
#3493 = CIRCLE ( 'NONE', #3915, 0.1264640773808323737 ) ;
#3494 = CARTESIAN_POINT ( 'NONE',  ( 0.06325707699106822290, 0.8992297217089066930, 0.04241001875278341271 ) ) ;
#3495 = CARTESIAN_POINT ( 'NONE',  ( -0.2253374544449652794, -0.3779926168181783619, -0.01021371100180784933 ) ) ;
#3496 = CARTESIAN_POINT ( 'NONE',  ( 0.2398790848837516199, 0.8552993232215888586, 0.02915513356394355826 ) ) ;
#3497 = CARTESIAN_POINT ( 'NONE',  ( -0.1678134504937613403, 0.8972538775643759124, 0.05786403789678890713 ) ) ;
#3498 = CARTESIAN_POINT ( 'NONE',  ( 0.2235239082164318103, 0.8385063044521564590, -0.1233971890932518828 ) ) ;
#3499 = CARTESIAN_POINT ( 'NONE',  ( -0.01977778598840239030, -0.06735403555541476239, 0.1403279555191046524 ) ) ;
#3500 = CARTESIAN_POINT ( 'NONE',  ( -0.3834304747761067556, -0.5565439822574680395, -0.09738232669442307976 ) ) ;
#3501 = DIRECTION ( 'NONE',  ( 0.000000000000000000, 1.000000000000000000, 0.000000000000000000 ) ) ;
#3502 = CARTESIAN_POINT ( 'NONE',  ( 0.1305006165938127349, 0.7214745600018399596, 0.04376520862680161050 ) ) ;
#3503 = CARTESIAN_POINT ( 'NONE',  ( -0.1634878733880684998, 0.5067578430861604533, 0.04643922841969291837 ) ) ;
#3504 = CARTESIAN_POINT ( 'NONE',  ( -0.1367769196697109502, 0.8974153697600651958, -0.1547521761567648979 ) ) ;
#3505 = CARTESIAN_POINT ( 'NONE',  ( -0.1440190745330623412, 0.6405550332336182873, -0.1269670244352797961 ) ) ;
#3506 = CARTESIAN_POINT ( 'NONE',  ( -0.1882752368657442943, 0.5067716448653035721, -0.04838450703514567824 ) ) ;
#3507 = CARTESIAN_POINT ( 'NONE',  ( 0.001421322026237906849, -0.2783167720644201260, 0.05278692948652541350 ) ) ;
#3508 = VERTEX_POINT ( 'NONE', #1178 ) ;
#3509 = CARTESIAN_POINT ( 'NONE',  ( -0.2305063500904331319, 0.8395513470864929273, -0.007601158532837337840 ) ) ;
#3510 = CARTESIAN_POINT ( 'NONE',  ( 0.2001728312836554835, 0.8992297217125786446, -0.02202560568561333018 ) ) ;
#3511 = CARTESIAN_POINT ( 'NONE',  ( -0.03808438531695623741, -0.6470670969470125877, -0.4491876681780751501 ) ) ;
#3512 = CARTESIAN_POINT ( 'NONE',  ( -0.1935871193356861752, -0.5565439823454267909, -0.3688508828490763558 ) ) ;
#3513 = CARTESIAN_POINT ( 'NONE',  ( 0.01954343007305523947, 0.5318801819401729469, -0.2349099277695431698 ) ) ;
#3514 = CARTESIAN_POINT ( 'NONE',  ( -0.3335210059356534806, -0.4944386985205700968, 0.007995463013333611521 ) ) ;
#3515 = CARTESIAN_POINT ( 'NONE',  ( 0.1869011758933595835, 0.8444932802021513085, 0.06580276436805847229 ) ) ;
#3516 = CARTESIAN_POINT ( 'NONE',  ( -0.2403015899902302965, 0.8845358267141969488, 0.03143253174773422143 ) ) ;
#3517 = CARTESIAN_POINT ( 'NONE',  ( 0.2154869278244205266, 0.8319877309687637723, -0.1216616034466449087 ) ) ;
#3518 = CARTESIAN_POINT ( 'NONE',  ( -0.04447635645632554841, -0.1351359808226287873, 0.1425558718966885019 ) ) ;
#3519 = CARTESIAN_POINT ( 'NONE',  ( -0.1313404634348872002, -0.5106568048761385148, -0.3640100237842217035 ) ) ;
#3520 = CARTESIAN_POINT ( 'NONE',  ( 0.1480835191654285010, 0.7869407626355533480, 0.04299351363438123214 ) ) ;
#3521 = CARTESIAN_POINT ( 'NONE',  ( 0.03516058184983476831, -0.3894238883408950858, 0.04700535517242823702 ) ) ;
#3522 = CARTESIAN_POINT ( 'NONE',  ( -0.2235716761849138590, 0.8326795343590954745, -0.07537902243363413246 ) ) ;
#3523 = CARTESIAN_POINT ( 'NONE',  ( -0.1626895619399246762, 0.5502124213440968692, -0.1267143712472154071 ) ) ;
#3524 = CARTESIAN_POINT ( 'NONE',  ( 0.2292373992581441533, 0.8971524113038241710, -0.007750954189210057348 ) ) ;
#3525 = CARTESIAN_POINT ( 'NONE',  ( -0.1793996223721582295, 0.8972119616359180982, -0.1533855790621804216 ) ) ;
#3526 = CARTESIAN_POINT ( 'NONE',  ( -0.1973301872328398487, 0.8992297217125786446, -0.07474310593582185469 ) ) ;
#3527 = B_SPLINE_CURVE_WITH_KNOTS ( 'NONE', 3,
 ( #3699, #1212, #2996, #581 ),
 .UNSPECIFIED., .F., .F.,
 ( 4, 4 ),
 ( 0.000000000000000000, 1.000000000000000000 ),
 .UNSPECIFIED. ) ;
#3528 = ORIENTED_EDGE ( 'NONE', *, *, #3792, .F. ) ;
#3529 = CARTESIAN_POINT ( 'NONE',  ( -0.02550539863988865105, -0.3238745428338285492, 0.04921726953664323084 ) ) ;
#3530 = CARTESIAN_POINT ( 'NONE',  ( 0.001421320141778004489, -0.1630685282864135222, -0.04838433241814252272 ) ) ;
#3531 = CARTESIAN_POINT ( 'NONE',  ( -0.1287483898528364590, -0.4944386985580416227, 0.2562946975780886483 ) ) ;
#3532 = ORIENTED_EDGE ( 'NONE', *, *, #3412, .F. ) ;
#3533 = CARTESIAN_POINT ( 'NONE',  ( -0.1610729051163059256, 0.8432145749960524572, -0.1668981621938660231 ) ) ;
#3534 = CARTESIAN_POINT ( 'NONE',  ( 0.1282642711587345663, -0.4951482408178141115, 0.2675011917897818781 ) ) ;
#3535 = CARTESIAN_POINT ( 'NONE',  ( 0.2462395019327439927, 0.8874471452020279427, -0.004853307155501068032 ) ) ;
#3536 = B_SPLINE_SURFACE_WITH_KNOTS ( 'NONE', 3, 3, ( 
 ( #2175, #1195, #3901, #4327 ),
 ( #195, #4283, #2582, #1496 ),
 ( #832, #1559, #3922, #4262 ),
 ( #3265, #3225, #1581, #153 ),
 ( #114, #4352, #813, #2263 ),
 ( #3946, #2199, #3288, #2221 ) ),
 .UNSPECIFIED., .F., .F., .F.,
 ( 4, 2, 4 ),
 ( 4, 4 ),
 ( 0.0008168984555874879124, 0.5000000000000000000, 0.9991831015446029918 ),
 ( 0.2740270841960399939, 0.9833528381863929635 ),
 .UNSPECIFIED. ) ;
#3537 = CARTESIAN_POINT ( 'NONE',  ( 0.2258501420219475309, 0.8326132097312243241, -0.08889430407463363992 ) ) ;
#3538 = AXIS2_PLACEMENT_3D ( 'NONE', #1158, #2549, #3887 ) ;
#3539 = CARTESIAN_POINT ( 'NONE',  ( -0.1612085162811270345, 0.7115776055823539448, -0.02102349939274934104 ) ) ;
#3540 = CARTESIAN_POINT ( 'NONE',  ( -0.05817301899359847428, -0.2441306636608678859, 0.1454844051452224285 ) ) ;
#3541 = CARTESIAN_POINT ( 'NONE',  ( 0.1695358449942857837, 0.5318801819400236219, 0.03245753013358206041 ) ) ;
#3542 = CARTESIAN_POINT ( 'NONE',  ( 0.1695455996159944412, 0.5318800620430217396, 0.03243736492718700404 ) ) ;
#3543 = CARTESIAN_POINT ( 'NONE',  ( 0.1616340346718251053, 0.8992297217128037978, -0.1279030789278751690 ) ) ;
#3544 = CARTESIAN_POINT ( 'NONE',  ( -0.1625546206384355374, 0.5502307430097993501, -0.1269364262520176478 ) ) ;
#3545 = CARTESIAN_POINT ( 'NONE',  ( 0.08844742570102473445, -0.2082604424847669389, 0.1201776691523660928 ) ) ;
#3546 = EDGE_CURVE ( 'NONE', #4204, #1441, #1188, .T. ) ;
#3547 = CARTESIAN_POINT ( 'NONE',  ( -0.2276482152873815223, 0.8871297877918699060, -0.1407968881138150219 ) ) ;
#3548 = CARTESIAN_POINT ( 'NONE',  ( -0.2335276058146274480, 0.8419811750145621554, -0.07561929642931050632 ) ) ;
#3549 = VERTEX_POINT ( 'NONE', #817 ) ;
#3550 = AXIS2_PLACEMENT_3D ( 'NONE', #1226, #2614, #1892 ) ;
#3551 = ADVANCED_FACE ( 'NONE', ( #4358 ), #4018, .T. ) ;
#3552 = CARTESIAN_POINT ( 'NONE',  ( -0.01876148599259762698, -0.4063284380203839308, 0.05075334203439692965 ) ) ;
#3553 = CARTESIAN_POINT ( 'NONE',  ( 0.1369981599629852831, 0.8992297217125786446, -0.1281527968897775704 ) ) ;
#3554 = CARTESIAN_POINT ( 'NONE',  ( -0.04786303810539661863, -0.08197233235772527493, 0.1348783722290275433 ) ) ;
#3555 = ORIENTED_EDGE ( 'NONE', *, *, #3408, .F. ) ;
#3556 = CIRCLE ( 'NONE', #1593, 0.05185027172614125462 ) ;
#3557 = CARTESIAN_POINT ( 'NONE',  ( 0.1452835470982414001, 0.7823043667590046102, -0.1282882461982539635 ) ) ;
#3558 = CARTESIAN_POINT ( 'NONE',  ( 0.3230608708823881625, -0.4958577830304696232, -0.04838433241814333458 ) ) ;
#3559 = CC_DESIGN_APPROVAL ( #3826, ( #2825 ) ) ;
#3560 = CARTESIAN_POINT ( 'NONE',  ( 0.2236636141230563812, 0.8971495580767524514, 0.02145492896445765074 ) ) ;
#3561 = AXIS2_PLACEMENT_3D ( 'NONE', #3664, #4362, #592 ) ;
#3562 = ORIENTED_EDGE ( 'NONE', *, *, #4347, .T. ) ;
#3563 = CARTESIAN_POINT ( 'NONE',  ( -0.2476640787723476123, 0.8850281223412284071, -0.004596542779833847139 ) ) ;
#3564 = CARTESIAN_POINT ( 'NONE',  ( 0.2143545218756728599, -0.4944737031642514880, 0.1964720147340400236 ) ) ;
#3565 = CARTESIAN_POINT ( 'NONE',  ( -0.05165577220876744341, -0.1109032299078292205, 0.1339665570214884360 ) ) ;
#3566 = CARTESIAN_POINT ( 'NONE',  ( 0.1575488419772015647, 0.7823043667434318449, 0.02668474595671800967 ) ) ;
#3567 = CARTESIAN_POINT ( 'NONE',  ( 0.1966506933781726751, 0.8992297217131961506, -0.1053507888345632110 ) ) ;
#3568 = B_SPLINE_CURVE_WITH_KNOTS ( 'NONE', 3,
 ( #1591, #2639, #1616, #4335 ),
 .UNSPECIFIED., .F., .F.,
 ( 4, 4 ),
 ( 0.000000000000000000, 1.000000000000000000 ),
 .UNSPECIFIED. ) ;
#3569 = CARTESIAN_POINT ( 'NONE',  ( -0.09192780216395082804, 0.8895321985189056369, -0.1720783433724748512 ) ) ;
#3570 = CARTESIAN_POINT ( 'NONE',  ( -0.1395919177104699704, 0.7635791430712827177, -0.1362792238054248706 ) ) ;
#3571 = DIRECTION ( 'NONE',  ( 1.000000000000000000, 0.000000000000000000, 0.000000000000000000 ) ) ;
#3572 = CARTESIAN_POINT ( 'NONE',  ( -0.2436714180836040133, 0.8872547759374525000, -0.1007505641800465479 ) ) ;
#3573 = CARTESIAN_POINT ( 'NONE',  ( -0.09718913742033129244, -0.2082604434756939460, -0.2104355407194326288 ) ) ;
#3574 = ORIENTED_EDGE ( 'NONE', *, *, #1857, .T. ) ;
#3575 = CARTESIAN_POINT ( 'NONE',  ( -0.03806370472318450215, -0.1357673261687570299, 0.2176938477499841817 ) ) ;
#3576 = CARTESIAN_POINT ( 'NONE',  ( 0.09435965259374766434, 0.8992297217125786446, -0.1297919772327160159 ) ) ;
#3577 = ADVANCED_FACE ( 'NONE', ( #1289 ), #1468, .F. ) ;
#3578 = CARTESIAN_POINT ( 'NONE',  ( -0.04528748145383542506, 0.8432225423819219579, 0.07862682417660758760 ) ) ;
#3579 = VERTEX_POINT ( 'NONE', #1537 ) ;
#3580 = CARTESIAN_POINT ( 'NONE',  ( 0.04146554370982774573, 0.7823043668367924974, -0.1596353019898096859 ) ) ;
#3581 = LINE ( 'NONE', #210, #3057 ) ;
#3582 = CARTESIAN_POINT ( 'NONE',  ( 0.2293778867756705031, 0.8971643624044073340, -0.005867816127975330510 ) ) ;
#3583 = APPROVAL_STATUS ( 'not_yet_approved' ) ;
#3584 = VERTEX_POINT ( 'NONE', #152 ) ;
#3585 = CARTESIAN_POINT ( 'NONE',  ( -0.1971474071314084642, 0.8992297217125786446, -0.003155561568101094248 ) ) ;
#3586 = CARTESIAN_POINT ( 'NONE',  ( -0.2030161731840653405, 0.8992297217126956621, 0.01301558141834837160 ) ) ;
#3587 = CARTESIAN_POINT ( 'NONE',  ( 0.2299215121011294327, 0.8480252653091451265, -0.1305014484834256527 ) ) ;
#3588 = CARTESIAN_POINT ( 'NONE',  ( -0.01516463125847641522, -0.1178415436483705031, 0.1762222716037092352 ) ) ;
#3589 = CARTESIAN_POINT ( 'NONE',  ( -0.1686100969123011106, 0.5237005116887780698, 0.03329802656272586731 ) ) ;
#3590 = DIRECTION ( 'NONE',  ( 0.000000000000000000, -0.7070584897894489629, 0.7071550692858419307 ) ) ;
#3591 = CARTESIAN_POINT ( 'NONE',  ( 0.1722962881480248898, 0.8353525702156859856, -0.1585789153288300890 ) ) ;
#3592 = CARTESIAN_POINT ( 'NONE',  ( -0.1611988882822040781, 0.7115127280062099047, -0.07576868705308803520 ) ) ;
#3593 = CARTESIAN_POINT ( 'NONE',  ( -0.08888667943728548182, 0.8992297217125786446, 0.03345058945652636118 ) ) ;
#3594 = CARTESIAN_POINT ( 'NONE',  ( -0.2072317217899573571, 0.8992297217125786446, -0.08973922344076649960 ) ) ;
#3595 = CARTESIAN_POINT ( 'NONE',  ( 0.001358294415303694554, -0.4124613136919615952, 0.05278690985407208380 ) ) ;
#3596 = VERTEX_POINT ( 'NONE', #2174 ) ;
#3597 = CARTESIAN_POINT ( 'NONE',  ( 0.2003612551602226566, 0.8992297217125786446, -0.03518911249524786511 ) ) ;
#3598 = CARTESIAN_POINT ( 'NONE',  ( 0.3908495858280882640, -0.6470671016748443805, -0.04838430862383964054 ) ) ;
#3599 = CARTESIAN_POINT ( 'NONE',  ( -0.03103537088735888738, -0.4944386985754710695, -0.3776722227436135060 ) ) ;
#3600 = ORIENTED_EDGE ( 'NONE', *, *, #2020, .F. ) ;
#3601 = CARTESIAN_POINT ( 'NONE',  ( 0.001421322026237905331, -0.4124612200131084205, 0.05278692948652531636 ) ) ;
#3602 = CARTESIAN_POINT ( 'NONE',  ( -0.2144037463652171682, 0.8319554057478613096, -0.1184900055749055214 ) ) ;
#3603 = CARTESIAN_POINT ( 'NONE',  ( 0.2358904365433902861, 0.8736865629718022497, 0.04406639414912613684 ) ) ;
#3604 = APPROVAL_DATE_TIME ( #4277, #2548 ) ;
#3605 = ORIENTED_EDGE ( 'NONE', *, *, #3327, .F. ) ;
#3606 = CARTESIAN_POINT ( 'NONE',  ( -0.03495519627114611338, 0.8902132713766303107, 0.04836874891376733571 ) ) ;
#3607 = CARTESIAN_POINT ( 'NONE',  ( 0.07388348565227292886, -0.2243171650896879366, 0.1303628348862987119 ) ) ;
#3608 = CARTESIAN_POINT ( 'NONE',  ( 0.2001728312836554835, 0.8992297217125786446, -0.02202560568561333018 ) ) ;
#3609 = CYLINDRICAL_SURFACE ( 'NONE', #2539, 0.03793922321424975097 ) ;
#3610 = CARTESIAN_POINT ( 'NONE',  ( 0.1369981599629852831, 0.8992297217125786446, -0.1281527968897775704 ) ) ;
#3611 = B_SPLINE_CURVE_WITH_KNOTS ( 'NONE', 3,
 ( #1957, #1202, #3953, #3299, #3974, #840, #2316, #2637 ),
 .UNSPECIFIED., .F., .F.,
 ( 4, 1, 1, 1, 1, 4 ),
 ( 0.000000000000000000, 0.2142857142857140795, 0.4285714285714290472, 0.7142857142857139685, 0.7857142857142860315, 1.000000000000000000 ),
 .UNSPECIFIED. ) ;
#3612 = CARTESIAN_POINT ( 'NONE',  ( -0.1480011543044449096, 0.7608988589859352336, 0.03184317138939168901 ) ) ;
#3613 = B_SPLINE_SURFACE_WITH_KNOTS ( 'NONE', 3, 3, ( 
 ( #3303, #2616, #1358, #2743, #1594, #1254, #3794, #4002, #163, #206, #887, #2275 ),
 ( #2641, #4025, #4198, #3117, #1131, #2090, #3180, #6, #1043, #1452, #93, #2769 ),
 ( #767, #2815, #4240, #2429, #1385, #3204, #4219, #373, #1769, #1088, #2790, #676 ),
 ( #2067, #68, #48, #3815, #2472, #2494, #3482, #3858, #744, #1407, #3503, #2840 ) ),
 .UNSPECIFIED., .F., .F., .F.,
 ( 4, 4 ),
 ( 4, 1, 1, 1, 2, 1, 1, 1, 4 ),
 ( 0.000000000000000000, 1.000000000000000000 ),
 ( 0.000000000000000000, 0.07865933440786999908, 0.1573186688157399982, 0.2359780032236099834, 0.3932966720393500371, 0.5506156649067069919, 0.6292751613403860800, 0.7079346577740650570, 0.7865941542077430348 ),
 .UNSPECIFIED. ) ;
#3614 = CARTESIAN_POINT ( 'NONE',  ( -0.1050809110650444411, 0.7617138735141428807, 0.05754104048198890875 ) ) ;
#3615 = CARTESIAN_POINT ( 'NONE',  ( -0.1529447287828721025, 0.8992297217169185064, -0.1390374273495465218 ) ) ;
#3616 = CARTESIAN_POINT ( 'NONE',  ( 0.1816313750503910640, 0.5319520392049452706, 0.007153266480159821764 ) ) ;
#3617 = EDGE_LOOP ( 'NONE', ( #3907, #1867 ) ) ;
#3618 = B_SPLINE_SURFACE_WITH_KNOTS ( 'NONE', 3, 3, ( 
 ( #4000, #523, #3253, #140, #886, #4381, #2271, #202, #3709, #1590, #4021 ),
 ( #2293, #3685, #224, #1614, #2659, #4042, #4131, #3415, #4084, #4063, #4106 ),
 ( #2431, #2002, #973, #4444, #1637, #1704, #950, #3391, #3030, #246, #2382 ),
 ( #267, #3073, #4155, #3730, #658, #2049, #612, #291, #633, #4402, #1658 ),
 ( #3097, #3772, #1682, #2337, #3439, #4470, #1312, #1335, #2722, #995, #332 ) ),
 .UNSPECIFIED., .F., .F., .F.,
 ( 4, 1, 4 ),
 ( 4, 1, 1, 1, 1, 1, 1, 1, 4 ),
 ( 0.000000000000000000, 0.5714285714285709528, 1.000000000000000000 ),
 ( 0.000000000000000000, 0.1341620703363499978, 0.1788827604484660161, 0.3577655208969329759, 0.5366482813453989920, 0.7155310417938659517, 0.8944138022423320233, 1.073296562690799982, 1.252179323139259948 ),
 .UNSPECIFIED. ) ;
#3619 = CARTESIAN_POINT ( 'NONE',  ( -0.06041443326199690683, 0.8992297217125786446, -0.1391786833145272351 ) ) ;
#3620 = FACE_OUTER_BOUND ( 'NONE', #2665, .T. ) ;
#3621 = CARTESIAN_POINT ( 'NONE',  ( -0.3124912344202706582, -0.4944386985252698929, 0.05648131367690632093 ) ) ;
#3622 = B_SPLINE_CURVE_WITH_KNOTS ( 'NONE', 3,
 ( #2913, #2978, #539, #1586, #1677, #3069, #4398, #1245, #2377, #1931, #1610, #4440, #1286, #3726, #2718, #1998, #608, #3342, #2632, #2289, #4102 ),
 .UNSPECIFIED., .F., .F.,
 ( 4, 1, 1, 1, 1, 1, 1, 1, 1, 1, 1, 1, 1, 1, 1, 1, 1, 1, 4 ),
 ( 0.000000000000000000, 0.04136140573025005873, 0.1569643539725254500, 0.1921876272501069904, 0.2075734043008314322, 0.2089218737930661485, 0.2106364443303486156, 0.2140287493584460132, 0.2189399711088173273, 0.2261725701733319494, 0.2371601334127582117, 0.2539842954743426473, 0.2794480201290213128, 0.3168644627254744717, 0.4256339928928453142, 0.5344035230602147690, 0.7115945239655997456, 0.8887855248710150313, 1.000000000000000000 ),
 .UNSPECIFIED. ) ;
#3623 = ORIENTED_EDGE ( 'NONE', *, *, #1761, .F. ) ;
#3624 = CARTESIAN_POINT ( 'NONE',  ( 0.1579843606750386265, 0.5865202639103849203, -0.1235451580662444981 ) ) ;
#3625 = LINE ( 'NONE', #1875, #1013 ) ;
#3626 = CARTESIAN_POINT ( 'NONE',  ( 0.2298524027420814353, 0.8739326265995401855, 0.05141432358125625629 ) ) ;
#3627 = ORIENTED_EDGE ( 'NONE', *, *, #1041, .T. ) ;
#3628 = CARTESIAN_POINT ( 'NONE',  ( -0.1936012724417508490, 0.8992297217126956621, 0.009002520220078306240 ) ) ;
#3629 = CARTESIAN_POINT ( 'NONE',  ( -0.02170113675400674874, -0.1256728310705665375, 0.1730724139842116649 ) ) ;
#3630 = CIRCLE ( 'NONE', #4350, 0.1087591065475158325 ) ;
#3631 = CARTESIAN_POINT ( 'NONE',  ( 0.08510884542685052956, -0.2852408558551335349, 0.1301909758829905561 ) ) ;
#3632 = CARTESIAN_POINT ( 'NONE',  ( 0.06841150219998393123, 0.8950429836174587095, -0.1248912244208505162 ) ) ;
#3633 = B_SPLINE_CURVE_WITH_KNOTS ( 'NONE', 3,
 ( #500, #796, #3971, #1843, #477, #860, #1866, #1933, #2247, #3639, #119, #521 ),
 .UNSPECIFIED., .F., .F.,
 ( 4, 1, 1, 1, 2, 1, 1, 1, 4 ),
 ( 0.000000000000000000, 0.09999989700901250333, 0.1999997940180252565, 0.2999996910270372741, 0.4999994850450625306, 0.6999996910270367412, 0.7999997940180245681, 0.8999998970090122841, 1.000000000000000000 ),
 .UNSPECIFIED. ) ;
#3634 = CARTESIAN_POINT ( 'NONE',  ( 0.2199024315004345642, 0.8319487796326991980, -0.1129818381888512552 ) ) ;
#3635 = CARTESIAN_POINT ( 'NONE',  ( -0.1427586540352512035, 0.6406727826603557663, 0.03232232629073310964 ) ) ;
#3636 = CARTESIAN_POINT ( 'NONE',  ( 0.04825431023506819572, 0.8752602227563537340, 0.08305613009817766623 ) ) ;
#3637 = CARTESIAN_POINT ( 'NONE',  ( -0.2144037463652171682, 0.8319554057478613096, -0.1184900055749055214 ) ) ;
#3638 = AXIS2_PLACEMENT_3D ( 'NONE', #3370, #1022, #2407 ) ;
#3639 = CARTESIAN_POINT ( 'NONE',  ( 0.1487008804888315661, 0.5320312788480897614, -0.1654576339710174260 ) ) ;
#3640 = ORIENTED_EDGE ( 'NONE', *, *, #4342, .F. ) ;
#3641 = CARTESIAN_POINT ( 'NONE',  ( 0.06806934630992778068, 0.8927770159738427358, -0.1245004614215465266 ) ) ;
#3642 = FACE_OUTER_BOUND ( 'NONE', #2802, .T. ) ;
#3643 = CARTESIAN_POINT ( 'NONE',  ( -0.1963001791138038188, 0.8992297217372423601, -0.09910159069461844938 ) ) ;
#3644 = VERTEX_POINT ( 'NONE', #1516 ) ;
#3645 = CARTESIAN_POINT ( 'NONE',  ( 0.1663383073458850336, 0.7360795205825996224, -0.08830730219261449798 ) ) ;
#3646 = CARTESIAN_POINT ( 'NONE',  ( 0.1695358449531359779, 0.5318801819389643581, -0.1292261950558338535 ) ) ;
#3647 = CARTESIAN_POINT ( 'NONE',  ( 0.001358294415303585049, -0.3401520365980062466, 0.07143581108995894491 ) ) ;
#3648 = CALENDAR_DATE ( 2026, 29, 6 ) ;
#3649 = CARTESIAN_POINT ( 'NONE',  ( -0.04163949189417919666, -0.003896314204935377376, 0.4076456094562680432 ) ) ;
#3650 = CARTESIAN_POINT ( 'NONE',  ( -0.2021219304612989487, 0.8992297217126956621, 0.01476527723245068223 ) ) ;
#3651 = ADVANCED_FACE ( 'NONE', ( #2929 ), #725, .T. ) ;
#3652 = CARTESIAN_POINT ( 'NONE',  ( 0.02047611485159097841, -0.1201585626897523351, 0.1751441855713381790 ) ) ;
#3653 = CARTESIAN_POINT ( 'NONE',  ( -0.2389358187496384289, 0.8492830258486258055, -0.007294051113897647570 ) ) ;
#3654 = CARTESIAN_POINT ( 'NONE',  ( 0.001358294415303849595, -0.0003191256688379571506, 0.4112223094388880451 ) ) ;
#3655 = EDGE_CURVE ( 'NONE', #4111, #1255, #1252, .T. ) ;
#3656 = CARTESIAN_POINT ( 'NONE',  ( 0.1554930716797484347, 0.8373392208377219426, -0.1641653814409694545 ) ) ;
#3657 = CARTESIAN_POINT ( 'NONE',  ( -0.1853812291246998978, 0.8266654098725774169, 0.04727093180410339018 ) ) ;
#3658 = CARTESIAN_POINT ( 'NONE',  ( 0.001421322026237919643, -0.8747071845238334475, -0.04838433241814063535 ) ) ;
#3659 = CARTESIAN_POINT ( 'NONE',  ( -0.2220382235547439242, 0.8322343667574456649, -0.09751125761185558405 ) ) ;
#3660 = CARTESIAN_POINT ( 'NONE',  ( -0.1367769196697109502, 0.8974153697600651958, -0.1547521761567648979 ) ) ;
#3661 = VERTEX_POINT ( 'NONE', #133 ) ;
#3662 = CARTESIAN_POINT ( 'NONE',  ( -0.03481635518465267531, 0.8914650282882221610, -0.1451836422530817794 ) ) ;
#3663 = CARTESIAN_POINT ( 'NONE',  ( -0.1526504404141517113, 0.8373392193422189989, 0.06739672009082432746 ) ) ;
#3664 = CARTESIAN_POINT ( 'NONE',  ( 0.001358294415303849595, -0.003896314204935377376, 0.4076456094562680432 ) ) ;
#3665 = ADVANCED_FACE ( 'NONE', ( #4239 ), #1302, .T. ) ;
#3666 = CARTESIAN_POINT ( 'NONE',  ( -0.05609333228986754238, 0.8916418771695642231, -0.1324977291719636463 ) ) ;
#3667 = CARTESIAN_POINT ( 'NONE',  ( -0.1373080831183858541, 0.8992297217125786446, -0.1284470479110707275 ) ) ;
#3668 = ORIENTED_EDGE ( 'NONE', *, *, #3043, .T. ) ;
#3669 = CARTESIAN_POINT ( 'NONE',  ( 0.1568199760550900435, 0.6653006228819305923, -0.1036303939649050043 ) ) ;
#3670 = CARTESIAN_POINT ( 'NONE',  ( 0.1396195580825271565, 0.8974157218168072880, -0.1547521393047246452 ) ) ;
#3671 = DIRECTION ( 'NONE',  ( 0.000000000000000000, 0.000000000000000000, 1.000000000000000000 ) ) ;
#3672 = CARTESIAN_POINT ( 'NONE',  ( 0.1401507080124619331, 0.8992297217125786446, 0.03167838157762534190 ) ) ;
#3673 = ORIENTED_EDGE ( 'NONE', *, *, #2262, .T. ) ;
#3674 = CARTESIAN_POINT ( 'NONE',  ( -0.1817519805023062041, 0.8992297217126723474, 0.02250715192127456313 ) ) ;
#3675 = CARTESIAN_POINT ( 'NONE',  ( 0.05978715584261486138, -0.2564450102851298374, 0.1543037162210877944 ) ) ;
#3676 = CARTESIAN_POINT ( 'NONE',  ( -0.1367769196692208422, 0.8974153697600568691, 0.05798351132049543027 ) ) ;
#3677 = CARTESIAN_POINT ( 'NONE',  ( 0.08558488617387001451, -0.2287395468232200635, 0.1216755425521121314 ) ) ;
#3678 = B_SPLINE_CURVE_WITH_KNOTS ( 'NONE', 3,
 ( #1669, #1756, #38, #2757, #2712, #2462 ),
 .UNSPECIFIED., .F., .F.,
 ( 4, 2, 4 ),
 ( 0.000000000000000000, 0.4999911379846690429, 1.000000000000000000 ),
 .UNSPECIFIED. ) ;
#3679 = CARTESIAN_POINT ( 'NONE',  ( 0.04667298738044516060, 0.8992297217125786446, -0.1308939644715946815 ) ) ;
#3680 = CARTESIAN_POINT ( 'NONE',  ( -0.1369035636421556956, 0.6856324495140949660, 0.03498531977907046175 ) ) ;
#3681 = CARTESIAN_POINT ( 'NONE',  ( 0.1677832679619647716, -0.4944635771152817716, 0.2249685745712217411 ) ) ;
#3682 = CARTESIAN_POINT ( 'NONE',  ( -0.1946468225444867028, 0.8992297217391934661, -0.1035316974181836464 ) ) ;
#3683 = CARTESIAN_POINT ( 'NONE',  ( 0.1174838043186233472, 0.8002100024910860920, 0.05995957521958825143 ) ) ;
#3684 = VERTEX_POINT ( 'NONE', #2537 ) ;
#3685 = CARTESIAN_POINT ( 'NONE',  ( -0.05542369725154148302, -0.2664924553782029304, 0.1568872715097634207 ) ) ;
#3686 = EDGE_CURVE ( 'NONE', #335, #1530, #4437, .T. ) ;
#3687 = CARTESIAN_POINT ( 'NONE',  ( 0.001421322026237919643, -0.8747071845238334475, -0.04838433241814063535 ) ) ;
#3688 = CARTESIAN_POINT ( 'NONE',  ( 0.03594819027594944871, -0.3003301975060962969, 0.1782067434057508781 ) ) ;
#3689 = CARTESIAN_POINT ( 'NONE',  ( 0.1216031178532164247, -0.4944386986421250851, -0.3668496107593325339 ) ) ;
#3690 = CARTESIAN_POINT ( 'NONE',  ( -0.06960078564288961489, 0.5066579053040911607, -0.2283242184200455493 ) ) ;
#3691 = CARTESIAN_POINT ( 'NONE',  ( -0.1835971957904335150, 0.8992297217329997538, -0.1182774021846820511 ) ) ;
#3692 = EDGE_LOOP ( 'NONE', ( #2558, #4069, #2270 ) ) ;
#3693 = EDGE_CURVE ( 'NONE', #1822, #3749, #3483, .T. ) ;
#3694 = CARTESIAN_POINT ( 'NONE',  ( 0.1992276625373833043, 0.8049848904064049737, -0.07209680421328409916 ) ) ;
#3695 = CARTESIAN_POINT ( 'NONE',  ( 0.2433273635060735074, 0.8845355244522048466, -0.1278246415117254564 ) ) ;
#3696 = CARTESIAN_POINT ( 'NONE',  ( -0.2339811404185495325, 0.8553513690161758110, -0.1317089519706955425 ) ) ;
#3697 = CARTESIAN_POINT ( 'NONE',  ( 0.1916538313578249053, 0.8992297217800230280, 0.03010891173464525644 ) ) ;
#3698 = B_SPLINE_CURVE_WITH_KNOTS ( 'NONE', 3,
 ( #804, #2188, #3578, #777, #57, #3867 ),
 .UNSPECIFIED., .F., .F.,
 ( 4, 2, 4 ),
 ( 0.000000000000000000, 0.4999685123971170375, 1.000000000000000000 ),
 .UNSPECIFIED. ) ;
#3699 = CARTESIAN_POINT ( 'NONE',  ( -0.08338539058198281284, -0.2684021671128931086, 0.1266455833442594048 ) ) ;
#3700 = CARTESIAN_POINT ( 'NONE',  ( -0.05503575913907725325, -0.2555833431272963030, 0.1667927915678510120 ) ) ;
#3701 = DIRECTION ( 'NONE',  ( 1.000000000000000000, 0.000000000000000000, 0.000000000000000000 ) ) ;
#3702 = CARTESIAN_POINT ( 'NONE',  ( 0.001358294415303585049, -0.3401520365980062466, 0.07143581108995894491 ) ) ;
#3703 = CARTESIAN_POINT ( 'NONE',  ( 0.1187565571388254637, 0.5322436210796773759, 0.09847315811133650065 ) ) ;
#3704 = CARTESIAN_POINT ( 'NONE',  ( -0.1667182821891433075, 0.5318798719904230810, 0.03240567393448962746 ) ) ;
#3705 = DIRECTION ( 'NONE',  ( 1.000000000000000000, 0.000000000000000000, 0.000000000000000000 ) ) ;
#3706 = CARTESIAN_POINT ( 'NONE',  ( -0.1696313121687404446, 0.5068152615927373761, 0.03362550499273835036 ) ) ;
#3707 = CARTESIAN_POINT ( 'NONE',  ( 0.1315451946845987707, 0.6864728315759440758, 0.04413411687293128383 ) ) ;
#3708 = ORIENTED_EDGE ( 'NONE', *, *, #2880, .T. ) ;
#3709 = CARTESIAN_POINT ( 'NONE',  ( 0.05221849669330692195, -0.2842358034511545117, 0.1684218116422165346 ) ) ;
#3710 = CARTESIAN_POINT ( 'NONE',  ( -0.08561093231396978143, -0.2085720305193790869, 0.1201684253217553677 ) ) ;
#3711 = FACE_OUTER_BOUND ( 'NONE', #2893, .T. ) ;
#3712 = CARTESIAN_POINT ( 'NONE',  ( 0.1514709503020799652, -0.2082604421483494617, -0.1752850632596306690 ) ) ;
#3713 = CARTESIAN_POINT ( 'NONE',  ( -0.06898597408335281622, 0.5241518853606553785, -0.2272823288810226494 ) ) ;
#3714 = CARTESIAN_POINT ( 'NONE',  ( -0.1940356042151885341, 0.8992297217126975495, 0.008109537219824545715 ) ) ;
#3715 = EDGE_LOOP ( 'NONE', ( #638, #1334, #466 ) ) ;
#3716 = CARTESIAN_POINT ( 'NONE',  ( 0.1396191097355123367, 0.8974124752473060518, 0.05797892508863154021 ) ) ;
#3717 = CARTESIAN_POINT ( 'NONE',  ( 0.1760402642119773264, 0.8540231175364294547, -0.1700838925507537902 ) ) ;
#3718 = EDGE_CURVE ( 'NONE', #3390, #2449, #2762, .T. ) ;
#3719 = CARTESIAN_POINT ( 'NONE',  ( -0.2484015669169528651, 0.8744012100918584496, -0.09221727458255807308 ) ) ;
#3720 = CARTESIAN_POINT ( 'NONE',  ( 0.1414277713507988421, 0.8992297217125786446, 0.04183073408734743620 ) ) ;
#3721 = CARTESIAN_POINT ( 'NONE',  ( 0.05837740271729933983, -0.2462861228145025172, 0.1695875386383625116 ) ) ;
#3722 = CARTESIAN_POINT ( 'NONE',  ( -0.1696313122577155497, 0.5068152615935670458, -0.1303941696434443021 ) ) ;
#3723 = CARTESIAN_POINT ( 'NONE',  ( 0.1974884645533354632, 0.8992297217900309114, 0.006763356729255668755 ) ) ;
#3724 = CARTESIAN_POINT ( 'NONE',  ( -0.1217283313664906941, 0.8232217949924263145, -0.1614224683628650847 ) ) ;
#3725 = CARTESIAN_POINT ( 'NONE',  ( -0.1666939015992173478, 0.5318801734203788545, 0.03245608982501787393 ) ) ;
#3726 = CARTESIAN_POINT ( 'NONE',  ( -0.2107543407294852900, 0.8320423110241980114, 0.02796229779443566710 ) ) ;
#3727 = CARTESIAN_POINT ( 'NONE',  ( -0.2508351759344247256, -0.6470671011782455073, -0.3508398599598645529 ) ) ;
#3728 = CARTESIAN_POINT ( 'NONE',  ( 0.1090954359046935052, 0.7742980682003077764, 0.05883148057123435692 ) ) ;
#3729 = ORIENTED_EDGE ( 'NONE', *, *, #390, .T. ) ;
#3730 = CARTESIAN_POINT ( 'NONE',  ( -0.06474915042090129136, -0.3199347095749958125, 0.1470963396944987012 ) ) ;
#3731 = CARTESIAN_POINT ( 'NONE',  ( -0.1889837685267929390, 0.8412731642710954416, 0.05922744932041726362 ) ) ;
#3732 = CARTESIAN_POINT ( 'NONE',  ( -0.1169956030439591455, 0.7234137642352981290, -0.1485376694210520931 ) ) ;
#3733 = CARTESIAN_POINT ( 'NONE',  ( -0.02740149371407680362, -0.2545787102871111540, -0.2428161139819240977 ) ) ;
#3734 = CARTESIAN_POINT ( 'NONE',  ( -0.1180078421868083899, 0.5068683771446095276, -0.1978195846687494930 ) ) ;
#3735 = VERTEX_POINT ( 'NONE', #493 ) ;
#3736 = CARTESIAN_POINT ( 'NONE',  ( 0.2366277798861239900, 0.8420405857652026871, -0.03475165145396232058 ) ) ;
#3737 = CARTESIAN_POINT ( 'NONE',  ( 0.2456648880037082538, 0.8668823002944848755, -0.1238475319507594680 ) ) ;
#3738 = CARTESIAN_POINT ( 'NONE',  ( -0.2414061557392570279, 0.8735208662099960275, -0.1268441751047698351 ) ) ;
#3739 = CARTESIAN_POINT ( 'NONE',  ( 0.1966977509528511914, 0.8992297217921099151, 0.008483983892996775980 ) ) ;
#3740 = EDGE_CURVE ( 'NONE', #1391, #3644, #917, .T. ) ;
#3741 = CARTESIAN_POINT ( 'NONE',  ( -0.01652668633569173359, -0.09656862277496894298, 0.2382846160145696279 ) ) ;
#3742 = CARTESIAN_POINT ( 'NONE',  ( -0.04529052962732817850, 0.8432297721559758319, -0.1754040568967291103 ) ) ;
#3743 = CARTESIAN_POINT ( 'NONE',  ( 0.08844490774151753110, -0.2082604424846708213, 0.1201728141339604011 ) ) ;
#3744 = CARTESIAN_POINT ( 'NONE',  ( -0.1696388530287277485, 0.5152576325828797099, 0.03360977658751629349 ) ) ;
#3745 = CARTESIAN_POINT ( 'NONE',  ( -0.2230074996805987142, 0.8326132098626963796, -0.007874361113864369183 ) ) ;
#3746 = CARTESIAN_POINT ( 'NONE',  ( -0.2010588195095541209, -0.6470671012587331239, -0.3811294789080672540 ) ) ;
#3747 = CARTESIAN_POINT ( 'NONE',  ( 0.1836642871080468031, 0.5237423541505787927, -0.1045634087703580101 ) ) ;
#3748 = CARTESIAN_POINT ( 'NONE',  ( 0.1557151285955354347, 0.8472610731379240923, 0.07220982663994977846 ) ) ;
#3749 = VERTEX_POINT ( 'NONE', #2581 ) ;
#3750 = CARTESIAN_POINT ( 'NONE',  ( 0.1724739524525663592, 0.5068152615964354180, -0.1303941698284608874 ) ) ;
#3751 = CARTESIAN_POINT ( 'NONE',  ( -0.2226457472259956438, 0.8384775990407165036, 0.02283307564792633540 ) ) ;
#3752 = CARTESIAN_POINT ( 'NONE',  ( -0.1624258222058738432, 0.8594607634632585036, -0.1754877341744137675 ) ) ;
#3753 = CARTESIAN_POINT ( 'NONE',  ( 0.2176997665742525234, -0.4538934328863535317, -0.2312845790546887437 ) ) ;
#3754 = CARTESIAN_POINT ( 'NONE',  ( -0.1483299004506690444, 0.5153798335137323994, -0.1674412055087172446 ) ) ;
#3755 = ORIENTED_EDGE ( 'NONE', *, *, #4291, .F. ) ;
#3756 = CARTESIAN_POINT ( 'NONE',  ( 0.1767092817984673436, 0.8502224443852798297, -0.1696580658904765226 ) ) ;
#3757 = CARTESIAN_POINT ( 'NONE',  ( 0.001392715038637038112, -0.2783167414691325448, 0.05278692544209735021 ) ) ;
#3758 = CARTESIAN_POINT ( 'NONE',  ( -0.1433674124807256534, 0.8660013209290844394, -0.1766045759003841698 ) ) ;
#3759 = CARTESIAN_POINT ( 'NONE',  ( -0.2978161037539674982, -0.6470671011028404918, 0.2151977489786696118 ) ) ;
#3760 = CARTESIAN_POINT ( 'NONE',  ( -0.05944324219976461487, 0.8992888968630585733, 0.04096973501268853096 ) ) ;
#3761 = CARTESIAN_POINT ( 'NONE',  ( 0.1680765639143803059, 0.7329699371153848286, -0.02791695905778942763 ) ) ;
#3762 = CARTESIAN_POINT ( 'NONE',  ( 0.2151906844892184645, 0.8319954022814962658, 0.02538882316899461825 ) ) ;
#3763 = DIRECTION ( 'NONE',  ( -3.789754356925084744E-14, 1.000000000000000000, 4.034362672568075006E-14 ) ) ;
#3764 = CIRCLE ( 'NONE', #2611, 0.005058563095233300708 ) ;
#3765 = CARTESIAN_POINT ( 'NONE',  ( 0.007130361087403385735, -0.4944627066586262387, 0.2822107783015349591 ) ) ;
#3766 = CARTESIAN_POINT ( 'NONE',  ( -0.1285894636603160668, 0.8292288998109631493, 0.06558777789812089698 ) ) ;
#3767 = CARTESIAN_POINT ( 'NONE',  ( -0.2978233264887045761, -0.6141296667654909669, 0.2151994982790178534 ) ) ;
#3768 = CARTESIAN_POINT ( 'NONE',  ( 0.1846947110900555022, 0.5067880069682328958, -0.1049046309437893093 ) ) ;
#3769 = EDGE_CURVE ( 'NONE', #2920, #2960, #217, .T. ) ;
#3770 = CARTESIAN_POINT ( 'NONE',  ( 0.1110248623506355226, 0.7736845672872961766, 0.05811135207340442643 ) ) ;
#3771 = VERTEX_POINT ( 'NONE', #92 ) ;
#3772 = CARTESIAN_POINT ( 'NONE',  ( -0.08262989802463041600, -0.2810218397444376182, 0.1292630485507391680 ) ) ;
#3773 = CARTESIAN_POINT ( 'NONE',  ( -0.1165498939153374602, 0.7485055278474450624, -0.1491707797870776286 ) ) ;
#3774 = CARTESIAN_POINT ( 'NONE',  ( -0.09718913744105144026, -0.2545787105704643283, -0.2104355407068239925 ) ) ;
#3775 = CIRCLE ( 'NONE', #1676, 0.1011712619046658546 ) ;
#3776 = CARTESIAN_POINT ( 'NONE',  ( -0.1635300523925428129, 0.5152467901142562257, -0.1431261317146926004 ) ) ;
#3777 = AXIS2_PLACEMENT_3D ( 'NONE', #524, #4383, #2942 ) ;
#3778 = ORIENTED_EDGE ( 'NONE', *, *, #2629, .F. ) ;
#3779 = CARTESIAN_POINT ( 'NONE',  ( -0.2327153640148313107, 0.8479440140147307403, 0.02281564857766881643 ) ) ;
#3780 = CARTESIAN_POINT ( 'NONE',  ( 0.2506476051094997937, 0.8851639799344416248, -0.07596188646783444409 ) ) ;
#3781 = CARTESIAN_POINT ( 'NONE',  ( 0.2250279797692845696, 0.8971412606243969190, -0.1151440053713665840 ) ) ;
#3782 = CARTESIAN_POINT ( 'NONE',  ( -0.1607123159203255880, 0.8481010816652085893, -0.1699342902452988524 ) ) ;
#3783 = CARTESIAN_POINT ( 'NONE',  ( -0.2924180495409823832, -0.5106568048483186573, -0.2389341285363837109 ) ) ;
#3784 = CARTESIAN_POINT ( 'NONE',  ( -0.06556885816286942004, 0.8950429836174478293, 0.02812255957111966728 ) ) ;
#3785 = CARTESIAN_POINT ( 'NONE',  ( 0.02664712235040194929, -0.1059140639223332819, 0.2332768641172648094 ) ) ;
#3786 = CARTESIAN_POINT ( 'NONE',  ( 0.2280313604438358732, 0.8406540750679318830, 0.02359124874051641771 ) ) ;
#3787 = CARTESIAN_POINT ( 'NONE',  ( 0.08844490774151753110, -0.2082604424846708213, 0.1201728141339604011 ) ) ;
#3788 = CARTESIAN_POINT ( 'NONE',  ( 0.01659117382865073903, -0.2823975904422496019, 0.05164316296025683178 ) ) ;
#3789 = CARTESIAN_POINT ( 'NONE',  ( -0.1622879207665091084, 0.5502327478617675682, 0.03078641513360498225 ) ) ;
#3790 = CARTESIAN_POINT ( 'NONE',  ( 0.001768304290500990724, -0.5565439824359162957, 0.3400154460248380195 ) ) ;
#3791 = CARTESIAN_POINT ( 'NONE',  ( 0.1724739525415430186, 0.5068152615972678632, 0.03362550480659234203 ) ) ;
#3792 = EDGE_CURVE ( 'NONE', #3771, #2532, #1573, .T. ) ;
#3793 = CARTESIAN_POINT ( 'NONE',  ( 0.1424347042662783280, 0.7635787329245140587, 0.03951035757252896463 ) ) ;
#3794 = CARTESIAN_POINT ( 'NONE',  ( -0.02634107195662336101, 0.5328277813997122081, 0.1377594020532155183 ) ) ;
#3795 = ORIENTED_EDGE ( 'NONE', *, *, #873, .T. ) ;
#3796 = CARTESIAN_POINT ( 'NONE',  ( 0.1696526109255378501, 0.5318786610486283539, -0.1289840732416023539 ) ) ;
#3797 = CARTESIAN_POINT ( 'NONE',  ( -0.1623030835887830370, 0.5502261846353520003, -0.1275177815267135029 ) ) ;
#3798 = DIRECTION ( 'NONE',  ( -1.255840242537149547E-16, 0.000000000000000000, -1.000000000000000000 ) ) ;
#3799 = CARTESIAN_POINT ( 'NONE',  ( 0.08832792506775954955, -0.2084137820466476776, 0.1202332105761502595 ) ) ;
#3800 = EDGE_LOOP ( 'NONE', ( #3729, #179, #571, #160 ) ) ;
#3801 = CARTESIAN_POINT ( 'NONE',  ( 0.1297592809310984530, 0.8304003865202411738, -0.1630783838661220286 ) ) ;
#3802 = CARTESIAN_POINT ( 'NONE',  ( 0.2090024587998699779, 0.8992297217131349774, -0.1019650164341511789 ) ) ;
#3803 = CARTESIAN_POINT ( 'NONE',  ( -0.2183874447230075289, 0.8971500612681868603, -0.1227733173702862113 ) ) ;
#3804 = CARTESIAN_POINT ( 'NONE',  ( 0.001780643992423894739, -0.6470671015855463670, 0.3548990257794384373 ) ) ;
#3805 = CARTESIAN_POINT ( 'NONE',  ( 0.001421689457034255996, 0.8942519563516373449, 0.06588068704802843567 ) ) ;
#3806 = CARTESIAN_POINT ( 'NONE',  ( 0.1911174362130268478, -0.2700181318939549047, -0.04838433241814316110 ) ) ;
#3807 = CARTESIAN_POINT ( 'NONE',  ( 0.2278123415382912464, 0.8406548589708766617, 0.02404545205354552059 ) ) ;
#3808 = CARTESIAN_POINT ( 'NONE',  ( 0.1307348815175733425, 0.7006431350750921272, -0.1103388914637370155 ) ) ;
#3809 = CARTESIAN_POINT ( 'NONE',  ( -0.2098280027267885872, 0.8971477677982373500, 0.03743004395340799456 ) ) ;
#3810 = FACE_OUTER_BOUND ( 'NONE', #2523, .T. ) ;
#3811 = CARTESIAN_POINT ( 'NONE',  ( -0.1273990611219679991, 0.8300172066159017259, 0.06603488767294250772 ) ) ;
#3812 = CARTESIAN_POINT ( 'NONE',  ( 0.1585299788381935027, -0.4944386986092822456, 0.2433359769263705452 ) ) ;
#3813 = CARTESIAN_POINT ( 'NONE',  ( -0.1547182018353889243, 0.6394319871661902077, -0.1048950800124360955 ) ) ;
#3814 = CARTESIAN_POINT ( 'NONE',  ( 0.1671317701559073277, 0.7342517501333472030, -0.01257097187058947574 ) ) ;
#3815 = CARTESIAN_POINT ( 'NONE',  ( 0.1208504824714375925, 0.5068683771473995181, 0.1010509198315651808 ) ) ;
#3816 = ORIENTED_EDGE ( 'NONE', *, *, #1758, .F. ) ;
#3817 = CARTESIAN_POINT ( 'NONE',  ( -0.1128070852922734152, 0.8992297217125786446, -0.1291273220945504674 ) ) ;
#3818 = CARTESIAN_POINT ( 'NONE',  ( -0.1666952953149902217, 0.5318801563501849294, -0.1292218740132299315 ) ) ;
#3819 = DIRECTION ( 'NONE',  ( 0.000000000000000000, -0.7071550692858414866, -0.7070584897894494070 ) ) ;
#3820 = CARTESIAN_POINT ( 'NONE',  ( -0.2269280868449568556, 0.8971557336528935833, -0.03483452037816867075 ) ) ;
#3821 = ADVANCED_FACE ( 'NONE', ( #1304 ), #2194, .F. ) ;
#3822 = VERTEX_POINT ( 'NONE', #1672 ) ;
#3823 = CARTESIAN_POINT ( 'NONE',  ( 0.1462383352439971529, 0.6317376680460280447, -0.1305312911788651942 ) ) ;
#3824 = CARTESIAN_POINT ( 'NONE',  ( 0.2235684503587089533, 0.8971412472404824978, -0.1183111873490397953 ) ) ;
#3825 = CARTESIAN_POINT ( 'NONE',  ( -0.2010588195095541209, -0.6470671012587331239, -0.3811294789080672540 ) ) ;
#3826 = APPROVAL ( #3219, '未' ) ;
#3827 = CARTESIAN_POINT ( 'NONE',  ( 0.001421676874052566842, 0.8916233414395489110, 0.05579559381819238634 ) ) ;
#3828 = CARTESIAN_POINT ( 'NONE',  ( 0.2851484469120107446, -0.4965673251697743096, 0.1428518576048505573 ) ) ;
#3829 = CARTESIAN_POINT ( 'NONE',  ( 0.2280478373428431182, 0.8406540419575421197, 0.02355682954867483955 ) ) ;
#3830 = CARTESIAN_POINT ( 'NONE',  ( 0.1462383352439971529, 0.6317376680460280447, -0.1305312911788651942 ) ) ;
#3831 = CARTESIAN_POINT ( 'NONE',  ( -0.2392620705039227580, 0.8668913039484668071, 0.03445932179145124591 ) ) ;
#3832 = CARTESIAN_POINT ( 'NONE',  ( -0.1341555178857193331, 0.8992297217125786446, -0.1281527967845524918 ) ) ;
#3833 = CARTESIAN_POINT ( 'NONE',  ( -0.08738978171515582316, -0.2485139836860786877, 0.1192414881847424502 ) ) ;
#3834 = CARTESIAN_POINT ( 'NONE',  ( -0.1456498032706380896, -0.5565439823676513464, -0.3980214195845482861 ) ) ;
#3835 = CARTESIAN_POINT ( 'NONE',  ( -0.01670078978833175812, 0.5318801819401954845, 0.1381412629332557929 ) ) ;
#3836 = CARTESIAN_POINT ( 'NONE',  ( 0.1696082156510451688, 0.5318792651092738577, 0.03230768703558693777 ) ) ;
#3837 = CARTESIAN_POINT ( 'NONE',  ( 0.03936496515554729209, -0.3579529686564262292, 0.04540217967285494621 ) ) ;
#3838 = ORIENTED_EDGE ( 'NONE', *, *, #154, .F. ) ;
#3839 = CARTESIAN_POINT ( 'NONE',  ( -0.1882753692208644358, 0.5067716445645256140, -0.02011341147085872472 ) ) ;
#3840 = CARTESIAN_POINT ( 'NONE',  ( -0.1562251677883087497, 0.5864759908571474112, -0.1212702687619835462 ) ) ;
#3841 = CARTESIAN_POINT ( 'NONE',  ( 0.001358294415303849595, -0.0003191256688379571506, 0.4112223094388880451 ) ) ;
#3842 = CARTESIAN_POINT ( 'NONE',  ( -0.1973301993797755283, 0.8992297217125786446, -0.02202597736403298298 ) ) ;
#3843 = ORIENTED_EDGE ( 'NONE', *, *, #2209, .T. ) ;
#3844 = CARTESIAN_POINT ( 'NONE',  ( -0.01530948530798070112, -0.4086794859998917340, 0.05145611287790574639 ) ) ;
#3845 = EDGE_CURVE ( 'NONE', #3231, #2053, #3383, .T. ) ;
#3846 = CARTESIAN_POINT ( 'NONE',  ( 0.2101289607587445429, 0.8992297217126290487, -0.09517651883867943308 ) ) ;
#3847 = CARTESIAN_POINT ( 'NONE',  ( 0.3169401415835603197, -0.6141296674946925549, 0.2027665689217258704 ) ) ;
#3848 = AXIS2_PLACEMENT_3D ( 'NONE', #1955, #2379, #288 ) ;
#3849 = CARTESIAN_POINT ( 'NONE',  ( -0.1547062008623979468, 0.7823043669768162678, -0.1234534107660553576 ) ) ;
#3850 = CARTESIAN_POINT ( 'NONE',  ( -0.1467681767001932647, -0.4640297492292179693, -0.2919111113038980188 ) ) ;
#3851 = CARTESIAN_POINT ( 'NONE',  ( 0.1408240805099066073, 0.8392626072388018610, 0.07020577075130399192 ) ) ;
#3852 = DIRECTION ( 'NONE',  ( 0.000000000000000000, 0.000000000000000000, 1.000000000000000000 ) ) ;
#3853 = CARTESIAN_POINT ( 'NONE',  ( 0.2333489925016309363, 0.8395513468793488476, -0.08916750666021037997 ) ) ;
#3854 = CARTESIAN_POINT ( 'NONE',  ( -0.07556674363210862111, -0.1481108564550429885, 0.1250892740918265744 ) ) ;
#3855 = CARTESIAN_POINT ( 'NONE',  ( 0.1926530722716097432, -0.6141296673472582679, 0.3066939953147215792 ) ) ;
#3856 = CARTESIAN_POINT ( 'NONE',  ( 0.001421322026237907066, -0.7321568765001595924, 0.05278692948652521227 ) ) ;
#3857 = CARTESIAN_POINT ( 'NONE',  ( 0.1583024120230960008, 0.6819237800081234813, -0.0003326311930808649431 ) ) ;
#3858 = CARTESIAN_POINT ( 'NONE',  ( -0.06960077854571669609, 0.5066601569435958963, 0.1315542682736939306 ) ) ;
#3859 = CARTESIAN_POINT ( 'NONE',  ( -0.1696313121687404446, 0.5068152615927373761, 0.03362550499273835036 ) ) ;
#3860 = CARTESIAN_POINT ( 'NONE',  ( -0.1667655753641362482, 0.5318792651192799648, -0.1290763518707610802 ) ) ;
#3861 = CARTESIAN_POINT ( 'NONE',  ( 0.2358486093281956797, 0.8418640592620557639, -0.007510090647551040215 ) ) ;
#3862 = CARTESIAN_POINT ( 'NONE',  ( -0.2267526989801145199, 0.8971546247460563395, -0.02131499397988508362 ) ) ;
#3863 = VERTEX_POINT ( 'NONE', #3065 ) ;
#3864 = CARTESIAN_POINT ( 'NONE',  ( -0.2314722823174633626, 0.8479364539539213652, 0.02553832683675685139 ) ) ;
#3865 = CARTESIAN_POINT ( 'NONE',  ( -0.05609333229029154350, 0.8916418770697283058, -0.1324977291699203641 ) ) ;
#3866 = CARTESIAN_POINT ( 'NONE',  ( -0.005351608927415843660, -0.2789273646955113262, 0.05260964836269715200 ) ) ;
#3867 = CARTESIAN_POINT ( 'NONE',  ( 0.1408240805099069404, 0.8392626072388018610, 0.07020577075130399192 ) ) ;
#3868 = EDGE_LOOP ( 'NONE', ( #1774, #1751, #1577, #438 ) ) ;
#3869 = CARTESIAN_POINT ( 'NONE',  ( 0.1010939397460499795, 0.8432145749091214393, -0.1721054849326922598 ) ) ;
#3870 = CARTESIAN_POINT ( 'NONE',  ( -0.2441570228510710761, -0.4944386985488050112, 0.1860210983409565366 ) ) ;
#3871 = CARTESIAN_POINT ( 'NONE',  ( 0.2231789828789408348, 0.8971495900052027794, 0.02244101824100787346 ) ) ;
#3872 = B_SPLINE_CURVE_WITH_KNOTS ( 'NONE', 3,
 ( #3133, #368, #1446, #4214 ),
 .UNSPECIFIED., .F., .F.,
 ( 4, 4 ),
 ( 3.081001273509199834, 3.333894264623840087 ),
 .UNSPECIFIED. ) ;
#3873 = CARTESIAN_POINT ( 'NONE',  ( -0.2395551878033506110, 0.8845382146875343521, 0.03291381135514533096 ) ) ;
#3874 = EDGE_CURVE ( 'NONE', #3296, #3549, #3368, .T. ) ;
#3875 = CARTESIAN_POINT ( 'NONE',  ( 0.2179066119099213883, 0.8319489462179903150, -0.1172036892186480994 ) ) ;
#3876 = CARTESIAN_POINT ( 'NONE',  ( -0.08748364384880914779, -0.2228278255060446855, 0.1191899837523733019 ) ) ;
#3877 = FACE_OUTER_BOUND ( 'NONE', #3692, .T. ) ;
#3878 = CARTESIAN_POINT ( 'NONE',  ( 0.1219504165970370091, 0.7823043667823298408, 0.04219366301083902343 ) ) ;
#3879 = CARTESIAN_POINT ( 'NONE',  ( 0.1412915983978833279, 0.7192978416046282852, 0.03343257516800215989 ) ) ;
#3880 = CARTESIAN_POINT ( 'NONE',  ( 0.03792466270851348881, -0.3490410989940271880, 0.04601304942025678801 ) ) ;
#3881 = CARTESIAN_POINT ( 'NONE',  ( 0.1156395677410115425, 0.8992297217125786446, 0.03235912111851781126 ) ) ;
#3882 = CARTESIAN_POINT ( 'NONE',  ( -0.2147331789851678052, 0.8250133738910214731, -0.01289241847251267406 ) ) ;
#3883 = CARTESIAN_POINT ( 'NONE',  ( 0.1911174362130264870, -0.2082604419367170279, -0.04838433241814323743 ) ) ;
#3884 = CARTESIAN_POINT ( 'NONE',  ( -0.2029937191486273773, 0.8992297217399026765, -0.1098321518316194290 ) ) ;
#3885 = CARTESIAN_POINT ( 'NONE',  ( -0.2495626363168020889, 0.8619781583002149583, -0.03456151331936790222 ) ) ;
#3886 = ORIENTED_EDGE ( 'NONE', *, *, #894, .T. ) ;
#3887 = DIRECTION ( 'NONE',  ( 0.8738324236868819650, 0.2477323992729333624, -0.4183844567667224235 ) ) ;
#3888 = CARTESIAN_POINT ( 'NONE',  ( -0.01939346842884226083, -0.2860232854995796714, 0.05062258013696128989 ) ) ;
#3889 = CARTESIAN_POINT ( 'NONE',  ( -0.06701463927665413101, -0.1219461776069272196, 0.1286240633169423164 ) ) ;
#3890 = ORIENTED_EDGE ( 'NONE', *, *, #3718, .T. ) ;
#3891 = CARTESIAN_POINT ( 'NONE',  ( -0.02519341587424181808, 0.7823043668756877178, -0.1613582235190133551 ) ) ;
#3892 = CARTESIAN_POINT ( 'NONE',  ( -0.07068390389770315418, -0.4951482407550722997, 0.2843079699746208777 ) ) ;
#3893 = CARTESIAN_POINT ( 'NONE',  ( 0.1632142328139725707, 0.8895095627037991060, 0.07313292734421447672 ) ) ;
#3894 = CARTESIAN_POINT ( 'NONE',  ( 0.05893597604175305343, 0.8916418770662112303, 0.03572906457750785886 ) ) ;
#3895 = CARTESIAN_POINT ( 'NONE',  ( -0.2466731680719995989, 0.8669969777027635160, 0.01695233756566024916 ) ) ;
#3896 = CARTESIAN_POINT ( 'NONE',  ( 0.1408240805099094939, 0.8392626072388108538, -0.1669744355875841801 ) ) ;
#3897 = CIRCLE ( 'NONE', #1946, 0.05690883482137465421 ) ;
#3898 = CARTESIAN_POINT ( 'NONE',  ( -0.08144488126806057049, -0.2605856499533020787, 0.1223471664146102006 ) ) ;
#3899 = CARTESIAN_POINT ( 'NONE',  ( -0.1191310993041437838, 0.7823043669379156073, 0.04224824632130294577 ) ) ;
#3900 = CARTESIAN_POINT ( 'NONE',  ( 0.07915899511716151249, -0.3169896557745359722, 0.1415641481554006653 ) ) ;
#3901 = CARTESIAN_POINT ( 'NONE',  ( -0.1278922412078792870, 0.7006431350619628518, 0.01357022662940082953 ) ) ;
#3902 = CARTESIAN_POINT ( 'NONE',  ( -0.1882752368657442943, 0.5067716448653035721, -0.04838450703514567824 ) ) ;
#3903 = CARTESIAN_POINT ( 'NONE',  ( -0.1504862119976372592, 0.6834140410741180727, -0.1104729359122419569 ) ) ;
#3904 = CARTESIAN_POINT ( 'NONE',  ( 0.1396195617252796728, 0.8974153697595702583, 0.05798351143150241166 ) ) ;
#3905 = CARTESIAN_POINT ( 'NONE',  ( -0.1387037903043600862, 0.8809105357560427230, -0.1743041438578792901 ) ) ;
#3906 = DIRECTION ( 'NONE',  ( -0.2207687201508331254, -0.9688099992376674185, -0.1125537986034860632 ) ) ;
#3907 = ORIENTED_EDGE ( 'NONE', *, *, #2821, .F. ) ;
#3908 = CARTESIAN_POINT ( 'NONE',  ( -0.1742690714972928712, -0.2082604438871687447, -0.1403623930495681016 ) ) ;
#3909 = CARTESIAN_POINT ( 'NONE',  ( 0.07306794813120426335, 0.8992297217125786446, -0.1302091710968015237 ) ) ;
#3910 = CARTESIAN_POINT ( 'NONE',  ( 0.2508723068302422532, -0.4944386986257557903, -0.2664306611359845145 ) ) ;
#3911 = ORIENTED_EDGE ( 'NONE', *, *, #341, .T. ) ;
#3912 = AXIS2_PLACEMENT_3D ( 'NONE', #976, #4087, #4067 ) ;
#3913 = CARTESIAN_POINT ( 'NONE',  ( -0.02578616038597986160, 0.7108084544249931858, -0.1868262652898392273 ) ) ;
#3914 = CARTESIAN_POINT ( 'NONE',  ( -0.2160931468785649845, 0.8319453628924955435, -0.1150862710115639481 ) ) ;
#3915 = AXIS2_PLACEMENT_3D ( 'NONE', #1463, #2852, #4271 ) ;
#3916 = CARTESIAN_POINT ( 'NONE',  ( 0.2198137060460635672, 0.8971506769795115632, 0.02827509832767040668 ) ) ;
#3917 = CIRCLE ( 'NONE', #1966, 0.03793922321424975097 ) ;
#3918 = ORIENTED_EDGE ( 'NONE', *, *, #265, .F. ) ;
#3919 = CARTESIAN_POINT ( 'NONE',  ( 0.1412657578739306419, 0.8886898504636242535, -0.1714561384449229953 ) ) ;
#3920 = CARTESIAN_POINT ( 'NONE',  ( -0.08641436657047890657, -0.2612232579272515953, 0.1197510552678022200 ) ) ;
#3921 = CARTESIAN_POINT ( 'NONE',  ( -0.06846525203518655234, -0.4944496923457490922, -0.3804727700779479416 ) ) ;
#3922 = CARTESIAN_POINT ( 'NONE',  ( -0.1416430528452360671, 0.7006431350619600762, -0.02704197777289462507 ) ) ;
#3923 = EDGE_CURVE ( 'NONE', #2001, #3735, #4066, .T. ) ;
#3924 = DIRECTION ( 'NONE',  ( 6.678685382510711011E-17, 0.7071550692858419307, 0.7070584897894488519 ) ) ;
#3925 = EDGE_CURVE ( 'NONE', #1849, #357, #3196, .T. ) ;
#3926 = CARTESIAN_POINT ( 'NONE',  ( -0.2106607661928879549, 0.8215747084527043054, -0.09988922404390017384 ) ) ;
#3927 = CARTESIAN_POINT ( 'NONE',  ( -0.09078919091179579737, 0.8974806593250802544, 0.05941751887988958730 ) ) ;
#3928 = CARTESIAN_POINT ( 'NONE',  ( -0.2365885237987164769, 0.8870505631545714254, -0.1257083488934641335 ) ) ;
#3929 = CARTESIAN_POINT ( 'NONE',  ( 0.001358260561296130908, -0.3071073873554958644, 0.1849489576254290668 ) ) ;
#3930 = ORIENTED_EDGE ( 'NONE', *, *, #3297, .F. ) ;
#3931 = CARTESIAN_POINT ( 'NONE',  ( -0.03626793146570638643, -0.3759725580023112190, 0.04551960288479967032 ) ) ;
#3932 = CARTESIAN_POINT ( 'NONE',  ( 0.05837743751052778401, -0.2462861393607083671, 0.1695867047125516336 ) ) ;
#3933 = CARTESIAN_POINT ( 'NONE',  ( 0.08770853270841164062, -0.2004668942537038701, 0.1205531058819532125 ) ) ;
#3934 = B_SPLINE_SURFACE_WITH_KNOTS ( 'NONE', 3, 3, ( 
 ( #897, #281, #260, #2651, #2694, #1327 ),
 ( #4077, #964, #1629, #2351, #3066, #2715 ),
 ( #4099, #584, #3431, #2307, #3000, #3743 ),
 ( #304, #2285, #3677, #556, #4394, #1950 ),
 ( #1607, #1974, #4055, #4374, #4168, #3787 ) ),
 .UNSPECIFIED., .F., .F., .F.,
 ( 4, 1, 4 ),
 ( 4, 2, 4 ),
 ( 0.000000000000000000, 0.5000000000000000000, 1.000000000000000000 ),
 ( 1.811910018358589839E-11, 0.2066742029034600026, 0.2082880853847040026 ),
 .UNSPECIFIED. ) ;
#3935 = ORIENTED_EDGE ( 'NONE', *, *, #2792, .T. ) ;
#3936 = CARTESIAN_POINT ( 'NONE',  ( 0.04435608072478690322, -0.003896314204935373907, 0.4076456094562680432 ) ) ;
#3937 = B_SPLINE_CURVE_WITH_KNOTS ( 'NONE', 3,
 ( #1654, #3727, #1723, #3457, #609, #4126 ),
 .UNSPECIFIED., .F., .F.,
 ( 4, 1, 1, 4 ),
 ( 0.000000000000000000, 0.4382224706161141348, 0.8764449412322278254, 1.000000000000000000 ),
 .UNSPECIFIED. ) ;
#3938 = CARTESIAN_POINT ( 'NONE',  ( -0.2220382235547439242, 0.8322343667574456649, -0.09751125761185558405 ) ) ;
#3939 = CARTESIAN_POINT ( 'NONE',  ( 0.2394298722853236971, 0.8870504655796008775, 0.02894011482249250061 ) ) ;
#3940 = COORDINATED_UNIVERSAL_TIME_OFFSET ( 8, 0, .AHEAD. ) ;
#3941 = EDGE_LOOP ( 'NONE', ( #548, #3422, #460, #1555, #2846 ) ) ;
#3942 = CARTESIAN_POINT ( 'NONE',  ( -0.2072317188325444037, 0.8992297217125786446, -0.007029449373276752504 ) ) ;
#3943 = CARTESIAN_POINT ( 'NONE',  ( 0.2330391439129610720, 0.8479439789783643766, -0.1249142758034907236 ) ) ;
#3944 = CARTESIAN_POINT ( 'NONE',  ( -0.007497903424365799652, -0.1109062219353318945, 0.1794875940932205149 ) ) ;
#3945 = CARTESIAN_POINT ( 'NONE',  ( -0.01786551398107030092, -0.3642155112641064507, 0.1751131010970179980 ) ) ;
#3946 = CARTESIAN_POINT ( 'NONE',  ( -0.2188292517876157806, 0.8327134367261201930, -0.1539265252556941688 ) ) ;
#3947 = CARTESIAN_POINT ( 'NONE',  ( 0.2091864177603350583, 0.8322180967695305132, -0.1310804893862311249 ) ) ;
#3948 = CARTESIAN_POINT ( 'NONE',  ( -0.1573980291167698109, 0.6810470429752276678, -0.009020569711832597190 ) ) ;
#3949 = CARTESIAN_POINT ( 'NONE',  ( 0.04701406751667989298, 0.8992297217125786446, 0.04434388426043622822 ) ) ;
#3950 = CARTESIAN_POINT ( 'NONE',  ( -0.2034990213262817538, 0.8971628497426409332, -0.1405419086581302657 ) ) ;
#3951 = CARTESIAN_POINT ( 'NONE',  ( -0.09718913741903470460, -0.2545787105704643283, -0.2104355407202214701 ) ) ;
#3952 = ORIENTED_EDGE ( 'NONE', *, *, #3437, .F. ) ;
#3953 = CARTESIAN_POINT ( 'NONE',  ( 0.2292378154793581757, 0.8971585914910018555, -0.08901772581109118621 ) ) ;
#3954 = DIRECTION ( 'NONE',  ( 1.000000000000000000, 3.750776191044286963E-14, -1.241995859703419997E-11 ) ) ;
#3955 = CARTESIAN_POINT ( 'NONE',  ( 0.3273875167765810112, -0.4944386986394007089, 0.01066363914008031794 ) ) ;
#3956 = EDGE_CURVE ( 'NONE', #3210, #1206, #3150, .T. ) ;
#3957 = EDGE_LOOP ( 'NONE', ( #2435, #1360, #4313, #3029, #3260, #1620, #3346, #3220, #4338, #4407, #379, #2380 ) ) ;
#3958 = B_SPLINE_CURVE_WITH_KNOTS ( 'NONE', 3,
 ( #1750, #3799, #33, #1413, #378, #3465 ),
 .UNSPECIFIED., .F., .F.,
 ( 4, 2, 4 ),
 ( 0.000000000000000000, 0.007748318769187316837, 1.000000000000000000 ),
 .UNSPECIFIED. ) ;
#3959 = CARTESIAN_POINT ( 'NONE',  ( 0.05320856614144515995, -0.0003191256688387014554, 0.4112223094388884892 ) ) ;
#3960 = CARTESIAN_POINT ( 'NONE',  ( -0.2135785374478052223, 0.8319681981302268214, -0.1200178173579917740 ) ) ;
#3961 = CARTESIAN_POINT ( 'NONE',  ( 0.2386941495152276049, 0.8736002941753554518, 0.04006304255134885556 ) ) ;
#3962 = ORIENTED_EDGE ( 'NONE', *, *, #4094, .T. ) ;
#3963 = CARTESIAN_POINT ( 'NONE',  ( -0.2264980008637032527, 0.8971561073603291359, -0.005869949217413496234 ) ) ;
#3964 = CARTESIAN_POINT ( 'NONE',  ( -0.001604882160859961385, -0.08648250565214950225, 0.1507306058947948668 ) ) ;
#3965 = CARTESIAN_POINT ( 'NONE',  ( -0.1969469738557566296, 0.8992297217125786446, -0.008823813700476235838 ) ) ;
#3966 = CARTESIAN_POINT ( 'NONE',  ( 0.1999900497718366532, 0.8992297217126290487, -0.09361310253033537643 ) ) ;
#3967 = DIRECTION ( 'NONE',  ( 0.000000000000000000, 0.000000000000000000, -1.000000000000000000 ) ) ;
#3968 = CARTESIAN_POINT ( 'NONE',  ( -0.1165376333747917270, 0.7485875445284542185, 0.05241278362347586567 ) ) ;
#3969 = CARTESIAN_POINT ( 'NONE',  ( 0.001421322026237919643, -0.8747071845238334475, -0.04838433241814063535 ) ) ;
#3970 = CARTESIAN_POINT ( 'NONE',  ( -0.2199027433047199276, 0.8320062457803972800, -0.1059749965551095713 ) ) ;
#3971 = CARTESIAN_POINT ( 'NONE',  ( -0.1458601497159791593, 0.5320311860104176560, -0.1654558868675596595 ) ) ;
#3972 = ORIENTED_EDGE ( 'NONE', *, *, #2401, .T. ) ;
#3973 = B_SPLINE_SURFACE_WITH_KNOTS ( 'NONE', 3, 3, ( 
 ( #2966, #2643, #3694, #1942, #1277, #208, #1233, #3036, #869, #844, #2666 ),
 ( #936, #187, #2255, #549, #3645, #1895, #3669, #2619, #4049, #2233, #4027 ),
 ( #527, #4004, #1988, #3305, #912, #3377, #2991, #4408, #3624, #507, #2008 ),
 ( #3756, #1752, #359, #3103, #2054, #4475, #2076, #297, #4429, #2414, #4162 ),
 ( #1664, #3490, #3801, #2728, #1297, #2343, #2436, #3823, #663, #3397, #3147 ) ),
 .UNSPECIFIED., .F., .F., .F.,
 ( 4, 1, 4 ),
 ( 4, 1, 1, 1, 1, 1, 1, 1, 4 ),
 ( 0.000000000000000000, 0.5714285714285709528, 1.000000000000000000 ),
 ( 0.3272166336041579804, 0.5736218826732429887, 0.8200271317423279971, 1.066432380811410008, 1.312837629880499790, 1.436040254415039907, 1.559242878949580025, 1.805648128018670029, 2.052053377087749819 ),
 .UNSPECIFIED. ) ;
#3974 = CARTESIAN_POINT ( 'NONE',  ( 0.2514373916733004255, 0.8681392337060653830, -0.08982651398887091243 ) ) ;
#3975 = SPHERICAL_SURFACE ( 'NONE', #1585, 0.1011712619046658546 ) ;
#3976 = CARTESIAN_POINT ( 'NONE',  ( 0.1425549588406054002, 0.6464070666383482378, 0.03563126442295129481 ) ) ;
#3977 = CARTESIAN_POINT ( 'NONE',  ( -0.1874073686376146186, 0.8992297217126848929, 0.01777119429418851093 ) ) ;
#3978 = ORIENTED_EDGE ( 'NONE', *, *, #434, .T. ) ;
#3979 = ADVANCED_FACE ( 'NONE', ( #1973 ), #4295, .T. ) ;
#3980 = CARTESIAN_POINT ( 'NONE',  ( 0.001421322026237919643, -0.9000000000000001332, -0.04838433241814063535 ) ) ;
#3981 = CARTESIAN_POINT ( 'NONE',  ( -0.1441534713273826540, -0.2082604437263860797, 0.09056734072123186208 ) ) ;
#3982 = CARTESIAN_POINT ( 'NONE',  ( 0.1966318848664785346, 0.8992297217921045860, 0.008620579180387508492 ) ) ;
#3983 = PERSON_AND_ORGANIZATION ( #1872, #2981 ) ;
#3984 = B_SPLINE_SURFACE_WITH_KNOTS ( 'NONE', 3, 3, ( 
 ( #498, #3228, #1819, #2245, #2868, #1908 ),
 ( #4330, #2567, #136, #2182, #3270, #475 ),
 ( #1562, #2934, #3636, #96, #2267, #1841 ),
 ( #3292, #1221, #157, #2608, #1176, #3207 ),
 ( #3904, #1477, #1542, #1134, #3927, #3249 ),
 ( #793, #4286, #3949, #4309, #2203, #117 ),
 ( #1499, #1521, #2890, #1198, #3593, #2585 ) ),
 .UNSPECIFIED., .F., .F., .F.,
 ( 4, 1, 1, 1, 4 ),
 ( 4, 2, 4 ),
 ( 0.000000000000000000, 0.2857142857142860315, 0.5714285714285709528, 0.7857142857142859205, 1.000000000000000000 ),
 ( 2.261086397171999884, 2.797524111046020057, 3.333894264623840087 ),
 .UNSPECIFIED. ) ;
#3985 = AXIS2_PLACEMENT_3D ( 'NONE', #4361, #2272, #3321 ) ;
#3986 = VERTEX_POINT ( 'NONE', #621 ) ;
#3987 = CARTESIAN_POINT ( 'NONE',  ( 0.06806934623227713088, 0.8916418770697283058, 0.02773179665325773216 ) ) ;
#3988 = EDGE_CURVE ( 'NONE', #3241, #4003, #146, .T. ) ;
#3989 = AXIS2_PLACEMENT_3D ( 'NONE', #1518, #879, #3312 ) ;
#3990 = CARTESIAN_POINT ( 'NONE',  ( 0.07498760273640439622, -0.2593181479057319883, 0.1290205848666500232 ) ) ;
#3991 = TOROIDAL_SURFACE ( 'NONE', #2970, 0.05185027172614133789, 0.005058563095233302442 ) ;
#3992 = CARTESIAN_POINT ( 'NONE',  ( -0.2485944913804956913, 0.8681392452320199071, -0.006942160604309207013 ) ) ;
#3993 = CARTESIAN_POINT ( 'NONE',  ( 0.07194626450549407304, 0.8992297217125786446, -0.1289281396412832736 ) ) ;
#3994 = DIRECTION ( 'NONE',  ( 1.000000000000000000, 0.000000000000000000, 0.000000000000000000 ) ) ;
#3995 = CARTESIAN_POINT ( 'NONE',  ( -0.1539037605923378460, 0.5866121385489049267, 0.02913965961092817789 ) ) ;
#3996 = FACE_OUTER_BOUND ( 'NONE', #1703, .T. ) ;
#3997 = CARTESIAN_POINT ( 'NONE',  ( -0.1385856625235894202, 0.8992297217125786446, -0.1385990847045041330 ) ) ;
#3998 = CARTESIAN_POINT ( 'NONE',  ( -0.1351578401625570802, 0.8992297217125786446, -0.1383233668427622798 ) ) ;
#3999 = ORIENTED_EDGE ( 'NONE', *, *, #1902, .F. ) ;
#4000 = CARTESIAN_POINT ( 'NONE',  ( -0.05503575913907725325, -0.2555833431272963030, 0.1667927915678513173 ) ) ;
#4001 = CARTESIAN_POINT ( 'NONE',  ( 0.001421322026237919643, -0.9000000000000000222, 0.07807974496269178000 ) ) ;
#4002 = CARTESIAN_POINT ( 'NONE',  ( -0.06803566878695065101, 0.5326006210165058485, 0.1284493198817634185 ) ) ;
#4003 = VERTEX_POINT ( 'NONE', #211 ) ;
#4004 = CARTESIAN_POINT ( 'NONE',  ( 0.1934028552692328429, 0.8224834314695304016, -0.1423314618879045756 ) ) ;
#4005 = CARTESIAN_POINT ( 'NONE',  ( 0.1796328884507315538, 0.7717626725102983976, -0.06282854644442799341 ) ) ;
#4006 = CARTESIAN_POINT ( 'NONE',  ( 0.2058353079348843040, 0.8992297217921045860, 0.01306379830134600691 ) ) ;
#4007 = CARTESIAN_POINT ( 'NONE',  ( 0.1724739525415432129, 0.5068152615972678632, 0.03362550480659234203 ) ) ;
#4008 = CARTESIAN_POINT ( 'NONE',  ( -0.1455012314500192250, 0.8992297217125786446, 0.03208446350945572123 ) ) ;
#4009 = CARTESIAN_POINT ( 'NONE',  ( -0.04407028210637047722, -0.1643410583816986015, 0.1600142830964205731 ) ) ;
#4010 = CARTESIAN_POINT ( 'NONE',  ( -0.1850800388671674235, 0.5319965538858325571, -0.07615198735099026894 ) ) ;
#4011 = ADVANCED_FACE ( 'NONE', ( #529 ), #1871, .F. ) ;
#4012 = CARTESIAN_POINT ( 'NONE',  ( 0.1966716027670762090, 0.8992297217921063623, 0.008538354119309848195 ) ) ;
#4013 = EDGE_CURVE ( 'NONE', #2532, #3822, #3698, .T. ) ;
#4014 = CARTESIAN_POINT ( 'NONE',  ( 0.001358294415303849595, -0.0003191256688379571506, 0.4112223094388880451 ) ) ;
#4015 = CARTESIAN_POINT ( 'NONE',  ( -0.1478779521986122170, 0.8171690404368251448, 0.05608076909399080379 ) ) ;
#4016 = CARTESIAN_POINT ( 'NONE',  ( 0.001421320141778004489, -0.1630685282864135222, -0.04838433241814252272 ) ) ;
#4017 = CARTESIAN_POINT ( 'NONE',  ( -0.2156779919846427140, 0.8319459140487442950, -0.1159555819431966062 ) ) ;
#4018 = SPHERICAL_SURFACE ( 'NONE', #3848, 0.1011712619046658546 ) ;
#4019 = ADVANCED_FACE ( 'NONE', ( #459 ), #752, .F. ) ;
#4020 = ORIENTED_EDGE ( 'NONE', *, *, #3988, .T. ) ;
#4021 = CARTESIAN_POINT ( 'NONE',  ( 0.05774834392339471545, -0.2555767900222943312, 0.1668410722287385628 ) ) ;
#4022 = CARTESIAN_POINT ( 'NONE',  ( -0.05627971891457999448, -0.2597824150109630525, 0.1496047722761582044 ) ) ;
#4023 = LINE ( 'NONE', #162, #2394 ) ;
#4024 = CARTESIAN_POINT ( 'NONE',  ( -0.1975186095848545376, 0.8992297217125786446, -0.03518918131826522661 ) ) ;
#4025 = CARTESIAN_POINT ( 'NONE',  ( 0.1655794394026507688, 0.5238048211611260330, 0.04544019560681631514 ) ) ;
#4026 = ORIENTED_EDGE ( 'NONE', *, *, #4253, .F. ) ;
#4027 = CARTESIAN_POINT ( 'NONE',  ( 0.1696304292101549760, 0.5318789675902699798, -0.1290302201801555304 ) ) ;
#4028 = CARTESIAN_POINT ( 'NONE',  ( 0.2428551589568808400, 0.8845364726850967196, -0.1287848177142709716 ) ) ;
#4029 = CARTESIAN_POINT ( 'NONE',  ( -0.2402814138140208777, 0.8735239564445527183, -0.1291567960700049089 ) ) ;
#4030 = CARTESIAN_POINT ( 'NONE',  ( 0.1396191097355123367, 0.8974124752473060518, 0.05797892508863154021 ) ) ;
#4031 = ORIENTED_EDGE ( 'NONE', *, *, #2941, .F. ) ;
#4032 = CARTESIAN_POINT ( 'NONE',  ( 0.07524049689871667446, -0.2477361376256142778, 0.1291790351238695234 ) ) ;
#4033 = CARTESIAN_POINT ( 'NONE',  ( -0.1871987275832144304, 0.5237671263671066502, -0.07647720713721971320 ) ) ;
#4034 = CARTESIAN_POINT ( 'NONE',  ( 0.1401507080124619331, 0.8992297217125786446, 0.03167838157762534190 ) ) ;
#4035 = CARTESIAN_POINT ( 'NONE',  ( -0.1649302337870062196, -0.4944386985515895616, -0.3217576747150557304 ) ) ;
#4036 = CARTESIAN_POINT ( 'NONE',  ( -0.1667988797814161928, 0.5318788143276608205, 0.03223848187354143302 ) ) ;
#4037 = DIRECTION ( 'NONE',  ( 0.000000000000000000, 2.306956934286040333E-16, -1.000000000000000000 ) ) ;
#4038 = DIRECTION ( 'NONE',  ( 1.000000000000000000, 0.000000000000000000, 0.000000000000000000 ) ) ;
#4039 = CARTESIAN_POINT ( 'NONE',  ( 0.1155219395442476094, 0.7494373760649841731, 0.05451706024336781808 ) ) ;
#4040 = B_SPLINE_CURVE_WITH_KNOTS ( 'NONE', 3,
 ( #471, #2887, #1927, #2603, #1538, #4306 ),
 .UNSPECIFIED., .F., .F.,
 ( 4, 2, 4 ),
 ( 0.000000000000000000, 0.9922495895006191446, 1.000000000000000000 ),
 .UNSPECIFIED. ) ;
#4041 = VERTEX_POINT ( 'NONE', #1440 ) ;
#4042 = CARTESIAN_POINT ( 'NONE',  ( -0.01076726137796437180, -0.3156321721525509605, 0.1769769557545577132 ) ) ;
#4043 = CARTESIAN_POINT ( 'NONE',  ( -0.2199015435195788570, 0.8320063442033190926, 0.009207556444888352273 ) ) ;
#4044 = CARTESIAN_POINT ( 'NONE',  ( 0.08612201799076722730, -0.2684160051790363544, 0.1266993783055266332 ) ) ;
#4045 = CARTESIAN_POINT ( 'NONE',  ( 0.2545485233218034993, -0.4944386986841316500, -0.2624603483799681225 ) ) ;
#4046 = CARTESIAN_POINT ( 'NONE',  ( -0.1474986866866319080, 0.5238331977586901944, -0.1667870552823297048 ) ) ;
#4047 = CARTESIAN_POINT ( 'NONE',  ( -0.1587913955751546757, 0.8992297217126092868, 0.03113442081953779472 ) ) ;
#4048 = ORIENTED_EDGE ( 'NONE', *, *, #572, .F. ) ;
#4049 = CARTESIAN_POINT ( 'NONE',  ( 0.1589679431732285153, 0.5864965459134399151, -0.1215043910339875244 ) ) ;
#4050 = CARTESIAN_POINT ( 'NONE',  ( 0.2428085622436075286, 0.8668823150050839477, -0.1298920297240759580 ) ) ;
#4051 = CARTESIAN_POINT ( 'NONE',  ( -0.2252307343600562228, 0.8406538535042940019, -0.1202739377827908712 ) ) ;
#4052 = CARTESIAN_POINT ( 'NONE',  ( 0.2058961692742306282, 0.8992297217921099151, 0.01293762957154150420 ) ) ;
#4053 = CARTESIAN_POINT ( 'NONE',  ( 0.04825604788916659088, -0.1694211681608286113, 0.1948407459369150552 ) ) ;
#4054 = CARTESIAN_POINT ( 'NONE',  ( -0.1385231060281341131, 0.8517196332762282385, 0.07570207460944493316 ) ) ;
#4055 = CARTESIAN_POINT ( 'NONE',  ( 0.08808438939007810775, -0.2288278075511365472, 0.1203832886130703772 ) ) ;
#4056 = CARTESIAN_POINT ( 'NONE',  ( -0.1379814384666446236, 0.8392626072508851953, -0.1669744354976765432 ) ) ;
#4057 = CARTESIAN_POINT ( 'NONE',  ( -0.1529677210283821309, 0.8473430213716923731, 0.07224455693994139005 ) ) ;
#4058 = CARTESIAN_POINT ( 'NONE',  ( -0.1042983704625496805, -0.2082604464007959955, 0.1104503935879226489 ) ) ;
#4059 = CARTESIAN_POINT ( 'NONE',  ( -0.1373080831183858541, 0.8992297217125786446, -0.1284470479110707275 ) ) ;
#4060 = CARTESIAN_POINT ( 'NONE',  ( 0.1307605534312048234, 0.6865512502682059592, 0.04493433328675227462 ) ) ;
#4061 = LOCAL_TIME ( 16, 14, 55.00000000000000000, #4322 ) ;
#4062 = EDGE_LOOP ( 'NONE', ( #54, #2455, #4421, #838, #331, #105 ) ) ;
#4063 = CARTESIAN_POINT ( 'NONE',  ( 0.05802734407167222525, -0.2693236075147105169, 0.1569065839312228094 ) ) ;
#4064 = CARTESIAN_POINT ( 'NONE',  ( -0.08454889481200422718, -0.2489671080307305218, 0.1226145286236883930 ) ) ;
#4065 = CARTESIAN_POINT ( 'NONE',  ( -0.1126790049837824853, 0.7494377823017406293, -0.1512860612767238655 ) ) ;
#4066 = B_SPLINE_CURVE_WITH_KNOTS ( 'NONE', 3,
 ( #4351, #2627, #625, #2014, #1606 ),
 .UNSPECIFIED., .F., .F.,
 ( 4, 1, 4 ),
 ( 0.000000000000000000, 0.4999968471292795535, 1.000000000000000000 ),
 .UNSPECIFIED. ) ;
#4067 = DIRECTION ( 'NONE',  ( -9.849727392448217693E-18, -0.7070584897894487408, 0.7071550692858419307 ) ) ;
#4068 = CARTESIAN_POINT ( 'NONE',  ( 0.1724423485816063140, 0.5152581622542462547, -0.1304600878389055585 ) ) ;
#4069 = ORIENTED_EDGE ( 'NONE', *, *, #4291, .T. ) ;
#4070 = ADVANCED_FACE ( 'NONE', ( #3191 ), #104, .T. ) ;
#4071 = CARTESIAN_POINT ( 'NONE',  ( 0.2522212493822878487, 0.8619059048210324647, -0.07600059320222951609 ) ) ;
#4072 = CARTESIAN_POINT ( 'NONE',  ( 0.2514373916733004255, 0.8681392337060653830, -0.08982651398887091243 ) ) ;
#4073 = CARTESIAN_POINT ( 'NONE',  ( -0.2252064767479995400, 0.8406539074983592208, -0.1203246432441167496 ) ) ;
#4074 = CARTESIAN_POINT ( 'NONE',  ( 0.1961696839433881290, 0.8992297217920108832, 0.009537481353649884114 ) ) ;
#4075 = CARTESIAN_POINT ( 'NONE',  ( 0.01074206616648601051, -0.08994045814430413899, 0.2418869989583816993 ) ) ;
#4076 = CARTESIAN_POINT ( 'NONE',  ( -0.1787887347629738832, 0.5319520392166061651, -0.1039219313152429797 ) ) ;
#4077 = CARTESIAN_POINT ( 'NONE',  ( 0.05837276130279953762, -0.2576785400718700214, 0.1582449532723879115 ) ) ;
#4078 = CARTESIAN_POINT ( 'NONE',  ( -0.1104597446451350551, 0.8061761173634686140, -0.1587390782683000268 ) ) ;
#4079 = DIRECTION ( 'NONE',  ( -6.678685382510708546E-17, -0.7071550692858419307, -0.7070584897894488519 ) ) ;
#4080 = CYLINDRICAL_SURFACE ( 'NONE', #3050, 0.1896961160712484495 ) ;
#4081 = CARTESIAN_POINT ( 'NONE',  ( 0.001392715038637070421, 0.03991874177554989578, 0.3709789457688982273 ) ) ;
#4082 = CARTESIAN_POINT ( 'NONE',  ( 0.1647761068924392946, 0.8598665487135483954, 0.07897451967835257547 ) ) ;
#4083 = EDGE_LOOP ( 'NONE', ( #700, #120, #1191, #1545, #526, #596 ) ) ;
#4084 = CARTESIAN_POINT ( 'NONE',  ( 0.05358083919730913247, -0.2898004531970327369, 0.1605224223215785395 ) ) ;
#4085 = CARTESIAN_POINT ( 'NONE',  ( -0.2220665850411757125, 0.8384820214542544337, 0.02400310623845126543 ) ) ;
#4086 = CARTESIAN_POINT ( 'NONE',  ( -0.1565020487240655345, 0.8445807852453821596, -0.1669907826957411634 ) ) ;
#4087 = DIRECTION ( 'NONE',  ( 6.678685382510718407E-17, 0.7071550692858419307, 0.7070584897894488519 ) ) ;
#4088 = CARTESIAN_POINT ( 'NONE',  ( 0.07182271000237719361, 0.5241495563889747578, -0.2272975496083696201 ) ) ;
#4089 = B_SPLINE_CURVE_WITH_KNOTS ( 'NONE', 3,
 ( #2443, #2510, #2127, #63, #3564, #2835 ),
 .UNSPECIFIED., .F., .F.,
 ( 4, 2, 4 ),
 ( 0.000000000000000000, 0.5000000000000000000, 1.000000000000000000 ),
 .UNSPECIFIED. ) ;
#4090 = VERTEX_POINT ( 'NONE', #1848 ) ;
#4091 = CARTESIAN_POINT ( 'NONE',  ( 0.2518456119143922534, 0.8617621384309310795, -0.08984138651175378742 ) ) ;
#4092 = CARTESIAN_POINT ( 'NONE',  ( 0.2294479997270121030, 0.8971481050622068798, -0.09814166743430505213 ) ) ;
#4093 = CARTESIAN_POINT ( 'NONE',  ( -0.1420919701435174320, 0.8387122493377576760, -0.1663241494866194992 ) ) ;
#4094 = EDGE_CURVE ( 'NONE', #3460, #2292, #3493, .T. ) ;
#4095 = CARTESIAN_POINT ( 'NONE',  ( 0.3800238414289811018, -0.5565439826111598931, -0.1351449890257513109 ) ) ;
#4096 = CARTESIAN_POINT ( 'NONE',  ( 0.05921780699770746309, 0.8951207156749318994, 0.03625830657258587858 ) ) ;
#4097 = CARTESIAN_POINT ( 'NONE',  ( -0.03806370472318450215, -0.1357673261687570299, 0.2176938477499841817 ) ) ;
#4098 = CARTESIAN_POINT ( 'NONE',  ( 0.001402249823439214328, -0.2783167469290545593, 0.05278692813813469498 ) ) ;
#4099 = CARTESIAN_POINT ( 'NONE',  ( 0.06435709813134808666, -0.2623340247484458043, 0.1415217376430321083 ) ) ;
#4100 = CARTESIAN_POINT ( 'NONE',  ( -0.1668099706378884106, 0.5318786610624794964, 0.03221540840347347778 ) ) ;
#4101 = CARTESIAN_POINT ( 'NONE',  ( -0.1092829806191468051, 0.7503257720408796905, 0.05622126417367720452 ) ) ;
#4102 = CARTESIAN_POINT ( 'NONE',  ( -0.1379814384666420979, 0.8392626072508780899, 0.07020577066139058187 ) ) ;
#4103 = CARTESIAN_POINT ( 'NONE',  ( 0.07244342592830210759, 0.5066579053058235527, 0.1315555535829418810 ) ) ;
#4104 = CARTESIAN_POINT ( 'NONE',  ( 0.1216037552965728158, 0.7231042816475783397, 0.05056786120472355622 ) ) ;
#4105 = EDGE_LOOP ( 'NONE', ( #926, #3935, #1146, #58 ) ) ;
#4106 = CARTESIAN_POINT ( 'NONE',  ( 0.05846196379372538970, -0.2579787900835535663, 0.1570169362512806865 ) ) ;
#4107 = CARTESIAN_POINT ( 'NONE',  ( -0.2126442879171033529, 0.8319877298342993610, 0.02489295328745121105 ) ) ;
#4108 = CARTESIAN_POINT ( 'NONE',  ( -0.1287021035380941092, 0.6864734019746572269, -0.1409031935062675100 ) ) ;
#4109 = CARTESIAN_POINT ( 'NONE',  ( -0.04720301518629121951, -0.4944386985887874175, -0.3763845336045127388 ) ) ;
#4110 = CARTESIAN_POINT ( 'NONE',  ( 0.02979845982826126449, 0.5153477961621931724, -0.2381037769740206866 ) ) ;
#4111 = VERTEX_POINT ( 'NONE', #2552 ) ;
#4112 = CARTESIAN_POINT ( 'NONE',  ( -0.2301962745516227260, 0.8479440640328752554, 0.02814549187875056008 ) ) ;
#4113 = CARTESIAN_POINT ( 'NONE',  ( 0.2258501420219507783, 0.8326132097312225477, -0.007874360761653069127 ) ) ;
#4114 = AXIS2_PLACEMENT_3D ( 'NONE', #2524, #1416, #3232 ) ;
#4115 = CARTESIAN_POINT ( 'NONE',  ( -0.001958700617023683734, -0.2783148223414671496, 0.05278597780234135783 ) ) ;
#4116 = CARTESIAN_POINT ( 'NONE',  ( -0.1389133988849321211, 0.8666239525461943982, -0.1764310433619495633 ) ) ;
#4117 = CARTESIAN_POINT ( 'NONE',  ( 0.3835395875627261031, -0.5565439826127843714, 0.02083736072972475553 ) ) ;
#4118 = EDGE_CURVE ( 'NONE', #3579, #1464, #2302, .T. ) ;
#4119 = CARTESIAN_POINT ( 'NONE',  ( 0.07194626442316189030, 0.8992297217131096643, 0.03215947487985588993 ) ) ;
#4120 = CARTESIAN_POINT ( 'NONE',  ( 0.04346372795794201799, -0.1420072644074432400, 0.2144494606046453700 ) ) ;
#4121 = CARTESIAN_POINT ( 'NONE',  ( 0.2328171717343794356, 0.8407662123902573947, 0.01212620860671371863 ) ) ;
#4122 = PERSON_AND_ORGANIZATION_ROLE ( 'design_owner' ) ;
#4123 = CARTESIAN_POINT ( 'NONE',  ( 0.03076550711826965198, -0.3173757445297841207, 0.04865640793142396447 ) ) ;
#4124 = CARTESIAN_POINT ( 'NONE',  ( -0.1421217017104687841, 0.6407068829352194905, 0.03337855389903179870 ) ) ;
#4125 = CARTESIAN_POINT ( 'NONE',  ( -0.1363278691021101441, -0.5106568048752880840, 0.2740358569917766274 ) ) ;
#4126 = CARTESIAN_POINT ( 'NONE',  ( -0.3880753753441597564, -0.6470671009574140431, -0.04839276817788812357 ) ) ;
#4127 = CARTESIAN_POINT ( 'NONE',  ( 0.1602360000379955685, 0.6809900151685490677, -0.008996709793950372763 ) ) ;
#4128 = CARTESIAN_POINT ( 'NONE',  ( 0.1911176772196171714, 0.5067934544302845623, -0.04838433241597513840 ) ) ;
#4129 = ORIENTED_EDGE ( 'NONE', *, *, #1688, .F. ) ;
#4130 = AXIS2_PLACEMENT_3D ( 'NONE', #3936, #4388, #3278 ) ;
#4131 = CARTESIAN_POINT ( 'NONE',  ( 0.01347164551227095566, -0.3156485274042158395, 0.1769715178855396365 ) ) ;
#4132 = CARTESIAN_POINT ( 'NONE',  ( -0.1119792884590362497, 0.8014198107471990351, -0.1576357839198784527 ) ) ;
#4133 = CARTESIAN_POINT ( 'NONE',  ( -0.1882751045059322947, 0.5067716451662270805, -0.07665660477263049055 ) ) ;
#4134 = CARTESIAN_POINT ( 'NONE',  ( -0.1666932047094695502, 0.5318801819403475850, 0.03245753013382767643 ) ) ;
#4135 = TOROIDAL_SURFACE ( 'NONE', #3188, 0.05185027172614133789, 0.005058563095233302442 ) ;
#4136 = ORIENTED_EDGE ( 'NONE', *, *, #2073, .F. ) ;
#4137 = CARTESIAN_POINT ( 'NONE',  ( 0.2103904570568681798, 0.8992297217125786446, -0.07498986954005314176 ) ) ;
#4138 = CARTESIAN_POINT ( 'NONE',  ( 0.1380004822313905533, 0.8992297217125786446, -0.1383233669488182771 ) ) ;
#4139 = CARTESIAN_POINT ( 'NONE',  ( -0.2211913452353227172, 0.8971496692668761153, -0.1174542989048681790 ) ) ;
#4140 = CARTESIAN_POINT ( 'NONE',  ( -0.2867718328446103859, -0.5565439823022437782, 0.2054708142870211862 ) ) ;
#4141 = CARTESIAN_POINT ( 'NONE',  ( 0.2151906844892184645, 0.8319954022814962658, 0.02538882316899461825 ) ) ;
#4142 = B_SPLINE_CURVE_WITH_KNOTS ( 'NONE', 3,
 ( #437, #842, #3214, #3643, #3012, #2297, #4316, #1275, #2964, #2988, #2593, #1893, #1020, #2664, #1549, #569, #1986, #3691, #1702, #2321, #3667, #185 ),
 .UNSPECIFIED., .F., .F.,
 ( 4, 1, 1, 1, 2, 2, 2, 1, 1, 1, 1, 1, 1, 1, 1, 1, 4 ),
 ( -0.1380743973149450021, -0.1241098599243459916, -0.08508073413946440344, -0.07318930266542440777, -0.06796573734164469693, -0.06785080152987620072, -0.06760758574097100460, -0.06676673765330229382, -0.06547735219758270275, -0.06357271144981518907, -0.06074156677583619768, -0.05663578852237360906, -0.05071341574634669058, 0.000000000000000000, 0.04258452220076749950, 0.1622384719072199888, 0.1997222397788940007 ),
 .UNSPECIFIED. ) ;
#4143 = CARTESIAN_POINT ( 'NONE',  ( 0.3214304216282083959, -0.4944386987275161127, -0.04838433241814333458 ) ) ;
#4144 = CARTESIAN_POINT ( 'NONE',  ( 0.1833555100812048477, 0.8341275030291299686, 0.05740765415596293247 ) ) ;
#4145 = CARTESIAN_POINT ( 'NONE',  ( 0.1651284129177936211, 0.5502325255056704778, -0.1275614778725252529 ) ) ;
#4146 = CARTESIAN_POINT ( 'NONE',  ( -0.2006635441432613742, 0.8971597599527075806, 0.04526194003750474981 ) ) ;
#4147 = CARTESIAN_POINT ( 'NONE',  ( 0.2243688604474398662, 0.8384893316856838474, -0.1218230081724031161 ) ) ;
#4148 = CARTESIAN_POINT ( 'NONE',  ( -0.1160783752458664220, 0.7236482823289183131, 0.05237005095399971388 ) ) ;
#4149 = CARTESIAN_POINT ( 'NONE',  ( 0.001716530678376733442, -0.4944386985813129520, 0.2829410691429450342 ) ) ;
#4150 = CARTESIAN_POINT ( 'NONE',  ( 0.1208504824714375925, 0.5068683771473995181, 0.1010509198315651808 ) ) ;
#4151 = CARTESIAN_POINT ( 'NONE',  ( 0.1656089968580006233, 0.5502163769567400831, 0.02980278226286763033 ) ) ;
#4152 = EDGE_CURVE ( 'NONE', #3049, #1917, #4142, .T. ) ;
#4153 = CARTESIAN_POINT ( 'NONE',  ( 0.02304953151029281999, -0.4051655252209648284, 0.05044807517115334344 ) ) ;
#4154 = ORIENTED_EDGE ( 'NONE', *, *, #4152, .T. ) ;
#4155 = CARTESIAN_POINT ( 'NONE',  ( -0.07388006737108285260, -0.2939397733085260533, 0.1363030779231610423 ) ) ;
#4156 = B_SPLINE_CURVE_WITH_KNOTS ( 'NONE', 3,
 ( #1439, #3190, #2480, #2525 ),
 .UNSPECIFIED., .F., .F.,
 ( 4, 4 ),
 ( 0.000000000000000000, 1.000000000000000000 ),
 .UNSPECIFIED. ) ;
#4157 = CARTESIAN_POINT ( 'NONE',  ( -0.1282696637171925613, 0.7941448171025763392, -0.1507689029632995892 ) ) ;
#4158 = CARTESIAN_POINT ( 'NONE',  ( 0.1724739524525663592, 0.5068152615964354180, -0.1303941698284608874 ) ) ;
#4159 = CARTESIAN_POINT ( 'NONE',  ( -0.2230074996806040988, 0.8326132098626998213, -0.08889430372241702294 ) ) ;
#4160 = ORIENTED_EDGE ( 'NONE', *, *, #2570, .F. ) ;
#4161 = CARTESIAN_POINT ( 'NONE',  ( -0.1388739000704708737, 0.8762550432635114461, 0.07926158382224385290 ) ) ;
#4162 = CARTESIAN_POINT ( 'NONE',  ( 0.1695525703829753039, 0.5318799773053918267, -0.1291916275778189904 ) ) ;
#4163 = CARTESIAN_POINT ( 'NONE',  ( 0.1706561631553920877, 0.8972539154919312310, -0.1546328385432216290 ) ) ;
#4164 = CARTESIAN_POINT ( 'NONE',  ( -0.1363278691021101441, -0.5106568048752880840, 0.2740358569917766274 ) ) ;
#4165 = CARTESIAN_POINT ( 'NONE',  ( -0.05782087815415557636, 0.8983480972808002285, 0.03851394525483288478 ) ) ;
#4166 = CARTESIAN_POINT ( 'NONE',  ( -0.1649302336638783228, -0.4944386985738393192, -0.3217576748199066361 ) ) ;
#4167 = CARTESIAN_POINT ( 'NONE',  ( 0.2358486093281960683, 0.8418640592620523222, -0.007510090647551040215 ) ) ;
#4168 = CARTESIAN_POINT ( 'NONE',  ( 0.08844223955348559651, -0.2084173797424300756, 0.1201741916803893001 ) ) ;
#4169 = CARTESIAN_POINT ( 'NONE',  ( -0.2486966265953093613, 0.8679892363191294979, -0.004532882823288857457 ) ) ;
#4170 = CARTESIAN_POINT ( 'NONE',  ( 0.2184215720314720000, 0.8319462653602415214, -0.1161596561203116634 ) ) ;
#4171 = CARTESIAN_POINT ( 'NONE',  ( 0.08489246099339382845, -0.2482659863328897099, 0.1220644001563313125 ) ) ;
#4172 = CARTESIAN_POINT ( 'NONE',  ( -0.1287483898528364590, -0.4944386985580416227, 0.2562946975780886483 ) ) ;
#4173 = CARTESIAN_POINT ( 'NONE',  ( 0.1724739525415432129, 0.5068152615972678632, 0.03362550480659234203 ) ) ;
#4174 = CARTESIAN_POINT ( 'NONE',  ( 0.1407200451227052229, 0.7430831390669185854, 0.03667381709926183925 ) ) ;
#4175 = CARTESIAN_POINT ( 'NONE',  ( 0.03839334263271821507, -0.3794788670043984236, 0.04581205756146130431 ) ) ;
#4176 = ORIENTED_EDGE ( 'NONE', *, *, #954, .F. ) ;
#4177 = EDGE_CURVE ( 'NONE', #3771, #2920, #2520, .T. ) ;
#4178 = CARTESIAN_POINT ( 'NONE',  ( -0.2238511099265528270, 0.8327134681776210412, -0.06189723129337555696 ) ) ;
#4179 = EDGE_CURVE ( 'NONE', #2686, #3596, #1604, .T. ) ;
#4180 = CARTESIAN_POINT ( 'NONE',  ( -0.1963415949146984640, 0.8049210564445214988, -0.02470575161428830227 ) ) ;
#4181 = CYLINDRICAL_SURFACE ( 'NONE', #2242, 0.05690883482137465421 ) ;
#4182 = CARTESIAN_POINT ( 'NONE',  ( 0.1911174362130264870, -0.2082604419367170279, -0.04838433241814323743 ) ) ;
#4183 = ORIENTED_EDGE ( 'NONE', *, *, #3769, .T. ) ;
#4184 = CARTESIAN_POINT ( 'NONE',  ( -0.03470361909290727714, -0.3821435733065910445, 0.04611758748045609313 ) ) ;
#4185 = CARTESIAN_POINT ( 'NONE',  ( 0.1965703689072549609, 0.8992297217131925979, -0.1055158604874181644 ) ) ;
#4186 = CARTESIAN_POINT ( 'NONE',  ( -0.1313404634348872002, -0.5106568048761385148, -0.3640100237842217035 ) ) ;
#4187 = ORIENTED_EDGE ( 'NONE', *, *, #3956, .F. ) ;
#4188 = CARTESIAN_POINT ( 'NONE',  ( 0.06066355557931897569, 0.8983481128496321189, 0.03851391610890501915 ) ) ;
#4189 = CARTESIAN_POINT ( 'NONE',  ( 0.3214304216282083959, -0.4944386987275161127, 0.01472256020315475776 ) ) ;
#4190 = CARTESIAN_POINT ( 'NONE',  ( 0.2183944545332327236, 0.8319463549590035978, 0.01944679650954206362 ) ) ;
#4191 = CARTESIAN_POINT ( 'NONE',  ( 0.2216718941294862077, 0.8327134365802212335, -0.1539265252905112069 ) ) ;
#4192 = CARTESIAN_POINT ( 'NONE',  ( -0.2407132345051081757, 0.8668769787633734403, 0.03163324563545764218 ) ) ;
#4193 = CARTESIAN_POINT ( 'NONE',  ( 0.2199024315004345642, 0.8319487796326991980, -0.1129818381888512552 ) ) ;
#4194 = CARTESIAN_POINT ( 'NONE',  ( -0.07114369479574918220, -0.2243080384793259274, 0.1303209597076683268 ) ) ;
#4195 = CARTESIAN_POINT ( 'NONE',  ( -0.03292536935840197077, -0.5106568048932035309, -0.3968462928919753718 ) ) ;
#4196 = CARTESIAN_POINT ( 'NONE',  ( -0.01186182592749422150, 0.7823043668679000584, 0.06447273188167557123 ) ) ;
#4197 = CARTESIAN_POINT ( 'NONE',  ( 0.1828986136580549038, 0.7772786566380754936, -0.03237088338917672170 ) ) ;
#4198 = CARTESIAN_POINT ( 'NONE',  ( 0.1503413269713747280, 0.5238331977532766359, 0.07001839044624558195 ) ) ;
#4199 = CARTESIAN_POINT ( 'NONE',  ( 0.1724739524525663592, 0.5068152615964354180, -0.1303941698284608874 ) ) ;
#4200 = CARTESIAN_POINT ( 'NONE',  ( -0.1667322009291194729, 0.5318796960488083592, -0.1291455234157128373 ) ) ;
#4201 = FACE_OUTER_BOUND ( 'NONE', #3941, .T. ) ;
#4202 = CARTESIAN_POINT ( 'NONE',  ( -0.2330059668937126682, 0.8418640594944249989, -0.007510091005828583265 ) ) ;
#4203 = CIRCLE ( 'NONE', #580, 0.03793922321424975791 ) ;
#4204 = VERTEX_POINT ( 'NONE', #4128 ) ;
#4205 = CARTESIAN_POINT ( 'NONE',  ( -0.2088719261822467033, 0.8494220724920775734, 0.05500579421879612380 ) ) ;
#4206 = CARTESIAN_POINT ( 'NONE',  ( -0.04257354301880512254, -0.1489009774145310938, 0.2110451756349405461 ) ) ;
#4207 = CARTESIAN_POINT ( 'NONE',  ( -0.1668099706388216918, 0.5318786610582422192, -0.1289840732403169654 ) ) ;
#4208 = CARTESIAN_POINT ( 'NONE',  ( 0.07833157435861681783, -0.1481078462560055653, 0.1251257490369372116 ) ) ;
#4209 = ADVANCED_FACE ( 'NONE', ( #1916 ), #3613, .F. ) ;
#4210 = CARTESIAN_POINT ( 'NONE',  ( 0.001358260561296130908, -0.3071073873554958644, 0.1849489576254290668 ) ) ;
#4211 = CARTESIAN_POINT ( 'NONE',  ( -0.3088371622648092285, -0.4958577828315534064, -0.1904202464744200185 ) ) ;
#4212 = CARTESIAN_POINT ( 'NONE',  ( 0.2398311474165772395, 0.8552994435108333127, 0.02925501120599928798 ) ) ;
#4213 = CARTESIAN_POINT ( 'NONE',  ( 0.1608018816703927212, 0.7738341305112153012, 0.001485629962218485258 ) ) ;
#4214 = CARTESIAN_POINT ( 'NONE',  ( -0.1341555178857143094, 0.8992297217125786446, 0.03138413194826923658 ) ) ;
#4215 = CARTESIAN_POINT ( 'NONE',  ( -0.1958461897415631203, 0.8040806687452320967, -0.02493840130980140221 ) ) ;
#4216 = CARTESIAN_POINT ( 'NONE',  ( 0.3981854389540793737, -0.6141296675910554725, 0.02348205237796712266 ) ) ;
#4217 = CARTESIAN_POINT ( 'NONE',  ( 0.03782649817529351588, 0.5318801819401630659, 0.1382917849279246825 ) ) ;
#4218 = CARTESIAN_POINT ( 'NONE',  ( 0.1665311158925782409, 0.8395322140687941914, 0.06572096507457322878 ) ) ;
#4219 = CARTESIAN_POINT ( 'NONE',  ( -0.02695581954269977293, 0.5153477961624082226, 0.1413351121380743980 ) ) ;
#4220 = DIRECTION ( 'NONE',  ( 0.000000000000000000, 4.034362672568230254E-14, -1.000000000000000000 ) ) ;
#4221 = CARTESIAN_POINT ( 'NONE',  ( -0.1379814384666420979, 0.8392626072508780899, 0.07020577066139058187 ) ) ;
#4222 = CARTESIAN_POINT ( 'NONE',  ( -0.2330059668937177197, 0.8418640594944269973, -0.08925857383045045224 ) ) ;
#4223 = CARTESIAN_POINT ( 'NONE',  ( -0.2072864008622974930, 0.8992297217148826904, -0.09517630029700543948 ) ) ;
#4224 = B_SPLINE_CURVE_WITH_KNOTS ( 'NONE', 3,
 ( #2915, #4311, #3230, #541, #3616, #1910 ),
 .UNSPECIFIED., .F., .F.,
 ( 4, 2, 4 ),
 ( 0.000000000000000000, 0.4999911379846577186, 1.000000000000000000 ),
 .UNSPECIFIED. ) ;
#4225 = CARTESIAN_POINT ( 'NONE',  ( -0.2075478022368267839, 0.8992297217125786446, -0.07499028697186660430 ) ) ;
#4226 = ORIENTED_EDGE ( 'NONE', *, *, #3182, .F. ) ;
#4227 = CARTESIAN_POINT ( 'NONE',  ( 0.05893593554712839994, 0.8916418770697283058, -0.1324977648877374015 ) ) ;
#4228 = DIRECTION ( 'NONE',  ( 0.000000000000000000, -1.000000000000000000, -2.220446049250309876E-16 ) ) ;
#4229 = CARTESIAN_POINT ( 'NONE',  ( 0.05392080050744495201, -0.08658331224609779053, 0.1340987104443726319 ) ) ;
#4230 = CARTESIAN_POINT ( 'NONE',  ( -0.03325719655925963442, -0.3003506285962649347, 0.1781360133989423888 ) ) ;
#4231 = EDGE_CURVE ( 'NONE', #823, #798, #1324, .T. ) ;
#4232 = CARTESIAN_POINT ( 'NONE',  ( -0.1648331538227967852, -0.3779926167827633576, 0.1103051534826206687 ) ) ;
#4233 = CARTESIAN_POINT ( 'NONE',  ( 0.2391248725464411029, 0.8870508006396342626, 0.02956921128932874301 ) ) ;
#4234 = CARTESIAN_POINT ( 'NONE',  ( -0.2408968452840513919, 0.8668764101331423166, 0.03125454756361024933 ) ) ;
#4235 = CARTESIAN_POINT ( 'NONE',  ( -0.06803566878695065101, 0.5326006210165058485, 0.1284493198817634185 ) ) ;
#4236 = CARTESIAN_POINT ( 'NONE',  ( 0.04074003439453120767, -0.06812349041597999533, 0.1373000288160402260 ) ) ;
#4237 = CARTESIAN_POINT ( 'NONE',  ( -0.07542919066822091623, -0.2283932939609981394, 0.1256446888099019554 ) ) ;
#4238 = CARTESIAN_POINT ( 'NONE',  ( 0.1493780757402408677, 0.5318801819400765796, 0.07111998005324464411 ) ) ;
#4239 = FACE_OUTER_BOUND ( 'NONE', #542, .T. ) ;
#4240 = CARTESIAN_POINT ( 'NONE',  ( 0.1511725407346558581, 0.5153798335127036667, 0.07067254067183846578 ) ) ;
#4241 = CARTESIAN_POINT ( 'NONE',  ( -0.09235698580763748722, 0.8545309239663730905, -0.1765293048530715836 ) ) ;
#4242 = CARTESIAN_POINT ( 'NONE',  ( -0.1555279858589002917, 0.5865057656721925916, -0.1227057263656644442 ) ) ;
#4243 = CARTESIAN_POINT ( 'NONE',  ( -0.1104598071168116785, 0.8061762463433064241, 0.06197060052524536872 ) ) ;
#4244 = CARTESIAN_POINT ( 'NONE',  ( -0.1406645223404370260, 0.8973913602011135415, -0.1551579009240728335 ) ) ;
#4245 = CARTESIAN_POINT ( 'NONE',  ( 0.2748461572059786029, -0.4538934329066737772, -0.04838433241814280028 ) ) ;
#4246 = EDGE_LOOP ( 'NONE', ( #3600, #2259, #1502, #4323, #3396, #1890 ) ) ;
#4247 = CARTESIAN_POINT ( 'NONE',  ( -0.2230074996806040988, 0.8326132098626998213, -0.08889430372241684253 ) ) ;
#4248 = DIRECTION ( 'NONE',  ( 6.678685382510698685E-17, 0.7071550692858419307, 0.7070584897894488519 ) ) ;
#4249 = CARTESIAN_POINT ( 'NONE',  ( 0.3243889376332924623, -0.4944386986388670802, -0.1223950307590612879 ) ) ;
#4250 = ORIENTED_EDGE ( 'NONE', *, *, #1794, .T. ) ;
#4251 = CARTESIAN_POINT ( 'NONE',  ( -0.002637153746657783931, -0.3071058187785467575, 0.1849480952349739360 ) ) ;
#4252 = FACE_OUTER_BOUND ( 'NONE', #99, .T. ) ;
#4253 = EDGE_CURVE ( 'NONE', #3684, #3390, #1928, .T. ) ;
#4254 = CARTESIAN_POINT ( 'NONE',  ( 0.2292735090981469770, 0.8971668017974967491, -0.007749638614018879677 ) ) ;
#4255 = ORIENTED_EDGE ( 'NONE', *, *, #1567, .T. ) ;
#4256 = ADVANCED_FACE ( 'NONE', ( #1217 ), #3536, .T. ) ;
#4257 = CARTESIAN_POINT ( 'NONE',  ( -0.2071600387940355781, 0.8992297217125786446, -0.008451725240401181810 ) ) ;
#4258 = CARTESIAN_POINT ( 'NONE',  ( 0.2508284082022805284, 0.8847893602524714574, -0.1014101630261604048 ) ) ;
#4259 = CARTESIAN_POINT ( 'NONE',  ( 0.04535793393373360044, -0.09341457978574504994, 0.1365496463840727703 ) ) ;
#4260 = CARTESIAN_POINT ( 'NONE',  ( 0.001358294415303849595, -0.003896314204935377376, 0.4076456094562680432 ) ) ;
#4261 = ADVANCED_FACE ( 'NONE', ( #1241 ), #3609, .F. ) ;
#4262 = CARTESIAN_POINT ( 'NONE',  ( -0.1851111312113361551, 0.5318786610562693529, -0.02059946683669141784 ) ) ;
#4263 = CARTESIAN_POINT ( 'NONE',  ( -0.04515971577843403556, 0.8900710682276725683, -0.1721544306988084805 ) ) ;
#4264 = CARTESIAN_POINT ( 'NONE',  ( 0.1724739524525663592, 0.5068152615964354180, -0.1303941698284608874 ) ) ;
#4265 = FACE_OUTER_BOUND ( 'NONE', #109, .T. ) ;
#4266 = CARTESIAN_POINT ( 'NONE',  ( -0.2377136250331302880, 0.8735573307861098646, -0.1338469673668537252 ) ) ;
#4267 = CARTESIAN_POINT ( 'NONE',  ( 0.001400310804955801547, -0.4124612693803637042, 0.05278692948652621841 ) ) ;
#4268 = ORIENTED_EDGE ( 'NONE', *, *, #366, .T. ) ;
#4269 = CARTESIAN_POINT ( 'NONE',  ( -0.1294487422006224686, -0.2082604436479182086, -0.1908051138839660932 ) ) ;
#4270 = CARTESIAN_POINT ( 'NONE',  ( 0.001358294415303585049, -0.3401520365980062466, 0.07143581108995894491 ) ) ;
#4271 = DIRECTION ( 'NONE',  ( 0.000000000000000000, 0.000000000000000000, -1.000000000000000000 ) ) ;
#4272 = ORIENTED_EDGE ( 'NONE', *, *, #180, .T. ) ;
#4273 = CARTESIAN_POINT ( 'NONE',  ( 0.1219737404188924873, 0.7823043667823388336, -0.1390169111755399367 ) ) ;
#4274 = FACE_OUTER_BOUND ( 'NONE', #677, .T. ) ;
#4275 = AXIS2_PLACEMENT_3D ( 'NONE', #854, #1861, #2241 ) ;
#4276 = CARTESIAN_POINT ( 'NONE',  ( 0.2494404535221854402, 0.8736170518952179886, 0.01692664099553723919 ) ) ;
#4277 = DATE_AND_TIME ( #1489, #432 ) ;
#4278 = ORIENTED_EDGE ( 'NONE', *, *, #1346, .F. ) ;
#4279 = CARTESIAN_POINT ( 'NONE',  ( -0.2040677201095561777, 0.8992297217126921094, 0.01073453656782316808 ) ) ;
#4280 = CARTESIAN_POINT ( 'NONE',  ( 0.2177777305918188466, 0.8682752421994635039, -0.1591883388661039234 ) ) ;
#4281 = CARTESIAN_POINT ( 'NONE',  ( -0.005236699110628511601, -0.1085200752761794202, 0.2143506124048413231 ) ) ;
#4282 = CARTESIAN_POINT ( 'NONE',  ( -0.07022530409515843897, 0.8992297217125786446, 0.03344050624613655043 ) ) ;
#4283 = CARTESIAN_POINT ( 'NONE',  ( -0.1579592406387773651, 0.7738341306993098412, 0.001485629944077464237 ) ) ;
#4284 = CARTESIAN_POINT ( 'NONE',  ( 0.1449391698465653244, 0.8387116391006345095, -0.1663234285573439164 ) ) ;
#4285 = CARTESIAN_POINT ( 'NONE',  ( -0.1547185645655918540, 0.6394756177490186211, 0.008111407639237868533 ) ) ;
#4286 = CARTESIAN_POINT ( 'NONE',  ( 0.09243985114568410710, 0.8992297217125786446, 0.04365009984232000317 ) ) ;
#4287 = EDGE_CURVE ( 'NONE', #2412, #934, #1526, .T. ) ;
#4288 = CARTESIAN_POINT ( 'NONE',  ( -0.1367764768042377677, 0.8974125395394936255, -0.1547476823981955851 ) ) ;
#4289 = CARTESIAN_POINT ( 'NONE',  ( 0.001421322026237919643, -0.8747071845238334475, -0.04838433241814063535 ) ) ;
#4290 = EDGE_LOOP ( 'NONE', ( #4176, #617 ) ) ;
#4291 = EDGE_CURVE ( 'NONE', #2336, #1464, #4040, .T. ) ;
#4292 = CARTESIAN_POINT ( 'NONE',  ( 0.06841150219998393123, 0.8950429836174587095, -0.1248912244208505162 ) ) ;
#4293 = CARTESIAN_POINT ( 'NONE',  ( 0.3780142506504863831, -0.6470670976174249800, -0.1708302992263161513 ) ) ;
#4294 = CARTESIAN_POINT ( 'NONE',  ( -0.08568892052945090154, -0.2082604411230853103, 0.1201202093135755877 ) ) ;
#4295 = B_SPLINE_SURFACE_WITH_KNOTS ( 'NONE', 3, 3, ( 
 ( #3361, #4435, #2373, #919, #534, #583, #1926, #1240, #3311, #1351, #1782, #4190, #3153, #364, #2040, #1058, #3762, #1080, #2060, #61, #4144, #2441, #2735, #3851 ),
 ( #4167, #2422, #646, #4121, #2807, #3430, #1009, #2464, #3829, #3786, #40, #3807, #1422, #2124, #1759, #735, #303, #2831, #2397, #669, #3515, #386, #712, #3172 ),
 ( #1444, #1103, #2082, #1695, #2104, #3088, #1718, #3496, #4481, #4212, #2782, #692, #4459, #3452, #324, #3110, #1374, #3475, #2759, #1033, #343, #1738, #3131, #21 ),
 ( #1398, #782, #2900, #4276, #3218, #808, #1876, #2578, #464, #1533, #441, #2924, #1124, #2858, #2192, #826, #3961, #3603, #3626, #2556, #108, #847, #1853, #2145 ),
 ( #413, #3535, #2166, #3239, #4300, #2236, #2215, #3939, #2506, #2948, #127, #4233, #487, #1145, #3258, #3197, #4321, #1553, #2879, #509, #147, #3893, #1805, #1488 ),
 ( #4254, #3582, #1189, #1897, #1509, #3281, #1831, #168, #3560, #2531, #1164, #2485, #3871, #758, #86, #1467, #3916, #1301, #578, #871, #4343, #2621, #2669, #4030 ),
 ( #256, #961, #939, #1280, #1236, #1667, #1970, #1575, #4052, #915, #4006, #2011, #2303, #3357, #2327, #1646, #1209, #2691, #892, #3697, #3400, #2968, #3720, #1624 ),
 ( #276, #552, #4411, #1920, #2257, #3307, #3739, #3039, #601, #1991, #3982, #3017, #2598, #4074, #2280, #3062, #1601, #4391, #190, #2347, #2646, #3380, #3672, #1945 ) ),
 .UNSPECIFIED., .F., .F., .F.,
 ( 4, 1, 1, 1, 1, 4 ),
 ( 4, 1, 1, 1, 2, 2, 2, 1, 1, 1, 1, 1, 1, 1, 1, 1, 1, 1, 4 ),
 ( 0.000000000000000000, 0.2857142857142860315, 0.4285714285714289917, 0.5714285714285709528, 0.7857142857142859205, 1.000000000000000000 ),
 ( -2.199452227212260080, -2.185487749902550014, -2.146458623815259870, -2.134567192858059848, -2.129343627928800053, -2.129228692307109760, -2.128985476515560027, -2.128144628465519883, -2.126855243089710079, -2.124950602457249982, -2.122119457889860339, -2.118013679770430091, -2.112091307101270132, -2.103746179292339757, -2.092472612382629826, -2.061159114208700238, -2.018574591950600183, -1.898920642914430079, -1.861450605945719872 ),
 .UNSPECIFIED. ) ;
#4296 = EDGE_LOOP ( 'NONE', ( #1687, #3886, #2253, #774, #2775 ) ) ;
#4297 = CARTESIAN_POINT ( 'NONE',  ( -0.05242091936106350880, -0.2728220231520062100, 0.1668112212621617740 ) ) ;
#4298 = B_SPLINE_SURFACE_WITH_KNOTS ( 'NONE', 3, 3, ( 
 ( #2708, #1712, #686, #639, #1001, #4113 ),
 ( #1053, #2031, #3125, #3736, #1367, #2688 ),
 ( #4091, #4071, #337, #618, #1393, #2388 ),
 ( #3445, #3780, #979, #2751, #1344, #3469 ),
 ( #1732, #16, #957, #2365, #3423, #1689 ),
 ( #2777, #4137, #707, #317, #2098, #3082 ),
 ( #1027, #1868, #2207, #3597, #3510, #775 ) ),
 .UNSPECIFIED., .F., .F., .F.,
 ( 4, 1, 1, 1, 4 ),
 ( 4, 2, 4 ),
 ( 0.000000000000000000, 0.2857142857142860315, 0.5714285714285709528, 0.7857142857142859205, 1.000000000000000000 ),
 ( 1.610130538481209905, 1.766607786890290077, 1.923084775905459898 ),
 .UNSPECIFIED. ) ;
#4299 = CARTESIAN_POINT ( 'NONE',  ( 0.1911174362130268478, -0.2082604419367170279, -0.04838433241814323743 ) ) ;
#4300 = CARTESIAN_POINT ( 'NONE',  ( 0.2411557229182663964, 0.8870526248097840849, 0.02518230770601200680 ) ) ;
#4301 = COORDINATED_UNIVERSAL_TIME_OFFSET ( 8, 0, .AHEAD. ) ;
#4302 = ORIENTED_EDGE ( 'NONE', *, *, #2679, .T. ) ;
#4303 = CARTESIAN_POINT ( 'NONE',  ( -0.1930923583396310650, 0.8992297217126956621, 0.009977305913171172908 ) ) ;
#4304 = CARTESIAN_POINT ( 'NONE',  ( 0.01039937822682525555, -0.08904643211562711380, 0.1505868331135752358 ) ) ;
#4305 = CARTESIAN_POINT ( 'NONE',  ( 0.3063396801829503246, -0.4944936805891187448, -0.1612707099917671527 ) ) ;
#4306 = CARTESIAN_POINT ( 'NONE',  ( -0.08568892052945090154, -0.2082604411230853103, 0.1201202093135755877 ) ) ;
#4307 = AXIS2_PLACEMENT_3D ( 'NONE', #1329, #3090, #2331 ) ;
#4308 = CARTESIAN_POINT ( 'NONE',  ( -0.1151356743592163445, 0.7715487452655023226, 0.05514974684751455108 ) ) ;
#4309 = CARTESIAN_POINT ( 'NONE',  ( -0.04416556668367618843, 0.8992297217125786446, 0.04434595838743194546 ) ) ;
#4310 = CARTESIAN_POINT ( 'NONE',  ( -0.2157829412717146289, 0.8319457389463301711, -0.1157364375769051879 ) ) ;
#4311 = CARTESIAN_POINT ( 'NONE',  ( 0.1816309504339601588, 0.5319520366038776871, -0.1039228197050154068 ) ) ;
#4312 = EDGE_CURVE ( 'NONE', #3735, #2589, #2091, .T. ) ;
#4313 = ORIENTED_EDGE ( 'NONE', *, *, #2848, .T. ) ;
#4314 = CARTESIAN_POINT ( 'NONE',  ( 0.03979659447287538232, 0.8980440334137581582, -0.1520340413321130124 ) ) ;
#4315 = DIRECTION ( 'NONE',  ( -8.881784197001247886E-17, -0.7071550692858419307, -0.7070584897894488519 ) ) ;
#4316 = CARTESIAN_POINT ( 'NONE',  ( -0.1938561461321712254, 0.8992297217399045639, -0.1052522928318833650 ) ) ;
#4317 = ORIENTED_EDGE ( 'NONE', *, *, #2515, .T. ) ;
#4318 = CARTESIAN_POINT ( 'NONE',  ( 0.1417560280060631561, 0.8666238476597012408, 0.07966224757497845921 ) ) ;
#4319 = CARTESIAN_POINT ( 'NONE',  ( 0.1595201515816868643, 0.5864790711593771411, -0.1203898897195153916 ) ) ;
#4320 = B_SPLINE_CURVE_WITH_KNOTS ( 'NONE', 3,
 ( #923, #4058, #4355, #990, #1953, #3315 ),
 .UNSPECIFIED., .F., .F.,
 ( 4, 1, 1, 4 ),
 ( 0.000000000000000000, 0.3031996585982157932, 0.8476157845214489228, 1.000000000000000000 ),
 .UNSPECIFIED. ) ;
#4321 = CARTESIAN_POINT ( 'NONE',  ( 0.2345785805809669222, 0.8870858936357838287, 0.03749302215211517547 ) ) ;
#4322 = COORDINATED_UNIVERSAL_TIME_OFFSET ( 8, 0, .AHEAD. ) ;
#4323 = ORIENTED_EDGE ( 'NONE', *, *, #3874, .T. ) ;
#4324 = CARTESIAN_POINT ( 'NONE',  ( -0.1905182033364384853, 0.8992297217126921094, 0.01399698691604294234 ) ) ;
#4325 = CARTESIAN_POINT ( 'NONE',  ( 0.03360084350918889073, -0.1378097587256873757, 0.1684469581194598942 ) ) ;
#4326 = CARTESIAN_POINT ( 'NONE',  ( -0.08262989802463041600, -0.2810218397444376182, 0.1292630485507391680 ) ) ;
#4327 = CARTESIAN_POINT ( 'NONE',  ( -0.1668099706392643100, 0.5318786610562720174, 0.03221540840427673108 ) ) ;
#4328 = CARTESIAN_POINT ( 'NONE',  ( 0.2154869278244205266, 0.8319877309687637723, -0.1216616034466449087 ) ) ;
#4329 = CARTESIAN_POINT ( 'NONE',  ( -0.1285820565072586519, 0.7672347232966251207, 0.04813413903743469363 ) ) ;
#4330 = CARTESIAN_POINT ( 'NONE',  ( 0.1413657480680846346, 0.8517196332607005482, 0.07570207470744735878 ) ) ;
#4331 = CARTESIAN_POINT ( 'NONE',  ( -0.2170596402238007261, 0.8319486440308061503, -0.1129840774800914688 ) ) ;
#4332 = DIRECTION ( 'NONE',  ( -0.8726782823592625915, 0.2477474322496834025, -0.4207776435508138180 ) ) ;
#4333 = ORIENTED_EDGE ( 'NONE', *, *, #738, .F. ) ;
#4334 = CARTESIAN_POINT ( 'NONE',  ( 0.001420968689207683863, 0.8951085350725145329, -0.1565637244764408464 ) ) ;
#4335 = CARTESIAN_POINT ( 'NONE',  ( 0.1911176772196171714, 0.5067934544302845623, -0.04838433241597513840 ) ) ;
#4336 = CARTESIAN_POINT ( 'NONE',  ( -0.1716568420304245834, 0.8992297217126524744, 0.02772378293186617687 ) ) ;
#4337 = AXIS2_PLACEMENT_3D ( 'NONE', #508, #3330, #1508 ) ;
#4338 = ORIENTED_EDGE ( 'NONE', *, *, #1992, .T. ) ;
#4339 = DIRECTION ( 'NONE',  ( 1.000000000000000000, 0.000000000000000000, 0.000000000000000000 ) ) ;
#4340 = ADVANCED_FACE ( 'NONE', ( #515 ), #2909, .T. ) ;
#4341 = CARTESIAN_POINT ( 'NONE',  ( 0.1911174362130268478, -0.2082604419367170279, -0.01097560750679162263 ) ) ;
#4342 = EDGE_CURVE ( 'NONE', #1779, #1530, #2418, .T. ) ;
#4343 = CARTESIAN_POINT ( 'NONE',  ( 0.1822312029856979210, 0.8972116317562416343, 0.05663229165512206897 ) ) ;
#4344 = VECTOR ( 'NONE', #3099, 1000.000000000000000 ) ;
#4345 = CARTESIAN_POINT ( 'NONE',  ( 0.1724814932957466629, 0.5152576325818551961, 0.03360977662201813931 ) ) ;
#4346 = CARTESIAN_POINT ( 'NONE',  ( -0.1620915909680444855, 0.8992297217126092868, 0.04085560282804599763 ) ) ;
#4347 = EDGE_CURVE ( 'NONE', #2449, #3863, #573, .T. ) ;
#4348 = SECURITY_CLASSIFICATION ( '', '', #3259 ) ;
#4349 = CARTESIAN_POINT ( 'NONE',  ( -0.05721272297324098144, -0.2465951326315054537, 0.1562522183714381563 ) ) ;
#4350 = AXIS2_PLACEMENT_3D ( 'NONE', #3019, #257, #1647 ) ;
#4351 = CARTESIAN_POINT ( 'NONE',  ( 0.001421322944922050798, 0.8882661085049256000, -0.1495537535749726088 ) ) ;
#4352 = CARTESIAN_POINT ( 'NONE',  ( -0.1579592406387748671, 0.7738341306993069546, -0.09825429478038034958 ) ) ;
#4353 = CARTESIAN_POINT ( 'NONE',  ( 0.02645706503250714464, -0.2897144366588266795, 0.04964033696414564545 ) ) ;
#4354 = CARTESIAN_POINT ( 'NONE',  ( -0.1283165324488382553, 0.7456842343562105624, 0.04506792550649946216 ) ) ;
#4355 = CARTESIAN_POINT ( 'NONE',  ( -0.1519771921963819772, -0.2082604466553042710, 0.07498138734331288857 ) ) ;
#4356 = CARTESIAN_POINT ( 'NONE',  ( -0.1963001791138038188, 0.8992297217372423601, -0.09910159069461844938 ) ) ;
#4357 = AXIS2_PLACEMENT_3D ( 'NONE', #2583, #3967, #3994 ) ;
#4358 = FACE_OUTER_BOUND ( 'NONE', #272, .T. ) ;
#4359 = ORIENTED_EDGE ( 'NONE', *, *, #2767, .T. ) ;
#4360 = CARTESIAN_POINT ( 'NONE',  ( 0.07194626450549407304, 0.8992297217125786446, -0.1289281396412832736 ) ) ;
#4361 = CARTESIAN_POINT ( 'NONE',  ( 0.001358294415303849595, -0.003896314204935377376, 0.4076456094562680432 ) ) ;
#4362 = DIRECTION ( 'NONE',  ( -6.678685382510708546E-17, -0.7071550692858419307, -0.7070584897894488519 ) ) ;
#4363 = CARTESIAN_POINT ( 'NONE',  ( 0.1672707677700569218, -0.3626793443502376313, -0.1886514652500005385 ) ) ;
#4364 = CARTESIAN_POINT ( 'NONE',  ( -0.1817519805023062041, 0.8992297217126723474, 0.02250715192127456313 ) ) ;
#4365 = ORIENTED_EDGE ( 'NONE', *, *, #101, .T. ) ;
#4366 = CARTESIAN_POINT ( 'NONE',  ( 0.2264143205438540196, 0.8326795344626621853, -0.02138969030804160898 ) ) ;
#4367 = CARTESIAN_POINT ( 'NONE',  ( 0.2334398021056096895, 0.8479399725415611710, -0.1241161380127410868 ) ) ;
#4368 = CARTESIAN_POINT ( 'NONE',  ( -0.1876488305528160039, 0.8597905188588620407, -0.1715127826675192924 ) ) ;
#4369 = CARTESIAN_POINT ( 'NONE',  ( -0.2508351759344247256, -0.6470671011785315008, -0.3508398599598645529 ) ) ;
#4370 = LINE ( 'NONE', #3308, #4414 ) ;
#4371 = ADVANCED_FACE ( 'NONE', ( #2672 ), #3404, .F. ) ;
#4372 = CARTESIAN_POINT ( 'NONE',  ( -0.06269937311090476029, -0.2576984735644939351, 0.1412943827986133660 ) ) ;
#4373 = CARTESIAN_POINT ( 'NONE',  ( 0.001421322026237919643, -0.9000000000000001332, -0.04838433241814063535 ) ) ;
#4374 = CARTESIAN_POINT ( 'NONE',  ( 0.08843955881823435672, -0.2085743130366004561, 0.1201757072901092765 ) ) ;
#4375 = CARTESIAN_POINT ( 'NONE',  ( 0.2135969842250045603, 0.8320423120597632005, -0.1247309420756995413 ) ) ;
#4376 = CARTESIAN_POINT ( 'NONE',  ( -0.1701394600647455901, 0.7530750711947099552, -0.02034892327894032016 ) ) ;
#4377 = CARTESIAN_POINT ( 'NONE',  ( 0.1964117690581175801, -0.5565439825260944939, 0.2720252290932695938 ) ) ;
#4378 = DIRECTION ( 'NONE',  ( 0.000000000000000000, 0.7071550692858419307, 0.7070584897894488519 ) ) ;
#4379 = CARTESIAN_POINT ( 'NONE',  ( 0.1134836549579698040, 0.8020314919353290772, 0.06128747162278427862 ) ) ;
#4380 = ORIENTED_EDGE ( 'NONE', *, *, #984, .F. ) ;
#4381 = CARTESIAN_POINT ( 'NONE',  ( -0.01089266191575339812, -0.3073946350555299967, 0.1852491905568549868 ) ) ;
#4382 = CARTESIAN_POINT ( 'NONE',  ( -0.2145846641837260427, 0.8319533841946686881, 0.02137348401240569268 ) ) ;
#4383 = DIRECTION ( 'NONE',  ( 0.000000000000000000, 1.000000000000000000, 0.000000000000000000 ) ) ;
#4384 = CARTESIAN_POINT ( 'NONE',  ( 0.1911174362130264870, -0.2545787093998040929, -0.04838433241814280028 ) ) ;
#4385 = CARTESIAN_POINT ( 'NONE',  ( -0.2238511050749530662, 0.8327134676046431538, -0.03487149746314887472 ) ) ;
#4386 = CARTESIAN_POINT ( 'NONE',  ( -0.1341555178857143094, 0.8992297217125786446, 0.03138413194826923658 ) ) ;
#4387 = ORIENTED_EDGE ( 'NONE', *, *, #1846, .F. ) ;
#4388 = DIRECTION ( 'NONE',  ( -1.224646799147352714E-16, 0.7070584897894494070, -0.7071550692858414866 ) ) ;
#4389 = CARTESIAN_POINT ( 'NONE',  ( 0.1978584381974327622, 0.8859306696003438342, -0.1676531493536553841 ) ) ;
#4390 = CARTESIAN_POINT ( 'NONE',  ( -0.2369898226001896369, 0.8552995900469109181, -0.1260230565688447990 ) ) ;
#4391 = CARTESIAN_POINT ( 'NONE',  ( 0.1931998599962437835, 0.8992297217905295126, 0.01419729159365668361 ) ) ;
#4392 = CARTESIAN_POINT ( 'NONE',  ( 0.01498471485731308478, -0.1016015504627890975, 0.2313606313303281092 ) ) ;
#4393 = CARTESIAN_POINT ( 'NONE',  ( -0.1668099706393249837, 0.5318786610562720174, 0.03221540840414955503 ) ) ;
#4394 = CARTESIAN_POINT ( 'NONE',  ( 0.08842318713919733453, -0.2084167801264657505, 0.1201840281630165569 ) ) ;
#4395 = CARTESIAN_POINT ( 'NONE',  ( 0.004685403862125437323, -0.2785070684836876698, 0.05273426134755176964 ) ) ;
#4396 = EDGE_CURVE ( 'NONE', #1746, #335, #1012, .T. ) ;
#4397 = CARTESIAN_POINT ( 'NONE',  ( -0.1099984847991228171, 0.8024201742945001881, 0.06149914937530364528 ) ) ;
#4398 = CARTESIAN_POINT ( 'NONE',  ( -0.2157066085744768213, 0.8319459571876614001, 0.01912601866532842587 ) ) ;
#4399 = CARTESIAN_POINT ( 'NONE',  ( -0.02700818486324838702, 0.5064642258199557601, 0.1413360972101329049 ) ) ;
#4400 = CARTESIAN_POINT ( 'NONE',  ( 0.1246411527310465756, 0.7225622862717038242, 0.04839438040374156175 ) ) ;
#4401 = ORIENTED_EDGE ( 'NONE', *, *, #2990, .T. ) ;
#4402 = CARTESIAN_POINT ( 'NONE',  ( 0.07862059301968048197, -0.2827672010125259483, 0.1327084901394813554 ) ) ;
#4403 = CARTESIAN_POINT ( 'NONE',  ( -0.2035253590344988373, 0.8396574750924239439, 0.04851328908616953095 ) ) ;
#4404 = CARTESIAN_POINT ( 'NONE',  ( 0.05320856614144518770, -0.003896314204935377376, 0.4076456094562680432 ) ) ;
#4405 = CARTESIAN_POINT ( 'NONE',  ( 0.2038984873544816834, -0.6470671014949533895, 0.2843280375010086569 ) ) ;
#4406 = FACE_OUTER_BOUND ( 'NONE', #2571, .T. ) ;
#4407 = ORIENTED_EDGE ( 'NONE', *, *, #1517, .T. ) ;
#4408 = CARTESIAN_POINT ( 'NONE',  ( 0.1524266377666631811, 0.6313491621760738415, -0.1198287114188396618 ) ) ;
#4409 = CARTESIAN_POINT ( 'NONE',  ( 0.2343151443337015138, 0.8479363704309746952, -0.1223071049210173178 ) ) ;
#4410 = CARTESIAN_POINT ( 'NONE',  ( -0.2409195951310559303, 0.8735216549168186573, -0.1278573387559147345 ) ) ;
#4411 = CARTESIAN_POINT ( 'NONE',  ( 0.1999900520120432013, 0.8992297217193161440, -0.003155696291997581865 ) ) ;
#4412 = CARTESIAN_POINT ( 'NONE',  ( -0.01225634680427197150, -0.1016095022177623403, 0.2313476597997052298 ) ) ;
#4413 = CARTESIAN_POINT ( 'NONE',  ( 0.001358294415303842439, 0.03991874913564041893, 0.3709789384078023278 ) ) ;
#4414 = VECTOR ( 'NONE', #1971, 1000.000000000000000 ) ;
#4415 = CARTESIAN_POINT ( 'NONE',  ( 0.1944520420447838627, 0.8992297217912640361, 0.01244007989144868022 ) ) ;
#4416 = CARTESIAN_POINT ( 'NONE',  ( 0.02442739073079300965, -0.3188555868463008869, 0.05013645238457927616 ) ) ;
#4417 = CARTESIAN_POINT ( 'NONE',  ( -0.1622923772829872602, 0.5502330676240040352, 0.03077373395377589263 ) ) ;
#4418 = CARTESIAN_POINT ( 'NONE',  ( 0.3981815502981504440, -0.6470671022242197035, 0.02348780370343620666 ) ) ;
#4419 = CARTESIAN_POINT ( 'NONE',  ( 0.1696526109260769466, 0.5318786610462613584, -0.1289840732418770508 ) ) ;
#4420 = CARTESIAN_POINT ( 'NONE',  ( 0.1520671902056084934, 0.8500396529618453600, 0.07401824378340514377 ) ) ;
#4421 = ORIENTED_EDGE ( 'NONE', *, *, #4152, .F. ) ;
#4422 = CARTESIAN_POINT ( 'NONE',  ( -0.3880469810293745714, -0.6470671009574595622, -0.006538718027032254694 ) ) ;
#4423 = B_SPLINE_CURVE_WITH_KNOTS ( 'NONE', 3,
 ( #2957, #1154, #835, #452, #2518, #857, #3614, #4243, #2543, #1864 ),
 .UNSPECIFIED., .F., .F.,
 ( 4, 2, 2, 2, 4 ),
 ( 0.000000000000000000, 0.2500000000000000000, 0.5000000000000000000, 0.7500000000000000000, 1.000000000000000000 ),
 .UNSPECIFIED. ) ;
#4424 = CARTESIAN_POINT ( 'NONE',  ( -0.2215262192394416574, 0.8384893306370795329, 0.02505436014423900390 ) ) ;
#4425 = CARTESIAN_POINT ( 'NONE',  ( -0.1236854951322232388, 0.7687267981087507751, -0.1474409392398737528 ) ) ;
#4426 = CARTESIAN_POINT ( 'NONE',  ( -0.09718913750119574646, -0.2082604434756939460, -0.2104355406702252684 ) ) ;
#4427 = CARTESIAN_POINT ( 'NONE',  ( -0.1618324767702301048, 0.5318801819403278230, 0.04253851179736526517 ) ) ;
#4428 = EDGE_LOOP ( 'NONE', ( #1296, #2430, #3795, #1602, #2635 ) ) ;
#4429 = CARTESIAN_POINT ( 'NONE',  ( 0.1570078524127574426, 0.5865575667861527842, -0.1255253305604399350 ) ) ;
#4430 = CARTESIAN_POINT ( 'NONE',  ( 0.1998707249751939530, 0.8992297217125786446, -0.08912455368084751250 ) ) ;
#4431 = CARTESIAN_POINT ( 'NONE',  ( -0.1385231060286234994, 0.8517196332762076993, -0.1724707394456882481 ) ) ;
#4432 = CARTESIAN_POINT ( 'NONE',  ( -0.3981854389540793737, -0.6141296666464353127, -0.09925958100699273923 ) ) ;
#4433 = CARTESIAN_POINT ( 'NONE',  ( 0.03764722617095732360, 0.8939617272723479058, 0.04910414538883963592 ) ) ;
#4434 = CARTESIAN_POINT ( 'NONE',  ( -0.1696313122577155497, 0.5068152615935670458, -0.1303941696434443021 ) ) ;
#4435 = CARTESIAN_POINT ( 'NONE',  ( 0.2256938175329341045, 0.8325290234193780670, -0.006084375962356084952 ) ) ;
#4436 = CARTESIAN_POINT ( 'NONE',  ( 0.1958166397981712659, 0.8992297217918993057, 0.01019292271478123083 ) ) ;
#4437 = B_SPLINE_CURVE_WITH_KNOTS ( 'NONE', 3,
 ( #4282, #1130, #2864, #113, #2562, #2240, #2953 ),
 .UNSPECIFIED., .F., .F.,
 ( 4, 1, 1, 1, 4 ),
 ( 0.000000000000000000, 0.2500005528804211119, 0.5000011057608423348, 0.7500005528804218891, 1.000000000000000000 ),
 .UNSPECIFIED. ) ;
#4438 = CARTESIAN_POINT ( 'NONE',  ( -0.08338539058198281284, -0.2684021671128931086, 0.1266455833442594048 ) ) ;
#4439 = DIRECTION ( 'NONE',  ( -5.581512189053988999E-18, -0.7070584897894488519, 0.7071550692858418197 ) ) ;
#4440 = CARTESIAN_POINT ( 'NONE',  ( -0.2138362840050603286, 0.8319636941891862536, 0.02278098086796655208 ) ) ;
#4441 = CARTESIAN_POINT ( 'NONE',  ( -0.1958090905139392435, 0.8040350503394777526, -0.07180453270876699379 ) ) ;
#4442 = CARTESIAN_POINT ( 'NONE',  ( 0.1682210705232970449, 0.8570779907716900015, 0.07710301040023803676 ) ) ;
#4443 = EDGE_LOOP ( 'NONE', ( #3078, #4359, #501, #1511, #1185, #728, #236 ) ) ;
#4444 = CARTESIAN_POINT ( 'NONE',  ( -0.05277905587438608270, -0.3070811740654596500, 0.1514784017038655339 ) ) ;
#4445 = CARTESIAN_POINT ( 'NONE',  ( -0.06546781151383695985, -0.2460637121061404198, 0.1350275199062954679 ) ) ;
#4446 = CARTESIAN_POINT ( 'NONE',  ( -0.1062526010311647673, 0.7742983989973832859, -0.1556004296181910107 ) ) ;
#4447 = CARTESIAN_POINT ( 'NONE',  ( 0.3250626007934175332, -0.6470670961064026727, 0.1848321242113140916 ) ) ;
#4448 = ADVANCED_FACE ( 'NONE', ( #4460 ), #3934, .T. ) ;
#4449 = CARTESIAN_POINT ( 'NONE',  ( -0.02700845948348253728, 0.5064636873497515568, -0.2381043379318004971 ) ) ;
#4450 = EDGE_LOOP ( 'NONE', ( #867, #3166, #4020, #657, #3118, #2206 ) ) ;
#4451 = ADVANCED_FACE ( 'NONE', ( #1059 ), #3248, .T. ) ;
#4452 = DIRECTION ( 'NONE',  ( 0.000000000000000000, 0.000000000000000000, 1.000000000000000000 ) ) ;
#4453 = CARTESIAN_POINT ( 'NONE',  ( 0.2049645706429501779, 0.8992297217131925979, -0.1115339299928734540 ) ) ;
#4454 = CARTESIAN_POINT ( 'NONE',  ( -0.2328997158166498938, 0.8417155284061336173, -0.09128847390260985684 ) ) ;
#4455 = CARTESIAN_POINT ( 'NONE',  ( 0.3945317333192169817, -0.6470671022183372978, -0.1384688322721623899 ) ) ;
#4456 = CARTESIAN_POINT ( 'NONE',  ( 0.2189345249328336351, 0.8319454896373266184, 0.01831846419711450832 ) ) ;
#4457 = CARTESIAN_POINT ( 'NONE',  ( -0.04806734049062422187, -0.1695690193668616119, 0.2009054314193879920 ) ) ;
#4458 = EDGE_CURVE ( 'NONE', #2750, #3296, #1006, .T. ) ;
#4459 = CARTESIAN_POINT ( 'NONE',  ( 0.2392440031954747859, 0.8553028328041545336, 0.03045341699963825463 ) ) ;
#4460 = FACE_OUTER_BOUND ( 'NONE', #212, .T. ) ;
#4461 = CARTESIAN_POINT ( 'NONE',  ( 0.03765899870385479298, 0.8914650282296789907, 0.04841497772335805888 ) ) ;
#4462 = DIRECTION ( 'NONE',  ( -6.678685382510708546E-17, -0.7071550692858419307, -0.7070584897894488519 ) ) ;
#4463 = B_SPLINE_CURVE_WITH_KNOTS ( 'NONE', 3,
 ( #3909, #2895, #1118, #751, #3233, #480, #820 ),
 .UNSPECIFIED., .F., .F.,
 ( 4, 1, 1, 1, 4 ),
 ( 0.000000000000000000, 0.2500005580997133325, 0.5000011161994282194, 0.7500005580997142207, 1.000000000000000000 ),
 .UNSPECIFIED. ) ;
#4464 = DIRECTION ( 'NONE',  ( 0.000000000000000000, 0.7071550692858421527, 0.7070584897894485188 ) ) ;
#4465 = CARTESIAN_POINT ( 'NONE',  ( -0.2415244354007394512, -0.5565439823232039007, -0.3396803461136017610 ) ) ;
#4466 = CARTESIAN_POINT ( 'NONE',  ( 0.1846979388417668566, 0.5152639843612788484, 0.008124763320986383430 ) ) ;
#4467 = CARTESIAN_POINT ( 'NONE',  ( 0.1533296457486355846, 0.6834136471745391184, 0.01370381750228179957 ) ) ;
#4468 = CARTESIAN_POINT ( 'NONE',  ( 0.1514709503020799652, -0.2082604421483494617, -0.1752850632596306690 ) ) ;
#4469 = ORIENTED_EDGE ( 'NONE', *, *, #570, .F. ) ;
#4470 = CARTESIAN_POINT ( 'NONE',  ( -0.01786551398107030092, -0.3642155112641064507, 0.1751131010970179980 ) ) ;
#4471 = CARTESIAN_POINT ( 'NONE',  ( -0.1622876047441942082, 0.5502248966664398111, -0.1275621698751146227 ) ) ;
#4472 = CARTESIAN_POINT ( 'NONE',  ( -0.02700845948348253728, 0.5064636873497515568, -0.2381043379318004971 ) ) ;
#4473 = CARTESIAN_POINT ( 'NONE',  ( -0.1695997082978103476, 0.5152581622552605545, -0.1304600878394043262 ) ) ;
#4474 = ORIENTED_EDGE ( 'NONE', *, *, #400, .F. ) ;
#4475 = CARTESIAN_POINT ( 'NONE',  ( 0.1331408315382382468, 0.7039566973873995215, -0.1389069570850531288 ) ) ;
#4476 = CARTESIAN_POINT ( 'NONE',  ( 0.1902500070867618742, 0.8992297217131419718, -0.1145398517908333830 ) ) ;
#4477 = CARTESIAN_POINT ( 'NONE',  ( -0.1380943673978406172, 0.8904387783638327836, -0.1681203260289379497 ) ) ;
#4478 = CARTESIAN_POINT ( 'NONE',  ( 0.001733635935002834352, -0.5106568048991957376, 0.3022338967270237764 ) ) ;
#4479 = CARTESIAN_POINT ( 'NONE',  ( 0.001421692363101117974, 0.8951461152506087204, 0.06384010316679494812 ) ) ;
#4480 = CARTESIAN_POINT ( 'NONE',  ( 0.05446002041095528157, -0.1978113195441939531, 0.1823507198927574180 ) ) ;
#4481 = CARTESIAN_POINT ( 'NONE',  ( 0.2398505276237427042, 0.8552994089238711295, 0.02921457550776001069 ) ) ;
#4482 = CARTESIAN_POINT ( 'NONE',  ( 0.1695358449531359779, 0.5318801819389643581, -0.1292261950558338535 ) ) ;
ENDSEC;
END-ISO-10303-21;
